v -0.503472 0.688820 -0.009460
v 0.510186 0.804856 -0.000053
v -0.514726 -0.818695 0.002594
v 0.513525 -0.815434 0.002535
v -0.000282 -0.472699 0.790739
v -0.000478 0.496686 0.792414
v -0.000130 -0.523014 -0.775257
v -0.000374 0.524191 -0.770468
v 0.843588 -0.000520 -0.499749
v 0.817431 0.007494 0.498306
v -0.844094 0.000428 -0.499308
v -0.839114 0.004769 0.508242
v -0.000134 0.925040 -0.002161
v -0.299027 0.754540 0.469931
v -0.300396 0.767909 -0.466592
v -0.793184 0.486973 -0.302791
v -0.794225 0.481202 0.298891
v 0.300552 0.756223 0.470667
v 0.299277 0.769372 -0.469851
v 0.790523 0.482123 -0.305613
v 0.791713 0.482769 0.299171
v 0.000038 -0.947555 0.004975
v -0.303222 -0.791084 0.412092
v -0.298788 -0.755690 -0.460762
v -0.800145 -0.492558 -0.304947
v -0.814586 -0.494070 0.298174
v 0.308287 -0.789074 0.413003
v 0.304312 -0.768635 -0.467614
v 0.795840 -0.488774 -0.301836
v 0.812761 -0.490896 0.297446
v -0.001610 0.012611 0.908392
v 0.483447 -0.267968 0.742248
v -0.485849 -0.268374 0.739391
v 0.489343 0.298263 0.751834
v -0.481148 0.293196 0.737116
v -0.000358 -0.000168 -0.857354
v 0.497498 -0.308512 -0.707059
v -0.497060 -0.300087 -0.560522
v 0.498448 0.307885 -0.716290
v -0.498386 0.308764 -0.708734
v 0.989724 0.001442 0.002569
v -0.999978 -0.004937 0.009207
v -0.270153 0.899598 -0.000666
v -0.421730 0.811977 0.246191
v -0.416890 0.787952 -0.253437
v -0.671551 0.663160 -0.155119
v -0.640096 0.630028 0.147687
v 0.265047 0.890471 0.001259
v 0.420760 0.805680 0.245981
v 0.416965 0.801668 -0.254289
v 0.674203 0.668520 -0.161291
v 0.669869 0.665739 0.153396
v -0.271625 -0.915091 0.001721
v -0.427774 -0.834008 0.222595
v -0.424754 -0.822463 -0.242617
v -0.667350 -0.668818 -0.150232
v -0.682248 -0.654666 0.124328
v 0.269497 -0.916393 0.003932
v 0.422212 -0.833636 0.222404
v 0.423825 -0.817074 -0.242165
v 0.671201 -0.668118 -0.151756
v 0.641322 -0.662762 0.113135
v -0.153011 -0.607701 0.642924
v 0.151397 -0.604250 0.641887
v -0.000509 -0.239617 0.878412
v 0.243979 -0.363672 0.765659
v -0.250494 -0.381064 0.790490
v -0.147988 0.629928 0.629574
v 0.156584 0.653120 0.659875
v 0.002699 0.266188 0.888024
v 0.249091 0.413084 0.801489
v -0.223658 0.377644 0.697220
v -0.156032 -0.665595 -0.639741
v 0.156685 -0.664070 -0.638746
v 0.001074 -0.276426 -0.838610
v 0.258111 -0.433293 -0.765397
v -0.258366 -0.434772 -0.764895
v -0.156131 0.673266 -0.636875
v 0.259385 0.575559 -0.395953
v -0.001104 0.274859 -0.837207
v 0.259198 0.433655 -0.761625
v -0.254738 0.434164 -0.760878
v 0.849950 0.256467 -0.420994
v 0.857575 -0.249816 -0.423157
v 0.701273 -0.157373 -0.633257
v 0.700041 0.157741 -0.628336
v 0.974458 0.003215 -0.274687
v 0.845689 0.250309 0.424422
v 0.855882 -0.253962 0.405425
v 0.677806 -0.123042 0.630957
v 0.680701 0.155574 0.645783
v 0.969295 0.003848 0.278613
v -0.851866 0.253610 -0.418501
v -0.857768 -0.257640 -0.420648
v -0.701048 -0.158894 -0.628716
v -0.664634 0.153677 -0.526179
v -0.980282 0.000189 -0.281632
v -0.854061 0.252510 0.428081
v -0.873204 -0.256758 0.399150
v -0.680638 -0.135154 0.645200
v -0.688084 0.158430 0.659214
v -0.978533 0.002711 0.284542
v -0.155829 0.880012 0.250747
v -0.153114 0.880236 -0.261424
v 0.153845 0.869716 0.247024
v 0.154401 0.852577 -0.266484
v -0.574700 0.651235 0.407737
v -0.002387 0.796089 0.492313
v -0.395900 0.522282 0.605893
v -0.571558 0.656377 -0.408057
v -0.001466 0.806894 -0.486992
v -0.422323 0.577342 -0.619159
v -0.812187 0.495021 0.001837
v -0.681603 0.414832 -0.524511
v -0.963307 0.267087 -0.156966
v -0.667305 0.405979 0.554211
v -0.956629 0.268457 0.160376
v 0.543543 0.606102 0.374711
v 0.419097 0.557681 0.642924
v 0.576580 0.659977 -0.412402
v 0.397887 0.545948 -0.490783
v 0.822780 0.498627 0.003845
v 0.679105 0.415953 -0.538694
v 0.951793 0.263386 -0.165021
v 0.663841 0.402011 0.552144
v 0.947700 0.263145 0.161292
v -0.166326 -0.902185 0.218477
v -0.155526 -0.888294 -0.241312
v 0.161313 -0.909235 0.225848
v 0.154563 -0.894960 -0.241460
v -0.599629 -0.667088 0.342670
v 0.001451 -0.830282 0.430824
v -0.410243 -0.511486 0.628695
v -0.569282 -0.646329 -0.398867
v -0.000045 -0.795455 -0.480863
v -0.424407 -0.572645 -0.620204
v -0.844483 -0.522175 0.000843
v -0.678241 -0.420467 -0.542886
v -0.972250 -0.273701 -0.163854
v -0.670295 -0.358439 0.526296
v -0.976479 -0.269008 0.163659
v 0.600091 -0.662016 0.346832
v 0.409916 -0.510446 0.627644
v 0.577684 -0.657304 -0.403110
v 0.417107 -0.563326 -0.608263
v 0.845673 -0.515254 -0.000945
v 0.680585 -0.421660 -0.543485
v 0.963482 -0.261349 -0.168326
v 0.687491 -0.385969 0.527032
v 0.897810 -0.245994 0.173349
v 0.256694 -0.132976 0.870951
v -0.254805 -0.133007 0.864584
v 0.253240 0.159720 0.867888
v -0.255762 0.159988 0.866284
v 0.508657 0.011583 0.788026
v -0.508160 0.009892 0.773804
v 0.262622 -0.160822 -0.816903
v -0.262823 -0.162030 -0.803441
v 0.262375 0.159203 -0.810133
v -0.262901 0.160238 -0.816618
v 0.522984 0.000451 -0.743793
v -0.523694 0.000786 -0.749123
v -0.392896 0.850476 -0.000874
v -0.456114 0.710330 0.133077
v -0.471778 0.814267 -0.127632
v -0.594828 0.740767 -0.077922
v -0.590419 0.732702 0.078184
v 0.394057 0.854671 -0.000436
v 0.469779 0.808228 0.122448
v 0.464605 0.805105 -0.127544
v 0.599890 0.745023 -0.078938
v 0.586388 0.617247 0.077865
v -0.396727 -0.874788 0.004377
v -0.473998 -0.830438 0.118218
v -0.470985 -0.818189 -0.117840
v -0.598856 -0.751748 -0.074591
v -0.600268 -0.757929 0.074095
v 0.397656 -0.876571 0.003896
v 0.472792 -0.816210 0.108960
v 0.471251 -0.821003 -0.118760
v 0.568968 -0.711388 -0.070820
v 0.603010 -0.757795 0.076659
v -0.076845 -0.535891 0.714407
v 0.077397 -0.537663 0.713359
v -0.000778 -0.341084 0.819859
v 0.122462 -0.429299 0.795242
v -0.122425 -0.429142 0.792792
v -0.075389 0.566494 0.712664
v 0.075325 0.577790 0.730425
v -0.000552 0.385969 0.840601
v 0.123547 0.454199 0.788041
v -0.126033 0.459234 0.797117
v -0.078356 -0.597082 -0.705654
v 0.080872 -0.604140 -0.700322
v -0.000309 -0.407137 -0.800772
v 0.127255 -0.480252 -0.767023
v -0.124796 -0.482280 -0.763900
v -0.079352 0.605671 -0.702272
v 0.078412 0.606037 -0.700242
v 0.000280 0.405705 -0.800515
v 0.129191 0.484418 -0.767949
v -0.129921 0.481893 -0.743220
v 0.845233 0.124396 -0.451984
v 0.848528 -0.123721 -0.453616
v 0.780916 -0.077895 -0.566916
v 0.780173 0.078514 -0.567218
v 0.907622 -0.003242 -0.404766
v 0.844041 0.127815 0.467021
v 0.647328 -0.140086 0.365597
v 0.769639 -0.065374 0.584974
v 0.774761 0.082853 0.587647
v 0.890286 0.010157 0.387149
v -0.856009 0.124607 -0.459920
v -0.835553 -0.118406 -0.450943
v -0.777810 -0.079672 -0.562109
v -0.741626 0.057653 -0.498857
v -0.904807 -0.005602 -0.405874
v -0.843813 0.125192 0.469668
v -0.845303 -0.113456 0.465095
v -0.763408 -0.068250 0.582512
v -0.756889 0.078716 0.574389
v -0.886020 0.003220 0.390474
v -0.122686 0.771365 -0.050305
v 0.135877 0.922350 -0.001991
v -0.079092 0.912673 0.125897
v -0.076952 0.910657 -0.131577
v 0.075080 0.841508 0.115266
v 0.076550 0.906348 -0.131463
v -0.363370 0.793325 0.364019
v -0.230267 0.712878 0.573688
v -0.226895 0.818685 0.363325
v -0.438849 0.705558 0.445271
v -0.151492 0.778548 0.480966
v -0.349450 0.597893 0.484460
v -0.368100 0.804834 -0.374214
v -0.234098 0.731868 -0.558669
v -0.229799 0.840439 -0.375997
v -0.444630 0.726864 -0.445210
v -0.146368 0.782841 -0.468640
v -0.366546 0.682080 -0.542647
v -0.716092 0.565504 -0.226344
v -0.847524 0.379784 -0.375603
v -0.693072 0.577285 -0.364262
v -0.809616 0.489207 -0.157694
v -0.740663 0.458780 -0.427877
v -0.894935 0.384507 -0.238949
v -0.724552 0.568991 0.223592
v -0.832308 0.375671 0.368691
v -0.680094 0.560177 0.348927
v -0.822920 0.495878 0.153270
v -0.730447 0.447927 0.430607
v -0.880546 0.385111 0.234738
v 0.363838 0.789433 0.362176
v 0.229019 0.712771 0.571704
v 0.227904 0.820864 0.363777
v 0.110812 0.598896 0.433244
v 0.432684 0.688282 0.429797
v 0.363270 0.662729 0.562085
v 0.353221 0.772972 -0.356663
v 0.231635 0.726767 -0.559837
v 0.228860 0.833204 -0.374657
v 0.153831 0.801272 -0.480862
v 0.446872 0.725734 -0.444075
v 0.365548 0.685491 -0.552482
v 0.739508 0.579913 -0.236298
v 0.846124 0.384375 -0.376582
v 0.679791 0.565911 -0.357695
v 0.813989 0.493529 -0.155720
v 0.743275 0.457506 -0.429300
v 0.885144 0.382936 -0.241686
v 0.724541 0.569347 0.223902
v 0.831759 0.369498 0.368023
v 0.684182 0.568569 0.357434
v 0.793206 0.482513 0.149100
v 0.723109 0.440654 0.426086
v 0.881101 0.379192 0.236493
v -0.137083 -0.941713 0.004006
v 0.135743 -0.939736 0.001644
v 0.585911 -0.722265 -0.167240
v -0.076328 -0.927469 -0.120732
v 0.074324 -0.931205 0.116871
v 0.075940 -0.928119 -0.120293
v -0.373001 -0.820211 0.321068
v -0.220138 -0.621187 0.495704
v -0.231465 -0.858705 0.324903
v -0.451410 -0.744068 0.393197
v -0.160772 -0.819024 0.422419
v -0.350781 -0.581368 0.520751
v -0.366589 -0.798312 -0.360991
v -0.232480 -0.723734 -0.561898
v -0.229576 -0.819820 -0.353560
v -0.444922 -0.718427 -0.441723
v -0.154287 -0.791847 -0.479199
v -0.353789 -0.659176 -0.525429
v -0.741233 -0.588741 -0.228832
v -0.851140 -0.382136 -0.383911
v -0.685524 -0.570156 -0.351997
v -0.835219 -0.512656 -0.150974
v -0.724114 -0.453771 -0.421095
v -0.908933 -0.395707 -0.237046
v -0.769997 -0.586580 0.221371
v -0.849544 -0.377834 0.359542
v -0.733941 -0.576046 0.352494
v -0.839655 -0.504408 0.155058
v -0.770025 -0.460944 0.413062
v -0.890112 -0.395805 0.238554
v 0.369791 -0.819549 0.324160
v 0.217277 -0.621652 0.493315
v 0.227253 -0.860294 0.321780
v 0.154692 -0.818925 0.423513
v 0.438457 -0.728643 0.378401
v 0.346146 -0.573611 0.519628
v 0.364381 -0.795262 -0.359736
v 0.228205 -0.713292 -0.554655
v 0.229982 -0.832660 -0.360964
v 0.152320 -0.788205 -0.475363
v 0.440456 -0.713537 -0.439918
v 0.369159 -0.677036 -0.552702
v 0.737861 -0.581315 -0.227612
v 0.844966 -0.377281 -0.384121
v 0.686462 -0.572220 -0.355166
v 0.829845 -0.507638 -0.157410
v 0.742087 -0.455070 -0.431175
v 0.898012 -0.393232 -0.242587
v 0.770804 -0.583201 0.234667
v 0.841679 -0.382751 0.357728
v 0.731832 -0.575643 0.348950
v 0.847066 -0.283169 0.224352
v 0.768116 -0.454798 0.415908
v 0.873464 -0.383990 0.239211
v -0.000529 -0.116693 0.906040
v -0.000335 0.139805 0.905508
v 0.128924 -0.059946 0.896405
v -0.126873 -0.058326 0.883639
v 0.128448 0.084800 0.899328
v -0.120157 0.211418 0.621001
v 0.368068 -0.330489 0.776968
v 0.577972 -0.190631 0.675312
v 0.449339 -0.392149 0.693408
v 0.575499 -0.323165 0.651034
v 0.374321 -0.202601 0.811795
v 0.501252 -0.132313 0.773890
v -0.370621 -0.314357 0.760351
v -0.592917 -0.205678 0.704611
v -0.429244 -0.335397 0.627594
v -0.576697 -0.326751 0.654984
v -0.373212 -0.199958 0.808781
v -0.504889 -0.132476 0.777298
v 0.371367 0.353521 0.772435
v 0.597029 0.229142 0.713362
v 0.457072 0.431315 0.708490
v 0.586979 0.358353 0.666636
v 0.375749 0.232304 0.800008
v 0.492392 0.153962 0.745599
v -0.373662 0.359571 0.786792
v -0.596735 0.231700 0.714259
v -0.455327 0.428613 0.698457
v -0.584438 0.355925 0.663203
v -0.377499 0.229223 0.808478
v -0.504363 0.156169 0.780938
v 0.000187 -0.139613 -0.852521
v 0.000104 0.141165 -0.855291
v 0.133907 -0.080085 -0.844812
v -0.117510 -0.074750 -0.645537
v 0.132688 0.079972 -0.844805
v -0.127672 0.078134 -0.736254
v 0.381954 -0.376071 -0.747409
v 0.606791 -0.235448 -0.683125
v 0.469265 -0.450512 -0.673972
v 0.582733 -0.360709 -0.592602
v 0.387391 -0.236331 -0.775038
v 0.513074 -0.157031 -0.733385
v -0.381385 -0.375880 -0.748023
v -0.607659 -0.235881 -0.682435
v -0.467338 -0.448757 -0.660832
v -0.598478 -0.367501 -0.612219
v -0.388077 -0.236618 -0.775616
v -0.517296 -0.158183 -0.738419
v 0.379397 0.375314 -0.747585
v 0.608094 0.233988 -0.682570
v 0.467886 0.449563 -0.674125
v 0.598347 0.371226 -0.637071
v 0.387108 0.236511 -0.773271
v 0.512953 0.156584 -0.735731
v -0.134691 0.638404 -0.397388
v -0.606830 0.236129 -0.680988
v -0.469943 0.450632 -0.675321
v -0.598681 0.372024 -0.627073
v -0.387735 0.237349 -0.718748
v -0.510948 0.154741 -0.730578
v 0.986888 -0.008613 -0.133845
v 0.984673 0.001105 0.141761
v 0.983346 0.131052 -0.078494
v 0.983008 0.128298 0.084066
v 0.985156 -0.135336 -0.082160
v 0.984334 -0.132761 0.082623
v -0.995803 0.000151 -0.143254
v -0.995319 0.002017 0.138330
v -0.994650 0.128232 -0.084214
v -0.991411 0.133824 0.081850
v -0.995577 -0.132023 -0.083228
v -0.992729 -0.132393 0.078636
v -0.347670 0.864325 0.126548
v -0.341139 0.851459 -0.129664
v -0.213321 0.899295 0.126926
v -0.212759 0.899999 -0.132159
v -0.552965 0.742990 0.204667
v -0.115611 0.578109 0.360952
v -0.495158 0.727701 0.326870
v -0.557100 0.750855 -0.213038
v -0.287807 0.847208 -0.261194
v -0.492829 0.729426 -0.333529
v -0.668919 0.660080 0.000737
v -0.616516 0.650586 -0.294702
v -0.742244 0.576093 -0.078053
v -0.615577 0.652838 0.279981
v -0.743019 0.577842 0.075606
v 0.346781 0.864239 0.125143
v 0.345699 0.864515 -0.131577
v 0.211978 0.884558 0.125418
v 0.209837 0.867968 -0.128322
v 0.553343 0.744977 0.205332
v 0.292149 0.853877 0.250977
v 0.502337 0.737553 0.332500
v 0.525307 0.701808 -0.202573
v 0.291014 0.857571 -0.261789
v 0.496618 0.734444 -0.338200
v 0.676735 0.665810 -0.001109
v 0.613331 0.647297 -0.286432
v 0.736477 0.565242 -0.079638
v 0.609218 0.635837 0.276128
v 0.757245 0.589655 0.079059
v -0.366156 -0.694212 0.072671
v -0.347897 -0.876771 -0.121354
v -0.213678 -0.913251 0.121010
v -0.213368 -0.909251 -0.121522
v -0.556790 -0.766248 0.179098
v -0.292500 -0.881895 0.226089
v -0.505198 -0.760697 0.292412
v -0.488493 -0.607525 -0.216933
v -0.293068 -0.865441 -0.244263
v -0.504020 -0.743798 -0.327676
v -0.695254 -0.691224 0.001051
v -0.635957 -0.674769 -0.285564
v -0.757382 -0.595529 -0.079995
v -0.642450 -0.686585 0.251849
v -0.768801 -0.603701 0.073265
v 0.342265 -0.875701 0.118836
v 0.348135 -0.878269 -0.121733
v 0.335810 -0.578802 0.082502
v 0.214377 -0.915787 -0.120803
v 0.560824 -0.770389 0.187432
v 0.298752 -0.879964 0.225921
v 0.512625 -0.763116 0.292142
v 0.557348 -0.755623 -0.200105
v 0.294752 -0.866094 -0.245001
v 0.501576 -0.742270 -0.327266
v 0.686428 -0.684411 0.000146
v 0.616763 -0.656904 -0.276249
v 0.760014 -0.594313 -0.074487
v 0.640399 -0.683351 0.250420
v 0.770656 -0.601445 0.074222
v -0.000851 -0.617561 0.650928
v -0.206219 -0.500105 0.723723
v -0.074155 -0.612117 0.482739
v -0.282975 -0.564956 0.641738
v 0.200607 -0.474726 0.697926
v 0.073337 -0.635233 0.490582
v 0.281989 -0.565265 0.642279
v 0.127096 -0.310488 0.844199
v -0.122796 -0.301459 0.822910
v 0.125422 -0.188941 0.882472
v -0.128801 -0.186756 0.873313
v 0.322353 -0.372363 0.626100
v 0.255696 -0.264075 0.840873
v -0.333522 -0.455077 0.719590
v -0.253276 -0.263101 0.839298
v 0.000484 0.641052 0.648714
v -0.206768 0.538371 0.735503
v -0.078145 0.730010 0.579962
v -0.291184 0.606994 0.654921
v 0.204438 0.537984 0.736440
v 0.078475 0.731930 0.581050
v 0.283748 0.605120 0.652869
v 0.127965 0.341253 0.850961
v -0.129682 0.342713 0.853714
v 0.128380 0.214230 0.881676
v -0.124706 0.210466 0.862701
v 0.337903 0.490979 0.734845
v 0.240128 0.274944 0.771073
v -0.336473 0.488566 0.729179
v -0.257062 0.290775 0.849381
v -0.003093 -0.666885 -0.611830
v -0.215132 -0.563464 -0.704432
v -0.099138 -0.661984 -0.455186
v -0.292850 -0.625393 -0.636253
v 0.210389 -0.560302 -0.705290
v 0.081691 -0.737567 -0.562138
v 0.292639 -0.624296 -0.633453
v 0.131614 -0.355025 -0.805254
v -0.131067 -0.355946 -0.808208
v 0.131273 -0.220333 -0.840843
v -0.133278 -0.220774 -0.834815
v 0.344750 -0.510029 -0.705086
v 0.262230 -0.300406 -0.801620
v -0.343728 -0.509410 -0.702485
v -0.263362 -0.300455 -0.802633
v 0.000616 0.683276 -0.637848
v -0.213966 0.566470 -0.711161
v -0.079611 0.751827 -0.571176
v -0.297319 0.633864 -0.638806
v 0.212175 0.566005 -0.713542
v 0.077083 0.751570 -0.571781
v 0.293010 0.632755 -0.638238
v 0.131893 0.357984 -0.812321
v -0.132923 0.357089 -0.808550
v 0.132452 0.218150 -0.832089
v -0.132979 0.220365 -0.837555
v 0.345552 0.509547 -0.695255
v 0.262847 0.300670 -0.802594
v -0.343410 0.511593 -0.701186
v -0.262982 0.299835 -0.785505
v 0.789364 0.214841 -0.535852
v 0.945582 0.135932 -0.369887
v 0.775972 0.341758 -0.486967
v 0.937896 0.274893 -0.304942
v 0.785051 -0.211265 -0.531677
v 0.937735 -0.132039 -0.372741
v 0.779170 -0.342962 -0.490202
v 0.940191 -0.269859 -0.307915
v 0.711238 0.001004 -0.607433
v 0.699950 -0.293846 -0.590311
v 0.621369 -0.080957 -0.694896
v 0.700137 0.295278 -0.596075
v 0.508395 0.088859 -0.406852
v 0.973030 0.136486 -0.219983
v 0.974548 -0.137330 -0.218964
v 0.778452 0.209513 0.545474
v 0.920358 0.135702 0.353273
v 0.755948 0.329199 0.489654
v 0.915935 0.261616 0.299714
v 0.756979 -0.180848 0.524862
v 0.878265 -0.125598 0.320069
v 0.777393 -0.321205 0.440348
v 0.887972 -0.258958 0.296711
v 0.642304 0.024936 0.607296
v 0.679354 -0.260508 0.604536
v 0.602369 -0.064726 0.723728
v 0.676534 0.285521 0.606332
v 0.591426 0.085005 0.705754
v 0.971954 0.134672 0.223208
v 0.975297 -0.135225 0.225455
v -0.788404 0.213598 -0.533858
v -0.931456 0.132461 -0.369284
v -0.770289 0.338499 -0.484287
v -0.943260 0.277479 -0.305884
v -0.788850 -0.212425 -0.533803
v -0.951954 -0.131457 -0.379604
v -0.758992 -0.333189 -0.471716
v -0.943155 -0.273154 -0.305538
v -0.707759 0.000568 -0.638410
v -0.695981 -0.293031 -0.591008
v -0.619000 -0.080079 -0.699938
v -0.696160 0.293044 -0.591909
v -0.620198 0.081012 -0.701074
v -0.983015 0.137095 -0.220941
v -0.982001 -0.132731 -0.212280
v -0.776865 0.208407 0.547068
v -0.926035 0.133996 0.356236
v -0.771478 0.337739 0.498653
v -0.924978 0.261747 0.304011
v -0.770072 -0.188309 0.539685
v -0.911364 -0.123721 0.336697
v -0.789878 -0.339854 0.468930
v -0.935785 -0.267541 0.307566
v -0.602642 0.045341 0.584708
v -0.679985 -0.259160 0.605295
v -0.603140 -0.065008 0.726188
v -0.666668 0.270285 0.567226
v -0.607025 0.083914 0.731573
v -0.984254 0.138059 0.224222
v -0.986665 -0.138169 0.224362
v 0.000322 0.878625 0.252035
v -0.080572 0.844423 0.377616
v -0.000849 0.892776 -0.267113
v -0.058828 0.626789 -0.255596
v 0.078560 0.840057 0.373627
v 0.080792 0.854103 -0.386633
v -0.495187 0.600327 0.523496
v -0.626915 0.535079 0.487270
v -0.552371 0.484499 0.609000
v -0.493285 0.569829 -0.442034
v -0.629651 0.547481 -0.475783
v -0.562156 0.508504 -0.584467
v -0.901415 0.390607 -0.082234
v -0.907338 0.387626 0.080879
v -0.964532 0.273965 -0.003404
v 0.460103 0.554346 0.473258
v 0.629975 0.533590 0.486858
v 0.551487 0.487440 0.607115
v 0.503575 0.625265 -0.520266
v 0.636519 0.546739 -0.477987
v 0.558914 0.504570 -0.585791
v 0.892711 0.386302 -0.080093
v 0.900555 0.385109 0.081190
v 0.955145 0.265815 0.000646
v -0.002337 -0.914989 0.223319
v -0.075723 -0.874060 0.319513
v -0.002897 -0.900463 -0.242374
v -0.079256 -0.844226 -0.365039
v 0.078284 -0.870800 0.321862
v 0.079544 -0.805751 -0.346399
v -0.480643 -0.487245 0.473718
v -0.685964 -0.541810 0.458043
v -0.536817 -0.439848 0.589580
v -0.495711 -0.598130 -0.480262
v -0.637738 -0.546356 -0.482743
v -0.559783 -0.503894 -0.585087
v -0.927385 -0.405143 -0.084481
v -0.878512 -0.375633 0.083432
v -0.979215 -0.271113 0.001214
v 0.450839 -0.392783 0.440511
v 0.685076 -0.536533 0.461432
v 0.534499 -0.434229 0.582523
v 0.470755 -0.588228 -0.424105
v 0.640028 -0.546466 -0.483085
v 0.552343 -0.495744 -0.553066
v 0.912886 -0.406018 -0.082104
v 0.919546 -0.399934 0.078685
v 0.967862 -0.269499 0.002882
v 0.253705 0.012638 0.863158
v 0.380107 -0.056786 0.803202
v -0.247442 0.021302 0.810596
v -0.387120 -0.061246 0.830399
v 0.389043 0.085796 0.835181
v -0.379913 0.084338 0.770684
v 0.267157 0.000052 -0.813694
v 0.398188 -0.081142 -0.779905
v -0.267188 0.000751 -0.813560
v -0.397830 -0.081350 -0.780465
v 0.398941 0.080758 -0.781256
v -0.399658 0.082677 -0.780796
v -0.393737 0.729943 -0.006294
v -0.490037 0.785185 0.063388
v -0.488392 0.788914 -0.063740
v -0.549540 0.768687 -0.038500
v -0.556001 0.777257 0.038392
v 0.451149 0.823254 -0.000727
v 0.478376 0.781373 0.060452
v 0.486389 0.803698 -0.059645
v 0.553615 0.769432 -0.036730
v 0.481044 0.646140 -0.011533
v -0.461481 -0.847543 0.002705
v -0.498576 -0.826567 0.059679
v -0.494203 -0.819741 -0.056420
v -0.552262 -0.781628 -0.034365
v -0.559288 -0.792171 0.039219
v 0.457417 -0.843729 0.002229
v 0.496209 -0.825599 0.062031
v 0.492744 -0.818922 -0.057258
v 0.546430 -0.770295 -0.033737
v 0.555232 -0.787987 0.038586
v -0.035776 -0.494920 0.747173
v 0.034956 -0.494620 0.748416
v 0.000356 -0.412471 0.804763
v 0.058436 -0.446496 0.788074
v -0.060130 -0.443977 0.785659
v -0.037501 0.529501 0.751128
v 0.037005 0.534071 0.757105
v 0.000416 0.442513 0.813761
v 0.058781 0.480789 0.796992
v -0.058227 0.469648 0.769930
v -0.037970 -0.562798 -0.739058
v 0.033916 -0.556159 -0.729089
v -0.000002 -0.469541 -0.783034
v 0.061857 -0.499092 -0.755688
v -0.059589 -0.504290 -0.765303
v -0.038767 0.564414 -0.724644
v 0.038734 0.563951 -0.731438
v -0.000036 0.466617 -0.779106
v 0.062888 0.506182 -0.761700
v -0.059147 0.503118 -0.737883
v 0.845636 0.062109 -0.474844
v 0.849671 -0.060648 -0.476439
v 0.812807 -0.037299 -0.531250
v 0.815843 0.038658 -0.535005
v 0.859395 -0.003965 -0.429144
v 0.833518 0.065352 0.483782
v 0.833833 -0.046058 0.481713
v 0.797723 -0.026162 0.541047
v 0.788211 0.042117 0.534778
v 0.866655 0.008696 0.452923
v -0.851171 0.062692 -0.478753
v -0.851951 -0.063778 -0.476686
v -0.803429 -0.038147 -0.516640
v -0.815700 0.038492 -0.519722
v -0.860908 -0.002698 -0.436724
v -0.836053 0.069944 0.487015
v -0.842866 -0.050908 0.485570
v -0.803151 -0.026910 0.543636
v -0.792392 0.043657 0.538588
v -0.859678 0.004968 0.448763
v -0.064003 0.866966 -0.004002
v 0.068057 0.926480 -0.002137
v -0.039728 0.909800 0.064100
v -0.037318 0.919935 -0.066928
v 0.036412 0.923708 0.064252
v 0.036162 0.912237 -0.065632
v -0.336782 0.782292 0.420291
v -0.266851 0.740615 0.527293
v -0.260434 0.784000 0.416333
v -0.365217 0.730795 0.457055
v -0.226449 0.769464 0.476082
v -0.325051 0.690584 0.497542
v -0.335009 0.787605 -0.420194
v -0.267628 0.753659 -0.516580
v -0.268868 0.808366 -0.427785
v -0.366539 0.740728 -0.449828
v -0.232873 0.787522 -0.478120
v -0.275788 0.626011 -0.340527
v -0.758197 0.529046 -0.268826
v -0.827291 0.441487 -0.341315
v -0.741499 0.529219 -0.333680
v -0.805367 0.486071 -0.225343
v -0.777249 0.481195 -0.377091
v -0.842001 0.441417 -0.268937
v -0.753308 0.525267 0.259234
v -0.816800 0.426685 0.335509
v -0.728734 0.518004 0.325055
v -0.804308 0.484540 0.228670
v -0.764743 0.469058 0.370070
v -0.834116 0.432671 0.266644
v 0.333642 0.778938 0.420898
v 0.265984 0.739017 0.524704
v 0.265842 0.794342 0.421311
v 0.223860 0.752726 0.470620
v 0.336660 0.659861 0.388811
v 0.319085 0.681759 0.500037
v 0.329354 0.783296 -0.417482
v 0.267671 0.752279 -0.517562
v 0.263885 0.804666 -0.424661
v 0.230827 0.790715 -0.477189
v 0.369712 0.745836 -0.459316
v 0.334280 0.729038 -0.510786
v 0.766438 0.534930 -0.272312
v 0.822583 0.435534 -0.341108
v 0.737539 0.523563 -0.333756
v 0.810577 0.489580 -0.233194
v 0.767802 0.473190 -0.369068
v 0.838871 0.435535 -0.272381
v 0.764120 0.532560 0.264341
v 0.819657 0.427214 0.339549
v 0.742436 0.526399 0.331298
v 0.800013 0.484810 0.226048
v 0.762628 0.467283 0.368824
v 0.836225 0.433374 0.266635
v -0.069626 -0.947029 0.004759
v 0.069478 -0.945496 0.003779
v -0.039293 -0.928410 0.063261
v -0.038238 -0.940162 -0.057087
v 0.037362 -0.945003 0.063583
v 0.037908 -0.938047 -0.057899
v -0.340699 -0.808925 0.369098
v -0.270350 -0.769365 0.448552
v -0.267009 -0.826011 0.370014
v -0.380359 -0.769740 0.404469
v -0.230594 -0.807869 0.418039
v -0.334241 -0.734010 0.391053
v -0.335981 -0.784276 -0.412942
v -0.266544 -0.743289 -0.515633
v -0.258574 -0.756358 -0.383877
v -0.372370 -0.736683 -0.451615
v -0.229730 -0.769420 -0.466402
v -0.332876 -0.716899 -0.506523
v -0.772495 -0.539818 -0.267360
v -0.831222 -0.445006 -0.342853
v -0.746519 -0.529593 -0.332620
v -0.819303 -0.503974 -0.235117
v -0.772965 -0.480668 -0.370730
v -0.852664 -0.450449 -0.274494
v -0.794592 -0.540248 0.269582
v -0.836125 -0.439526 0.330118
v -0.775041 -0.536789 0.328024
v -0.832854 -0.499492 0.233158
v -0.774959 -0.467355 0.342130
v -0.853118 -0.452824 0.270763
v 0.342924 -0.809104 0.374524
v 0.271691 -0.766018 0.447248
v 0.271480 -0.823732 0.365327
v 0.228955 -0.805034 0.413588
v 0.374644 -0.769077 0.405149
v 0.339312 -0.739785 0.417301
v 0.333827 -0.779293 -0.411190
v 0.269330 -0.741529 -0.509062
v 0.267418 -0.802912 -0.417993
v 0.229769 -0.782533 -0.470780
v 0.374258 -0.743454 -0.456683
v 0.339662 -0.723586 -0.510527
v 0.766237 -0.535581 -0.264280
v 0.823312 -0.442317 -0.341088
v 0.743738 -0.528288 -0.328937
v 0.815447 -0.497134 -0.233130
v 0.777788 -0.477034 -0.371632
v 0.848730 -0.446634 -0.270875
v 0.791608 -0.542791 0.266517
v 0.826336 -0.432692 0.329216
v 0.774719 -0.536295 0.326497
v 0.827107 -0.500267 0.236644
v 0.790429 -0.474922 0.358009
v 0.841780 -0.442894 0.269731
v 0.000064 -0.053976 0.913430
v -0.000172 0.078341 0.915827
v 0.064235 -0.022393 0.907415
v -0.064289 -0.017732 0.876838
v 0.064146 0.047873 0.909346
v -0.045055 0.065012 0.772855
v 0.428484 -0.300753 0.763456
v 0.540739 -0.238045 0.726100
v 0.469721 -0.329344 0.717865
v 0.529448 -0.297601 0.700112
v 0.432446 -0.235027 0.778707
v 0.491958 -0.201129 0.759519
v -0.405692 -0.249688 0.685162
v -0.541131 -0.237960 0.725899
v -0.452571 -0.193792 0.530588
v -0.533533 -0.297260 0.701046
v -0.432304 -0.233555 0.775303
v -0.495400 -0.201378 0.763118
v 0.426767 0.331680 0.771569
v 0.545061 0.264157 0.737575
v 0.474518 0.365493 0.730682
v 0.538266 0.330174 0.713768
v 0.431675 0.263398 0.788874
v 0.495209 0.226042 0.767167
v -0.424296 0.324413 0.753308
v -0.544545 0.264033 0.733931
v -0.347573 0.274103 0.534443
v -0.527393 0.319062 0.684175
v -0.435658 0.265367 0.791365
v -0.491661 0.225761 0.761916
v -0.000343 -0.070858 -0.854422
v 0.000102 0.071094 -0.863994
v 0.065846 -0.037729 -0.850760
v -0.066647 -0.038819 -0.837077
v 0.066136 0.038157 -0.849586
v -0.067150 0.038375 -0.848187
v 0.433197 -0.337165 -0.683307
v 0.556009 -0.270924 -0.701249
v 0.476705 -0.372819 -0.654327
v 0.549429 -0.342520 -0.671108
v 0.446430 -0.273909 -0.743300
v 0.505411 -0.233531 -0.728030
v -0.443035 -0.342757 -0.673563
v -0.555891 -0.272654 -0.661284
v -0.409694 -0.384990 -0.402277
v -0.726496 -0.100812 -0.398159
v -0.445534 -0.273198 -0.741435
v -0.507112 -0.234095 -0.724281
v 0.441017 0.344894 -0.734326
v 0.553212 0.272271 -0.702835
v 0.484702 0.378594 -0.694108
v 0.545419 0.340148 -0.674852
v 0.446476 0.272116 -0.747859
v 0.509794 0.234585 -0.733836
v -0.469499 0.335496 -0.424086
v -0.556241 0.272296 -0.704652
v -0.486589 0.381390 -0.692615
v -0.548131 0.342172 -0.680307
v -0.440923 0.275865 -0.665466
v -0.505642 0.232746 -0.728497
v 0.989258 -0.000731 -0.073285
v 0.989633 0.004441 0.067442
v 0.988704 0.068199 -0.038586
v 0.986714 0.066175 0.041306
v 0.988700 -0.064387 -0.039269
v 0.988809 -0.065287 0.038704
v -0.998958 0.002981 -0.078870
v -0.999104 -0.003118 0.071575
v -0.999208 0.071955 -0.047312
v -0.998200 0.064960 0.042585
v -0.998695 -0.070698 -0.040017
v -0.999333 -0.061541 0.042010
v -0.331404 0.879596 -0.001388
v -0.200761 0.900115 0.001478
v -0.305365 0.883788 0.063007
v -0.305382 0.883021 -0.066463
v -0.238942 0.900853 0.063920
v -0.241270 0.902126 -0.068450
v -0.441329 0.793820 0.185496
v -0.394149 0.805359 0.306747
v -0.386277 0.840106 0.189417
v -0.486749 0.777653 0.227337
v -0.360490 0.803279 0.246564
v -0.460284 0.773516 0.291060
v -0.448633 0.817307 -0.193579
v -0.392494 0.759901 -0.317110
v -0.381095 0.825617 -0.196027
v -0.487413 0.780319 -0.235417
v -0.193954 0.662665 -0.089154
v -0.460489 0.779027 -0.298901
v -0.629385 0.699041 -0.114245
v -0.711304 0.626731 -0.196857
v -0.603692 0.693948 -0.183953
v -0.602048 0.588373 -0.067929
v -0.614985 0.625610 -0.212472
v -0.696361 0.608055 -0.116531
v -0.612166 0.677172 0.111495
v -0.701555 0.619586 0.191503
v -0.606673 0.696029 0.179496
v -0.654425 0.639324 0.077348
v -0.629817 0.645331 0.214838
v -0.701544 0.612295 0.114147
v 0.331892 0.875480 -0.000221
v 0.199815 0.904746 -0.000336
v 0.300063 0.857406 0.061271
v 0.304727 0.883900 -0.066981
v 0.214450 0.715074 0.050224
v 0.238324 0.900423 -0.066832
v 0.448829 0.814799 0.187664
v 0.390797 0.792940 0.303843
v 0.382175 0.834363 0.189053
v 0.486503 0.777949 0.227518
v 0.339138 0.791598 0.239763
v 0.460292 0.773076 0.290050
v 0.442378 0.804901 -0.189284
v 0.390496 0.801432 -0.319386
v 0.381615 0.836268 -0.194467
v 0.486357 0.775858 -0.234200
v 0.355569 0.833936 -0.259142
v 0.341149 0.602789 -0.192958
v 0.634017 0.708576 -0.116811
v 0.673551 0.601923 -0.185982
v 0.611470 0.697538 -0.184938
v 0.675721 0.663958 -0.078859
v 0.640005 0.653881 -0.221579
v 0.719152 0.625093 -0.119171
v 0.635665 0.708061 0.115443
v 0.710914 0.625891 0.194067
v 0.614435 0.706767 0.181482
v 0.672409 0.665297 0.078121
v 0.647228 0.659012 0.221348
v 0.713601 0.625247 0.117124
v -0.334776 -0.900493 0.002143
v -0.203301 -0.932239 0.001800
v -0.308531 -0.895728 0.059303
v -0.308434 -0.899517 -0.059205
v -0.241199 -0.918619 0.063345
v -0.241522 -0.917266 -0.058929
v -0.451393 -0.832470 0.169948
v -0.400946 -0.829857 0.274243
v -0.387909 -0.851371 0.168897
v -0.492897 -0.803122 0.207207
v -0.364787 -0.857484 0.224914
v -0.467229 -0.798833 0.259023
v -0.445386 -0.816101 -0.179592
v -0.399199 -0.814189 -0.302537
v -0.384917 -0.847253 -0.183343
v -0.490549 -0.785327 -0.223486
v -0.359479 -0.843108 -0.244094
v -0.466225 -0.784568 -0.287442
v -0.631496 -0.708885 -0.112944
v -0.705862 -0.630610 -0.192194
v -0.618923 -0.712104 -0.178822
v -0.675159 -0.668974 -0.077116
v -0.657853 -0.674216 -0.218676
v -0.713270 -0.629576 -0.113729
v -0.635620 -0.636527 -0.092371
v -0.717440 -0.646047 0.173857
v -0.583961 -0.619306 0.051004
v -0.692486 -0.689675 0.077863
v -0.665818 -0.688824 0.197938
v -0.724232 -0.646074 0.109747
v 0.334522 -0.897114 0.003678
v 0.203499 -0.934215 0.003289
v 0.307377 -0.903682 0.063394
v 0.307636 -0.899116 -0.059056
v 0.239635 -0.896869 0.058108
v 0.241310 -0.917644 -0.058770
v 0.446807 -0.816583 0.161045
v 0.396538 -0.829240 0.274635
v 0.384300 -0.857611 0.174419
v 0.498627 -0.802265 0.204389
v 0.361701 -0.859322 0.228298
v 0.468658 -0.798990 0.256626
v 0.425080 -0.765810 -0.170045
v 0.396673 -0.810862 -0.300821
v 0.383396 -0.843057 -0.182444
v 0.478996 -0.771690 -0.220782
v 0.361365 -0.846809 -0.245397
v 0.463477 -0.782909 -0.286694
v 0.631392 -0.707955 -0.112509
v 0.680113 -0.610034 -0.184829
v 0.615072 -0.711022 -0.178841
v 0.684543 -0.680749 -0.076610
v 0.643110 -0.659938 -0.214748
v 0.713189 -0.632658 -0.114821
v 0.582914 -0.699196 0.086309
v 0.705027 -0.640721 0.156826
v 0.617896 -0.726208 0.157251
v 0.676223 -0.686402 0.072106
v 0.665332 -0.686297 0.195685
v 0.356656 -0.298584 0.108753
v -0.114516 -0.576858 0.685686
v -0.189550 -0.634434 0.602923
v -0.077700 -0.614460 0.648266
v -0.180065 -0.556163 0.684857
v -0.116858 -0.638969 0.605349
v -0.219577 -0.591211 0.644750
v 0.113708 -0.572986 0.683238
v 0.188605 -0.629748 0.597930
v 0.077979 -0.616923 0.648626
v 0.180026 -0.553258 0.681942
v 0.115985 -0.642105 0.607480
v 0.217124 -0.583522 0.639987
v -0.001417 -0.299058 0.860876
v -0.000262 -0.176369 0.893095
v 0.063907 -0.274150 0.864432
v -0.062678 -0.272966 0.863846
v 0.063983 -0.213674 0.882952
v -0.064739 -0.212998 0.881345
v 0.184822 -0.400933 0.785849
v 0.308811 -0.347606 0.771510
v 0.216978 -0.360167 0.668513
v 0.189936 -0.345423 0.817135
v 0.289302 -0.235303 0.572231
v 0.253216 -0.320756 0.815734
v -0.186656 -0.402614 0.785472
v -0.307044 -0.356744 0.784462
v -0.230933 -0.442195 0.758373
v -0.193175 -0.343491 0.815442
v -0.292536 -0.419989 0.757833
v -0.253483 -0.323691 0.818053
v -0.117152 0.614897 0.694640
v -0.195481 0.683527 0.612617
v -0.079167 0.657440 0.660211
v -0.150219 0.524664 0.610891
v -0.116777 0.691244 0.618202
v -0.210882 0.558431 0.494678
v 0.114140 0.611992 0.684763
v 0.193127 0.683499 0.616176
v 0.077354 0.606905 0.602526
v 0.182467 0.599638 0.699368
v 0.117884 0.694096 0.619873
v 0.220687 0.631873 0.656478
v 0.000302 0.328339 0.869704
v -0.000191 0.201414 0.886558
v 0.063412 0.301913 0.869357
v -0.063996 0.303616 0.871960
v 0.063276 0.239140 0.881244
v -0.065823 0.238121 0.889151
v 0.184843 0.432220 0.790669
v 0.310407 0.387311 0.790378
v 0.228501 0.473914 0.765978
v 0.191873 0.378590 0.829976
v 0.294669 0.450960 0.766002
v 0.254693 0.349714 0.814241
v -0.186348 0.435937 0.798366
v -0.290023 0.356758 0.691710
v -0.230019 0.473795 0.763961
v -0.192759 0.378674 0.829079
v -0.295031 0.443846 0.746902
v -0.252011 0.345624 0.799543
v -0.120311 -0.636781 -0.677119
v -0.195689 -0.697683 -0.602864
v -0.079253 -0.671026 -0.634116
v -0.184724 -0.613992 -0.669145
v -0.119419 -0.695698 -0.587477
v -0.224907 -0.645094 -0.633119
v 0.119784 -0.637808 -0.676863
v 0.192561 -0.685167 -0.593006
v 0.081549 -0.671430 -0.639473
v 0.183215 -0.610435 -0.662778
v 0.117131 -0.697773 -0.594504
v 0.222649 -0.649260 -0.640359
v -0.000160 -0.342271 -0.825410
v 0.001322 -0.207603 -0.849897
v 0.066231 -0.314851 -0.825166
v -0.066267 -0.315498 -0.825196
v 0.066478 -0.247593 -0.839778
v -0.067127 -0.247587 -0.839818
v 0.190353 -0.456568 -0.764399
v 0.319298 -0.406202 -0.760494
v 0.236733 -0.498337 -0.736190
v 0.196751 -0.395108 -0.789250
v 0.305840 -0.474521 -0.738160
v 0.260895 -0.367458 -0.783215
v -0.195640 -0.457549 -0.764170
v -0.318986 -0.405859 -0.756654
v -0.239272 -0.498042 -0.737670
v -0.196867 -0.395420 -0.786697
v -0.303303 -0.472973 -0.736012
v -0.263149 -0.368151 -0.784869
v -0.118589 0.641432 -0.675307
v -0.191734 0.700476 -0.597694
v -0.081216 0.683537 -0.640670
v -0.186326 0.625325 -0.676165
v -0.118775 0.714388 -0.604707
v -0.223013 0.655838 -0.637747
v 0.109294 0.626138 -0.558657
v 0.194785 0.701968 -0.594180
v 0.005561 0.619722 -0.426516
v 0.186459 0.620387 -0.647386
v 0.117291 0.659560 -0.471614
v 0.226234 0.658292 -0.636903
v -0.000379 0.343781 -0.822709
v -0.000068 0.208397 -0.850187
v 0.065675 0.316297 -0.823247
v -0.065914 0.314643 -0.828369
v 0.066168 0.246224 -0.836360
v -0.066222 0.247734 -0.841391
v 0.191666 0.460502 -0.765565
v 0.316455 0.403165 -0.745719
v 0.237035 0.501581 -0.740669
v 0.196733 0.395325 -0.786611
v 0.299051 0.467243 -0.712295
v 0.263162 0.368548 -0.786375
v -0.193613 0.461324 -0.771536
v -0.325554 0.401665 -0.675908
v -0.236768 0.500548 -0.738402
v -0.197319 0.396394 -0.790116
v -0.302159 0.472992 -0.729188
v -0.262991 0.368867 -0.771519
v 0.862988 0.190465 -0.442983
v 0.847028 0.317657 -0.402052
v 0.822635 0.238096 -0.477859
v 0.905847 0.197798 -0.400187
v 0.806456 0.295594 -0.448099
v 0.907880 0.268108 -0.373588
v 0.855579 -0.192535 -0.434055
v 0.858343 -0.327509 -0.402171
v 0.829680 -0.236221 -0.480971
v 0.898620 -0.196011 -0.402379
v 0.806552 -0.299114 -0.448529
v 0.904121 -0.265916 -0.378567
v 0.742457 -0.119678 -0.600727
v 0.654714 -0.195802 -0.655433
v 0.746062 -0.186455 -0.584688
v 0.704247 -0.080795 -0.637271
v 0.701254 -0.227731 -0.611259
v 0.660245 -0.119731 -0.666726
v 0.743749 0.117945 -0.602024
v 0.656837 0.198965 -0.657223
v 0.745581 0.187090 -0.585326
v 0.709007 0.079262 -0.563572
v 0.701041 0.227603 -0.614228
v 0.653775 0.159530 -0.405525
v 0.957268 0.002014 -0.356361
v 0.980006 -0.001644 -0.216356
v 0.965323 0.066088 -0.320997
v 0.962874 -0.065970 -0.324663
v 0.974711 0.064605 -0.251850
v 0.973445 -0.063062 -0.246743
v 0.848788 0.192794 0.445165
v 0.840176 0.311071 0.396838
v 0.805380 0.230824 0.481273
v 0.885384 0.196007 0.390431
v 0.801342 0.291323 0.456384
v 0.883885 0.259588 0.365266
v 0.849033 -0.182420 0.419554
v 0.850152 -0.314979 0.382766
v 0.813653 -0.219824 0.465460
v 0.886885 -0.193914 0.372514
v 0.828874 -0.299816 0.439788
v 0.879121 -0.260419 0.348996
v 0.729460 -0.102975 0.618803
v 0.382803 -0.067931 0.512063
v 0.725316 -0.159892 0.594810
v 0.679659 -0.067392 0.648552
v 0.663288 -0.181599 0.595644
v 0.637157 -0.092381 0.674441
v 0.733130 0.122730 0.627330
v 0.638708 0.192022 0.679792
v 0.721967 0.180046 0.593691
v 0.694818 0.084267 0.661938
v 0.545822 0.160819 0.539293
v 0.635283 0.123884 0.675959
v 0.924866 0.005194 0.331096
v 0.979114 0.000875 0.210249
v 0.947395 0.063371 0.311251
v 0.946223 -0.073042 0.308948
v 0.973015 0.065549 0.252611
v 0.973098 -0.069675 0.252923
v -0.857851 0.192435 -0.439178
v -0.856119 0.318830 -0.405267
v -0.770190 0.223206 -0.432359
v -0.899821 0.200272 -0.401952
v -0.788443 0.292665 -0.433662
v -0.919373 0.270403 -0.387994
v -0.849828 -0.193260 -0.437668
v -0.860300 -0.320033 -0.405920
v -0.808018 -0.232525 -0.468563
v -0.909853 -0.204587 -0.403556
v -0.804621 -0.292700 -0.440929
v -0.909102 -0.271692 -0.389871
v -0.746210 -0.120078 -0.604781
v -0.657337 -0.198497 -0.658292
v -0.745847 -0.187090 -0.583967
v -0.705012 -0.081205 -0.635536
v -0.699276 -0.227106 -0.612354
v -0.660428 -0.120372 -0.664999
v -0.742993 0.119543 -0.585637
v -0.653326 0.196998 -0.645274
v -0.734606 0.185301 -0.543149
v -0.707764 0.079787 -0.633749
v -0.701060 0.227899 -0.600229
v -0.656638 0.120670 -0.654551
v -0.963857 -0.001709 -0.357508
v -0.990280 -0.002961 -0.202966
v -0.979500 0.064783 -0.323104
v -0.974614 -0.065684 -0.329872
v -0.982390 0.066691 -0.255004
v -0.981066 -0.062939 -0.247654
v -0.857667 0.194975 0.451923
v -0.844621 0.315151 0.404189
v -0.811006 0.232861 0.486968
v -0.893811 0.198132 0.393814
v -0.814266 0.295696 0.462599
v -0.892410 0.259237 0.368894
v -0.777373 -0.149772 0.413902
v -0.861940 -0.325697 0.387505
v -0.762093 -0.191390 0.448247
v -0.835641 -0.153558 0.334789
v -0.830828 -0.308810 0.433576
v -0.900397 -0.265609 0.352893
v -0.723723 -0.099230 0.611421
v -0.637687 -0.173667 0.679836
v -0.728674 -0.163871 0.600503
v -0.679777 -0.058887 0.637623
v -0.671633 -0.197278 0.617735
v -0.645712 -0.102265 0.691859
v -0.733618 0.117763 0.624112
v -0.643908 0.194485 0.685265
v -0.732590 0.184365 0.604603
v -0.692506 0.085000 0.661450
v -0.683351 0.220221 0.630412
v -0.652204 0.123484 0.698323
v -0.931065 -0.000536 0.334223
v -0.988538 0.001711 0.208259
v -0.956719 0.066581 0.314641
v -0.945310 -0.065929 0.312529
v -0.984617 0.068113 0.260187
v -0.979715 -0.069124 0.255582
v -0.114999 0.901786 0.190306
v -0.193266 0.857547 0.310004
v -0.188275 0.896929 0.190849
v -0.220355 0.851072 0.246292
v -0.077384 0.858017 0.243221
v -0.120188 0.858697 0.311146
v -0.115534 0.895054 -0.195866
v -0.195197 0.870170 -0.325511
v -0.183867 0.890474 -0.194216
v -0.225079 0.869437 -0.261202
v -0.078829 0.885026 -0.264210
v -0.115992 0.850579 -0.322930
v 0.159272 0.737213 0.168576
v 0.191604 0.852835 0.308695
v 0.184479 0.891127 0.188386
v 0.224083 0.870521 0.251025
v 0.073098 0.809023 0.246380
v 0.117259 0.857829 0.311508
v 0.111022 0.860881 -0.193984
v 0.191622 0.860808 -0.321746
v 0.197163 0.609792 -0.096401
v 0.224550 0.855505 -0.266211
v 0.079025 0.889410 -0.265085
v 0.118367 0.867757 -0.324480
v -0.509809 0.685672 0.429623
v -0.605357 0.590946 0.366462
v -0.533260 0.688575 0.365699
v -0.600995 0.660890 0.348414
v -0.516480 0.605752 0.447607
v -0.593230 0.585525 0.439720
v -0.075777 0.785392 0.486862
v 0.078505 0.780185 0.480447
v -0.040117 0.765304 0.539512
v 0.039093 0.768638 0.544148
v -0.039551 0.818188 0.434973
v 0.039208 0.817123 0.433669
v -0.389205 0.609001 0.605400
v -0.433760 0.491554 0.668866
v -0.354371 0.586570 0.657354
v -0.379370 0.527657 0.693711
v -0.461064 0.575892 0.585415
v -0.441066 0.482817 0.568275
v -0.511951 0.698230 -0.430078
v -0.629110 0.612798 -0.381946
v -0.541447 0.708287 -0.378201
v -0.601402 0.665206 -0.351053
v -0.543832 0.633866 -0.452258
v -0.582607 0.580700 -0.423111
v -0.076818 0.806006 -0.487475
v 0.077291 0.799675 -0.481995
v -0.039704 0.781359 -0.532782
v 0.038143 0.778157 -0.530037
v -0.038126 0.810602 -0.425722
v 0.039388 0.834932 -0.438141
v -0.393615 0.628346 -0.580775
v -0.447530 0.514819 -0.648142
v -0.356442 0.602532 -0.627932
v -0.383692 0.547283 -0.665826
v -0.465034 0.602323 -0.567823
v -0.491882 0.543776 -0.601451
v -0.833006 0.504642 -0.079769
v -0.819262 0.495720 0.075403
v -0.792462 0.547834 -0.037212
v -0.783518 0.540233 0.038049
v -0.867052 0.446660 -0.036976
v -0.860335 0.447760 0.037947
v -0.711407 0.438245 -0.485305
v -0.652389 0.373601 -0.506834
v -0.730481 0.383574 -0.518294
v -0.691002 0.359429 -0.570898
v -0.655354 0.485380 -0.507570
v -0.594909 0.474244 -0.433140
v -0.929398 0.331150 -0.202238
v -0.981737 0.203821 -0.124369
v -0.954332 0.269972 -0.236165
v -0.975607 0.201983 -0.193479
v -0.936509 0.329663 -0.122609
v -0.966619 0.269625 -0.086295
v -0.679687 0.415992 0.481249
v -0.633683 0.384492 0.616188
v -0.693673 0.360821 0.513203
v -0.668596 0.342625 0.573186
v -0.643485 0.462916 0.515487
v -0.592240 0.431142 0.564797
v -0.927149 0.326124 0.197440
v -0.979933 0.202496 0.122681
v -0.947200 0.266803 0.237342
v -0.973075 0.199964 0.196127
v -0.934722 0.329911 0.122197
v -0.963113 0.271456 0.085679
v 0.507800 0.679721 0.426671
v 0.631743 0.611090 0.384449
v 0.539762 0.699108 0.371524
v 0.601459 0.660839 0.346756
v 0.506556 0.587812 0.433160
v 0.596254 0.581063 0.438127
v 0.394268 0.614825 0.605397
v 0.439071 0.492563 0.674860
v 0.352279 0.583569 0.652660
v 0.374499 0.523003 0.688775
v 0.446568 0.565013 0.572193
v 0.482006 0.523635 0.626274
v 0.507520 0.692142 -0.428456
v 0.628395 0.612490 -0.383460
v 0.539495 0.704682 -0.378174
v 0.597305 0.652798 -0.348688
v 0.537727 0.640229 -0.461638
v 0.602835 0.603515 -0.440843
v 0.390830 0.615633 -0.535701
v 0.447206 0.516290 -0.638604
v 0.358557 0.604907 -0.624834
v 0.385673 0.549881 -0.657459
v 0.476748 0.591099 -0.383266
v 0.493282 0.534068 -0.568461
v 0.824965 0.498242 -0.078084
v 0.797999 0.484847 0.073338
v 0.791618 0.545888 -0.038833
v 0.766846 0.527114 0.043132
v 0.859859 0.443434 -0.039933
v 0.853429 0.443061 0.038903
v 0.710922 0.438620 -0.483155
v 0.643344 0.399080 -0.594915
v 0.678401 0.358181 -0.431127
v 0.692817 0.358771 -0.568651
v 0.657517 0.483843 -0.510164
v 0.620952 0.462621 -0.564361
v 0.920775 0.326270 -0.201080
v 0.972333 0.196097 -0.121492
v 0.946458 0.264355 -0.240904
v 0.965821 0.198834 -0.195249
v 0.925282 0.332147 -0.124111
v 0.954739 0.265318 -0.078961
v 0.703926 0.423974 0.493927
v 0.610745 0.371422 0.593994
v 0.710674 0.366635 0.521114
v 0.647079 0.334863 0.554629
v 0.584672 0.421648 0.468059
v 0.610511 0.445433 0.578890
v 0.919206 0.319871 0.201172
v 0.970241 0.198789 0.121353
v 0.935921 0.263760 0.232078
v 0.962765 0.199692 0.194912
v 0.925036 0.324529 0.121739
v 0.955061 0.264879 0.084275
v -0.101171 -0.660262 0.019184
v -0.197483 -0.888087 0.277354
v -0.188632 -0.909261 0.171315
v -0.227622 -0.898818 0.227351
v -0.066695 -0.895188 0.203768
v -0.122994 -0.890342 0.269553
v -0.117433 -0.912732 -0.181704
v -0.193640 -0.864732 -0.302649
v -0.186251 -0.903070 -0.182734
v -0.226968 -0.884934 -0.243921
v -0.079646 -0.894279 -0.242170
v -0.118282 -0.866568 -0.302243
v 0.118824 -0.923011 0.170756
v 0.193477 -0.888013 0.277082
v 0.181910 -0.898176 0.165525
v 0.222009 -0.897860 0.225793
v 0.078614 -0.910500 0.219965
v 0.125717 -0.889581 0.271967
v 0.117478 -0.916534 -0.182058
v 0.192103 -0.858872 -0.302445
v 0.185399 -0.907430 -0.182052
v 0.225388 -0.883719 -0.244005
v 0.081321 -0.898730 -0.241961
v 0.118307 -0.864413 -0.302683
v -0.513102 -0.713524 0.371980
v -0.690354 -0.611558 0.368309
v -0.545301 -0.719039 0.322280
v -0.618781 -0.680785 0.301504
v -0.603624 -0.622709 0.323862
v -0.665356 -0.596556 0.425358
v -0.074785 -0.822999 0.417809
v 0.077751 -0.824196 0.423532
v -0.032910 -0.797004 0.449805
v 0.038496 -0.800226 0.461996
v -0.031796 -0.854549 0.376474
v 0.036096 -0.852202 0.376285
v -0.387359 -0.567775 0.592993
v -0.432347 -0.451857 0.660303
v -0.346915 -0.541295 0.640591
v -0.370707 -0.483954 0.675397
v -0.448229 -0.529601 0.573517
v -0.474358 -0.475496 0.609522
v -0.509477 -0.687263 -0.425107
v -0.588173 -0.576590 -0.344327
v -0.543366 -0.702742 -0.369115
v -0.601083 -0.659389 -0.345478
v -0.541141 -0.637790 -0.463040
v -0.605659 -0.601103 -0.441062
v -0.077367 -0.796661 -0.480545
v 0.076975 -0.795637 -0.480771
v -0.038080 -0.756269 -0.515264
v 0.038122 -0.771672 -0.528106
v -0.040293 -0.816056 -0.423907
v 0.040235 -0.817625 -0.425384
v -0.397669 -0.623147 -0.581625
v -0.446274 -0.512554 -0.648676
v -0.357257 -0.602733 -0.636683
v -0.380106 -0.540082 -0.661083
v -0.464593 -0.595101 -0.570181
v -0.492433 -0.541500 -0.603159
v -0.840163 -0.517607 -0.078832
v -0.841613 -0.515504 0.076904
v -0.807885 -0.559386 -0.037561
v -0.804997 -0.562263 0.037033
v -0.887886 -0.465806 -0.040167
v -0.888674 -0.472155 0.045478
v -0.709383 -0.439678 -0.487493
v -0.640174 -0.397387 -0.592488
v -0.725397 -0.378925 -0.516036
v -0.690714 -0.357982 -0.569911
v -0.664850 -0.486728 -0.516313
v -0.623214 -0.462863 -0.564875
v -0.951857 -0.338788 -0.203729
v -0.986423 -0.197502 -0.121346
v -0.964316 -0.277678 -0.236781
v -0.978003 -0.200851 -0.192184
v -0.956868 -0.342316 -0.128854
v -0.976011 -0.270536 -0.083444
v -0.749448 -0.434980 0.468375
v -0.617284 -0.346710 0.600586
v -0.724721 -0.343705 0.493064
v -0.667614 -0.306744 0.566183
v -0.705120 -0.469333 0.469517
v -0.595901 -0.398737 0.559974
v -0.929760 -0.332883 0.193686
v -0.970465 -0.196534 0.121793
v -0.764788 -0.172456 0.139076
v -0.981798 -0.203959 0.198399
v -0.796917 -0.243156 0.107678
v -0.978700 -0.267467 0.089006
v 0.515862 -0.708707 0.371378
v 0.683885 -0.611504 0.363720
v 0.547762 -0.720300 0.323070
v 0.613559 -0.676064 0.299312
v 0.613665 -0.620502 0.352137
v 0.667129 -0.593063 0.420877
v 0.381769 -0.561248 0.588653
v 0.430151 -0.452155 0.661994
v 0.345790 -0.541113 0.639208
v 0.370122 -0.484192 0.677957
v 0.444652 -0.524730 0.571265
v 0.471222 -0.475964 0.606153
v 0.508544 -0.686985 -0.425569
v 0.636441 -0.617854 -0.384115
v 0.546522 -0.704388 -0.368968
v 0.590336 -0.650589 -0.339027
v 0.539064 -0.638782 -0.462744
v 0.613431 -0.604775 -0.448181
v 0.389830 -0.619356 -0.576747
v 0.447866 -0.514199 -0.650727
v 0.360926 -0.600202 -0.632980
v 0.382626 -0.541965 -0.665160
v 0.453999 -0.581395 -0.546353
v 0.490390 -0.535100 -0.598553
v 0.835684 -0.517492 -0.075712
v 0.831974 -0.510968 0.090704
v 0.794678 -0.558505 -0.042235
v 0.806932 -0.565549 0.039094
v 0.882480 -0.459557 -0.040084
v 0.882559 -0.463339 0.039113
v 0.714197 -0.440571 -0.490854
v 0.641857 -0.399052 -0.591167
v 0.731957 -0.381397 -0.520527
v 0.696140 -0.359950 -0.572283
v 0.658145 -0.481108 -0.509703
v 0.624336 -0.463263 -0.562929
v 0.934304 -0.332138 -0.202847
v 0.976422 -0.198213 -0.123874
v 0.953679 -0.266220 -0.234980
v 0.972468 -0.200474 -0.194292
v 0.940732 -0.336741 -0.131967
v 0.965615 -0.264071 -0.082837
v 0.750145 -0.441812 0.478028
v 0.619417 -0.346274 0.596946
v 0.752393 -0.376607 0.488617
v 0.670981 -0.315782 0.573978
v 0.706678 -0.474152 0.486415
v 0.604882 -0.393616 0.557827
v 0.935137 -0.323581 0.201630
v 0.969999 -0.187735 0.118085
v 0.960973 -0.279264 0.228336
v 0.965622 -0.195268 0.194538
v 0.950211 -0.333402 0.128070
v 0.924880 -0.253730 0.079123
v 0.193642 -0.096451 0.886395
v 0.316672 -0.167649 0.841072
v 0.191137 -0.157989 0.870600
v 0.255813 -0.197700 0.850846
v 0.256175 -0.061667 0.868936
v 0.318600 -0.099681 0.848317
v -0.192573 -0.097151 0.883809
v -0.312910 -0.166283 0.833682
v -0.192670 -0.163558 0.882622
v -0.256892 -0.198645 0.858948
v -0.244578 -0.052292 0.800134
v -0.320807 -0.096608 0.848166
v 0.193780 0.121864 0.892273
v 0.315419 0.196360 0.839217
v 0.193469 0.189542 0.887049
v 0.253813 0.226987 0.850774
v 0.250549 0.088130 0.849047
v 0.318527 0.123189 0.841738
v -0.192648 0.124137 0.871035
v -0.308551 0.193207 0.800302
v -0.192467 0.185256 0.873481
v -0.258661 0.226270 0.866380
v -0.256537 0.087841 0.862039
v -0.273610 0.113172 0.687006
v 0.508227 -0.061868 0.784780
v 0.498367 0.082255 0.751972
v 0.551411 -0.029517 0.744674
v 0.558069 0.049100 0.759942
v 0.446912 -0.022212 0.796477
v 0.449845 0.048896 0.805744
v -0.509457 -0.062668 0.782346
v -0.507807 0.084879 0.785228
v -0.562228 -0.027200 0.761774
v -0.563520 0.046527 0.762148
v -0.448034 -0.025150 0.803758
v -0.447151 0.049323 0.802734
v 0.199142 -0.119866 -0.834124
v 0.326198 -0.199214 -0.797592
v 0.200403 -0.190958 -0.836942
v 0.262805 -0.231451 -0.815864
v 0.265142 -0.082036 -0.811201
v 0.330382 -0.121990 -0.793652
v -0.191640 -0.119062 -0.644486
v -0.326792 -0.199575 -0.799609
v -0.198854 -0.191400 -0.813920
v -0.263266 -0.231859 -0.817287
v -0.266751 -0.083776 -0.793514
v -0.330004 -0.122039 -0.797444
v 0.199056 0.120699 -0.834372
v 0.324049 0.198785 -0.789972
v 0.198159 0.191727 -0.836180
v 0.262672 0.231879 -0.814161
v 0.266343 0.081933 -0.816198
v 0.329625 0.121026 -0.794711
v -0.195194 0.123797 -0.723532
v -0.327069 0.200353 -0.794515
v -0.197882 0.191666 -0.835327
v -0.262974 0.232240 -0.815874
v -0.266044 0.081869 -0.811613
v -0.330978 0.121685 -0.797758
v 0.519479 -0.078089 -0.741662
v 0.523721 0.077948 -0.746629
v 0.573777 -0.039197 -0.714274
v 0.573028 0.040078 -0.649080
v 0.463339 -0.040387 -0.761656
v 0.463021 0.040474 -0.763829
v -0.521858 -0.079225 -0.742828
v -0.520545 0.079135 -0.744577
v -0.575463 -0.039622 -0.727666
v -0.573834 0.040081 -0.729314
v -0.462983 -0.039899 -0.764074
v -0.461783 0.040557 -0.757838
v -0.423781 0.822843 0.061092
v -0.428193 0.830812 -0.065201
v -0.369340 0.860350 0.063753
v -0.367938 0.862118 -0.066494
v -0.536902 0.780955 0.103420
v -0.380678 0.757242 0.124023
v -0.513922 0.783669 0.165999
v -0.534162 0.777524 -0.105455
v -0.404776 0.828802 -0.129612
v -0.513240 0.782655 -0.171488
v -0.599624 0.741077 -0.001215
v -0.576839 0.745625 -0.146194
v -0.636453 0.702384 -0.039450
v -0.577394 0.743984 0.143142
v -0.642268 0.706959 0.039632
v 0.427475 0.833035 0.063164
v 0.429618 0.838559 -0.066202
v 0.367963 0.861461 0.063429
v 0.370190 0.863889 -0.066617
v 0.444145 0.646641 0.128239
v 0.408217 0.840175 0.125898
v 0.513893 0.782779 0.166318
v 0.536570 0.776321 -0.110655
v 0.406875 0.838226 -0.130502
v 0.509907 0.776363 -0.171579
v 0.600214 0.738758 -0.000504
v 0.577565 0.746264 -0.146743
v 0.641335 0.709373 -0.039997
v 0.573642 0.737022 0.142400
v 0.639727 0.707389 0.038742
v -0.435121 -0.856307 0.063884
v -0.435305 -0.851614 -0.060268
v -0.375598 -0.878534 0.062093
v -0.370344 -0.877183 -0.059557
v -0.539337 -0.795178 0.097703
v -0.410685 -0.855162 0.119923
v -0.515965 -0.799821 0.151723
v -0.532845 -0.782458 -0.099296
v -0.408940 -0.849513 -0.123346
v -0.511268 -0.783335 -0.161169
v -0.603184 -0.756769 0.001333
v -0.580045 -0.752488 -0.137489
v -0.641390 -0.715651 -0.039002
v -0.551667 -0.743714 0.110225
v -0.649377 -0.727129 0.039518
v 0.434219 -0.852703 0.060964
v 0.433523 -0.851006 -0.059715
v 0.371785 -0.882917 0.061841
v 0.370993 -0.876366 -0.059340
v 0.538614 -0.794609 0.098381
v 0.406610 -0.852518 0.118033
v 0.519750 -0.799696 0.152727
v 0.537813 -0.789444 -0.100469
v 0.407470 -0.845503 -0.121403
v 0.515908 -0.791386 -0.161680
v 0.575107 -0.717278 0.002975
v 0.571949 -0.746057 -0.139349
v 0.641013 -0.710010 -0.036830
v 0.578531 -0.760487 0.130643
v 0.650564 -0.726369 0.040498
v -0.000755 -0.538072 0.711339
v -0.104340 -0.482011 0.752333
v -0.039616 -0.578614 0.682058
v -0.142669 -0.524374 0.723730
v 0.104840 -0.485641 0.757638
v 0.038140 -0.577131 0.680531
v 0.142640 -0.523520 0.723522
v 0.063750 -0.389503 0.814297
v -0.065438 -0.389486 0.816608
v 0.063587 -0.331829 0.839111
v -0.062440 -0.335950 0.845231
v 0.166080 -0.464218 0.758238
v 0.126517 -0.370408 0.820616
v -0.166227 -0.468072 0.762150
v -0.124181 -0.369363 0.816780
v 0.001188 0.573967 0.718045
v -0.105010 0.520643 0.768700
v -0.040217 0.622574 0.698128
v -0.144984 0.559856 0.732649
v 0.105537 0.523803 0.770710
v 0.038267 0.572429 0.636989
v 0.143492 0.561658 0.736603
v 0.063017 0.417761 0.816222
v -0.062981 0.410118 0.795909
v 0.062101 0.357989 0.836472
v -0.063030 0.366586 0.855439
v 0.168005 0.500998 0.770905
v 0.127874 0.400057 0.827241
v -0.167000 0.498848 0.768322
v -0.130042 0.403855 0.832591
v -0.001691 -0.598420 -0.701692
v -0.105941 -0.543416 -0.736731
v -0.042489 -0.635342 -0.666375
v -0.144637 -0.580244 -0.703370
v 0.106586 -0.528841 -0.713372
v 0.042907 -0.635532 -0.666583
v 0.149357 -0.582883 -0.706174
v 0.066385 -0.443537 -0.786282
v -0.065533 -0.443219 -0.787543
v 0.065766 -0.379220 -0.802426
v -0.065815 -0.380426 -0.808865
v 0.172778 -0.522511 -0.739976
v 0.130733 -0.418490 -0.785072
v -0.169033 -0.522099 -0.735481
v -0.129982 -0.419571 -0.787082
v 0.000210 0.609536 -0.706623
v -0.098099 0.515633 -0.580801
v -0.039608 0.647278 -0.675971
v -0.147268 0.588136 -0.694962
v 0.106760 0.547100 -0.737112
v 0.041274 0.648124 -0.662337
v 0.147104 0.586209 -0.704878
v 0.066318 0.442447 -0.785407
v -0.065890 0.442842 -0.783799
v 0.065885 0.381127 -0.812719
v -0.065209 0.381802 -0.811044
v 0.172612 0.527682 -0.744710
v 0.130816 0.420441 -0.789821
v -0.173181 0.522791 -0.724982
v -0.131317 0.422261 -0.789271
v 0.816840 0.105502 -0.515473
v 0.873503 0.064103 -0.421570
v 0.824115 0.170362 -0.499292
v 0.889963 0.130548 -0.412624
v 0.814456 -0.105186 -0.514112
v 0.881454 -0.062666 -0.422521
v 0.816761 -0.170292 -0.493168
v 0.893421 -0.131146 -0.413742
v 0.780699 -0.000236 -0.571327
v 0.787331 -0.147529 -0.556710
v 0.744735 -0.040100 -0.605003
v 0.785587 0.145993 -0.553597
v 0.746694 0.040783 -0.606680
v 0.934374 0.065475 -0.391805
v 0.931965 -0.065128 -0.394064
v 0.802102 0.107873 0.525851
v 0.871602 0.069012 0.428173
v 0.802523 0.169802 0.504150
v 0.879523 0.132099 0.412124
v 0.799300 -0.089799 0.524797
v 0.861039 -0.050218 0.417034
v 0.798860 -0.147278 0.496939
v 0.883426 -0.123798 0.387787
v 0.771393 0.006772 0.590917
v 0.772189 -0.127758 0.566131
v 0.704315 -0.020747 0.562339
v 0.776582 0.146560 0.569604
v 0.726261 0.047906 0.621249
v 0.899610 0.058951 0.370265
v 0.902365 -0.062537 0.358470
v -0.807174 0.091851 -0.429179
v -0.860359 0.065443 -0.419170
v -0.824229 0.174142 -0.498182
v -0.886102 0.129771 -0.415186
v -0.805378 -0.106499 -0.503150
v -0.864766 -0.057996 -0.416896
v -0.815421 -0.170847 -0.496833
v -0.907918 -0.126522 -0.414951
v -0.782295 -0.001157 -0.570403
v -0.789702 -0.147508 -0.555889
v -0.747735 -0.039963 -0.605532
v -0.778797 0.145398 -0.532879
v -0.745287 0.039917 -0.604100
v -0.923373 0.065579 -0.388850
v -0.946304 -0.066509 -0.397985
v -0.786221 0.101857 0.511956
v -0.877155 0.066500 0.433293
v -0.808568 0.169122 0.506909
v -0.888641 0.133489 0.416457
v -0.806952 -0.094969 0.528085
v -0.864521 -0.053462 0.423014
v -0.806681 -0.150400 0.503444
v -0.858792 -0.106225 0.388196
v -0.758150 0.012079 0.575666
v -0.770072 -0.128940 0.565922
v -0.656491 -0.108403 0.452769
v -0.766529 0.144630 0.562727
v -0.718891 0.066085 0.594744
v -0.913005 0.066124 0.374655
v -0.897168 -0.058057 0.361067
v -0.065342 0.708207 0.072483
v -0.107044 0.917175 -0.066193
v -0.168251 0.831974 0.071805
v -0.171046 0.910182 -0.068656
v 0.105250 0.923620 0.065036
v 0.106111 0.919602 -0.066874
v 0.172338 0.900960 0.063145
v 0.172798 0.916285 -0.067661
v 0.000179 0.896845 0.125373
v -0.145457 0.898919 0.124405
v -0.040721 0.897226 0.188883
v -0.000624 0.904038 -0.131174
v -0.147196 0.912404 -0.132186
v -0.040256 0.897626 -0.198371
v 0.145574 0.905576 0.128090
v -0.067595 0.669035 0.182363
v 0.142964 0.887324 -0.130961
v 0.039297 0.899070 -0.199594
v -0.298832 0.813283 0.366821
v -0.394907 0.746201 0.402092
v -0.329499 0.802200 0.308154
v -0.429529 0.760103 0.344256
v -0.190848 0.748312 0.528175
v -0.284062 0.637460 0.516490
v -0.154379 0.721567 0.575016
v -0.261154 0.666850 0.615450
v -0.189951 0.797761 0.423353
v -0.254453 0.819711 0.306923
v -0.155296 0.831679 0.369147
v -0.397182 0.677343 0.497747
v -0.477207 0.727914 0.385650
v -0.466926 0.654562 0.484124
v -0.114807 0.757014 0.533254
v -0.116024 0.811645 0.431297
v -0.317780 0.630652 0.600243
v -0.432939 0.641307 0.547849
v -0.299893 0.822535 -0.375439
v -0.404345 0.763762 -0.408785
v -0.317926 0.801307 -0.328384
v -0.433725 0.774668 -0.358362
v -0.193881 0.764221 -0.521878
v -0.300904 0.709460 -0.552060
v -0.155454 0.743046 -0.567024
v -0.265765 0.688446 -0.598914
v -0.190728 0.819424 -0.428161
v -0.263553 0.856385 -0.322250
v -0.154951 0.833795 -0.378265
v -0.402241 0.699043 -0.493533
v -0.472781 0.736482 -0.394526
v -0.435057 0.653458 -0.404617
v -0.114323 0.775427 -0.530947
v -0.117637 0.819370 -0.430572
v -0.329003 0.658070 -0.592262
v -0.422676 0.644218 -0.511239
v -0.709879 0.574303 -0.297714
v -0.763922 0.526386 -0.188898
v -0.680438 0.617945 -0.262336
v -0.729862 0.568725 -0.153945
v -0.797651 0.426846 -0.406736
v -0.880656 0.386950 -0.308477
v -0.805679 0.357631 -0.429437
v -0.903088 0.335856 -0.345099
v -0.717788 0.519304 -0.395821
v -0.658174 0.621775 -0.326448
v -0.659186 0.559265 -0.416639
v -0.844644 0.444162 -0.193404
v -0.778334 0.537576 -0.117842
v -0.861207 0.444042 -0.121820
v -0.734499 0.389924 -0.442097
v -0.685427 0.502714 -0.447384
v -0.921759 0.335060 -0.274439
v -0.895530 0.389626 -0.158597
v -0.704669 0.567178 0.290608
v -0.765161 0.532224 0.188672
v -0.626846 0.572184 0.240042
v -0.752596 0.585397 0.156258
v -0.791252 0.412998 0.405680
v -0.858362 0.381739 0.303536
v -0.805157 0.356565 0.434536
v -0.880827 0.323280 0.337643
v -0.705013 0.502421 0.390427
v -0.663165 0.622653 0.322907
v -0.628441 0.527239 0.400989
v -0.849807 0.438267 0.194669
v -0.780082 0.539600 0.114008
v -0.859141 0.444733 0.119182
v -0.756858 0.396649 0.469299
v -0.683603 0.487286 0.459766
v -0.906339 0.324740 0.270010
v -0.893742 0.386627 0.159067
v 0.296923 0.811513 0.365888
v 0.403571 0.755478 0.408290
v 0.324049 0.819062 0.308142
v 0.433829 0.767866 0.350929
v 0.190133 0.746285 0.527820
v 0.296892 0.692966 0.569339
v 0.155352 0.725664 0.576729
v 0.256235 0.658669 0.609048
v 0.180969 0.726770 0.386719
v 0.261231 0.842553 0.309519
v 0.154387 0.828482 0.367760
v 0.115488 0.754806 0.532779
v 0.107507 0.757893 0.410290
v 0.361154 0.584699 0.442651
v 0.473995 0.730023 0.391242
v 0.473878 0.661327 0.488340
v 0.326308 0.642995 0.610442
v 0.430890 0.635738 0.548735
v 0.299867 0.827315 -0.376204
v 0.396082 0.738162 -0.394433
v 0.329534 0.834134 -0.323366
v 0.427784 0.763552 -0.355966
v 0.194763 0.764457 -0.519385
v 0.301521 0.711632 -0.559612
v 0.155117 0.736309 -0.563068
v 0.263849 0.684480 -0.600715
v 0.193984 0.819701 -0.430223
v 0.263315 0.855321 -0.323678
v 0.155345 0.841373 -0.377886
v 0.113013 0.772172 -0.525103
v 0.114916 0.831120 -0.436939
v 0.404364 0.702830 -0.497920
v 0.473132 0.738355 -0.395954
v 0.474116 0.674553 -0.482011
v 0.330716 0.662503 -0.598621
v 0.440179 0.654891 -0.538308
v 0.709759 0.573882 -0.300198
v 0.774159 0.535588 -0.191811
v 0.647183 0.594924 -0.257312
v 0.752134 0.585371 -0.156451
v 0.788800 0.418324 -0.400676
v 0.870767 0.384765 -0.308031
v 0.790667 0.355665 -0.420266
v 0.901837 0.331772 -0.340495
v 0.713436 0.514129 -0.392892
v 0.648106 0.609758 -0.323662
v 0.659975 0.559405 -0.417899
v 0.849892 0.438395 -0.196533
v 0.781947 0.540113 -0.118357
v 0.858128 0.441791 -0.117820
v 0.754381 0.397267 -0.451399
v 0.691791 0.504637 -0.455751
v 0.913064 0.327344 -0.276197
v 0.890162 0.385153 -0.158816
v 0.708504 0.570192 0.291228
v 0.768382 0.531543 0.188455
v 0.657853 0.580364 0.245098
v 0.739646 0.577367 0.152540
v 0.788060 0.412823 0.403670
v 0.859218 0.375508 0.303534
v 0.795185 0.351681 0.430746
v 0.871666 0.320751 0.336535
v 0.694978 0.494652 0.390120
v 0.652051 0.609821 0.318572
v 0.643770 0.541072 0.414904
v 0.843898 0.436754 0.190519
v 0.780756 0.538863 0.114889
v 0.846095 0.441979 0.116387
v 0.737740 0.384539 0.462480
v 0.660405 0.475260 0.439120
v 0.901246 0.321025 0.266535
v 0.889243 0.382536 0.158413
v -0.103191 -0.903321 0.059691
v -0.108111 -0.939758 -0.058039
v -0.170397 -0.933063 0.063069
v -0.174153 -0.932647 -0.058599
v 0.103381 -0.942541 0.062177
v 0.107492 -0.938922 -0.058272
v 0.179901 -0.914165 0.060468
v 0.174700 -0.931186 -0.059161
v 0.000086 -0.901316 0.108888
v -0.175185 -0.785268 0.094907
v -0.034293 -0.867079 0.138485
v 0.000133 -0.927444 -0.120138
v -0.148086 -0.924218 -0.121480
v -0.039767 -0.914989 -0.181615
v 0.149039 -0.905970 0.116356
v 0.037437 -0.922945 0.168018
v 0.147022 -0.926101 -0.120974
v 0.039434 -0.916574 -0.180899
v -0.301503 -0.841680 0.323997
v -0.412796 -0.783706 0.358839
v -0.333852 -0.851574 0.275344
v -0.442185 -0.793965 0.311438
v -0.193788 -0.784810 0.454343
v -0.286763 -0.606441 0.523190
v -0.153598 -0.632205 0.498376
v -0.256657 -0.616006 0.601519
v -0.195856 -0.838840 0.372112
v -0.264751 -0.874049 0.277273
v -0.163431 -0.868277 0.325324
v -0.409387 -0.709557 0.387594
v -0.479280 -0.754796 0.344393
v -0.470473 -0.673986 0.341164
v -0.122516 -0.789796 0.448237
v -0.127152 -0.844796 0.365912
v -0.318346 -0.595823 0.600218
v -0.412597 -0.551339 0.510698
v -0.299592 -0.818940 -0.362840
v -0.406383 -0.760460 -0.402759
v -0.331057 -0.835309 -0.304923
v -0.435956 -0.772205 -0.346177
v -0.193707 -0.759214 -0.522390
v -0.301479 -0.703686 -0.559036
v -0.157615 -0.734734 -0.565632
v -0.264314 -0.678534 -0.600905
v -0.185302 -0.762065 -0.388013
v -0.263219 -0.854526 -0.303918
v -0.157107 -0.842654 -0.364233
v -0.350875 -0.645992 -0.371149
v -0.474455 -0.733013 -0.387123
v -0.477407 -0.652509 -0.457559
v -0.118307 -0.769538 -0.529070
v -0.117345 -0.820911 -0.426231
v -0.331078 -0.655454 -0.599068
v -0.403487 -0.565560 -0.445356
v -0.723805 -0.585124 -0.298097
v -0.792970 -0.550965 -0.194084
v -0.687957 -0.629179 -0.257221
v -0.758571 -0.597012 -0.152605
v -0.804489 -0.423052 -0.407543
v -0.881609 -0.393157 -0.312022
v -0.797263 -0.353000 -0.419280
v -0.899707 -0.332941 -0.354005
v -0.708521 -0.510009 -0.388458
v -0.650285 -0.613488 -0.315919
v -0.653507 -0.550991 -0.412436
v -0.876873 -0.453709 -0.196988
v -0.799265 -0.556198 -0.114969
v -0.881189 -0.463033 -0.122804
v -0.749931 -0.394038 -0.454797
v -0.683021 -0.495893 -0.449593
v -0.930539 -0.337440 -0.273431
v -0.922657 -0.401492 -0.165068
v -0.755206 -0.582449 0.297493
v -0.805571 -0.545434 0.189420
v -0.704920 -0.642984 0.228939
v -0.763506 -0.600318 0.141245
v -0.808598 -0.417944 0.388510
v -0.869708 -0.383580 0.306437
v -0.822364 -0.363929 0.417901
v -0.885552 -0.328786 0.329828
v -0.755439 -0.524023 0.382400
v -0.700715 -0.625373 0.302014
v -0.712137 -0.563769 0.408282
v -0.868903 -0.461530 0.197703
v -0.772535 -0.534329 0.093103
v -0.836059 -0.446301 0.112960
v -0.786467 -0.399117 0.449476
v -0.732010 -0.507602 0.438894
v -0.846242 -0.319759 0.263297
v -0.928200 -0.406677 0.158448
v 0.308258 -0.840437 0.324681
v 0.405027 -0.782917 0.357675
v 0.335757 -0.851367 0.277823
v 0.436188 -0.792285 0.308399
v 0.189791 -0.784872 0.455139
v 0.288613 -0.597791 0.511639
v 0.150454 -0.645702 0.498367
v 0.254137 -0.611804 0.598273
v 0.190958 -0.840200 0.370406
v 0.266036 -0.870590 0.274453
v 0.160151 -0.869510 0.325395
v 0.121213 -0.795839 0.464738
v 0.120519 -0.846054 0.373080
v 0.406979 -0.706981 0.387664
v 0.477632 -0.751323 0.340272
v 0.474803 -0.678003 0.336005
v 0.320970 -0.598630 0.603391
v 0.402862 -0.535405 0.497079
v 0.298699 -0.817585 -0.361034
v 0.394354 -0.740776 -0.391658
v 0.330442 -0.833508 -0.305432
v 0.429940 -0.764185 -0.340991
v 0.188840 -0.756727 -0.517766
v 0.306195 -0.700147 -0.557215
v 0.152195 -0.733953 -0.564163
v 0.261847 -0.673787 -0.598445
v 0.192117 -0.810406 -0.419248
v 0.264382 -0.853005 -0.306166
v 0.155367 -0.816247 -0.350432
v 0.114978 -0.767237 -0.527419
v 0.115519 -0.811760 -0.422013
v 0.406853 -0.696522 -0.496810
v 0.469644 -0.725699 -0.382715
v 0.466837 -0.652054 -0.461414
v 0.334998 -0.655141 -0.597970
v 0.389199 -0.614029 -0.447214
v 0.710583 -0.576223 -0.293217
v 0.784060 -0.546198 -0.192575
v 0.672994 -0.615463 -0.251786
v 0.756083 -0.593523 -0.156719
v 0.796830 -0.418746 -0.405087
v 0.881616 -0.388428 -0.306717
v 0.803062 -0.359388 -0.423381
v 0.902418 -0.336200 -0.352196
v 0.701564 -0.512235 -0.383793
v 0.654351 -0.616789 -0.317959
v 0.657522 -0.558626 -0.416105
v 0.865293 -0.451096 -0.197713
v 0.794358 -0.554477 -0.115071
v 0.883723 -0.451323 -0.120884
v 0.762905 -0.400280 -0.461795
v 0.674322 -0.495116 -0.445398
v 0.924262 -0.335094 -0.274938
v 0.909538 -0.400237 -0.157755
v 0.750273 -0.582920 0.292593
v 0.808477 -0.528890 0.193583
v 0.711151 -0.633517 0.241089
v 0.763889 -0.595508 0.131347
v 0.809027 -0.422689 0.394135
v 0.867089 -0.384083 0.302913
v 0.814380 -0.364366 0.414289
v 0.873782 -0.319141 0.323426
v 0.747020 -0.509392 0.374800
v 0.706604 -0.619237 0.308727
v 0.715088 -0.557754 0.403940
v 0.842435 -0.448604 0.199288
v 0.663634 -0.481990 0.027380
v 0.867521 -0.462906 0.115959
v 0.784754 -0.407197 0.450366
v 0.726142 -0.491029 0.431625
v 0.919448 -0.329063 0.279534
v 0.903514 -0.386717 0.158924
v 0.064134 -0.089139 0.903862
v -0.065228 -0.087351 0.901571
v 0.063494 -0.148454 0.882436
v -0.062488 -0.144217 0.870221
v 0.063768 0.113090 0.904251
v -0.065200 0.113879 0.882555
v 0.059790 0.168150 0.821843
v -0.064764 0.175853 0.902993
v 0.128586 0.013121 0.895364
v 0.127440 -0.126387 0.895599
v 0.193047 -0.024411 0.885015
v -0.118595 -0.009669 0.640329
v -0.128141 -0.119265 0.871833
v -0.193171 -0.016544 0.859086
v 0.127123 0.150997 0.893756
v 0.192955 0.050204 0.886718
v -0.129368 0.151735 0.893198
v -0.186859 0.054344 0.748931
v 0.411827 -0.365508 0.737961
v 0.372641 -0.269727 0.801096
v 0.350336 -0.382645 0.738333
v 0.314860 -0.296764 0.811676
v 0.585716 -0.265416 0.680616
v 0.551010 -0.170808 0.746449
v 0.623210 -0.221021 0.634887
v 0.592651 -0.123128 0.699049
v 0.515848 -0.354584 0.670787
v 0.394346 -0.428260 0.710615
v 0.494971 -0.414561 0.640761
v 0.634886 -0.295889 0.634984
v 0.559805 -0.379241 0.620777
v 0.438585 -0.166082 0.790715
v 0.316146 -0.235265 0.830050
v 0.380679 -0.132291 0.819377
v 0.556182 -0.100117 0.753342
v 0.445018 -0.095776 0.797165
v -0.326309 -0.241038 0.563904
v -0.372427 -0.268249 0.793382
v -0.353640 -0.382195 0.730500
v -0.315616 -0.297751 0.810155
v -0.587704 -0.268097 0.685285
v -0.549096 -0.170035 0.742843
v -0.636413 -0.233927 0.657926
v -0.600666 -0.137570 0.720650
v -0.518480 -0.347850 0.658894
v -0.391032 -0.416257 0.700858
v -0.498187 -0.420236 0.643439
v -0.634969 -0.292471 0.633832
v -0.559013 -0.383853 0.623082
v -0.441640 -0.166261 0.794309
v -0.311038 -0.228077 0.816767
v -0.382164 -0.132396 0.822865
v -0.557092 -0.099617 0.755444
v -0.447302 -0.096816 0.803031
v 0.418190 0.398589 0.751952
v 0.371112 0.262323 0.628064
v 0.356523 0.426025 0.759873
v 0.216943 0.459692 0.513831
v 0.592987 0.295044 0.692121
v 0.548632 0.192363 0.743631
v 0.641175 0.258635 0.661416
v 0.598099 0.158568 0.717541
v 0.520426 0.392850 0.682559
v 0.396906 0.460536 0.721925
v 0.501353 0.456523 0.653790
v 0.638260 0.323380 0.642404
v 0.565696 0.419135 0.632518
v 0.442729 0.193319 0.800570
v 0.212830 0.119461 0.602305
v 0.385055 0.160304 0.826881
v 0.554714 0.119722 0.750385
v 0.445474 0.122533 0.795289
v -0.415314 0.393109 0.740289
v -0.376226 0.296425 0.807830
v -0.355872 0.423375 0.754642
v -0.317499 0.325459 0.817835
v -0.592913 0.294069 0.690516
v -0.548970 0.192051 0.743887
v -0.585894 0.221512 0.598173
v -0.602572 0.159325 0.725803
v -0.516227 0.388625 0.667646
v -0.398262 0.462471 0.722575
v -0.505236 0.458212 0.658848
v -0.605326 0.308332 0.591847
v -0.564485 0.418898 0.631752
v -0.440024 0.192669 0.794251
v -0.316069 0.261206 0.835799
v -0.418200 0.180533 0.592314
v -0.559217 0.121034 0.758402
v -0.447138 0.122611 0.801306
v 0.065567 -0.110680 -0.852098
v -0.066657 -0.109989 -0.839013
v 0.066452 -0.178967 -0.852340
v -0.066432 -0.178155 -0.851918
v 0.066904 0.109666 -0.856755
v -0.068187 0.109152 -0.854667
v 0.066716 0.177694 -0.854118
v -0.066630 0.178861 -0.847751
v 0.132800 0.000076 -0.836158
v 0.132648 -0.151605 -0.849298
v 0.199854 -0.041634 -0.827556
v -0.133954 -0.000113 -0.810728
v -0.129380 -0.150288 -0.735454
v -0.198290 -0.042190 -0.750878
v 0.132182 0.150539 -0.844246
v 0.200253 0.041215 -0.827577
v -0.133480 0.149895 -0.796766
v -0.202307 0.038576 -0.785476
v 0.422384 -0.408598 -0.700076
v 0.386525 -0.307927 -0.764820
v 0.364933 -0.446352 -0.732147
v 0.323828 -0.338178 -0.775775
v 0.605704 -0.305708 -0.662019
v 0.563452 -0.196408 -0.717148
v 0.654071 -0.268224 -0.640948
v 0.612719 -0.158668 -0.693053
v 0.534790 -0.412316 -0.652347
v 0.405975 -0.483954 -0.693491
v 0.515054 -0.479922 -0.632375
v 0.651161 -0.333452 -0.619993
v 0.582056 -0.438272 -0.609713
v 0.451085 -0.196505 -0.748412
v 0.324640 -0.270041 -0.796542
v 0.392483 -0.160233 -0.775885
v 0.572362 -0.119687 -0.724895
v 0.459719 -0.119115 -0.758767
v -0.426233 -0.414705 -0.700229
v -0.385082 -0.307008 -0.765399
v -0.366041 -0.445223 -0.729797
v -0.324522 -0.338062 -0.776353
v -0.603999 -0.305301 -0.650691
v -0.559329 -0.195483 -0.705492
v -0.654109 -0.267544 -0.643351
v -0.609252 -0.158411 -0.683646
v -0.510345 -0.412599 -0.440195
v -0.405334 -0.480425 -0.692248
v -0.516432 -0.480710 -0.629298
v -0.650020 -0.332730 -0.619563
v -0.586425 -0.442874 -0.612438
v -0.452685 -0.197579 -0.753625
v -0.325457 -0.270396 -0.794415
v -0.393558 -0.161415 -0.775238
v -0.566489 -0.118114 -0.710003
v -0.459251 -0.120263 -0.760354
v 0.427594 0.416080 -0.720270
v 0.383564 0.306854 -0.768384
v 0.362286 0.439947 -0.705850
v 0.323817 0.337842 -0.776239
v 0.603672 0.304602 -0.662318
v 0.560067 0.195974 -0.708348
v 0.656365 0.267753 -0.643463
v 0.615209 0.164525 -0.632824
v 0.532984 0.410789 -0.651244
v 0.407898 0.482604 -0.693498
v 0.515477 0.482159 -0.631944
v 0.653539 0.334052 -0.622340
v 0.584845 0.442167 -0.613498
v 0.453135 0.197268 -0.755462
v 0.320512 0.267110 -0.776452
v 0.394533 0.161002 -0.776157
v 0.568085 0.112913 -0.667857
v 0.460377 0.119509 -0.763088
v -0.421510 0.402941 -0.614823
v -0.377599 0.200408 -0.396456
v -0.361647 0.445364 -0.699575
v -0.303018 0.336645 -0.542898
v -0.605412 0.305424 -0.664918
v -0.558889 0.195276 -0.708664
v -0.653802 0.266598 -0.640691
v -0.612105 0.158423 -0.691299
v -0.533424 0.411316 -0.651267
v -0.406678 0.485786 -0.694217
v -0.514568 0.478832 -0.628326
v -0.652151 0.334272 -0.619796
v -0.580466 0.439805 -0.575180
v -0.454027 0.197240 -0.753136
v -0.322845 0.272478 -0.703797
v -0.394312 0.160854 -0.778354
v -0.568530 0.118099 -0.721110
v -0.459181 0.119746 -0.760365
v 0.986682 0.068406 -0.106654
v 0.985996 -0.062972 -0.112004
v 0.981602 0.069342 -0.182296
v 0.980503 -0.067735 -0.178684
v 0.984483 0.067441 0.109528
v 0.986605 -0.069128 0.114596
v 0.981045 0.067064 0.176843
v 0.981095 -0.068383 0.178361
v 0.984699 0.130241 -0.002432
v 0.979159 0.134498 -0.152185
v 0.974669 0.197805 -0.040896
v 0.977760 0.132376 0.150994
v 0.974250 0.201624 0.043165
v 0.987162 -0.133706 -0.000542
v 0.981165 -0.137384 -0.156156
v 0.979312 -0.199370 -0.043413
v 0.978878 -0.131109 0.152716
v 0.978647 -0.200746 0.043091
v -0.997108 0.069394 -0.113327
v -0.996551 -0.067924 -0.114956
v -0.992328 0.069809 -0.169322
v -0.991949 -0.066424 -0.176794
v -0.996313 0.064812 0.114377
v -0.995151 -0.065673 0.107882
v -0.991661 0.067915 0.177005
v -0.989792 -0.067876 0.179702
v -0.993640 0.133313 -0.002716
v -0.991181 0.131574 -0.151102
v -0.982214 0.203345 -0.044369
v -0.988755 0.132186 0.155321
v -0.982813 0.201783 0.044241
v -0.995696 -0.133922 0.000145
v -0.993008 -0.130342 -0.153281
v -0.990688 -0.200517 -0.041383
v -0.989591 -0.135098 0.155222
v -0.987944 -0.200892 0.041489
v -0.277351 0.878916 0.127417
v -0.312334 0.829583 0.177010
v -0.279036 0.881232 -0.131672
v -0.316924 0.849967 -0.196023
v -0.246803 0.852713 0.183913
v -0.250181 0.868729 -0.192679
v -0.530934 0.741913 0.269684
v -0.592177 0.705989 0.245346
v -0.562688 0.698378 0.307834
v -0.514549 0.721903 -0.269070
v -0.548787 0.659445 -0.234463
v -0.551928 0.680878 -0.308241
v -0.716452 0.627340 -0.041269
v -0.723703 0.632490 0.039585
v -0.757102 0.588513 0.000297
v 0.273119 0.849182 0.123207
v 0.318000 0.858978 0.190801
v 0.276868 0.874654 -0.131192
v 0.318919 0.861207 -0.197321
v 0.252536 0.879917 0.189959
v 0.252383 0.845466 -0.194757
v 0.527664 0.740813 0.268793
v 0.594483 0.708710 0.246778
v 0.570483 0.707328 0.311571
v 0.522525 0.730861 -0.275340
v 0.564055 0.659514 -0.251622
v 0.562049 0.699418 -0.312328
v 0.627839 0.537570 -0.033235
v 0.718671 0.628650 0.037371
v 0.744760 0.569487 0.003609
v -0.277648 -0.896397 0.119974
v -0.312867 -0.844555 0.155086
v -0.282375 -0.895241 -0.121343
v -0.319000 -0.865376 -0.182417
v -0.255004 -0.902270 0.175114
v -0.252523 -0.884895 -0.182769
v -0.532768 -0.765400 0.239465
v -0.605086 -0.723732 0.216929
v -0.574983 -0.724055 0.271890
v -0.529615 -0.747050 -0.265295
v -0.587459 -0.699761 -0.241385
v -0.569697 -0.710423 -0.307043
v -0.720540 -0.637338 -0.039741
v -0.732529 -0.650612 0.040093
v -0.767798 -0.602148 0.000163
v 0.294168 -0.871961 0.111173
v 0.323599 -0.882301 0.173417
v 0.282929 -0.899916 -0.120973
v 0.323906 -0.876933 -0.184021
v 0.258825 -0.873598 0.155477
v 0.255845 -0.893914 -0.182608
v 0.537564 -0.767694 0.239619
v 0.599557 -0.728647 0.218697
v 0.573901 -0.725550 0.271798
v 0.527234 -0.745323 -0.263404
v 0.601334 -0.717159 -0.244076
v 0.569294 -0.706271 -0.308001
v 0.719228 -0.636509 -0.036833
v 0.721658 -0.643402 0.029868
v 0.762388 -0.600216 -0.002441
v -0.038016 -0.642192 0.608857
v 0.037813 -0.643162 0.607543
v -0.245259 -0.528403 0.679924
v -0.270100 -0.476768 0.722035
v 0.003310 -0.626442 0.495966
v -0.308029 -0.506952 0.678885
v 0.242138 -0.521333 0.674073
v 0.259588 -0.313676 0.531169
v 0.305483 -0.489412 0.664867
v 0.127659 -0.251780 0.865728
v 0.191018 -0.286888 0.842038
v -0.127851 -0.246052 0.858510
v -0.192962 -0.283497 0.836963
v 0.190245 -0.226571 0.856130
v -0.191856 -0.226314 0.863385
v -0.042143 0.700192 0.623335
v 0.040740 0.697325 0.622535
v -0.245522 0.551880 0.671433
v -0.271840 0.513688 0.732858
v -0.000660 0.733651 0.582575
v -0.314453 0.551981 0.695982
v 0.248065 0.576393 0.696676
v 0.273274 0.513359 0.731791
v 0.315199 0.555398 0.701428
v 0.128234 0.278823 0.872686
v 0.193782 0.317660 0.850891
v -0.128984 0.276231 0.864533
v -0.193587 0.318539 0.853790
v 0.195127 0.252834 0.873188
v -0.188414 0.250429 0.837816
v -0.062644 -0.586424 -0.404844
v 0.051410 -0.666699 -0.525566
v -0.252919 -0.591732 -0.667062
v -0.281641 -0.538088 -0.707579
v 0.193521 -0.677948 -0.272829
v -0.319771 -0.571272 -0.672579
v 0.245909 -0.589114 -0.662603
v 0.279968 -0.534911 -0.704004
v 0.323047 -0.566994 -0.671142
v 0.131640 -0.290254 -0.827083
v 0.197688 -0.329984 -0.806766
v -0.132484 -0.288968 -0.824939
v -0.197855 -0.328686 -0.805181
v 0.199795 -0.262899 -0.823162
v -0.198311 -0.260542 -0.820534
v -0.040454 0.718925 -0.605896
v 0.041870 0.717075 -0.600231
v -0.253151 0.600160 -0.675238
v -0.278675 0.539052 -0.705456
v -0.000608 0.754441 -0.571893
v -0.319092 0.573435 -0.669807
v 0.253187 0.600659 -0.674285
v 0.276382 0.542085 -0.702775
v 0.320782 0.577967 -0.671597
v 0.134046 0.289857 -0.823952
v 0.198702 0.329687 -0.808577
v -0.132550 0.288472 -0.822915
v -0.198140 0.329052 -0.803902
v 0.199104 0.261245 -0.824272
v -0.197879 0.260537 -0.819266
v 0.783060 0.277996 -0.511623
v 0.744259 0.254163 -0.565073
v 0.950750 0.205677 -0.342124
v 0.965650 0.135157 -0.295185
v 0.740081 0.318265 -0.539174
v 0.959252 0.205658 -0.263630
v 0.778030 -0.277000 -0.506049
v 0.734678 -0.251064 -0.549372
v 0.948302 -0.204120 -0.336762
v 0.965144 -0.137231 -0.293192
v 0.732348 -0.316346 -0.530758
v 0.968364 -0.203629 -0.266095
v 0.663238 -0.040165 -0.625501
v 0.764708 -0.485312 -0.405254
v 0.609007 -0.009715 -0.512544
v 0.767859 0.270459 0.518467
v 0.724943 0.243758 0.566856
v 0.921282 0.198982 0.331707
v 0.955990 0.131346 0.290128
v 0.730051 0.313608 0.556526
v 0.949210 0.202457 0.261009
v 0.764768 -0.244927 0.499557
v 0.714681 -0.216883 0.558646
v 0.883633 -0.185060 0.312539
v 0.955421 -0.135633 0.299193
v 0.717309 -0.275433 0.539709
v 0.944839 -0.193382 0.275531
v 0.644795 -0.027751 0.692475
v 0.649234 0.045134 0.696670
v 0.608607 0.009403 0.728300
v -0.779224 0.276316 -0.506349
v -0.740269 0.252434 -0.559243
v -0.947448 0.207065 -0.341699
v -0.977931 0.137207 -0.293630
v -0.732837 0.316151 -0.535658
v -0.969946 0.205201 -0.264948
v -0.784280 -0.277560 -0.511015
v -0.743581 -0.253409 -0.562816
v -0.944870 -0.203246 -0.344496
v -0.970371 -0.134214 -0.298296
v -0.740658 -0.319850 -0.541866
v -0.966393 -0.203916 -0.264634
v -0.664024 -0.040383 -0.668664
v -0.664398 0.040391 -0.668198
v -0.620863 -0.000299 -0.699852
v -0.785528 0.269414 0.525692
v -0.731629 0.245219 0.583283
v -0.930995 0.204729 0.334462
v -0.962718 0.131782 0.293402
v -0.707768 0.312900 0.544571
v -0.957980 0.204229 0.266524
v -0.763588 -0.244116 0.506164
v -0.726963 -0.224367 0.574642
v -0.930775 -0.200299 0.321983
v -0.960177 -0.129123 0.298026
v -0.719802 -0.279017 0.539976
v -0.982762 -0.220102 0.273159
v -0.647377 -0.026978 0.688315
v -0.651825 0.046184 0.697602
v -0.606297 0.009040 0.730614
v -0.038401 0.863464 0.311920
v 0.039827 0.861372 0.312818
v 0.000709 0.846531 0.378148
v -0.038357 0.849221 -0.324490
v 0.038499 0.869859 -0.326455
v -0.001280 0.843311 -0.383497
v -0.509161 0.524964 0.444686
v -0.507488 0.530496 0.543268
v -0.590621 0.509962 0.544006
v -0.572733 0.589762 -0.500585
v -0.535918 0.569817 -0.553707
v -0.600392 0.530692 -0.536238
v -0.903219 0.389233 -0.000438
v -0.938790 0.331465 -0.038979
v -0.936847 0.332278 0.040739
v 0.557025 0.560211 0.492960
v 0.487440 0.475917 0.517862
v 0.594455 0.510951 0.549995
v 0.563169 0.582463 -0.492532
v 0.536199 0.569954 -0.554414
v 0.596240 0.525518 -0.531723
v 0.896066 0.386762 -0.001959
v 0.927476 0.328324 -0.039646
v 0.929652 0.327374 0.040857
v -0.036798 -0.897027 0.273228
v 0.034352 -0.895392 0.273474
v 0.000229 -0.878713 0.329001
v -0.040300 -0.870933 -0.303872
v 0.039309 -0.872768 -0.306218
v -0.001003 -0.849754 -0.365881
v -0.619134 -0.520438 0.453176
v -0.512494 -0.486330 0.546531
v -0.583091 -0.442440 0.506008
v -0.558049 -0.562127 -0.451976
v -0.525506 -0.549675 -0.528686
v -0.598118 -0.522763 -0.530284
v -0.931693 -0.407448 0.003681
v -0.957182 -0.342809 -0.041655
v -0.961181 -0.347141 0.045447
v 0.647472 -0.536779 0.456244
v 0.478262 -0.426555 0.509083
v 0.613572 -0.460618 0.498871
v 0.581597 -0.578488 -0.485853
v 0.489139 -0.529934 -0.486195
v 0.568098 -0.479871 -0.427755
v 0.920166 -0.403273 0.000028
v 0.945656 -0.340648 -0.033518
v 0.949911 -0.339134 0.042435
v 0.320591 -0.021959 0.840245
v 0.318308 0.052177 0.829285
v 0.383991 0.015900 0.814013
v -0.320803 -0.020887 0.826462
v -0.321834 0.051265 0.845440
v -0.386871 0.013067 0.829037
v 0.333134 -0.040769 -0.796558
v 0.333782 0.040976 -0.801118
v 0.400049 0.000192 -0.780774
v -0.333042 -0.041138 -0.796227
v -0.333472 0.041354 -0.797108
v -0.400296 0.000297 -0.778578
v -0.380223 0.571012 -0.013981
v -0.493718 0.687756 0.050156
v -0.485449 0.704030 -0.049938
v -0.524656 0.765780 -0.021031
v -0.529665 0.766100 0.016616
v 0.480951 0.809286 -0.000502
v 0.490052 0.781690 0.026565
v 0.499219 0.803386 -0.026552
v 0.527351 0.785120 -0.015567
v 0.518881 0.759333 0.015899
v -0.489995 -0.834200 0.002691
v -0.507965 -0.824454 0.030187
v -0.505218 -0.819534 -0.024938
v -0.533394 -0.802427 -0.014820
v -0.535141 -0.806741 0.019295
v 0.485761 -0.828576 0.002602
v 0.505663 -0.819927 0.028861
v 0.503832 -0.816259 -0.023829
v 0.534521 -0.802213 -0.014812
v 0.535555 -0.804874 0.019890
v -0.016302 -0.480716 0.768306
v 0.016362 -0.482310 0.770360
v -0.000060 -0.442987 0.796051
v 0.026493 -0.458264 0.786901
v -0.026612 -0.456256 0.784140
v -0.016905 0.510670 0.770640
v 0.017950 0.508411 0.762972
v 0.000396 0.472016 0.801574
v 0.027261 0.487938 0.791770
v -0.028455 0.486888 0.787928
v -0.017079 -0.540516 -0.754412
v 0.015322 -0.538803 -0.750152
v 0.000024 -0.498029 -0.780372
v 0.026325 -0.511748 -0.762806
v -0.026556 -0.514366 -0.768514
v -0.017722 0.541614 -0.744493
v 0.017290 0.541417 -0.746568
v -0.000587 0.498352 -0.772157
v 0.028631 0.515686 -0.762488
v -0.029912 0.514596 -0.758705
v 0.845404 0.027171 -0.488014
v 0.844622 -0.027942 -0.487575
v 0.829359 -0.016801 -0.513189
v 0.831856 0.017312 -0.517078
v 0.851018 -0.001326 -0.468650
v 0.820441 0.032587 0.490199
v 0.834117 -0.018967 0.498211
v 0.806800 -0.007412 0.516431
v 0.784316 0.024216 0.506380
v 0.840844 0.007247 0.479697
v -0.849413 0.029692 -0.490883
v -0.849587 -0.030692 -0.488933
v -0.828257 -0.017531 -0.513283
v -0.833058 0.018815 -0.517154
v -0.852983 -0.000986 -0.471121
v -0.835063 0.033376 0.497181
v -0.841575 -0.020175 0.497327
v -0.823852 -0.008643 0.525268
v -0.817567 0.025039 0.525451
v -0.849135 0.004926 0.480235
v -0.036411 0.921678 -0.001740
v 0.034772 0.924205 -0.001672
v -0.019814 0.923043 0.031075
v -0.018312 0.923155 -0.034553
v 0.017628 0.924955 0.031074
v 0.017411 0.919908 -0.034031
v -0.317573 0.766872 0.444139
v -0.282793 0.747644 0.498332
v -0.278380 0.766435 0.443118
v -0.335530 0.748246 0.467225
v -0.262808 0.761992 0.472623
v -0.316995 0.735308 0.493474
v -0.318240 0.778493 -0.443759
v -0.282461 0.760764 -0.492342
v -0.285405 0.790618 -0.450362
v -0.332510 0.752859 -0.456186
v -0.267839 0.783868 -0.478313
v -0.302868 0.718147 -0.444532
v -0.775206 0.509068 -0.284317
v -0.813755 0.464645 -0.323070
v -0.765473 0.509747 -0.317258
v -0.800399 0.487620 -0.266618
v -0.785304 0.484942 -0.338880
v -0.818639 0.465465 -0.286649
v -0.771539 0.503132 0.278471
v -0.806336 0.453607 0.317774
v -0.762369 0.502486 0.312893
v -0.797328 0.481189 0.263191
v -0.784858 0.477577 0.335669
v -0.815150 0.455623 0.281873
v 0.318004 0.768358 0.445144
v 0.284440 0.750864 0.500025
v 0.284999 0.780244 0.449672
v 0.266354 0.767894 0.476973
v 0.327294 0.718779 0.448934
v 0.311425 0.717359 0.484388
v 0.315431 0.777356 -0.444508
v 0.283179 0.761641 -0.494934
v 0.281448 0.787417 -0.447614
v 0.265232 0.780075 -0.473486
v 0.333976 0.758015 -0.465582
v 0.316945 0.749922 -0.490704
v 0.777697 0.508050 -0.288939
v 0.805439 0.458148 -0.322967
v 0.763858 0.502636 -0.320583
v 0.802818 0.486016 -0.272584
v 0.779058 0.478494 -0.337703
v 0.815364 0.459807 -0.288905
v 0.780369 0.509207 0.281804
v 0.806880 0.457726 0.318716
v 0.766689 0.504086 0.316219
v 0.798665 0.484474 0.263889
v 0.778916 0.477289 0.335539
v 0.813158 0.458970 0.282828
v -0.036222 -0.948394 0.004718
v 0.035864 -0.946616 0.004592
v -0.018655 -0.946308 0.035175
v -0.018742 -0.944496 -0.025766
v 0.018251 -0.948913 0.034842
v 0.018708 -0.943298 -0.025934
v -0.321938 -0.800439 0.390857
v -0.285672 -0.783838 0.439648
v -0.285262 -0.808561 0.391881
v -0.341076 -0.780864 0.406940
v -0.267330 -0.799799 0.415267
v -0.318795 -0.772441 0.427302
v -0.317351 -0.769871 -0.436604
v -0.281884 -0.747354 -0.487629
v -0.281957 -0.776008 -0.438578
v -0.334247 -0.745763 -0.456599
v -0.264458 -0.764099 -0.463565
v -0.313289 -0.729853 -0.480564
v -0.785411 -0.516466 -0.285384
v -0.816721 -0.469224 -0.325690
v -0.773385 -0.511039 -0.318959
v -0.810308 -0.497877 -0.270054
v -0.788515 -0.487714 -0.339144
v -0.826516 -0.472931 -0.290281
v -0.805036 -0.517496 0.283937
v -0.822928 -0.467870 0.312496
v -0.794507 -0.515590 0.314077
v -0.825904 -0.497216 0.268244
v -0.799094 -0.484443 0.324006
v -0.834634 -0.474438 0.283512
v 0.326509 -0.799430 0.393412
v 0.289178 -0.778785 0.435240
v 0.290702 -0.806258 0.389006
v 0.269697 -0.796413 0.411520
v 0.343911 -0.781645 0.414828
v 0.325832 -0.770518 0.432987
v 0.319735 -0.776362 -0.442026
v 0.287705 -0.757164 -0.489916
v 0.286068 -0.786925 -0.444699
v 0.269496 -0.776663 -0.469261
v 0.338840 -0.756281 -0.462756
v 0.322085 -0.746164 -0.487948
v 0.780790 -0.511268 -0.283854
v 0.810950 -0.466264 -0.320209
v 0.770977 -0.508086 -0.315667
v 0.804709 -0.492955 -0.270257
v 0.786396 -0.485134 -0.334386
v 0.821406 -0.468789 -0.286677
v 0.803491 -0.518598 0.281953
v 0.818294 -0.460817 0.312976
v 0.795419 -0.515255 0.313570
v 0.823380 -0.497069 0.266262
v 0.801890 -0.484179 0.328510
v 0.827328 -0.466929 0.282561
v -0.000317 -0.021996 0.911206
v -0.001195 0.046573 0.908951
v 0.031644 -0.004719 0.909639
v -0.033785 -0.002973 0.897697
v 0.031772 0.029969 0.910688
v -0.032421 0.033273 0.881465
v 0.455343 -0.283777 0.751840
v 0.512748 -0.253785 0.734778
v 0.478298 -0.299255 0.731678
v 0.507135 -0.284074 0.723082
v 0.458846 -0.251486 0.760911
v 0.487660 -0.235253 0.751477
v -0.449709 -0.261585 0.711150
v -0.514146 -0.254396 0.735884
v -0.469299 -0.255232 0.674363
v -0.507542 -0.281937 0.721081
v -0.460885 -0.251034 0.756881
v -0.490124 -0.235577 0.752219
v 0.456236 0.314752 0.760953
v 0.520771 0.281580 0.745845
v 0.481867 0.331522 0.741691
v 0.513503 0.314599 0.733966
v 0.460576 0.280012 0.770053
v 0.493091 0.262039 0.760933
v -0.452292 0.304235 0.736874
v -0.516690 0.282173 0.740853
v -0.443805 0.286305 0.646007
v -0.500416 0.301625 0.696249
v -0.462071 0.281448 0.771880
v -0.488752 0.262233 0.755951
v -0.000316 -0.036444 -0.858442
v -0.000196 0.036220 -0.860120
v 0.032767 -0.018420 -0.854208
v -0.033697 -0.019027 -0.857036
v 0.032961 0.018505 -0.854861
v -0.033699 0.018189 -0.857602
v 0.462291 -0.321084 -0.679290
v 0.526602 -0.289669 -0.711114
v 0.484665 -0.337926 -0.666323
v 0.521637 -0.325727 -0.688202
v 0.473472 -0.290966 -0.725139
v 0.502522 -0.271166 -0.726049
v -0.463508 -0.319762 -0.599415
v -0.525018 -0.285883 -0.595463
v -0.450458 -0.304128 -0.417752
v -0.509193 -0.240898 -0.400845
v -0.474007 -0.291745 -0.684320
v -0.503908 -0.272939 -0.680361
v 0.468925 0.326343 -0.724165
v 0.527033 0.289765 -0.709919
v 0.491862 0.343020 -0.704691
v 0.521247 0.324327 -0.696296
v 0.474567 0.290694 -0.732617
v 0.505884 0.272881 -0.728750
v -0.469663 0.326814 -0.635233
v -0.529140 0.290119 -0.711576
v -0.493101 0.345762 -0.697890
v -0.524027 0.325898 -0.699966
v -0.471935 0.289856 -0.682656
v -0.502557 0.270791 -0.720989
v 0.989282 0.000919 -0.036271
v 0.989041 0.002402 0.036194
v 0.988774 0.034350 -0.017461
v 0.988486 0.034727 0.020743
v 0.989261 -0.031514 -0.018439
v 0.989256 -0.031253 0.018618
v -0.999357 -0.000141 -0.037080
v -0.999502 -0.004817 0.041800
v -0.999538 0.034546 -0.020875
v -0.999638 0.026052 0.024672
v -0.999619 -0.036404 -0.010776
v -0.999611 -0.034755 0.025637
v -0.300304 0.892553 -0.000662
v -0.238128 0.904196 0.000020
v -0.286490 0.892947 0.031253
v -0.287030 0.893827 -0.033840
v -0.254339 0.900795 0.032144
v -0.255452 0.900244 -0.034632
v -0.433022 0.811269 0.215191
v -0.409385 0.810809 0.277587
v -0.403915 0.827688 0.219652
v -0.452329 0.794613 0.237947
v -0.391618 0.824061 0.249967
v -0.440598 0.792816 0.268981
v -0.435307 0.812668 -0.225024
v -0.406162 0.736991 -0.277878
v -0.396434 0.792896 -0.224672
v -0.454120 0.795160 -0.246540
v -0.388491 0.677407 -0.194980
v -0.439114 0.785822 -0.277408
v -0.643019 0.674033 -0.131964
v -0.697620 0.649674 -0.178360
v -0.636731 0.677984 -0.171170
v -0.649647 0.637888 -0.112941
v -0.658200 0.661147 -0.194341
v -0.690359 0.639457 -0.136154
v -0.602700 0.623102 0.125764
v -0.682104 0.636568 0.170739
v -0.625103 0.663443 0.164997
v -0.611926 0.591263 0.109424
v -0.653448 0.655789 0.186583
v -0.668421 0.617231 0.131356
v 0.296998 0.886652 0.000953
v 0.230857 0.892512 -0.000963
v 0.279479 0.868176 0.031214
v 0.284088 0.892352 -0.034459
v 0.244225 0.837150 0.028531
v 0.250838 0.899620 -0.034382
v 0.435892 0.812888 0.217505
v 0.403722 0.795344 0.274059
v 0.400475 0.817150 0.217382
v 0.454382 0.794561 0.238376
v 0.381942 0.802300 0.244132
v 0.440696 0.792180 0.269120
v 0.431180 0.807428 -0.223196
v 0.402077 0.797471 -0.284460
v 0.399734 0.821240 -0.225145
v 0.448672 0.783992 -0.245173
v 0.387005 0.820027 -0.257365
v 0.408474 0.734936 -0.253945
v 0.653832 0.689207 -0.138310
v 0.684067 0.639095 -0.178446
v 0.646080 0.688037 -0.174446
v 0.677061 0.667769 -0.119086
v 0.656061 0.658929 -0.191396
v 0.700872 0.649552 -0.141432
v 0.651852 0.686811 0.133837
v 0.695072 0.646042 0.175597
v 0.642897 0.686370 0.168168
v 0.672868 0.664687 0.116799
v 0.662926 0.665703 0.189797
v 0.693486 0.644778 0.136144
v -0.304599 -0.909611 0.001610
v -0.234460 -0.925148 0.001594
v -0.289890 -0.909920 0.031277
v -0.289754 -0.910002 -0.028101
v -0.255399 -0.917818 0.032202
v -0.255654 -0.917883 -0.028265
v -0.440016 -0.833503 0.195766
v -0.414309 -0.832595 0.248736
v -0.407386 -0.849084 0.200440
v -0.460494 -0.818189 0.215598
v -0.395357 -0.848191 0.226477
v -0.447408 -0.816528 0.241004
v -0.435359 -0.819906 -0.210863
v -0.412961 -0.820183 -0.273308
v -0.404567 -0.834994 -0.214138
v -0.457851 -0.804699 -0.233903
v -0.393135 -0.833579 -0.244330
v -0.445776 -0.803719 -0.265136
v -0.648425 -0.687998 -0.131204
v -0.689474 -0.651203 -0.172053
v -0.647283 -0.695117 -0.165657
v -0.662435 -0.657615 -0.112698
v -0.666577 -0.673407 -0.187450
v -0.689845 -0.647519 -0.132323
v -0.781395 -0.382229 0.057012
v -0.698704 -0.665125 0.158612
v -0.667341 -0.569714 0.061820
v -0.688408 -0.663203 0.102515
v -0.674996 -0.678065 0.162305
v -0.702260 -0.661417 0.125489
v 0.300962 -0.907796 0.003876
v 0.234910 -0.926291 0.003849
v 0.287397 -0.910667 0.033742
v 0.288007 -0.907932 -0.027543
v 0.254073 -0.917253 0.033416
v 0.254911 -0.917157 -0.027451
v 0.434826 -0.829295 0.193332
v 0.409679 -0.832388 0.248784
v 0.403014 -0.845572 0.199127
v 0.459918 -0.815789 0.212361
v 0.391770 -0.846991 0.226684
v 0.445604 -0.816151 0.239388
v 0.428409 -0.800173 -0.205845
v 0.411837 -0.816829 -0.271364
v 0.402240 -0.827748 -0.213167
v 0.451321 -0.793338 -0.232798
v 0.393626 -0.835613 -0.245258
v 0.443093 -0.800245 -0.264667
v 0.660841 -0.695730 -0.134996
v 0.674283 -0.635978 -0.167930
v 0.644716 -0.689767 -0.166483
v 0.680638 -0.676637 -0.115366
v 0.657933 -0.661088 -0.184693
v 0.688468 -0.648561 -0.133346
v 0.455902 -0.663254 0.051389
v 0.688754 -0.659801 0.141623
v 0.614273 -0.687971 0.124447
v 0.640325 -0.668480 0.084787
v 0.672832 -0.679917 0.162719
v 0.601100 -0.636252 0.081366
v -0.132431 -0.591611 0.665641
v -0.172574 -0.625000 0.624669
v -0.115394 -0.612082 0.646524
v -0.166959 -0.583393 0.664877
v -0.135089 -0.627494 0.625971
v -0.187359 -0.601180 0.644421
v 0.133893 -0.589191 0.662454
v 0.169013 -0.615808 0.620127
v 0.115447 -0.611386 0.645195
v 0.166291 -0.578594 0.660856
v 0.133789 -0.625606 0.624634
v 0.184873 -0.592518 0.637248
v -0.000775 -0.269490 0.870544
v -0.000291 -0.209323 0.884576
v 0.031722 -0.256422 0.871937
v -0.032108 -0.256329 0.872851
v 0.031851 -0.225993 0.879661
v -0.032432 -0.225870 0.881347
v 0.218648 -0.381125 0.775097
v 0.270073 -0.349146 0.758995
v 0.228756 -0.349015 0.703138
v 0.222343 -0.361931 0.800197
v 0.249671 -0.313580 0.675083
v 0.250656 -0.349485 0.798366
v -0.221477 -0.390767 0.788209
v -0.279625 -0.372482 0.793151
v -0.242341 -0.411276 0.773708
v -0.224021 -0.362384 0.804946
v -0.271764 -0.400729 0.774835
v -0.253653 -0.354044 0.807274
v -0.135590 0.623843 0.661283
v -0.166731 0.648204 0.613172
v -0.117942 0.653160 0.655467
v -0.131120 0.560346 0.580236
v -0.135973 0.672247 0.637692
v -0.144868 0.585512 0.513091
v 0.135650 0.631708 0.673036
v 0.174751 0.669805 0.639307
v 0.115669 0.646918 0.650094
v 0.170733 0.628927 0.680761
v 0.137527 0.675053 0.638467
v 0.189372 0.644247 0.659381
v 0.001146 0.299127 0.876893
v 0.001409 0.233807 0.888971
v 0.032725 0.283825 0.880965
v -0.031024 0.284780 0.880215
v 0.032806 0.252038 0.886644
v -0.031858 0.251650 0.886932
v 0.218244 0.424150 0.799870
v 0.282352 0.401168 0.801817
v 0.239732 0.443132 0.783164
v 0.221576 0.395372 0.815284
v 0.272245 0.431640 0.784100
v 0.254435 0.383326 0.815645
v -0.216203 0.416776 0.778862
v -0.191976 0.309237 0.519419
v -0.235647 0.434834 0.756908
v -0.220973 0.387349 0.789443
v -0.252475 0.398901 0.682287
v -0.229027 0.350249 0.714259
v -0.137364 -0.651295 -0.659345
v -0.176079 -0.681394 -0.620864
v -0.118673 -0.668559 -0.636613
v -0.171573 -0.642416 -0.656219
v -0.137840 -0.683132 -0.616713
v -0.191992 -0.658220 -0.638362
v 0.137771 -0.651147 -0.657819
v 0.174004 -0.672878 -0.613692
v 0.118864 -0.668762 -0.639490
v 0.171040 -0.639564 -0.653898
v 0.136430 -0.678879 -0.614249
v 0.193080 -0.657389 -0.639667
v 0.000130 -0.310951 -0.829753
v 0.001263 -0.242658 -0.843761
v 0.033786 -0.294703 -0.833815
v -0.033485 -0.295699 -0.832367
v 0.034021 -0.261411 -0.839456
v -0.033898 -0.261482 -0.839955
v 0.223354 -0.444865 -0.763963
v 0.289903 -0.420373 -0.766535
v 0.249167 -0.465067 -0.750756
v 0.227644 -0.413659 -0.777591
v 0.282136 -0.453369 -0.752243
v 0.260345 -0.400582 -0.774440
v -0.227347 -0.447394 -0.769764
v -0.287800 -0.420360 -0.760301
v -0.249961 -0.465863 -0.752992
v -0.230172 -0.415783 -0.778065
v -0.281064 -0.453361 -0.749772
v -0.261186 -0.401302 -0.774083
v -0.139631 0.660615 -0.656779
v -0.173583 0.684582 -0.612470
v -0.121524 0.683024 -0.640580
v -0.172575 0.651961 -0.657922
v -0.137764 0.693891 -0.619817
v -0.189734 0.664346 -0.636585
v 0.138087 0.564877 -0.405648
v 0.188350 0.662764 -0.519925
v -0.049519 0.246445 -0.413568
v 0.178812 0.638616 -0.541116
v 0.232277 0.657675 -0.367265
v 0.198111 0.658202 -0.580758
v -0.001211 0.309057 -0.829027
v -0.000534 0.242779 -0.844289
v 0.032089 0.294161 -0.829355
v -0.033727 0.292829 -0.835388
v 0.032498 0.260614 -0.836271
v -0.033174 0.260616 -0.842932
v 0.226158 0.447946 -0.765435
v 0.289390 0.418573 -0.754825
v 0.249070 0.467739 -0.751028
v 0.228230 0.414488 -0.774836
v 0.278852 0.451024 -0.739080
v 0.260927 0.400722 -0.772461
v -0.224823 0.448299 -0.770480
v -0.288268 0.418118 -0.743166
v -0.246785 0.467336 -0.750753
v -0.227777 0.415476 -0.778827
v -0.279327 0.453293 -0.742755
v -0.260596 0.400479 -0.771224
v 0.860018 0.223743 -0.433754
v 0.847088 0.284704 -0.410558
v 0.835333 0.246514 -0.447198
v 0.880737 0.227589 -0.411193
v 0.820413 0.274458 -0.427232
v 0.877473 0.261195 -0.400981
v 0.857604 -0.218909 -0.429901
v 0.857540 -0.287703 -0.413497
v 0.839926 -0.243425 -0.448965
v 0.878582 -0.223622 -0.412000
v 0.834771 -0.276280 -0.437025
v 0.880613 -0.258798 -0.402682
v 0.722145 -0.138678 -0.618037
v 0.678858 -0.175664 -0.642662
v 0.723141 -0.172457 -0.608144
v 0.702319 -0.120279 -0.638321
v 0.701079 -0.192080 -0.621209
v 0.680449 -0.138646 -0.649758
v 0.721845 0.138117 -0.616311
v 0.679701 0.178653 -0.644276
v 0.722750 0.172834 -0.607910
v 0.699811 0.119697 -0.608995
v 0.700965 0.193566 -0.623574
v 0.681559 0.142859 -0.594417
v 0.969377 0.006195 -0.305827
v 0.976653 0.000319 -0.246914
v 0.973652 0.030614 -0.291206
v 0.969007 -0.027858 -0.291488
v 0.976266 0.028939 -0.265417
v 0.974016 -0.027795 -0.260759
v 0.847624 0.220789 0.435202
v 0.843887 0.283154 0.411519
v 0.825814 0.241617 0.452138
v 0.866291 0.223563 0.407327
v 0.823972 0.271843 0.439983
v 0.864985 0.255442 0.395362
v 0.857446 -0.220426 0.416136
v 0.854418 -0.286647 0.395229
v 0.840458 -0.242754 0.431902
v 0.871759 -0.225061 0.389290
v 0.841313 -0.277802 0.422576
v 0.868271 -0.257138 0.377654
v 0.707194 -0.120205 0.635167
v 0.603650 -0.043175 0.529858
v 0.707342 -0.147308 0.625075
v 0.684556 -0.102560 0.653886
v 0.662234 -0.131322 0.589753
v 0.651378 -0.098382 0.639323
v 0.709813 0.141172 0.641854
v 0.656587 0.172425 0.658594
v 0.696048 0.166066 0.615143
v 0.691468 0.124166 0.660831
v 0.635521 0.165645 0.591003
v 0.667573 0.143800 0.675754
v 0.952774 0.004036 0.303807
v 0.976197 0.003595 0.249070
v 0.957945 0.033585 0.293762
v 0.960666 -0.031761 0.294031
v 0.972078 0.033042 0.265883
v 0.972461 -0.029573 0.267630
v -0.849827 0.219741 -0.426714
v -0.856654 0.289116 -0.413650
v -0.810276 0.238523 -0.427396
v -0.878980 0.228124 -0.411291
v -0.814872 0.272762 -0.422769
v -0.884747 0.262624 -0.404378
v -0.855427 -0.225722 -0.429530
v -0.860261 -0.288661 -0.413256
v -0.829996 -0.245567 -0.441326
v -0.884949 -0.232582 -0.412421
v -0.831741 -0.276105 -0.431393
v -0.886380 -0.265791 -0.405341
v -0.723661 -0.138893 -0.616008
v -0.679453 -0.178380 -0.643055
v -0.722397 -0.173713 -0.607326
v -0.703284 -0.120640 -0.633353
v -0.700130 -0.193413 -0.621698
v -0.681252 -0.140302 -0.647211
v -0.703646 0.135823 -0.548913
v -0.665503 0.175514 -0.598399
v -0.670301 0.164759 -0.430619
v -0.694516 0.122001 -0.598969
v -0.679744 0.190138 -0.550004
v -0.669274 0.139206 -0.609702
v -0.976611 0.002276 -0.312222
v -0.984345 -0.001298 -0.244363
v -0.979418 0.034030 -0.301973
v -0.977643 -0.033742 -0.299973
v -0.982389 0.032273 -0.266714
v -0.981167 -0.032352 -0.264559
v -0.856159 0.223705 0.440310
v -0.851331 0.284631 0.416049
v -0.833034 0.244253 0.457789
v -0.875440 0.226693 0.410695
v -0.831469 0.276946 0.445600
v -0.876546 0.258359 0.397867
v -0.794133 -0.189359 0.396937
v -0.870267 -0.293758 0.396940
v -0.824787 -0.225322 0.422719
v -0.832044 -0.200730 0.362855
v -0.855386 -0.284716 0.417596
v -0.886151 -0.262917 0.378393
v -0.701040 -0.118286 0.628754
v -0.659621 -0.152928 0.660621
v -0.702572 -0.150085 0.621458
v -0.682568 -0.100495 0.651568
v -0.678597 -0.167016 0.634186
v -0.663184 -0.118677 0.668479
v -0.711323 0.137127 0.640801
v -0.667219 0.177277 0.673849
v -0.709599 0.171874 0.631851
v -0.691249 0.121329 0.661638
v -0.686625 0.190927 0.647358
v -0.670308 0.141162 0.679115
v -0.958127 -0.001110 0.307880
v -0.984645 0.003564 0.253008
v -0.970662 0.036919 0.296974
v -0.960637 -0.033253 0.297974
v -0.983092 0.037678 0.271667
v -0.977204 -0.033076 0.270809
v -0.135295 0.888779 0.220205
v -0.175960 0.871552 0.281629
v -0.174038 0.892115 0.222068
v -0.193734 0.882358 0.251415
v -0.117150 0.873181 0.248262
v -0.137749 0.867763 0.280211
v -0.134578 0.882556 -0.227027
v -0.173507 0.877456 -0.295363
v -0.168791 0.882995 -0.227064
v -0.188869 0.876326 -0.260866
v -0.116496 0.882011 -0.262467
v -0.136376 0.879447 -0.295710
v 0.137910 0.828002 0.205956
v 0.174190 0.870197 0.282206
v 0.169225 0.877681 0.215273
v 0.189536 0.875033 0.250177
v 0.113829 0.838920 0.241716
v 0.136775 0.867049 0.282314
v 0.120234 0.821423 -0.234194
v 0.174178 0.874507 -0.294120
v 0.102618 0.688718 -0.287848
v 0.184345 0.831691 -0.267724
v 0.116705 0.881881 -0.265072
v 0.137580 0.876177 -0.295273
v -0.539019 0.666257 0.417360
v -0.601409 0.629513 0.393102
v -0.557441 0.675071 0.388638
v -0.589721 0.658855 0.378703
v -0.550155 0.633195 0.432200
v -0.586731 0.619591 0.425379
v -0.040425 0.793104 0.491390
v 0.040249 0.792625 0.488496
v -0.022347 0.783515 0.519270
v 0.018581 0.782155 0.518440
v -0.020783 0.806347 0.463693
v 0.019384 0.805866 0.462014
v -0.398193 0.575848 0.621116
v -0.406876 0.497732 0.620581
v -0.383021 0.569072 0.648672
v -0.396523 0.537957 0.662989
v -0.415413 0.530974 0.578993
v -0.359027 0.429415 0.502318
v -0.543590 0.679344 -0.422449
v -0.598660 0.632702 -0.392812
v -0.559873 0.686011 -0.393798
v -0.587214 0.663043 -0.378670
v -0.556766 0.650264 -0.437660
v -0.581268 0.622942 -0.419224
v -0.039642 0.808007 -0.489104
v 0.038728 0.804065 -0.484473
v -0.020824 0.794353 -0.511285
v 0.018553 0.791968 -0.508452
v -0.020117 0.817951 -0.460218
v 0.019274 0.820804 -0.461595
v -0.408900 0.603659 -0.601845
v -0.435141 0.546348 -0.633711
v -0.388814 0.588971 -0.623173
v -0.402387 0.561308 -0.641284
v -0.444212 0.591009 -0.594687
v -0.456983 0.560869 -0.609953
v -0.825233 0.500996 -0.033526
v -0.814521 0.495697 0.036217
v -0.804382 0.521886 -0.017020
v -0.798955 0.517787 0.018577
v -0.841529 0.473061 -0.016817
v -0.836330 0.472308 0.018897
v -0.705321 0.432236 -0.521114
v -0.672040 0.373176 -0.478733
v -0.711118 0.403841 -0.535740
v -0.689782 0.388356 -0.550994
v -0.669545 0.446710 -0.511974
v -0.645884 0.413744 -0.439984
v -0.946042 0.299161 -0.179334
v -0.973361 0.237959 -0.140064
v -0.957409 0.268077 -0.197478
v -0.969172 0.235528 -0.176811
v -0.951636 0.298040 -0.139623
v -0.965303 0.268544 -0.122309
v -0.668481 0.407806 0.512125
v -0.653885 0.396021 0.588307
v -0.675382 0.378814 0.528076
v -0.665798 0.371582 0.563057
v -0.651128 0.431145 0.528229
v -0.638864 0.423224 0.564000
v -0.942610 0.297811 0.179209
v -0.970143 0.235903 0.141034
v -0.951942 0.268036 0.200049
v -0.964855 0.235286 0.178750
v -0.947267 0.300932 0.141619
v -0.960601 0.269609 0.123478
v 0.514806 0.630768 0.389631
v 0.598212 0.620111 0.390638
v 0.548888 0.666510 0.382890
v 0.583117 0.649753 0.374034
v 0.464453 0.524557 0.335277
v 0.561849 0.569870 0.387544
v 0.407017 0.586161 0.624917
v 0.430771 0.526954 0.659498
v 0.385974 0.570740 0.648193
v 0.396983 0.540220 0.665463
v 0.437687 0.569011 0.615970
v 0.450767 0.541752 0.636003
v 0.541225 0.675544 -0.420171
v 0.604655 0.638655 -0.398002
v 0.561074 0.683805 -0.397174
v 0.594216 0.665338 -0.384370
v 0.557128 0.650282 -0.435722
v 0.588187 0.630824 -0.425139
v 0.363432 0.574870 -0.461547
v 0.432019 0.536785 -0.579697
v 0.385465 0.584389 -0.576768
v 0.400183 0.560612 -0.604433
v 0.319568 0.451387 -0.355372
v 0.442843 0.520250 -0.488983
v 0.826605 0.499941 -0.039591
v 0.806544 0.488956 0.041187
v 0.809220 0.524288 -0.018664
v 0.794218 0.513380 0.022432
v 0.845146 0.473401 -0.019312
v 0.834963 0.468898 0.020448
v 0.690389 0.425901 -0.505039
v 0.664509 0.409536 -0.570750
v 0.688792 0.392211 -0.503151
v 0.684956 0.388499 -0.551096
v 0.667659 0.449979 -0.524233
v 0.650626 0.440274 -0.552878
v 0.935875 0.296099 -0.182553
v 0.964033 0.228430 -0.142998
v 0.947633 0.263359 -0.201853
v 0.961097 0.228956 -0.182675
v 0.938785 0.299933 -0.143574
v 0.953779 0.264372 -0.120859
v 0.685763 0.414876 0.525614
v 0.629865 0.383308 0.565381
v 0.694131 0.387921 0.542031
v 0.653965 0.365307 0.550266
v 0.639565 0.422635 0.522554
v 0.635781 0.421934 0.564288
v 0.933732 0.293093 0.182821
v 0.960043 0.232266 0.140940
v 0.942895 0.263613 0.200883
v 0.955465 0.232068 0.179032
v 0.938179 0.293675 0.141894
v 0.952372 0.263723 0.123445
v -0.151322 -0.859289 0.152301
v -0.181135 -0.900089 0.251605
v -0.178640 -0.906865 0.195665
v -0.195288 -0.905520 0.226769
v -0.120424 -0.881288 0.195352
v -0.147547 -0.897535 0.244034
v -0.138393 -0.903293 -0.210844
v -0.174445 -0.875977 -0.271928
v -0.172660 -0.899827 -0.211981
v -0.191539 -0.887439 -0.242666
v -0.118333 -0.890386 -0.241092
v -0.137786 -0.873073 -0.269476
v 0.143493 -0.916597 0.197753
v 0.177694 -0.899462 0.252273
v 0.175733 -0.916316 0.202098
v 0.191418 -0.906678 0.228024
v 0.125944 -0.908001 0.220095
v 0.145453 -0.900205 0.249063
v 0.136287 -0.907115 -0.212126
v 0.172701 -0.876354 -0.272104
v 0.170340 -0.903077 -0.212075
v 0.188746 -0.891656 -0.241170
v 0.119809 -0.898019 -0.242092
v 0.136739 -0.880064 -0.272653
v -0.553536 -0.691676 0.357276
v -0.655562 -0.633103 0.358372
v -0.568471 -0.696093 0.334628
v -0.607910 -0.676067 0.324803
v -0.596240 -0.652120 0.367301
v -0.654342 -0.619209 0.390002
v -0.032804 -0.827607 0.423028
v 0.037705 -0.827516 0.427181
v -0.015218 -0.817218 0.452233
v 0.018221 -0.817896 0.456252
v -0.014739 -0.842675 0.403932
v 0.018855 -0.841365 0.403556
v -0.398427 -0.539544 0.610692
v -0.421705 -0.482257 0.645153
v -0.379020 -0.528303 0.637667
v -0.390131 -0.498986 0.653207
v -0.429699 -0.522606 0.602228
v -0.441990 -0.493369 0.619026
v -0.540187 -0.668371 -0.413402
v -0.589849 -0.615661 -0.376193
v -0.556869 -0.675193 -0.384687
v -0.585831 -0.652637 -0.370349
v -0.555820 -0.642515 -0.431242
v -0.583817 -0.620138 -0.416479
v -0.038467 -0.795178 -0.479943
v 0.038069 -0.797647 -0.483123
v -0.018050 -0.786855 -0.507748
v 0.018866 -0.788377 -0.510683
v -0.019794 -0.800368 -0.450824
v 0.019138 -0.804372 -0.452859
v -0.411466 -0.600014 -0.603641
v -0.435666 -0.542775 -0.634113
v -0.390260 -0.586391 -0.626792
v -0.402207 -0.556605 -0.640777
v -0.445336 -0.585373 -0.597003
v -0.457979 -0.558447 -0.612993
v -0.839575 -0.524939 -0.037289
v -0.846641 -0.520076 0.039405
v -0.824563 -0.541664 -0.019017
v -0.826109 -0.542341 0.017967
v -0.863769 -0.498777 -0.016222
v -0.867386 -0.496565 0.022856
v -0.698732 -0.432082 -0.519796
v -0.658136 -0.406916 -0.566523
v -0.702082 -0.399720 -0.530109
v -0.683901 -0.388536 -0.555667
v -0.674507 -0.454059 -0.531298
v -0.652036 -0.441519 -0.554024
v -0.966655 -0.308204 -0.186590
v -0.978732 -0.235680 -0.141338
v -0.968437 -0.274862 -0.200296
v -0.975059 -0.237154 -0.178165
v -0.967869 -0.308744 -0.148206
v -0.974412 -0.272637 -0.125313
v -0.726959 -0.401094 0.487548
v -0.640692 -0.352754 0.567044
v -0.694700 -0.346707 0.506674
v -0.665031 -0.332068 0.544707
v -0.684251 -0.399304 0.490484
v -0.633030 -0.376805 0.540930
v -0.968633 -0.306492 0.184178
v -0.970377 -0.233114 0.138480
v -0.941674 -0.258838 0.187428
v -0.976357 -0.237889 0.181347
v -0.932239 -0.281874 0.141759
v -0.967354 -0.261654 0.123823
v 0.556411 -0.688974 0.357873
v 0.653787 -0.629831 0.359791
v 0.569077 -0.694072 0.334837
v 0.605487 -0.670791 0.324476
v 0.598949 -0.649054 0.372482
v 0.651718 -0.617866 0.387276
v 0.397851 -0.537639 0.609088
v 0.420245 -0.481737 0.645472
v 0.377590 -0.525715 0.634335
v 0.389802 -0.498817 0.655759
v 0.429892 -0.521463 0.601140
v 0.441152 -0.493918 0.618112
v 0.543458 -0.673306 -0.415348
v 0.609137 -0.637661 -0.393587
v 0.560848 -0.681436 -0.385157
v 0.587187 -0.657069 -0.372718
v 0.560310 -0.647526 -0.434625
v 0.597826 -0.630746 -0.426045
v 0.394220 -0.580616 -0.576269
v 0.433623 -0.541228 -0.632871
v 0.386307 -0.579477 -0.617454
v 0.400567 -0.554669 -0.638504
v 0.435171 -0.572937 -0.579267
v 0.452787 -0.550914 -0.604918
v 0.841181 -0.514394 -0.039519
v 0.846930 -0.515198 0.042849
v 0.820942 -0.540525 -0.023170
v 0.827092 -0.540628 0.018852
v 0.864881 -0.487646 -0.020467
v 0.864177 -0.488938 0.019903
v 0.697262 -0.431187 -0.517148
v 0.665164 -0.412343 -0.570478
v 0.708609 -0.402596 -0.534640
v 0.690518 -0.391713 -0.559265
v 0.669525 -0.450517 -0.526687
v 0.652268 -0.441605 -0.552642
v 0.948700 -0.298100 -0.184129
v 0.971433 -0.227908 -0.146524
v 0.959699 -0.263281 -0.200434
v 0.969596 -0.229867 -0.182047
v 0.951782 -0.298320 -0.146984
v 0.963305 -0.263057 -0.125674
v 0.735954 -0.427263 0.499679
v 0.642763 -0.356474 0.567407
v 0.722539 -0.381299 0.509547
v 0.669075 -0.341263 0.552949
v 0.712536 -0.434586 0.498211
v 0.643691 -0.382154 0.539995
v 0.959308 -0.295801 0.189744
v 0.892599 -0.203081 0.148692
v 0.967409 -0.280455 0.202709
v 0.955590 -0.235613 0.180013
v 0.902827 -0.280075 0.153713
v 0.725220 -0.167985 0.146956
v 0.225544 -0.114349 0.879283
v 0.286884 -0.149935 0.855920
v 0.225079 -0.145097 0.870928
v 0.256615 -0.163987 0.860374
v 0.256467 -0.098949 0.871693
v 0.287280 -0.116236 0.859125
v -0.223149 -0.113634 0.870190
v -0.284187 -0.151590 0.853626
v -0.224138 -0.148767 0.875452
v -0.255095 -0.166426 0.862773
v -0.253468 -0.094497 0.849784
v -0.286272 -0.114674 0.853777
v 0.223689 0.140774 0.881663
v 0.285354 0.177551 0.852240
v 0.223882 0.174878 0.878483
v 0.254108 0.193758 0.864281
v 0.252316 0.123204 0.864368
v 0.284907 0.141734 0.851542
v -0.225107 0.141482 0.883312
v -0.282995 0.177301 0.827927
v -0.225880 0.173944 0.880545
v -0.256805 0.192563 0.869403
v -0.256875 0.124531 0.864583
v -0.279008 0.143002 0.803293
v 0.507669 -0.025493 0.785855
v 0.508925 0.047443 0.783512
v 0.531262 -0.007796 0.769488
v 0.533575 0.030609 0.775901
v 0.482800 -0.006543 0.800346
v 0.482207 0.029510 0.798941
v -0.507461 -0.026395 0.779625
v -0.506497 0.047752 0.780194
v -0.535199 -0.008561 0.769744
v -0.535365 0.028379 0.770034
v -0.476782 -0.007315 0.788093
v -0.473987 0.030524 0.786111
v 0.231254 -0.141256 -0.827335
v 0.294494 -0.179529 -0.806949
v 0.231298 -0.176933 -0.828721
v 0.262388 -0.196801 -0.818063
v 0.264053 -0.121806 -0.814678
v 0.296128 -0.141488 -0.805273
v -0.229982 -0.140535 -0.745711
v -0.294994 -0.181595 -0.813081
v -0.231470 -0.176659 -0.800585
v -0.263222 -0.197642 -0.824603
v -0.263827 -0.123016 -0.791196
v -0.296016 -0.142937 -0.806447
v 0.231453 0.139818 -0.823865
v 0.290686 0.180252 -0.788559
v 0.230729 0.176287 -0.824338
v 0.261769 0.196255 -0.811235
v 0.264456 0.121033 -0.813562
v 0.295214 0.140881 -0.799377
v -0.230018 0.141065 -0.802464
v -0.295909 0.180451 -0.809234
v -0.229364 0.177164 -0.826776
v -0.263287 0.197716 -0.823501
v -0.264189 0.121655 -0.811016
v -0.296977 0.141284 -0.807068
v 0.521694 -0.039182 -0.745812
v 0.524117 0.040338 -0.744701
v 0.550878 -0.019468 -0.733304
v 0.551619 0.020252 -0.721106
v 0.493364 -0.019830 -0.753648
v 0.493837 0.020334 -0.754359
v -0.523313 -0.038668 -0.746036
v -0.522810 0.040006 -0.748285
v -0.550611 -0.019121 -0.739218
v -0.549320 0.020299 -0.739851
v -0.493349 -0.019378 -0.754544
v -0.493028 0.020315 -0.753984
v -0.415424 0.823895 -0.000835
v -0.362134 0.866186 -0.001627
v -0.411258 0.848298 0.030733
v -0.407925 0.840541 -0.031597
v -0.380834 0.857751 0.030884
v -0.379254 0.857024 -0.033282
v -0.478319 0.783967 0.088731
v -0.443896 0.717326 0.166850
v -0.412477 0.737456 0.089839
v -0.503372 0.782560 0.115872
v -0.362594 0.575457 0.156034
v -0.489627 0.779112 0.149410
v -0.484968 0.813509 -0.096348
v -0.459681 0.814632 -0.159444
v -0.451351 0.824552 -0.099420
v -0.503592 0.797343 -0.117562
v -0.438779 0.824225 -0.130452
v -0.492070 0.798560 -0.149842
v -0.572205 0.756454 -0.057819
v -0.616043 0.723216 -0.097679
v -0.564793 0.758772 -0.092232
v -0.599780 0.740429 -0.041207
v -0.585991 0.742739 -0.112036
v -0.619772 0.723795 -0.060367
v -0.571578 0.757323 0.056079
v -0.607171 0.713108 0.094962
v -0.564243 0.758492 0.090389
v -0.595490 0.738320 0.038329
v -0.583660 0.738495 0.109872
v -0.613985 0.716822 0.058769
v 0.423093 0.840300 -0.000741
v 0.362235 0.868845 0.000382
v 0.410058 0.844512 0.031562
v 0.411819 0.850044 -0.034090
v 0.379591 0.859133 0.031967
v 0.381680 0.860712 -0.033448
v 0.473024 0.792677 0.090901
v 0.461523 0.814501 0.154624
v 0.447486 0.820153 0.093621
v 0.490569 0.769530 0.115994
v 0.439058 0.825245 0.124848
v 0.492316 0.797458 0.146677
v 0.474626 0.804510 -0.094544
v 0.453633 0.804275 -0.157174
v 0.446248 0.822457 -0.097768
v 0.498481 0.789575 -0.120230
v 0.435569 0.822281 -0.129082
v 0.485424 0.788241 -0.151308
v 0.577983 0.758682 -0.057830
v 0.616775 0.727819 -0.097677
v 0.570970 0.761150 -0.095009
v 0.600803 0.743311 -0.040018
v 0.590870 0.746491 -0.114204
v 0.620318 0.727218 -0.059472
v 0.585297 0.586486 -0.053103
v 0.613990 0.710991 0.095751
v 0.536566 0.579822 0.238058
v 0.588938 0.692928 0.029301
v 0.571615 0.682810 0.120938
v 0.616023 0.711842 0.058970
v -0.428844 -0.862072 0.004176
v -0.365514 -0.887976 0.002789
v -0.415120 -0.867768 0.033913
v -0.415140 -0.863965 -0.027569
v -0.384979 -0.879085 0.033047
v -0.381606 -0.877086 -0.027544
v -0.486791 -0.827587 0.088624
v -0.462392 -0.831627 0.144347
v -0.454656 -0.844071 0.093302
v -0.507226 -0.812800 0.107999
v -0.442715 -0.844700 0.119954
v -0.495143 -0.814715 0.135032
v -0.483813 -0.822609 -0.089299
v -0.453662 -0.810871 -0.150872
v -0.456931 -0.840159 -0.093360
v -0.501853 -0.801179 -0.109537
v -0.440147 -0.833655 -0.122089
v -0.489840 -0.799749 -0.140164
v -0.572309 -0.765734 -0.053160
v -0.613859 -0.730774 -0.093164
v -0.565433 -0.766473 -0.087328
v -0.599452 -0.752342 -0.036624
v -0.592281 -0.755243 -0.108222
v -0.617863 -0.731639 -0.056909
v -0.582516 -0.777773 0.058176
v -0.581461 -0.697232 0.058063
v -0.572582 -0.778070 0.087711
v -0.604295 -0.760307 0.039496
v -0.571654 -0.741052 0.090379
v -0.621150 -0.742105 0.057253
v 0.426817 -0.861907 0.002585
v 0.365820 -0.888530 0.004393
v 0.414704 -0.866849 0.032569
v 0.414775 -0.863704 -0.028111
v 0.384132 -0.881270 0.033279
v 0.383824 -0.876497 -0.027758
v 0.487284 -0.828047 0.089762
v 0.453021 -0.786070 0.123933
v 0.455221 -0.838269 0.088968
v 0.507606 -0.812333 0.109405
v 0.438712 -0.828909 0.111267
v 0.494905 -0.803570 0.130396
v 0.483263 -0.820974 -0.086371
v 0.453625 -0.804816 -0.145339
v 0.452612 -0.837410 -0.090854
v 0.504862 -0.805847 -0.110042
v 0.439336 -0.833679 -0.122719
v 0.492277 -0.804052 -0.142141
v 0.546749 -0.725347 -0.048896
v 0.601624 -0.713582 -0.091784
v 0.558807 -0.755553 -0.088315
v 0.528511 -0.657219 -0.026098
v 0.575410 -0.735413 -0.106873
v 0.598379 -0.695494 -0.052657
v 0.576651 -0.772726 0.056981
v 0.611958 -0.734490 0.088770
v 0.569760 -0.775737 0.087147
v 0.599886 -0.750802 0.041022
v 0.590964 -0.757647 0.104761
v 0.627753 -0.741594 0.059516
v -0.056174 -0.514148 0.728329
v -0.097344 -0.559131 0.701591
v -0.038940 -0.538662 0.712804
v -0.092574 -0.508988 0.731687
v -0.059059 -0.559785 0.698721
v -0.112052 -0.532226 0.719536
v 0.056704 -0.513532 0.727051
v 0.096272 -0.559837 0.702123
v 0.038731 -0.537399 0.709202
v 0.092237 -0.512376 0.735429
v 0.057771 -0.557842 0.696817
v 0.111709 -0.535410 0.722183
v 0.000559 -0.378211 0.811782
v -0.000856 -0.325098 0.842815
v 0.031844 -0.368062 0.819105
v -0.033484 -0.367638 0.821289
v 0.031454 -0.339949 0.832427
v -0.032676 -0.341519 0.837609
v 0.093611 -0.437722 0.793203
v 0.152036 -0.416435 0.791782
v 0.114133 -0.456885 0.776033
v 0.095073 -0.409363 0.806202
v 0.144578 -0.446459 0.776078
v 0.126860 -0.400625 0.810251
v -0.091317 -0.436225 0.789253
v -0.151764 -0.416683 0.789347
v -0.115010 -0.455947 0.773979
v -0.094884 -0.410234 0.807746
v -0.144832 -0.447781 0.775981
v -0.123968 -0.399030 0.805283
v -0.055364 0.533361 0.712929
v -0.096213 0.598052 0.711335
v -0.035800 0.554633 0.688555
v -0.090639 0.542141 0.738048
v -0.058826 0.595707 0.702059
v -0.112385 0.569065 0.728267
v 0.056948 0.557938 0.746765
v 0.093118 0.593066 0.704648
v 0.039616 0.581525 0.729081
v 0.090677 0.550822 0.750416
v 0.057914 0.593467 0.698840
v 0.109858 0.569933 0.732715
v -0.000343 0.413994 0.829392
v -0.000429 0.355940 0.855885
v 0.031115 0.400182 0.826144
v -0.031918 0.399823 0.826426
v 0.030957 0.369830 0.836614
v -0.032404 0.374948 0.851118
v 0.090953 0.469773 0.795461
v 0.156656 0.431371 0.766779
v 0.117007 0.492450 0.783040
v 0.095742 0.436149 0.808873
v 0.146776 0.476093 0.776431
v 0.126095 0.423506 0.801751
v -0.092394 0.460379 0.773823
v -0.156839 0.449582 0.803612
v -0.117088 0.491084 0.786343
v -0.095186 0.429985 0.786606
v -0.146776 0.479514 0.785052
v -0.128745 0.429501 0.812949
v -0.057618 -0.579591 -0.722641
v -0.101833 -0.618917 -0.689607
v -0.041034 -0.599840 -0.706003
v -0.092667 -0.571152 -0.720702
v -0.061633 -0.619545 -0.689601
v -0.114512 -0.590212 -0.702540
v 0.055668 -0.577954 -0.711662
v 0.100992 -0.621775 -0.691489
v 0.038783 -0.598891 -0.699391
v 0.093413 -0.568541 -0.708608
v 0.061864 -0.619333 -0.685392
v 0.116267 -0.594191 -0.701961
v -0.000208 -0.439411 -0.790772
v -0.000177 -0.374144 -0.812605
v 0.032938 -0.424733 -0.792745
v -0.033609 -0.424175 -0.796712
v 0.032762 -0.391980 -0.803067
v -0.033287 -0.392820 -0.807101
v 0.093934 -0.488708 -0.758331
v 0.157672 -0.469028 -0.766261
v 0.117304 -0.505719 -0.741064
v 0.099984 -0.463972 -0.779654
v 0.149397 -0.499093 -0.749698
v 0.130181 -0.450302 -0.778252
v -0.096482 -0.493172 -0.765315
v -0.157272 -0.469983 -0.762371
v -0.118429 -0.514406 -0.753023
v -0.097566 -0.462544 -0.776514
v -0.148427 -0.501910 -0.750234
v -0.128247 -0.450799 -0.775140
v -0.057860 0.584747 -0.709369
v -0.099358 0.623769 -0.691977
v -0.040087 0.608693 -0.708158
v -0.088682 0.568484 -0.665927
v -0.060033 0.626669 -0.691863
v -0.112847 0.598215 -0.691080
v 0.059720 0.586467 -0.719061
v 0.095991 0.623237 -0.661017
v 0.040162 0.609210 -0.703572
v 0.094088 0.577294 -0.720210
v 0.060437 0.628578 -0.678899
v 0.113746 0.596275 -0.699499
v 0.000385 0.432951 -0.787775
v 0.000166 0.375024 -0.814599
v 0.033433 0.422556 -0.792658
v -0.032872 0.422817 -0.793603
v 0.033183 0.392533 -0.805461
v -0.032644 0.393042 -0.806555
v 0.096261 0.495162 -0.765972
v 0.158892 0.473148 -0.767874
v 0.118803 0.516419 -0.753894
v 0.098259 0.463091 -0.776262
v 0.151229 0.505819 -0.757016
v 0.129734 0.452195 -0.778059
v -0.094260 0.491527 -0.729000
v -0.160365 0.473162 -0.762636
v -0.122807 0.508390 -0.676610
v -0.099824 0.462342 -0.769487
v -0.153838 0.502825 -0.731982
v -0.130703 0.452506 -0.771995
v 0.842741 0.094195 -0.461050
v 0.853609 0.155377 -0.448937
v 0.832783 0.116343 -0.485024
v 0.849311 0.099378 -0.427944
v 0.836498 0.147586 -0.477137
v 0.859726 0.128240 -0.424890
v 0.852500 -0.094673 -0.466442
v 0.849894 -0.159779 -0.440750
v 0.829962 -0.115656 -0.482265
v 0.867779 -0.094696 -0.439324
v 0.820393 -0.148963 -0.462432
v 0.870594 -0.128553 -0.430759
v 0.796773 -0.058806 -0.550732
v 0.762965 -0.097588 -0.583089
v 0.799164 -0.094778 -0.545509
v 0.780286 -0.040668 -0.570899
v 0.783346 -0.113708 -0.561935
v 0.762421 -0.060190 -0.586675
v 0.797720 0.058391 -0.550625
v 0.763013 0.098692 -0.585412
v 0.797512 0.093821 -0.543206
v 0.780749 0.039480 -0.570105
v 0.782067 0.112692 -0.560643
v 0.763406 0.059903 -0.587653
v 0.877080 -0.005335 -0.415354
v 0.939191 -0.002130 -0.389858
v 0.891574 0.029670 -0.412263
v 0.893716 -0.033777 -0.412305
v 0.923013 0.029651 -0.398536
v 0.920731 -0.034087 -0.398339
v 0.844247 0.101060 0.476684
v 0.844473 0.157009 0.456705
v 0.822083 0.118854 0.495744
v 0.858937 0.099487 0.447778
v 0.823500 0.148865 0.485679
v 0.860956 0.129656 0.438796
v 0.772773 -0.066914 0.436933
v 0.776430 -0.131173 0.403003
v 0.759734 -0.090215 0.459676
v 0.794319 -0.069364 0.401867
v 0.760972 -0.121795 0.444693
v 0.800590 -0.103887 0.381724
v 0.786143 -0.046334 0.566044
v 0.751197 -0.083650 0.602577
v 0.787114 -0.078561 0.558118
v 0.769924 -0.030135 0.589148
v 0.771253 -0.097491 0.577791
v 0.748177 -0.047448 0.598172
v 0.785651 0.062453 0.564706
v 0.756544 0.101416 0.606586
v 0.787932 0.096402 0.558441
v 0.771970 0.044666 0.589491
v 0.775997 0.115718 0.580438
v 0.752950 0.064513 0.607301
v 0.881897 0.009570 0.420005
v 0.902558 0.010712 0.355594
v 0.882233 0.038599 0.407739
v 0.880770 -0.022770 0.404407
v 0.893468 0.036261 0.374760
v 0.895838 -0.024635 0.373433
v -0.849122 0.091851 -0.465031
v -0.862969 0.159798 -0.453429
v -0.843623 0.116317 -0.485077
v -0.850685 0.094027 -0.430177
v -0.848614 0.152106 -0.483678
v -0.867676 0.127817 -0.434038
v -0.844061 -0.089272 -0.463367
v -0.835173 -0.158333 -0.442913
v -0.825243 -0.114617 -0.481167
v -0.852309 -0.085030 -0.432972
v -0.825198 -0.147159 -0.473551
v -0.860997 -0.120782 -0.429696
v -0.781984 -0.060547 -0.530386
v -0.766686 -0.099468 -0.588067
v -0.788262 -0.094525 -0.529214
v -0.777823 -0.040285 -0.564829
v -0.783428 -0.114172 -0.560867
v -0.764853 -0.060471 -0.586836
v -0.756808 0.032752 -0.478516
v -0.763196 0.096195 -0.559885
v -0.603817 -0.028325 -0.373573
v -0.775408 0.037829 -0.554076
v -0.741729 0.090586 -0.484288
v -0.758885 0.057856 -0.573132
v -0.876398 -0.004738 -0.418488
v -0.939689 -0.005319 -0.389268
v -0.884905 0.030826 -0.412740
v -0.888876 -0.035289 -0.412197
v -0.917488 0.031792 -0.398798
v -0.924187 -0.038195 -0.400562
v -0.839481 0.100901 0.477927
v -0.849967 0.156342 0.461568
v -0.817922 0.116311 0.493282
v -0.862981 0.100600 0.453937
v -0.825630 0.147081 0.487498
v -0.867073 0.129929 0.443736
v -0.843540 -0.081312 0.475739
v -0.832631 -0.135946 0.445141
v -0.826375 -0.104613 0.496794
v -0.856717 -0.083638 0.444080
v -0.825256 -0.132761 0.484017
v -0.852182 -0.110840 0.429828
v -0.782161 -0.050020 0.564763
v -0.746974 -0.083820 0.600302
v -0.785862 -0.082197 0.557097
v -0.754156 -0.027963 0.574997
v -0.768817 -0.099567 0.577319
v -0.727464 -0.046997 0.562894
v -0.771280 0.060172 0.553362
v -0.747921 0.099361 0.602854
v -0.752156 0.087990 0.531194
v -0.767438 0.047326 0.587171
v -0.750433 0.110298 0.563584
v -0.752075 0.067185 0.608193
v -0.871793 0.004463 0.420272
v -0.905882 0.002125 0.363358
v -0.884104 0.033890 0.411338
v -0.872486 -0.024392 0.403269
v -0.901024 0.033941 0.383126
v -0.885077 -0.025650 0.372134
v -0.071817 0.777371 -0.043543
v -0.151947 0.856622 -0.007014
v -0.005798 0.653886 -0.150367
v -0.116245 0.878658 -0.036879
v -0.155887 0.723932 0.000427
v -0.146796 0.891612 -0.036366
v 0.100471 0.924926 -0.003097
v 0.169508 0.917450 -0.000647
v 0.120442 0.922584 0.031428
v 0.119443 0.922931 -0.035207
v 0.154937 0.919008 0.032427
v 0.153583 0.920901 -0.035362
v -0.057479 0.906701 0.093647
v -0.096526 0.909485 0.157320
v -0.092429 0.864574 0.090944
v -0.039200 0.909826 0.126169
v -0.113208 0.903327 0.124933
v -0.058844 0.907828 0.158049
v -0.057711 0.917623 -0.099396
v -0.096739 0.903548 -0.163859
v -0.093237 0.920551 -0.099764
v -0.039941 0.908206 -0.131126
v -0.112506 0.911782 -0.131769
v -0.061050 0.901418 -0.163669
v 0.056513 0.911834 0.095269
v 0.142605 0.705204 0.058554
v 0.091643 0.914221 0.094796
v 0.037805 0.862665 0.122312
v 0.115487 0.872059 0.121509
v 0.068269 0.697481 0.058936
v 0.056812 0.903995 -0.096743
v 0.098919 0.903407 -0.163720
v 0.092136 0.912572 -0.099223
v 0.038298 0.903066 -0.130948
v 0.114184 0.912143 -0.133442
v 0.058885 0.902528 -0.164696
v -0.350067 0.789917 0.394328
v -0.378245 0.799186 0.335334
v -0.333455 0.806688 0.368202
v -0.378284 0.768390 0.382163
v -0.348399 0.811782 0.339785
v -0.393252 0.773765 0.353077
v -0.249694 0.727484 0.550597
v -0.212974 0.701805 0.597188
v -0.212127 0.733046 0.552230
v -0.263682 0.696088 0.565020
v -0.194358 0.719764 0.575484
v -0.246324 0.690052 0.594588
v -0.244028 0.802071 0.390545
v -0.209813 0.837260 0.336728
v -0.262901 0.819640 0.364961
v -0.207734 0.798814 0.387488
v -0.246922 0.837502 0.338861
v -0.189959 0.817124 0.361500
v -0.395697 0.715243 0.447927
v -0.480294 0.698014 0.440522
v -0.417925 0.727047 0.423165
v -0.417586 0.692325 0.471608
v -0.462180 0.718251 0.419231
v -0.458419 0.683665 0.468710
v -0.189057 0.774153 0.478345
v -0.113899 0.782066 0.483440
v -0.168831 0.761881 0.504346
v -0.171316 0.791413 0.455465
v -0.132561 0.767059 0.507381
v -0.133493 0.794457 0.456387
v -0.323737 0.594731 0.438774
v -0.375131 0.626562 0.565079
v -0.287503 0.527717 0.374546
v -0.374882 0.646383 0.506345
v -0.323651 0.597526 0.522842
v -0.394966 0.643870 0.545072
v -0.351109 0.796958 -0.397903
v -0.381852 0.801459 -0.349131
v -0.333332 0.814105 -0.376062
v -0.385566 0.784494 -0.391627
v -0.349161 0.814419 -0.352668
v -0.401181 0.792274 -0.367739
v -0.251914 0.743868 -0.539386
v -0.211924 0.715850 -0.579479
v -0.215449 0.750146 -0.541687
v -0.268183 0.721944 -0.557031
v -0.194232 0.736380 -0.562378
v -0.249073 0.709206 -0.578539
v -0.249006 0.823539 -0.401799
v -0.212482 0.859314 -0.350704
v -0.267113 0.832748 -0.375189
v -0.210488 0.829419 -0.402661
v -0.247478 0.849153 -0.349528
v -0.191872 0.844052 -0.377676
v -0.407771 0.736005 -0.452085
v -0.479066 0.714990 -0.437693
v -0.425093 0.745092 -0.427038
v -0.422842 0.713362 -0.469506
v -0.460122 0.733908 -0.420726
v -0.454417 0.700202 -0.451790
v -0.191480 0.787904 -0.474762
v -0.113519 0.797843 -0.479888
v -0.172001 0.776407 -0.498787
v -0.170736 0.804271 -0.451318
v -0.132397 0.781787 -0.502136
v -0.132381 0.809215 -0.453589
v -0.336168 0.676470 -0.478456
v -0.379543 0.655797 -0.562754
v -0.331623 0.692466 -0.541627
v -0.384121 0.689320 -0.516511
v -0.346185 0.668939 -0.566244
v -0.400890 0.673000 -0.543368
v -0.738614 0.547860 -0.248167
v -0.710373 0.595003 -0.210745
v -0.715541 0.571032 -0.263378
v -0.741714 0.546870 -0.208958
v -0.702120 0.594728 -0.245555
v -0.720073 0.565835 -0.190301
v -0.838867 0.416026 -0.357901
v -0.853137 0.347617 -0.394122
v -0.821359 0.402718 -0.391063
v -0.867156 0.387175 -0.341907
v -0.826442 0.367922 -0.406434
v -0.878112 0.357235 -0.362149
v -0.717997 0.552529 -0.349119
v -0.661190 0.596056 -0.373950
v -0.703632 0.577862 -0.331689
v -0.704160 0.547123 -0.378784
v -0.674019 0.599223 -0.343878
v -0.676085 0.568292 -0.390734
v -0.803827 0.485480 -0.190313
v -0.823680 0.498378 -0.125165
v -0.776604 0.504359 -0.171955
v -0.825354 0.465323 -0.176672
v -0.793702 0.514316 -0.138463
v -0.836416 0.468706 -0.141665
v -0.763577 0.473042 -0.406069
v -0.721583 0.441964 -0.452101
v -0.767862 0.441940 -0.417221
v -0.733499 0.492322 -0.414422
v -0.740836 0.424299 -0.437630
v -0.713942 0.479496 -0.438312
v -0.867101 0.413482 -0.252596
v -0.913441 0.359339 -0.224372
v -0.889882 0.384738 -0.272941
v -0.869684 0.414674 -0.215516
v -0.909100 0.359506 -0.257673
v -0.894827 0.387380 -0.200717
v -0.737438 0.546737 0.240738
v -0.721766 0.597101 0.211088
v -0.715610 0.566727 0.256860
v -0.742537 0.546143 0.205577
v -0.689621 0.579971 0.236289
v -0.738443 0.576398 0.190951
v -0.825669 0.400325 0.352538
v -0.837095 0.346339 0.388457
v -0.812394 0.393568 0.386559
v -0.846485 0.379590 0.335914
v -0.818190 0.365551 0.402798
v -0.855239 0.355673 0.351693
v -0.697779 0.535326 0.335039
v -0.634571 0.568808 0.352496
v -0.694282 0.567470 0.322400
v -0.687413 0.526923 0.365021
v -0.678082 0.598092 0.341517
v -0.644311 0.534398 0.364750
v -0.816512 0.491910 0.195543
v -0.822819 0.497919 0.111820
v -0.790989 0.518592 0.171861
v -0.839028 0.464425 0.175370
v -0.797095 0.521059 0.131915
v -0.841885 0.468411 0.135362
v -0.747159 0.458534 0.401166
v -0.708687 0.434120 0.458358
v -0.760973 0.431699 0.419202
v -0.719370 0.475805 0.412019
v -0.743410 0.422621 0.450017
v -0.703118 0.464732 0.442777
v -0.855650 0.409746 0.251999
v -0.904601 0.356655 0.215929
v -0.869387 0.383629 0.269679
v -0.864136 0.411512 0.214457
v -0.894077 0.356665 0.251915
v -0.887561 0.385481 0.196502
v 0.348300 0.784289 0.392944
v 0.378029 0.792573 0.332762
v 0.329432 0.801105 0.365238
v 0.384375 0.773778 0.387673
v 0.343051 0.804405 0.335846
v 0.399960 0.780573 0.358503
v 0.246588 0.724964 0.548698
v 0.211263 0.698116 0.593847
v 0.210151 0.732078 0.550709
v 0.263569 0.703374 0.570502
v 0.192569 0.719379 0.573307
v 0.244910 0.688122 0.591467
v 0.247730 0.814536 0.394837
v 0.208721 0.829745 0.330577
v 0.264189 0.820417 0.365650
v 0.210753 0.806684 0.391815
v 0.244938 0.831878 0.335773
v 0.191068 0.821741 0.363988
v 0.181524 0.676681 0.446908
v 0.097583 0.707958 0.447068
v 0.165456 0.720630 0.487655
v 0.121084 0.545655 0.387467
v 0.125307 0.722503 0.487325
v 0.034494 0.606826 0.372176
v 0.391892 0.644537 0.360272
v 0.473761 0.694381 0.436120
v 0.417314 0.721944 0.417863
v 0.406119 0.607623 0.384764
v 0.456737 0.719916 0.417676
v 0.451650 0.672038 0.453483
v 0.336091 0.668656 0.526904
v 0.379581 0.640898 0.584502
v 0.329377 0.679647 0.567854
v 0.372171 0.645205 0.513312
v 0.345653 0.656876 0.590074
v 0.397650 0.650012 0.556835
v 0.336764 0.768248 -0.382080
v 0.378268 0.800517 -0.344273
v 0.328137 0.807509 -0.372071
v 0.343595 0.688545 -0.342380
v 0.345001 0.814378 -0.347086
v 0.387573 0.758624 -0.352052
v 0.251997 0.740998 -0.538103
v 0.213108 0.715330 -0.582513
v 0.214436 0.744191 -0.537784
v 0.267944 0.721281 -0.559007
v 0.193985 0.731620 -0.560760
v 0.248308 0.707175 -0.580857
v 0.246724 0.820691 -0.400558
v 0.210151 0.845903 -0.348233
v 0.265970 0.834877 -0.375736
v 0.210988 0.823942 -0.401514
v 0.246365 0.845324 -0.349291
v 0.192993 0.828594 -0.372630
v 0.195117 0.799951 -0.480655
v 0.113377 0.802231 -0.482130
v 0.175147 0.785653 -0.500999
v 0.175221 0.813350 -0.457495
v 0.131100 0.788406 -0.503532
v 0.133097 0.817083 -0.459970
v 0.407499 0.734546 -0.451745
v 0.477044 0.710065 -0.436937
v 0.429487 0.744846 -0.425286
v 0.424422 0.712944 -0.470826
v 0.460928 0.733213 -0.419972
v 0.460534 0.700158 -0.462483
v 0.350412 0.708683 -0.532907
v 0.380679 0.657946 -0.565546
v 0.333822 0.699503 -0.558977
v 0.384581 0.693998 -0.525058
v 0.347849 0.674263 -0.576015
v 0.402304 0.668974 -0.542260
v 0.759118 0.562634 -0.256664
v 0.688861 0.582126 -0.202602
v 0.728489 0.580631 -0.273182
v 0.764092 0.560639 -0.211756
v 0.677741 0.579766 -0.244813
v 0.744756 0.580514 -0.190608
v 0.837700 0.410061 -0.358737
v 0.848582 0.353432 -0.391793
v 0.816478 0.400734 -0.389925
v 0.861712 0.386880 -0.342031
v 0.819360 0.370428 -0.400780
v 0.872242 0.359335 -0.358414
v 0.709315 0.544444 -0.346049
v 0.650910 0.588732 -0.368956
v 0.694224 0.569264 -0.328935
v 0.696663 0.540071 -0.375196
v 0.664717 0.589692 -0.340849
v 0.668465 0.562394 -0.386964
v 0.810666 0.490781 -0.192565
v 0.821001 0.498537 -0.116768
v 0.786958 0.512669 -0.172398
v 0.833003 0.466318 -0.175701
v 0.795303 0.516308 -0.136512
v 0.839916 0.470502 -0.137669
v 0.757928 0.465147 -0.399843
v 0.732276 0.449885 -0.461762
v 0.765466 0.436991 -0.414369
v 0.729855 0.486754 -0.411700
v 0.750569 0.427964 -0.442638
v 0.720455 0.480993 -0.443603
v 0.862809 0.409674 -0.257959
v 0.903041 0.355633 -0.221014
v 0.877816 0.383303 -0.275186
v 0.866778 0.410592 -0.218238
v 0.898886 0.355881 -0.259479
v 0.887052 0.383792 -0.199552
v 0.742694 0.550334 0.242627
v 0.716216 0.596169 0.208727
v 0.714529 0.565940 0.256803
v 0.748580 0.551781 0.206708
v 0.697763 0.583877 0.237797
v 0.734052 0.574446 0.189050
v 0.825493 0.397591 0.354105
v 0.836762 0.340606 0.382223
v 0.810220 0.391306 0.386152
v 0.845494 0.372788 0.336418
v 0.815064 0.361941 0.399977
v 0.851361 0.344778 0.351526
v 0.720617 0.551836 0.344117
v 0.656109 0.588720 0.370538
v 0.705335 0.577983 0.326187
v 0.688642 0.531020 0.373636
v 0.672857 0.598698 0.339509
v 0.658374 0.551237 0.385631
v 0.792510 0.484138 0.184843
v 0.800859 0.485451 0.112761
v 0.782531 0.508260 0.168748
v 0.815995 0.462032 0.166807
v 0.785808 0.509427 0.132032
v 0.819190 0.462684 0.132383
v 0.743005 0.453631 0.397483
v 0.709383 0.430119 0.457214
v 0.754460 0.426627 0.416045
v 0.708173 0.465575 0.406262
v 0.732343 0.413224 0.446666
v 0.691360 0.454787 0.432818
v 0.858633 0.406995 0.250825
v 0.903987 0.346159 0.219075
v 0.871201 0.377486 0.269866
v 0.863502 0.409010 0.213045
v 0.891793 0.348428 0.252026
v 0.885908 0.381099 0.195517
v -0.102373 -0.945830 0.005212
v -0.170923 -0.936956 0.002606
v -0.119602 -0.941767 0.035377
v -0.122248 -0.941441 -0.026963
v -0.152654 -0.938909 0.033786
v -0.155937 -0.937985 -0.027765
v 0.101107 -0.945026 0.002703
v 0.171781 -0.935065 0.002312
v 0.116883 -0.943901 0.032409
v 0.121070 -0.940631 -0.028222
v 0.156094 -0.934201 0.032008
v 0.155571 -0.936019 -0.028513
v -0.034502 -0.804306 0.068347
v 0.140953 0.095754 0.761817
v -0.069318 -0.772386 0.022543
v -0.012882 -0.805024 0.087670
v -0.634165 -0.695040 -0.158782
v 0.072767 -0.726585 0.026553
v -0.056373 -0.934260 -0.088949
v -0.096984 -0.921228 -0.151983
v -0.093075 -0.934578 -0.089382
v -0.038241 -0.927590 -0.120278
v -0.114225 -0.928113 -0.121821
v -0.058283 -0.921192 -0.151250
v 0.055402 -0.936360 0.090154
v 0.095086 -0.929621 0.144071
v 0.088552 -0.940807 0.091498
v 0.039518 -0.923097 0.114868
v 0.110202 -0.931933 0.118533
v 0.057133 -0.925118 0.142010
v 0.056266 -0.933305 -0.089288
v 0.096577 -0.922473 -0.151098
v 0.092258 -0.933904 -0.089501
v 0.038468 -0.927605 -0.120089
v 0.112662 -0.928652 -0.121069
v 0.058992 -0.922800 -0.150599
v -0.357341 -0.814814 0.345146
v -0.387478 -0.825419 0.297755
v -0.337661 -0.831139 0.323103
v -0.392737 -0.802665 0.340625
v -0.354399 -0.837150 0.300441
v -0.407549 -0.807453 0.316726
v -0.253001 -0.725292 0.424121
v -0.205018 -0.626319 0.562587
v -0.207863 -0.732040 0.414961
v -0.257745 -0.621222 0.509346
v -0.186897 -0.626246 0.496151
v -0.239234 -0.620473 0.564077
v -0.249006 -0.843646 0.347968
v -0.214361 -0.873996 0.301884
v -0.266399 -0.851657 0.324451
v -0.213583 -0.849177 0.348627
v -0.248770 -0.867909 0.301206
v -0.196975 -0.864622 0.326178
v -0.416080 -0.756648 0.398729
v -0.482333 -0.729857 0.384895
v -0.432991 -0.764494 0.376658
v -0.433370 -0.734437 0.408660
v -0.466735 -0.751002 0.370148
v -0.466658 -0.720596 0.400495
v -0.194984 -0.814697 0.421584
v -0.122383 -0.820937 0.420049
v -0.177736 -0.807132 0.452334
v -0.178194 -0.828725 0.396440
v -0.144190 -0.809057 0.448727
v -0.143864 -0.831838 0.394407
v -0.340453 -0.620460 0.429972
v -0.372853 -0.582729 0.567972
v -0.314362 -0.586675 0.522820
v -0.374398 -0.611094 0.443052
v -0.333275 -0.593607 0.568746
v -0.385853 -0.568970 0.518749
v -0.352010 -0.792043 -0.387196
v -0.382975 -0.805131 -0.330774
v -0.333903 -0.810480 -0.363124
v -0.386101 -0.779257 -0.382294
v -0.349274 -0.817409 -0.335476
v -0.400701 -0.784061 -0.355343
v -0.250407 -0.735839 -0.540561
v -0.215057 -0.712638 -0.583149
v -0.213434 -0.741917 -0.542348
v -0.267204 -0.714311 -0.560681
v -0.195468 -0.730105 -0.563981
v -0.249393 -0.702873 -0.582045
v -0.239669 -0.766864 -0.353872
v -0.213056 -0.851662 -0.332280
v -0.263568 -0.820473 -0.357999
v -0.205045 -0.765676 -0.354918
v -0.247368 -0.845598 -0.333287
v -0.192553 -0.825097 -0.354279
v -0.410923 -0.729501 -0.448640
v -0.478554 -0.705511 -0.435333
v -0.427535 -0.743051 -0.424546
v -0.419502 -0.681374 -0.436313
v -0.460224 -0.728309 -0.416459
v -0.460167 -0.682523 -0.446051
v -0.188503 -0.779148 -0.470327
v -0.117515 -0.795952 -0.481171
v -0.173049 -0.775398 -0.500845
v -0.171070 -0.793617 -0.445965
v -0.136223 -0.780405 -0.503945
v -0.136987 -0.807058 -0.454171
v -0.345421 -0.690047 -0.519559
v -0.373561 -0.637620 -0.547243
v -0.333891 -0.690418 -0.555898
v -0.331474 -0.634294 -0.444081
v -0.346952 -0.664776 -0.572431
v -0.352506 -0.599115 -0.458115
v -0.757585 -0.564949 -0.248120
v -0.724111 -0.610032 -0.210958
v -0.731941 -0.585965 -0.262898
v -0.767214 -0.569707 -0.212401
v -0.714368 -0.608262 -0.243504
v -0.752049 -0.593415 -0.194997
v -0.841455 -0.412487 -0.362305
v -0.856710 -0.351784 -0.397090
v -0.827816 -0.401965 -0.394264
v -0.865902 -0.389209 -0.348475
v -0.831736 -0.371010 -0.406285
v -0.873462 -0.359485 -0.371777
v -0.717496 -0.549858 -0.343972
v -0.637283 -0.575330 -0.353146
v -0.702943 -0.576256 -0.325664
v -0.698457 -0.539440 -0.371953
v -0.661804 -0.586935 -0.331632
v -0.667987 -0.558074 -0.382386
v -0.828128 -0.509377 -0.193269
v -0.838468 -0.513779 -0.116562
v -0.812990 -0.531469 -0.173189
v -0.854475 -0.484571 -0.173887
v -0.817455 -0.534198 -0.134235
v -0.857961 -0.489093 -0.135927
v -0.750886 -0.468327 -0.396768
v -0.717465 -0.445659 -0.453332
v -0.762114 -0.442635 -0.415499
v -0.718600 -0.481619 -0.404568
v -0.741207 -0.427562 -0.441927
v -0.701625 -0.467358 -0.428616
v -0.881367 -0.423288 -0.255237
v -0.931665 -0.367988 -0.220325
v -0.897992 -0.393868 -0.275646
v -0.894784 -0.425719 -0.214359
v -0.920853 -0.366659 -0.256470
v -0.916913 -0.398734 -0.200193
v -0.785255 -0.561302 0.252960
v -0.739367 -0.621863 0.190294
v -0.767355 -0.580959 0.267551
v -0.788886 -0.567076 0.207479
v -0.739026 -0.613537 0.229081
v -0.766079 -0.596517 0.178703
v -0.845949 -0.407224 0.346032
v -0.855108 -0.351312 0.373551
v -0.829801 -0.399033 0.374410
v -0.863230 -0.382298 0.330794
v -0.835809 -0.371366 0.388790
v -0.867372 -0.355743 0.343629
v -0.755052 -0.557030 0.341093
v -0.712597 -0.594231 0.362247
v -0.744279 -0.580592 0.325492
v -0.744859 -0.550817 0.367986
v -0.721964 -0.599452 0.333887
v -0.723391 -0.570036 0.379974
v -0.837922 -0.502052 0.193918
v -0.834765 -0.507500 0.112846
v -0.823593 -0.522496 0.171678
v -0.851262 -0.483585 0.176575
v -0.806029 -0.518924 0.119449
v -0.849810 -0.486378 0.138299
v -0.776975 -0.467489 0.380933
v -0.760447 -0.450575 0.442238
v -0.788033 -0.438313 0.400391
v -0.762956 -0.493982 0.396903
v -0.778877 -0.428782 0.431374
v -0.752561 -0.485997 0.426526
v -0.872916 -0.422963 0.256503
v -0.906551 -0.369721 0.216103
v -0.872281 -0.384332 0.280698
v -0.891492 -0.432890 0.219435
v -0.861479 -0.357603 0.254267
v -0.932180 -0.406384 0.205474
v 0.356501 -0.813797 0.347282
v 0.383284 -0.824760 0.299913
v 0.339305 -0.830463 0.325873
v 0.387445 -0.801964 0.342032
v 0.352762 -0.835654 0.301621
v 0.400806 -0.807470 0.318158
v 0.252578 -0.723800 0.422269
v 0.204601 -0.627378 0.562153
v 0.205301 -0.736376 0.416335
v 0.250931 -0.611877 0.506488
v 0.183026 -0.633015 0.493885
v 0.236511 -0.619101 0.563350
v 0.249730 -0.841858 0.344238
v 0.209832 -0.875365 0.300621
v 0.269725 -0.849314 0.321299
v 0.209163 -0.850977 0.345482
v 0.248012 -0.865674 0.298837
v 0.193137 -0.865839 0.324227
v 0.189500 -0.813798 0.420048
v 0.117815 -0.821627 0.423093
v 0.172160 -0.804744 0.448002
v 0.172301 -0.830084 0.398091
v 0.138440 -0.809081 0.450331
v 0.137103 -0.832661 0.398207
v 0.405940 -0.748854 0.390749
v 0.477308 -0.719570 0.374968
v 0.423157 -0.757637 0.369766
v 0.420737 -0.718379 0.396799
v 0.458908 -0.742153 0.361432
v 0.457690 -0.708394 0.391160
v 0.341235 -0.640793 0.434040
v 0.363392 -0.578223 0.564023
v 0.318831 -0.582790 0.518494
v 0.370723 -0.613918 0.426120
v 0.336321 -0.596949 0.572915
v 0.376017 -0.559576 0.509888
v 0.348312 -0.785119 -0.383003
v 0.380363 -0.803853 -0.331487
v 0.331904 -0.807471 -0.360702
v 0.378706 -0.767127 -0.374611
v 0.348063 -0.817619 -0.335410
v 0.395486 -0.777066 -0.348694
v 0.249419 -0.722437 -0.525856
v 0.209247 -0.700729 -0.576743
v 0.208770 -0.735103 -0.535448
v 0.266725 -0.705864 -0.554042
v 0.189599 -0.722980 -0.558620
v 0.245807 -0.693563 -0.577268
v 0.249435 -0.820014 -0.390075
v 0.211199 -0.844456 -0.331748
v 0.264936 -0.826808 -0.361472
v 0.211812 -0.821350 -0.389351
v 0.247251 -0.843628 -0.333519
v 0.192793 -0.830298 -0.358371
v 0.190529 -0.787702 -0.474727
v 0.114592 -0.791485 -0.477884
v 0.170624 -0.773489 -0.497996
v 0.172216 -0.799885 -0.448887
v 0.131819 -0.774473 -0.502224
v 0.134135 -0.802353 -0.450595
v 0.407958 -0.728202 -0.447630
v 0.474085 -0.700760 -0.433539
v 0.418702 -0.729325 -0.417030
v 0.423471 -0.704629 -0.467163
v 0.454459 -0.718995 -0.411806
v 0.456333 -0.689479 -0.458474
v 0.355358 -0.701161 -0.532797
v 0.381188 -0.650700 -0.568669
v 0.338220 -0.691273 -0.558371
v 0.388068 -0.687172 -0.525534
v 0.351781 -0.666203 -0.576089
v 0.397375 -0.655658 -0.532583
v 0.752265 -0.559146 -0.245527
v 0.709950 -0.598253 -0.205112
v 0.727990 -0.579641 -0.261509
v 0.760528 -0.563709 -0.210217
v 0.703401 -0.597393 -0.239289
v 0.742557 -0.585046 -0.191136
v 0.833009 -0.409200 -0.366767
v 0.852679 -0.352908 -0.393039
v 0.818579 -0.398467 -0.392590
v 0.866108 -0.382700 -0.351180
v 0.823992 -0.370366 -0.403441
v 0.880814 -0.356809 -0.372156
v 0.713320 -0.548959 -0.341380
v 0.660461 -0.593935 -0.369730
v 0.698409 -0.573512 -0.323713
v 0.695058 -0.542585 -0.369802
v 0.671144 -0.595132 -0.336831
v 0.669904 -0.564910 -0.384461
v 0.824734 -0.502349 -0.195505
v 0.830729 -0.516685 -0.116426
v 0.807249 -0.528618 -0.174350
v 0.848317 -0.478888 -0.177951
v 0.810615 -0.534074 -0.134689
v 0.855620 -0.481966 -0.140758
v 0.764831 -0.465433 -0.405875
v 0.726932 -0.447303 -0.460218
v 0.772179 -0.438288 -0.419531
v 0.717976 -0.482076 -0.404768
v 0.756326 -0.430533 -0.449890
v 0.700629 -0.468516 -0.432995
v 0.873941 -0.421050 -0.255611
v 0.919667 -0.362400 -0.223115
v 0.889739 -0.391313 -0.274091
v 0.881572 -0.424371 -0.220966
v 0.914416 -0.362233 -0.260826
v 0.903633 -0.395395 -0.200351
v 0.780794 -0.564917 0.251649
v 0.739916 -0.611489 0.191398
v 0.759993 -0.584329 0.264385
v 0.788604 -0.563836 0.215923
v 0.745917 -0.604501 0.241825
v 0.768473 -0.588639 0.181044
v 0.834930 -0.407087 0.345005
v 0.845602 -0.346662 0.370238
v 0.824993 -0.404037 0.376260
v 0.853009 -0.382456 0.329214
v 0.828555 -0.373562 0.386950
v 0.858176 -0.350360 0.341555
v 0.753661 -0.557004 0.338190
v 0.708752 -0.593556 0.358017
v 0.740793 -0.579900 0.320433
v 0.744263 -0.548257 0.365205
v 0.718466 -0.598234 0.329669
v 0.723650 -0.568520 0.377268
v 0.826991 -0.493168 0.202515
v 0.736643 -0.336907 0.051517
v 0.853311 -0.412483 0.218817
v 0.834360 -0.478895 0.176754
v 0.428276 -0.180574 0.339892
v 0.826700 -0.482985 0.138093
v 0.778148 -0.463973 0.386144
v 0.762039 -0.449371 0.450117
v 0.790988 -0.439416 0.408199
v 0.749571 -0.474546 0.389185
v 0.780886 -0.432230 0.438551
v 0.745474 -0.470214 0.421652
v 0.859635 -0.419954 0.259813
v 0.883838 -0.346462 0.217130
v 0.882163 -0.390161 0.277596
v 0.844385 -0.411764 0.221926
v 0.908904 -0.358890 0.260559
v 0.861940 -0.376572 0.198358
v -0.000487 -0.086146 0.909374
v -0.000335 -0.146406 0.900399
v 0.031543 -0.102914 0.904574
v -0.032554 -0.101321 0.902162
v 0.031557 -0.132849 0.896583
v -0.031757 -0.130239 0.893988
v 0.000191 0.109376 0.914087
v -0.000515 0.169533 0.891852
v 0.031601 0.125274 0.901563
v -0.032410 0.126381 0.910223
v 0.030524 0.154580 0.876492
v -0.032052 0.156918 0.907868
v 0.096667 -0.040803 0.902382
v 0.161021 -0.077862 0.890878
v 0.097293 -0.075714 0.902710
v 0.128622 -0.024084 0.895677
v 0.128697 -0.094258 0.898179
v 0.161055 -0.043558 0.888412
v -0.095567 -0.035848 0.875173
v -0.161969 -0.080922 0.893035
v -0.097339 -0.074082 0.898895
v -0.123500 -0.009344 0.816227
v -0.129548 -0.093050 0.894915
v -0.160436 -0.035078 0.864414
v 0.096352 0.066633 0.904668
v 0.160948 0.103142 0.895660
v 0.096178 0.100342 0.905638
v 0.128672 0.050949 0.897230
v 0.127727 0.118598 0.899117
v 0.160929 0.068111 0.893479
v 0.056259 0.143217 0.617118
v -0.158285 0.121036 0.762731
v -0.083814 0.120029 0.742902
v -0.070843 0.012130 0.577937
v -0.123559 0.131455 0.808217
v -0.201217 0.104254 0.627815
v 0.396284 -0.315933 0.769530
v 0.340550 -0.342098 0.779786
v 0.389905 -0.346822 0.756067
v 0.371424 -0.300319 0.789980
v 0.361805 -0.359600 0.760305
v 0.343559 -0.313677 0.795900
v 0.566111 -0.220886 0.714731
v 0.539386 -0.132238 0.580077
v 0.586518 -0.231608 0.686772
v 0.568348 -0.186565 0.720900
v 0.595103 -0.197240 0.637605
v 0.572175 -0.150870 0.669604
v 0.459025 -0.359550 0.703968
v 0.439704 -0.423261 0.679891
v 0.430824 -0.379675 0.715989
v 0.482335 -0.371726 0.680847
v 0.421984 -0.412492 0.704924
v 0.471300 -0.402159 0.667225
v 0.552309 -0.310597 0.676196
v 0.598135 -0.334174 0.623431
v 0.582118 -0.295422 0.667900
v 0.545516 -0.338850 0.660918
v 0.607029 -0.309122 0.642647
v 0.567831 -0.350791 0.635054
v 0.403844 -0.218651 0.795645
v 0.344908 -0.185627 0.826517
v 0.372662 -0.237199 0.808147
v 0.406591 -0.183939 0.800618
v 0.344635 -0.219964 0.822574
v 0.377417 -0.167431 0.816117
v 0.496697 -0.166935 0.767330
v 0.506055 -0.097467 0.780523
v 0.527716 -0.151357 0.761127
v 0.470299 -0.148794 0.781863
v 0.530043 -0.116375 0.764915
v 0.474137 -0.114025 0.786761
v -0.386988 -0.277306 0.719437
v -0.339249 -0.338053 0.775916
v -0.374979 -0.272425 0.668275
v -0.373582 -0.298114 0.785233
v -0.361900 -0.337106 0.732871
v -0.346200 -0.312733 0.794225
v -0.567472 -0.222916 0.716249
v -0.617001 -0.190191 0.693870
v -0.590377 -0.237936 0.695709
v -0.571140 -0.188376 0.724042
v -0.614890 -0.221083 0.683378
v -0.596506 -0.172319 0.713262
v -0.420387 -0.246609 0.461885
v -0.439004 -0.412509 0.665176
v -0.369619 -0.270975 0.544183
v -0.467489 -0.333473 0.621027
v -0.412199 -0.371471 0.663055
v -0.470576 -0.397312 0.653851
v -0.556861 -0.314382 0.680396
v -0.596886 -0.337262 0.628078
v -0.582718 -0.296696 0.669368
v -0.549930 -0.342889 0.664115
v -0.604723 -0.308876 0.643894
v -0.568762 -0.355988 0.639472
v -0.403714 -0.217070 0.793975
v -0.343205 -0.181724 0.818718
v -0.372144 -0.233731 0.800327
v -0.407558 -0.183143 0.801308
v -0.341440 -0.213888 0.810395
v -0.377463 -0.167267 0.815880
v -0.499624 -0.167406 0.770508
v -0.506549 -0.097876 0.780534
v -0.527178 -0.151500 0.761494
v -0.473119 -0.149347 0.785219
v -0.532108 -0.116888 0.769764
v -0.477221 -0.114427 0.789331
v 0.400571 0.344148 0.777902
v 0.341932 0.366785 0.772998
v 0.396573 0.378139 0.770775
v 0.373823 0.315921 0.713810
v 0.365343 0.391547 0.772069
v 0.338323 0.318457 0.664448
v 0.570148 0.246534 0.725160
v 0.621289 0.212527 0.702169
v 0.594815 0.262282 0.703149
v 0.572724 0.210985 0.729534
v 0.619790 0.245148 0.690627
v 0.598905 0.194379 0.719788
v 0.466274 0.399523 0.720017
v 0.448107 0.460510 0.690744
v 0.438290 0.417643 0.733421
v 0.487773 0.411300 0.693560
v 0.427521 0.446563 0.716753
v 0.478571 0.442734 0.679238
v 0.565869 0.345034 0.691825
v 0.606886 0.368212 0.637892
v 0.590623 0.327066 0.679821
v 0.556211 0.376480 0.674769
v 0.612009 0.339785 0.653427
v 0.577489 0.388360 0.649870
v 0.404068 0.248443 0.800282
v 0.342108 0.215719 0.813327
v 0.370194 0.244155 0.716762
v 0.409910 0.212949 0.809574
v 0.333706 0.222457 0.682967
v 0.380936 0.197421 0.821500
v 0.497884 0.189966 0.768329
v 0.474669 0.112754 0.677687
v 0.522920 0.173120 0.754559
v 0.472413 0.174372 0.780804
v 0.519966 0.136252 0.736119
v 0.466268 0.137151 0.758340
v -0.402438 0.345610 0.780523
v -0.340683 0.367896 0.771040
v -0.397535 0.379006 0.769896
v -0.375415 0.328300 0.798500
v -0.367092 0.392984 0.772812
v -0.347091 0.341617 0.802701
v -0.571240 0.247786 0.725247
v -0.620579 0.213317 0.699824
v -0.593431 0.263127 0.702344
v -0.572950 0.212459 0.730712
v -0.611116 0.242602 0.678654
v -0.600082 0.196203 0.721900
v -0.439666 0.378529 0.639589
v -0.448141 0.462582 0.693357
v -0.437062 0.411117 0.716187
v -0.486723 0.407517 0.680982
v -0.428962 0.447849 0.716303
v -0.480694 0.445210 0.682911
v -0.559157 0.340656 0.686299
v -0.612172 0.371013 0.641677
v -0.589831 0.323970 0.677295
v -0.549763 0.372617 0.667421
v -0.613904 0.338416 0.647183
v -0.575071 0.387504 0.647100
v -0.406812 0.248826 0.806430
v -0.337820 0.206400 0.792007
v -0.377377 0.264890 0.816327
v -0.406976 0.210178 0.797902
v -0.346426 0.246857 0.825103
v -0.371743 0.190962 0.739904
v -0.496620 0.190852 0.769731
v -0.507167 0.120365 0.785381
v -0.526174 0.173440 0.760774
v -0.472423 0.174458 0.788674
v -0.534291 0.139071 0.771466
v -0.476890 0.138763 0.795256
v 0.000064 -0.102545 -0.840396
v 0.001086 -0.172306 -0.855808
v 0.033003 -0.124317 -0.852229
v -0.033358 -0.123516 -0.849037
v 0.033700 -0.158439 -0.855706
v -0.033418 -0.157423 -0.854264
v 0.000083 0.105088 -0.860484
v 0.000218 0.175411 -0.854340
v 0.033507 0.124647 -0.858075
v -0.033826 0.124407 -0.856228
v 0.033395 0.159116 -0.857604
v -0.033432 0.159368 -0.852683
v 0.099620 -0.057934 -0.846799
v 0.166585 -0.099799 -0.840302
v 0.099745 -0.095442 -0.849552
v 0.133139 -0.040092 -0.839704
v 0.133598 -0.116696 -0.848134
v 0.166610 -0.061119 -0.836048
v -0.095982 -0.057557 -0.770849
v -0.155664 -0.095772 -0.519096
v -0.095396 -0.095026 -0.756790
v -0.130116 -0.039159 -0.736705
v -0.118218 -0.113260 -0.645867
v -0.168735 -0.057196 -0.647513
v 0.099598 0.059496 -0.846305
v 0.165525 0.101809 -0.842212
v 0.100067 0.095717 -0.852234
v 0.132743 0.040733 -0.837890
v 0.132826 0.118140 -0.853488
v 0.166102 0.061328 -0.835040
v -0.099111 0.059162 -0.816119
v -0.148282 0.099587 -0.611115
v -0.098109 0.095612 -0.802007
v -0.130310 0.041123 -0.794762
v -0.128781 0.117156 -0.726879
v -0.156971 0.060384 -0.716770
v 0.409171 -0.358589 -0.722320
v 0.352073 -0.391230 -0.755258
v 0.403152 -0.392259 -0.722492
v 0.385593 -0.342985 -0.755629
v 0.374781 -0.410388 -0.740968
v 0.353880 -0.357350 -0.762380
v 0.582900 -0.252713 -0.692906
v 0.628071 -0.217609 -0.669293
v 0.606525 -0.270648 -0.674472
v 0.585550 -0.216288 -0.701720
v 0.629513 -0.252500 -0.662666
v 0.609043 -0.197379 -0.688297
v 0.474895 -0.411736 -0.671401
v 0.459609 -0.484680 -0.664776
v 0.445556 -0.429977 -0.685522
v 0.500893 -0.430473 -0.662068
v 0.438945 -0.470089 -0.686591
v 0.491960 -0.465688 -0.654065
v 0.573432 -0.355706 -0.640635
v 0.614920 -0.382313 -0.602139
v 0.598486 -0.335884 -0.636411
v 0.563411 -0.388971 -0.630772
v 0.620559 -0.349459 -0.616088
v 0.585433 -0.402150 -0.610665
v 0.417259 -0.254662 -0.759343
v 0.357026 -0.219098 -0.788747
v 0.386330 -0.272079 -0.770628
v 0.419238 -0.216999 -0.761337
v 0.355809 -0.253647 -0.786641
v 0.389397 -0.200091 -0.776155
v 0.509091 -0.195359 -0.729816
v 0.516426 -0.118098 -0.738171
v 0.539264 -0.176756 -0.726601
v 0.482830 -0.175536 -0.731867
v 0.544522 -0.138783 -0.730071
v 0.486056 -0.137683 -0.743798
v -0.410558 -0.360322 -0.729803
v -0.351861 -0.391316 -0.752968
v -0.405185 -0.395426 -0.729111
v -0.383658 -0.341145 -0.755137
v -0.374245 -0.410716 -0.738024
v -0.354492 -0.356658 -0.762805
v -0.581985 -0.255560 -0.689834
v -0.633356 -0.217453 -0.671775
v -0.606361 -0.272325 -0.672457
v -0.583528 -0.216298 -0.695145
v -0.632599 -0.253715 -0.666363
v -0.608205 -0.198534 -0.684652
v -0.462570 -0.427758 -0.541004
v -0.456135 -0.481289 -0.664084
v -0.447002 -0.434908 -0.670362
v -0.483522 -0.434302 -0.551866
v -0.436270 -0.466696 -0.686834
v -0.489147 -0.461823 -0.641900
v -0.595901 -0.342074 -0.465877
v -0.623566 -0.385903 -0.617632
v -0.600602 -0.336958 -0.620945
v -0.576936 -0.373342 -0.523483
v -0.627457 -0.351934 -0.631517
v -0.598307 -0.405008 -0.611172
v -0.417209 -0.254867 -0.761741
v -0.357782 -0.218368 -0.788034
v -0.386406 -0.273253 -0.775223
v -0.420193 -0.217290 -0.763793
v -0.356351 -0.254612 -0.787196
v -0.390533 -0.199397 -0.776246
v -0.512202 -0.195929 -0.735005
v -0.518958 -0.119341 -0.739366
v -0.537565 -0.176244 -0.719153
v -0.486015 -0.178051 -0.746065
v -0.542098 -0.138419 -0.721094
v -0.489416 -0.139439 -0.748949
v 0.410613 0.360934 -0.743370
v 0.346822 0.389049 -0.744494
v 0.405840 0.395867 -0.734428
v 0.382192 0.341194 -0.757555
v 0.371657 0.408408 -0.728460
v 0.352525 0.356207 -0.762246
v 0.580664 0.252594 -0.691041
v 0.633037 0.216571 -0.674148
v 0.605700 0.269743 -0.672673
v 0.584270 0.215591 -0.697557
v 0.632226 0.251381 -0.663908
v 0.611642 0.197839 -0.687789
v 0.476543 0.414501 -0.684057
v 0.458158 0.483958 -0.662268
v 0.446829 0.433766 -0.698470
v 0.498560 0.431272 -0.661425
v 0.437091 0.467330 -0.686635
v 0.491068 0.465919 -0.651490
v 0.571400 0.355801 -0.655615
v 0.621414 0.386062 -0.616686
v 0.600927 0.337826 -0.649630
v 0.567755 0.389970 -0.642850
v 0.626406 0.352592 -0.630981
v 0.594739 0.406407 -0.624704
v 0.417328 0.254176 -0.762237
v 0.355235 0.219073 -0.782970
v 0.384764 0.273686 -0.776182
v 0.420792 0.217398 -0.764343
v 0.353917 0.253121 -0.779567
v 0.390597 0.200224 -0.774169
v 0.509789 0.195709 -0.733884
v 0.518791 0.116753 -0.740930
v 0.536080 0.175787 -0.721009
v 0.484128 0.176981 -0.745713
v 0.540934 0.135906 -0.720658
v 0.487360 0.137879 -0.749606
v -0.573603 0.444715 -0.406822
v -0.338201 0.402587 -0.474635
v -0.383922 0.395545 -0.409188
v -0.069594 0.009539 -0.414460
v -0.359919 0.423497 -0.520416
v -0.223005 0.366255 -0.394366
v -0.581719 0.253516 -0.691665
v -0.631941 0.216638 -0.667187
v -0.606072 0.270530 -0.673441
v -0.582733 0.215907 -0.695671
v -0.630624 0.251739 -0.661627
v -0.608761 0.197189 -0.684317
v -0.479500 0.416345 -0.685373
v -0.459045 0.483135 -0.662054
v -0.452459 0.435391 -0.687662
v -0.501376 0.430714 -0.662859
v -0.438684 0.470246 -0.686221
v -0.491379 0.464374 -0.651210
v -0.572432 0.357571 -0.655425
v -0.624594 0.383828 -0.580127
v -0.602822 0.339050 -0.649577
v -0.565758 0.391578 -0.635730
v -0.627541 0.353485 -0.623842
v -0.591092 0.405376 -0.591885
v -0.416597 0.258314 -0.677336
v -0.357836 0.219849 -0.769986
v -0.389674 0.270506 -0.572204
v -0.420351 0.218302 -0.749665
v -0.356670 0.255614 -0.691895
v -0.390939 0.200074 -0.770383
v -0.507436 0.194308 -0.729679
v -0.515716 0.117312 -0.737863
v -0.533446 0.174143 -0.717235
v -0.482546 0.176017 -0.744351
v -0.539476 0.136494 -0.725671
v -0.485710 0.137510 -0.747645
v 0.987712 -0.002784 -0.104517
v 0.982698 -0.002994 -0.176197
v 0.987662 0.031559 -0.118181
v 0.985999 -0.034920 -0.123232
v 0.984112 0.032054 -0.158550
v 0.984026 -0.036968 -0.154598
v 0.986942 0.002992 0.107924
v 0.983160 -0.000272 0.170250
v 0.984918 0.035477 0.124791
v 0.986403 -0.031812 0.130806
v 0.983132 0.033962 0.157169
v 0.983428 -0.033622 0.159561
v 0.985586 0.099523 -0.057396
v 0.979888 0.163876 -0.101910
v 0.984601 0.100102 -0.093635
v 0.983312 0.131577 -0.040420
v 0.981776 0.132634 -0.116408
v 0.979272 0.164495 -0.060757
v 0.985101 0.093835 0.062313
v 0.977453 0.164381 0.102340
v 0.983508 0.097449 0.096093
v 0.984383 0.126603 0.044606
v 0.979912 0.130910 0.116517
v 0.980720 0.164950 0.069090
v 0.987179 -0.098709 -0.060353
v 0.980830 -0.166883 -0.102473
v 0.985540 -0.098420 -0.097465
v 0.986262 -0.133854 -0.042733
v 0.982706 -0.134197 -0.118617
v 0.982294 -0.166680 -0.063160
v 0.987749 -0.100633 0.063470
v 0.980364 -0.162782 0.101264
v 0.985796 -0.101786 0.098288
v 0.986971 -0.132708 0.048678
v 0.981793 -0.131579 0.117780
v 0.983180 -0.166967 0.065944
v -0.997462 0.001149 -0.112019
v -0.993359 -0.001286 -0.172971
v -0.996753 0.035495 -0.127292
v -0.996975 -0.034021 -0.129585
v -0.994230 0.033723 -0.156779
v -0.994577 -0.033574 -0.159906
v -0.997579 0.000184 0.104541
v -0.992617 0.002509 0.170083
v -0.995791 0.033303 0.125264
v -0.995386 -0.032288 0.122415
v -0.994318 0.035423 0.155920
v -0.992665 -0.032109 0.156984
v -0.996811 0.099690 -0.065094
v -0.989022 0.163846 -0.104581
v -0.995961 0.099199 -0.099289
v -0.995299 0.128948 -0.049152
v -0.994339 0.128402 -0.121324
v -0.988669 0.165732 -0.065192
v -0.995955 0.101030 0.062978
v -0.986706 0.168296 0.102672
v -0.994288 0.098857 0.099073
v -0.993462 0.134200 0.043539
v -0.989791 0.132976 0.118652
v -0.988228 0.167538 0.064253
v -0.997796 -0.103430 -0.064867
v -0.992345 -0.163412 -0.102567
v -0.996100 -0.101034 -0.099631
v -0.995782 -0.134127 -0.042452
v -0.993592 -0.131626 -0.118318
v -0.992727 -0.166097 -0.062093
v -0.997163 -0.098477 0.059703
v -0.984955 -0.165513 0.099652
v -0.994571 -0.098573 0.093876
v -0.996680 -0.133571 0.043064
v -0.989477 -0.133002 0.115975
v -0.991496 -0.165194 0.061276
v -0.326290 0.874693 0.094871
v -0.367443 0.850968 0.157730
v -0.359516 0.863833 0.095725
v -0.377132 0.842072 0.124768
v -0.312554 0.872039 0.126852
v -0.332760 0.861009 0.157375
v -0.323453 0.868893 -0.098290
v -0.360279 0.836699 -0.162327
v -0.353651 0.852720 -0.097023
v -0.367662 0.820393 -0.124563
v -0.311058 0.869890 -0.131242
v -0.330731 0.859786 -0.164580
v -0.225831 0.897804 0.095933
v -0.201483 0.900141 0.158363
v -0.192053 0.902041 0.096914
v -0.180191 0.904391 0.125181
v -0.245542 0.889250 0.127126
v -0.233618 0.890877 0.158849
v -0.227049 0.902018 -0.100839
v -0.198369 0.897796 -0.163337
v -0.192744 0.907080 -0.100698
v -0.179472 0.906886 -0.132305
v -0.246450 0.892635 -0.132147
v -0.231532 0.886428 -0.162613
v -0.522360 0.762370 0.215651
v -0.580682 0.720139 0.191574
v -0.532979 0.762368 0.184798
v -0.563530 0.742211 0.173222
v -0.545384 0.745954 0.237922
v -0.572696 0.724408 0.225142
v -0.348839 0.644637 0.258309
v -0.204080 0.737434 0.237410
v -0.300874 0.684661 0.291685
v -0.227022 0.719870 0.284934
v -0.256207 0.690116 0.158559
v -0.218834 0.721173 0.178481
v -0.479952 0.754325 0.312634
v -0.501327 0.691822 0.336622
v -0.468635 0.752217 0.339672
v -0.484664 0.727047 0.354798
v -0.512148 0.734659 0.299776
v -0.524380 0.706588 0.317534
v -0.522395 0.767189 -0.224811
v -0.582351 0.723026 -0.198883
v -0.535394 0.767699 -0.192922
v -0.568714 0.749761 -0.180670
v -0.540247 0.742798 -0.244166
v -0.565601 0.715649 -0.228276
v -0.281940 0.759271 -0.243029
v -0.259872 0.864406 -0.262437
v -0.296937 0.816202 -0.290673
v -0.277260 0.860091 -0.293702
v -0.300759 0.838893 -0.226749
v -0.270102 0.857277 -0.227324
v -0.477391 0.757063 -0.316972
v -0.515107 0.715820 -0.356578
v -0.464756 0.755388 -0.347359
v -0.484475 0.736636 -0.367145
v -0.499536 0.718661 -0.298720
v -0.515721 0.693004 -0.314391
v -0.633754 0.623781 -0.037134
v -0.679317 0.671366 0.040436
v -0.645671 0.673962 -0.018942
v -0.661841 0.692036 0.019046
v -0.685744 0.636029 -0.019224
v -0.702436 0.651719 0.020490
v -0.598480 0.606752 -0.248138
v -0.615221 0.667347 -0.324576
v -0.654866 0.636634 -0.277327
v -0.644790 0.646641 -0.312811
v -0.562544 0.628645 -0.263915
v -0.593628 0.677874 -0.305164
v -0.697745 0.572443 -0.095425
v -0.776780 0.571224 -0.060374
v -0.731854 0.565578 -0.116183
v -0.761578 0.557950 -0.097711
v -0.725705 0.598323 -0.058690
v -0.759874 0.591160 -0.039783
v -0.614396 0.641584 0.245230
v -0.612297 0.660388 0.315060
v -0.625058 0.615362 0.260953
v -0.643538 0.639919 0.301691
v -0.601778 0.677679 0.262480
v -0.592892 0.680452 0.295236
v -0.726497 0.598841 0.095748
v -0.764112 0.560134 0.057521
v -0.746242 0.580580 0.115370
v -0.763003 0.559703 0.095482
v -0.730760 0.602820 0.058003
v -0.745036 0.579944 0.040080
v 0.324557 0.868914 0.093064
v 0.364824 0.851293 0.158216
v 0.357078 0.862239 0.094430
v 0.377685 0.853579 0.125786
v 0.312003 0.866071 0.123760
v 0.333487 0.863168 0.159586
v 0.326041 0.874907 -0.099293
v 0.363926 0.850814 -0.163522
v 0.357645 0.863520 -0.098974
v 0.376297 0.851163 -0.130945
v 0.312056 0.871240 -0.131523
v 0.332556 0.862535 -0.164389
v 0.216325 0.828595 0.088630
v 0.198720 0.896700 0.158571
v 0.191504 0.887255 0.092072
v 0.179564 0.907906 0.128457
v 0.240328 0.853001 0.123102
v 0.232192 0.884966 0.158448
v 0.225130 0.899166 -0.099233
v 0.198933 0.743798 -0.117949
v 0.191366 0.902727 -0.100137
v 0.171798 0.857156 -0.125252
v 0.241801 0.879970 -0.130092
v 0.227850 0.833675 -0.160025
v 0.519653 0.761386 0.216370
v 0.584907 0.726689 0.193814
v 0.533742 0.764686 0.185266
v 0.565345 0.745602 0.173613
v 0.540344 0.742802 0.236801
v 0.575613 0.728137 0.226073
v 0.318211 0.830119 0.247252
v 0.258143 0.862560 0.251115
v 0.308083 0.838518 0.280492
v 0.278327 0.852005 0.282536
v 0.303219 0.852699 0.219728
v 0.272181 0.866721 0.220595
v 0.481067 0.755095 0.311029
v 0.522319 0.719580 0.353102
v 0.467670 0.753302 0.342167
v 0.488076 0.734571 0.362339
v 0.515627 0.739338 0.300986
v 0.537559 0.722755 0.322911
v 0.519235 0.757716 -0.221944
v 0.551946 0.678090 -0.185221
v 0.532311 0.761860 -0.190658
v 0.558336 0.737049 -0.175642
v 0.518422 0.703292 -0.238505
v 0.476283 0.581330 -0.212002
v 0.323503 0.846123 -0.260432
v 0.257317 0.868680 -0.264130
v 0.310379 0.846598 -0.292751
v 0.278040 0.858898 -0.294138
v 0.304464 0.857252 -0.229023
v 0.271708 0.865752 -0.229469
v 0.443635 0.694468 -0.301026
v 0.519384 0.724280 -0.358619
v 0.458231 0.746917 -0.350856
v 0.486062 0.743374 -0.371812
v 0.510847 0.730136 -0.302813
v 0.533810 0.723952 -0.324795
v 0.674396 0.661921 -0.040039
v 0.676634 0.667162 0.038176
v 0.662482 0.691334 -0.020688
v 0.659671 0.689044 0.018533
v 0.671908 0.618600 -0.018583
v 0.695652 0.645551 0.017944
v 0.632252 0.659026 -0.256922
v 0.586828 0.621313 -0.310304
v 0.641962 0.630343 -0.275607
v 0.628254 0.624677 -0.304457
v 0.604670 0.679332 -0.272071
v 0.585940 0.669028 -0.298933
v 0.720941 0.586844 -0.100170
v 0.768705 0.563327 -0.058277
v 0.750360 0.583693 -0.120615
v 0.767662 0.563643 -0.101248
v 0.681295 0.539344 -0.059886
v 0.731158 0.555007 -0.036503
v 0.621428 0.636280 0.244882
v 0.609874 0.657661 0.313686
v 0.595083 0.545440 0.242281
v 0.623120 0.610779 0.293741
v 0.608316 0.681736 0.264597
v 0.597779 0.683466 0.297750
v 0.735126 0.606731 0.097976
v 0.765265 0.560555 0.059889
v 0.747954 0.582708 0.115941
v 0.769612 0.564181 0.097306
v 0.745400 0.613334 0.059944
v 0.758834 0.589914 0.040001
v -0.329580 -0.834256 0.079011
v -0.368258 -0.800650 0.122589
v -0.366404 -0.828633 0.081914
v -0.381438 -0.819872 0.105879
v -0.301720 -0.828142 0.103854
v -0.322113 -0.767516 0.104345
v -0.327555 -0.887651 -0.090389
v -0.366564 -0.861971 -0.152931
v -0.358906 -0.877415 -0.090821
v -0.378386 -0.864672 -0.122672
v -0.314598 -0.884686 -0.121242
v -0.333986 -0.871295 -0.152279
v -0.227313 -0.916913 0.093159
v -0.200644 -0.910367 0.146968
v -0.192709 -0.922408 0.093837
v -0.182069 -0.903516 0.118309
v -0.247290 -0.908045 0.121002
v -0.234042 -0.906599 0.147517
v -0.227661 -0.914197 -0.090155
v -0.197704 -0.903004 -0.153267
v -0.193214 -0.921898 -0.089745
v -0.180058 -0.916882 -0.121352
v -0.248580 -0.902879 -0.121989
v -0.233033 -0.897163 -0.152501
v -0.526153 -0.787929 0.196288
v -0.576887 -0.718820 0.135094
v -0.537906 -0.786798 0.168005
v -0.557525 -0.759293 0.141721
v -0.546276 -0.767423 0.211383
v -0.581108 -0.741057 0.195498
v -0.328226 -0.866243 0.223303
v -0.261032 -0.892216 0.227758
v -0.313632 -0.866123 0.250608
v -0.279507 -0.877939 0.252088
v -0.303605 -0.874526 0.194469
v -0.273534 -0.893194 0.200608
v -0.486452 -0.780760 0.276631
v -0.521988 -0.741092 0.308193
v -0.473768 -0.777917 0.302759
v -0.491952 -0.757997 0.318551
v -0.518740 -0.763259 0.266029
v -0.538984 -0.742636 0.281951
v -0.503644 -0.728129 -0.211792
v -0.566612 -0.678408 -0.191992
v -0.514743 -0.726823 -0.180620
v -0.548126 -0.705824 -0.171088
v -0.521671 -0.699979 -0.233387
v -0.550509 -0.660180 -0.220719
v -0.325924 -0.853563 -0.243949
v -0.259867 -0.876330 -0.244470
v -0.312575 -0.853713 -0.274366
v -0.279023 -0.863014 -0.274312
v -0.305383 -0.863339 -0.213068
v -0.272405 -0.874229 -0.213370
v -0.485217 -0.764494 -0.307757
v -0.523505 -0.723572 -0.348200
v -0.470239 -0.758630 -0.337368
v -0.489243 -0.738311 -0.357558
v -0.518337 -0.748503 -0.297160
v -0.537374 -0.727763 -0.317517
v -0.691115 -0.684688 -0.040750
v -0.694554 -0.691803 0.040629
v -0.669962 -0.705583 -0.019959
v -0.675160 -0.710041 0.020968
v -0.707899 -0.664404 -0.019634
v -0.712130 -0.671317 0.020312
v -0.646701 -0.674393 -0.251775
v -0.620116 -0.669762 -0.318309
v -0.664018 -0.653167 -0.271753
v -0.650919 -0.651059 -0.304077
v -0.613019 -0.692926 -0.263464
v -0.601786 -0.693267 -0.296543
v -0.735482 -0.611973 -0.096066
v -0.783155 -0.578822 -0.058954
v -0.757620 -0.595500 -0.114379
v -0.779148 -0.577002 -0.096382
v -0.738025 -0.614778 -0.059527
v -0.763129 -0.599320 -0.039872
v -0.654216 -0.688769 0.226002
v -0.630845 -0.683847 0.277357
v -0.673317 -0.666730 0.241121
v -0.663319 -0.663312 0.265243
v -0.623538 -0.706698 0.235784
v -0.610406 -0.706045 0.262508
v -0.746205 -0.625389 0.091484
v -0.783994 -0.581518 0.055040
v -0.763479 -0.601193 0.106768
v -0.777729 -0.575108 0.087003
v -0.750356 -0.626619 0.056932
v -0.768512 -0.603580 0.037496
v 0.326582 -0.890775 0.091119
v 0.364112 -0.867041 0.146388
v 0.357493 -0.879359 0.090400
v 0.375687 -0.866019 0.118287
v 0.315381 -0.891270 0.119496
v 0.334027 -0.879079 0.146127
v 0.327865 -0.890962 -0.090747
v 0.365982 -0.861754 -0.152471
v 0.359119 -0.877085 -0.090712
v 0.378249 -0.863929 -0.121983
v 0.316007 -0.890335 -0.121535
v 0.335750 -0.877268 -0.152945
v 0.266253 -0.786650 0.050132
v 0.168342 -0.800261 0.099605
v 0.183914 -0.806507 0.059842
v 0.137286 -0.789680 0.093355
v 0.373093 -0.738677 0.074135
v 0.272672 -0.782717 0.091685
v 0.227808 -0.917738 -0.089872
v 0.200081 -0.911829 -0.151724
v 0.194171 -0.924870 -0.089995
v 0.180222 -0.921296 -0.120801
v 0.248775 -0.908517 -0.120715
v 0.234933 -0.905354 -0.151705
v 0.531066 -0.787365 0.197006
v 0.591155 -0.749945 0.174889
v 0.541270 -0.786252 0.170568
v 0.570366 -0.765815 0.158798
v 0.549558 -0.769346 0.213741
v 0.579931 -0.751079 0.203417
v 0.331040 -0.870494 0.227946
v 0.260818 -0.886283 0.223521
v 0.318161 -0.866488 0.252737
v 0.283487 -0.875200 0.249929
v 0.312777 -0.884381 0.201169
v 0.280300 -0.890086 0.197387
v 0.492719 -0.781160 0.273346
v 0.530217 -0.743750 0.310071
v 0.474756 -0.777260 0.299726
v 0.496793 -0.758716 0.317414
v 0.525522 -0.765752 0.265661
v 0.543121 -0.745911 0.282842
v 0.518075 -0.764135 -0.210146
v 0.586523 -0.734194 -0.190097
v 0.538421 -0.775591 -0.181371
v 0.566651 -0.754682 -0.170703
v 0.540771 -0.748378 -0.230468
v 0.578416 -0.736869 -0.220144
v 0.328082 -0.856585 -0.245201
v 0.261225 -0.875637 -0.245161
v 0.312531 -0.849753 -0.275923
v 0.279693 -0.859616 -0.276306
v 0.310005 -0.872658 -0.214012
v 0.276965 -0.882189 -0.213304
v 0.481471 -0.763517 -0.307460
v 0.523763 -0.722348 -0.347754
v 0.466372 -0.755442 -0.335024
v 0.486306 -0.735742 -0.354885
v 0.514943 -0.744752 -0.296750
v 0.537051 -0.725207 -0.318710
v 0.684671 -0.681207 -0.037886
v 0.688427 -0.690155 0.038909
v 0.666105 -0.701534 -0.017998
v 0.668991 -0.706887 0.020658
v 0.703645 -0.661240 -0.019508
v 0.706707 -0.665469 0.016577
v 0.629404 -0.657831 -0.245207
v 0.603554 -0.653800 -0.309709
v 0.645465 -0.636204 -0.264762
v 0.635847 -0.636616 -0.298208
v 0.608921 -0.686312 -0.260981
v 0.594387 -0.682497 -0.292544
v 0.743982 -0.616938 -0.093845
v 0.773342 -0.573020 -0.057127
v 0.762733 -0.595998 -0.113458
v 0.777532 -0.574497 -0.094915
v 0.740447 -0.615862 -0.056115
v 0.758106 -0.594107 -0.038746
v 0.653045 -0.685669 0.223686
v 0.624597 -0.680413 0.274194
v 0.676570 -0.662454 0.240339
v 0.670061 -0.653514 0.269899
v 0.619383 -0.706373 0.234781
v 0.606181 -0.704302 0.260754
v 0.712127 -0.550355 0.083260
v 0.787194 -0.588338 0.057309
v 0.765119 -0.596916 0.101302
v 0.776874 -0.586627 0.084125
v 0.752555 -0.618424 0.055296
v 0.771187 -0.606292 0.037329
v -0.039397 -0.616149 0.649582
v 0.038134 -0.616618 0.649547
v -0.020346 -0.598570 0.666582
v 0.018664 -0.597434 0.665622
v -0.019762 -0.634818 0.633230
v 0.018405 -0.633902 0.632149
v -0.192623 -0.528035 0.704472
v -0.219342 -0.471871 0.742547
v -0.173686 -0.513582 0.725251
v -0.186742 -0.484108 0.743370
v -0.225644 -0.514250 0.702259
v -0.239308 -0.489088 0.724780
v -0.098628 -0.622858 0.567138
v -0.059965 -0.738102 0.407065
v -0.117576 -0.616976 0.484193
v -0.095196 -0.736159 0.402525
v -0.053882 -0.628214 0.568106
v -0.033064 -0.616976 0.488950
v -0.251623 -0.580966 0.644694
v -0.314574 -0.552484 0.640728
v -0.270250 -0.595470 0.624005
v -0.301317 -0.581215 0.621810
v -0.264194 -0.546167 0.660209
v -0.295535 -0.534612 0.659416
v 0.191966 -0.523249 0.699866
v 0.208597 -0.409798 0.678810
v 0.173002 -0.509256 0.721268
v 0.183310 -0.471176 0.729885
v 0.221803 -0.493456 0.682705
v 0.225208 -0.403206 0.632210
v 0.094328 -0.629380 0.564711
v 0.059047 -0.755398 0.424181
v 0.115543 -0.642310 0.493997
v 0.098009 -0.753753 0.432416
v 0.054569 -0.631852 0.565869
v 0.037263 -0.636588 0.494376
v 0.249438 -0.574228 0.641211
v 0.314398 -0.555210 0.642368
v 0.268966 -0.591965 0.621857
v 0.302069 -0.586331 0.624404
v 0.261844 -0.544907 0.660159
v 0.294389 -0.532677 0.659699
v 0.095862 -0.292488 0.854772
v 0.158377 -0.328473 0.832035
v 0.095711 -0.321721 0.843377
v 0.126365 -0.340942 0.834015
v 0.127609 -0.281028 0.855114
v 0.158939 -0.298247 0.842882
v -0.092930 -0.288117 0.846876
v -0.159179 -0.323679 0.821799
v -0.092708 -0.320245 0.836919
v -0.124436 -0.337606 0.823395
v -0.126471 -0.274050 0.843246
v -0.160537 -0.290914 0.830438
v 0.095874 -0.201678 0.887430
v 0.156841 -0.174253 0.875940
v 0.094943 -0.169500 0.887365
v 0.125663 -0.157263 0.890311
v 0.126807 -0.221209 0.874492
v 0.157294 -0.207788 0.868154
v -0.096728 -0.199250 0.876124
v -0.160966 -0.175167 0.877161
v -0.095024 -0.163019 0.862341
v -0.127893 -0.151130 0.863601
v -0.129344 -0.218749 0.874806
v -0.160528 -0.207491 0.874053
v 0.315672 -0.271240 0.553203
v 0.347002 -0.451316 0.678967
v 0.331982 -0.366587 0.676033
v 0.357923 -0.422876 0.694005
v 0.305889 -0.306765 0.521141
v 0.312290 -0.423259 0.637671
v 0.254908 -0.292407 0.830051
v 0.255729 -0.232827 0.845439
v 0.285677 -0.280292 0.826709
v 0.286315 -0.250350 0.835639
v 0.223279 -0.275298 0.840624
v 0.223638 -0.245655 0.847970
v -0.312837 -0.437331 0.738448
v -0.351958 -0.469588 0.697841
v -0.344550 -0.422381 0.730945
v -0.364764 -0.440970 0.715657
v -0.301570 -0.466544 0.721411
v -0.320840 -0.482453 0.700641
v -0.253339 -0.293671 0.829812
v -0.254239 -0.231095 0.848211
v -0.282925 -0.279383 0.823390
v -0.282844 -0.246595 0.829978
v -0.223959 -0.275423 0.841839
v -0.223494 -0.245015 0.851485
v -0.040966 0.656672 0.661629
v 0.039613 0.602155 0.599765
v -0.019883 0.631015 0.672738
v 0.019395 0.587435 0.620198
v -0.021526 0.676829 0.643038
v 0.022775 0.669778 0.634467
v -0.192634 0.551403 0.692160
v -0.219150 0.507377 0.752813
v -0.175422 0.548701 0.733415
v -0.187228 0.518835 0.752234
v -0.225337 0.547349 0.701415
v -0.238924 0.525626 0.733754
v -0.097504 0.710688 0.599137
v -0.059078 0.748638 0.560552
v -0.115851 0.725527 0.577017
v -0.096624 0.745391 0.557776
v -0.059955 0.715736 0.602141
v -0.039996 0.732810 0.581884
v -0.249214 0.588860 0.609831
v -0.323027 0.599467 0.659645
v -0.274170 0.638665 0.631752
v -0.308146 0.627643 0.637247
v -0.267768 0.569377 0.657582
v -0.303646 0.581785 0.678326
v 0.193590 0.569407 0.717803
v 0.217734 0.506446 0.752021
v 0.174214 0.550939 0.737826
v 0.186258 0.521218 0.757209
v 0.226670 0.557112 0.716045
v 0.238114 0.524475 0.732838
v 0.097936 0.713180 0.600648
v 0.058942 0.749966 0.561844
v 0.117915 0.731232 0.579629
v 0.098216 0.749866 0.560306
v 0.058827 0.714358 0.601636
v 0.039003 0.732852 0.582157
v 0.250912 0.617046 0.652562
v 0.318294 0.595118 0.655850
v 0.262000 0.621740 0.620224
v 0.303147 0.620896 0.629831
v 0.267404 0.594180 0.677614
v 0.301193 0.581912 0.680977
v 0.095316 0.320797 0.858864
v 0.160391 0.361230 0.842623
v 0.095060 0.350153 0.844642
v 0.128054 0.372618 0.841413
v 0.128110 0.310472 0.862448
v 0.160776 0.331035 0.853962
v -0.096830 0.323030 0.863031
v -0.161780 0.361658 0.843327
v -0.096037 0.355670 0.854290
v -0.129918 0.375114 0.844461
v -0.130621 0.309645 0.862427
v -0.162189 0.330173 0.853520
v 0.095639 0.226997 0.882018
v 0.161717 0.202080 0.887459
v 0.094404 0.192384 0.866931
v 0.128026 0.181549 0.885633
v 0.128236 0.246867 0.880116
v 0.161588 0.233859 0.881585
v -0.097583 0.226592 0.884527
v -0.156412 0.196643 0.859516
v -0.096995 0.194452 0.891342
v -0.128437 0.180982 0.888509
v -0.124975 0.242384 0.854926
v -0.143826 0.221717 0.797532
v 0.318266 0.471628 0.750408
v 0.355415 0.507015 0.712121
v 0.347087 0.457805 0.746308
v 0.366687 0.475179 0.727136
v 0.308102 0.502689 0.733541
v 0.326662 0.523371 0.717586
v 0.247051 0.315663 0.778540
v 0.247353 0.249725 0.807406
v 0.195075 0.299791 0.615508
v 0.205784 0.236563 0.640287
v 0.223879 0.301588 0.836893
v 0.225764 0.269611 0.850442
v -0.316272 0.469042 0.749283
v -0.357874 0.508385 0.711268
v -0.346149 0.456091 0.742613
v -0.367593 0.475782 0.725938
v -0.304597 0.501241 0.731774
v -0.326110 0.520865 0.713278
v -0.256400 0.322680 0.837632
v -0.258462 0.258156 0.858653
v -0.286848 0.309014 0.834533
v -0.286892 0.275889 0.844495
v -0.226591 0.305459 0.853141
v -0.225800 0.271918 0.852593
v -0.044131 -0.666946 -0.620860
v 0.042743 -0.671170 -0.631013
v -0.024755 -0.649693 -0.639392
v 0.019936 -0.651892 -0.644261
v -0.025484 -0.652897 -0.531794
v 0.016122 -0.670780 -0.567176
v -0.198844 -0.587560 -0.685324
v -0.227665 -0.532287 -0.720484
v -0.177926 -0.570782 -0.702907
v -0.191646 -0.542319 -0.719763
v -0.233612 -0.577404 -0.686341
v -0.248369 -0.552511 -0.706879
v -0.111487 -0.681023 -0.523905
v -0.053791 -0.704942 -0.484677
v -0.120270 -0.729341 -0.555307
v -0.100854 -0.744154 -0.533584
v -0.215681 -0.576659 -0.376238
v -0.094141 -0.690311 -0.289780
v -0.258595 -0.634279 -0.632549
v -0.326212 -0.615547 -0.639257
v -0.278681 -0.652291 -0.618863
v -0.312336 -0.641165 -0.619037
v -0.272816 -0.607985 -0.650495
v -0.307654 -0.600549 -0.656737
v 0.196768 -0.584747 -0.683156
v 0.222959 -0.532273 -0.722749
v 0.180252 -0.572901 -0.710647
v 0.191533 -0.543875 -0.727333
v 0.228716 -0.573190 -0.681705
v 0.243343 -0.548683 -0.703720
v 0.099091 -0.722606 -0.582339
v 0.059693 -0.754863 -0.543702
v 0.117173 -0.739357 -0.567276
v 0.098359 -0.758645 -0.552246
v 0.070328 -0.698127 -0.543770
v 0.055411 -0.691153 -0.491917
v 0.253383 -0.636800 -0.635122
v 0.332813 -0.614122 -0.634365
v 0.276738 -0.651047 -0.615939
v 0.315765 -0.640950 -0.615268
v 0.268624 -0.607102 -0.648944
v 0.308410 -0.595533 -0.651111
v 0.098938 -0.335111 -0.815728
v 0.164185 -0.374923 -0.797011
v 0.098732 -0.366845 -0.803068
v 0.131304 -0.386706 -0.794114
v 0.131826 -0.323102 -0.816659
v 0.164590 -0.342886 -0.806655
v -0.098559 -0.336006 -0.818909
v -0.163439 -0.376260 -0.796775
v -0.098275 -0.368424 -0.809097
v -0.130678 -0.388599 -0.798337
v -0.131719 -0.322560 -0.816243
v -0.164287 -0.342699 -0.806682
v 0.098838 -0.234062 -0.840310
v 0.166036 -0.205927 -0.837994
v 0.098765 -0.199486 -0.846544
v 0.131279 -0.184886 -0.845797
v 0.131615 -0.255588 -0.833516
v 0.165948 -0.241702 -0.831762
v -0.100583 -0.234164 -0.841766
v -0.165778 -0.207043 -0.825502
v -0.100764 -0.200883 -0.843701
v -0.134006 -0.189177 -0.815542
v -0.133002 -0.254549 -0.832931
v -0.165696 -0.240634 -0.827389
v 0.325706 -0.492970 -0.722353
v 0.363927 -0.526316 -0.685905
v 0.355094 -0.479690 -0.719163
v 0.374578 -0.497307 -0.700872
v 0.314518 -0.522720 -0.706385
v 0.334110 -0.539010 -0.689111
v 0.261573 -0.334183 -0.792087
v 0.262810 -0.266118 -0.810092
v 0.293171 -0.319181 -0.789039
v 0.294204 -0.285162 -0.799508
v 0.230237 -0.315533 -0.804435
v 0.231317 -0.281965 -0.813798
v -0.324933 -0.493156 -0.723131
v -0.362247 -0.525181 -0.681916
v -0.355557 -0.478607 -0.717807
v -0.374432 -0.494657 -0.697515
v -0.313380 -0.524335 -0.707152
v -0.331800 -0.540421 -0.687603
v -0.262972 -0.334100 -0.792928
v -0.262997 -0.265929 -0.809622
v -0.294336 -0.319394 -0.790195
v -0.294772 -0.285532 -0.800584
v -0.230730 -0.314539 -0.803300
v -0.230789 -0.280431 -0.811509
v -0.040087 0.683654 -0.640504
v 0.036791 0.672980 -0.598485
v -0.019265 0.667206 -0.659037
v 0.021956 0.666571 -0.651444
v -0.019900 0.700965 -0.622735
v 0.021461 0.698537 -0.618161
v -0.200597 0.596585 -0.694640
v -0.225895 0.534278 -0.726242
v -0.181534 0.577902 -0.707526
v -0.194035 0.546311 -0.724080
v -0.233643 0.584062 -0.693935
v -0.246450 0.553658 -0.710027
v -0.099355 0.733743 -0.588278
v -0.059501 0.767715 -0.552897
v -0.117744 0.749002 -0.570591
v -0.097312 0.764526 -0.551918
v -0.060646 0.736430 -0.589093
v -0.040929 0.754447 -0.571749
v -0.259820 0.644647 -0.637898
v -0.326371 0.618568 -0.634454
v -0.281563 0.662144 -0.619710
v -0.315081 0.648013 -0.619243
v -0.273869 0.616309 -0.655946
v -0.307308 0.603464 -0.653940
v 0.199804 0.593328 -0.689023
v 0.224434 0.534635 -0.727300
v 0.179638 0.575912 -0.709732
v 0.192627 0.547182 -0.729461
v 0.232444 0.583094 -0.691735
v 0.244064 0.553972 -0.708537
v 0.097712 0.725245 -0.571185
v 0.057921 0.765649 -0.552047
v 0.116091 0.742842 -0.566421
v 0.095161 0.760362 -0.548481
v 0.059731 0.736908 -0.586156
v 0.040370 0.754263 -0.572422
v 0.259561 0.644965 -0.638904
v 0.325904 0.619886 -0.634195
v 0.278609 0.659244 -0.619451
v 0.312147 0.647859 -0.618545
v 0.273851 0.617651 -0.658316
v 0.307189 0.606013 -0.657024
v 0.099292 0.338529 -0.818945
v 0.164461 0.376345 -0.799931
v 0.098759 0.370103 -0.812944
v 0.131376 0.389069 -0.800950
v 0.133275 0.325438 -0.819291
v 0.165380 0.343734 -0.809339
v -0.099117 0.335927 -0.819030
v -0.165096 0.376753 -0.798877
v -0.098612 0.370456 -0.811465
v -0.131911 0.390938 -0.799914
v -0.132739 0.322678 -0.816081
v -0.165806 0.343237 -0.807476
v 0.099571 0.231822 -0.835726
v 0.165172 0.205099 -0.833989
v 0.099030 0.197379 -0.838820
v 0.130523 0.182617 -0.829466
v 0.133261 0.253702 -0.829300
v 0.166621 0.240229 -0.831487
v -0.099557 0.234839 -0.842948
v -0.166072 0.206433 -0.835139
v -0.099774 0.199685 -0.842743
v -0.134388 0.185449 -0.839187
v -0.132591 0.254615 -0.832426
v -0.165491 0.240542 -0.829139
v 0.322722 0.486121 -0.697786
v 0.366403 0.531329 -0.682247
v 0.353661 0.472983 -0.695884
v 0.377438 0.495373 -0.697585
v 0.311776 0.525796 -0.696474
v 0.334780 0.548102 -0.685749
v 0.263936 0.335390 -0.798013
v 0.262448 0.265947 -0.807594
v 0.293358 0.319214 -0.788717
v 0.292394 0.284334 -0.791927
v 0.231653 0.315806 -0.809031
v 0.231651 0.281632 -0.814865
v -0.322987 0.492526 -0.715897
v -0.363540 0.529627 -0.684035
v -0.354782 0.479507 -0.716273
v -0.375281 0.498919 -0.700544
v -0.311156 0.525118 -0.702332
v -0.331281 0.542856 -0.685680
v -0.264035 0.335899 -0.774185
v -0.262698 0.266422 -0.800448
v -0.294240 0.319209 -0.705959
v -0.296214 0.286179 -0.747222
v -0.230588 0.314799 -0.798215
v -0.230405 0.280471 -0.805648
v 0.806484 0.226735 -0.507338
v 0.768717 0.201453 -0.562027
v 0.807396 0.192695 -0.518036
v 0.790666 0.179463 -0.546587
v 0.785299 0.246287 -0.523025
v 0.766473 0.234195 -0.550117
v 0.927709 0.166374 -0.389988
v 0.959630 0.101785 -0.346103
v 0.917008 0.133263 -0.397654
v 0.938192 0.100488 -0.380410
v 0.952346 0.169979 -0.358103
v 0.963516 0.135795 -0.333686
v 0.789976 0.317552 -0.466591
v 0.746195 0.356711 -0.482745
v 0.780984 0.346932 -0.450690
v 0.762893 0.368560 -0.466985
v 0.783433 0.310781 -0.502146
v 0.763205 0.332341 -0.514970
v 0.931496 0.276619 -0.340487
v 0.941540 0.269094 -0.272583
v 0.922679 0.303514 -0.324224
v 0.928241 0.299712 -0.292809
v 0.944803 0.242289 -0.322477
v 0.950518 0.243082 -0.283065
v 0.807933 -0.223976 -0.507396
v 0.768029 -0.198750 -0.560508
v 0.805325 -0.190994 -0.516897
v 0.787176 -0.178869 -0.545702
v 0.781157 -0.243904 -0.517544
v 0.760639 -0.231236 -0.542064
v 0.917513 -0.168010 -0.395524
v 0.956382 -0.098176 -0.351536
v 0.916270 -0.132548 -0.398539
v 0.938885 -0.096349 -0.385958
v 0.940291 -0.168685 -0.355438
v 0.954713 -0.135063 -0.331881
v 0.792760 -0.321002 -0.468659
v 0.754753 -0.361502 -0.505289
v 0.788866 -0.351057 -0.455908
v 0.769973 -0.371001 -0.475036
v 0.781088 -0.310849 -0.500788
v 0.758530 -0.331228 -0.515501
v 0.927157 -0.270147 -0.344761
v 0.947787 -0.268201 -0.271228
v 0.920783 -0.304487 -0.329225
v 0.931955 -0.304618 -0.291111
v 0.952064 -0.237330 -0.321929
v 0.958606 -0.233831 -0.288320
v 0.707862 -0.040615 -0.637239
v 0.711872 0.041712 -0.560443
v 0.728020 -0.019962 -0.623598
v 0.729104 0.020434 -0.620233
v 0.684877 -0.019121 -0.597271
v 0.703941 -0.005050 -0.446141
v 0.701782 -0.262201 -0.602065
v 0.698586 -0.328062 -0.581813
v 0.678549 -0.282023 -0.618589
v 0.676712 -0.314939 -0.608111
v 0.714458 -0.271704 -0.565618
v 0.713100 -0.304324 -0.555916
v 0.640633 -0.100515 -0.684253
v 0.598107 -0.060120 -0.701473
v 0.616793 -0.119963 -0.697174
v 0.595942 -0.100007 -0.711058
v 0.643712 -0.060508 -0.666987
v 0.626189 -0.040690 -0.647564
v 0.700650 0.261383 -0.604722
v 0.697313 0.326873 -0.582303
v 0.678045 0.281501 -0.619338
v 0.677114 0.315010 -0.609632
v 0.722605 0.274750 -0.580383
v 0.720795 0.307075 -0.569083
v 0.308916 0.563540 -0.405807
v 0.586280 0.060908 -0.524222
v 0.613353 0.141330 -0.426950
v 0.585238 0.094859 -0.540673
v -0.294786 -0.352601 -0.410391
v 0.536224 0.006260 -0.402141
v 0.973575 0.100903 -0.236782
v 0.970118 0.168398 -0.207375
v 0.977187 0.102209 -0.201494
v 0.976070 0.135598 -0.186558
v 0.968687 0.135555 -0.257602
v 0.966961 0.170447 -0.241681
v 0.973587 -0.100718 -0.232409
v 0.975471 -0.171484 -0.204920
v 0.977364 -0.101648 -0.199434
v 0.977809 -0.136458 -0.186736
v 0.970648 -0.137403 -0.256295
v 0.972094 -0.173000 -0.243107
v 0.789030 0.219898 0.512412
v 0.757602 0.197995 0.575417
v 0.790391 0.188832 0.524578
v 0.777970 0.176376 0.557346
v 0.771844 0.240231 0.531890
v 0.756777 0.231226 0.564583
v 0.903496 0.168383 0.373094
v 0.934715 0.098965 0.331242
v 0.900881 0.136170 0.385239
v 0.911544 0.097933 0.362676
v 0.921200 0.168499 0.343918
v 0.937585 0.133301 0.321761
v 0.778565 0.310233 0.473324
v 0.733033 0.347902 0.505512
v 0.774179 0.339794 0.459940
v 0.748093 0.357226 0.475407
v 0.763045 0.300437 0.504665
v 0.742228 0.320488 0.521882
v 0.900512 0.260507 0.333689
v 0.928898 0.264408 0.261689
v 0.894296 0.292181 0.319164
v 0.909747 0.293357 0.281427
v 0.919847 0.230179 0.316349
v 0.932425 0.232251 0.280300
v 0.784121 -0.196363 0.500335
v 0.737388 -0.169057 0.555737
v 0.788263 -0.167141 0.520175
v 0.769545 -0.155982 0.549085
v 0.754068 -0.209046 0.509362
v 0.708375 -0.187272 0.514165
v 0.882173 -0.155471 0.344892
v 0.917058 -0.099785 0.319235
v 0.889655 -0.127045 0.357717
v 0.898734 -0.098774 0.340333
v 0.864369 -0.144697 0.310451
v 0.911748 -0.128422 0.310954
v 0.806175 -0.312309 0.446999
v 0.763670 -0.351176 0.464050
v 0.800399 -0.347931 0.434600
v 0.783621 -0.372868 0.448940
v 0.771476 -0.283118 0.476294
v 0.732180 -0.283598 0.486195
v 0.886580 -0.263016 0.321263
v 0.917185 -0.265238 0.267871
v 0.887895 -0.292421 0.311898
v 0.909696 -0.297864 0.290582
v 0.874537 -0.219806 0.303306
v 0.854213 -0.210822 0.281208
v 0.645114 -0.019458 0.608048
v 0.687132 0.048186 0.648583
v 0.577641 0.017313 0.500183
v 0.676323 0.040645 0.597538
v 0.653548 -0.004523 0.660543
v 0.664062 0.029093 0.670355
v 0.676926 -0.228757 0.609310
v 0.675996 -0.288777 0.593026
v 0.653952 -0.246199 0.626515
v 0.657253 -0.279587 0.622453
v 0.705367 -0.242770 0.587169
v 0.701562 -0.269531 0.576736
v 0.623049 -0.082497 0.705977
v 0.578759 -0.046417 0.737093
v 0.603390 -0.100872 0.724572
v 0.579114 -0.082393 0.738119
v 0.625017 -0.046981 0.709996
v 0.604466 -0.028326 0.725847
v 0.619104 0.258850 0.554863
v 0.675330 0.316658 0.593819
v 0.656031 0.271699 0.630058
v 0.662254 0.307186 0.631297
v 0.689595 0.260059 0.574875
v 0.709419 0.301423 0.584778
v 0.581031 0.104242 0.642837
v 0.579518 0.066812 0.737967
v 0.590011 0.121875 0.704329
v 0.577717 0.102138 0.733235
v 0.615481 0.066346 0.693320
v 0.604845 0.048588 0.723175
v 0.973234 0.101625 0.238229
v 0.968083 0.167028 0.208352
v 0.976493 0.100829 0.200876
v 0.975833 0.134642 0.187307
v 0.965503 0.132941 0.256932
v 0.962647 0.166965 0.241798
v 0.975024 -0.105380 0.239073
v 0.971624 -0.164433 0.211233
v 0.978682 -0.102805 0.199103
v 0.977160 -0.132016 0.186782
v 0.971370 -0.138159 0.267001
v 0.973078 -0.167434 0.252716
v -0.796298 0.222640 -0.494716
v -0.764695 0.199403 -0.556039
v -0.804013 0.193622 -0.514647
v -0.783970 0.179816 -0.541629
v -0.790638 0.245678 -0.522399
v -0.767196 0.233292 -0.549051
v -0.915116 0.167351 -0.389991
v -0.955158 0.098621 -0.344717
v -0.905991 0.129595 -0.399039
v -0.925278 0.098036 -0.381902
v -0.941005 0.169578 -0.354070
v -0.961063 0.135292 -0.327546
v -0.782247 0.315793 -0.460171
v -0.752910 0.360424 -0.502827
v -0.788427 0.348491 -0.454712
v -0.760287 0.366858 -0.468046
v -0.769192 0.306035 -0.490865
v -0.755483 0.328524 -0.512724
v -0.934195 0.275426 -0.350842
v -0.948863 0.273639 -0.270740
v -0.924567 0.307899 -0.326449
v -0.933217 0.308546 -0.289909
v -0.948503 0.243427 -0.325788
v -0.959025 0.241668 -0.283577
v -0.799699 -0.223077 -0.502951
v -0.770455 -0.200385 -0.559379
v -0.804511 -0.191513 -0.518010
v -0.790134 -0.180055 -0.545014
v -0.786116 -0.245113 -0.523100
v -0.768021 -0.233629 -0.549291
v -0.933084 -0.168986 -0.392284
v -0.967028 -0.095466 -0.357696
v -0.939425 -0.131371 -0.401236
v -0.953705 -0.093928 -0.391193
v -0.947398 -0.168296 -0.360613
v -0.962812 -0.132850 -0.338829
v -0.768453 -0.307215 -0.441665
v -0.749540 -0.357874 -0.501029
v -0.746012 -0.330330 -0.418611
v -0.752032 -0.361912 -0.460848
v -0.775665 -0.308915 -0.492143
v -0.762256 -0.332900 -0.515997
v -0.925628 -0.272043 -0.355415
v -0.956637 -0.275400 -0.269141
v -0.922248 -0.304580 -0.332752
v -0.939775 -0.307433 -0.287656
v -0.943884 -0.237631 -0.327656
v -0.956515 -0.239055 -0.286288
v -0.706483 -0.040050 -0.636520
v -0.709358 0.040738 -0.640489
v -0.728235 -0.019110 -0.622104
v -0.728406 0.020929 -0.624282
v -0.685913 -0.020058 -0.653316
v -0.686777 0.020277 -0.653738
v -0.697923 -0.260230 -0.602108
v -0.693725 -0.325660 -0.580565
v -0.674925 -0.280217 -0.616909
v -0.672978 -0.312942 -0.605805
v -0.719548 -0.273265 -0.576675
v -0.716961 -0.305745 -0.565298
v -0.638944 -0.099783 -0.680863
v -0.598098 -0.060357 -0.714558
v -0.612960 -0.118563 -0.688796
v -0.592823 -0.098705 -0.705133
v -0.641817 -0.060334 -0.683948
v -0.620221 -0.040331 -0.699326
v -0.701240 0.261353 -0.604568
v -0.693187 0.325974 -0.580827
v -0.676460 0.280716 -0.617896
v -0.673920 0.313746 -0.607051
v -0.716894 0.272113 -0.573678
v -0.713239 0.304219 -0.562210
v -0.640118 0.101053 -0.685339
v -0.596365 0.060061 -0.713850
v -0.617173 0.119877 -0.699622
v -0.594447 0.099571 -0.712278
v -0.642143 0.060902 -0.683890
v -0.620139 0.040291 -0.699676
v -0.982709 0.105174 -0.236227
v -0.980611 0.168888 -0.207823
v -0.987535 0.104311 -0.192046
v -0.987238 0.134576 -0.182730
v -0.980730 0.138487 -0.260021
v -0.979089 0.170367 -0.246103
v -0.981129 -0.099354 -0.226937
v -0.980469 -0.165938 -0.204119
v -0.989054 -0.100362 -0.192806
v -0.988243 -0.131546 -0.183142
v -0.975461 -0.133930 -0.254958
v -0.974291 -0.168315 -0.240674
v -0.793727 0.219899 0.515819
v -0.757568 0.197225 0.577846
v -0.793001 0.189910 0.527192
v -0.778930 0.180168 0.559894
v -0.780330 0.236995 0.535749
v -0.757511 0.226249 0.566042
v -0.910605 0.168218 0.377854
v -0.943028 0.097276 0.333700
v -0.907854 0.136440 0.389087
v -0.921121 0.100040 0.365709
v -0.928524 0.168907 0.345944
v -0.944977 0.132818 0.324599
v -0.800380 0.316642 0.479878
v -0.726469 0.351403 0.507988
v -0.793923 0.348548 0.465313
v -0.764462 0.369526 0.484072
v -0.780914 0.304697 0.513140
v -0.734283 0.324874 0.523040
v -0.909805 0.259994 0.339142
v -0.940149 0.263623 0.268329
v -0.902481 0.292026 0.321589
v -0.916789 0.293151 0.287074
v -0.930982 0.231625 0.321292
v -0.944299 0.234578 0.286249
v -0.773891 -0.192360 0.498835
v -0.751742 -0.176858 0.572105
v -0.786052 -0.168907 0.520631
v -0.770675 -0.158485 0.553813
v -0.765422 -0.214367 0.524322
v -0.750218 -0.206783 0.558480
v -0.886364 -0.143962 0.343087
v -0.930798 -0.096936 0.325307
v -0.880954 -0.115761 0.355498
v -0.905288 -0.091269 0.347603
v -0.919761 -0.157650 0.329289
v -0.936645 -0.128369 0.317417
v -0.811932 -0.326178 0.452376
v -0.759946 -0.343851 0.482609
v -0.808566 -0.355613 0.446163
v -0.790529 -0.372164 0.461164
v -0.774432 -0.289348 0.486409
v -0.747273 -0.299204 0.504627
v -0.918508 -0.268373 0.327995
v -0.853110 -0.216360 0.258891
v -0.912919 -0.297602 0.316749
v -0.880839 -0.281903 0.283005
v -0.939114 -0.243822 0.313117
v -0.951080 -0.243759 0.292334
v -0.626607 -0.016352 0.581813
v -0.677391 0.053897 0.642864
v -0.426880 -0.132609 0.509187
v -0.605562 0.094164 0.567360
v -0.664965 -0.003149 0.655617
v -0.663578 0.032564 0.666574
v -0.678311 -0.228571 0.613676
v -0.677053 -0.286631 0.592583
v -0.657969 -0.246359 0.630950
v -0.659751 -0.277186 0.621728
v -0.702458 -0.241069 0.588989
v -0.701338 -0.270182 0.578163
v -0.624433 -0.083948 0.708826
v -0.582578 -0.046124 0.744151
v -0.602105 -0.101322 0.723939
v -0.580979 -0.082484 0.741577
v -0.624481 -0.047464 0.709595
v -0.604334 -0.028314 0.728357
v -0.668452 0.232072 0.589029
v -0.672651 0.316643 0.580379
v -0.591654 0.189250 0.543634
v -0.620829 0.293107 0.542228
v -0.703642 0.264726 0.597042
v -0.694404 0.300666 0.575903
v -0.628892 0.103414 0.714352
v -0.586643 0.065010 0.750082
v -0.605063 0.121891 0.728875
v -0.583760 0.102543 0.745854
v -0.629931 0.064541 0.716347
v -0.607931 0.046258 0.733367
v -0.983062 0.101420 0.240242
v -0.981179 0.166501 0.212886
v -0.987288 0.102183 0.202526
v -0.985747 0.134387 0.189820
v -0.976173 0.134846 0.258901
v -0.974895 0.169049 0.243667
v -0.983201 -0.103105 0.240794
v -0.988338 -0.172334 0.210177
v -0.987954 -0.103468 0.202181
v -0.989042 -0.136924 0.188524
v -0.979066 -0.135480 0.263292
v -0.984203 -0.177268 0.248736
v -0.039449 0.876140 0.248956
v 0.038106 0.837829 0.246585
v -0.020809 0.881247 0.219020
v 0.014142 0.793505 0.211489
v -0.018792 0.874931 0.280429
v 0.019599 0.872587 0.280606
v -0.103419 0.853890 0.344410
v -0.059394 0.831234 0.406881
v -0.120224 0.842423 0.375577
v -0.099725 0.831485 0.407426
v -0.059747 0.854429 0.345471
v -0.038298 0.845909 0.378456
v -0.040139 0.889628 -0.266138
v 0.039191 0.892754 -0.266200
v -0.020824 0.895655 -0.233681
v 0.019333 0.898784 -0.235361
v -0.020644 0.881889 -0.298378
v 0.018282 0.883641 -0.297092
v -0.091673 0.760771 -0.320291
v -0.048703 0.737745 -0.371420
v -0.124945 0.759239 -0.361143
v -0.110747 0.743543 -0.383671
v -0.040703 0.763785 -0.315965
v -0.022208 0.762607 -0.347284
v 0.097788 0.848815 0.342222
v 0.058616 0.828952 0.404798
v 0.116729 0.836537 0.371242
v 0.098274 0.820642 0.401489
v 0.059305 0.851630 0.344119
v 0.039717 0.844387 0.376240
v 0.100437 0.859546 -0.355069
v 0.059666 0.846919 -0.414617
v 0.117944 0.848410 -0.381890
v 0.098067 0.843245 -0.412079
v 0.059052 0.860925 -0.356414
v 0.037419 0.853841 -0.387132
v -0.496292 0.595050 0.474734
v -0.483436 0.596047 0.560462
v -0.478420 0.625605 0.501410
v -0.469036 0.624782 0.540245
v -0.488986 0.552057 0.468037
v -0.491438 0.554809 0.519119
v -0.605601 0.556122 0.460889
v -0.642151 0.501260 0.508028
v -0.633173 0.534310 0.446918
v -0.658940 0.512373 0.475583
v -0.586509 0.542982 0.485463
v -0.612650 0.524425 0.515814
v -0.510161 0.496108 0.603607
v -0.574449 0.460879 0.588357
v -0.530686 0.471306 0.635490
v -0.556747 0.451048 0.619072
v -0.536732 0.518680 0.583981
v -0.567913 0.496711 0.578009
v -0.550011 0.558333 -0.404845
v -0.476971 0.594889 -0.514132
v -0.390517 0.545525 -0.355195
v -0.433290 0.590024 -0.453864
v -0.543471 0.598354 -0.494384
v -0.520272 0.591169 -0.522430
v -0.610801 0.568799 -0.453288
v -0.642943 0.516672 -0.492765
v -0.643491 0.552825 -0.444156
v -0.657853 0.524578 -0.462267
v -0.600958 0.567679 -0.487876
v -0.616031 0.540261 -0.507369
v -0.527447 0.527313 -0.594064
v -0.589139 0.487631 -0.550991
v -0.539042 0.494970 -0.607696
v -0.570604 0.472516 -0.581619
v -0.548718 0.539471 -0.570482
v -0.581757 0.519469 -0.561438
v -0.884741 0.417904 -0.061146
v -0.919058 0.362444 -0.103739
v -0.882202 0.417370 -0.102092
v -0.898522 0.389621 -0.121390
v -0.902802 0.389492 -0.040703
v -0.920931 0.361133 -0.060394
v -0.885289 0.420023 0.058033
v -0.920025 0.359001 0.101672
v -0.881624 0.419692 0.103136
v -0.900400 0.387879 0.121901
v -0.904142 0.389246 0.039665
v -0.921300 0.359912 0.061041
v -0.964346 0.271010 -0.043755
v -0.963572 0.273655 0.042432
v -0.974836 0.239123 -0.024293
v -0.974432 0.239336 0.018768
v -0.951725 0.303023 -0.021629
v -0.951401 0.303804 0.019405
v 0.509536 0.604623 0.484217
v 0.429765 0.538081 0.506171
v 0.483541 0.628859 0.503183
v 0.456442 0.605200 0.523979
v 0.499254 0.537958 0.442712
v 0.383811 0.464040 0.446790
v 0.616313 0.564310 0.467323
v 0.618218 0.485684 0.486369
v 0.640244 0.539392 0.449399
v 0.641186 0.501100 0.459239
v 0.600372 0.554809 0.498985
v 0.611667 0.521082 0.518230
v 0.516887 0.504387 0.616287
v 0.581606 0.467155 0.593190
v 0.525658 0.471327 0.630254
v 0.557578 0.452488 0.618665
v 0.537242 0.508653 0.582274
v 0.575008 0.501765 0.581156
v 0.520495 0.631897 -0.490284
v 0.479575 0.610570 -0.516599
v 0.489186 0.651151 -0.502458
v 0.471598 0.642107 -0.529706
v 0.535031 0.604270 -0.506930
v 0.520329 0.596437 -0.534720
v 0.619130 0.575435 -0.458519
v 0.646435 0.516132 -0.494206
v 0.648874 0.554350 -0.448149
v 0.662990 0.525836 -0.466774
v 0.600245 0.564966 -0.485765
v 0.616306 0.535436 -0.504240
v 0.526179 0.523456 -0.594534
v 0.590964 0.484397 -0.576115
v 0.538039 0.493888 -0.609721
v 0.571320 0.473928 -0.599889
v 0.547005 0.535665 -0.569157
v 0.578513 0.515487 -0.560561
v 0.876410 0.414678 -0.060138
v 0.908922 0.358514 -0.100543
v 0.875153 0.414043 -0.099150
v 0.891296 0.385833 -0.119631
v 0.894154 0.386456 -0.040991
v 0.910235 0.358141 -0.060138
v 0.877858 0.417986 0.059267
v 0.912062 0.355193 0.101477
v 0.875270 0.416819 0.099965
v 0.895812 0.384285 0.121343
v 0.899178 0.386463 0.039188
v 0.914154 0.356991 0.061364
v 0.955600 0.266820 -0.038223
v 0.956107 0.265535 0.041232
v 0.965963 0.233277 -0.019874
v 0.966201 0.234806 0.020387
v 0.942658 0.297292 -0.019270
v 0.944158 0.296903 0.019775
v -0.037080 -0.914342 0.221316
v 0.035504 -0.913475 0.221838
v -0.021816 -0.916420 0.193670
v 0.016188 -0.921441 0.196832
v -0.019324 -0.907044 0.249037
v 0.016196 -0.906025 0.248826
v -0.100396 -0.882663 0.295556
v -0.052416 -0.864266 0.346070
v -0.125954 -0.870142 0.320211
v -0.100223 -0.859921 0.343940
v -0.054987 -0.886369 0.296734
v -0.033980 -0.878183 0.326278
v -0.040924 -0.897740 -0.242783
v 0.037885 -0.899947 -0.241238
v -0.021321 -0.910448 -0.212436
v 0.018224 -0.910847 -0.210874
v -0.021630 -0.885694 -0.273695
v 0.016640 -0.886598 -0.274552
v -0.098686 -0.855872 -0.333663
v -0.060951 -0.833761 -0.397484
v -0.118208 -0.843911 -0.364756
v -0.098599 -0.832334 -0.395991
v -0.058755 -0.854725 -0.333233
v -0.040450 -0.845587 -0.365343
v 0.102166 -0.879213 0.295377
v 0.056568 -0.861896 0.349015
v 0.123626 -0.868647 0.321600
v 0.099973 -0.858489 0.347155
v 0.055006 -0.883341 0.297553
v 0.034440 -0.876395 0.326452
v 0.099403 -0.831622 -0.322464
v 0.060307 -0.820312 -0.389639
v 0.118014 -0.766829 -0.325243
v 0.097946 -0.804626 -0.381580
v 0.061452 -0.849788 -0.332333
v 0.040370 -0.836652 -0.361384
v -0.534543 -0.477219 0.341444
v -0.465075 -0.525792 0.539676
v -0.459825 -0.504588 0.376319
v -0.438409 -0.520453 0.493895
v -0.541014 -0.474488 0.458552
v -0.502185 -0.502866 0.523901
v -0.675462 -0.570265 0.443317
v -0.698357 -0.512760 0.469402
v -0.699473 -0.555514 0.435595
v -0.709833 -0.527368 0.450511
v -0.667303 -0.543232 0.450340
v -0.668613 -0.502591 0.460709
v -0.506081 -0.457538 0.599351
v -0.566853 -0.419970 0.575317
v -0.518211 -0.430431 0.617280
v -0.548786 -0.413311 0.607763
v -0.524234 -0.464131 0.568110
v -0.555786 -0.443884 0.553721
v -0.517696 -0.614005 -0.459467
v -0.482228 -0.599197 -0.533838
v -0.491049 -0.637192 -0.484799
v -0.465021 -0.612148 -0.493109
v -0.500329 -0.546307 -0.358199
v -0.503299 -0.566210 -0.483747
v -0.623520 -0.573416 -0.463680
v -0.651970 -0.518032 -0.500100
v -0.646841 -0.549443 -0.448539
v -0.663777 -0.523814 -0.468677
v -0.605860 -0.561233 -0.486560
v -0.619713 -0.535416 -0.507172
v -0.527542 -0.523816 -0.595195
v -0.592277 -0.483967 -0.575232
v -0.539881 -0.494151 -0.610542
v -0.572597 -0.474381 -0.600866
v -0.546419 -0.532416 -0.567316
v -0.578659 -0.512608 -0.556504
v -0.912858 -0.432501 -0.061773
v -0.943694 -0.375742 -0.108312
v -0.905967 -0.433325 -0.104381
v -0.926326 -0.402964 -0.126207
v -0.929541 -0.406682 -0.040936
v -0.943032 -0.378300 -0.065013
v -0.890650 -0.424291 0.077791
v -0.907618 -0.353942 0.098972
v -0.724719 -0.279818 0.089554
v -0.833202 -0.344507 0.097015
v -0.936421 -0.411031 0.048356
v -0.953190 -0.379261 0.067648
v -0.978133 -0.269802 -0.040940
v -0.981250 -0.271444 0.042506
v -0.987156 -0.234219 -0.020688
v -0.985249 -0.236001 0.021265
v -0.970147 -0.306808 -0.018489
v -0.971665 -0.308117 0.022835
v 0.604098 -0.489570 0.287852
v 0.450533 -0.503064 0.530483
v 0.446515 -0.486968 0.292926
v 0.416534 -0.473348 0.473392
v 0.577085 -0.447430 0.430362
v 0.480160 -0.453371 0.501587
v 0.676486 -0.564825 0.443437
v 0.695178 -0.509450 0.477012
v 0.698799 -0.545324 0.430939
v 0.707062 -0.515472 0.446933
v 0.661871 -0.549618 0.469602
v 0.672478 -0.519357 0.479889
v 0.502002 -0.454391 0.592170
v 0.571801 -0.412662 0.568665
v 0.516276 -0.425825 0.613215
v 0.550939 -0.407458 0.606731
v 0.514637 -0.441684 0.550615
v 0.558794 -0.434862 0.542275
v 0.513618 -0.622426 -0.472626
v 0.444597 -0.572624 -0.451067
v 0.455013 -0.601087 -0.390772
v 0.290911 -0.631051 -0.246234
v 0.533290 -0.597953 -0.488329
v 0.503586 -0.579425 -0.503024
v 0.626852 -0.576885 -0.465838
v 0.649209 -0.514252 -0.496981
v 0.652896 -0.554265 -0.452401
v 0.661370 -0.522945 -0.467068
v 0.610386 -0.564269 -0.483448
v 0.619213 -0.523485 -0.487038
v 0.522620 -0.513491 -0.574191
v 0.594704 -0.481646 -0.556328
v 0.537247 -0.491218 -0.603872
v 0.573055 -0.472879 -0.593506
v 0.504416 -0.503339 -0.488365
v 0.539843 -0.487133 -0.468607
v 0.899004 -0.431808 -0.060807
v 0.925000 -0.378158 -0.107262
v 0.897230 -0.430059 -0.101522
v 0.910441 -0.406230 -0.125775
v 0.916473 -0.404901 -0.039670
v 0.929084 -0.379788 -0.055902
v 0.901419 -0.432020 0.058332
v 0.936118 -0.368752 0.101728
v 0.895099 -0.430178 0.097045
v 0.917614 -0.395560 0.118470
v 0.922201 -0.401693 0.039037
v 0.936964 -0.370588 0.059773
v 0.966697 -0.266841 -0.039731
v 0.969561 -0.270770 0.045274
v 0.974468 -0.235785 -0.019865
v 0.973914 -0.235406 0.022670
v 0.959463 -0.302363 -0.015113
v 0.959559 -0.303788 0.024172
v 0.255654 -0.024422 0.868253
v 0.250884 0.051646 0.848636
v 0.224671 -0.005798 0.879938
v 0.223726 0.031224 0.877371
v 0.286800 -0.005265 0.854132
v 0.283934 0.033368 0.837798
v 0.350626 -0.078726 0.827972
v 0.408092 -0.036361 0.785235
v 0.383440 -0.096636 0.818203
v 0.413351 -0.076832 0.802036
v 0.351096 -0.038308 0.816523
v 0.372869 -0.015620 0.773158
v -0.224135 -0.004494 0.710070
v -0.256361 0.051877 0.858914
v -0.215255 0.002925 0.818172
v -0.223252 0.034355 0.854546
v -0.278902 0.006640 0.784416
v -0.286945 0.035590 0.840184
v -0.354202 -0.078826 0.838610
v -0.419054 -0.043736 0.819170
v -0.385135 -0.096914 0.827563
v -0.417791 -0.079192 0.818201
v -0.355215 -0.042697 0.838696
v -0.387256 -0.025254 0.830300
v 0.354415 0.103442 0.838177
v 0.419958 0.068070 0.823318
v 0.387426 0.122497 0.830763
v 0.419592 0.104870 0.821684
v 0.355264 0.068574 0.837157
v 0.388354 0.050319 0.833188
v -0.339619 0.056915 0.667047
v -0.417692 0.069349 0.811989
v -0.405989 0.070475 0.628940
v -0.415875 0.104667 0.777441
v -0.355653 0.069829 0.805109
v -0.386867 0.053191 0.828388
v 0.266345 -0.041062 -0.811649
v 0.267670 0.041658 -0.817042
v 0.233439 -0.020755 -0.819836
v 0.233882 0.020665 -0.821286
v 0.300221 -0.020392 -0.805204
v 0.300918 0.020721 -0.808347
v 0.364058 -0.101343 -0.786655
v 0.431272 -0.060665 -0.770801
v 0.396054 -0.121099 -0.779007
v 0.430373 -0.101026 -0.771271
v 0.365771 -0.060976 -0.788111
v 0.399578 -0.040587 -0.780164
v -0.267743 -0.042415 -0.803091
v -0.267107 0.041736 -0.815748
v -0.231690 -0.019820 -0.806421
v -0.233467 0.021672 -0.823022
v -0.300295 -0.020597 -0.804546
v -0.300154 0.020843 -0.805563
v -0.363882 -0.101608 -0.788043
v -0.431656 -0.061220 -0.774421
v -0.395492 -0.121314 -0.778037
v -0.428734 -0.100860 -0.771063
v -0.365581 -0.061250 -0.788174
v -0.399321 -0.040808 -0.780220
v 0.364463 0.100857 -0.788341
v 0.431895 0.060801 -0.773293
v 0.397862 0.120458 -0.779518
v 0.432245 0.100645 -0.773830
v 0.366431 0.060933 -0.791138
v 0.399684 0.040749 -0.781639
v -0.365197 0.102050 -0.788946
v -0.430407 0.061203 -0.769691
v -0.396776 0.121576 -0.779951
v -0.429500 0.101323 -0.770947
v -0.367380 0.062383 -0.789718
v -0.399593 0.041447 -0.779411
v -0.434362 0.722600 0.029830
v -0.437272 0.722835 -0.041814
v -0.429875 0.807844 0.028641
v -0.431283 0.803447 -0.030327
v -0.522903 0.780214 0.055343
v -0.450040 0.795438 0.060288
v -0.516692 0.796508 0.083427
v -0.519795 0.776777 -0.054810
v -0.461350 0.807969 -0.064461
v -0.513993 0.793877 -0.086234
v -0.555457 0.771942 -0.000511
v -0.542576 0.772321 -0.072561
v -0.575624 0.756269 -0.020074
v -0.546256 0.777921 0.071793
v -0.576798 0.758706 0.018935
v 0.463558 0.806192 0.031511
v 0.468771 0.817010 -0.032024
v 0.437981 0.827311 0.031323
v 0.439940 0.833036 -0.033502
v 0.464631 0.703730 0.037707
v 0.454788 0.810749 0.061992
v 0.458747 0.711810 0.077062
v 0.520392 0.787181 -0.049364
v 0.457505 0.820122 -0.064112
v 0.510039 0.788908 -0.085074
v 0.545831 0.747215 -0.000701
v 0.546441 0.773584 -0.072853
v 0.577586 0.751657 -0.020522
v 0.229931 0.677503 0.010417
v 0.561670 0.702462 0.009206
v -0.478768 -0.837585 0.031725
v -0.477634 -0.836679 -0.028149
v -0.447701 -0.852101 0.033084
v -0.447819 -0.850585 -0.028161
v -0.528953 -0.809640 0.050573
v -0.466949 -0.840858 0.061973
v -0.519292 -0.811467 0.080534
v -0.522171 -0.798823 -0.046699
v -0.467368 -0.839091 -0.060638
v -0.510488 -0.798214 -0.080032
v -0.559239 -0.788102 0.001994
v -0.537512 -0.771905 -0.068868
v -0.580211 -0.770400 -0.017082
v -0.551399 -0.794631 0.070433
v -0.584249 -0.774902 0.021080
v 0.475801 -0.834846 0.032064
v 0.472937 -0.832566 -0.028203
v 0.445800 -0.850048 0.032182
v 0.444595 -0.848169 -0.028397
v 0.526850 -0.807187 0.050596
v 0.466160 -0.839742 0.062519
v 0.517517 -0.810612 0.080694
v 0.523463 -0.799720 -0.047774
v 0.463211 -0.835034 -0.058642
v 0.514380 -0.803077 -0.079028
v 0.552068 -0.776858 0.002769
v 0.541344 -0.777500 -0.068189
v 0.543803 -0.720454 -0.012188
v 0.547531 -0.791577 0.068815
v 0.567294 -0.754753 0.021543
v -0.000382 -0.498870 0.749222
v -0.049507 -0.469991 0.765685
v -0.019639 -0.520761 0.730124
v -0.072942 -0.485493 0.742642
v 0.048349 -0.472750 0.769740
v 0.018195 -0.517282 0.729167
v 0.070302 -0.489693 0.751118
v 0.031538 -0.428556 0.800126
v -0.030823 -0.428709 0.797474
v 0.032364 -0.399190 0.810057
v -0.032418 -0.398653 0.808778
v 0.082959 -0.464445 0.772669
v 0.062966 -0.418335 0.802874
v -0.084241 -0.460881 0.768148
v -0.063447 -0.417669 0.801330
v 0.000390 0.531981 0.752113
v -0.051641 0.508459 0.775967
v -0.017848 0.547291 0.727325
v -0.071125 0.523528 0.755675
v 0.049258 0.507041 0.775576
v 0.019848 0.560882 0.743289
v 0.071261 0.530241 0.764203
v 0.031168 0.462757 0.812694
v -0.029731 0.450472 0.781232
v 0.031443 0.432394 0.823311
v -0.030872 0.421188 0.794453
v 0.082974 0.501019 0.780961
v 0.062077 0.450411 0.810647
v -0.085876 0.499628 0.779956
v -0.060492 0.413175 0.722625
v -0.001983 -0.562386 -0.737377
v -0.050327 -0.533691 -0.752389
v -0.021371 -0.582450 -0.723000
v -0.072889 -0.554086 -0.736710
v 0.049452 -0.526740 -0.739910
v 0.016442 -0.580937 -0.719361
v 0.071234 -0.544204 -0.718817
v 0.031237 -0.484568 -0.773781
v -0.031342 -0.485428 -0.778565
v 0.032867 -0.455796 -0.783971
v -0.033069 -0.455509 -0.785612
v 0.087092 -0.509683 -0.727647
v 0.066216 -0.473221 -0.776007
v -0.087759 -0.525429 -0.751269
v -0.064372 -0.473788 -0.776786
v -0.000365 0.566402 -0.730933
v -0.051783 0.534775 -0.726089
v -0.020140 0.589881 -0.721345
v -0.069022 0.548103 -0.679512
v 0.053672 0.535627 -0.746641
v 0.019793 0.588993 -0.719185
v 0.073704 0.556381 -0.733786
v 0.031892 0.485509 -0.771990
v -0.033482 0.484163 -0.771069
v 0.033469 0.453011 -0.781861
v -0.032940 0.453434 -0.780853
v 0.085696 0.526330 -0.749784
v 0.066823 0.473277 -0.774098
v -0.080406 0.520423 -0.675148
v -0.064661 0.472891 -0.764440
v 0.833144 0.053080 -0.508450
v 0.853950 0.029251 -0.453835
v 0.832830 0.085683 -0.496409
v 0.853304 0.064298 -0.440678
v 0.829343 -0.051355 -0.505585
v 0.857516 -0.031790 -0.453990
v 0.831649 -0.083720 -0.494806
v 0.863988 -0.062863 -0.446311
v 0.814031 -0.000026 -0.536165
v 0.813844 -0.072121 -0.523886
v 0.797056 -0.019843 -0.553059
v 0.815836 0.072918 -0.525445
v 0.797672 0.019574 -0.553605
v 0.866429 0.028347 -0.426187
v 0.870754 -0.032579 -0.424733
v 0.799573 0.054560 0.507561
v 0.850241 0.037811 0.466778
v 0.816216 0.087510 0.503704
v 0.858329 0.070415 0.455794
v 0.817809 -0.039230 0.516822
v 0.853672 -0.023086 0.469346
v 0.809627 -0.066697 0.499720
v 0.843381 -0.049300 0.442355
v 0.789356 0.008216 0.537737
v 0.803100 -0.059188 0.538983
v 0.782735 -0.010543 0.565721
v 0.796566 0.075173 0.532531
v 0.781552 0.025616 0.563897
v 0.870629 0.040094 0.438155
v 0.868777 -0.024139 0.436468
v -0.835393 0.052951 -0.502240
v -0.855760 0.031506 -0.456768
v -0.837729 0.085172 -0.486615
v -0.853300 0.064115 -0.441881
v -0.823036 -0.052807 -0.494083
v -0.857826 -0.034213 -0.453936
v -0.823127 -0.084777 -0.484615
v -0.856180 -0.061421 -0.443112
v -0.813572 0.000282 -0.534032
v -0.780619 -0.077979 -0.484126
v -0.793129 -0.020276 -0.543946
v -0.790327 0.048370 -0.445804
v -0.799639 0.018064 -0.544031
v -0.861555 0.032126 -0.426813
v -0.865531 -0.036285 -0.424182
v -0.806763 0.060519 0.512852
v -0.854270 0.035651 0.467207
v -0.810163 0.087567 0.500315
v -0.857657 0.068601 0.460169
v -0.823578 -0.040852 0.515990
v -0.851637 -0.023025 0.467056
v -0.825136 -0.074082 0.506589
v -0.853635 -0.052746 0.455244
v -0.802261 0.010477 0.549729
v -0.804200 -0.064200 0.537512
v -0.782848 -0.008246 0.568506
v -0.775092 0.074389 0.519062
v -0.783564 0.028906 0.569381
v -0.867469 0.035644 0.440141
v -0.862159 -0.023960 0.436039
v -0.051853 0.877998 0.028812
v -0.054441 0.921877 -0.033952
v -0.011460 0.731347 0.009097
v -0.085708 0.893843 -0.036769
v 0.052424 0.926404 0.031236
v 0.052364 0.920389 -0.034030
v 0.085997 0.925367 0.031320
v 0.086142 0.923723 -0.034549
v -0.000679 0.920758 0.064357
v -0.067020 0.839232 0.057970
v -0.019835 0.913833 0.095228
v -0.000424 0.914194 -0.066073
v -0.073799 0.921153 -0.067031
v -0.019539 0.910371 -0.098555
v 0.072185 0.927246 0.065086
v 0.018763 0.911389 0.094887
v 0.071620 0.915451 -0.066175
v 0.019035 0.899371 -0.096693
v -0.298710 0.783108 0.418450
v -0.353603 0.763321 0.442615
v -0.318080 0.797606 0.394412
v -0.365785 0.768914 0.414935
v -0.246634 0.757975 0.502112
v -0.299708 0.720670 0.517609
v -0.230225 0.747553 0.527776
v -0.280835 0.705746 0.539551
v -0.243543 0.775857 0.446129
v -0.280516 0.799987 0.391934
v -0.225558 0.790268 0.418936
v -0.346337 0.713526 0.479586
v -0.381442 0.743517 0.431696
v -0.379454 0.700343 0.473428
v -0.208690 0.760042 0.502892
v -0.207655 0.783218 0.449760
v -0.301824 0.643551 0.486911
v -0.357546 0.670665 0.482651
v -0.303140 0.800017 -0.425157
v -0.351051 0.766352 -0.437938
v -0.318172 0.807182 -0.399862
v -0.368641 0.775991 -0.415355
v -0.250852 0.772618 -0.500097
v -0.286033 0.712279 -0.470409
v -0.233668 0.761139 -0.520822
v -0.283356 0.728584 -0.529394
v -0.250740 0.799024 -0.454389
v -0.285679 0.816820 -0.401011
v -0.230545 0.814014 -0.428249
v -0.335697 0.704001 -0.434424
v -0.387198 0.754696 -0.431901
v -0.386195 0.718197 -0.471409
v -0.213936 0.774937 -0.499593
v -0.211715 0.802193 -0.452664
v -0.302854 0.690424 -0.484523
v -0.353622 0.683993 -0.455348
v -0.749936 0.529598 -0.300320
v -0.784081 0.510711 -0.249829
v -0.733846 0.549588 -0.283043
v -0.766556 0.529226 -0.228975
v -0.804081 0.461315 -0.359763
v -0.836139 0.443393 -0.307428
v -0.814322 0.436516 -0.376120
v -0.852129 0.415561 -0.324521
v -0.757893 0.505481 -0.353253
v -0.726595 0.552137 -0.315794
v -0.731103 0.525799 -0.366346
v -0.822443 0.464473 -0.247304
v -0.783696 0.507081 -0.206360
v -0.823193 0.464556 -0.206537
v -0.789658 0.454811 -0.392571
v -0.747122 0.500026 -0.386353
v -0.861326 0.414286 -0.289148
v -0.844719 0.441220 -0.230141
v -0.744395 0.523388 0.293298
v -0.777588 0.504806 0.243453
v -0.733236 0.548193 0.276910
v -0.755541 0.525303 0.222468
v -0.796868 0.449948 0.352764
v -0.825992 0.429959 0.300980
v -0.808498 0.421731 0.369791
v -0.836722 0.404236 0.318969
v -0.746693 0.493503 0.347156
v -0.717146 0.543227 0.307226
v -0.711546 0.507787 0.356389
v -0.820357 0.458018 0.247696
v -0.784607 0.509966 0.208637
v -0.828554 0.461927 0.212518
v -0.778609 0.442063 0.388665
v -0.731892 0.484500 0.379926
v -0.846711 0.407016 0.285293
v -0.840970 0.435626 0.232119
v 0.300996 0.790294 0.422995
v 0.346904 0.743102 0.429856
v 0.315303 0.795784 0.394061
v 0.368036 0.764187 0.414394
v 0.247770 0.757806 0.502141
v 0.300614 0.726515 0.521046
v 0.228260 0.744047 0.526438
v 0.282217 0.716401 0.547216
v 0.245526 0.771328 0.444512
v 0.282473 0.806058 0.394724
v 0.226032 0.785757 0.412559
v 0.207813 0.751734 0.498223
v 0.197315 0.708433 0.419310
v 0.301617 0.633157 0.435604
v 0.383877 0.723915 0.418258
v 0.252560 0.558906 0.315670
v 0.314176 0.702896 0.543323
v 0.280383 0.570021 0.470928
v 0.297758 0.795602 -0.422005
v 0.350740 0.765444 -0.440670
v 0.314411 0.804218 -0.397378
v 0.357399 0.749286 -0.401499
v 0.249556 0.772250 -0.497984
v 0.300554 0.741334 -0.514924
v 0.232683 0.759852 -0.518676
v 0.284722 0.732171 -0.537822
v 0.247069 0.796909 -0.450781
v 0.281516 0.814814 -0.399478
v 0.229092 0.812118 -0.427106
v 0.214912 0.781595 -0.500146
v 0.211999 0.806033 -0.454241
v 0.351609 0.737517 -0.485144
v 0.387992 0.751905 -0.431958
v 0.386438 0.725487 -0.478749
v 0.317566 0.720545 -0.535981
v 0.368549 0.716287 -0.505120
v 0.751493 0.528868 -0.303189
v 0.791838 0.514280 -0.254894
v 0.739932 0.555103 -0.287000
v 0.777478 0.538810 -0.232335
v 0.794416 0.456550 -0.356981
v 0.830761 0.435021 -0.306851
v 0.807306 0.429934 -0.374676
v 0.847305 0.411156 -0.324674
v 0.752336 0.498286 -0.350948
v 0.723644 0.549150 -0.316463
v 0.725054 0.518865 -0.363319
v 0.823720 0.461992 -0.252926
v 0.792384 0.514661 -0.210099
v 0.828858 0.463946 -0.214398
v 0.781177 0.447164 -0.387338
v 0.741169 0.492864 -0.381215
v 0.854772 0.409924 -0.290867
v 0.845178 0.436700 -0.235415
v 0.752855 0.529591 0.297731
v 0.788706 0.510905 0.247105
v 0.735238 0.550220 0.277553
v 0.769655 0.532484 0.226584
v 0.792298 0.449519 0.355898
v 0.829117 0.431606 0.303377
v 0.802885 0.420132 0.371968
v 0.839266 0.401616 0.321554
v 0.753246 0.496872 0.350850
v 0.728653 0.552549 0.312495
v 0.731747 0.518210 0.365233
v 0.817921 0.459898 0.246232
v 0.783649 0.508682 0.206968
v 0.818759 0.460568 0.207358
v 0.774328 0.438913 0.386284
v 0.735324 0.482553 0.381147
v 0.853425 0.404733 0.287490
v 0.842338 0.435472 0.229716
v -0.054301 -0.944324 0.035079
v -0.054039 -0.945112 -0.026053
v -0.086168 -0.942510 0.035321
v -0.087274 -0.945255 -0.026430
v 0.052972 -0.946436 0.033950
v 0.053721 -0.942642 -0.026807
v 0.085719 -0.944928 0.033072
v 0.087575 -0.943564 -0.027260
v -0.000937 -0.943286 0.063695
v -0.070242 -0.904521 0.061388
v -0.019960 -0.913043 0.086260
v 0.000040 -0.938580 -0.057575
v -0.073237 -0.942819 -0.057022
v -0.018957 -0.933253 -0.089312
v 0.070765 -0.945083 0.063204
v 0.018820 -0.928655 0.088527
v 0.072710 -0.938987 -0.058148
v 0.019570 -0.932171 -0.089451
v -0.303381 -0.817233 0.369263
v -0.360205 -0.789780 0.386401
v -0.320857 -0.824944 0.346663
v -0.377090 -0.797077 0.364542
v -0.250340 -0.790592 0.438223
v -0.298455 -0.753504 0.428879
v -0.233325 -0.777571 0.449176
v -0.280797 -0.702365 0.439724
v -0.248703 -0.816733 0.393633
v -0.284678 -0.834235 0.347007
v -0.230735 -0.833449 0.371258
v -0.362007 -0.759116 0.416113
v -0.396945 -0.777276 0.382234
v -0.399205 -0.746967 0.415940
v -0.211585 -0.800660 0.445842
v -0.211288 -0.824392 0.394723
v -0.304721 -0.653948 0.433910
v -0.380397 -0.720504 0.392151
v -0.301367 -0.792034 -0.414583
v -0.353859 -0.760633 -0.432828
v -0.318389 -0.803744 -0.390707
v -0.371112 -0.772166 -0.408296
v -0.248434 -0.761630 -0.494483
v -0.299824 -0.729537 -0.510765
v -0.231906 -0.754267 -0.520374
v -0.285771 -0.726157 -0.538449
v -0.240386 -0.742332 -0.409262
v -0.282308 -0.802786 -0.384884
v -0.198841 -0.639941 -0.287864
v -0.350875 -0.721850 -0.475679
v -0.391800 -0.753599 -0.429946
v -0.388987 -0.704457 -0.457701
v -0.211499 -0.768622 -0.497730
v -0.202289 -0.747458 -0.411064
v -0.318480 -0.713374 -0.535554
v -0.363553 -0.690000 -0.480846
v -0.760110 -0.535615 -0.300057
v -0.796040 -0.521735 -0.250963
v -0.747911 -0.560969 -0.282155
v -0.783436 -0.545151 -0.234097
v -0.803716 -0.463753 -0.357639
v -0.842382 -0.447884 -0.310607
v -0.816645 -0.434547 -0.375612
v -0.855799 -0.422016 -0.328402
v -0.759499 -0.504249 -0.351706
v -0.733364 -0.556433 -0.313869
v -0.729141 -0.521042 -0.362177
v -0.836182 -0.477505 -0.253781
v -0.805476 -0.527133 -0.213470
v -0.846617 -0.480164 -0.214660
v -0.786945 -0.457025 -0.388205
v -0.740933 -0.494111 -0.380679
v -0.868834 -0.422272 -0.294996
v -0.864753 -0.451811 -0.234911
v -0.785144 -0.539593 0.300191
v -0.814711 -0.518113 0.252626
v -0.775549 -0.561662 0.285501
v -0.801685 -0.542137 0.231161
v -0.808190 -0.456564 0.339206
v -0.846065 -0.443936 0.301549
v -0.822586 -0.429562 0.359273
v -0.860384 -0.411754 0.318701
v -0.779421 -0.505191 0.337905
v -0.765374 -0.560996 0.314305
v -0.763755 -0.529117 0.353803
v -0.843223 -0.478990 0.251876
v -0.819684 -0.521521 0.212086
v -0.849395 -0.480489 0.214763
v -0.796560 -0.446208 0.368393
v -0.769114 -0.497881 0.365449
v -0.868407 -0.414753 0.294266
v -0.862132 -0.457151 0.235222
v 0.310131 -0.817077 0.371220
v 0.359581 -0.790709 0.392632
v 0.325892 -0.825047 0.350290
v 0.373657 -0.796694 0.366942
v 0.250393 -0.787078 0.435574
v 0.304483 -0.752221 0.435933
v 0.230486 -0.774889 0.446133
v 0.282893 -0.705561 0.431354
v 0.249239 -0.813854 0.386749
v 0.293113 -0.833163 0.345050
v 0.227652 -0.833497 0.366224
v 0.209120 -0.795907 0.438401
v 0.207441 -0.823554 0.391479
v 0.358085 -0.759414 0.423385
v 0.390250 -0.777533 0.382649
v 0.388758 -0.741495 0.409104
v 0.312383 -0.672623 0.429300
v 0.369667 -0.725519 0.397811
v 0.301129 -0.792827 -0.416114
v 0.352955 -0.760552 -0.434036
v 0.316144 -0.798791 -0.386966
v 0.365096 -0.762397 -0.403904
v 0.250327 -0.764228 -0.490884
v 0.304920 -0.733706 -0.511126
v 0.229319 -0.748801 -0.512171
v 0.286904 -0.719505 -0.532148
v 0.249049 -0.792384 -0.444623
v 0.283018 -0.810087 -0.389102
v 0.230123 -0.807350 -0.417936
v 0.209037 -0.772044 -0.494856
v 0.210574 -0.796678 -0.446124
v 0.356598 -0.733636 -0.483380
v 0.385551 -0.744097 -0.425141
v 0.390543 -0.719888 -0.476352
v 0.323325 -0.713348 -0.536780
v 0.372966 -0.710585 -0.504558
v 0.757351 -0.530309 -0.297534
v 0.789994 -0.516674 -0.250356
v 0.741447 -0.555591 -0.278920
v 0.775457 -0.540659 -0.229316
v 0.799939 -0.458343 -0.356160
v 0.836324 -0.446154 -0.303908
v 0.810322 -0.429566 -0.377456
v 0.849299 -0.418703 -0.324114
v 0.761496 -0.505017 -0.347803
v 0.727493 -0.552184 -0.310663
v 0.728671 -0.524708 -0.359861
v 0.831936 -0.471831 -0.252803
v 0.799711 -0.522465 -0.212883
v 0.840963 -0.475318 -0.215602
v 0.787692 -0.447865 -0.390117
v 0.747733 -0.497070 -0.383969
v 0.864411 -0.420868 -0.286511
v 0.858528 -0.448767 -0.236843
v 0.783122 -0.539892 0.296595
v 0.810812 -0.520353 0.251424
v 0.771299 -0.563145 0.280544
v 0.799846 -0.543240 0.235226
v 0.809532 -0.454849 0.344879
v 0.831895 -0.435377 0.295276
v 0.818746 -0.428781 0.362426
v 0.844619 -0.409230 0.314725
v 0.782948 -0.505982 0.342094
v 0.762310 -0.560952 0.309524
v 0.762191 -0.525721 0.352861
v 0.835627 -0.474578 0.253842
v 0.818845 -0.518492 0.222088
v 0.836802 -0.479807 0.221244
v 0.801429 -0.447733 0.378190
v 0.768385 -0.492419 0.367180
v 0.854498 -0.413677 0.286722
v 0.841734 -0.446803 0.240155
v 0.031705 -0.039121 0.912739
v -0.032880 -0.036959 0.904966
v 0.031407 -0.071181 0.911582
v -0.032875 -0.070499 0.907669
v 0.032267 0.063668 0.914630
v -0.033612 0.064176 0.888385
v 0.032372 0.095045 0.914164
v -0.032786 0.094173 0.901896
v 0.064129 0.012759 0.907306
v 0.064569 -0.056786 0.909108
v 0.096413 -0.005058 0.901595
v -0.057248 0.019432 0.817788
v -0.065886 -0.055264 0.902959
v -0.087939 0.005214 0.784532
v 0.064036 0.082442 0.915392
v 0.096353 0.031169 0.902316
v -0.054602 0.089926 0.815751
v -0.049718 0.039904 0.648227
v 0.449085 -0.315581 0.740606
v 0.431858 -0.269011 0.772631
v 0.419329 -0.332107 0.749232
v 0.400501 -0.284738 0.781122
v 0.536107 -0.269706 0.715725
v 0.516926 -0.219634 0.743478
v 0.563061 -0.253650 0.706229
v 0.545223 -0.203968 0.735384
v 0.499989 -0.313086 0.708973
v 0.439944 -0.346990 0.727433
v 0.491820 -0.341596 0.694395
v 0.558149 -0.282098 0.691175
v 0.522836 -0.326185 0.685547
v 0.462084 -0.217610 0.768202
v 0.402282 -0.252402 0.789584
v 0.435093 -0.200507 0.784585
v 0.522528 -0.185036 0.752452
v 0.465900 -0.183221 0.775000
v -0.391908 -0.166290 0.576598
v -0.426040 -0.265596 0.757530
v -0.306120 -0.156700 0.591872
v -0.397504 -0.280558 0.767852
v -0.537088 -0.268491 0.714310
v -0.518151 -0.220227 0.744734
v -0.564577 -0.254549 0.706628
v -0.544846 -0.204606 0.734911
v -0.494975 -0.283511 0.679576
v -0.174776 -0.173736 0.432290
v -0.476845 -0.281495 0.630362
v -0.561145 -0.284035 0.694213
v -0.527591 -0.319788 0.679090
v -0.465080 -0.216621 0.770483
v -0.399707 -0.252176 0.783672
v -0.437594 -0.199063 0.786798
v -0.522473 -0.186109 0.753488
v -0.469385 -0.183333 0.779488
v 0.451385 0.348566 0.751728
v 0.428028 0.297214 0.779176
v 0.423860 0.364521 0.762807
v 0.398751 0.309486 0.767745
v 0.543420 0.298368 0.728562
v 0.520525 0.244969 0.751250
v 0.569026 0.280143 0.715932
v 0.546480 0.227893 0.740312
v 0.506145 0.347305 0.721167
v 0.445422 0.382469 0.741853
v 0.497634 0.379791 0.707774
v 0.568128 0.313816 0.706165
v 0.530764 0.361941 0.698645
v 0.465220 0.244371 0.778627
v 0.400030 0.276636 0.775943
v 0.438030 0.228353 0.796413
v 0.521938 0.208335 0.754568
v 0.471800 0.208685 0.787709
v -0.412062 0.313313 0.666913
v -0.434778 0.297476 0.781804
v -0.418177 0.357577 0.739172
v -0.403948 0.313073 0.789535
v -0.539389 0.295063 0.718520
v -0.517606 0.244599 0.746044
v -0.570039 0.280679 0.717228
v -0.545601 0.227754 0.737626
v -0.476349 0.305290 0.600753
v -0.412103 0.355934 0.668325
v -0.483298 0.360492 0.586836
v -0.566375 0.311691 0.703255
v -0.518263 0.350884 0.663300
v -0.463637 0.245554 0.775603
v -0.406110 0.281425 0.801441
v -0.436714 0.228809 0.791558
v -0.518342 0.205642 0.746143
v -0.466845 0.209653 0.780252
v 0.032691 -0.054416 -0.856605
v -0.033744 -0.054552 -0.859840
v 0.032719 -0.089505 -0.852192
v -0.033692 -0.088953 -0.855925
v 0.033608 0.055400 -0.862341
v -0.033994 0.054686 -0.859991
v 0.033642 0.088589 -0.861900
v -0.033917 0.089263 -0.859921
v 0.065788 -0.000062 -0.846897
v 0.065565 -0.074362 -0.853015
v 0.099360 -0.019614 -0.841789
v -0.066713 -0.000662 -0.847657
v -0.067137 -0.075277 -0.836181
v -0.098803 -0.021743 -0.815620
v 0.066697 0.074809 -0.857050
v 0.098736 0.020138 -0.835313
v -0.067465 0.075064 -0.849865
v -0.099480 0.021343 -0.838826
v 0.435494 -0.340307 -0.600577
v 0.442534 -0.308272 -0.723048
v 0.425007 -0.370941 -0.678200
v 0.414289 -0.325131 -0.736913
v 0.553887 -0.308228 -0.689244
v 0.530951 -0.252020 -0.719388
v 0.581991 -0.289319 -0.683059
v 0.559526 -0.233746 -0.710848
v 0.514330 -0.359194 -0.669027
v 0.446147 -0.388611 -0.663982
v 0.507942 -0.396396 -0.667357
v 0.580079 -0.323719 -0.666515
v 0.543771 -0.377962 -0.659605
v 0.475932 -0.253297 -0.734630
v 0.416295 -0.291504 -0.752829
v 0.448237 -0.235147 -0.747017
v 0.535035 -0.214443 -0.723652
v 0.478894 -0.214884 -0.736014
v -0.459437 -0.362885 -0.554251
v -0.443927 -0.308046 -0.709175
v -0.437080 -0.380406 -0.679925
v -0.413584 -0.324373 -0.739651
v -0.560246 -0.292057 -0.506318
v -0.531272 -0.254920 -0.697680
v -0.581247 -0.290269 -0.651546
v -0.559770 -0.235442 -0.708074
v -0.250283 -0.055520 -0.414083
v -0.451464 -0.398171 -0.602913
v -0.311715 -0.526429 -0.399301
v -0.589483 -0.312347 -0.540246
v -0.685314 -0.438786 -0.404062
v -0.477162 -0.253755 -0.728571
v -0.414889 -0.290575 -0.756947
v -0.449051 -0.235491 -0.749011
v -0.535741 -0.213937 -0.721597
v -0.480843 -0.215812 -0.739484
v 0.463005 0.361977 -0.715416
v 0.444006 0.309069 -0.740885
v 0.435402 0.380320 -0.727581
v 0.412851 0.325575 -0.750301
v 0.549789 0.306197 -0.689066
v 0.532985 0.254620 -0.723682
v 0.577223 0.288358 -0.681921
v 0.557422 0.234437 -0.707952
v 0.514830 0.358884 -0.681710
v 0.455701 0.397841 -0.706779
v 0.507029 0.394608 -0.670957
v 0.574753 0.322206 -0.668818
v 0.539981 0.373847 -0.660465
v 0.478258 0.253557 -0.739241
v 0.415040 0.290181 -0.759482
v 0.449545 0.234978 -0.752237
v 0.534407 0.215093 -0.722075
v 0.481271 0.215363 -0.743844
v -0.465699 0.361603 -0.649250
v -0.458468 0.293720 -0.503558
v -0.449226 0.364268 -0.526644
v -0.676629 0.059021 -0.403231
v -0.552983 0.307360 -0.694072
v -0.532811 0.253022 -0.721498
v -0.580320 0.289451 -0.685262
v -0.557496 0.234015 -0.707030
v -0.517247 0.361557 -0.685688
v -0.463460 0.396484 -0.674209
v -0.509837 0.396376 -0.674335
v -0.577250 0.323552 -0.672584
v -0.541259 0.376824 -0.664112
v -0.475209 0.252786 -0.727017
v -0.429004 0.276108 -0.462893
v -0.448186 0.235623 -0.734996
v -0.532615 0.213916 -0.718810
v -0.479526 0.214341 -0.739272
v 0.988817 0.034076 -0.054628
v 0.988858 -0.032077 -0.056291
v 0.987882 0.032968 -0.088404
v 0.987661 -0.032813 -0.091239
v 0.987920 0.035819 0.055015
v 0.989199 -0.030993 0.052742
v 0.987545 0.039880 0.088744
v 0.987824 -0.032045 0.091523
v 0.987533 0.066490 0.001317
v 0.987110 0.067274 -0.073229
v 0.986431 0.098916 -0.019979
v 0.985872 0.066773 0.075481
v 0.986051 0.096509 0.021744
v 0.989505 -0.063677 -0.000088
v 0.987999 -0.063249 -0.078037
v 0.989346 -0.097104 -0.022403
v 0.988157 -0.067677 0.075442
v 0.988780 -0.098001 0.022138
v -0.999059 0.037555 -0.061249
v -0.998948 -0.035210 -0.059404
v -0.997988 0.036295 -0.095663
v -0.998122 -0.034329 -0.097223
v -0.999110 0.025559 0.060346
v -0.998917 -0.033530 0.056495
v -0.997556 0.030842 0.092750
v -0.998616 -0.032070 0.083914
v -0.998825 0.067826 -0.004133
v -0.997799 0.069382 -0.080418
v -0.997929 0.100300 -0.030172
v -0.997375 0.064408 0.080446
v -0.996912 0.102284 0.020747
v -0.999105 -0.065515 0.005716
v -0.998380 -0.071615 -0.083393
v -0.997721 -0.102043 -0.020832
v -0.997304 -0.064950 0.073989
v -0.997634 -0.099153 0.021676
v -0.317656 0.883640 0.031005
v -0.318344 0.882149 -0.033617
v -0.348945 0.871424 0.030792
v -0.349020 0.871442 -0.033536
v -0.221287 0.903841 0.034739
v -0.221531 0.905259 -0.035507
v -0.180925 0.866216 0.034999
v -0.181179 0.906539 -0.037662
v -0.272570 0.891694 0.063508
v -0.337671 0.873877 0.063245
v -0.292079 0.881878 0.095215
v -0.273840 0.895228 -0.067614
v -0.336921 0.872340 -0.065902
v -0.292501 0.883480 -0.099449
v -0.207289 0.900368 0.065221
v -0.258346 0.889828 0.095569
v -0.206291 0.908466 -0.069698
v -0.260702 0.895403 -0.100512
v -0.413405 0.817874 0.188395
v -0.464808 0.792469 0.205846
v -0.404356 0.742628 0.163110
v -0.476517 0.785325 0.177367
v -0.377018 0.819889 0.281722
v -0.427884 0.789929 0.299660
v -0.362360 0.815077 0.311051
v -0.411668 0.783044 0.326525
v -0.374102 0.835495 0.219849
v -0.393965 0.821278 0.156710
v -0.354258 0.844894 0.187739
v -0.472445 0.775925 0.260785
v -0.499772 0.779406 0.195151
v -0.508735 0.760217 0.248736
v -0.343969 0.789031 0.278390
v -0.337432 0.784735 0.207108
v -0.446783 0.769321 0.319440
v -0.494014 0.756656 0.280643
v -0.416134 0.825033 -0.196922
v -0.468091 0.799823 -0.215397
v -0.427331 0.824598 -0.163679
v -0.480384 0.800507 -0.183442
v -0.451220 0.619067 -0.264434
v -0.425347 0.781215 -0.308551
v -0.359826 0.742679 -0.325996
v -0.413338 0.787999 -0.339516
v -0.340077 0.743929 -0.196806
v -0.392947 0.827103 -0.162236
v -0.347474 0.832916 -0.196251
v -0.473301 0.777511 -0.266839
v -0.501161 0.783051 -0.203926
v -0.505092 0.758387 -0.254563
v -0.260562 0.681660 -0.299679
v -0.309491 0.776849 -0.208446
v -0.447032 0.777746 -0.329809
v -0.490278 0.755877 -0.285488
v -0.621614 0.703108 -0.150464
v -0.623916 0.647078 -0.091991
v -0.606390 0.725763 -0.131861
v -0.630639 0.695393 -0.078484
v -0.680621 0.643912 -0.213507
v -0.713271 0.625655 -0.159611
v -0.696229 0.622267 -0.230884
v -0.716457 0.595150 -0.174669
v -0.595446 0.647524 -0.191540
v -0.595734 0.727396 -0.166420
v -0.566278 0.666263 -0.203023
v -0.667076 0.615409 -0.094744
v -0.628240 0.653695 -0.055891
v -0.665917 0.614388 -0.056537
v -0.661293 0.630364 -0.243861
v -0.506502 0.583904 -0.184822
v -0.714285 0.589338 -0.136073
v -0.694925 0.605867 -0.077277
v -0.613113 0.690174 0.146852
v -0.611147 0.628961 0.095110
v -0.606006 0.720348 0.129608
v -0.623990 0.686873 0.077495
v -0.659868 0.625501 0.202360
v -0.702817 0.616410 0.153213
v -0.667924 0.597449 0.217444
v -0.730662 0.603876 0.175829
v -0.626883 0.678129 0.200011
v -0.591605 0.719143 0.160728
v -0.599425 0.701000 0.212212
v -0.673806 0.620453 0.095087
v -0.651917 0.677035 0.061125
v -0.699630 0.647886 0.061050
v -0.608438 0.590976 0.223318
v -0.615841 0.680054 0.231425
v -0.727592 0.600064 0.134808
v -0.709354 0.619167 0.077285
v 0.315329 0.873886 0.032042
v 0.317664 0.881382 -0.033757
v 0.348552 0.868596 0.031947
v 0.350391 0.871283 -0.033424
v 0.209701 0.848661 0.029777
v 0.219028 0.907537 -0.034391
v 0.184345 0.898799 0.032388
v 0.187267 0.915673 -0.034775
v 0.259527 0.810489 0.055937
v 0.335705 0.867420 0.062927
v 0.285881 0.843938 0.089728
v 0.271194 0.891104 -0.066781
v 0.338128 0.873816 -0.066821
v 0.291453 0.880858 -0.099081
v 0.197971 0.846189 0.059437
v 0.241454 0.788739 0.083460
v 0.206073 0.908700 -0.067151
v 0.257449 0.887853 -0.098872
v 0.416463 0.825186 0.189654
v 0.468070 0.797704 0.208114
v 0.428497 0.826747 0.156911
v 0.481727 0.800204 0.177424
v 0.363269 0.782902 0.271341
v 0.426267 0.788357 0.301175
v 0.355604 0.800387 0.304545
v 0.414516 0.787079 0.331033
v 0.364255 0.820756 0.216211
v 0.396362 0.838721 0.157634
v 0.350271 0.847156 0.190067
v 0.473050 0.775050 0.258443
v 0.500833 0.781391 0.196901
v 0.503042 0.756165 0.246360
v 0.334510 0.810381 0.275221
v 0.332194 0.833609 0.217310
v 0.447265 0.770963 0.321185
v 0.493450 0.756578 0.279265
v 0.412084 0.821535 -0.192620
v 0.463477 0.789676 -0.213211
v 0.424053 0.821424 -0.160217
v 0.472955 0.785944 -0.182529
v 0.374219 0.820561 -0.290184
v 0.392506 0.731837 -0.296322
v 0.361173 0.820552 -0.321599
v 0.409953 0.779177 -0.340569
v 0.368731 0.834902 -0.226749
v 0.394267 0.837212 -0.162285
v 0.350516 0.849022 -0.195783
v 0.443028 0.719639 -0.237961
v 0.498793 0.778226 -0.203358
v 0.503147 0.747649 -0.252921
v 0.342581 0.834024 -0.291767
v 0.336994 0.847326 -0.228132
v 0.405305 0.709432 -0.324432
v 0.464714 0.698248 -0.260030
v 0.628182 0.708905 -0.154539
v 0.658510 0.688912 -0.098596
v 0.607524 0.727386 -0.132649
v 0.638767 0.708659 -0.078759
v 0.640432 0.607242 -0.200395
v 0.714989 0.627678 -0.159854
v 0.589562 0.555298 -0.199783
v 0.725092 0.603382 -0.173543
v 0.633455 0.684213 -0.205500
v 0.592095 0.720484 -0.164216
v 0.576616 0.662489 -0.212868
v 0.693477 0.641996 -0.096935
v 0.659665 0.688287 -0.059541
v 0.670205 0.616250 -0.057748
v 0.628924 0.608556 -0.232711
v 0.622494 0.684056 -0.239825
v 0.740138 0.612169 -0.139153
v 0.683754 0.586641 -0.077900
v 0.625849 0.707591 0.148801
v 0.654527 0.686204 0.096676
v 0.606391 0.721669 0.129955
v 0.637620 0.705595 0.077828
v 0.682000 0.643159 0.210653
v 0.710299 0.623553 0.155059
v 0.688632 0.611736 0.223201
v 0.722847 0.599634 0.172415
v 0.632261 0.685390 0.201656
v 0.595612 0.725566 0.161756
v 0.604488 0.708055 0.214342
v 0.695245 0.646342 0.097875
v 0.656758 0.686791 0.058019
v 0.697273 0.648125 0.058002
v 0.648605 0.612350 0.231185
v 0.620212 0.683452 0.233732
v 0.725618 0.599882 0.134962
v 0.721498 0.630244 0.080454
v -0.322169 -0.903655 0.030310
v -0.320980 -0.901523 -0.027916
v -0.353529 -0.891307 0.031271
v -0.351719 -0.889236 -0.028101
v -0.220492 -0.928104 0.031411
v -0.219923 -0.927008 -0.027474
v -0.187426 -0.933155 0.032489
v -0.188263 -0.933431 -0.027861
v -0.274858 -0.909805 0.063900
v -0.342559 -0.883135 0.058066
v -0.289138 -0.888973 0.092509
v -0.276735 -0.910033 -0.059075
v -0.339662 -0.888861 -0.059333
v -0.295834 -0.898527 -0.090388
v -0.206545 -0.926264 0.063183
v -0.262334 -0.911657 0.095531
v -0.206002 -0.925824 -0.057702
v -0.263310 -0.907901 -0.091058
v -0.419270 -0.845862 0.172362
v -0.472406 -0.818060 0.189070
v -0.430756 -0.843884 0.145367
v -0.483701 -0.816550 0.162062
v -0.382437 -0.844904 0.250960
v -0.434497 -0.814638 0.267292
v -0.368192 -0.840737 0.274962
v -0.421365 -0.811773 0.292786
v -0.377497 -0.855223 0.196855
v -0.397978 -0.850093 0.143062
v -0.356295 -0.831562 0.153924
v -0.480100 -0.800911 0.232811
v -0.505069 -0.802460 0.179579
v -0.512775 -0.784977 0.223088
v -0.349587 -0.854872 0.250081
v -0.343648 -0.858460 0.191394
v -0.455254 -0.797544 0.286755
v -0.499596 -0.782610 0.249717
v -0.415632 -0.833156 -0.182195
v -0.468205 -0.802477 -0.202550
v -0.426758 -0.831993 -0.151974
v -0.478121 -0.799453 -0.171218
v -0.380350 -0.830639 -0.274881
v -0.432245 -0.799612 -0.295738
v -0.365363 -0.824882 -0.304954
v -0.417149 -0.792584 -0.324877
v -0.372378 -0.845331 -0.213741
v -0.396908 -0.848297 -0.152846
v -0.352869 -0.858020 -0.183141
v -0.480183 -0.788400 -0.255929
v -0.500463 -0.783439 -0.192455
v -0.511463 -0.767243 -0.243561
v -0.345791 -0.840809 -0.274535
v -0.339225 -0.854826 -0.213399
v -0.451753 -0.779980 -0.318349
v -0.500235 -0.769420 -0.277267
v -0.632612 -0.716854 -0.147386
v -0.649400 -0.680716 -0.098312
v -0.611302 -0.735157 -0.126816
v -0.631279 -0.702118 -0.079510
v -0.681693 -0.651566 -0.205512
v -0.717311 -0.634266 -0.151446
v -0.696707 -0.628652 -0.224567
v -0.735574 -0.615049 -0.174117
v -0.636743 -0.693568 -0.198656
v -0.597772 -0.727464 -0.158014
v -0.597417 -0.692246 -0.209318
v -0.689160 -0.643646 -0.093837
v -0.659717 -0.692953 -0.059109
v -0.699078 -0.654158 -0.058001
v -0.673594 -0.651576 -0.237995
v -0.623656 -0.692029 -0.230166
v -0.737064 -0.614441 -0.132137
v -0.710623 -0.625913 -0.076874
v -0.419990 -0.171175 0.341090
v -0.683444 -0.672640 0.085780
v -0.410861 -0.711023 -0.015621
v -0.640695 -0.707310 0.065816
v -0.692362 -0.667895 0.187449
v -0.720753 -0.644829 0.142077
v -0.712498 -0.644160 0.203545
v -0.740825 -0.623847 0.158422
v -0.646149 -0.682970 0.150919
v -0.482255 -0.692509 0.054712
v -0.614883 -0.704570 0.169814
v -0.707428 -0.666664 0.093746
v -0.675833 -0.706869 0.060356
v -0.711327 -0.672040 0.059432
v -0.683532 -0.667578 0.214498
v -0.636601 -0.705001 0.206095
v -0.741427 -0.625658 0.125797
v -0.728787 -0.648648 0.076104
v 0.320362 -0.900683 0.033499
v 0.320366 -0.898299 -0.027696
v 0.352684 -0.891360 0.033429
v 0.352102 -0.888218 -0.027779
v 0.219589 -0.926400 0.034318
v 0.221218 -0.926341 -0.027412
v 0.190751 -0.933983 0.033550
v 0.189001 -0.931614 -0.028070
v 0.274843 -0.908638 0.061556
v 0.339512 -0.892710 0.062649
v 0.297521 -0.901913 0.091865
v 0.274755 -0.908700 -0.058851
v 0.339663 -0.888358 -0.059219
v 0.295172 -0.900224 -0.090249
v 0.206380 -0.891671 0.058133
v 0.271124 -0.858994 0.076701
v 0.207515 -0.925989 -0.059042
v 0.261786 -0.908802 -0.089903
v 0.412929 -0.840329 0.170831
v 0.473881 -0.812279 0.184287
v 0.423564 -0.829159 0.139285
v 0.483156 -0.803339 0.155150
v 0.379464 -0.845220 0.253193
v 0.429045 -0.815112 0.266252
v 0.366211 -0.840570 0.277049
v 0.414581 -0.811678 0.292448
v 0.373645 -0.860142 0.201803
v 0.394626 -0.853800 0.146378
v 0.353841 -0.870055 0.174157
v 0.484280 -0.800954 0.230188
v 0.510448 -0.801642 0.178370
v 0.519788 -0.786406 0.222713
v 0.349423 -0.857131 0.254994
v 0.342938 -0.871570 0.201325
v 0.452589 -0.796139 0.282845
v 0.507498 -0.784422 0.248163
v 0.409097 -0.814586 -0.178701
v 0.459034 -0.782914 -0.198225
v 0.421483 -0.817596 -0.148191
v 0.473867 -0.788002 -0.167943
v 0.379224 -0.830456 -0.275562
v 0.430532 -0.797359 -0.294642
v 0.363555 -0.823018 -0.304462
v 0.414635 -0.789440 -0.324475
v 0.374019 -0.849566 -0.215188
v 0.394285 -0.841118 -0.150893
v 0.354729 -0.863395 -0.184104
v 0.470789 -0.777377 -0.252856
v 0.497284 -0.778996 -0.190195
v 0.495665 -0.754581 -0.237969
v 0.346150 -0.840069 -0.275808
v 0.343070 -0.862979 -0.214651
v 0.450346 -0.778578 -0.317600
v 0.492197 -0.761408 -0.274181
v 0.622643 -0.707615 -0.146618
v 0.668321 -0.701682 -0.096456
v 0.591344 -0.713087 -0.127805
v 0.641010 -0.712742 -0.073928
v 0.659946 -0.626548 -0.197424
v 0.694394 -0.622433 -0.154963
v 0.677911 -0.612183 -0.216658
v 0.719666 -0.603860 -0.171861
v 0.635975 -0.691199 -0.199815
v 0.592365 -0.727774 -0.158904
v 0.607942 -0.714962 -0.211047
v 0.697943 -0.655666 -0.095343
v 0.665666 -0.700613 -0.056556
v 0.701582 -0.658680 -0.056858
v 0.651576 -0.632239 -0.230212
v 0.623872 -0.690548 -0.230893
v 0.736368 -0.614740 -0.136476
v 0.719175 -0.636270 -0.075107
v 0.587700 -0.709047 0.113590
v 0.623510 -0.689476 0.074125
v 0.598901 -0.733814 0.115275
v 0.639944 -0.720071 0.072966
v 0.689456 -0.664971 0.181074
v 0.653285 -0.583526 0.084828
v 0.710628 -0.640143 0.201072
v 0.735355 -0.610913 0.136187
v 0.643738 -0.704040 0.175539
v 0.599999 -0.745008 0.145613
v 0.611607 -0.728999 0.190192
v 0.566495 -0.668385 0.075215
v 0.667694 -0.708080 0.057588
v 0.691656 -0.663955 0.050600
v 0.684047 -0.664403 0.212998
v 0.632208 -0.706780 0.206666
v 0.686661 -0.542155 0.088312
v 0.652827 -0.605794 0.072327
v -0.096564 -0.596248 0.665865
v -0.147507 -0.567420 0.685876
v -0.078115 -0.579224 0.683654
v -0.129952 -0.553193 0.706003
v -0.154446 -0.639351 0.603546
v -0.206024 -0.617761 0.625841
v -0.170706 -0.633028 0.566124
v -0.222863 -0.624508 0.601069
v -0.097169 -0.629947 0.628768
v -0.058886 -0.597422 0.666046
v -0.058528 -0.632588 0.631443
v -0.200117 -0.573244 0.664097
v -0.160924 -0.541377 0.706232
v -0.212521 -0.542949 0.682695
v -0.136634 -0.632167 0.566908
v -0.077768 -0.639379 0.608033
v -0.238390 -0.609283 0.626775
v -0.232219 -0.560467 0.662683
v 0.096262 -0.594207 0.664540
v 0.147935 -0.564355 0.682617
v 0.076937 -0.577029 0.682480
v 0.129211 -0.550046 0.703470
v 0.152489 -0.636421 0.601184
v 0.202992 -0.607524 0.618816
v 0.169872 -0.634694 0.564123
v 0.221517 -0.621494 0.597409
v 0.096930 -0.630767 0.628091
v 0.057721 -0.596715 0.665369
v 0.057681 -0.630903 0.628901
v 0.198680 -0.568490 0.660735
v 0.161315 -0.538422 0.703223
v 0.211968 -0.541847 0.681541
v 0.134662 -0.634779 0.566173
v 0.076295 -0.639418 0.604967
v 0.235846 -0.599560 0.620095
v 0.230751 -0.558410 0.661737
v 0.031448 -0.285345 0.862338
v -0.032051 -0.286108 0.865341
v 0.031243 -0.313903 0.848349
v -0.031915 -0.315872 0.854942
v 0.032029 -0.193914 0.888090
v -0.032282 -0.194191 0.885383
v 0.031734 -0.163081 0.891277
v -0.031761 -0.161367 0.888540
v 0.063974 -0.244593 0.874225
v 0.063728 -0.303165 0.852249
v 0.096222 -0.263048 0.865964
v -0.063903 -0.243516 0.874009
v -0.062300 -0.303454 0.852930
v -0.094279 -0.258972 0.860916
v 0.063727 -0.181587 0.886524
v 0.096087 -0.233314 0.876656
v -0.063920 -0.179158 0.877675
v -0.096014 -0.230569 0.872960
v 0.210253 -0.403014 0.749102
v 0.188565 -0.373836 0.802251
v 0.177059 -0.431766 0.771039
v 0.155951 -0.387107 0.805700
v 0.295453 -0.329711 0.698043
v 0.281656 -0.335518 0.797849
v 0.332480 -0.365986 0.752722
v 0.313202 -0.325069 0.798228
v 0.233490 -0.246204 0.573793
v 0.196414 -0.435561 0.739421
v 0.230438 -0.296395 0.557234
v 0.221771 -0.332826 0.815571
v 0.157165 -0.358700 0.819721
v 0.190811 -0.315866 0.831392
v 0.315675 -0.339214 0.677815
v 0.388226 -0.142257 0.396154
v 0.285698 -0.309470 0.816978
v 0.222556 -0.304063 0.829491
v -0.210629 -0.422881 0.772732
v -0.192621 -0.370889 0.802215
v -0.176719 -0.435772 0.774458
v -0.156104 -0.385548 0.802073
v -0.300622 -0.388463 0.772158
v -0.281567 -0.341623 0.803553
v -0.330806 -0.368730 0.758740
v -0.312238 -0.327114 0.798248
v -0.262019 -0.431087 0.758485
v -0.199685 -0.454523 0.759627
v -0.250802 -0.460551 0.741926
v -0.224359 -0.334194 0.818152
v -0.158263 -0.355134 0.813700
v -0.194909 -0.314360 0.826983
v -0.322386 -0.403895 0.748962
v -0.281853 -0.449345 0.740875
v -0.282918 -0.311353 0.815260
v -0.224808 -0.305880 0.831974
v -0.097977 0.636468 0.676551
v -0.149859 0.589847 0.672053
v -0.078163 0.619309 0.695679
v -0.133801 0.590901 0.713980
v -0.153957 0.684921 0.613228
v -0.210160 0.632628 0.599480
v -0.174338 0.702887 0.595003
v -0.229277 0.675971 0.614791
v -0.098821 0.677064 0.640745
v -0.059309 0.638344 0.678858
v -0.060595 0.677937 0.642468
v -0.037390 0.472403 0.452111
v -0.162538 0.569219 0.700929
v -0.196819 0.496598 0.608283
v -0.134706 0.705227 0.595992
v -0.079633 0.696406 0.621496
v -0.239908 0.637526 0.615216
v -0.231960 0.477449 0.561074
v 0.094166 0.597135 0.626669
v 0.151803 0.610372 0.699421
v 0.074306 0.574900 0.637348
v 0.131374 0.590207 0.715150
v 0.155850 0.689972 0.618291
v 0.207816 0.658460 0.636333
v 0.174251 0.704748 0.596345
v 0.226518 0.673360 0.613295
v 0.096752 0.666546 0.630642
v 0.054896 0.474675 0.485502
v 0.058317 0.665060 0.627175
v 0.202049 0.616758 0.678676
v 0.162852 0.580587 0.717948
v 0.214408 0.588165 0.697712
v 0.137233 0.711553 0.599769
v 0.077360 0.695132 0.620867
v 0.237401 0.643647 0.631428
v 0.234214 0.605684 0.676752
v 0.031777 0.314406 0.867365
v -0.030411 0.317152 0.872801
v 0.031109 0.342761 0.853086
v -0.031307 0.346869 0.865090
v 0.031787 0.218682 0.878905
v -0.032901 0.219120 0.894185
v 0.030375 0.183460 0.863343
v -0.032589 0.187159 0.899732
v 0.063480 0.271519 0.882994
v 0.061972 0.330443 0.853315
v 0.095352 0.290537 0.872636
v -0.065148 0.270495 0.880458
v -0.063147 0.336183 0.864194
v -0.097593 0.289876 0.870873
v 0.062427 0.204307 0.864615
v 0.095786 0.259361 0.880554
v -0.065234 0.207193 0.895253
v -0.099197 0.256813 0.880736
v 0.208717 0.454309 0.782224
v 0.189273 0.405797 0.812285
v 0.178479 0.463829 0.777613
v 0.157352 0.413707 0.804489
v 0.304424 0.419656 0.783070
v 0.282502 0.365605 0.796244
v 0.334179 0.405843 0.775849
v 0.302768 0.344236 0.729646
v 0.261666 0.462379 0.766109
v 0.199204 0.487965 0.770301
v 0.250026 0.493124 0.749114
v 0.223939 0.365836 0.828093
v 0.159279 0.389102 0.827479
v 0.193504 0.349797 0.843924
v 0.325934 0.438791 0.763704
v 0.284944 0.481789 0.749002
v 0.265797 0.323084 0.718344
v 0.224778 0.335511 0.836414
v -0.208161 0.452114 0.775648
v -0.191368 0.408537 0.816518
v -0.177315 0.467038 0.782985
v -0.160518 0.420942 0.820494
v -0.286816 0.388562 0.680549
v -0.263306 0.337493 0.711371
v -0.330893 0.399219 0.752450
v -0.311217 0.349524 0.780604
v -0.261831 0.460246 0.753095
v -0.198234 0.486381 0.766292
v -0.251234 0.495094 0.751923
v -0.222269 0.360723 0.812200
v -0.161194 0.392230 0.832430
v -0.193583 0.349019 0.843450
v -0.323276 0.434728 0.750087
v -0.283976 0.482393 0.751572
v -0.283953 0.336135 0.807486
v -0.225029 0.335712 0.839623
v -0.100314 -0.654455 -0.655864
v -0.151536 -0.625087 -0.672456
v -0.082173 -0.640899 -0.674724
v -0.132621 -0.608245 -0.688472
v -0.157889 -0.701195 -0.601245
v -0.211636 -0.673838 -0.620066
v -0.177518 -0.718707 -0.585545
v -0.230687 -0.688610 -0.601228
v -0.098374 -0.677685 -0.600837
v -0.062228 -0.653302 -0.648927
v -0.061439 -0.666254 -0.572035
v -0.204893 -0.629042 -0.650280
v -0.162751 -0.597885 -0.685500
v -0.218874 -0.601722 -0.664941
v -0.138945 -0.718652 -0.581698
v -0.087247 -0.653249 -0.510514
v -0.245037 -0.662621 -0.618049
v -0.237238 -0.612447 -0.639319
v 0.100810 -0.654563 -0.657765
v 0.152229 -0.624754 -0.671618
v 0.082303 -0.638453 -0.673406
v 0.135347 -0.611604 -0.690601
v 0.152854 -0.685075 -0.581020
v 0.208811 -0.668144 -0.617723
v 0.171908 -0.707079 -0.575166
v 0.226910 -0.681397 -0.598846
v 0.099060 -0.684885 -0.618409
v 0.063479 -0.655447 -0.655113
v 0.062204 -0.681493 -0.606201
v 0.202648 -0.628029 -0.649594
v 0.166221 -0.597941 -0.687599
v 0.212062 -0.593613 -0.651856
v 0.135038 -0.714479 -0.577534
v 0.080469 -0.700182 -0.592714
v 0.240881 -0.661686 -0.619625
v 0.233842 -0.617449 -0.648015
v 0.033122 -0.328074 -0.825264
v -0.033580 -0.328527 -0.825599
v 0.032804 -0.360369 -0.815195
v -0.033168 -0.361064 -0.815974
v 0.034153 -0.227171 -0.845401
v -0.033559 -0.227128 -0.845555
v 0.034585 -0.191592 -0.853707
v -0.034105 -0.191087 -0.852824
v 0.066325 -0.281437 -0.833287
v 0.065995 -0.347493 -0.815930
v 0.098931 -0.302531 -0.826732
v -0.066716 -0.281831 -0.831633
v -0.065946 -0.348319 -0.817669
v -0.099230 -0.302492 -0.825482
v 0.066564 -0.213099 -0.846084
v 0.098953 -0.268542 -0.833261
v -0.067353 -0.213077 -0.847174
v -0.099881 -0.268239 -0.833137
v 0.214113 -0.477460 -0.750505
v 0.194357 -0.425873 -0.777542
v 0.181214 -0.489298 -0.751533
v 0.161241 -0.437928 -0.776973
v 0.313348 -0.440548 -0.750489
v 0.291210 -0.386574 -0.771636
v 0.344732 -0.426532 -0.747793
v 0.323570 -0.371750 -0.766090
v 0.272230 -0.485990 -0.736682
v 0.202942 -0.511112 -0.738187
v 0.258963 -0.518174 -0.719848
v 0.228778 -0.381312 -0.786106
v 0.163762 -0.407354 -0.789308
v 0.197039 -0.362283 -0.796787
v 0.335827 -0.461144 -0.736926
v 0.294880 -0.505897 -0.722284
v 0.292655 -0.352956 -0.779253
v 0.229556 -0.348664 -0.794788
v -0.218063 -0.477024 -0.752815
v -0.195989 -0.427201 -0.777439
v -0.184239 -0.488821 -0.749259
v -0.162001 -0.438657 -0.774671
v -0.311603 -0.439602 -0.746069
v -0.291643 -0.386838 -0.770617
v -0.343574 -0.425472 -0.742483
v -0.322908 -0.372007 -0.766971
v -0.272017 -0.485713 -0.737719
v -0.205045 -0.510070 -0.735815
v -0.261033 -0.519068 -0.722850
v -0.231005 -0.382065 -0.785662
v -0.163139 -0.407679 -0.786724
v -0.197439 -0.362270 -0.795536
v -0.334241 -0.459252 -0.732485
v -0.293904 -0.505906 -0.722830
v -0.293500 -0.353082 -0.780583
v -0.230612 -0.348333 -0.794549
v -0.101233 0.664101 -0.657506
v -0.153303 0.634843 -0.676282
v -0.080104 0.644848 -0.675177
v -0.134094 0.618190 -0.692515
v -0.155617 0.707972 -0.600795
v -0.208393 0.678340 -0.616676
v -0.174088 0.722832 -0.582275
v -0.228418 0.693900 -0.598036
v -0.100803 0.699805 -0.623287
v -0.060252 0.665280 -0.658171
v -0.060568 0.700866 -0.623101
v -0.204670 0.641869 -0.657634
v -0.167154 0.608948 -0.694005
v -0.219579 0.612864 -0.675793
v -0.137790 0.731585 -0.587754
v -0.080768 0.718003 -0.605987
v -0.244118 0.670961 -0.617948
v -0.238990 0.628639 -0.656786
v 0.066027 0.596946 -0.433111
v 0.153301 0.616713 -0.588502
v 0.076549 0.637772 -0.607487
v 0.132812 0.610255 -0.660761
v 0.160958 0.685252 -0.537266
v 0.211773 0.681736 -0.612512
v 0.175767 0.719972 -0.580421
v 0.229847 0.696163 -0.602698
v -0.009399 0.645720 -0.397440
v 0.055022 0.652292 -0.579811
v 0.052091 0.681897 -0.554538
v 0.206765 0.641308 -0.642083
v 0.165846 0.601316 -0.675141
v 0.220006 0.611038 -0.671376
v 0.138252 0.720524 -0.572301
v 0.070029 0.696301 -0.542904
v 0.244878 0.671709 -0.620441
v 0.240276 0.629327 -0.656373
v 0.032489 0.329052 -0.824012
v -0.033236 0.328146 -0.826364
v 0.032994 0.361492 -0.820063
v -0.032617 0.361014 -0.818217
v 0.033072 0.226753 -0.843625
v -0.033239 0.227853 -0.845949
v 0.033502 0.192034 -0.851828
v -0.033098 0.193837 -0.850212
v 0.065672 0.281003 -0.829864
v 0.065790 0.349584 -0.818925
v 0.099844 0.303768 -0.824251
v -0.066231 0.280944 -0.834984
v -0.065251 0.348580 -0.820610
v -0.099202 0.301768 -0.825997
v 0.066687 0.210984 -0.842512
v 0.099781 0.267376 -0.829232
v -0.066411 0.213794 -0.845209
v -0.099349 0.268098 -0.833923
v 0.217387 0.481580 -0.754788
v 0.195008 0.427585 -0.775346
v 0.183229 0.494115 -0.756395
v 0.162341 0.440123 -0.776842
v 0.308668 0.433563 -0.723530
v 0.292534 0.386681 -0.769917
v 0.339142 0.419704 -0.718633
v 0.321550 0.371341 -0.764444
v 0.267396 0.485660 -0.730851
v 0.205283 0.515157 -0.743249
v 0.255564 0.520830 -0.720398
v 0.229700 0.381886 -0.785978
v 0.163573 0.408198 -0.788615
v 0.197825 0.362884 -0.797784
v 0.327547 0.443827 -0.672263
v 0.288751 0.504591 -0.709979
v 0.293710 0.353678 -0.782189
v 0.231022 0.349233 -0.798671
v -0.215841 0.480796 -0.756404
v -0.196304 0.429297 -0.781434
v -0.185321 0.493580 -0.754853
v -0.162801 0.441440 -0.777975
v -0.315686 0.439577 -0.734868
v -0.291426 0.385306 -0.718918
v -0.347145 0.424317 -0.681370
v -0.313467 0.374211 -0.571350
v -0.268951 0.486862 -0.733240
v -0.205154 0.513611 -0.742386
v -0.257993 0.520394 -0.721377
v -0.230356 0.382838 -0.789214
v -0.164286 0.409817 -0.790214
v -0.198142 0.363071 -0.798198
v -0.334976 0.458834 -0.728008
v -0.290657 0.506627 -0.717451
v -0.290558 0.353544 -0.693432
v -0.230669 0.349401 -0.792775
v 0.845776 0.218061 -0.461483
v 0.880536 0.193931 -0.420383
v 0.842853 0.181270 -0.470425
v 0.874344 0.160343 -0.426281
v 0.821849 0.304875 -0.421062
v 0.877032 0.293847 -0.388029
v 0.820689 0.337452 -0.411124
v 0.877450 0.327881 -0.373656
v 0.813742 0.266590 -0.462505
v 0.828024 0.206248 -0.491329
v 0.801269 0.257228 -0.493878
v 0.910616 0.232360 -0.390812
v 0.899237 0.163669 -0.407883
v 0.935477 0.202813 -0.378497
v 0.796654 0.322664 -0.430783
v 0.796330 0.287626 -0.480828
v 0.909504 0.303267 -0.356607
v 0.937974 0.239703 -0.362141
v 0.840656 -0.212780 -0.457626
v 0.877236 -0.193878 -0.418155
v 0.834913 -0.181426 -0.462820
v 0.875235 -0.165106 -0.422051
v 0.828535 -0.312974 -0.423141
v 0.885183 -0.300868 -0.392811
v 0.822271 -0.346881 -0.411338
v 0.886198 -0.335204 -0.382637
v 0.819163 -0.266930 -0.465735
v 0.826155 -0.204092 -0.489122
v 0.806237 -0.257416 -0.496746
v 0.900401 -0.225244 -0.395892
v 0.897946 -0.166748 -0.408943
v 0.920131 -0.198664 -0.383765
v 0.803088 -0.332855 -0.434338
v 0.797789 -0.289161 -0.482103
v 0.906269 -0.307153 -0.367770
v 0.925371 -0.233587 -0.360416
v 0.744589 -0.153235 -0.594241
v 0.723091 -0.100164 -0.619768
v 0.765134 -0.133911 -0.578900
v 0.743437 -0.079733 -0.602772
v 0.678147 -0.212349 -0.634344
v 0.657284 -0.157784 -0.661750
v 0.653373 -0.233396 -0.648614
v 0.632856 -0.177830 -0.674779
v 0.723708 -0.206914 -0.597258
v 0.768097 -0.167143 -0.572743
v 0.745975 -0.219842 -0.572508
v 0.682614 -0.100548 -0.652365
v 0.725218 -0.060316 -0.621262
v 0.684270 -0.061667 -0.649684
v 0.679095 -0.248934 -0.626917
v 0.722785 -0.242600 -0.584851
v 0.636740 -0.139128 -0.680158
v 0.663262 -0.081041 -0.668717
v 0.744563 0.152578 -0.593855
v 0.724185 0.100123 -0.616645
v 0.765034 0.132964 -0.579468
v 0.744666 0.080938 -0.606197
v 0.679157 0.213676 -0.638054
v 0.660406 0.158385 -0.607446
v 0.656129 0.232733 -0.651348
v 0.631343 0.181393 -0.644868
v 0.723501 0.207958 -0.600226
v 0.768425 0.166485 -0.571844
v 0.745385 0.221147 -0.575550
v 0.692763 0.115997 -0.466448
v 0.726968 0.061538 -0.617631
v 0.758419 0.051810 -0.389546
v 0.678633 0.247600 -0.628745
v 0.723306 0.241418 -0.590278
v 0.616633 0.163200 -0.472734
v 0.797039 0.328995 -0.408867
v 0.962653 0.033944 -0.335096
v 0.960590 -0.031698 -0.338435
v 0.952212 0.032447 -0.375122
v 0.947182 -0.035478 -0.380656
v 0.977933 0.031113 -0.233599
v 0.976993 -0.031992 -0.230140
v 0.980771 0.032648 -0.197900
v 0.980208 -0.034661 -0.194947
v 0.971973 0.063009 -0.284517
v 0.956231 0.066347 -0.361052
v 0.966080 0.100285 -0.308822
v 0.968534 -0.064208 -0.283823
v 0.957080 -0.068173 -0.370622
v 0.962784 -0.100186 -0.309231
v 0.977630 0.066804 -0.217321
v 0.970203 0.099778 -0.272453
v 0.977020 -0.066623 -0.213725
v 0.969022 -0.100468 -0.270277
v 0.826571 0.212610 0.463103
v 0.866987 0.194812 0.418347
v 0.825110 0.180216 0.474641
v 0.864426 0.162656 0.428936
v 0.823214 0.303615 0.426582
v 0.861732 0.289472 0.381097
v 0.818701 0.332319 0.413413
v 0.856729 0.317235 0.366214
v 0.803358 0.260877 0.468971
v 0.804844 0.200213 0.493090
v 0.783379 0.249784 0.498256
v 0.886538 0.224376 0.380193
v 0.885085 0.167788 0.402241
v 0.903833 0.197257 0.361319
v 0.798479 0.321522 0.443400
v 0.780732 0.279812 0.485990
v 0.878002 0.292001 0.351106
v 0.905081 0.227341 0.348441
v 0.835511 -0.203403 0.445222
v 0.876608 -0.194608 0.401156
v 0.809662 -0.157000 0.454710
v 0.863397 -0.153077 0.399432
v 0.840610 -0.309688 0.413104
v 0.865230 -0.288631 0.365671
v 0.833535 -0.339789 0.398955
v 0.861513 -0.318446 0.353415
v 0.824413 -0.263375 0.448210
v 0.807473 -0.179830 0.485559
v 0.789944 -0.233311 0.481409
v 0.882439 -0.226714 0.360882
v 0.891656 -0.160650 0.383180
v 0.880371 -0.187703 0.337745
v 0.821893 -0.329423 0.426272
v 0.808115 -0.280127 0.462362
v 0.876097 -0.290961 0.336973
v 0.881460 -0.223974 0.330620
v 0.729284 -0.133583 0.611926
v 0.702586 -0.085749 0.632838
v 0.750665 -0.115283 0.594118
v 0.726856 -0.064798 0.610456
v 0.578079 -0.186055 0.417085
v 0.585969 -0.033328 0.581772
v 0.561267 -0.167910 0.526500
v 0.550404 -0.084125 0.602084
v 0.705824 -0.172369 0.607786
v 0.748458 -0.144158 0.581410
v 0.715637 -0.186124 0.570052
v 0.663449 -0.083905 0.670407
v 0.671621 -0.040926 0.590847
v 0.658403 -0.047094 0.664559
v 0.631302 -0.197461 0.597967
v 0.702391 -0.209116 0.591444
v 0.614776 -0.102541 0.677554
v 0.643283 -0.065356 0.689487
v 0.730991 0.154127 0.616694
v 0.712111 0.103669 0.644135
v 0.757546 0.135159 0.600179
v 0.731979 0.083664 0.626153
v 0.618810 0.188642 0.612068
v 0.645521 0.160317 0.691482
v 0.634680 0.225665 0.663947
v 0.622447 0.177563 0.706775
v 0.652373 0.175681 0.559076
v 0.758216 0.165138 0.588711
v 0.714633 0.212728 0.569354
v 0.669136 0.106886 0.677212
v 0.709445 0.064726 0.640097
v 0.673367 0.064701 0.678165
v 0.619783 0.229701 0.598787
v 0.635096 0.217353 0.537689
v 0.612097 0.141063 0.689938
v 0.636423 0.086941 0.678206
v 0.936019 0.033526 0.321640
v 0.936246 -0.031326 0.318628
v 0.910441 0.033444 0.348803
v 0.913336 -0.028005 0.344286
v 0.976756 0.033704 0.231913
v 0.977217 -0.031364 0.229262
v 0.980021 0.033753 0.193630
v 0.981245 -0.034345 0.186996
v 0.964046 0.064400 0.283088
v 0.922718 0.061511 0.341123
v 0.953793 0.098900 0.301258
v 0.966089 -0.073550 0.289745
v 0.918715 -0.066307 0.331104
v 0.949886 -0.105185 0.304341
v 0.976766 0.067086 0.215687
v 0.965319 0.099238 0.270906
v 0.978553 -0.070797 0.208834
v 0.968872 -0.106917 0.282092
v -0.822728 0.209804 -0.444489
v -0.876750 0.195633 -0.419541
v -0.838673 0.182976 -0.466507
v -0.874590 0.161849 -0.428195
v -0.828757 0.310138 -0.422916
v -0.885932 0.296337 -0.395114
v -0.829051 0.338288 -0.415707
v -0.882728 0.328586 -0.382061
v -0.753242 0.252427 -0.420440
v -0.809400 0.201115 -0.475184
v -0.779393 0.250057 -0.471775
v -0.910274 0.236648 -0.396453
v -0.893061 0.164080 -0.408985
v -0.924370 0.206615 -0.382621
v -0.804052 0.327547 -0.435964
v -0.773053 0.281443 -0.461691
v -0.909930 0.303271 -0.366809
v -0.939528 0.247107 -0.376233
v -0.824843 -0.213886 -0.450425
v -0.886182 -0.204306 -0.419327
v -0.825547 -0.181437 -0.463509
v -0.877280 -0.168161 -0.425818
v -0.830608 -0.306227 -0.421666
v -0.889609 -0.298924 -0.399133
v -0.830901 -0.338653 -0.413210
v -0.882821 -0.327359 -0.388776
v -0.810779 -0.264403 -0.457615
v -0.813003 -0.202213 -0.483369
v -0.797502 -0.254660 -0.490447
v -0.908307 -0.235660 -0.396062
v -0.913366 -0.171172 -0.410146
v -0.927349 -0.204258 -0.384056
v -0.795766 -0.321095 -0.425251
v -0.793039 -0.284806 -0.473614
v -0.907975 -0.302735 -0.381859
v -0.926554 -0.236474 -0.371424
v -0.745689 -0.153522 -0.593970
v -0.725613 -0.101146 -0.619812
v -0.767381 -0.133895 -0.580433
v -0.747507 -0.081063 -0.605384
v -0.677853 -0.213508 -0.636916
v -0.659130 -0.160674 -0.661479
v -0.655677 -0.233582 -0.652557
v -0.634845 -0.180753 -0.675243
v -0.722290 -0.207042 -0.597996
v -0.769219 -0.167286 -0.570510
v -0.745252 -0.220303 -0.573548
v -0.683132 -0.100978 -0.650826
v -0.727006 -0.060585 -0.620831
v -0.684530 -0.060506 -0.652221
v -0.676548 -0.247421 -0.627861
v -0.721296 -0.240247 -0.587622
v -0.635926 -0.139709 -0.675907
v -0.662604 -0.080370 -0.668055
v -0.732147 0.154219 -0.548131
v -0.722736 0.098297 -0.606584
v -0.762717 0.134335 -0.557673
v -0.745115 0.079013 -0.602492
v -0.672883 0.212323 -0.615758
v -0.653287 0.160355 -0.645400
v -0.654060 0.233021 -0.648479
v -0.634016 0.178816 -0.671356
v -0.712140 0.206522 -0.550091
v -0.763349 0.167135 -0.565023
v -0.743333 0.219679 -0.569519
v -0.679707 0.100923 -0.637627
v -0.727777 0.060077 -0.623910
v -0.685714 0.060604 -0.651193
v -0.677621 0.247503 -0.625880
v -0.722246 0.240639 -0.585425
v -0.637053 0.140238 -0.681072
v -0.661369 0.080801 -0.664269
v -0.974446 0.037223 -0.336678
v -0.971884 -0.036604 -0.342744
v -0.950446 0.033198 -0.374241
v -0.958277 -0.042173 -0.383274
v -0.985644 0.028174 -0.225559
v -0.986069 -0.032502 -0.225438
v -0.991475 0.028540 -0.185535
v -0.991960 -0.032607 -0.189004
v -0.982232 0.065854 -0.291623
v -0.955696 0.064830 -0.358835
v -0.974072 0.100400 -0.308740
v -0.977580 -0.063816 -0.288262
v -0.968521 -0.067180 -0.374316
v -0.972776 -0.097361 -0.315256
v -0.986323 0.067290 -0.208541
v -0.980343 0.102565 -0.275294
v -0.987291 -0.065205 -0.207081
v -0.976142 -0.098150 -0.272055
v -0.831820 0.215437 0.470135
v -0.877200 0.197697 0.422284
v -0.830371 0.181192 0.480053
v -0.872359 0.163147 0.433603
v -0.829066 0.306366 0.432702
v -0.870967 0.287225 0.386085
v -0.824208 0.336118 0.418618
v -0.862847 0.319537 0.370515
v -0.814324 0.263960 0.475358
v -0.808257 0.203043 0.498275
v -0.797377 0.250925 0.505499
v -0.894398 0.229356 0.381653
v -0.892566 0.166307 0.405560
v -0.912086 0.200279 0.364587
v -0.811173 0.326655 0.448939
v -0.799116 0.283393 0.493693
v -0.888198 0.289556 0.355074
v -0.912932 0.230944 0.352203
v -0.804353 -0.183221 0.441361
v -0.635613 -0.156762 0.357170
v -0.818759 -0.157519 0.465712
v -0.794430 -0.111810 0.393418
v -0.848660 -0.319089 0.413963
v -0.882144 -0.295997 0.369784
v -0.841783 -0.345769 0.403007
v -0.874839 -0.327090 0.357657
v -0.802514 -0.246227 0.441240
v -0.792081 -0.174270 0.480328
v -0.767567 -0.216728 0.479506
v -0.898901 -0.230623 0.358969
v -0.819848 -0.110815 0.343012
v -0.905845 -0.190400 0.343551
v -0.828040 -0.338253 0.429835
v -0.790053 -0.268343 0.464070
v -0.895917 -0.297271 0.342453
v -0.917630 -0.236817 0.337560
v -0.725694 -0.132139 0.606096
v -0.697013 -0.078637 0.622561
v -0.748191 -0.115345 0.591766
v -0.712444 -0.060331 0.586697
v -0.656427 -0.185562 0.650480
v -0.641537 -0.137394 0.685452
v -0.637282 -0.205420 0.670908
v -0.619751 -0.155822 0.701215
v -0.701644 -0.180622 0.609727
v -0.750121 -0.146110 0.582850
v -0.727033 -0.194328 0.585929
v -0.668992 -0.083723 0.675690
v -0.636786 -0.056359 0.543032
v -0.667704 -0.043140 0.664152
v -0.656336 -0.216190 0.640284
v -0.701337 -0.211062 0.598451
v -0.623522 -0.120652 0.708062
v -0.647317 -0.065730 0.691403
v -0.731951 0.151282 0.613927
v -0.713294 0.102078 0.645361
v -0.747820 0.131413 0.592735
v -0.734807 0.084822 0.627877
v -0.663292 0.209276 0.661469
v -0.648100 0.159874 0.693788
v -0.633108 0.223089 0.662179
v -0.624128 0.177758 0.707177
v -0.708238 0.203737 0.620416
v -0.755888 0.165225 0.588556
v -0.732212 0.214743 0.593231
v -0.671779 0.103557 0.679893
v -0.707209 0.071551 0.632996
v -0.670889 0.065432 0.678012
v -0.640216 0.218367 0.610836
v -0.705379 0.231001 0.605279
v -0.627951 0.142322 0.713293
v -0.651159 0.084344 0.697673
v -0.946084 0.034149 0.324228
v -0.938592 -0.032918 0.322009
v -0.921920 0.033636 0.353860
v -0.912955 -0.030120 0.347233
v -0.986654 0.036001 0.233607
v -0.984267 -0.033337 0.232740
v -0.990867 0.035789 0.189524
v -0.989095 -0.033064 0.192752
v -0.977247 0.068158 0.288837
v -0.934459 0.066081 0.343650
v -0.963605 0.095835 0.304944
v -0.966038 -0.068980 0.290041
v -0.922998 -0.063547 0.334056
v -0.952667 -0.099525 0.305694
v -0.987378 0.068595 0.217206
v -0.978426 0.096405 0.278067
v -0.985691 -0.068347 0.217284
v -0.975694 -0.102419 0.281183
v -0.152976 0.901310 0.190610
v -0.097038 0.884582 0.218583
v -0.132131 0.909297 0.156351
v -0.078028 0.900953 0.190409
v -0.210442 0.865392 0.280200
v -0.157222 0.860029 0.311668
v -0.227689 0.850441 0.308171
v -0.174125 0.842533 0.338582
v -0.207552 0.883935 0.221250
v -0.166943 0.903300 0.157047
v -0.221367 0.888787 0.190770
v -0.231145 0.821754 0.274208
v -0.229040 0.836330 0.212374
v -0.099665 0.860410 0.276683
v -0.059487 0.885323 0.219058
v -0.058955 0.865217 0.278512
v -0.139142 0.850533 0.342240
v -0.080274 0.859180 0.311157
v -0.151180 0.894887 -0.194857
v -0.097735 0.887862 -0.229532
v -0.133527 0.906855 -0.163674
v -0.078607 0.895931 -0.197078
v -0.211571 0.873678 -0.295968
v -0.155811 0.865092 -0.325792
v -0.230512 0.867158 -0.323770
v -0.175207 0.857107 -0.354057
v -0.201173 0.874232 -0.224184
v -0.166607 0.906843 -0.163714
v -0.217080 0.880255 -0.193580
v -0.246558 0.868256 -0.294950
v -0.237938 0.863482 -0.225849
v -0.098336 0.877098 -0.296908
v -0.059421 0.891938 -0.231518
v -0.059476 0.876532 -0.297644
v -0.135480 0.833747 -0.353751
v -0.075006 0.839887 -0.320449
v 0.150509 0.866036 0.185348
v 0.144117 0.702066 0.241781
v 0.132268 0.845456 0.149004
v 0.313968 0.631549 0.210301
v 0.210344 0.869437 0.283681
v 0.155835 0.859337 0.310721
v 0.226735 0.847512 0.308330
v 0.172937 0.839522 0.336931
v 0.204232 0.881464 0.218936
v 0.165015 0.899796 0.158300
v 0.218593 0.886012 0.189170
v 0.243392 0.857937 0.281625
v 0.238535 0.875261 0.220157
v 0.096030 0.860555 0.279939
v 0.045830 0.656594 0.292695
v 0.059183 0.864808 0.279288
v 0.135826 0.845068 0.340044
v 0.078449 0.858070 0.311752
v 0.086623 0.719714 -0.161604
v 0.097768 0.888523 -0.233378
v 0.124441 0.855144 -0.158477
v 0.079473 0.897009 -0.199153
v 0.208288 0.869468 -0.293702
v 0.156014 0.866856 -0.323326
v 0.227216 0.857636 -0.321787
v 0.173860 0.849894 -0.349299
v 0.227677 0.716145 -0.261452
v 0.131094 0.758768 -0.120434
v 0.264822 0.718434 -0.181134
v 0.243491 0.867047 -0.293651
v 0.238805 0.833612 -0.233289
v 0.098617 0.878163 -0.295254
v 0.059440 0.895984 -0.233807
v 0.059018 0.880922 -0.295931
v 0.136995 0.855616 -0.351987
v 0.080147 0.869958 -0.325629
v -0.524834 0.692795 0.400940
v -0.515119 0.647000 0.440444
v -0.496577 0.708948 0.411817
v -0.487425 0.667331 0.454309
v -0.614759 0.635571 0.365160
v -0.587694 0.579078 0.394350
v -0.645269 0.615916 0.352725
v -0.553884 0.520549 0.344487
v -0.568370 0.676363 0.357546
v -0.502992 0.706204 0.375925
v -0.545059 0.689972 0.335335
v -0.633060 0.642123 0.336106
v -0.580402 0.678200 0.326796
v -0.560407 0.600503 0.447423
v -0.487787 0.623631 0.461516
v -0.510856 0.562941 0.446260
v -0.592017 0.539141 0.407202
v -0.567794 0.566901 0.461439
v -0.058871 0.777318 0.514443
v -0.058294 0.802281 0.461666
v -0.095726 0.772149 0.510793
v -0.094522 0.795147 0.458068
v 0.060941 0.780780 0.516900
v 0.059256 0.799271 0.458641
v 0.098249 0.766482 0.508821
v 0.086686 0.753679 0.436861
v -0.001259 0.767277 0.541851
v -0.078836 0.764154 0.538525
v -0.020336 0.749760 0.561534
v 0.079859 0.766184 0.540953
v 0.019089 0.750553 0.562581
v -0.000213 0.819152 0.434704
v -0.078544 0.815850 0.434943
v -0.019473 0.832877 0.406792
v 0.078260 0.807910 0.432391
v 0.019781 0.833005 0.406344
v -0.371766 0.598894 0.634468
v -0.423499 0.589622 0.592690
v -0.355980 0.617987 0.605064
v -0.411006 0.626166 0.574244
v -0.406931 0.510763 0.683161
v -0.431276 0.476179 0.606590
v -0.418440 0.480221 0.702717
v -0.466682 0.472092 0.661883
v -0.366744 0.556879 0.674201
v -0.341216 0.613773 0.638864
v -0.335305 0.570623 0.677662
v -0.388542 0.494956 0.707781
v -0.347330 0.539998 0.695032
v -0.445532 0.519257 0.567101
v -0.450160 0.611811 0.569384
v -0.492138 0.563010 0.575772
v -0.486161 0.478391 0.629308
v -0.496125 0.529563 0.582627
v -0.525981 0.703154 -0.404598
v -0.529476 0.666984 -0.442966
v -0.493034 0.719009 -0.412914
v -0.493333 0.681741 -0.439197
v -0.612095 0.639021 -0.362176
v -0.610946 0.602039 -0.407114
v -0.643648 0.618872 -0.354199
v -0.648053 0.587942 -0.401392
v -0.577171 0.691120 -0.365779
v -0.506007 0.721884 -0.387100
v -0.552433 0.699346 -0.345805
v -0.629223 0.643225 -0.338535
v -0.587361 0.687045 -0.336569
v -0.567144 0.615486 -0.446498
v -0.509577 0.614455 -0.401541
v -0.558843 0.610218 -0.475389
v -0.625875 0.575267 -0.424267
v -0.582183 0.588841 -0.464550
v -0.057914 0.795710 -0.514125
v -0.058355 0.817533 -0.459993
v -0.095255 0.789835 -0.508704
v -0.098018 0.817569 -0.459114
v 0.057734 0.788039 -0.506478
v 0.059154 0.818942 -0.461325
v 0.094746 0.787652 -0.504520
v 0.096087 0.817339 -0.460348
v -0.000970 0.780251 -0.531236
v -0.077357 0.780122 -0.533118
v -0.020857 0.768397 -0.552602
v 0.076073 0.775267 -0.527723
v 0.019028 0.767129 -0.552015
v -0.000800 0.832871 -0.435287
v -0.079573 0.806520 -0.423999
v -0.018125 0.822623 -0.402441
v 0.078913 0.834090 -0.438988
v 0.017085 0.847554 -0.413206
v -0.372882 0.614230 -0.603955
v -0.430850 0.616860 -0.577866
v -0.353801 0.636550 -0.580934
v -0.415597 0.643408 -0.558104
v -0.414867 0.531648 -0.657453
v -0.469219 0.529274 -0.624367
v -0.426651 0.500965 -0.672680
v -0.480348 0.497443 -0.638350
v -0.370104 0.574898 -0.646203
v -0.342234 0.629643 -0.609771
v -0.338391 0.588840 -0.649895
v -0.395638 0.516623 -0.681624
v -0.351061 0.559711 -0.667187
v -0.479094 0.574793 -0.585927
v -0.445353 0.617292 -0.533554
v -0.499974 0.586007 -0.558610
v -0.503601 0.512153 -0.615395
v -0.514898 0.558067 -0.578771
v -0.811924 0.528246 -0.054414
v -0.849923 0.476188 -0.056863
v -0.807313 0.526537 -0.102726
v -0.848753 0.473629 -0.104418
v -0.799641 0.517875 0.056382
v -0.838373 0.472196 0.057502
v -0.800009 0.518526 0.094130
v -0.840228 0.471462 0.096612
v -0.788058 0.543607 0.000518
v -0.788538 0.547284 -0.078894
v -0.779316 0.570219 -0.018940
v -0.781629 0.539352 0.075957
v -0.769503 0.563745 0.019600
v -0.862082 0.446081 0.000318
v -0.870165 0.445420 -0.084221
v -0.883931 0.418016 -0.019968
v -0.859737 0.449573 0.080351
v -0.883397 0.418609 0.018853
v -0.722791 0.410854 -0.504102
v -0.689943 0.462037 -0.498940
v -0.726997 0.414175 -0.466549
v -0.699023 0.469673 -0.466909
v -0.671526 0.376559 -0.571276
v -0.648083 0.322034 -0.352175
v -0.651344 0.366110 -0.596136
v -0.616305 0.403454 -0.498309
v -0.711879 0.371968 -0.544543
v -0.737990 0.387638 -0.483630
v -0.732894 0.349792 -0.527957
v -0.672390 0.347592 -0.598484
v -0.712509 0.337917 -0.553708
v -0.631105 0.474508 -0.510046
v -0.671784 0.493556 -0.479349
v -0.626903 0.508236 -0.523380
v -0.591822 0.445748 -0.483825
v -0.609116 0.498634 -0.537877
v -0.941841 0.301305 -0.219049
v -0.932316 0.329644 -0.161151
v -0.925837 0.333794 -0.241432
v -0.914086 0.359659 -0.181771
v -0.978779 0.201290 -0.157733
v -0.975602 0.241290 -0.106614
v -0.988177 0.162957 -0.140436
v -0.982028 0.202870 -0.085076
v -0.966508 0.236751 -0.215107
v -0.938012 0.305638 -0.257524
v -0.964866 0.238698 -0.251288
v -0.984526 0.165427 -0.171308
v -0.974016 0.203987 -0.232043
v -0.954471 0.298320 -0.104077
v -0.916016 0.360108 -0.141541
v -0.937996 0.330326 -0.081738
v -0.974820 0.238632 -0.065252
v -0.952397 0.300692 -0.062665
v -0.693581 0.392001 0.501067
v -0.646660 0.423230 0.483413
v -0.718211 0.407436 0.476540
v -0.677933 0.446277 0.468813
v -0.661193 0.367905 0.605667
v -0.615547 0.410263 0.591947
v -0.637304 0.353795 0.627213
v -0.596501 0.399834 0.620988
v -0.665562 0.339494 0.527496
v -0.726227 0.381238 0.495317
v -0.682614 0.332156 0.519856
v -0.656901 0.334572 0.601085
v -0.669753 0.323239 0.539408
v -0.632286 0.456867 0.548574
v -0.658456 0.471259 0.485679
v -0.630089 0.493611 0.538950
v -0.578052 0.426876 0.597348
v -0.599429 0.475141 0.561990
v -0.939020 0.295276 0.218106
v -0.933319 0.327705 0.157982
v -0.917752 0.325183 0.234186
v -0.910735 0.356699 0.177748
v -0.976299 0.201431 0.158527
v -0.972748 0.237089 0.105656
v -0.983931 0.167382 0.138922
v -0.982976 0.201946 0.088317
v -0.959550 0.236956 0.219001
v -0.932341 0.292293 0.251951
v -0.953672 0.238040 0.254098
v -0.981986 0.166924 0.175718
v -0.966773 0.202364 0.232051
v -0.950559 0.302381 0.105940
v -0.917823 0.357329 0.139662
v -0.936415 0.331697 0.083577
v -0.974182 0.239104 0.068213
v -0.950657 0.302689 0.062943
v 0.523248 0.689204 0.398084
v 0.499813 0.622578 0.421297
v 0.492033 0.707839 0.409610
v 0.490263 0.670953 0.457122
v 0.620515 0.638938 0.367635
v 0.612236 0.594221 0.408136
v 0.649124 0.621945 0.354557
v 0.639268 0.576953 0.399828
v 0.569846 0.680262 0.359094
v 0.507837 0.716162 0.382571
v 0.554911 0.703380 0.342094
v 0.629684 0.637135 0.333988
v 0.585217 0.683824 0.328907
v 0.540914 0.556895 0.412579
v 0.501931 0.642136 0.475718
v 0.537358 0.582417 0.473698
v 0.630876 0.572069 0.433712
v 0.581446 0.575143 0.473035
v 0.374318 0.600267 0.629516
v 0.425180 0.597023 0.596766
v 0.361049 0.629940 0.609760
v 0.412219 0.625684 0.578054
v 0.407263 0.508042 0.682332
v 0.461475 0.509599 0.651591
v 0.416531 0.474869 0.699480
v 0.470284 0.475407 0.665317
v 0.364098 0.554311 0.671750
v 0.339254 0.612196 0.631408
v 0.331586 0.568749 0.678981
v 0.385707 0.490703 0.705801
v 0.343564 0.539386 0.696139
v 0.463146 0.542599 0.596475
v 0.439183 0.599887 0.559565
v 0.445169 0.507470 0.528516
v 0.493202 0.490557 0.641605
v 0.494495 0.518704 0.580554
v 0.523956 0.700434 -0.404973
v 0.520949 0.666289 -0.442089
v 0.491312 0.716432 -0.412613
v 0.490963 0.683577 -0.454029
v 0.615572 0.638225 -0.368189
v 0.617716 0.610111 -0.412812
v 0.637564 0.610852 -0.353349
v 0.643814 0.586442 -0.400131
v 0.576076 0.683202 -0.364589
v 0.505366 0.723888 -0.389175
v 0.552318 0.702838 -0.344018
v 0.617937 0.625723 -0.334837
v 0.576812 0.671458 -0.329777
v 0.570343 0.622277 -0.451181
v 0.505577 0.657956 -0.472096
v 0.551821 0.612524 -0.478305
v 0.637481 0.585529 -0.430844
v 0.584179 0.594007 -0.467302
v 0.372635 0.610136 -0.580622
v 0.373728 0.614879 -0.399550
v 0.360472 0.646567 -0.588394
v 0.417867 0.636515 -0.532722
v 0.416931 0.531703 -0.645614
v 0.469305 0.525544 -0.595243
v 0.427478 0.500056 -0.669169
v 0.482016 0.500927 -0.638651
v 0.372560 0.579083 -0.640443
v 0.344045 0.634651 -0.613812
v 0.340445 0.592996 -0.652315
v 0.398127 0.515352 -0.676490
v 0.354094 0.564818 -0.667843
v 0.481699 0.529371 -0.452677
v 0.447278 0.617858 -0.499388
v 0.496418 0.578188 -0.518512
v 0.505039 0.513220 -0.616720
v 0.515508 0.547478 -0.560176
v 0.810988 0.524483 -0.059123
v 0.842829 0.471417 -0.058909
v 0.806953 0.523208 -0.097332
v 0.841315 0.470676 -0.097572
v 0.779293 0.504279 0.057776
v 0.823712 0.465721 0.058559
v 0.786459 0.509371 0.094388
v 0.822537 0.463969 0.095182
v 0.781965 0.538224 0.002307
v 0.797545 0.549123 -0.079781
v 0.765506 0.559011 -0.017464
v 0.774729 0.534108 0.077876
v 0.763922 0.557796 0.021972
v 0.858262 0.443471 -0.000716
v 0.858951 0.442672 -0.078926
v 0.877547 0.415037 -0.021757
v 0.848384 0.443195 0.078211
v 0.878544 0.416901 0.017364
v 0.702559 0.401830 -0.475308
v 0.689834 0.461916 -0.500913
v 0.737395 0.419151 -0.472975
v 0.708426 0.473473 -0.475669
v 0.671067 0.379257 -0.585118
v 0.633474 0.431274 -0.580678
v 0.650270 0.366431 -0.608974
v 0.615043 0.420326 -0.604602
v 0.697609 0.363043 -0.518019
v 0.733020 0.385809 -0.466305
v 0.724749 0.343500 -0.505384
v 0.674509 0.346987 -0.597489
v 0.716799 0.337299 -0.551942
v 0.638123 0.472350 -0.536593
v 0.677162 0.498597 -0.486271
v 0.626009 0.503730 -0.519124
v 0.604043 0.453365 -0.591388
v 0.608455 0.493997 -0.548053
v 0.933591 0.295334 -0.221844
v 0.922505 0.328169 -0.161822
v 0.917860 0.326200 -0.242244
v 0.906596 0.356306 -0.179393
v 0.970642 0.195781 -0.161101
v 0.964096 0.230647 -0.100814
v 0.976438 0.164747 -0.138030
v 0.972700 0.197497 -0.080984
v 0.956124 0.232326 -0.216960
v 0.932666 0.295812 -0.261964
v 0.953162 0.236498 -0.251377
v 0.973424 0.166253 -0.173690
v 0.962191 0.202041 -0.229387
v 0.940857 0.298485 -0.100136
v 0.907455 0.357709 -0.140705
v 0.926457 0.330812 -0.078581
v 0.965755 0.232103 -0.060091
v 0.943259 0.298551 -0.055270
v 0.707936 0.395981 0.508876
v 0.656355 0.432172 0.490572
v 0.719064 0.403742 0.476341
v 0.686458 0.448810 0.467251
v 0.601601 0.329865 0.542796
v 0.613099 0.409198 0.588720
v 0.618340 0.343077 0.611040
v 0.594594 0.398200 0.619431
v 0.687279 0.353933 0.544724
v 0.723015 0.374562 0.488860
v 0.718492 0.339391 0.536568
v 0.640509 0.325872 0.596023
v 0.697213 0.327851 0.563184
v 0.612579 0.444200 0.535691
v 0.638240 0.461201 0.466233
v 0.603897 0.476937 0.520292
v 0.587611 0.432136 0.605614
v 0.601877 0.478832 0.564000
v 0.927816 0.292774 0.218736
v 0.921742 0.322655 0.161031
v 0.912680 0.318738 0.234385
v 0.905906 0.351167 0.178286
v 0.967230 0.198533 0.157404
v 0.963128 0.232677 0.103550
v 0.975291 0.164789 0.136926
v 0.972505 0.199672 0.084467
v 0.951327 0.233848 0.217566
v 0.920457 0.293436 0.247428
v 0.944185 0.234055 0.245890
v 0.972407 0.165937 0.172776
v 0.956735 0.201101 0.228341
v 0.940495 0.295040 0.102859
v 0.908330 0.353469 0.140316
v 0.928400 0.326773 0.082846
v 0.964864 0.233466 0.063098
v 0.943344 0.296597 0.062757
v -0.171291 -0.834195 0.138820
v -0.075349 -0.832434 0.121477
v -0.327105 -0.640011 0.078874
v -0.028595 -0.699443 0.015562
v -0.212962 -0.896184 0.253564
v -0.164695 -0.891239 0.275195
v -0.231068 -0.882847 0.277690
v -0.180858 -0.878379 0.301319
v -0.208105 -0.908488 0.201224
v -0.179048 -0.867989 0.127917
v -0.221292 -0.907797 0.174603
v -0.246629 -0.887977 0.253062
v -0.241767 -0.902290 0.202046
v -0.097475 -0.895952 0.238921
v -0.046824 -0.880336 0.165409
v -0.054672 -0.903784 0.244648
v -0.147196 -0.881357 0.299006
v -0.075741 -0.893972 0.269263
v -0.153652 -0.910587 -0.182024
v -0.099264 -0.904769 -0.211292
v -0.134279 -0.920291 -0.152618
v -0.078680 -0.913739 -0.181692
v -0.211579 -0.876540 -0.273211
v -0.156531 -0.865540 -0.302243
v -0.229529 -0.863793 -0.303431
v -0.176541 -0.855081 -0.333142
v -0.207180 -0.896103 -0.213517
v -0.166669 -0.913080 -0.152272
v -0.219606 -0.895534 -0.183253
v -0.245237 -0.871994 -0.274127
v -0.240976 -0.888856 -0.214657
v -0.098872 -0.879216 -0.271727
v -0.060082 -0.906649 -0.212065
v -0.060054 -0.883000 -0.272828
v -0.138504 -0.857673 -0.334023
v -0.079114 -0.868193 -0.302722
v 0.158111 -0.919895 0.173261
v 0.100193 -0.917480 0.195267
v 0.136620 -0.924459 0.145757
v 0.077196 -0.925770 0.168514
v 0.208616 -0.894183 0.252196
v 0.161895 -0.890653 0.276031
v 0.226141 -0.882088 0.276268
v 0.177809 -0.880467 0.301970
v 0.201360 -0.905051 0.198257
v 0.165388 -0.894251 0.138564
v 0.205569 -0.865963 0.147400
v 0.244431 -0.884598 0.250453
v 0.235593 -0.890518 0.192464
v 0.101923 -0.899751 0.245342
v 0.056969 -0.919963 0.194413
v 0.053343 -0.902914 0.245744
v 0.144196 -0.880395 0.299200
v 0.078390 -0.891186 0.270968
v 0.151357 -0.912399 -0.182072
v 0.101296 -0.909848 -0.211524
v 0.132004 -0.920709 -0.151579
v 0.080558 -0.917575 -0.180787
v 0.209691 -0.873633 -0.274345
v 0.154536 -0.858577 -0.300314
v 0.231258 -0.861101 -0.307425
v 0.173742 -0.840011 -0.327691
v 0.204468 -0.898044 -0.212340
v 0.166071 -0.917210 -0.151726
v 0.220065 -0.901914 -0.182355
v 0.247929 -0.869923 -0.278852
v 0.241145 -0.890318 -0.213114
v 0.100846 -0.883827 -0.274720
v 0.059828 -0.909300 -0.211061
v 0.059781 -0.885653 -0.274417
v 0.136591 -0.829703 -0.321451
v 0.082588 -0.871967 -0.307627
v -0.529495 -0.717138 0.348403
v -0.538380 -0.681389 0.357038
v -0.496592 -0.735174 0.360770
v -0.494224 -0.704183 0.378475
v -0.655986 -0.644777 0.328849
v -0.678477 -0.604645 0.396355
v -0.700569 -0.615488 0.337279
v -0.701306 -0.588379 0.390492
v -0.582199 -0.700113 0.311460
v -0.510422 -0.737786 0.333985
v -0.559899 -0.721809 0.297350
v -0.658566 -0.654663 0.294410
v -0.596199 -0.703564 0.287752
v -0.649186 -0.607375 0.416969
v -0.510676 -0.650713 0.284491
v -0.677030 -0.552993 0.406066
v -0.688872 -0.580501 0.417614
v -0.655912 -0.583181 0.448624
v -0.051714 -0.813201 0.446832
v -0.049513 -0.838697 0.393871
v -0.098958 -0.807849 0.440539
v -0.099382 -0.833913 0.391159
v 0.057673 -0.813314 0.448353
v 0.056595 -0.837289 0.397928
v 0.098618 -0.810508 0.446638
v 0.098095 -0.834857 0.397757
v 0.001554 -0.802561 0.462638
v -0.077043 -0.788464 0.444367
v -0.013614 -0.750968 0.417352
v 0.078024 -0.797040 0.460399
v 0.021339 -0.754619 0.424885
v 0.001242 -0.855089 0.379841
v -0.074714 -0.849226 0.366834
v -0.016134 -0.866593 0.352493
v 0.077817 -0.848197 0.372870
v 0.018280 -0.865435 0.352311
v -0.367263 -0.555759 0.618158
v -0.416668 -0.550160 0.583827
v -0.352782 -0.579219 0.596234
v -0.403893 -0.571606 0.563231
v -0.401384 -0.468614 0.668897
v -0.453923 -0.465093 0.636656
v -0.410419 -0.433138 0.680034
v -0.464407 -0.434813 0.650557
v -0.359073 -0.513006 0.658277
v -0.333430 -0.568453 0.621051
v -0.327286 -0.524376 0.659643
v -0.382039 -0.455535 0.694268
v -0.339689 -0.498172 0.680091
v -0.462115 -0.503648 0.592171
v -0.431133 -0.551915 0.551680
v -0.482036 -0.510488 0.563666
v -0.487129 -0.448349 0.628386
v -0.494038 -0.484310 0.580903
v -0.525175 -0.694083 -0.396447
v -0.525246 -0.662021 -0.443286
v -0.493083 -0.713023 -0.408078
v -0.494684 -0.680091 -0.453821
v -0.597818 -0.617803 -0.349329
v -0.604500 -0.593238 -0.397719
v -0.604318 -0.583067 -0.333033
v -0.629824 -0.571585 -0.385783
v -0.576640 -0.685684 -0.359262
v -0.508142 -0.717894 -0.378153
v -0.557708 -0.707902 -0.338752
v -0.620565 -0.632041 -0.328015
v -0.588941 -0.689677 -0.328828
v -0.575101 -0.620183 -0.452112
v -0.510106 -0.655231 -0.472364
v -0.546959 -0.596324 -0.447966
v -0.629882 -0.575354 -0.426830
v -0.590734 -0.593613 -0.468773
v -0.057055 -0.785218 -0.506984
v -0.058745 -0.806016 -0.452298
v -0.097997 -0.783186 -0.506011
v -0.097665 -0.808213 -0.453501
v 0.057935 -0.786736 -0.510083
v 0.058879 -0.808930 -0.454553
v 0.095768 -0.781530 -0.505271
v 0.096615 -0.807272 -0.453540
v 0.001564 -0.760394 -0.516459
v -0.077738 -0.766368 -0.525751
v -0.013650 -0.653838 -0.427222
v 0.078400 -0.773380 -0.532210
v 0.026699 -0.710454 -0.486012
v -0.002488 -0.806264 -0.422443
v -0.078931 -0.819768 -0.425110
v -0.020829 -0.830164 -0.395100
v 0.078649 -0.816904 -0.424470
v 0.020712 -0.829396 -0.394788
v -0.376806 -0.614853 -0.612077
v -0.431001 -0.609249 -0.575103
v -0.361809 -0.640021 -0.592195
v -0.412810 -0.612092 -0.526708
v -0.413559 -0.526453 -0.655239
v -0.469585 -0.529364 -0.626185
v -0.425077 -0.496341 -0.670553
v -0.480494 -0.496622 -0.638740
v -0.369545 -0.571425 -0.647726
v -0.344461 -0.628673 -0.617039
v -0.338401 -0.587011 -0.654500
v -0.393390 -0.510565 -0.676869
v -0.350271 -0.555903 -0.667524
v -0.478766 -0.569777 -0.587890
v -0.444707 -0.607946 -0.533390
v -0.495597 -0.575139 -0.550711
v -0.505987 -0.512636 -0.618469
v -0.513360 -0.551409 -0.575924
v -0.822436 -0.539737 -0.057673
v -0.860446 -0.497207 -0.062282
v -0.820075 -0.536635 -0.096595
v -0.859908 -0.492450 -0.102757
v -0.824840 -0.540078 0.056944
v -0.865599 -0.496178 0.061162
v -0.812593 -0.528646 0.088517
v -0.851933 -0.489495 0.100001
v -0.806911 -0.561400 -0.000335
v -0.802006 -0.557964 -0.077004
v -0.788866 -0.581120 -0.018427
v -0.795823 -0.555550 0.071819
v -0.786898 -0.581992 0.018554
v -0.890025 -0.467658 0.003887
v -0.883911 -0.465335 -0.085659
v -0.915276 -0.434148 -0.019124
v -0.851263 -0.451101 0.088818
v -0.914505 -0.436668 0.025937
v -0.717030 -0.409116 -0.502649
v -0.692107 -0.464297 -0.505391
v -0.728594 -0.417091 -0.470999
v -0.699839 -0.468492 -0.469759
v -0.665235 -0.377037 -0.581443
v -0.632179 -0.429977 -0.578712
v -0.647289 -0.365515 -0.608191
v -0.614625 -0.418986 -0.602341
v -0.708938 -0.369137 -0.543178
v -0.736868 -0.386244 -0.485171
v -0.736760 -0.351320 -0.531712
v -0.671057 -0.345943 -0.595730
v -0.714669 -0.338313 -0.555584
v -0.645730 -0.474955 -0.540713
v -0.679586 -0.495901 -0.487677
v -0.633278 -0.506675 -0.525182
v -0.604816 -0.452334 -0.591250
v -0.612164 -0.494394 -0.549280
v -0.959504 -0.307724 -0.220394
v -0.955208 -0.340459 -0.167318
v -0.942254 -0.337625 -0.237962
v -0.937726 -0.370714 -0.184018
v -0.982527 -0.199048 -0.157118
v -0.981786 -0.234233 -0.102171
v -0.989256 -0.163871 -0.137550
v -0.988335 -0.198988 -0.081694
v -0.970411 -0.238837 -0.214123
v -0.953241 -0.307514 -0.254399
v -0.964463 -0.239685 -0.249789
v -0.987190 -0.161846 -0.172010
v -0.972330 -0.202931 -0.227604
v -0.967725 -0.307660 -0.107723
v -0.941491 -0.372942 -0.146836
v -0.956627 -0.343313 -0.088545
v -0.985971 -0.232186 -0.060681
v -0.967900 -0.306612 -0.063792
v -0.752447 -0.396203 0.481271
v -0.731511 -0.456330 0.470464
v -0.769113 -0.416481 0.460980
v -0.741607 -0.475306 0.452838
v -0.648758 -0.327567 0.588146
v -0.606052 -0.373186 0.585227
v -0.626462 -0.319489 0.617049
v -0.587661 -0.365290 0.612349
v -0.668097 -0.299848 0.513165
v -0.771566 -0.385484 0.472477
v -0.710314 -0.300085 0.513966
v -0.655878 -0.303516 0.607235
v -0.690703 -0.290421 0.550683
v -0.625510 -0.400866 0.506634
v -0.720375 -0.496938 0.462462
v -0.646198 -0.454316 0.486347
v -0.577492 -0.393211 0.596169
v -0.587615 -0.422225 0.534735
v -0.837610 -0.258948 0.174251
v -0.945822 -0.326066 0.167182
v -0.842195 -0.314999 0.218936
v -0.951008 -0.374982 0.185292
v -0.978009 -0.200734 0.158973
v -0.976430 -0.233807 0.105658
v -0.983101 -0.166312 0.137887
v -0.982514 -0.199714 0.082382
v -0.953484 -0.228250 0.212891
v -0.739052 -0.200144 0.172747
v -0.915781 -0.219605 0.249214
v -0.986216 -0.167196 0.175636
v -0.989111 -0.219992 0.240050
v -0.933313 -0.283717 0.103400
v -0.924409 -0.359417 0.135530
v -0.944760 -0.338136 0.089101
v -0.983712 -0.236503 0.064302
v -0.971076 -0.308124 0.066129
v 0.533192 -0.715685 0.347989
v 0.543033 -0.679706 0.363275
v 0.496470 -0.729550 0.355295
v 0.496429 -0.699685 0.380979
v 0.656089 -0.639701 0.331181
v 0.675256 -0.602869 0.390663
v 0.694899 -0.616328 0.336322
v 0.700335 -0.586033 0.386192
v 0.580761 -0.698388 0.311196
v 0.515474 -0.739357 0.335140
v 0.561075 -0.722980 0.297410
v 0.661217 -0.647287 0.302747
v 0.593133 -0.701382 0.285795
v 0.647231 -0.608125 0.417440
v 0.521638 -0.661711 0.277757
v 0.681227 -0.560652 0.411105
v 0.690481 -0.576804 0.415597
v 0.656708 -0.581367 0.452329
v 0.364403 -0.554576 0.615687
v 0.416905 -0.545609 0.583025
v 0.350011 -0.582074 0.597795
v 0.397604 -0.559037 0.554574
v 0.400247 -0.469568 0.671733
v 0.451105 -0.464325 0.634625
v 0.411262 -0.441235 0.688359
v 0.460726 -0.433437 0.651088
v 0.357814 -0.512150 0.658957
v 0.333898 -0.575508 0.623183
v 0.326622 -0.523292 0.660637
v 0.382083 -0.456015 0.693322
v 0.336854 -0.488587 0.672006
v 0.458114 -0.498962 0.588101
v 0.431484 -0.542170 0.552223
v 0.465498 -0.478812 0.544437
v 0.482831 -0.445775 0.623248
v 0.481604 -0.462772 0.565095
v 0.528360 -0.697209 -0.397475
v 0.523537 -0.663342 -0.444151
v 0.490702 -0.708918 -0.406050
v 0.490310 -0.675928 -0.451879
v 0.614991 -0.635711 -0.361368
v 0.627289 -0.613621 -0.416775
v 0.643697 -0.616061 -0.350009
v 0.649586 -0.589719 -0.401772
v 0.570138 -0.679401 -0.354538
v 0.509230 -0.717984 -0.377642
v 0.555570 -0.703925 -0.337883
v 0.623780 -0.634927 -0.329363
v 0.580534 -0.679408 -0.323656
v 0.580307 -0.621687 -0.456365
v 0.501222 -0.646346 -0.460189
v 0.561374 -0.613019 -0.481560
v 0.640071 -0.584583 -0.435938
v 0.598417 -0.595820 -0.475653
v 0.374380 -0.608818 -0.603036
v 0.418231 -0.594087 -0.550525
v 0.365352 -0.642021 -0.596194
v 0.406894 -0.626982 -0.540603
v 0.414622 -0.529949 -0.660062
v 0.468609 -0.525728 -0.626261
v 0.427442 -0.500333 -0.673832
v 0.481220 -0.497641 -0.641648
v 0.370917 -0.569255 -0.646372
v 0.350334 -0.629798 -0.616473
v 0.342307 -0.583711 -0.652329
v 0.394847 -0.513364 -0.680057
v 0.352891 -0.554668 -0.669031
v 0.472128 -0.562590 -0.579988
v 0.408651 -0.584964 -0.465766
v 0.485880 -0.566298 -0.538686
v 0.503126 -0.508036 -0.614694
v 0.505625 -0.536909 -0.556501
v 0.816574 -0.537342 -0.059040
v 0.863055 -0.486707 -0.057004
v 0.812872 -0.536813 -0.096119
v 0.859229 -0.484897 -0.097917
v 0.828273 -0.534862 0.065013
v 0.860658 -0.490341 0.060344
v 0.690579 -0.447821 0.035795
v 0.843846 -0.484538 0.098092
v 0.801149 -0.563013 -0.005596
v 0.794636 -0.555764 -0.077349
v 0.774345 -0.578105 -0.025262
v 0.794543 -0.560707 0.074129
v 0.783848 -0.583653 0.016689
v 0.883632 -0.461476 -0.001576
v 0.882778 -0.456665 -0.079136
v 0.901579 -0.432927 -0.021507
v 0.876874 -0.462252 0.077954
v 0.902744 -0.432541 0.018694
v 0.723245 -0.411425 -0.505677
v 0.686982 -0.460336 -0.500891
v 0.739193 -0.420780 -0.477397
v 0.697695 -0.466938 -0.469754
v 0.671406 -0.379365 -0.583714
v 0.633814 -0.431416 -0.578161
v 0.647717 -0.364435 -0.604758
v 0.611501 -0.418157 -0.597979
v 0.716428 -0.371401 -0.547795
v 0.747283 -0.391114 -0.491488
v 0.737106 -0.350858 -0.531345
v 0.675457 -0.347589 -0.598112
v 0.718854 -0.339798 -0.555487
v 0.639920 -0.470509 -0.533401
v 0.674228 -0.491594 -0.484438
v 0.625495 -0.493896 -0.502767
v 0.606596 -0.452906 -0.588495
v 0.608715 -0.485244 -0.522267
v 0.944722 -0.299223 -0.220058
v 0.937979 -0.334425 -0.166213
v 0.931249 -0.332684 -0.241872
v 0.923434 -0.366004 -0.181752
v 0.975360 -0.198510 -0.161693
v 0.971518 -0.230641 -0.104768
v 0.979815 -0.169299 -0.141255
v 0.978582 -0.197559 -0.085787
v 0.967021 -0.231414 -0.213691
v 0.939632 -0.302513 -0.255510
v 0.962535 -0.232299 -0.249554
v 0.977504 -0.169483 -0.174750
v 0.969769 -0.202117 -0.228569
v 0.955859 -0.296130 -0.104489
v 0.924799 -0.372348 -0.146946
v 0.942531 -0.338062 -0.081948
v 0.973671 -0.233108 -0.063942
v 0.959014 -0.296264 -0.059425
v 0.754733 -0.413608 0.490816
v 0.729830 -0.459116 0.484607
v 0.768711 -0.424727 0.466490
v 0.740417 -0.467699 0.455673
v 0.646946 -0.332156 0.588233
v 0.612216 -0.371637 0.578053
v 0.627316 -0.321537 0.616597
v 0.589303 -0.361584 0.607357
v 0.696254 -0.327622 0.529095
v 0.771451 -0.397072 0.472311
v 0.718044 -0.310374 0.507692
v 0.652745 -0.306611 0.606983
v 0.695791 -0.297341 0.556629
v 0.662861 -0.424475 0.504822
v 0.718350 -0.488389 0.464928
v 0.681583 -0.479974 0.482599
v 0.581695 -0.388987 0.592355
v 0.601482 -0.419162 0.523826
v 0.956276 -0.299808 0.219028
v 0.945877 -0.329643 0.165085
v 0.927574 -0.326647 0.239800
v 0.911104 -0.354634 0.180265
v 0.962550 -0.188048 0.159075
v 0.910400 -0.211831 0.097096
v 0.977536 -0.159229 0.137267
v 0.976971 -0.197293 0.081577
v 0.962429 -0.239443 0.215473
v 0.938800 -0.302730 0.254429
v 0.943209 -0.231165 0.251293
v 0.972503 -0.161412 0.173384
v 0.965222 -0.196211 0.235196
v 0.919752 -0.283866 0.100815
v 0.933447 -0.364882 0.143436
v 0.949782 -0.334757 0.081513
v 0.973579 -0.234225 0.064098
v 0.962471 -0.301384 0.065428
v 0.193174 -0.127575 0.883311
v 0.224927 -0.079195 0.878143
v 0.160523 -0.110902 0.890601
v 0.193095 -0.060879 0.884766
v 0.287016 -0.183261 0.848806
v 0.317682 -0.133395 0.845300
v 0.316203 -0.202572 0.836750
v 0.347537 -0.150532 0.831403
v 0.225086 -0.175547 0.857095
v 0.158550 -0.142207 0.886117
v 0.188233 -0.192783 0.856302
v 0.286903 -0.217882 0.842504
v 0.223532 -0.212797 0.851158
v 0.287552 -0.080562 0.858718
v 0.224663 -0.042852 0.877935
v 0.287430 -0.042987 0.857216
v 0.349433 -0.115861 0.833783
v 0.319249 -0.060731 0.841811
v -0.192964 -0.131132 0.886359
v -0.220746 -0.075118 0.851295
v -0.162223 -0.112780 0.893681
v -0.192834 -0.059797 0.873595
v -0.282651 -0.182367 0.844566
v -0.317439 -0.132452 0.843094
v -0.306086 -0.192022 0.812782
v -0.347868 -0.149869 0.829038
v -0.224181 -0.180905 0.869462
v -0.162109 -0.143233 0.883998
v -0.192151 -0.194654 0.873399
v -0.282200 -0.212939 0.835190
v -0.223912 -0.213139 0.861597
v -0.285116 -0.075787 0.831955
v -0.215026 -0.034024 0.817917
v -0.279560 -0.034258 0.793722
v -0.352832 -0.114971 0.839012
v -0.321208 -0.058546 0.834676
v 0.192975 0.156158 0.888694
v 0.223514 0.105434 0.879565
v 0.160914 0.137489 0.896630
v 0.193414 0.087557 0.889569
v 0.284926 0.211710 0.836594
v 0.317509 0.160699 0.844887
v 0.308280 0.219400 0.770063
v 0.348131 0.179771 0.834948
v 0.224769 0.208407 0.874546
v 0.161327 0.171488 0.894895
v 0.194561 0.221572 0.883483
v 0.270702 0.231199 0.757495
v 0.225632 0.239457 0.865833
v 0.282447 0.105954 0.837769
v 0.223948 0.069910 0.876227
v 0.271894 0.073106 0.792722
v 0.351945 0.141729 0.837354
v 0.316881 0.087690 0.829439
v -0.193607 0.155827 0.892685
v -0.224181 0.106560 0.870954
v -0.159990 0.140090 0.876066
v -0.191228 0.099383 0.807944
v -0.285757 0.211306 0.853207
v -0.263557 0.176107 0.690791
v -0.313295 0.227161 0.836867
v -0.277947 0.206703 0.646223
v -0.226399 0.204462 0.868630
v -0.160239 0.168233 0.890310
v -0.189461 0.214623 0.846723
v -0.286419 0.243474 0.851289
v -0.226799 0.238177 0.856457
v -0.281674 0.106994 0.818068
v -0.224425 0.071868 0.853792
v -0.288808 0.070210 0.853797
v -0.287783 0.032429 0.535714
v -0.311922 0.090767 0.783311
v 0.530756 -0.044985 0.767410
v 0.481407 -0.042173 0.794998
v 0.531042 -0.080803 0.767050
v 0.478487 -0.078882 0.791253
v 0.533772 0.065256 0.769990
v 0.478791 0.065944 0.786559
v 0.522794 0.099850 0.739671
v 0.469105 0.101549 0.760609
v 0.556301 0.010739 0.755208
v 0.554592 -0.064072 0.751301
v 0.580501 -0.008952 0.738832
v 0.555311 0.082935 0.751969
v 0.583337 0.030484 0.742767
v 0.449835 0.012892 0.804517
v 0.445560 -0.058713 0.794429
v 0.413627 -0.002328 0.798859
v 0.447675 0.085783 0.800464
v 0.420067 0.031428 0.819927
v -0.535119 -0.045083 0.771091
v -0.478545 -0.043740 0.791702
v -0.534079 -0.081213 0.771164
v -0.479981 -0.079293 0.791690
v -0.536216 0.065855 0.772437
v -0.477350 0.066955 0.793350
v -0.535549 0.102615 0.773535
v -0.480119 0.102990 0.799657
v -0.561685 0.009315 0.760829
v -0.560193 -0.063849 0.759098
v -0.584005 -0.009369 0.746345
v -0.563724 0.083870 0.761964
v -0.586241 0.027867 0.749394
v -0.446977 0.011856 0.801946
v -0.448463 -0.061331 0.804629
v -0.418426 -0.006707 0.817286
v -0.448397 0.085841 0.805340
v -0.418296 0.031582 0.816367
v 0.199498 -0.156945 -0.838452
v 0.231917 -0.101580 -0.823465
v 0.166343 -0.136794 -0.844589
v 0.199439 -0.081624 -0.829727
v 0.293619 -0.216129 -0.808400
v 0.327991 -0.160773 -0.795559
v 0.325186 -0.235031 -0.798631
v 0.359242 -0.180916 -0.786161
v 0.231814 -0.211711 -0.825280
v 0.165972 -0.170855 -0.842884
v 0.201406 -0.227072 -0.830700
v 0.293868 -0.250821 -0.806768
v 0.232403 -0.246959 -0.821561
v 0.297843 -0.102291 -0.802184
v 0.232695 -0.061538 -0.820360
v 0.299430 -0.061698 -0.799903
v 0.361832 -0.141060 -0.784616
v 0.331933 -0.081621 -0.793854
v -0.198482 -0.155576 -0.740255
v -0.229775 -0.102068 -0.730461
v -0.168586 -0.133602 -0.655621
v -0.195494 -0.079699 -0.666513
v -0.294671 -0.217009 -0.812868
v -0.328150 -0.161873 -0.798454
v -0.325755 -0.235898 -0.798908
v -0.359865 -0.181801 -0.787026
v -0.231547 -0.211914 -0.823546
v -0.168893 -0.172375 -0.769595
v -0.198392 -0.226251 -0.824776
v -0.294504 -0.251139 -0.805851
v -0.231091 -0.246173 -0.819225
v -0.298138 -0.102194 -0.806734
v -0.230306 -0.063379 -0.762661
v -0.299992 -0.062452 -0.803544
v -0.362026 -0.141789 -0.787184
v -0.331812 -0.081737 -0.796724
v 0.198464 0.157909 -0.837581
v 0.233129 0.102073 -0.824334
v 0.165285 0.137093 -0.844439
v 0.200093 0.082728 -0.831080
v 0.292086 0.216166 -0.803110
v 0.326478 0.160609 -0.790395
v 0.322764 0.234137 -0.790559
v 0.358080 0.181061 -0.782993
v 0.231509 0.212128 -0.825457
v 0.164923 0.170857 -0.838322
v 0.198482 0.227141 -0.832813
v 0.292154 0.249915 -0.797426
v 0.232126 0.247362 -0.823750
v 0.297917 0.101602 -0.806192
v 0.234258 0.062271 -0.823065
v 0.299873 0.061445 -0.808761
v 0.361801 0.140880 -0.785489
v 0.332017 0.081139 -0.798410
v -0.196489 0.158039 -0.797752
v -0.232166 0.103204 -0.778778
v -0.161366 0.138419 -0.726521
v -0.196363 0.082529 -0.716958
v -0.295284 0.217800 -0.810721
v -0.329154 0.161217 -0.797606
v -0.325210 0.235915 -0.770446
v -0.360880 0.181365 -0.786736
v -0.229976 0.212767 -0.829531
v -0.165785 0.170706 -0.813031
v -0.197923 0.226445 -0.828382
v -0.295279 0.251143 -0.786599
v -0.230273 0.246456 -0.818165
v -0.298436 0.101764 -0.805682
v -0.234170 0.060810 -0.790962
v -0.299629 0.061600 -0.805680
v -0.363035 0.141539 -0.788198
v -0.332588 0.082006 -0.797592
v 0.548267 -0.058250 -0.734614
v 0.491662 -0.059347 -0.751551
v 0.545850 -0.098507 -0.731940
v 0.489202 -0.098703 -0.749110
v 0.550207 0.059939 -0.717210
v 0.493363 0.059789 -0.754620
v 0.547203 0.096525 -0.721424
v 0.491085 0.098663 -0.753641
v 0.572734 0.000255 -0.681089
v 0.573264 -0.078841 -0.722804
v 0.594614 -0.020355 -0.647932
v 0.572331 0.078872 -0.650494
v 0.581931 0.016477 -0.564228
v 0.463143 0.000149 -0.762681
v 0.461636 -0.079962 -0.760222
v 0.431761 -0.020173 -0.771276
v 0.462594 0.080327 -0.765230
v 0.432058 0.020585 -0.771891
v -0.552432 -0.058165 -0.736285
v -0.493404 -0.059048 -0.753566
v -0.550279 -0.100147 -0.731317
v -0.491914 -0.100169 -0.751408
v -0.549467 0.059758 -0.741059
v -0.491482 0.060039 -0.752278
v -0.545684 0.098186 -0.734490
v -0.488892 0.099049 -0.750583
v -0.574174 0.000213 -0.728008
v -0.576238 -0.079280 -0.725293
v -0.597766 -0.020114 -0.714084
v -0.571701 0.079336 -0.725551
v -0.597497 0.019994 -0.714944
v -0.462798 0.000115 -0.761708
v -0.461324 -0.080247 -0.762500
v -0.432866 -0.020381 -0.771675
v -0.460425 0.080497 -0.760636
v -0.431421 0.020540 -0.769404
v -0.398814 0.842800 0.063405
v -0.389438 0.767280 0.088390
v -0.397307 0.846377 -0.066055
v -0.417162 0.835408 -0.099524
v -0.385305 0.836428 0.094233
v -0.384757 0.841010 -0.097216
v -0.526266 0.783270 0.135552
v -0.555911 0.762241 0.122839
v -0.545222 0.763717 0.154404
v -0.524145 0.780577 -0.138341
v -0.555668 0.761734 -0.125722
v -0.545910 0.764841 -0.159465
v -0.623504 0.726542 -0.021319
v -0.620540 0.723849 0.018851
v -0.644323 0.711103 -0.001010
v 0.398566 0.848791 0.063477
v 0.418298 0.838621 0.095020
v 0.401268 0.853074 -0.066279
v 0.418683 0.839063 -0.098527
v 0.388117 0.851557 0.094854
v 0.388982 0.851943 -0.098665
v 0.514132 0.756300 0.133483
v 0.533995 0.692942 0.130963
v 0.543373 0.756560 0.154035
v 0.523317 0.777636 -0.141258
v 0.559671 0.764885 -0.129339
v 0.546469 0.765705 -0.160282
v 0.622284 0.727456 -0.020374
v 0.621229 0.725072 0.018832
v 0.642332 0.710303 -0.000863
v -0.404213 -0.871158 0.063769
v -0.423504 -0.858484 0.093701
v -0.401807 -0.864626 -0.059850
v -0.422156 -0.850738 -0.091797
v -0.393384 -0.864481 0.092651
v -0.389605 -0.864721 -0.091638
v -0.527483 -0.797089 0.125205
v -0.556767 -0.776245 0.112618
v -0.546112 -0.780999 0.139943
v -0.523180 -0.785180 -0.130203
v -0.558635 -0.771673 -0.119766
v -0.544097 -0.764689 -0.149101
v -0.622339 -0.737218 -0.018556
v -0.624853 -0.742302 0.019937
v -0.647217 -0.724408 0.000047
v 0.402397 -0.869606 0.061194
v 0.421050 -0.851740 0.088357
v 0.402270 -0.863936 -0.059533
v 0.421037 -0.849543 -0.091149
v 0.389232 -0.868047 0.089634
v 0.389708 -0.863275 -0.090926
v 0.529060 -0.797495 0.126848
v 0.559611 -0.778171 0.115395
v 0.549945 -0.781770 0.142862
v 0.527596 -0.791614 -0.131733
v 0.557706 -0.770761 -0.120447
v 0.548215 -0.774606 -0.151369
v 0.602678 -0.699466 -0.016596
v 0.624257 -0.733135 0.020402
v 0.646191 -0.718778 0.001500
v -0.020117 -0.558129 0.696298
v 0.018516 -0.555742 0.692159
v -0.123579 -0.503325 0.738162
v -0.135146 -0.476154 0.758447
v -0.000810 -0.577812 0.680672
v -0.154576 -0.495908 0.743006
v 0.124429 -0.506502 0.741516
v 0.135223 -0.477433 0.760534
v 0.154629 -0.495913 0.742700
v 0.063710 -0.360430 0.826151
v 0.095884 -0.381029 0.819210
v -0.065012 -0.364244 0.834167
v -0.094781 -0.383163 0.822769
v 0.095611 -0.351639 0.831717
v -0.093146 -0.354721 0.832567
v -0.018869 0.593078 0.699855
v 0.020196 0.598102 0.706113
v -0.124626 0.540068 0.750585
v -0.136071 0.510727 0.770180
v 0.000347 0.612230 0.684791
v -0.156140 0.530457 0.752448
v 0.124324 0.542999 0.755377
v 0.136828 0.513604 0.772028
v 0.155796 0.532444 0.755968
v 0.062139 0.381117 0.810634
v 0.095302 0.406275 0.816224
v -0.063401 0.391493 0.834555
v -0.096505 0.408889 0.818318
v 0.095074 0.378021 0.829337
v -0.096293 0.385039 0.842127
v -0.022180 -0.615880 -0.683640
v 0.019521 -0.612520 -0.678261
v -0.125029 -0.561702 -0.720108
v -0.136891 -0.532899 -0.736615
v -0.001775 -0.632673 -0.661959
v -0.155301 -0.552464 -0.721103
v 0.128141 -0.559142 -0.713918
v 0.139449 -0.527830 -0.730044
v 0.161827 -0.552178 -0.723490
v 0.065788 -0.411241 -0.791903
v 0.098663 -0.430856 -0.784621
v -0.066260 -0.411944 -0.800611
v -0.097709 -0.431431 -0.787372
v 0.098795 -0.397532 -0.785351
v -0.098135 -0.400175 -0.799075
v -0.019449 0.628836 -0.692549
v 0.020943 0.630144 -0.690367
v -0.125361 0.554195 -0.653938
v -0.139427 0.525210 -0.676118
v 0.001649 0.649696 -0.677562
v -0.160205 0.552249 -0.696731
v 0.127136 0.567266 -0.722325
v 0.140281 0.537967 -0.740663
v 0.160178 0.557779 -0.727314
v 0.066043 0.411947 -0.798153
v 0.098664 0.431865 -0.789549
v -0.065764 0.412835 -0.800747
v -0.099064 0.433052 -0.788754
v 0.098720 0.401210 -0.802732
v -0.098530 0.403417 -0.802513
v 0.820333 0.137752 -0.507145
v 0.801336 0.125726 -0.534618
v 0.880122 0.097957 -0.416121
v 0.902002 0.064456 -0.407221
v 0.805678 0.158520 -0.527632
v 0.909431 0.099857 -0.403016
v 0.812266 -0.137630 -0.502342
v 0.800158 -0.126622 -0.535708
v 0.888229 -0.096235 -0.418961
v 0.904684 -0.064821 -0.408230
v 0.801517 -0.158649 -0.525383
v 0.912227 -0.097681 -0.403253
v 0.763203 -0.020161 -0.588341
v 0.764649 0.020266 -0.588914
v 0.746308 0.000169 -0.606788
v 0.802556 0.139432 0.515659
v 0.789182 0.127352 0.547793
v 0.874411 0.098842 0.420260
v 0.885319 0.066301 0.399264
v 0.789818 0.158042 0.536474
v 0.890976 0.096540 0.394795
v 0.794673 -0.118169 0.507654
v 0.788669 -0.109742 0.547134
v 0.863267 -0.079467 0.401141
v 0.886232 -0.056990 0.391745
v 0.789895 -0.139374 0.534200
v 0.895346 -0.095628 0.375397
v 0.750879 -0.009358 0.597072
v 0.752170 0.027502 0.604644
v 0.705960 0.024735 0.572600
v -0.823180 0.135980 -0.497474
v -0.778190 0.111615 -0.460559
v -0.875450 0.096844 -0.417621
v -0.892212 0.065655 -0.407537
v -0.800929 0.158541 -0.517230
v -0.899878 0.098473 -0.403247
v -0.814428 -0.139005 -0.505648
v -0.800636 -0.128079 -0.534275
v -0.880715 -0.081472 -0.416765
v -0.905468 -0.061458 -0.408381
v -0.805461 -0.159870 -0.528657
v -0.928828 -0.089826 -0.405808
v -0.764747 -0.020107 -0.587912
v -0.763457 0.019602 -0.586171
v -0.746572 0.000362 -0.605556
v -0.802095 0.135297 0.512231
v -0.774342 0.122563 0.535681
v -0.884675 0.100847 0.427032
v -0.895244 0.064973 0.405084
v -0.791907 0.158182 0.536081
v -0.902248 0.100466 0.396972
v -0.809188 -0.123967 0.517729
v -0.789235 -0.112327 0.548337
v -0.865581 -0.082229 0.409184
v -0.876613 -0.053859 0.390430
v -0.789941 -0.140664 0.536041
v -0.880733 -0.084576 0.375341
v -0.710621 -0.000966 0.530876
v -0.735867 0.037189 0.577045
v -0.663800 0.033008 0.532233
v -0.184573 0.669307 0.098790
v -0.125330 0.824104 0.095795
v -0.139453 0.913621 -0.067088
v -0.127197 0.916663 -0.099453
v -0.160742 0.862461 0.098273
v -0.159576 0.912143 -0.100091
v 0.140663 0.919815 0.064654
v 0.126169 0.916459 0.096500
v 0.139699 0.918277 -0.067664
v 0.127512 0.917837 -0.100632
v 0.159810 0.910070 0.095525
v 0.158680 0.909105 -0.100265
v -0.020516 0.893300 0.156521
v 0.015299 0.805545 0.145124
v -0.001730 0.841033 0.181100
v -0.020652 0.902003 -0.164780
v 0.019047 0.901468 -0.164985
v -0.000772 0.898917 -0.199467
v -0.316277 0.819738 0.339342
v -0.278680 0.828762 0.338913
v -0.403679 0.738732 0.364098
v -0.434810 0.733448 0.392753
v -0.288420 0.793921 0.298768
v -0.453002 0.742673 0.362436
v -0.172979 0.735792 0.552439
v -0.152318 0.751683 0.529925
v -0.276950 0.667783 0.583878
v -0.293167 0.612479 0.534028
v -0.134081 0.739987 0.554009
v -0.290647 0.647918 0.606643
v -0.172137 0.812965 0.395358
v -0.153739 0.807783 0.428918
v -0.136133 0.824399 0.401618
v -0.435819 0.671702 0.496222
v -0.416401 0.661937 0.524878
v -0.451228 0.649882 0.517669
v -0.313643 0.825781 -0.351054
v -0.281374 0.838509 -0.349451
v -0.420070 0.771125 -0.384640
v -0.439508 0.751215 -0.402168
v -0.294756 0.841879 -0.323216
v -0.452822 0.754824 -0.376170
v -0.174531 0.754055 -0.545107
v -0.153597 0.768735 -0.525259
v -0.284811 0.701904 -0.579751
v -0.316518 0.688551 -0.577180
v -0.135113 0.761255 -0.551427
v -0.300189 0.676654 -0.600046
v -0.171799 0.832674 -0.403879
v -0.151715 0.823486 -0.429836
v -0.135197 0.815374 -0.401660
v -0.427329 0.685784 -0.476820
v -0.412312 0.678174 -0.509138
v -0.408888 0.636564 -0.445836
v -0.694201 0.596758 -0.279679
v -0.685326 0.598915 -0.312664
v -0.745067 0.546660 -0.171555
v -0.767403 0.529244 -0.154279
v -0.672015 0.623444 -0.296568
v -0.751497 0.549676 -0.134817
v -0.803080 0.387999 -0.420481
v -0.770195 0.407854 -0.427442
v -0.895349 0.361714 -0.325513
v -0.905491 0.360256 -0.291389
v -0.777442 0.376139 -0.440343
v -0.916679 0.338801 -0.306607
v -0.688680 0.539426 -0.406248
v -0.701997 0.510861 -0.422393
v -0.672802 0.531637 -0.433088
v -0.852768 0.442650 -0.158443
v -0.872006 0.416863 -0.177159
v -0.877014 0.416702 -0.139920
v -0.679026 0.580649 0.269157
v -0.682626 0.593385 0.306635
v -0.756212 0.556352 0.171410
v -0.775497 0.538122 0.152063
v -0.653595 0.604053 0.283649
v -0.763278 0.560658 0.134515
v -0.798043 0.385101 0.419851
v -0.775523 0.405061 0.437793
v -0.869579 0.354939 0.320874
v -0.881883 0.356965 0.288574
v -0.785406 0.377408 0.451673
v -0.894173 0.324434 0.306495
v -0.681194 0.522893 0.402104
v -0.698368 0.496663 0.426898
v -0.673005 0.521082 0.441656
v -0.855932 0.441359 0.157222
v -0.870257 0.414777 0.176591
v -0.875564 0.417531 0.142018
v 0.311099 0.817397 0.337614
v 0.278833 0.826863 0.337532
v 0.419241 0.763516 0.380569
v 0.437818 0.743157 0.399651
v 0.294372 0.836758 0.310672
v 0.453716 0.749598 0.371479
v 0.173196 0.738028 0.553009
v 0.152139 0.744545 0.526766
v 0.277108 0.676687 0.589817
v 0.311451 0.667790 0.590313
v 0.135964 0.744030 0.556423
v 0.289394 0.648179 0.608264
v 0.170964 0.800616 0.391738
v 0.137406 0.704939 0.375977
v 0.135800 0.805624 0.395155
v 0.428105 0.648546 0.475591
v 0.411806 0.646576 0.518873
v 0.452483 0.646869 0.518579
v 0.315062 0.832434 -0.350848
v 0.282511 0.844598 -0.351551
v 0.408046 0.741698 -0.370062
v 0.439809 0.746511 -0.398999
v 0.297454 0.847987 -0.324324
v 0.451684 0.752711 -0.375986
v 0.173797 0.747102 -0.540723
v 0.153549 0.768454 -0.522393
v 0.283098 0.698100 -0.579951
v 0.316403 0.686971 -0.579145
v 0.133838 0.753561 -0.544876
v 0.298151 0.673697 -0.599924
v 0.174243 0.829152 -0.403833
v 0.155306 0.825630 -0.433292
v 0.135979 0.836662 -0.407700
v 0.440804 0.688983 -0.490106
v 0.421631 0.679178 -0.517467
v 0.457453 0.665320 -0.510774
v 0.692710 0.595581 -0.284210
v 0.678549 0.592088 -0.312291
v 0.760101 0.558406 -0.174076
v 0.763066 0.528769 -0.156222
v 0.661945 0.614074 -0.295863
v 0.762551 0.560008 -0.137844
v 0.792415 0.387984 -0.411648
v 0.770219 0.407280 -0.425533
v 0.887080 0.359006 -0.324448
v 0.892622 0.356710 -0.291960
v 0.769785 0.375401 -0.432549
v 0.907902 0.329696 -0.308530
v 0.685855 0.536025 -0.405156
v 0.702857 0.509757 -0.423500
v 0.675395 0.531704 -0.436226
v 0.854716 0.440585 -0.157343
v 0.870492 0.412064 -0.178105
v 0.873410 0.413264 -0.138446
v 0.684706 0.579682 0.269022
v 0.681539 0.593327 0.304761
v 0.753831 0.554482 0.170291
v 0.771964 0.533463 0.151369
v 0.648139 0.583970 0.278388
v 0.760593 0.558490 0.133727
v 0.794047 0.382289 0.418640
v 0.765382 0.399073 0.435063
v 0.865796 0.347605 0.319683
v 0.879417 0.348686 0.285660
v 0.769108 0.369098 0.447066
v 0.887190 0.321733 0.302164
v 0.645205 0.501760 0.394913
v 0.661551 0.475553 0.407849
v 0.648834 0.505488 0.426331
v 0.843969 0.438115 0.153613
v 0.866516 0.410340 0.175249
v 0.872462 0.414346 0.140446
v -0.135133 -0.922212 0.060299
v -0.128410 -0.794453 0.056189
v -0.142684 -0.938446 -0.058735
v -0.130198 -0.934721 -0.089696
v -0.156082 -0.900301 0.086022
v -0.161406 -0.929931 -0.089848
v 0.140982 -0.933621 0.061555
v 0.125135 -0.932782 0.090906
v 0.141343 -0.936281 -0.059081
v 0.128113 -0.934167 -0.089714
v 0.165684 -0.895060 0.085658
v 0.160992 -0.931210 -0.090072
v -0.020217 -0.886784 0.125883
v 0.018548 -0.915674 0.138852
v -0.004573 -0.918935 0.167495
v -0.019552 -0.921780 -0.150971
v 0.019499 -0.922178 -0.150694
v -0.000550 -0.916303 -0.181284
v -0.318130 -0.847087 0.299847
v -0.282803 -0.858037 0.300436
v -0.428374 -0.789584 0.335391
v -0.448199 -0.770675 0.352915
v -0.298445 -0.863183 0.276273
v -0.461270 -0.774974 0.328471
v -0.176438 -0.739552 0.425568
v -0.162215 -0.791473 0.460457
v -0.274332 -0.620096 0.573269
v -0.303093 -0.611664 0.574953
v -0.144334 -0.741673 0.417475
v -0.288350 -0.610141 0.603157
v -0.179528 -0.853748 0.349099
v -0.162308 -0.843134 0.372445
v -0.145072 -0.857018 0.347249
v -0.445282 -0.695137 0.369608
v -0.402290 -0.591903 0.428030
v -0.428684 -0.560605 0.413639
v -0.315780 -0.828169 -0.335039
v -0.280990 -0.837163 -0.333936
v -0.420830 -0.765923 -0.374724
v -0.440774 -0.747256 -0.395390
v -0.297171 -0.845597 -0.304441
v -0.455245 -0.752613 -0.366439
v -0.175672 -0.747491 -0.544833
v -0.155716 -0.764342 -0.524974
v -0.283372 -0.692723 -0.581491
v -0.317460 -0.681305 -0.580698
v -0.137500 -0.753251 -0.548030
v -0.298192 -0.667677 -0.600709
v -0.173043 -0.812108 -0.385497
v -0.155642 -0.812088 -0.422773
v -0.136936 -0.829646 -0.394832
v -0.437442 -0.628830 -0.309744
v -0.237132 -0.574506 -0.332265
v -0.464776 -0.584350 -0.387695
v -0.704334 -0.606968 -0.276651
v -0.690450 -0.603312 -0.310002
v -0.775800 -0.574467 -0.173772
v -0.798624 -0.554395 -0.153151
v -0.674666 -0.626261 -0.289228
v -0.778565 -0.576763 -0.132302
v -0.808284 -0.387291 -0.418746
v -0.774429 -0.406795 -0.430325
v -0.891939 -0.364310 -0.331308
v -0.909071 -0.366936 -0.293304
v -0.770860 -0.369850 -0.433766
v -0.916702 -0.338131 -0.310943
v -0.678323 -0.527746 -0.399492
v -0.685467 -0.496190 -0.411675
v -0.667874 -0.523599 -0.431233
v -0.879450 -0.458222 -0.159401
v -0.901931 -0.427981 -0.181743
v -0.903987 -0.431013 -0.145232
v -0.738953 -0.605633 0.268870
v -0.732636 -0.602282 0.305843
v -0.787005 -0.574330 0.161883
v -0.795248 -0.544665 0.142601
v -0.702347 -0.634297 0.267734
v -0.777136 -0.572290 0.121047
v -0.816286 -0.390284 0.404200
v -0.797171 -0.408530 0.420036
v -0.873064 -0.356752 0.317406
v -0.867252 -0.356910 0.291302
v -0.803755 -0.381865 0.434497
v -0.883475 -0.330198 0.304293
v -0.734378 -0.544452 0.396042
v -0.744523 -0.516552 0.411060
v -0.722509 -0.536776 0.424049
v -0.861816 -0.466473 0.159488
v -0.899056 -0.442129 0.181496
v -0.841287 -0.410803 0.121344
v 0.322149 -0.846233 0.301840
v 0.289381 -0.855356 0.297908
v 0.419925 -0.787978 0.332983
v 0.440359 -0.765741 0.347802
v 0.304064 -0.860777 0.275483
v 0.457589 -0.772217 0.324409
v 0.171773 -0.748983 0.435518
v 0.156548 -0.793552 0.467825
v 0.269519 -0.611671 0.568969
v 0.305744 -0.606313 0.573438
v 0.140371 -0.756636 0.440761
v 0.287553 -0.605645 0.601678
v 0.175281 -0.856038 0.349086
v 0.156373 -0.844155 0.373563
v 0.140420 -0.857860 0.349437
v 0.437939 -0.692546 0.375745
v 0.399692 -0.599202 0.424687
v 0.421589 -0.557980 0.384946
v 0.314586 -0.825806 -0.333591
v 0.281214 -0.835448 -0.333612
v 0.405064 -0.742419 -0.360264
v 0.429384 -0.730143 -0.385906
v 0.297157 -0.843042 -0.305277
v 0.447740 -0.742221 -0.359895
v 0.168252 -0.746506 -0.543845
v 0.151347 -0.761919 -0.523147
v 0.283871 -0.686464 -0.577436
v 0.319835 -0.677970 -0.577569
v 0.134218 -0.753510 -0.549278
v 0.299386 -0.664765 -0.596926
v 0.174002 -0.823660 -0.389011
v 0.153678 -0.811616 -0.421955
v 0.135646 -0.806468 -0.381880
v 0.434667 -0.674790 -0.477177
v 0.416972 -0.663811 -0.499855
v 0.407755 -0.618622 -0.400746
v 0.693851 -0.597213 -0.273055
v 0.682071 -0.596019 -0.305252
v 0.770236 -0.569582 -0.174191
v 0.791210 -0.551435 -0.153949
v 0.666236 -0.618095 -0.287044
v 0.779315 -0.574288 -0.133665
v 0.802488 -0.387285 -0.416098
v 0.779364 -0.409043 -0.432692
v 0.895004 -0.359359 -0.331831
v 0.905835 -0.362072 -0.292196
v 0.785103 -0.379128 -0.443914
v 0.914607 -0.335757 -0.311023
v 0.670283 -0.532328 -0.394105
v 0.650773 -0.494438 -0.390526
v 0.661203 -0.526283 -0.427589
v 0.872847 -0.452866 -0.158854
v 0.889506 -0.426204 -0.175932
v 0.894375 -0.427746 -0.139878
v 0.738359 -0.604144 0.274872
v 0.728165 -0.602161 0.301994
v 0.787279 -0.561987 0.160782
v 0.742278 -0.477079 0.063561
v 0.710987 -0.625857 0.275646
v 0.772133 -0.575489 0.110958
v 0.812186 -0.394578 0.404230
v 0.797266 -0.414960 0.422790
v 0.873380 -0.352782 0.315514
v 0.894903 -0.356178 0.293694
v 0.798718 -0.386846 0.430928
v 0.893234 -0.324549 0.302448
v 0.731311 -0.531428 0.386623
v 0.726433 -0.483996 0.387770
v 0.718124 -0.520584 0.414265
v 0.852848 -0.460371 0.154519
v 0.848786 -0.412361 0.179908
v 0.881581 -0.425026 0.136876
v 0.063517 -0.120175 0.896356
v 0.096394 -0.107878 0.899027
v -0.062410 -0.113020 0.876730
v -0.095485 -0.100646 0.877489
v 0.095294 -0.138523 0.892234
v -0.090236 -0.118636 0.821944
v 0.062578 0.142297 0.877951
v 0.095443 0.132211 0.896549
v -0.064949 0.144362 0.907746
v -0.096505 0.132738 0.877754
v 0.094484 0.160872 0.871450
v -0.098174 0.163478 0.902622
v 0.161073 -0.005778 0.890295
v 0.161004 0.031548 0.891901
v 0.193644 0.012566 0.887811
v -0.160650 0.012851 0.774347
v -0.214998 -0.056285 0.582137
v -0.190294 0.020043 0.807568
v 0.382070 -0.376903 0.742099
v 0.403107 -0.395769 0.724093
v 0.344251 -0.283432 0.806483
v 0.344499 -0.252327 0.815590
v 0.371048 -0.401140 0.721750
v 0.315310 -0.266435 0.821075
v 0.611478 -0.246703 0.667032
v 0.610841 -0.280105 0.658428
v 0.571669 -0.150937 0.726241
v 0.554181 -0.135767 0.751515
v 0.634535 -0.263639 0.644815
v 0.579030 -0.117828 0.738264
v 0.508029 -0.383536 0.656943
v 0.538700 -0.367662 0.646767
v 0.530399 -0.396229 0.632393
v 0.410382 -0.149150 0.805798
v 0.442596 -0.131486 0.796297
v 0.415904 -0.114717 0.812699
v -0.369665 -0.332721 0.675622
v -0.386232 -0.344251 0.657029
v -0.346679 -0.284157 0.803189
v -0.342940 -0.248730 0.806477
v -0.374040 -0.399502 0.714548
v -0.313662 -0.264135 0.815010
v -0.613680 -0.251190 0.673361
v -0.610399 -0.279915 0.659365
v -0.575708 -0.153819 0.731816
v -0.553523 -0.135002 0.750316
v -0.637037 -0.263278 0.646989
v -0.579767 -0.118266 0.738257
v -0.508373 -0.385371 0.650967
v -0.540265 -0.372038 0.647459
v -0.530402 -0.402376 0.633711
v -0.411781 -0.149526 0.808730
v -0.444644 -0.131957 0.799457
v -0.415517 -0.114717 0.814856
v 0.387121 0.411880 0.756015
v 0.408150 0.431365 0.738132
v 0.478060 0.389319 0.548921
v 0.458613 0.006501 0.593739
v 0.377116 0.443999 0.741810
v -0.121131 0.380105 0.609809
v 0.618756 0.277350 0.679817
v 0.616357 0.309451 0.667708
v 0.575256 0.175763 0.733251
v 0.552349 0.158087 0.748894
v 0.642039 0.292301 0.656211
v 0.579629 0.140277 0.736877
v 0.507052 0.421535 0.663474
v 0.543369 0.405976 0.657579
v 0.533362 0.437630 0.642753
v 0.414415 0.177171 0.814481
v 0.443699 0.157696 0.796242
v 0.417314 0.140977 0.816278
v -0.387176 0.410966 0.755223
v -0.407844 0.429216 0.735131
v -0.347181 0.311395 0.815211
v -0.346964 0.279363 0.822355
v -0.377201 0.443056 0.739605
v -0.317018 0.293828 0.828619
v -0.589985 0.260911 0.642066
v -0.587641 0.292150 0.630005
v -0.576514 0.176110 0.736060
v -0.554280 0.156918 0.752135
v -0.515588 0.222237 0.551941
v -0.580208 0.139691 0.741396
v -0.512335 0.425779 0.668777
v -0.543005 0.406374 0.656912
v -0.537319 0.441033 0.648380
v -0.407987 0.177114 0.764918
v -0.444423 0.157693 0.797551
v -0.410670 0.140935 0.741550
v 0.065878 -0.145481 -0.854981
v 0.099583 -0.132120 -0.852547
v -0.066710 -0.143002 -0.840782
v -0.095868 -0.129270 -0.773234
v 0.099149 -0.165774 -0.852388
v -0.098850 -0.163994 -0.819996
v 0.066926 0.144441 -0.855842
v 0.100465 0.130801 -0.853617
v -0.067589 0.142603 -0.852751
v -0.099279 0.129542 -0.815449
v 0.099236 0.163882 -0.845541
v -0.100079 0.163649 -0.839247
v 0.166448 -0.020787 -0.832988
v 0.166260 0.020549 -0.831421
v 0.200381 -0.000396 -0.824980
v -0.167694 -0.020504 -0.766277
v -0.164678 0.018325 -0.793331
v -0.200501 -0.000628 -0.814551
v 0.394077 -0.428870 -0.720796
v 0.415985 -0.449726 -0.703523
v 0.355039 -0.323616 -0.771879
v 0.355236 -0.288470 -0.780109
v 0.384407 -0.465629 -0.713454
v 0.324348 -0.304105 -0.785531
v 0.630373 -0.287712 -0.655458
v 0.628365 -0.319983 -0.640611
v 0.588609 -0.178019 -0.706255
v 0.567902 -0.158599 -0.721274
v 0.653452 -0.301651 -0.632141
v 0.592462 -0.139361 -0.709741
v 0.524902 -0.445318 -0.641616
v 0.557699 -0.424466 -0.628960
v 0.548354 -0.458772 -0.618456
v 0.422246 -0.178586 -0.763008
v 0.454942 -0.157702 -0.751267
v 0.426067 -0.139634 -0.766470
v -0.396803 -0.430872 -0.725718
v -0.416556 -0.449325 -0.704609
v -0.355446 -0.322820 -0.772207
v -0.355873 -0.289118 -0.781624
v -0.386330 -0.463714 -0.713224
v -0.325544 -0.304437 -0.786526
v -0.630624 -0.286760 -0.654528
v -0.628623 -0.319425 -0.642405
v -0.582887 -0.176793 -0.690885
v -0.556364 -0.155799 -0.690299
v -0.652030 -0.300017 -0.631266
v -0.580873 -0.136170 -0.685484
v -0.517125 -0.445787 -0.605412
v -0.556992 -0.428110 -0.582722
v -0.551185 -0.464846 -0.620787
v -0.423369 -0.179407 -0.765086
v -0.456260 -0.159262 -0.756528
v -0.426457 -0.140678 -0.766888
v 0.396299 0.430380 -0.720090
v 0.417498 0.450044 -0.706580
v 0.353910 0.322211 -0.771793
v 0.353267 0.287672 -0.775433
v 0.386471 0.463305 -0.706440
v 0.322953 0.303076 -0.779750
v 0.632317 0.287481 -0.654783
v 0.629896 0.320368 -0.643835
v 0.590033 0.178435 -0.691014
v 0.563736 0.157372 -0.695091
v 0.655226 0.301702 -0.633415
v 0.598309 0.137384 -0.616785
v 0.524449 0.447578 -0.640630
v 0.560574 0.427750 -0.631119
v 0.549691 0.463126 -0.621220
v 0.425383 0.179970 -0.766630
v 0.456760 0.158696 -0.758566
v 0.429777 0.140421 -0.770011
v -0.382257 0.424401 -0.641797
v -0.417173 0.453997 -0.689865
v -0.290418 0.284779 -0.403858
v -0.351810 0.289307 -0.529870
v -0.383614 0.467229 -0.706499
v -0.316021 0.298624 -0.608751
v -0.630060 0.286055 -0.653342
v -0.629424 0.320198 -0.642030
v -0.584920 0.176995 -0.699779
v -0.562523 0.156509 -0.712880
v -0.652914 0.300497 -0.630833
v -0.589952 0.138248 -0.706222
v -0.524449 0.445084 -0.639621
v -0.557691 0.426254 -0.625255
v -0.548737 0.458997 -0.617526
v -0.424502 0.179178 -0.766297
v -0.456511 0.158297 -0.759155
v -0.427267 0.140335 -0.769919
v 0.985018 0.070305 -0.142748
v 0.983085 0.101688 -0.129578
v 0.983697 -0.065381 -0.143215
v 0.983694 -0.097742 -0.132328
v 0.981153 0.104040 -0.166135
v 0.980706 -0.101051 -0.166100
v 0.982654 0.066948 0.143501
v 0.982328 0.098101 0.128724
v 0.984019 -0.068001 0.149121
v 0.983685 -0.101753 0.134325
v 0.980013 0.099787 0.164036
v 0.980588 -0.100677 0.166724
v 0.980518 0.165283 -0.023421
v 0.980555 0.165118 0.019946
v 0.975169 0.200513 -0.003098
v 0.983442 -0.167069 -0.022070
v 0.983761 -0.168496 0.022777
v 0.978930 -0.201141 0.000540
v -0.995555 0.069555 -0.142427
v -0.995007 0.100104 -0.131366
v -0.995043 -0.066941 -0.146830
v -0.994664 -0.099594 -0.133037
v -0.993051 0.102231 -0.159260
v -0.993666 -0.099722 -0.165177
v -0.993622 0.066493 0.145644
v -0.993382 0.097520 0.133978
v -0.992516 -0.066618 0.144034
v -0.991910 -0.100106 0.130605
v -0.990095 0.100112 0.167374
v -0.990137 -0.101690 0.166719
v -0.988759 0.167165 -0.023764
v -0.989362 0.167230 0.022522
v -0.982776 0.203820 -0.002345
v -0.993591 -0.167530 -0.021215
v -0.992752 -0.167080 0.020656
v -0.990781 -0.201276 -0.000704
v -0.298954 0.868972 0.158503
v -0.264959 0.874888 0.157801
v -0.277205 0.827958 0.177386
v -0.298592 0.869415 -0.163688
v -0.264910 0.876484 -0.162935
v -0.283707 0.860454 -0.194919
v -0.564706 0.728764 0.258876
v -0.548409 0.720827 0.289829
v -0.579382 0.704808 0.277734
v -0.542062 0.698873 -0.255396
v -0.506468 0.654691 -0.272903
v -0.555886 0.673079 -0.274655
v -0.724154 0.634700 0.000473
v -0.741909 0.614368 -0.020476
v -0.737124 0.608821 0.019669
v 0.297244 0.867553 0.159906
v 0.263502 0.875419 0.159164
v 0.285217 0.869608 0.190866
v 0.297571 0.865849 -0.164131
v 0.260849 0.861995 -0.163445
v 0.284131 0.863384 -0.196881
v 0.562465 0.725568 0.258211
v 0.551040 0.724347 0.291144
v 0.583311 0.708262 0.279347
v 0.533258 0.679385 -0.261405
v 0.546719 0.723787 -0.295956
v 0.571711 0.694961 -0.282709
v 0.687109 0.591645 0.002912
v 0.693693 0.540631 -0.009089
v 0.730348 0.594806 0.021065
v -0.286975 -0.860148 0.133902
v -0.265706 -0.896621 0.145812
v -0.282685 -0.885637 0.169626
v -0.299853 -0.878387 -0.151683
v -0.266510 -0.887580 -0.151906
v -0.282637 -0.866481 -0.180977
v -0.568401 -0.744836 0.227749
v -0.554033 -0.744338 0.255529
v -0.590347 -0.725724 0.245963
v -0.557631 -0.718153 -0.252758
v -0.550311 -0.730362 -0.285943
v -0.581568 -0.712785 -0.274710
v -0.728651 -0.645649 0.000053
v -0.745221 -0.620776 -0.019676
v -0.753196 -0.625436 0.020976
v 0.305042 -0.887827 0.144336
v 0.284349 -0.853721 0.127275
v 0.293856 -0.886392 0.169624
v 0.303714 -0.888791 -0.152652
v 0.270082 -0.897735 -0.152075
v 0.290232 -0.885675 -0.183188
v 0.567464 -0.750434 0.230479
v 0.555127 -0.749340 0.257054
v 0.586679 -0.727654 0.245784
v 0.567719 -0.733746 -0.253175
v 0.552262 -0.728825 -0.287971
v 0.587239 -0.712255 -0.276671
v 0.722938 -0.640911 -0.002334
v 0.741373 -0.618095 -0.020069
v 0.745433 -0.621271 0.016146
v -0.000080 -0.644836 0.609560
v -0.016776 -0.637311 0.568946
v 0.018700 -0.639055 0.570045
v -0.257614 -0.502353 0.700856
v -0.276154 -0.513365 0.675562
v -0.289053 -0.491417 0.699909
v 0.246973 -0.441878 0.642553
v 0.271990 -0.497621 0.663533
v 0.277541 -0.410495 0.619159
v 0.159138 -0.269180 0.853167
v 0.158597 -0.239328 0.861654
v 0.190961 -0.257445 0.850608
v -0.160776 -0.259493 0.840060
v -0.160424 -0.235348 0.859893
v -0.192243 -0.254162 0.848859
v -0.000231 0.697481 0.622260
v -0.021173 0.717497 0.603123
v 0.019484 0.715867 0.602573
v -0.259537 0.544547 0.713121
v -0.280441 0.563412 0.696249
v -0.292816 0.532652 0.713890
v 0.261773 0.545233 0.713727
v 0.283555 0.566036 0.698341
v 0.296189 0.534948 0.715429
v 0.161124 0.299093 0.863489
v 0.161476 0.266160 0.872107
v 0.194625 0.285403 0.860952
v -0.160774 0.297351 0.856979
v -0.156183 0.262680 0.843458
v -0.191586 0.285247 0.850787
v 0.023489 -0.609112 -0.411594
v 0.112892 -0.403173 -0.440541
v 0.130722 -0.610364 -0.394487
v -0.267510 -0.567250 -0.688899
v -0.287539 -0.583656 -0.672826
v -0.301233 -0.555453 -0.691137
v 0.264134 -0.562563 -0.684088
v 0.285361 -0.578552 -0.667007
v 0.301886 -0.550729 -0.686494
v 0.165194 -0.311029 -0.816841
v 0.165582 -0.276713 -0.824867
v 0.198662 -0.297046 -0.815494
v -0.164935 -0.308808 -0.814492
v -0.165428 -0.274721 -0.822603
v -0.198038 -0.294641 -0.813020
v 0.000415 0.718657 -0.604451
v -0.021100 0.738408 -0.589891
v 0.020674 0.737918 -0.589412
v -0.266383 0.570702 -0.691644
v -0.286535 0.587028 -0.672542
v -0.299064 0.556839 -0.688073
v 0.265312 0.572421 -0.689780
v 0.286708 0.589514 -0.673140
v 0.299834 0.562053 -0.687446
v 0.166162 0.309957 -0.816816
v 0.166451 0.275162 -0.823850
v 0.199043 0.295669 -0.816227
v -0.165457 0.308844 -0.813519
v -0.165355 0.274657 -0.821526
v -0.197988 0.294751 -0.810464
v 0.764249 0.266384 -0.538533
v 0.763383 0.298910 -0.527435
v 0.742740 0.286677 -0.553789
v 0.959839 0.170328 -0.318640
v 0.954897 0.206364 -0.301294
v 0.962618 0.170599 -0.279659
v 0.748997 -0.262543 -0.521103
v 0.752211 -0.295690 -0.514336
v 0.714280 -0.276167 -0.511819
v 0.963309 -0.174248 -0.311540
v 0.965156 -0.205203 -0.300911
v 0.969333 -0.174200 -0.280045
v 0.672388 -0.032189 -0.424877
v 0.644503 -0.032616 -0.546329
v 0.552356 -0.123208 -0.405869
v 0.755363 0.260382 0.551872
v 0.752871 0.292403 0.538598
v 0.736209 0.279714 0.571108
v 0.937451 0.166762 0.310435
v 0.936197 0.200713 0.297148
v 0.952227 0.166605 0.276348
v 0.733618 -0.226117 0.530048
v 0.739751 -0.256541 0.522573
v 0.722686 -0.249880 0.558959
v 0.913428 -0.158125 0.304098
v 0.904833 -0.188645 0.295843
v 0.959893 -0.167769 0.292454
v 0.650706 0.009104 0.699307
v 0.629080 -0.009922 0.713955
v 0.630877 0.027199 0.714978
v -0.761544 0.265275 -0.534124
v -0.754456 0.295548 -0.519609
v -0.728244 0.281034 -0.538075
v -0.966700 0.168659 -0.313029
v -0.963786 0.206137 -0.297376
v -0.975688 0.170523 -0.278972
v -0.765566 -0.266379 -0.537991
v -0.764821 -0.300398 -0.527212
v -0.741859 -0.286512 -0.551978
v -0.962376 -0.169425 -0.320065
v -0.961237 -0.203337 -0.303032
v -0.969051 -0.170327 -0.280421
v -0.665687 -0.000316 -0.668935
v -0.642900 -0.020372 -0.684115
v -0.643132 0.019991 -0.684166
v -0.762669 0.256239 0.556815
v -0.752917 0.294301 0.541332
v -0.726188 0.281108 0.569956
v -0.945747 0.169338 0.313329
v -0.946434 0.208141 0.301997
v -0.960713 0.169624 0.279597
v -0.747868 -0.234760 0.544540
v -0.745475 -0.264384 0.525837
v -0.725694 -0.252359 0.562124
v -0.944984 -0.163254 0.309420
v -0.956683 -0.209162 0.298556
v -0.970295 -0.172965 0.283056
v -0.650626 0.010456 0.693335
v -0.626346 -0.009703 0.711266
v -0.628866 0.027772 0.713934
v 0.000984 0.864531 0.313545
v -0.017903 0.857663 0.348305
v 0.021232 0.856235 0.347241
v -0.001892 0.865829 -0.326566
v -0.018818 0.831746 -0.349013
v 0.016702 0.857679 -0.357139
v -0.453678 0.494018 0.429260
v -0.547632 0.517358 0.491419
v -0.534098 0.510421 0.530979
v -0.556818 0.582736 -0.529601
v -0.588915 0.564033 -0.520913
v -0.568764 0.551075 -0.545461
v -0.922334 0.360048 -0.020172
v -0.922647 0.359839 0.019673
v -0.937422 0.331866 -0.000399
v 0.516928 0.500846 0.471470
v 0.579620 0.534441 0.522653
v 0.557096 0.510263 0.548274
v 0.550777 0.577137 -0.525600
v 0.582128 0.555747 -0.514089
v 0.566052 0.548945 -0.544672
v 0.912000 0.357756 -0.021807
v 0.913580 0.357217 0.019116
v 0.930282 0.327328 -0.002852
v -0.000986 -0.898648 0.276246
v -0.017468 -0.889205 0.302240
v 0.016965 -0.887851 0.301813
v -0.001643 -0.873634 -0.305349
v -0.020678 -0.859565 -0.335152
v 0.018105 -0.862063 -0.336890
v -0.532264 -0.474373 0.500560
v -0.583562 -0.459493 0.468655
v -0.542940 -0.462520 0.526921
v -0.528161 -0.534625 -0.455488
v -0.578045 -0.541822 -0.495975
v -0.560424 -0.534217 -0.525682
v -0.945499 -0.377798 -0.017773
v -0.948835 -0.378275 0.025546
v -0.959826 -0.344073 0.003589
v 0.545142 -0.453143 0.484775
v 0.631539 -0.501468 0.478035
v 0.542180 -0.438436 0.511510
v 0.514387 -0.540349 -0.463518
v 0.554902 -0.520067 -0.444460
v 0.330732 -0.483601 -0.373196
v 0.933171 -0.374188 -0.016936
v 0.936376 -0.372273 0.021715
v 0.947858 -0.339430 0.004183
v 0.323361 0.015716 0.842278
v 0.352203 -0.001496 0.820873
v 0.356977 0.033053 0.838361
v -0.321034 0.015679 0.833289
v -0.354973 -0.006598 0.840869
v -0.355213 0.032297 0.839450
v 0.334138 0.000305 -0.800444
v 0.367266 -0.020213 -0.790921
v 0.368051 0.020922 -0.793292
v -0.333435 0.000106 -0.795745
v -0.366811 -0.020498 -0.787704
v -0.367658 0.021175 -0.787532
f 1 2567 2564
f 1 2564 2563
f 1 2563 2565
f 1 2565 2566
f 1 2566 2567
f 2 2569 2572
f 6 2592 2590
f 12 2622 2619
f 11 2616 2615
f 8 2599 2601
f 4 2582 2579
f 4 2579 2578
f 4 2578 2580
f 4 2580 2581
f 4 2581 2582
f 5 2586 2585
f 3 2574 2577
f 7 2593 2597
f 9 2605 2606
f 10 2612 2608
f 12 2621 2618
f 6 2589 2588
f 2 2570 2568
f 8 2602 2598
f 11 2617 2613
f 6 2591 2589
f 12 2620 2621
f 11 2614 2617
f 8 2600 2602
f 2 2571 2570
f 10 2610 2609
f 5 2583 2584
f 3 2575 2573
f 7 2596 2594
f 9 2607 2604
f 10 2611 2610
f 5 2587 2583
f 3 2576 2575
f 7 2595 2596
f 9 2603 2607
f 6 2588 2592
f 2 2568 2569
f 8 2598 2599
f 11 2613 2616
f 12 2618 2622
f 10 2608 2611
f 5 2585 2587
f 3 2577 2576
f 7 2597 2595
f 9 2606 2603
f 5 2584 2586
f 3 2573 2574
f 7 2594 2593
f 9 2604 2605
f 10 2609 2612
f 6 2590 2591
f 12 2619 2620
f 11 2615 2614
f 8 2601 2600
f 2 2572 2571
f 35 2757 2758
f 18 2655 2656
f 19 2662 2661
f 40 2788 2787
f 42 2800 2799
f 34 2752 2751
f 33 2747 2748
f 25 2698 2700
f 36 2764 2766
f 20 2669 2667
f 32 2739 2740
f 23 2685 2687
f 24 2693 2691
f 37 2770 2769
f 41 2796 2795
f 34 2753 2754
f 33 2746 2745
f 25 2699 2697
f 36 2765 2763
f 20 2668 2670
f 17 2649 2647
f 14 2631 2629
f 13 2626 2623
f 15 2638 2635
f 16 2644 2641
f 18 2657 2653
f 35 2759 2755
f 42 2802 2798
f 40 2790 2786
f 19 2664 2660
f 30 2727 2725
f 27 2709 2707
f 22 2682 2678
f 28 2717 2713
f 29 2722 2719
f 32 2741 2737
f 23 2686 2683
f 24 2694 2690
f 37 2772 2768
f 41 2794 2792
f 35 2758 2756
f 18 2656 2654
f 19 2661 2659
f 40 2787 2785
f 42 2799 2797
f 34 2751 2749
f 33 2748 2744
f 25 2700 2696
f 36 2766 2762
f 20 2667 2665
f 32 2740 2738
f 23 2687 2684
f 24 2691 2689
f 37 2769 2767
f 41 2795 2791
f 34 2754 2750
f 33 2745 2743
f 25 2697 2695
f 36 2763 2761
f 20 2670 2666
f 14 2634 2630
f 13 2627 2624
f 15 2639 2636
f 16 2645 2642
f 17 2652 2648
f 21 2675 2672
f 31 2734 2731
f 26 2704 2701
f 38 2777 2773
f 39 2782 2780
f 27 2712 2708
f 22 2679 2677
f 28 2716 2714
f 29 2723 2720
f 30 2730 2726
f 31 2735 2732
f 26 2705 2702
f 38 2776 2774
f 39 2783 2779
f 21 2674 2671
f 14 2632 2634
f 13 2625 2627
f 15 2637 2639
f 16 2643 2645
f 17 2650 2652
f 21 2673 2675
f 31 2736 2734
f 26 2706 2704
f 38 2778 2777
f 39 2781 2782
f 27 2711 2712
f 22 2681 2679
f 28 2715 2716
f 29 2721 2723
f 30 2728 2730
f 31 2733 2735
f 26 2703 2705
f 38 2775 2776
f 39 2784 2783
f 21 2676 2674
f 14 2629 2632
f 13 2623 2625
f 15 2635 2637
f 16 2641 2643
f 17 2647 2650
f 21 2671 2673
f 31 2732 2736
f 26 2702 2706
f 38 2774 2778
f 39 2779 2781
f 27 2707 2711
f 22 2678 2681
f 28 2713 2715
f 29 2719 2721
f 30 2725 2728
f 31 2731 2733
f 26 2701 2703
f 38 2773 2775
f 39 2780 2784
f 21 2672 2676
f 17 2648 2651
f 14 2630 2633
f 13 2624 2628
f 15 2636 2640
f 16 2642 2646
f 18 2654 2658
f 35 2756 2760
f 42 2797 2801
f 40 2785 2789
f 19 2659 2663
f 30 2726 2729
f 27 2708 2710
f 22 2677 2680
f 28 2714 2718
f 29 2720 2724
f 32 2738 2742
f 23 2684 2688
f 24 2689 2692
f 37 2767 2771
f 41 2791 2793
f 35 2755 2757
f 18 2653 2655
f 19 2660 2662
f 40 2786 2788
f 42 2798 2800
f 34 2750 2752
f 33 2743 2747
f 25 2695 2698
f 36 2761 2764
f 20 2666 2669
f 32 2737 2739
f 23 2683 2685
f 24 2690 2693
f 37 2768 2770
f 41 2792 2796
f 34 2749 2753
f 33 2744 2746
f 25 2696 2699
f 36 2762 2765
f 20 2665 2668
f 17 2651 2649
f 14 2633 2631
f 13 2628 2626
f 15 2640 2638
f 16 2646 2644
f 18 2658 2657
f 35 2760 2759
f 42 2801 2802
f 40 2789 2790
f 19 2663 2664
f 30 2729 2727
f 27 2710 2709
f 22 2680 2682
f 28 2718 2717
f 29 2724 2722
f 32 2742 2741
f 23 2688 2686
f 24 2692 2694
f 37 2771 2772
f 41 2793 2794
f 107 3189 3190
f 103 3165 3166
f 104 3172 3171
f 110 3208 3207
f 113 3226 3225
f 118 3256 3255
f 154 3471 3472
f 141 3393 3394
f 162 3519 3520
f 121 3274 3273
f 142 3399 3400
f 129 3321 3322
f 130 3328 3327
f 144 3412 3411
f 146 3424 3423
f 151 3453 3454
f 131 3334 3333
f 136 3364 3363
f 161 3514 3513
f 126 3303 3304
f 116 3243 3244
f 108 3195 3196
f 106 3183 3184
f 112 3219 3220
f 115 3237 3238
f 119 3261 3262
f 156 3484 3483
f 139 3382 3381
f 160 3508 3507
f 120 3267 3268
f 149 3441 3442
f 132 3340 3339
f 128 3315 3316
f 145 3417 3418
f 148 3435 3436
f 155 3477 3478
f 133 3345 3346
f 134 3351 3352
f 157 3490 3489
f 124 3292 3291
f 109 3202 3201
f 105 3178 3177
f 111 3214 3213
f 114 3232 3231
f 117 3250 3249
f 125 3298 3297
f 152 3460 3459
f 137 3369 3370
f 158 3495 3496
f 123 3285 3286
f 143 3406 3405
f 127 3310 3309
f 135 3357 3358
f 147 3430 3429
f 150 3448 3447
f 153 3466 3465
f 140 3388 3387
f 138 3375 3376
f 159 3501 3502
f 122 3279 3280
f 107 3192 3191
f 103 3168 3167
f 104 3173 3174
f 110 3209 3210
f 113 3227 3228
f 118 3257 3258
f 154 3474 3473
f 141 3396 3395
f 162 3522 3521
f 121 3275 3276
f 142 3402 3401
f 129 3324 3323
f 130 3329 3330
f 144 3413 3414
f 146 3425 3426
f 151 3456 3455
f 131 3335 3336
f 136 3365 3366
f 161 3515 3516
f 126 3306 3305
f 47 2829 2827
f 44 2811 2809
f 43 2806 2803
f 45 2818 2815
f 46 2824 2821
f 49 2842 2839
f 72 2980 2977
f 102 3160 3157
f 96 3124 3121
f 79 3022 3019
f 62 2919 2917
f 59 2901 2899
f 58 2896 2893
f 60 2908 2905
f 61 2914 2911
f 66 2944 2941
f 54 2872 2869
f 73 2986 2983
f 85 3058 3055
f 92 3099 3097
f 101 3153 3151
f 69 2961 2959
f 50 2847 2845
f 82 3039 3037
f 97 3129 3127
f 71 2973 2971
f 100 3148 3145
f 94 3112 3109
f 80 3028 3025
f 51 2853 2851
f 90 3087 3085
f 63 2925 2923
f 55 2877 2875
f 76 3003 3001
f 87 3070 3067
f 91 3094 3091
f 67 2949 2947
f 56 2883 2881
f 75 2997 2995
f 83 3046 3043
f 68 2956 2953
f 48 2835 2833
f 78 3015 3013
f 93 3105 3103
f 98 3136 3133
f 88 3075 3073
f 65 2938 2935
f 57 2890 2887
f 77 3010 3007
f 86 3063 3061
f 64 2932 2929
f 53 2865 2863
f 74 2991 2989
f 84 3051 3049
f 89 3082 3079
f 70 2967 2965
f 99 3141 3139
f 95 3117 3115
f 81 3034 3031
f 52 2860 2857
f 109 3204 3200
f 105 3180 3176
f 111 3216 3212
f 114 3234 3230
f 117 3252 3248
f 125 3300 3296
f 152 3462 3458
f 137 3371 3367
f 158 3497 3493
f 123 3287 3283
f 143 3408 3404
f 127 3312 3308
f 135 3359 3355
f 147 3432 3428
f 150 3450 3446
f 153 3468 3464
f 140 3390 3386
f 138 3377 3373
f 159 3503 3499
f 122 3281 3277
f 107 3190 3188
f 103 3166 3164
f 104 3171 3169
f 110 3207 3205
f 113 3225 3223
f 118 3255 3253
f 154 3472 3470
f 141 3394 3392
f 162 3520 3518
f 121 3273 3271
f 142 3400 3398
f 129 3322 3320
f 130 3327 3325
f 144 3411 3409
f 146 3423 3421
f 151 3454 3452
f 131 3333 3331
f 136 3363 3361
f 161 3513 3511
f 126 3304 3302
f 116 3244 3242
f 108 3196 3194
f 106 3184 3182
f 112 3220 3218
f 115 3238 3236
f 119 3262 3260
f 156 3483 3481
f 139 3381 3379
f 160 3507 3505
f 120 3268 3266
f 149 3442 3440
f 132 3339 3337
f 128 3316 3314
f 145 3418 3416
f 148 3436 3434
f 155 3478 3476
f 133 3346 3344
f 134 3352 3350
f 157 3489 3487
f 124 3291 3289
f 109 3201 3199
f 105 3177 3175
f 111 3213 3211
f 114 3231 3229
f 117 3249 3247
f 125 3297 3295
f 152 3459 3457
f 137 3370 3368
f 158 3496 3494
f 123 3286 3284
f 143 3405 3403
f 127 3309 3307
f 135 3358 3356
f 147 3429 3427
f 150 3447 3445
f 153 3465 3463
f 140 3387 3385
f 138 3376 3374
f 159 3502 3500
f 122 3280 3278
f 107 3191 3187
f 103 3167 3163
f 104 3174 3170
f 110 3210 3206
f 113 3228 3224
f 118 3258 3254
f 154 3473 3469
f 141 3395 3391
f 162 3521 3517
f 121 3276 3272
f 142 3401 3397
f 129 3323 3319
f 130 3330 3326
f 144 3414 3410
f 146 3426 3422
f 151 3455 3451
f 131 3336 3332
f 136 3366 3362
f 161 3516 3512
f 126 3305 3301
f 44 2814 2810
f 43 2807 2804
f 45 2819 2816
f 46 2825 2822
f 47 2832 2828
f 52 2861 2858
f 70 2970 2966
f 99 3144 3140
f 95 3120 3116
f 81 3035 3032
f 59 2904 2900
f 58 2897 2894
f 60 2909 2906
f 61 2915 2912
f 62 2922 2918
f 65 2939 2936
f 57 2891 2888
f 77 3011 3008
f 86 3066 3062
f 88 3078 3074
f 98 3137 3134
f 68 2957 2954
f 48 2838 2834
f 78 3018 3014
f 93 3108 3104
f 69 2964 2960
f 101 3156 3152
f 97 3132 3128
f 82 3042 3038
f 50 2850 2846
f 89 3083 3080
f 64 2933 2930
f 53 2868 2864
f 74 2994 2990
f 84 3054 3050
f 90 3090 3086
f 63 2928 2924
f 55 2880 2876
f 76 3006 3002
f 87 3071 3068
f 72 2981 2978
f 49 2843 2840
f 79 3023 3020
f 96 3125 3122
f 102 3161 3158
f 91 3095 3092
f 67 2952 2948
f 56 2886 2882
f 75 3000 2996
f 83 3047 3044
f 66 2945 2942
f 54 2873 2870
f 73 2987 2984
f 85 3059 3056
f 92 3102 3098
f 71 2976 2972
f 100 3149 3146
f 94 3113 3110
f 80 3029 3026
f 51 2856 2852
f 116 3245 3241
f 108 3197 3193
f 106 3185 3181
f 112 3221 3217
f 115 3239 3235
f 119 3263 3259
f 156 3486 3482
f 139 3384 3380
f 160 3510 3506
f 120 3269 3265
f 149 3443 3439
f 132 3342 3338
f 128 3317 3313
f 145 3419 3415
f 148 3437 3433
f 155 3479 3475
f 133 3347 3343
f 134 3353 3349
f 157 3492 3488
f 124 3294 3290
f 44 2812 2814
f 43 2805 2807
f 45 2817 2819
f 46 2823 2825
f 47 2830 2832
f 52 2859 2861
f 70 2968 2970
f 99 3142 3144
f 95 3118 3120
f 81 3033 3035
f 59 2902 2904
f 58 2895 2897
f 60 2907 2909
f 61 2913 2915
f 62 2920 2922
f 65 2937 2939
f 57 2889 2891
f 77 3009 3011
f 86 3064 3066
f 88 3076 3078
f 98 3135 3137
f 68 2955 2957
f 48 2836 2838
f 78 3016 3018
f 93 3106 3108
f 69 2962 2964
f 101 3154 3156
f 97 3130 3132
f 82 3040 3042
f 50 2848 2850
f 89 3081 3083
f 64 2931 2933
f 53 2866 2868
f 74 2992 2994
f 84 3052 3054
f 90 3088 3090
f 63 2926 2928
f 55 2878 2880
f 76 3004 3006
f 87 3069 3071
f 72 2979 2981
f 49 2841 2843
f 79 3021 3023
f 96 3123 3125
f 102 3159 3161
f 91 3093 3095
f 67 2950 2952
f 56 2884 2886
f 75 2998 3000
f 83 3045 3047
f 66 2943 2945
f 54 2871 2873
f 73 2985 2987
f 85 3057 3059
f 92 3100 3102
f 71 2974 2976
f 100 3147 3149
f 94 3111 3113
f 80 3027 3029
f 51 2854 2856
f 116 3246 3245
f 108 3198 3197
f 106 3186 3185
f 112 3222 3221
f 115 3240 3239
f 119 3264 3263
f 156 3485 3486
f 139 3383 3384
f 160 3509 3510
f 120 3270 3269
f 149 3444 3443
f 132 3341 3342
f 128 3318 3317
f 145 3420 3419
f 148 3438 3437
f 155 3480 3479
f 133 3348 3347
f 134 3354 3353
f 157 3491 3492
f 124 3293 3294
f 44 2809 2812
f 43 2803 2805
f 45 2815 2817
f 46 2821 2823
f 47 2827 2830
f 52 2857 2859
f 70 2965 2968
f 99 3139 3142
f 95 3115 3118
f 81 3031 3033
f 59 2899 2902
f 58 2893 2895
f 60 2905 2907
f 61 2911 2913
f 62 2917 2920
f 65 2935 2937
f 57 2887 2889
f 77 3007 3009
f 86 3061 3064
f 88 3073 3076
f 98 3133 3135
f 68 2953 2955
f 48 2833 2836
f 78 3013 3016
f 93 3103 3106
f 69 2959 2962
f 101 3151 3154
f 97 3127 3130
f 82 3037 3040
f 50 2845 2848
f 89 3079 3081
f 64 2929 2931
f 53 2863 2866
f 74 2989 2992
f 84 3049 3052
f 90 3085 3088
f 63 2923 2926
f 55 2875 2878
f 76 3001 3004
f 87 3067 3069
f 72 2977 2979
f 49 2839 2841
f 79 3019 3021
f 96 3121 3123
f 102 3157 3159
f 91 3091 3093
f 67 2947 2950
f 56 2881 2884
f 75 2995 2998
f 83 3043 3045
f 66 2941 2943
f 54 2869 2871
f 73 2983 2985
f 85 3055 3057
f 92 3097 3100
f 71 2971 2974
f 100 3145 3147
f 94 3109 3111
f 80 3025 3027
f 51 2851 2854
f 116 3242 3246
f 108 3194 3198
f 106 3182 3186
f 112 3218 3222
f 115 3236 3240
f 119 3260 3264
f 156 3481 3485
f 139 3379 3383
f 160 3505 3509
f 120 3266 3270
f 149 3440 3444
f 132 3337 3341
f 128 3314 3318
f 145 3416 3420
f 148 3434 3438
f 155 3476 3480
f 133 3344 3348
f 134 3350 3354
f 157 3487 3491
f 124 3289 3293
f 47 2828 2831
f 44 2810 2813
f 43 2804 2808
f 45 2816 2820
f 46 2822 2826
f 49 2840 2844
f 72 2978 2982
f 102 3158 3162
f 96 3122 3126
f 79 3020 3024
f 62 2918 2921
f 59 2900 2903
f 58 2894 2898
f 60 2906 2910
f 61 2912 2916
f 66 2942 2946
f 54 2870 2874
f 73 2984 2988
f 85 3056 3060
f 92 3098 3101
f 101 3152 3155
f 69 2960 2963
f 50 2846 2849
f 82 3038 3041
f 97 3128 3131
f 71 2972 2975
f 100 3146 3150
f 94 3110 3114
f 80 3026 3030
f 51 2852 2855
f 90 3086 3089
f 63 2924 2927
f 55 2876 2879
f 76 3002 3005
f 87 3068 3072
f 91 3092 3096
f 67 2948 2951
f 56 2882 2885
f 75 2996 2999
f 83 3044 3048
f 68 2954 2958
f 48 2834 2837
f 78 3014 3017
f 93 3104 3107
f 98 3134 3138
f 88 3074 3077
f 65 2936 2940
f 57 2888 2892
f 77 3008 3012
f 86 3062 3065
f 64 2930 2934
f 53 2864 2867
f 74 2990 2993
f 84 3050 3053
f 89 3080 3084
f 70 2966 2969
f 99 3140 3143
f 95 3116 3119
f 81 3032 3036
f 52 2858 2862
f 109 3199 3203
f 105 3175 3179
f 111 3211 3215
f 114 3229 3233
f 117 3247 3251
f 125 3295 3299
f 152 3457 3461
f 137 3368 3372
f 158 3494 3498
f 123 3284 3288
f 143 3403 3407
f 127 3307 3311
f 135 3356 3360
f 147 3427 3431
f 150 3445 3449
f 153 3463 3467
f 140 3385 3389
f 138 3374 3378
f 159 3500 3504
f 122 3278 3282
f 107 3187 3189
f 103 3163 3165
f 104 3170 3172
f 110 3206 3208
f 113 3224 3226
f 118 3254 3256
f 154 3469 3471
f 141 3391 3393
f 162 3517 3519
f 121 3272 3274
f 142 3397 3399
f 129 3319 3321
f 130 3326 3328
f 144 3410 3412
f 146 3422 3424
f 151 3451 3453
f 131 3332 3334
f 136 3362 3364
f 161 3512 3514
f 126 3301 3303
f 116 3241 3243
f 108 3193 3195
f 106 3181 3183
f 112 3217 3219
f 115 3235 3237
f 119 3259 3261
f 156 3482 3484
f 139 3380 3382
f 160 3506 3508
f 120 3265 3267
f 149 3439 3441
f 132 3338 3340
f 128 3313 3315
f 145 3415 3417
f 148 3433 3435
f 155 3475 3477
f 133 3343 3345
f 134 3349 3351
f 157 3488 3490
f 124 3290 3292
f 109 3200 3202
f 105 3176 3178
f 111 3212 3214
f 114 3230 3232
f 117 3248 3250
f 125 3296 3298
f 152 3458 3460
f 137 3367 3369
f 158 3493 3495
f 123 3283 3285
f 143 3404 3406
f 127 3308 3310
f 135 3355 3357
f 147 3428 3430
f 150 3446 3448
f 153 3464 3466
f 140 3386 3388
f 138 3373 3375
f 159 3499 3501
f 122 3277 3279
f 107 3188 3192
f 103 3164 3168
f 104 3169 3173
f 110 3205 3209
f 113 3223 3227
f 118 3253 3257
f 154 3470 3474
f 141 3392 3396
f 162 3518 3522
f 121 3271 3275
f 142 3398 3402
f 129 3320 3324
f 130 3325 3329
f 144 3409 3413
f 146 3421 3425
f 151 3452 3456
f 131 3331 3335
f 136 3361 3365
f 161 3511 3515
f 126 3302 3306
f 47 2831 2829
f 44 2813 2811
f 43 2808 2806
f 45 2820 2818
f 46 2826 2824
f 49 2844 2842
f 72 2982 2980
f 102 3162 3160
f 96 3126 3124
f 79 3024 3022
f 62 2921 2919
f 59 2903 2901
f 58 2898 2896
f 60 2910 2908
f 61 2916 2914
f 66 2946 2944
f 54 2874 2872
f 73 2988 2986
f 85 3060 3058
f 92 3101 3099
f 101 3155 3153
f 69 2963 2961
f 50 2849 2847
f 82 3041 3039
f 97 3131 3129
f 71 2975 2973
f 100 3150 3148
f 94 3114 3112
f 80 3030 3028
f 51 2855 2853
f 90 3089 3087
f 63 2927 2925
f 55 2879 2877
f 76 3005 3003
f 87 3072 3070
f 91 3096 3094
f 67 2951 2949
f 56 2885 2883
f 75 2999 2997
f 83 3048 3046
f 68 2958 2956
f 48 2837 2835
f 78 3017 3015
f 93 3107 3105
f 98 3138 3136
f 88 3077 3075
f 65 2940 2938
f 57 2892 2890
f 77 3012 3010
f 86 3065 3063
f 64 2934 2932
f 53 2867 2865
f 74 2993 2991
f 84 3053 3051
f 89 3084 3082
f 70 2969 2967
f 99 3143 3141
f 95 3119 3117
f 81 3036 3034
f 52 2862 2860
f 109 3203 3204
f 105 3179 3180
f 111 3215 3216
f 114 3233 3234
f 117 3251 3252
f 125 3299 3300
f 152 3461 3462
f 137 3372 3371
f 158 3498 3497
f 123 3288 3287
f 143 3407 3408
f 127 3311 3312
f 135 3360 3359
f 147 3431 3432
f 150 3449 3450
f 153 3467 3468
f 140 3389 3390
f 138 3378 3377
f 159 3504 3503
f 122 3282 3281
f 407 4989 4990
f 403 4965 4966
f 404 4972 4971
f 410 5008 5007
f 413 5026 5025
f 422 5080 5079
f 486 5463 5464
f 573 5985 5986
f 561 5913 5914
f 512 5620 5619
f 452 5259 5260
f 448 5235 5236
f 449 5242 5241
f 455 5278 5277
f 458 5296 5295
f 470 5367 5368
f 437 5170 5169
f 494 5512 5511
f 531 5734 5733
f 539 5781 5782
f 568 5955 5956
f 478 5415 5416
f 419 5061 5062
f 509 5601 5602
f 554 5871 5872
f 482 5439 5440
f 576 6004 6003
f 558 5896 5895
f 516 5644 5643
f 425 5097 5098
f 542 5799 5800
f 463 5326 5325
f 434 5151 5152
f 497 5529 5530
f 528 5715 5716
f 546 5823 5824
f 464 5331 5332
f 440 5187 5188
f 500 5548 5547
f 524 5692 5691
f 479 5422 5421
f 418 5056 5055
f 508 5596 5595
f 553 5866 5865
f 569 5962 5961
f 538 5776 5775
f 471 5374 5373
f 443 5205 5206
f 501 5553 5554
f 523 5685 5686
f 467 5350 5349
f 433 5146 5145
f 493 5505 5506
f 527 5710 5709
f 543 5806 5805
f 485 5458 5457
f 572 5980 5979
f 557 5889 5890
f 515 5637 5638
f 428 5115 5116
f 591 6094 6093
f 587 6070 6069
f 588 6075 6076
f 594 6111 6112
f 597 6129 6130
f 600 6147 6148
f 634 6352 6351
f 619 6262 6261
f 639 6382 6381
f 602 6159 6160
f 624 6292 6291
f 608 6196 6195
f 610 6207 6208
f 627 6309 6310
f 630 6327 6328
f 635 6358 6357
f 615 6237 6238
f 617 6249 6250
f 637 6369 6370
f 604 6172 6171
f 416 5043 5044
f 408 4995 4996
f 406 4983 4984
f 412 5019 5020
f 415 5037 5038
f 424 5091 5092
f 492 5499 5500
f 582 6039 6040
f 565 5937 5938
f 514 5631 5632
f 461 5313 5314
f 453 5265 5266
f 451 5253 5254
f 457 5289 5290
f 460 5307 5308
f 475 5397 5398
f 439 5181 5182
f 496 5523 5524
f 533 5745 5746
f 551 5853 5854
f 579 6021 6022
f 483 5445 5446
f 426 5103 5104
f 521 5673 5674
f 566 5943 5944
f 489 5481 5482
f 578 6015 6016
f 560 5907 5908
f 518 5655 5656
f 429 5121 5122
f 547 5829 5830
f 465 5337 5338
f 441 5193 5194
f 504 5571 5572
f 537 5769 5770
f 550 5847 5848
f 476 5403 5404
f 444 5211 5212
f 502 5559 5560
f 526 5703 5704
f 481 5433 5434
f 420 5067 5068
f 510 5607 5608
f 555 5877 5878
f 571 5973 5974
f 540 5787 5788
f 473 5385 5386
f 447 5229 5230
f 507 5589 5590
f 534 5751 5752
f 469 5361 5362
f 435 5157 5158
f 498 5535 5536
f 529 5721 5722
f 545 5817 5818
f 487 5469 5470
f 574 5991 5992
f 562 5919 5920
f 520 5667 5668
f 432 5139 5140
f 589 6082 6081
f 583 6046 6045
f 586 6064 6063
f 593 6106 6105
f 596 6124 6123
f 599 6142 6141
f 633 6345 6346
f 620 6267 6268
f 640 6387 6388
f 603 6166 6165
f 622 6280 6279
f 607 6189 6190
f 612 6220 6219
f 626 6304 6303
f 629 6322 6321
f 631 6334 6333
f 614 6232 6231
f 618 6256 6255
f 641 6393 6394
f 605 6177 6178
f 409 5002 5001
f 405 4978 4977
f 411 5014 5013
f 414 5032 5031
f 417 5050 5049
f 431 5134 5133
f 488 5476 5475
f 575 5998 5997
f 563 5926 5925
f 519 5662 5661
f 454 5272 5271
f 450 5248 5247
f 456 5284 5283
f 459 5302 5301
f 462 5320 5319
f 472 5380 5379
f 446 5224 5223
f 506 5584 5583
f 535 5758 5757
f 541 5794 5793
f 570 5968 5967
f 480 5428 5427
f 421 5074 5073
f 511 5614 5613
f 556 5884 5883
f 484 5452 5451
f 580 6028 6027
f 567 5950 5949
f 522 5680 5679
f 427 5110 5109
f 544 5812 5811
f 468 5356 5355
f 436 5164 5163
f 499 5542 5541
f 530 5728 5727
f 548 5836 5835
f 466 5344 5343
f 442 5200 5199
f 505 5578 5577
f 536 5764 5763
f 491 5494 5493
f 423 5086 5085
f 513 5626 5625
f 564 5932 5931
f 581 6034 6033
f 549 5842 5841
f 477 5410 5409
f 445 5218 5217
f 503 5566 5565
f 525 5698 5697
f 474 5392 5391
f 438 5176 5175
f 495 5518 5517
f 532 5740 5739
f 552 5860 5859
f 490 5488 5487
f 577 6010 6009
f 559 5902 5901
f 517 5650 5649
f 430 5128 5127
f 590 6087 6088
f 584 6051 6052
f 585 6057 6058
f 592 6099 6100
f 595 6117 6118
f 598 6135 6136
f 636 6363 6364
f 621 6274 6273
f 642 6400 6399
f 601 6154 6153
f 623 6285 6286
f 611 6213 6214
f 609 6202 6201
f 625 6297 6298
f 628 6315 6316
f 632 6339 6340
f 613 6225 6226
f 616 6244 6243
f 638 6376 6375
f 606 6184 6183
f 407 4992 4991
f 403 4968 4967
f 404 4973 4974
f 410 5009 5010
f 413 5027 5028
f 422 5081 5082
f 486 5466 5465
f 573 5988 5987
f 561 5916 5915
f 512 5621 5622
f 452 5262 5261
f 448 5238 5237
f 449 5243 5244
f 455 5279 5280
f 458 5297 5298
f 470 5370 5369
f 437 5171 5172
f 494 5513 5514
f 531 5735 5736
f 539 5784 5783
f 568 5958 5957
f 478 5418 5417
f 419 5064 5063
f 509 5604 5603
f 554 5874 5873
f 482 5442 5441
f 576 6005 6006
f 558 5897 5898
f 516 5645 5646
f 425 5100 5099
f 542 5802 5801
f 463 5327 5328
f 434 5154 5153
f 497 5532 5531
f 528 5718 5717
f 546 5826 5825
f 464 5334 5333
f 440 5190 5189
f 500 5549 5550
f 524 5693 5694
f 479 5423 5424
f 418 5057 5058
f 508 5597 5598
f 553 5867 5868
f 569 5963 5964
f 538 5777 5778
f 471 5375 5376
f 443 5208 5207
f 501 5556 5555
f 523 5688 5687
f 467 5351 5352
f 433 5147 5148
f 493 5508 5507
f 527 5711 5712
f 543 5807 5808
f 485 5459 5460
f 572 5981 5982
f 557 5892 5891
f 515 5640 5639
f 428 5118 5117
f 591 6095 6096
f 587 6071 6072
f 588 6078 6077
f 594 6114 6113
f 597 6132 6131
f 600 6150 6149
f 634 6353 6354
f 619 6263 6264
f 639 6383 6384
f 602 6162 6161
f 624 6293 6294
f 608 6197 6198
f 610 6210 6209
f 627 6312 6311
f 630 6330 6329
f 635 6359 6360
f 615 6240 6239
f 617 6252 6251
f 637 6372 6371
f 604 6173 6174
f 167 3549 3547
f 164 3531 3529
f 163 3526 3523
f 165 3538 3535
f 166 3544 3541
f 169 3562 3559
f 192 3700 3697
f 222 3880 3877
f 216 3844 3841
f 199 3742 3739
f 182 3639 3637
f 179 3621 3619
f 178 3616 3613
f 180 3628 3625
f 181 3634 3631
f 186 3664 3661
f 174 3592 3589
f 193 3706 3703
f 205 3778 3775
f 212 3819 3817
f 221 3873 3871
f 189 3681 3679
f 170 3567 3565
f 202 3759 3757
f 217 3849 3847
f 191 3693 3691
f 220 3868 3865
f 214 3832 3829
f 200 3748 3745
f 171 3573 3571
f 210 3807 3805
f 183 3645 3643
f 175 3597 3595
f 196 3723 3721
f 207 3790 3787
f 211 3814 3811
f 187 3669 3667
f 176 3603 3601
f 195 3717 3715
f 203 3766 3763
f 188 3676 3673
f 168 3555 3553
f 198 3735 3733
f 213 3825 3823
f 218 3856 3853
f 208 3795 3793
f 185 3658 3655
f 177 3610 3607
f 197 3730 3727
f 206 3783 3781
f 184 3652 3649
f 173 3585 3583
f 194 3711 3709
f 204 3771 3769
f 209 3802 3799
f 190 3687 3685
f 219 3861 3859
f 215 3837 3835
f 201 3754 3751
f 172 3580 3577
f 357 4690 4687
f 255 4078 4075
f 262 4120 4117
f 388 4876 4873
f 400 4948 4945
f 352 4660 4657
f 347 4630 4627
f 298 4336 4333
f 364 4732 4729
f 269 4162 4159
f 339 4582 4579
f 285 4258 4255
f 293 4306 4303
f 370 4768 4765
f 396 4924 4921
f 353 4666 4663
f 346 4624 4621
f 299 4342 4339
f 365 4738 4735
f 268 4156 4153
f 249 4041 4039
f 231 3933 3931
f 226 3903 3901
f 238 3975 3973
f 244 4011 4009
f 257 4089 4087
f 359 4701 4699
f 402 4959 4957
f 390 4887 4885
f 264 4131 4129
f 327 4509 4507
f 309 4401 4399
f 282 4239 4237
f 317 4449 4447
f 322 4479 4477
f 341 4593 4591
f 286 4263 4261
f 294 4311 4309
f 372 4779 4777
f 394 4911 4909
f 358 4695 4693
f 256 4083 4081
f 261 4113 4111
f 387 4869 4867
f 399 4941 4939
f 351 4653 4651
f 348 4635 4633
f 300 4347 4345
f 366 4743 4741
f 267 4149 4147
f 340 4587 4585
f 287 4269 4267
f 291 4293 4291
f 369 4761 4759
f 395 4917 4915
f 354 4671 4669
f 345 4617 4615
f 297 4329 4327
f 363 4725 4723
f 270 4167 4165
f 234 3951 3949
f 227 3909 3907
f 239 3981 3979
f 245 4017 4015
f 252 4059 4057
f 275 4197 4195
f 334 4551 4549
f 304 4371 4369
f 377 4809 4807
f 382 4839 4837
f 312 4419 4417
f 279 4221 4219
f 316 4443 4441
f 323 4485 4483
f 330 4527 4525
f 335 4557 4555
f 305 4377 4375
f 376 4803 4801
f 383 4845 4843
f 274 4191 4189
f 232 3940 3937
f 225 3898 3895
f 237 3970 3967
f 243 4006 4003
f 250 4048 4045
f 273 4186 4183
f 336 4564 4561
f 306 4384 4381
f 378 4816 4813
f 381 4834 4831
f 311 4414 4411
f 281 4234 4231
f 315 4438 4435
f 321 4474 4471
f 328 4516 4513
f 333 4546 4543
f 303 4366 4363
f 375 4798 4795
f 384 4852 4849
f 276 4204 4201
f 229 3922 3919
f 223 3885 3883
f 235 3957 3955
f 241 3993 3991
f 247 4030 4027
f 271 4173 4171
f 332 4540 4537
f 302 4360 4357
f 374 4792 4789
f 379 4821 4819
f 307 4390 4387
f 278 4215 4213
f 313 4425 4423
f 319 4461 4459
f 325 4498 4495
f 331 4533 4531
f 301 4353 4351
f 373 4785 4783
f 380 4828 4825
f 272 4180 4177
f 248 4035 4033
f 230 3927 3925
f 224 3892 3889
f 236 3964 3961
f 242 4000 3997
f 254 4072 4069
f 356 4684 4681
f 397 4930 4927
f 385 4858 4855
f 259 4102 4099
f 326 4503 4501
f 308 4395 4393
f 277 4210 4207
f 314 4432 4429
f 320 4468 4465
f 338 4576 4573
f 284 4252 4249
f 289 4282 4279
f 367 4750 4747
f 391 4893 4891
f 355 4677 4675
f 253 4065 4063
f 260 4107 4105
f 386 4863 4861
f 398 4935 4933
f 350 4647 4645
f 343 4606 4603
f 295 4318 4315
f 361 4714 4711
f 266 4143 4141
f 337 4569 4567
f 283 4245 4243
f 290 4287 4285
f 368 4755 4753
f 392 4900 4897
f 349 4642 4639
f 344 4611 4609
f 296 4323 4321
f 362 4719 4717
f 265 4138 4135
f 251 4054 4051
f 233 3946 3943
f 228 3916 3913
f 240 3988 3985
f 246 4024 4021
f 258 4096 4093
f 360 4708 4705
f 401 4954 4951
f 389 4882 4879
f 263 4126 4123
f 329 4522 4519
f 310 4408 4405
f 280 4228 4225
f 318 4456 4453
f 324 4492 4489
f 342 4600 4597
f 288 4276 4273
f 292 4300 4297
f 371 4774 4771
f 393 4906 4903
f 409 5004 5000
f 405 4980 4976
f 411 5016 5012
f 414 5034 5030
f 417 5052 5048
f 431 5136 5132
f 488 5478 5474
f 575 6000 5996
f 563 5928 5924
f 519 5664 5660
f 454 5274 5270
f 450 5250 5246
f 456 5286 5282
f 459 5304 5300
f 462 5322 5318
f 472 5382 5378
f 446 5226 5222
f 506 5586 5582
f 535 5760 5756
f 541 5796 5792
f 570 5970 5966
f 480 5430 5426
f 421 5076 5072
f 511 5616 5612
f 556 5886 5882
f 484 5454 5450
f 580 6030 6026
f 567 5952 5948
f 522 5682 5678
f 427 5112 5108
f 544 5814 5810
f 468 5358 5354
f 436 5166 5162
f 499 5544 5540
f 530 5730 5726
f 548 5838 5834
f 466 5346 5342
f 442 5202 5198
f 505 5580 5576
f 536 5766 5762
f 491 5496 5492
f 423 5088 5084
f 513 5628 5624
f 564 5934 5930
f 581 6036 6032
f 549 5844 5840
f 477 5412 5408
f 445 5220 5216
f 503 5568 5564
f 525 5700 5696
f 474 5394 5390
f 438 5178 5174
f 495 5520 5516
f 532 5742 5738
f 552 5862 5858
f 490 5490 5486
f 577 6012 6008
f 559 5904 5900
f 517 5652 5648
f 430 5130 5126
f 590 6089 6085
f 584 6053 6049
f 585 6059 6055
f 592 6101 6097
f 595 6119 6115
f 598 6137 6133
f 636 6365 6361
f 621 6276 6272
f 642 6402 6398
f 601 6156 6152
f 623 6287 6283
f 611 6215 6211
f 609 6204 6200
f 625 6299 6295
f 628 6317 6313
f 632 6341 6337
f 613 6227 6223
f 616 6246 6242
f 638 6378 6374
f 606 6186 6182
f 407 4990 4988
f 403 4966 4964
f 404 4971 4969
f 410 5007 5005
f 413 5025 5023
f 422 5079 5077
f 486 5464 5462
f 573 5986 5984
f 561 5914 5912
f 512 5619 5617
f 452 5260 5258
f 448 5236 5234
f 449 5241 5239
f 455 5277 5275
f 458 5295 5293
f 470 5368 5366
f 437 5169 5167
f 494 5511 5509
f 531 5733 5731
f 539 5782 5780
f 568 5956 5954
f 478 5416 5414
f 419 5062 5060
f 509 5602 5600
f 554 5872 5870
f 482 5440 5438
f 576 6003 6001
f 558 5895 5893
f 516 5643 5641
f 425 5098 5096
f 542 5800 5798
f 463 5325 5323
f 434 5152 5150
f 497 5530 5528
f 528 5716 5714
f 546 5824 5822
f 464 5332 5330
f 440 5188 5186
f 500 5547 5545
f 524 5691 5689
f 479 5421 5419
f 418 5055 5053
f 508 5595 5593
f 553 5865 5863
f 569 5961 5959
f 538 5775 5773
f 471 5373 5371
f 443 5206 5204
f 501 5554 5552
f 523 5686 5684
f 467 5349 5347
f 433 5145 5143
f 493 5506 5504
f 527 5709 5707
f 543 5805 5803
f 485 5457 5455
f 572 5979 5977
f 557 5890 5888
f 515 5638 5636
f 428 5116 5114
f 591 6093 6091
f 587 6069 6067
f 588 6076 6074
f 594 6112 6110
f 597 6130 6128
f 600 6148 6146
f 634 6351 6349
f 619 6261 6259
f 639 6381 6379
f 602 6160 6158
f 624 6291 6289
f 608 6195 6193
f 610 6208 6206
f 627 6310 6308
f 630 6328 6326
f 635 6357 6355
f 615 6238 6236
f 617 6250 6248
f 637 6370 6368
f 604 6171 6169
f 416 5044 5042
f 408 4996 4994
f 406 4984 4982
f 412 5020 5018
f 415 5038 5036
f 424 5092 5090
f 492 5500 5498
f 582 6040 6038
f 565 5938 5936
f 514 5632 5630
f 461 5314 5312
f 453 5266 5264
f 451 5254 5252
f 457 5290 5288
f 460 5308 5306
f 475 5398 5396
f 439 5182 5180
f 496 5524 5522
f 533 5746 5744
f 551 5854 5852
f 579 6022 6020
f 483 5446 5444
f 426 5104 5102
f 521 5674 5672
f 566 5944 5942
f 489 5482 5480
f 578 6016 6014
f 560 5908 5906
f 518 5656 5654
f 429 5122 5120
f 547 5830 5828
f 465 5338 5336
f 441 5194 5192
f 504 5572 5570
f 537 5770 5768
f 550 5848 5846
f 476 5404 5402
f 444 5212 5210
f 502 5560 5558
f 526 5704 5702
f 481 5434 5432
f 420 5068 5066
f 510 5608 5606
f 555 5878 5876
f 571 5974 5972
f 540 5788 5786
f 473 5386 5384
f 447 5230 5228
f 507 5590 5588
f 534 5752 5750
f 469 5362 5360
f 435 5158 5156
f 498 5536 5534
f 529 5722 5720
f 545 5818 5816
f 487 5470 5468
f 574 5992 5990
f 562 5920 5918
f 520 5668 5666
f 432 5140 5138
f 589 6081 6079
f 583 6045 6043
f 586 6063 6061
f 593 6105 6103
f 596 6123 6121
f 599 6141 6139
f 633 6346 6344
f 620 6268 6266
f 640 6388 6386
f 603 6165 6163
f 622 6279 6277
f 607 6190 6188
f 612 6219 6217
f 626 6303 6301
f 629 6321 6319
f 631 6333 6331
f 614 6231 6229
f 618 6255 6253
f 641 6394 6392
f 605 6178 6176
f 409 5001 4999
f 405 4977 4975
f 411 5013 5011
f 414 5031 5029
f 417 5049 5047
f 431 5133 5131
f 488 5475 5473
f 575 5997 5995
f 563 5925 5923
f 519 5661 5659
f 454 5271 5269
f 450 5247 5245
f 456 5283 5281
f 459 5301 5299
f 462 5319 5317
f 472 5379 5377
f 446 5223 5221
f 506 5583 5581
f 535 5757 5755
f 541 5793 5791
f 570 5967 5965
f 480 5427 5425
f 421 5073 5071
f 511 5613 5611
f 556 5883 5881
f 484 5451 5449
f 580 6027 6025
f 567 5949 5947
f 522 5679 5677
f 427 5109 5107
f 544 5811 5809
f 468 5355 5353
f 436 5163 5161
f 499 5541 5539
f 530 5727 5725
f 548 5835 5833
f 466 5343 5341
f 442 5199 5197
f 505 5577 5575
f 536 5763 5761
f 491 5493 5491
f 423 5085 5083
f 513 5625 5623
f 564 5931 5929
f 581 6033 6031
f 549 5841 5839
f 477 5409 5407
f 445 5217 5215
f 503 5565 5563
f 525 5697 5695
f 474 5391 5389
f 438 5175 5173
f 495 5517 5515
f 532 5739 5737
f 552 5859 5857
f 490 5487 5485
f 577 6009 6007
f 559 5901 5899
f 517 5649 5647
f 430 5127 5125
f 590 6088 6086
f 584 6052 6050
f 585 6058 6056
f 592 6100 6098
f 595 6118 6116
f 598 6136 6134
f 636 6364 6362
f 621 6273 6271
f 642 6399 6397
f 601 6153 6151
f 623 6286 6284
f 611 6214 6212
f 609 6201 6199
f 625 6298 6296
f 628 6316 6314
f 632 6340 6338
f 613 6226 6224
f 616 6243 6241
f 638 6375 6373
f 606 6183 6181
f 407 4991 4987
f 403 4967 4963
f 404 4974 4970
f 410 5010 5006
f 413 5028 5024
f 422 5082 5078
f 486 5465 5461
f 573 5987 5983
f 561 5915 5911
f 512 5622 5618
f 452 5261 5257
f 448 5237 5233
f 449 5244 5240
f 455 5280 5276
f 458 5298 5294
f 470 5369 5365
f 437 5172 5168
f 494 5514 5510
f 531 5736 5732
f 539 5783 5779
f 568 5957 5953
f 478 5417 5413
f 419 5063 5059
f 509 5603 5599
f 554 5873 5869
f 482 5441 5437
f 576 6006 6002
f 558 5898 5894
f 516 5646 5642
f 425 5099 5095
f 542 5801 5797
f 463 5328 5324
f 434 5153 5149
f 497 5531 5527
f 528 5717 5713
f 546 5825 5821
f 464 5333 5329
f 440 5189 5185
f 500 5550 5546
f 524 5694 5690
f 479 5424 5420
f 418 5058 5054
f 508 5598 5594
f 553 5868 5864
f 569 5964 5960
f 538 5778 5774
f 471 5376 5372
f 443 5207 5203
f 501 5555 5551
f 523 5687 5683
f 467 5352 5348
f 433 5148 5144
f 493 5507 5503
f 527 5712 5708
f 543 5808 5804
f 485 5460 5456
f 572 5982 5978
f 557 5891 5887
f 515 5639 5635
f 428 5117 5113
f 591 6096 6092
f 587 6072 6068
f 588 6077 6073
f 594 6113 6109
f 597 6131 6127
f 600 6149 6145
f 634 6354 6350
f 619 6264 6260
f 639 6384 6380
f 602 6161 6157
f 624 6294 6290
f 608 6198 6194
f 610 6209 6205
f 627 6311 6307
f 630 6329 6325
f 635 6360 6356
f 615 6239 6235
f 617 6251 6247
f 637 6371 6367
f 604 6174 6170
f 164 3534 3530
f 163 3527 3524
f 165 3539 3536
f 166 3545 3542
f 167 3552 3548
f 172 3581 3578
f 190 3690 3686
f 219 3864 3860
f 215 3840 3836
f 201 3755 3752
f 179 3624 3620
f 178 3617 3614
f 180 3629 3626
f 181 3635 3632
f 182 3642 3638
f 185 3659 3656
f 177 3611 3608
f 197 3731 3728
f 206 3786 3782
f 208 3798 3794
f 218 3857 3854
f 188 3677 3674
f 168 3558 3554
f 198 3738 3734
f 213 3828 3824
f 189 3684 3680
f 221 3876 3872
f 217 3852 3848
f 202 3762 3758
f 170 3570 3566
f 209 3803 3800
f 184 3653 3650
f 173 3588 3584
f 194 3714 3710
f 204 3774 3770
f 210 3810 3806
f 183 3648 3644
f 175 3600 3596
f 196 3726 3722
f 207 3791 3788
f 192 3701 3698
f 169 3563 3560
f 199 3743 3740
f 216 3845 3842
f 222 3881 3878
f 211 3815 3812
f 187 3672 3668
f 176 3606 3602
f 195 3720 3716
f 203 3767 3764
f 186 3665 3662
f 174 3593 3590
f 193 3707 3704
f 205 3779 3776
f 212 3822 3818
f 191 3696 3692
f 220 3869 3866
f 214 3833 3830
f 200 3749 3746
f 171 3576 3572
f 358 4698 4694
f 256 4086 4082
f 261 4116 4112
f 387 4872 4868
f 399 4944 4940
f 351 4656 4652
f 348 4638 4634
f 300 4350 4346
f 366 4746 4742
f 267 4152 4148
f 340 4590 4586
f 287 4272 4268
f 291 4296 4292
f 369 4764 4760
f 395 4920 4916
f 354 4674 4670
f 345 4620 4616
f 297 4332 4328
f 363 4728 4724
f 270 4170 4166
f 247 4031 4028
f 229 3923 3920
f 223 3888 3884
f 235 3960 3956
f 241 3996 3992
f 253 4068 4064
f 355 4680 4676
f 398 4938 4934
f 386 4866 4862
f 260 4110 4106
f 325 4499 4496
f 307 4391 4388
f 278 4218 4214
f 313 4428 4424
f 319 4464 4460
f 337 4572 4568
f 283 4248 4244
f 290 4290 4286
f 368 4758 4754
f 392 4901 4898
f 356 4685 4682
f 254 4073 4070
f 259 4103 4100
f 385 4859 4856
f 397 4931 4928
f 349 4643 4640
f 344 4614 4610
f 296 4326 4322
f 362 4722 4718
f 265 4139 4136
f 338 4577 4574
f 284 4253 4250
f 289 4283 4280
f 367 4751 4748
f 391 4896 4892
f 350 4650 4646
f 343 4607 4604
f 295 4319 4316
f 361 4715 4712
f 266 4146 4142
f 230 3930 3926
f 224 3893 3890
f 236 3965 3962
f 242 4001 3998
f 248 4038 4034
f 272 4181 4178
f 331 4536 4532
f 301 4356 4352
f 373 4788 4784
f 380 4829 4826
f 308 4398 4394
f 277 4211 4208
f 314 4433 4430
f 320 4469 4466
f 326 4506 4502
f 332 4541 4538
f 302 4361 4358
f 374 4793 4790
f 379 4824 4820
f 271 4176 4172
f 234 3954 3950
f 227 3912 3908
f 239 3984 3980
f 245 4020 4016
f 252 4062 4058
f 275 4200 4196
f 334 4554 4550
f 304 4374 4370
f 377 4812 4808
f 382 4842 4838
f 312 4422 4418
f 279 4224 4220
f 316 4446 4442
f 323 4488 4484
f 330 4530 4526
f 335 4560 4556
f 305 4380 4376
f 376 4806 4802
f 383 4848 4844
f 274 4194 4190
f 232 3941 3938
f 225 3899 3896
f 237 3971 3968
f 243 4007 4004
f 250 4049 4046
f 273 4187 4184
f 336 4565 4562
f 306 4385 4382
f 378 4817 4814
f 381 4835 4832
f 311 4415 4412
f 281 4235 4232
f 315 4439 4436
f 321 4475 4472
f 328 4517 4514
f 333 4547 4544
f 303 4367 4364
f 375 4799 4796
f 384 4853 4850
f 276 4205 4202
f 251 4055 4052
f 233 3947 3944
f 228 3917 3914
f 240 3989 3986
f 246 4025 4022
f 258 4097 4094
f 360 4709 4706
f 401 4955 4952
f 389 4883 4880
f 263 4127 4124
f 329 4523 4520
f 310 4409 4406
f 280 4229 4226
f 318 4457 4454
f 324 4493 4490
f 342 4601 4598
f 288 4277 4274
f 292 4301 4298
f 371 4775 4772
f 393 4907 4904
f 357 4691 4688
f 255 4079 4076
f 262 4121 4118
f 388 4877 4874
f 400 4949 4946
f 352 4661 4658
f 347 4631 4628
f 298 4337 4334
f 364 4733 4730
f 269 4163 4160
f 339 4583 4580
f 285 4259 4256
f 293 4307 4304
f 370 4769 4766
f 396 4925 4922
f 353 4667 4664
f 346 4625 4622
f 299 4343 4340
f 365 4739 4736
f 268 4157 4154
f 249 4044 4040
f 231 3936 3932
f 226 3906 3902
f 238 3978 3974
f 244 4014 4010
f 257 4092 4088
f 359 4704 4700
f 402 4962 4958
f 390 4890 4886
f 264 4134 4130
f 327 4512 4508
f 309 4404 4400
f 282 4242 4238
f 317 4452 4448
f 322 4482 4478
f 341 4596 4592
f 286 4266 4262
f 294 4314 4310
f 372 4782 4778
f 394 4914 4910
f 416 5045 5041
f 408 4997 4993
f 406 4985 4981
f 412 5021 5017
f 415 5039 5035
f 424 5093 5089
f 492 5501 5497
f 582 6041 6037
f 565 5939 5935
f 514 5633 5629
f 461 5315 5311
f 453 5267 5263
f 451 5255 5251
f 457 5291 5287
f 460 5309 5305
f 475 5399 5395
f 439 5183 5179
f 496 5525 5521
f 533 5747 5743
f 551 5855 5851
f 579 6023 6019
f 483 5447 5443
f 426 5105 5101
f 521 5675 5671
f 566 5945 5941
f 489 5483 5479
f 578 6017 6013
f 560 5909 5905
f 518 5657 5653
f 429 5123 5119
f 547 5831 5827
f 465 5339 5335
f 441 5195 5191
f 504 5573 5569
f 537 5771 5767
f 550 5849 5845
f 476 5405 5401
f 444 5213 5209
f 502 5561 5557
f 526 5705 5701
f 481 5435 5431
f 420 5069 5065
f 510 5609 5605
f 555 5879 5875
f 571 5975 5971
f 540 5789 5785
f 473 5387 5383
f 447 5231 5227
f 507 5591 5587
f 534 5753 5749
f 469 5363 5359
f 435 5159 5155
f 498 5537 5533
f 529 5723 5719
f 545 5819 5815
f 487 5471 5467
f 574 5993 5989
f 562 5921 5917
f 520 5669 5665
f 432 5141 5137
f 589 6084 6080
f 583 6048 6044
f 586 6066 6062
f 593 6108 6104
f 596 6126 6122
f 599 6144 6140
f 633 6347 6343
f 620 6269 6265
f 640 6389 6385
f 603 6168 6164
f 622 6282 6278
f 607 6191 6187
f 612 6222 6218
f 626 6306 6302
f 629 6324 6320
f 631 6336 6332
f 614 6234 6230
f 618 6258 6254
f 641 6395 6391
f 605 6179 6175
f 164 3532 3534
f 163 3525 3527
f 165 3537 3539
f 166 3543 3545
f 167 3550 3552
f 172 3579 3581
f 190 3688 3690
f 219 3862 3864
f 215 3838 3840
f 201 3753 3755
f 179 3622 3624
f 178 3615 3617
f 180 3627 3629
f 181 3633 3635
f 182 3640 3642
f 185 3657 3659
f 177 3609 3611
f 197 3729 3731
f 206 3784 3786
f 208 3796 3798
f 218 3855 3857
f 188 3675 3677
f 168 3556 3558
f 198 3736 3738
f 213 3826 3828
f 189 3682 3684
f 221 3874 3876
f 217 3850 3852
f 202 3760 3762
f 170 3568 3570
f 209 3801 3803
f 184 3651 3653
f 173 3586 3588
f 194 3712 3714
f 204 3772 3774
f 210 3808 3810
f 183 3646 3648
f 175 3598 3600
f 196 3724 3726
f 207 3789 3791
f 192 3699 3701
f 169 3561 3563
f 199 3741 3743
f 216 3843 3845
f 222 3879 3881
f 211 3813 3815
f 187 3670 3672
f 176 3604 3606
f 195 3718 3720
f 203 3765 3767
f 186 3663 3665
f 174 3591 3593
f 193 3705 3707
f 205 3777 3779
f 212 3820 3822
f 191 3694 3696
f 220 3867 3869
f 214 3831 3833
f 200 3747 3749
f 171 3574 3576
f 358 4696 4698
f 256 4084 4086
f 261 4114 4116
f 387 4870 4872
f 399 4942 4944
f 351 4654 4656
f 348 4636 4638
f 300 4348 4350
f 366 4744 4746
f 267 4150 4152
f 340 4588 4590
f 287 4270 4272
f 291 4294 4296
f 369 4762 4764
f 395 4918 4920
f 354 4672 4674
f 345 4618 4620
f 297 4330 4332
f 363 4726 4728
f 270 4168 4170
f 247 4029 4031
f 229 3921 3923
f 223 3886 3888
f 235 3958 3960
f 241 3994 3996
f 253 4066 4068
f 355 4678 4680
f 398 4936 4938
f 386 4864 4866
f 260 4108 4110
f 325 4497 4499
f 307 4389 4391
f 278 4216 4218
f 313 4426 4428
f 319 4462 4464
f 337 4570 4572
f 283 4246 4248
f 290 4288 4290
f 368 4756 4758
f 392 4899 4901
f 356 4683 4685
f 254 4071 4073
f 259 4101 4103
f 385 4857 4859
f 397 4929 4931
f 349 4641 4643
f 344 4612 4614
f 296 4324 4326
f 362 4720 4722
f 265 4137 4139
f 338 4575 4577
f 284 4251 4253
f 289 4281 4283
f 367 4749 4751
f 391 4894 4896
f 350 4648 4650
f 343 4605 4607
f 295 4317 4319
f 361 4713 4715
f 266 4144 4146
f 230 3928 3930
f 224 3891 3893
f 236 3963 3965
f 242 3999 4001
f 248 4036 4038
f 272 4179 4181
f 331 4534 4536
f 301 4354 4356
f 373 4786 4788
f 380 4827 4829
f 308 4396 4398
f 277 4209 4211
f 314 4431 4433
f 320 4467 4469
f 326 4504 4506
f 332 4539 4541
f 302 4359 4361
f 374 4791 4793
f 379 4822 4824
f 271 4174 4176
f 234 3952 3954
f 227 3910 3912
f 239 3982 3984
f 245 4018 4020
f 252 4060 4062
f 275 4198 4200
f 334 4552 4554
f 304 4372 4374
f 377 4810 4812
f 382 4840 4842
f 312 4420 4422
f 279 4222 4224
f 316 4444 4446
f 323 4486 4488
f 330 4528 4530
f 335 4558 4560
f 305 4378 4380
f 376 4804 4806
f 383 4846 4848
f 274 4192 4194
f 232 3939 3941
f 225 3897 3899
f 237 3969 3971
f 243 4005 4007
f 250 4047 4049
f 273 4185 4187
f 336 4563 4565
f 306 4383 4385
f 378 4815 4817
f 381 4833 4835
f 311 4413 4415
f 281 4233 4235
f 315 4437 4439
f 321 4473 4475
f 328 4515 4517
f 333 4545 4547
f 303 4365 4367
f 375 4797 4799
f 384 4851 4853
f 276 4203 4205
f 251 4053 4055
f 233 3945 3947
f 228 3915 3917
f 240 3987 3989
f 246 4023 4025
f 258 4095 4097
f 360 4707 4709
f 401 4953 4955
f 389 4881 4883
f 263 4125 4127
f 329 4521 4523
f 310 4407 4409
f 280 4227 4229
f 318 4455 4457
f 324 4491 4493
f 342 4599 4601
f 288 4275 4277
f 292 4299 4301
f 371 4773 4775
f 393 4905 4907
f 357 4689 4691
f 255 4077 4079
f 262 4119 4121
f 388 4875 4877
f 400 4947 4949
f 352 4659 4661
f 347 4629 4631
f 298 4335 4337
f 364 4731 4733
f 269 4161 4163
f 339 4581 4583
f 285 4257 4259
f 293 4305 4307
f 370 4767 4769
f 396 4923 4925
f 353 4665 4667
f 346 4623 4625
f 299 4341 4343
f 365 4737 4739
f 268 4155 4157
f 249 4042 4044
f 231 3934 3936
f 226 3904 3906
f 238 3976 3978
f 244 4012 4014
f 257 4090 4092
f 359 4702 4704
f 402 4960 4962
f 390 4888 4890
f 264 4132 4134
f 327 4510 4512
f 309 4402 4404
f 282 4240 4242
f 317 4450 4452
f 322 4480 4482
f 341 4594 4596
f 286 4264 4266
f 294 4312 4314
f 372 4780 4782
f 394 4912 4914
f 416 5046 5045
f 408 4998 4997
f 406 4986 4985
f 412 5022 5021
f 415 5040 5039
f 424 5094 5093
f 492 5502 5501
f 582 6042 6041
f 565 5940 5939
f 514 5634 5633
f 461 5316 5315
f 453 5268 5267
f 451 5256 5255
f 457 5292 5291
f 460 5310 5309
f 475 5400 5399
f 439 5184 5183
f 496 5526 5525
f 533 5748 5747
f 551 5856 5855
f 579 6024 6023
f 483 5448 5447
f 426 5106 5105
f 521 5676 5675
f 566 5946 5945
f 489 5484 5483
f 578 6018 6017
f 560 5910 5909
f 518 5658 5657
f 429 5124 5123
f 547 5832 5831
f 465 5340 5339
f 441 5196 5195
f 504 5574 5573
f 537 5772 5771
f 550 5850 5849
f 476 5406 5405
f 444 5214 5213
f 502 5562 5561
f 526 5706 5705
f 481 5436 5435
f 420 5070 5069
f 510 5610 5609
f 555 5880 5879
f 571 5976 5975
f 540 5790 5789
f 473 5388 5387
f 447 5232 5231
f 507 5592 5591
f 534 5754 5753
f 469 5364 5363
f 435 5160 5159
f 498 5538 5537
f 529 5724 5723
f 545 5820 5819
f 487 5472 5471
f 574 5994 5993
f 562 5922 5921
f 520 5670 5669
f 432 5142 5141
f 589 6083 6084
f 583 6047 6048
f 586 6065 6066
f 593 6107 6108
f 596 6125 6126
f 599 6143 6144
f 633 6348 6347
f 620 6270 6269
f 640 6390 6389
f 603 6167 6168
f 622 6281 6282
f 607 6192 6191
f 612 6221 6222
f 626 6305 6306
f 629 6323 6324
f 631 6335 6336
f 614 6233 6234
f 618 6257 6258
f 641 6396 6395
f 605 6180 6179
f 164 3529 3532
f 163 3523 3525
f 165 3535 3537
f 166 3541 3543
f 167 3547 3550
f 172 3577 3579
f 190 3685 3688
f 219 3859 3862
f 215 3835 3838
f 201 3751 3753
f 179 3619 3622
f 178 3613 3615
f 180 3625 3627
f 181 3631 3633
f 182 3637 3640
f 185 3655 3657
f 177 3607 3609
f 197 3727 3729
f 206 3781 3784
f 208 3793 3796
f 218 3853 3855
f 188 3673 3675
f 168 3553 3556
f 198 3733 3736
f 213 3823 3826
f 189 3679 3682
f 221 3871 3874
f 217 3847 3850
f 202 3757 3760
f 170 3565 3568
f 209 3799 3801
f 184 3649 3651
f 173 3583 3586
f 194 3709 3712
f 204 3769 3772
f 210 3805 3808
f 183 3643 3646
f 175 3595 3598
f 196 3721 3724
f 207 3787 3789
f 192 3697 3699
f 169 3559 3561
f 199 3739 3741
f 216 3841 3843
f 222 3877 3879
f 211 3811 3813
f 187 3667 3670
f 176 3601 3604
f 195 3715 3718
f 203 3763 3765
f 186 3661 3663
f 174 3589 3591
f 193 3703 3705
f 205 3775 3777
f 212 3817 3820
f 191 3691 3694
f 220 3865 3867
f 214 3829 3831
f 200 3745 3747
f 171 3571 3574
f 358 4693 4696
f 256 4081 4084
f 261 4111 4114
f 387 4867 4870
f 399 4939 4942
f 351 4651 4654
f 348 4633 4636
f 300 4345 4348
f 366 4741 4744
f 267 4147 4150
f 340 4585 4588
f 287 4267 4270
f 291 4291 4294
f 369 4759 4762
f 395 4915 4918
f 354 4669 4672
f 345 4615 4618
f 297 4327 4330
f 363 4723 4726
f 270 4165 4168
f 247 4027 4029
f 229 3919 3921
f 223 3883 3886
f 235 3955 3958
f 241 3991 3994
f 253 4063 4066
f 355 4675 4678
f 398 4933 4936
f 386 4861 4864
f 260 4105 4108
f 325 4495 4497
f 307 4387 4389
f 278 4213 4216
f 313 4423 4426
f 319 4459 4462
f 337 4567 4570
f 283 4243 4246
f 290 4285 4288
f 368 4753 4756
f 392 4897 4899
f 356 4681 4683
f 254 4069 4071
f 259 4099 4101
f 385 4855 4857
f 397 4927 4929
f 349 4639 4641
f 344 4609 4612
f 296 4321 4324
f 362 4717 4720
f 265 4135 4137
f 338 4573 4575
f 284 4249 4251
f 289 4279 4281
f 367 4747 4749
f 391 4891 4894
f 350 4645 4648
f 343 4603 4605
f 295 4315 4317
f 361 4711 4713
f 266 4141 4144
f 230 3925 3928
f 224 3889 3891
f 236 3961 3963
f 242 3997 3999
f 248 4033 4036
f 272 4177 4179
f 331 4531 4534
f 301 4351 4354
f 373 4783 4786
f 380 4825 4827
f 308 4393 4396
f 277 4207 4209
f 314 4429 4431
f 320 4465 4467
f 326 4501 4504
f 332 4537 4539
f 302 4357 4359
f 374 4789 4791
f 379 4819 4822
f 271 4171 4174
f 234 3949 3952
f 227 3907 3910
f 239 3979 3982
f 245 4015 4018
f 252 4057 4060
f 275 4195 4198
f 334 4549 4552
f 304 4369 4372
f 377 4807 4810
f 382 4837 4840
f 312 4417 4420
f 279 4219 4222
f 316 4441 4444
f 323 4483 4486
f 330 4525 4528
f 335 4555 4558
f 305 4375 4378
f 376 4801 4804
f 383 4843 4846
f 274 4189 4192
f 232 3937 3939
f 225 3895 3897
f 237 3967 3969
f 243 4003 4005
f 250 4045 4047
f 273 4183 4185
f 336 4561 4563
f 306 4381 4383
f 378 4813 4815
f 381 4831 4833
f 311 4411 4413
f 281 4231 4233
f 315 4435 4437
f 321 4471 4473
f 328 4513 4515
f 333 4543 4545
f 303 4363 4365
f 375 4795 4797
f 384 4849 4851
f 276 4201 4203
f 251 4051 4053
f 233 3943 3945
f 228 3913 3915
f 240 3985 3987
f 246 4021 4023
f 258 4093 4095
f 360 4705 4707
f 401 4951 4953
f 389 4879 4881
f 263 4123 4125
f 329 4519 4521
f 310 4405 4407
f 280 4225 4227
f 318 4453 4455
f 324 4489 4491
f 342 4597 4599
f 288 4273 4275
f 292 4297 4299
f 371 4771 4773
f 393 4903 4905
f 357 4687 4689
f 255 4075 4077
f 262 4117 4119
f 388 4873 4875
f 400 4945 4947
f 352 4657 4659
f 347 4627 4629
f 298 4333 4335
f 364 4729 4731
f 269 4159 4161
f 339 4579 4581
f 285 4255 4257
f 293 4303 4305
f 370 4765 4767
f 396 4921 4923
f 353 4663 4665
f 346 4621 4623
f 299 4339 4341
f 365 4735 4737
f 268 4153 4155
f 249 4039 4042
f 231 3931 3934
f 226 3901 3904
f 238 3973 3976
f 244 4009 4012
f 257 4087 4090
f 359 4699 4702
f 402 4957 4960
f 390 4885 4888
f 264 4129 4132
f 327 4507 4510
f 309 4399 4402
f 282 4237 4240
f 317 4447 4450
f 322 4477 4480
f 341 4591 4594
f 286 4261 4264
f 294 4309 4312
f 372 4777 4780
f 394 4909 4912
f 416 5042 5046
f 408 4994 4998
f 406 4982 4986
f 412 5018 5022
f 415 5036 5040
f 424 5090 5094
f 492 5498 5502
f 582 6038 6042
f 565 5936 5940
f 514 5630 5634
f 461 5312 5316
f 453 5264 5268
f 451 5252 5256
f 457 5288 5292
f 460 5306 5310
f 475 5396 5400
f 439 5180 5184
f 496 5522 5526
f 533 5744 5748
f 551 5852 5856
f 579 6020 6024
f 483 5444 5448
f 426 5102 5106
f 521 5672 5676
f 566 5942 5946
f 489 5480 5484
f 578 6014 6018
f 560 5906 5910
f 518 5654 5658
f 429 5120 5124
f 547 5828 5832
f 465 5336 5340
f 441 5192 5196
f 504 5570 5574
f 537 5768 5772
f 550 5846 5850
f 476 5402 5406
f 444 5210 5214
f 502 5558 5562
f 526 5702 5706
f 481 5432 5436
f 420 5066 5070
f 510 5606 5610
f 555 5876 5880
f 571 5972 5976
f 540 5786 5790
f 473 5384 5388
f 447 5228 5232
f 507 5588 5592
f 534 5750 5754
f 469 5360 5364
f 435 5156 5160
f 498 5534 5538
f 529 5720 5724
f 545 5816 5820
f 487 5468 5472
f 574 5990 5994
f 562 5918 5922
f 520 5666 5670
f 432 5138 5142
f 589 6079 6083
f 583 6043 6047
f 586 6061 6065
f 593 6103 6107
f 596 6121 6125
f 599 6139 6143
f 633 6344 6348
f 620 6266 6270
f 640 6386 6390
f 603 6163 6167
f 622 6277 6281
f 607 6188 6192
f 612 6217 6221
f 626 6301 6305
f 629 6319 6323
f 631 6331 6335
f 614 6229 6233
f 618 6253 6257
f 641 6392 6396
f 605 6176 6180
f 167 3548 3551
f 164 3530 3533
f 163 3524 3528
f 165 3536 3540
f 166 3542 3546
f 169 3560 3564
f 192 3698 3702
f 222 3878 3882
f 216 3842 3846
f 199 3740 3744
f 182 3638 3641
f 179 3620 3623
f 178 3614 3618
f 180 3626 3630
f 181 3632 3636
f 186 3662 3666
f 174 3590 3594
f 193 3704 3708
f 205 3776 3780
f 212 3818 3821
f 221 3872 3875
f 189 3680 3683
f 170 3566 3569
f 202 3758 3761
f 217 3848 3851
f 191 3692 3695
f 220 3866 3870
f 214 3830 3834
f 200 3746 3750
f 171 3572 3575
f 210 3806 3809
f 183 3644 3647
f 175 3596 3599
f 196 3722 3725
f 207 3788 3792
f 211 3812 3816
f 187 3668 3671
f 176 3602 3605
f 195 3716 3719
f 203 3764 3768
f 188 3674 3678
f 168 3554 3557
f 198 3734 3737
f 213 3824 3827
f 218 3854 3858
f 208 3794 3797
f 185 3656 3660
f 177 3608 3612
f 197 3728 3732
f 206 3782 3785
f 184 3650 3654
f 173 3584 3587
f 194 3710 3713
f 204 3770 3773
f 209 3800 3804
f 190 3686 3689
f 219 3860 3863
f 215 3836 3839
f 201 3752 3756
f 172 3578 3582
f 357 4688 4692
f 255 4076 4080
f 262 4118 4122
f 388 4874 4878
f 400 4946 4950
f 352 4658 4662
f 347 4628 4632
f 298 4334 4338
f 364 4730 4734
f 269 4160 4164
f 339 4580 4584
f 285 4256 4260
f 293 4304 4308
f 370 4766 4770
f 396 4922 4926
f 353 4664 4668
f 346 4622 4626
f 299 4340 4344
f 365 4736 4740
f 268 4154 4158
f 249 4040 4043
f 231 3932 3935
f 226 3902 3905
f 238 3974 3977
f 244 4010 4013
f 257 4088 4091
f 359 4700 4703
f 402 4958 4961
f 390 4886 4889
f 264 4130 4133
f 327 4508 4511
f 309 4400 4403
f 282 4238 4241
f 317 4448 4451
f 322 4478 4481
f 341 4592 4595
f 286 4262 4265
f 294 4310 4313
f 372 4778 4781
f 394 4910 4913
f 358 4694 4697
f 256 4082 4085
f 261 4112 4115
f 387 4868 4871
f 399 4940 4943
f 351 4652 4655
f 348 4634 4637
f 300 4346 4349
f 366 4742 4745
f 267 4148 4151
f 340 4586 4589
f 287 4268 4271
f 291 4292 4295
f 369 4760 4763
f 395 4916 4919
f 354 4670 4673
f 345 4616 4619
f 297 4328 4331
f 363 4724 4727
f 270 4166 4169
f 234 3950 3953
f 227 3908 3911
f 239 3980 3983
f 245 4016 4019
f 252 4058 4061
f 275 4196 4199
f 334 4550 4553
f 304 4370 4373
f 377 4808 4811
f 382 4838 4841
f 312 4418 4421
f 279 4220 4223
f 316 4442 4445
f 323 4484 4487
f 330 4526 4529
f 335 4556 4559
f 305 4376 4379
f 376 4802 4805
f 383 4844 4847
f 274 4190 4193
f 232 3938 3942
f 225 3896 3900
f 237 3968 3972
f 243 4004 4008
f 250 4046 4050
f 273 4184 4188
f 336 4562 4566
f 306 4382 4386
f 378 4814 4818
f 381 4832 4836
f 311 4412 4416
f 281 4232 4236
f 315 4436 4440
f 321 4472 4476
f 328 4514 4518
f 333 4544 4548
f 303 4364 4368
f 375 4796 4800
f 384 4850 4854
f 276 4202 4206
f 229 3920 3924
f 223 3884 3887
f 235 3956 3959
f 241 3992 3995
f 247 4028 4032
f 271 4172 4175
f 332 4538 4542
f 302 4358 4362
f 374 4790 4794
f 379 4820 4823
f 307 4388 4392
f 278 4214 4217
f 313 4424 4427
f 319 4460 4463
f 325 4496 4500
f 331 4532 4535
f 301 4352 4355
f 373 4784 4787
f 380 4826 4830
f 272 4178 4182
f 248 4034 4037
f 230 3926 3929
f 224 3890 3894
f 236 3962 3966
f 242 3998 4002
f 254 4070 4074
f 356 4682 4686
f 397 4928 4932
f 385 4856 4860
f 259 4100 4104
f 326 4502 4505
f 308 4394 4397
f 277 4208 4212
f 314 4430 4434
f 320 4466 4470
f 338 4574 4578
f 284 4250 4254
f 289 4280 4284
f 367 4748 4752
f 391 4892 4895
f 355 4676 4679
f 253 4064 4067
f 260 4106 4109
f 386 4862 4865
f 398 4934 4937
f 350 4646 4649
f 343 4604 4608
f 295 4316 4320
f 361 4712 4716
f 266 4142 4145
f 337 4568 4571
f 283 4244 4247
f 290 4286 4289
f 368 4754 4757
f 392 4898 4902
f 349 4640 4644
f 344 4610 4613
f 296 4322 4325
f 362 4718 4721
f 265 4136 4140
f 251 4052 4056
f 233 3944 3948
f 228 3914 3918
f 240 3986 3990
f 246 4022 4026
f 258 4094 4098
f 360 4706 4710
f 401 4952 4956
f 389 4880 4884
f 263 4124 4128
f 329 4520 4524
f 310 4406 4410
f 280 4226 4230
f 318 4454 4458
f 324 4490 4494
f 342 4598 4602
f 288 4274 4278
f 292 4298 4302
f 371 4772 4776
f 393 4904 4908
f 409 4999 5003
f 405 4975 4979
f 411 5011 5015
f 414 5029 5033
f 417 5047 5051
f 431 5131 5135
f 488 5473 5477
f 575 5995 5999
f 563 5923 5927
f 519 5659 5663
f 454 5269 5273
f 450 5245 5249
f 456 5281 5285
f 459 5299 5303
f 462 5317 5321
f 472 5377 5381
f 446 5221 5225
f 506 5581 5585
f 535 5755 5759
f 541 5791 5795
f 570 5965 5969
f 480 5425 5429
f 421 5071 5075
f 511 5611 5615
f 556 5881 5885
f 484 5449 5453
f 580 6025 6029
f 567 5947 5951
f 522 5677 5681
f 427 5107 5111
f 544 5809 5813
f 468 5353 5357
f 436 5161 5165
f 499 5539 5543
f 530 5725 5729
f 548 5833 5837
f 466 5341 5345
f 442 5197 5201
f 505 5575 5579
f 536 5761 5765
f 491 5491 5495
f 423 5083 5087
f 513 5623 5627
f 564 5929 5933
f 581 6031 6035
f 549 5839 5843
f 477 5407 5411
f 445 5215 5219
f 503 5563 5567
f 525 5695 5699
f 474 5389 5393
f 438 5173 5177
f 495 5515 5519
f 532 5737 5741
f 552 5857 5861
f 490 5485 5489
f 577 6007 6011
f 559 5899 5903
f 517 5647 5651
f 430 5125 5129
f 590 6086 6090
f 584 6050 6054
f 585 6056 6060
f 592 6098 6102
f 595 6116 6120
f 598 6134 6138
f 636 6362 6366
f 621 6271 6275
f 642 6397 6401
f 601 6151 6155
f 623 6284 6288
f 611 6212 6216
f 609 6199 6203
f 625 6296 6300
f 628 6314 6318
f 632 6338 6342
f 613 6224 6228
f 616 6241 6245
f 638 6373 6377
f 606 6181 6185
f 407 4987 4989
f 403 4963 4965
f 404 4970 4972
f 410 5006 5008
f 413 5024 5026
f 422 5078 5080
f 486 5461 5463
f 573 5983 5985
f 561 5911 5913
f 512 5618 5620
f 452 5257 5259
f 448 5233 5235
f 449 5240 5242
f 455 5276 5278
f 458 5294 5296
f 470 5365 5367
f 437 5168 5170
f 494 5510 5512
f 531 5732 5734
f 539 5779 5781
f 568 5953 5955
f 478 5413 5415
f 419 5059 5061
f 509 5599 5601
f 554 5869 5871
f 482 5437 5439
f 576 6002 6004
f 558 5894 5896
f 516 5642 5644
f 425 5095 5097
f 542 5797 5799
f 463 5324 5326
f 434 5149 5151
f 497 5527 5529
f 528 5713 5715
f 546 5821 5823
f 464 5329 5331
f 440 5185 5187
f 500 5546 5548
f 524 5690 5692
f 479 5420 5422
f 418 5054 5056
f 508 5594 5596
f 553 5864 5866
f 569 5960 5962
f 538 5774 5776
f 471 5372 5374
f 443 5203 5205
f 501 5551 5553
f 523 5683 5685
f 467 5348 5350
f 433 5144 5146
f 493 5503 5505
f 527 5708 5710
f 543 5804 5806
f 485 5456 5458
f 572 5978 5980
f 557 5887 5889
f 515 5635 5637
f 428 5113 5115
f 591 6092 6094
f 587 6068 6070
f 588 6073 6075
f 594 6109 6111
f 597 6127 6129
f 600 6145 6147
f 634 6350 6352
f 619 6260 6262
f 639 6380 6382
f 602 6157 6159
f 624 6290 6292
f 608 6194 6196
f 610 6205 6207
f 627 6307 6309
f 630 6325 6327
f 635 6356 6358
f 615 6235 6237
f 617 6247 6249
f 637 6367 6369
f 604 6170 6172
f 416 5041 5043
f 408 4993 4995
f 406 4981 4983
f 412 5017 5019
f 415 5035 5037
f 424 5089 5091
f 492 5497 5499
f 582 6037 6039
f 565 5935 5937
f 514 5629 5631
f 461 5311 5313
f 453 5263 5265
f 451 5251 5253
f 457 5287 5289
f 460 5305 5307
f 475 5395 5397
f 439 5179 5181
f 496 5521 5523
f 533 5743 5745
f 551 5851 5853
f 579 6019 6021
f 483 5443 5445
f 426 5101 5103
f 521 5671 5673
f 566 5941 5943
f 489 5479 5481
f 578 6013 6015
f 560 5905 5907
f 518 5653 5655
f 429 5119 5121
f 547 5827 5829
f 465 5335 5337
f 441 5191 5193
f 504 5569 5571
f 537 5767 5769
f 550 5845 5847
f 476 5401 5403
f 444 5209 5211
f 502 5557 5559
f 526 5701 5703
f 481 5431 5433
f 420 5065 5067
f 510 5605 5607
f 555 5875 5877
f 571 5971 5973
f 540 5785 5787
f 473 5383 5385
f 447 5227 5229
f 507 5587 5589
f 534 5749 5751
f 469 5359 5361
f 435 5155 5157
f 498 5533 5535
f 529 5719 5721
f 545 5815 5817
f 487 5467 5469
f 574 5989 5991
f 562 5917 5919
f 520 5665 5667
f 432 5137 5139
f 589 6080 6082
f 583 6044 6046
f 586 6062 6064
f 593 6104 6106
f 596 6122 6124
f 599 6140 6142
f 633 6343 6345
f 620 6265 6267
f 640 6385 6387
f 603 6164 6166
f 622 6278 6280
f 607 6187 6189
f 612 6218 6220
f 626 6302 6304
f 629 6320 6322
f 631 6332 6334
f 614 6230 6232
f 618 6254 6256
f 641 6391 6393
f 605 6175 6177
f 409 5000 5002
f 405 4976 4978
f 411 5012 5014
f 414 5030 5032
f 417 5048 5050
f 431 5132 5134
f 488 5474 5476
f 575 5996 5998
f 563 5924 5926
f 519 5660 5662
f 454 5270 5272
f 450 5246 5248
f 456 5282 5284
f 459 5300 5302
f 462 5318 5320
f 472 5378 5380
f 446 5222 5224
f 506 5582 5584
f 535 5756 5758
f 541 5792 5794
f 570 5966 5968
f 480 5426 5428
f 421 5072 5074
f 511 5612 5614
f 556 5882 5884
f 484 5450 5452
f 580 6026 6028
f 567 5948 5950
f 522 5678 5680
f 427 5108 5110
f 544 5810 5812
f 468 5354 5356
f 436 5162 5164
f 499 5540 5542
f 530 5726 5728
f 548 5834 5836
f 466 5342 5344
f 442 5198 5200
f 505 5576 5578
f 536 5762 5764
f 491 5492 5494
f 423 5084 5086
f 513 5624 5626
f 564 5930 5932
f 581 6032 6034
f 549 5840 5842
f 477 5408 5410
f 445 5216 5218
f 503 5564 5566
f 525 5696 5698
f 474 5390 5392
f 438 5174 5176
f 495 5516 5518
f 532 5738 5740
f 552 5858 5860
f 490 5486 5488
f 577 6008 6010
f 559 5900 5902
f 517 5648 5650
f 430 5126 5128
f 590 6085 6087
f 584 6049 6051
f 585 6055 6057
f 592 6097 6099
f 595 6115 6117
f 598 6133 6135
f 636 6361 6363
f 621 6272 6274
f 642 6398 6400
f 601 6152 6154
f 623 6283 6285
f 611 6211 6213
f 609 6200 6202
f 625 6295 6297
f 628 6313 6315
f 632 6337 6339
f 613 6223 6225
f 616 6242 6244
f 638 6374 6376
f 606 6182 6184
f 407 4988 4992
f 403 4964 4968
f 404 4969 4973
f 410 5005 5009
f 413 5023 5027
f 422 5077 5081
f 486 5462 5466
f 573 5984 5988
f 561 5912 5916
f 512 5617 5621
f 452 5258 5262
f 448 5234 5238
f 449 5239 5243
f 455 5275 5279
f 458 5293 5297
f 470 5366 5370
f 437 5167 5171
f 494 5509 5513
f 531 5731 5735
f 539 5780 5784
f 568 5954 5958
f 478 5414 5418
f 419 5060 5064
f 509 5600 5604
f 554 5870 5874
f 482 5438 5442
f 576 6001 6005
f 558 5893 5897
f 516 5641 5645
f 425 5096 5100
f 542 5798 5802
f 463 5323 5327
f 434 5150 5154
f 497 5528 5532
f 528 5714 5718
f 546 5822 5826
f 464 5330 5334
f 440 5186 5190
f 500 5545 5549
f 524 5689 5693
f 479 5419 5423
f 418 5053 5057
f 508 5593 5597
f 553 5863 5867
f 569 5959 5963
f 538 5773 5777
f 471 5371 5375
f 443 5204 5208
f 501 5552 5556
f 523 5684 5688
f 467 5347 5351
f 433 5143 5147
f 493 5504 5508
f 527 5707 5711
f 543 5803 5807
f 485 5455 5459
f 572 5977 5981
f 557 5888 5892
f 515 5636 5640
f 428 5114 5118
f 591 6091 6095
f 587 6067 6071
f 588 6074 6078
f 594 6110 6114
f 597 6128 6132
f 600 6146 6150
f 634 6349 6353
f 619 6259 6263
f 639 6379 6383
f 602 6158 6162
f 624 6289 6293
f 608 6193 6197
f 610 6206 6210
f 627 6308 6312
f 630 6326 6330
f 635 6355 6359
f 615 6236 6240
f 617 6248 6252
f 637 6368 6372
f 604 6169 6173
f 167 3551 3549
f 164 3533 3531
f 163 3528 3526
f 165 3540 3538
f 166 3546 3544
f 169 3564 3562
f 192 3702 3700
f 222 3882 3880
f 216 3846 3844
f 199 3744 3742
f 182 3641 3639
f 179 3623 3621
f 178 3618 3616
f 180 3630 3628
f 181 3636 3634
f 186 3666 3664
f 174 3594 3592
f 193 3708 3706
f 205 3780 3778
f 212 3821 3819
f 221 3875 3873
f 189 3683 3681
f 170 3569 3567
f 202 3761 3759
f 217 3851 3849
f 191 3695 3693
f 220 3870 3868
f 214 3834 3832
f 200 3750 3748
f 171 3575 3573
f 210 3809 3807
f 183 3647 3645
f 175 3599 3597
f 196 3725 3723
f 207 3792 3790
f 211 3816 3814
f 187 3671 3669
f 176 3605 3603
f 195 3719 3717
f 203 3768 3766
f 188 3678 3676
f 168 3557 3555
f 198 3737 3735
f 213 3827 3825
f 218 3858 3856
f 208 3797 3795
f 185 3660 3658
f 177 3612 3610
f 197 3732 3730
f 206 3785 3783
f 184 3654 3652
f 173 3587 3585
f 194 3713 3711
f 204 3773 3771
f 209 3804 3802
f 190 3689 3687
f 219 3863 3861
f 215 3839 3837
f 201 3756 3754
f 172 3582 3580
f 357 4692 4690
f 255 4080 4078
f 262 4122 4120
f 388 4878 4876
f 400 4950 4948
f 352 4662 4660
f 347 4632 4630
f 298 4338 4336
f 364 4734 4732
f 269 4164 4162
f 339 4584 4582
f 285 4260 4258
f 293 4308 4306
f 370 4770 4768
f 396 4926 4924
f 353 4668 4666
f 346 4626 4624
f 299 4344 4342
f 365 4740 4738
f 268 4158 4156
f 249 4043 4041
f 231 3935 3933
f 226 3905 3903
f 238 3977 3975
f 244 4013 4011
f 257 4091 4089
f 359 4703 4701
f 402 4961 4959
f 390 4889 4887
f 264 4133 4131
f 327 4511 4509
f 309 4403 4401
f 282 4241 4239
f 317 4451 4449
f 322 4481 4479
f 341 4595 4593
f 286 4265 4263
f 294 4313 4311
f 372 4781 4779
f 394 4913 4911
f 358 4697 4695
f 256 4085 4083
f 261 4115 4113
f 387 4871 4869
f 399 4943 4941
f 351 4655 4653
f 348 4637 4635
f 300 4349 4347
f 366 4745 4743
f 267 4151 4149
f 340 4589 4587
f 287 4271 4269
f 291 4295 4293
f 369 4763 4761
f 395 4919 4917
f 354 4673 4671
f 345 4619 4617
f 297 4331 4329
f 363 4727 4725
f 270 4169 4167
f 234 3953 3951
f 227 3911 3909
f 239 3983 3981
f 245 4019 4017
f 252 4061 4059
f 275 4199 4197
f 334 4553 4551
f 304 4373 4371
f 377 4811 4809
f 382 4841 4839
f 312 4421 4419
f 279 4223 4221
f 316 4445 4443
f 323 4487 4485
f 330 4529 4527
f 335 4559 4557
f 305 4379 4377
f 376 4805 4803
f 383 4847 4845
f 274 4193 4191
f 232 3942 3940
f 225 3900 3898
f 237 3972 3970
f 243 4008 4006
f 250 4050 4048
f 273 4188 4186
f 336 4566 4564
f 306 4386 4384
f 378 4818 4816
f 381 4836 4834
f 311 4416 4414
f 281 4236 4234
f 315 4440 4438
f 321 4476 4474
f 328 4518 4516
f 333 4548 4546
f 303 4368 4366
f 375 4800 4798
f 384 4854 4852
f 276 4206 4204
f 229 3924 3922
f 223 3887 3885
f 235 3959 3957
f 241 3995 3993
f 247 4032 4030
f 271 4175 4173
f 332 4542 4540
f 302 4362 4360
f 374 4794 4792
f 379 4823 4821
f 307 4392 4390
f 278 4217 4215
f 313 4427 4425
f 319 4463 4461
f 325 4500 4498
f 331 4535 4533
f 301 4355 4353
f 373 4787 4785
f 380 4830 4828
f 272 4182 4180
f 248 4037 4035
f 230 3929 3927
f 224 3894 3892
f 236 3966 3964
f 242 4002 4000
f 254 4074 4072
f 356 4686 4684
f 397 4932 4930
f 385 4860 4858
f 259 4104 4102
f 326 4505 4503
f 308 4397 4395
f 277 4212 4210
f 314 4434 4432
f 320 4470 4468
f 338 4578 4576
f 284 4254 4252
f 289 4284 4282
f 367 4752 4750
f 391 4895 4893
f 355 4679 4677
f 253 4067 4065
f 260 4109 4107
f 386 4865 4863
f 398 4937 4935
f 350 4649 4647
f 343 4608 4606
f 295 4320 4318
f 361 4716 4714
f 266 4145 4143
f 337 4571 4569
f 283 4247 4245
f 290 4289 4287
f 368 4757 4755
f 392 4902 4900
f 349 4644 4642
f 344 4613 4611
f 296 4325 4323
f 362 4721 4719
f 265 4140 4138
f 251 4056 4054
f 233 3948 3946
f 228 3918 3916
f 240 3990 3988
f 246 4026 4024
f 258 4098 4096
f 360 4710 4708
f 401 4956 4954
f 389 4884 4882
f 263 4128 4126
f 329 4524 4522
f 310 4410 4408
f 280 4230 4228
f 318 4458 4456
f 324 4494 4492
f 342 4602 4600
f 288 4278 4276
f 292 4302 4300
f 371 4776 4774
f 393 4908 4906
f 409 5003 5004
f 405 4979 4980
f 411 5015 5016
f 414 5033 5034
f 417 5051 5052
f 431 5135 5136
f 488 5477 5478
f 575 5999 6000
f 563 5927 5928
f 519 5663 5664
f 454 5273 5274
f 450 5249 5250
f 456 5285 5286
f 459 5303 5304
f 462 5321 5322
f 472 5381 5382
f 446 5225 5226
f 506 5585 5586
f 535 5759 5760
f 541 5795 5796
f 570 5969 5970
f 480 5429 5430
f 421 5075 5076
f 511 5615 5616
f 556 5885 5886
f 484 5453 5454
f 580 6029 6030
f 567 5951 5952
f 522 5681 5682
f 427 5111 5112
f 544 5813 5814
f 468 5357 5358
f 436 5165 5166
f 499 5543 5544
f 530 5729 5730
f 548 5837 5838
f 466 5345 5346
f 442 5201 5202
f 505 5579 5580
f 536 5765 5766
f 491 5495 5496
f 423 5087 5088
f 513 5627 5628
f 564 5933 5934
f 581 6035 6036
f 549 5843 5844
f 477 5411 5412
f 445 5219 5220
f 503 5567 5568
f 525 5699 5700
f 474 5393 5394
f 438 5177 5178
f 495 5519 5520
f 532 5741 5742
f 552 5861 5862
f 490 5489 5490
f 577 6011 6012
f 559 5903 5904
f 517 5651 5652
f 430 5129 5130
f 590 6090 6089
f 584 6054 6053
f 585 6060 6059
f 592 6102 6101
f 595 6120 6119
f 598 6138 6137
f 636 6366 6365
f 621 6275 6276
f 642 6401 6402
f 601 6155 6156
f 623 6288 6287
f 611 6216 6215
f 609 6203 6204
f 625 6300 6299
f 628 6318 6317
f 632 6342 6341
f 613 6228 6227
f 616 6245 6246
f 638 6377 6378
f 606 6185 6186
f 1607 6409 6416
f 1603 6405 6408
f 1604 6411 6406
f 1610 6414 6412
f 1613 6417 6415
f 1622 6431 6424
f 1686 6488 6492
f 1773 6575 6582
f 1761 6563 6565
f 1712 6519 6514
f 1652 6454 6461
f 1648 6450 6453
f 1649 6456 6451
f 1655 6459 6457
f 1658 6462 6460
f 1670 6472 6475
f 1637 6446 6439
f 1694 6506 6496
f 1731 6535 6533
f 1739 6541 6551
f 1768 6570 6579
f 1678 6480 6483
f 1619 6421 6426
f 1709 6511 6521
f 1754 6556 6566
f 1682 6484 6489
f 1776 6580 6578
f 1758 6567 6560
f 1716 6522 6518
f 1625 6427 6429
f 1742 6544 6547
f 1663 6468 6465
f 1634 6436 6441
f 1697 6499 6504
f 1728 6530 6537
f 1746 6548 6550
f 1664 6466 6476
f 1640 6442 6444
f 1700 6505 6502
f 1724 6536 6526
f 1679 6491 6481
f 1618 6423 6420
f 1708 6513 6510
f 1753 6564 6555
f 1769 6581 6571
f 1738 6549 6540
f 1671 6477 6473
f 1643 6445 6447
f 1701 6503 6507
f 1723 6525 6534
f 1667 6474 6469
f 1633 6438 6435
f 1693 6495 6498
f 1727 6532 6529
f 1743 6552 6545
f 1685 6490 6487
f 1772 6577 6574
f 1757 6559 6562
f 1715 6517 6520
f 1628 6430 6432
f 2187 6991 6989
f 1881 6685 6683
f 1899 6701 6703
f 2277 7079 7081
f 2313 7115 7117
f 2169 6971 6973
f 2156 6960 6958
f 2010 6816 6812
f 2208 7014 7010
f 1917 6719 6724
f 2133 6937 6935
f 1971 6778 6773
f 1989 6791 6796
f 2223 7025 7027
f 2300 7102 7104
f 2174 6978 6976
f 2151 6953 6955
f 2007 6809 6814
f 2205 7007 7012
f 1920 6726 6722
f 1855 6657 6664
f 1801 6603 6610
f 1784 6586 6595
f 1820 6622 6631
f 1838 6640 6649
f 1874 6676 6687
f 2180 6982 6993
f 2310 7112 7121
f 2274 7076 7085
f 1896 6698 6707
f 2089 6891 6898
f 2035 6837 6844
f 1950 6752 6761
f 2054 6856 6867
f 2072 6874 6883
f 2126 6928 6939
f 1964 6766 6775
f 1986 6788 6797
f 2220 7022 7031
f 2291 7093 7098
f 2183 6985 6990
f 1877 6679 6684
f 1891 6693 6700
f 2269 7071 7078
f 2305 7107 7114
f 2161 6963 6970
f 2148 6950 6959
f 2004 6806 6815
f 2202 7004 7013
f 1909 6711 6718
f 2129 6931 6936
f 1967 6769 6777
f 1981 6783 6790
f 2215 7017 7024
f 2288 7090 7101
f 2166 6968 6977
f 2143 6945 6952
f 1999 6801 6808
f 2197 6999 7006
f 1914 6716 6725
f 1806 6608 6617
f 1787 6589 6597
f 1823 6625 6633
f 1841 6643 6651
f 1860 6662 6671
f 1931 6733 6741
f 2108 6910 6919
f 2018 6820 6829
f 2234 7036 7047
f 2255 7057 7062
f 2040 6842 6851
f 1945 6747 6754
f 2057 6859 6864
f 2075 6877 6885
f 2094 6896 6905
f 2111 6913 6921
f 2021 6823 6831
f 2237 7039 7044
f 2252 7054 7065
f 1928 6730 6739
f 1812 6618 6614
f 1791 6598 6593
f 1827 6634 6629
f 1845 6652 6647
f 1866 6672 6668
f 1935 6742 6737
f 2118 6920 6924
f 2028 6830 6834
f 2246 7048 7050
f 2259 7063 7061
f 2048 6852 6850
f 1953 6755 6760
f 2061 6865 6863
f 2079 6886 6881
f 2100 6906 6902
f 2115 6922 6917
f 2025 6832 6827
f 2241 7045 7043
f 2264 7066 7068
f 1938 6740 6744
f 1802 6613 6604
f 1783 6592 6585
f 1819 6628 6621
f 1837 6646 6639
f 1856 6667 6658
f 1927 6736 6729
f 2112 6923 6914
f 2022 6833 6824
f 2238 7049 7040
f 2251 7060 7053
f 2036 6849 6838
f 1949 6759 6751
f 2053 6862 6855
f 2071 6880 6873
f 2090 6901 6892
f 2107 6916 6909
f 2017 6826 6819
f 2233 7042 7035
f 2256 7067 7058
f 1932 6743 6734
f 1859 6669 6661
f 1805 6615 6607
f 1788 6599 6590
f 1824 6635 6626
f 1842 6653 6644
f 1878 6689 6680
f 2184 6995 6986
f 2306 7119 7108
f 2270 7083 7072
f 1892 6705 6694
f 2093 6903 6895
f 2039 6846 6841
f 1946 6757 6748
f 2058 6869 6860
f 2076 6887 6878
f 2130 6941 6932
f 1968 6779 6770
f 1982 6793 6784
f 2216 7029 7018
f 2287 7096 7089
f 2179 6988 6981
f 1873 6682 6675
f 1895 6702 6697
f 2273 7080 7075
f 2309 7116 7111
f 2165 6972 6967
f 2144 6957 6946
f 2000 6811 6802
f 2198 7009 7000
f 1913 6723 6715
f 2125 6934 6927
f 1963 6772 6765
f 1985 6795 6787
f 2219 7026 7021
f 2292 7103 7094
f 2162 6975 6964
f 2147 6954 6949
f 2003 6813 6805
f 2201 7011 7003
f 1910 6721 6712
f 1863 6665 6670
f 1809 6611 6616
f 1794 6596 6600
f 1830 6632 6636
f 1848 6650 6654
f 1886 6688 6690
f 2192 6994 6996
f 2318 7122 7120
f 2282 7086 7084
f 1904 6708 6706
f 2097 6899 6904
f 2043 6845 6847
f 1956 6762 6758
f 2066 6868 6870
f 2082 6884 6888
f 2138 6940 6942
f 1974 6776 6780
f 1992 6798 6794
f 2228 7032 7030
f 2295 7099 7097
f 2331 8287 8285
f 2327 8215 8213
f 2328 8231 8233
f 2334 8339 8341
f 2337 8393 8395
f 2346 8483 8485
f 2412 9133 9131
f 2499 8899 8897
f 2487 9277 9275
f 2436 8537 8539
f 2376 8917 8915
f 2372 8683 8681
f 2373 8699 8701
f 2379 8951 8953
f 2382 8987 8989
f 2396 9079 9077
f 2361 8717 8719
f 2418 8807 8809
f 2457 9257 9259
f 2463 8629 8627
f 2492 8449 8447
f 2402 8305 8303
f 2343 8269 8267
f 2433 8377 8375
f 2478 8431 8429
f 2406 8503 8501
f 2502 9167 9169
f 2484 8861 8863
f 2442 9239 9241
f 2349 8521 8519
f 2468 9043 9041
f 2387 8735 8737
f 2358 8665 8663
f 2421 8971 8969
f 2454 9025 9023
f 2472 9151 9149
f 2388 8755 8753
f 2364 8773 8771
f 2426 9185 9187
f 2448 8591 8593
f 2403 8321 8323
f 2342 8249 8251
f 2432 8357 8359
f 2477 8411 8413
f 2493 8465 8467
f 2462 8609 8611
f 2397 9095 9097
f 2367 8827 8825
f 2427 9205 9203
f 2447 8575 8573
f 2391 8933 8935
f 2357 8645 8647
f 2417 8791 8789
f 2453 9005 9007
f 2469 9059 9061
f 2411 9113 9115
f 2498 8879 8881
f 2483 8845 8843
f 2441 9223 9221
f 2352 8557 8555
f 2509 8290 8292
f 2503 8218 8220
f 2506 8238 8236
f 2512 8346 8344
f 2515 8400 8398
f 2518 8490 8488
f 2555 9136 9138
f 2541 8902 8904
f 2562 9280 9282
f 2522 8544 8542
f 2542 8920 8922
f 2528 8686 8688
f 2531 8706 8704
f 2545 8958 8956
f 2548 8994 8992
f 2551 9082 9084
f 2533 8724 8722
f 2537 8814 8812
f 2559 9264 9262
f 2526 8632 8634
f 1616 7197 7204
f 1608 7143 7150
f 1606 7126 7135
f 1612 7162 7171
f 1615 7180 7189
f 1624 7234 7243
f 1692 7648 7657
f 1782 8188 8197
f 1765 8080 8089
f 1714 7774 7783
f 1661 7467 7474
f 1653 7413 7420
f 1651 7396 7405
f 1657 7432 7441
f 1660 7450 7459
f 1675 7540 7549
f 1639 7324 7333
f 1696 7666 7675
f 1733 7882 7891
f 1751 8007 8014
f 1779 8169 8176
f 1683 7593 7600
f 1626 7251 7258
f 1721 7827 7834
f 1766 8097 8104
f 1689 7629 7636
f 1778 8152 8161
f 1760 8044 8053
f 1718 7792 7801
f 1629 7269 7276
f 1747 7971 7978
f 1665 7485 7492
f 1641 7341 7348
f 1704 7719 7726
f 1737 7918 7927
f 1750 7990 7999
f 1676 7557 7564
f 1644 7359 7366
f 1702 7701 7708
f 1726 7846 7855
f 1681 7576 7585
f 1620 7215 7222
f 1710 7755 7762
f 1755 8025 8032
f 1771 8116 8125
f 1740 7935 7942
f 1673 7522 7531
f 1647 7378 7387
f 1707 7738 7747
f 1734 7899 7906
f 1669 7504 7513
f 1635 7305 7312
f 1698 7683 7690
f 1729 7863 7870
f 1745 7954 7963
f 1687 7611 7618
f 1774 8133 8140
f 1762 8061 8068
f 1720 7810 7819
f 1632 7288 7297
f 2189 8318 8327
f 1883 8246 8255
f 1903 8354 8363
f 2281 8408 8417
f 2317 8462 8471
f 2173 8606 8615
f 2158 9092 9101
f 2012 8818 8829
f 2210 9196 9207
f 1924 8566 8577
f 2135 8930 8939
f 1973 8642 8651
f 1996 8782 8793
f 2227 9002 9011
f 2304 9056 9065
f 2176 9110 9119
f 2155 8876 8885
f 2014 8836 8847
f 2212 9214 9225
f 1922 8548 8559
f 1864 8281 8286
f 1810 8209 8214
f 1795 8223 8230
f 1831 8331 8338
f 1849 8385 8392
f 1887 8475 8482
f 2193 9127 9132
f 2321 8893 8898
f 2285 9271 9276
f 1907 8529 8536
f 2098 8911 8916
f 2044 8677 8682
f 1961 8691 8698
f 2067 8943 8950
f 2083 8979 8986
f 2139 9073 9078
f 1975 8709 8716
f 1997 8799 8806
f 2231 9249 9256
f 2298 8623 8628
f 2190 8443 8448
f 1884 8299 8304
f 1900 8263 8268
f 2278 8371 8376
f 2314 8425 8430
f 2170 8497 8502
f 2159 9159 9166
f 2015 8853 8860
f 2213 9231 9238
f 1918 8515 8520
f 2136 9037 9042
f 1977 8727 8734
f 1990 8659 8664
f 2224 8965 8970
f 2301 9019 9024
f 2177 9145 9150
f 2152 8749 8754
f 2008 8767 8772
f 2206 9177 9184
f 1925 8583 8590
f 1817 8313 8320
f 1797 8241 8248
f 1833 8349 8356
f 1851 8403 8410
f 1871 8457 8464
f 1941 8601 8608
f 2119 9087 9094
f 2029 8821 8826
f 2247 9199 9204
f 2262 8569 8574
f 2051 8925 8932
f 1954 8637 8644
f 2064 8785 8790
f 2085 8997 9004
f 2105 9051 9058
f 2121 9105 9112
f 2031 8871 8878
f 2244 8839 8844
f 2265 9217 9222
f 1939 8551 8556
f 1814 8278 8289
f 1793 8206 8217
f 1829 8228 8237
f 1847 8336 8345
f 1868 8390 8399
f 1937 8480 8489
f 2124 9124 9135
f 2034 8890 8901
f 2250 9268 9279
f 2261 8534 8543
f 2050 8908 8919
f 1960 8674 8685
f 2063 8696 8705
f 2081 8948 8957
f 2102 8984 8993
f 2117 9070 9081
f 2027 8714 8723
f 2243 8804 8813
f 2268 9254 9263
f 1944 8620 8631
f 1804 7148 7157
f 1785 7129 7137
f 1821 7165 7173
f 1839 7183 7191
f 1858 7202 7211
f 1929 7291 7299
f 2114 7616 7625
f 2024 8138 8147
f 2240 8066 8075
f 2253 7813 7821
f 2038 7418 7427
f 1951 7399 7407
f 2055 7435 7443
f 2073 7453 7461
f 2092 7472 7481
f 2109 7525 7533
f 2019 7381 7389
f 2235 7741 7749
f 2258 7904 7913
f 1934 7940 7949
f 1861 8119 8127
f 1807 7579 7587
f 1790 7220 7229
f 1826 7760 7769
f 1844 8030 8039
f 1880 7598 7607
f 2186 8174 8183
f 2308 8102 8111
f 2272 7832 7841
f 1894 7256 7265
f 2095 7957 7965
f 2041 7507 7515
f 1948 7310 7319
f 2060 7688 7697
f 2078 7868 7877
f 2132 7976 7985
f 1970 7490 7499
f 1984 7346 7355
f 2218 7724 7733
f 2289 7921 7929
f 2181 7651 7659
f 1875 7237 7245
f 1897 7777 7785
f 2275 8083 8091
f 2311 8191 8199
f 2167 7993 8001
f 2146 7562 7571
f 2002 7364 7373
f 2200 7706 7715
f 1915 7849 7857
f 2127 7543 7551
f 1965 7327 7335
f 1987 7669 7677
f 2221 7885 7893
f 2294 8012 8021
f 2164 7634 7643
f 2149 8155 8163
f 2005 8047 8055
f 2203 7795 7803
f 1912 7274 7283
f 1870 8440 8451
f 1816 8296 8307
f 1800 8260 8271
f 1836 8368 8379
f 1854 8422 8433
f 1890 8494 8505
f 2196 9164 9173
f 2320 8858 8867
f 2284 9236 9245
f 1906 8512 8523
f 2104 9034 9045
f 2047 8732 8741
f 1958 8656 8667
f 2070 8962 8973
f 2088 9016 9027
f 2142 9142 9153
f 1980 8746 8757
f 1994 8764 8775
f 2230 9182 9191
f 2297 8588 8597
f 2329 7158 7154
f 2323 7138 7133
f 2326 7174 7169
f 2333 7192 7187
f 2336 7212 7208
f 2345 7300 7295
f 2409 7626 7622
f 2496 8148 8144
f 2485 8076 8072
f 2435 7822 7817
f 2374 7428 7424
f 2368 7408 7403
f 2371 7444 7439
f 2378 7462 7457
f 2381 7482 7478
f 2392 7534 7529
f 2360 7390 7385
f 2416 7750 7745
f 2456 7914 7910
f 2460 7950 7946
f 2488 8128 8123
f 2398 7588 7583
f 2340 7230 7226
f 2430 7770 7766
f 2475 8040 8036
f 2404 7608 7604
f 2501 8184 8180
f 2482 8112 8108
f 2440 7842 7838
f 2347 7266 7262
f 2464 7966 7961
f 2384 7516 7511
f 2355 7320 7316
f 2419 7698 7694
f 2451 7878 7874
f 2470 7986 7982
f 2385 7500 7496
f 2362 7356 7352
f 2423 7734 7730
f 2446 7930 7925
f 2401 7660 7655
f 2339 7246 7241
f 2429 7786 7781
f 2474 8092 8087
f 2491 8200 8195
f 2459 8002 7997
f 2395 7572 7568
f 2365 7374 7370
f 2424 7716 7712
f 2443 7858 7853
f 2390 7552 7547
f 2354 7336 7331
f 2413 7678 7673
f 2450 7894 7889
f 2467 8022 8018
f 2408 7644 7640
f 2495 8164 8159
f 2479 8056 8051
f 2437 7804 7799
f 2350 7284 7280
f 2511 8452 8454
f 2505 8308 8310
f 2507 8272 8274
f 2513 8380 8382
f 2516 8434 8436
f 2519 8506 8508
f 2556 9174 9172
f 2540 8868 8866
f 2561 9246 9244
f 2521 8524 8526
f 2544 9046 9048
f 2529 8742 8740
f 2530 8668 8670
f 2546 8974 8976
f 2549 9028 9030
f 2553 9154 9156
f 2534 8758 8760
f 2536 8776 8778
f 2557 9192 9190
f 2525 8598 8596
f 1609 7153 7144
f 1605 7132 7125
f 1611 7168 7161
f 1614 7186 7179
f 1617 7207 7198
f 1631 7294 7287
f 1688 7621 7612
f 1775 8143 8134
f 1763 8071 8062
f 1719 7816 7809
f 1654 7423 7414
f 1650 7402 7395
f 1656 7438 7431
f 1659 7456 7449
f 1662 7477 7468
f 1672 7528 7521
f 1646 7384 7377
f 1706 7744 7737
f 1735 7909 7900
f 1741 7945 7936
f 1770 8122 8115
f 1680 7582 7575
f 1621 7225 7216
f 1711 7765 7756
f 1756 8035 8026
f 1684 7603 7594
f 1780 8179 8170
f 1767 8107 8098
f 1722 7837 7828
f 1627 7261 7252
f 1744 7960 7953
f 1668 7510 7503
f 1636 7315 7306
f 1699 7693 7684
f 1730 7873 7864
f 1748 7981 7972
f 1666 7495 7486
f 1642 7351 7342
f 1705 7729 7720
f 1736 7924 7917
f 1691 7654 7647
f 1623 7240 7233
f 1713 7780 7773
f 1764 8086 8079
f 1781 8194 8187
f 1749 7996 7989
f 1677 7567 7558
f 1645 7369 7360
f 1703 7711 7702
f 1725 7852 7845
f 1674 7546 7539
f 1638 7330 7323
f 1695 7672 7665
f 1732 7888 7881
f 1752 8017 8008
f 1690 7639 7630
f 1777 8158 8151
f 1759 8050 8043
f 1717 7798 7791
f 1630 7279 7270
f 2191 8453 8444
f 1885 8309 8300
f 1901 8273 8264
f 2279 8381 8372
f 2315 8435 8426
f 2171 8507 8498
f 2160 9171 9160
f 2016 8865 8854
f 2214 9243 9232
f 1919 8525 8516
f 2137 9047 9038
f 1978 8739 8728
f 1991 8669 8660
f 2225 8975 8966
f 2302 9029 9020
f 2178 9155 9146
f 2153 8759 8750
f 2009 8777 8768
f 2207 9189 9178
f 1926 8595 8584
f 1857 7209 7201
f 1803 7155 7147
f 1786 7139 7130
f 1822 7175 7166
f 1840 7193 7184
f 1876 7247 7238
f 2182 7661 7652
f 2312 8201 8192
f 2276 8093 8084
f 1898 7787 7778
f 2091 7479 7471
f 2037 7425 7417
f 1952 7409 7400
f 2056 7445 7436
f 2074 7463 7454
f 2128 7553 7544
f 1966 7337 7328
f 1988 7679 7670
f 2222 7895 7886
f 2293 8019 8011
f 2185 8181 8173
f 1879 7605 7597
f 1893 7263 7255
f 2271 7839 7831
f 2307 8109 8101
f 2163 7641 7633
f 2150 8165 8156
f 2006 8057 8048
f 2204 7805 7796
f 1911 7281 7273
f 2131 7983 7975
f 1969 7497 7489
f 1983 7353 7345
f 2217 7731 7723
f 2290 7931 7922
f 2168 8003 7994
f 2145 7569 7561
f 2001 7371 7363
f 2199 7713 7705
f 1916 7859 7850
f 1808 7589 7580
f 1789 7227 7219
f 1825 7767 7759
f 1843 8037 8029
f 1862 8129 8120
f 1933 7947 7939
f 2110 7535 7526
f 2020 7391 7382
f 2236 7751 7742
f 2257 7911 7903
f 2042 7517 7508
f 1947 7317 7309
f 2059 7695 7687
f 2077 7875 7867
f 2096 7967 7958
f 2113 7623 7615
f 2023 8145 8137
f 2239 8073 8065
f 2254 7823 7814
f 1930 7301 7292
f 1818 8325 8314
f 1798 8253 8242
f 1834 8361 8350
f 1852 8415 8404
f 1872 8469 8458
f 1942 8613 8602
f 2120 9099 9088
f 2030 8831 8822
f 2248 9209 9200
f 2263 8579 8570
f 2052 8937 8926
f 1955 8649 8638
f 2065 8795 8786
f 2086 9009 8998
f 2106 9063 9052
f 2122 9117 9106
f 2032 8883 8872
f 2245 8849 8840
f 2266 9227 9218
f 1940 8561 8552
f 1813 8284 8277
f 1792 8212 8205
f 1828 8232 8227
f 1846 8340 8335
f 1867 8394 8389
f 1936 8484 8479
f 2123 9130 9123
f 2033 8896 8889
f 2249 9274 9267
f 2260 8538 8533
f 2049 8914 8907
f 1959 8680 8673
f 2062 8700 8695
f 2080 8952 8947
f 2101 8988 8983
f 2116 9076 9069
f 2026 8718 8713
f 2242 8808 8803
f 2267 9258 9253
f 1943 8626 8619
f 1869 8446 8439
f 1815 8302 8295
f 1799 8266 8259
f 1835 8374 8367
f 1853 8428 8421
f 1889 8500 8493
f 2195 9168 9163
f 2319 8862 8857
f 2283 9240 9235
f 1905 8518 8511
f 2103 9040 9033
f 2046 8736 8731
f 1957 8662 8655
f 2069 8968 8961
f 2087 9022 9015
f 2141 9148 9141
f 1979 8752 8745
f 1993 8770 8763
f 2229 9186 9181
f 2296 8592 8587
f 2188 8322 8317
f 1882 8250 8245
f 1902 8358 8353
f 2280 8412 8407
f 2316 8466 8461
f 2172 8610 8605
f 2157 9096 9091
f 2011 8824 8817
f 2209 9202 9195
f 1923 8572 8565
f 2134 8934 8929
f 1972 8646 8641
f 1995 8788 8781
f 2226 9006 9001
f 2303 9060 9055
f 2175 9114 9109
f 2154 8880 8875
f 2013 8842 8835
f 2211 9220 9213
f 1921 8554 8547
f 1865 8291 8282
f 1811 8219 8210
f 1796 8235 8224
f 1832 8343 8332
f 1850 8397 8386
f 1888 8487 8476
f 2194 9137 9128
f 2322 8903 8894
f 2286 9281 9272
f 1908 8541 8530
f 2099 8921 8912
f 2045 8687 8678
f 1962 8703 8692
f 2068 8955 8944
f 2084 8991 8980
f 2140 9083 9074
f 1976 8721 8710
f 1998 8811 8800
f 2232 9261 9250
f 2299 8633 8624
f 2330 7205 7210
f 2324 7151 7156
f 2325 7136 7140
f 2332 7172 7176
f 2335 7190 7194
f 2344 7244 7248
f 2410 7658 7662
f 2497 8198 8202
f 2486 8090 8094
f 2434 7784 7788
f 2375 7475 7480
f 2369 7421 7426
f 2370 7406 7410
f 2377 7442 7446
f 2380 7460 7464
f 2393 7550 7554
f 2359 7334 7338
f 2415 7676 7680
f 2455 7892 7896
f 2461 8015 8020
f 2489 8177 8182
f 2399 7601 7606
f 2341 7259 7264
f 2431 7835 7840
f 2476 8105 8110
f 2405 7637 7642
f 2500 8162 8166
f 2481 8054 8058
f 2439 7802 7806
f 2348 7277 7282
f 2465 7979 7984
f 2383 7493 7498
f 2356 7349 7354
f 2420 7727 7732
f 2452 7928 7932
f 2471 8000 8004
f 2386 7565 7570
f 2363 7367 7372
f 2422 7709 7714
f 2445 7856 7860
f 2400 7586 7590
f 2338 7223 7228
f 2428 7763 7768
f 2473 8033 8038
f 2490 8126 8130
f 2458 7943 7948
f 2394 7532 7536
f 2366 7388 7392
f 2425 7748 7752
f 2444 7907 7912
f 2389 7514 7518
f 2353 7313 7318
f 2414 7691 7696
f 2449 7871 7876
f 2466 7964 7968
f 2407 7619 7624
f 2494 8141 8146
f 2480 8069 8074
f 2438 7820 7824
f 2351 7298 7302
f 2510 8328 8326
f 2504 8256 8254
f 2508 8364 8362
f 2514 8418 8416
f 2517 8472 8470
f 2520 8616 8614
f 2554 9102 9100
f 2539 8830 8832
f 2560 9208 9210
f 2523 8578 8580
f 2543 8940 8938
f 2527 8652 8650
f 2532 8794 8796
f 2547 9012 9010
f 2550 9066 9064
f 2552 9120 9118
f 2535 8886 8884
f 2538 8848 8850
f 2558 9226 9228
f 2524 8560 8562
f 1607 9290 9289
f 1603 9284 9283
f 1604 9285 9286
f 1610 9292 9293
f 1613 9295 9296
f 1622 9304 9305
f 1686 9370 9369
f 1773 9457 9456
f 1761 9446 9445
f 1712 9394 9395
f 1652 9335 9334
f 1648 9329 9328
f 1649 9330 9331
f 1655 9337 9338
f 1658 9340 9341
f 1670 9353 9352
f 1637 9319 9320
f 1694 9375 9376
f 1731 9415 9416
f 1739 9421 9420
f 1768 9449 9448
f 1678 9359 9358
f 1619 9301 9300
f 1709 9391 9390
f 1754 9436 9435
f 1682 9365 9364
f 1776 9460 9461
f 1758 9441 9442
f 1716 9399 9400
f 1625 9308 9307
f 1742 9425 9424
f 1663 9343 9344
f 1634 9316 9315
f 1697 9380 9379
f 1728 9412 9411
f 1746 9431 9430
f 1664 9346 9345
f 1640 9323 9322
f 1700 9382 9383
f 1724 9405 9406
f 1679 9360 9361
f 1618 9298 9299
f 1708 9388 9389
f 1753 9433 9434
f 1769 9450 9451
f 1738 9418 9419
f 1671 9354 9355
f 1643 9326 9325
f 1701 9385 9384
f 1723 9404 9403
f 1667 9349 9350
f 1633 9313 9314
f 1693 9374 9373
f 1727 9409 9410
f 1743 9426 9427
f 1685 9367 9368
f 1772 9454 9455
f 1757 9440 9439
f 1715 9398 9397
f 1628 9311 9310
f 2187 9871 9872
f 1881 9565 9566
f 1899 9584 9583
f 2277 9962 9961
f 2313 9998 9997
f 2169 9854 9853
f 2156 9838 9839
f 2010 9694 9695
f 2208 9892 9893
f 1917 9602 9601
f 2133 9817 9818
f 1971 9655 9656
f 1989 9674 9673
f 2223 9908 9907
f 2300 9983 9982
f 2174 9856 9857
f 2151 9836 9835
f 2007 9692 9691
f 2205 9890 9889
f 1920 9604 9605
f 1855 9536 9535
f 1801 9482 9481
f 1784 9466 9465
f 1820 9502 9501
f 1838 9520 9519
f 1874 9556 9555
f 2180 9862 9861
f 2310 9994 9993
f 2274 9958 9957
f 1896 9580 9579
f 2089 9770 9769
f 2035 9716 9715
f 1950 9634 9633
f 2054 9736 9735
f 2072 9754 9753
f 2126 9808 9807
f 1964 9646 9645
f 1986 9670 9669
f 2220 9904 9903
f 2291 9974 9973
f 2183 9866 9865
f 1877 9560 9559
f 1891 9572 9571
f 2269 9950 9949
f 2305 9986 9985
f 2161 9842 9841
f 2148 9832 9831
f 2004 9688 9687
f 2202 9886 9885
f 1909 9590 9589
f 2129 9812 9811
f 1967 9650 9649
f 1981 9662 9661
f 2215 9896 9895
f 2288 9970 9969
f 2166 9850 9849
f 2143 9824 9823
f 1999 9680 9679
f 2197 9878 9877
f 1914 9598 9597
f 1806 9490 9489
f 1787 9470 9469
f 1823 9506 9505
f 1841 9524 9523
f 1860 9544 9543
f 1931 9614 9613
f 2108 9790 9789
f 2018 9700 9699
f 2234 9916 9915
f 2255 9938 9937
f 2040 9724 9723
f 1945 9626 9625
f 2057 9740 9739
f 2075 9758 9757
f 2094 9778 9777
f 2111 9794 9793
f 2021 9704 9703
f 2237 9920 9919
f 2252 9934 9933
f 1928 9610 9609
f 1812 9496 9497
f 1791 9475 9476
f 1827 9511 9512
f 1845 9529 9530
f 1866 9550 9551
f 1935 9619 9620
f 2118 9803 9802
f 2028 9713 9712
f 2246 9929 9928
f 2259 9943 9944
f 2048 9730 9731
f 1953 9638 9637
f 2061 9745 9746
f 2079 9763 9764
f 2100 9784 9785
f 2115 9799 9800
f 2025 9709 9710
f 2241 9925 9926
f 2264 9947 9946
f 1938 9623 9622
f 1802 9483 9484
f 1783 9463 9464
f 1819 9499 9500
f 1837 9517 9518
f 1856 9537 9538
f 1927 9607 9608
f 2112 9795 9796
f 2022 9705 9706
f 2238 9921 9922
f 2251 9931 9932
f 2036 9717 9718
f 1949 9631 9632
f 2053 9733 9734
f 2071 9751 9752
f 2090 9771 9772
f 2107 9787 9788
f 2017 9697 9698
f 2233 9913 9914
f 2256 9939 9940
f 1932 9615 9616
f 1859 9541 9542
f 1805 9487 9488
f 1788 9471 9472
f 1824 9507 9508
f 1842 9525 9526
f 1878 9561 9562
f 2184 9867 9868
f 2306 9987 9988
f 2270 9951 9952
f 1892 9573 9574
f 2093 9775 9776
f 2039 9721 9722
f 1946 9627 9628
f 2058 9741 9742
f 2076 9759 9760
f 2130 9813 9814
f 1968 9651 9652
f 1982 9663 9664
f 2216 9897 9898
f 2287 9967 9968
f 2179 9859 9860
f 1873 9553 9554
f 1895 9577 9578
f 2273 9955 9956
f 2309 9991 9992
f 2165 9847 9848
f 2144 9825 9826
f 2000 9681 9682
f 2198 9879 9880
f 1913 9595 9596
f 2125 9805 9806
f 1963 9643 9644
f 1985 9667 9668
f 2219 9901 9902
f 2292 9975 9976
f 2162 9843 9844
f 2147 9829 9830
f 2003 9685 9686
f 2201 9883 9884
f 1910 9591 9592
f 1863 9548 9547
f 1809 9494 9493
f 1794 9479 9478
f 1830 9515 9514
f 1848 9533 9532
f 1886 9569 9568
f 2192 9875 9874
f 2318 10000 10001
f 2282 9964 9965
f 1904 9586 9587
f 2097 9782 9781
f 2043 9728 9727
f 1956 9640 9641
f 2066 9749 9748
f 2082 9767 9766
f 2138 9821 9820
f 1974 9659 9658
f 1992 9676 9677
f 2228 9910 9911
f 2295 9979 9980
f 2331 10010 10011
f 2327 10004 10005
f 2328 10008 10007
f 2334 10014 10013
f 2337 10017 10016
f 2346 10026 10025
f 2412 10091 10092
f 2499 10178 10179
f 2487 10166 10167
f 2436 10116 10115
f 2376 10055 10056
f 2372 10049 10050
f 2373 10053 10052
f 2379 10059 10058
f 2382 10062 10061
f 2396 10073 10074
f 2361 10041 10040
f 2418 10098 10097
f 2457 10137 10136
f 2463 10142 10143
f 2492 10169 10170
f 2402 10079 10080
f 2343 10022 10023
f 2433 10112 10113
f 2478 10157 10158
f 2406 10085 10086
f 2502 10182 10181
f 2484 10164 10163
f 2442 10122 10121
f 2349 10028 10029
f 2468 10145 10146
f 2387 10065 10064
f 2358 10037 10038
f 2421 10100 10101
f 2454 10133 10134
f 2472 10151 10152
f 2388 10067 10068
f 2364 10043 10044
f 2426 10104 10103
f 2448 10128 10127
f 2403 10083 10082
f 2342 10020 10019
f 2432 10110 10109
f 2477 10155 10154
f 2493 10173 10172
f 2462 10140 10139
f 2397 10077 10076
f 2367 10046 10047
f 2427 10106 10107
f 2447 10124 10125
f 2391 10071 10070
f 2357 10035 10034
f 2417 10094 10095
f 2453 10131 10130
f 2469 10149 10148
f 2411 10089 10088
f 2498 10176 10175
f 2483 10160 10161
f 2441 10118 10119
f 2352 10031 10032
f 2509 10190 10189
f 2503 10184 10183
f 2506 10186 10187
f 2512 10192 10193
f 2515 10195 10196
f 2518 10198 10199
f 2555 10236 10234
f 2541 10221 10220
f 2562 10242 10241
f 2522 10201 10203
f 2542 10223 10222
f 2528 10209 10207
f 2531 10210 10212
f 2545 10225 10226
f 2548 10228 10229
f 2551 10232 10231
f 2533 10213 10214
f 2537 10216 10218
f 2559 10238 10239
f 2526 10206 10205
f 647 6407 2567
f 644 6403 2564
f 643 6404 2563
f 645 6410 2565
f 646 6413 2566
f 649 6422 2569
f 672 6486 2592
f 702 6573 2622
f 696 6561 2616
f 679 6512 2599
f 662 6452 2582
f 659 6448 2579
f 658 6449 2578
f 660 6455 2580
f 661 6458 2581
f 666 6470 2586
f 654 6437 2574
f 673 6494 2593
f 685 6531 2605
f 692 6539 2612
f 701 6568 2621
f 669 6478 2589
f 650 6419 2570
f 682 6509 2602
f 697 6554 2617
f 671 6482 2591
f 700 6576 2620
f 694 6558 2614
f 680 6516 2600
f 651 6425 2571
f 690 6542 2610
f 663 6463 2583
f 655 6434 2575
f 676 6497 2596
f 687 6528 2607
f 691 6546 2611
f 667 6464 2587
f 656 6440 2576
f 675 6500 2595
f 683 6524 2603
f 668 6479 2588
f 648 6418 2568
f 678 6508 2598
f 693 6553 2613
f 698 6569 2618
f 688 6538 2608
f 665 6471 2585
f 657 6443 2577
f 677 6501 2597
f 686 6523 2606
f 664 6467 2584
f 653 6433 2573
f 674 6493 2594
f 684 6527 2604
f 689 6543 2609
f 670 6485 2590
f 699 6572 2619
f 695 6557 2615
f 681 6515 2601
f 652 6428 2572
f 837 6987 2757
f 735 6681 2655
f 742 6699 2662
f 868 7077 2788
f 880 7113 2800
f 832 6969 2752
f 827 6956 2747
f 778 6810 2698
f 844 7008 2764
f 749 6717 2669
f 819 6933 2739
f 765 6771 2685
f 773 6789 2693
f 850 7023 2770
f 876 7100 2796
f 833 6974 2753
f 826 6951 2746
f 779 6807 2699
f 845 7005 2765
f 748 6720 2668
f 729 6655 2649
f 711 6601 2631
f 706 6584 2626
f 718 6620 2638
f 724 6638 2644
f 737 6674 2657
f 839 6980 2759
f 882 7110 2802
f 870 7074 2790
f 744 6696 2664
f 807 6889 2727
f 789 6835 2709
f 762 6750 2682
f 797 6854 2717
f 802 6872 2722
f 821 6926 2741
f 766 6764 2686
f 774 6786 2694
f 852 7020 2772
f 874 7091 2794
f 838 6983 2758
f 736 6677 2656
f 741 6691 2661
f 867 7069 2787
f 879 7105 2799
f 831 6961 2751
f 828 6948 2748
f 780 6804 2700
f 846 7002 2766
f 747 6709 2667
f 820 6929 2740
f 767 6767 2687
f 771 6781 2691
f 849 7015 2769
f 875 7088 2795
f 834 6966 2754
f 825 6943 2745
f 777 6799 2697
f 843 6997 2763
f 750 6714 2670
f 714 6606 2634
f 707 6587 2627
f 719 6623 2639
f 725 6641 2645
f 732 6660 2652
f 755 6731 2675
f 814 6908 2734
f 784 6818 2704
f 857 7034 2777
f 862 7055 2782
f 792 6840 2712
f 759 6745 2679
f 796 6857 2716
f 803 6875 2723
f 810 6894 2730
f 815 6911 2735
f 785 6821 2705
f 856 7037 2776
f 863 7052 2783
f 754 6728 2674
f 712 6612 2632
f 705 6591 2625
f 717 6627 2637
f 723 6645 2643
f 730 6666 2650
f 753 6735 2673
f 816 6918 2736
f 786 6828 2706
f 858 7046 2778
f 861 7059 2781
f 791 6848 2711
f 761 6753 2681
f 795 6861 2715
f 801 6879 2721
f 808 6900 2728
f 813 6915 2733
f 783 6825 2703
f 855 7041 2775
f 864 7064 2784
f 756 6738 2676
f 709 6602 2629
f 703 6583 2623
f 715 6619 2635
f 721 6637 2641
f 727 6656 2647
f 751 6727 2671
f 812 6912 2732
f 782 6822 2702
f 854 7038 2774
f 859 7051 2779
f 787 6836 2707
f 758 6749 2678
f 793 6853 2713
f 799 6871 2719
f 805 6890 2725
f 811 6907 2731
f 781 6817 2701
f 853 7033 2773
f 860 7056 2780
f 752 6732 2672
f 728 6659 2648
f 710 6605 2630
f 704 6588 2624
f 716 6624 2636
f 722 6642 2642
f 734 6678 2654
f 836 6984 2756
f 877 7106 2797
f 865 7070 2785
f 739 6692 2659
f 806 6893 2726
f 788 6839 2708
f 757 6746 2677
f 794 6858 2714
f 800 6876 2720
f 818 6930 2738
f 764 6768 2684
f 769 6782 2689
f 847 7016 2767
f 871 7087 2791
f 835 6979 2755
f 733 6673 2653
f 740 6695 2660
f 866 7073 2786
f 878 7109 2798
f 830 6965 2750
f 823 6944 2743
f 775 6800 2695
f 841 6998 2761
f 746 6713 2666
f 817 6925 2737
f 763 6763 2683
f 770 6785 2690
f 848 7019 2768
f 872 7092 2792
f 829 6962 2749
f 824 6947 2744
f 776 6803 2696
f 842 7001 2762
f 745 6710 2665
f 731 6663 2651
f 713 6609 2633
f 708 6594 2628
f 720 6630 2640
f 726 6648 2646
f 738 6686 2658
f 840 6992 2760
f 881 7118 2801
f 869 7082 2789
f 743 6704 2663
f 809 6897 2729
f 790 6843 2710
f 760 6756 2680
f 798 6866 2718
f 804 6882 2724
f 822 6938 2742
f 768 6774 2688
f 772 6792 2692
f 851 7028 2771
f 873 7095 2793
f 1269 8283 3189
f 1245 8211 3165
f 1252 8229 3172
f 1288 8337 3208
f 1306 8391 3226
f 1336 8481 3256
f 1551 9129 3471
f 1473 8895 3393
f 1599 9273 3519
f 1354 8535 3274
f 1479 8913 3399
f 1401 8679 3321
f 1408 8697 3328
f 1492 8949 3412
f 1504 8985 3424
f 1533 9075 3453
f 1414 8715 3334
f 1444 8805 3364
f 1594 9255 3514
f 1383 8625 3303
f 1323 8445 3243
f 1275 8301 3195
f 1263 8265 3183
f 1299 8373 3219
f 1317 8427 3237
f 1341 8499 3261
f 1564 9165 3484
f 1462 8859 3382
f 1588 9237 3508
f 1347 8517 3267
f 1521 9039 3441
f 1420 8733 3340
f 1395 8661 3315
f 1497 8967 3417
f 1515 9021 3435
f 1557 9147 3477
f 1425 8751 3345
f 1431 8769 3351
f 1570 9183 3490
f 1372 8589 3292
f 1282 8319 3202
f 1258 8247 3178
f 1294 8355 3214
f 1312 8409 3232
f 1330 8463 3250
f 1378 8607 3298
f 1540 9093 3460
f 1449 8823 3369
f 1575 9201 3495
f 1365 8571 3285
f 1486 8931 3406
f 1390 8643 3310
f 1437 8787 3357
f 1510 9003 3430
f 1528 9057 3448
f 1546 9111 3466
f 1468 8877 3388
f 1455 8841 3375
f 1581 9219 3501
f 1359 8553 3279
f 1272 8288 3192
f 1248 8216 3168
f 1253 8234 3173
f 1289 8342 3209
f 1307 8396 3227
f 1337 8486 3257
f 1554 9134 3474
f 1476 8900 3396
f 1602 9278 3522
f 1355 8540 3275
f 1482 8918 3402
f 1404 8684 3324
f 1409 8702 3329
f 1493 8954 3413
f 1505 8990 3425
f 1536 9080 3456
f 1415 8720 3335
f 1445 8810 3365
f 1595 9260 3515
f 1386 8630 3306
f 909 7195 2829
f 891 7141 2811
f 886 7124 2806
f 898 7160 2818
f 904 7178 2824
f 922 7232 2842
f 1060 7646 2980
f 1240 8186 3160
f 1204 8078 3124
f 1102 7772 3022
f 999 7465 2919
f 981 7411 2901
f 976 7394 2896
f 988 7430 2908
f 994 7448 2914
f 1024 7538 2944
f 952 7322 2872
f 1066 7664 2986
f 1138 7880 3058
f 1179 8005 3099
f 1233 8167 3153
f 1041 7591 2961
f 927 7249 2847
f 1119 7825 3039
f 1209 8095 3129
f 1053 7627 2973
f 1228 8150 3148
f 1192 8042 3112
f 1108 7790 3028
f 933 7267 2853
f 1167 7969 3087
f 1005 7483 2925
f 957 7339 2877
f 1083 7717 3003
f 1150 7916 3070
f 1174 7988 3094
f 1029 7555 2949
f 963 7357 2883
f 1077 7699 2997
f 1126 7844 3046
f 1036 7574 2956
f 915 7213 2835
f 1095 7753 3015
f 1185 8023 3105
f 1216 8114 3136
f 1155 7933 3075
f 1018 7520 2938
f 970 7376 2890
f 1090 7736 3010
f 1143 7897 3063
f 1012 7502 2932
f 945 7303 2865
f 1071 7681 2991
f 1131 7861 3051
f 1162 7952 3082
f 1047 7609 2967
f 1221 8131 3141
f 1197 8059 3117
f 1114 7808 3034
f 940 7286 2860
f 1284 8316 3204
f 1260 8244 3180
f 1296 8352 3216
f 1314 8406 3234
f 1332 8460 3252
f 1380 8604 3300
f 1542 9090 3462
f 1451 8816 3371
f 1577 9194 3497
f 1367 8564 3287
f 1488 8928 3408
f 1392 8640 3312
f 1439 8780 3359
f 1512 9000 3432
f 1530 9054 3450
f 1548 9108 3468
f 1470 8874 3390
f 1457 8834 3377
f 1583 9212 3503
f 1361 8546 3281
f 1270 8279 3190
f 1246 8207 3166
f 1251 8221 3171
f 1287 8329 3207
f 1305 8383 3225
f 1335 8473 3255
f 1552 9125 3472
f 1474 8891 3394
f 1600 9269 3520
f 1353 8527 3273
f 1480 8909 3400
f 1402 8675 3322
f 1407 8689 3327
f 1491 8941 3411
f 1503 8977 3423
f 1534 9071 3454
f 1413 8707 3333
f 1443 8797 3363
f 1593 9247 3513
f 1384 8621 3304
f 1324 8441 3244
f 1276 8297 3196
f 1264 8261 3184
f 1300 8369 3220
f 1318 8423 3238
f 1342 8495 3262
f 1563 9157 3483
f 1461 8851 3381
f 1587 9229 3507
f 1348 8513 3268
f 1522 9035 3442
f 1419 8725 3339
f 1396 8657 3316
f 1498 8963 3418
f 1516 9017 3436
f 1558 9143 3478
f 1426 8747 3346
f 1432 8765 3352
f 1569 9175 3489
f 1371 8581 3291
f 1281 8311 3201
f 1257 8239 3177
f 1293 8347 3213
f 1311 8401 3231
f 1329 8455 3249
f 1377 8599 3297
f 1539 9085 3459
f 1450 8819 3370
f 1576 9197 3496
f 1366 8567 3286
f 1485 8923 3405
f 1389 8635 3309
f 1438 8783 3358
f 1509 8995 3429
f 1527 9049 3447
f 1545 9103 3465
f 1467 8869 3387
f 1456 8837 3376
f 1582 9215 3502
f 1360 8549 3280
f 1271 8276 3191
f 1247 8204 3167
f 1254 8226 3174
f 1290 8334 3210
f 1308 8388 3228
f 1338 8478 3258
f 1553 9122 3473
f 1475 8888 3395
f 1601 9266 3521
f 1356 8532 3276
f 1481 8906 3401
f 1403 8672 3323
f 1410 8694 3330
f 1494 8946 3414
f 1506 8982 3426
f 1535 9068 3455
f 1416 8712 3336
f 1446 8802 3366
f 1596 9252 3516
f 1385 8618 3305
f 894 7146 2814
f 887 7127 2807
f 899 7163 2819
f 905 7181 2825
f 912 7200 2832
f 941 7289 2861
f 1050 7614 2970
f 1224 8136 3144
f 1200 8064 3120
f 1115 7811 3035
f 984 7416 2904
f 977 7397 2897
f 989 7433 2909
f 995 7451 2915
f 1002 7470 2922
f 1019 7523 2939
f 971 7379 2891
f 1091 7739 3011
f 1146 7902 3066
f 1158 7938 3078
f 1217 8117 3137
f 1037 7577 2957
f 918 7218 2838
f 1098 7758 3018
f 1188 8028 3108
f 1044 7596 2964
f 1236 8172 3156
f 1212 8100 3132
f 1122 7830 3042
f 930 7254 2850
f 1163 7955 3083
f 1013 7505 2933
f 948 7308 2868
f 1074 7686 2994
f 1134 7866 3054
f 1170 7974 3090
f 1008 7488 2928
f 960 7344 2880
f 1086 7722 3006
f 1151 7919 3071
f 1061 7649 2981
f 923 7235 2843
f 1103 7775 3023
f 1205 8081 3125
f 1241 8189 3161
f 1175 7991 3095
f 1032 7560 2952
f 966 7362 2886
f 1080 7704 3000
f 1127 7847 3047
f 1025 7541 2945
f 953 7325 2873
f 1067 7667 2987
f 1139 7883 3059
f 1182 8010 3102
f 1056 7632 2976
f 1229 8153 3149
f 1193 8045 3113
f 1109 7793 3029
f 936 7272 2856
f 1325 8438 3245
f 1277 8294 3197
f 1265 8258 3185
f 1301 8366 3221
f 1319 8420 3239
f 1343 8492 3263
f 1566 9162 3486
f 1464 8856 3384
f 1590 9234 3510
f 1349 8510 3269
f 1523 9032 3443
f 1422 8730 3342
f 1397 8654 3317
f 1499 8960 3419
f 1517 9014 3437
f 1559 9140 3479
f 1427 8744 3347
f 1433 8762 3353
f 1572 9180 3492
f 1374 8586 3294
f 892 7152 2812
f 885 7131 2805
f 897 7167 2817
f 903 7185 2823
f 910 7206 2830
f 939 7293 2859
f 1048 7620 2968
f 1222 8142 3142
f 1198 8070 3118
f 1113 7815 3033
f 982 7422 2902
f 975 7401 2895
f 987 7437 2907
f 993 7455 2913
f 1000 7476 2920
f 1017 7527 2937
f 969 7383 2889
f 1089 7743 3009
f 1144 7908 3064
f 1156 7944 3076
f 1215 8121 3135
f 1035 7581 2955
f 916 7224 2836
f 1096 7764 3016
f 1186 8034 3106
f 1042 7602 2962
f 1234 8178 3154
f 1210 8106 3130
f 1120 7836 3040
f 928 7260 2848
f 1161 7959 3081
f 1011 7509 2931
f 946 7314 2866
f 1072 7692 2992
f 1132 7872 3052
f 1168 7980 3088
f 1006 7494 2926
f 958 7350 2878
f 1084 7728 3004
f 1149 7923 3069
f 1059 7653 2979
f 921 7239 2841
f 1101 7779 3021
f 1203 8085 3123
f 1239 8193 3159
f 1173 7995 3093
f 1030 7566 2950
f 964 7368 2884
f 1078 7710 2998
f 1125 7851 3045
f 1023 7545 2943
f 951 7329 2871
f 1065 7671 2985
f 1137 7887 3057
f 1180 8016 3100
f 1054 7638 2974
f 1227 8157 3147
f 1191 8049 3111
f 1107 7797 3027
f 934 7278 2854
f 1326 8450 3246
f 1278 8306 3198
f 1266 8270 3186
f 1302 8378 3222
f 1320 8432 3240
f 1344 8504 3264
f 1565 9170 3485
f 1463 8864 3383
f 1589 9242 3509
f 1350 8522 3270
f 1524 9044 3444
f 1421 8738 3341
f 1398 8666 3318
f 1500 8972 3420
f 1518 9026 3438
f 1560 9152 3480
f 1428 8756 3348
f 1434 8774 3354
f 1571 9188 3491
f 1373 8594 3293
f 889 7142 2809
f 883 7123 2803
f 895 7159 2815
f 901 7177 2821
f 907 7196 2827
f 937 7285 2857
f 1045 7610 2965
f 1219 8132 3139
f 1195 8060 3115
f 1111 7807 3031
f 979 7412 2899
f 973 7393 2893
f 985 7429 2905
f 991 7447 2911
f 997 7466 2917
f 1015 7519 2935
f 967 7375 2887
f 1087 7735 3007
f 1141 7898 3061
f 1153 7934 3073
f 1213 8113 3133
f 1033 7573 2953
f 913 7214 2833
f 1093 7754 3013
f 1183 8024 3103
f 1039 7592 2959
f 1231 8168 3151
f 1207 8096 3127
f 1117 7826 3037
f 925 7250 2845
f 1159 7951 3079
f 1009 7501 2929
f 943 7304 2863
f 1069 7682 2989
f 1129 7862 3049
f 1165 7970 3085
f 1003 7484 2923
f 955 7340 2875
f 1081 7718 3001
f 1147 7915 3067
f 1057 7645 2977
f 919 7231 2839
f 1099 7771 3019
f 1201 8077 3121
f 1237 8185 3157
f 1171 7987 3091
f 1027 7556 2947
f 961 7358 2881
f 1075 7700 2995
f 1123 7843 3043
f 1021 7537 2941
f 949 7321 2869
f 1063 7663 2983
f 1135 7879 3055
f 1177 8006 3097
f 1051 7628 2971
f 1225 8149 3145
f 1189 8041 3109
f 1105 7789 3025
f 931 7268 2851
f 1322 8442 3242
f 1274 8298 3194
f 1262 8262 3182
f 1298 8370 3218
f 1316 8424 3236
f 1340 8496 3260
f 1561 9158 3481
f 1459 8852 3379
f 1585 9230 3505
f 1346 8514 3266
f 1520 9036 3440
f 1417 8726 3337
f 1394 8658 3314
f 1496 8964 3416
f 1514 9018 3434
f 1556 9144 3476
f 1424 8748 3344
f 1430 8766 3350
f 1567 9176 3487
f 1369 8582 3289
f 908 7199 2828
f 890 7145 2810
f 884 7128 2804
f 896 7164 2816
f 902 7182 2822
f 920 7236 2840
f 1058 7650 2978
f 1238 8190 3158
f 1202 8082 3122
f 1100 7776 3020
f 998 7469 2918
f 980 7415 2900
f 974 7398 2894
f 986 7434 2906
f 992 7452 2912
f 1022 7542 2942
f 950 7326 2870
f 1064 7668 2984
f 1136 7884 3056
f 1178 8009 3098
f 1232 8171 3152
f 1040 7595 2960
f 926 7253 2846
f 1118 7829 3038
f 1208 8099 3128
f 1052 7631 2972
f 1226 8154 3146
f 1190 8046 3110
f 1106 7794 3026
f 932 7271 2852
f 1166 7973 3086
f 1004 7487 2924
f 956 7343 2876
f 1082 7721 3002
f 1148 7920 3068
f 1172 7992 3092
f 1028 7559 2948
f 962 7361 2882
f 1076 7703 2996
f 1124 7848 3044
f 1034 7578 2954
f 914 7217 2834
f 1094 7757 3014
f 1184 8027 3104
f 1214 8118 3134
f 1154 7937 3074
f 1016 7524 2936
f 968 7380 2888
f 1088 7740 3008
f 1142 7901 3062
f 1010 7506 2930
f 944 7307 2864
f 1070 7685 2990
f 1130 7865 3050
f 1160 7956 3080
f 1046 7613 2966
f 1220 8135 3140
f 1196 8063 3116
f 1112 7812 3032
f 938 7290 2858
f 1279 8312 3199
f 1255 8240 3175
f 1291 8348 3211
f 1309 8402 3229
f 1327 8456 3247
f 1375 8600 3295
f 1537 9086 3457
f 1448 8820 3368
f 1574 9198 3494
f 1364 8568 3284
f 1483 8924 3403
f 1387 8636 3307
f 1436 8784 3356
f 1507 8996 3427
f 1525 9050 3445
f 1543 9104 3463
f 1465 8870 3385
f 1454 8838 3374
f 1580 9216 3500
f 1358 8550 3278
f 1267 8275 3187
f 1243 8203 3163
f 1250 8225 3170
f 1286 8333 3206
f 1304 8387 3224
f 1334 8477 3254
f 1549 9121 3469
f 1471 8887 3391
f 1597 9265 3517
f 1352 8531 3272
f 1477 8905 3397
f 1399 8671 3319
f 1406 8693 3326
f 1490 8945 3410
f 1502 8981 3422
f 1531 9067 3451
f 1412 8711 3332
f 1442 8801 3362
f 1592 9251 3512
f 1381 8617 3301
f 1321 8437 3241
f 1273 8293 3193
f 1261 8257 3181
f 1297 8365 3217
f 1315 8419 3235
f 1339 8491 3259
f 1562 9161 3482
f 1460 8855 3380
f 1586 9233 3506
f 1345 8509 3265
f 1519 9031 3439
f 1418 8729 3338
f 1393 8653 3313
f 1495 8959 3415
f 1513 9013 3433
f 1555 9139 3475
f 1423 8743 3343
f 1429 8761 3349
f 1568 9179 3488
f 1370 8585 3290
f 1280 8315 3200
f 1256 8243 3176
f 1292 8351 3212
f 1310 8405 3230
f 1328 8459 3248
f 1376 8603 3296
f 1538 9089 3458
f 1447 8815 3367
f 1573 9193 3493
f 1363 8563 3283
f 1484 8927 3404
f 1388 8639 3308
f 1435 8779 3355
f 1508 8999 3428
f 1526 9053 3446
f 1544 9107 3464
f 1466 8873 3386
f 1453 8833 3373
f 1579 9211 3499
f 1357 8545 3277
f 1268 8280 3188
f 1244 8208 3164
f 1249 8222 3169
f 1285 8330 3205
f 1303 8384 3223
f 1333 8474 3253
f 1550 9126 3470
f 1472 8892 3392
f 1598 9270 3518
f 1351 8528 3271
f 1478 8910 3398
f 1400 8676 3320
f 1405 8690 3325
f 1489 8942 3409
f 1501 8978 3421
f 1532 9072 3452
f 1411 8708 3331
f 1441 8798 3361
f 1591 9248 3511
f 1382 8622 3302
f 911 7203 2831
f 893 7149 2813
f 888 7134 2808
f 900 7170 2820
f 906 7188 2826
f 924 7242 2844
f 1062 7656 2982
f 1242 8196 3162
f 1206 8088 3126
f 1104 7782 3024
f 1001 7473 2921
f 983 7419 2903
f 978 7404 2898
f 990 7440 2910
f 996 7458 2916
f 1026 7548 2946
f 954 7332 2874
f 1068 7674 2988
f 1140 7890 3060
f 1181 8013 3101
f 1235 8175 3155
f 1043 7599 2963
f 929 7257 2849
f 1121 7833 3041
f 1211 8103 3131
f 1055 7635 2975
f 1230 8160 3150
f 1194 8052 3114
f 1110 7800 3030
f 935 7275 2855
f 1169 7977 3089
f 1007 7491 2927
f 959 7347 2879
f 1085 7725 3005
f 1152 7926 3072
f 1176 7998 3096
f 1031 7563 2951
f 965 7365 2885
f 1079 7707 2999
f 1128 7854 3048
f 1038 7584 2958
f 917 7221 2837
f 1097 7761 3017
f 1187 8031 3107
f 1218 8124 3138
f 1157 7941 3077
f 1020 7530 2940
f 972 7386 2892
f 1092 7746 3012
f 1145 7905 3065
f 1014 7512 2934
f 947 7311 2867
f 1073 7689 2993
f 1133 7869 3053
f 1164 7962 3084
f 1049 7617 2969
f 1223 8139 3143
f 1199 8067 3119
f 1116 7818 3036
f 942 7296 2862
f 1283 8324 3203
f 1259 8252 3179
f 1295 8360 3215
f 1313 8414 3233
f 1331 8468 3251
f 1379 8612 3299
f 1541 9098 3461
f 1452 8828 3372
f 1578 9206 3498
f 1368 8576 3288
f 1487 8936 3407
f 1391 8648 3311
f 1440 8792 3360
f 1511 9008 3431
f 1529 9062 3449
f 1547 9116 3467
f 1469 8882 3389
f 1458 8846 3378
f 1584 9224 3504
f 1362 8558 3282
f 1609 9291 4989
f 1605 9287 4965
f 1611 9288 4972
f 1614 9294 5008
f 1617 9297 5026
f 1631 9306 5080
f 1688 9372 5463
f 1775 9459 5985
f 1763 9447 5913
f 1719 9396 5620
f 1654 9336 5259
f 1650 9332 5235
f 1656 9333 5242
f 1659 9339 5278
f 1662 9342 5296
f 1672 9356 5367
f 1646 9321 5170
f 1706 9378 5512
f 1735 9417 5734
f 1741 9423 5781
f 1770 9452 5955
f 1680 9362 5415
f 1621 9303 5061
f 1711 9393 5601
f 1756 9438 5871
f 1684 9366 5439
f 1780 9462 6004
f 1767 9444 5896
f 1722 9402 5644
f 1627 9309 5097
f 1744 9428 5799
f 1668 9347 5326
f 1636 9318 5151
f 1699 9381 5529
f 1730 9414 5715
f 1748 9432 5823
f 1666 9348 5331
f 1642 9324 5187
f 1705 9386 5548
f 1736 9408 5692
f 1691 9363 5422
f 1623 9302 5056
f 1713 9392 5596
f 1764 9437 5866
f 1781 9453 5962
f 1749 9422 5776
f 1677 9357 5374
f 1645 9327 5205
f 1703 9387 5553
f 1725 9407 5685
f 1674 9351 5350
f 1638 9317 5146
f 1695 9377 5505
f 1732 9413 5710
f 1752 9429 5806
f 1690 9371 5458
f 1777 9458 5980
f 1759 9443 5889
f 1717 9401 5637
f 1630 9312 5115
f 2191 9873 6094
f 1885 9567 6070
f 1901 9585 6075
f 2279 9963 6111
f 2315 9999 6129
f 2171 9855 6147
f 2160 9840 6352
f 2016 9696 6262
f 2214 9894 6382
f 1919 9603 6159
f 2137 9819 6292
f 1978 9657 6196
f 1991 9675 6207
f 2225 9909 6309
f 2302 9984 6327
f 2178 9858 6358
f 2153 9837 6237
f 2009 9693 6249
f 2207 9891 6369
f 1926 9606 6172
f 1857 9539 5043
f 1803 9485 4995
f 1786 9468 4983
f 1822 9504 5019
f 1840 9522 5037
f 1876 9558 5091
f 2182 9864 5499
f 2312 9996 6039
f 2276 9960 5937
f 1898 9582 5631
f 2091 9773 5313
f 2037 9719 5265
f 1952 9636 5253
f 2056 9738 5289
f 2074 9756 5307
f 2128 9810 5397
f 1966 9648 5181
f 1988 9672 5523
f 2222 9906 5745
f 2293 9977 5853
f 2185 9869 6021
f 1879 9563 5445
f 1893 9575 5103
f 2271 9953 5673
f 2307 9989 5943
f 2163 9845 5481
f 2150 9834 6015
f 2006 9690 5907
f 2204 9888 5655
f 1911 9593 5121
f 2131 9815 5829
f 1969 9653 5337
f 1983 9665 5193
f 2217 9899 5571
f 2290 9972 5769
f 2168 9852 5847
f 2145 9827 5403
f 2001 9683 5211
f 2199 9881 5559
f 1916 9600 5703
f 1808 9492 5433
f 1789 9473 5067
f 1825 9509 5607
f 1843 9527 5877
f 1862 9546 5973
f 1933 9617 5787
f 2110 9792 5385
f 2020 9702 5229
f 2236 9918 5589
f 2257 9941 5751
f 2042 9726 5361
f 1947 9629 5157
f 2059 9743 5535
f 2077 9761 5721
f 2096 9780 5817
f 2113 9797 5469
f 2023 9707 5991
f 2239 9923 5919
f 2254 9936 5667
f 1930 9612 5139
f 1818 9498 6082
f 1798 9477 6046
f 1834 9513 6064
f 1852 9531 6106
f 1872 9552 6124
f 1942 9621 6142
f 2120 9804 6345
f 2030 9714 6267
f 2248 9930 6387
f 2263 9945 6166
f 2052 9732 6280
f 1955 9639 6189
f 2065 9747 6220
f 2086 9765 6304
f 2106 9786 6322
f 2122 9801 6334
f 2032 9711 6232
f 2245 9927 6256
f 2266 9948 6393
f 1940 9624 6177
f 1813 9486 5002
f 1792 9467 4978
f 1828 9503 5014
f 1846 9521 5032
f 1867 9540 5050
f 1936 9611 5134
f 2123 9798 5476
f 2033 9708 5998
f 2249 9924 5926
f 2260 9935 5662
f 2049 9720 5272
f 1959 9635 5248
f 2062 9737 5284
f 2080 9755 5302
f 2101 9774 5320
f 2116 9791 5380
f 2026 9701 5224
f 2242 9917 5584
f 2267 9942 5758
f 1943 9618 5794
f 1869 9545 5968
f 1815 9491 5428
f 1799 9474 5074
f 1835 9510 5614
f 1853 9528 5884
f 1889 9564 5452
f 2195 9870 6028
f 2319 9990 5950
f 2283 9954 5680
f 1905 9576 5110
f 2103 9779 5812
f 2046 9725 5356
f 1957 9630 5164
f 2069 9744 5542
f 2087 9762 5728
f 2141 9816 5836
f 1979 9654 5344
f 1993 9666 5200
f 2229 9900 5578
f 2296 9971 5764
f 2188 9863 5494
f 1882 9557 5086
f 1902 9581 5626
f 2280 9959 5932
f 2316 9995 6034
f 2172 9851 5842
f 2157 9828 5410
f 2011 9684 5218
f 2209 9882 5566
f 1923 9599 5698
f 2134 9809 5392
f 1972 9647 5176
f 1995 9671 5518
f 2226 9905 5740
f 2303 9978 5860
f 2175 9846 5488
f 2154 9833 6010
f 2013 9689 5902
f 2211 9887 5650
f 1921 9594 5128
f 1865 9549 6087
f 1811 9495 6051
f 1796 9480 6057
f 1832 9516 6099
f 1850 9534 6117
f 1888 9570 6135
f 2194 9876 6363
f 2322 10002 6274
f 2286 9966 6400
f 1908 9588 6154
f 2099 9783 6285
f 2045 9729 6213
f 1962 9642 6202
f 2068 9750 6297
f 2084 9768 6315
f 2140 9822 6339
f 1976 9660 6225
f 1998 9678 6244
f 2232 9912 6376
f 2299 9981 6184
f 2330 10009 4992
f 2324 10003 4968
f 2325 10006 4973
f 2332 10012 5009
f 2335 10015 5027
f 2344 10024 5081
f 2410 10090 5466
f 2497 10177 5988
f 2486 10165 5916
f 2434 10114 5621
f 2375 10054 5262
f 2369 10048 5238
f 2370 10051 5243
f 2377 10057 5279
f 2380 10060 5297
f 2393 10072 5370
f 2359 10039 5171
f 2415 10096 5513
f 2455 10135 5735
f 2461 10141 5784
f 2489 10168 5958
f 2399 10078 5418
f 2341 10021 5064
f 2431 10111 5604
f 2476 10156 5874
f 2405 10084 5442
f 2500 10180 6005
f 2481 10162 5897
f 2439 10120 5645
f 2348 10027 5100
f 2465 10144 5802
f 2383 10063 5327
f 2356 10036 5154
f 2420 10099 5532
f 2452 10132 5718
f 2471 10150 5826
f 2386 10066 5334
f 2363 10042 5190
f 2422 10102 5549
f 2445 10126 5693
f 2400 10081 5423
f 2338 10018 5057
f 2428 10108 5597
f 2473 10153 5867
f 2490 10171 5963
f 2458 10138 5777
f 2394 10075 5375
f 2366 10045 5208
f 2425 10105 5556
f 2444 10123 5688
f 2389 10069 5351
f 2353 10033 5147
f 2414 10093 5508
f 2449 10129 5711
f 2466 10147 5807
f 2407 10087 5459
f 2494 10174 5981
f 2480 10159 5892
f 2438 10117 5640
f 2351 10030 5118
f 2510 10191 6095
f 2504 10185 6071
f 2508 10188 6078
f 2514 10194 6114
f 2517 10197 6132
f 2520 10200 6150
f 2554 10235 6353
f 2539 10219 6263
f 2560 10240 6383
f 2523 10202 6162
f 2543 10224 6293
f 2527 10208 6197
f 2532 10211 6210
f 2547 10227 6312
f 2550 10230 6330
f 2552 10233 6359
f 2535 10215 6240
f 2538 10217 6252
f 2558 10237 6372
f 2524 10204 6173
f 1607 6416 3549
f 1603 6408 3531
f 1604 6406 3526
f 1610 6412 3538
f 1613 6415 3544
f 1622 6424 3562
f 1686 6492 3700
f 1773 6582 3880
f 1761 6565 3844
f 1712 6514 3742
f 1652 6461 3639
f 1648 6453 3621
f 1649 6451 3616
f 1655 6457 3628
f 1658 6460 3634
f 1670 6475 3664
f 1637 6439 3592
f 1694 6496 3706
f 1731 6533 3778
f 1739 6551 3819
f 1768 6579 3873
f 1678 6483 3681
f 1619 6426 3567
f 1709 6521 3759
f 1754 6566 3849
f 1682 6489 3693
f 1776 6578 3868
f 1758 6560 3832
f 1716 6518 3748
f 1625 6429 3573
f 1742 6547 3807
f 1663 6465 3645
f 1634 6441 3597
f 1697 6504 3723
f 1728 6537 3790
f 1746 6550 3814
f 1664 6476 3669
f 1640 6444 3603
f 1700 6502 3717
f 1724 6526 3766
f 1679 6481 3676
f 1618 6420 3555
f 1708 6510 3735
f 1753 6555 3825
f 1769 6571 3856
f 1738 6540 3795
f 1671 6473 3658
f 1643 6447 3610
f 1701 6507 3730
f 1723 6534 3783
f 1667 6469 3652
f 1633 6435 3585
f 1693 6498 3711
f 1727 6529 3771
f 1743 6545 3802
f 1685 6487 3687
f 1772 6574 3861
f 1757 6562 3837
f 1715 6520 3754
f 1628 6432 3580
f 2187 6989 4690
f 1881 6683 4078
f 1899 6703 4120
f 2277 7081 4876
f 2313 7117 4948
f 2169 6973 4660
f 2156 6958 4630
f 2010 6812 4336
f 2208 7010 4732
f 1917 6724 4162
f 2133 6935 4582
f 1971 6773 4258
f 1989 6796 4306
f 2223 7027 4768
f 2300 7104 4924
f 2174 6976 4666
f 2151 6955 4624
f 2007 6814 4342
f 2205 7012 4738
f 1920 6722 4156
f 1855 6664 4041
f 1801 6610 3933
f 1784 6595 3903
f 1820 6631 3975
f 1838 6649 4011
f 1874 6687 4089
f 2180 6993 4701
f 2310 7121 4959
f 2274 7085 4887
f 1896 6707 4131
f 2089 6898 4509
f 2035 6844 4401
f 1950 6761 4239
f 2054 6867 4449
f 2072 6883 4479
f 2126 6939 4593
f 1964 6775 4263
f 1986 6797 4311
f 2220 7031 4779
f 2291 7098 4911
f 2183 6990 4695
f 1877 6684 4083
f 1891 6700 4113
f 2269 7078 4869
f 2305 7114 4941
f 2161 6970 4653
f 2148 6959 4635
f 2004 6815 4347
f 2202 7013 4743
f 1909 6718 4149
f 2129 6936 4587
f 1967 6777 4269
f 1981 6790 4293
f 2215 7024 4761
f 2288 7101 4917
f 2166 6977 4671
f 2143 6952 4617
f 1999 6808 4329
f 2197 7006 4725
f 1914 6725 4167
f 1806 6617 3951
f 1787 6597 3909
f 1823 6633 3981
f 1841 6651 4017
f 1860 6671 4059
f 1931 6741 4197
f 2108 6919 4551
f 2018 6829 4371
f 2234 7047 4809
f 2255 7062 4839
f 2040 6851 4419
f 1945 6754 4221
f 2057 6864 4443
f 2075 6885 4485
f 2094 6905 4527
f 2111 6921 4557
f 2021 6831 4377
f 2237 7044 4803
f 2252 7065 4845
f 1928 6739 4191
f 1812 6614 3940
f 1791 6593 3898
f 1827 6629 3970
f 1845 6647 4006
f 1866 6668 4048
f 1935 6737 4186
f 2118 6924 4564
f 2028 6834 4384
f 2246 7050 4816
f 2259 7061 4834
f 2048 6850 4414
f 1953 6760 4234
f 2061 6863 4438
f 2079 6881 4474
f 2100 6902 4516
f 2115 6917 4546
f 2025 6827 4366
f 2241 7043 4798
f 2264 7068 4852
f 1938 6744 4204
f 1802 6604 3922
f 1783 6585 3885
f 1819 6621 3957
f 1837 6639 3993
f 1856 6658 4030
f 1927 6729 4173
f 2112 6914 4540
f 2022 6824 4360
f 2238 7040 4792
f 2251 7053 4821
f 2036 6838 4390
f 1949 6751 4215
f 2053 6855 4425
f 2071 6873 4461
f 2090 6892 4498
f 2107 6909 4533
f 2017 6819 4353
f 2233 7035 4785
f 2256 7058 4828
f 1932 6734 4180
f 1859 6661 4035
f 1805 6607 3927
f 1788 6590 3892
f 1824 6626 3964
f 1842 6644 4000
f 1878 6680 4072
f 2184 6986 4684
f 2306 7108 4930
f 2270 7072 4858
f 1892 6694 4102
f 2093 6895 4503
f 2039 6841 4395
f 1946 6748 4210
f 2058 6860 4432
f 2076 6878 4468
f 2130 6932 4576
f 1968 6770 4252
f 1982 6784 4282
f 2216 7018 4750
f 2287 7089 4893
f 2179 6981 4677
f 1873 6675 4065
f 1895 6697 4107
f 2273 7075 4863
f 2309 7111 4935
f 2165 6967 4647
f 2144 6946 4606
f 2000 6802 4318
f 2198 7000 4714
f 1913 6715 4143
f 2125 6927 4569
f 1963 6765 4245
f 1985 6787 4287
f 2219 7021 4755
f 2292 7094 4900
f 2162 6964 4642
f 2147 6949 4611
f 2003 6805 4323
f 2201 7003 4719
f 1910 6712 4138
f 1863 6670 4054
f 1809 6616 3946
f 1794 6600 3916
f 1830 6636 3988
f 1848 6654 4024
f 1886 6690 4096
f 2192 6996 4708
f 2318 7120 4954
f 2282 7084 4882
f 1904 6706 4126
f 2097 6904 4522
f 2043 6847 4408
f 1956 6758 4228
f 2066 6870 4456
f 2082 6888 4492
f 2138 6942 4600
f 1974 6780 4276
f 1992 6794 4300
f 2228 7030 4774
f 2295 7097 4906
f 2331 8285 5004
f 2327 8213 4980
f 2328 8233 5016
f 2334 8341 5034
f 2337 8395 5052
f 2346 8485 5136
f 2412 9131 5478
f 2499 8897 6000
f 2487 9275 5928
f 2436 8539 5664
f 2376 8915 5274
f 2372 8681 5250
f 2373 8701 5286
f 2379 8953 5304
f 2382 8989 5322
f 2396 9077 5382
f 2361 8719 5226
f 2418 8809 5586
f 2457 9259 5760
f 2463 8627 5796
f 2492 8447 5970
f 2402 8303 5430
f 2343 8267 5076
f 2433 8375 5616
f 2478 8429 5886
f 2406 8501 5454
f 2502 9169 6030
f 2484 8863 5952
f 2442 9241 5682
f 2349 8519 5112
f 2468 9041 5814
f 2387 8737 5358
f 2358 8663 5166
f 2421 8969 5544
f 2454 9023 5730
f 2472 9149 5838
f 2388 8753 5346
f 2364 8771 5202
f 2426 9187 5580
f 2448 8593 5766
f 2403 8323 5496
f 2342 8251 5088
f 2432 8359 5628
f 2477 8413 5934
f 2493 8467 6036
f 2462 8611 5844
f 2397 9097 5412
f 2367 8825 5220
f 2427 9203 5568
f 2447 8573 5700
f 2391 8935 5394
f 2357 8647 5178
f 2417 8789 5520
f 2453 9007 5742
f 2469 9061 5862
f 2411 9115 5490
f 2498 8881 6012
f 2483 8843 5904
f 2441 9221 5652
f 2352 8555 5130
f 2509 8292 6089
f 2503 8220 6053
f 2506 8236 6059
f 2512 8344 6101
f 2515 8398 6119
f 2518 8488 6137
f 2555 9138 6365
f 2541 8904 6276
f 2562 9282 6402
f 2522 8542 6156
f 2542 8922 6287
f 2528 8688 6215
f 2531 8704 6204
f 2545 8956 6299
f 2548 8992 6317
f 2551 9084 6341
f 2533 8722 6227
f 2537 8812 6246
f 2559 9262 6378
f 2526 8634 6186
f 1616 7204 4990
f 1608 7150 4966
f 1606 7135 4971
f 1612 7171 5007
f 1615 7189 5025
f 1624 7243 5079
f 1692 7657 5464
f 1782 8197 5986
f 1765 8089 5914
f 1714 7783 5619
f 1661 7474 5260
f 1653 7420 5236
f 1651 7405 5241
f 1657 7441 5277
f 1660 7459 5295
f 1675 7549 5368
f 1639 7333 5169
f 1696 7675 5511
f 1733 7891 5733
f 1751 8014 5782
f 1779 8176 5956
f 1683 7600 5416
f 1626 7258 5062
f 1721 7834 5602
f 1766 8104 5872
f 1689 7636 5440
f 1778 8161 6003
f 1760 8053 5895
f 1718 7801 5643
f 1629 7276 5098
f 1747 7978 5800
f 1665 7492 5325
f 1641 7348 5152
f 1704 7726 5530
f 1737 7927 5716
f 1750 7999 5824
f 1676 7564 5332
f 1644 7366 5188
f 1702 7708 5547
f 1726 7855 5691
f 1681 7585 5421
f 1620 7222 5055
f 1710 7762 5595
f 1755 8032 5865
f 1771 8125 5961
f 1740 7942 5775
f 1673 7531 5373
f 1647 7387 5206
f 1707 7747 5554
f 1734 7906 5686
f 1669 7513 5349
f 1635 7312 5145
f 1698 7690 5506
f 1729 7870 5709
f 1745 7963 5805
f 1687 7618 5457
f 1774 8140 5979
f 1762 8068 5890
f 1720 7819 5638
f 1632 7297 5116
f 2189 8327 6093
f 1883 8255 6069
f 1903 8363 6076
f 2281 8417 6112
f 2317 8471 6130
f 2173 8615 6148
f 2158 9101 6351
f 2012 8829 6261
f 2210 9207 6381
f 1924 8577 6160
f 2135 8939 6291
f 1973 8651 6195
f 1996 8793 6208
f 2227 9011 6310
f 2304 9065 6328
f 2176 9119 6357
f 2155 8885 6238
f 2014 8847 6250
f 2212 9225 6370
f 1922 8559 6171
f 1864 8286 5044
f 1810 8214 4996
f 1795 8230 4984
f 1831 8338 5020
f 1849 8392 5038
f 1887 8482 5092
f 2193 9132 5500
f 2321 8898 6040
f 2285 9276 5938
f 1907 8536 5632
f 2098 8916 5314
f 2044 8682 5266
f 1961 8698 5254
f 2067 8950 5290
f 2083 8986 5308
f 2139 9078 5398
f 1975 8716 5182
f 1997 8806 5524
f 2231 9256 5746
f 2298 8628 5854
f 2190 8448 6022
f 1884 8304 5446
f 1900 8268 5104
f 2278 8376 5674
f 2314 8430 5944
f 2170 8502 5482
f 2159 9166 6016
f 2015 8860 5908
f 2213 9238 5656
f 1918 8520 5122
f 2136 9042 5830
f 1977 8734 5338
f 1990 8664 5194
f 2224 8970 5572
f 2301 9024 5770
f 2177 9150 5848
f 2152 8754 5404
f 2008 8772 5212
f 2206 9184 5560
f 1925 8590 5704
f 1817 8320 5434
f 1797 8248 5068
f 1833 8356 5608
f 1851 8410 5878
f 1871 8464 5974
f 1941 8608 5788
f 2119 9094 5386
f 2029 8826 5230
f 2247 9204 5590
f 2262 8574 5752
f 2051 8932 5362
f 1954 8644 5158
f 2064 8790 5536
f 2085 9004 5722
f 2105 9058 5818
f 2121 9112 5470
f 2031 8878 5992
f 2244 8844 5920
f 2265 9222 5668
f 1939 8556 5140
f 1814 8289 6081
f 1793 8217 6045
f 1829 8237 6063
f 1847 8345 6105
f 1868 8399 6123
f 1937 8489 6141
f 2124 9135 6346
f 2034 8901 6268
f 2250 9279 6388
f 2261 8543 6165
f 2050 8919 6279
f 1960 8685 6190
f 2063 8705 6219
f 2081 8957 6303
f 2102 8993 6321
f 2117 9081 6333
f 2027 8723 6231
f 2243 8813 6255
f 2268 9263 6394
f 1944 8631 6178
f 1804 7157 5001
f 1785 7137 4977
f 1821 7173 5013
f 1839 7191 5031
f 1858 7211 5049
f 1929 7299 5133
f 2114 7625 5475
f 2024 8147 5997
f 2240 8075 5925
f 2253 7821 5661
f 2038 7427 5271
f 1951 7407 5247
f 2055 7443 5283
f 2073 7461 5301
f 2092 7481 5319
f 2109 7533 5379
f 2019 7389 5223
f 2235 7749 5583
f 2258 7913 5757
f 1934 7949 5793
f 1861 8127 5967
f 1807 7587 5427
f 1790 7229 5073
f 1826 7769 5613
f 1844 8039 5883
f 1880 7607 5451
f 2186 8183 6027
f 2308 8111 5949
f 2272 7841 5679
f 1894 7265 5109
f 2095 7965 5811
f 2041 7515 5355
f 1948 7319 5163
f 2060 7697 5541
f 2078 7877 5727
f 2132 7985 5835
f 1970 7499 5343
f 1984 7355 5199
f 2218 7733 5577
f 2289 7929 5763
f 2181 7659 5493
f 1875 7245 5085
f 1897 7785 5625
f 2275 8091 5931
f 2311 8199 6033
f 2167 8001 5841
f 2146 7571 5409
f 2002 7373 5217
f 2200 7715 5565
f 1915 7857 5697
f 2127 7551 5391
f 1965 7335 5175
f 1987 7677 5517
f 2221 7893 5739
f 2294 8021 5859
f 2164 7643 5487
f 2149 8163 6009
f 2005 8055 5901
f 2203 7803 5649
f 1912 7283 5127
f 1870 8451 6088
f 1816 8307 6052
f 1800 8271 6058
f 1836 8379 6100
f 1854 8433 6118
f 1890 8505 6136
f 2196 9173 6364
f 2320 8867 6273
f 2284 9245 6399
f 1906 8523 6153
f 2104 9045 6286
f 2047 8741 6214
f 1958 8667 6201
f 2070 8973 6298
f 2088 9027 6316
f 2142 9153 6340
f 1980 8757 6226
f 1994 8775 6243
f 2230 9191 6375
f 2297 8597 6183
f 2329 7154 4991
f 2323 7133 4967
f 2326 7169 4974
f 2333 7187 5010
f 2336 7208 5028
f 2345 7295 5082
f 2409 7622 5465
f 2496 8144 5987
f 2485 8072 5915
f 2435 7817 5622
f 2374 7424 5261
f 2368 7403 5237
f 2371 7439 5244
f 2378 7457 5280
f 2381 7478 5298
f 2392 7529 5369
f 2360 7385 5172
f 2416 7745 5514
f 2456 7910 5736
f 2460 7946 5783
f 2488 8123 5957
f 2398 7583 5417
f 2340 7226 5063
f 2430 7766 5603
f 2475 8036 5873
f 2404 7604 5441
f 2501 8180 6006
f 2482 8108 5898
f 2440 7838 5646
f 2347 7262 5099
f 2464 7961 5801
f 2384 7511 5328
f 2355 7316 5153
f 2419 7694 5531
f 2451 7874 5717
f 2470 7982 5825
f 2385 7496 5333
f 2362 7352 5189
f 2423 7730 5550
f 2446 7925 5694
f 2401 7655 5424
f 2339 7241 5058
f 2429 7781 5598
f 2474 8087 5868
f 2491 8195 5964
f 2459 7997 5778
f 2395 7568 5376
f 2365 7370 5207
f 2424 7712 5555
f 2443 7853 5687
f 2390 7547 5352
f 2354 7331 5148
f 2413 7673 5507
f 2450 7889 5712
f 2467 8018 5808
f 2408 7640 5460
f 2495 8159 5982
f 2479 8051 5891
f 2437 7799 5639
f 2350 7280 5117
f 2511 8454 6096
f 2505 8310 6072
f 2507 8274 6077
f 2513 8382 6113
f 2516 8436 6131
f 2519 8508 6149
f 2556 9172 6354
f 2540 8866 6264
f 2561 9244 6384
f 2521 8526 6161
f 2544 9048 6294
f 2529 8740 6198
f 2530 8670 6209
f 2546 8976 6311
f 2549 9030 6329
f 2553 9156 6360
f 2534 8760 6239
f 2536 8778 6251
f 2557 9190 6371
f 2525 8596 6174
f 1609 7144 3534
f 1605 7125 3527
f 1611 7161 3539
f 1614 7179 3545
f 1617 7198 3552
f 1631 7287 3581
f 1688 7612 3690
f 1775 8134 3864
f 1763 8062 3840
f 1719 7809 3755
f 1654 7414 3624
f 1650 7395 3617
f 1656 7431 3629
f 1659 7449 3635
f 1662 7468 3642
f 1672 7521 3659
f 1646 7377 3611
f 1706 7737 3731
f 1735 7900 3786
f 1741 7936 3798
f 1770 8115 3857
f 1680 7575 3677
f 1621 7216 3558
f 1711 7756 3738
f 1756 8026 3828
f 1684 7594 3684
f 1780 8170 3876
f 1767 8098 3852
f 1722 7828 3762
f 1627 7252 3570
f 1744 7953 3803
f 1668 7503 3653
f 1636 7306 3588
f 1699 7684 3714
f 1730 7864 3774
f 1748 7972 3810
f 1666 7486 3648
f 1642 7342 3600
f 1705 7720 3726
f 1736 7917 3791
f 1691 7647 3701
f 1623 7233 3563
f 1713 7773 3743
f 1764 8079 3845
f 1781 8187 3881
f 1749 7989 3815
f 1677 7558 3672
f 1645 7360 3606
f 1703 7702 3720
f 1725 7845 3767
f 1674 7539 3665
f 1638 7323 3593
f 1695 7665 3707
f 1732 7881 3779
f 1752 8008 3822
f 1690 7630 3696
f 1777 8151 3869
f 1759 8043 3833
f 1717 7791 3749
f 1630 7270 3576
f 2191 8444 4698
f 1885 8300 4086
f 1901 8264 4116
f 2279 8372 4872
f 2315 8426 4944
f 2171 8498 4656
f 2160 9160 4638
f 2016 8854 4350
f 2214 9232 4746
f 1919 8516 4152
f 2137 9038 4590
f 1978 8728 4272
f 1991 8660 4296
f 2225 8966 4764
f 2302 9020 4920
f 2178 9146 4674
f 2153 8750 4620
f 2009 8768 4332
f 2207 9178 4728
f 1926 8584 4170
f 1857 7201 4031
f 1803 7147 3923
f 1786 7130 3888
f 1822 7166 3960
f 1840 7184 3996
f 1876 7238 4068
f 2182 7652 4680
f 2312 8192 4938
f 2276 8084 4866
f 1898 7778 4110
f 2091 7471 4499
f 2037 7417 4391
f 1952 7400 4218
f 2056 7436 4428
f 2074 7454 4464
f 2128 7544 4572
f 1966 7328 4248
f 1988 7670 4290
f 2222 7886 4758
f 2293 8011 4901
f 2185 8173 4685
f 1879 7597 4073
f 1893 7255 4103
f 2271 7831 4859
f 2307 8101 4931
f 2163 7633 4643
f 2150 8156 4614
f 2006 8048 4326
f 2204 7796 4722
f 1911 7273 4139
f 2131 7975 4577
f 1969 7489 4253
f 1983 7345 4283
f 2217 7723 4751
f 2290 7922 4896
f 2168 7994 4650
f 2145 7561 4607
f 2001 7363 4319
f 2199 7705 4715
f 1916 7850 4146
f 1808 7580 3930
f 1789 7219 3893
f 1825 7759 3965
f 1843 8029 4001
f 1862 8120 4038
f 1933 7939 4181
f 2110 7526 4536
f 2020 7382 4356
f 2236 7742 4788
f 2257 7903 4829
f 2042 7508 4398
f 1947 7309 4211
f 2059 7687 4433
f 2077 7867 4469
f 2096 7958 4506
f 2113 7615 4541
f 2023 8137 4361
f 2239 8065 4793
f 2254 7814 4824
f 1930 7292 4176
f 1818 8314 3954
f 1798 8242 3912
f 1834 8350 3984
f 1852 8404 4020
f 1872 8458 4062
f 1942 8602 4200
f 2120 9088 4554
f 2030 8822 4374
f 2248 9200 4812
f 2263 8570 4842
f 2052 8926 4422
f 1955 8638 4224
f 2065 8786 4446
f 2086 8998 4488
f 2106 9052 4530
f 2122 9106 4560
f 2032 8872 4380
f 2245 8840 4806
f 2266 9218 4848
f 1940 8552 4194
f 1813 8277 3941
f 1792 8205 3899
f 1828 8227 3971
f 1846 8335 4007
f 1867 8389 4049
f 1936 8479 4187
f 2123 9123 4565
f 2033 8889 4385
f 2249 9267 4817
f 2260 8533 4835
f 2049 8907 4415
f 1959 8673 4235
f 2062 8695 4439
f 2080 8947 4475
f 2101 8983 4517
f 2116 9069 4547
f 2026 8713 4367
f 2242 8803 4799
f 2267 9253 4853
f 1943 8619 4205
f 1869 8439 4055
f 1815 8295 3947
f 1799 8259 3917
f 1835 8367 3989
f 1853 8421 4025
f 1889 8493 4097
f 2195 9163 4709
f 2319 8857 4955
f 2283 9235 4883
f 1905 8511 4127
f 2103 9033 4523
f 2046 8731 4409
f 1957 8655 4229
f 2069 8961 4457
f 2087 9015 4493
f 2141 9141 4601
f 1979 8745 4277
f 1993 8763 4301
f 2229 9181 4775
f 2296 8587 4907
f 2188 8317 4691
f 1882 8245 4079
f 1902 8353 4121
f 2280 8407 4877
f 2316 8461 4949
f 2172 8605 4661
f 2157 9091 4631
f 2011 8817 4337
f 2209 9195 4733
f 1923 8565 4163
f 2134 8929 4583
f 1972 8641 4259
f 1995 8781 4307
f 2226 9001 4769
f 2303 9055 4925
f 2175 9109 4667
f 2154 8875 4625
f 2013 8835 4343
f 2211 9213 4739
f 1921 8547 4157
f 1865 8282 4044
f 1811 8210 3936
f 1796 8224 3906
f 1832 8332 3978
f 1850 8386 4014
f 1888 8476 4092
f 2194 9128 4704
f 2322 8894 4962
f 2286 9272 4890
f 1908 8530 4134
f 2099 8912 4512
f 2045 8678 4404
f 1962 8692 4242
f 2068 8944 4452
f 2084 8980 4482
f 2140 9074 4596
f 1976 8710 4266
f 1998 8800 4314
f 2232 9250 4782
f 2299 8624 4914
f 2330 7210 5045
f 2324 7156 4997
f 2325 7140 4985
f 2332 7176 5021
f 2335 7194 5039
f 2344 7248 5093
f 2410 7662 5501
f 2497 8202 6041
f 2486 8094 5939
f 2434 7788 5633
f 2375 7480 5315
f 2369 7426 5267
f 2370 7410 5255
f 2377 7446 5291
f 2380 7464 5309
f 2393 7554 5399
f 2359 7338 5183
f 2415 7680 5525
f 2455 7896 5747
f 2461 8020 5855
f 2489 8182 6023
f 2399 7606 5447
f 2341 7264 5105
f 2431 7840 5675
f 2476 8110 5945
f 2405 7642 5483
f 2500 8166 6017
f 2481 8058 5909
f 2439 7806 5657
f 2348 7282 5123
f 2465 7984 5831
f 2383 7498 5339
f 2356 7354 5195
f 2420 7732 5573
f 2452 7932 5771
f 2471 8004 5849
f 2386 7570 5405
f 2363 7372 5213
f 2422 7714 5561
f 2445 7860 5705
f 2400 7590 5435
f 2338 7228 5069
f 2428 7768 5609
f 2473 8038 5879
f 2490 8130 5975
f 2458 7948 5789
f 2394 7536 5387
f 2366 7392 5231
f 2425 7752 5591
f 2444 7912 5753
f 2389 7518 5363
f 2353 7318 5159
f 2414 7696 5537
f 2449 7876 5723
f 2466 7968 5819
f 2407 7624 5471
f 2494 8146 5993
f 2480 8074 5921
f 2438 7824 5669
f 2351 7302 5141
f 2510 8326 6084
f 2504 8254 6048
f 2508 8362 6066
f 2514 8416 6108
f 2517 8470 6126
f 2520 8614 6144
f 2554 9100 6347
f 2539 8832 6269
f 2560 9210 6389
f 2523 8580 6168
f 2543 8938 6282
f 2527 8650 6191
f 2532 8796 6222
f 2547 9010 6306
f 2550 9064 6324
f 2552 9118 6336
f 2535 8884 6234
f 2538 8850 6258
f 2558 9228 6395
f 2524 8562 6179
f 1607 9289 3532
f 1603 9283 3525
f 1604 9286 3537
f 1610 9293 3543
f 1613 9296 3550
f 1622 9305 3579
f 1686 9369 3688
f 1773 9456 3862
f 1761 9445 3838
f 1712 9395 3753
f 1652 9334 3622
f 1648 9328 3615
f 1649 9331 3627
f 1655 9338 3633
f 1658 9341 3640
f 1670 9352 3657
f 1637 9320 3609
f 1694 9376 3729
f 1731 9416 3784
f 1739 9420 3796
f 1768 9448 3855
f 1678 9358 3675
f 1619 9300 3556
f 1709 9390 3736
f 1754 9435 3826
f 1682 9364 3682
f 1776 9461 3874
f 1758 9442 3850
f 1716 9400 3760
f 1625 9307 3568
f 1742 9424 3801
f 1663 9344 3651
f 1634 9315 3586
f 1697 9379 3712
f 1728 9411 3772
f 1746 9430 3808
f 1664 9345 3646
f 1640 9322 3598
f 1700 9383 3724
f 1724 9406 3789
f 1679 9361 3699
f 1618 9299 3561
f 1708 9389 3741
f 1753 9434 3843
f 1769 9451 3879
f 1738 9419 3813
f 1671 9355 3670
f 1643 9325 3604
f 1701 9384 3718
f 1723 9403 3765
f 1667 9350 3663
f 1633 9314 3591
f 1693 9373 3705
f 1727 9410 3777
f 1743 9427 3820
f 1685 9368 3694
f 1772 9455 3867
f 1757 9439 3831
f 1715 9397 3747
f 1628 9310 3574
f 2187 9872 4696
f 1881 9566 4084
f 1899 9583 4114
f 2277 9961 4870
f 2313 9997 4942
f 2169 9853 4654
f 2156 9839 4636
f 2010 9695 4348
f 2208 9893 4744
f 1917 9601 4150
f 2133 9818 4588
f 1971 9656 4270
f 1989 9673 4294
f 2223 9907 4762
f 2300 9982 4918
f 2174 9857 4672
f 2151 9835 4618
f 2007 9691 4330
f 2205 9889 4726
f 1920 9605 4168
f 1855 9535 4029
f 1801 9481 3921
f 1784 9465 3886
f 1820 9501 3958
f 1838 9519 3994
f 1874 9555 4066
f 2180 9861 4678
f 2310 9993 4936
f 2274 9957 4864
f 1896 9579 4108
f 2089 9769 4497
f 2035 9715 4389
f 1950 9633 4216
f 2054 9735 4426
f 2072 9753 4462
f 2126 9807 4570
f 1964 9645 4246
f 1986 9669 4288
f 2220 9903 4756
f 2291 9973 4899
f 2183 9865 4683
f 1877 9559 4071
f 1891 9571 4101
f 2269 9949 4857
f 2305 9985 4929
f 2161 9841 4641
f 2148 9831 4612
f 2004 9687 4324
f 2202 9885 4720
f 1909 9589 4137
f 2129 9811 4575
f 1967 9649 4251
f 1981 9661 4281
f 2215 9895 4749
f 2288 9969 4894
f 2166 9849 4648
f 2143 9823 4605
f 1999 9679 4317
f 2197 9877 4713
f 1914 9597 4144
f 1806 9489 3928
f 1787 9469 3891
f 1823 9505 3963
f 1841 9523 3999
f 1860 9543 4036
f 1931 9613 4179
f 2108 9789 4534
f 2018 9699 4354
f 2234 9915 4786
f 2255 9937 4827
f 2040 9723 4396
f 1945 9625 4209
f 2057 9739 4431
f 2075 9757 4467
f 2094 9777 4504
f 2111 9793 4539
f 2021 9703 4359
f 2237 9919 4791
f 2252 9933 4822
f 1928 9609 4174
f 1812 9497 3952
f 1791 9476 3910
f 1827 9512 3982
f 1845 9530 4018
f 1866 9551 4060
f 1935 9620 4198
f 2118 9802 4552
f 2028 9712 4372
f 2246 9928 4810
f 2259 9944 4840
f 2048 9731 4420
f 1953 9637 4222
f 2061 9746 4444
f 2079 9764 4486
f 2100 9785 4528
f 2115 9800 4558
f 2025 9710 4378
f 2241 9926 4804
f 2264 9946 4846
f 1938 9622 4192
f 1802 9484 3939
f 1783 9464 3897
f 1819 9500 3969
f 1837 9518 4005
f 1856 9538 4047
f 1927 9608 4185
f 2112 9796 4563
f 2022 9706 4383
f 2238 9922 4815
f 2251 9932 4833
f 2036 9718 4413
f 1949 9632 4233
f 2053 9734 4437
f 2071 9752 4473
f 2090 9772 4515
f 2107 9788 4545
f 2017 9698 4365
f 2233 9914 4797
f 2256 9940 4851
f 1932 9616 4203
f 1859 9542 4053
f 1805 9488 3945
f 1788 9472 3915
f 1824 9508 3987
f 1842 9526 4023
f 1878 9562 4095
f 2184 9868 4707
f 2306 9988 4953
f 2270 9952 4881
f 1892 9574 4125
f 2093 9776 4521
f 2039 9722 4407
f 1946 9628 4227
f 2058 9742 4455
f 2076 9760 4491
f 2130 9814 4599
f 1968 9652 4275
f 1982 9664 4299
f 2216 9898 4773
f 2287 9968 4905
f 2179 9860 4689
f 1873 9554 4077
f 1895 9578 4119
f 2273 9956 4875
f 2309 9992 4947
f 2165 9848 4659
f 2144 9826 4629
f 2000 9682 4335
f 2198 9880 4731
f 1913 9596 4161
f 2125 9806 4581
f 1963 9644 4257
f 1985 9668 4305
f 2219 9902 4767
f 2292 9976 4923
f 2162 9844 4665
f 2147 9830 4623
f 2003 9686 4341
f 2201 9884 4737
f 1910 9592 4155
f 1863 9547 4042
f 1809 9493 3934
f 1794 9478 3904
f 1830 9514 3976
f 1848 9532 4012
f 1886 9568 4090
f 2192 9874 4702
f 2318 10001 4960
f 2282 9965 4888
f 1904 9587 4132
f 2097 9781 4510
f 2043 9727 4402
f 1956 9641 4240
f 2066 9748 4450
f 2082 9766 4480
f 2138 9820 4594
f 1974 9658 4264
f 1992 9677 4312
f 2228 9911 4780
f 2295 9980 4912
f 2331 10011 5046
f 2327 10005 4998
f 2328 10007 4986
f 2334 10013 5022
f 2337 10016 5040
f 2346 10025 5094
f 2412 10092 5502
f 2499 10179 6042
f 2487 10167 5940
f 2436 10115 5634
f 2376 10056 5316
f 2372 10050 5268
f 2373 10052 5256
f 2379 10058 5292
f 2382 10061 5310
f 2396 10074 5400
f 2361 10040 5184
f 2418 10097 5526
f 2457 10136 5748
f 2463 10143 5856
f 2492 10170 6024
f 2402 10080 5448
f 2343 10023 5106
f 2433 10113 5676
f 2478 10158 5946
f 2406 10086 5484
f 2502 10181 6018
f 2484 10163 5910
f 2442 10121 5658
f 2349 10029 5124
f 2468 10146 5832
f 2387 10064 5340
f 2358 10038 5196
f 2421 10101 5574
f 2454 10134 5772
f 2472 10152 5850
f 2388 10068 5406
f 2364 10044 5214
f 2426 10103 5562
f 2448 10127 5706
f 2403 10082 5436
f 2342 10019 5070
f 2432 10109 5610
f 2477 10154 5880
f 2493 10172 5976
f 2462 10139 5790
f 2397 10076 5388
f 2367 10047 5232
f 2427 10107 5592
f 2447 10125 5754
f 2391 10070 5364
f 2357 10034 5160
f 2417 10095 5538
f 2453 10130 5724
f 2469 10148 5820
f 2411 10088 5472
f 2498 10175 5994
f 2483 10161 5922
f 2441 10119 5670
f 2352 10032 5142
f 2509 10189 6083
f 2503 10183 6047
f 2506 10187 6065
f 2512 10193 6107
f 2515 10196 6125
f 2518 10199 6143
f 2555 10234 6348
f 2541 10220 6270
f 2562 10241 6390
f 2522 10203 6167
f 2542 10222 6281
f 2528 10207 6192
f 2531 10212 6221
f 2545 10226 6305
f 2548 10229 6323
f 2551 10231 6335
f 2533 10214 6233
f 2537 10218 6257
f 2559 10239 6396
f 2526 10205 6180
f 644 6409 3529
f 643 6405 3523
f 645 6411 3535
f 646 6414 3541
f 647 6417 3547
f 652 6431 3577
f 670 6488 3685
f 699 6575 3859
f 695 6563 3835
f 681 6519 3751
f 659 6454 3619
f 658 6450 3613
f 660 6456 3625
f 661 6459 3631
f 662 6462 3637
f 665 6472 3655
f 657 6446 3607
f 677 6506 3727
f 686 6535 3781
f 688 6541 3793
f 698 6570 3853
f 668 6480 3673
f 648 6421 3553
f 678 6511 3733
f 693 6556 3823
f 669 6484 3679
f 701 6580 3871
f 697 6567 3847
f 682 6522 3757
f 650 6427 3565
f 689 6544 3799
f 664 6468 3649
f 653 6436 3583
f 674 6499 3709
f 684 6530 3769
f 690 6548 3805
f 663 6466 3643
f 655 6442 3595
f 676 6505 3721
f 687 6536 3787
f 672 6491 3697
f 649 6423 3559
f 679 6513 3739
f 696 6564 3841
f 702 6581 3877
f 691 6549 3811
f 667 6477 3667
f 656 6445 3601
f 675 6503 3715
f 683 6525 3763
f 666 6474 3661
f 654 6438 3589
f 673 6495 3703
f 685 6532 3775
f 692 6552 3817
f 671 6490 3691
f 700 6577 3865
f 694 6559 3829
f 680 6517 3745
f 651 6430 3571
f 838 6991 4693
f 736 6685 4081
f 741 6701 4111
f 867 7079 4867
f 879 7115 4939
f 831 6971 4651
f 828 6960 4633
f 780 6816 4345
f 846 7014 4741
f 747 6719 4147
f 820 6937 4585
f 767 6778 4267
f 771 6791 4291
f 849 7025 4759
f 875 7102 4915
f 834 6978 4669
f 825 6953 4615
f 777 6809 4327
f 843 7007 4723
f 750 6726 4165
f 727 6657 4027
f 709 6603 3919
f 703 6586 3883
f 715 6622 3955
f 721 6640 3991
f 733 6676 4063
f 835 6982 4675
f 878 7112 4933
f 866 7076 4861
f 740 6698 4105
f 805 6891 4495
f 787 6837 4387
f 758 6752 4213
f 793 6856 4423
f 799 6874 4459
f 817 6928 4567
f 763 6766 4243
f 770 6788 4285
f 848 7022 4753
f 872 7093 4897
f 836 6985 4681
f 734 6679 4069
f 739 6693 4099
f 865 7071 4855
f 877 7107 4927
f 829 6963 4639
f 824 6950 4609
f 776 6806 4321
f 842 7004 4717
f 745 6711 4135
f 818 6931 4573
f 764 6769 4249
f 769 6783 4279
f 847 7017 4747
f 871 7090 4891
f 830 6968 4645
f 823 6945 4603
f 775 6801 4315
f 841 6999 4711
f 746 6716 4141
f 710 6608 3925
f 704 6589 3889
f 716 6625 3961
f 722 6643 3997
f 728 6662 4033
f 752 6733 4177
f 811 6910 4531
f 781 6820 4351
f 853 7036 4783
f 860 7057 4825
f 788 6842 4393
f 757 6747 4207
f 794 6859 4429
f 800 6877 4465
f 806 6896 4501
f 812 6913 4537
f 782 6823 4357
f 854 7039 4789
f 859 7054 4819
f 751 6730 4171
f 714 6618 3949
f 707 6598 3907
f 719 6634 3979
f 725 6652 4015
f 732 6672 4057
f 755 6742 4195
f 814 6920 4549
f 784 6830 4369
f 857 7048 4807
f 862 7063 4837
f 792 6852 4417
f 759 6755 4219
f 796 6865 4441
f 803 6886 4483
f 810 6906 4525
f 815 6922 4555
f 785 6832 4375
f 856 7045 4801
f 863 7066 4843
f 754 6740 4189
f 712 6613 3937
f 705 6592 3895
f 717 6628 3967
f 723 6646 4003
f 730 6667 4045
f 753 6736 4183
f 816 6923 4561
f 786 6833 4381
f 858 7049 4813
f 861 7060 4831
f 791 6849 4411
f 761 6759 4231
f 795 6862 4435
f 801 6880 4471
f 808 6901 4513
f 813 6916 4543
f 783 6826 4363
f 855 7042 4795
f 864 7067 4849
f 756 6743 4201
f 731 6669 4051
f 713 6615 3943
f 708 6599 3913
f 720 6635 3985
f 726 6653 4021
f 738 6689 4093
f 840 6995 4705
f 881 7119 4951
f 869 7083 4879
f 743 6705 4123
f 809 6903 4519
f 790 6846 4405
f 760 6757 4225
f 798 6869 4453
f 804 6887 4489
f 822 6941 4597
f 768 6779 4273
f 772 6793 4297
f 851 7029 4771
f 873 7096 4903
f 837 6988 4687
f 735 6682 4075
f 742 6702 4117
f 868 7080 4873
f 880 7116 4945
f 832 6972 4657
f 827 6957 4627
f 778 6811 4333
f 844 7009 4729
f 749 6723 4159
f 819 6934 4579
f 765 6772 4255
f 773 6795 4303
f 850 7026 4765
f 876 7103 4921
f 833 6975 4663
f 826 6954 4621
f 779 6813 4339
f 845 7011 4735
f 748 6721 4153
f 729 6665 4039
f 711 6611 3931
f 706 6596 3901
f 718 6632 3973
f 724 6650 4009
f 737 6688 4087
f 839 6994 4699
f 882 7122 4957
f 870 7086 4885
f 744 6708 4129
f 807 6899 4507
f 789 6845 4399
f 762 6762 4237
f 797 6868 4447
f 802 6884 4477
f 821 6940 4591
f 766 6776 4261
f 774 6798 4309
f 852 7032 4777
f 874 7099 4909
f 1270 8287 5042
f 1246 8215 4994
f 1251 8231 4982
f 1287 8339 5018
f 1305 8393 5036
f 1335 8483 5090
f 1552 9133 5498
f 1474 8899 6038
f 1600 9277 5936
f 1353 8537 5630
f 1480 8917 5312
f 1402 8683 5264
f 1407 8699 5252
f 1491 8951 5288
f 1503 8987 5306
f 1534 9079 5396
f 1413 8717 5180
f 1443 8807 5522
f 1593 9257 5744
f 1384 8629 5852
f 1324 8449 6020
f 1276 8305 5444
f 1264 8269 5102
f 1300 8377 5672
f 1318 8431 5942
f 1342 8503 5480
f 1563 9167 6014
f 1461 8861 5906
f 1587 9239 5654
f 1348 8521 5120
f 1522 9043 5828
f 1419 8735 5336
f 1396 8665 5192
f 1498 8971 5570
f 1516 9025 5768
f 1558 9151 5846
f 1426 8755 5402
f 1432 8773 5210
f 1569 9185 5558
f 1371 8591 5702
f 1281 8321 5432
f 1257 8249 5066
f 1293 8357 5606
f 1311 8411 5876
f 1329 8465 5972
f 1377 8609 5786
f 1539 9095 5384
f 1450 8827 5228
f 1576 9205 5588
f 1366 8575 5750
f 1485 8933 5360
f 1389 8645 5156
f 1438 8791 5534
f 1509 9005 5720
f 1527 9059 5816
f 1545 9113 5468
f 1467 8879 5990
f 1456 8845 5918
f 1582 9223 5666
f 1360 8557 5138
f 1271 8290 6079
f 1247 8218 6043
f 1254 8238 6061
f 1290 8346 6103
f 1308 8400 6121
f 1338 8490 6139
f 1553 9136 6344
f 1475 8902 6266
f 1601 9280 6386
f 1356 8544 6163
f 1481 8920 6277
f 1403 8686 6188
f 1410 8706 6217
f 1494 8958 6301
f 1506 8994 6319
f 1535 9082 6331
f 1416 8724 6229
f 1446 8814 6253
f 1596 9264 6392
f 1385 8632 6176
f 907 7197 3548
f 889 7143 3530
f 883 7126 3524
f 895 7162 3536
f 901 7180 3542
f 919 7234 3560
f 1057 7648 3698
f 1237 8188 3878
f 1201 8080 3842
f 1099 7774 3740
f 997 7467 3638
f 979 7413 3620
f 973 7396 3614
f 985 7432 3626
f 991 7450 3632
f 1021 7540 3662
f 949 7324 3590
f 1063 7666 3704
f 1135 7882 3776
f 1177 8007 3818
f 1231 8169 3872
f 1039 7593 3680
f 925 7251 3566
f 1117 7827 3758
f 1207 8097 3848
f 1051 7629 3692
f 1225 8152 3866
f 1189 8044 3830
f 1105 7792 3746
f 931 7269 3572
f 1165 7971 3806
f 1003 7485 3644
f 955 7341 3596
f 1081 7719 3722
f 1147 7918 3788
f 1171 7990 3812
f 1027 7557 3668
f 961 7359 3602
f 1075 7701 3716
f 1123 7846 3764
f 1033 7576 3674
f 913 7215 3554
f 1093 7755 3734
f 1183 8025 3824
f 1213 8116 3854
f 1153 7935 3794
f 1015 7522 3656
f 967 7378 3608
f 1087 7738 3728
f 1141 7899 3782
f 1009 7504 3650
f 943 7305 3584
f 1069 7683 3710
f 1129 7863 3770
f 1159 7954 3800
f 1045 7611 3686
f 1219 8133 3860
f 1195 8061 3836
f 1111 7810 3752
f 937 7288 3578
f 1280 8318 4688
f 1256 8246 4076
f 1292 8354 4118
f 1310 8408 4874
f 1328 8462 4946
f 1376 8606 4658
f 1538 9092 4628
f 1447 8818 4334
f 1573 9196 4730
f 1363 8566 4160
f 1484 8930 4580
f 1388 8642 4256
f 1435 8782 4304
f 1508 9002 4766
f 1526 9056 4922
f 1544 9110 4664
f 1466 8876 4622
f 1453 8836 4340
f 1579 9214 4736
f 1357 8548 4154
f 1268 8281 4040
f 1244 8209 3932
f 1249 8223 3902
f 1285 8331 3974
f 1303 8385 4010
f 1333 8475 4088
f 1550 9127 4700
f 1472 8893 4958
f 1598 9271 4886
f 1351 8529 4130
f 1478 8911 4508
f 1400 8677 4400
f 1405 8691 4238
f 1489 8943 4448
f 1501 8979 4478
f 1532 9073 4592
f 1411 8709 4262
f 1441 8799 4310
f 1591 9249 4778
f 1382 8623 4910
f 1322 8443 4694
f 1274 8299 4082
f 1262 8263 4112
f 1298 8371 4868
f 1316 8425 4940
f 1340 8497 4652
f 1561 9159 4634
f 1459 8853 4346
f 1585 9231 4742
f 1346 8515 4148
f 1520 9037 4586
f 1417 8727 4268
f 1394 8659 4292
f 1496 8965 4760
f 1514 9019 4916
f 1556 9145 4670
f 1424 8749 4616
f 1430 8767 4328
f 1567 9177 4724
f 1369 8583 4166
f 1279 8313 3950
f 1255 8241 3908
f 1291 8349 3980
f 1309 8403 4016
f 1327 8457 4058
f 1375 8601 4196
f 1537 9087 4550
f 1448 8821 4370
f 1574 9199 4808
f 1364 8569 4838
f 1483 8925 4418
f 1387 8637 4220
f 1436 8785 4442
f 1507 8997 4484
f 1525 9051 4526
f 1543 9105 4556
f 1465 8871 4376
f 1454 8839 4802
f 1580 9217 4844
f 1358 8551 4190
f 1267 8278 3938
f 1243 8206 3896
f 1250 8228 3968
f 1286 8336 4004
f 1304 8390 4046
f 1334 8480 4184
f 1549 9124 4562
f 1471 8890 4382
f 1597 9268 4814
f 1352 8534 4832
f 1477 8908 4412
f 1399 8674 4232
f 1406 8696 4436
f 1490 8948 4472
f 1502 8984 4514
f 1531 9070 4544
f 1412 8714 4364
f 1442 8804 4796
f 1592 9254 4850
f 1381 8620 4202
f 890 7148 3920
f 884 7129 3884
f 896 7165 3956
f 902 7183 3992
f 908 7202 4028
f 938 7291 4172
f 1046 7616 4538
f 1220 8138 4358
f 1196 8066 4790
f 1112 7813 4820
f 980 7418 4388
f 974 7399 4214
f 986 7435 4424
f 992 7453 4460
f 998 7472 4496
f 1016 7525 4532
f 968 7381 4352
f 1088 7741 4784
f 1142 7904 4826
f 1154 7940 4178
f 1214 8119 4034
f 1034 7579 3926
f 914 7220 3890
f 1094 7760 3962
f 1184 8030 3998
f 1040 7598 4070
f 1232 8174 4682
f 1208 8102 4928
f 1118 7832 4856
f 926 7256 4100
f 1160 7957 4502
f 1010 7507 4394
f 944 7310 4208
f 1070 7688 4430
f 1130 7868 4466
f 1166 7976 4574
f 1004 7490 4250
f 956 7346 4280
f 1082 7724 4748
f 1148 7921 4892
f 1058 7651 4676
f 920 7237 4064
f 1100 7777 4106
f 1202 8083 4862
f 1238 8191 4934
f 1172 7993 4646
f 1028 7562 4604
f 962 7364 4316
f 1076 7706 4712
f 1124 7849 4142
f 1022 7543 4568
f 950 7327 4244
f 1064 7669 4286
f 1136 7885 4754
f 1178 8012 4898
f 1052 7634 4640
f 1226 8155 4610
f 1190 8047 4322
f 1106 7795 4718
f 932 7274 4136
f 1321 8440 4052
f 1273 8296 3944
f 1261 8260 3914
f 1297 8368 3986
f 1315 8422 4022
f 1339 8494 4094
f 1562 9164 4706
f 1460 8858 4952
f 1586 9236 4880
f 1345 8512 4124
f 1519 9034 4520
f 1418 8732 4406
f 1393 8656 4226
f 1495 8962 4454
f 1513 9016 4490
f 1555 9142 4598
f 1423 8746 4274
f 1429 8764 4298
f 1568 9182 4772
f 1370 8588 4904
f 894 7158 4999
f 887 7138 4975
f 899 7174 5011
f 905 7192 5029
f 912 7212 5047
f 941 7300 5131
f 1050 7626 5473
f 1224 8148 5995
f 1200 8076 5923
f 1115 7822 5659
f 984 7428 5269
f 977 7408 5245
f 989 7444 5281
f 995 7462 5299
f 1002 7482 5317
f 1019 7534 5377
f 971 7390 5221
f 1091 7750 5581
f 1146 7914 5755
f 1158 7950 5791
f 1217 8128 5965
f 1037 7588 5425
f 918 7230 5071
f 1098 7770 5611
f 1188 8040 5881
f 1044 7608 5449
f 1236 8184 6025
f 1212 8112 5947
f 1122 7842 5677
f 930 7266 5107
f 1163 7966 5809
f 1013 7516 5353
f 948 7320 5161
f 1074 7698 5539
f 1134 7878 5725
f 1170 7986 5833
f 1008 7500 5341
f 960 7356 5197
f 1086 7734 5575
f 1151 7930 5761
f 1061 7660 5491
f 923 7246 5083
f 1103 7786 5623
f 1205 8092 5929
f 1241 8200 6031
f 1175 8002 5839
f 1032 7572 5407
f 966 7374 5215
f 1080 7716 5563
f 1127 7858 5695
f 1025 7552 5389
f 953 7336 5173
f 1067 7678 5515
f 1139 7894 5737
f 1182 8022 5857
f 1056 7644 5485
f 1229 8164 6007
f 1193 8056 5899
f 1109 7804 5647
f 936 7284 5125
f 1325 8452 6086
f 1277 8308 6050
f 1265 8272 6056
f 1301 8380 6098
f 1319 8434 6116
f 1343 8506 6134
f 1566 9174 6362
f 1464 8868 6271
f 1590 9246 6397
f 1349 8524 6151
f 1523 9046 6284
f 1422 8742 6212
f 1397 8668 6199
f 1499 8974 6296
f 1517 9028 6314
f 1559 9154 6338
f 1427 8758 6224
f 1433 8776 6241
f 1572 9192 6373
f 1374 8598 6181
f 892 7153 4987
f 885 7132 4963
f 897 7168 4970
f 903 7186 5006
f 910 7207 5024
f 939 7294 5078
f 1048 7621 5461
f 1222 8143 5983
f 1198 8071 5911
f 1113 7816 5618
f 982 7423 5257
f 975 7402 5233
f 987 7438 5240
f 993 7456 5276
f 1000 7477 5294
f 1017 7528 5365
f 969 7384 5168
f 1089 7744 5510
f 1144 7909 5732
f 1156 7945 5779
f 1215 8122 5953
f 1035 7582 5413
f 916 7225 5059
f 1096 7765 5599
f 1186 8035 5869
f 1042 7603 5437
f 1234 8179 6002
f 1210 8107 5894
f 1120 7837 5642
f 928 7261 5095
f 1161 7960 5797
f 1011 7510 5324
f 946 7315 5149
f 1072 7693 5527
f 1132 7873 5713
f 1168 7981 5821
f 1006 7495 5329
f 958 7351 5185
f 1084 7729 5546
f 1149 7924 5690
f 1059 7654 5420
f 921 7240 5054
f 1101 7780 5594
f 1203 8086 5864
f 1239 8194 5960
f 1173 7996 5774
f 1030 7567 5372
f 964 7369 5203
f 1078 7711 5551
f 1125 7852 5683
f 1023 7546 5348
f 951 7330 5144
f 1065 7672 5503
f 1137 7888 5708
f 1180 8017 5804
f 1054 7639 5456
f 1227 8158 5978
f 1191 8050 5887
f 1107 7798 5635
f 934 7279 5113
f 1326 8453 6092
f 1278 8309 6068
f 1266 8273 6073
f 1302 8381 6109
f 1320 8435 6127
f 1344 8507 6145
f 1565 9171 6350
f 1463 8865 6260
f 1589 9243 6380
f 1350 8525 6157
f 1524 9047 6290
f 1421 8739 6194
f 1398 8669 6205
f 1500 8975 6307
f 1518 9029 6325
f 1560 9155 6356
f 1428 8759 6235
f 1434 8777 6247
f 1571 9189 6367
f 1373 8595 6170
f 911 7209 5041
f 893 7155 4993
f 888 7139 4981
f 900 7175 5017
f 906 7193 5035
f 924 7247 5089
f 1062 7661 5497
f 1242 8201 6037
f 1206 8093 5935
f 1104 7787 5629
f 1001 7479 5311
f 983 7425 5263
f 978 7409 5251
f 990 7445 5287
f 996 7463 5305
f 1026 7553 5395
f 954 7337 5179
f 1068 7679 5521
f 1140 7895 5743
f 1181 8019 5851
f 1235 8181 6019
f 1043 7605 5443
f 929 7263 5101
f 1121 7839 5671
f 1211 8109 5941
f 1055 7641 5479
f 1230 8165 6013
f 1194 8057 5905
f 1110 7805 5653
f 935 7281 5119
f 1169 7983 5827
f 1007 7497 5335
f 959 7353 5191
f 1085 7731 5569
f 1152 7931 5767
f 1176 8003 5845
f 1031 7569 5401
f 965 7371 5209
f 1079 7713 5557
f 1128 7859 5701
f 1038 7589 5431
f 917 7227 5065
f 1097 7767 5605
f 1187 8037 5875
f 1218 8129 5971
f 1157 7947 5785
f 1020 7535 5383
f 972 7391 5227
f 1092 7751 5587
f 1145 7911 5749
f 1014 7517 5359
f 947 7317 5155
f 1073 7695 5533
f 1133 7875 5719
f 1164 7967 5815
f 1049 7623 5467
f 1223 8145 5989
f 1199 8073 5917
f 1116 7823 5665
f 942 7301 5137
f 1283 8325 6080
f 1259 8253 6044
f 1295 8361 6062
f 1313 8415 6104
f 1331 8469 6122
f 1379 8613 6140
f 1541 9099 6343
f 1452 8831 6265
f 1578 9209 6385
f 1368 8579 6164
f 1487 8937 6278
f 1391 8649 6187
f 1440 8795 6218
f 1511 9009 6302
f 1529 9063 6320
f 1547 9117 6332
f 1469 8883 6230
f 1458 8849 6254
f 1584 9227 6391
f 1362 8561 6175
f 1269 8284 5000
f 1245 8212 4976
f 1252 8232 5012
f 1288 8340 5030
f 1306 8394 5048
f 1336 8484 5132
f 1551 9130 5474
f 1473 8896 5996
f 1599 9274 5924
f 1354 8538 5660
f 1479 8914 5270
f 1401 8680 5246
f 1408 8700 5282
f 1492 8952 5300
f 1504 8988 5318
f 1533 9076 5378
f 1414 8718 5222
f 1444 8808 5582
f 1594 9258 5756
f 1383 8626 5792
f 1323 8446 5966
f 1275 8302 5426
f 1263 8266 5072
f 1299 8374 5612
f 1317 8428 5882
f 1341 8500 5450
f 1564 9168 6026
f 1462 8862 5948
f 1588 9240 5678
f 1347 8518 5108
f 1521 9040 5810
f 1420 8736 5354
f 1395 8662 5162
f 1497 8968 5540
f 1515 9022 5726
f 1557 9148 5834
f 1425 8752 5342
f 1431 8770 5198
f 1570 9186 5576
f 1372 8592 5762
f 1282 8322 5492
f 1258 8250 5084
f 1294 8358 5624
f 1312 8412 5930
f 1330 8466 6032
f 1378 8610 5840
f 1540 9096 5408
f 1449 8824 5216
f 1575 9202 5564
f 1365 8572 5696
f 1486 8934 5390
f 1390 8646 5174
f 1437 8788 5516
f 1510 9006 5738
f 1528 9060 5858
f 1546 9114 5486
f 1468 8880 6008
f 1455 8842 5900
f 1581 9220 5648
f 1359 8554 5126
f 1272 8291 6085
f 1248 8219 6049
f 1253 8235 6055
f 1289 8343 6097
f 1307 8397 6115
f 1337 8487 6133
f 1554 9137 6361
f 1476 8903 6272
f 1602 9281 6398
f 1355 8541 6152
f 1482 8921 6283
f 1404 8687 6211
f 1409 8703 6200
f 1493 8955 6295
f 1505 8991 6313
f 1536 9083 6337
f 1415 8721 6223
f 1445 8811 6242
f 1595 9261 6374
f 1386 8633 6182
f 909 7205 4988
f 891 7151 4964
f 886 7136 4969
f 898 7172 5005
f 904 7190 5023
f 922 7244 5077
f 1060 7658 5462
f 1240 8198 5984
f 1204 8090 5912
f 1102 7784 5617
f 999 7475 5258
f 981 7421 5234
f 976 7406 5239
f 988 7442 5275
f 994 7460 5293
f 1024 7550 5366
f 952 7334 5167
f 1066 7676 5509
f 1138 7892 5731
f 1179 8015 5780
f 1233 8177 5954
f 1041 7601 5414
f 927 7259 5060
f 1119 7835 5600
f 1209 8105 5870
f 1053 7637 5438
f 1228 8162 6001
f 1192 8054 5893
f 1108 7802 5641
f 933 7277 5096
f 1167 7979 5798
f 1005 7493 5323
f 957 7349 5150
f 1083 7727 5528
f 1150 7928 5714
f 1174 8000 5822
f 1029 7565 5330
f 963 7367 5186
f 1077 7709 5545
f 1126 7856 5689
f 1036 7586 5419
f 915 7223 5053
f 1095 7763 5593
f 1185 8033 5863
f 1216 8126 5959
f 1155 7943 5773
f 1018 7532 5371
f 970 7388 5204
f 1090 7748 5552
f 1143 7907 5684
f 1012 7514 5347
f 945 7313 5143
f 1071 7691 5504
f 1131 7871 5707
f 1162 7964 5803
f 1047 7619 5455
f 1221 8141 5977
f 1197 8069 5888
f 1114 7820 5636
f 940 7298 5114
f 1284 8328 6091
f 1260 8256 6067
f 1296 8364 6074
f 1314 8418 6110
f 1332 8472 6128
f 1380 8616 6146
f 1542 9102 6349
f 1451 8830 6259
f 1577 9208 6379
f 1367 8578 6158
f 1488 8940 6289
f 1392 8652 6193
f 1439 8794 6206
f 1512 9012 6308
f 1530 9066 6326
f 1548 9120 6355
f 1470 8886 6236
f 1457 8848 6248
f 1583 9226 6368
f 1361 8560 6169
f 1616 9290 3551
f 1608 9284 3533
f 1606 9285 3528
f 1612 9292 3540
f 1615 9295 3546
f 1624 9304 3564
f 1692 9370 3702
f 1782 9457 3882
f 1765 9446 3846
f 1714 9394 3744
f 1661 9335 3641
f 1653 9329 3623
f 1651 9330 3618
f 1657 9337 3630
f 1660 9340 3636
f 1675 9353 3666
f 1639 9319 3594
f 1696 9375 3708
f 1733 9415 3780
f 1751 9421 3821
f 1779 9449 3875
f 1683 9359 3683
f 1626 9301 3569
f 1721 9391 3761
f 1766 9436 3851
f 1689 9365 3695
f 1778 9460 3870
f 1760 9441 3834
f 1718 9399 3750
f 1629 9308 3575
f 1747 9425 3809
f 1665 9343 3647
f 1641 9316 3599
f 1704 9380 3725
f 1737 9412 3792
f 1750 9431 3816
f 1676 9346 3671
f 1644 9323 3605
f 1702 9382 3719
f 1726 9405 3768
f 1681 9360 3678
f 1620 9298 3557
f 1710 9388 3737
f 1755 9433 3827
f 1771 9450 3858
f 1740 9418 3797
f 1673 9354 3660
f 1647 9326 3612
f 1707 9385 3732
f 1734 9404 3785
f 1669 9349 3654
f 1635 9313 3587
f 1698 9374 3713
f 1729 9409 3773
f 1745 9426 3804
f 1687 9367 3689
f 1774 9454 3863
f 1762 9440 3839
f 1720 9398 3756
f 1632 9311 3582
f 2189 9871 4692
f 1883 9565 4080
f 1903 9584 4122
f 2281 9962 4878
f 2317 9998 4950
f 2173 9854 4662
f 2158 9838 4632
f 2012 9694 4338
f 2210 9892 4734
f 1924 9602 4164
f 2135 9817 4584
f 1973 9655 4260
f 1996 9674 4308
f 2227 9908 4770
f 2304 9983 4926
f 2176 9856 4668
f 2155 9836 4626
f 2014 9692 4344
f 2212 9890 4740
f 1922 9604 4158
f 1864 9536 4043
f 1810 9482 3935
f 1795 9466 3905
f 1831 9502 3977
f 1849 9520 4013
f 1887 9556 4091
f 2193 9862 4703
f 2321 9994 4961
f 2285 9958 4889
f 1907 9580 4133
f 2098 9770 4511
f 2044 9716 4403
f 1961 9634 4241
f 2067 9736 4451
f 2083 9754 4481
f 2139 9808 4595
f 1975 9646 4265
f 1997 9670 4313
f 2231 9904 4781
f 2298 9974 4913
f 2190 9866 4697
f 1884 9560 4085
f 1900 9572 4115
f 2278 9950 4871
f 2314 9986 4943
f 2170 9842 4655
f 2159 9832 4637
f 2015 9688 4349
f 2213 9886 4745
f 1918 9590 4151
f 2136 9812 4589
f 1977 9650 4271
f 1990 9662 4295
f 2224 9896 4763
f 2301 9970 4919
f 2177 9850 4673
f 2152 9824 4619
f 2008 9680 4331
f 2206 9878 4727
f 1925 9598 4169
f 1817 9490 3953
f 1797 9470 3911
f 1833 9506 3983
f 1851 9524 4019
f 1871 9544 4061
f 1941 9614 4199
f 2119 9790 4553
f 2029 9700 4373
f 2247 9916 4811
f 2262 9938 4841
f 2051 9724 4421
f 1954 9626 4223
f 2064 9740 4445
f 2085 9758 4487
f 2105 9778 4529
f 2121 9794 4559
f 2031 9704 4379
f 2244 9920 4805
f 2265 9934 4847
f 1939 9610 4193
f 1814 9496 3942
f 1793 9475 3900
f 1829 9511 3972
f 1847 9529 4008
f 1868 9550 4050
f 1937 9619 4188
f 2124 9803 4566
f 2034 9713 4386
f 2250 9929 4818
f 2261 9943 4836
f 2050 9730 4416
f 1960 9638 4236
f 2063 9745 4440
f 2081 9763 4476
f 2102 9784 4518
f 2117 9799 4548
f 2027 9709 4368
f 2243 9925 4800
f 2268 9947 4854
f 1944 9623 4206
f 1804 9483 3924
f 1785 9463 3887
f 1821 9499 3959
f 1839 9517 3995
f 1858 9537 4032
f 1929 9607 4175
f 2114 9795 4542
f 2024 9705 4362
f 2240 9921 4794
f 2253 9931 4823
f 2038 9717 4392
f 1951 9631 4217
f 2055 9733 4427
f 2073 9751 4463
f 2092 9771 4500
f 2109 9787 4535
f 2019 9697 4355
f 2235 9913 4787
f 2258 9939 4830
f 1934 9615 4182
f 1861 9541 4037
f 1807 9487 3929
f 1790 9471 3894
f 1826 9507 3966
f 1844 9525 4002
f 1880 9561 4074
f 2186 9867 4686
f 2308 9987 4932
f 2272 9951 4860
f 1894 9573 4104
f 2095 9775 4505
f 2041 9721 4397
f 1948 9627 4212
f 2060 9741 4434
f 2078 9759 4470
f 2132 9813 4578
f 1970 9651 4254
f 1984 9663 4284
f 2218 9897 4752
f 2289 9967 4895
f 2181 9859 4679
f 1875 9553 4067
f 1897 9577 4109
f 2275 9955 4865
f 2311 9991 4937
f 2167 9847 4649
f 2146 9825 4608
f 2002 9681 4320
f 2200 9879 4716
f 1915 9595 4145
f 2127 9805 4571
f 1965 9643 4247
f 1987 9667 4289
f 2221 9901 4757
f 2294 9975 4902
f 2164 9843 4644
f 2149 9829 4613
f 2005 9685 4325
f 2203 9883 4721
f 1912 9591 4140
f 1870 9548 4056
f 1816 9494 3948
f 1800 9479 3918
f 1836 9515 3990
f 1854 9533 4026
f 1890 9569 4098
f 2196 9875 4710
f 2320 10000 4956
f 2284 9964 4884
f 1906 9586 4128
f 2104 9782 4524
f 2047 9728 4410
f 1958 9640 4230
f 2070 9749 4458
f 2088 9767 4494
f 2142 9821 4602
f 1980 9659 4278
f 1994 9676 4302
f 2230 9910 4776
f 2297 9979 4908
f 2329 10010 5003
f 2323 10004 4979
f 2326 10008 5015
f 2333 10014 5033
f 2336 10017 5051
f 2345 10026 5135
f 2409 10091 5477
f 2496 10178 5999
f 2485 10166 5927
f 2435 10116 5663
f 2374 10055 5273
f 2368 10049 5249
f 2371 10053 5285
f 2378 10059 5303
f 2381 10062 5321
f 2392 10073 5381
f 2360 10041 5225
f 2416 10098 5585
f 2456 10137 5759
f 2460 10142 5795
f 2488 10169 5969
f 2398 10079 5429
f 2340 10022 5075
f 2430 10112 5615
f 2475 10157 5885
f 2404 10085 5453
f 2501 10182 6029
f 2482 10164 5951
f 2440 10122 5681
f 2347 10028 5111
f 2464 10145 5813
f 2384 10065 5357
f 2355 10037 5165
f 2419 10100 5543
f 2451 10133 5729
f 2470 10151 5837
f 2385 10067 5345
f 2362 10043 5201
f 2423 10104 5579
f 2446 10128 5765
f 2401 10083 5495
f 2339 10020 5087
f 2429 10110 5627
f 2474 10155 5933
f 2491 10173 6035
f 2459 10140 5843
f 2395 10077 5411
f 2365 10046 5219
f 2424 10106 5567
f 2443 10124 5699
f 2390 10071 5393
f 2354 10035 5177
f 2413 10094 5519
f 2450 10131 5741
f 2467 10149 5861
f 2408 10089 5489
f 2495 10176 6011
f 2479 10160 5903
f 2437 10118 5651
f 2350 10031 5129
f 2511 10190 6090
f 2505 10184 6054
f 2507 10186 6060
f 2513 10192 6102
f 2516 10195 6120
f 2519 10198 6138
f 2556 10236 6366
f 2540 10221 6275
f 2561 10242 6401
f 2521 10201 6155
f 2544 10223 6288
f 2529 10209 6216
f 2530 10210 6203
f 2546 10225 6300
f 2549 10228 6318
f 2553 10232 6342
f 2534 10213 6228
f 2536 10216 6245
f 2557 10238 6377
f 2525 10206 6185
f 644 6407 6409
f 643 6403 6405
f 645 6404 6411
f 646 6410 6414
f 647 6413 6417
f 652 6422 6431
f 670 6486 6488
f 699 6573 6575
f 695 6561 6563
f 681 6512 6519
f 659 6452 6454
f 658 6448 6450
f 660 6449 6456
f 661 6455 6459
f 662 6458 6462
f 665 6470 6472
f 657 6437 6446
f 677 6494 6506
f 686 6531 6535
f 688 6539 6541
f 698 6568 6570
f 668 6478 6480
f 648 6419 6421
f 678 6509 6511
f 693 6554 6556
f 669 6482 6484
f 701 6576 6580
f 697 6558 6567
f 682 6516 6522
f 650 6425 6427
f 689 6542 6544
f 664 6463 6468
f 653 6434 6436
f 674 6497 6499
f 684 6528 6530
f 690 6546 6548
f 663 6464 6466
f 655 6440 6442
f 676 6500 6505
f 687 6524 6536
f 672 6479 6491
f 649 6418 6423
f 679 6508 6513
f 696 6553 6564
f 702 6569 6581
f 691 6538 6549
f 667 6471 6477
f 656 6443 6445
f 675 6501 6503
f 683 6523 6525
f 666 6467 6474
f 654 6433 6438
f 673 6493 6495
f 685 6527 6532
f 692 6543 6552
f 671 6485 6490
f 700 6572 6577
f 694 6557 6559
f 680 6515 6517
f 651 6428 6430
f 838 6987 6991
f 736 6681 6685
f 741 6699 6701
f 867 7077 7079
f 879 7113 7115
f 831 6969 6971
f 828 6956 6960
f 780 6810 6816
f 846 7008 7014
f 747 6717 6719
f 820 6933 6937
f 767 6771 6778
f 771 6789 6791
f 849 7023 7025
f 875 7100 7102
f 834 6974 6978
f 825 6951 6953
f 777 6807 6809
f 843 7005 7007
f 750 6720 6726
f 727 6655 6657
f 709 6601 6603
f 703 6584 6586
f 715 6620 6622
f 721 6638 6640
f 733 6674 6676
f 835 6980 6982
f 878 7110 7112
f 866 7074 7076
f 740 6696 6698
f 805 6889 6891
f 787 6835 6837
f 758 6750 6752
f 793 6854 6856
f 799 6872 6874
f 817 6926 6928
f 763 6764 6766
f 770 6786 6788
f 848 7020 7022
f 872 7091 7093
f 836 6983 6985
f 734 6677 6679
f 739 6691 6693
f 865 7069 7071
f 877 7105 7107
f 829 6961 6963
f 824 6948 6950
f 776 6804 6806
f 842 7002 7004
f 745 6709 6711
f 818 6929 6931
f 764 6767 6769
f 769 6781 6783
f 847 7015 7017
f 871 7088 7090
f 830 6966 6968
f 823 6943 6945
f 775 6799 6801
f 841 6997 6999
f 746 6714 6716
f 710 6606 6608
f 704 6587 6589
f 716 6623 6625
f 722 6641 6643
f 728 6660 6662
f 752 6731 6733
f 811 6908 6910
f 781 6818 6820
f 853 7034 7036
f 860 7055 7057
f 788 6840 6842
f 757 6745 6747
f 794 6857 6859
f 800 6875 6877
f 806 6894 6896
f 812 6911 6913
f 782 6821 6823
f 854 7037 7039
f 859 7052 7054
f 751 6728 6730
f 714 6612 6618
f 707 6591 6598
f 719 6627 6634
f 725 6645 6652
f 732 6666 6672
f 755 6735 6742
f 814 6918 6920
f 784 6828 6830
f 857 7046 7048
f 862 7059 7063
f 792 6848 6852
f 759 6753 6755
f 796 6861 6865
f 803 6879 6886
f 810 6900 6906
f 815 6915 6922
f 785 6825 6832
f 856 7041 7045
f 863 7064 7066
f 754 6738 6740
f 712 6602 6613
f 705 6583 6592
f 717 6619 6628
f 723 6637 6646
f 730 6656 6667
f 753 6727 6736
f 816 6912 6923
f 786 6822 6833
f 858 7038 7049
f 861 7051 7060
f 791 6836 6849
f 761 6749 6759
f 795 6853 6862
f 801 6871 6880
f 808 6890 6901
f 813 6907 6916
f 783 6817 6826
f 855 7033 7042
f 864 7056 7067
f 756 6732 6743
f 731 6659 6669
f 713 6605 6615
f 708 6588 6599
f 720 6624 6635
f 726 6642 6653
f 738 6678 6689
f 840 6984 6995
f 881 7106 7119
f 869 7070 7083
f 743 6692 6705
f 809 6893 6903
f 790 6839 6846
f 760 6746 6757
f 798 6858 6869
f 804 6876 6887
f 822 6930 6941
f 768 6768 6779
f 772 6782 6793
f 851 7016 7029
f 873 7087 7096
f 837 6979 6988
f 735 6673 6682
f 742 6695 6702
f 868 7073 7080
f 880 7109 7116
f 832 6965 6972
f 827 6944 6957
f 778 6800 6811
f 844 6998 7009
f 749 6713 6723
f 819 6925 6934
f 765 6763 6772
f 773 6785 6795
f 850 7019 7026
f 876 7092 7103
f 833 6962 6975
f 826 6947 6954
f 779 6803 6813
f 845 7001 7011
f 748 6710 6721
f 729 6663 6665
f 711 6609 6611
f 706 6594 6596
f 718 6630 6632
f 724 6648 6650
f 737 6686 6688
f 839 6992 6994
f 882 7118 7122
f 870 7082 7086
f 744 6704 6708
f 807 6897 6899
f 789 6843 6845
f 762 6756 6762
f 797 6866 6868
f 802 6882 6884
f 821 6938 6940
f 766 6774 6776
f 774 6792 6798
f 852 7028 7032
f 874 7095 7099
f 1270 8283 8287
f 1246 8211 8215
f 1251 8229 8231
f 1287 8337 8339
f 1305 8391 8393
f 1335 8481 8483
f 1552 9129 9133
f 1474 8895 8899
f 1600 9273 9277
f 1353 8535 8537
f 1480 8913 8917
f 1402 8679 8683
f 1407 8697 8699
f 1491 8949 8951
f 1503 8985 8987
f 1534 9075 9079
f 1413 8715 8717
f 1443 8805 8807
f 1593 9255 9257
f 1384 8625 8629
f 1324 8445 8449
f 1276 8301 8305
f 1264 8265 8269
f 1300 8373 8377
f 1318 8427 8431
f 1342 8499 8503
f 1563 9165 9167
f 1461 8859 8861
f 1587 9237 9239
f 1348 8517 8521
f 1522 9039 9043
f 1419 8733 8735
f 1396 8661 8665
f 1498 8967 8971
f 1516 9021 9025
f 1558 9147 9151
f 1426 8751 8755
f 1432 8769 8773
f 1569 9183 9185
f 1371 8589 8591
f 1281 8319 8321
f 1257 8247 8249
f 1293 8355 8357
f 1311 8409 8411
f 1329 8463 8465
f 1377 8607 8609
f 1539 9093 9095
f 1450 8823 8827
f 1576 9201 9205
f 1366 8571 8575
f 1485 8931 8933
f 1389 8643 8645
f 1438 8787 8791
f 1509 9003 9005
f 1527 9057 9059
f 1545 9111 9113
f 1467 8877 8879
f 1456 8841 8845
f 1582 9219 9223
f 1360 8553 8557
f 1271 8288 8290
f 1247 8216 8218
f 1254 8234 8238
f 1290 8342 8346
f 1308 8396 8400
f 1338 8486 8490
f 1553 9134 9136
f 1475 8900 8902
f 1601 9278 9280
f 1356 8540 8544
f 1481 8918 8920
f 1403 8684 8686
f 1410 8702 8706
f 1494 8954 8958
f 1506 8990 8994
f 1535 9080 9082
f 1416 8720 8724
f 1446 8810 8814
f 1596 9260 9264
f 1385 8630 8632
f 907 7195 7197
f 889 7141 7143
f 883 7124 7126
f 895 7160 7162
f 901 7178 7180
f 919 7232 7234
f 1057 7646 7648
f 1237 8186 8188
f 1201 8078 8080
f 1099 7772 7774
f 997 7465 7467
f 979 7411 7413
f 973 7394 7396
f 985 7430 7432
f 991 7448 7450
f 1021 7538 7540
f 949 7322 7324
f 1063 7664 7666
f 1135 7880 7882
f 1177 8005 8007
f 1231 8167 8169
f 1039 7591 7593
f 925 7249 7251
f 1117 7825 7827
f 1207 8095 8097
f 1051 7627 7629
f 1225 8150 8152
f 1189 8042 8044
f 1105 7790 7792
f 931 7267 7269
f 1165 7969 7971
f 1003 7483 7485
f 955 7339 7341
f 1081 7717 7719
f 1147 7916 7918
f 1171 7988 7990
f 1027 7555 7557
f 961 7357 7359
f 1075 7699 7701
f 1123 7844 7846
f 1033 7574 7576
f 913 7213 7215
f 1093 7753 7755
f 1183 8023 8025
f 1213 8114 8116
f 1153 7933 7935
f 1015 7520 7522
f 967 7376 7378
f 1087 7736 7738
f 1141 7897 7899
f 1009 7502 7504
f 943 7303 7305
f 1069 7681 7683
f 1129 7861 7863
f 1159 7952 7954
f 1045 7609 7611
f 1219 8131 8133
f 1195 8059 8061
f 1111 7808 7810
f 937 7286 7288
f 1280 8316 8318
f 1256 8244 8246
f 1292 8352 8354
f 1310 8406 8408
f 1328 8460 8462
f 1376 8604 8606
f 1538 9090 9092
f 1447 8816 8818
f 1573 9194 9196
f 1363 8564 8566
f 1484 8928 8930
f 1388 8640 8642
f 1435 8780 8782
f 1508 9000 9002
f 1526 9054 9056
f 1544 9108 9110
f 1466 8874 8876
f 1453 8834 8836
f 1579 9212 9214
f 1357 8546 8548
f 1268 8279 8281
f 1244 8207 8209
f 1249 8221 8223
f 1285 8329 8331
f 1303 8383 8385
f 1333 8473 8475
f 1550 9125 9127
f 1472 8891 8893
f 1598 9269 9271
f 1351 8527 8529
f 1478 8909 8911
f 1400 8675 8677
f 1405 8689 8691
f 1489 8941 8943
f 1501 8977 8979
f 1532 9071 9073
f 1411 8707 8709
f 1441 8797 8799
f 1591 9247 9249
f 1382 8621 8623
f 1322 8441 8443
f 1274 8297 8299
f 1262 8261 8263
f 1298 8369 8371
f 1316 8423 8425
f 1340 8495 8497
f 1561 9157 9159
f 1459 8851 8853
f 1585 9229 9231
f 1346 8513 8515
f 1520 9035 9037
f 1417 8725 8727
f 1394 8657 8659
f 1496 8963 8965
f 1514 9017 9019
f 1556 9143 9145
f 1424 8747 8749
f 1430 8765 8767
f 1567 9175 9177
f 1369 8581 8583
f 1279 8311 8313
f 1255 8239 8241
f 1291 8347 8349
f 1309 8401 8403
f 1327 8455 8457
f 1375 8599 8601
f 1537 9085 9087
f 1448 8819 8821
f 1574 9197 9199
f 1364 8567 8569
f 1483 8923 8925
f 1387 8635 8637
f 1436 8783 8785
f 1507 8995 8997
f 1525 9049 9051
f 1543 9103 9105
f 1465 8869 8871
f 1454 8837 8839
f 1580 9215 9217
f 1358 8549 8551
f 1267 8276 8278
f 1243 8204 8206
f 1250 8226 8228
f 1286 8334 8336
f 1304 8388 8390
f 1334 8478 8480
f 1549 9122 9124
f 1471 8888 8890
f 1597 9266 9268
f 1352 8532 8534
f 1477 8906 8908
f 1399 8672 8674
f 1406 8694 8696
f 1490 8946 8948
f 1502 8982 8984
f 1531 9068 9070
f 1412 8712 8714
f 1442 8802 8804
f 1592 9252 9254
f 1381 8618 8620
f 890 7146 7148
f 884 7127 7129
f 896 7163 7165
f 902 7181 7183
f 908 7200 7202
f 938 7289 7291
f 1046 7614 7616
f 1220 8136 8138
f 1196 8064 8066
f 1112 7811 7813
f 980 7416 7418
f 974 7397 7399
f 986 7433 7435
f 992 7451 7453
f 998 7470 7472
f 1016 7523 7525
f 968 7379 7381
f 1088 7739 7741
f 1142 7902 7904
f 1154 7938 7940
f 1214 8117 8119
f 1034 7577 7579
f 914 7218 7220
f 1094 7758 7760
f 1184 8028 8030
f 1040 7596 7598
f 1232 8172 8174
f 1208 8100 8102
f 1118 7830 7832
f 926 7254 7256
f 1160 7955 7957
f 1010 7505 7507
f 944 7308 7310
f 1070 7686 7688
f 1130 7866 7868
f 1166 7974 7976
f 1004 7488 7490
f 956 7344 7346
f 1082 7722 7724
f 1148 7919 7921
f 1058 7649 7651
f 920 7235 7237
f 1100 7775 7777
f 1202 8081 8083
f 1238 8189 8191
f 1172 7991 7993
f 1028 7560 7562
f 962 7362 7364
f 1076 7704 7706
f 1124 7847 7849
f 1022 7541 7543
f 950 7325 7327
f 1064 7667 7669
f 1136 7883 7885
f 1178 8010 8012
f 1052 7632 7634
f 1226 8153 8155
f 1190 8045 8047
f 1106 7793 7795
f 932 7272 7274
f 1321 8438 8440
f 1273 8294 8296
f 1261 8258 8260
f 1297 8366 8368
f 1315 8420 8422
f 1339 8492 8494
f 1562 9162 9164
f 1460 8856 8858
f 1586 9234 9236
f 1345 8510 8512
f 1519 9032 9034
f 1418 8730 8732
f 1393 8654 8656
f 1495 8960 8962
f 1513 9014 9016
f 1555 9140 9142
f 1423 8744 8746
f 1429 8762 8764
f 1568 9180 9182
f 1370 8586 8588
f 894 7152 7158
f 887 7131 7138
f 899 7167 7174
f 905 7185 7192
f 912 7206 7212
f 941 7293 7300
f 1050 7620 7626
f 1224 8142 8148
f 1200 8070 8076
f 1115 7815 7822
f 984 7422 7428
f 977 7401 7408
f 989 7437 7444
f 995 7455 7462
f 1002 7476 7482
f 1019 7527 7534
f 971 7383 7390
f 1091 7743 7750
f 1146 7908 7914
f 1158 7944 7950
f 1217 8121 8128
f 1037 7581 7588
f 918 7224 7230
f 1098 7764 7770
f 1188 8034 8040
f 1044 7602 7608
f 1236 8178 8184
f 1212 8106 8112
f 1122 7836 7842
f 930 7260 7266
f 1163 7959 7966
f 1013 7509 7516
f 948 7314 7320
f 1074 7692 7698
f 1134 7872 7878
f 1170 7980 7986
f 1008 7494 7500
f 960 7350 7356
f 1086 7728 7734
f 1151 7923 7930
f 1061 7653 7660
f 923 7239 7246
f 1103 7779 7786
f 1205 8085 8092
f 1241 8193 8200
f 1175 7995 8002
f 1032 7566 7572
f 966 7368 7374
f 1080 7710 7716
f 1127 7851 7858
f 1025 7545 7552
f 953 7329 7336
f 1067 7671 7678
f 1139 7887 7894
f 1182 8016 8022
f 1056 7638 7644
f 1229 8157 8164
f 1193 8049 8056
f 1109 7797 7804
f 936 7278 7284
f 1325 8450 8452
f 1277 8306 8308
f 1265 8270 8272
f 1301 8378 8380
f 1319 8432 8434
f 1343 8504 8506
f 1566 9170 9174
f 1464 8864 8868
f 1590 9242 9246
f 1349 8522 8524
f 1523 9044 9046
f 1422 8738 8742
f 1397 8666 8668
f 1499 8972 8974
f 1517 9026 9028
f 1559 9152 9154
f 1427 8756 8758
f 1433 8774 8776
f 1572 9188 9192
f 1374 8594 8598
f 892 7142 7153
f 885 7123 7132
f 897 7159 7168
f 903 7177 7186
f 910 7196 7207
f 939 7285 7294
f 1048 7610 7621
f 1222 8132 8143
f 1198 8060 8071
f 1113 7807 7816
f 982 7412 7423
f 975 7393 7402
f 987 7429 7438
f 993 7447 7456
f 1000 7466 7477
f 1017 7519 7528
f 969 7375 7384
f 1089 7735 7744
f 1144 7898 7909
f 1156 7934 7945
f 1215 8113 8122
f 1035 7573 7582
f 916 7214 7225
f 1096 7754 7765
f 1186 8024 8035
f 1042 7592 7603
f 1234 8168 8179
f 1210 8096 8107
f 1120 7826 7837
f 928 7250 7261
f 1161 7951 7960
f 1011 7501 7510
f 946 7304 7315
f 1072 7682 7693
f 1132 7862 7873
f 1168 7970 7981
f 1006 7484 7495
f 958 7340 7351
f 1084 7718 7729
f 1149 7915 7924
f 1059 7645 7654
f 921 7231 7240
f 1101 7771 7780
f 1203 8077 8086
f 1239 8185 8194
f 1173 7987 7996
f 1030 7556 7567
f 964 7358 7369
f 1078 7700 7711
f 1125 7843 7852
f 1023 7537 7546
f 951 7321 7330
f 1065 7663 7672
f 1137 7879 7888
f 1180 8006 8017
f 1054 7628 7639
f 1227 8149 8158
f 1191 8041 8050
f 1107 7789 7798
f 934 7268 7279
f 1326 8442 8453
f 1278 8298 8309
f 1266 8262 8273
f 1302 8370 8381
f 1320 8424 8435
f 1344 8496 8507
f 1565 9158 9171
f 1463 8852 8865
f 1589 9230 9243
f 1350 8514 8525
f 1524 9036 9047
f 1421 8726 8739
f 1398 8658 8669
f 1500 8964 8975
f 1518 9018 9029
f 1560 9144 9155
f 1428 8748 8759
f 1434 8766 8777
f 1571 9176 9189
f 1373 8582 8595
f 911 7199 7209
f 893 7145 7155
f 888 7128 7139
f 900 7164 7175
f 906 7182 7193
f 924 7236 7247
f 1062 7650 7661
f 1242 8190 8201
f 1206 8082 8093
f 1104 7776 7787
f 1001 7469 7479
f 983 7415 7425
f 978 7398 7409
f 990 7434 7445
f 996 7452 7463
f 1026 7542 7553
f 954 7326 7337
f 1068 7668 7679
f 1140 7884 7895
f 1181 8009 8019
f 1235 8171 8181
f 1043 7595 7605
f 929 7253 7263
f 1121 7829 7839
f 1211 8099 8109
f 1055 7631 7641
f 1230 8154 8165
f 1194 8046 8057
f 1110 7794 7805
f 935 7271 7281
f 1169 7973 7983
f 1007 7487 7497
f 959 7343 7353
f 1085 7721 7731
f 1152 7920 7931
f 1176 7992 8003
f 1031 7559 7569
f 965 7361 7371
f 1079 7703 7713
f 1128 7848 7859
f 1038 7578 7589
f 917 7217 7227
f 1097 7757 7767
f 1187 8027 8037
f 1218 8118 8129
f 1157 7937 7947
f 1020 7524 7535
f 972 7380 7391
f 1092 7740 7751
f 1145 7901 7911
f 1014 7506 7517
f 947 7307 7317
f 1073 7685 7695
f 1133 7865 7875
f 1164 7956 7967
f 1049 7613 7623
f 1223 8135 8145
f 1199 8063 8073
f 1116 7812 7823
f 942 7290 7301
f 1283 8312 8325
f 1259 8240 8253
f 1295 8348 8361
f 1313 8402 8415
f 1331 8456 8469
f 1379 8600 8613
f 1541 9086 9099
f 1452 8820 8831
f 1578 9198 9209
f 1368 8568 8579
f 1487 8924 8937
f 1391 8636 8649
f 1440 8784 8795
f 1511 8996 9009
f 1529 9050 9063
f 1547 9104 9117
f 1469 8870 8883
f 1458 8838 8849
f 1584 9216 9227
f 1362 8550 8561
f 1269 8275 8284
f 1245 8203 8212
f 1252 8225 8232
f 1288 8333 8340
f 1306 8387 8394
f 1336 8477 8484
f 1551 9121 9130
f 1473 8887 8896
f 1599 9265 9274
f 1354 8531 8538
f 1479 8905 8914
f 1401 8671 8680
f 1408 8693 8700
f 1492 8945 8952
f 1504 8981 8988
f 1533 9067 9076
f 1414 8711 8718
f 1444 8801 8808
f 1594 9251 9258
f 1383 8617 8626
f 1323 8437 8446
f 1275 8293 8302
f 1263 8257 8266
f 1299 8365 8374
f 1317 8419 8428
f 1341 8491 8500
f 1564 9161 9168
f 1462 8855 8862
f 1588 9233 9240
f 1347 8509 8518
f 1521 9031 9040
f 1420 8729 8736
f 1395 8653 8662
f 1497 8959 8968
f 1515 9013 9022
f 1557 9139 9148
f 1425 8743 8752
f 1431 8761 8770
f 1570 9179 9186
f 1372 8585 8592
f 1282 8315 8322
f 1258 8243 8250
f 1294 8351 8358
f 1312 8405 8412
f 1330 8459 8466
f 1378 8603 8610
f 1540 9089 9096
f 1449 8815 8824
f 1575 9193 9202
f 1365 8563 8572
f 1486 8927 8934
f 1390 8639 8646
f 1437 8779 8788
f 1510 8999 9006
f 1528 9053 9060
f 1546 9107 9114
f 1468 8873 8880
f 1455 8833 8842
f 1581 9211 9220
f 1359 8545 8554
f 1272 8280 8291
f 1248 8208 8219
f 1253 8222 8235
f 1289 8330 8343
f 1307 8384 8397
f 1337 8474 8487
f 1554 9126 9137
f 1476 8892 8903
f 1602 9270 9281
f 1355 8528 8541
f 1482 8910 8921
f 1404 8676 8687
f 1409 8690 8703
f 1493 8942 8955
f 1505 8978 8991
f 1536 9072 9083
f 1415 8708 8721
f 1445 8798 8811
f 1595 9248 9261
f 1386 8622 8633
f 909 7203 7205
f 891 7149 7151
f 886 7134 7136
f 898 7170 7172
f 904 7188 7190
f 922 7242 7244
f 1060 7656 7658
f 1240 8196 8198
f 1204 8088 8090
f 1102 7782 7784
f 999 7473 7475
f 981 7419 7421
f 976 7404 7406
f 988 7440 7442
f 994 7458 7460
f 1024 7548 7550
f 952 7332 7334
f 1066 7674 7676
f 1138 7890 7892
f 1179 8013 8015
f 1233 8175 8177
f 1041 7599 7601
f 927 7257 7259
f 1119 7833 7835
f 1209 8103 8105
f 1053 7635 7637
f 1228 8160 8162
f 1192 8052 8054
f 1108 7800 7802
f 933 7275 7277
f 1167 7977 7979
f 1005 7491 7493
f 957 7347 7349
f 1083 7725 7727
f 1150 7926 7928
f 1174 7998 8000
f 1029 7563 7565
f 963 7365 7367
f 1077 7707 7709
f 1126 7854 7856
f 1036 7584 7586
f 915 7221 7223
f 1095 7761 7763
f 1185 8031 8033
f 1216 8124 8126
f 1155 7941 7943
f 1018 7530 7532
f 970 7386 7388
f 1090 7746 7748
f 1143 7905 7907
f 1012 7512 7514
f 945 7311 7313
f 1071 7689 7691
f 1131 7869 7871
f 1162 7962 7964
f 1047 7617 7619
f 1221 8139 8141
f 1197 8067 8069
f 1114 7818 7820
f 940 7296 7298
f 1284 8324 8328
f 1260 8252 8256
f 1296 8360 8364
f 1314 8414 8418
f 1332 8468 8472
f 1380 8612 8616
f 1542 9098 9102
f 1451 8828 8830
f 1577 9206 9208
f 1367 8576 8578
f 1488 8936 8940
f 1392 8648 8652
f 1439 8792 8794
f 1512 9008 9012
f 1530 9062 9066
f 1548 9116 9120
f 1470 8882 8886
f 1457 8846 8848
f 1583 9224 9226
f 1361 8558 8560
f 1616 9291 9290
f 1608 9287 9284
f 1606 9288 9285
f 1612 9294 9292
f 1615 9297 9295
f 1624 9306 9304
f 1692 9372 9370
f 1782 9459 9457
f 1765 9447 9446
f 1714 9396 9394
f 1661 9336 9335
f 1653 9332 9329
f 1651 9333 9330
f 1657 9339 9337
f 1660 9342 9340
f 1675 9356 9353
f 1639 9321 9319
f 1696 9378 9375
f 1733 9417 9415
f 1751 9423 9421
f 1779 9452 9449
f 1683 9362 9359
f 1626 9303 9301
f 1721 9393 9391
f 1766 9438 9436
f 1689 9366 9365
f 1778 9462 9460
f 1760 9444 9441
f 1718 9402 9399
f 1629 9309 9308
f 1747 9428 9425
f 1665 9347 9343
f 1641 9318 9316
f 1704 9381 9380
f 1737 9414 9412
f 1750 9432 9431
f 1676 9348 9346
f 1644 9324 9323
f 1702 9386 9382
f 1726 9408 9405
f 1681 9363 9360
f 1620 9302 9298
f 1710 9392 9388
f 1755 9437 9433
f 1771 9453 9450
f 1740 9422 9418
f 1673 9357 9354
f 1647 9327 9326
f 1707 9387 9385
f 1734 9407 9404
f 1669 9351 9349
f 1635 9317 9313
f 1698 9377 9374
f 1729 9413 9409
f 1745 9429 9426
f 1687 9371 9367
f 1774 9458 9454
f 1762 9443 9440
f 1720 9401 9398
f 1632 9312 9311
f 2189 9873 9871
f 1883 9567 9565
f 1903 9585 9584
f 2281 9963 9962
f 2317 9999 9998
f 2173 9855 9854
f 2158 9840 9838
f 2012 9696 9694
f 2210 9894 9892
f 1924 9603 9602
f 2135 9819 9817
f 1973 9657 9655
f 1996 9675 9674
f 2227 9909 9908
f 2304 9984 9983
f 2176 9858 9856
f 2155 9837 9836
f 2014 9693 9692
f 2212 9891 9890
f 1922 9606 9604
f 1864 9539 9536
f 1810 9485 9482
f 1795 9468 9466
f 1831 9504 9502
f 1849 9522 9520
f 1887 9558 9556
f 2193 9864 9862
f 2321 9996 9994
f 2285 9960 9958
f 1907 9582 9580
f 2098 9773 9770
f 2044 9719 9716
f 1961 9636 9634
f 2067 9738 9736
f 2083 9756 9754
f 2139 9810 9808
f 1975 9648 9646
f 1997 9672 9670
f 2231 9906 9904
f 2298 9977 9974
f 2190 9869 9866
f 1884 9563 9560
f 1900 9575 9572
f 2278 9953 9950
f 2314 9989 9986
f 2170 9845 9842
f 2159 9834 9832
f 2015 9690 9688
f 2213 9888 9886
f 1918 9593 9590
f 2136 9815 9812
f 1977 9653 9650
f 1990 9665 9662
f 2224 9899 9896
f 2301 9972 9970
f 2177 9852 9850
f 2152 9827 9824
f 2008 9683 9680
f 2206 9881 9878
f 1925 9600 9598
f 1817 9492 9490
f 1797 9473 9470
f 1833 9509 9506
f 1851 9527 9524
f 1871 9546 9544
f 1941 9617 9614
f 2119 9792 9790
f 2029 9702 9700
f 2247 9918 9916
f 2262 9941 9938
f 2051 9726 9724
f 1954 9629 9626
f 2064 9743 9740
f 2085 9761 9758
f 2105 9780 9778
f 2121 9797 9794
f 2031 9707 9704
f 2244 9923 9920
f 2265 9936 9934
f 1939 9612 9610
f 1814 9498 9496
f 1793 9477 9475
f 1829 9513 9511
f 1847 9531 9529
f 1868 9552 9550
f 1937 9621 9619
f 2124 9804 9803
f 2034 9714 9713
f 2250 9930 9929
f 2261 9945 9943
f 2050 9732 9730
f 1960 9639 9638
f 2063 9747 9745
f 2081 9765 9763
f 2102 9786 9784
f 2117 9801 9799
f 2027 9711 9709
f 2243 9927 9925
f 2268 9948 9947
f 1944 9624 9623
f 1804 9486 9483
f 1785 9467 9463
f 1821 9503 9499
f 1839 9521 9517
f 1858 9540 9537
f 1929 9611 9607
f 2114 9798 9795
f 2024 9708 9705
f 2240 9924 9921
f 2253 9935 9931
f 2038 9720 9717
f 1951 9635 9631
f 2055 9737 9733
f 2073 9755 9751
f 2092 9774 9771
f 2109 9791 9787
f 2019 9701 9697
f 2235 9917 9913
f 2258 9942 9939
f 1934 9618 9615
f 1861 9545 9541
f 1807 9491 9487
f 1790 9474 9471
f 1826 9510 9507
f 1844 9528 9525
f 1880 9564 9561
f 2186 9870 9867
f 2308 9990 9987
f 2272 9954 9951
f 1894 9576 9573
f 2095 9779 9775
f 2041 9725 9721
f 1948 9630 9627
f 2060 9744 9741
f 2078 9762 9759
f 2132 9816 9813
f 1970 9654 9651
f 1984 9666 9663
f 2218 9900 9897
f 2289 9971 9967
f 2181 9863 9859
f 1875 9557 9553
f 1897 9581 9577
f 2275 9959 9955
f 2311 9995 9991
f 2167 9851 9847
f 2146 9828 9825
f 2002 9684 9681
f 2200 9882 9879
f 1915 9599 9595
f 2127 9809 9805
f 1965 9647 9643
f 1987 9671 9667
f 2221 9905 9901
f 2294 9978 9975
f 2164 9846 9843
f 2149 9833 9829
f 2005 9689 9685
f 2203 9887 9883
f 1912 9594 9591
f 1870 9549 9548
f 1816 9495 9494
f 1800 9480 9479
f 1836 9516 9515
f 1854 9534 9533
f 1890 9570 9569
f 2196 9876 9875
f 2320 10002 10000
f 2284 9966 9964
f 1906 9588 9586
f 2104 9783 9782
f 2047 9729 9728
f 1958 9642 9640
f 2070 9750 9749
f 2088 9768 9767
f 2142 9822 9821
f 1980 9660 9659
f 1994 9678 9676
f 2230 9912 9910
f 2297 9981 9979
f 2329 10009 10010
f 2323 10003 10004
f 2326 10006 10008
f 2333 10012 10014
f 2336 10015 10017
f 2345 10024 10026
f 2409 10090 10091
f 2496 10177 10178
f 2485 10165 10166
f 2435 10114 10116
f 2374 10054 10055
f 2368 10048 10049
f 2371 10051 10053
f 2378 10057 10059
f 2381 10060 10062
f 2392 10072 10073
f 2360 10039 10041
f 2416 10096 10098
f 2456 10135 10137
f 2460 10141 10142
f 2488 10168 10169
f 2398 10078 10079
f 2340 10021 10022
f 2430 10111 10112
f 2475 10156 10157
f 2404 10084 10085
f 2501 10180 10182
f 2482 10162 10164
f 2440 10120 10122
f 2347 10027 10028
f 2464 10144 10145
f 2384 10063 10065
f 2355 10036 10037
f 2419 10099 10100
f 2451 10132 10133
f 2470 10150 10151
f 2385 10066 10067
f 2362 10042 10043
f 2423 10102 10104
f 2446 10126 10128
f 2401 10081 10083
f 2339 10018 10020
f 2429 10108 10110
f 2474 10153 10155
f 2491 10171 10173
f 2459 10138 10140
f 2395 10075 10077
f 2365 10045 10046
f 2424 10105 10106
f 2443 10123 10124
f 2390 10069 10071
f 2354 10033 10035
f 2413 10093 10094
f 2450 10129 10131
f 2467 10147 10149
f 2408 10087 10089
f 2495 10174 10176
f 2479 10159 10160
f 2437 10117 10118
f 2350 10030 10031
f 2511 10191 10190
f 2505 10185 10184
f 2507 10188 10186
f 2513 10194 10192
f 2516 10197 10195
f 2519 10200 10198
f 2556 10235 10236
f 2540 10219 10221
f 2561 10240 10242
f 2521 10202 10201
f 2544 10224 10223
f 2529 10208 10209
f 2530 10211 10210
f 2546 10227 10225
f 2549 10230 10228
f 2553 10233 10232
f 2534 10215 10213
f 2536 10217 10216
f 2557 10237 10238
f 2525 10204 10206
f 644 2564 6407
f 643 2563 6403
f 645 2565 6404
f 646 2566 6410
f 647 2567 6413
f 652 2572 6422
f 670 2590 6486
f 699 2619 6573
f 695 2615 6561
f 681 2601 6512
f 659 2579 6452
f 658 2578 6448
f 660 2580 6449
f 661 2581 6455
f 662 2582 6458
f 665 2585 6470
f 657 2577 6437
f 677 2597 6494
f 686 2606 6531
f 688 2608 6539
f 698 2618 6568
f 668 2588 6478
f 648 2568 6419
f 678 2598 6509
f 693 2613 6554
f 669 2589 6482
f 701 2621 6576
f 697 2617 6558
f 682 2602 6516
f 650 2570 6425
f 689 2609 6542
f 664 2584 6463
f 653 2573 6434
f 674 2594 6497
f 684 2604 6528
f 690 2610 6546
f 663 2583 6464
f 655 2575 6440
f 676 2596 6500
f 687 2607 6524
f 672 2592 6479
f 649 2569 6418
f 679 2599 6508
f 696 2616 6553
f 702 2622 6569
f 691 2611 6538
f 667 2587 6471
f 656 2576 6443
f 675 2595 6501
f 683 2603 6523
f 666 2586 6467
f 654 2574 6433
f 673 2593 6493
f 685 2605 6527
f 692 2612 6543
f 671 2591 6485
f 700 2620 6572
f 694 2614 6557
f 680 2600 6515
f 651 2571 6428
f 838 2758 6987
f 736 2656 6681
f 741 2661 6699
f 867 2787 7077
f 879 2799 7113
f 831 2751 6969
f 828 2748 6956
f 780 2700 6810
f 846 2766 7008
f 747 2667 6717
f 820 2740 6933
f 767 2687 6771
f 771 2691 6789
f 849 2769 7023
f 875 2795 7100
f 834 2754 6974
f 825 2745 6951
f 777 2697 6807
f 843 2763 7005
f 750 2670 6720
f 727 2647 6655
f 709 2629 6601
f 703 2623 6584
f 715 2635 6620
f 721 2641 6638
f 733 2653 6674
f 835 2755 6980
f 878 2798 7110
f 866 2786 7074
f 740 2660 6696
f 805 2725 6889
f 787 2707 6835
f 758 2678 6750
f 793 2713 6854
f 799 2719 6872
f 817 2737 6926
f 763 2683 6764
f 770 2690 6786
f 848 2768 7020
f 872 2792 7091
f 836 2756 6983
f 734 2654 6677
f 739 2659 6691
f 865 2785 7069
f 877 2797 7105
f 829 2749 6961
f 824 2744 6948
f 776 2696 6804
f 842 2762 7002
f 745 2665 6709
f 818 2738 6929
f 764 2684 6767
f 769 2689 6781
f 847 2767 7015
f 871 2791 7088
f 830 2750 6966
f 823 2743 6943
f 775 2695 6799
f 841 2761 6997
f 746 2666 6714
f 710 2630 6606
f 704 2624 6587
f 716 2636 6623
f 722 2642 6641
f 728 2648 6660
f 752 2672 6731
f 811 2731 6908
f 781 2701 6818
f 853 2773 7034
f 860 2780 7055
f 788 2708 6840
f 757 2677 6745
f 794 2714 6857
f 800 2720 6875
f 806 2726 6894
f 812 2732 6911
f 782 2702 6821
f 854 2774 7037
f 859 2779 7052
f 751 2671 6728
f 714 2634 6612
f 707 2627 6591
f 719 2639 6627
f 725 2645 6645
f 732 2652 6666
f 755 2675 6735
f 814 2734 6918
f 784 2704 6828
f 857 2777 7046
f 862 2782 7059
f 792 2712 6848
f 759 2679 6753
f 796 2716 6861
f 803 2723 6879
f 810 2730 6900
f 815 2735 6915
f 785 2705 6825
f 856 2776 7041
f 863 2783 7064
f 754 2674 6738
f 712 2632 6602
f 705 2625 6583
f 717 2637 6619
f 723 2643 6637
f 730 2650 6656
f 753 2673 6727
f 816 2736 6912
f 786 2706 6822
f 858 2778 7038
f 861 2781 7051
f 791 2711 6836
f 761 2681 6749
f 795 2715 6853
f 801 2721 6871
f 808 2728 6890
f 813 2733 6907
f 783 2703 6817
f 855 2775 7033
f 864 2784 7056
f 756 2676 6732
f 731 2651 6659
f 713 2633 6605
f 708 2628 6588
f 720 2640 6624
f 726 2646 6642
f 738 2658 6678
f 840 2760 6984
f 881 2801 7106
f 869 2789 7070
f 743 2663 6692
f 809 2729 6893
f 790 2710 6839
f 760 2680 6746
f 798 2718 6858
f 804 2724 6876
f 822 2742 6930
f 768 2688 6768
f 772 2692 6782
f 851 2771 7016
f 873 2793 7087
f 837 2757 6979
f 735 2655 6673
f 742 2662 6695
f 868 2788 7073
f 880 2800 7109
f 832 2752 6965
f 827 2747 6944
f 778 2698 6800
f 844 2764 6998
f 749 2669 6713
f 819 2739 6925
f 765 2685 6763
f 773 2693 6785
f 850 2770 7019
f 876 2796 7092
f 833 2753 6962
f 826 2746 6947
f 779 2699 6803
f 845 2765 7001
f 748 2668 6710
f 729 2649 6663
f 711 2631 6609
f 706 2626 6594
f 718 2638 6630
f 724 2644 6648
f 737 2657 6686
f 839 2759 6992
f 882 2802 7118
f 870 2790 7082
f 744 2664 6704
f 807 2727 6897
f 789 2709 6843
f 762 2682 6756
f 797 2717 6866
f 802 2722 6882
f 821 2741 6938
f 766 2686 6774
f 774 2694 6792
f 852 2772 7028
f 874 2794 7095
f 1270 3190 8283
f 1246 3166 8211
f 1251 3171 8229
f 1287 3207 8337
f 1305 3225 8391
f 1335 3255 8481
f 1552 3472 9129
f 1474 3394 8895
f 1600 3520 9273
f 1353 3273 8535
f 1480 3400 8913
f 1402 3322 8679
f 1407 3327 8697
f 1491 3411 8949
f 1503 3423 8985
f 1534 3454 9075
f 1413 3333 8715
f 1443 3363 8805
f 1593 3513 9255
f 1384 3304 8625
f 1324 3244 8445
f 1276 3196 8301
f 1264 3184 8265
f 1300 3220 8373
f 1318 3238 8427
f 1342 3262 8499
f 1563 3483 9165
f 1461 3381 8859
f 1587 3507 9237
f 1348 3268 8517
f 1522 3442 9039
f 1419 3339 8733
f 1396 3316 8661
f 1498 3418 8967
f 1516 3436 9021
f 1558 3478 9147
f 1426 3346 8751
f 1432 3352 8769
f 1569 3489 9183
f 1371 3291 8589
f 1281 3201 8319
f 1257 3177 8247
f 1293 3213 8355
f 1311 3231 8409
f 1329 3249 8463
f 1377 3297 8607
f 1539 3459 9093
f 1450 3370 8823
f 1576 3496 9201
f 1366 3286 8571
f 1485 3405 8931
f 1389 3309 8643
f 1438 3358 8787
f 1509 3429 9003
f 1527 3447 9057
f 1545 3465 9111
f 1467 3387 8877
f 1456 3376 8841
f 1582 3502 9219
f 1360 3280 8553
f 1271 3191 8288
f 1247 3167 8216
f 1254 3174 8234
f 1290 3210 8342
f 1308 3228 8396
f 1338 3258 8486
f 1553 3473 9134
f 1475 3395 8900
f 1601 3521 9278
f 1356 3276 8540
f 1481 3401 8918
f 1403 3323 8684
f 1410 3330 8702
f 1494 3414 8954
f 1506 3426 8990
f 1535 3455 9080
f 1416 3336 8720
f 1446 3366 8810
f 1596 3516 9260
f 1385 3305 8630
f 907 2827 7195
f 889 2809 7141
f 883 2803 7124
f 895 2815 7160
f 901 2821 7178
f 919 2839 7232
f 1057 2977 7646
f 1237 3157 8186
f 1201 3121 8078
f 1099 3019 7772
f 997 2917 7465
f 979 2899 7411
f 973 2893 7394
f 985 2905 7430
f 991 2911 7448
f 1021 2941 7538
f 949 2869 7322
f 1063 2983 7664
f 1135 3055 7880
f 1177 3097 8005
f 1231 3151 8167
f 1039 2959 7591
f 925 2845 7249
f 1117 3037 7825
f 1207 3127 8095
f 1051 2971 7627
f 1225 3145 8150
f 1189 3109 8042
f 1105 3025 7790
f 931 2851 7267
f 1165 3085 7969
f 1003 2923 7483
f 955 2875 7339
f 1081 3001 7717
f 1147 3067 7916
f 1171 3091 7988
f 1027 2947 7555
f 961 2881 7357
f 1075 2995 7699
f 1123 3043 7844
f 1033 2953 7574
f 913 2833 7213
f 1093 3013 7753
f 1183 3103 8023
f 1213 3133 8114
f 1153 3073 7933
f 1015 2935 7520
f 967 2887 7376
f 1087 3007 7736
f 1141 3061 7897
f 1009 2929 7502
f 943 2863 7303
f 1069 2989 7681
f 1129 3049 7861
f 1159 3079 7952
f 1045 2965 7609
f 1219 3139 8131
f 1195 3115 8059
f 1111 3031 7808
f 937 2857 7286
f 1280 3200 8316
f 1256 3176 8244
f 1292 3212 8352
f 1310 3230 8406
f 1328 3248 8460
f 1376 3296 8604
f 1538 3458 9090
f 1447 3367 8816
f 1573 3493 9194
f 1363 3283 8564
f 1484 3404 8928
f 1388 3308 8640
f 1435 3355 8780
f 1508 3428 9000
f 1526 3446 9054
f 1544 3464 9108
f 1466 3386 8874
f 1453 3373 8834
f 1579 3499 9212
f 1357 3277 8546
f 1268 3188 8279
f 1244 3164 8207
f 1249 3169 8221
f 1285 3205 8329
f 1303 3223 8383
f 1333 3253 8473
f 1550 3470 9125
f 1472 3392 8891
f 1598 3518 9269
f 1351 3271 8527
f 1478 3398 8909
f 1400 3320 8675
f 1405 3325 8689
f 1489 3409 8941
f 1501 3421 8977
f 1532 3452 9071
f 1411 3331 8707
f 1441 3361 8797
f 1591 3511 9247
f 1382 3302 8621
f 1322 3242 8441
f 1274 3194 8297
f 1262 3182 8261
f 1298 3218 8369
f 1316 3236 8423
f 1340 3260 8495
f 1561 3481 9157
f 1459 3379 8851
f 1585 3505 9229
f 1346 3266 8513
f 1520 3440 9035
f 1417 3337 8725
f 1394 3314 8657
f 1496 3416 8963
f 1514 3434 9017
f 1556 3476 9143
f 1424 3344 8747
f 1430 3350 8765
f 1567 3487 9175
f 1369 3289 8581
f 1279 3199 8311
f 1255 3175 8239
f 1291 3211 8347
f 1309 3229 8401
f 1327 3247 8455
f 1375 3295 8599
f 1537 3457 9085
f 1448 3368 8819
f 1574 3494 9197
f 1364 3284 8567
f 1483 3403 8923
f 1387 3307 8635
f 1436 3356 8783
f 1507 3427 8995
f 1525 3445 9049
f 1543 3463 9103
f 1465 3385 8869
f 1454 3374 8837
f 1580 3500 9215
f 1358 3278 8549
f 1267 3187 8276
f 1243 3163 8204
f 1250 3170 8226
f 1286 3206 8334
f 1304 3224 8388
f 1334 3254 8478
f 1549 3469 9122
f 1471 3391 8888
f 1597 3517 9266
f 1352 3272 8532
f 1477 3397 8906
f 1399 3319 8672
f 1406 3326 8694
f 1490 3410 8946
f 1502 3422 8982
f 1531 3451 9068
f 1412 3332 8712
f 1442 3362 8802
f 1592 3512 9252
f 1381 3301 8618
f 890 2810 7146
f 884 2804 7127
f 896 2816 7163
f 902 2822 7181
f 908 2828 7200
f 938 2858 7289
f 1046 2966 7614
f 1220 3140 8136
f 1196 3116 8064
f 1112 3032 7811
f 980 2900 7416
f 974 2894 7397
f 986 2906 7433
f 992 2912 7451
f 998 2918 7470
f 1016 2936 7523
f 968 2888 7379
f 1088 3008 7739
f 1142 3062 7902
f 1154 3074 7938
f 1214 3134 8117
f 1034 2954 7577
f 914 2834 7218
f 1094 3014 7758
f 1184 3104 8028
f 1040 2960 7596
f 1232 3152 8172
f 1208 3128 8100
f 1118 3038 7830
f 926 2846 7254
f 1160 3080 7955
f 1010 2930 7505
f 944 2864 7308
f 1070 2990 7686
f 1130 3050 7866
f 1166 3086 7974
f 1004 2924 7488
f 956 2876 7344
f 1082 3002 7722
f 1148 3068 7919
f 1058 2978 7649
f 920 2840 7235
f 1100 3020 7775
f 1202 3122 8081
f 1238 3158 8189
f 1172 3092 7991
f 1028 2948 7560
f 962 2882 7362
f 1076 2996 7704
f 1124 3044 7847
f 1022 2942 7541
f 950 2870 7325
f 1064 2984 7667
f 1136 3056 7883
f 1178 3098 8010
f 1052 2972 7632
f 1226 3146 8153
f 1190 3110 8045
f 1106 3026 7793
f 932 2852 7272
f 1321 3241 8438
f 1273 3193 8294
f 1261 3181 8258
f 1297 3217 8366
f 1315 3235 8420
f 1339 3259 8492
f 1562 3482 9162
f 1460 3380 8856
f 1586 3506 9234
f 1345 3265 8510
f 1519 3439 9032
f 1418 3338 8730
f 1393 3313 8654
f 1495 3415 8960
f 1513 3433 9014
f 1555 3475 9140
f 1423 3343 8744
f 1429 3349 8762
f 1568 3488 9180
f 1370 3290 8586
f 894 2814 7152
f 887 2807 7131
f 899 2819 7167
f 905 2825 7185
f 912 2832 7206
f 941 2861 7293
f 1050 2970 7620
f 1224 3144 8142
f 1200 3120 8070
f 1115 3035 7815
f 984 2904 7422
f 977 2897 7401
f 989 2909 7437
f 995 2915 7455
f 1002 2922 7476
f 1019 2939 7527
f 971 2891 7383
f 1091 3011 7743
f 1146 3066 7908
f 1158 3078 7944
f 1217 3137 8121
f 1037 2957 7581
f 918 2838 7224
f 1098 3018 7764
f 1188 3108 8034
f 1044 2964 7602
f 1236 3156 8178
f 1212 3132 8106
f 1122 3042 7836
f 930 2850 7260
f 1163 3083 7959
f 1013 2933 7509
f 948 2868 7314
f 1074 2994 7692
f 1134 3054 7872
f 1170 3090 7980
f 1008 2928 7494
f 960 2880 7350
f 1086 3006 7728
f 1151 3071 7923
f 1061 2981 7653
f 923 2843 7239
f 1103 3023 7779
f 1205 3125 8085
f 1241 3161 8193
f 1175 3095 7995
f 1032 2952 7566
f 966 2886 7368
f 1080 3000 7710
f 1127 3047 7851
f 1025 2945 7545
f 953 2873 7329
f 1067 2987 7671
f 1139 3059 7887
f 1182 3102 8016
f 1056 2976 7638
f 1229 3149 8157
f 1193 3113 8049
f 1109 3029 7797
f 936 2856 7278
f 1325 3245 8450
f 1277 3197 8306
f 1265 3185 8270
f 1301 3221 8378
f 1319 3239 8432
f 1343 3263 8504
f 1566 3486 9170
f 1464 3384 8864
f 1590 3510 9242
f 1349 3269 8522
f 1523 3443 9044
f 1422 3342 8738
f 1397 3317 8666
f 1499 3419 8972
f 1517 3437 9026
f 1559 3479 9152
f 1427 3347 8756
f 1433 3353 8774
f 1572 3492 9188
f 1374 3294 8594
f 892 2812 7142
f 885 2805 7123
f 897 2817 7159
f 903 2823 7177
f 910 2830 7196
f 939 2859 7285
f 1048 2968 7610
f 1222 3142 8132
f 1198 3118 8060
f 1113 3033 7807
f 982 2902 7412
f 975 2895 7393
f 987 2907 7429
f 993 2913 7447
f 1000 2920 7466
f 1017 2937 7519
f 969 2889 7375
f 1089 3009 7735
f 1144 3064 7898
f 1156 3076 7934
f 1215 3135 8113
f 1035 2955 7573
f 916 2836 7214
f 1096 3016 7754
f 1186 3106 8024
f 1042 2962 7592
f 1234 3154 8168
f 1210 3130 8096
f 1120 3040 7826
f 928 2848 7250
f 1161 3081 7951
f 1011 2931 7501
f 946 2866 7304
f 1072 2992 7682
f 1132 3052 7862
f 1168 3088 7970
f 1006 2926 7484
f 958 2878 7340
f 1084 3004 7718
f 1149 3069 7915
f 1059 2979 7645
f 921 2841 7231
f 1101 3021 7771
f 1203 3123 8077
f 1239 3159 8185
f 1173 3093 7987
f 1030 2950 7556
f 964 2884 7358
f 1078 2998 7700
f 1125 3045 7843
f 1023 2943 7537
f 951 2871 7321
f 1065 2985 7663
f 1137 3057 7879
f 1180 3100 8006
f 1054 2974 7628
f 1227 3147 8149
f 1191 3111 8041
f 1107 3027 7789
f 934 2854 7268
f 1326 3246 8442
f 1278 3198 8298
f 1266 3186 8262
f 1302 3222 8370
f 1320 3240 8424
f 1344 3264 8496
f 1565 3485 9158
f 1463 3383 8852
f 1589 3509 9230
f 1350 3270 8514
f 1524 3444 9036
f 1421 3341 8726
f 1398 3318 8658
f 1500 3420 8964
f 1518 3438 9018
f 1560 3480 9144
f 1428 3348 8748
f 1434 3354 8766
f 1571 3491 9176
f 1373 3293 8582
f 911 2831 7199
f 893 2813 7145
f 888 2808 7128
f 900 2820 7164
f 906 2826 7182
f 924 2844 7236
f 1062 2982 7650
f 1242 3162 8190
f 1206 3126 8082
f 1104 3024 7776
f 1001 2921 7469
f 983 2903 7415
f 978 2898 7398
f 990 2910 7434
f 996 2916 7452
f 1026 2946 7542
f 954 2874 7326
f 1068 2988 7668
f 1140 3060 7884
f 1181 3101 8009
f 1235 3155 8171
f 1043 2963 7595
f 929 2849 7253
f 1121 3041 7829
f 1211 3131 8099
f 1055 2975 7631
f 1230 3150 8154
f 1194 3114 8046
f 1110 3030 7794
f 935 2855 7271
f 1169 3089 7973
f 1007 2927 7487
f 959 2879 7343
f 1085 3005 7721
f 1152 3072 7920
f 1176 3096 7992
f 1031 2951 7559
f 965 2885 7361
f 1079 2999 7703
f 1128 3048 7848
f 1038 2958 7578
f 917 2837 7217
f 1097 3017 7757
f 1187 3107 8027
f 1218 3138 8118
f 1157 3077 7937
f 1020 2940 7524
f 972 2892 7380
f 1092 3012 7740
f 1145 3065 7901
f 1014 2934 7506
f 947 2867 7307
f 1073 2993 7685
f 1133 3053 7865
f 1164 3084 7956
f 1049 2969 7613
f 1223 3143 8135
f 1199 3119 8063
f 1116 3036 7812
f 942 2862 7290
f 1283 3203 8312
f 1259 3179 8240
f 1295 3215 8348
f 1313 3233 8402
f 1331 3251 8456
f 1379 3299 8600
f 1541 3461 9086
f 1452 3372 8820
f 1578 3498 9198
f 1368 3288 8568
f 1487 3407 8924
f 1391 3311 8636
f 1440 3360 8784
f 1511 3431 8996
f 1529 3449 9050
f 1547 3467 9104
f 1469 3389 8870
f 1458 3378 8838
f 1584 3504 9216
f 1362 3282 8550
f 1269 3189 8275
f 1245 3165 8203
f 1252 3172 8225
f 1288 3208 8333
f 1306 3226 8387
f 1336 3256 8477
f 1551 3471 9121
f 1473 3393 8887
f 1599 3519 9265
f 1354 3274 8531
f 1479 3399 8905
f 1401 3321 8671
f 1408 3328 8693
f 1492 3412 8945
f 1504 3424 8981
f 1533 3453 9067
f 1414 3334 8711
f 1444 3364 8801
f 1594 3514 9251
f 1383 3303 8617
f 1323 3243 8437
f 1275 3195 8293
f 1263 3183 8257
f 1299 3219 8365
f 1317 3237 8419
f 1341 3261 8491
f 1564 3484 9161
f 1462 3382 8855
f 1588 3508 9233
f 1347 3267 8509
f 1521 3441 9031
f 1420 3340 8729
f 1395 3315 8653
f 1497 3417 8959
f 1515 3435 9013
f 1557 3477 9139
f 1425 3345 8743
f 1431 3351 8761
f 1570 3490 9179
f 1372 3292 8585
f 1282 3202 8315
f 1258 3178 8243
f 1294 3214 8351
f 1312 3232 8405
f 1330 3250 8459
f 1378 3298 8603
f 1540 3460 9089
f 1449 3369 8815
f 1575 3495 9193
f 1365 3285 8563
f 1486 3406 8927
f 1390 3310 8639
f 1437 3357 8779
f 1510 3430 8999
f 1528 3448 9053
f 1546 3466 9107
f 1468 3388 8873
f 1455 3375 8833
f 1581 3501 9211
f 1359 3279 8545
f 1272 3192 8280
f 1248 3168 8208
f 1253 3173 8222
f 1289 3209 8330
f 1307 3227 8384
f 1337 3257 8474
f 1554 3474 9126
f 1476 3396 8892
f 1602 3522 9270
f 1355 3275 8528
f 1482 3402 8910
f 1404 3324 8676
f 1409 3329 8690
f 1493 3413 8942
f 1505 3425 8978
f 1536 3456 9072
f 1415 3335 8708
f 1445 3365 8798
f 1595 3515 9248
f 1386 3306 8622
f 909 2829 7203
f 891 2811 7149
f 886 2806 7134
f 898 2818 7170
f 904 2824 7188
f 922 2842 7242
f 1060 2980 7656
f 1240 3160 8196
f 1204 3124 8088
f 1102 3022 7782
f 999 2919 7473
f 981 2901 7419
f 976 2896 7404
f 988 2908 7440
f 994 2914 7458
f 1024 2944 7548
f 952 2872 7332
f 1066 2986 7674
f 1138 3058 7890
f 1179 3099 8013
f 1233 3153 8175
f 1041 2961 7599
f 927 2847 7257
f 1119 3039 7833
f 1209 3129 8103
f 1053 2973 7635
f 1228 3148 8160
f 1192 3112 8052
f 1108 3028 7800
f 933 2853 7275
f 1167 3087 7977
f 1005 2925 7491
f 957 2877 7347
f 1083 3003 7725
f 1150 3070 7926
f 1174 3094 7998
f 1029 2949 7563
f 963 2883 7365
f 1077 2997 7707
f 1126 3046 7854
f 1036 2956 7584
f 915 2835 7221
f 1095 3015 7761
f 1185 3105 8031
f 1216 3136 8124
f 1155 3075 7941
f 1018 2938 7530
f 970 2890 7386
f 1090 3010 7746
f 1143 3063 7905
f 1012 2932 7512
f 945 2865 7311
f 1071 2991 7689
f 1131 3051 7869
f 1162 3082 7962
f 1047 2967 7617
f 1221 3141 8139
f 1197 3117 8067
f 1114 3034 7818
f 940 2860 7296
f 1284 3204 8324
f 1260 3180 8252
f 1296 3216 8360
f 1314 3234 8414
f 1332 3252 8468
f 1380 3300 8612
f 1542 3462 9098
f 1451 3371 8828
f 1577 3497 9206
f 1367 3287 8576
f 1488 3408 8936
f 1392 3312 8648
f 1439 3359 8792
f 1512 3432 9008
f 1530 3450 9062
f 1548 3468 9116
f 1470 3390 8882
f 1457 3377 8846
f 1583 3503 9224
f 1361 3281 8558
f 1616 4990 9291
f 1608 4966 9287
f 1606 4971 9288
f 1612 5007 9294
f 1615 5025 9297
f 1624 5079 9306
f 1692 5464 9372
f 1782 5986 9459
f 1765 5914 9447
f 1714 5619 9396
f 1661 5260 9336
f 1653 5236 9332
f 1651 5241 9333
f 1657 5277 9339
f 1660 5295 9342
f 1675 5368 9356
f 1639 5169 9321
f 1696 5511 9378
f 1733 5733 9417
f 1751 5782 9423
f 1779 5956 9452
f 1683 5416 9362
f 1626 5062 9303
f 1721 5602 9393
f 1766 5872 9438
f 1689 5440 9366
f 1778 6003 9462
f 1760 5895 9444
f 1718 5643 9402
f 1629 5098 9309
f 1747 5800 9428
f 1665 5325 9347
f 1641 5152 9318
f 1704 5530 9381
f 1737 5716 9414
f 1750 5824 9432
f 1676 5332 9348
f 1644 5188 9324
f 1702 5547 9386
f 1726 5691 9408
f 1681 5421 9363
f 1620 5055 9302
f 1710 5595 9392
f 1755 5865 9437
f 1771 5961 9453
f 1740 5775 9422
f 1673 5373 9357
f 1647 5206 9327
f 1707 5554 9387
f 1734 5686 9407
f 1669 5349 9351
f 1635 5145 9317
f 1698 5506 9377
f 1729 5709 9413
f 1745 5805 9429
f 1687 5457 9371
f 1774 5979 9458
f 1762 5890 9443
f 1720 5638 9401
f 1632 5116 9312
f 2189 6093 9873
f 1883 6069 9567
f 1903 6076 9585
f 2281 6112 9963
f 2317 6130 9999
f 2173 6148 9855
f 2158 6351 9840
f 2012 6261 9696
f 2210 6381 9894
f 1924 6160 9603
f 2135 6291 9819
f 1973 6195 9657
f 1996 6208 9675
f 2227 6310 9909
f 2304 6328 9984
f 2176 6357 9858
f 2155 6238 9837
f 2014 6250 9693
f 2212 6370 9891
f 1922 6171 9606
f 1864 5044 9539
f 1810 4996 9485
f 1795 4984 9468
f 1831 5020 9504
f 1849 5038 9522
f 1887 5092 9558
f 2193 5500 9864
f 2321 6040 9996
f 2285 5938 9960
f 1907 5632 9582
f 2098 5314 9773
f 2044 5266 9719
f 1961 5254 9636
f 2067 5290 9738
f 2083 5308 9756
f 2139 5398 9810
f 1975 5182 9648
f 1997 5524 9672
f 2231 5746 9906
f 2298 5854 9977
f 2190 6022 9869
f 1884 5446 9563
f 1900 5104 9575
f 2278 5674 9953
f 2314 5944 9989
f 2170 5482 9845
f 2159 6016 9834
f 2015 5908 9690
f 2213 5656 9888
f 1918 5122 9593
f 2136 5830 9815
f 1977 5338 9653
f 1990 5194 9665
f 2224 5572 9899
f 2301 5770 9972
f 2177 5848 9852
f 2152 5404 9827
f 2008 5212 9683
f 2206 5560 9881
f 1925 5704 9600
f 1817 5434 9492
f 1797 5068 9473
f 1833 5608 9509
f 1851 5878 9527
f 1871 5974 9546
f 1941 5788 9617
f 2119 5386 9792
f 2029 5230 9702
f 2247 5590 9918
f 2262 5752 9941
f 2051 5362 9726
f 1954 5158 9629
f 2064 5536 9743
f 2085 5722 9761
f 2105 5818 9780
f 2121 5470 9797
f 2031 5992 9707
f 2244 5920 9923
f 2265 5668 9936
f 1939 5140 9612
f 1814 6081 9498
f 1793 6045 9477
f 1829 6063 9513
f 1847 6105 9531
f 1868 6123 9552
f 1937 6141 9621
f 2124 6346 9804
f 2034 6268 9714
f 2250 6388 9930
f 2261 6165 9945
f 2050 6279 9732
f 1960 6190 9639
f 2063 6219 9747
f 2081 6303 9765
f 2102 6321 9786
f 2117 6333 9801
f 2027 6231 9711
f 2243 6255 9927
f 2268 6394 9948
f 1944 6178 9624
f 1804 5001 9486
f 1785 4977 9467
f 1821 5013 9503
f 1839 5031 9521
f 1858 5049 9540
f 1929 5133 9611
f 2114 5475 9798
f 2024 5997 9708
f 2240 5925 9924
f 2253 5661 9935
f 2038 5271 9720
f 1951 5247 9635
f 2055 5283 9737
f 2073 5301 9755
f 2092 5319 9774
f 2109 5379 9791
f 2019 5223 9701
f 2235 5583 9917
f 2258 5757 9942
f 1934 5793 9618
f 1861 5967 9545
f 1807 5427 9491
f 1790 5073 9474
f 1826 5613 9510
f 1844 5883 9528
f 1880 5451 9564
f 2186 6027 9870
f 2308 5949 9990
f 2272 5679 9954
f 1894 5109 9576
f 2095 5811 9779
f 2041 5355 9725
f 1948 5163 9630
f 2060 5541 9744
f 2078 5727 9762
f 2132 5835 9816
f 1970 5343 9654
f 1984 5199 9666
f 2218 5577 9900
f 2289 5763 9971
f 2181 5493 9863
f 1875 5085 9557
f 1897 5625 9581
f 2275 5931 9959
f 2311 6033 9995
f 2167 5841 9851
f 2146 5409 9828
f 2002 5217 9684
f 2200 5565 9882
f 1915 5697 9599
f 2127 5391 9809
f 1965 5175 9647
f 1987 5517 9671
f 2221 5739 9905
f 2294 5859 9978
f 2164 5487 9846
f 2149 6009 9833
f 2005 5901 9689
f 2203 5649 9887
f 1912 5127 9594
f 1870 6088 9549
f 1816 6052 9495
f 1800 6058 9480
f 1836 6100 9516
f 1854 6118 9534
f 1890 6136 9570
f 2196 6364 9876
f 2320 6273 10002
f 2284 6399 9966
f 1906 6153 9588
f 2104 6286 9783
f 2047 6214 9729
f 1958 6201 9642
f 2070 6298 9750
f 2088 6316 9768
f 2142 6340 9822
f 1980 6226 9660
f 1994 6243 9678
f 2230 6375 9912
f 2297 6183 9981
f 2329 4991 10009
f 2323 4967 10003
f 2326 4974 10006
f 2333 5010 10012
f 2336 5028 10015
f 2345 5082 10024
f 2409 5465 10090
f 2496 5987 10177
f 2485 5915 10165
f 2435 5622 10114
f 2374 5261 10054
f 2368 5237 10048
f 2371 5244 10051
f 2378 5280 10057
f 2381 5298 10060
f 2392 5369 10072
f 2360 5172 10039
f 2416 5514 10096
f 2456 5736 10135
f 2460 5783 10141
f 2488 5957 10168
f 2398 5417 10078
f 2340 5063 10021
f 2430 5603 10111
f 2475 5873 10156
f 2404 5441 10084
f 2501 6006 10180
f 2482 5898 10162
f 2440 5646 10120
f 2347 5099 10027
f 2464 5801 10144
f 2384 5328 10063
f 2355 5153 10036
f 2419 5531 10099
f 2451 5717 10132
f 2470 5825 10150
f 2385 5333 10066
f 2362 5189 10042
f 2423 5550 10102
f 2446 5694 10126
f 2401 5424 10081
f 2339 5058 10018
f 2429 5598 10108
f 2474 5868 10153
f 2491 5964 10171
f 2459 5778 10138
f 2395 5376 10075
f 2365 5207 10045
f 2424 5555 10105
f 2443 5687 10123
f 2390 5352 10069
f 2354 5148 10033
f 2413 5507 10093
f 2450 5712 10129
f 2467 5808 10147
f 2408 5460 10087
f 2495 5982 10174
f 2479 5891 10159
f 2437 5639 10117
f 2350 5117 10030
f 2511 6096 10191
f 2505 6072 10185
f 2507 6077 10188
f 2513 6113 10194
f 2516 6131 10197
f 2519 6149 10200
f 2556 6354 10235
f 2540 6264 10219
f 2561 6384 10240
f 2521 6161 10202
f 2544 6294 10224
f 2529 6198 10208
f 2530 6209 10211
f 2546 6311 10227
f 2549 6329 10230
f 2553 6360 10233
f 2534 6239 10215
f 2536 6251 10217
f 2557 6371 10237
f 2525 6174 10204
f 647 3547 6416
f 644 3529 6408
f 643 3523 6406
f 645 3535 6412
f 646 3541 6415
f 649 3559 6424
f 672 3697 6492
f 702 3877 6582
f 696 3841 6565
f 679 3739 6514
f 662 3637 6461
f 659 3619 6453
f 658 3613 6451
f 660 3625 6457
f 661 3631 6460
f 666 3661 6475
f 654 3589 6439
f 673 3703 6496
f 685 3775 6533
f 692 3817 6551
f 701 3871 6579
f 669 3679 6483
f 650 3565 6426
f 682 3757 6521
f 697 3847 6566
f 671 3691 6489
f 700 3865 6578
f 694 3829 6560
f 680 3745 6518
f 651 3571 6429
f 690 3805 6547
f 663 3643 6465
f 655 3595 6441
f 676 3721 6504
f 687 3787 6537
f 691 3811 6550
f 667 3667 6476
f 656 3601 6444
f 675 3715 6502
f 683 3763 6526
f 668 3673 6481
f 648 3553 6420
f 678 3733 6510
f 693 3823 6555
f 698 3853 6571
f 688 3793 6540
f 665 3655 6473
f 657 3607 6447
f 677 3727 6507
f 686 3781 6534
f 664 3649 6469
f 653 3583 6435
f 674 3709 6498
f 684 3769 6529
f 689 3799 6545
f 670 3685 6487
f 699 3859 6574
f 695 3835 6562
f 681 3751 6520
f 652 3577 6432
f 837 4687 6989
f 735 4075 6683
f 742 4117 6703
f 868 4873 7081
f 880 4945 7117
f 832 4657 6973
f 827 4627 6958
f 778 4333 6812
f 844 4729 7010
f 749 4159 6724
f 819 4579 6935
f 765 4255 6773
f 773 4303 6796
f 850 4765 7027
f 876 4921 7104
f 833 4663 6976
f 826 4621 6955
f 779 4339 6814
f 845 4735 7012
f 748 4153 6722
f 729 4039 6664
f 711 3931 6610
f 706 3901 6595
f 718 3973 6631
f 724 4009 6649
f 737 4087 6687
f 839 4699 6993
f 882 4957 7121
f 870 4885 7085
f 744 4129 6707
f 807 4507 6898
f 789 4399 6844
f 762 4237 6761
f 797 4447 6867
f 802 4477 6883
f 821 4591 6939
f 766 4261 6775
f 774 4309 6797
f 852 4777 7031
f 874 4909 7098
f 838 4693 6990
f 736 4081 6684
f 741 4111 6700
f 867 4867 7078
f 879 4939 7114
f 831 4651 6970
f 828 4633 6959
f 780 4345 6815
f 846 4741 7013
f 747 4147 6718
f 820 4585 6936
f 767 4267 6777
f 771 4291 6790
f 849 4759 7024
f 875 4915 7101
f 834 4669 6977
f 825 4615 6952
f 777 4327 6808
f 843 4723 7006
f 750 4165 6725
f 714 3949 6617
f 707 3907 6597
f 719 3979 6633
f 725 4015 6651
f 732 4057 6671
f 755 4195 6741
f 814 4549 6919
f 784 4369 6829
f 857 4807 7047
f 862 4837 7062
f 792 4417 6851
f 759 4219 6754
f 796 4441 6864
f 803 4483 6885
f 810 4525 6905
f 815 4555 6921
f 785 4375 6831
f 856 4801 7044
f 863 4843 7065
f 754 4189 6739
f 712 3937 6614
f 705 3895 6593
f 717 3967 6629
f 723 4003 6647
f 730 4045 6668
f 753 4183 6737
f 816 4561 6924
f 786 4381 6834
f 858 4813 7050
f 861 4831 7061
f 791 4411 6850
f 761 4231 6760
f 795 4435 6863
f 801 4471 6881
f 808 4513 6902
f 813 4543 6917
f 783 4363 6827
f 855 4795 7043
f 864 4849 7068
f 756 4201 6744
f 709 3919 6604
f 703 3883 6585
f 715 3955 6621
f 721 3991 6639
f 727 4027 6658
f 751 4171 6729
f 812 4537 6914
f 782 4357 6824
f 854 4789 7040
f 859 4819 7053
f 787 4387 6838
f 758 4213 6751
f 793 4423 6855
f 799 4459 6873
f 805 4495 6892
f 811 4531 6909
f 781 4351 6819
f 853 4783 7035
f 860 4825 7058
f 752 4177 6734
f 728 4033 6661
f 710 3925 6607
f 704 3889 6590
f 716 3961 6626
f 722 3997 6644
f 734 4069 6680
f 836 4681 6986
f 877 4927 7108
f 865 4855 7072
f 739 4099 6694
f 806 4501 6895
f 788 4393 6841
f 757 4207 6748
f 794 4429 6860
f 800 4465 6878
f 818 4573 6932
f 764 4249 6770
f 769 4279 6784
f 847 4747 7018
f 871 4891 7089
f 835 4675 6981
f 733 4063 6675
f 740 4105 6697
f 866 4861 7075
f 878 4933 7111
f 830 4645 6967
f 823 4603 6946
f 775 4315 6802
f 841 4711 7000
f 746 4141 6715
f 817 4567 6927
f 763 4243 6765
f 770 4285 6787
f 848 4753 7021
f 872 4897 7094
f 829 4639 6964
f 824 4609 6949
f 776 4321 6805
f 842 4717 7003
f 745 4135 6712
f 731 4051 6670
f 713 3943 6616
f 708 3913 6600
f 720 3985 6636
f 726 4021 6654
f 738 4093 6690
f 840 4705 6996
f 881 4951 7120
f 869 4879 7084
f 743 4123 6706
f 809 4519 6904
f 790 4405 6847
f 760 4225 6758
f 798 4453 6870
f 804 4489 6888
f 822 4597 6942
f 768 4273 6780
f 772 4297 6794
f 851 4771 7030
f 873 4903 7097
f 1269 5000 8285
f 1245 4976 8213
f 1252 5012 8233
f 1288 5030 8341
f 1306 5048 8395
f 1336 5132 8485
f 1551 5474 9131
f 1473 5996 8897
f 1599 5924 9275
f 1354 5660 8539
f 1479 5270 8915
f 1401 5246 8681
f 1408 5282 8701
f 1492 5300 8953
f 1504 5318 8989
f 1533 5378 9077
f 1414 5222 8719
f 1444 5582 8809
f 1594 5756 9259
f 1383 5792 8627
f 1323 5966 8447
f 1275 5426 8303
f 1263 5072 8267
f 1299 5612 8375
f 1317 5882 8429
f 1341 5450 8501
f 1564 6026 9169
f 1462 5948 8863
f 1588 5678 9241
f 1347 5108 8519
f 1521 5810 9041
f 1420 5354 8737
f 1395 5162 8663
f 1497 5540 8969
f 1515 5726 9023
f 1557 5834 9149
f 1425 5342 8753
f 1431 5198 8771
f 1570 5576 9187
f 1372 5762 8593
f 1282 5492 8323
f 1258 5084 8251
f 1294 5624 8359
f 1312 5930 8413
f 1330 6032 8467
f 1378 5840 8611
f 1540 5408 9097
f 1449 5216 8825
f 1575 5564 9203
f 1365 5696 8573
f 1486 5390 8935
f 1390 5174 8647
f 1437 5516 8789
f 1510 5738 9007
f 1528 5858 9061
f 1546 5486 9115
f 1468 6008 8881
f 1455 5900 8843
f 1581 5648 9221
f 1359 5126 8555
f 1272 6085 8292
f 1248 6049 8220
f 1253 6055 8236
f 1289 6097 8344
f 1307 6115 8398
f 1337 6133 8488
f 1554 6361 9138
f 1476 6272 8904
f 1602 6398 9282
f 1355 6152 8542
f 1482 6283 8922
f 1404 6211 8688
f 1409 6200 8704
f 1493 6295 8956
f 1505 6313 8992
f 1536 6337 9084
f 1415 6223 8722
f 1445 6242 8812
f 1595 6374 9262
f 1386 6182 8634
f 909 4988 7204
f 891 4964 7150
f 886 4969 7135
f 898 5005 7171
f 904 5023 7189
f 922 5077 7243
f 1060 5462 7657
f 1240 5984 8197
f 1204 5912 8089
f 1102 5617 7783
f 999 5258 7474
f 981 5234 7420
f 976 5239 7405
f 988 5275 7441
f 994 5293 7459
f 1024 5366 7549
f 952 5167 7333
f 1066 5509 7675
f 1138 5731 7891
f 1179 5780 8014
f 1233 5954 8176
f 1041 5414 7600
f 927 5060 7258
f 1119 5600 7834
f 1209 5870 8104
f 1053 5438 7636
f 1228 6001 8161
f 1192 5893 8053
f 1108 5641 7801
f 933 5096 7276
f 1167 5798 7978
f 1005 5323 7492
f 957 5150 7348
f 1083 5528 7726
f 1150 5714 7927
f 1174 5822 7999
f 1029 5330 7564
f 963 5186 7366
f 1077 5545 7708
f 1126 5689 7855
f 1036 5419 7585
f 915 5053 7222
f 1095 5593 7762
f 1185 5863 8032
f 1216 5959 8125
f 1155 5773 7942
f 1018 5371 7531
f 970 5204 7387
f 1090 5552 7747
f 1143 5684 7906
f 1012 5347 7513
f 945 5143 7312
f 1071 5504 7690
f 1131 5707 7870
f 1162 5803 7963
f 1047 5455 7618
f 1221 5977 8140
f 1197 5888 8068
f 1114 5636 7819
f 940 5114 7297
f 1284 6091 8327
f 1260 6067 8255
f 1296 6074 8363
f 1314 6110 8417
f 1332 6128 8471
f 1380 6146 8615
f 1542 6349 9101
f 1451 6259 8829
f 1577 6379 9207
f 1367 6158 8577
f 1488 6289 8939
f 1392 6193 8651
f 1439 6206 8793
f 1512 6308 9011
f 1530 6326 9065
f 1548 6355 9119
f 1470 6236 8885
f 1457 6248 8847
f 1583 6368 9225
f 1361 6169 8559
f 1270 5042 8286
f 1246 4994 8214
f 1251 4982 8230
f 1287 5018 8338
f 1305 5036 8392
f 1335 5090 8482
f 1552 5498 9132
f 1474 6038 8898
f 1600 5936 9276
f 1353 5630 8536
f 1480 5312 8916
f 1402 5264 8682
f 1407 5252 8698
f 1491 5288 8950
f 1503 5306 8986
f 1534 5396 9078
f 1413 5180 8716
f 1443 5522 8806
f 1593 5744 9256
f 1384 5852 8628
f 1324 6020 8448
f 1276 5444 8304
f 1264 5102 8268
f 1300 5672 8376
f 1318 5942 8430
f 1342 5480 8502
f 1563 6014 9166
f 1461 5906 8860
f 1587 5654 9238
f 1348 5120 8520
f 1522 5828 9042
f 1419 5336 8734
f 1396 5192 8664
f 1498 5570 8970
f 1516 5768 9024
f 1558 5846 9150
f 1426 5402 8754
f 1432 5210 8772
f 1569 5558 9184
f 1371 5702 8590
f 1281 5432 8320
f 1257 5066 8248
f 1293 5606 8356
f 1311 5876 8410
f 1329 5972 8464
f 1377 5786 8608
f 1539 5384 9094
f 1450 5228 8826
f 1576 5588 9204
f 1366 5750 8574
f 1485 5360 8932
f 1389 5156 8644
f 1438 5534 8790
f 1509 5720 9004
f 1527 5816 9058
f 1545 5468 9112
f 1467 5990 8878
f 1456 5918 8844
f 1582 5666 9222
f 1360 5138 8556
f 1271 6079 8289
f 1247 6043 8217
f 1254 6061 8237
f 1290 6103 8345
f 1308 6121 8399
f 1338 6139 8489
f 1553 6344 9135
f 1475 6266 8901
f 1601 6386 9279
f 1356 6163 8543
f 1481 6277 8919
f 1403 6188 8685
f 1410 6217 8705
f 1494 6301 8957
f 1506 6319 8993
f 1535 6331 9081
f 1416 6229 8723
f 1446 6253 8813
f 1596 6392 9263
f 1385 6176 8631
f 894 4999 7157
f 887 4975 7137
f 899 5011 7173
f 905 5029 7191
f 912 5047 7211
f 941 5131 7299
f 1050 5473 7625
f 1224 5995 8147
f 1200 5923 8075
f 1115 5659 7821
f 984 5269 7427
f 977 5245 7407
f 989 5281 7443
f 995 5299 7461
f 1002 5317 7481
f 1019 5377 7533
f 971 5221 7389
f 1091 5581 7749
f 1146 5755 7913
f 1158 5791 7949
f 1217 5965 8127
f 1037 5425 7587
f 918 5071 7229
f 1098 5611 7769
f 1188 5881 8039
f 1044 5449 7607
f 1236 6025 8183
f 1212 5947 8111
f 1122 5677 7841
f 930 5107 7265
f 1163 5809 7965
f 1013 5353 7515
f 948 5161 7319
f 1074 5539 7697
f 1134 5725 7877
f 1170 5833 7985
f 1008 5341 7499
f 960 5197 7355
f 1086 5575 7733
f 1151 5761 7929
f 1061 5491 7659
f 923 5083 7245
f 1103 5623 7785
f 1205 5929 8091
f 1241 6031 8199
f 1175 5839 8001
f 1032 5407 7571
f 966 5215 7373
f 1080 5563 7715
f 1127 5695 7857
f 1025 5389 7551
f 953 5173 7335
f 1067 5515 7677
f 1139 5737 7893
f 1182 5857 8021
f 1056 5485 7643
f 1229 6007 8163
f 1193 5899 8055
f 1109 5647 7803
f 936 5125 7283
f 1325 6086 8451
f 1277 6050 8307
f 1265 6056 8271
f 1301 6098 8379
f 1319 6116 8433
f 1343 6134 8505
f 1566 6362 9173
f 1464 6271 8867
f 1590 6397 9245
f 1349 6151 8523
f 1523 6284 9045
f 1422 6212 8741
f 1397 6199 8667
f 1499 6296 8973
f 1517 6314 9027
f 1559 6338 9153
f 1427 6224 8757
f 1433 6241 8775
f 1572 6373 9191
f 1374 6181 8597
f 892 4987 7154
f 885 4963 7133
f 897 4970 7169
f 903 5006 7187
f 910 5024 7208
f 939 5078 7295
f 1048 5461 7622
f 1222 5983 8144
f 1198 5911 8072
f 1113 5618 7817
f 982 5257 7424
f 975 5233 7403
f 987 5240 7439
f 993 5276 7457
f 1000 5294 7478
f 1017 5365 7529
f 969 5168 7385
f 1089 5510 7745
f 1144 5732 7910
f 1156 5779 7946
f 1215 5953 8123
f 1035 5413 7583
f 916 5059 7226
f 1096 5599 7766
f 1186 5869 8036
f 1042 5437 7604
f 1234 6002 8180
f 1210 5894 8108
f 1120 5642 7838
f 928 5095 7262
f 1161 5797 7961
f 1011 5324 7511
f 946 5149 7316
f 1072 5527 7694
f 1132 5713 7874
f 1168 5821 7982
f 1006 5329 7496
f 958 5185 7352
f 1084 5546 7730
f 1149 5690 7925
f 1059 5420 7655
f 921 5054 7241
f 1101 5594 7781
f 1203 5864 8087
f 1239 5960 8195
f 1173 5774 7997
f 1030 5372 7568
f 964 5203 7370
f 1078 5551 7712
f 1125 5683 7853
f 1023 5348 7547
f 951 5144 7331
f 1065 5503 7673
f 1137 5708 7889
f 1180 5804 8018
f 1054 5456 7640
f 1227 5978 8159
f 1191 5887 8051
f 1107 5635 7799
f 934 5113 7280
f 1326 6092 8454
f 1278 6068 8310
f 1266 6073 8274
f 1302 6109 8382
f 1320 6127 8436
f 1344 6145 8508
f 1565 6350 9172
f 1463 6260 8866
f 1589 6380 9244
f 1350 6157 8526
f 1524 6290 9048
f 1421 6194 8740
f 1398 6205 8670
f 1500 6307 8976
f 1518 6325 9030
f 1560 6356 9156
f 1428 6235 8760
f 1434 6247 8778
f 1571 6367 9190
f 1373 6170 8596
f 889 3530 7144
f 883 3524 7125
f 895 3536 7161
f 901 3542 7179
f 907 3548 7198
f 937 3578 7287
f 1045 3686 7612
f 1219 3860 8134
f 1195 3836 8062
f 1111 3752 7809
f 979 3620 7414
f 973 3614 7395
f 985 3626 7431
f 991 3632 7449
f 997 3638 7468
f 1015 3656 7521
f 967 3608 7377
f 1087 3728 7737
f 1141 3782 7900
f 1153 3794 7936
f 1213 3854 8115
f 1033 3674 7575
f 913 3554 7216
f 1093 3734 7756
f 1183 3824 8026
f 1039 3680 7594
f 1231 3872 8170
f 1207 3848 8098
f 1117 3758 7828
f 925 3566 7252
f 1159 3800 7953
f 1009 3650 7503
f 943 3584 7306
f 1069 3710 7684
f 1129 3770 7864
f 1165 3806 7972
f 1003 3644 7486
f 955 3596 7342
f 1081 3722 7720
f 1147 3788 7917
f 1057 3698 7647
f 919 3560 7233
f 1099 3740 7773
f 1201 3842 8079
f 1237 3878 8187
f 1171 3812 7989
f 1027 3668 7558
f 961 3602 7360
f 1075 3716 7702
f 1123 3764 7845
f 1021 3662 7539
f 949 3590 7323
f 1063 3704 7665
f 1135 3776 7881
f 1177 3818 8008
f 1051 3692 7630
f 1225 3866 8151
f 1189 3830 8043
f 1105 3746 7791
f 931 3572 7270
f 1322 4694 8444
f 1274 4082 8300
f 1262 4112 8264
f 1298 4868 8372
f 1316 4940 8426
f 1340 4652 8498
f 1561 4634 9160
f 1459 4346 8854
f 1585 4742 9232
f 1346 4148 8516
f 1520 4586 9038
f 1417 4268 8728
f 1394 4292 8660
f 1496 4760 8966
f 1514 4916 9020
f 1556 4670 9146
f 1424 4616 8750
f 1430 4328 8768
f 1567 4724 9178
f 1369 4166 8584
f 908 4028 7201
f 890 3920 7147
f 884 3884 7130
f 896 3956 7166
f 902 3992 7184
f 920 4064 7238
f 1058 4676 7652
f 1238 4934 8192
f 1202 4862 8084
f 1100 4106 7778
f 998 4496 7471
f 980 4388 7417
f 974 4214 7400
f 986 4424 7436
f 992 4460 7454
f 1022 4568 7544
f 950 4244 7328
f 1064 4286 7670
f 1136 4754 7886
f 1178 4898 8011
f 1232 4682 8173
f 1040 4070 7597
f 926 4100 7255
f 1118 4856 7831
f 1208 4928 8101
f 1052 4640 7633
f 1226 4610 8156
f 1190 4322 8048
f 1106 4718 7796
f 932 4136 7273
f 1166 4574 7975
f 1004 4250 7489
f 956 4280 7345
f 1082 4748 7723
f 1148 4892 7922
f 1172 4646 7994
f 1028 4604 7561
f 962 4316 7363
f 1076 4712 7705
f 1124 4142 7850
f 1034 3926 7580
f 914 3890 7219
f 1094 3962 7759
f 1184 3998 8029
f 1214 4034 8120
f 1154 4178 7939
f 1016 4532 7526
f 968 4352 7382
f 1088 4784 7742
f 1142 4826 7903
f 1010 4394 7508
f 944 4208 7309
f 1070 4430 7687
f 1130 4466 7867
f 1160 4502 7958
f 1046 4538 7615
f 1220 4358 8137
f 1196 4790 8065
f 1112 4820 7814
f 938 4172 7292
f 1279 3950 8314
f 1255 3908 8242
f 1291 3980 8350
f 1309 4016 8404
f 1327 4058 8458
f 1375 4196 8602
f 1537 4550 9088
f 1448 4370 8822
f 1574 4808 9200
f 1364 4838 8570
f 1483 4418 8926
f 1387 4220 8638
f 1436 4442 8786
f 1507 4484 8998
f 1525 4526 9052
f 1543 4556 9106
f 1465 4376 8872
f 1454 4802 8840
f 1580 4844 9218
f 1358 4190 8552
f 1267 3938 8277
f 1243 3896 8205
f 1250 3968 8227
f 1286 4004 8335
f 1304 4046 8389
f 1334 4184 8479
f 1549 4562 9123
f 1471 4382 8889
f 1597 4814 9267
f 1352 4832 8533
f 1477 4412 8907
f 1399 4232 8673
f 1406 4436 8695
f 1490 4472 8947
f 1502 4514 8983
f 1531 4544 9069
f 1412 4364 8713
f 1442 4796 8803
f 1592 4850 9253
f 1381 4202 8619
f 1321 4052 8439
f 1273 3944 8295
f 1261 3914 8259
f 1297 3986 8367
f 1315 4022 8421
f 1339 4094 8493
f 1562 4706 9163
f 1460 4952 8857
f 1586 4880 9235
f 1345 4124 8511
f 1519 4520 9033
f 1418 4406 8731
f 1393 4226 8655
f 1495 4454 8961
f 1513 4490 9015
f 1555 4598 9141
f 1423 4274 8745
f 1429 4298 8763
f 1568 4772 9181
f 1370 4904 8587
f 1280 4688 8317
f 1256 4076 8245
f 1292 4118 8353
f 1310 4874 8407
f 1328 4946 8461
f 1376 4658 8605
f 1538 4628 9091
f 1447 4334 8817
f 1573 4730 9195
f 1363 4160 8565
f 1484 4580 8929
f 1388 4256 8641
f 1435 4304 8781
f 1508 4766 9001
f 1526 4922 9055
f 1544 4664 9109
f 1466 4622 8875
f 1453 4340 8835
f 1579 4736 9213
f 1357 4154 8547
f 1268 4040 8282
f 1244 3932 8210
f 1249 3902 8224
f 1285 3974 8332
f 1303 4010 8386
f 1333 4088 8476
f 1550 4700 9128
f 1472 4958 8894
f 1598 4886 9272
f 1351 4130 8530
f 1478 4508 8912
f 1400 4400 8678
f 1405 4238 8692
f 1489 4448 8944
f 1501 4478 8980
f 1532 4592 9074
f 1411 4262 8710
f 1441 4310 8800
f 1591 4778 9250
f 1382 4910 8624
f 911 5041 7210
f 893 4993 7156
f 888 4981 7140
f 900 5017 7176
f 906 5035 7194
f 924 5089 7248
f 1062 5497 7662
f 1242 6037 8202
f 1206 5935 8094
f 1104 5629 7788
f 1001 5311 7480
f 983 5263 7426
f 978 5251 7410
f 990 5287 7446
f 996 5305 7464
f 1026 5395 7554
f 954 5179 7338
f 1068 5521 7680
f 1140 5743 7896
f 1181 5851 8020
f 1235 6019 8182
f 1043 5443 7606
f 929 5101 7264
f 1121 5671 7840
f 1211 5941 8110
f 1055 5479 7642
f 1230 6013 8166
f 1194 5905 8058
f 1110 5653 7806
f 935 5119 7282
f 1169 5827 7984
f 1007 5335 7498
f 959 5191 7354
f 1085 5569 7732
f 1152 5767 7932
f 1176 5845 8004
f 1031 5401 7570
f 965 5209 7372
f 1079 5557 7714
f 1128 5701 7860
f 1038 5431 7590
f 917 5065 7228
f 1097 5605 7768
f 1187 5875 8038
f 1218 5971 8130
f 1157 5785 7948
f 1020 5383 7536
f 972 5227 7392
f 1092 5587 7752
f 1145 5749 7912
f 1014 5359 7518
f 947 5155 7318
f 1073 5533 7696
f 1133 5719 7876
f 1164 5815 7968
f 1049 5467 7624
f 1223 5989 8146
f 1199 5917 8074
f 1116 5665 7824
f 942 5137 7302
f 1283 6080 8326
f 1259 6044 8254
f 1295 6062 8362
f 1313 6104 8416
f 1331 6122 8470
f 1379 6140 8614
f 1541 6343 9100
f 1452 6265 8832
f 1578 6385 9210
f 1368 6164 8580
f 1487 6278 8938
f 1391 6187 8650
f 1440 6218 8796
f 1511 6302 9010
f 1529 6320 9064
f 1547 6332 9118
f 1469 6230 8884
f 1458 6254 8850
f 1584 6391 9228
f 1362 6175 8562
f 1609 3534 9289
f 1605 3527 9283
f 1611 3539 9286
f 1614 3545 9293
f 1617 3552 9296
f 1631 3581 9305
f 1688 3690 9369
f 1775 3864 9456
f 1763 3840 9445
f 1719 3755 9395
f 1654 3624 9334
f 1650 3617 9328
f 1656 3629 9331
f 1659 3635 9338
f 1662 3642 9341
f 1672 3659 9352
f 1646 3611 9320
f 1706 3731 9376
f 1735 3786 9416
f 1741 3798 9420
f 1770 3857 9448
f 1680 3677 9358
f 1621 3558 9300
f 1711 3738 9390
f 1756 3828 9435
f 1684 3684 9364
f 1780 3876 9461
f 1767 3852 9442
f 1722 3762 9400
f 1627 3570 9307
f 1744 3803 9424
f 1668 3653 9344
f 1636 3588 9315
f 1699 3714 9379
f 1730 3774 9411
f 1748 3810 9430
f 1666 3648 9345
f 1642 3600 9322
f 1705 3726 9383
f 1736 3791 9406
f 1691 3701 9361
f 1623 3563 9299
f 1713 3743 9389
f 1764 3845 9434
f 1781 3881 9451
f 1749 3815 9419
f 1677 3672 9355
f 1645 3606 9325
f 1703 3720 9384
f 1725 3767 9403
f 1674 3665 9350
f 1638 3593 9314
f 1695 3707 9373
f 1732 3779 9410
f 1752 3822 9427
f 1690 3696 9368
f 1777 3869 9455
f 1759 3833 9439
f 1717 3749 9397
f 1630 3576 9310
f 2191 4698 9872
f 1885 4086 9566
f 1901 4116 9583
f 2279 4872 9961
f 2315 4944 9997
f 2171 4656 9853
f 2160 4638 9839
f 2016 4350 9695
f 2214 4746 9893
f 1919 4152 9601
f 2137 4590 9818
f 1978 4272 9656
f 1991 4296 9673
f 2225 4764 9907
f 2302 4920 9982
f 2178 4674 9857
f 2153 4620 9835
f 2009 4332 9691
f 2207 4728 9889
f 1926 4170 9605
f 1857 4031 9535
f 1803 3923 9481
f 1786 3888 9465
f 1822 3960 9501
f 1840 3996 9519
f 1876 4068 9555
f 2182 4680 9861
f 2312 4938 9993
f 2276 4866 9957
f 1898 4110 9579
f 2091 4499 9769
f 2037 4391 9715
f 1952 4218 9633
f 2056 4428 9735
f 2074 4464 9753
f 2128 4572 9807
f 1966 4248 9645
f 1988 4290 9669
f 2222 4758 9903
f 2293 4901 9973
f 2185 4685 9865
f 1879 4073 9559
f 1893 4103 9571
f 2271 4859 9949
f 2307 4931 9985
f 2163 4643 9841
f 2150 4614 9831
f 2006 4326 9687
f 2204 4722 9885
f 1911 4139 9589
f 2131 4577 9811
f 1969 4253 9649
f 1983 4283 9661
f 2217 4751 9895
f 2290 4896 9969
f 2168 4650 9849
f 2145 4607 9823
f 2001 4319 9679
f 2199 4715 9877
f 1916 4146 9597
f 1808 3930 9489
f 1789 3893 9469
f 1825 3965 9505
f 1843 4001 9523
f 1862 4038 9543
f 1933 4181 9613
f 2110 4536 9789
f 2020 4356 9699
f 2236 4788 9915
f 2257 4829 9937
f 2042 4398 9723
f 1947 4211 9625
f 2059 4433 9739
f 2077 4469 9757
f 2096 4506 9777
f 2113 4541 9793
f 2023 4361 9703
f 2239 4793 9919
f 2254 4824 9933
f 1930 4176 9609
f 1818 3954 9497
f 1798 3912 9476
f 1834 3984 9512
f 1852 4020 9530
f 1872 4062 9551
f 1942 4200 9620
f 2120 4554 9802
f 2030 4374 9712
f 2248 4812 9928
f 2263 4842 9944
f 2052 4422 9731
f 1955 4224 9637
f 2065 4446 9746
f 2086 4488 9764
f 2106 4530 9785
f 2122 4560 9800
f 2032 4380 9710
f 2245 4806 9926
f 2266 4848 9946
f 1940 4194 9622
f 1813 3941 9484
f 1792 3899 9464
f 1828 3971 9500
f 1846 4007 9518
f 1867 4049 9538
f 1936 4187 9608
f 2123 4565 9796
f 2033 4385 9706
f 2249 4817 9922
f 2260 4835 9932
f 2049 4415 9718
f 1959 4235 9632
f 2062 4439 9734
f 2080 4475 9752
f 2101 4517 9772
f 2116 4547 9788
f 2026 4367 9698
f 2242 4799 9914
f 2267 4853 9940
f 1943 4205 9616
f 1869 4055 9542
f 1815 3947 9488
f 1799 3917 9472
f 1835 3989 9508
f 1853 4025 9526
f 1889 4097 9562
f 2195 4709 9868
f 2319 4955 9988
f 2283 4883 9952
f 1905 4127 9574
f 2103 4523 9776
f 2046 4409 9722
f 1957 4229 9628
f 2069 4457 9742
f 2087 4493 9760
f 2141 4601 9814
f 1979 4277 9652
f 1993 4301 9664
f 2229 4775 9898
f 2296 4907 9968
f 2188 4691 9860
f 1882 4079 9554
f 1902 4121 9578
f 2280 4877 9956
f 2316 4949 9992
f 2172 4661 9848
f 2157 4631 9826
f 2011 4337 9682
f 2209 4733 9880
f 1923 4163 9596
f 2134 4583 9806
f 1972 4259 9644
f 1995 4307 9668
f 2226 4769 9902
f 2303 4925 9976
f 2175 4667 9844
f 2154 4625 9830
f 2013 4343 9686
f 2211 4739 9884
f 1921 4157 9592
f 1865 4044 9547
f 1811 3936 9493
f 1796 3906 9478
f 1832 3978 9514
f 1850 4014 9532
f 1888 4092 9568
f 2194 4704 9874
f 2322 4962 10001
f 2286 4890 9965
f 1908 4134 9587
f 2099 4512 9781
f 2045 4404 9727
f 1962 4242 9641
f 2068 4452 9748
f 2084 4482 9766
f 2140 4596 9820
f 1976 4266 9658
f 1998 4314 9677
f 2232 4782 9911
f 2299 4914 9980
f 2330 5045 10011
f 2324 4997 10005
f 2325 4985 10007
f 2332 5021 10013
f 2335 5039 10016
f 2344 5093 10025
f 2410 5501 10092
f 2497 6041 10179
f 2486 5939 10167
f 2434 5633 10115
f 2375 5315 10056
f 2369 5267 10050
f 2370 5255 10052
f 2377 5291 10058
f 2380 5309 10061
f 2393 5399 10074
f 2359 5183 10040
f 2415 5525 10097
f 2455 5747 10136
f 2461 5855 10143
f 2489 6023 10170
f 2399 5447 10080
f 2341 5105 10023
f 2431 5675 10113
f 2476 5945 10158
f 2405 5483 10086
f 2500 6017 10181
f 2481 5909 10163
f 2439 5657 10121
f 2348 5123 10029
f 2465 5831 10146
f 2383 5339 10064
f 2356 5195 10038
f 2420 5573 10101
f 2452 5771 10134
f 2471 5849 10152
f 2386 5405 10068
f 2363 5213 10044
f 2422 5561 10103
f 2445 5705 10127
f 2400 5435 10082
f 2338 5069 10019
f 2428 5609 10109
f 2473 5879 10154
f 2490 5975 10172
f 2458 5789 10139
f 2394 5387 10076
f 2366 5231 10047
f 2425 5591 10107
f 2444 5753 10125
f 2389 5363 10070
f 2353 5159 10034
f 2414 5537 10095
f 2449 5723 10130
f 2466 5819 10148
f 2407 5471 10088
f 2494 5993 10175
f 2480 5921 10161
f 2438 5669 10119
f 2351 5141 10032
f 2510 6084 10189
f 2504 6048 10183
f 2508 6066 10187
f 2514 6108 10193
f 2517 6126 10196
f 2520 6144 10199
f 2554 6347 10234
f 2539 6269 10220
f 2560 6389 10241
f 2523 6168 10203
f 2543 6282 10222
f 2527 6191 10207
f 2532 6222 10212
f 2547 6306 10226
f 2550 6324 10229
f 2552 6336 10231
f 2535 6234 10214
f 2538 6258 10218
f 2558 6395 10239
f 2524 6179 10205
f 1607 3532 6409
f 1603 3525 6405
f 1604 3537 6411
f 1610 3543 6414
f 1613 3550 6417
f 1622 3579 6431
f 1686 3688 6488
f 1773 3862 6575
f 1761 3838 6563
f 1712 3753 6519
f 1652 3622 6454
f 1648 3615 6450
f 1649 3627 6456
f 1655 3633 6459
f 1658 3640 6462
f 1670 3657 6472
f 1637 3609 6446
f 1694 3729 6506
f 1731 3784 6535
f 1739 3796 6541
f 1768 3855 6570
f 1678 3675 6480
f 1619 3556 6421
f 1709 3736 6511
f 1754 3826 6556
f 1682 3682 6484
f 1776 3874 6580
f 1758 3850 6567
f 1716 3760 6522
f 1625 3568 6427
f 1742 3801 6544
f 1663 3651 6468
f 1634 3586 6436
f 1697 3712 6499
f 1728 3772 6530
f 1746 3808 6548
f 1664 3646 6466
f 1640 3598 6442
f 1700 3724 6505
f 1724 3789 6536
f 1679 3699 6491
f 1618 3561 6423
f 1708 3741 6513
f 1753 3843 6564
f 1769 3879 6581
f 1738 3813 6549
f 1671 3670 6477
f 1643 3604 6445
f 1701 3718 6503
f 1723 3765 6525
f 1667 3663 6474
f 1633 3591 6438
f 1693 3705 6495
f 1727 3777 6532
f 1743 3820 6552
f 1685 3694 6490
f 1772 3867 6577
f 1757 3831 6559
f 1715 3747 6517
f 1628 3574 6430
f 2187 4696 6991
f 1881 4084 6685
f 1899 4114 6701
f 2277 4870 7079
f 2313 4942 7115
f 2169 4654 6971
f 2156 4636 6960
f 2010 4348 6816
f 2208 4744 7014
f 1917 4150 6719
f 2133 4588 6937
f 1971 4270 6778
f 1989 4294 6791
f 2223 4762 7025
f 2300 4918 7102
f 2174 4672 6978
f 2151 4618 6953
f 2007 4330 6809
f 2205 4726 7007
f 1920 4168 6726
f 1855 4029 6657
f 1801 3921 6603
f 1784 3886 6586
f 1820 3958 6622
f 1838 3994 6640
f 1874 4066 6676
f 2180 4678 6982
f 2310 4936 7112
f 2274 4864 7076
f 1896 4108 6698
f 2089 4497 6891
f 2035 4389 6837
f 1950 4216 6752
f 2054 4426 6856
f 2072 4462 6874
f 2126 4570 6928
f 1964 4246 6766
f 1986 4288 6788
f 2220 4756 7022
f 2291 4899 7093
f 2183 4683 6985
f 1877 4071 6679
f 1891 4101 6693
f 2269 4857 7071
f 2305 4929 7107
f 2161 4641 6963
f 2148 4612 6950
f 2004 4324 6806
f 2202 4720 7004
f 1909 4137 6711
f 2129 4575 6931
f 1967 4251 6769
f 1981 4281 6783
f 2215 4749 7017
f 2288 4894 7090
f 2166 4648 6968
f 2143 4605 6945
f 1999 4317 6801
f 2197 4713 6999
f 1914 4144 6716
f 1806 3928 6608
f 1787 3891 6589
f 1823 3963 6625
f 1841 3999 6643
f 1860 4036 6662
f 1931 4179 6733
f 2108 4534 6910
f 2018 4354 6820
f 2234 4786 7036
f 2255 4827 7057
f 2040 4396 6842
f 1945 4209 6747
f 2057 4431 6859
f 2075 4467 6877
f 2094 4504 6896
f 2111 4539 6913
f 2021 4359 6823
f 2237 4791 7039
f 2252 4822 7054
f 1928 4174 6730
f 1812 3952 6618
f 1791 3910 6598
f 1827 3982 6634
f 1845 4018 6652
f 1866 4060 6672
f 1935 4198 6742
f 2118 4552 6920
f 2028 4372 6830
f 2246 4810 7048
f 2259 4840 7063
f 2048 4420 6852
f 1953 4222 6755
f 2061 4444 6865
f 2079 4486 6886
f 2100 4528 6906
f 2115 4558 6922
f 2025 4378 6832
f 2241 4804 7045
f 2264 4846 7066
f 1938 4192 6740
f 1802 3939 6613
f 1783 3897 6592
f 1819 3969 6628
f 1837 4005 6646
f 1856 4047 6667
f 1927 4185 6736
f 2112 4563 6923
f 2022 4383 6833
f 2238 4815 7049
f 2251 4833 7060
f 2036 4413 6849
f 1949 4233 6759
f 2053 4437 6862
f 2071 4473 6880
f 2090 4515 6901
f 2107 4545 6916
f 2017 4365 6826
f 2233 4797 7042
f 2256 4851 7067
f 1932 4203 6743
f 1859 4053 6669
f 1805 3945 6615
f 1788 3915 6599
f 1824 3987 6635
f 1842 4023 6653
f 1878 4095 6689
f 2184 4707 6995
f 2306 4953 7119
f 2270 4881 7083
f 1892 4125 6705
f 2093 4521 6903
f 2039 4407 6846
f 1946 4227 6757
f 2058 4455 6869
f 2076 4491 6887
f 2130 4599 6941
f 1968 4275 6779
f 1982 4299 6793
f 2216 4773 7029
f 2287 4905 7096
f 2179 4689 6988
f 1873 4077 6682
f 1895 4119 6702
f 2273 4875 7080
f 2309 4947 7116
f 2165 4659 6972
f 2144 4629 6957
f 2000 4335 6811
f 2198 4731 7009
f 1913 4161 6723
f 2125 4581 6934
f 1963 4257 6772
f 1985 4305 6795
f 2219 4767 7026
f 2292 4923 7103
f 2162 4665 6975
f 2147 4623 6954
f 2003 4341 6813
f 2201 4737 7011
f 1910 4155 6721
f 1863 4042 6665
f 1809 3934 6611
f 1794 3904 6596
f 1830 3976 6632
f 1848 4012 6650
f 1886 4090 6688
f 2192 4702 6994
f 2318 4960 7122
f 2282 4888 7086
f 1904 4132 6708
f 2097 4510 6899
f 2043 4402 6845
f 1956 4240 6762
f 2066 4450 6868
f 2082 4480 6884
f 2138 4594 6940
f 1974 4264 6776
f 1992 4312 6798
f 2228 4780 7032
f 2295 4912 7099
f 2331 5046 8287
f 2327 4998 8215
f 2328 4986 8231
f 2334 5022 8339
f 2337 5040 8393
f 2346 5094 8483
f 2412 5502 9133
f 2499 6042 8899
f 2487 5940 9277
f 2436 5634 8537
f 2376 5316 8917
f 2372 5268 8683
f 2373 5256 8699
f 2379 5292 8951
f 2382 5310 8987
f 2396 5400 9079
f 2361 5184 8717
f 2418 5526 8807
f 2457 5748 9257
f 2463 5856 8629
f 2492 6024 8449
f 2402 5448 8305
f 2343 5106 8269
f 2433 5676 8377
f 2478 5946 8431
f 2406 5484 8503
f 2502 6018 9167
f 2484 5910 8861
f 2442 5658 9239
f 2349 5124 8521
f 2468 5832 9043
f 2387 5340 8735
f 2358 5196 8665
f 2421 5574 8971
f 2454 5772 9025
f 2472 5850 9151
f 2388 5406 8755
f 2364 5214 8773
f 2426 5562 9185
f 2448 5706 8591
f 2403 5436 8321
f 2342 5070 8249
f 2432 5610 8357
f 2477 5880 8411
f 2493 5976 8465
f 2462 5790 8609
f 2397 5388 9095
f 2367 5232 8827
f 2427 5592 9205
f 2447 5754 8575
f 2391 5364 8933
f 2357 5160 8645
f 2417 5538 8791
f 2453 5724 9005
f 2469 5820 9059
f 2411 5472 9113
f 2498 5994 8879
f 2483 5922 8845
f 2441 5670 9223
f 2352 5142 8557
f 2509 6083 8290
f 2503 6047 8218
f 2506 6065 8238
f 2512 6107 8346
f 2515 6125 8400
f 2518 6143 8490
f 2555 6348 9136
f 2541 6270 8902
f 2562 6390 9280
f 2522 6167 8544
f 2542 6281 8920
f 2528 6192 8686
f 2531 6221 8706
f 2545 6305 8958
f 2548 6323 8994
f 2551 6335 9082
f 2533 6233 8724
f 2537 6257 8814
f 2559 6396 9264
f 2526 6180 8632
f 1616 3551 7197
f 1608 3533 7143
f 1606 3528 7126
f 1612 3540 7162
f 1615 3546 7180
f 1624 3564 7234
f 1692 3702 7648
f 1782 3882 8188
f 1765 3846 8080
f 1714 3744 7774
f 1661 3641 7467
f 1653 3623 7413
f 1651 3618 7396
f 1657 3630 7432
f 1660 3636 7450
f 1675 3666 7540
f 1639 3594 7324
f 1696 3708 7666
f 1733 3780 7882
f 1751 3821 8007
f 1779 3875 8169
f 1683 3683 7593
f 1626 3569 7251
f 1721 3761 7827
f 1766 3851 8097
f 1689 3695 7629
f 1778 3870 8152
f 1760 3834 8044
f 1718 3750 7792
f 1629 3575 7269
f 1747 3809 7971
f 1665 3647 7485
f 1641 3599 7341
f 1704 3725 7719
f 1737 3792 7918
f 1750 3816 7990
f 1676 3671 7557
f 1644 3605 7359
f 1702 3719 7701
f 1726 3768 7846
f 1681 3678 7576
f 1620 3557 7215
f 1710 3737 7755
f 1755 3827 8025
f 1771 3858 8116
f 1740 3797 7935
f 1673 3660 7522
f 1647 3612 7378
f 1707 3732 7738
f 1734 3785 7899
f 1669 3654 7504
f 1635 3587 7305
f 1698 3713 7683
f 1729 3773 7863
f 1745 3804 7954
f 1687 3689 7611
f 1774 3863 8133
f 1762 3839 8061
f 1720 3756 7810
f 1632 3582 7288
f 2189 4692 8318
f 1883 4080 8246
f 1903 4122 8354
f 2281 4878 8408
f 2317 4950 8462
f 2173 4662 8606
f 2158 4632 9092
f 2012 4338 8818
f 2210 4734 9196
f 1924 4164 8566
f 2135 4584 8930
f 1973 4260 8642
f 1996 4308 8782
f 2227 4770 9002
f 2304 4926 9056
f 2176 4668 9110
f 2155 4626 8876
f 2014 4344 8836
f 2212 4740 9214
f 1922 4158 8548
f 1864 4043 8281
f 1810 3935 8209
f 1795 3905 8223
f 1831 3977 8331
f 1849 4013 8385
f 1887 4091 8475
f 2193 4703 9127
f 2321 4961 8893
f 2285 4889 9271
f 1907 4133 8529
f 2098 4511 8911
f 2044 4403 8677
f 1961 4241 8691
f 2067 4451 8943
f 2083 4481 8979
f 2139 4595 9073
f 1975 4265 8709
f 1997 4313 8799
f 2231 4781 9249
f 2298 4913 8623
f 2190 4697 8443
f 1884 4085 8299
f 1900 4115 8263
f 2278 4871 8371
f 2314 4943 8425
f 2170 4655 8497
f 2159 4637 9159
f 2015 4349 8853
f 2213 4745 9231
f 1918 4151 8515
f 2136 4589 9037
f 1977 4271 8727
f 1990 4295 8659
f 2224 4763 8965
f 2301 4919 9019
f 2177 4673 9145
f 2152 4619 8749
f 2008 4331 8767
f 2206 4727 9177
f 1925 4169 8583
f 1817 3953 8313
f 1797 3911 8241
f 1833 3983 8349
f 1851 4019 8403
f 1871 4061 8457
f 1941 4199 8601
f 2119 4553 9087
f 2029 4373 8821
f 2247 4811 9199
f 2262 4841 8569
f 2051 4421 8925
f 1954 4223 8637
f 2064 4445 8785
f 2085 4487 8997
f 2105 4529 9051
f 2121 4559 9105
f 2031 4379 8871
f 2244 4805 8839
f 2265 4847 9217
f 1939 4193 8551
f 1814 3942 8278
f 1793 3900 8206
f 1829 3972 8228
f 1847 4008 8336
f 1868 4050 8390
f 1937 4188 8480
f 2124 4566 9124
f 2034 4386 8890
f 2250 4818 9268
f 2261 4836 8534
f 2050 4416 8908
f 1960 4236 8674
f 2063 4440 8696
f 2081 4476 8948
f 2102 4518 8984
f 2117 4548 9070
f 2027 4368 8714
f 2243 4800 8804
f 2268 4854 9254
f 1944 4206 8620
f 1804 3924 7148
f 1785 3887 7129
f 1821 3959 7165
f 1839 3995 7183
f 1858 4032 7202
f 1929 4175 7291
f 2114 4542 7616
f 2024 4362 8138
f 2240 4794 8066
f 2253 4823 7813
f 2038 4392 7418
f 1951 4217 7399
f 2055 4427 7435
f 2073 4463 7453
f 2092 4500 7472
f 2109 4535 7525
f 2019 4355 7381
f 2235 4787 7741
f 2258 4830 7904
f 1934 4182 7940
f 1861 4037 8119
f 1807 3929 7579
f 1790 3894 7220
f 1826 3966 7760
f 1844 4002 8030
f 1880 4074 7598
f 2186 4686 8174
f 2308 4932 8102
f 2272 4860 7832
f 1894 4104 7256
f 2095 4505 7957
f 2041 4397 7507
f 1948 4212 7310
f 2060 4434 7688
f 2078 4470 7868
f 2132 4578 7976
f 1970 4254 7490
f 1984 4284 7346
f 2218 4752 7724
f 2289 4895 7921
f 2181 4679 7651
f 1875 4067 7237
f 1897 4109 7777
f 2275 4865 8083
f 2311 4937 8191
f 2167 4649 7993
f 2146 4608 7562
f 2002 4320 7364
f 2200 4716 7706
f 1915 4145 7849
f 2127 4571 7543
f 1965 4247 7327
f 1987 4289 7669
f 2221 4757 7885
f 2294 4902 8012
f 2164 4644 7634
f 2149 4613 8155
f 2005 4325 8047
f 2203 4721 7795
f 1912 4140 7274
f 1870 4056 8440
f 1816 3948 8296
f 1800 3918 8260
f 1836 3990 8368
f 1854 4026 8422
f 1890 4098 8494
f 2196 4710 9164
f 2320 4956 8858
f 2284 4884 9236
f 1906 4128 8512
f 2104 4524 9034
f 2047 4410 8732
f 1958 4230 8656
f 2070 4458 8962
f 2088 4494 9016
f 2142 4602 9142
f 1980 4278 8746
f 1994 4302 8764
f 2230 4776 9182
f 2297 4908 8588
f 2329 5003 7158
f 2323 4979 7138
f 2326 5015 7174
f 2333 5033 7192
f 2336 5051 7212
f 2345 5135 7300
f 2409 5477 7626
f 2496 5999 8148
f 2485 5927 8076
f 2435 5663 7822
f 2374 5273 7428
f 2368 5249 7408
f 2371 5285 7444
f 2378 5303 7462
f 2381 5321 7482
f 2392 5381 7534
f 2360 5225 7390
f 2416 5585 7750
f 2456 5759 7914
f 2460 5795 7950
f 2488 5969 8128
f 2398 5429 7588
f 2340 5075 7230
f 2430 5615 7770
f 2475 5885 8040
f 2404 5453 7608
f 2501 6029 8184
f 2482 5951 8112
f 2440 5681 7842
f 2347 5111 7266
f 2464 5813 7966
f 2384 5357 7516
f 2355 5165 7320
f 2419 5543 7698
f 2451 5729 7878
f 2470 5837 7986
f 2385 5345 7500
f 2362 5201 7356
f 2423 5579 7734
f 2446 5765 7930
f 2401 5495 7660
f 2339 5087 7246
f 2429 5627 7786
f 2474 5933 8092
f 2491 6035 8200
f 2459 5843 8002
f 2395 5411 7572
f 2365 5219 7374
f 2424 5567 7716
f 2443 5699 7858
f 2390 5393 7552
f 2354 5177 7336
f 2413 5519 7678
f 2450 5741 7894
f 2467 5861 8022
f 2408 5489 7644
f 2495 6011 8164
f 2479 5903 8056
f 2437 5651 7804
f 2350 5129 7284
f 2511 6090 8452
f 2505 6054 8308
f 2507 6060 8272
f 2513 6102 8380
f 2516 6120 8434
f 2519 6138 8506
f 2556 6366 9174
f 2540 6275 8868
f 2561 6401 9246
f 2521 6155 8524
f 2544 6288 9046
f 2529 6216 8742
f 2530 6203 8668
f 2546 6300 8974
f 2549 6318 9028
f 2553 6342 9154
f 2534 6228 8758
f 2536 6245 8776
f 2557 6377 9192
f 2525 6185 8598
f 1609 4989 7153
f 1605 4965 7132
f 1611 4972 7168
f 1614 5008 7186
f 1617 5026 7207
f 1631 5080 7294
f 1688 5463 7621
f 1775 5985 8143
f 1763 5913 8071
f 1719 5620 7816
f 1654 5259 7423
f 1650 5235 7402
f 1656 5242 7438
f 1659 5278 7456
f 1662 5296 7477
f 1672 5367 7528
f 1646 5170 7384
f 1706 5512 7744
f 1735 5734 7909
f 1741 5781 7945
f 1770 5955 8122
f 1680 5415 7582
f 1621 5061 7225
f 1711 5601 7765
f 1756 5871 8035
f 1684 5439 7603
f 1780 6004 8179
f 1767 5896 8107
f 1722 5644 7837
f 1627 5097 7261
f 1744 5799 7960
f 1668 5326 7510
f 1636 5151 7315
f 1699 5529 7693
f 1730 5715 7873
f 1748 5823 7981
f 1666 5331 7495
f 1642 5187 7351
f 1705 5548 7729
f 1736 5692 7924
f 1691 5422 7654
f 1623 5056 7240
f 1713 5596 7780
f 1764 5866 8086
f 1781 5962 8194
f 1749 5776 7996
f 1677 5374 7567
f 1645 5205 7369
f 1703 5553 7711
f 1725 5685 7852
f 1674 5350 7546
f 1638 5146 7330
f 1695 5505 7672
f 1732 5710 7888
f 1752 5806 8017
f 1690 5458 7639
f 1777 5980 8158
f 1759 5889 8050
f 1717 5637 7798
f 1630 5115 7279
f 2191 6094 8453
f 1885 6070 8309
f 1901 6075 8273
f 2279 6111 8381
f 2315 6129 8435
f 2171 6147 8507
f 2160 6352 9171
f 2016 6262 8865
f 2214 6382 9243
f 1919 6159 8525
f 2137 6292 9047
f 1978 6196 8739
f 1991 6207 8669
f 2225 6309 8975
f 2302 6327 9029
f 2178 6358 9155
f 2153 6237 8759
f 2009 6249 8777
f 2207 6369 9189
f 1926 6172 8595
f 1857 5043 7209
f 1803 4995 7155
f 1786 4983 7139
f 1822 5019 7175
f 1840 5037 7193
f 1876 5091 7247
f 2182 5499 7661
f 2312 6039 8201
f 2276 5937 8093
f 1898 5631 7787
f 2091 5313 7479
f 2037 5265 7425
f 1952 5253 7409
f 2056 5289 7445
f 2074 5307 7463
f 2128 5397 7553
f 1966 5181 7337
f 1988 5523 7679
f 2222 5745 7895
f 2293 5853 8019
f 2185 6021 8181
f 1879 5445 7605
f 1893 5103 7263
f 2271 5673 7839
f 2307 5943 8109
f 2163 5481 7641
f 2150 6015 8165
f 2006 5907 8057
f 2204 5655 7805
f 1911 5121 7281
f 2131 5829 7983
f 1969 5337 7497
f 1983 5193 7353
f 2217 5571 7731
f 2290 5769 7931
f 2168 5847 8003
f 2145 5403 7569
f 2001 5211 7371
f 2199 5559 7713
f 1916 5703 7859
f 1808 5433 7589
f 1789 5067 7227
f 1825 5607 7767
f 1843 5877 8037
f 1862 5973 8129
f 1933 5787 7947
f 2110 5385 7535
f 2020 5229 7391
f 2236 5589 7751
f 2257 5751 7911
f 2042 5361 7517
f 1947 5157 7317
f 2059 5535 7695
f 2077 5721 7875
f 2096 5817 7967
f 2113 5469 7623
f 2023 5991 8145
f 2239 5919 8073
f 2254 5667 7823
f 1930 5139 7301
f 1818 6082 8325
f 1798 6046 8253
f 1834 6064 8361
f 1852 6106 8415
f 1872 6124 8469
f 1942 6142 8613
f 2120 6345 9099
f 2030 6267 8831
f 2248 6387 9209
f 2263 6166 8579
f 2052 6280 8937
f 1955 6189 8649
f 2065 6220 8795
f 2086 6304 9009
f 2106 6322 9063
f 2122 6334 9117
f 2032 6232 8883
f 2245 6256 8849
f 2266 6393 9227
f 1940 6177 8561
f 1813 5002 8284
f 1792 4978 8212
f 1828 5014 8232
f 1846 5032 8340
f 1867 5050 8394
f 1936 5134 8484
f 2123 5476 9130
f 2033 5998 8896
f 2249 5926 9274
f 2260 5662 8538
f 2049 5272 8914
f 1959 5248 8680
f 2062 5284 8700
f 2080 5302 8952
f 2101 5320 8988
f 2116 5380 9076
f 2026 5224 8718
f 2242 5584 8808
f 2267 5758 9258
f 1943 5794 8626
f 1869 5968 8446
f 1815 5428 8302
f 1799 5074 8266
f 1835 5614 8374
f 1853 5884 8428
f 1889 5452 8500
f 2195 6028 9168
f 2319 5950 8862
f 2283 5680 9240
f 1905 5110 8518
f 2103 5812 9040
f 2046 5356 8736
f 1957 5164 8662
f 2069 5542 8968
f 2087 5728 9022
f 2141 5836 9148
f 1979 5344 8752
f 1993 5200 8770
f 2229 5578 9186
f 2296 5764 8592
f 2188 5494 8322
f 1882 5086 8250
f 1902 5626 8358
f 2280 5932 8412
f 2316 6034 8466
f 2172 5842 8610
f 2157 5410 9096
f 2011 5218 8824
f 2209 5566 9202
f 1923 5698 8572
f 2134 5392 8934
f 1972 5176 8646
f 1995 5518 8788
f 2226 5740 9006
f 2303 5860 9060
f 2175 5488 9114
f 2154 6010 8880
f 2013 5902 8842
f 2211 5650 9220
f 1921 5128 8554
f 1865 6087 8291
f 1811 6051 8219
f 1796 6057 8235
f 1832 6099 8343
f 1850 6117 8397
f 1888 6135 8487
f 2194 6363 9137
f 2322 6274 8903
f 2286 6400 9281
f 1908 6154 8541
f 2099 6285 8921
f 2045 6213 8687
f 1962 6202 8703
f 2068 6297 8955
f 2084 6315 8991
f 2140 6339 9083
f 1976 6225 8721
f 1998 6244 8811
f 2232 6376 9261
f 2299 6184 8633
f 2330 4992 7205
f 2324 4968 7151
f 2325 4973 7136
f 2332 5009 7172
f 2335 5027 7190
f 2344 5081 7244
f 2410 5466 7658
f 2497 5988 8198
f 2486 5916 8090
f 2434 5621 7784
f 2375 5262 7475
f 2369 5238 7421
f 2370 5243 7406
f 2377 5279 7442
f 2380 5297 7460
f 2393 5370 7550
f 2359 5171 7334
f 2415 5513 7676
f 2455 5735 7892
f 2461 5784 8015
f 2489 5958 8177
f 2399 5418 7601
f 2341 5064 7259
f 2431 5604 7835
f 2476 5874 8105
f 2405 5442 7637
f 2500 6005 8162
f 2481 5897 8054
f 2439 5645 7802
f 2348 5100 7277
f 2465 5802 7979
f 2383 5327 7493
f 2356 5154 7349
f 2420 5532 7727
f 2452 5718 7928
f 2471 5826 8000
f 2386 5334 7565
f 2363 5190 7367
f 2422 5549 7709
f 2445 5693 7856
f 2400 5423 7586
f 2338 5057 7223
f 2428 5597 7763
f 2473 5867 8033
f 2490 5963 8126
f 2458 5777 7943
f 2394 5375 7532
f 2366 5208 7388
f 2425 5556 7748
f 2444 5688 7907
f 2389 5351 7514
f 2353 5147 7313
f 2414 5508 7691
f 2449 5711 7871
f 2466 5807 7964
f 2407 5459 7619
f 2494 5981 8141
f 2480 5892 8069
f 2438 5640 7820
f 2351 5118 7298
f 2510 6095 8328
f 2504 6071 8256
f 2508 6078 8364
f 2514 6114 8418
f 2517 6132 8472
f 2520 6150 8616
f 2554 6353 9102
f 2539 6263 8830
f 2560 6383 9208
f 2523 6162 8578
f 2543 6293 8940
f 2527 6197 8652
f 2532 6210 8794
f 2547 6312 9012
f 2550 6330 9066
f 2552 6359 9120
f 2535 6240 8886
f 2538 6252 8848
f 2558 6372 9226
f 2524 6173 8560
f 1607 3549 9290
f 1603 3531 9284
f 1604 3526 9285
f 1610 3538 9292
f 1613 3544 9295
f 1622 3562 9304
f 1686 3700 9370
f 1773 3880 9457
f 1761 3844 9446
f 1712 3742 9394
f 1652 3639 9335
f 1648 3621 9329
f 1649 3616 9330
f 1655 3628 9337
f 1658 3634 9340
f 1670 3664 9353
f 1637 3592 9319
f 1694 3706 9375
f 1731 3778 9415
f 1739 3819 9421
f 1768 3873 9449
f 1678 3681 9359
f 1619 3567 9301
f 1709 3759 9391
f 1754 3849 9436
f 1682 3693 9365
f 1776 3868 9460
f 1758 3832 9441
f 1716 3748 9399
f 1625 3573 9308
f 1742 3807 9425
f 1663 3645 9343
f 1634 3597 9316
f 1697 3723 9380
f 1728 3790 9412
f 1746 3814 9431
f 1664 3669 9346
f 1640 3603 9323
f 1700 3717 9382
f 1724 3766 9405
f 1679 3676 9360
f 1618 3555 9298
f 1708 3735 9388
f 1753 3825 9433
f 1769 3856 9450
f 1738 3795 9418
f 1671 3658 9354
f 1643 3610 9326
f 1701 3730 9385
f 1723 3783 9404
f 1667 3652 9349
f 1633 3585 9313
f 1693 3711 9374
f 1727 3771 9409
f 1743 3802 9426
f 1685 3687 9367
f 1772 3861 9454
f 1757 3837 9440
f 1715 3754 9398
f 1628 3580 9311
f 2187 4690 9871
f 1881 4078 9565
f 1899 4120 9584
f 2277 4876 9962
f 2313 4948 9998
f 2169 4660 9854
f 2156 4630 9838
f 2010 4336 9694
f 2208 4732 9892
f 1917 4162 9602
f 2133 4582 9817
f 1971 4258 9655
f 1989 4306 9674
f 2223 4768 9908
f 2300 4924 9983
f 2174 4666 9856
f 2151 4624 9836
f 2007 4342 9692
f 2205 4738 9890
f 1920 4156 9604
f 1855 4041 9536
f 1801 3933 9482
f 1784 3903 9466
f 1820 3975 9502
f 1838 4011 9520
f 1874 4089 9556
f 2180 4701 9862
f 2310 4959 9994
f 2274 4887 9958
f 1896 4131 9580
f 2089 4509 9770
f 2035 4401 9716
f 1950 4239 9634
f 2054 4449 9736
f 2072 4479 9754
f 2126 4593 9808
f 1964 4263 9646
f 1986 4311 9670
f 2220 4779 9904
f 2291 4911 9974
f 2183 4695 9866
f 1877 4083 9560
f 1891 4113 9572
f 2269 4869 9950
f 2305 4941 9986
f 2161 4653 9842
f 2148 4635 9832
f 2004 4347 9688
f 2202 4743 9886
f 1909 4149 9590
f 2129 4587 9812
f 1967 4269 9650
f 1981 4293 9662
f 2215 4761 9896
f 2288 4917 9970
f 2166 4671 9850
f 2143 4617 9824
f 1999 4329 9680
f 2197 4725 9878
f 1914 4167 9598
f 1806 3951 9490
f 1787 3909 9470
f 1823 3981 9506
f 1841 4017 9524
f 1860 4059 9544
f 1931 4197 9614
f 2108 4551 9790
f 2018 4371 9700
f 2234 4809 9916
f 2255 4839 9938
f 2040 4419 9724
f 1945 4221 9626
f 2057 4443 9740
f 2075 4485 9758
f 2094 4527 9778
f 2111 4557 9794
f 2021 4377 9704
f 2237 4803 9920
f 2252 4845 9934
f 1928 4191 9610
f 1812 3940 9496
f 1791 3898 9475
f 1827 3970 9511
f 1845 4006 9529
f 1866 4048 9550
f 1935 4186 9619
f 2118 4564 9803
f 2028 4384 9713
f 2246 4816 9929
f 2259 4834 9943
f 2048 4414 9730
f 1953 4234 9638
f 2061 4438 9745
f 2079 4474 9763
f 2100 4516 9784
f 2115 4546 9799
f 2025 4366 9709
f 2241 4798 9925
f 2264 4852 9947
f 1938 4204 9623
f 1802 3922 9483
f 1783 3885 9463
f 1819 3957 9499
f 1837 3993 9517
f 1856 4030 9537
f 1927 4173 9607
f 2112 4540 9795
f 2022 4360 9705
f 2238 4792 9921
f 2251 4821 9931
f 2036 4390 9717
f 1949 4215 9631
f 2053 4425 9733
f 2071 4461 9751
f 2090 4498 9771
f 2107 4533 9787
f 2017 4353 9697
f 2233 4785 9913
f 2256 4828 9939
f 1932 4180 9615
f 1859 4035 9541
f 1805 3927 9487
f 1788 3892 9471
f 1824 3964 9507
f 1842 4000 9525
f 1878 4072 9561
f 2184 4684 9867
f 2306 4930 9987
f 2270 4858 9951
f 1892 4102 9573
f 2093 4503 9775
f 2039 4395 9721
f 1946 4210 9627
f 2058 4432 9741
f 2076 4468 9759
f 2130 4576 9813
f 1968 4252 9651
f 1982 4282 9663
f 2216 4750 9897
f 2287 4893 9967
f 2179 4677 9859
f 1873 4065 9553
f 1895 4107 9577
f 2273 4863 9955
f 2309 4935 9991
f 2165 4647 9847
f 2144 4606 9825
f 2000 4318 9681
f 2198 4714 9879
f 1913 4143 9595
f 2125 4569 9805
f 1963 4245 9643
f 1985 4287 9667
f 2219 4755 9901
f 2292 4900 9975
f 2162 4642 9843
f 2147 4611 9829
f 2003 4323 9685
f 2201 4719 9883
f 1910 4138 9591
f 1863 4054 9548
f 1809 3946 9494
f 1794 3916 9479
f 1830 3988 9515
f 1848 4024 9533
f 1886 4096 9569
f 2192 4708 9875
f 2318 4954 10000
f 2282 4882 9964
f 1904 4126 9586
f 2097 4522 9782
f 2043 4408 9728
f 1956 4228 9640
f 2066 4456 9749
f 2082 4492 9767
f 2138 4600 9821
f 1974 4276 9659
f 1992 4300 9676
f 2228 4774 9910
f 2295 4906 9979
f 2331 5004 10010
f 2327 4980 10004
f 2328 5016 10008
f 2334 5034 10014
f 2337 5052 10017
f 2346 5136 10026
f 2412 5478 10091
f 2499 6000 10178
f 2487 5928 10166
f 2436 5664 10116
f 2376 5274 10055
f 2372 5250 10049
f 2373 5286 10053
f 2379 5304 10059
f 2382 5322 10062
f 2396 5382 10073
f 2361 5226 10041
f 2418 5586 10098
f 2457 5760 10137
f 2463 5796 10142
f 2492 5970 10169
f 2402 5430 10079
f 2343 5076 10022
f 2433 5616 10112
f 2478 5886 10157
f 2406 5454 10085
f 2502 6030 10182
f 2484 5952 10164
f 2442 5682 10122
f 2349 5112 10028
f 2468 5814 10145
f 2387 5358 10065
f 2358 5166 10037
f 2421 5544 10100
f 2454 5730 10133
f 2472 5838 10151
f 2388 5346 10067
f 2364 5202 10043
f 2426 5580 10104
f 2448 5766 10128
f 2403 5496 10083
f 2342 5088 10020
f 2432 5628 10110
f 2477 5934 10155
f 2493 6036 10173
f 2462 5844 10140
f 2397 5412 10077
f 2367 5220 10046
f 2427 5568 10106
f 2447 5700 10124
f 2391 5394 10071
f 2357 5178 10035
f 2417 5520 10094
f 2453 5742 10131
f 2469 5862 10149
f 2411 5490 10089
f 2498 6012 10176
f 2483 5904 10160
f 2441 5652 10118
f 2352 5130 10031
f 2509 6089 10190
f 2503 6053 10184
f 2506 6059 10186
f 2512 6101 10192
f 2515 6119 10195
f 2518 6137 10198
f 2555 6365 10236
f 2541 6276 10221
f 2562 6402 10242
f 2522 6156 10201
f 2542 6287 10223
f 2528 6215 10209
f 2531 6204 10210
f 2545 6299 10225
f 2548 6317 10228
f 2551 6341 10232
f 2533 6227 10213
f 2537 6246 10216
f 2559 6378 10238
f 2526 6186 10206
f 647 6416 6407
f 644 6408 6403
f 643 6406 6404
f 645 6412 6410
f 646 6415 6413
f 649 6424 6422
f 672 6492 6486
f 702 6582 6573
f 696 6565 6561
f 679 6514 6512
f 662 6461 6452
f 659 6453 6448
f 658 6451 6449
f 660 6457 6455
f 661 6460 6458
f 666 6475 6470
f 654 6439 6437
f 673 6496 6494
f 685 6533 6531
f 692 6551 6539
f 701 6579 6568
f 669 6483 6478
f 650 6426 6419
f 682 6521 6509
f 697 6566 6554
f 671 6489 6482
f 700 6578 6576
f 694 6560 6558
f 680 6518 6516
f 651 6429 6425
f 690 6547 6542
f 663 6465 6463
f 655 6441 6434
f 676 6504 6497
f 687 6537 6528
f 691 6550 6546
f 667 6476 6464
f 656 6444 6440
f 675 6502 6500
f 683 6526 6524
f 668 6481 6479
f 648 6420 6418
f 678 6510 6508
f 693 6555 6553
f 698 6571 6569
f 688 6540 6538
f 665 6473 6471
f 657 6447 6443
f 677 6507 6501
f 686 6534 6523
f 664 6469 6467
f 653 6435 6433
f 674 6498 6493
f 684 6529 6527
f 689 6545 6543
f 670 6487 6485
f 699 6574 6572
f 695 6562 6557
f 681 6520 6515
f 652 6432 6428
f 837 6989 6987
f 735 6683 6681
f 742 6703 6699
f 868 7081 7077
f 880 7117 7113
f 832 6973 6969
f 827 6958 6956
f 778 6812 6810
f 844 7010 7008
f 749 6724 6717
f 819 6935 6933
f 765 6773 6771
f 773 6796 6789
f 850 7027 7023
f 876 7104 7100
f 833 6976 6974
f 826 6955 6951
f 779 6814 6807
f 845 7012 7005
f 748 6722 6720
f 729 6664 6655
f 711 6610 6601
f 706 6595 6584
f 718 6631 6620
f 724 6649 6638
f 737 6687 6674
f 839 6993 6980
f 882 7121 7110
f 870 7085 7074
f 744 6707 6696
f 807 6898 6889
f 789 6844 6835
f 762 6761 6750
f 797 6867 6854
f 802 6883 6872
f 821 6939 6926
f 766 6775 6764
f 774 6797 6786
f 852 7031 7020
f 874 7098 7091
f 838 6990 6983
f 736 6684 6677
f 741 6700 6691
f 867 7078 7069
f 879 7114 7105
f 831 6970 6961
f 828 6959 6948
f 780 6815 6804
f 846 7013 7002
f 747 6718 6709
f 820 6936 6929
f 767 6777 6767
f 771 6790 6781
f 849 7024 7015
f 875 7101 7088
f 834 6977 6966
f 825 6952 6943
f 777 6808 6799
f 843 7006 6997
f 750 6725 6714
f 714 6617 6606
f 707 6597 6587
f 719 6633 6623
f 725 6651 6641
f 732 6671 6660
f 755 6741 6731
f 814 6919 6908
f 784 6829 6818
f 857 7047 7034
f 862 7062 7055
f 792 6851 6840
f 759 6754 6745
f 796 6864 6857
f 803 6885 6875
f 810 6905 6894
f 815 6921 6911
f 785 6831 6821
f 856 7044 7037
f 863 7065 7052
f 754 6739 6728
f 712 6614 6612
f 705 6593 6591
f 717 6629 6627
f 723 6647 6645
f 730 6668 6666
f 753 6737 6735
f 816 6924 6918
f 786 6834 6828
f 858 7050 7046
f 861 7061 7059
f 791 6850 6848
f 761 6760 6753
f 795 6863 6861
f 801 6881 6879
f 808 6902 6900
f 813 6917 6915
f 783 6827 6825
f 855 7043 7041
f 864 7068 7064
f 756 6744 6738
f 709 6604 6602
f 703 6585 6583
f 715 6621 6619
f 721 6639 6637
f 727 6658 6656
f 751 6729 6727
f 812 6914 6912
f 782 6824 6822
f 854 7040 7038
f 859 7053 7051
f 787 6838 6836
f 758 6751 6749
f 793 6855 6853
f 799 6873 6871
f 805 6892 6890
f 811 6909 6907
f 781 6819 6817
f 853 7035 7033
f 860 7058 7056
f 752 6734 6732
f 728 6661 6659
f 710 6607 6605
f 704 6590 6588
f 716 6626 6624
f 722 6644 6642
f 734 6680 6678
f 836 6986 6984
f 877 7108 7106
f 865 7072 7070
f 739 6694 6692
f 806 6895 6893
f 788 6841 6839
f 757 6748 6746
f 794 6860 6858
f 800 6878 6876
f 818 6932 6930
f 764 6770 6768
f 769 6784 6782
f 847 7018 7016
f 871 7089 7087
f 835 6981 6979
f 733 6675 6673
f 740 6697 6695
f 866 7075 7073
f 878 7111 7109
f 830 6967 6965
f 823 6946 6944
f 775 6802 6800
f 841 7000 6998
f 746 6715 6713
f 817 6927 6925
f 763 6765 6763
f 770 6787 6785
f 848 7021 7019
f 872 7094 7092
f 829 6964 6962
f 824 6949 6947
f 776 6805 6803
f 842 7003 7001
f 745 6712 6710
f 731 6670 6663
f 713 6616 6609
f 708 6600 6594
f 720 6636 6630
f 726 6654 6648
f 738 6690 6686
f 840 6996 6992
f 881 7120 7118
f 869 7084 7082
f 743 6706 6704
f 809 6904 6897
f 790 6847 6843
f 760 6758 6756
f 798 6870 6866
f 804 6888 6882
f 822 6942 6938
f 768 6780 6774
f 772 6794 6792
f 851 7030 7028
f 873 7097 7095
f 1269 8285 8283
f 1245 8213 8211
f 1252 8233 8229
f 1288 8341 8337
f 1306 8395 8391
f 1336 8485 8481
f 1551 9131 9129
f 1473 8897 8895
f 1599 9275 9273
f 1354 8539 8535
f 1479 8915 8913
f 1401 8681 8679
f 1408 8701 8697
f 1492 8953 8949
f 1504 8989 8985
f 1533 9077 9075
f 1414 8719 8715
f 1444 8809 8805
f 1594 9259 9255
f 1383 8627 8625
f 1323 8447 8445
f 1275 8303 8301
f 1263 8267 8265
f 1299 8375 8373
f 1317 8429 8427
f 1341 8501 8499
f 1564 9169 9165
f 1462 8863 8859
f 1588 9241 9237
f 1347 8519 8517
f 1521 9041 9039
f 1420 8737 8733
f 1395 8663 8661
f 1497 8969 8967
f 1515 9023 9021
f 1557 9149 9147
f 1425 8753 8751
f 1431 8771 8769
f 1570 9187 9183
f 1372 8593 8589
f 1282 8323 8319
f 1258 8251 8247
f 1294 8359 8355
f 1312 8413 8409
f 1330 8467 8463
f 1378 8611 8607
f 1540 9097 9093
f 1449 8825 8823
f 1575 9203 9201
f 1365 8573 8571
f 1486 8935 8931
f 1390 8647 8643
f 1437 8789 8787
f 1510 9007 9003
f 1528 9061 9057
f 1546 9115 9111
f 1468 8881 8877
f 1455 8843 8841
f 1581 9221 9219
f 1359 8555 8553
f 1272 8292 8288
f 1248 8220 8216
f 1253 8236 8234
f 1289 8344 8342
f 1307 8398 8396
f 1337 8488 8486
f 1554 9138 9134
f 1476 8904 8900
f 1602 9282 9278
f 1355 8542 8540
f 1482 8922 8918
f 1404 8688 8684
f 1409 8704 8702
f 1493 8956 8954
f 1505 8992 8990
f 1536 9084 9080
f 1415 8722 8720
f 1445 8812 8810
f 1595 9262 9260
f 1386 8634 8630
f 909 7204 7195
f 891 7150 7141
f 886 7135 7124
f 898 7171 7160
f 904 7189 7178
f 922 7243 7232
f 1060 7657 7646
f 1240 8197 8186
f 1204 8089 8078
f 1102 7783 7772
f 999 7474 7465
f 981 7420 7411
f 976 7405 7394
f 988 7441 7430
f 994 7459 7448
f 1024 7549 7538
f 952 7333 7322
f 1066 7675 7664
f 1138 7891 7880
f 1179 8014 8005
f 1233 8176 8167
f 1041 7600 7591
f 927 7258 7249
f 1119 7834 7825
f 1209 8104 8095
f 1053 7636 7627
f 1228 8161 8150
f 1192 8053 8042
f 1108 7801 7790
f 933 7276 7267
f 1167 7978 7969
f 1005 7492 7483
f 957 7348 7339
f 1083 7726 7717
f 1150 7927 7916
f 1174 7999 7988
f 1029 7564 7555
f 963 7366 7357
f 1077 7708 7699
f 1126 7855 7844
f 1036 7585 7574
f 915 7222 7213
f 1095 7762 7753
f 1185 8032 8023
f 1216 8125 8114
f 1155 7942 7933
f 1018 7531 7520
f 970 7387 7376
f 1090 7747 7736
f 1143 7906 7897
f 1012 7513 7502
f 945 7312 7303
f 1071 7690 7681
f 1131 7870 7861
f 1162 7963 7952
f 1047 7618 7609
f 1221 8140 8131
f 1197 8068 8059
f 1114 7819 7808
f 940 7297 7286
f 1284 8327 8316
f 1260 8255 8244
f 1296 8363 8352
f 1314 8417 8406
f 1332 8471 8460
f 1380 8615 8604
f 1542 9101 9090
f 1451 8829 8816
f 1577 9207 9194
f 1367 8577 8564
f 1488 8939 8928
f 1392 8651 8640
f 1439 8793 8780
f 1512 9011 9000
f 1530 9065 9054
f 1548 9119 9108
f 1470 8885 8874
f 1457 8847 8834
f 1583 9225 9212
f 1361 8559 8546
f 1270 8286 8279
f 1246 8214 8207
f 1251 8230 8221
f 1287 8338 8329
f 1305 8392 8383
f 1335 8482 8473
f 1552 9132 9125
f 1474 8898 8891
f 1600 9276 9269
f 1353 8536 8527
f 1480 8916 8909
f 1402 8682 8675
f 1407 8698 8689
f 1491 8950 8941
f 1503 8986 8977
f 1534 9078 9071
f 1413 8716 8707
f 1443 8806 8797
f 1593 9256 9247
f 1384 8628 8621
f 1324 8448 8441
f 1276 8304 8297
f 1264 8268 8261
f 1300 8376 8369
f 1318 8430 8423
f 1342 8502 8495
f 1563 9166 9157
f 1461 8860 8851
f 1587 9238 9229
f 1348 8520 8513
f 1522 9042 9035
f 1419 8734 8725
f 1396 8664 8657
f 1498 8970 8963
f 1516 9024 9017
f 1558 9150 9143
f 1426 8754 8747
f 1432 8772 8765
f 1569 9184 9175
f 1371 8590 8581
f 1281 8320 8311
f 1257 8248 8239
f 1293 8356 8347
f 1311 8410 8401
f 1329 8464 8455
f 1377 8608 8599
f 1539 9094 9085
f 1450 8826 8819
f 1576 9204 9197
f 1366 8574 8567
f 1485 8932 8923
f 1389 8644 8635
f 1438 8790 8783
f 1509 9004 8995
f 1527 9058 9049
f 1545 9112 9103
f 1467 8878 8869
f 1456 8844 8837
f 1582 9222 9215
f 1360 8556 8549
f 1271 8289 8276
f 1247 8217 8204
f 1254 8237 8226
f 1290 8345 8334
f 1308 8399 8388
f 1338 8489 8478
f 1553 9135 9122
f 1475 8901 8888
f 1601 9279 9266
f 1356 8543 8532
f 1481 8919 8906
f 1403 8685 8672
f 1410 8705 8694
f 1494 8957 8946
f 1506 8993 8982
f 1535 9081 9068
f 1416 8723 8712
f 1446 8813 8802
f 1596 9263 9252
f 1385 8631 8618
f 894 7157 7146
f 887 7137 7127
f 899 7173 7163
f 905 7191 7181
f 912 7211 7200
f 941 7299 7289
f 1050 7625 7614
f 1224 8147 8136
f 1200 8075 8064
f 1115 7821 7811
f 984 7427 7416
f 977 7407 7397
f 989 7443 7433
f 995 7461 7451
f 1002 7481 7470
f 1019 7533 7523
f 971 7389 7379
f 1091 7749 7739
f 1146 7913 7902
f 1158 7949 7938
f 1217 8127 8117
f 1037 7587 7577
f 918 7229 7218
f 1098 7769 7758
f 1188 8039 8028
f 1044 7607 7596
f 1236 8183 8172
f 1212 8111 8100
f 1122 7841 7830
f 930 7265 7254
f 1163 7965 7955
f 1013 7515 7505
f 948 7319 7308
f 1074 7697 7686
f 1134 7877 7866
f 1170 7985 7974
f 1008 7499 7488
f 960 7355 7344
f 1086 7733 7722
f 1151 7929 7919
f 1061 7659 7649
f 923 7245 7235
f 1103 7785 7775
f 1205 8091 8081
f 1241 8199 8189
f 1175 8001 7991
f 1032 7571 7560
f 966 7373 7362
f 1080 7715 7704
f 1127 7857 7847
f 1025 7551 7541
f 953 7335 7325
f 1067 7677 7667
f 1139 7893 7883
f 1182 8021 8010
f 1056 7643 7632
f 1229 8163 8153
f 1193 8055 8045
f 1109 7803 7793
f 936 7283 7272
f 1325 8451 8438
f 1277 8307 8294
f 1265 8271 8258
f 1301 8379 8366
f 1319 8433 8420
f 1343 8505 8492
f 1566 9173 9162
f 1464 8867 8856
f 1590 9245 9234
f 1349 8523 8510
f 1523 9045 9032
f 1422 8741 8730
f 1397 8667 8654
f 1499 8973 8960
f 1517 9027 9014
f 1559 9153 9140
f 1427 8757 8744
f 1433 8775 8762
f 1572 9191 9180
f 1374 8597 8586
f 892 7154 7152
f 885 7133 7131
f 897 7169 7167
f 903 7187 7185
f 910 7208 7206
f 939 7295 7293
f 1048 7622 7620
f 1222 8144 8142
f 1198 8072 8070
f 1113 7817 7815
f 982 7424 7422
f 975 7403 7401
f 987 7439 7437
f 993 7457 7455
f 1000 7478 7476
f 1017 7529 7527
f 969 7385 7383
f 1089 7745 7743
f 1144 7910 7908
f 1156 7946 7944
f 1215 8123 8121
f 1035 7583 7581
f 916 7226 7224
f 1096 7766 7764
f 1186 8036 8034
f 1042 7604 7602
f 1234 8180 8178
f 1210 8108 8106
f 1120 7838 7836
f 928 7262 7260
f 1161 7961 7959
f 1011 7511 7509
f 946 7316 7314
f 1072 7694 7692
f 1132 7874 7872
f 1168 7982 7980
f 1006 7496 7494
f 958 7352 7350
f 1084 7730 7728
f 1149 7925 7923
f 1059 7655 7653
f 921 7241 7239
f 1101 7781 7779
f 1203 8087 8085
f 1239 8195 8193
f 1173 7997 7995
f 1030 7568 7566
f 964 7370 7368
f 1078 7712 7710
f 1125 7853 7851
f 1023 7547 7545
f 951 7331 7329
f 1065 7673 7671
f 1137 7889 7887
f 1180 8018 8016
f 1054 7640 7638
f 1227 8159 8157
f 1191 8051 8049
f 1107 7799 7797
f 934 7280 7278
f 1326 8454 8450
f 1278 8310 8306
f 1266 8274 8270
f 1302 8382 8378
f 1320 8436 8432
f 1344 8508 8504
f 1565 9172 9170
f 1463 8866 8864
f 1589 9244 9242
f 1350 8526 8522
f 1524 9048 9044
f 1421 8740 8738
f 1398 8670 8666
f 1500 8976 8972
f 1518 9030 9026
f 1560 9156 9152
f 1428 8760 8756
f 1434 8778 8774
f 1571 9190 9188
f 1373 8596 8594
f 889 7144 7142
f 883 7125 7123
f 895 7161 7159
f 901 7179 7177
f 907 7198 7196
f 937 7287 7285
f 1045 7612 7610
f 1219 8134 8132
f 1195 8062 8060
f 1111 7809 7807
f 979 7414 7412
f 973 7395 7393
f 985 7431 7429
f 991 7449 7447
f 997 7468 7466
f 1015 7521 7519
f 967 7377 7375
f 1087 7737 7735
f 1141 7900 7898
f 1153 7936 7934
f 1213 8115 8113
f 1033 7575 7573
f 913 7216 7214
f 1093 7756 7754
f 1183 8026 8024
f 1039 7594 7592
f 1231 8170 8168
f 1207 8098 8096
f 1117 7828 7826
f 925 7252 7250
f 1159 7953 7951
f 1009 7503 7501
f 943 7306 7304
f 1069 7684 7682
f 1129 7864 7862
f 1165 7972 7970
f 1003 7486 7484
f 955 7342 7340
f 1081 7720 7718
f 1147 7917 7915
f 1057 7647 7645
f 919 7233 7231
f 1099 7773 7771
f 1201 8079 8077
f 1237 8187 8185
f 1171 7989 7987
f 1027 7558 7556
f 961 7360 7358
f 1075 7702 7700
f 1123 7845 7843
f 1021 7539 7537
f 949 7323 7321
f 1063 7665 7663
f 1135 7881 7879
f 1177 8008 8006
f 1051 7630 7628
f 1225 8151 8149
f 1189 8043 8041
f 1105 7791 7789
f 931 7270 7268
f 1322 8444 8442
f 1274 8300 8298
f 1262 8264 8262
f 1298 8372 8370
f 1316 8426 8424
f 1340 8498 8496
f 1561 9160 9158
f 1459 8854 8852
f 1585 9232 9230
f 1346 8516 8514
f 1520 9038 9036
f 1417 8728 8726
f 1394 8660 8658
f 1496 8966 8964
f 1514 9020 9018
f 1556 9146 9144
f 1424 8750 8748
f 1430 8768 8766
f 1567 9178 9176
f 1369 8584 8582
f 908 7201 7199
f 890 7147 7145
f 884 7130 7128
f 896 7166 7164
f 902 7184 7182
f 920 7238 7236
f 1058 7652 7650
f 1238 8192 8190
f 1202 8084 8082
f 1100 7778 7776
f 998 7471 7469
f 980 7417 7415
f 974 7400 7398
f 986 7436 7434
f 992 7454 7452
f 1022 7544 7542
f 950 7328 7326
f 1064 7670 7668
f 1136 7886 7884
f 1178 8011 8009
f 1232 8173 8171
f 1040 7597 7595
f 926 7255 7253
f 1118 7831 7829
f 1208 8101 8099
f 1052 7633 7631
f 1226 8156 8154
f 1190 8048 8046
f 1106 7796 7794
f 932 7273 7271
f 1166 7975 7973
f 1004 7489 7487
f 956 7345 7343
f 1082 7723 7721
f 1148 7922 7920
f 1172 7994 7992
f 1028 7561 7559
f 962 7363 7361
f 1076 7705 7703
f 1124 7850 7848
f 1034 7580 7578
f 914 7219 7217
f 1094 7759 7757
f 1184 8029 8027
f 1214 8120 8118
f 1154 7939 7937
f 1016 7526 7524
f 968 7382 7380
f 1088 7742 7740
f 1142 7903 7901
f 1010 7508 7506
f 944 7309 7307
f 1070 7687 7685
f 1130 7867 7865
f 1160 7958 7956
f 1046 7615 7613
f 1220 8137 8135
f 1196 8065 8063
f 1112 7814 7812
f 938 7292 7290
f 1279 8314 8312
f 1255 8242 8240
f 1291 8350 8348
f 1309 8404 8402
f 1327 8458 8456
f 1375 8602 8600
f 1537 9088 9086
f 1448 8822 8820
f 1574 9200 9198
f 1364 8570 8568
f 1483 8926 8924
f 1387 8638 8636
f 1436 8786 8784
f 1507 8998 8996
f 1525 9052 9050
f 1543 9106 9104
f 1465 8872 8870
f 1454 8840 8838
f 1580 9218 9216
f 1358 8552 8550
f 1267 8277 8275
f 1243 8205 8203
f 1250 8227 8225
f 1286 8335 8333
f 1304 8389 8387
f 1334 8479 8477
f 1549 9123 9121
f 1471 8889 8887
f 1597 9267 9265
f 1352 8533 8531
f 1477 8907 8905
f 1399 8673 8671
f 1406 8695 8693
f 1490 8947 8945
f 1502 8983 8981
f 1531 9069 9067
f 1412 8713 8711
f 1442 8803 8801
f 1592 9253 9251
f 1381 8619 8617
f 1321 8439 8437
f 1273 8295 8293
f 1261 8259 8257
f 1297 8367 8365
f 1315 8421 8419
f 1339 8493 8491
f 1562 9163 9161
f 1460 8857 8855
f 1586 9235 9233
f 1345 8511 8509
f 1519 9033 9031
f 1418 8731 8729
f 1393 8655 8653
f 1495 8961 8959
f 1513 9015 9013
f 1555 9141 9139
f 1423 8745 8743
f 1429 8763 8761
f 1568 9181 9179
f 1370 8587 8585
f 1280 8317 8315
f 1256 8245 8243
f 1292 8353 8351
f 1310 8407 8405
f 1328 8461 8459
f 1376 8605 8603
f 1538 9091 9089
f 1447 8817 8815
f 1573 9195 9193
f 1363 8565 8563
f 1484 8929 8927
f 1388 8641 8639
f 1435 8781 8779
f 1508 9001 8999
f 1526 9055 9053
f 1544 9109 9107
f 1466 8875 8873
f 1453 8835 8833
f 1579 9213 9211
f 1357 8547 8545
f 1268 8282 8280
f 1244 8210 8208
f 1249 8224 8222
f 1285 8332 8330
f 1303 8386 8384
f 1333 8476 8474
f 1550 9128 9126
f 1472 8894 8892
f 1598 9272 9270
f 1351 8530 8528
f 1478 8912 8910
f 1400 8678 8676
f 1405 8692 8690
f 1489 8944 8942
f 1501 8980 8978
f 1532 9074 9072
f 1411 8710 8708
f 1441 8800 8798
f 1591 9250 9248
f 1382 8624 8622
f 911 7210 7203
f 893 7156 7149
f 888 7140 7134
f 900 7176 7170
f 906 7194 7188
f 924 7248 7242
f 1062 7662 7656
f 1242 8202 8196
f 1206 8094 8088
f 1104 7788 7782
f 1001 7480 7473
f 983 7426 7419
f 978 7410 7404
f 990 7446 7440
f 996 7464 7458
f 1026 7554 7548
f 954 7338 7332
f 1068 7680 7674
f 1140 7896 7890
f 1181 8020 8013
f 1235 8182 8175
f 1043 7606 7599
f 929 7264 7257
f 1121 7840 7833
f 1211 8110 8103
f 1055 7642 7635
f 1230 8166 8160
f 1194 8058 8052
f 1110 7806 7800
f 935 7282 7275
f 1169 7984 7977
f 1007 7498 7491
f 959 7354 7347
f 1085 7732 7725
f 1152 7932 7926
f 1176 8004 7998
f 1031 7570 7563
f 965 7372 7365
f 1079 7714 7707
f 1128 7860 7854
f 1038 7590 7584
f 917 7228 7221
f 1097 7768 7761
f 1187 8038 8031
f 1218 8130 8124
f 1157 7948 7941
f 1020 7536 7530
f 972 7392 7386
f 1092 7752 7746
f 1145 7912 7905
f 1014 7518 7512
f 947 7318 7311
f 1073 7696 7689
f 1133 7876 7869
f 1164 7968 7962
f 1049 7624 7617
f 1223 8146 8139
f 1199 8074 8067
f 1116 7824 7818
f 942 7302 7296
f 1283 8326 8324
f 1259 8254 8252
f 1295 8362 8360
f 1313 8416 8414
f 1331 8470 8468
f 1379 8614 8612
f 1541 9100 9098
f 1452 8832 8828
f 1578 9210 9206
f 1368 8580 8576
f 1487 8938 8936
f 1391 8650 8648
f 1440 8796 8792
f 1511 9010 9008
f 1529 9064 9062
f 1547 9118 9116
f 1469 8884 8882
f 1458 8850 8846
f 1584 9228 9224
f 1362 8562 8558
f 1609 9289 9291
f 1605 9283 9287
f 1611 9286 9288
f 1614 9293 9294
f 1617 9296 9297
f 1631 9305 9306
f 1688 9369 9372
f 1775 9456 9459
f 1763 9445 9447
f 1719 9395 9396
f 1654 9334 9336
f 1650 9328 9332
f 1656 9331 9333
f 1659 9338 9339
f 1662 9341 9342
f 1672 9352 9356
f 1646 9320 9321
f 1706 9376 9378
f 1735 9416 9417
f 1741 9420 9423
f 1770 9448 9452
f 1680 9358 9362
f 1621 9300 9303
f 1711 9390 9393
f 1756 9435 9438
f 1684 9364 9366
f 1780 9461 9462
f 1767 9442 9444
f 1722 9400 9402
f 1627 9307 9309
f 1744 9424 9428
f 1668 9344 9347
f 1636 9315 9318
f 1699 9379 9381
f 1730 9411 9414
f 1748 9430 9432
f 1666 9345 9348
f 1642 9322 9324
f 1705 9383 9386
f 1736 9406 9408
f 1691 9361 9363
f 1623 9299 9302
f 1713 9389 9392
f 1764 9434 9437
f 1781 9451 9453
f 1749 9419 9422
f 1677 9355 9357
f 1645 9325 9327
f 1703 9384 9387
f 1725 9403 9407
f 1674 9350 9351
f 1638 9314 9317
f 1695 9373 9377
f 1732 9410 9413
f 1752 9427 9429
f 1690 9368 9371
f 1777 9455 9458
f 1759 9439 9443
f 1717 9397 9401
f 1630 9310 9312
f 2191 9872 9873
f 1885 9566 9567
f 1901 9583 9585
f 2279 9961 9963
f 2315 9997 9999
f 2171 9853 9855
f 2160 9839 9840
f 2016 9695 9696
f 2214 9893 9894
f 1919 9601 9603
f 2137 9818 9819
f 1978 9656 9657
f 1991 9673 9675
f 2225 9907 9909
f 2302 9982 9984
f 2178 9857 9858
f 2153 9835 9837
f 2009 9691 9693
f 2207 9889 9891
f 1926 9605 9606
f 1857 9535 9539
f 1803 9481 9485
f 1786 9465 9468
f 1822 9501 9504
f 1840 9519 9522
f 1876 9555 9558
f 2182 9861 9864
f 2312 9993 9996
f 2276 9957 9960
f 1898 9579 9582
f 2091 9769 9773
f 2037 9715 9719
f 1952 9633 9636
f 2056 9735 9738
f 2074 9753 9756
f 2128 9807 9810
f 1966 9645 9648
f 1988 9669 9672
f 2222 9903 9906
f 2293 9973 9977
f 2185 9865 9869
f 1879 9559 9563
f 1893 9571 9575
f 2271 9949 9953
f 2307 9985 9989
f 2163 9841 9845
f 2150 9831 9834
f 2006 9687 9690
f 2204 9885 9888
f 1911 9589 9593
f 2131 9811 9815
f 1969 9649 9653
f 1983 9661 9665
f 2217 9895 9899
f 2290 9969 9972
f 2168 9849 9852
f 2145 9823 9827
f 2001 9679 9683
f 2199 9877 9881
f 1916 9597 9600
f 1808 9489 9492
f 1789 9469 9473
f 1825 9505 9509
f 1843 9523 9527
f 1862 9543 9546
f 1933 9613 9617
f 2110 9789 9792
f 2020 9699 9702
f 2236 9915 9918
f 2257 9937 9941
f 2042 9723 9726
f 1947 9625 9629
f 2059 9739 9743
f 2077 9757 9761
f 2096 9777 9780
f 2113 9793 9797
f 2023 9703 9707
f 2239 9919 9923
f 2254 9933 9936
f 1930 9609 9612
f 1818 9497 9498
f 1798 9476 9477
f 1834 9512 9513
f 1852 9530 9531
f 1872 9551 9552
f 1942 9620 9621
f 2120 9802 9804
f 2030 9712 9714
f 2248 9928 9930
f 2263 9944 9945
f 2052 9731 9732
f 1955 9637 9639
f 2065 9746 9747
f 2086 9764 9765
f 2106 9785 9786
f 2122 9800 9801
f 2032 9710 9711
f 2245 9926 9927
f 2266 9946 9948
f 1940 9622 9624
f 1813 9484 9486
f 1792 9464 9467
f 1828 9500 9503
f 1846 9518 9521
f 1867 9538 9540
f 1936 9608 9611
f 2123 9796 9798
f 2033 9706 9708
f 2249 9922 9924
f 2260 9932 9935
f 2049 9718 9720
f 1959 9632 9635
f 2062 9734 9737
f 2080 9752 9755
f 2101 9772 9774
f 2116 9788 9791
f 2026 9698 9701
f 2242 9914 9917
f 2267 9940 9942
f 1943 9616 9618
f 1869 9542 9545
f 1815 9488 9491
f 1799 9472 9474
f 1835 9508 9510
f 1853 9526 9528
f 1889 9562 9564
f 2195 9868 9870
f 2319 9988 9990
f 2283 9952 9954
f 1905 9574 9576
f 2103 9776 9779
f 2046 9722 9725
f 1957 9628 9630
f 2069 9742 9744
f 2087 9760 9762
f 2141 9814 9816
f 1979 9652 9654
f 1993 9664 9666
f 2229 9898 9900
f 2296 9968 9971
f 2188 9860 9863
f 1882 9554 9557
f 1902 9578 9581
f 2280 9956 9959
f 2316 9992 9995
f 2172 9848 9851
f 2157 9826 9828
f 2011 9682 9684
f 2209 9880 9882
f 1923 9596 9599
f 2134 9806 9809
f 1972 9644 9647
f 1995 9668 9671
f 2226 9902 9905
f 2303 9976 9978
f 2175 9844 9846
f 2154 9830 9833
f 2013 9686 9689
f 2211 9884 9887
f 1921 9592 9594
f 1865 9547 9549
f 1811 9493 9495
f 1796 9478 9480
f 1832 9514 9516
f 1850 9532 9534
f 1888 9568 9570
f 2194 9874 9876
f 2322 10001 10002
f 2286 9965 9966
f 1908 9587 9588
f 2099 9781 9783
f 2045 9727 9729
f 1962 9641 9642
f 2068 9748 9750
f 2084 9766 9768
f 2140 9820 9822
f 1976 9658 9660
f 1998 9677 9678
f 2232 9911 9912
f 2299 9980 9981
f 2330 10011 10009
f 2324 10005 10003
f 2325 10007 10006
f 2332 10013 10012
f 2335 10016 10015
f 2344 10025 10024
f 2410 10092 10090
f 2497 10179 10177
f 2486 10167 10165
f 2434 10115 10114
f 2375 10056 10054
f 2369 10050 10048
f 2370 10052 10051
f 2377 10058 10057
f 2380 10061 10060
f 2393 10074 10072
f 2359 10040 10039
f 2415 10097 10096
f 2455 10136 10135
f 2461 10143 10141
f 2489 10170 10168
f 2399 10080 10078
f 2341 10023 10021
f 2431 10113 10111
f 2476 10158 10156
f 2405 10086 10084
f 2500 10181 10180
f 2481 10163 10162
f 2439 10121 10120
f 2348 10029 10027
f 2465 10146 10144
f 2383 10064 10063
f 2356 10038 10036
f 2420 10101 10099
f 2452 10134 10132
f 2471 10152 10150
f 2386 10068 10066
f 2363 10044 10042
f 2422 10103 10102
f 2445 10127 10126
f 2400 10082 10081
f 2338 10019 10018
f 2428 10109 10108
f 2473 10154 10153
f 2490 10172 10171
f 2458 10139 10138
f 2394 10076 10075
f 2366 10047 10045
f 2425 10107 10105
f 2444 10125 10123
f 2389 10070 10069
f 2353 10034 10033
f 2414 10095 10093
f 2449 10130 10129
f 2466 10148 10147
f 2407 10088 10087
f 2494 10175 10174
f 2480 10161 10159
f 2438 10119 10117
f 2351 10032 10030
f 2510 10189 10191
f 2504 10183 10185
f 2508 10187 10188
f 2514 10193 10194
f 2517 10196 10197
f 2520 10199 10200
f 2554 10234 10235
f 2539 10220 10219
f 2560 10241 10240
f 2523 10203 10202
f 2543 10222 10224
f 2527 10207 10208
f 2532 10212 10211
f 2547 10226 10227
f 2550 10229 10230
f 2552 10231 10233
f 2535 10214 10215
f 2538 10218 10217
f 2558 10239 10237
f 2524 10205 10204
f 6407 2564 2567
f 6403 2563 2564
f 6404 2565 2563
f 6410 2566 2565
f 6413 2567 2566
f 6422 2572 2569
f 6486 2590 2592
f 6573 2619 2622
f 6561 2615 2616
f 6512 2601 2599
f 6452 2579 2582
f 6448 2578 2579
f 6449 2580 2578
f 6455 2581 2580
f 6458 2582 2581
f 6470 2585 2586
f 6437 2577 2574
f 6494 2597 2593
f 6531 2606 2605
f 6539 2608 2612
f 6568 2618 2621
f 6478 2588 2589
f 6419 2568 2570
f 6509 2598 2602
f 6554 2613 2617
f 6482 2589 2591
f 6576 2621 2620
f 6558 2617 2614
f 6516 2602 2600
f 6425 2570 2571
f 6542 2609 2610
f 6463 2584 2583
f 6434 2573 2575
f 6497 2594 2596
f 6528 2604 2607
f 6546 2610 2611
f 6464 2583 2587
f 6440 2575 2576
f 6500 2596 2595
f 6524 2607 2603
f 6479 2592 2588
f 6418 2569 2568
f 6508 2599 2598
f 6553 2616 2613
f 6569 2622 2618
f 6538 2611 2608
f 6471 2587 2585
f 6443 2576 2577
f 6501 2595 2597
f 6523 2603 2606
f 6467 2586 2584
f 6433 2574 2573
f 6493 2593 2594
f 6527 2605 2604
f 6543 2612 2609
f 6485 2591 2590
f 6572 2620 2619
f 6557 2614 2615
f 6515 2600 2601
f 6428 2571 2572
f 6987 2758 2757
f 6681 2656 2655
f 6699 2661 2662
f 7077 2787 2788
f 7113 2799 2800
f 6969 2751 2752
f 6956 2748 2747
f 6810 2700 2698
f 7008 2766 2764
f 6717 2667 2669
f 6933 2740 2739
f 6771 2687 2685
f 6789 2691 2693
f 7023 2769 2770
f 7100 2795 2796
f 6974 2754 2753
f 6951 2745 2746
f 6807 2697 2699
f 7005 2763 2765
f 6720 2670 2668
f 6655 2647 2649
f 6601 2629 2631
f 6584 2623 2626
f 6620 2635 2638
f 6638 2641 2644
f 6674 2653 2657
f 6980 2755 2759
f 7110 2798 2802
f 7074 2786 2790
f 6696 2660 2664
f 6889 2725 2727
f 6835 2707 2709
f 6750 2678 2682
f 6854 2713 2717
f 6872 2719 2722
f 6926 2737 2741
f 6764 2683 2686
f 6786 2690 2694
f 7020 2768 2772
f 7091 2792 2794
f 6983 2756 2758
f 6677 2654 2656
f 6691 2659 2661
f 7069 2785 2787
f 7105 2797 2799
f 6961 2749 2751
f 6948 2744 2748
f 6804 2696 2700
f 7002 2762 2766
f 6709 2665 2667
f 6929 2738 2740
f 6767 2684 2687
f 6781 2689 2691
f 7015 2767 2769
f 7088 2791 2795
f 6966 2750 2754
f 6943 2743 2745
f 6799 2695 2697
f 6997 2761 2763
f 6714 2666 2670
f 6606 2630 2634
f 6587 2624 2627
f 6623 2636 2639
f 6641 2642 2645
f 6660 2648 2652
f 6731 2672 2675
f 6908 2731 2734
f 6818 2701 2704
f 7034 2773 2777
f 7055 2780 2782
f 6840 2708 2712
f 6745 2677 2679
f 6857 2714 2716
f 6875 2720 2723
f 6894 2726 2730
f 6911 2732 2735
f 6821 2702 2705
f 7037 2774 2776
f 7052 2779 2783
f 6728 2671 2674
f 6612 2634 2632
f 6591 2627 2625
f 6627 2639 2637
f 6645 2645 2643
f 6666 2652 2650
f 6735 2675 2673
f 6918 2734 2736
f 6828 2704 2706
f 7046 2777 2778
f 7059 2782 2781
f 6848 2712 2711
f 6753 2679 2681
f 6861 2716 2715
f 6879 2723 2721
f 6900 2730 2728
f 6915 2735 2733
f 6825 2705 2703
f 7041 2776 2775
f 7064 2783 2784
f 6738 2674 2676
f 6602 2632 2629
f 6583 2625 2623
f 6619 2637 2635
f 6637 2643 2641
f 6656 2650 2647
f 6727 2673 2671
f 6912 2736 2732
f 6822 2706 2702
f 7038 2778 2774
f 7051 2781 2779
f 6836 2711 2707
f 6749 2681 2678
f 6853 2715 2713
f 6871 2721 2719
f 6890 2728 2725
f 6907 2733 2731
f 6817 2703 2701
f 7033 2775 2773
f 7056 2784 2780
f 6732 2676 2672
f 6659 2651 2648
f 6605 2633 2630
f 6588 2628 2624
f 6624 2640 2636
f 6642 2646 2642
f 6678 2658 2654
f 6984 2760 2756
f 7106 2801 2797
f 7070 2789 2785
f 6692 2663 2659
f 6893 2729 2726
f 6839 2710 2708
f 6746 2680 2677
f 6858 2718 2714
f 6876 2724 2720
f 6930 2742 2738
f 6768 2688 2684
f 6782 2692 2689
f 7016 2771 2767
f 7087 2793 2791
f 6979 2757 2755
f 6673 2655 2653
f 6695 2662 2660
f 7073 2788 2786
f 7109 2800 2798
f 6965 2752 2750
f 6944 2747 2743
f 6800 2698 2695
f 6998 2764 2761
f 6713 2669 2666
f 6925 2739 2737
f 6763 2685 2683
f 6785 2693 2690
f 7019 2770 2768
f 7092 2796 2792
f 6962 2753 2749
f 6947 2746 2744
f 6803 2699 2696
f 7001 2765 2762
f 6710 2668 2665
f 6663 2649 2651
f 6609 2631 2633
f 6594 2626 2628
f 6630 2638 2640
f 6648 2644 2646
f 6686 2657 2658
f 6992 2759 2760
f 7118 2802 2801
f 7082 2790 2789
f 6704 2664 2663
f 6897 2727 2729
f 6843 2709 2710
f 6756 2682 2680
f 6866 2717 2718
f 6882 2722 2724
f 6938 2741 2742
f 6774 2686 2688
f 6792 2694 2692
f 7028 2772 2771
f 7095 2794 2793
f 8283 3190 3189
f 8211 3166 3165
f 8229 3171 3172
f 8337 3207 3208
f 8391 3225 3226
f 8481 3255 3256
f 9129 3472 3471
f 8895 3394 3393
f 9273 3520 3519
f 8535 3273 3274
f 8913 3400 3399
f 8679 3322 3321
f 8697 3327 3328
f 8949 3411 3412
f 8985 3423 3424
f 9075 3454 3453
f 8715 3333 3334
f 8805 3363 3364
f 9255 3513 3514
f 8625 3304 3303
f 8445 3244 3243
f 8301 3196 3195
f 8265 3184 3183
f 8373 3220 3219
f 8427 3238 3237
f 8499 3262 3261
f 9165 3483 3484
f 8859 3381 3382
f 9237 3507 3508
f 8517 3268 3267
f 9039 3442 3441
f 8733 3339 3340
f 8661 3316 3315
f 8967 3418 3417
f 9021 3436 3435
f 9147 3478 3477
f 8751 3346 3345
f 8769 3352 3351
f 9183 3489 3490
f 8589 3291 3292
f 8319 3201 3202
f 8247 3177 3178
f 8355 3213 3214
f 8409 3231 3232
f 8463 3249 3250
f 8607 3297 3298
f 9093 3459 3460
f 8823 3370 3369
f 9201 3496 3495
f 8571 3286 3285
f 8931 3405 3406
f 8643 3309 3310
f 8787 3358 3357
f 9003 3429 3430
f 9057 3447 3448
f 9111 3465 3466
f 8877 3387 3388
f 8841 3376 3375
f 9219 3502 3501
f 8553 3280 3279
f 8288 3191 3192
f 8216 3167 3168
f 8234 3174 3173
f 8342 3210 3209
f 8396 3228 3227
f 8486 3258 3257
f 9134 3473 3474
f 8900 3395 3396
f 9278 3521 3522
f 8540 3276 3275
f 8918 3401 3402
f 8684 3323 3324
f 8702 3330 3329
f 8954 3414 3413
f 8990 3426 3425
f 9080 3455 3456
f 8720 3336 3335
f 8810 3366 3365
f 9260 3516 3515
f 8630 3305 3306
f 7195 2827 2829
f 7141 2809 2811
f 7124 2803 2806
f 7160 2815 2818
f 7178 2821 2824
f 7232 2839 2842
f 7646 2977 2980
f 8186 3157 3160
f 8078 3121 3124
f 7772 3019 3022
f 7465 2917 2919
f 7411 2899 2901
f 7394 2893 2896
f 7430 2905 2908
f 7448 2911 2914
f 7538 2941 2944
f 7322 2869 2872
f 7664 2983 2986
f 7880 3055 3058
f 8005 3097 3099
f 8167 3151 3153
f 7591 2959 2961
f 7249 2845 2847
f 7825 3037 3039
f 8095 3127 3129
f 7627 2971 2973
f 8150 3145 3148
f 8042 3109 3112
f 7790 3025 3028
f 7267 2851 2853
f 7969 3085 3087
f 7483 2923 2925
f 7339 2875 2877
f 7717 3001 3003
f 7916 3067 3070
f 7988 3091 3094
f 7555 2947 2949
f 7357 2881 2883
f 7699 2995 2997
f 7844 3043 3046
f 7574 2953 2956
f 7213 2833 2835
f 7753 3013 3015
f 8023 3103 3105
f 8114 3133 3136
f 7933 3073 3075
f 7520 2935 2938
f 7376 2887 2890
f 7736 3007 3010
f 7897 3061 3063
f 7502 2929 2932
f 7303 2863 2865
f 7681 2989 2991
f 7861 3049 3051
f 7952 3079 3082
f 7609 2965 2967
f 8131 3139 3141
f 8059 3115 3117
f 7808 3031 3034
f 7286 2857 2860
f 8316 3200 3204
f 8244 3176 3180
f 8352 3212 3216
f 8406 3230 3234
f 8460 3248 3252
f 8604 3296 3300
f 9090 3458 3462
f 8816 3367 3371
f 9194 3493 3497
f 8564 3283 3287
f 8928 3404 3408
f 8640 3308 3312
f 8780 3355 3359
f 9000 3428 3432
f 9054 3446 3450
f 9108 3464 3468
f 8874 3386 3390
f 8834 3373 3377
f 9212 3499 3503
f 8546 3277 3281
f 8279 3188 3190
f 8207 3164 3166
f 8221 3169 3171
f 8329 3205 3207
f 8383 3223 3225
f 8473 3253 3255
f 9125 3470 3472
f 8891 3392 3394
f 9269 3518 3520
f 8527 3271 3273
f 8909 3398 3400
f 8675 3320 3322
f 8689 3325 3327
f 8941 3409 3411
f 8977 3421 3423
f 9071 3452 3454
f 8707 3331 3333
f 8797 3361 3363
f 9247 3511 3513
f 8621 3302 3304
f 8441 3242 3244
f 8297 3194 3196
f 8261 3182 3184
f 8369 3218 3220
f 8423 3236 3238
f 8495 3260 3262
f 9157 3481 3483
f 8851 3379 3381
f 9229 3505 3507
f 8513 3266 3268
f 9035 3440 3442
f 8725 3337 3339
f 8657 3314 3316
f 8963 3416 3418
f 9017 3434 3436
f 9143 3476 3478
f 8747 3344 3346
f 8765 3350 3352
f 9175 3487 3489
f 8581 3289 3291
f 8311 3199 3201
f 8239 3175 3177
f 8347 3211 3213
f 8401 3229 3231
f 8455 3247 3249
f 8599 3295 3297
f 9085 3457 3459
f 8819 3368 3370
f 9197 3494 3496
f 8567 3284 3286
f 8923 3403 3405
f 8635 3307 3309
f 8783 3356 3358
f 8995 3427 3429
f 9049 3445 3447
f 9103 3463 3465
f 8869 3385 3387
f 8837 3374 3376
f 9215 3500 3502
f 8549 3278 3280
f 8276 3187 3191
f 8204 3163 3167
f 8226 3170 3174
f 8334 3206 3210
f 8388 3224 3228
f 8478 3254 3258
f 9122 3469 3473
f 8888 3391 3395
f 9266 3517 3521
f 8532 3272 3276
f 8906 3397 3401
f 8672 3319 3323
f 8694 3326 3330
f 8946 3410 3414
f 8982 3422 3426
f 9068 3451 3455
f 8712 3332 3336
f 8802 3362 3366
f 9252 3512 3516
f 8618 3301 3305
f 7146 2810 2814
f 7127 2804 2807
f 7163 2816 2819
f 7181 2822 2825
f 7200 2828 2832
f 7289 2858 2861
f 7614 2966 2970
f 8136 3140 3144
f 8064 3116 3120
f 7811 3032 3035
f 7416 2900 2904
f 7397 2894 2897
f 7433 2906 2909
f 7451 2912 2915
f 7470 2918 2922
f 7523 2936 2939
f 7379 2888 2891
f 7739 3008 3011
f 7902 3062 3066
f 7938 3074 3078
f 8117 3134 3137
f 7577 2954 2957
f 7218 2834 2838
f 7758 3014 3018
f 8028 3104 3108
f 7596 2960 2964
f 8172 3152 3156
f 8100 3128 3132
f 7830 3038 3042
f 7254 2846 2850
f 7955 3080 3083
f 7505 2930 2933
f 7308 2864 2868
f 7686 2990 2994
f 7866 3050 3054
f 7974 3086 3090
f 7488 2924 2928
f 7344 2876 2880
f 7722 3002 3006
f 7919 3068 3071
f 7649 2978 2981
f 7235 2840 2843
f 7775 3020 3023
f 8081 3122 3125
f 8189 3158 3161
f 7991 3092 3095
f 7560 2948 2952
f 7362 2882 2886
f 7704 2996 3000
f 7847 3044 3047
f 7541 2942 2945
f 7325 2870 2873
f 7667 2984 2987
f 7883 3056 3059
f 8010 3098 3102
f 7632 2972 2976
f 8153 3146 3149
f 8045 3110 3113
f 7793 3026 3029
f 7272 2852 2856
f 8438 3241 3245
f 8294 3193 3197
f 8258 3181 3185
f 8366 3217 3221
f 8420 3235 3239
f 8492 3259 3263
f 9162 3482 3486
f 8856 3380 3384
f 9234 3506 3510
f 8510 3265 3269
f 9032 3439 3443
f 8730 3338 3342
f 8654 3313 3317
f 8960 3415 3419
f 9014 3433 3437
f 9140 3475 3479
f 8744 3343 3347
f 8762 3349 3353
f 9180 3488 3492
f 8586 3290 3294
f 7152 2814 2812
f 7131 2807 2805
f 7167 2819 2817
f 7185 2825 2823
f 7206 2832 2830
f 7293 2861 2859
f 7620 2970 2968
f 8142 3144 3142
f 8070 3120 3118
f 7815 3035 3033
f 7422 2904 2902
f 7401 2897 2895
f 7437 2909 2907
f 7455 2915 2913
f 7476 2922 2920
f 7527 2939 2937
f 7383 2891 2889
f 7743 3011 3009
f 7908 3066 3064
f 7944 3078 3076
f 8121 3137 3135
f 7581 2957 2955
f 7224 2838 2836
f 7764 3018 3016
f 8034 3108 3106
f 7602 2964 2962
f 8178 3156 3154
f 8106 3132 3130
f 7836 3042 3040
f 7260 2850 2848
f 7959 3083 3081
f 7509 2933 2931
f 7314 2868 2866
f 7692 2994 2992
f 7872 3054 3052
f 7980 3090 3088
f 7494 2928 2926
f 7350 2880 2878
f 7728 3006 3004
f 7923 3071 3069
f 7653 2981 2979
f 7239 2843 2841
f 7779 3023 3021
f 8085 3125 3123
f 8193 3161 3159
f 7995 3095 3093
f 7566 2952 2950
f 7368 2886 2884
f 7710 3000 2998
f 7851 3047 3045
f 7545 2945 2943
f 7329 2873 2871
f 7671 2987 2985
f 7887 3059 3057
f 8016 3102 3100
f 7638 2976 2974
f 8157 3149 3147
f 8049 3113 3111
f 7797 3029 3027
f 7278 2856 2854
f 8450 3245 3246
f 8306 3197 3198
f 8270 3185 3186
f 8378 3221 3222
f 8432 3239 3240
f 8504 3263 3264
f 9170 3486 3485
f 8864 3384 3383
f 9242 3510 3509
f 8522 3269 3270
f 9044 3443 3444
f 8738 3342 3341
f 8666 3317 3318
f 8972 3419 3420
f 9026 3437 3438
f 9152 3479 3480
f 8756 3347 3348
f 8774 3353 3354
f 9188 3492 3491
f 8594 3294 3293
f 7142 2812 2809
f 7123 2805 2803
f 7159 2817 2815
f 7177 2823 2821
f 7196 2830 2827
f 7285 2859 2857
f 7610 2968 2965
f 8132 3142 3139
f 8060 3118 3115
f 7807 3033 3031
f 7412 2902 2899
f 7393 2895 2893
f 7429 2907 2905
f 7447 2913 2911
f 7466 2920 2917
f 7519 2937 2935
f 7375 2889 2887
f 7735 3009 3007
f 7898 3064 3061
f 7934 3076 3073
f 8113 3135 3133
f 7573 2955 2953
f 7214 2836 2833
f 7754 3016 3013
f 8024 3106 3103
f 7592 2962 2959
f 8168 3154 3151
f 8096 3130 3127
f 7826 3040 3037
f 7250 2848 2845
f 7951 3081 3079
f 7501 2931 2929
f 7304 2866 2863
f 7682 2992 2989
f 7862 3052 3049
f 7970 3088 3085
f 7484 2926 2923
f 7340 2878 2875
f 7718 3004 3001
f 7915 3069 3067
f 7645 2979 2977
f 7231 2841 2839
f 7771 3021 3019
f 8077 3123 3121
f 8185 3159 3157
f 7987 3093 3091
f 7556 2950 2947
f 7358 2884 2881
f 7700 2998 2995
f 7843 3045 3043
f 7537 2943 2941
f 7321 2871 2869
f 7663 2985 2983
f 7879 3057 3055
f 8006 3100 3097
f 7628 2974 2971
f 8149 3147 3145
f 8041 3111 3109
f 7789 3027 3025
f 7268 2854 2851
f 8442 3246 3242
f 8298 3198 3194
f 8262 3186 3182
f 8370 3222 3218
f 8424 3240 3236
f 8496 3264 3260
f 9158 3485 3481
f 8852 3383 3379
f 9230 3509 3505
f 8514 3270 3266
f 9036 3444 3440
f 8726 3341 3337
f 8658 3318 3314
f 8964 3420 3416
f 9018 3438 3434
f 9144 3480 3476
f 8748 3348 3344
f 8766 3354 3350
f 9176 3491 3487
f 8582 3293 3289
f 7199 2831 2828
f 7145 2813 2810
f 7128 2808 2804
f 7164 2820 2816
f 7182 2826 2822
f 7236 2844 2840
f 7650 2982 2978
f 8190 3162 3158
f 8082 3126 3122
f 7776 3024 3020
f 7469 2921 2918
f 7415 2903 2900
f 7398 2898 2894
f 7434 2910 2906
f 7452 2916 2912
f 7542 2946 2942
f 7326 2874 2870
f 7668 2988 2984
f 7884 3060 3056
f 8009 3101 3098
f 8171 3155 3152
f 7595 2963 2960
f 7253 2849 2846
f 7829 3041 3038
f 8099 3131 3128
f 7631 2975 2972
f 8154 3150 3146
f 8046 3114 3110
f 7794 3030 3026
f 7271 2855 2852
f 7973 3089 3086
f 7487 2927 2924
f 7343 2879 2876
f 7721 3005 3002
f 7920 3072 3068
f 7992 3096 3092
f 7559 2951 2948
f 7361 2885 2882
f 7703 2999 2996
f 7848 3048 3044
f 7578 2958 2954
f 7217 2837 2834
f 7757 3017 3014
f 8027 3107 3104
f 8118 3138 3134
f 7937 3077 3074
f 7524 2940 2936
f 7380 2892 2888
f 7740 3012 3008
f 7901 3065 3062
f 7506 2934 2930
f 7307 2867 2864
f 7685 2993 2990
f 7865 3053 3050
f 7956 3084 3080
f 7613 2969 2966
f 8135 3143 3140
f 8063 3119 3116
f 7812 3036 3032
f 7290 2862 2858
f 8312 3203 3199
f 8240 3179 3175
f 8348 3215 3211
f 8402 3233 3229
f 8456 3251 3247
f 8600 3299 3295
f 9086 3461 3457
f 8820 3372 3368
f 9198 3498 3494
f 8568 3288 3284
f 8924 3407 3403
f 8636 3311 3307
f 8784 3360 3356
f 8996 3431 3427
f 9050 3449 3445
f 9104 3467 3463
f 8870 3389 3385
f 8838 3378 3374
f 9216 3504 3500
f 8550 3282 3278
f 8275 3189 3187
f 8203 3165 3163
f 8225 3172 3170
f 8333 3208 3206
f 8387 3226 3224
f 8477 3256 3254
f 9121 3471 3469
f 8887 3393 3391
f 9265 3519 3517
f 8531 3274 3272
f 8905 3399 3397
f 8671 3321 3319
f 8693 3328 3326
f 8945 3412 3410
f 8981 3424 3422
f 9067 3453 3451
f 8711 3334 3332
f 8801 3364 3362
f 9251 3514 3512
f 8617 3303 3301
f 8437 3243 3241
f 8293 3195 3193
f 8257 3183 3181
f 8365 3219 3217
f 8419 3237 3235
f 8491 3261 3259
f 9161 3484 3482
f 8855 3382 3380
f 9233 3508 3506
f 8509 3267 3265
f 9031 3441 3439
f 8729 3340 3338
f 8653 3315 3313
f 8959 3417 3415
f 9013 3435 3433
f 9139 3477 3475
f 8743 3345 3343
f 8761 3351 3349
f 9179 3490 3488
f 8585 3292 3290
f 8315 3202 3200
f 8243 3178 3176
f 8351 3214 3212
f 8405 3232 3230
f 8459 3250 3248
f 8603 3298 3296
f 9089 3460 3458
f 8815 3369 3367
f 9193 3495 3493
f 8563 3285 3283
f 8927 3406 3404
f 8639 3310 3308
f 8779 3357 3355
f 8999 3430 3428
f 9053 3448 3446
f 9107 3466 3464
f 8873 3388 3386
f 8833 3375 3373
f 9211 3501 3499
f 8545 3279 3277
f 8280 3192 3188
f 8208 3168 3164
f 8222 3173 3169
f 8330 3209 3205
f 8384 3227 3223
f 8474 3257 3253
f 9126 3474 3470
f 8892 3396 3392
f 9270 3522 3518
f 8528 3275 3271
f 8910 3402 3398
f 8676 3324 3320
f 8690 3329 3325
f 8942 3413 3409
f 8978 3425 3421
f 9072 3456 3452
f 8708 3335 3331
f 8798 3365 3361
f 9248 3515 3511
f 8622 3306 3302
f 7203 2829 2831
f 7149 2811 2813
f 7134 2806 2808
f 7170 2818 2820
f 7188 2824 2826
f 7242 2842 2844
f 7656 2980 2982
f 8196 3160 3162
f 8088 3124 3126
f 7782 3022 3024
f 7473 2919 2921
f 7419 2901 2903
f 7404 2896 2898
f 7440 2908 2910
f 7458 2914 2916
f 7548 2944 2946
f 7332 2872 2874
f 7674 2986 2988
f 7890 3058 3060
f 8013 3099 3101
f 8175 3153 3155
f 7599 2961 2963
f 7257 2847 2849
f 7833 3039 3041
f 8103 3129 3131
f 7635 2973 2975
f 8160 3148 3150
f 8052 3112 3114
f 7800 3028 3030
f 7275 2853 2855
f 7977 3087 3089
f 7491 2925 2927
f 7347 2877 2879
f 7725 3003 3005
f 7926 3070 3072
f 7998 3094 3096
f 7563 2949 2951
f 7365 2883 2885
f 7707 2997 2999
f 7854 3046 3048
f 7584 2956 2958
f 7221 2835 2837
f 7761 3015 3017
f 8031 3105 3107
f 8124 3136 3138
f 7941 3075 3077
f 7530 2938 2940
f 7386 2890 2892
f 7746 3010 3012
f 7905 3063 3065
f 7512 2932 2934
f 7311 2865 2867
f 7689 2991 2993
f 7869 3051 3053
f 7962 3082 3084
f 7617 2967 2969
f 8139 3141 3143
f 8067 3117 3119
f 7818 3034 3036
f 7296 2860 2862
f 8324 3204 3203
f 8252 3180 3179
f 8360 3216 3215
f 8414 3234 3233
f 8468 3252 3251
f 8612 3300 3299
f 9098 3462 3461
f 8828 3371 3372
f 9206 3497 3498
f 8576 3287 3288
f 8936 3408 3407
f 8648 3312 3311
f 8792 3359 3360
f 9008 3432 3431
f 9062 3450 3449
f 9116 3468 3467
f 8882 3390 3389
f 8846 3377 3378
f 9224 3503 3504
f 8558 3281 3282
f 9291 4990 4989
f 9287 4966 4965
f 9288 4971 4972
f 9294 5007 5008
f 9297 5025 5026
f 9306 5079 5080
f 9372 5464 5463
f 9459 5986 5985
f 9447 5914 5913
f 9396 5619 5620
f 9336 5260 5259
f 9332 5236 5235
f 9333 5241 5242
f 9339 5277 5278
f 9342 5295 5296
f 9356 5368 5367
f 9321 5169 5170
f 9378 5511 5512
f 9417 5733 5734
f 9423 5782 5781
f 9452 5956 5955
f 9362 5416 5415
f 9303 5062 5061
f 9393 5602 5601
f 9438 5872 5871
f 9366 5440 5439
f 9462 6003 6004
f 9444 5895 5896
f 9402 5643 5644
f 9309 5098 5097
f 9428 5800 5799
f 9347 5325 5326
f 9318 5152 5151
f 9381 5530 5529
f 9414 5716 5715
f 9432 5824 5823
f 9348 5332 5331
f 9324 5188 5187
f 9386 5547 5548
f 9408 5691 5692
f 9363 5421 5422
f 9302 5055 5056
f 9392 5595 5596
f 9437 5865 5866
f 9453 5961 5962
f 9422 5775 5776
f 9357 5373 5374
f 9327 5206 5205
f 9387 5554 5553
f 9407 5686 5685
f 9351 5349 5350
f 9317 5145 5146
f 9377 5506 5505
f 9413 5709 5710
f 9429 5805 5806
f 9371 5457 5458
f 9458 5979 5980
f 9443 5890 5889
f 9401 5638 5637
f 9312 5116 5115
f 9873 6093 6094
f 9567 6069 6070
f 9585 6076 6075
f 9963 6112 6111
f 9999 6130 6129
f 9855 6148 6147
f 9840 6351 6352
f 9696 6261 6262
f 9894 6381 6382
f 9603 6160 6159
f 9819 6291 6292
f 9657 6195 6196
f 9675 6208 6207
f 9909 6310 6309
f 9984 6328 6327
f 9858 6357 6358
f 9837 6238 6237
f 9693 6250 6249
f 9891 6370 6369
f 9606 6171 6172
f 9539 5044 5043
f 9485 4996 4995
f 9468 4984 4983
f 9504 5020 5019
f 9522 5038 5037
f 9558 5092 5091
f 9864 5500 5499
f 9996 6040 6039
f 9960 5938 5937
f 9582 5632 5631
f 9773 5314 5313
f 9719 5266 5265
f 9636 5254 5253
f 9738 5290 5289
f 9756 5308 5307
f 9810 5398 5397
f 9648 5182 5181
f 9672 5524 5523
f 9906 5746 5745
f 9977 5854 5853
f 9869 6022 6021
f 9563 5446 5445
f 9575 5104 5103
f 9953 5674 5673
f 9989 5944 5943
f 9845 5482 5481
f 9834 6016 6015
f 9690 5908 5907
f 9888 5656 5655
f 9593 5122 5121
f 9815 5830 5829
f 9653 5338 5337
f 9665 5194 5193
f 9899 5572 5571
f 9972 5770 5769
f 9852 5848 5847
f 9827 5404 5403
f 9683 5212 5211
f 9881 5560 5559
f 9600 5704 5703
f 9492 5434 5433
f 9473 5068 5067
f 9509 5608 5607
f 9527 5878 5877
f 9546 5974 5973
f 9617 5788 5787
f 9792 5386 5385
f 9702 5230 5229
f 9918 5590 5589
f 9941 5752 5751
f 9726 5362 5361
f 9629 5158 5157
f 9743 5536 5535
f 9761 5722 5721
f 9780 5818 5817
f 9797 5470 5469
f 9707 5992 5991
f 9923 5920 5919
f 9936 5668 5667
f 9612 5140 5139
f 9498 6081 6082
f 9477 6045 6046
f 9513 6063 6064
f 9531 6105 6106
f 9552 6123 6124
f 9621 6141 6142
f 9804 6346 6345
f 9714 6268 6267
f 9930 6388 6387
f 9945 6165 6166
f 9732 6279 6280
f 9639 6190 6189
f 9747 6219 6220
f 9765 6303 6304
f 9786 6321 6322
f 9801 6333 6334
f 9711 6231 6232
f 9927 6255 6256
f 9948 6394 6393
f 9624 6178 6177
f 9486 5001 5002
f 9467 4977 4978
f 9503 5013 5014
f 9521 5031 5032
f 9540 5049 5050
f 9611 5133 5134
f 9798 5475 5476
f 9708 5997 5998
f 9924 5925 5926
f 9935 5661 5662
f 9720 5271 5272
f 9635 5247 5248
f 9737 5283 5284
f 9755 5301 5302
f 9774 5319 5320
f 9791 5379 5380
f 9701 5223 5224
f 9917 5583 5584
f 9942 5757 5758
f 9618 5793 5794
f 9545 5967 5968
f 9491 5427 5428
f 9474 5073 5074
f 9510 5613 5614
f 9528 5883 5884
f 9564 5451 5452
f 9870 6027 6028
f 9990 5949 5950
f 9954 5679 5680
f 9576 5109 5110
f 9779 5811 5812
f 9725 5355 5356
f 9630 5163 5164
f 9744 5541 5542
f 9762 5727 5728
f 9816 5835 5836
f 9654 5343 5344
f 9666 5199 5200
f 9900 5577 5578
f 9971 5763 5764
f 9863 5493 5494
f 9557 5085 5086
f 9581 5625 5626
f 9959 5931 5932
f 9995 6033 6034
f 9851 5841 5842
f 9828 5409 5410
f 9684 5217 5218
f 9882 5565 5566
f 9599 5697 5698
f 9809 5391 5392
f 9647 5175 5176
f 9671 5517 5518
f 9905 5739 5740
f 9978 5859 5860
f 9846 5487 5488
f 9833 6009 6010
f 9689 5901 5902
f 9887 5649 5650
f 9594 5127 5128
f 9549 6088 6087
f 9495 6052 6051
f 9480 6058 6057
f 9516 6100 6099
f 9534 6118 6117
f 9570 6136 6135
f 9876 6364 6363
f 10002 6273 6274
f 9966 6399 6400
f 9588 6153 6154
f 9783 6286 6285
f 9729 6214 6213
f 9642 6201 6202
f 9750 6298 6297
f 9768 6316 6315
f 9822 6340 6339
f 9660 6226 6225
f 9678 6243 6244
f 9912 6375 6376
f 9981 6183 6184
f 10009 4991 4992
f 10003 4967 4968
f 10006 4974 4973
f 10012 5010 5009
f 10015 5028 5027
f 10024 5082 5081
f 10090 5465 5466
f 10177 5987 5988
f 10165 5915 5916
f 10114 5622 5621
f 10054 5261 5262
f 10048 5237 5238
f 10051 5244 5243
f 10057 5280 5279
f 10060 5298 5297
f 10072 5369 5370
f 10039 5172 5171
f 10096 5514 5513
f 10135 5736 5735
f 10141 5783 5784
f 10168 5957 5958
f 10078 5417 5418
f 10021 5063 5064
f 10111 5603 5604
f 10156 5873 5874
f 10084 5441 5442
f 10180 6006 6005
f 10162 5898 5897
f 10120 5646 5645
f 10027 5099 5100
f 10144 5801 5802
f 10063 5328 5327
f 10036 5153 5154
f 10099 5531 5532
f 10132 5717 5718
f 10150 5825 5826
f 10066 5333 5334
f 10042 5189 5190
f 10102 5550 5549
f 10126 5694 5693
f 10081 5424 5423
f 10018 5058 5057
f 10108 5598 5597
f 10153 5868 5867
f 10171 5964 5963
f 10138 5778 5777
f 10075 5376 5375
f 10045 5207 5208
f 10105 5555 5556
f 10123 5687 5688
f 10069 5352 5351
f 10033 5148 5147
f 10093 5507 5508
f 10129 5712 5711
f 10147 5808 5807
f 10087 5460 5459
f 10174 5982 5981
f 10159 5891 5892
f 10117 5639 5640
f 10030 5117 5118
f 10191 6096 6095
f 10185 6072 6071
f 10188 6077 6078
f 10194 6113 6114
f 10197 6131 6132
f 10200 6149 6150
f 10235 6354 6353
f 10219 6264 6263
f 10240 6384 6383
f 10202 6161 6162
f 10224 6294 6293
f 10208 6198 6197
f 10211 6209 6210
f 10227 6311 6312
f 10230 6329 6330
f 10233 6360 6359
f 10215 6239 6240
f 10217 6251 6252
f 10237 6371 6372
f 10204 6174 6173
f 6416 3547 3549
f 6408 3529 3531
f 6406 3523 3526
f 6412 3535 3538
f 6415 3541 3544
f 6424 3559 3562
f 6492 3697 3700
f 6582 3877 3880
f 6565 3841 3844
f 6514 3739 3742
f 6461 3637 3639
f 6453 3619 3621
f 6451 3613 3616
f 6457 3625 3628
f 6460 3631 3634
f 6475 3661 3664
f 6439 3589 3592
f 6496 3703 3706
f 6533 3775 3778
f 6551 3817 3819
f 6579 3871 3873
f 6483 3679 3681
f 6426 3565 3567
f 6521 3757 3759
f 6566 3847 3849
f 6489 3691 3693
f 6578 3865 3868
f 6560 3829 3832
f 6518 3745 3748
f 6429 3571 3573
f 6547 3805 3807
f 6465 3643 3645
f 6441 3595 3597
f 6504 3721 3723
f 6537 3787 3790
f 6550 3811 3814
f 6476 3667 3669
f 6444 3601 3603
f 6502 3715 3717
f 6526 3763 3766
f 6481 3673 3676
f 6420 3553 3555
f 6510 3733 3735
f 6555 3823 3825
f 6571 3853 3856
f 6540 3793 3795
f 6473 3655 3658
f 6447 3607 3610
f 6507 3727 3730
f 6534 3781 3783
f 6469 3649 3652
f 6435 3583 3585
f 6498 3709 3711
f 6529 3769 3771
f 6545 3799 3802
f 6487 3685 3687
f 6574 3859 3861
f 6562 3835 3837
f 6520 3751 3754
f 6432 3577 3580
f 6989 4687 4690
f 6683 4075 4078
f 6703 4117 4120
f 7081 4873 4876
f 7117 4945 4948
f 6973 4657 4660
f 6958 4627 4630
f 6812 4333 4336
f 7010 4729 4732
f 6724 4159 4162
f 6935 4579 4582
f 6773 4255 4258
f 6796 4303 4306
f 7027 4765 4768
f 7104 4921 4924
f 6976 4663 4666
f 6955 4621 4624
f 6814 4339 4342
f 7012 4735 4738
f 6722 4153 4156
f 6664 4039 4041
f 6610 3931 3933
f 6595 3901 3903
f 6631 3973 3975
f 6649 4009 4011
f 6687 4087 4089
f 6993 4699 4701
f 7121 4957 4959
f 7085 4885 4887
f 6707 4129 4131
f 6898 4507 4509
f 6844 4399 4401
f 6761 4237 4239
f 6867 4447 4449
f 6883 4477 4479
f 6939 4591 4593
f 6775 4261 4263
f 6797 4309 4311
f 7031 4777 4779
f 7098 4909 4911
f 6990 4693 4695
f 6684 4081 4083
f 6700 4111 4113
f 7078 4867 4869
f 7114 4939 4941
f 6970 4651 4653
f 6959 4633 4635
f 6815 4345 4347
f 7013 4741 4743
f 6718 4147 4149
f 6936 4585 4587
f 6777 4267 4269
f 6790 4291 4293
f 7024 4759 4761
f 7101 4915 4917
f 6977 4669 4671
f 6952 4615 4617
f 6808 4327 4329
f 7006 4723 4725
f 6725 4165 4167
f 6617 3949 3951
f 6597 3907 3909
f 6633 3979 3981
f 6651 4015 4017
f 6671 4057 4059
f 6741 4195 4197
f 6919 4549 4551
f 6829 4369 4371
f 7047 4807 4809
f 7062 4837 4839
f 6851 4417 4419
f 6754 4219 4221
f 6864 4441 4443
f 6885 4483 4485
f 6905 4525 4527
f 6921 4555 4557
f 6831 4375 4377
f 7044 4801 4803
f 7065 4843 4845
f 6739 4189 4191
f 6614 3937 3940
f 6593 3895 3898
f 6629 3967 3970
f 6647 4003 4006
f 6668 4045 4048
f 6737 4183 4186
f 6924 4561 4564
f 6834 4381 4384
f 7050 4813 4816
f 7061 4831 4834
f 6850 4411 4414
f 6760 4231 4234
f 6863 4435 4438
f 6881 4471 4474
f 6902 4513 4516
f 6917 4543 4546
f 6827 4363 4366
f 7043 4795 4798
f 7068 4849 4852
f 6744 4201 4204
f 6604 3919 3922
f 6585 3883 3885
f 6621 3955 3957
f 6639 3991 3993
f 6658 4027 4030
f 6729 4171 4173
f 6914 4537 4540
f 6824 4357 4360
f 7040 4789 4792
f 7053 4819 4821
f 6838 4387 4390
f 6751 4213 4215
f 6855 4423 4425
f 6873 4459 4461
f 6892 4495 4498
f 6909 4531 4533
f 6819 4351 4353
f 7035 4783 4785
f 7058 4825 4828
f 6734 4177 4180
f 6661 4033 4035
f 6607 3925 3927
f 6590 3889 3892
f 6626 3961 3964
f 6644 3997 4000
f 6680 4069 4072
f 6986 4681 4684
f 7108 4927 4930
f 7072 4855 4858
f 6694 4099 4102
f 6895 4501 4503
f 6841 4393 4395
f 6748 4207 4210
f 6860 4429 4432
f 6878 4465 4468
f 6932 4573 4576
f 6770 4249 4252
f 6784 4279 4282
f 7018 4747 4750
f 7089 4891 4893
f 6981 4675 4677
f 6675 4063 4065
f 6697 4105 4107
f 7075 4861 4863
f 7111 4933 4935
f 6967 4645 4647
f 6946 4603 4606
f 6802 4315 4318
f 7000 4711 4714
f 6715 4141 4143
f 6927 4567 4569
f 6765 4243 4245
f 6787 4285 4287
f 7021 4753 4755
f 7094 4897 4900
f 6964 4639 4642
f 6949 4609 4611
f 6805 4321 4323
f 7003 4717 4719
f 6712 4135 4138
f 6670 4051 4054
f 6616 3943 3946
f 6600 3913 3916
f 6636 3985 3988
f 6654 4021 4024
f 6690 4093 4096
f 6996 4705 4708
f 7120 4951 4954
f 7084 4879 4882
f 6706 4123 4126
f 6904 4519 4522
f 6847 4405 4408
f 6758 4225 4228
f 6870 4453 4456
f 6888 4489 4492
f 6942 4597 4600
f 6780 4273 4276
f 6794 4297 4300
f 7030 4771 4774
f 7097 4903 4906
f 8285 5000 5004
f 8213 4976 4980
f 8233 5012 5016
f 8341 5030 5034
f 8395 5048 5052
f 8485 5132 5136
f 9131 5474 5478
f 8897 5996 6000
f 9275 5924 5928
f 8539 5660 5664
f 8915 5270 5274
f 8681 5246 5250
f 8701 5282 5286
f 8953 5300 5304
f 8989 5318 5322
f 9077 5378 5382
f 8719 5222 5226
f 8809 5582 5586
f 9259 5756 5760
f 8627 5792 5796
f 8447 5966 5970
f 8303 5426 5430
f 8267 5072 5076
f 8375 5612 5616
f 8429 5882 5886
f 8501 5450 5454
f 9169 6026 6030
f 8863 5948 5952
f 9241 5678 5682
f 8519 5108 5112
f 9041 5810 5814
f 8737 5354 5358
f 8663 5162 5166
f 8969 5540 5544
f 9023 5726 5730
f 9149 5834 5838
f 8753 5342 5346
f 8771 5198 5202
f 9187 5576 5580
f 8593 5762 5766
f 8323 5492 5496
f 8251 5084 5088
f 8359 5624 5628
f 8413 5930 5934
f 8467 6032 6036
f 8611 5840 5844
f 9097 5408 5412
f 8825 5216 5220
f 9203 5564 5568
f 8573 5696 5700
f 8935 5390 5394
f 8647 5174 5178
f 8789 5516 5520
f 9007 5738 5742
f 9061 5858 5862
f 9115 5486 5490
f 8881 6008 6012
f 8843 5900 5904
f 9221 5648 5652
f 8555 5126 5130
f 8292 6085 6089
f 8220 6049 6053
f 8236 6055 6059
f 8344 6097 6101
f 8398 6115 6119
f 8488 6133 6137
f 9138 6361 6365
f 8904 6272 6276
f 9282 6398 6402
f 8542 6152 6156
f 8922 6283 6287
f 8688 6211 6215
f 8704 6200 6204
f 8956 6295 6299
f 8992 6313 6317
f 9084 6337 6341
f 8722 6223 6227
f 8812 6242 6246
f 9262 6374 6378
f 8634 6182 6186
f 7204 4988 4990
f 7150 4964 4966
f 7135 4969 4971
f 7171 5005 5007
f 7189 5023 5025
f 7243 5077 5079
f 7657 5462 5464
f 8197 5984 5986
f 8089 5912 5914
f 7783 5617 5619
f 7474 5258 5260
f 7420 5234 5236
f 7405 5239 5241
f 7441 5275 5277
f 7459 5293 5295
f 7549 5366 5368
f 7333 5167 5169
f 7675 5509 5511
f 7891 5731 5733
f 8014 5780 5782
f 8176 5954 5956
f 7600 5414 5416
f 7258 5060 5062
f 7834 5600 5602
f 8104 5870 5872
f 7636 5438 5440
f 8161 6001 6003
f 8053 5893 5895
f 7801 5641 5643
f 7276 5096 5098
f 7978 5798 5800
f 7492 5323 5325
f 7348 5150 5152
f 7726 5528 5530
f 7927 5714 5716
f 7999 5822 5824
f 7564 5330 5332
f 7366 5186 5188
f 7708 5545 5547
f 7855 5689 5691
f 7585 5419 5421
f 7222 5053 5055
f 7762 5593 5595
f 8032 5863 5865
f 8125 5959 5961
f 7942 5773 5775
f 7531 5371 5373
f 7387 5204 5206
f 7747 5552 5554
f 7906 5684 5686
f 7513 5347 5349
f 7312 5143 5145
f 7690 5504 5506
f 7870 5707 5709
f 7963 5803 5805
f 7618 5455 5457
f 8140 5977 5979
f 8068 5888 5890
f 7819 5636 5638
f 7297 5114 5116
f 8327 6091 6093
f 8255 6067 6069
f 8363 6074 6076
f 8417 6110 6112
f 8471 6128 6130
f 8615 6146 6148
f 9101 6349 6351
f 8829 6259 6261
f 9207 6379 6381
f 8577 6158 6160
f 8939 6289 6291
f 8651 6193 6195
f 8793 6206 6208
f 9011 6308 6310
f 9065 6326 6328
f 9119 6355 6357
f 8885 6236 6238
f 8847 6248 6250
f 9225 6368 6370
f 8559 6169 6171
f 8286 5042 5044
f 8214 4994 4996
f 8230 4982 4984
f 8338 5018 5020
f 8392 5036 5038
f 8482 5090 5092
f 9132 5498 5500
f 8898 6038 6040
f 9276 5936 5938
f 8536 5630 5632
f 8916 5312 5314
f 8682 5264 5266
f 8698 5252 5254
f 8950 5288 5290
f 8986 5306 5308
f 9078 5396 5398
f 8716 5180 5182
f 8806 5522 5524
f 9256 5744 5746
f 8628 5852 5854
f 8448 6020 6022
f 8304 5444 5446
f 8268 5102 5104
f 8376 5672 5674
f 8430 5942 5944
f 8502 5480 5482
f 9166 6014 6016
f 8860 5906 5908
f 9238 5654 5656
f 8520 5120 5122
f 9042 5828 5830
f 8734 5336 5338
f 8664 5192 5194
f 8970 5570 5572
f 9024 5768 5770
f 9150 5846 5848
f 8754 5402 5404
f 8772 5210 5212
f 9184 5558 5560
f 8590 5702 5704
f 8320 5432 5434
f 8248 5066 5068
f 8356 5606 5608
f 8410 5876 5878
f 8464 5972 5974
f 8608 5786 5788
f 9094 5384 5386
f 8826 5228 5230
f 9204 5588 5590
f 8574 5750 5752
f 8932 5360 5362
f 8644 5156 5158
f 8790 5534 5536
f 9004 5720 5722
f 9058 5816 5818
f 9112 5468 5470
f 8878 5990 5992
f 8844 5918 5920
f 9222 5666 5668
f 8556 5138 5140
f 8289 6079 6081
f 8217 6043 6045
f 8237 6061 6063
f 8345 6103 6105
f 8399 6121 6123
f 8489 6139 6141
f 9135 6344 6346
f 8901 6266 6268
f 9279 6386 6388
f 8543 6163 6165
f 8919 6277 6279
f 8685 6188 6190
f 8705 6217 6219
f 8957 6301 6303
f 8993 6319 6321
f 9081 6331 6333
f 8723 6229 6231
f 8813 6253 6255
f 9263 6392 6394
f 8631 6176 6178
f 7157 4999 5001
f 7137 4975 4977
f 7173 5011 5013
f 7191 5029 5031
f 7211 5047 5049
f 7299 5131 5133
f 7625 5473 5475
f 8147 5995 5997
f 8075 5923 5925
f 7821 5659 5661
f 7427 5269 5271
f 7407 5245 5247
f 7443 5281 5283
f 7461 5299 5301
f 7481 5317 5319
f 7533 5377 5379
f 7389 5221 5223
f 7749 5581 5583
f 7913 5755 5757
f 7949 5791 5793
f 8127 5965 5967
f 7587 5425 5427
f 7229 5071 5073
f 7769 5611 5613
f 8039 5881 5883
f 7607 5449 5451
f 8183 6025 6027
f 8111 5947 5949
f 7841 5677 5679
f 7265 5107 5109
f 7965 5809 5811
f 7515 5353 5355
f 7319 5161 5163
f 7697 5539 5541
f 7877 5725 5727
f 7985 5833 5835
f 7499 5341 5343
f 7355 5197 5199
f 7733 5575 5577
f 7929 5761 5763
f 7659 5491 5493
f 7245 5083 5085
f 7785 5623 5625
f 8091 5929 5931
f 8199 6031 6033
f 8001 5839 5841
f 7571 5407 5409
f 7373 5215 5217
f 7715 5563 5565
f 7857 5695 5697
f 7551 5389 5391
f 7335 5173 5175
f 7677 5515 5517
f 7893 5737 5739
f 8021 5857 5859
f 7643 5485 5487
f 8163 6007 6009
f 8055 5899 5901
f 7803 5647 5649
f 7283 5125 5127
f 8451 6086 6088
f 8307 6050 6052
f 8271 6056 6058
f 8379 6098 6100
f 8433 6116 6118
f 8505 6134 6136
f 9173 6362 6364
f 8867 6271 6273
f 9245 6397 6399
f 8523 6151 6153
f 9045 6284 6286
f 8741 6212 6214
f 8667 6199 6201
f 8973 6296 6298
f 9027 6314 6316
f 9153 6338 6340
f 8757 6224 6226
f 8775 6241 6243
f 9191 6373 6375
f 8597 6181 6183
f 7154 4987 4991
f 7133 4963 4967
f 7169 4970 4974
f 7187 5006 5010
f 7208 5024 5028
f 7295 5078 5082
f 7622 5461 5465
f 8144 5983 5987
f 8072 5911 5915
f 7817 5618 5622
f 7424 5257 5261
f 7403 5233 5237
f 7439 5240 5244
f 7457 5276 5280
f 7478 5294 5298
f 7529 5365 5369
f 7385 5168 5172
f 7745 5510 5514
f 7910 5732 5736
f 7946 5779 5783
f 8123 5953 5957
f 7583 5413 5417
f 7226 5059 5063
f 7766 5599 5603
f 8036 5869 5873
f 7604 5437 5441
f 8180 6002 6006
f 8108 5894 5898
f 7838 5642 5646
f 7262 5095 5099
f 7961 5797 5801
f 7511 5324 5328
f 7316 5149 5153
f 7694 5527 5531
f 7874 5713 5717
f 7982 5821 5825
f 7496 5329 5333
f 7352 5185 5189
f 7730 5546 5550
f 7925 5690 5694
f 7655 5420 5424
f 7241 5054 5058
f 7781 5594 5598
f 8087 5864 5868
f 8195 5960 5964
f 7997 5774 5778
f 7568 5372 5376
f 7370 5203 5207
f 7712 5551 5555
f 7853 5683 5687
f 7547 5348 5352
f 7331 5144 5148
f 7673 5503 5507
f 7889 5708 5712
f 8018 5804 5808
f 7640 5456 5460
f 8159 5978 5982
f 8051 5887 5891
f 7799 5635 5639
f 7280 5113 5117
f 8454 6092 6096
f 8310 6068 6072
f 8274 6073 6077
f 8382 6109 6113
f 8436 6127 6131
f 8508 6145 6149
f 9172 6350 6354
f 8866 6260 6264
f 9244 6380 6384
f 8526 6157 6161
f 9048 6290 6294
f 8740 6194 6198
f 8670 6205 6209
f 8976 6307 6311
f 9030 6325 6329
f 9156 6356 6360
f 8760 6235 6239
f 8778 6247 6251
f 9190 6367 6371
f 8596 6170 6174
f 7144 3530 3534
f 7125 3524 3527
f 7161 3536 3539
f 7179 3542 3545
f 7198 3548 3552
f 7287 3578 3581
f 7612 3686 3690
f 8134 3860 3864
f 8062 3836 3840
f 7809 3752 3755
f 7414 3620 3624
f 7395 3614 3617
f 7431 3626 3629
f 7449 3632 3635
f 7468 3638 3642
f 7521 3656 3659
f 7377 3608 3611
f 7737 3728 3731
f 7900 3782 3786
f 7936 3794 3798
f 8115 3854 3857
f 7575 3674 3677
f 7216 3554 3558
f 7756 3734 3738
f 8026 3824 3828
f 7594 3680 3684
f 8170 3872 3876
f 8098 3848 3852
f 7828 3758 3762
f 7252 3566 3570
f 7953 3800 3803
f 7503 3650 3653
f 7306 3584 3588
f 7684 3710 3714
f 7864 3770 3774
f 7972 3806 3810
f 7486 3644 3648
f 7342 3596 3600
f 7720 3722 3726
f 7917 3788 3791
f 7647 3698 3701
f 7233 3560 3563
f 7773 3740 3743
f 8079 3842 3845
f 8187 3878 3881
f 7989 3812 3815
f 7558 3668 3672
f 7360 3602 3606
f 7702 3716 3720
f 7845 3764 3767
f 7539 3662 3665
f 7323 3590 3593
f 7665 3704 3707
f 7881 3776 3779
f 8008 3818 3822
f 7630 3692 3696
f 8151 3866 3869
f 8043 3830 3833
f 7791 3746 3749
f 7270 3572 3576
f 8444 4694 4698
f 8300 4082 4086
f 8264 4112 4116
f 8372 4868 4872
f 8426 4940 4944
f 8498 4652 4656
f 9160 4634 4638
f 8854 4346 4350
f 9232 4742 4746
f 8516 4148 4152
f 9038 4586 4590
f 8728 4268 4272
f 8660 4292 4296
f 8966 4760 4764
f 9020 4916 4920
f 9146 4670 4674
f 8750 4616 4620
f 8768 4328 4332
f 9178 4724 4728
f 8584 4166 4170
f 7201 4028 4031
f 7147 3920 3923
f 7130 3884 3888
f 7166 3956 3960
f 7184 3992 3996
f 7238 4064 4068
f 7652 4676 4680
f 8192 4934 4938
f 8084 4862 4866
f 7778 4106 4110
f 7471 4496 4499
f 7417 4388 4391
f 7400 4214 4218
f 7436 4424 4428
f 7454 4460 4464
f 7544 4568 4572
f 7328 4244 4248
f 7670 4286 4290
f 7886 4754 4758
f 8011 4898 4901
f 8173 4682 4685
f 7597 4070 4073
f 7255 4100 4103
f 7831 4856 4859
f 8101 4928 4931
f 7633 4640 4643
f 8156 4610 4614
f 8048 4322 4326
f 7796 4718 4722
f 7273 4136 4139
f 7975 4574 4577
f 7489 4250 4253
f 7345 4280 4283
f 7723 4748 4751
f 7922 4892 4896
f 7994 4646 4650
f 7561 4604 4607
f 7363 4316 4319
f 7705 4712 4715
f 7850 4142 4146
f 7580 3926 3930
f 7219 3890 3893
f 7759 3962 3965
f 8029 3998 4001
f 8120 4034 4038
f 7939 4178 4181
f 7526 4532 4536
f 7382 4352 4356
f 7742 4784 4788
f 7903 4826 4829
f 7508 4394 4398
f 7309 4208 4211
f 7687 4430 4433
f 7867 4466 4469
f 7958 4502 4506
f 7615 4538 4541
f 8137 4358 4361
f 8065 4790 4793
f 7814 4820 4824
f 7292 4172 4176
f 8314 3950 3954
f 8242 3908 3912
f 8350 3980 3984
f 8404 4016 4020
f 8458 4058 4062
f 8602 4196 4200
f 9088 4550 4554
f 8822 4370 4374
f 9200 4808 4812
f 8570 4838 4842
f 8926 4418 4422
f 8638 4220 4224
f 8786 4442 4446
f 8998 4484 4488
f 9052 4526 4530
f 9106 4556 4560
f 8872 4376 4380
f 8840 4802 4806
f 9218 4844 4848
f 8552 4190 4194
f 8277 3938 3941
f 8205 3896 3899
f 8227 3968 3971
f 8335 4004 4007
f 8389 4046 4049
f 8479 4184 4187
f 9123 4562 4565
f 8889 4382 4385
f 9267 4814 4817
f 8533 4832 4835
f 8907 4412 4415
f 8673 4232 4235
f 8695 4436 4439
f 8947 4472 4475
f 8983 4514 4517
f 9069 4544 4547
f 8713 4364 4367
f 8803 4796 4799
f 9253 4850 4853
f 8619 4202 4205
f 8439 4052 4055
f 8295 3944 3947
f 8259 3914 3917
f 8367 3986 3989
f 8421 4022 4025
f 8493 4094 4097
f 9163 4706 4709
f 8857 4952 4955
f 9235 4880 4883
f 8511 4124 4127
f 9033 4520 4523
f 8731 4406 4409
f 8655 4226 4229
f 8961 4454 4457
f 9015 4490 4493
f 9141 4598 4601
f 8745 4274 4277
f 8763 4298 4301
f 9181 4772 4775
f 8587 4904 4907
f 8317 4688 4691
f 8245 4076 4079
f 8353 4118 4121
f 8407 4874 4877
f 8461 4946 4949
f 8605 4658 4661
f 9091 4628 4631
f 8817 4334 4337
f 9195 4730 4733
f 8565 4160 4163
f 8929 4580 4583
f 8641 4256 4259
f 8781 4304 4307
f 9001 4766 4769
f 9055 4922 4925
f 9109 4664 4667
f 8875 4622 4625
f 8835 4340 4343
f 9213 4736 4739
f 8547 4154 4157
f 8282 4040 4044
f 8210 3932 3936
f 8224 3902 3906
f 8332 3974 3978
f 8386 4010 4014
f 8476 4088 4092
f 9128 4700 4704
f 8894 4958 4962
f 9272 4886 4890
f 8530 4130 4134
f 8912 4508 4512
f 8678 4400 4404
f 8692 4238 4242
f 8944 4448 4452
f 8980 4478 4482
f 9074 4592 4596
f 8710 4262 4266
f 8800 4310 4314
f 9250 4778 4782
f 8624 4910 4914
f 7210 5041 5045
f 7156 4993 4997
f 7140 4981 4985
f 7176 5017 5021
f 7194 5035 5039
f 7248 5089 5093
f 7662 5497 5501
f 8202 6037 6041
f 8094 5935 5939
f 7788 5629 5633
f 7480 5311 5315
f 7426 5263 5267
f 7410 5251 5255
f 7446 5287 5291
f 7464 5305 5309
f 7554 5395 5399
f 7338 5179 5183
f 7680 5521 5525
f 7896 5743 5747
f 8020 5851 5855
f 8182 6019 6023
f 7606 5443 5447
f 7264 5101 5105
f 7840 5671 5675
f 8110 5941 5945
f 7642 5479 5483
f 8166 6013 6017
f 8058 5905 5909
f 7806 5653 5657
f 7282 5119 5123
f 7984 5827 5831
f 7498 5335 5339
f 7354 5191 5195
f 7732 5569 5573
f 7932 5767 5771
f 8004 5845 5849
f 7570 5401 5405
f 7372 5209 5213
f 7714 5557 5561
f 7860 5701 5705
f 7590 5431 5435
f 7228 5065 5069
f 7768 5605 5609
f 8038 5875 5879
f 8130 5971 5975
f 7948 5785 5789
f 7536 5383 5387
f 7392 5227 5231
f 7752 5587 5591
f 7912 5749 5753
f 7518 5359 5363
f 7318 5155 5159
f 7696 5533 5537
f 7876 5719 5723
f 7968 5815 5819
f 7624 5467 5471
f 8146 5989 5993
f 8074 5917 5921
f 7824 5665 5669
f 7302 5137 5141
f 8326 6080 6084
f 8254 6044 6048
f 8362 6062 6066
f 8416 6104 6108
f 8470 6122 6126
f 8614 6140 6144
f 9100 6343 6347
f 8832 6265 6269
f 9210 6385 6389
f 8580 6164 6168
f 8938 6278 6282
f 8650 6187 6191
f 8796 6218 6222
f 9010 6302 6306
f 9064 6320 6324
f 9118 6332 6336
f 8884 6230 6234
f 8850 6254 6258
f 9228 6391 6395
f 8562 6175 6179
f 9289 3534 3532
f 9283 3527 3525
f 9286 3539 3537
f 9293 3545 3543
f 9296 3552 3550
f 9305 3581 3579
f 9369 3690 3688
f 9456 3864 3862
f 9445 3840 3838
f 9395 3755 3753
f 9334 3624 3622
f 9328 3617 3615
f 9331 3629 3627
f 9338 3635 3633
f 9341 3642 3640
f 9352 3659 3657
f 9320 3611 3609
f 9376 3731 3729
f 9416 3786 3784
f 9420 3798 3796
f 9448 3857 3855
f 9358 3677 3675
f 9300 3558 3556
f 9390 3738 3736
f 9435 3828 3826
f 9364 3684 3682
f 9461 3876 3874
f 9442 3852 3850
f 9400 3762 3760
f 9307 3570 3568
f 9424 3803 3801
f 9344 3653 3651
f 9315 3588 3586
f 9379 3714 3712
f 9411 3774 3772
f 9430 3810 3808
f 9345 3648 3646
f 9322 3600 3598
f 9383 3726 3724
f 9406 3791 3789
f 9361 3701 3699
f 9299 3563 3561
f 9389 3743 3741
f 9434 3845 3843
f 9451 3881 3879
f 9419 3815 3813
f 9355 3672 3670
f 9325 3606 3604
f 9384 3720 3718
f 9403 3767 3765
f 9350 3665 3663
f 9314 3593 3591
f 9373 3707 3705
f 9410 3779 3777
f 9427 3822 3820
f 9368 3696 3694
f 9455 3869 3867
f 9439 3833 3831
f 9397 3749 3747
f 9310 3576 3574
f 9872 4698 4696
f 9566 4086 4084
f 9583 4116 4114
f 9961 4872 4870
f 9997 4944 4942
f 9853 4656 4654
f 9839 4638 4636
f 9695 4350 4348
f 9893 4746 4744
f 9601 4152 4150
f 9818 4590 4588
f 9656 4272 4270
f 9673 4296 4294
f 9907 4764 4762
f 9982 4920 4918
f 9857 4674 4672
f 9835 4620 4618
f 9691 4332 4330
f 9889 4728 4726
f 9605 4170 4168
f 9535 4031 4029
f 9481 3923 3921
f 9465 3888 3886
f 9501 3960 3958
f 9519 3996 3994
f 9555 4068 4066
f 9861 4680 4678
f 9993 4938 4936
f 9957 4866 4864
f 9579 4110 4108
f 9769 4499 4497
f 9715 4391 4389
f 9633 4218 4216
f 9735 4428 4426
f 9753 4464 4462
f 9807 4572 4570
f 9645 4248 4246
f 9669 4290 4288
f 9903 4758 4756
f 9973 4901 4899
f 9865 4685 4683
f 9559 4073 4071
f 9571 4103 4101
f 9949 4859 4857
f 9985 4931 4929
f 9841 4643 4641
f 9831 4614 4612
f 9687 4326 4324
f 9885 4722 4720
f 9589 4139 4137
f 9811 4577 4575
f 9649 4253 4251
f 9661 4283 4281
f 9895 4751 4749
f 9969 4896 4894
f 9849 4650 4648
f 9823 4607 4605
f 9679 4319 4317
f 9877 4715 4713
f 9597 4146 4144
f 9489 3930 3928
f 9469 3893 3891
f 9505 3965 3963
f 9523 4001 3999
f 9543 4038 4036
f 9613 4181 4179
f 9789 4536 4534
f 9699 4356 4354
f 9915 4788 4786
f 9937 4829 4827
f 9723 4398 4396
f 9625 4211 4209
f 9739 4433 4431
f 9757 4469 4467
f 9777 4506 4504
f 9793 4541 4539
f 9703 4361 4359
f 9919 4793 4791
f 9933 4824 4822
f 9609 4176 4174
f 9497 3954 3952
f 9476 3912 3910
f 9512 3984 3982
f 9530 4020 4018
f 9551 4062 4060
f 9620 4200 4198
f 9802 4554 4552
f 9712 4374 4372
f 9928 4812 4810
f 9944 4842 4840
f 9731 4422 4420
f 9637 4224 4222
f 9746 4446 4444
f 9764 4488 4486
f 9785 4530 4528
f 9800 4560 4558
f 9710 4380 4378
f 9926 4806 4804
f 9946 4848 4846
f 9622 4194 4192
f 9484 3941 3939
f 9464 3899 3897
f 9500 3971 3969
f 9518 4007 4005
f 9538 4049 4047
f 9608 4187 4185
f 9796 4565 4563
f 9706 4385 4383
f 9922 4817 4815
f 9932 4835 4833
f 9718 4415 4413
f 9632 4235 4233
f 9734 4439 4437
f 9752 4475 4473
f 9772 4517 4515
f 9788 4547 4545
f 9698 4367 4365
f 9914 4799 4797
f 9940 4853 4851
f 9616 4205 4203
f 9542 4055 4053
f 9488 3947 3945
f 9472 3917 3915
f 9508 3989 3987
f 9526 4025 4023
f 9562 4097 4095
f 9868 4709 4707
f 9988 4955 4953
f 9952 4883 4881
f 9574 4127 4125
f 9776 4523 4521
f 9722 4409 4407
f 9628 4229 4227
f 9742 4457 4455
f 9760 4493 4491
f 9814 4601 4599
f 9652 4277 4275
f 9664 4301 4299
f 9898 4775 4773
f 9968 4907 4905
f 9860 4691 4689
f 9554 4079 4077
f 9578 4121 4119
f 9956 4877 4875
f 9992 4949 4947
f 9848 4661 4659
f 9826 4631 4629
f 9682 4337 4335
f 9880 4733 4731
f 9596 4163 4161
f 9806 4583 4581
f 9644 4259 4257
f 9668 4307 4305
f 9902 4769 4767
f 9976 4925 4923
f 9844 4667 4665
f 9830 4625 4623
f 9686 4343 4341
f 9884 4739 4737
f 9592 4157 4155
f 9547 4044 4042
f 9493 3936 3934
f 9478 3906 3904
f 9514 3978 3976
f 9532 4014 4012
f 9568 4092 4090
f 9874 4704 4702
f 10001 4962 4960
f 9965 4890 4888
f 9587 4134 4132
f 9781 4512 4510
f 9727 4404 4402
f 9641 4242 4240
f 9748 4452 4450
f 9766 4482 4480
f 9820 4596 4594
f 9658 4266 4264
f 9677 4314 4312
f 9911 4782 4780
f 9980 4914 4912
f 10011 5045 5046
f 10005 4997 4998
f 10007 4985 4986
f 10013 5021 5022
f 10016 5039 5040
f 10025 5093 5094
f 10092 5501 5502
f 10179 6041 6042
f 10167 5939 5940
f 10115 5633 5634
f 10056 5315 5316
f 10050 5267 5268
f 10052 5255 5256
f 10058 5291 5292
f 10061 5309 5310
f 10074 5399 5400
f 10040 5183 5184
f 10097 5525 5526
f 10136 5747 5748
f 10143 5855 5856
f 10170 6023 6024
f 10080 5447 5448
f 10023 5105 5106
f 10113 5675 5676
f 10158 5945 5946
f 10086 5483 5484
f 10181 6017 6018
f 10163 5909 5910
f 10121 5657 5658
f 10029 5123 5124
f 10146 5831 5832
f 10064 5339 5340
f 10038 5195 5196
f 10101 5573 5574
f 10134 5771 5772
f 10152 5849 5850
f 10068 5405 5406
f 10044 5213 5214
f 10103 5561 5562
f 10127 5705 5706
f 10082 5435 5436
f 10019 5069 5070
f 10109 5609 5610
f 10154 5879 5880
f 10172 5975 5976
f 10139 5789 5790
f 10076 5387 5388
f 10047 5231 5232
f 10107 5591 5592
f 10125 5753 5754
f 10070 5363 5364
f 10034 5159 5160
f 10095 5537 5538
f 10130 5723 5724
f 10148 5819 5820
f 10088 5471 5472
f 10175 5993 5994
f 10161 5921 5922
f 10119 5669 5670
f 10032 5141 5142
f 10189 6084 6083
f 10183 6048 6047
f 10187 6066 6065
f 10193 6108 6107
f 10196 6126 6125
f 10199 6144 6143
f 10234 6347 6348
f 10220 6269 6270
f 10241 6389 6390
f 10203 6168 6167
f 10222 6282 6281
f 10207 6191 6192
f 10212 6222 6221
f 10226 6306 6305
f 10229 6324 6323
f 10231 6336 6335
f 10214 6234 6233
f 10218 6258 6257
f 10239 6395 6396
f 10205 6179 6180
f 6409 3532 3529
f 6405 3525 3523
f 6411 3537 3535
f 6414 3543 3541
f 6417 3550 3547
f 6431 3579 3577
f 6488 3688 3685
f 6575 3862 3859
f 6563 3838 3835
f 6519 3753 3751
f 6454 3622 3619
f 6450 3615 3613
f 6456 3627 3625
f 6459 3633 3631
f 6462 3640 3637
f 6472 3657 3655
f 6446 3609 3607
f 6506 3729 3727
f 6535 3784 3781
f 6541 3796 3793
f 6570 3855 3853
f 6480 3675 3673
f 6421 3556 3553
f 6511 3736 3733
f 6556 3826 3823
f 6484 3682 3679
f 6580 3874 3871
f 6567 3850 3847
f 6522 3760 3757
f 6427 3568 3565
f 6544 3801 3799
f 6468 3651 3649
f 6436 3586 3583
f 6499 3712 3709
f 6530 3772 3769
f 6548 3808 3805
f 6466 3646 3643
f 6442 3598 3595
f 6505 3724 3721
f 6536 3789 3787
f 6491 3699 3697
f 6423 3561 3559
f 6513 3741 3739
f 6564 3843 3841
f 6581 3879 3877
f 6549 3813 3811
f 6477 3670 3667
f 6445 3604 3601
f 6503 3718 3715
f 6525 3765 3763
f 6474 3663 3661
f 6438 3591 3589
f 6495 3705 3703
f 6532 3777 3775
f 6552 3820 3817
f 6490 3694 3691
f 6577 3867 3865
f 6559 3831 3829
f 6517 3747 3745
f 6430 3574 3571
f 6991 4696 4693
f 6685 4084 4081
f 6701 4114 4111
f 7079 4870 4867
f 7115 4942 4939
f 6971 4654 4651
f 6960 4636 4633
f 6816 4348 4345
f 7014 4744 4741
f 6719 4150 4147
f 6937 4588 4585
f 6778 4270 4267
f 6791 4294 4291
f 7025 4762 4759
f 7102 4918 4915
f 6978 4672 4669
f 6953 4618 4615
f 6809 4330 4327
f 7007 4726 4723
f 6726 4168 4165
f 6657 4029 4027
f 6603 3921 3919
f 6586 3886 3883
f 6622 3958 3955
f 6640 3994 3991
f 6676 4066 4063
f 6982 4678 4675
f 7112 4936 4933
f 7076 4864 4861
f 6698 4108 4105
f 6891 4497 4495
f 6837 4389 4387
f 6752 4216 4213
f 6856 4426 4423
f 6874 4462 4459
f 6928 4570 4567
f 6766 4246 4243
f 6788 4288 4285
f 7022 4756 4753
f 7093 4899 4897
f 6985 4683 4681
f 6679 4071 4069
f 6693 4101 4099
f 7071 4857 4855
f 7107 4929 4927
f 6963 4641 4639
f 6950 4612 4609
f 6806 4324 4321
f 7004 4720 4717
f 6711 4137 4135
f 6931 4575 4573
f 6769 4251 4249
f 6783 4281 4279
f 7017 4749 4747
f 7090 4894 4891
f 6968 4648 4645
f 6945 4605 4603
f 6801 4317 4315
f 6999 4713 4711
f 6716 4144 4141
f 6608 3928 3925
f 6589 3891 3889
f 6625 3963 3961
f 6643 3999 3997
f 6662 4036 4033
f 6733 4179 4177
f 6910 4534 4531
f 6820 4354 4351
f 7036 4786 4783
f 7057 4827 4825
f 6842 4396 4393
f 6747 4209 4207
f 6859 4431 4429
f 6877 4467 4465
f 6896 4504 4501
f 6913 4539 4537
f 6823 4359 4357
f 7039 4791 4789
f 7054 4822 4819
f 6730 4174 4171
f 6618 3952 3949
f 6598 3910 3907
f 6634 3982 3979
f 6652 4018 4015
f 6672 4060 4057
f 6742 4198 4195
f 6920 4552 4549
f 6830 4372 4369
f 7048 4810 4807
f 7063 4840 4837
f 6852 4420 4417
f 6755 4222 4219
f 6865 4444 4441
f 6886 4486 4483
f 6906 4528 4525
f 6922 4558 4555
f 6832 4378 4375
f 7045 4804 4801
f 7066 4846 4843
f 6740 4192 4189
f 6613 3939 3937
f 6592 3897 3895
f 6628 3969 3967
f 6646 4005 4003
f 6667 4047 4045
f 6736 4185 4183
f 6923 4563 4561
f 6833 4383 4381
f 7049 4815 4813
f 7060 4833 4831
f 6849 4413 4411
f 6759 4233 4231
f 6862 4437 4435
f 6880 4473 4471
f 6901 4515 4513
f 6916 4545 4543
f 6826 4365 4363
f 7042 4797 4795
f 7067 4851 4849
f 6743 4203 4201
f 6669 4053 4051
f 6615 3945 3943
f 6599 3915 3913
f 6635 3987 3985
f 6653 4023 4021
f 6689 4095 4093
f 6995 4707 4705
f 7119 4953 4951
f 7083 4881 4879
f 6705 4125 4123
f 6903 4521 4519
f 6846 4407 4405
f 6757 4227 4225
f 6869 4455 4453
f 6887 4491 4489
f 6941 4599 4597
f 6779 4275 4273
f 6793 4299 4297
f 7029 4773 4771
f 7096 4905 4903
f 6988 4689 4687
f 6682 4077 4075
f 6702 4119 4117
f 7080 4875 4873
f 7116 4947 4945
f 6972 4659 4657
f 6957 4629 4627
f 6811 4335 4333
f 7009 4731 4729
f 6723 4161 4159
f 6934 4581 4579
f 6772 4257 4255
f 6795 4305 4303
f 7026 4767 4765
f 7103 4923 4921
f 6975 4665 4663
f 6954 4623 4621
f 6813 4341 4339
f 7011 4737 4735
f 6721 4155 4153
f 6665 4042 4039
f 6611 3934 3931
f 6596 3904 3901
f 6632 3976 3973
f 6650 4012 4009
f 6688 4090 4087
f 6994 4702 4699
f 7122 4960 4957
f 7086 4888 4885
f 6708 4132 4129
f 6899 4510 4507
f 6845 4402 4399
f 6762 4240 4237
f 6868 4450 4447
f 6884 4480 4477
f 6940 4594 4591
f 6776 4264 4261
f 6798 4312 4309
f 7032 4780 4777
f 7099 4912 4909
f 8287 5046 5042
f 8215 4998 4994
f 8231 4986 4982
f 8339 5022 5018
f 8393 5040 5036
f 8483 5094 5090
f 9133 5502 5498
f 8899 6042 6038
f 9277 5940 5936
f 8537 5634 5630
f 8917 5316 5312
f 8683 5268 5264
f 8699 5256 5252
f 8951 5292 5288
f 8987 5310 5306
f 9079 5400 5396
f 8717 5184 5180
f 8807 5526 5522
f 9257 5748 5744
f 8629 5856 5852
f 8449 6024 6020
f 8305 5448 5444
f 8269 5106 5102
f 8377 5676 5672
f 8431 5946 5942
f 8503 5484 5480
f 9167 6018 6014
f 8861 5910 5906
f 9239 5658 5654
f 8521 5124 5120
f 9043 5832 5828
f 8735 5340 5336
f 8665 5196 5192
f 8971 5574 5570
f 9025 5772 5768
f 9151 5850 5846
f 8755 5406 5402
f 8773 5214 5210
f 9185 5562 5558
f 8591 5706 5702
f 8321 5436 5432
f 8249 5070 5066
f 8357 5610 5606
f 8411 5880 5876
f 8465 5976 5972
f 8609 5790 5786
f 9095 5388 5384
f 8827 5232 5228
f 9205 5592 5588
f 8575 5754 5750
f 8933 5364 5360
f 8645 5160 5156
f 8791 5538 5534
f 9005 5724 5720
f 9059 5820 5816
f 9113 5472 5468
f 8879 5994 5990
f 8845 5922 5918
f 9223 5670 5666
f 8557 5142 5138
f 8290 6083 6079
f 8218 6047 6043
f 8238 6065 6061
f 8346 6107 6103
f 8400 6125 6121
f 8490 6143 6139
f 9136 6348 6344
f 8902 6270 6266
f 9280 6390 6386
f 8544 6167 6163
f 8920 6281 6277
f 8686 6192 6188
f 8706 6221 6217
f 8958 6305 6301
f 8994 6323 6319
f 9082 6335 6331
f 8724 6233 6229
f 8814 6257 6253
f 9264 6396 6392
f 8632 6180 6176
f 7197 3551 3548
f 7143 3533 3530
f 7126 3528 3524
f 7162 3540 3536
f 7180 3546 3542
f 7234 3564 3560
f 7648 3702 3698
f 8188 3882 3878
f 8080 3846 3842
f 7774 3744 3740
f 7467 3641 3638
f 7413 3623 3620
f 7396 3618 3614
f 7432 3630 3626
f 7450 3636 3632
f 7540 3666 3662
f 7324 3594 3590
f 7666 3708 3704
f 7882 3780 3776
f 8007 3821 3818
f 8169 3875 3872
f 7593 3683 3680
f 7251 3569 3566
f 7827 3761 3758
f 8097 3851 3848
f 7629 3695 3692
f 8152 3870 3866
f 8044 3834 3830
f 7792 3750 3746
f 7269 3575 3572
f 7971 3809 3806
f 7485 3647 3644
f 7341 3599 3596
f 7719 3725 3722
f 7918 3792 3788
f 7990 3816 3812
f 7557 3671 3668
f 7359 3605 3602
f 7701 3719 3716
f 7846 3768 3764
f 7576 3678 3674
f 7215 3557 3554
f 7755 3737 3734
f 8025 3827 3824
f 8116 3858 3854
f 7935 3797 3794
f 7522 3660 3656
f 7378 3612 3608
f 7738 3732 3728
f 7899 3785 3782
f 7504 3654 3650
f 7305 3587 3584
f 7683 3713 3710
f 7863 3773 3770
f 7954 3804 3800
f 7611 3689 3686
f 8133 3863 3860
f 8061 3839 3836
f 7810 3756 3752
f 7288 3582 3578
f 8318 4692 4688
f 8246 4080 4076
f 8354 4122 4118
f 8408 4878 4874
f 8462 4950 4946
f 8606 4662 4658
f 9092 4632 4628
f 8818 4338 4334
f 9196 4734 4730
f 8566 4164 4160
f 8930 4584 4580
f 8642 4260 4256
f 8782 4308 4304
f 9002 4770 4766
f 9056 4926 4922
f 9110 4668 4664
f 8876 4626 4622
f 8836 4344 4340
f 9214 4740 4736
f 8548 4158 4154
f 8281 4043 4040
f 8209 3935 3932
f 8223 3905 3902
f 8331 3977 3974
f 8385 4013 4010
f 8475 4091 4088
f 9127 4703 4700
f 8893 4961 4958
f 9271 4889 4886
f 8529 4133 4130
f 8911 4511 4508
f 8677 4403 4400
f 8691 4241 4238
f 8943 4451 4448
f 8979 4481 4478
f 9073 4595 4592
f 8709 4265 4262
f 8799 4313 4310
f 9249 4781 4778
f 8623 4913 4910
f 8443 4697 4694
f 8299 4085 4082
f 8263 4115 4112
f 8371 4871 4868
f 8425 4943 4940
f 8497 4655 4652
f 9159 4637 4634
f 8853 4349 4346
f 9231 4745 4742
f 8515 4151 4148
f 9037 4589 4586
f 8727 4271 4268
f 8659 4295 4292
f 8965 4763 4760
f 9019 4919 4916
f 9145 4673 4670
f 8749 4619 4616
f 8767 4331 4328
f 9177 4727 4724
f 8583 4169 4166
f 8313 3953 3950
f 8241 3911 3908
f 8349 3983 3980
f 8403 4019 4016
f 8457 4061 4058
f 8601 4199 4196
f 9087 4553 4550
f 8821 4373 4370
f 9199 4811 4808
f 8569 4841 4838
f 8925 4421 4418
f 8637 4223 4220
f 8785 4445 4442
f 8997 4487 4484
f 9051 4529 4526
f 9105 4559 4556
f 8871 4379 4376
f 8839 4805 4802
f 9217 4847 4844
f 8551 4193 4190
f 8278 3942 3938
f 8206 3900 3896
f 8228 3972 3968
f 8336 4008 4004
f 8390 4050 4046
f 8480 4188 4184
f 9124 4566 4562
f 8890 4386 4382
f 9268 4818 4814
f 8534 4836 4832
f 8908 4416 4412
f 8674 4236 4232
f 8696 4440 4436
f 8948 4476 4472
f 8984 4518 4514
f 9070 4548 4544
f 8714 4368 4364
f 8804 4800 4796
f 9254 4854 4850
f 8620 4206 4202
f 7148 3924 3920
f 7129 3887 3884
f 7165 3959 3956
f 7183 3995 3992
f 7202 4032 4028
f 7291 4175 4172
f 7616 4542 4538
f 8138 4362 4358
f 8066 4794 4790
f 7813 4823 4820
f 7418 4392 4388
f 7399 4217 4214
f 7435 4427 4424
f 7453 4463 4460
f 7472 4500 4496
f 7525 4535 4532
f 7381 4355 4352
f 7741 4787 4784
f 7904 4830 4826
f 7940 4182 4178
f 8119 4037 4034
f 7579 3929 3926
f 7220 3894 3890
f 7760 3966 3962
f 8030 4002 3998
f 7598 4074 4070
f 8174 4686 4682
f 8102 4932 4928
f 7832 4860 4856
f 7256 4104 4100
f 7957 4505 4502
f 7507 4397 4394
f 7310 4212 4208
f 7688 4434 4430
f 7868 4470 4466
f 7976 4578 4574
f 7490 4254 4250
f 7346 4284 4280
f 7724 4752 4748
f 7921 4895 4892
f 7651 4679 4676
f 7237 4067 4064
f 7777 4109 4106
f 8083 4865 4862
f 8191 4937 4934
f 7993 4649 4646
f 7562 4608 4604
f 7364 4320 4316
f 7706 4716 4712
f 7849 4145 4142
f 7543 4571 4568
f 7327 4247 4244
f 7669 4289 4286
f 7885 4757 4754
f 8012 4902 4898
f 7634 4644 4640
f 8155 4613 4610
f 8047 4325 4322
f 7795 4721 4718
f 7274 4140 4136
f 8440 4056 4052
f 8296 3948 3944
f 8260 3918 3914
f 8368 3990 3986
f 8422 4026 4022
f 8494 4098 4094
f 9164 4710 4706
f 8858 4956 4952
f 9236 4884 4880
f 8512 4128 4124
f 9034 4524 4520
f 8732 4410 4406
f 8656 4230 4226
f 8962 4458 4454
f 9016 4494 4490
f 9142 4602 4598
f 8746 4278 4274
f 8764 4302 4298
f 9182 4776 4772
f 8588 4908 4904
f 7158 5003 4999
f 7138 4979 4975
f 7174 5015 5011
f 7192 5033 5029
f 7212 5051 5047
f 7300 5135 5131
f 7626 5477 5473
f 8148 5999 5995
f 8076 5927 5923
f 7822 5663 5659
f 7428 5273 5269
f 7408 5249 5245
f 7444 5285 5281
f 7462 5303 5299
f 7482 5321 5317
f 7534 5381 5377
f 7390 5225 5221
f 7750 5585 5581
f 7914 5759 5755
f 7950 5795 5791
f 8128 5969 5965
f 7588 5429 5425
f 7230 5075 5071
f 7770 5615 5611
f 8040 5885 5881
f 7608 5453 5449
f 8184 6029 6025
f 8112 5951 5947
f 7842 5681 5677
f 7266 5111 5107
f 7966 5813 5809
f 7516 5357 5353
f 7320 5165 5161
f 7698 5543 5539
f 7878 5729 5725
f 7986 5837 5833
f 7500 5345 5341
f 7356 5201 5197
f 7734 5579 5575
f 7930 5765 5761
f 7660 5495 5491
f 7246 5087 5083
f 7786 5627 5623
f 8092 5933 5929
f 8200 6035 6031
f 8002 5843 5839
f 7572 5411 5407
f 7374 5219 5215
f 7716 5567 5563
f 7858 5699 5695
f 7552 5393 5389
f 7336 5177 5173
f 7678 5519 5515
f 7894 5741 5737
f 8022 5861 5857
f 7644 5489 5485
f 8164 6011 6007
f 8056 5903 5899
f 7804 5651 5647
f 7284 5129 5125
f 8452 6090 6086
f 8308 6054 6050
f 8272 6060 6056
f 8380 6102 6098
f 8434 6120 6116
f 8506 6138 6134
f 9174 6366 6362
f 8868 6275 6271
f 9246 6401 6397
f 8524 6155 6151
f 9046 6288 6284
f 8742 6216 6212
f 8668 6203 6199
f 8974 6300 6296
f 9028 6318 6314
f 9154 6342 6338
f 8758 6228 6224
f 8776 6245 6241
f 9192 6377 6373
f 8598 6185 6181
f 7153 4989 4987
f 7132 4965 4963
f 7168 4972 4970
f 7186 5008 5006
f 7207 5026 5024
f 7294 5080 5078
f 7621 5463 5461
f 8143 5985 5983
f 8071 5913 5911
f 7816 5620 5618
f 7423 5259 5257
f 7402 5235 5233
f 7438 5242 5240
f 7456 5278 5276
f 7477 5296 5294
f 7528 5367 5365
f 7384 5170 5168
f 7744 5512 5510
f 7909 5734 5732
f 7945 5781 5779
f 8122 5955 5953
f 7582 5415 5413
f 7225 5061 5059
f 7765 5601 5599
f 8035 5871 5869
f 7603 5439 5437
f 8179 6004 6002
f 8107 5896 5894
f 7837 5644 5642
f 7261 5097 5095
f 7960 5799 5797
f 7510 5326 5324
f 7315 5151 5149
f 7693 5529 5527
f 7873 5715 5713
f 7981 5823 5821
f 7495 5331 5329
f 7351 5187 5185
f 7729 5548 5546
f 7924 5692 5690
f 7654 5422 5420
f 7240 5056 5054
f 7780 5596 5594
f 8086 5866 5864
f 8194 5962 5960
f 7996 5776 5774
f 7567 5374 5372
f 7369 5205 5203
f 7711 5553 5551
f 7852 5685 5683
f 7546 5350 5348
f 7330 5146 5144
f 7672 5505 5503
f 7888 5710 5708
f 8017 5806 5804
f 7639 5458 5456
f 8158 5980 5978
f 8050 5889 5887
f 7798 5637 5635
f 7279 5115 5113
f 8453 6094 6092
f 8309 6070 6068
f 8273 6075 6073
f 8381 6111 6109
f 8435 6129 6127
f 8507 6147 6145
f 9171 6352 6350
f 8865 6262 6260
f 9243 6382 6380
f 8525 6159 6157
f 9047 6292 6290
f 8739 6196 6194
f 8669 6207 6205
f 8975 6309 6307
f 9029 6327 6325
f 9155 6358 6356
f 8759 6237 6235
f 8777 6249 6247
f 9189 6369 6367
f 8595 6172 6170
f 7209 5043 5041
f 7155 4995 4993
f 7139 4983 4981
f 7175 5019 5017
f 7193 5037 5035
f 7247 5091 5089
f 7661 5499 5497
f 8201 6039 6037
f 8093 5937 5935
f 7787 5631 5629
f 7479 5313 5311
f 7425 5265 5263
f 7409 5253 5251
f 7445 5289 5287
f 7463 5307 5305
f 7553 5397 5395
f 7337 5181 5179
f 7679 5523 5521
f 7895 5745 5743
f 8019 5853 5851
f 8181 6021 6019
f 7605 5445 5443
f 7263 5103 5101
f 7839 5673 5671
f 8109 5943 5941
f 7641 5481 5479
f 8165 6015 6013
f 8057 5907 5905
f 7805 5655 5653
f 7281 5121 5119
f 7983 5829 5827
f 7497 5337 5335
f 7353 5193 5191
f 7731 5571 5569
f 7931 5769 5767
f 8003 5847 5845
f 7569 5403 5401
f 7371 5211 5209
f 7713 5559 5557
f 7859 5703 5701
f 7589 5433 5431
f 7227 5067 5065
f 7767 5607 5605
f 8037 5877 5875
f 8129 5973 5971
f 7947 5787 5785
f 7535 5385 5383
f 7391 5229 5227
f 7751 5589 5587
f 7911 5751 5749
f 7517 5361 5359
f 7317 5157 5155
f 7695 5535 5533
f 7875 5721 5719
f 7967 5817 5815
f 7623 5469 5467
f 8145 5991 5989
f 8073 5919 5917
f 7823 5667 5665
f 7301 5139 5137
f 8325 6082 6080
f 8253 6046 6044
f 8361 6064 6062
f 8415 6106 6104
f 8469 6124 6122
f 8613 6142 6140
f 9099 6345 6343
f 8831 6267 6265
f 9209 6387 6385
f 8579 6166 6164
f 8937 6280 6278
f 8649 6189 6187
f 8795 6220 6218
f 9009 6304 6302
f 9063 6322 6320
f 9117 6334 6332
f 8883 6232 6230
f 8849 6256 6254
f 9227 6393 6391
f 8561 6177 6175
f 8284 5002 5000
f 8212 4978 4976
f 8232 5014 5012
f 8340 5032 5030
f 8394 5050 5048
f 8484 5134 5132
f 9130 5476 5474
f 8896 5998 5996
f 9274 5926 5924
f 8538 5662 5660
f 8914 5272 5270
f 8680 5248 5246
f 8700 5284 5282
f 8952 5302 5300
f 8988 5320 5318
f 9076 5380 5378
f 8718 5224 5222
f 8808 5584 5582
f 9258 5758 5756
f 8626 5794 5792
f 8446 5968 5966
f 8302 5428 5426
f 8266 5074 5072
f 8374 5614 5612
f 8428 5884 5882
f 8500 5452 5450
f 9168 6028 6026
f 8862 5950 5948
f 9240 5680 5678
f 8518 5110 5108
f 9040 5812 5810
f 8736 5356 5354
f 8662 5164 5162
f 8968 5542 5540
f 9022 5728 5726
f 9148 5836 5834
f 8752 5344 5342
f 8770 5200 5198
f 9186 5578 5576
f 8592 5764 5762
f 8322 5494 5492
f 8250 5086 5084
f 8358 5626 5624
f 8412 5932 5930
f 8466 6034 6032
f 8610 5842 5840
f 9096 5410 5408
f 8824 5218 5216
f 9202 5566 5564
f 8572 5698 5696
f 8934 5392 5390
f 8646 5176 5174
f 8788 5518 5516
f 9006 5740 5738
f 9060 5860 5858
f 9114 5488 5486
f 8880 6010 6008
f 8842 5902 5900
f 9220 5650 5648
f 8554 5128 5126
f 8291 6087 6085
f 8219 6051 6049
f 8235 6057 6055
f 8343 6099 6097
f 8397 6117 6115
f 8487 6135 6133
f 9137 6363 6361
f 8903 6274 6272
f 9281 6400 6398
f 8541 6154 6152
f 8921 6285 6283
f 8687 6213 6211
f 8703 6202 6200
f 8955 6297 6295
f 8991 6315 6313
f 9083 6339 6337
f 8721 6225 6223
f 8811 6244 6242
f 9261 6376 6374
f 8633 6184 6182
f 7205 4992 4988
f 7151 4968 4964
f 7136 4973 4969
f 7172 5009 5005
f 7190 5027 5023
f 7244 5081 5077
f 7658 5466 5462
f 8198 5988 5984
f 8090 5916 5912
f 7784 5621 5617
f 7475 5262 5258
f 7421 5238 5234
f 7406 5243 5239
f 7442 5279 5275
f 7460 5297 5293
f 7550 5370 5366
f 7334 5171 5167
f 7676 5513 5509
f 7892 5735 5731
f 8015 5784 5780
f 8177 5958 5954
f 7601 5418 5414
f 7259 5064 5060
f 7835 5604 5600
f 8105 5874 5870
f 7637 5442 5438
f 8162 6005 6001
f 8054 5897 5893
f 7802 5645 5641
f 7277 5100 5096
f 7979 5802 5798
f 7493 5327 5323
f 7349 5154 5150
f 7727 5532 5528
f 7928 5718 5714
f 8000 5826 5822
f 7565 5334 5330
f 7367 5190 5186
f 7709 5549 5545
f 7856 5693 5689
f 7586 5423 5419
f 7223 5057 5053
f 7763 5597 5593
f 8033 5867 5863
f 8126 5963 5959
f 7943 5777 5773
f 7532 5375 5371
f 7388 5208 5204
f 7748 5556 5552
f 7907 5688 5684
f 7514 5351 5347
f 7313 5147 5143
f 7691 5508 5504
f 7871 5711 5707
f 7964 5807 5803
f 7619 5459 5455
f 8141 5981 5977
f 8069 5892 5888
f 7820 5640 5636
f 7298 5118 5114
f 8328 6095 6091
f 8256 6071 6067
f 8364 6078 6074
f 8418 6114 6110
f 8472 6132 6128
f 8616 6150 6146
f 9102 6353 6349
f 8830 6263 6259
f 9208 6383 6379
f 8578 6162 6158
f 8940 6293 6289
f 8652 6197 6193
f 8794 6210 6206
f 9012 6312 6308
f 9066 6330 6326
f 9120 6359 6355
f 8886 6240 6236
f 8848 6252 6248
f 9226 6372 6368
f 8560 6173 6169
f 9290 3549 3551
f 9284 3531 3533
f 9285 3526 3528
f 9292 3538 3540
f 9295 3544 3546
f 9304 3562 3564
f 9370 3700 3702
f 9457 3880 3882
f 9446 3844 3846
f 9394 3742 3744
f 9335 3639 3641
f 9329 3621 3623
f 9330 3616 3618
f 9337 3628 3630
f 9340 3634 3636
f 9353 3664 3666
f 9319 3592 3594
f 9375 3706 3708
f 9415 3778 3780
f 9421 3819 3821
f 9449 3873 3875
f 9359 3681 3683
f 9301 3567 3569
f 9391 3759 3761
f 9436 3849 3851
f 9365 3693 3695
f 9460 3868 3870
f 9441 3832 3834
f 9399 3748 3750
f 9308 3573 3575
f 9425 3807 3809
f 9343 3645 3647
f 9316 3597 3599
f 9380 3723 3725
f 9412 3790 3792
f 9431 3814 3816
f 9346 3669 3671
f 9323 3603 3605
f 9382 3717 3719
f 9405 3766 3768
f 9360 3676 3678
f 9298 3555 3557
f 9388 3735 3737
f 9433 3825 3827
f 9450 3856 3858
f 9418 3795 3797
f 9354 3658 3660
f 9326 3610 3612
f 9385 3730 3732
f 9404 3783 3785
f 9349 3652 3654
f 9313 3585 3587
f 9374 3711 3713
f 9409 3771 3773
f 9426 3802 3804
f 9367 3687 3689
f 9454 3861 3863
f 9440 3837 3839
f 9398 3754 3756
f 9311 3580 3582
f 9871 4690 4692
f 9565 4078 4080
f 9584 4120 4122
f 9962 4876 4878
f 9998 4948 4950
f 9854 4660 4662
f 9838 4630 4632
f 9694 4336 4338
f 9892 4732 4734
f 9602 4162 4164
f 9817 4582 4584
f 9655 4258 4260
f 9674 4306 4308
f 9908 4768 4770
f 9983 4924 4926
f 9856 4666 4668
f 9836 4624 4626
f 9692 4342 4344
f 9890 4738 4740
f 9604 4156 4158
f 9536 4041 4043
f 9482 3933 3935
f 9466 3903 3905
f 9502 3975 3977
f 9520 4011 4013
f 9556 4089 4091
f 9862 4701 4703
f 9994 4959 4961
f 9958 4887 4889
f 9580 4131 4133
f 9770 4509 4511
f 9716 4401 4403
f 9634 4239 4241
f 9736 4449 4451
f 9754 4479 4481
f 9808 4593 4595
f 9646 4263 4265
f 9670 4311 4313
f 9904 4779 4781
f 9974 4911 4913
f 9866 4695 4697
f 9560 4083 4085
f 9572 4113 4115
f 9950 4869 4871
f 9986 4941 4943
f 9842 4653 4655
f 9832 4635 4637
f 9688 4347 4349
f 9886 4743 4745
f 9590 4149 4151
f 9812 4587 4589
f 9650 4269 4271
f 9662 4293 4295
f 9896 4761 4763
f 9970 4917 4919
f 9850 4671 4673
f 9824 4617 4619
f 9680 4329 4331
f 9878 4725 4727
f 9598 4167 4169
f 9490 3951 3953
f 9470 3909 3911
f 9506 3981 3983
f 9524 4017 4019
f 9544 4059 4061
f 9614 4197 4199
f 9790 4551 4553
f 9700 4371 4373
f 9916 4809 4811
f 9938 4839 4841
f 9724 4419 4421
f 9626 4221 4223
f 9740 4443 4445
f 9758 4485 4487
f 9778 4527 4529
f 9794 4557 4559
f 9704 4377 4379
f 9920 4803 4805
f 9934 4845 4847
f 9610 4191 4193
f 9496 3940 3942
f 9475 3898 3900
f 9511 3970 3972
f 9529 4006 4008
f 9550 4048 4050
f 9619 4186 4188
f 9803 4564 4566
f 9713 4384 4386
f 9929 4816 4818
f 9943 4834 4836
f 9730 4414 4416
f 9638 4234 4236
f 9745 4438 4440
f 9763 4474 4476
f 9784 4516 4518
f 9799 4546 4548
f 9709 4366 4368
f 9925 4798 4800
f 9947 4852 4854
f 9623 4204 4206
f 9483 3922 3924
f 9463 3885 3887
f 9499 3957 3959
f 9517 3993 3995
f 9537 4030 4032
f 9607 4173 4175
f 9795 4540 4542
f 9705 4360 4362
f 9921 4792 4794
f 9931 4821 4823
f 9717 4390 4392
f 9631 4215 4217
f 9733 4425 4427
f 9751 4461 4463
f 9771 4498 4500
f 9787 4533 4535
f 9697 4353 4355
f 9913 4785 4787
f 9939 4828 4830
f 9615 4180 4182
f 9541 4035 4037
f 9487 3927 3929
f 9471 3892 3894
f 9507 3964 3966
f 9525 4000 4002
f 9561 4072 4074
f 9867 4684 4686
f 9987 4930 4932
f 9951 4858 4860
f 9573 4102 4104
f 9775 4503 4505
f 9721 4395 4397
f 9627 4210 4212
f 9741 4432 4434
f 9759 4468 4470
f 9813 4576 4578
f 9651 4252 4254
f 9663 4282 4284
f 9897 4750 4752
f 9967 4893 4895
f 9859 4677 4679
f 9553 4065 4067
f 9577 4107 4109
f 9955 4863 4865
f 9991 4935 4937
f 9847 4647 4649
f 9825 4606 4608
f 9681 4318 4320
f 9879 4714 4716
f 9595 4143 4145
f 9805 4569 4571
f 9643 4245 4247
f 9667 4287 4289
f 9901 4755 4757
f 9975 4900 4902
f 9843 4642 4644
f 9829 4611 4613
f 9685 4323 4325
f 9883 4719 4721
f 9591 4138 4140
f 9548 4054 4056
f 9494 3946 3948
f 9479 3916 3918
f 9515 3988 3990
f 9533 4024 4026
f 9569 4096 4098
f 9875 4708 4710
f 10000 4954 4956
f 9964 4882 4884
f 9586 4126 4128
f 9782 4522 4524
f 9728 4408 4410
f 9640 4228 4230
f 9749 4456 4458
f 9767 4492 4494
f 9821 4600 4602
f 9659 4276 4278
f 9676 4300 4302
f 9910 4774 4776
f 9979 4906 4908
f 10010 5004 5003
f 10004 4980 4979
f 10008 5016 5015
f 10014 5034 5033
f 10017 5052 5051
f 10026 5136 5135
f 10091 5478 5477
f 10178 6000 5999
f 10166 5928 5927
f 10116 5664 5663
f 10055 5274 5273
f 10049 5250 5249
f 10053 5286 5285
f 10059 5304 5303
f 10062 5322 5321
f 10073 5382 5381
f 10041 5226 5225
f 10098 5586 5585
f 10137 5760 5759
f 10142 5796 5795
f 10169 5970 5969
f 10079 5430 5429
f 10022 5076 5075
f 10112 5616 5615
f 10157 5886 5885
f 10085 5454 5453
f 10182 6030 6029
f 10164 5952 5951
f 10122 5682 5681
f 10028 5112 5111
f 10145 5814 5813
f 10065 5358 5357
f 10037 5166 5165
f 10100 5544 5543
f 10133 5730 5729
f 10151 5838 5837
f 10067 5346 5345
f 10043 5202 5201
f 10104 5580 5579
f 10128 5766 5765
f 10083 5496 5495
f 10020 5088 5087
f 10110 5628 5627
f 10155 5934 5933
f 10173 6036 6035
f 10140 5844 5843
f 10077 5412 5411
f 10046 5220 5219
f 10106 5568 5567
f 10124 5700 5699
f 10071 5394 5393
f 10035 5178 5177
f 10094 5520 5519
f 10131 5742 5741
f 10149 5862 5861
f 10089 5490 5489
f 10176 6012 6011
f 10160 5904 5903
f 10118 5652 5651
f 10031 5130 5129
f 10190 6089 6090
f 10184 6053 6054
f 10186 6059 6060
f 10192 6101 6102
f 10195 6119 6120
f 10198 6137 6138
f 10236 6365 6366
f 10221 6276 6275
f 10242 6402 6401
f 10201 6156 6155
f 10223 6287 6288
f 10209 6215 6216
f 10210 6204 6203
f 10225 6299 6300
f 10228 6317 6318
f 10232 6341 6342
f 10213 6227 6228
f 10216 6246 6245
f 10238 6378 6377
f 10206 6186 6185
f 6407 6416 6409
f 6403 6408 6405
f 6404 6406 6411
f 6410 6412 6414
f 6413 6415 6417
f 6422 6424 6431
f 6486 6492 6488
f 6573 6582 6575
f 6561 6565 6563
f 6512 6514 6519
f 6452 6461 6454
f 6448 6453 6450
f 6449 6451 6456
f 6455 6457 6459
f 6458 6460 6462
f 6470 6475 6472
f 6437 6439 6446
f 6494 6496 6506
f 6531 6533 6535
f 6539 6551 6541
f 6568 6579 6570
f 6478 6483 6480
f 6419 6426 6421
f 6509 6521 6511
f 6554 6566 6556
f 6482 6489 6484
f 6576 6578 6580
f 6558 6560 6567
f 6516 6518 6522
f 6425 6429 6427
f 6542 6547 6544
f 6463 6465 6468
f 6434 6441 6436
f 6497 6504 6499
f 6528 6537 6530
f 6546 6550 6548
f 6464 6476 6466
f 6440 6444 6442
f 6500 6502 6505
f 6524 6526 6536
f 6479 6481 6491
f 6418 6420 6423
f 6508 6510 6513
f 6553 6555 6564
f 6569 6571 6581
f 6538 6540 6549
f 6471 6473 6477
f 6443 6447 6445
f 6501 6507 6503
f 6523 6534 6525
f 6467 6469 6474
f 6433 6435 6438
f 6493 6498 6495
f 6527 6529 6532
f 6543 6545 6552
f 6485 6487 6490
f 6572 6574 6577
f 6557 6562 6559
f 6515 6520 6517
f 6428 6432 6430
f 6987 6989 6991
f 6681 6683 6685
f 6699 6703 6701
f 7077 7081 7079
f 7113 7117 7115
f 6969 6973 6971
f 6956 6958 6960
f 6810 6812 6816
f 7008 7010 7014
f 6717 6724 6719
f 6933 6935 6937
f 6771 6773 6778
f 6789 6796 6791
f 7023 7027 7025
f 7100 7104 7102
f 6974 6976 6978
f 6951 6955 6953
f 6807 6814 6809
f 7005 7012 7007
f 6720 6722 6726
f 6655 6664 6657
f 6601 6610 6603
f 6584 6595 6586
f 6620 6631 6622
f 6638 6649 6640
f 6674 6687 6676
f 6980 6993 6982
f 7110 7121 7112
f 7074 7085 7076
f 6696 6707 6698
f 6889 6898 6891
f 6835 6844 6837
f 6750 6761 6752
f 6854 6867 6856
f 6872 6883 6874
f 6926 6939 6928
f 6764 6775 6766
f 6786 6797 6788
f 7020 7031 7022
f 7091 7098 7093
f 6983 6990 6985
f 6677 6684 6679
f 6691 6700 6693
f 7069 7078 7071
f 7105 7114 7107
f 6961 6970 6963
f 6948 6959 6950
f 6804 6815 6806
f 7002 7013 7004
f 6709 6718 6711
f 6929 6936 6931
f 6767 6777 6769
f 6781 6790 6783
f 7015 7024 7017
f 7088 7101 7090
f 6966 6977 6968
f 6943 6952 6945
f 6799 6808 6801
f 6997 7006 6999
f 6714 6725 6716
f 6606 6617 6608
f 6587 6597 6589
f 6623 6633 6625
f 6641 6651 6643
f 6660 6671 6662
f 6731 6741 6733
f 6908 6919 6910
f 6818 6829 6820
f 7034 7047 7036
f 7055 7062 7057
f 6840 6851 6842
f 6745 6754 6747
f 6857 6864 6859
f 6875 6885 6877
f 6894 6905 6896
f 6911 6921 6913
f 6821 6831 6823
f 7037 7044 7039
f 7052 7065 7054
f 6728 6739 6730
f 6612 6614 6618
f 6591 6593 6598
f 6627 6629 6634
f 6645 6647 6652
f 6666 6668 6672
f 6735 6737 6742
f 6918 6924 6920
f 6828 6834 6830
f 7046 7050 7048
f 7059 7061 7063
f 6848 6850 6852
f 6753 6760 6755
f 6861 6863 6865
f 6879 6881 6886
f 6900 6902 6906
f 6915 6917 6922
f 6825 6827 6832
f 7041 7043 7045
f 7064 7068 7066
f 6738 6744 6740
f 6602 6604 6613
f 6583 6585 6592
f 6619 6621 6628
f 6637 6639 6646
f 6656 6658 6667
f 6727 6729 6736
f 6912 6914 6923
f 6822 6824 6833
f 7038 7040 7049
f 7051 7053 7060
f 6836 6838 6849
f 6749 6751 6759
f 6853 6855 6862
f 6871 6873 6880
f 6890 6892 6901
f 6907 6909 6916
f 6817 6819 6826
f 7033 7035 7042
f 7056 7058 7067
f 6732 6734 6743
f 6659 6661 6669
f 6605 6607 6615
f 6588 6590 6599
f 6624 6626 6635
f 6642 6644 6653
f 6678 6680 6689
f 6984 6986 6995
f 7106 7108 7119
f 7070 7072 7083
f 6692 6694 6705
f 6893 6895 6903
f 6839 6841 6846
f 6746 6748 6757
f 6858 6860 6869
f 6876 6878 6887
f 6930 6932 6941
f 6768 6770 6779
f 6782 6784 6793
f 7016 7018 7029
f 7087 7089 7096
f 6979 6981 6988
f 6673 6675 6682
f 6695 6697 6702
f 7073 7075 7080
f 7109 7111 7116
f 6965 6967 6972
f 6944 6946 6957
f 6800 6802 6811
f 6998 7000 7009
f 6713 6715 6723
f 6925 6927 6934
f 6763 6765 6772
f 6785 6787 6795
f 7019 7021 7026
f 7092 7094 7103
f 6962 6964 6975
f 6947 6949 6954
f 6803 6805 6813
f 7001 7003 7011
f 6710 6712 6721
f 6663 6670 6665
f 6609 6616 6611
f 6594 6600 6596
f 6630 6636 6632
f 6648 6654 6650
f 6686 6690 6688
f 6992 6996 6994
f 7118 7120 7122
f 7082 7084 7086
f 6704 6706 6708
f 6897 6904 6899
f 6843 6847 6845
f 6756 6758 6762
f 6866 6870 6868
f 6882 6888 6884
f 6938 6942 6940
f 6774 6780 6776
f 6792 6794 6798
f 7028 7030 7032
f 7095 7097 7099
f 8283 8285 8287
f 8211 8213 8215
f 8229 8233 8231
f 8337 8341 8339
f 8391 8395 8393
f 8481 8485 8483
f 9129 9131 9133
f 8895 8897 8899
f 9273 9275 9277
f 8535 8539 8537
f 8913 8915 8917
f 8679 8681 8683
f 8697 8701 8699
f 8949 8953 8951
f 8985 8989 8987
f 9075 9077 9079
f 8715 8719 8717
f 8805 8809 8807
f 9255 9259 9257
f 8625 8627 8629
f 8445 8447 8449
f 8301 8303 8305
f 8265 8267 8269
f 8373 8375 8377
f 8427 8429 8431
f 8499 8501 8503
f 9165 9169 9167
f 8859 8863 8861
f 9237 9241 9239
f 8517 8519 8521
f 9039 9041 9043
f 8733 8737 8735
f 8661 8663 8665
f 8967 8969 8971
f 9021 9023 9025
f 9147 9149 9151
f 8751 8753 8755
f 8769 8771 8773
f 9183 9187 9185
f 8589 8593 8591
f 8319 8323 8321
f 8247 8251 8249
f 8355 8359 8357
f 8409 8413 8411
f 8463 8467 8465
f 8607 8611 8609
f 9093 9097 9095
f 8823 8825 8827
f 9201 9203 9205
f 8571 8573 8575
f 8931 8935 8933
f 8643 8647 8645
f 8787 8789 8791
f 9003 9007 9005
f 9057 9061 9059
f 9111 9115 9113
f 8877 8881 8879
f 8841 8843 8845
f 9219 9221 9223
f 8553 8555 8557
f 8288 8292 8290
f 8216 8220 8218
f 8234 8236 8238
f 8342 8344 8346
f 8396 8398 8400
f 8486 8488 8490
f 9134 9138 9136
f 8900 8904 8902
f 9278 9282 9280
f 8540 8542 8544
f 8918 8922 8920
f 8684 8688 8686
f 8702 8704 8706
f 8954 8956 8958
f 8990 8992 8994
f 9080 9084 9082
f 8720 8722 8724
f 8810 8812 8814
f 9260 9262 9264
f 8630 8634 8632
f 7195 7204 7197
f 7141 7150 7143
f 7124 7135 7126
f 7160 7171 7162
f 7178 7189 7180
f 7232 7243 7234
f 7646 7657 7648
f 8186 8197 8188
f 8078 8089 8080
f 7772 7783 7774
f 7465 7474 7467
f 7411 7420 7413
f 7394 7405 7396
f 7430 7441 7432
f 7448 7459 7450
f 7538 7549 7540
f 7322 7333 7324
f 7664 7675 7666
f 7880 7891 7882
f 8005 8014 8007
f 8167 8176 8169
f 7591 7600 7593
f 7249 7258 7251
f 7825 7834 7827
f 8095 8104 8097
f 7627 7636 7629
f 8150 8161 8152
f 8042 8053 8044
f 7790 7801 7792
f 7267 7276 7269
f 7969 7978 7971
f 7483 7492 7485
f 7339 7348 7341
f 7717 7726 7719
f 7916 7927 7918
f 7988 7999 7990
f 7555 7564 7557
f 7357 7366 7359
f 7699 7708 7701
f 7844 7855 7846
f 7574 7585 7576
f 7213 7222 7215
f 7753 7762 7755
f 8023 8032 8025
f 8114 8125 8116
f 7933 7942 7935
f 7520 7531 7522
f 7376 7387 7378
f 7736 7747 7738
f 7897 7906 7899
f 7502 7513 7504
f 7303 7312 7305
f 7681 7690 7683
f 7861 7870 7863
f 7952 7963 7954
f 7609 7618 7611
f 8131 8140 8133
f 8059 8068 8061
f 7808 7819 7810
f 7286 7297 7288
f 8316 8327 8318
f 8244 8255 8246
f 8352 8363 8354
f 8406 8417 8408
f 8460 8471 8462
f 8604 8615 8606
f 9090 9101 9092
f 8816 8829 8818
f 9194 9207 9196
f 8564 8577 8566
f 8928 8939 8930
f 8640 8651 8642
f 8780 8793 8782
f 9000 9011 9002
f 9054 9065 9056
f 9108 9119 9110
f 8874 8885 8876
f 8834 8847 8836
f 9212 9225 9214
f 8546 8559 8548
f 8279 8286 8281
f 8207 8214 8209
f 8221 8230 8223
f 8329 8338 8331
f 8383 8392 8385
f 8473 8482 8475
f 9125 9132 9127
f 8891 8898 8893
f 9269 9276 9271
f 8527 8536 8529
f 8909 8916 8911
f 8675 8682 8677
f 8689 8698 8691
f 8941 8950 8943
f 8977 8986 8979
f 9071 9078 9073
f 8707 8716 8709
f 8797 8806 8799
f 9247 9256 9249
f 8621 8628 8623
f 8441 8448 8443
f 8297 8304 8299
f 8261 8268 8263
f 8369 8376 8371
f 8423 8430 8425
f 8495 8502 8497
f 9157 9166 9159
f 8851 8860 8853
f 9229 9238 9231
f 8513 8520 8515
f 9035 9042 9037
f 8725 8734 8727
f 8657 8664 8659
f 8963 8970 8965
f 9017 9024 9019
f 9143 9150 9145
f 8747 8754 8749
f 8765 8772 8767
f 9175 9184 9177
f 8581 8590 8583
f 8311 8320 8313
f 8239 8248 8241
f 8347 8356 8349
f 8401 8410 8403
f 8455 8464 8457
f 8599 8608 8601
f 9085 9094 9087
f 8819 8826 8821
f 9197 9204 9199
f 8567 8574 8569
f 8923 8932 8925
f 8635 8644 8637
f 8783 8790 8785
f 8995 9004 8997
f 9049 9058 9051
f 9103 9112 9105
f 8869 8878 8871
f 8837 8844 8839
f 9215 9222 9217
f 8549 8556 8551
f 8276 8289 8278
f 8204 8217 8206
f 8226 8237 8228
f 8334 8345 8336
f 8388 8399 8390
f 8478 8489 8480
f 9122 9135 9124
f 8888 8901 8890
f 9266 9279 9268
f 8532 8543 8534
f 8906 8919 8908
f 8672 8685 8674
f 8694 8705 8696
f 8946 8957 8948
f 8982 8993 8984
f 9068 9081 9070
f 8712 8723 8714
f 8802 8813 8804
f 9252 9263 9254
f 8618 8631 8620
f 7146 7157 7148
f 7127 7137 7129
f 7163 7173 7165
f 7181 7191 7183
f 7200 7211 7202
f 7289 7299 7291
f 7614 7625 7616
f 8136 8147 8138
f 8064 8075 8066
f 7811 7821 7813
f 7416 7427 7418
f 7397 7407 7399
f 7433 7443 7435
f 7451 7461 7453
f 7470 7481 7472
f 7523 7533 7525
f 7379 7389 7381
f 7739 7749 7741
f 7902 7913 7904
f 7938 7949 7940
f 8117 8127 8119
f 7577 7587 7579
f 7218 7229 7220
f 7758 7769 7760
f 8028 8039 8030
f 7596 7607 7598
f 8172 8183 8174
f 8100 8111 8102
f 7830 7841 7832
f 7254 7265 7256
f 7955 7965 7957
f 7505 7515 7507
f 7308 7319 7310
f 7686 7697 7688
f 7866 7877 7868
f 7974 7985 7976
f 7488 7499 7490
f 7344 7355 7346
f 7722 7733 7724
f 7919 7929 7921
f 7649 7659 7651
f 7235 7245 7237
f 7775 7785 7777
f 8081 8091 8083
f 8189 8199 8191
f 7991 8001 7993
f 7560 7571 7562
f 7362 7373 7364
f 7704 7715 7706
f 7847 7857 7849
f 7541 7551 7543
f 7325 7335 7327
f 7667 7677 7669
f 7883 7893 7885
f 8010 8021 8012
f 7632 7643 7634
f 8153 8163 8155
f 8045 8055 8047
f 7793 7803 7795
f 7272 7283 7274
f 8438 8451 8440
f 8294 8307 8296
f 8258 8271 8260
f 8366 8379 8368
f 8420 8433 8422
f 8492 8505 8494
f 9162 9173 9164
f 8856 8867 8858
f 9234 9245 9236
f 8510 8523 8512
f 9032 9045 9034
f 8730 8741 8732
f 8654 8667 8656
f 8960 8973 8962
f 9014 9027 9016
f 9140 9153 9142
f 8744 8757 8746
f 8762 8775 8764
f 9180 9191 9182
f 8586 8597 8588
f 7152 7154 7158
f 7131 7133 7138
f 7167 7169 7174
f 7185 7187 7192
f 7206 7208 7212
f 7293 7295 7300
f 7620 7622 7626
f 8142 8144 8148
f 8070 8072 8076
f 7815 7817 7822
f 7422 7424 7428
f 7401 7403 7408
f 7437 7439 7444
f 7455 7457 7462
f 7476 7478 7482
f 7527 7529 7534
f 7383 7385 7390
f 7743 7745 7750
f 7908 7910 7914
f 7944 7946 7950
f 8121 8123 8128
f 7581 7583 7588
f 7224 7226 7230
f 7764 7766 7770
f 8034 8036 8040
f 7602 7604 7608
f 8178 8180 8184
f 8106 8108 8112
f 7836 7838 7842
f 7260 7262 7266
f 7959 7961 7966
f 7509 7511 7516
f 7314 7316 7320
f 7692 7694 7698
f 7872 7874 7878
f 7980 7982 7986
f 7494 7496 7500
f 7350 7352 7356
f 7728 7730 7734
f 7923 7925 7930
f 7653 7655 7660
f 7239 7241 7246
f 7779 7781 7786
f 8085 8087 8092
f 8193 8195 8200
f 7995 7997 8002
f 7566 7568 7572
f 7368 7370 7374
f 7710 7712 7716
f 7851 7853 7858
f 7545 7547 7552
f 7329 7331 7336
f 7671 7673 7678
f 7887 7889 7894
f 8016 8018 8022
f 7638 7640 7644
f 8157 8159 8164
f 8049 8051 8056
f 7797 7799 7804
f 7278 7280 7284
f 8450 8454 8452
f 8306 8310 8308
f 8270 8274 8272
f 8378 8382 8380
f 8432 8436 8434
f 8504 8508 8506
f 9170 9172 9174
f 8864 8866 8868
f 9242 9244 9246
f 8522 8526 8524
f 9044 9048 9046
f 8738 8740 8742
f 8666 8670 8668
f 8972 8976 8974
f 9026 9030 9028
f 9152 9156 9154
f 8756 8760 8758
f 8774 8778 8776
f 9188 9190 9192
f 8594 8596 8598
f 7142 7144 7153
f 7123 7125 7132
f 7159 7161 7168
f 7177 7179 7186
f 7196 7198 7207
f 7285 7287 7294
f 7610 7612 7621
f 8132 8134 8143
f 8060 8062 8071
f 7807 7809 7816
f 7412 7414 7423
f 7393 7395 7402
f 7429 7431 7438
f 7447 7449 7456
f 7466 7468 7477
f 7519 7521 7528
f 7375 7377 7384
f 7735 7737 7744
f 7898 7900 7909
f 7934 7936 7945
f 8113 8115 8122
f 7573 7575 7582
f 7214 7216 7225
f 7754 7756 7765
f 8024 8026 8035
f 7592 7594 7603
f 8168 8170 8179
f 8096 8098 8107
f 7826 7828 7837
f 7250 7252 7261
f 7951 7953 7960
f 7501 7503 7510
f 7304 7306 7315
f 7682 7684 7693
f 7862 7864 7873
f 7970 7972 7981
f 7484 7486 7495
f 7340 7342 7351
f 7718 7720 7729
f 7915 7917 7924
f 7645 7647 7654
f 7231 7233 7240
f 7771 7773 7780
f 8077 8079 8086
f 8185 8187 8194
f 7987 7989 7996
f 7556 7558 7567
f 7358 7360 7369
f 7700 7702 7711
f 7843 7845 7852
f 7537 7539 7546
f 7321 7323 7330
f 7663 7665 7672
f 7879 7881 7888
f 8006 8008 8017
f 7628 7630 7639
f 8149 8151 8158
f 8041 8043 8050
f 7789 7791 7798
f 7268 7270 7279
f 8442 8444 8453
f 8298 8300 8309
f 8262 8264 8273
f 8370 8372 8381
f 8424 8426 8435
f 8496 8498 8507
f 9158 9160 9171
f 8852 8854 8865
f 9230 9232 9243
f 8514 8516 8525
f 9036 9038 9047
f 8726 8728 8739
f 8658 8660 8669
f 8964 8966 8975
f 9018 9020 9029
f 9144 9146 9155
f 8748 8750 8759
f 8766 8768 8777
f 9176 9178 9189
f 8582 8584 8595
f 7199 7201 7209
f 7145 7147 7155
f 7128 7130 7139
f 7164 7166 7175
f 7182 7184 7193
f 7236 7238 7247
f 7650 7652 7661
f 8190 8192 8201
f 8082 8084 8093
f 7776 7778 7787
f 7469 7471 7479
f 7415 7417 7425
f 7398 7400 7409
f 7434 7436 7445
f 7452 7454 7463
f 7542 7544 7553
f 7326 7328 7337
f 7668 7670 7679
f 7884 7886 7895
f 8009 8011 8019
f 8171 8173 8181
f 7595 7597 7605
f 7253 7255 7263
f 7829 7831 7839
f 8099 8101 8109
f 7631 7633 7641
f 8154 8156 8165
f 8046 8048 8057
f 7794 7796 7805
f 7271 7273 7281
f 7973 7975 7983
f 7487 7489 7497
f 7343 7345 7353
f 7721 7723 7731
f 7920 7922 7931
f 7992 7994 8003
f 7559 7561 7569
f 7361 7363 7371
f 7703 7705 7713
f 7848 7850 7859
f 7578 7580 7589
f 7217 7219 7227
f 7757 7759 7767
f 8027 8029 8037
f 8118 8120 8129
f 7937 7939 7947
f 7524 7526 7535
f 7380 7382 7391
f 7740 7742 7751
f 7901 7903 7911
f 7506 7508 7517
f 7307 7309 7317
f 7685 7687 7695
f 7865 7867 7875
f 7956 7958 7967
f 7613 7615 7623
f 8135 8137 8145
f 8063 8065 8073
f 7812 7814 7823
f 7290 7292 7301
f 8312 8314 8325
f 8240 8242 8253
f 8348 8350 8361
f 8402 8404 8415
f 8456 8458 8469
f 8600 8602 8613
f 9086 9088 9099
f 8820 8822 8831
f 9198 9200 9209
f 8568 8570 8579
f 8924 8926 8937
f 8636 8638 8649
f 8784 8786 8795
f 8996 8998 9009
f 9050 9052 9063
f 9104 9106 9117
f 8870 8872 8883
f 8838 8840 8849
f 9216 9218 9227
f 8550 8552 8561
f 8275 8277 8284
f 8203 8205 8212
f 8225 8227 8232
f 8333 8335 8340
f 8387 8389 8394
f 8477 8479 8484
f 9121 9123 9130
f 8887 8889 8896
f 9265 9267 9274
f 8531 8533 8538
f 8905 8907 8914
f 8671 8673 8680
f 8693 8695 8700
f 8945 8947 8952
f 8981 8983 8988
f 9067 9069 9076
f 8711 8713 8718
f 8801 8803 8808
f 9251 9253 9258
f 8617 8619 8626
f 8437 8439 8446
f 8293 8295 8302
f 8257 8259 8266
f 8365 8367 8374
f 8419 8421 8428
f 8491 8493 8500
f 9161 9163 9168
f 8855 8857 8862
f 9233 9235 9240
f 8509 8511 8518
f 9031 9033 9040
f 8729 8731 8736
f 8653 8655 8662
f 8959 8961 8968
f 9013 9015 9022
f 9139 9141 9148
f 8743 8745 8752
f 8761 8763 8770
f 9179 9181 9186
f 8585 8587 8592
f 8315 8317 8322
f 8243 8245 8250
f 8351 8353 8358
f 8405 8407 8412
f 8459 8461 8466
f 8603 8605 8610
f 9089 9091 9096
f 8815 8817 8824
f 9193 9195 9202
f 8563 8565 8572
f 8927 8929 8934
f 8639 8641 8646
f 8779 8781 8788
f 8999 9001 9006
f 9053 9055 9060
f 9107 9109 9114
f 8873 8875 8880
f 8833 8835 8842
f 9211 9213 9220
f 8545 8547 8554
f 8280 8282 8291
f 8208 8210 8219
f 8222 8224 8235
f 8330 8332 8343
f 8384 8386 8397
f 8474 8476 8487
f 9126 9128 9137
f 8892 8894 8903
f 9270 9272 9281
f 8528 8530 8541
f 8910 8912 8921
f 8676 8678 8687
f 8690 8692 8703
f 8942 8944 8955
f 8978 8980 8991
f 9072 9074 9083
f 8708 8710 8721
f 8798 8800 8811
f 9248 9250 9261
f 8622 8624 8633
f 7203 7210 7205
f 7149 7156 7151
f 7134 7140 7136
f 7170 7176 7172
f 7188 7194 7190
f 7242 7248 7244
f 7656 7662 7658
f 8196 8202 8198
f 8088 8094 8090
f 7782 7788 7784
f 7473 7480 7475
f 7419 7426 7421
f 7404 7410 7406
f 7440 7446 7442
f 7458 7464 7460
f 7548 7554 7550
f 7332 7338 7334
f 7674 7680 7676
f 7890 7896 7892
f 8013 8020 8015
f 8175 8182 8177
f 7599 7606 7601
f 7257 7264 7259
f 7833 7840 7835
f 8103 8110 8105
f 7635 7642 7637
f 8160 8166 8162
f 8052 8058 8054
f 7800 7806 7802
f 7275 7282 7277
f 7977 7984 7979
f 7491 7498 7493
f 7347 7354 7349
f 7725 7732 7727
f 7926 7932 7928
f 7998 8004 8000
f 7563 7570 7565
f 7365 7372 7367
f 7707 7714 7709
f 7854 7860 7856
f 7584 7590 7586
f 7221 7228 7223
f 7761 7768 7763
f 8031 8038 8033
f 8124 8130 8126
f 7941 7948 7943
f 7530 7536 7532
f 7386 7392 7388
f 7746 7752 7748
f 7905 7912 7907
f 7512 7518 7514
f 7311 7318 7313
f 7689 7696 7691
f 7869 7876 7871
f 7962 7968 7964
f 7617 7624 7619
f 8139 8146 8141
f 8067 8074 8069
f 7818 7824 7820
f 7296 7302 7298
f 8324 8326 8328
f 8252 8254 8256
f 8360 8362 8364
f 8414 8416 8418
f 8468 8470 8472
f 8612 8614 8616
f 9098 9100 9102
f 8828 8832 8830
f 9206 9210 9208
f 8576 8580 8578
f 8936 8938 8940
f 8648 8650 8652
f 8792 8796 8794
f 9008 9010 9012
f 9062 9064 9066
f 9116 9118 9120
f 8882 8884 8886
f 8846 8850 8848
f 9224 9228 9226
f 8558 8562 8560
f 9291 9289 9290
f 9287 9283 9284
f 9288 9286 9285
f 9294 9293 9292
f 9297 9296 9295
f 9306 9305 9304
f 9372 9369 9370
f 9459 9456 9457
f 9447 9445 9446
f 9396 9395 9394
f 9336 9334 9335
f 9332 9328 9329
f 9333 9331 9330
f 9339 9338 9337
f 9342 9341 9340
f 9356 9352 9353
f 9321 9320 9319
f 9378 9376 9375
f 9417 9416 9415
f 9423 9420 9421
f 9452 9448 9449
f 9362 9358 9359
f 9303 9300 9301
f 9393 9390 9391
f 9438 9435 9436
f 9366 9364 9365
f 9462 9461 9460
f 9444 9442 9441
f 9402 9400 9399
f 9309 9307 9308
f 9428 9424 9425
f 9347 9344 9343
f 9318 9315 9316
f 9381 9379 9380
f 9414 9411 9412
f 9432 9430 9431
f 9348 9345 9346
f 9324 9322 9323
f 9386 9383 9382
f 9408 9406 9405
f 9363 9361 9360
f 9302 9299 9298
f 9392 9389 9388
f 9437 9434 9433
f 9453 9451 9450
f 9422 9419 9418
f 9357 9355 9354
f 9327 9325 9326
f 9387 9384 9385
f 9407 9403 9404
f 9351 9350 9349
f 9317 9314 9313
f 9377 9373 9374
f 9413 9410 9409
f 9429 9427 9426
f 9371 9368 9367
f 9458 9455 9454
f 9443 9439 9440
f 9401 9397 9398
f 9312 9310 9311
f 9873 9872 9871
f 9567 9566 9565
f 9585 9583 9584
f 9963 9961 9962
f 9999 9997 9998
f 9855 9853 9854
f 9840 9839 9838
f 9696 9695 9694
f 9894 9893 9892
f 9603 9601 9602
f 9819 9818 9817
f 9657 9656 9655
f 9675 9673 9674
f 9909 9907 9908
f 9984 9982 9983
f 9858 9857 9856
f 9837 9835 9836
f 9693 9691 9692
f 9891 9889 9890
f 9606 9605 9604
f 9539 9535 9536
f 9485 9481 9482
f 9468 9465 9466
f 9504 9501 9502
f 9522 9519 9520
f 9558 9555 9556
f 9864 9861 9862
f 9996 9993 9994
f 9960 9957 9958
f 9582 9579 9580
f 9773 9769 9770
f 9719 9715 9716
f 9636 9633 9634
f 9738 9735 9736
f 9756 9753 9754
f 9810 9807 9808
f 9648 9645 9646
f 9672 9669 9670
f 9906 9903 9904
f 9977 9973 9974
f 9869 9865 9866
f 9563 9559 9560
f 9575 9571 9572
f 9953 9949 9950
f 9989 9985 9986
f 9845 9841 9842
f 9834 9831 9832
f 9690 9687 9688
f 9888 9885 9886
f 9593 9589 9590
f 9815 9811 9812
f 9653 9649 9650
f 9665 9661 9662
f 9899 9895 9896
f 9972 9969 9970
f 9852 9849 9850
f 9827 9823 9824
f 9683 9679 9680
f 9881 9877 9878
f 9600 9597 9598
f 9492 9489 9490
f 9473 9469 9470
f 9509 9505 9506
f 9527 9523 9524
f 9546 9543 9544
f 9617 9613 9614
f 9792 9789 9790
f 9702 9699 9700
f 9918 9915 9916
f 9941 9937 9938
f 9726 9723 9724
f 9629 9625 9626
f 9743 9739 9740
f 9761 9757 9758
f 9780 9777 9778
f 9797 9793 9794
f 9707 9703 9704
f 9923 9919 9920
f 9936 9933 9934
f 9612 9609 9610
f 9498 9497 9496
f 9477 9476 9475
f 9513 9512 9511
f 9531 9530 9529
f 9552 9551 9550
f 9621 9620 9619
f 9804 9802 9803
f 9714 9712 9713
f 9930 9928 9929
f 9945 9944 9943
f 9732 9731 9730
f 9639 9637 9638
f 9747 9746 9745
f 9765 9764 9763
f 9786 9785 9784
f 9801 9800 9799
f 9711 9710 9709
f 9927 9926 9925
f 9948 9946 9947
f 9624 9622 9623
f 9486 9484 9483
f 9467 9464 9463
f 9503 9500 9499
f 9521 9518 9517
f 9540 9538 9537
f 9611 9608 9607
f 9798 9796 9795
f 9708 9706 9705
f 9924 9922 9921
f 9935 9932 9931
f 9720 9718 9717
f 9635 9632 9631
f 9737 9734 9733
f 9755 9752 9751
f 9774 9772 9771
f 9791 9788 9787
f 9701 9698 9697
f 9917 9914 9913
f 9942 9940 9939
f 9618 9616 9615
f 9545 9542 9541
f 9491 9488 9487
f 9474 9472 9471
f 9510 9508 9507
f 9528 9526 9525
f 9564 9562 9561
f 9870 9868 9867
f 9990 9988 9987
f 9954 9952 9951
f 9576 9574 9573
f 9779 9776 9775
f 9725 9722 9721
f 9630 9628 9627
f 9744 9742 9741
f 9762 9760 9759
f 9816 9814 9813
f 9654 9652 9651
f 9666 9664 9663
f 9900 9898 9897
f 9971 9968 9967
f 9863 9860 9859
f 9557 9554 9553
f 9581 9578 9577
f 9959 9956 9955
f 9995 9992 9991
f 9851 9848 9847
f 9828 9826 9825
f 9684 9682 9681
f 9882 9880 9879
f 9599 9596 9595
f 9809 9806 9805
f 9647 9644 9643
f 9671 9668 9667
f 9905 9902 9901
f 9978 9976 9975
f 9846 9844 9843
f 9833 9830 9829
f 9689 9686 9685
f 9887 9884 9883
f 9594 9592 9591
f 9549 9547 9548
f 9495 9493 9494
f 9480 9478 9479
f 9516 9514 9515
f 9534 9532 9533
f 9570 9568 9569
f 9876 9874 9875
f 10002 10001 10000
f 9966 9965 9964
f 9588 9587 9586
f 9783 9781 9782
f 9729 9727 9728
f 9642 9641 9640
f 9750 9748 9749
f 9768 9766 9767
f 9822 9820 9821
f 9660 9658 9659
f 9678 9677 9676
f 9912 9911 9910
f 9981 9980 9979
f 10009 10011 10010
f 10003 10005 10004
f 10006 10007 10008
f 10012 10013 10014
f 10015 10016 10017
f 10024 10025 10026
f 10090 10092 10091
f 10177 10179 10178
f 10165 10167 10166
f 10114 10115 10116
f 10054 10056 10055
f 10048 10050 10049
f 10051 10052 10053
f 10057 10058 10059
f 10060 10061 10062
f 10072 10074 10073
f 10039 10040 10041
f 10096 10097 10098
f 10135 10136 10137
f 10141 10143 10142
f 10168 10170 10169
f 10078 10080 10079
f 10021 10023 10022
f 10111 10113 10112
f 10156 10158 10157
f 10084 10086 10085
f 10180 10181 10182
f 10162 10163 10164
f 10120 10121 10122
f 10027 10029 10028
f 10144 10146 10145
f 10063 10064 10065
f 10036 10038 10037
f 10099 10101 10100
f 10132 10134 10133
f 10150 10152 10151
f 10066 10068 10067
f 10042 10044 10043
f 10102 10103 10104
f 10126 10127 10128
f 10081 10082 10083
f 10018 10019 10020
f 10108 10109 10110
f 10153 10154 10155
f 10171 10172 10173
f 10138 10139 10140
f 10075 10076 10077
f 10045 10047 10046
f 10105 10107 10106
f 10123 10125 10124
f 10069 10070 10071
f 10033 10034 10035
f 10093 10095 10094
f 10129 10130 10131
f 10147 10148 10149
f 10087 10088 10089
f 10174 10175 10176
f 10159 10161 10160
f 10117 10119 10118
f 10030 10032 10031
f 10191 10189 10190
f 10185 10183 10184
f 10188 10187 10186
f 10194 10193 10192
f 10197 10196 10195
f 10200 10199 10198
f 10235 10234 10236
f 10219 10220 10221
f 10240 10241 10242
f 10202 10203 10201
f 10224 10222 10223
f 10208 10207 10209
f 10211 10212 10210
f 10227 10226 10225
f 10230 10229 10228
f 10233 10231 10232
f 10215 10214 10213
f 10217 10218 10216
f 10237 10239 10238
f 10204 10205 10206