v -0.545244 0.242056 0.001046
v 0.547269 0.241166 0.000476
v -0.546332 -0.245274 -0.001015
v 0.549081 -0.243367 0.000260
v -0.000333 -0.185770 0.895469
v 0.002132 0.197021 0.889109
v -0.005328 -0.181247 -0.897974
v -0.009057 0.185179 -0.895696
v 0.791407 0.001863 -0.524432
v 0.773072 0.004484 0.502478
v -0.807942 -0.003245 -0.509693
v -0.804422 -0.002625 0.523971
v -0.000438 0.206679 0.001094
v -0.283748 0.189136 0.455142
v -0.284691 0.185181 -0.454727
v -0.785778 0.154513 -0.308524
v -0.788159 0.152974 0.301893
v 0.282630 0.190280 0.453863
v 0.279348 0.191136 -0.452664
v 0.787842 0.157848 -0.305106
v 0.784705 0.156681 0.305557
v 0.000019 -0.206801 -0.000051
v -0.284112 -0.186889 0.455468
v -0.287380 -0.185060 -0.457986
v -0.780518 -0.154622 -0.305678
v -0.789369 -0.153613 0.303435
v 0.283536 -0.187432 0.455183
v 0.279691 -0.189510 -0.453820
v 0.787923 -0.157760 -0.306052
v 0.786054 -0.156107 0.305627
v 0.009962 0.001456 0.882932
v 0.483889 -0.084507 0.766142
v -0.484406 -0.090742 0.776670
v 0.486494 0.096559 0.766057
v -0.460915 0.082462 0.740037
v 0.091038 -0.000174 -0.963119
v 0.473087 -0.086681 -0.762641
v -0.547618 -0.055222 -0.746664
v 0.482002 0.092064 -0.775114
v -0.530755 0.053909 -0.806465
v 0.839847 0.000735 -0.001941
v -0.859105 -0.001476 -0.001444
v -0.283709 0.212958 0.000670
v -0.419031 0.207619 0.205967
v -0.419199 0.206992 -0.205125
v -0.650799 0.202059 -0.133071
v -0.650589 0.201463 0.131726
v 0.283241 0.213489 0.000681
v 0.419697 0.208305 0.206038
v 0.418529 0.209079 -0.204869
v 0.651425 0.203498 -0.131961
v 0.650003 0.202372 0.132571
v -0.282871 -0.213522 -0.000376
v -0.418977 -0.208201 0.205019
v -0.418324 -0.207619 -0.206051
v -0.647413 -0.202512 -0.133719
v -0.649836 -0.202662 0.130484
v 0.283942 -0.213944 -0.000093
v 0.419625 -0.208036 0.205678
v 0.419108 -0.209438 -0.205747
v 0.650653 -0.203898 -0.132148
v 0.649695 -0.202802 0.132025
v -0.137072 -0.180276 0.703772
v 0.135507 -0.180343 0.700604
v 0.004436 -0.109117 0.913061
v 0.226359 -0.140946 0.842749
v -0.223727 -0.143581 0.846386
v -0.134863 0.186633 0.699632
v 0.136443 0.187680 0.701262
v 0.009006 0.109757 0.881169
v 0.227247 0.151292 0.837046
v -0.211011 0.141524 0.814845
v -0.141824 -0.175103 -0.705250
v 0.128607 -0.180805 -0.697349
v 0.042654 -0.091092 -0.933922
v 0.221985 -0.138669 -0.839968
v -0.213109 -0.118115 -0.861368
v -0.141445 0.177148 -0.702632
v 0.127701 0.184279 -0.698301
v 0.031482 0.093327 -0.930705
v 0.219799 0.141654 -0.838431
v -0.216702 0.119723 -0.861985
v 0.790645 0.073482 -0.432078
v 0.786441 -0.071431 -0.428120
v 0.702535 -0.038825 -0.682913
v 0.733782 0.044109 -0.716123
v 0.823462 0.000703 -0.285142
v 0.787792 0.076236 0.423970
v 0.782694 -0.069574 0.421089
v 0.703836 -0.035133 0.671739
v 0.707008 0.048029 0.673781
v 0.816055 0.002205 0.277354
v -0.801311 0.066042 -0.430475
v -0.803924 -0.071670 -0.421065
v -0.760624 -0.037368 -0.633744
v -0.777702 0.028360 -0.712272
v -0.838281 -0.001935 -0.283570
v -0.791622 0.067657 0.421651
v -0.805616 -0.072262 0.434090
v -0.740503 -0.042481 0.717505
v -0.699975 0.036130 0.673001
v -0.841560 -0.001486 0.283956
v -0.142959 0.202174 0.230614
v -0.143753 0.202121 -0.229119
v 0.142413 0.202431 0.230635
v 0.140453 0.203311 -0.229217
v -0.557660 0.177656 0.403590
v -0.000188 0.193398 0.469418
v -0.416808 0.161911 0.664230
v -0.553991 0.173896 -0.404988
v -0.004232 0.191572 -0.468351
v -0.424148 0.148934 -0.677774
v -0.822465 0.164277 -0.002056
v -0.662696 0.110862 -0.570544
v -0.856412 0.086167 -0.152157
v -0.642983 0.117769 0.550810
v -0.860622 0.086279 0.147660
v 0.556047 0.180452 0.404218
v 0.418393 0.166469 0.665219
v 0.554424 0.182044 -0.404197
v 0.410674 0.167101 -0.665285
v 0.820002 0.165615 0.000561
v 0.652797 0.127432 -0.568461
v 0.841506 0.086710 -0.149665
v 0.661665 0.131239 0.569805
v 0.837718 0.086782 0.147410
v -0.142916 -0.201576 0.230322
v -0.143847 -0.201972 -0.230674
v 0.142444 -0.201872 0.229780
v 0.141421 -0.202930 -0.230120
v -0.554371 -0.176448 0.402339
v -0.000432 -0.190269 0.470194
v -0.417450 -0.159504 0.666326
v -0.556779 -0.174978 -0.404378
v -0.004307 -0.190647 -0.470964
v -0.429508 -0.147392 -0.670805
v -0.819026 -0.164364 -0.003278
v -0.680202 -0.118404 -0.564653
v -0.855567 -0.088176 -0.151562
v -0.661234 -0.123377 0.572821
v -0.859976 -0.087472 0.148418
v 0.554790 -0.178060 0.403456
v 0.418984 -0.160309 0.667966
v 0.552676 -0.180478 -0.403810
v 0.413016 -0.165058 -0.669188
v 0.823354 -0.167485 0.000259
v 0.652494 -0.126443 -0.567435
v 0.840653 -0.086301 -0.149533
v 0.652856 -0.122322 0.563111
v 0.838489 -0.085591 0.146906
v 0.263615 -0.045047 0.874214
v -0.246359 -0.051090 0.864162
v 0.264545 0.055755 0.870198
v -0.238675 0.047083 0.843981
v 0.560523 0.007603 0.864541
v -0.528601 -0.003960 0.852494
v 0.272496 -0.044829 -0.886050
v 0.002007 -0.020866 -0.789099
v 0.272186 0.050014 -0.888851
v -0.095165 0.015827 -0.839584
v 0.539961 0.004215 -0.867739
v -0.604095 -0.001336 -0.271276
v -0.420681 0.222905 0.000916
v -0.486499 0.224509 0.091607
v -0.486171 0.223999 -0.090113
v -0.605112 0.232855 -0.056921
v -0.604248 0.232113 0.058203
v 0.420560 0.223233 0.000405
v 0.486484 0.223932 0.091232
v 0.486918 0.224543 -0.090522
v 0.607745 0.232925 -0.057292
v 0.605735 0.231525 0.057901
v -0.419536 -0.224279 -0.000812
v -0.485719 -0.225478 0.089786
v -0.484624 -0.225116 -0.091798
v -0.603319 -0.234459 -0.058844
v -0.605201 -0.235187 0.056133
v 0.421560 -0.223712 -0.000346
v 0.489120 -0.225477 0.091158
v 0.488547 -0.225903 -0.091132
v 0.608337 -0.234848 -0.057374
v 0.608713 -0.234607 0.057841
v -0.062234 -0.184696 0.818408
v 0.060764 -0.183925 0.815099
v 0.001689 -0.152940 0.902260
v 0.100329 -0.166442 0.872665
v -0.098960 -0.166765 0.873146
v -0.059288 0.192630 0.810166
v 0.062605 0.193221 0.812095
v 0.005768 0.165998 0.899090
v 0.102793 0.178311 0.869862
v -0.094575 0.177945 0.868732
v -0.067560 -0.178929 -0.819736
v 0.053400 -0.182164 -0.812639
v 0.013138 -0.140593 -0.910253
v 0.097529 -0.162481 -0.872902
v -0.093516 -0.153087 -0.882019
v -0.068978 0.181518 -0.815341
v 0.051272 0.186178 -0.812005
v 0.006605 0.143576 -0.907802
v 0.094049 0.166392 -0.872344
v -0.098806 0.156821 -0.881895
v 0.792074 0.032858 -0.486666
v 0.786334 -0.029899 -0.481941
v 0.768032 -0.016559 -0.606920
v 0.781864 0.020920 -0.618701
v 0.806167 0.001240 -0.416501
v 0.777821 0.035490 0.468709
v 0.776539 -0.027275 0.467855
v 0.752520 -0.013173 0.583069
v 0.754083 0.024332 0.584367
v 0.793603 0.003329 0.403061
v -0.807279 0.026112 -0.479824
v -0.807101 -0.032463 -0.469775
v -0.797021 -0.020409 -0.581527
v -0.800401 0.012528 -0.600136
v -0.820168 -0.002645 -0.409349
v -0.795901 0.027455 0.478392
v -0.810364 -0.032793 0.489838
v -0.814602 -0.020836 0.630744
v -0.772643 0.014807 0.601832
v -0.820490 -0.002235 0.415869
v -0.143255 0.207771 0.000517
v 0.142058 0.208496 0.001061
v -0.071767 0.205728 0.116332
v -0.072154 0.205579 -0.115252
v 0.071604 0.205844 0.116436
v 0.070211 0.206318 -0.114828
v -0.352747 0.196446 0.328789
v -0.211366 0.185877 0.580423
v -0.213915 0.196991 0.343647
v -0.423339 0.184576 0.434744
v -0.142122 0.192111 0.466275
v -0.353853 0.178459 0.564796
v -0.352801 0.194436 -0.328409
v -0.214650 0.179038 -0.581298
v -0.215041 0.195484 -0.343380
v -0.422207 0.179936 -0.435191
v -0.144838 0.189082 -0.465952
v -0.354623 0.170006 -0.566664
v -0.714562 0.177229 -0.217778
v -0.801601 0.112640 -0.375350
v -0.674879 0.165393 -0.362161
v -0.811478 0.161974 -0.156158
v -0.728225 0.135240 -0.445585
v -0.859506 0.131908 -0.238483
v -0.715270 0.176577 0.214091
v -0.804335 0.113951 0.368078
v -0.677874 0.166773 0.357861
v -0.813704 0.160659 0.151522
v -0.730716 0.138407 0.438252
v -0.865253 0.130560 0.232614
v 0.351641 0.197276 0.328331
v 0.210829 0.186722 0.579096
v 0.212896 0.197295 0.343041
v 0.141612 0.192592 0.465334
v 0.421243 0.186289 0.433406
v 0.352634 0.180382 0.563275
v 0.350343 0.198518 -0.327648
v 0.204479 0.186080 -0.576995
v 0.210716 0.198569 -0.342252
v 0.137698 0.192161 -0.464965
v 0.418992 0.187985 -0.433460
v 0.347363 0.181353 -0.562643
v 0.716321 0.180067 -0.215833
v 0.804202 0.119950 -0.376050
v 0.677305 0.171832 -0.360290
v 0.816593 0.164510 -0.153980
v 0.738924 0.147280 -0.449175
v 0.841999 0.129138 -0.231289
v 0.714519 0.178969 0.216554
v 0.810713 0.122961 0.377886
v 0.677822 0.170734 0.360849
v 0.809860 0.162633 0.154574
v 0.737611 0.146921 0.448107
v 0.837620 0.128623 0.230776
v -0.142703 -0.208387 -0.000073
v 0.142656 -0.208299 0.000180
v -0.071805 -0.205521 0.115966
v -0.072144 -0.205783 -0.115887
v 0.071598 -0.205596 0.115573
v 0.070747 -0.205687 -0.115520
v -0.351937 -0.195596 0.328367
v -0.212022 -0.181621 0.581082
v -0.213902 -0.195544 0.343874
v -0.422283 -0.182909 0.434411
v -0.142625 -0.189147 0.466194
v -0.353899 -0.175587 0.565707
v -0.354051 -0.194862 -0.330003
v -0.216229 -0.177504 -0.582333
v -0.215231 -0.195064 -0.344050
v -0.424991 -0.180334 -0.436159
v -0.145795 -0.188020 -0.467234
v -0.358625 -0.169641 -0.567346
v -0.710561 -0.177220 -0.217166
v -0.803732 -0.116457 -0.370936
v -0.675057 -0.166557 -0.360243
v -0.806700 -0.161782 -0.156298
v -0.737416 -0.140506 -0.444972
v -0.856087 -0.132922 -0.238115
v -0.716106 -0.177408 0.214152
v -0.813359 -0.117029 0.376391
v -0.676662 -0.166525 0.358221
v -0.813770 -0.161405 0.150933
v -0.741003 -0.141322 0.448662
v -0.862442 -0.130409 0.232528
v 0.352181 -0.196092 0.328176
v 0.211362 -0.182000 0.581341
v 0.213519 -0.195846 0.343855
v 0.141959 -0.189776 0.467324
v 0.421972 -0.183936 0.434153
v 0.352854 -0.175982 0.563724
v 0.350446 -0.197968 -0.328345
v 0.205922 -0.184013 -0.579063
v 0.210929 -0.197576 -0.343172
v 0.138058 -0.191082 -0.465883
v 0.419737 -0.186580 -0.434703
v 0.347587 -0.179280 -0.563280
v 0.715636 -0.180213 -0.216256
v 0.803027 -0.119266 -0.375388
v 0.676630 -0.171140 -0.360790
v 0.816144 -0.165451 -0.154646
v 0.740778 -0.146970 -0.451050
v 0.839394 -0.128923 -0.231042
v 0.714036 -0.178732 0.216141
v 0.806414 -0.119055 0.374957
v 0.677763 -0.169043 0.360761
v 0.811512 -0.163836 0.154409
v 0.740286 -0.144213 0.448784
v 0.837637 -0.127959 0.230422
v 0.007606 -0.051793 0.892525
v 0.010609 0.054819 0.877470
v 0.137207 -0.022739 0.886347
v -0.118529 -0.025995 0.878694
v 0.138382 0.029835 0.881862
v -0.115902 0.025534 0.870067
v 0.355287 -0.112133 0.803573
v 0.607999 -0.058916 0.729234
v 0.454526 -0.127538 0.723319
v 0.571461 -0.102829 0.672107
v 0.381232 -0.065663 0.835070
v 0.524796 -0.038545 0.819857
v -0.351762 -0.116164 0.806874
v -0.620124 -0.066204 0.754531
v -0.456424 -0.130626 0.730573
v -0.578861 -0.106979 0.685678
v -0.370568 -0.072238 0.832876
v -0.516218 -0.047677 0.829157
v 0.356380 0.122441 0.799359
v 0.611317 0.072013 0.730908
v 0.457823 0.137714 0.724786
v 0.576463 0.113965 0.675491
v 0.383082 0.078135 0.833217
v 0.527528 0.053011 0.821927
v -0.334380 0.110455 0.773672
v -0.587624 0.057657 0.711593
v -0.435676 0.124147 0.697208
v -0.554868 0.099599 0.652967
v -0.354691 0.065800 0.802650
v -0.492715 0.039717 0.790998
v 0.077582 -0.043960 -0.957972
v 0.066050 0.044225 -0.952059
v 0.174820 -0.022292 -0.926759
v 0.046504 -0.017707 -0.985864
v 0.172272 0.024739 -0.926725
v 0.020054 0.013959 -0.976325
v 0.347912 -0.112071 -0.799933
v 0.595432 -0.062267 -0.727621
v 0.444955 -0.129840 -0.719440
v 0.564127 -0.106283 -0.672175
v 0.374671 -0.067143 -0.833755
v 0.506070 -0.041444 -0.811944
v -0.362384 -0.082475 -0.819438
v -0.686803 -0.047855 -0.667548
v -0.488138 -0.109938 -0.736783
v -0.624828 -0.092397 -0.670868
v -0.311554 -0.024618 -0.704565
v -0.553183 -0.019627 -0.487285
v 0.349707 0.116664 -0.803965
v 0.616550 0.068105 -0.753423
v 0.447004 0.133132 -0.721786
v 0.571406 0.109917 -0.680972
v 0.379233 0.072182 -0.841434
v 0.520411 0.048310 -0.833684
v -0.358963 0.081956 -0.836355
v -0.674394 0.041128 -0.750374
v -0.467442 0.106202 -0.739565
v -0.600563 0.085339 -0.690026
v -0.395994 0.014491 -0.913292
v -0.572257 0.009361 -0.725509
v 0.836231 0.000388 -0.145071
v 0.832954 0.001237 0.140623
v 0.840502 0.043729 -0.074285
v 0.839409 0.044002 0.070874
v 0.840706 -0.043066 -0.074119
v 0.838910 -0.042746 0.070693
v -0.852781 -0.001381 -0.145624
v -0.855296 -0.001389 0.142972
v -0.859189 0.042706 -0.074977
v -0.859639 0.043007 0.071115
v -0.858929 -0.044890 -0.074851
v -0.860579 -0.044647 0.071774
v -0.352346 0.214089 0.106053
v -0.351874 0.213374 -0.105153
v -0.213523 0.208278 0.112995
v -0.214283 0.207889 -0.111870
v -0.545329 0.209354 0.177361
v -0.283422 0.204565 0.222455
v -0.486682 0.194847 0.304402
v -0.544269 0.208634 -0.177185
v -0.283725 0.203943 -0.221442
v -0.485253 0.192955 -0.304765
v -0.672173 0.210148 -0.000504
v -0.606592 0.187656 -0.267910
v -0.740025 0.185307 -0.073638
v -0.608926 0.188903 0.266440
v -0.738388 0.184099 0.070632
v 0.352017 0.214070 0.105974
v 0.351833 0.214676 -0.104714
v 0.213520 0.208413 0.113331
v 0.212522 0.208937 -0.111526
v 0.544870 0.209796 0.177294
v 0.282986 0.204909 0.222077
v 0.484609 0.195809 0.303541
v 0.545099 0.210875 -0.176707
v 0.282119 0.206142 -0.221216
v 0.484594 0.197385 -0.303700
v 0.674058 0.211097 0.000368
v 0.607172 0.191594 -0.266496
v 0.738364 0.185787 -0.071600
v 0.606916 0.190350 0.266980
v 0.737258 0.185319 0.072508
v -0.352186 -0.214899 0.105490
v -0.352192 -0.214561 -0.105959
v -0.213265 -0.208144 0.112573
v -0.213818 -0.208153 -0.113128
v -0.544002 -0.209757 0.175704
v -0.283347 -0.204091 0.221993
v -0.485337 -0.193924 0.303207
v -0.543418 -0.209937 -0.178239
v -0.283983 -0.204305 -0.222574
v -0.485389 -0.193315 -0.304756
v -0.670503 -0.211486 -0.001751
v -0.607195 -0.189023 -0.268763
v -0.734720 -0.184826 -0.074117
v -0.607804 -0.189053 0.265468
v -0.738583 -0.185418 0.069896
v 0.352683 -0.214324 0.105534
v 0.352306 -0.215065 -0.105379
v 0.212828 -0.208187 0.112553
v 0.213091 -0.208975 -0.112442
v 0.545299 -0.209951 0.176887
v 0.283276 -0.204559 0.221607
v 0.485809 -0.194883 0.304026
v 0.546530 -0.211962 -0.177464
v 0.282078 -0.205620 -0.221231
v 0.484784 -0.196949 -0.304144
v 0.673649 -0.212384 0.000052
v 0.606611 -0.191480 -0.266845
v 0.738059 -0.186533 -0.071977
v 0.606227 -0.189512 0.266499
v 0.736835 -0.185988 0.072010
v -0.000855 -0.183983 0.706401
v -0.190492 -0.169899 0.795647
v -0.071110 -0.185278 0.588938
v -0.277442 -0.171529 0.691315
v 0.190502 -0.169255 0.793381
v 0.069706 -0.185302 0.588793
v 0.276171 -0.171656 0.688052
v 0.118824 -0.125264 0.884646
v -0.112920 -0.127665 0.887206
v 0.130238 -0.075356 0.887084
v -0.117550 -0.078025 0.884840
v 0.327118 -0.151350 0.768637
v 0.246586 -0.094692 0.857252
v -0.325234 -0.152121 0.768430
v -0.238271 -0.099439 0.858195
v 0.000854 0.191223 0.705674
v -0.187668 0.178471 0.793903
v -0.070204 0.190078 0.589248
v -0.275758 0.176831 0.689011
v 0.190964 0.178150 0.789117
v 0.070048 0.190346 0.587992
v 0.275822 0.178096 0.685123
v 0.121789 0.135628 0.877335
v -0.105103 0.129365 0.862597
v 0.132407 0.082911 0.876503
v -0.111225 0.077728 0.862592
v 0.326737 0.160094 0.764147
v 0.248234 0.105282 0.851760
v -0.312675 0.150621 0.744643
v -0.226572 0.095636 0.828373
v -0.006753 -0.182090 -0.705582
v -0.192685 -0.156711 -0.801864
v -0.075266 -0.183647 -0.589159
v -0.282885 -0.161987 -0.694028
v 0.182685 -0.169346 -0.789209
v 0.064466 -0.185830 -0.587382
v 0.268148 -0.174027 -0.684002
v 0.130049 -0.118043 -0.894461
v -0.079898 -0.105387 -0.915730
v 0.157461 -0.069769 -0.913698
v -0.031915 -0.057521 -0.971254
v 0.317374 -0.152833 -0.763114
v 0.250673 -0.092572 -0.863133
v -0.333479 -0.131675 -0.775641
v -0.184201 -0.063054 -0.893915
v -0.007477 0.185025 -0.704850
v -0.194168 0.160433 -0.804341
v -0.075234 0.185440 -0.586714
v -0.279650 0.163476 -0.692986
v 0.181060 0.174036 -0.791544
v 0.063829 0.187871 -0.584817
v 0.268069 0.177703 -0.685916
v 0.125190 0.121803 -0.893879
v -0.092012 0.107098 -0.912883
v 0.152233 0.072589 -0.912719
v -0.056503 0.055614 -0.954485
v 0.315462 0.155163 -0.759888
v 0.249816 0.096744 -0.865580
v -0.328006 0.132815 -0.778479
v -0.209100 0.063563 -0.908521
v 0.755836 0.060481 -0.567145
v 0.814004 0.039174 -0.356176
v 0.741333 0.103518 -0.506655
v 0.822877 0.082307 -0.294430
v 0.743408 -0.056992 -0.554893
v 0.811938 -0.037322 -0.354614
v 0.736006 -0.101395 -0.501482
v 0.822903 -0.081654 -0.293919
v 0.776497 0.002676 -0.769825
v 0.667283 -0.082138 -0.619186
v 0.651543 -0.018318 -0.806962
v 0.680418 0.085900 -0.633424
v 0.693281 0.025247 -0.858864
v 0.831373 0.042114 -0.217693
v 0.831865 -0.041444 -0.217522
v 0.742676 0.063797 0.546191
v 0.807058 0.041021 0.347327
v 0.745006 0.107568 0.502906
v 0.822529 0.083882 0.291506
v 0.737849 -0.053806 0.543132
v 0.804049 -0.035577 0.345880
v 0.735011 -0.098793 0.496148
v 0.819421 -0.080515 0.289823
v 0.744918 0.007225 0.718689
v 0.669246 -0.078571 0.613445
v 0.691946 -0.014133 0.827697
v 0.676046 0.090014 0.618157
v 0.694229 0.029538 0.829246
v 0.827675 0.043512 0.213020
v 0.826456 -0.040542 0.212174
v -0.775959 0.049235 -0.562310
v -0.826283 0.034777 -0.353815
v -0.749106 0.091237 -0.505515
v -0.835050 0.079542 -0.296529
v -0.776273 -0.056472 -0.535365
v -0.826346 -0.039085 -0.349798
v -0.756076 -0.097596 -0.491912
v -0.833446 -0.082230 -0.292277
v -0.820670 -0.005049 -0.736627
v -0.717252 -0.075955 -0.597990
v -0.737266 -0.017130 -0.643945
v -0.708686 0.068184 -0.634401
v -0.842665 0.001935 -0.929044
v -0.846839 0.040231 -0.218916
v -0.846416 -0.043218 -0.217081
v -0.743774 0.052742 0.545791
v -0.825505 0.035678 0.351961
v -0.731647 0.094698 0.489753
v -0.835555 0.079591 0.290413
v -0.769398 -0.058927 0.570215
v -0.830704 -0.039274 0.356639
v -0.749599 -0.100054 0.508169
v -0.842054 -0.082391 0.295379
v -0.775241 -0.002379 0.765403
v -0.689592 -0.083513 0.637401
v -0.693055 -0.023615 0.858649
v -0.661095 0.076399 0.604662
v -0.645951 0.016998 0.797148
v -0.848995 0.040535 0.215336
v -0.851232 -0.043092 0.217111
v -0.000188 0.201723 0.233070
v -0.071392 0.197051 0.349884
v -0.001518 0.202347 -0.231707
v -0.073634 0.196460 -0.348978
v 0.071129 0.197771 0.350353
v 0.068534 0.197599 -0.348008
v -0.494159 0.168495 0.538289
v -0.627120 0.156490 0.499349
v -0.532549 0.139102 0.604651
v -0.492483 0.160259 -0.541090
v -0.622630 0.150273 -0.502886
v -0.550540 0.129042 -0.627605
v -0.864673 0.132748 -0.080964
v -0.865621 0.131770 0.076002
v -0.864258 0.087855 -0.002248
v 0.492565 0.172124 0.538299
v 0.623148 0.161213 0.499791
v 0.548654 0.150420 0.624042
v 0.489076 0.173857 -0.539474
v 0.624502 0.163097 -0.502985
v 0.539128 0.148312 -0.620705
v 0.849819 0.131120 -0.077161
v 0.847567 0.130823 0.077362
v 0.845881 0.088071 -0.001034
v -0.000613 -0.201254 0.233000
v -0.071889 -0.195509 0.349860
v -0.001779 -0.201390 -0.233041
v -0.073612 -0.195862 -0.350116
v 0.070875 -0.195619 0.350334
v 0.068655 -0.196685 -0.350044
v -0.493024 -0.167063 0.539756
v -0.624168 -0.155685 0.500753
v -0.549003 -0.143648 0.627723
v -0.497713 -0.160717 -0.538333
v -0.627632 -0.151993 -0.498251
v -0.566052 -0.132758 -0.624344
v -0.862407 -0.133331 -0.081787
v -0.863277 -0.132177 0.074941
v -0.864052 -0.089335 -0.002390
v 0.494471 -0.168569 0.541042
v 0.625077 -0.157815 0.501225
v 0.545789 -0.142942 0.622355
v 0.490082 -0.172314 -0.541443
v 0.624229 -0.161786 -0.503943
v 0.538694 -0.146435 -0.620740
v 0.848982 -0.131557 -0.077541
v 0.847117 -0.131017 0.076914
v 0.846006 -0.087600 -0.001055
v 0.272331 0.005262 0.884529
v 0.408880 -0.017035 0.878188
v -0.246513 -0.001879 0.859886
v -0.382489 -0.026582 0.852414
v 0.409787 0.031032 0.877232
v -0.374507 0.019768 0.835723
v 0.280844 0.002441 -0.896377
v 0.395727 -0.020076 -0.862427
v 0.214667 0.001853 -0.658088
v -0.024279 -0.004450 -0.110985
v 0.398831 0.026616 -0.868959
v -0.067811 0.002326 -0.259032
v -0.486877 0.231611 0.000843
v -0.520842 0.235007 0.041363
v -0.520712 0.235248 -0.039358
v -0.598547 0.254382 -0.024735
v -0.597537 0.253277 0.027458
v 0.487459 0.230937 0.000484
v 0.521653 0.234191 0.040640
v 0.522786 0.234799 -0.039961
v 0.603579 0.254017 -0.025976
v 0.600043 0.252006 0.026600
v -0.485917 -0.233122 -0.001042
v -0.521709 -0.237712 0.039145
v -0.519466 -0.236581 -0.041188
v -0.596163 -0.256169 -0.027175
v -0.603653 -0.260171 0.025044
v 0.488882 -0.232370 0.000193
v 0.524033 -0.236370 0.040629
v 0.523465 -0.236214 -0.040037
v 0.602492 -0.255242 -0.025614
v 0.604348 -0.255960 0.026633
v -0.028857 -0.193446 0.885460
v 0.026967 -0.192117 0.881281
v 0.000442 -0.175413 0.907050
v 0.044659 -0.183329 0.899910
v -0.044826 -0.182866 0.899454
v -0.025629 0.201315 0.870860
v 0.029295 0.202038 0.873221
v 0.003844 0.188440 0.903792
v 0.047265 0.194387 0.893365
v -0.041558 0.196210 0.897130
v -0.035973 -0.188556 -0.883745
v 0.018175 -0.190553 -0.880255
v 0.000213 -0.169028 -0.914138
v 0.038791 -0.180473 -0.901896
v -0.047563 -0.176683 -0.907826
v -0.039031 0.192759 -0.881334
v 0.015380 0.194482 -0.877840
v -0.004146 0.171403 -0.909318
v 0.035447 0.183261 -0.898095
v -0.051837 0.180714 -0.905559
v 0.792226 0.015419 -0.508715
v 0.789937 -0.012010 -0.506419
v 0.782629 -0.006295 -0.561672
v 0.786339 0.010334 -0.564860
v 0.798026 0.001630 -0.476175
v 0.775859 0.018201 0.488456
v 0.775291 -0.009409 0.487849
v 0.765004 -0.003364 0.538258
v 0.766053 0.013487 0.538990
v 0.782766 0.003961 0.458584
v -0.809099 0.009462 -0.498313
v -0.808256 -0.016000 -0.492173
v -0.803707 -0.011213 -0.542808
v -0.804501 0.003933 -0.548299
v -0.812715 -0.003180 -0.465280
v -0.800571 0.010458 0.504156
v -0.811197 -0.015846 0.511613
v -0.804844 -0.010845 0.568087
v -0.793885 0.005132 0.560289
v -0.811700 -0.002515 0.475704
v -0.071938 0.207250 0.001057
v 0.070690 0.207248 0.001242
v -0.036289 0.206102 0.058736
v -0.036418 0.206788 -0.056742
v 0.034995 0.206493 0.058550
v 0.034786 0.206659 -0.057138
v -0.318588 0.192498 0.391558
v -0.248312 0.187131 0.518536
v -0.248690 0.193462 0.399683
v -0.354169 0.186954 0.446318
v -0.213077 0.190858 0.462066
v -0.319491 0.184241 0.510993
v -0.318972 0.189323 -0.391311
v -0.250173 0.181611 -0.518501
v -0.250187 0.190973 -0.399248
v -0.354233 0.182646 -0.446228
v -0.215055 0.187413 -0.461168
v -0.319690 0.178083 -0.510483
v -0.749043 0.165551 -0.262396
v -0.806594 0.137948 -0.348260
v -0.731052 0.160095 -0.336188
v -0.800010 0.158713 -0.232585
v -0.762181 0.146913 -0.380615
v -0.832119 0.146217 -0.276567
v -0.751037 0.164701 0.257421
v -0.818219 0.138997 0.343912
v -0.733704 0.160050 0.330572
v -0.802706 0.157180 0.227119
v -0.770177 0.148101 0.375607
v -0.839344 0.144920 0.271133
v 0.317380 0.193318 0.390794
v 0.247251 0.187966 0.517193
v 0.247743 0.194236 0.398506
v 0.212499 0.191656 0.461083
v 0.352446 0.188305 0.444743
v 0.317574 0.185652 0.508585
v 0.315654 0.194414 -0.390533
v 0.242306 0.188182 -0.515670
v 0.244726 0.195124 -0.397687
v 0.208410 0.191839 -0.459451
v 0.349471 0.189765 -0.444100
v 0.313195 0.186612 -0.507658
v 0.752306 0.169138 -0.260138
v 0.817242 0.144613 -0.348544
v 0.734158 0.165320 -0.333858
v 0.804339 0.161596 -0.229994
v 0.767189 0.153365 -0.378943
v 0.835124 0.148720 -0.273349
v 0.750349 0.167990 0.260960
v 0.814288 0.144217 0.348822
v 0.733441 0.164274 0.334745
v 0.800629 0.160261 0.230912
v 0.765617 0.152691 0.379159
v 0.835911 0.148782 0.275563
v -0.071990 -0.206986 0.000495
v 0.071564 -0.207421 0.000074
v -0.035964 -0.206299 0.057978
v -0.036210 -0.206589 -0.058178
v 0.035849 -0.205998 0.058067
v 0.035244 -0.206543 -0.057715
v -0.318402 -0.190870 0.391334
v -0.248549 -0.183818 0.518817
v -0.248779 -0.191633 0.399290
v -0.353622 -0.185146 0.445972
v -0.213592 -0.188156 0.461788
v -0.319349 -0.181567 0.511394
v -0.321032 -0.189222 -0.393386
v -0.252580 -0.180878 -0.520849
v -0.251171 -0.190434 -0.400658
v -0.356278 -0.182575 -0.447650
v -0.216814 -0.186479 -0.463406
v -0.322912 -0.177980 -0.512721
v -0.745976 -0.166098 -0.261364
v -0.807199 -0.140712 -0.346667
v -0.728578 -0.160824 -0.333574
v -0.795082 -0.158738 -0.231584
v -0.760877 -0.148523 -0.377037
v -0.829030 -0.147204 -0.275822
v -0.752358 -0.165556 0.258247
v -0.818392 -0.139616 0.346410
v -0.734033 -0.160434 0.332031
v -0.803355 -0.157875 0.227454
v -0.766937 -0.147667 0.376833
v -0.839560 -0.145506 0.271772
v 0.318072 -0.191407 0.391450
v 0.247740 -0.184160 0.518151
v 0.248573 -0.192147 0.400045
v 0.213049 -0.188636 0.462708
v 0.353351 -0.185752 0.445535
v 0.319275 -0.182428 0.510944
v 0.315334 -0.193440 -0.390974
v 0.242849 -0.186484 -0.516163
v 0.245199 -0.193816 -0.398376
v 0.208878 -0.190523 -0.460236
v 0.350008 -0.188343 -0.445533
v 0.313670 -0.184633 -0.508505
v 0.752201 -0.169295 -0.260972
v 0.815557 -0.143960 -0.348634
v 0.734875 -0.165109 -0.335142
v 0.803785 -0.161901 -0.230752
v 0.765069 -0.152390 -0.378891
v 0.837440 -0.149601 -0.274888
v 0.749972 -0.167434 0.260584
v 0.816472 -0.142998 0.349001
v 0.733950 -0.163180 0.334601
v 0.799841 -0.160158 0.230347
v 0.767428 -0.151153 0.379336
v 0.837677 -0.149033 0.275921
v 0.008979 -0.025084 0.887351
v 0.010304 0.028239 0.879529
v 0.073588 -0.010630 0.886587
v -0.054116 -0.012223 0.881579
v 0.074020 0.015866 0.883059
v -0.053371 0.013756 0.878020
v 0.419188 -0.097890 0.783336
v 0.547910 -0.071440 0.749012
v 0.467904 -0.106543 0.743208
v 0.529077 -0.093811 0.721612
v 0.434318 -0.075197 0.803442
v 0.502923 -0.061849 0.791370
v -0.417812 -0.103498 0.791129
v -0.551807 -0.078071 0.764478
v -0.470476 -0.111438 0.753924
v -0.534653 -0.099245 0.736088
v -0.429280 -0.081709 0.808540
v -0.499634 -0.069202 0.801311
v 0.421491 0.109408 0.782194
v 0.550548 0.084239 0.749452
v 0.471408 0.117654 0.744339
v 0.532845 0.105398 0.723253
v 0.436895 0.087677 0.803269
v 0.505388 0.074960 0.792009
v -0.397787 0.095791 0.755140
v -0.524212 0.070445 0.724744
v -0.447554 0.103763 0.717262
v -0.508899 0.091009 0.698418
v -0.409536 0.074225 0.774105
v -0.475576 0.061189 0.763476
v 0.089077 -0.021846 -0.963844
v 0.082083 0.021528 -0.958772
v 0.130818 -0.010812 -0.945481
v 0.062077 -0.010911 -0.982074
v 0.128467 0.011843 -0.944690
v 0.055426 0.008602 -0.976040
v 0.410863 -0.099418 -0.781358
v 0.534923 -0.074284 -0.744794
v 0.458756 -0.109020 -0.740867
v 0.519389 -0.096546 -0.719447
v 0.425018 -0.076740 -0.800759
v 0.488858 -0.064167 -0.785962
v -0.449516 -0.066613 -0.780289
v -0.631236 -0.050255 -0.706759
v -0.514054 -0.084286 -0.747660
v -0.594955 -0.076026 -0.718108
v -0.460025 -0.033547 -0.741191
v -0.562073 -0.028906 -0.669633
v 0.415253 0.104064 -0.787547
v 0.549304 0.080119 -0.763829
v 0.464267 0.113141 -0.747881
v 0.528239 0.101058 -0.730872
v 0.431728 0.082260 -0.811150
v 0.500863 0.070401 -0.803601
v -0.444134 0.065959 -0.825021
v -0.605744 0.046591 -0.773850
v -0.494792 0.081200 -0.771979
v -0.567163 0.070839 -0.746683
v -0.484934 0.033633 -0.870926
v -0.584525 0.025426 -0.843668
v 0.839520 0.000424 -0.073817
v 0.837175 0.000817 0.069802
v 0.840341 0.022530 -0.037903
v 0.839313 0.022387 0.034109
v 0.841163 -0.021333 -0.037947
v 0.839929 -0.021157 0.034051
v -0.856983 -0.001450 -0.073834
v -0.858977 -0.000940 0.070962
v -0.858929 0.020952 -0.038012
v -0.859285 0.020550 0.034690
v -0.858871 -0.023221 -0.037859
v -0.859591 -0.022981 0.034864
v -0.352570 0.217075 0.000758
v -0.213827 0.209986 0.000817
v -0.318843 0.214390 0.054558
v -0.317861 0.213983 -0.052948
v -0.249109 0.210589 0.056399
v -0.249045 0.211325 -0.054840
v -0.452422 0.215013 0.147194
v -0.386136 0.201800 0.266696
v -0.385833 0.211907 0.156399
v -0.484270 0.209161 0.193446
v -0.352193 0.205906 0.215304
v -0.452763 0.201862 0.255187
v -0.451824 0.214637 -0.146143
v -0.386020 0.200264 -0.266106
v -0.385742 0.211188 -0.155634
v -0.483994 0.208647 -0.193298
v -0.352050 0.205389 -0.214596
v -0.452502 0.201020 -0.255288
v -0.624339 0.216157 -0.093528
v -0.681974 0.189503 -0.174660
v -0.600586 0.207040 -0.157233
v -0.666546 0.208000 -0.066600
v -0.629612 0.194610 -0.199899
v -0.696173 0.194290 -0.104976
v -0.623519 0.215428 0.093487
v -0.681827 0.188811 0.172254
v -0.600761 0.206828 0.156733
v -0.665829 0.207372 0.065580
v -0.631132 0.195075 0.198615
v -0.697290 0.194184 0.103145
v 0.353003 0.217863 0.000385
v 0.213137 0.210644 0.000922
v 0.318147 0.214500 0.054274
v 0.318022 0.214935 -0.053197
v 0.248752 0.211191 0.055890
v 0.248122 0.211464 -0.054654
v 0.452138 0.215062 0.146901
v 0.385471 0.202058 0.266524
v 0.386234 0.212114 0.156159
v 0.484124 0.209621 0.193455
v 0.352134 0.206423 0.215493
v 0.451860 0.202603 0.255033
v 0.452739 0.216080 -0.145776
v 0.384918 0.203614 -0.265705
v 0.385560 0.212994 -0.155342
v 0.483284 0.210502 -0.192407
v 0.351706 0.207735 -0.214215
v 0.451308 0.203893 -0.253993
v 0.626367 0.217289 -0.093282
v 0.682019 0.191250 -0.172927
v 0.601868 0.208963 -0.156628
v 0.668030 0.209112 -0.065747
v 0.630809 0.197461 -0.198938
v 0.696128 0.195275 -0.103407
v 0.624446 0.215952 0.093814
v 0.680718 0.190317 0.173650
v 0.601019 0.207813 0.157141
v 0.666629 0.208108 0.066500
v 0.629937 0.196282 0.199457
v 0.695376 0.194730 0.104308
v -0.352005 -0.218019 -0.000543
v -0.213094 -0.210015 -0.000179
v -0.317895 -0.214642 0.053390
v -0.317687 -0.214598 -0.054393
v -0.248275 -0.210850 0.055364
v -0.248479 -0.211063 -0.055931
v -0.451450 -0.215849 0.145525
v -0.385732 -0.201137 0.266062
v -0.385734 -0.212343 0.155531
v -0.482848 -0.209285 0.191965
v -0.352174 -0.205985 0.214936
v -0.451454 -0.201555 0.253941
v -0.451311 -0.215816 -0.147579
v -0.385927 -0.200612 -0.267433
v -0.385272 -0.211971 -0.156407
v -0.483484 -0.209718 -0.194585
v -0.351934 -0.205608 -0.215675
v -0.451733 -0.201366 -0.255683
v -0.621527 -0.216916 -0.094855
v -0.677552 -0.189336 -0.174616
v -0.598977 -0.208087 -0.158292
v -0.663551 -0.208771 -0.067690
v -0.627703 -0.195431 -0.200442
v -0.691865 -0.194318 -0.105460
v -0.623846 -0.217639 0.091737
v -0.681512 -0.189574 0.171476
v -0.600179 -0.207918 0.155188
v -0.664271 -0.208528 0.064053
v -0.631913 -0.196237 0.198098
v -0.694748 -0.194422 0.101783
v 0.353091 -0.217809 0.000023
v 0.213741 -0.210399 -0.000043
v 0.318453 -0.214723 0.053649
v 0.318302 -0.215118 -0.053550
v 0.248628 -0.211305 0.055482
v 0.248326 -0.211480 -0.055412
v 0.453697 -0.216021 0.147006
v 0.386349 -0.201552 0.266279
v 0.386058 -0.212119 0.155710
v 0.484171 -0.209532 0.193067
v 0.352073 -0.206004 0.214537
v 0.452028 -0.201929 0.254550
v 0.453344 -0.216713 -0.146489
v 0.385376 -0.203425 -0.266617
v 0.386598 -0.213145 -0.155855
v 0.484306 -0.211004 -0.193282
v 0.351286 -0.207192 -0.214455
v 0.451725 -0.203793 -0.254802
v 0.625308 -0.217770 -0.093339
v 0.681237 -0.191528 -0.173157
v 0.601502 -0.209381 -0.156816
v 0.666946 -0.209679 -0.065863
v 0.630577 -0.197719 -0.199237
v 0.695547 -0.195967 -0.103658
v 0.625081 -0.217358 0.093436
v 0.680118 -0.190284 0.173112
v 0.599895 -0.207805 0.156401
v 0.666311 -0.209178 0.065991
v 0.629225 -0.195922 0.198756
v 0.694567 -0.195159 0.103740
v -0.099333 -0.182068 0.763255
v -0.174768 -0.180414 0.642641
v -0.068656 -0.183116 0.706391
v -0.166098 -0.176758 0.755214
v -0.105232 -0.183005 0.647585
v -0.206118 -0.176132 0.696575
v 0.097846 -0.181406 0.759762
v 0.173505 -0.180539 0.640849
v 0.066957 -0.182969 0.704324
v 0.165813 -0.176913 0.755052
v 0.103331 -0.182981 0.645531
v 0.205362 -0.176402 0.695340
v 0.002953 -0.132838 0.909963
v 0.006009 -0.079812 0.898972
v 0.062815 -0.117658 0.901139
v -0.055751 -0.120411 0.906490
v 0.066337 -0.091322 0.897100
v -0.055738 -0.093030 0.897686
v 0.162024 -0.153973 0.858081
v 0.290145 -0.125937 0.821353
v 0.210910 -0.157615 0.823431
v 0.172947 -0.132965 0.865147
v 0.277699 -0.146687 0.809793
v 0.236798 -0.118277 0.849149
v -0.159533 -0.154777 0.858353
v -0.287590 -0.130058 0.826984
v -0.209471 -0.158748 0.824918
v -0.168590 -0.135482 0.867733
v -0.275737 -0.148473 0.811732
v -0.231970 -0.122430 0.853593
v -0.096824 0.189370 0.758124
v -0.173807 0.185824 0.642341
v -0.066729 0.189803 0.703678
v -0.163523 0.183841 0.750609
v -0.103309 0.188391 0.644736
v -0.204631 0.182394 0.695023
v 0.099664 0.191045 0.764300
v 0.173782 0.186590 0.640276
v 0.068382 0.190628 0.705914
v 0.165807 0.184688 0.750722
v 0.104195 0.189248 0.645356
v 0.205260 0.183165 0.692676
v 0.007669 0.140450 0.893445
v 0.010004 0.082121 0.878035
v 0.066393 0.124622 0.884574
v -0.049349 0.121078 0.876261
v 0.069697 0.096882 0.880653
v -0.050116 0.093727 0.872629
v 0.164552 0.166594 0.857845
v 0.291370 0.136633 0.817842
v 0.212503 0.168819 0.822551
v 0.175195 0.144258 0.861015
v 0.278589 0.157136 0.807052
v 0.238436 0.129244 0.844684
v -0.151545 0.159118 0.840406
v -0.271975 0.125231 0.792746
v -0.201083 0.161903 0.807150
v -0.158736 0.136104 0.841826
v -0.262128 0.146152 0.782248
v -0.219276 0.119197 0.821719
v -0.104898 -0.176997 -0.767488
v -0.179124 -0.175445 -0.644040
v -0.074246 -0.180347 -0.709445
v -0.170717 -0.168475 -0.759681
v -0.109418 -0.179722 -0.647469
v -0.211126 -0.168649 -0.699739
v 0.090544 -0.180761 -0.755493
v 0.167650 -0.182201 -0.639468
v 0.060540 -0.182221 -0.701836
v 0.158001 -0.178159 -0.751773
v 0.097380 -0.183430 -0.642840
v 0.197992 -0.177978 -0.691819
v 0.026723 -0.115529 -0.920102
v 0.060479 -0.067076 -0.947208
v 0.085561 -0.105482 -0.915594
v -0.018080 -0.099862 -0.933768
v 0.100414 -0.081485 -0.927389
v 0.001463 -0.075980 -0.955344
v 0.158976 -0.151107 -0.857826
v 0.285092 -0.125354 -0.819981
v 0.204035 -0.156823 -0.819965
v 0.175447 -0.128705 -0.868749
v 0.268983 -0.145688 -0.802456
v 0.237195 -0.115697 -0.851515
v -0.149014 -0.134635 -0.869050
v -0.284523 -0.100695 -0.848034
v -0.206595 -0.139401 -0.833572
v -0.145534 -0.111249 -0.890716
v -0.276422 -0.124701 -0.822136
v -0.206408 -0.091830 -0.878563
v -0.104238 0.178078 -0.759421
v -0.178220 0.177330 -0.642490
v -0.074409 0.182021 -0.704760
v -0.170883 0.171091 -0.758205
v -0.109325 0.181659 -0.645373
v -0.209619 0.170732 -0.698817
v 0.088695 0.184399 -0.755595
v 0.165914 0.184512 -0.637199
v 0.059492 0.185658 -0.702865
v 0.156189 0.181251 -0.750054
v 0.096281 0.186049 -0.641760
v 0.196644 0.180999 -0.691151
v 0.018042 0.118127 -0.917040
v 0.048313 0.068002 -0.941172
v 0.078374 0.108182 -0.912822
v -0.030499 0.101562 -0.928979
v 0.092450 0.083544 -0.923637
v -0.014808 0.076614 -0.947602
v 0.156013 0.154195 -0.855922
v 0.284373 0.128822 -0.820290
v 0.202049 0.160479 -0.819815
v 0.172260 0.133294 -0.870158
v 0.267730 0.149156 -0.802474
v 0.235552 0.119983 -0.852962
v -0.154615 0.137823 -0.870525
v -0.283216 0.100159 -0.848076
v -0.209274 0.142921 -0.837415
v -0.154482 0.112857 -0.889936
v -0.274492 0.125985 -0.823400
v -0.216597 0.092385 -0.882881
v 0.790231 0.052330 -0.460381
v 0.794079 0.095853 -0.403392
v 0.772054 0.067481 -0.499051
v 0.805658 0.056945 -0.394141
v 0.771009 0.089207 -0.470500
v 0.808257 0.078531 -0.364253
v 0.785600 -0.049867 -0.455522
v 0.791932 -0.094618 -0.401228
v 0.764654 -0.064617 -0.491892
v 0.802634 -0.055085 -0.391397
v 0.765236 -0.086966 -0.465450
v 0.807448 -0.077418 -0.362819
v 0.741679 -0.027516 -0.649083
v 0.652502 -0.050463 -0.708178
v 0.722349 -0.048288 -0.618004
v 0.734431 -0.017865 -0.723900
v 0.681528 -0.060371 -0.649055
v 0.682127 -0.028877 -0.748956
v 0.767921 0.032241 -0.674074
v 0.681021 0.056004 -0.740514
v 0.742852 0.052753 -0.638472
v 0.775868 0.023288 -0.766712
v 0.702712 0.064964 -0.671905
v 0.730463 0.034681 -0.803456
v 0.815679 0.001149 -0.352451
v 0.831311 0.000592 -0.216101
v 0.819169 0.020500 -0.319985
v 0.818695 -0.018539 -0.319369
v 0.827609 0.021346 -0.251536
v 0.827611 -0.020028 -0.251272
v 0.781586 0.055161 0.446924
v 0.795969 0.098801 0.400364
v 0.764617 0.070316 0.485378
v 0.799594 0.059110 0.384970
v 0.769106 0.092277 0.463108
v 0.806612 0.080626 0.359063
v 0.777958 -0.047504 0.444755
v 0.789579 -0.092982 0.396609
v 0.759640 -0.062191 0.482314
v 0.795055 -0.053042 0.382812
v 0.762165 -0.084819 0.458826
v 0.801803 -0.075478 0.356467
v 0.732210 -0.023778 0.629140
v 0.661762 -0.046784 0.705017
v 0.718638 -0.044738 0.605152
v 0.727615 -0.013871 0.701421
v 0.684351 -0.056607 0.642086
v 0.693690 -0.024737 0.744660
v 0.736418 0.036077 0.631714
v 0.664981 0.059958 0.706892
v 0.723655 0.056377 0.608589
v 0.729703 0.027475 0.702694
v 0.688837 0.068861 0.644926
v 0.696418 0.038969 0.746229
v 0.805087 0.002557 0.341648
v 0.826577 0.001268 0.210098
v 0.811654 0.022147 0.311403
v 0.810633 -0.017102 0.310882
v 0.821953 0.022308 0.245136
v 0.821179 -0.018705 0.244582
v -0.804466 0.045270 -0.456581
v -0.799851 0.088635 -0.402979
v -0.787073 0.058209 -0.496378
v -0.816536 0.051046 -0.391903
v -0.779684 0.079624 -0.469123
v -0.818473 0.073407 -0.364549
v -0.805420 -0.051140 -0.445639
v -0.802259 -0.093327 -0.395568
v -0.791076 -0.065043 -0.481758
v -0.817008 -0.056064 -0.384723
v -0.784314 -0.085684 -0.457291
v -0.818526 -0.077397 -0.358025
v -0.783301 -0.029389 -0.613346
v -0.727042 -0.043712 -0.645254
v -0.766547 -0.047353 -0.587383
v -0.787875 -0.020714 -0.672801
v -0.737805 -0.055824 -0.612589
v -0.756654 -0.026992 -0.665355
v -0.794566 0.020895 -0.659272
v -0.737247 0.035090 -0.740503
v -0.771289 0.039295 -0.632292
v -0.818341 0.010924 -0.754871
v -0.739546 0.047675 -0.670174
v -0.803911 0.016525 -0.814597
v -0.828891 -0.002222 -0.348096
v -0.846445 -0.001868 -0.215600
v -0.833444 0.017220 -0.317895
v -0.833590 -0.021244 -0.316251
v -0.843257 0.018678 -0.251395
v -0.842410 -0.021999 -0.249928
v -0.793676 0.046775 0.450687
v -0.795335 0.090020 0.394195
v -0.767552 0.060665 0.484077
v -0.812546 0.052203 0.387090
v -0.765231 0.081813 0.456219
v -0.814833 0.074036 0.357215
v -0.807142 -0.051765 0.462891
v -0.807595 -0.094104 0.405183
v -0.787169 -0.065955 0.502037
v -0.820955 -0.056285 0.395080
v -0.781826 -0.086790 0.472044
v -0.825628 -0.078006 0.366114
v -0.777784 -0.031366 0.675167
v -0.686072 -0.054098 0.742154
v -0.753785 -0.051109 0.641185
v -0.777961 -0.021955 0.765641
v -0.711353 -0.063105 0.674852
v -0.733492 -0.032974 0.804186
v -0.741835 0.025094 0.641380
v -0.647052 0.046906 0.695173
v -0.721277 0.044414 0.608315
v -0.732551 0.016370 0.716227
v -0.677030 0.055646 0.636603
v -0.677836 0.026751 0.738901
v -0.830825 -0.001886 0.351100
v -0.849554 -0.001184 0.214332
v -0.834961 0.017409 0.317587
v -0.837047 -0.020908 0.319716
v -0.844860 0.018995 0.249207
v -0.846493 -0.021879 0.250509
v -0.107195 0.204271 0.173746
v -0.178171 0.200056 0.287123
v -0.178149 0.205139 0.171406
v -0.213465 0.203338 0.227287
v -0.071922 0.201987 0.232532
v -0.107293 0.199658 0.290091
v -0.108168 0.204319 -0.172381
v -0.179397 0.199375 -0.286249
v -0.179020 0.205136 -0.170314
v -0.214301 0.203137 -0.226019
v -0.073466 0.201998 -0.230847
v -0.108969 0.199495 -0.288558
v 0.106790 0.204528 0.173518
v 0.177540 0.200488 0.286971
v 0.177971 0.205640 0.171573
v 0.212971 0.203706 0.227266
v 0.071219 0.202206 0.232398
v 0.106994 0.200099 0.290164
v 0.105845 0.204795 -0.172081
v 0.175650 0.201361 -0.285368
v 0.177357 0.205989 -0.170107
v 0.211886 0.204602 -0.225872
v 0.069657 0.202883 -0.230673
v 0.104678 0.200470 -0.288233
v -0.491260 0.181434 0.420349
v -0.619626 0.172780 0.382521
v -0.521821 0.186728 0.354086
v -0.583417 0.182871 0.334355
v -0.528217 0.173115 0.472214
v -0.592888 0.167684 0.452432
v -0.071262 0.192860 0.469060
v 0.070897 0.193312 0.468679
v -0.035697 0.191613 0.530448
v 0.035145 0.191720 0.529137
v -0.035712 0.195330 0.409924
v 0.035277 0.195391 0.410016
v -0.388077 0.171809 0.618814
v -0.425024 0.143450 0.678822
v -0.346995 0.170011 0.678473
v -0.363706 0.155630 0.704458
v -0.458982 0.165498 0.605389
v -0.473630 0.149846 0.631781
v -0.489360 0.177310 -0.421860
v -0.616341 0.170067 -0.385347
v -0.519970 0.184148 -0.355314
v -0.581954 0.180968 -0.336724
v -0.525580 0.167408 -0.474488
v -0.589115 0.162863 -0.455068
v -0.074841 0.190731 -0.468329
v 0.066863 0.192202 -0.467099
v -0.040097 0.188761 -0.528002
v 0.030239 0.189591 -0.526855
v -0.038858 0.193991 -0.409052
v 0.032238 0.194726 -0.408546
v -0.389245 0.160301 -0.622105
v -0.446202 0.129399 -0.710888
v -0.351459 0.156227 -0.686677
v -0.379189 0.141376 -0.732614
v -0.458091 0.153752 -0.607856
v -0.491070 0.139747 -0.657530
v -0.818681 0.163709 -0.079124
v -0.819509 0.162900 0.074927
v -0.780684 0.174729 -0.039156
v -0.780165 0.174134 0.035541
v -0.863329 0.154227 -0.042051
v -0.861610 0.152991 0.037486
v -0.694924 0.123215 -0.508804
v -0.631846 0.098462 -0.631325
v -0.709737 0.101490 -0.539249
v -0.683911 0.089518 -0.602349
v -0.643173 0.131498 -0.537951
v -0.608841 0.119787 -0.599506
v -0.855919 0.108286 -0.193616
v -0.858248 0.064773 -0.113092
v -0.847991 0.083661 -0.225375
v -0.851357 0.062882 -0.185904
v -0.862265 0.109958 -0.117560
v -0.861994 0.087425 -0.077625
v -0.685602 0.127628 0.494963
v -0.598988 0.108583 0.603232
v -0.690005 0.106899 0.520905
v -0.650997 0.097087 0.576849
v -0.635120 0.137968 0.524978
v -0.588698 0.128613 0.577519
v -0.859683 0.107669 0.188289
v -0.860611 0.064589 0.108828
v -0.851171 0.083760 0.220503
v -0.855531 0.063303 0.181725
v -0.863769 0.109119 0.112596
v -0.863349 0.087284 0.072902
v 0.489128 0.183554 0.419969
v 0.617373 0.175801 0.383375
v 0.519177 0.188253 0.353266
v 0.582202 0.185134 0.335197
v 0.524756 0.175819 0.470995
v 0.589993 0.171219 0.452668
v 0.387667 0.174539 0.617710
v 0.444542 0.155704 0.705253
v 0.346926 0.172474 0.675677
v 0.374657 0.163620 0.718881
v 0.457266 0.169085 0.603621
v 0.485666 0.159021 0.647218
v 0.487132 0.185224 -0.420014
v 0.617748 0.177505 -0.384102
v 0.518359 0.189783 -0.353445
v 0.581544 0.186451 -0.334830
v 0.522652 0.177473 -0.471733
v 0.588941 0.172854 -0.453449
v 0.381047 0.175411 -0.616900
v 0.429320 0.151139 -0.694394
v 0.339586 0.172928 -0.677130
v 0.364388 0.162174 -0.717023
v 0.454107 0.171477 -0.607695
v 0.476833 0.158287 -0.644728
v 0.819419 0.165297 -0.076607
v 0.815242 0.164181 0.077567
v 0.779422 0.175765 -0.036867
v 0.778354 0.175426 0.037845
v 0.853479 0.153396 -0.038767
v 0.851147 0.152879 0.039937
v 0.695317 0.137103 -0.509725
v 0.612369 0.118650 -0.626255
v 0.701276 0.116030 -0.539106
v 0.665318 0.107225 -0.600389
v 0.641151 0.146660 -0.537442
v 0.597218 0.137674 -0.594435
v 0.840533 0.107697 -0.189332
v 0.841085 0.065391 -0.111348
v 0.834092 0.085124 -0.222684
v 0.836335 0.064365 -0.184065
v 0.845790 0.108966 -0.114047
v 0.845032 0.087656 -0.075381
v 0.707290 0.140959 0.515236
v 0.618840 0.122434 0.623781
v 0.708972 0.120481 0.538728
v 0.667490 0.110888 0.593349
v 0.650716 0.148914 0.541777
v 0.608569 0.141471 0.599064
v 0.837856 0.107858 0.188150
v 0.838793 0.065507 0.108356
v 0.831140 0.085720 0.220320
v 0.832710 0.065015 0.180581
v 0.843849 0.109031 0.113116
v 0.842911 0.087648 0.073490
v -0.107557 -0.203673 0.173022
v -0.178737 -0.199016 0.287397
v -0.177919 -0.204772 0.170842
v -0.213479 -0.202750 0.226835
v -0.071805 -0.201218 0.232702
v -0.107650 -0.198645 0.290707
v -0.107728 -0.204556 -0.173215
v -0.180035 -0.199138 -0.287472
v -0.178744 -0.205232 -0.171430
v -0.214236 -0.202959 -0.227298
v -0.072623 -0.201795 -0.232086
v -0.108870 -0.199227 -0.291119
v 0.106850 -0.204190 0.172986
v 0.177850 -0.199388 0.287531
v 0.177961 -0.205178 0.170713
v 0.212660 -0.202989 0.226880
v 0.071177 -0.201406 0.231825
v 0.106951 -0.198660 0.290251
v 0.106094 -0.204723 -0.172662
v 0.176142 -0.200574 -0.286366
v 0.177347 -0.205864 -0.170486
v 0.212363 -0.204187 -0.226667
v 0.070134 -0.202162 -0.232203
v 0.105344 -0.199670 -0.290010
v -0.489526 -0.180061 0.420038
v -0.617046 -0.171927 0.381865
v -0.519435 -0.185564 0.352543
v -0.582888 -0.182506 0.334241
v -0.525269 -0.171420 0.471739
v -0.589878 -0.166569 0.452222
v -0.071727 -0.189795 0.469084
v 0.070772 -0.190021 0.469930
v -0.035879 -0.187490 0.529827
v 0.034755 -0.187623 0.530066
v -0.036073 -0.192773 0.410332
v 0.035104 -0.192870 0.410346
v -0.388026 -0.168548 0.619700
v -0.444426 -0.148949 0.709979
v -0.347619 -0.165818 0.679779
v -0.372935 -0.155907 0.720426
v -0.459873 -0.163721 0.608603
v -0.485870 -0.152463 0.650368
v -0.491797 -0.177636 -0.421477
v -0.619312 -0.171789 -0.385103
v -0.520405 -0.184468 -0.354574
v -0.582210 -0.181710 -0.336106
v -0.528004 -0.167754 -0.471473
v -0.592867 -0.164237 -0.452733
v -0.074792 -0.189367 -0.469920
v 0.067174 -0.190898 -0.468511
v -0.040223 -0.187129 -0.529938
v 0.030599 -0.187855 -0.528969
v -0.038651 -0.192987 -0.410567
v 0.032390 -0.193755 -0.410225
v -0.394414 -0.159658 -0.620969
v -0.460738 -0.131034 -0.710510
v -0.356233 -0.154671 -0.684793
v -0.385178 -0.139709 -0.726733
v -0.465828 -0.154156 -0.606309
v -0.499871 -0.140004 -0.650033
v -0.815070 -0.163757 -0.080093
v -0.819327 -0.163767 0.073917
v -0.776692 -0.174626 -0.039912
v -0.778686 -0.174801 0.034621
v -0.861574 -0.154782 -0.043976
v -0.858539 -0.153144 0.035733
v -0.709047 -0.130020 -0.506795
v -0.653277 -0.106346 -0.620620
v -0.722182 -0.108732 -0.528357
v -0.698423 -0.097203 -0.583187
v -0.658307 -0.137421 -0.537571
v -0.629837 -0.126830 -0.599602
v -0.853879 -0.109836 -0.192781
v -0.857671 -0.066701 -0.112654
v -0.846406 -0.085819 -0.223160
v -0.851795 -0.065470 -0.184835
v -0.860061 -0.111012 -0.117585
v -0.860757 -0.089036 -0.077479
v -0.700054 -0.131832 0.511162
v -0.620889 -0.115016 0.631083
v -0.708982 -0.112164 0.541768
v -0.674083 -0.103783 0.604214
v -0.649038 -0.141665 0.541797
v -0.606389 -0.133482 0.600342
v -0.859385 -0.108564 0.189132
v -0.861821 -0.066388 0.109411
v -0.853382 -0.085552 0.222925
v -0.855638 -0.064934 0.183117
v -0.863885 -0.110163 0.112560
v -0.863835 -0.088918 0.073190
v 0.489765 -0.181342 0.420591
v 0.617875 -0.174015 0.383732
v 0.519633 -0.186760 0.353576
v 0.581849 -0.183415 0.334835
v 0.525593 -0.172919 0.472190
v 0.591867 -0.168806 0.454235
v 0.387275 -0.169166 0.617824
v 0.443746 -0.147798 0.706735
v 0.347379 -0.166178 0.678548
v 0.375381 -0.156227 0.722938
v 0.457432 -0.163919 0.604801
v 0.486167 -0.152676 0.649648
v 0.487942 -0.184027 -0.421299
v 0.615916 -0.176349 -0.383846
v 0.518169 -0.189150 -0.353866
v 0.580396 -0.185597 -0.334761
v 0.522763 -0.176134 -0.472896
v 0.588908 -0.171762 -0.454505
v 0.382258 -0.173157 -0.618827
v 0.432852 -0.150415 -0.700708
v 0.340101 -0.169611 -0.676686
v 0.365128 -0.158871 -0.717399
v 0.454410 -0.168989 -0.608733
v 0.478999 -0.156954 -0.648644
v 0.818665 -0.166205 -0.076995
v 0.818398 -0.166041 0.077391
v 0.779759 -0.176797 -0.037263
v 0.779392 -0.176556 0.037461
v 0.851414 -0.153927 -0.039139
v 0.850382 -0.153570 0.039438
v 0.699318 -0.137375 -0.512524
v 0.608009 -0.116233 -0.621109
v 0.698046 -0.114444 -0.535474
v 0.657778 -0.104226 -0.591956
v 0.644476 -0.146527 -0.540699
v 0.599178 -0.137207 -0.596367
v 0.840547 -0.107658 -0.189391
v 0.840693 -0.064594 -0.111373
v 0.834608 -0.084724 -0.222682
v 0.836172 -0.063625 -0.183906
v 0.845509 -0.109085 -0.114211
v 0.844797 -0.087233 -0.075451
v 0.696751 -0.133101 0.507433
v 0.611419 -0.112333 0.618129
v 0.698444 -0.111272 0.531195
v 0.659882 -0.100652 0.587968
v 0.647215 -0.142917 0.539097
v 0.601443 -0.132852 0.593346
v 0.838301 -0.106983 0.187691
v 0.838638 -0.064376 0.108022
v 0.830303 -0.083509 0.219248
v 0.832836 -0.062892 0.179788
v 0.844015 -0.108508 0.112796
v 0.843122 -0.086974 0.073244
v 0.200897 -0.034425 0.882882
v 0.324461 -0.055701 0.859724
v 0.195997 -0.060085 0.880056
v 0.255928 -0.070657 0.866773
v 0.270007 -0.020019 0.882297
v 0.334297 -0.030891 0.873217
v -0.182638 -0.039136 0.873689
v -0.309195 -0.061996 0.850782
v -0.181250 -0.064238 0.873953
v -0.242812 -0.075447 0.861149
v -0.247688 -0.026630 0.863782
v -0.313078 -0.038407 0.856097
v 0.201997 0.043365 0.878424
v 0.325217 0.067282 0.856233
v 0.197530 0.069326 0.873223
v 0.257262 0.081100 0.861293
v 0.270502 0.030975 0.880012
v 0.335436 0.043208 0.871817
v -0.177735 0.036776 0.857900
v -0.297626 0.056735 0.825933
v -0.173947 0.061969 0.852250
v -0.232671 0.071498 0.835829
v -0.243201 0.022562 0.852048
v -0.304983 0.033092 0.837920
v 0.548638 -0.015434 0.850167
v 0.549590 0.030401 0.850284
v 0.647896 -0.003177 0.868508
v 0.648174 0.019101 0.868037
v 0.483562 -0.004353 0.874450
v 0.483618 0.019237 0.873661
v -0.530438 -0.025881 0.855279
v -0.511639 0.017917 0.821697
v -0.630173 -0.014941 0.904648
v -0.596023 0.006924 0.837712
v -0.454620 -0.015040 0.852260
v -0.447993 0.007319 0.838644
v 0.222406 -0.033646 -0.907295
v 0.323473 -0.056197 -0.860794
v 0.214305 -0.057661 -0.898983
v 0.262738 -0.069231 -0.875506
v 0.278566 -0.021401 -0.892231
v 0.332407 -0.032425 -0.871565
v 0.051185 -0.019870 -0.883891
v -0.135324 -0.023085 -0.712250
v -0.045222 -0.034159 -0.959116
v -0.130097 -0.032995 -0.894864
v 0.191165 -0.005209 -0.726531
v 0.081405 -0.010238 -0.554180
v 0.220625 0.037569 -0.909145
v 0.325642 0.061516 -0.867536
v 0.211931 0.061487 -0.900541
v 0.262243 0.073281 -0.877889
v 0.278650 0.026178 -0.895368
v 0.334339 0.038337 -0.878479
v -0.015194 0.016444 -0.896503
v -0.241329 0.006501 -0.880241
v -0.097416 0.032195 -0.966791
v -0.186759 0.033048 -0.938034
v 0.051630 0.008133 -0.698770
v -0.072986 0.006360 -0.619826
v 0.524248 -0.018791 -0.840626
v 0.537574 0.026413 -0.862530
v 0.603926 -0.007202 -0.849403
v 0.633445 0.015652 -0.904373
v 0.463380 -0.007771 -0.858171
v 0.467210 0.014952 -0.864696
v -0.608437 -0.008685 -0.276320
v -0.551035 0.003338 -0.500785
v -0.690481 -0.008878 -0.523165
v -0.736322 -0.001643 -0.661708
v -0.719758 0.006814 0.410526
v -0.313216 0.001505 -0.074531
v -0.454916 0.225816 0.047826
v -0.453542 0.225269 -0.046061
v -0.387683 0.219252 0.051981
v -0.386162 0.218688 -0.050017
v -0.550047 0.230467 0.078310
v -0.419990 0.218420 0.100400
v -0.515696 0.217965 0.134076
v -0.551303 0.231318 -0.076885
v -0.419549 0.218010 -0.098788
v -0.515296 0.217988 -0.133242
v -0.634455 0.248251 0.001013
v -0.573983 0.219262 -0.115874
v -0.642064 0.223924 -0.030855
v -0.573409 0.218724 0.116435
v -0.641608 0.223467 0.031228
v 0.454482 0.225188 0.047550
v 0.454403 0.225607 -0.046608
v 0.386673 0.218828 0.051398
v 0.387534 0.219658 -0.050545
v 0.551802 0.230311 0.077980
v 0.419876 0.218376 0.099830
v 0.516141 0.218317 0.133906
v 0.552539 0.231061 -0.077151
v 0.419933 0.218993 -0.099067
v 0.516654 0.219050 -0.133185
v 0.634031 0.245514 0.000405
v 0.575564 0.220338 -0.116023
v 0.645876 0.225009 -0.030851
v 0.574937 0.219314 0.116460
v 0.643599 0.223726 0.031481
v -0.453169 -0.226837 0.046035
v -0.452775 -0.226486 -0.047964
v -0.386080 -0.219935 0.050311
v -0.386372 -0.220211 -0.052091
v -0.552095 -0.233714 0.076370
v -0.419463 -0.219385 0.098749
v -0.515339 -0.219178 0.132476
v -0.549701 -0.232707 -0.078825
v -0.419385 -0.219466 -0.100712
v -0.514611 -0.219207 -0.134719
v -0.633667 -0.250931 -0.001360
v -0.573321 -0.220903 -0.117678
v -0.641439 -0.226137 -0.032651
v -0.574191 -0.221077 0.114654
v -0.642210 -0.226348 0.029479
v 0.455730 -0.226475 0.046952
v 0.455769 -0.226624 -0.046904
v 0.387303 -0.219448 0.051295
v 0.387283 -0.219834 -0.050923
v 0.554383 -0.232846 0.077985
v 0.421282 -0.218902 0.099854
v 0.517336 -0.219380 0.133893
v 0.553557 -0.232486 -0.077372
v 0.421533 -0.220031 -0.099577
v 0.518039 -0.220276 -0.133994
v 0.636882 -0.249239 0.000273
v 0.575775 -0.221380 -0.116143
v 0.645456 -0.226319 -0.030914
v 0.575353 -0.220297 0.116081
v 0.645423 -0.226337 0.031319
v -0.000863 -0.187468 0.822424
v -0.084547 -0.180048 0.856683
v -0.033454 -0.184547 0.764771
v -0.125488 -0.178314 0.809369
v 0.084023 -0.179060 0.853302
v 0.031713 -0.184308 0.763375
v 0.124743 -0.177529 0.805860
v 0.052845 -0.161599 0.894692
v -0.050682 -0.161998 0.895432
v 0.058548 -0.140742 0.898385
v -0.053931 -0.141859 0.900139
v 0.145951 -0.168307 0.837204
v 0.111237 -0.147903 0.881642
v -0.145188 -0.168795 0.838429
v -0.107789 -0.149091 0.882959
v 0.001559 0.195910 0.815809
v -0.080953 0.189396 0.848798
v -0.031230 0.192297 0.761245
v -0.121835 0.185857 0.800808
v 0.085894 0.189212 0.848257
v 0.033686 0.193039 0.764239
v 0.125796 0.186708 0.802469
v 0.056044 0.174250 0.891714
v -0.046356 0.174208 0.891055
v 0.062317 0.153419 0.894928
v -0.048067 0.148297 0.882732
v 0.147530 0.179116 0.834657
v 0.114192 0.160386 0.879125
v -0.141246 0.178542 0.834851
v -0.100842 0.154849 0.866010
v -0.007751 -0.184139 -0.820850
v -0.086758 -0.171125 -0.861241
v -0.039466 -0.180735 -0.764133
v -0.128820 -0.169216 -0.813541
v 0.077416 -0.177266 -0.852356
v 0.024942 -0.182216 -0.760832
v 0.117114 -0.176835 -0.802290
v 0.055690 -0.154814 -0.899787
v -0.041754 -0.148938 -0.904483
v 0.070893 -0.129550 -0.904479
v -0.031805 -0.123476 -0.913803
v 0.139746 -0.166805 -0.834936
v 0.114624 -0.141431 -0.884388
v -0.144236 -0.155604 -0.848087
v -0.090343 -0.129576 -0.896257
v -0.009760 0.187662 -0.818686
v -0.089784 0.174545 -0.858894
v -0.040243 0.183849 -0.761936
v -0.130194 0.171946 -0.810517
v 0.074636 0.182264 -0.853803
v 0.023766 0.185489 -0.759600
v 0.115129 0.181881 -0.804661
v 0.051022 0.157878 -0.897264
v -0.048130 0.152231 -0.902801
v 0.064620 0.133578 -0.904446
v -0.041052 0.126346 -0.912045
v 0.137318 0.171612 -0.836781
v 0.110217 0.146515 -0.886488
v -0.146972 0.158543 -0.846750
v -0.098566 0.132724 -0.896291
v 0.783400 0.027713 -0.550495
v 0.801088 0.017764 -0.449870
v 0.777310 0.046872 -0.526717
v 0.802809 0.036401 -0.422534
v 0.775094 -0.024023 -0.543046
v 0.798599 -0.015012 -0.447814
v 0.768254 -0.043533 -0.518273
v 0.799728 -0.034035 -0.419873
v 0.782342 0.002169 -0.623113
v 0.753523 -0.036158 -0.581886
v 0.767625 -0.007353 -0.679771
v 0.769175 0.040163 -0.596368
v 0.797272 0.012331 -0.701478
v 0.810662 0.019464 -0.386559
v 0.809140 -0.016957 -0.385375
v 0.764683 0.030808 0.526043
v 0.787441 0.020081 0.433834
v 0.763733 0.049863 0.507093
v 0.792438 0.038853 0.409654
v 0.763221 -0.021323 0.525242
v 0.786520 -0.012780 0.433291
v 0.760982 -0.040998 0.505273
v 0.791051 -0.031892 0.408779
v 0.755713 0.005636 0.590054
v 0.744478 -0.032998 0.565397
v 0.744688 -0.003528 0.645709
v 0.747744 0.043633 0.567426
v 0.750459 0.016317 0.649360
v 0.799571 0.021281 0.374818
v 0.799429 -0.015253 0.374360
v -0.801115 0.020039 -0.539058
v -0.815294 0.012552 -0.442437
v -0.794796 0.038297 -0.520275
v -0.816250 0.030853 -0.418334
v -0.800429 -0.027138 -0.525532
v -0.815381 -0.018565 -0.438535
v -0.795765 -0.045245 -0.503905
v -0.815918 -0.036230 -0.411368
v -0.802337 -0.004099 -0.597669
v -0.787151 -0.037797 -0.558457
v -0.800143 -0.012705 -0.645291
v -0.789937 0.030063 -0.585868
v -0.807474 0.003892 -0.667507
v -0.823615 0.015254 -0.381944
v -0.823898 -0.019983 -0.379179
v -0.783014 0.021783 0.539171
v -0.811073 0.013505 0.445792
v -0.773842 0.040317 0.512429
v -0.810713 0.032075 0.416349
v -0.806894 -0.027761 0.556684
v -0.817054 -0.018294 0.450806
v -0.795221 -0.046155 0.530793
v -0.818849 -0.036276 0.423708
v -0.790920 -0.002901 0.621122
v -0.786604 -0.039384 0.601019
v -0.786445 -0.012216 0.690051
v -0.756877 0.033264 0.575176
v -0.767134 0.006495 0.672943
v -0.824468 0.015809 0.383835
v -0.826536 -0.019601 0.386593
v -0.107258 0.206648 0.058518
v -0.107773 0.207042 -0.056760
v -0.178843 0.208554 0.057746
v -0.179099 0.208658 -0.055801
v 0.106855 0.207022 0.058224
v 0.106175 0.207456 -0.056929
v 0.177850 0.209012 0.057638
v 0.177564 0.208898 -0.055983
v -0.000778 0.205151 0.116327
v -0.143164 0.206535 0.114538
v -0.036287 0.204208 0.174711
v -0.000618 0.205707 -0.115499
v -0.143194 0.206439 -0.113752
v -0.036865 0.204398 -0.173452
v 0.142554 0.206768 0.114957
v 0.035513 0.203930 0.174667
v 0.141667 0.207374 -0.113711
v 0.034167 0.204083 -0.172780
v -0.283529 0.196829 0.337257
v -0.387954 0.190910 0.381818
v -0.317861 0.201418 0.275818
v -0.420998 0.195825 0.318147
v -0.177091 0.189305 0.523556
v -0.282212 0.182463 0.572989
v -0.140401 0.188290 0.585816
v -0.244079 0.181691 0.635087
v -0.177907 0.194267 0.404655
v -0.248879 0.200290 0.282640
v -0.142909 0.197311 0.347415
v -0.390729 0.181290 0.501502
v -0.455691 0.189175 0.369125
v -0.458770 0.177198 0.486698
v -0.106167 0.190809 0.528414
v -0.107021 0.194799 0.408091
v -0.315390 0.176943 0.627204
v -0.424299 0.173858 0.552824
v -0.284606 0.195288 -0.336813
v -0.387325 0.187965 -0.381689
v -0.318618 0.199879 -0.275040
v -0.420217 0.194023 -0.317938
v -0.180039 0.184503 -0.523426
v -0.284461 0.174736 -0.575029
v -0.144706 0.182587 -0.584891
v -0.247663 0.171968 -0.637384
v -0.180163 0.192164 -0.404512
v -0.249550 0.199641 -0.281581
v -0.144460 0.196074 -0.346689
v -0.389237 0.174667 -0.501390
v -0.454780 0.186281 -0.370064
v -0.457842 0.171018 -0.489086
v -0.110254 0.186927 -0.526911
v -0.109707 0.193023 -0.407716
v -0.318335 0.166240 -0.631053
v -0.425305 0.165490 -0.557079
v -0.695526 0.171431 -0.289546
v -0.764786 0.170368 -0.188399
v -0.661688 0.182991 -0.244270
v -0.729450 0.182006 -0.145659
v -0.768880 0.124825 -0.411340
v -0.830762 0.122734 -0.308364
v -0.774457 0.102174 -0.441111
v -0.821660 0.096902 -0.335826
v -0.710380 0.153743 -0.409681
v -0.640546 0.176728 -0.314815
v -0.653101 0.159252 -0.435140
v -0.845853 0.150284 -0.199734
v -0.775146 0.173380 -0.113860
v -0.854567 0.152435 -0.121121
v -0.737886 0.113140 -0.475549
v -0.679424 0.143721 -0.476609
v -0.842212 0.103895 -0.266506
v -0.864113 0.133084 -0.160042
v -0.697659 0.171615 0.285781
v -0.765041 0.168835 0.183873
v -0.664695 0.183620 0.242243
v -0.729923 0.181142 0.142504
v -0.772849 0.127352 0.404445
v -0.838170 0.122953 0.302797
v -0.766887 0.104059 0.429475
v -0.823708 0.097656 0.329393
v -0.713527 0.155132 0.403338
v -0.642547 0.177860 0.311916
v -0.657774 0.162426 0.431266
v -0.852320 0.149031 0.194974
v -0.774777 0.172099 0.109871
v -0.858837 0.151408 0.116691
v -0.730270 0.116452 0.463454
v -0.682473 0.148101 0.470550
v -0.847563 0.104187 0.261169
v -0.866734 0.131546 0.154541
v 0.282618 0.197527 0.336789
v 0.386385 0.192247 0.380994
v 0.317441 0.201602 0.275815
v 0.419437 0.196986 0.317654
v 0.176583 0.189748 0.522669
v 0.281603 0.183766 0.571713
v 0.140214 0.188891 0.584257
v 0.244003 0.182946 0.633045
v 0.177323 0.194879 0.404490
v 0.247857 0.201007 0.282309
v 0.141861 0.197715 0.347365
v 0.105882 0.191025 0.526543
v 0.106379 0.195300 0.408029
v 0.387339 0.182911 0.498246
v 0.453730 0.190703 0.368634
v 0.456614 0.179603 0.485877
v 0.315225 0.178810 0.625116
v 0.422593 0.176422 0.551567
v 0.281004 0.198762 -0.335732
v 0.384470 0.193465 -0.380270
v 0.316126 0.202906 -0.274383
v 0.418008 0.198301 -0.316561
v 0.171407 0.189361 -0.520871
v 0.275688 0.184054 -0.570330
v 0.133806 0.187254 -0.581172
v 0.236759 0.182084 -0.631635
v 0.174130 0.195201 -0.402752
v 0.246478 0.202079 -0.280650
v 0.139894 0.198338 -0.346166
v 0.100634 0.189771 -0.524628
v 0.103196 0.194997 -0.406414
v 0.384434 0.184330 -0.498823
v 0.452439 0.192247 -0.368333
v 0.454379 0.181411 -0.486898
v 0.308395 0.179046 -0.624920
v 0.419035 0.178209 -0.552816
v 0.698455 0.176019 -0.288063
v 0.767113 0.172632 -0.186132
v 0.663293 0.186524 -0.242761
v 0.730203 0.183563 -0.143740
v 0.785850 0.137105 -0.417686
v 0.830792 0.126550 -0.306412
v 0.772817 0.111946 -0.442152
v 0.816590 0.101714 -0.335128
v 0.711337 0.160683 -0.406447
v 0.641489 0.181814 -0.313011
v 0.653565 0.167711 -0.432590
v 0.846702 0.151244 -0.196060
v 0.776087 0.174892 -0.111597
v 0.850595 0.152329 -0.117431
v 0.739722 0.125624 -0.477733
v 0.681172 0.154783 -0.475531
v 0.832135 0.105640 -0.263468
v 0.847091 0.130400 -0.154396
v 0.697501 0.174860 0.288594
v 0.764415 0.171448 0.187054
v 0.662321 0.185357 0.243308
v 0.728281 0.182682 0.144556
v 0.787672 0.138449 0.418676
v 0.828885 0.126877 0.306269
v 0.778210 0.115412 0.441672
v 0.816946 0.103444 0.333346
v 0.714432 0.160452 0.408464
v 0.641206 0.180533 0.313337
v 0.653004 0.166116 0.431478
v 0.845569 0.151148 0.197910
v 0.773909 0.174087 0.112604
v 0.845820 0.151202 0.118391
v 0.751166 0.130220 0.481773
v 0.683502 0.154638 0.475877
v 0.831480 0.106692 0.262405
v 0.843790 0.129935 0.154495
v -0.107153 -0.206974 0.057610
v -0.107394 -0.207284 -0.057806
v -0.178164 -0.208749 0.056848
v -0.178220 -0.209085 -0.057263
v 0.107038 -0.207171 0.057873
v 0.106784 -0.207518 -0.057244
v 0.178175 -0.209155 0.056617
v 0.178370 -0.209389 -0.056768
v 0.000109 -0.204712 0.116352
v -0.142766 -0.206315 0.114710
v -0.035558 -0.203179 0.174037
v -0.000868 -0.205605 -0.116177
v -0.142993 -0.207087 -0.115121
v -0.037249 -0.203897 -0.174210
v 0.142347 -0.206328 0.114484
v 0.035696 -0.203273 0.173940
v 0.142305 -0.207481 -0.114471
v 0.034751 -0.203907 -0.173941
v -0.283711 -0.195556 0.337009
v -0.386885 -0.189534 0.381408
v -0.317735 -0.200253 0.275470
v -0.419373 -0.194975 0.316723
v -0.177660 -0.185407 0.523985
v -0.283045 -0.178769 0.574626
v -0.141479 -0.183815 0.585964
v -0.245505 -0.176969 0.637120
v -0.178331 -0.192181 0.405098
v -0.248434 -0.199836 0.282251
v -0.142934 -0.195724 0.347616
v -0.388576 -0.178685 0.499895
v -0.454092 -0.187968 0.368495
v -0.457405 -0.175306 0.487023
v -0.106772 -0.186717 0.527539
v -0.107405 -0.192558 0.408075
v -0.316401 -0.172950 0.629013
v -0.423819 -0.171518 0.553857
v -0.284966 -0.194979 -0.338038
v -0.389038 -0.187981 -0.382979
v -0.319023 -0.200257 -0.276878
v -0.420453 -0.194363 -0.318961
v -0.181165 -0.183458 -0.525156
v -0.287432 -0.173786 -0.576183
v -0.145576 -0.180933 -0.587406
v -0.250442 -0.170883 -0.639651
v -0.181054 -0.190949 -0.405328
v -0.249854 -0.199247 -0.283104
v -0.145017 -0.195608 -0.348329
v -0.392678 -0.174571 -0.501773
v -0.456207 -0.186465 -0.370298
v -0.461518 -0.171421 -0.488471
v -0.110365 -0.185393 -0.528401
v -0.109707 -0.192427 -0.408566
v -0.322846 -0.165486 -0.632939
v -0.429233 -0.165379 -0.554798
v -0.693671 -0.172174 -0.288562
v -0.759564 -0.169996 -0.187972
v -0.659735 -0.183601 -0.244155
v -0.724474 -0.181659 -0.145705
v -0.776100 -0.130162 -0.409535
v -0.830958 -0.125521 -0.306690
v -0.778570 -0.107220 -0.432601
v -0.822249 -0.100331 -0.331563
v -0.709862 -0.155004 -0.405493
v -0.639699 -0.177480 -0.313917
v -0.654694 -0.160418 -0.431604
v -0.843818 -0.151097 -0.200573
v -0.769759 -0.172850 -0.114055
v -0.853564 -0.153308 -0.122728
v -0.748352 -0.119691 -0.470594
v -0.685709 -0.146948 -0.473356
v -0.841308 -0.106445 -0.264542
v -0.858750 -0.133000 -0.159915
v -0.698390 -0.172225 0.286366
v -0.766111 -0.169856 0.183923
v -0.664465 -0.184121 0.241768
v -0.729396 -0.181881 0.141919
v -0.788153 -0.131798 0.416648
v -0.841905 -0.124667 0.306505
v -0.782835 -0.108913 0.443659
v -0.830369 -0.100366 0.335780
v -0.712684 -0.155033 0.405538
v -0.642145 -0.177972 0.311765
v -0.653857 -0.161439 0.431085
v -0.850775 -0.149196 0.194005
v -0.774993 -0.173078 0.109300
v -0.858627 -0.152309 0.115371
v -0.745701 -0.121152 0.478674
v -0.684690 -0.148862 0.476208
v -0.848744 -0.105360 0.263849
v -0.864868 -0.131846 0.153890
v 0.283387 -0.196067 0.337348
v 0.387245 -0.190267 0.381273
v 0.318088 -0.201199 0.275860
v 0.420393 -0.195511 0.317605
v 0.176931 -0.186193 0.524301
v 0.282186 -0.179470 0.573324
v 0.140362 -0.184223 0.585743
v 0.244311 -0.177338 0.635019
v 0.177836 -0.192706 0.406250
v 0.248221 -0.199911 0.282038
v 0.142592 -0.195720 0.348485
v 0.105943 -0.187230 0.528823
v 0.106590 -0.192742 0.409217
v 0.388419 -0.179585 0.499403
v 0.454594 -0.188884 0.368915
v 0.458150 -0.176582 0.487712
v 0.315092 -0.173415 0.626257
v 0.423375 -0.172383 0.552982
v 0.280763 -0.197669 -0.336283
v 0.384702 -0.192644 -0.381330
v 0.316193 -0.202292 -0.274875
v 0.418630 -0.197704 -0.317459
v 0.172001 -0.187686 -0.522174
v 0.276449 -0.181963 -0.572004
v 0.134754 -0.185120 -0.583132
v 0.238339 -0.180148 -0.634493
v 0.174625 -0.194023 -0.404269
v 0.246435 -0.201305 -0.281376
v 0.139920 -0.197149 -0.347926
v 0.101305 -0.188116 -0.526378
v 0.103791 -0.193964 -0.408288
v 0.384562 -0.182486 -0.499180
v 0.453062 -0.191365 -0.369466
v 0.454374 -0.179696 -0.487720
v 0.309482 -0.176641 -0.626056
v 0.419475 -0.176138 -0.554041
v 0.697951 -0.175802 -0.288594
v 0.766249 -0.172984 -0.186668
v 0.662549 -0.186494 -0.242937
v 0.729476 -0.183976 -0.144052
v 0.785677 -0.136598 -0.418201
v 0.830132 -0.126380 -0.306588
v 0.771387 -0.110902 -0.440389
v 0.814729 -0.100813 -0.333943
v 0.710834 -0.159916 -0.407183
v 0.640557 -0.181329 -0.313186
v 0.653453 -0.166663 -0.433655
v 0.846312 -0.152253 -0.196896
v 0.775585 -0.175603 -0.112094
v 0.847738 -0.152859 -0.117744
v 0.739664 -0.124889 -0.477141
v 0.682407 -0.154211 -0.477235
v 0.830998 -0.105118 -0.263121
v 0.845633 -0.130513 -0.154634
v 0.697310 -0.174006 0.288393
v 0.763426 -0.171480 0.186462
v 0.662190 -0.184855 0.242925
v 0.727412 -0.182827 0.144021
v 0.786500 -0.135036 0.416995
v 0.830409 -0.125873 0.306159
v 0.770740 -0.109022 0.436752
v 0.812759 -0.099667 0.331119
v 0.715684 -0.158620 0.408642
v 0.640987 -0.179236 0.313042
v 0.655382 -0.164076 0.432939
v 0.842322 -0.150898 0.196958
v 0.773078 -0.174526 0.111999
v 0.843270 -0.151455 0.117591
v 0.739067 -0.122111 0.473597
v 0.684584 -0.151360 0.476094
v 0.828481 -0.104196 0.260836
v 0.843387 -0.129886 0.154032
v 0.071996 -0.037292 0.889158
v -0.055114 -0.039221 0.887404
v 0.069529 -0.064167 0.892621
v -0.055652 -0.065736 0.891406
v 0.073455 0.042368 0.880274
v -0.052275 0.040155 0.873999
v 0.072187 0.069383 0.879063
v -0.051126 0.067043 0.872830
v 0.138703 0.003559 0.885088
v 0.134289 -0.049046 0.887067
v 0.204190 -0.008458 0.884876
v -0.117518 -0.000250 0.873834
v -0.118411 -0.052150 0.881939
v -0.182306 -0.013847 0.869734
v 0.136129 0.056537 0.879198
v 0.204414 0.017413 0.882558
v -0.113641 0.051395 0.865427
v -0.180413 0.011272 0.863995
v 0.405443 -0.119582 0.765232
v 0.367487 -0.088980 0.817470
v 0.341387 -0.132585 0.786049
v 0.301847 -0.103454 0.833059
v 0.587234 -0.081050 0.699005
v 0.571585 -0.048568 0.780448
v 0.639169 -0.068851 0.672325
v 0.638520 -0.036573 0.767754
v 0.514266 -0.115215 0.698081
v 0.391785 -0.139441 0.746498
v 0.501057 -0.135381 0.675388
v 0.623311 -0.090854 0.644088
v 0.558028 -0.123760 0.647072
v 0.451087 -0.051893 0.825938
v 0.313115 -0.080029 0.845619
v 0.394971 -0.041835 0.854348
v 0.604137 -0.026043 0.819493
v 0.468981 -0.028131 0.851202
v -0.405655 -0.123731 0.772461
v -0.361515 -0.094566 0.819832
v -0.341573 -0.136783 0.793828
v -0.295949 -0.108194 0.835335
v -0.597474 -0.086974 0.717970
v -0.573711 -0.057050 0.799681
v -0.658137 -0.075065 0.699472
v -0.652125 -0.045017 0.801611
v -0.518770 -0.118866 0.708439
v -0.394254 -0.143118 0.755254
v -0.504187 -0.137193 0.682133
v -0.637451 -0.095479 0.663545
v -0.563325 -0.125964 0.656259
v -0.441292 -0.059749 0.827941
v -0.303166 -0.085354 0.843435
v -0.378316 -0.049677 0.845417
v -0.599570 -0.035735 0.841953
v -0.450878 -0.037545 0.844499
v 0.407501 0.129947 0.763981
v 0.369993 0.100809 0.816153
v 0.342291 0.142461 0.782851
v 0.303627 0.114491 0.829535
v 0.591565 0.093453 0.701364
v 0.573953 0.062734 0.781123
v 0.643953 0.081070 0.675263
v 0.641320 0.050706 0.769286
v 0.519096 0.125912 0.701245
v 0.392608 0.148465 0.744035
v 0.505253 0.144511 0.678342
v 0.629798 0.102149 0.648627
v 0.564082 0.133506 0.651822
v 0.454056 0.065222 0.827052
v 0.314731 0.091037 0.841241
v 0.396363 0.054426 0.852817
v 0.605959 0.040874 0.820266
v 0.470290 0.042290 0.850718
v -0.385838 0.117295 0.737860
v -0.344652 0.088338 0.787440
v -0.323938 0.131088 0.758888
v -0.281334 0.103109 0.803744
v -0.568352 0.078730 0.679142
v -0.542950 0.048793 0.755628
v -0.625430 0.066944 0.659918
v -0.611337 0.037606 0.748332
v -0.495934 0.111826 0.674646
v -0.374580 0.137119 0.720416
v -0.484799 0.131341 0.653377
v -0.610702 0.087740 0.629897
v -0.543021 0.119639 0.628115
v -0.422218 0.052346 0.794818
v -0.289533 0.080257 0.813877
v -0.365042 0.042960 0.819404
v -0.567523 0.027871 0.792742
v -0.435457 0.029998 0.816805
v 0.125787 -0.033594 -0.942544
v 0.050525 -0.030727 -0.979940
v 0.114898 -0.057039 -0.935330
v 0.027052 -0.052155 -0.969688
v 0.119209 0.035270 -0.941944
v 0.033976 0.028901 -0.968619
v 0.106797 0.058839 -0.932889
v 0.008357 0.051222 -0.958333
v 0.176253 0.001071 -0.928974
v 0.168294 -0.045617 -0.921205
v 0.226322 -0.010034 -0.912213
v 0.054881 -0.001735 -0.961571
v 0.008184 -0.035924 -0.991809
v 0.104999 -0.006201 -0.843265
v 0.163891 0.048726 -0.921382
v 0.225788 0.013552 -0.911621
v -0.025061 0.033083 -0.979101
v 0.071528 0.005316 -0.840716
v 0.396874 -0.121185 -0.762068
v 0.362004 -0.089711 -0.816680
v 0.333164 -0.133289 -0.782130
v 0.299390 -0.102834 -0.834190
v 0.577784 -0.084372 -0.697978
v 0.553676 -0.052058 -0.773787
v 0.632785 -0.072322 -0.675524
v 0.619016 -0.040255 -0.762717
v 0.505986 -0.118008 -0.696203
v 0.382490 -0.141781 -0.742654
v 0.492860 -0.138472 -0.673003
v 0.618086 -0.094337 -0.646402
v 0.552941 -0.127694 -0.648368
v 0.438838 -0.054031 -0.820287
v 0.312351 -0.079558 -0.848238
v 0.386407 -0.043257 -0.849006
v 0.576518 -0.029595 -0.807675
v 0.452708 -0.030819 -0.841023
v -0.432630 -0.096161 -0.780752
v -0.361533 -0.049513 -0.811715
v -0.351048 -0.109637 -0.803096
v -0.276952 -0.070832 -0.855591
v -0.653834 -0.069201 -0.674597
v -0.648266 -0.030041 -0.634249
v -0.700906 -0.063067 -0.639934
v -0.712412 -0.030292 -0.643360
v -0.562486 -0.100946 -0.708404
v -0.411593 -0.120674 -0.761478
v -0.532040 -0.122418 -0.685376
v -0.676642 -0.084558 -0.633756
v -0.601025 -0.115574 -0.660422
v -0.419575 -0.021502 -0.557040
v -0.246046 -0.037600 -0.843299
v -0.205571 -0.015479 -0.481881
v -0.659023 -0.019062 -0.535037
v -0.421924 -0.010066 -0.250825
v 0.398566 0.124763 -0.764498
v 0.365013 0.094396 -0.822333
v 0.333061 0.136704 -0.782400
v 0.299715 0.107078 -0.836727
v 0.592241 0.089560 -0.715855
v 0.573368 0.058426 -0.800161
v 0.650420 0.077145 -0.696021
v 0.650000 0.046638 -0.800974
v 0.510069 0.121430 -0.701335
v 0.381649 0.144218 -0.740905
v 0.492951 0.140491 -0.672481
v 0.629093 0.098292 -0.659233
v 0.554044 0.129510 -0.649589
v 0.447746 0.060313 -0.834683
v 0.313807 0.084349 -0.852353
v 0.391395 0.049790 -0.858966
v 0.601729 0.036779 -0.844046
v 0.460837 0.037811 -0.854700
v -0.417862 0.093934 -0.789963
v -0.376420 0.051180 -0.871331
v -0.343443 0.109085 -0.806540
v -0.288650 0.071591 -0.875806
v -0.633746 0.062762 -0.721014
v -0.643475 0.025529 -0.772910
v -0.692160 0.055269 -0.696752
v -0.733730 0.021490 -0.796402
v -0.536285 0.095018 -0.716245
v -0.397374 0.119014 -0.760536
v -0.511658 0.118146 -0.686429
v -0.658714 0.076667 -0.662856
v -0.573972 0.107832 -0.659500
v -0.576754 -0.009065 -0.963639
v -0.285783 0.039626 -0.905418
v -0.291841 0.003386 -0.695758
v -0.681642 0.009815 -0.733906
v -0.395594 0.001732 -0.536789
v 0.838367 0.022260 -0.109755
v 0.838403 -0.021381 -0.109786
v 0.833834 0.021604 -0.181467
v 0.834457 -0.020654 -0.181184
v 0.836001 0.022702 0.105969
v 0.835955 -0.020631 0.105599
v 0.830054 0.022593 0.176431
v 0.829560 -0.019720 0.175965
v 0.841053 0.044120 -0.001679
v 0.837096 0.043397 -0.146584
v 0.842814 0.065867 -0.038153
v 0.834627 0.043807 0.142693
v 0.842057 0.066014 0.035491
v 0.842220 -0.043241 -0.001754
v 0.837006 -0.042353 -0.146365
v 0.842771 -0.065319 -0.038144
v 0.835063 -0.042313 0.142525
v 0.842345 -0.064973 0.035113
v -0.855179 0.020306 -0.110224
v -0.856165 -0.022948 -0.110418
v -0.849412 0.019895 -0.181720
v -0.850392 -0.022813 -0.181158
v -0.857450 0.020765 0.107177
v -0.857919 -0.022638 0.107515
v -0.852252 0.019852 0.178734
v -0.853853 -0.022378 0.179626
v -0.860382 0.043068 -0.001986
v -0.853751 0.041832 -0.147621
v -0.862190 0.065466 -0.039311
v -0.855950 0.042127 0.143842
v -0.862382 0.065310 0.035003
v -0.860400 -0.044928 -0.001578
v -0.853931 -0.044258 -0.146914
v -0.861696 -0.066904 -0.038735
v -0.857045 -0.044088 0.144838
v -0.862980 -0.066999 0.035225
v -0.283713 0.210566 0.110415
v -0.317830 0.209136 0.163115
v -0.283729 0.210586 -0.109255
v -0.317992 0.208697 -0.162253
v -0.248674 0.206963 0.168731
v -0.249249 0.206722 -0.167067
v -0.516179 0.201250 0.239963
v -0.575898 0.199380 0.221394
v -0.549548 0.192660 0.287264
v -0.515035 0.200253 -0.240309
v -0.575412 0.198970 -0.222241
v -0.547615 0.191003 -0.288109
v -0.705386 0.197487 -0.035637
v -0.703963 0.196687 0.033647
v -0.742008 0.185646 -0.001386
v 0.283565 0.211073 0.110387
v 0.317596 0.209595 0.163181
v 0.282788 0.211401 -0.108891
v 0.316995 0.210398 -0.162161
v 0.248578 0.207081 0.168538
v 0.247608 0.207973 -0.166482
v 0.514977 0.201982 0.239782
v 0.575153 0.200361 0.221686
v 0.547681 0.193856 0.287064
v 0.515207 0.203436 -0.239461
v 0.575090 0.201414 -0.221082
v 0.547599 0.195294 -0.286940
v 0.703854 0.197626 -0.034158
v 0.703308 0.197339 0.035020
v 0.741013 0.186545 0.000444
v -0.283183 -0.210829 0.109074
v -0.318117 -0.209452 0.162325
v -0.283564 -0.211151 -0.110606
v -0.318026 -0.209172 -0.163346
v -0.248385 -0.206752 0.167406
v -0.248890 -0.206765 -0.168459
v -0.515532 -0.201383 0.238835
v -0.574779 -0.199424 0.219937
v -0.547574 -0.192018 0.285849
v -0.514706 -0.201165 -0.241037
v -0.573857 -0.199589 -0.222640
v -0.548457 -0.191764 -0.288409
v -0.701449 -0.197633 -0.036532
v -0.702766 -0.197814 0.032617
v -0.739471 -0.186095 -0.002268
v 0.283816 -0.210762 0.109258
v 0.317878 -0.209405 0.162630
v 0.283169 -0.211533 -0.110023
v 0.317518 -0.210136 -0.162688
v 0.247954 -0.206590 0.167154
v 0.247832 -0.207760 -0.167357
v 0.515785 -0.201770 0.239896
v 0.574832 -0.200131 0.221369
v 0.548873 -0.193216 0.287515
v 0.516061 -0.203834 -0.240193
v 0.575939 -0.201924 -0.221822
v 0.547405 -0.194819 -0.287277
v 0.703549 -0.198565 -0.034497
v 0.703229 -0.198389 0.034588
v 0.740663 -0.187357 0.000049
v -0.035553 -0.184274 0.648114
v 0.033750 -0.184069 0.647255
v -0.233983 -0.170162 0.744059
v -0.257248 -0.161156 0.782145
v -0.000793 -0.185681 0.589137
v -0.302730 -0.162954 0.731797
v 0.234337 -0.170452 0.744428
v 0.257842 -0.160204 0.780157
v 0.303887 -0.163224 0.732730
v 0.125037 -0.101346 0.887585
v 0.181813 -0.110055 0.871244
v -0.116186 -0.104199 0.888974
v -0.174976 -0.114146 0.874756
v 0.189415 -0.085669 0.875960
v -0.178544 -0.089350 0.873641
v -0.034072 0.190131 0.647246
v 0.035030 0.190477 0.647763
v -0.231720 0.176619 0.741836
v -0.250500 0.164669 0.769853
v 0.000054 0.190715 0.589024
v -0.299153 0.166968 0.726212
v 0.233747 0.177709 0.738768
v 0.258297 0.169339 0.777039
v 0.303572 0.170738 0.728656
v 0.127842 0.110065 0.877359
v 0.183890 0.120166 0.863942
v -0.108345 0.103700 0.861443
v -0.164416 0.112015 0.844440
v 0.191253 0.094773 0.867554
v -0.169669 0.087225 0.847352
v -0.040535 -0.182393 -0.648109
v 0.028306 -0.183664 -0.646192
v -0.240390 -0.159613 -0.753376
v -0.260567 -0.143854 -0.788934
v -0.005423 -0.185199 -0.588914
v -0.311453 -0.149462 -0.741042
v 0.226354 -0.172465 -0.741398
v 0.249701 -0.161397 -0.776821
v 0.295428 -0.165755 -0.729430
v 0.144103 -0.094774 -0.906836
v 0.190077 -0.105410 -0.879590
v -0.061579 -0.081440 -0.942971
v -0.131277 -0.086010 -0.914560
v 0.203291 -0.081571 -0.889947
v -0.101075 -0.059500 -0.940734
v -0.040767 0.184715 -0.646040
v 0.027540 0.186215 -0.645197
v -0.238789 0.161914 -0.753173
v -0.259649 0.146552 -0.792207
v -0.005578 0.187120 -0.586888
v -0.307989 0.151474 -0.743461
v 0.224763 0.175673 -0.740113
v 0.248423 0.165378 -0.777499
v 0.294849 0.169651 -0.730622
v 0.139184 0.097119 -0.902971
v 0.186973 0.109593 -0.880580
v -0.078712 0.081181 -0.932946
v -0.147058 0.086167 -0.911420
v 0.200339 0.085332 -0.890922
v -0.129474 0.058698 -0.935937
v 0.745905 0.081441 -0.536190
v 0.723936 0.073464 -0.603429
v 0.817349 0.060000 -0.325591
v 0.823828 0.041137 -0.287957
v 0.709922 0.094674 -0.570115
v 0.828431 0.063039 -0.255576
v 0.737666 -0.078742 -0.527790
v 0.710345 -0.069857 -0.589399
v 0.816396 -0.058850 -0.324170
v 0.822678 -0.039587 -0.287191
v 0.701677 -0.091907 -0.561214
v 0.828692 -0.061880 -0.255158
v 0.731573 -0.007605 -0.808401
v 0.847690 0.013213 -0.935374
v 0.695055 0.003623 -0.862791
v 0.740948 0.085033 0.523740
v 0.714282 0.077237 0.584179
v 0.814060 0.062144 0.319374
v 0.818612 0.042592 0.281544
v 0.708920 0.098583 0.560281
v 0.824602 0.064010 0.251177
v 0.734136 -0.075786 0.519252
v 0.707951 -0.066665 0.579872
v 0.810332 -0.057465 0.317544
v 0.816729 -0.038501 0.280343
v 0.701115 -0.088771 0.554917
v 0.823108 -0.060469 0.249923
v 0.738127 -0.003038 0.793198
v 0.739754 0.018143 0.794353
v 0.826593 0.008997 0.969190
v -0.761493 0.069692 -0.534486
v -0.747940 0.059180 -0.601285
v -0.829368 0.056148 -0.325481
v -0.836836 0.037883 -0.287418
v -0.728370 0.080342 -0.571158
v -0.841501 0.059999 -0.256635
v -0.765734 -0.076562 -0.513596
v -0.750688 -0.066745 -0.566684
v -0.829486 -0.060089 -0.320836
v -0.837099 -0.041536 -0.285117
v -0.736053 -0.087434 -0.548013
v -0.841683 -0.063274 -0.254355
v -0.802503 -0.012485 -0.737376
v -0.904035 0.000919 -0.936558
v -0.792949 -0.006152 -0.748002
v -0.735564 0.073386 0.517029
v -0.706141 0.064721 0.576938
v -0.829511 0.056852 0.320809
v -0.838577 0.038364 0.284786
v -0.697207 0.085544 0.548484
v -0.843779 0.060496 0.252270
v -0.756954 -0.079187 0.538606
v -0.733883 -0.071350 0.606293
v -0.835101 -0.060091 0.326180
v -0.842022 -0.041399 0.287759
v -0.719128 -0.091710 0.572941
v -0.848513 -0.063181 0.255870
v -0.849890 -0.010389 0.938193
v -0.729891 0.007238 0.803416
v -0.691423 -0.003135 0.857551
v -0.035676 0.199734 0.292074
v 0.035516 0.199712 0.292030
v 0.000082 0.197630 0.350645
v -0.037982 0.199086 -0.289995
v 0.033576 0.199807 -0.289925
v -0.002517 0.196976 -0.349494
v -0.564634 0.163426 0.523157
v -0.522909 0.157114 0.582680
v -0.579127 0.146990 0.552500
v -0.560038 0.155565 -0.524656
v -0.524881 0.146862 -0.589518
v -0.586921 0.139574 -0.565809
v -0.866005 0.132530 -0.002406
v -0.864513 0.110084 -0.040840
v -0.865096 0.109973 0.035979
v 0.561264 0.167587 0.522589
v 0.525907 0.163262 0.587549
v 0.589544 0.156315 0.565579
v 0.557672 0.168772 -0.522605
v 0.520349 0.164146 -0.587477
v 0.581956 0.155417 -0.562770
v 0.850571 0.131526 0.000165
v 0.848080 0.109702 -0.038314
v 0.846786 0.109441 0.037346
v -0.036186 -0.198419 0.292694
v 0.035517 -0.198379 0.291665
v -0.000603 -0.195602 0.351207
v -0.037557 -0.199376 -0.292372
v 0.033440 -0.199675 -0.291850
v -0.002532 -0.196174 -0.351524
v -0.561327 -0.162027 0.523238
v -0.526745 -0.157375 0.590078
v -0.589207 -0.149771 0.566856
v -0.566301 -0.157075 -0.521935
v -0.533994 -0.148456 -0.586122
v -0.597972 -0.142727 -0.562455
v -0.865043 -0.133337 -0.003599
v -0.864166 -0.111550 -0.041407
v -0.864477 -0.111017 0.035585
v 0.560277 -0.163253 0.521985
v 0.525751 -0.157995 0.588250
v 0.588641 -0.150806 0.565191
v 0.559019 -0.167440 -0.525045
v 0.521967 -0.162708 -0.590274
v 0.584323 -0.154677 -0.565834
v 0.849770 -0.131861 -0.000233
v 0.847143 -0.109421 -0.038565
v 0.846695 -0.109351 0.037269
v 0.342927 -0.005905 0.887987
v 0.343234 0.018590 0.887763
v 0.427168 0.007867 0.921950
v -0.314026 -0.014774 0.856695
v -0.310779 0.009416 0.848792
v -0.380816 -0.003332 0.847568
v 0.337760 -0.008893 -0.879158
v 0.338749 0.014816 -0.882310
v 0.400063 0.003212 -0.869709
v 0.660512 0.005412 -0.500061
v 0.208041 0.003489 -0.337850
v 0.458919 -0.002707 0.710025
f 1 647 644
f 1 644 643
f 1 643 645
f 1 645 646
f 1 646 647
f 2 649 652
f 6 672 670
f 12 702 699
f 11 696 695
f 8 679 681
f 4 662 659
f 4 659 658
f 4 658 660
f 4 660 661
f 4 661 662
f 5 666 665
f 3 654 657
f 7 673 677
f 9 685 686
f 10 692 688
f 12 701 698
f 6 669 668
f 2 650 648
f 8 682 678
f 11 697 693
f 6 671 669
f 12 700 701
f 11 694 697
f 8 680 682
f 2 651 650
f 10 690 689
f 5 663 664
f 3 655 653
f 7 676 674
f 9 687 684
f 10 691 690
f 5 667 663
f 3 656 655
f 7 675 676
f 9 683 687
f 6 668 672
f 2 648 649
f 8 678 679
f 11 693 696
f 12 698 702
f 10 688 691
f 5 665 667
f 3 657 656
f 7 677 675
f 9 686 683
f 5 664 666
f 3 653 654
f 7 674 673
f 9 684 685
f 10 689 692
f 6 670 671
f 12 699 700
f 11 695 694
f 8 681 680
f 2 652 651
f 35 837 838
f 18 735 736
f 19 742 741
f 40 868 867
f 42 880 879
f 34 832 831
f 33 827 828
f 25 778 780
f 36 844 846
f 20 749 747
f 32 819 820
f 23 765 767
f 24 773 771
f 37 850 849
f 41 876 875
f 34 833 834
f 33 826 825
f 25 779 777
f 36 845 843
f 20 748 750
f 17 729 727
f 14 711 709
f 13 706 703
f 15 718 715
f 16 724 721
f 18 737 733
f 35 839 835
f 42 882 878
f 40 870 866
f 19 744 740
f 30 807 805
f 27 789 787
f 22 762 758
f 28 797 793
f 29 802 799
f 32 821 817
f 23 766 763
f 24 774 770
f 37 852 848
f 41 874 872
f 35 838 836
f 18 736 734
f 19 741 739
f 40 867 865
f 42 879 877
f 34 831 829
f 33 828 824
f 25 780 776
f 36 846 842
f 20 747 745
f 32 820 818
f 23 767 764
f 24 771 769
f 37 849 847
f 41 875 871
f 34 834 830
f 33 825 823
f 25 777 775
f 36 843 841
f 20 750 746
f 14 714 710
f 13 707 704
f 15 719 716
f 16 725 722
f 17 732 728
f 21 755 752
f 31 814 811
f 26 784 781
f 38 857 853
f 39 862 860
f 27 792 788
f 22 759 757
f 28 796 794
f 29 803 800
f 30 810 806
f 31 815 812
f 26 785 782
f 38 856 854
f 39 863 859
f 21 754 751
f 14 712 714
f 13 705 707
f 15 717 719
f 16 723 725
f 17 730 732
f 21 753 755
f 31 816 814
f 26 786 784
f 38 858 857
f 39 861 862
f 27 791 792
f 22 761 759
f 28 795 796
f 29 801 803
f 30 808 810
f 31 813 815
f 26 783 785
f 38 855 856
f 39 864 863
f 21 756 754
f 14 709 712
f 13 703 705
f 15 715 717
f 16 721 723
f 17 727 730
f 21 751 753
f 31 812 816
f 26 782 786
f 38 854 858
f 39 859 861
f 27 787 791
f 22 758 761
f 28 793 795
f 29 799 801
f 30 805 808
f 31 811 813
f 26 781 783
f 38 853 855
f 39 860 864
f 21 752 756
f 17 728 731
f 14 710 713
f 13 704 708
f 15 716 720
f 16 722 726
f 18 734 738
f 35 836 840
f 42 877 881
f 40 865 869
f 19 739 743
f 30 806 809
f 27 788 790
f 22 757 760
f 28 794 798
f 29 800 804
f 32 818 822
f 23 764 768
f 24 769 772
f 37 847 851
f 41 871 873
f 35 835 837
f 18 733 735
f 19 740 742
f 40 866 868
f 42 878 880
f 34 830 832
f 33 823 827
f 25 775 778
f 36 841 844
f 20 746 749
f 32 817 819
f 23 763 765
f 24 770 773
f 37 848 850
f 41 872 876
f 34 829 833
f 33 824 826
f 25 776 779
f 36 842 845
f 20 745 748
f 17 731 729
f 14 713 711
f 13 708 706
f 15 720 718
f 16 726 724
f 18 738 737
f 35 840 839
f 42 881 882
f 40 869 870
f 19 743 744
f 30 809 807
f 27 790 789
f 22 760 762
f 28 798 797
f 29 804 802
f 32 822 821
f 23 768 766
f 24 772 774
f 37 851 852
f 41 873 874
f 107 1269 1270
f 103 1245 1246
f 104 1252 1251
f 110 1288 1287
f 113 1306 1305
f 118 1336 1335
f 154 1551 1552
f 141 1473 1474
f 162 1599 1600
f 121 1354 1353
f 142 1479 1480
f 129 1401 1402
f 130 1408 1407
f 144 1492 1491
f 146 1504 1503
f 151 1533 1534
f 131 1414 1413
f 136 1444 1443
f 161 1594 1593
f 126 1383 1384
f 116 1323 1324
f 108 1275 1276
f 106 1263 1264
f 112 1299 1300
f 115 1317 1318
f 119 1341 1342
f 156 1564 1563
f 139 1462 1461
f 160 1588 1587
f 120 1347 1348
f 149 1521 1522
f 132 1420 1419
f 128 1395 1396
f 145 1497 1498
f 148 1515 1516
f 155 1557 1558
f 133 1425 1426
f 134 1431 1432
f 157 1570 1569
f 124 1372 1371
f 109 1282 1281
f 105 1258 1257
f 111 1294 1293
f 114 1312 1311
f 117 1330 1329
f 125 1378 1377
f 152 1540 1539
f 137 1449 1450
f 158 1575 1576
f 123 1365 1366
f 143 1486 1485
f 127 1390 1389
f 135 1437 1438
f 147 1510 1509
f 150 1528 1527
f 153 1546 1545
f 140 1468 1467
f 138 1455 1456
f 159 1581 1582
f 122 1359 1360
f 107 1272 1271
f 103 1248 1247
f 104 1253 1254
f 110 1289 1290
f 113 1307 1308
f 118 1337 1338
f 154 1554 1553
f 141 1476 1475
f 162 1602 1601
f 121 1355 1356
f 142 1482 1481
f 129 1404 1403
f 130 1409 1410
f 144 1493 1494
f 146 1505 1506
f 151 1536 1535
f 131 1415 1416
f 136 1445 1446
f 161 1595 1596
f 126 1386 1385
f 47 909 907
f 44 891 889
f 43 886 883
f 45 898 895
f 46 904 901
f 49 922 919
f 72 1060 1057
f 102 1240 1237
f 96 1204 1201
f 79 1102 1099
f 62 999 997
f 59 981 979
f 58 976 973
f 60 988 985
f 61 994 991
f 66 1024 1021
f 54 952 949
f 73 1066 1063
f 85 1138 1135
f 92 1179 1177
f 101 1233 1231
f 69 1041 1039
f 50 927 925
f 82 1119 1117
f 97 1209 1207
f 71 1053 1051
f 100 1228 1225
f 94 1192 1189
f 80 1108 1105
f 51 933 931
f 90 1167 1165
f 63 1005 1003
f 55 957 955
f 76 1083 1081
f 87 1150 1147
f 91 1174 1171
f 67 1029 1027
f 56 963 961
f 75 1077 1075
f 83 1126 1123
f 68 1036 1033
f 48 915 913
f 78 1095 1093
f 93 1185 1183
f 98 1216 1213
f 88 1155 1153
f 65 1018 1015
f 57 970 967
f 77 1090 1087
f 86 1143 1141
f 64 1012 1009
f 53 945 943
f 74 1071 1069
f 84 1131 1129
f 89 1162 1159
f 70 1047 1045
f 99 1221 1219
f 95 1197 1195
f 81 1114 1111
f 52 940 937
f 109 1284 1280
f 105 1260 1256
f 111 1296 1292
f 114 1314 1310
f 117 1332 1328
f 125 1380 1376
f 152 1542 1538
f 137 1451 1447
f 158 1577 1573
f 123 1367 1363
f 143 1488 1484
f 127 1392 1388
f 135 1439 1435
f 147 1512 1508
f 150 1530 1526
f 153 1548 1544
f 140 1470 1466
f 138 1457 1453
f 159 1583 1579
f 122 1361 1357
f 107 1270 1268
f 103 1246 1244
f 104 1251 1249
f 110 1287 1285
f 113 1305 1303
f 118 1335 1333
f 154 1552 1550
f 141 1474 1472
f 162 1600 1598
f 121 1353 1351
f 142 1480 1478
f 129 1402 1400
f 130 1407 1405
f 144 1491 1489
f 146 1503 1501
f 151 1534 1532
f 131 1413 1411
f 136 1443 1441
f 161 1593 1591
f 126 1384 1382
f 116 1324 1322
f 108 1276 1274
f 106 1264 1262
f 112 1300 1298
f 115 1318 1316
f 119 1342 1340
f 156 1563 1561
f 139 1461 1459
f 160 1587 1585
f 120 1348 1346
f 149 1522 1520
f 132 1419 1417
f 128 1396 1394
f 145 1498 1496
f 148 1516 1514
f 155 1558 1556
f 133 1426 1424
f 134 1432 1430
f 157 1569 1567
f 124 1371 1369
f 109 1281 1279
f 105 1257 1255
f 111 1293 1291
f 114 1311 1309
f 117 1329 1327
f 125 1377 1375
f 152 1539 1537
f 137 1450 1448
f 158 1576 1574
f 123 1366 1364
f 143 1485 1483
f 127 1389 1387
f 135 1438 1436
f 147 1509 1507
f 150 1527 1525
f 153 1545 1543
f 140 1467 1465
f 138 1456 1454
f 159 1582 1580
f 122 1360 1358
f 107 1271 1267
f 103 1247 1243
f 104 1254 1250
f 110 1290 1286
f 113 1308 1304
f 118 1338 1334
f 154 1553 1549
f 141 1475 1471
f 162 1601 1597
f 121 1356 1352
f 142 1481 1477
f 129 1403 1399
f 130 1410 1406
f 144 1494 1490
f 146 1506 1502
f 151 1535 1531
f 131 1416 1412
f 136 1446 1442
f 161 1596 1592
f 126 1385 1381
f 44 894 890
f 43 887 884
f 45 899 896
f 46 905 902
f 47 912 908
f 52 941 938
f 70 1050 1046
f 99 1224 1220
f 95 1200 1196
f 81 1115 1112
f 59 984 980
f 58 977 974
f 60 989 986
f 61 995 992
f 62 1002 998
f 65 1019 1016
f 57 971 968
f 77 1091 1088
f 86 1146 1142
f 88 1158 1154
f 98 1217 1214
f 68 1037 1034
f 48 918 914
f 78 1098 1094
f 93 1188 1184
f 69 1044 1040
f 101 1236 1232
f 97 1212 1208
f 82 1122 1118
f 50 930 926
f 89 1163 1160
f 64 1013 1010
f 53 948 944
f 74 1074 1070
f 84 1134 1130
f 90 1170 1166
f 63 1008 1004
f 55 960 956
f 76 1086 1082
f 87 1151 1148
f 72 1061 1058
f 49 923 920
f 79 1103 1100
f 96 1205 1202
f 102 1241 1238
f 91 1175 1172
f 67 1032 1028
f 56 966 962
f 75 1080 1076
f 83 1127 1124
f 66 1025 1022
f 54 953 950
f 73 1067 1064
f 85 1139 1136
f 92 1182 1178
f 71 1056 1052
f 100 1229 1226
f 94 1193 1190
f 80 1109 1106
f 51 936 932
f 116 1325 1321
f 108 1277 1273
f 106 1265 1261
f 112 1301 1297
f 115 1319 1315
f 119 1343 1339
f 156 1566 1562
f 139 1464 1460
f 160 1590 1586
f 120 1349 1345
f 149 1523 1519
f 132 1422 1418
f 128 1397 1393
f 145 1499 1495
f 148 1517 1513
f 155 1559 1555
f 133 1427 1423
f 134 1433 1429
f 157 1572 1568
f 124 1374 1370
f 44 892 894
f 43 885 887
f 45 897 899
f 46 903 905
f 47 910 912
f 52 939 941
f 70 1048 1050
f 99 1222 1224
f 95 1198 1200
f 81 1113 1115
f 59 982 984
f 58 975 977
f 60 987 989
f 61 993 995
f 62 1000 1002
f 65 1017 1019
f 57 969 971
f 77 1089 1091
f 86 1144 1146
f 88 1156 1158
f 98 1215 1217
f 68 1035 1037
f 48 916 918
f 78 1096 1098
f 93 1186 1188
f 69 1042 1044
f 101 1234 1236
f 97 1210 1212
f 82 1120 1122
f 50 928 930
f 89 1161 1163
f 64 1011 1013
f 53 946 948
f 74 1072 1074
f 84 1132 1134
f 90 1168 1170
f 63 1006 1008
f 55 958 960
f 76 1084 1086
f 87 1149 1151
f 72 1059 1061
f 49 921 923
f 79 1101 1103
f 96 1203 1205
f 102 1239 1241
f 91 1173 1175
f 67 1030 1032
f 56 964 966
f 75 1078 1080
f 83 1125 1127
f 66 1023 1025
f 54 951 953
f 73 1065 1067
f 85 1137 1139
f 92 1180 1182
f 71 1054 1056
f 100 1227 1229
f 94 1191 1193
f 80 1107 1109
f 51 934 936
f 116 1326 1325
f 108 1278 1277
f 106 1266 1265
f 112 1302 1301
f 115 1320 1319
f 119 1344 1343
f 156 1565 1566
f 139 1463 1464
f 160 1589 1590
f 120 1350 1349
f 149 1524 1523
f 132 1421 1422
f 128 1398 1397
f 145 1500 1499
f 148 1518 1517
f 155 1560 1559
f 133 1428 1427
f 134 1434 1433
f 157 1571 1572
f 124 1373 1374
f 44 889 892
f 43 883 885
f 45 895 897
f 46 901 903
f 47 907 910
f 52 937 939
f 70 1045 1048
f 99 1219 1222
f 95 1195 1198
f 81 1111 1113
f 59 979 982
f 58 973 975
f 60 985 987
f 61 991 993
f 62 997 1000
f 65 1015 1017
f 57 967 969
f 77 1087 1089
f 86 1141 1144
f 88 1153 1156
f 98 1213 1215
f 68 1033 1035
f 48 913 916
f 78 1093 1096
f 93 1183 1186
f 69 1039 1042
f 101 1231 1234
f 97 1207 1210
f 82 1117 1120
f 50 925 928
f 89 1159 1161
f 64 1009 1011
f 53 943 946
f 74 1069 1072
f 84 1129 1132
f 90 1165 1168
f 63 1003 1006
f 55 955 958
f 76 1081 1084
f 87 1147 1149
f 72 1057 1059
f 49 919 921
f 79 1099 1101
f 96 1201 1203
f 102 1237 1239
f 91 1171 1173
f 67 1027 1030
f 56 961 964
f 75 1075 1078
f 83 1123 1125
f 66 1021 1023
f 54 949 951
f 73 1063 1065
f 85 1135 1137
f 92 1177 1180
f 71 1051 1054
f 100 1225 1227
f 94 1189 1191
f 80 1105 1107
f 51 931 934
f 116 1322 1326
f 108 1274 1278
f 106 1262 1266
f 112 1298 1302
f 115 1316 1320
f 119 1340 1344
f 156 1561 1565
f 139 1459 1463
f 160 1585 1589
f 120 1346 1350
f 149 1520 1524
f 132 1417 1421
f 128 1394 1398
f 145 1496 1500
f 148 1514 1518
f 155 1556 1560
f 133 1424 1428
f 134 1430 1434
f 157 1567 1571
f 124 1369 1373
f 47 908 911
f 44 890 893
f 43 884 888
f 45 896 900
f 46 902 906
f 49 920 924
f 72 1058 1062
f 102 1238 1242
f 96 1202 1206
f 79 1100 1104
f 62 998 1001
f 59 980 983
f 58 974 978
f 60 986 990
f 61 992 996
f 66 1022 1026
f 54 950 954
f 73 1064 1068
f 85 1136 1140
f 92 1178 1181
f 101 1232 1235
f 69 1040 1043
f 50 926 929
f 82 1118 1121
f 97 1208 1211
f 71 1052 1055
f 100 1226 1230
f 94 1190 1194
f 80 1106 1110
f 51 932 935
f 90 1166 1169
f 63 1004 1007
f 55 956 959
f 76 1082 1085
f 87 1148 1152
f 91 1172 1176
f 67 1028 1031
f 56 962 965
f 75 1076 1079
f 83 1124 1128
f 68 1034 1038
f 48 914 917
f 78 1094 1097
f 93 1184 1187
f 98 1214 1218
f 88 1154 1157
f 65 1016 1020
f 57 968 972
f 77 1088 1092
f 86 1142 1145
f 64 1010 1014
f 53 944 947
f 74 1070 1073
f 84 1130 1133
f 89 1160 1164
f 70 1046 1049
f 99 1220 1223
f 95 1196 1199
f 81 1112 1116
f 52 938 942
f 109 1279 1283
f 105 1255 1259
f 111 1291 1295
f 114 1309 1313
f 117 1327 1331
f 125 1375 1379
f 152 1537 1541
f 137 1448 1452
f 158 1574 1578
f 123 1364 1368
f 143 1483 1487
f 127 1387 1391
f 135 1436 1440
f 147 1507 1511
f 150 1525 1529
f 153 1543 1547
f 140 1465 1469
f 138 1454 1458
f 159 1580 1584
f 122 1358 1362
f 107 1267 1269
f 103 1243 1245
f 104 1250 1252
f 110 1286 1288
f 113 1304 1306
f 118 1334 1336
f 154 1549 1551
f 141 1471 1473
f 162 1597 1599
f 121 1352 1354
f 142 1477 1479
f 129 1399 1401
f 130 1406 1408
f 144 1490 1492
f 146 1502 1504
f 151 1531 1533
f 131 1412 1414
f 136 1442 1444
f 161 1592 1594
f 126 1381 1383
f 116 1321 1323
f 108 1273 1275
f 106 1261 1263
f 112 1297 1299
f 115 1315 1317
f 119 1339 1341
f 156 1562 1564
f 139 1460 1462
f 160 1586 1588
f 120 1345 1347
f 149 1519 1521
f 132 1418 1420
f 128 1393 1395
f 145 1495 1497
f 148 1513 1515
f 155 1555 1557
f 133 1423 1425
f 134 1429 1431
f 157 1568 1570
f 124 1370 1372
f 109 1280 1282
f 105 1256 1258
f 111 1292 1294
f 114 1310 1312
f 117 1328 1330
f 125 1376 1378
f 152 1538 1540
f 137 1447 1449
f 158 1573 1575
f 123 1363 1365
f 143 1484 1486
f 127 1388 1390
f 135 1435 1437
f 147 1508 1510
f 150 1526 1528
f 153 1544 1546
f 140 1466 1468
f 138 1453 1455
f 159 1579 1581
f 122 1357 1359
f 107 1268 1272
f 103 1244 1248
f 104 1249 1253
f 110 1285 1289
f 113 1303 1307
f 118 1333 1337
f 154 1550 1554
f 141 1472 1476
f 162 1598 1602
f 121 1351 1355
f 142 1478 1482
f 129 1400 1404
f 130 1405 1409
f 144 1489 1493
f 146 1501 1505
f 151 1532 1536
f 131 1411 1415
f 136 1441 1445
f 161 1591 1595
f 126 1382 1386
f 47 911 909
f 44 893 891
f 43 888 886
f 45 900 898
f 46 906 904
f 49 924 922
f 72 1062 1060
f 102 1242 1240
f 96 1206 1204
f 79 1104 1102
f 62 1001 999
f 59 983 981
f 58 978 976
f 60 990 988
f 61 996 994
f 66 1026 1024
f 54 954 952
f 73 1068 1066
f 85 1140 1138
f 92 1181 1179
f 101 1235 1233
f 69 1043 1041
f 50 929 927
f 82 1121 1119
f 97 1211 1209
f 71 1055 1053
f 100 1230 1228
f 94 1194 1192
f 80 1110 1108
f 51 935 933
f 90 1169 1167
f 63 1007 1005
f 55 959 957
f 76 1085 1083
f 87 1152 1150
f 91 1176 1174
f 67 1031 1029
f 56 965 963
f 75 1079 1077
f 83 1128 1126
f 68 1038 1036
f 48 917 915
f 78 1097 1095
f 93 1187 1185
f 98 1218 1216
f 88 1157 1155
f 65 1020 1018
f 57 972 970
f 77 1092 1090
f 86 1145 1143
f 64 1014 1012
f 53 947 945
f 74 1073 1071
f 84 1133 1131
f 89 1164 1162
f 70 1049 1047
f 99 1223 1221
f 95 1199 1197
f 81 1116 1114
f 52 942 940
f 109 1283 1284
f 105 1259 1260
f 111 1295 1296
f 114 1313 1314
f 117 1331 1332
f 125 1379 1380
f 152 1541 1542
f 137 1452 1451
f 158 1578 1577
f 123 1368 1367
f 143 1487 1488
f 127 1391 1392
f 135 1440 1439
f 147 1511 1512
f 150 1529 1530
f 153 1547 1548
f 140 1469 1470
f 138 1458 1457
f 159 1584 1583
f 122 1362 1361
f 407 1609 1616
f 403 1605 1608
f 404 1611 1606
f 410 1614 1612
f 413 1617 1615
f 422 1631 1624
f 486 1688 1692
f 573 1775 1782
f 561 1763 1765
f 512 1719 1714
f 452 1654 1661
f 448 1650 1653
f 449 1656 1651
f 455 1659 1657
f 458 1662 1660
f 470 1672 1675
f 437 1646 1639
f 494 1706 1696
f 531 1735 1733
f 539 1741 1751
f 568 1770 1779
f 478 1680 1683
f 419 1621 1626
f 509 1711 1721
f 554 1756 1766
f 482 1684 1689
f 576 1780 1778
f 558 1767 1760
f 516 1722 1718
f 425 1627 1629
f 542 1744 1747
f 463 1668 1665
f 434 1636 1641
f 497 1699 1704
f 528 1730 1737
f 546 1748 1750
f 464 1666 1676
f 440 1642 1644
f 500 1705 1702
f 524 1736 1726
f 479 1691 1681
f 418 1623 1620
f 508 1713 1710
f 553 1764 1755
f 569 1781 1771
f 538 1749 1740
f 471 1677 1673
f 443 1645 1647
f 501 1703 1707
f 523 1725 1734
f 467 1674 1669
f 433 1638 1635
f 493 1695 1698
f 527 1732 1729
f 543 1752 1745
f 485 1690 1687
f 572 1777 1774
f 557 1759 1762
f 515 1717 1720
f 428 1630 1632
f 591 2191 2189
f 587 1885 1883
f 588 1901 1903
f 594 2279 2281
f 597 2315 2317
f 600 2171 2173
f 634 2160 2158
f 619 2016 2012
f 639 2214 2210
f 602 1919 1924
f 624 2137 2135
f 608 1978 1973
f 610 1991 1996
f 627 2225 2227
f 630 2302 2304
f 635 2178 2176
f 615 2153 2155
f 617 2009 2014
f 637 2207 2212
f 604 1926 1922
f 416 1857 1864
f 408 1803 1810
f 406 1786 1795
f 412 1822 1831
f 415 1840 1849
f 424 1876 1887
f 492 2182 2193
f 582 2312 2321
f 565 2276 2285
f 514 1898 1907
f 461 2091 2098
f 453 2037 2044
f 451 1952 1961
f 457 2056 2067
f 460 2074 2083
f 475 2128 2139
f 439 1966 1975
f 496 1988 1997
f 533 2222 2231
f 551 2293 2298
f 579 2185 2190
f 483 1879 1884
f 426 1893 1900
f 521 2271 2278
f 566 2307 2314
f 489 2163 2170
f 578 2150 2159
f 560 2006 2015
f 518 2204 2213
f 429 1911 1918
f 547 2131 2136
f 465 1969 1977
f 441 1983 1990
f 504 2217 2224
f 537 2290 2301
f 550 2168 2177
f 476 2145 2152
f 444 2001 2008
f 502 2199 2206
f 526 1916 1925
f 481 1808 1817
f 420 1789 1797
f 510 1825 1833
f 555 1843 1851
f 571 1862 1871
f 540 1933 1941
f 473 2110 2119
f 447 2020 2029
f 507 2236 2247
f 534 2257 2262
f 469 2042 2051
f 435 1947 1954
f 498 2059 2064
f 529 2077 2085
f 545 2096 2105
f 487 2113 2121
f 574 2023 2031
f 562 2239 2244
f 520 2254 2265
f 432 1930 1939
f 589 1818 1814
f 583 1798 1793
f 586 1834 1829
f 593 1852 1847
f 596 1872 1868
f 599 1942 1937
f 633 2120 2124
f 620 2030 2034
f 640 2248 2250
f 603 2263 2261
f 622 2052 2050
f 607 1955 1960
f 612 2065 2063
f 626 2086 2081
f 629 2106 2102
f 631 2122 2117
f 614 2032 2027
f 618 2245 2243
f 641 2266 2268
f 605 1940 1944
f 409 1813 1804
f 405 1792 1785
f 411 1828 1821
f 414 1846 1839
f 417 1867 1858
f 431 1936 1929
f 488 2123 2114
f 575 2033 2024
f 563 2249 2240
f 519 2260 2253
f 454 2049 2038
f 450 1959 1951
f 456 2062 2055
f 459 2080 2073
f 462 2101 2092
f 472 2116 2109
f 446 2026 2019
f 506 2242 2235
f 535 2267 2258
f 541 1943 1934
f 570 1869 1861
f 480 1815 1807
f 421 1799 1790
f 511 1835 1826
f 556 1853 1844
f 484 1889 1880
f 580 2195 2186
f 567 2319 2308
f 522 2283 2272
f 427 1905 1894
f 544 2103 2095
f 468 2046 2041
f 436 1957 1948
f 499 2069 2060
f 530 2087 2078
f 548 2141 2132
f 466 1979 1970
f 442 1993 1984
f 505 2229 2218
f 536 2296 2289
f 491 2188 2181
f 423 1882 1875
f 513 1902 1897
f 564 2280 2275
f 581 2316 2311
f 549 2172 2167
f 477 2157 2146
f 445 2011 2002
f 503 2209 2200
f 525 1923 1915
f 474 2134 2127
f 438 1972 1965
f 495 1995 1987
f 532 2226 2221
f 552 2303 2294
f 490 2175 2164
f 577 2154 2149
f 559 2013 2005
f 517 2211 2203
f 430 1921 1912
f 590 1865 1870
f 584 1811 1816
f 585 1796 1800
f 592 1832 1836
f 595 1850 1854
f 598 1888 1890
f 636 2194 2196
f 621 2322 2320
f 642 2286 2284
f 601 1908 1906
f 623 2099 2104
f 611 2045 2047
f 609 1962 1958
f 625 2068 2070
f 628 2084 2088
f 632 2140 2142
f 613 1976 1980
f 616 1998 1994
f 638 2232 2230
f 606 2299 2297
f 407 2330 2329
f 403 2324 2323
f 404 2325 2326
f 410 2332 2333
f 413 2335 2336
f 422 2344 2345
f 486 2410 2409
f 573 2497 2496
f 561 2486 2485
f 512 2434 2435
f 452 2375 2374
f 448 2369 2368
f 449 2370 2371
f 455 2377 2378
f 458 2380 2381
f 470 2393 2392
f 437 2359 2360
f 494 2415 2416
f 531 2455 2456
f 539 2461 2460
f 568 2489 2488
f 478 2399 2398
f 419 2341 2340
f 509 2431 2430
f 554 2476 2475
f 482 2405 2404
f 576 2500 2501
f 558 2481 2482
f 516 2439 2440
f 425 2348 2347
f 542 2465 2464
f 463 2383 2384
f 434 2356 2355
f 497 2420 2419
f 528 2452 2451
f 546 2471 2470
f 464 2386 2385
f 440 2363 2362
f 500 2422 2423
f 524 2445 2446
f 479 2400 2401
f 418 2338 2339
f 508 2428 2429
f 553 2473 2474
f 569 2490 2491
f 538 2458 2459
f 471 2394 2395
f 443 2366 2365
f 501 2425 2424
f 523 2444 2443
f 467 2389 2390
f 433 2353 2354
f 493 2414 2413
f 527 2449 2450
f 543 2466 2467
f 485 2407 2408
f 572 2494 2495
f 557 2480 2479
f 515 2438 2437
f 428 2351 2350
f 591 2510 2511
f 587 2504 2505
f 588 2508 2507
f 594 2514 2513
f 597 2517 2516
f 600 2520 2519
f 634 2554 2556
f 619 2539 2540
f 639 2560 2561
f 602 2523 2521
f 624 2543 2544
f 608 2527 2529
f 610 2532 2530
f 627 2547 2546
f 630 2550 2549
f 635 2552 2553
f 615 2535 2534
f 617 2538 2536
f 637 2558 2557
f 604 2524 2525
f 167 1607 647
f 164 1603 644
f 163 1604 643
f 165 1610 645
f 166 1613 646
f 169 1622 649
f 192 1686 672
f 222 1773 702
f 216 1761 696
f 199 1712 679
f 182 1652 662
f 179 1648 659
f 178 1649 658
f 180 1655 660
f 181 1658 661
f 186 1670 666
f 174 1637 654
f 193 1694 673
f 205 1731 685
f 212 1739 692
f 221 1768 701
f 189 1678 669
f 170 1619 650
f 202 1709 682
f 217 1754 697
f 191 1682 671
f 220 1776 700
f 214 1758 694
f 200 1716 680
f 171 1625 651
f 210 1742 690
f 183 1663 663
f 175 1634 655
f 196 1697 676
f 207 1728 687
f 211 1746 691
f 187 1664 667
f 176 1640 656
f 195 1700 675
f 203 1724 683
f 188 1679 668
f 168 1618 648
f 198 1708 678
f 213 1753 693
f 218 1769 698
f 208 1738 688
f 185 1671 665
f 177 1643 657
f 197 1701 677
f 206 1723 686
f 184 1667 664
f 173 1633 653
f 194 1693 674
f 204 1727 684
f 209 1743 689
f 190 1685 670
f 219 1772 699
f 215 1757 695
f 201 1715 681
f 172 1628 652
f 357 2187 837
f 255 1881 735
f 262 1899 742
f 388 2277 868
f 400 2313 880
f 352 2169 832
f 347 2156 827
f 298 2010 778
f 364 2208 844
f 269 1917 749
f 339 2133 819
f 285 1971 765
f 293 1989 773
f 370 2223 850
f 396 2300 876
f 353 2174 833
f 346 2151 826
f 299 2007 779
f 365 2205 845
f 268 1920 748
f 249 1855 729
f 231 1801 711
f 226 1784 706
f 238 1820 718
f 244 1838 724
f 257 1874 737
f 359 2180 839
f 402 2310 882
f 390 2274 870
f 264 1896 744
f 327 2089 807
f 309 2035 789
f 282 1950 762
f 317 2054 797
f 322 2072 802
f 341 2126 821
f 286 1964 766
f 294 1986 774
f 372 2220 852
f 394 2291 874
f 358 2183 838
f 256 1877 736
f 261 1891 741
f 387 2269 867
f 399 2305 879
f 351 2161 831
f 348 2148 828
f 300 2004 780
f 366 2202 846
f 267 1909 747
f 340 2129 820
f 287 1967 767
f 291 1981 771
f 369 2215 849
f 395 2288 875
f 354 2166 834
f 345 2143 825
f 297 1999 777
f 363 2197 843
f 270 1914 750
f 234 1806 714
f 227 1787 707
f 239 1823 719
f 245 1841 725
f 252 1860 732
f 275 1931 755
f 334 2108 814
f 304 2018 784
f 377 2234 857
f 382 2255 862
f 312 2040 792
f 279 1945 759
f 316 2057 796
f 323 2075 803
f 330 2094 810
f 335 2111 815
f 305 2021 785
f 376 2237 856
f 383 2252 863
f 274 1928 754
f 232 1812 712
f 225 1791 705
f 237 1827 717
f 243 1845 723
f 250 1866 730
f 273 1935 753
f 336 2118 816
f 306 2028 786
f 378 2246 858
f 381 2259 861
f 311 2048 791
f 281 1953 761
f 315 2061 795
f 321 2079 801
f 328 2100 808
f 333 2115 813
f 303 2025 783
f 375 2241 855
f 384 2264 864
f 276 1938 756
f 229 1802 709
f 223 1783 703
f 235 1819 715
f 241 1837 721
f 247 1856 727
f 271 1927 751
f 332 2112 812
f 302 2022 782
f 374 2238 854
f 379 2251 859
f 307 2036 787
f 278 1949 758
f 313 2053 793
f 319 2071 799
f 325 2090 805
f 331 2107 811
f 301 2017 781
f 373 2233 853
f 380 2256 860
f 272 1932 752
f 248 1859 728
f 230 1805 710
f 224 1788 704
f 236 1824 716
f 242 1842 722
f 254 1878 734
f 356 2184 836
f 397 2306 877
f 385 2270 865
f 259 1892 739
f 326 2093 806
f 308 2039 788
f 277 1946 757
f 314 2058 794
f 320 2076 800
f 338 2130 818
f 284 1968 764
f 289 1982 769
f 367 2216 847
f 391 2287 871
f 355 2179 835
f 253 1873 733
f 260 1895 740
f 386 2273 866
f 398 2309 878
f 350 2165 830
f 343 2144 823
f 295 2000 775
f 361 2198 841
f 266 1913 746
f 337 2125 817
f 283 1963 763
f 290 1985 770
f 368 2219 848
f 392 2292 872
f 349 2162 829
f 344 2147 824
f 296 2003 776
f 362 2201 842
f 265 1910 745
f 251 1863 731
f 233 1809 713
f 228 1794 708
f 240 1830 720
f 246 1848 726
f 258 1886 738
f 360 2192 840
f 401 2318 881
f 389 2282 869
f 263 1904 743
f 329 2097 809
f 310 2043 790
f 280 1956 760
f 318 2066 798
f 324 2082 804
f 342 2138 822
f 288 1974 768
f 292 1992 772
f 371 2228 851
f 393 2295 873
f 409 2331 1269
f 405 2327 1245
f 411 2328 1252
f 414 2334 1288
f 417 2337 1306
f 431 2346 1336
f 488 2412 1551
f 575 2499 1473
f 563 2487 1599
f 519 2436 1354
f 454 2376 1479
f 450 2372 1401
f 456 2373 1408
f 459 2379 1492
f 462 2382 1504
f 472 2396 1533
f 446 2361 1414
f 506 2418 1444
f 535 2457 1594
f 541 2463 1383
f 570 2492 1323
f 480 2402 1275
f 421 2343 1263
f 511 2433 1299
f 556 2478 1317
f 484 2406 1341
f 580 2502 1564
f 567 2484 1462
f 522 2442 1588
f 427 2349 1347
f 544 2468 1521
f 468 2387 1420
f 436 2358 1395
f 499 2421 1497
f 530 2454 1515
f 548 2472 1557
f 466 2388 1425
f 442 2364 1431
f 505 2426 1570
f 536 2448 1372
f 491 2403 1282
f 423 2342 1258
f 513 2432 1294
f 564 2477 1312
f 581 2493 1330
f 549 2462 1378
f 477 2397 1540
f 445 2367 1449
f 503 2427 1575
f 525 2447 1365
f 474 2391 1486
f 438 2357 1390
f 495 2417 1437
f 532 2453 1510
f 552 2469 1528
f 490 2411 1546
f 577 2498 1468
f 559 2483 1455
f 517 2441 1581
f 430 2352 1359
f 590 2509 1272
f 584 2503 1248
f 585 2506 1253
f 592 2512 1289
f 595 2515 1307
f 598 2518 1337
f 636 2555 1554
f 621 2541 1476
f 642 2562 1602
f 601 2522 1355
f 623 2542 1482
f 611 2528 1404
f 609 2531 1409
f 625 2545 1493
f 628 2548 1505
f 632 2551 1536
f 613 2533 1415
f 616 2537 1445
f 638 2559 1595
f 606 2526 1386
f 407 1616 909
f 403 1608 891
f 404 1606 886
f 410 1612 898
f 413 1615 904
f 422 1624 922
f 486 1692 1060
f 573 1782 1240
f 561 1765 1204
f 512 1714 1102
f 452 1661 999
f 448 1653 981
f 449 1651 976
f 455 1657 988
f 458 1660 994
f 470 1675 1024
f 437 1639 952
f 494 1696 1066
f 531 1733 1138
f 539 1751 1179
f 568 1779 1233
f 478 1683 1041
f 419 1626 927
f 509 1721 1119
f 554 1766 1209
f 482 1689 1053
f 576 1778 1228
f 558 1760 1192
f 516 1718 1108
f 425 1629 933
f 542 1747 1167
f 463 1665 1005
f 434 1641 957
f 497 1704 1083
f 528 1737 1150
f 546 1750 1174
f 464 1676 1029
f 440 1644 963
f 500 1702 1077
f 524 1726 1126
f 479 1681 1036
f 418 1620 915
f 508 1710 1095
f 553 1755 1185
f 569 1771 1216
f 538 1740 1155
f 471 1673 1018
f 443 1647 970
f 501 1707 1090
f 523 1734 1143
f 467 1669 1012
f 433 1635 945
f 493 1698 1071
f 527 1729 1131
f 543 1745 1162
f 485 1687 1047
f 572 1774 1221
f 557 1762 1197
f 515 1720 1114
f 428 1632 940
f 591 2189 1284
f 587 1883 1260
f 588 1903 1296
f 594 2281 1314
f 597 2317 1332
f 600 2173 1380
f 634 2158 1542
f 619 2012 1451
f 639 2210 1577
f 602 1924 1367
f 624 2135 1488
f 608 1973 1392
f 610 1996 1439
f 627 2227 1512
f 630 2304 1530
f 635 2176 1548
f 615 2155 1470
f 617 2014 1457
f 637 2212 1583
f 604 1922 1361
f 416 1864 1270
f 408 1810 1246
f 406 1795 1251
f 412 1831 1287
f 415 1849 1305
f 424 1887 1335
f 492 2193 1552
f 582 2321 1474
f 565 2285 1600
f 514 1907 1353
f 461 2098 1480
f 453 2044 1402
f 451 1961 1407
f 457 2067 1491
f 460 2083 1503
f 475 2139 1534
f 439 1975 1413
f 496 1997 1443
f 533 2231 1593
f 551 2298 1384
f 579 2190 1324
f 483 1884 1276
f 426 1900 1264
f 521 2278 1300
f 566 2314 1318
f 489 2170 1342
f 578 2159 1563
f 560 2015 1461
f 518 2213 1587
f 429 1918 1348
f 547 2136 1522
f 465 1977 1419
f 441 1990 1396
f 504 2224 1498
f 537 2301 1516
f 550 2177 1558
f 476 2152 1426
f 444 2008 1432
f 502 2206 1569
f 526 1925 1371
f 481 1817 1281
f 420 1797 1257
f 510 1833 1293
f 555 1851 1311
f 571 1871 1329
f 540 1941 1377
f 473 2119 1539
f 447 2029 1450
f 507 2247 1576
f 534 2262 1366
f 469 2051 1485
f 435 1954 1389
f 498 2064 1438
f 529 2085 1509
f 545 2105 1527
f 487 2121 1545
f 574 2031 1467
f 562 2244 1456
f 520 2265 1582
f 432 1939 1360
f 589 1814 1271
f 583 1793 1247
f 586 1829 1254
f 593 1847 1290
f 596 1868 1308
f 599 1937 1338
f 633 2124 1553
f 620 2034 1475
f 640 2250 1601
f 603 2261 1356
f 622 2050 1481
f 607 1960 1403
f 612 2063 1410
f 626 2081 1494
f 629 2102 1506
f 631 2117 1535
f 614 2027 1416
f 618 2243 1446
f 641 2268 1596
f 605 1944 1385
f 409 1804 894
f 405 1785 887
f 411 1821 899
f 414 1839 905
f 417 1858 912
f 431 1929 941
f 488 2114 1050
f 575 2024 1224
f 563 2240 1200
f 519 2253 1115
f 454 2038 984
f 450 1951 977
f 456 2055 989
f 459 2073 995
f 462 2092 1002
f 472 2109 1019
f 446 2019 971
f 506 2235 1091
f 535 2258 1146
f 541 1934 1158
f 570 1861 1217
f 480 1807 1037
f 421 1790 918
f 511 1826 1098
f 556 1844 1188
f 484 1880 1044
f 580 2186 1236
f 567 2308 1212
f 522 2272 1122
f 427 1894 930
f 544 2095 1163
f 468 2041 1013
f 436 1948 948
f 499 2060 1074
f 530 2078 1134
f 548 2132 1170
f 466 1970 1008
f 442 1984 960
f 505 2218 1086
f 536 2289 1151
f 491 2181 1061
f 423 1875 923
f 513 1897 1103
f 564 2275 1205
f 581 2311 1241
f 549 2167 1175
f 477 2146 1032
f 445 2002 966
f 503 2200 1080
f 525 1915 1127
f 474 2127 1025
f 438 1965 953
f 495 1987 1067
f 532 2221 1139
f 552 2294 1182
f 490 2164 1056
f 577 2149 1229
f 559 2005 1193
f 517 2203 1109
f 430 1912 936
f 590 1870 1325
f 584 1816 1277
f 585 1800 1265
f 592 1836 1301
f 595 1854 1319
f 598 1890 1343
f 636 2196 1566
f 621 2320 1464
f 642 2284 1590
f 601 1906 1349
f 623 2104 1523
f 611 2047 1422
f 609 1958 1397
f 625 2070 1499
f 628 2088 1517
f 632 2142 1559
f 613 1980 1427
f 616 1994 1433
f 638 2230 1572
f 606 2297 1374
f 407 2329 892
f 403 2323 885
f 404 2326 897
f 410 2333 903
f 413 2336 910
f 422 2345 939
f 486 2409 1048
f 573 2496 1222
f 561 2485 1198
f 512 2435 1113
f 452 2374 982
f 448 2368 975
f 449 2371 987
f 455 2378 993
f 458 2381 1000
f 470 2392 1017
f 437 2360 969
f 494 2416 1089
f 531 2456 1144
f 539 2460 1156
f 568 2488 1215
f 478 2398 1035
f 419 2340 916
f 509 2430 1096
f 554 2475 1186
f 482 2404 1042
f 576 2501 1234
f 558 2482 1210
f 516 2440 1120
f 425 2347 928
f 542 2464 1161
f 463 2384 1011
f 434 2355 946
f 497 2419 1072
f 528 2451 1132
f 546 2470 1168
f 464 2385 1006
f 440 2362 958
f 500 2423 1084
f 524 2446 1149
f 479 2401 1059
f 418 2339 921
f 508 2429 1101
f 553 2474 1203
f 569 2491 1239
f 538 2459 1173
f 471 2395 1030
f 443 2365 964
f 501 2424 1078
f 523 2443 1125
f 467 2390 1023
f 433 2354 951
f 493 2413 1065
f 527 2450 1137
f 543 2467 1180
f 485 2408 1054
f 572 2495 1227
f 557 2479 1191
f 515 2437 1107
f 428 2350 934
f 591 2511 1326
f 587 2505 1278
f 588 2507 1266
f 594 2513 1302
f 597 2516 1320
f 600 2519 1344
f 634 2556 1565
f 619 2540 1463
f 639 2561 1589
f 602 2521 1350
f 624 2544 1524
f 608 2529 1421
f 610 2530 1398
f 627 2546 1500
f 630 2549 1518
f 635 2553 1560
f 615 2534 1428
f 617 2536 1434
f 637 2557 1571
f 604 2525 1373
f 164 1609 889
f 163 1605 883
f 165 1611 895
f 166 1614 901
f 167 1617 907
f 172 1631 937
f 190 1688 1045
f 219 1775 1219
f 215 1763 1195
f 201 1719 1111
f 179 1654 979
f 178 1650 973
f 180 1656 985
f 181 1659 991
f 182 1662 997
f 185 1672 1015
f 177 1646 967
f 197 1706 1087
f 206 1735 1141
f 208 1741 1153
f 218 1770 1213
f 188 1680 1033
f 168 1621 913
f 198 1711 1093
f 213 1756 1183
f 189 1684 1039
f 221 1780 1231
f 217 1767 1207
f 202 1722 1117
f 170 1627 925
f 209 1744 1159
f 184 1668 1009
f 173 1636 943
f 194 1699 1069
f 204 1730 1129
f 210 1748 1165
f 183 1666 1003
f 175 1642 955
f 196 1705 1081
f 207 1736 1147
f 192 1691 1057
f 169 1623 919
f 199 1713 1099
f 216 1764 1201
f 222 1781 1237
f 211 1749 1171
f 187 1677 1027
f 176 1645 961
f 195 1703 1075
f 203 1725 1123
f 186 1674 1021
f 174 1638 949
f 193 1695 1063
f 205 1732 1135
f 212 1752 1177
f 191 1690 1051
f 220 1777 1225
f 214 1759 1189
f 200 1717 1105
f 171 1630 931
f 358 2191 1322
f 256 1885 1274
f 261 1901 1262
f 387 2279 1298
f 399 2315 1316
f 351 2171 1340
f 348 2160 1561
f 300 2016 1459
f 366 2214 1585
f 267 1919 1346
f 340 2137 1520
f 287 1978 1417
f 291 1991 1394
f 369 2225 1496
f 395 2302 1514
f 354 2178 1556
f 345 2153 1424
f 297 2009 1430
f 363 2207 1567
f 270 1926 1369
f 247 1857 908
f 229 1803 890
f 223 1786 884
f 235 1822 896
f 241 1840 902
f 253 1876 920
f 355 2182 1058
f 398 2312 1238
f 386 2276 1202
f 260 1898 1100
f 325 2091 998
f 307 2037 980
f 278 1952 974
f 313 2056 986
f 319 2074 992
f 337 2128 1022
f 283 1966 950
f 290 1988 1064
f 368 2222 1136
f 392 2293 1178
f 356 2185 1232
f 254 1879 1040
f 259 1893 926
f 385 2271 1118
f 397 2307 1208
f 349 2163 1052
f 344 2150 1226
f 296 2006 1190
f 362 2204 1106
f 265 1911 932
f 338 2131 1166
f 284 1969 1004
f 289 1983 956
f 367 2217 1082
f 391 2290 1148
f 350 2168 1172
f 343 2145 1028
f 295 2001 962
f 361 2199 1076
f 266 1916 1124
f 230 1808 1034
f 224 1789 914
f 236 1825 1094
f 242 1843 1184
f 248 1862 1214
f 272 1933 1154
f 331 2110 1016
f 301 2020 968
f 373 2236 1088
f 380 2257 1142
f 308 2042 1010
f 277 1947 944
f 314 2059 1070
f 320 2077 1130
f 326 2096 1160
f 332 2113 1046
f 302 2023 1220
f 374 2239 1196
f 379 2254 1112
f 271 1930 938
f 234 1818 1279
f 227 1798 1255
f 239 1834 1291
f 245 1852 1309
f 252 1872 1327
f 275 1942 1375
f 334 2120 1537
f 304 2030 1448
f 377 2248 1574
f 382 2263 1364
f 312 2052 1483
f 279 1955 1387
f 316 2065 1436
f 323 2086 1507
f 330 2106 1525
f 335 2122 1543
f 305 2032 1465
f 376 2245 1454
f 383 2266 1580
f 274 1940 1358
f 232 1813 1267
f 225 1792 1243
f 237 1828 1250
f 243 1846 1286
f 250 1867 1304
f 273 1936 1334
f 336 2123 1549
f 306 2033 1471
f 378 2249 1597
f 381 2260 1352
f 311 2049 1477
f 281 1959 1399
f 315 2062 1406
f 321 2080 1490
f 328 2101 1502
f 333 2116 1531
f 303 2026 1412
f 375 2242 1442
f 384 2267 1592
f 276 1943 1381
f 251 1869 1321
f 233 1815 1273
f 228 1799 1261
f 240 1835 1297
f 246 1853 1315
f 258 1889 1339
f 360 2195 1562
f 401 2319 1460
f 389 2283 1586
f 263 1905 1345
f 329 2103 1519
f 310 2046 1418
f 280 1957 1393
f 318 2069 1495
f 324 2087 1513
f 342 2141 1555
f 288 1979 1423
f 292 1993 1429
f 371 2229 1568
f 393 2296 1370
f 357 2188 1280
f 255 1882 1256
f 262 1902 1292
f 388 2280 1310
f 400 2316 1328
f 352 2172 1376
f 347 2157 1538
f 298 2011 1447
f 364 2209 1573
f 269 1923 1363
f 339 2134 1484
f 285 1972 1388
f 293 1995 1435
f 370 2226 1508
f 396 2303 1526
f 353 2175 1544
f 346 2154 1466
f 299 2013 1453
f 365 2211 1579
f 268 1921 1357
f 249 1865 1268
f 231 1811 1244
f 226 1796 1249
f 238 1832 1285
f 244 1850 1303
f 257 1888 1333
f 359 2194 1550
f 402 2322 1472
f 390 2286 1598
f 264 1908 1351
f 327 2099 1478
f 309 2045 1400
f 282 1962 1405
f 317 2068 1489
f 322 2084 1501
f 341 2140 1532
f 286 1976 1411
f 294 1998 1441
f 372 2232 1591
f 394 2299 1382
f 416 2330 911
f 408 2324 893
f 406 2325 888
f 412 2332 900
f 415 2335 906
f 424 2344 924
f 492 2410 1062
f 582 2497 1242
f 565 2486 1206
f 514 2434 1104
f 461 2375 1001
f 453 2369 983
f 451 2370 978
f 457 2377 990
f 460 2380 996
f 475 2393 1026
f 439 2359 954
f 496 2415 1068
f 533 2455 1140
f 551 2461 1181
f 579 2489 1235
f 483 2399 1043
f 426 2341 929
f 521 2431 1121
f 566 2476 1211
f 489 2405 1055
f 578 2500 1230
f 560 2481 1194
f 518 2439 1110
f 429 2348 935
f 547 2465 1169
f 465 2383 1007
f 441 2356 959
f 504 2420 1085
f 537 2452 1152
f 550 2471 1176
f 476 2386 1031
f 444 2363 965
f 502 2422 1079
f 526 2445 1128
f 481 2400 1038
f 420 2338 917
f 510 2428 1097
f 555 2473 1187
f 571 2490 1218
f 540 2458 1157
f 473 2394 1020
f 447 2366 972
f 507 2425 1092
f 534 2444 1145
f 469 2389 1014
f 435 2353 947
f 498 2414 1073
f 529 2449 1133
f 545 2466 1164
f 487 2407 1049
f 574 2494 1223
f 562 2480 1199
f 520 2438 1116
f 432 2351 942
f 589 2510 1283
f 583 2504 1259
f 586 2508 1295
f 593 2514 1313
f 596 2517 1331
f 599 2520 1379
f 633 2554 1541
f 620 2539 1452
f 640 2560 1578
f 603 2523 1368
f 622 2543 1487
f 607 2527 1391
f 612 2532 1440
f 626 2547 1511
f 629 2550 1529
f 631 2552 1547
f 614 2535 1469
f 618 2538 1458
f 641 2558 1584
f 605 2524 1362
f 164 1607 1609
f 163 1603 1605
f 165 1604 1611
f 166 1610 1614
f 167 1613 1617
f 172 1622 1631
f 190 1686 1688
f 219 1773 1775
f 215 1761 1763
f 201 1712 1719
f 179 1652 1654
f 178 1648 1650
f 180 1649 1656
f 181 1655 1659
f 182 1658 1662
f 185 1670 1672
f 177 1637 1646
f 197 1694 1706
f 206 1731 1735
f 208 1739 1741
f 218 1768 1770
f 188 1678 1680
f 168 1619 1621
f 198 1709 1711
f 213 1754 1756
f 189 1682 1684
f 221 1776 1780
f 217 1758 1767
f 202 1716 1722
f 170 1625 1627
f 209 1742 1744
f 184 1663 1668
f 173 1634 1636
f 194 1697 1699
f 204 1728 1730
f 210 1746 1748
f 183 1664 1666
f 175 1640 1642
f 196 1700 1705
f 207 1724 1736
f 192 1679 1691
f 169 1618 1623
f 199 1708 1713
f 216 1753 1764
f 222 1769 1781
f 211 1738 1749
f 187 1671 1677
f 176 1643 1645
f 195 1701 1703
f 203 1723 1725
f 186 1667 1674
f 174 1633 1638
f 193 1693 1695
f 205 1727 1732
f 212 1743 1752
f 191 1685 1690
f 220 1772 1777
f 214 1757 1759
f 200 1715 1717
f 171 1628 1630
f 358 2187 2191
f 256 1881 1885
f 261 1899 1901
f 387 2277 2279
f 399 2313 2315
f 351 2169 2171
f 348 2156 2160
f 300 2010 2016
f 366 2208 2214
f 267 1917 1919
f 340 2133 2137
f 287 1971 1978
f 291 1989 1991
f 369 2223 2225
f 395 2300 2302
f 354 2174 2178
f 345 2151 2153
f 297 2007 2009
f 363 2205 2207
f 270 1920 1926
f 247 1855 1857
f 229 1801 1803
f 223 1784 1786
f 235 1820 1822
f 241 1838 1840
f 253 1874 1876
f 355 2180 2182
f 398 2310 2312
f 386 2274 2276
f 260 1896 1898
f 325 2089 2091
f 307 2035 2037
f 278 1950 1952
f 313 2054 2056
f 319 2072 2074
f 337 2126 2128
f 283 1964 1966
f 290 1986 1988
f 368 2220 2222
f 392 2291 2293
f 356 2183 2185
f 254 1877 1879
f 259 1891 1893
f 385 2269 2271
f 397 2305 2307
f 349 2161 2163
f 344 2148 2150
f 296 2004 2006
f 362 2202 2204
f 265 1909 1911
f 338 2129 2131
f 284 1967 1969
f 289 1981 1983
f 367 2215 2217
f 391 2288 2290
f 350 2166 2168
f 343 2143 2145
f 295 1999 2001
f 361 2197 2199
f 266 1914 1916
f 230 1806 1808
f 224 1787 1789
f 236 1823 1825
f 242 1841 1843
f 248 1860 1862
f 272 1931 1933
f 331 2108 2110
f 301 2018 2020
f 373 2234 2236
f 380 2255 2257
f 308 2040 2042
f 277 1945 1947
f 314 2057 2059
f 320 2075 2077
f 326 2094 2096
f 332 2111 2113
f 302 2021 2023
f 374 2237 2239
f 379 2252 2254
f 271 1928 1930
f 234 1812 1818
f 227 1791 1798
f 239 1827 1834
f 245 1845 1852
f 252 1866 1872
f 275 1935 1942
f 334 2118 2120
f 304 2028 2030
f 377 2246 2248
f 382 2259 2263
f 312 2048 2052
f 279 1953 1955
f 316 2061 2065
f 323 2079 2086
f 330 2100 2106
f 335 2115 2122
f 305 2025 2032
f 376 2241 2245
f 383 2264 2266
f 274 1938 1940
f 232 1802 1813
f 225 1783 1792
f 237 1819 1828
f 243 1837 1846
f 250 1856 1867
f 273 1927 1936
f 336 2112 2123
f 306 2022 2033
f 378 2238 2249
f 381 2251 2260
f 311 2036 2049
f 281 1949 1959
f 315 2053 2062
f 321 2071 2080
f 328 2090 2101
f 333 2107 2116
f 303 2017 2026
f 375 2233 2242
f 384 2256 2267
f 276 1932 1943
f 251 1859 1869
f 233 1805 1815
f 228 1788 1799
f 240 1824 1835
f 246 1842 1853
f 258 1878 1889
f 360 2184 2195
f 401 2306 2319
f 389 2270 2283
f 263 1892 1905
f 329 2093 2103
f 310 2039 2046
f 280 1946 1957
f 318 2058 2069
f 324 2076 2087
f 342 2130 2141
f 288 1968 1979
f 292 1982 1993
f 371 2216 2229
f 393 2287 2296
f 357 2179 2188
f 255 1873 1882
f 262 1895 1902
f 388 2273 2280
f 400 2309 2316
f 352 2165 2172
f 347 2144 2157
f 298 2000 2011
f 364 2198 2209
f 269 1913 1923
f 339 2125 2134
f 285 1963 1972
f 293 1985 1995
f 370 2219 2226
f 396 2292 2303
f 353 2162 2175
f 346 2147 2154
f 299 2003 2013
f 365 2201 2211
f 268 1910 1921
f 249 1863 1865
f 231 1809 1811
f 226 1794 1796
f 238 1830 1832
f 244 1848 1850
f 257 1886 1888
f 359 2192 2194
f 402 2318 2322
f 390 2282 2286
f 264 1904 1908
f 327 2097 2099
f 309 2043 2045
f 282 1956 1962
f 317 2066 2068
f 322 2082 2084
f 341 2138 2140
f 286 1974 1976
f 294 1992 1998
f 372 2228 2232
f 394 2295 2299
f 416 2331 2330
f 408 2327 2324
f 406 2328 2325
f 412 2334 2332
f 415 2337 2335
f 424 2346 2344
f 492 2412 2410
f 582 2499 2497
f 565 2487 2486
f 514 2436 2434
f 461 2376 2375
f 453 2372 2369
f 451 2373 2370
f 457 2379 2377
f 460 2382 2380
f 475 2396 2393
f 439 2361 2359
f 496 2418 2415
f 533 2457 2455
f 551 2463 2461
f 579 2492 2489
f 483 2402 2399
f 426 2343 2341
f 521 2433 2431
f 566 2478 2476
f 489 2406 2405
f 578 2502 2500
f 560 2484 2481
f 518 2442 2439
f 429 2349 2348
f 547 2468 2465
f 465 2387 2383
f 441 2358 2356
f 504 2421 2420
f 537 2454 2452
f 550 2472 2471
f 476 2388 2386
f 444 2364 2363
f 502 2426 2422
f 526 2448 2445
f 481 2403 2400
f 420 2342 2338
f 510 2432 2428
f 555 2477 2473
f 571 2493 2490
f 540 2462 2458
f 473 2397 2394
f 447 2367 2366
f 507 2427 2425
f 534 2447 2444
f 469 2391 2389
f 435 2357 2353
f 498 2417 2414
f 529 2453 2449
f 545 2469 2466
f 487 2411 2407
f 574 2498 2494
f 562 2483 2480
f 520 2441 2438
f 432 2352 2351
f 589 2509 2510
f 583 2503 2504
f 586 2506 2508
f 593 2512 2514
f 596 2515 2517
f 599 2518 2520
f 633 2555 2554
f 620 2541 2539
f 640 2562 2560
f 603 2522 2523
f 622 2542 2543
f 607 2528 2527
f 612 2531 2532
f 626 2545 2547
f 629 2548 2550
f 631 2551 2552
f 614 2533 2535
f 618 2537 2538
f 641 2559 2558
f 605 2526 2524
f 164 644 1607
f 163 643 1603
f 165 645 1604
f 166 646 1610
f 167 647 1613
f 172 652 1622
f 190 670 1686
f 219 699 1773
f 215 695 1761
f 201 681 1712
f 179 659 1652
f 178 658 1648
f 180 660 1649
f 181 661 1655
f 182 662 1658
f 185 665 1670
f 177 657 1637
f 197 677 1694
f 206 686 1731
f 208 688 1739
f 218 698 1768
f 188 668 1678
f 168 648 1619
f 198 678 1709
f 213 693 1754
f 189 669 1682
f 221 701 1776
f 217 697 1758
f 202 682 1716
f 170 650 1625
f 209 689 1742
f 184 664 1663
f 173 653 1634
f 194 674 1697
f 204 684 1728
f 210 690 1746
f 183 663 1664
f 175 655 1640
f 196 676 1700
f 207 687 1724
f 192 672 1679
f 169 649 1618
f 199 679 1708
f 216 696 1753
f 222 702 1769
f 211 691 1738
f 187 667 1671
f 176 656 1643
f 195 675 1701
f 203 683 1723
f 186 666 1667
f 174 654 1633
f 193 673 1693
f 205 685 1727
f 212 692 1743
f 191 671 1685
f 220 700 1772
f 214 694 1757
f 200 680 1715
f 171 651 1628
f 358 838 2187
f 256 736 1881
f 261 741 1899
f 387 867 2277
f 399 879 2313
f 351 831 2169
f 348 828 2156
f 300 780 2010
f 366 846 2208
f 267 747 1917
f 340 820 2133
f 287 767 1971
f 291 771 1989
f 369 849 2223
f 395 875 2300
f 354 834 2174
f 345 825 2151
f 297 777 2007
f 363 843 2205
f 270 750 1920
f 247 727 1855
f 229 709 1801
f 223 703 1784
f 235 715 1820
f 241 721 1838
f 253 733 1874
f 355 835 2180
f 398 878 2310
f 386 866 2274
f 260 740 1896
f 325 805 2089
f 307 787 2035
f 278 758 1950
f 313 793 2054
f 319 799 2072
f 337 817 2126
f 283 763 1964
f 290 770 1986
f 368 848 2220
f 392 872 2291
f 356 836 2183
f 254 734 1877
f 259 739 1891
f 385 865 2269
f 397 877 2305
f 349 829 2161
f 344 824 2148
f 296 776 2004
f 362 842 2202
f 265 745 1909
f 338 818 2129
f 284 764 1967
f 289 769 1981
f 367 847 2215
f 391 871 2288
f 350 830 2166
f 343 823 2143
f 295 775 1999
f 361 841 2197
f 266 746 1914
f 230 710 1806
f 224 704 1787
f 236 716 1823
f 242 722 1841
f 248 728 1860
f 272 752 1931
f 331 811 2108
f 301 781 2018
f 373 853 2234
f 380 860 2255
f 308 788 2040
f 277 757 1945
f 314 794 2057
f 320 800 2075
f 326 806 2094
f 332 812 2111
f 302 782 2021
f 374 854 2237
f 379 859 2252
f 271 751 1928
f 234 714 1812
f 227 707 1791
f 239 719 1827
f 245 725 1845
f 252 732 1866
f 275 755 1935
f 334 814 2118
f 304 784 2028
f 377 857 2246
f 382 862 2259
f 312 792 2048
f 279 759 1953
f 316 796 2061
f 323 803 2079
f 330 810 2100
f 335 815 2115
f 305 785 2025
f 376 856 2241
f 383 863 2264
f 274 754 1938
f 232 712 1802
f 225 705 1783
f 237 717 1819
f 243 723 1837
f 250 730 1856
f 273 753 1927
f 336 816 2112
f 306 786 2022
f 378 858 2238
f 381 861 2251
f 311 791 2036
f 281 761 1949
f 315 795 2053
f 321 801 2071
f 328 808 2090
f 333 813 2107
f 303 783 2017
f 375 855 2233
f 384 864 2256
f 276 756 1932
f 251 731 1859
f 233 713 1805
f 228 708 1788
f 240 720 1824
f 246 726 1842
f 258 738 1878
f 360 840 2184
f 401 881 2306
f 389 869 2270
f 263 743 1892
f 329 809 2093
f 310 790 2039
f 280 760 1946
f 318 798 2058
f 324 804 2076
f 342 822 2130
f 288 768 1968
f 292 772 1982
f 371 851 2216
f 393 873 2287
f 357 837 2179
f 255 735 1873
f 262 742 1895
f 388 868 2273
f 400 880 2309
f 352 832 2165
f 347 827 2144
f 298 778 2000
f 364 844 2198
f 269 749 1913
f 339 819 2125
f 285 765 1963
f 293 773 1985
f 370 850 2219
f 396 876 2292
f 353 833 2162
f 346 826 2147
f 299 779 2003
f 365 845 2201
f 268 748 1910
f 249 729 1863
f 231 711 1809
f 226 706 1794
f 238 718 1830
f 244 724 1848
f 257 737 1886
f 359 839 2192
f 402 882 2318
f 390 870 2282
f 264 744 1904
f 327 807 2097
f 309 789 2043
f 282 762 1956
f 317 797 2066
f 322 802 2082
f 341 821 2138
f 286 766 1974
f 294 774 1992
f 372 852 2228
f 394 874 2295
f 416 1270 2331
f 408 1246 2327
f 406 1251 2328
f 412 1287 2334
f 415 1305 2337
f 424 1335 2346
f 492 1552 2412
f 582 1474 2499
f 565 1600 2487
f 514 1353 2436
f 461 1480 2376
f 453 1402 2372
f 451 1407 2373
f 457 1491 2379
f 460 1503 2382
f 475 1534 2396
f 439 1413 2361
f 496 1443 2418
f 533 1593 2457
f 551 1384 2463
f 579 1324 2492
f 483 1276 2402
f 426 1264 2343
f 521 1300 2433
f 566 1318 2478
f 489 1342 2406
f 578 1563 2502
f 560 1461 2484
f 518 1587 2442
f 429 1348 2349
f 547 1522 2468
f 465 1419 2387
f 441 1396 2358
f 504 1498 2421
f 537 1516 2454
f 550 1558 2472
f 476 1426 2388
f 444 1432 2364
f 502 1569 2426
f 526 1371 2448
f 481 1281 2403
f 420 1257 2342
f 510 1293 2432
f 555 1311 2477
f 571 1329 2493
f 540 1377 2462
f 473 1539 2397
f 447 1450 2367
f 507 1576 2427
f 534 1366 2447
f 469 1485 2391
f 435 1389 2357
f 498 1438 2417
f 529 1509 2453
f 545 1527 2469
f 487 1545 2411
f 574 1467 2498
f 562 1456 2483
f 520 1582 2441
f 432 1360 2352
f 589 1271 2509
f 583 1247 2503
f 586 1254 2506
f 593 1290 2512
f 596 1308 2515
f 599 1338 2518
f 633 1553 2555
f 620 1475 2541
f 640 1601 2562
f 603 1356 2522
f 622 1481 2542
f 607 1403 2528
f 612 1410 2531
f 626 1494 2545
f 629 1506 2548
f 631 1535 2551
f 614 1416 2533
f 618 1446 2537
f 641 1596 2559
f 605 1385 2526
f 167 907 1616
f 164 889 1608
f 163 883 1606
f 165 895 1612
f 166 901 1615
f 169 919 1624
f 192 1057 1692
f 222 1237 1782
f 216 1201 1765
f 199 1099 1714
f 182 997 1661
f 179 979 1653
f 178 973 1651
f 180 985 1657
f 181 991 1660
f 186 1021 1675
f 174 949 1639
f 193 1063 1696
f 205 1135 1733
f 212 1177 1751
f 221 1231 1779
f 189 1039 1683
f 170 925 1626
f 202 1117 1721
f 217 1207 1766
f 191 1051 1689
f 220 1225 1778
f 214 1189 1760
f 200 1105 1718
f 171 931 1629
f 210 1165 1747
f 183 1003 1665
f 175 955 1641
f 196 1081 1704
f 207 1147 1737
f 211 1171 1750
f 187 1027 1676
f 176 961 1644
f 195 1075 1702
f 203 1123 1726
f 188 1033 1681
f 168 913 1620
f 198 1093 1710
f 213 1183 1755
f 218 1213 1771
f 208 1153 1740
f 185 1015 1673
f 177 967 1647
f 197 1087 1707
f 206 1141 1734
f 184 1009 1669
f 173 943 1635
f 194 1069 1698
f 204 1129 1729
f 209 1159 1745
f 190 1045 1687
f 219 1219 1774
f 215 1195 1762
f 201 1111 1720
f 172 937 1632
f 357 1280 2189
f 255 1256 1883
f 262 1292 1903
f 388 1310 2281
f 400 1328 2317
f 352 1376 2173
f 347 1538 2158
f 298 1447 2012
f 364 1573 2210
f 269 1363 1924
f 339 1484 2135
f 285 1388 1973
f 293 1435 1996
f 370 1508 2227
f 396 1526 2304
f 353 1544 2176
f 346 1466 2155
f 299 1453 2014
f 365 1579 2212
f 268 1357 1922
f 249 1268 1864
f 231 1244 1810
f 226 1249 1795
f 238 1285 1831
f 244 1303 1849
f 257 1333 1887
f 359 1550 2193
f 402 1472 2321
f 390 1598 2285
f 264 1351 1907
f 327 1478 2098
f 309 1400 2044
f 282 1405 1961
f 317 1489 2067
f 322 1501 2083
f 341 1532 2139
f 286 1411 1975
f 294 1441 1997
f 372 1591 2231
f 394 1382 2298
f 358 1322 2190
f 256 1274 1884
f 261 1262 1900
f 387 1298 2278
f 399 1316 2314
f 351 1340 2170
f 348 1561 2159
f 300 1459 2015
f 366 1585 2213
f 267 1346 1918
f 340 1520 2136
f 287 1417 1977
f 291 1394 1990
f 369 1496 2224
f 395 1514 2301
f 354 1556 2177
f 345 1424 2152
f 297 1430 2008
f 363 1567 2206
f 270 1369 1925
f 234 1279 1817
f 227 1255 1797
f 239 1291 1833
f 245 1309 1851
f 252 1327 1871
f 275 1375 1941
f 334 1537 2119
f 304 1448 2029
f 377 1574 2247
f 382 1364 2262
f 312 1483 2051
f 279 1387 1954
f 316 1436 2064
f 323 1507 2085
f 330 1525 2105
f 335 1543 2121
f 305 1465 2031
f 376 1454 2244
f 383 1580 2265
f 274 1358 1939
f 232 1267 1814
f 225 1243 1793
f 237 1250 1829
f 243 1286 1847
f 250 1304 1868
f 273 1334 1937
f 336 1549 2124
f 306 1471 2034
f 378 1597 2250
f 381 1352 2261
f 311 1477 2050
f 281 1399 1960
f 315 1406 2063
f 321 1490 2081
f 328 1502 2102
f 333 1531 2117
f 303 1412 2027
f 375 1442 2243
f 384 1592 2268
f 276 1381 1944
f 229 890 1804
f 223 884 1785
f 235 896 1821
f 241 902 1839
f 247 908 1858
f 271 938 1929
f 332 1046 2114
f 302 1220 2024
f 374 1196 2240
f 379 1112 2253
f 307 980 2038
f 278 974 1951
f 313 986 2055
f 319 992 2073
f 325 998 2092
f 331 1016 2109
f 301 968 2019
f 373 1088 2235
f 380 1142 2258
f 272 1154 1934
f 248 1214 1861
f 230 1034 1807
f 224 914 1790
f 236 1094 1826
f 242 1184 1844
f 254 1040 1880
f 356 1232 2186
f 397 1208 2308
f 385 1118 2272
f 259 926 1894
f 326 1160 2095
f 308 1010 2041
f 277 944 1948
f 314 1070 2060
f 320 1130 2078
f 338 1166 2132
f 284 1004 1970
f 289 956 1984
f 367 1082 2218
f 391 1148 2289
f 355 1058 2181
f 253 920 1875
f 260 1100 1897
f 386 1202 2275
f 398 1238 2311
f 350 1172 2167
f 343 1028 2146
f 295 962 2002
f 361 1076 2200
f 266 1124 1915
f 337 1022 2127
f 283 950 1965
f 290 1064 1987
f 368 1136 2221
f 392 1178 2294
f 349 1052 2164
f 344 1226 2149
f 296 1190 2005
f 362 1106 2203
f 265 932 1912
f 251 1321 1870
f 233 1273 1816
f 228 1261 1800
f 240 1297 1836
f 246 1315 1854
f 258 1339 1890
f 360 1562 2196
f 401 1460 2320
f 389 1586 2284
f 263 1345 1906
f 329 1519 2104
f 310 1418 2047
f 280 1393 1958
f 318 1495 2070
f 324 1513 2088
f 342 1555 2142
f 288 1423 1980
f 292 1429 1994
f 371 1568 2230
f 393 1370 2297
f 409 894 2329
f 405 887 2323
f 411 899 2326
f 414 905 2333
f 417 912 2336
f 431 941 2345
f 488 1050 2409
f 575 1224 2496
f 563 1200 2485
f 519 1115 2435
f 454 984 2374
f 450 977 2368
f 456 989 2371
f 459 995 2378
f 462 1002 2381
f 472 1019 2392
f 446 971 2360
f 506 1091 2416
f 535 1146 2456
f 541 1158 2460
f 570 1217 2488
f 480 1037 2398
f 421 918 2340
f 511 1098 2430
f 556 1188 2475
f 484 1044 2404
f 580 1236 2501
f 567 1212 2482
f 522 1122 2440
f 427 930 2347
f 544 1163 2464
f 468 1013 2384
f 436 948 2355
f 499 1074 2419
f 530 1134 2451
f 548 1170 2470
f 466 1008 2385
f 442 960 2362
f 505 1086 2423
f 536 1151 2446
f 491 1061 2401
f 423 923 2339
f 513 1103 2429
f 564 1205 2474
f 581 1241 2491
f 549 1175 2459
f 477 1032 2395
f 445 966 2365
f 503 1080 2424
f 525 1127 2443
f 474 1025 2390
f 438 953 2354
f 495 1067 2413
f 532 1139 2450
f 552 1182 2467
f 490 1056 2408
f 577 1229 2495
f 559 1193 2479
f 517 1109 2437
f 430 936 2350
f 590 1325 2511
f 584 1277 2505
f 585 1265 2507
f 592 1301 2513
f 595 1319 2516
f 598 1343 2519
f 636 1566 2556
f 621 1464 2540
f 642 1590 2561
f 601 1349 2521
f 623 1523 2544
f 611 1422 2529
f 609 1397 2530
f 625 1499 2546
f 628 1517 2549
f 632 1559 2553
f 613 1427 2534
f 616 1433 2536
f 638 1572 2557
f 606 1374 2525
f 407 892 1609
f 403 885 1605
f 404 897 1611
f 410 903 1614
f 413 910 1617
f 422 939 1631
f 486 1048 1688
f 573 1222 1775
f 561 1198 1763
f 512 1113 1719
f 452 982 1654
f 448 975 1650
f 449 987 1656
f 455 993 1659
f 458 1000 1662
f 470 1017 1672
f 437 969 1646
f 494 1089 1706
f 531 1144 1735
f 539 1156 1741
f 568 1215 1770
f 478 1035 1680
f 419 916 1621
f 509 1096 1711
f 554 1186 1756
f 482 1042 1684
f 576 1234 1780
f 558 1210 1767
f 516 1120 1722
f 425 928 1627
f 542 1161 1744
f 463 1011 1668
f 434 946 1636
f 497 1072 1699
f 528 1132 1730
f 546 1168 1748
f 464 1006 1666
f 440 958 1642
f 500 1084 1705
f 524 1149 1736
f 479 1059 1691
f 418 921 1623
f 508 1101 1713
f 553 1203 1764
f 569 1239 1781
f 538 1173 1749
f 471 1030 1677
f 443 964 1645
f 501 1078 1703
f 523 1125 1725
f 467 1023 1674
f 433 951 1638
f 493 1065 1695
f 527 1137 1732
f 543 1180 1752
f 485 1054 1690
f 572 1227 1777
f 557 1191 1759
f 515 1107 1717
f 428 934 1630
f 591 1326 2191
f 587 1278 1885
f 588 1266 1901
f 594 1302 2279
f 597 1320 2315
f 600 1344 2171
f 634 1565 2160
f 619 1463 2016
f 639 1589 2214
f 602 1350 1919
f 624 1524 2137
f 608 1421 1978
f 610 1398 1991
f 627 1500 2225
f 630 1518 2302
f 635 1560 2178
f 615 1428 2153
f 617 1434 2009
f 637 1571 2207
f 604 1373 1926
f 416 911 1857
f 408 893 1803
f 406 888 1786
f 412 900 1822
f 415 906 1840
f 424 924 1876
f 492 1062 2182
f 582 1242 2312
f 565 1206 2276
f 514 1104 1898
f 461 1001 2091
f 453 983 2037
f 451 978 1952
f 457 990 2056
f 460 996 2074
f 475 1026 2128
f 439 954 1966
f 496 1068 1988
f 533 1140 2222
f 551 1181 2293
f 579 1235 2185
f 483 1043 1879
f 426 929 1893
f 521 1121 2271
f 566 1211 2307
f 489 1055 2163
f 578 1230 2150
f 560 1194 2006
f 518 1110 2204
f 429 935 1911
f 547 1169 2131
f 465 1007 1969
f 441 959 1983
f 504 1085 2217
f 537 1152 2290
f 550 1176 2168
f 476 1031 2145
f 444 965 2001
f 502 1079 2199
f 526 1128 1916
f 481 1038 1808
f 420 917 1789
f 510 1097 1825
f 555 1187 1843
f 571 1218 1862
f 540 1157 1933
f 473 1020 2110
f 447 972 2020
f 507 1092 2236
f 534 1145 2257
f 469 1014 2042
f 435 947 1947
f 498 1073 2059
f 529 1133 2077
f 545 1164 2096
f 487 1049 2113
f 574 1223 2023
f 562 1199 2239
f 520 1116 2254
f 432 942 1930
f 589 1283 1818
f 583 1259 1798
f 586 1295 1834
f 593 1313 1852
f 596 1331 1872
f 599 1379 1942
f 633 1541 2120
f 620 1452 2030
f 640 1578 2248
f 603 1368 2263
f 622 1487 2052
f 607 1391 1955
f 612 1440 2065
f 626 1511 2086
f 629 1529 2106
f 631 1547 2122
f 614 1469 2032
f 618 1458 2245
f 641 1584 2266
f 605 1362 1940
f 409 1269 1813
f 405 1245 1792
f 411 1252 1828
f 414 1288 1846
f 417 1306 1867
f 431 1336 1936
f 488 1551 2123
f 575 1473 2033
f 563 1599 2249
f 519 1354 2260
f 454 1479 2049
f 450 1401 1959
f 456 1408 2062
f 459 1492 2080
f 462 1504 2101
f 472 1533 2116
f 446 1414 2026
f 506 1444 2242
f 535 1594 2267
f 541 1383 1943
f 570 1323 1869
f 480 1275 1815
f 421 1263 1799
f 511 1299 1835
f 556 1317 1853
f 484 1341 1889
f 580 1564 2195
f 567 1462 2319
f 522 1588 2283
f 427 1347 1905
f 544 1521 2103
f 468 1420 2046
f 436 1395 1957
f 499 1497 2069
f 530 1515 2087
f 548 1557 2141
f 466 1425 1979
f 442 1431 1993
f 505 1570 2229
f 536 1372 2296
f 491 1282 2188
f 423 1258 1882
f 513 1294 1902
f 564 1312 2280
f 581 1330 2316
f 549 1378 2172
f 477 1540 2157
f 445 1449 2011
f 503 1575 2209
f 525 1365 1923
f 474 1486 2134
f 438 1390 1972
f 495 1437 1995
f 532 1510 2226
f 552 1528 2303
f 490 1546 2175
f 577 1468 2154
f 559 1455 2013
f 517 1581 2211
f 430 1359 1921
f 590 1272 1865
f 584 1248 1811
f 585 1253 1796
f 592 1289 1832
f 595 1307 1850
f 598 1337 1888
f 636 1554 2194
f 621 1476 2322
f 642 1602 2286
f 601 1355 1908
f 623 1482 2099
f 611 1404 2045
f 609 1409 1962
f 625 1493 2068
f 628 1505 2084
f 632 1536 2140
f 613 1415 1976
f 616 1445 1998
f 638 1595 2232
f 606 1386 2299
f 407 909 2330
f 403 891 2324
f 404 886 2325
f 410 898 2332
f 413 904 2335
f 422 922 2344
f 486 1060 2410
f 573 1240 2497
f 561 1204 2486
f 512 1102 2434
f 452 999 2375
f 448 981 2369
f 449 976 2370
f 455 988 2377
f 458 994 2380
f 470 1024 2393
f 437 952 2359
f 494 1066 2415
f 531 1138 2455
f 539 1179 2461
f 568 1233 2489
f 478 1041 2399
f 419 927 2341
f 509 1119 2431
f 554 1209 2476
f 482 1053 2405
f 576 1228 2500
f 558 1192 2481
f 516 1108 2439
f 425 933 2348
f 542 1167 2465
f 463 1005 2383
f 434 957 2356
f 497 1083 2420
f 528 1150 2452
f 546 1174 2471
f 464 1029 2386
f 440 963 2363
f 500 1077 2422
f 524 1126 2445
f 479 1036 2400
f 418 915 2338
f 508 1095 2428
f 553 1185 2473
f 569 1216 2490
f 538 1155 2458
f 471 1018 2394
f 443 970 2366
f 501 1090 2425
f 523 1143 2444
f 467 1012 2389
f 433 945 2353
f 493 1071 2414
f 527 1131 2449
f 543 1162 2466
f 485 1047 2407
f 572 1221 2494
f 557 1197 2480
f 515 1114 2438
f 428 940 2351
f 591 1284 2510
f 587 1260 2504
f 588 1296 2508
f 594 1314 2514
f 597 1332 2517
f 600 1380 2520
f 634 1542 2554
f 619 1451 2539
f 639 1577 2560
f 602 1367 2523
f 624 1488 2543
f 608 1392 2527
f 610 1439 2532
f 627 1512 2547
f 630 1530 2550
f 635 1548 2552
f 615 1470 2535
f 617 1457 2538
f 637 1583 2558
f 604 1361 2524
f 167 1616 1607
f 164 1608 1603
f 163 1606 1604
f 165 1612 1610
f 166 1615 1613
f 169 1624 1622
f 192 1692 1686
f 222 1782 1773
f 216 1765 1761
f 199 1714 1712
f 182 1661 1652
f 179 1653 1648
f 178 1651 1649
f 180 1657 1655
f 181 1660 1658
f 186 1675 1670
f 174 1639 1637
f 193 1696 1694
f 205 1733 1731
f 212 1751 1739
f 221 1779 1768
f 189 1683 1678
f 170 1626 1619
f 202 1721 1709
f 217 1766 1754
f 191 1689 1682
f 220 1778 1776
f 214 1760 1758
f 200 1718 1716
f 171 1629 1625
f 210 1747 1742
f 183 1665 1663
f 175 1641 1634
f 196 1704 1697
f 207 1737 1728
f 211 1750 1746
f 187 1676 1664
f 176 1644 1640
f 195 1702 1700
f 203 1726 1724
f 188 1681 1679
f 168 1620 1618
f 198 1710 1708
f 213 1755 1753
f 218 1771 1769
f 208 1740 1738
f 185 1673 1671
f 177 1647 1643
f 197 1707 1701
f 206 1734 1723
f 184 1669 1667
f 173 1635 1633
f 194 1698 1693
f 204 1729 1727
f 209 1745 1743
f 190 1687 1685
f 219 1774 1772
f 215 1762 1757
f 201 1720 1715
f 172 1632 1628
f 357 2189 2187
f 255 1883 1881
f 262 1903 1899
f 388 2281 2277
f 400 2317 2313
f 352 2173 2169
f 347 2158 2156
f 298 2012 2010
f 364 2210 2208
f 269 1924 1917
f 339 2135 2133
f 285 1973 1971
f 293 1996 1989
f 370 2227 2223
f 396 2304 2300
f 353 2176 2174
f 346 2155 2151
f 299 2014 2007
f 365 2212 2205
f 268 1922 1920
f 249 1864 1855
f 231 1810 1801
f 226 1795 1784
f 238 1831 1820
f 244 1849 1838
f 257 1887 1874
f 359 2193 2180
f 402 2321 2310
f 390 2285 2274
f 264 1907 1896
f 327 2098 2089
f 309 2044 2035
f 282 1961 1950
f 317 2067 2054
f 322 2083 2072
f 341 2139 2126
f 286 1975 1964
f 294 1997 1986
f 372 2231 2220
f 394 2298 2291
f 358 2190 2183
f 256 1884 1877
f 261 1900 1891
f 387 2278 2269
f 399 2314 2305
f 351 2170 2161
f 348 2159 2148
f 300 2015 2004
f 366 2213 2202
f 267 1918 1909
f 340 2136 2129
f 287 1977 1967
f 291 1990 1981
f 369 2224 2215
f 395 2301 2288
f 354 2177 2166
f 345 2152 2143
f 297 2008 1999
f 363 2206 2197
f 270 1925 1914
f 234 1817 1806
f 227 1797 1787
f 239 1833 1823
f 245 1851 1841
f 252 1871 1860
f 275 1941 1931
f 334 2119 2108
f 304 2029 2018
f 377 2247 2234
f 382 2262 2255
f 312 2051 2040
f 279 1954 1945
f 316 2064 2057
f 323 2085 2075
f 330 2105 2094
f 335 2121 2111
f 305 2031 2021
f 376 2244 2237
f 383 2265 2252
f 274 1939 1928
f 232 1814 1812
f 225 1793 1791
f 237 1829 1827
f 243 1847 1845
f 250 1868 1866
f 273 1937 1935
f 336 2124 2118
f 306 2034 2028
f 378 2250 2246
f 381 2261 2259
f 311 2050 2048
f 281 1960 1953
f 315 2063 2061
f 321 2081 2079
f 328 2102 2100
f 333 2117 2115
f 303 2027 2025
f 375 2243 2241
f 384 2268 2264
f 276 1944 1938
f 229 1804 1802
f 223 1785 1783
f 235 1821 1819
f 241 1839 1837
f 247 1858 1856
f 271 1929 1927
f 332 2114 2112
f 302 2024 2022
f 374 2240 2238
f 379 2253 2251
f 307 2038 2036
f 278 1951 1949
f 313 2055 2053
f 319 2073 2071
f 325 2092 2090
f 331 2109 2107
f 301 2019 2017
f 373 2235 2233
f 380 2258 2256
f 272 1934 1932
f 248 1861 1859
f 230 1807 1805
f 224 1790 1788
f 236 1826 1824
f 242 1844 1842
f 254 1880 1878
f 356 2186 2184
f 397 2308 2306
f 385 2272 2270
f 259 1894 1892
f 326 2095 2093
f 308 2041 2039
f 277 1948 1946
f 314 2060 2058
f 320 2078 2076
f 338 2132 2130
f 284 1970 1968
f 289 1984 1982
f 367 2218 2216
f 391 2289 2287
f 355 2181 2179
f 253 1875 1873
f 260 1897 1895
f 386 2275 2273
f 398 2311 2309
f 350 2167 2165
f 343 2146 2144
f 295 2002 2000
f 361 2200 2198
f 266 1915 1913
f 337 2127 2125
f 283 1965 1963
f 290 1987 1985
f 368 2221 2219
f 392 2294 2292
f 349 2164 2162
f 344 2149 2147
f 296 2005 2003
f 362 2203 2201
f 265 1912 1910
f 251 1870 1863
f 233 1816 1809
f 228 1800 1794
f 240 1836 1830
f 246 1854 1848
f 258 1890 1886
f 360 2196 2192
f 401 2320 2318
f 389 2284 2282
f 263 1906 1904
f 329 2104 2097
f 310 2047 2043
f 280 1958 1956
f 318 2070 2066
f 324 2088 2082
f 342 2142 2138
f 288 1980 1974
f 292 1994 1992
f 371 2230 2228
f 393 2297 2295
f 409 2329 2331
f 405 2323 2327
f 411 2326 2328
f 414 2333 2334
f 417 2336 2337
f 431 2345 2346
f 488 2409 2412
f 575 2496 2499
f 563 2485 2487
f 519 2435 2436
f 454 2374 2376
f 450 2368 2372
f 456 2371 2373
f 459 2378 2379
f 462 2381 2382
f 472 2392 2396
f 446 2360 2361
f 506 2416 2418
f 535 2456 2457
f 541 2460 2463
f 570 2488 2492
f 480 2398 2402
f 421 2340 2343
f 511 2430 2433
f 556 2475 2478
f 484 2404 2406
f 580 2501 2502
f 567 2482 2484
f 522 2440 2442
f 427 2347 2349
f 544 2464 2468
f 468 2384 2387
f 436 2355 2358
f 499 2419 2421
f 530 2451 2454
f 548 2470 2472
f 466 2385 2388
f 442 2362 2364
f 505 2423 2426
f 536 2446 2448
f 491 2401 2403
f 423 2339 2342
f 513 2429 2432
f 564 2474 2477
f 581 2491 2493
f 549 2459 2462
f 477 2395 2397
f 445 2365 2367
f 503 2424 2427
f 525 2443 2447
f 474 2390 2391
f 438 2354 2357
f 495 2413 2417
f 532 2450 2453
f 552 2467 2469
f 490 2408 2411
f 577 2495 2498
f 559 2479 2483
f 517 2437 2441
f 430 2350 2352
f 590 2511 2509
f 584 2505 2503
f 585 2507 2506
f 592 2513 2512
f 595 2516 2515
f 598 2519 2518
f 636 2556 2555
f 621 2540 2541
f 642 2561 2562
f 601 2521 2522
f 623 2544 2542
f 611 2529 2528
f 609 2530 2531
f 625 2546 2545
f 628 2549 2548
f 632 2553 2551
f 613 2534 2533
f 616 2536 2537
f 638 2557 2559
f 606 2525 2526
f 1607 644 647
f 1603 643 644
f 1604 645 643
f 1610 646 645
f 1613 647 646
f 1622 652 649
f 1686 670 672
f 1773 699 702
f 1761 695 696
f 1712 681 679
f 1652 659 662
f 1648 658 659
f 1649 660 658
f 1655 661 660
f 1658 662 661
f 1670 665 666
f 1637 657 654
f 1694 677 673
f 1731 686 685
f 1739 688 692
f 1768 698 701
f 1678 668 669
f 1619 648 650
f 1709 678 682
f 1754 693 697
f 1682 669 671
f 1776 701 700
f 1758 697 694
f 1716 682 680
f 1625 650 651
f 1742 689 690
f 1663 664 663
f 1634 653 655
f 1697 674 676
f 1728 684 687
f 1746 690 691
f 1664 663 667
f 1640 655 656
f 1700 676 675
f 1724 687 683
f 1679 672 668
f 1618 649 648
f 1708 679 678
f 1753 696 693
f 1769 702 698
f 1738 691 688
f 1671 667 665
f 1643 656 657
f 1701 675 677
f 1723 683 686
f 1667 666 664
f 1633 654 653
f 1693 673 674
f 1727 685 684
f 1743 692 689
f 1685 671 670
f 1772 700 699
f 1757 694 695
f 1715 680 681
f 1628 651 652
f 2187 838 837
f 1881 736 735
f 1899 741 742
f 2277 867 868
f 2313 879 880
f 2169 831 832
f 2156 828 827
f 2010 780 778
f 2208 846 844
f 1917 747 749
f 2133 820 819
f 1971 767 765
f 1989 771 773
f 2223 849 850
f 2300 875 876
f 2174 834 833
f 2151 825 826
f 2007 777 779
f 2205 843 845
f 1920 750 748
f 1855 727 729
f 1801 709 711
f 1784 703 706
f 1820 715 718
f 1838 721 724
f 1874 733 737
f 2180 835 839
f 2310 878 882
f 2274 866 870
f 1896 740 744
f 2089 805 807
f 2035 787 789
f 1950 758 762
f 2054 793 797
f 2072 799 802
f 2126 817 821
f 1964 763 766
f 1986 770 774
f 2220 848 852
f 2291 872 874
f 2183 836 838
f 1877 734 736
f 1891 739 741
f 2269 865 867
f 2305 877 879
f 2161 829 831
f 2148 824 828
f 2004 776 780
f 2202 842 846
f 1909 745 747
f 2129 818 820
f 1967 764 767
f 1981 769 771
f 2215 847 849
f 2288 871 875
f 2166 830 834
f 2143 823 825
f 1999 775 777
f 2197 841 843
f 1914 746 750
f 1806 710 714
f 1787 704 707
f 1823 716 719
f 1841 722 725
f 1860 728 732
f 1931 752 755
f 2108 811 814
f 2018 781 784
f 2234 853 857
f 2255 860 862
f 2040 788 792
f 1945 757 759
f 2057 794 796
f 2075 800 803
f 2094 806 810
f 2111 812 815
f 2021 782 785
f 2237 854 856
f 2252 859 863
f 1928 751 754
f 1812 714 712
f 1791 707 705
f 1827 719 717
f 1845 725 723
f 1866 732 730
f 1935 755 753
f 2118 814 816
f 2028 784 786
f 2246 857 858
f 2259 862 861
f 2048 792 791
f 1953 759 761
f 2061 796 795
f 2079 803 801
f 2100 810 808
f 2115 815 813
f 2025 785 783
f 2241 856 855
f 2264 863 864
f 1938 754 756
f 1802 712 709
f 1783 705 703
f 1819 717 715
f 1837 723 721
f 1856 730 727
f 1927 753 751
f 2112 816 812
f 2022 786 782
f 2238 858 854
f 2251 861 859
f 2036 791 787
f 1949 761 758
f 2053 795 793
f 2071 801 799
f 2090 808 805
f 2107 813 811
f 2017 783 781
f 2233 855 853
f 2256 864 860
f 1932 756 752
f 1859 731 728
f 1805 713 710
f 1788 708 704
f 1824 720 716
f 1842 726 722
f 1878 738 734
f 2184 840 836
f 2306 881 877
f 2270 869 865
f 1892 743 739
f 2093 809 806
f 2039 790 788
f 1946 760 757
f 2058 798 794
f 2076 804 800
f 2130 822 818
f 1968 768 764
f 1982 772 769
f 2216 851 847
f 2287 873 871
f 2179 837 835
f 1873 735 733
f 1895 742 740
f 2273 868 866
f 2309 880 878
f 2165 832 830
f 2144 827 823
f 2000 778 775
f 2198 844 841
f 1913 749 746
f 2125 819 817
f 1963 765 763
f 1985 773 770
f 2219 850 848
f 2292 876 872
f 2162 833 829
f 2147 826 824
f 2003 779 776
f 2201 845 842
f 1910 748 745
f 1863 729 731
f 1809 711 713
f 1794 706 708
f 1830 718 720
f 1848 724 726
f 1886 737 738
f 2192 839 840
f 2318 882 881
f 2282 870 869
f 1904 744 743
f 2097 807 809
f 2043 789 790
f 1956 762 760
f 2066 797 798
f 2082 802 804
f 2138 821 822
f 1974 766 768
f 1992 774 772
f 2228 852 851
f 2295 874 873
f 2331 1270 1269
f 2327 1246 1245
f 2328 1251 1252
f 2334 1287 1288
f 2337 1305 1306
f 2346 1335 1336
f 2412 1552 1551
f 2499 1474 1473
f 2487 1600 1599
f 2436 1353 1354
f 2376 1480 1479
f 2372 1402 1401
f 2373 1407 1408
f 2379 1491 1492
f 2382 1503 1504
f 2396 1534 1533
f 2361 1413 1414
f 2418 1443 1444
f 2457 1593 1594
f 2463 1384 1383
f 2492 1324 1323
f 2402 1276 1275
f 2343 1264 1263
f 2433 1300 1299
f 2478 1318 1317
f 2406 1342 1341
f 2502 1563 1564
f 2484 1461 1462
f 2442 1587 1588
f 2349 1348 1347
f 2468 1522 1521
f 2387 1419 1420
f 2358 1396 1395
f 2421 1498 1497
f 2454 1516 1515
f 2472 1558 1557
f 2388 1426 1425
f 2364 1432 1431
f 2426 1569 1570
f 2448 1371 1372
f 2403 1281 1282
f 2342 1257 1258
f 2432 1293 1294
f 2477 1311 1312
f 2493 1329 1330
f 2462 1377 1378
f 2397 1539 1540
f 2367 1450 1449
f 2427 1576 1575
f 2447 1366 1365
f 2391 1485 1486
f 2357 1389 1390
f 2417 1438 1437
f 2453 1509 1510
f 2469 1527 1528
f 2411 1545 1546
f 2498 1467 1468
f 2483 1456 1455
f 2441 1582 1581
f 2352 1360 1359
f 2509 1271 1272
f 2503 1247 1248
f 2506 1254 1253
f 2512 1290 1289
f 2515 1308 1307
f 2518 1338 1337
f 2555 1553 1554
f 2541 1475 1476
f 2562 1601 1602
f 2522 1356 1355
f 2542 1481 1482
f 2528 1403 1404
f 2531 1410 1409
f 2545 1494 1493
f 2548 1506 1505
f 2551 1535 1536
f 2533 1416 1415
f 2537 1446 1445
f 2559 1596 1595
f 2526 1385 1386
f 1616 907 909
f 1608 889 891
f 1606 883 886
f 1612 895 898
f 1615 901 904
f 1624 919 922
f 1692 1057 1060
f 1782 1237 1240
f 1765 1201 1204
f 1714 1099 1102
f 1661 997 999
f 1653 979 981
f 1651 973 976
f 1657 985 988
f 1660 991 994
f 1675 1021 1024
f 1639 949 952
f 1696 1063 1066
f 1733 1135 1138
f 1751 1177 1179
f 1779 1231 1233
f 1683 1039 1041
f 1626 925 927
f 1721 1117 1119
f 1766 1207 1209
f 1689 1051 1053
f 1778 1225 1228
f 1760 1189 1192
f 1718 1105 1108
f 1629 931 933
f 1747 1165 1167
f 1665 1003 1005
f 1641 955 957
f 1704 1081 1083
f 1737 1147 1150
f 1750 1171 1174
f 1676 1027 1029
f 1644 961 963
f 1702 1075 1077
f 1726 1123 1126
f 1681 1033 1036
f 1620 913 915
f 1710 1093 1095
f 1755 1183 1185
f 1771 1213 1216
f 1740 1153 1155
f 1673 1015 1018
f 1647 967 970
f 1707 1087 1090
f 1734 1141 1143
f 1669 1009 1012
f 1635 943 945
f 1698 1069 1071
f 1729 1129 1131
f 1745 1159 1162
f 1687 1045 1047
f 1774 1219 1221
f 1762 1195 1197
f 1720 1111 1114
f 1632 937 940
f 2189 1280 1284
f 1883 1256 1260
f 1903 1292 1296
f 2281 1310 1314
f 2317 1328 1332
f 2173 1376 1380
f 2158 1538 1542
f 2012 1447 1451
f 2210 1573 1577
f 1924 1363 1367
f 2135 1484 1488
f 1973 1388 1392
f 1996 1435 1439
f 2227 1508 1512
f 2304 1526 1530
f 2176 1544 1548
f 2155 1466 1470
f 2014 1453 1457
f 2212 1579 1583
f 1922 1357 1361
f 1864 1268 1270
f 1810 1244 1246
f 1795 1249 1251
f 1831 1285 1287
f 1849 1303 1305
f 1887 1333 1335
f 2193 1550 1552
f 2321 1472 1474
f 2285 1598 1600
f 1907 1351 1353
f 2098 1478 1480
f 2044 1400 1402
f 1961 1405 1407
f 2067 1489 1491
f 2083 1501 1503
f 2139 1532 1534
f 1975 1411 1413
f 1997 1441 1443
f 2231 1591 1593
f 2298 1382 1384
f 2190 1322 1324
f 1884 1274 1276
f 1900 1262 1264
f 2278 1298 1300
f 2314 1316 1318
f 2170 1340 1342
f 2159 1561 1563
f 2015 1459 1461
f 2213 1585 1587
f 1918 1346 1348
f 2136 1520 1522
f 1977 1417 1419
f 1990 1394 1396
f 2224 1496 1498
f 2301 1514 1516
f 2177 1556 1558
f 2152 1424 1426
f 2008 1430 1432
f 2206 1567 1569
f 1925 1369 1371
f 1817 1279 1281
f 1797 1255 1257
f 1833 1291 1293
f 1851 1309 1311
f 1871 1327 1329
f 1941 1375 1377
f 2119 1537 1539
f 2029 1448 1450
f 2247 1574 1576
f 2262 1364 1366
f 2051 1483 1485
f 1954 1387 1389
f 2064 1436 1438
f 2085 1507 1509
f 2105 1525 1527
f 2121 1543 1545
f 2031 1465 1467
f 2244 1454 1456
f 2265 1580 1582
f 1939 1358 1360
f 1814 1267 1271
f 1793 1243 1247
f 1829 1250 1254
f 1847 1286 1290
f 1868 1304 1308
f 1937 1334 1338
f 2124 1549 1553
f 2034 1471 1475
f 2250 1597 1601
f 2261 1352 1356
f 2050 1477 1481
f 1960 1399 1403
f 2063 1406 1410
f 2081 1490 1494
f 2102 1502 1506
f 2117 1531 1535
f 2027 1412 1416
f 2243 1442 1446
f 2268 1592 1596
f 1944 1381 1385
f 1804 890 894
f 1785 884 887
f 1821 896 899
f 1839 902 905
f 1858 908 912
f 1929 938 941
f 2114 1046 1050
f 2024 1220 1224
f 2240 1196 1200
f 2253 1112 1115
f 2038 980 984
f 1951 974 977
f 2055 986 989
f 2073 992 995
f 2092 998 1002
f 2109 1016 1019
f 2019 968 971
f 2235 1088 1091
f 2258 1142 1146
f 1934 1154 1158
f 1861 1214 1217
f 1807 1034 1037
f 1790 914 918
f 1826 1094 1098
f 1844 1184 1188
f 1880 1040 1044
f 2186 1232 1236
f 2308 1208 1212
f 2272 1118 1122
f 1894 926 930
f 2095 1160 1163
f 2041 1010 1013
f 1948 944 948
f 2060 1070 1074
f 2078 1130 1134
f 2132 1166 1170
f 1970 1004 1008
f 1984 956 960
f 2218 1082 1086
f 2289 1148 1151
f 2181 1058 1061
f 1875 920 923
f 1897 1100 1103
f 2275 1202 1205
f 2311 1238 1241
f 2167 1172 1175
f 2146 1028 1032
f 2002 962 966
f 2200 1076 1080
f 1915 1124 1127
f 2127 1022 1025
f 1965 950 953
f 1987 1064 1067
f 2221 1136 1139
f 2294 1178 1182
f 2164 1052 1056
f 2149 1226 1229
f 2005 1190 1193
f 2203 1106 1109
f 1912 932 936
f 1870 1321 1325
f 1816 1273 1277
f 1800 1261 1265
f 1836 1297 1301
f 1854 1315 1319
f 1890 1339 1343
f 2196 1562 1566
f 2320 1460 1464
f 2284 1586 1590
f 1906 1345 1349
f 2104 1519 1523
f 2047 1418 1422
f 1958 1393 1397
f 2070 1495 1499
f 2088 1513 1517
f 2142 1555 1559
f 1980 1423 1427
f 1994 1429 1433
f 2230 1568 1572
f 2297 1370 1374
f 2329 894 892
f 2323 887 885
f 2326 899 897
f 2333 905 903
f 2336 912 910
f 2345 941 939
f 2409 1050 1048
f 2496 1224 1222
f 2485 1200 1198
f 2435 1115 1113
f 2374 984 982
f 2368 977 975
f 2371 989 987
f 2378 995 993
f 2381 1002 1000
f 2392 1019 1017
f 2360 971 969
f 2416 1091 1089
f 2456 1146 1144
f 2460 1158 1156
f 2488 1217 1215
f 2398 1037 1035
f 2340 918 916
f 2430 1098 1096
f 2475 1188 1186
f 2404 1044 1042
f 2501 1236 1234
f 2482 1212 1210
f 2440 1122 1120
f 2347 930 928
f 2464 1163 1161
f 2384 1013 1011
f 2355 948 946
f 2419 1074 1072
f 2451 1134 1132
f 2470 1170 1168
f 2385 1008 1006
f 2362 960 958
f 2423 1086 1084
f 2446 1151 1149
f 2401 1061 1059
f 2339 923 921
f 2429 1103 1101
f 2474 1205 1203
f 2491 1241 1239
f 2459 1175 1173
f 2395 1032 1030
f 2365 966 964
f 2424 1080 1078
f 2443 1127 1125
f 2390 1025 1023
f 2354 953 951
f 2413 1067 1065
f 2450 1139 1137
f 2467 1182 1180
f 2408 1056 1054
f 2495 1229 1227
f 2479 1193 1191
f 2437 1109 1107
f 2350 936 934
f 2511 1325 1326
f 2505 1277 1278
f 2507 1265 1266
f 2513 1301 1302
f 2516 1319 1320
f 2519 1343 1344
f 2556 1566 1565
f 2540 1464 1463
f 2561 1590 1589
f 2521 1349 1350
f 2544 1523 1524
f 2529 1422 1421
f 2530 1397 1398
f 2546 1499 1500
f 2549 1517 1518
f 2553 1559 1560
f 2534 1427 1428
f 2536 1433 1434
f 2557 1572 1571
f 2525 1374 1373
f 1609 892 889
f 1605 885 883
f 1611 897 895
f 1614 903 901
f 1617 910 907
f 1631 939 937
f 1688 1048 1045
f 1775 1222 1219
f 1763 1198 1195
f 1719 1113 1111
f 1654 982 979
f 1650 975 973
f 1656 987 985
f 1659 993 991
f 1662 1000 997
f 1672 1017 1015
f 1646 969 967
f 1706 1089 1087
f 1735 1144 1141
f 1741 1156 1153
f 1770 1215 1213
f 1680 1035 1033
f 1621 916 913
f 1711 1096 1093
f 1756 1186 1183
f 1684 1042 1039
f 1780 1234 1231
f 1767 1210 1207
f 1722 1120 1117
f 1627 928 925
f 1744 1161 1159
f 1668 1011 1009
f 1636 946 943
f 1699 1072 1069
f 1730 1132 1129
f 1748 1168 1165
f 1666 1006 1003
f 1642 958 955
f 1705 1084 1081
f 1736 1149 1147
f 1691 1059 1057
f 1623 921 919
f 1713 1101 1099
f 1764 1203 1201
f 1781 1239 1237
f 1749 1173 1171
f 1677 1030 1027
f 1645 964 961
f 1703 1078 1075
f 1725 1125 1123
f 1674 1023 1021
f 1638 951 949
f 1695 1065 1063
f 1732 1137 1135
f 1752 1180 1177
f 1690 1054 1051
f 1777 1227 1225
f 1759 1191 1189
f 1717 1107 1105
f 1630 934 931
f 2191 1326 1322
f 1885 1278 1274
f 1901 1266 1262
f 2279 1302 1298
f 2315 1320 1316
f 2171 1344 1340
f 2160 1565 1561
f 2016 1463 1459
f 2214 1589 1585
f 1919 1350 1346
f 2137 1524 1520
f 1978 1421 1417
f 1991 1398 1394
f 2225 1500 1496
f 2302 1518 1514
f 2178 1560 1556
f 2153 1428 1424
f 2009 1434 1430
f 2207 1571 1567
f 1926 1373 1369
f 1857 911 908
f 1803 893 890
f 1786 888 884
f 1822 900 896
f 1840 906 902
f 1876 924 920
f 2182 1062 1058
f 2312 1242 1238
f 2276 1206 1202
f 1898 1104 1100
f 2091 1001 998
f 2037 983 980
f 1952 978 974
f 2056 990 986
f 2074 996 992
f 2128 1026 1022
f 1966 954 950
f 1988 1068 1064
f 2222 1140 1136
f 2293 1181 1178
f 2185 1235 1232
f 1879 1043 1040
f 1893 929 926
f 2271 1121 1118
f 2307 1211 1208
f 2163 1055 1052
f 2150 1230 1226
f 2006 1194 1190
f 2204 1110 1106
f 1911 935 932
f 2131 1169 1166
f 1969 1007 1004
f 1983 959 956
f 2217 1085 1082
f 2290 1152 1148
f 2168 1176 1172
f 2145 1031 1028
f 2001 965 962
f 2199 1079 1076
f 1916 1128 1124
f 1808 1038 1034
f 1789 917 914
f 1825 1097 1094
f 1843 1187 1184
f 1862 1218 1214
f 1933 1157 1154
f 2110 1020 1016
f 2020 972 968
f 2236 1092 1088
f 2257 1145 1142
f 2042 1014 1010
f 1947 947 944
f 2059 1073 1070
f 2077 1133 1130
f 2096 1164 1160
f 2113 1049 1046
f 2023 1223 1220
f 2239 1199 1196
f 2254 1116 1112
f 1930 942 938
f 1818 1283 1279
f 1798 1259 1255
f 1834 1295 1291
f 1852 1313 1309
f 1872 1331 1327
f 1942 1379 1375
f 2120 1541 1537
f 2030 1452 1448
f 2248 1578 1574
f 2263 1368 1364
f 2052 1487 1483
f 1955 1391 1387
f 2065 1440 1436
f 2086 1511 1507
f 2106 1529 1525
f 2122 1547 1543
f 2032 1469 1465
f 2245 1458 1454
f 2266 1584 1580
f 1940 1362 1358
f 1813 1269 1267
f 1792 1245 1243
f 1828 1252 1250
f 1846 1288 1286
f 1867 1306 1304
f 1936 1336 1334
f 2123 1551 1549
f 2033 1473 1471
f 2249 1599 1597
f 2260 1354 1352
f 2049 1479 1477
f 1959 1401 1399
f 2062 1408 1406
f 2080 1492 1490
f 2101 1504 1502
f 2116 1533 1531
f 2026 1414 1412
f 2242 1444 1442
f 2267 1594 1592
f 1943 1383 1381
f 1869 1323 1321
f 1815 1275 1273
f 1799 1263 1261
f 1835 1299 1297
f 1853 1317 1315
f 1889 1341 1339
f 2195 1564 1562
f 2319 1462 1460
f 2283 1588 1586
f 1905 1347 1345
f 2103 1521 1519
f 2046 1420 1418
f 1957 1395 1393
f 2069 1497 1495
f 2087 1515 1513
f 2141 1557 1555
f 1979 1425 1423
f 1993 1431 1429
f 2229 1570 1568
f 2296 1372 1370
f 2188 1282 1280
f 1882 1258 1256
f 1902 1294 1292
f 2280 1312 1310
f 2316 1330 1328
f 2172 1378 1376
f 2157 1540 1538
f 2011 1449 1447
f 2209 1575 1573
f 1923 1365 1363
f 2134 1486 1484
f 1972 1390 1388
f 1995 1437 1435
f 2226 1510 1508
f 2303 1528 1526
f 2175 1546 1544
f 2154 1468 1466
f 2013 1455 1453
f 2211 1581 1579
f 1921 1359 1357
f 1865 1272 1268
f 1811 1248 1244
f 1796 1253 1249
f 1832 1289 1285
f 1850 1307 1303
f 1888 1337 1333
f 2194 1554 1550
f 2322 1476 1472
f 2286 1602 1598
f 1908 1355 1351
f 2099 1482 1478
f 2045 1404 1400
f 1962 1409 1405
f 2068 1493 1489
f 2084 1505 1501
f 2140 1536 1532
f 1976 1415 1411
f 1998 1445 1441
f 2232 1595 1591
f 2299 1386 1382
f 2330 909 911
f 2324 891 893
f 2325 886 888
f 2332 898 900
f 2335 904 906
f 2344 922 924
f 2410 1060 1062
f 2497 1240 1242
f 2486 1204 1206
f 2434 1102 1104
f 2375 999 1001
f 2369 981 983
f 2370 976 978
f 2377 988 990
f 2380 994 996
f 2393 1024 1026
f 2359 952 954
f 2415 1066 1068
f 2455 1138 1140
f 2461 1179 1181
f 2489 1233 1235
f 2399 1041 1043
f 2341 927 929
f 2431 1119 1121
f 2476 1209 1211
f 2405 1053 1055
f 2500 1228 1230
f 2481 1192 1194
f 2439 1108 1110
f 2348 933 935
f 2465 1167 1169
f 2383 1005 1007
f 2356 957 959
f 2420 1083 1085
f 2452 1150 1152
f 2471 1174 1176
f 2386 1029 1031
f 2363 963 965
f 2422 1077 1079
f 2445 1126 1128
f 2400 1036 1038
f 2338 915 917
f 2428 1095 1097
f 2473 1185 1187
f 2490 1216 1218
f 2458 1155 1157
f 2394 1018 1020
f 2366 970 972
f 2425 1090 1092
f 2444 1143 1145
f 2389 1012 1014
f 2353 945 947
f 2414 1071 1073
f 2449 1131 1133
f 2466 1162 1164
f 2407 1047 1049
f 2494 1221 1223
f 2480 1197 1199
f 2438 1114 1116
f 2351 940 942
f 2510 1284 1283
f 2504 1260 1259
f 2508 1296 1295
f 2514 1314 1313
f 2517 1332 1331
f 2520 1380 1379
f 2554 1542 1541
f 2539 1451 1452
f 2560 1577 1578
f 2523 1367 1368
f 2543 1488 1487
f 2527 1392 1391
f 2532 1439 1440
f 2547 1512 1511
f 2550 1530 1529
f 2552 1548 1547
f 2535 1470 1469
f 2538 1457 1458
f 2558 1583 1584
f 2524 1361 1362
f 1607 1616 1609
f 1603 1608 1605
f 1604 1606 1611
f 1610 1612 1614
f 1613 1615 1617
f 1622 1624 1631
f 1686 1692 1688
f 1773 1782 1775
f 1761 1765 1763
f 1712 1714 1719
f 1652 1661 1654
f 1648 1653 1650
f 1649 1651 1656
f 1655 1657 1659
f 1658 1660 1662
f 1670 1675 1672
f 1637 1639 1646
f 1694 1696 1706
f 1731 1733 1735
f 1739 1751 1741
f 1768 1779 1770
f 1678 1683 1680
f 1619 1626 1621
f 1709 1721 1711
f 1754 1766 1756
f 1682 1689 1684
f 1776 1778 1780
f 1758 1760 1767
f 1716 1718 1722
f 1625 1629 1627
f 1742 1747 1744
f 1663 1665 1668
f 1634 1641 1636
f 1697 1704 1699
f 1728 1737 1730
f 1746 1750 1748
f 1664 1676 1666
f 1640 1644 1642
f 1700 1702 1705
f 1724 1726 1736
f 1679 1681 1691
f 1618 1620 1623
f 1708 1710 1713
f 1753 1755 1764
f 1769 1771 1781
f 1738 1740 1749
f 1671 1673 1677
f 1643 1647 1645
f 1701 1707 1703
f 1723 1734 1725
f 1667 1669 1674
f 1633 1635 1638
f 1693 1698 1695
f 1727 1729 1732
f 1743 1745 1752
f 1685 1687 1690
f 1772 1774 1777
f 1757 1762 1759
f 1715 1720 1717
f 1628 1632 1630
f 2187 2189 2191
f 1881 1883 1885
f 1899 1903 1901
f 2277 2281 2279
f 2313 2317 2315
f 2169 2173 2171
f 2156 2158 2160
f 2010 2012 2016
f 2208 2210 2214
f 1917 1924 1919
f 2133 2135 2137
f 1971 1973 1978
f 1989 1996 1991
f 2223 2227 2225
f 2300 2304 2302
f 2174 2176 2178
f 2151 2155 2153
f 2007 2014 2009
f 2205 2212 2207
f 1920 1922 1926
f 1855 1864 1857
f 1801 1810 1803
f 1784 1795 1786
f 1820 1831 1822
f 1838 1849 1840
f 1874 1887 1876
f 2180 2193 2182
f 2310 2321 2312
f 2274 2285 2276
f 1896 1907 1898
f 2089 2098 2091
f 2035 2044 2037
f 1950 1961 1952
f 2054 2067 2056
f 2072 2083 2074
f 2126 2139 2128
f 1964 1975 1966
f 1986 1997 1988
f 2220 2231 2222
f 2291 2298 2293
f 2183 2190 2185
f 1877 1884 1879
f 1891 1900 1893
f 2269 2278 2271
f 2305 2314 2307
f 2161 2170 2163
f 2148 2159 2150
f 2004 2015 2006
f 2202 2213 2204
f 1909 1918 1911
f 2129 2136 2131
f 1967 1977 1969
f 1981 1990 1983
f 2215 2224 2217
f 2288 2301 2290
f 2166 2177 2168
f 2143 2152 2145
f 1999 2008 2001
f 2197 2206 2199
f 1914 1925 1916
f 1806 1817 1808
f 1787 1797 1789
f 1823 1833 1825
f 1841 1851 1843
f 1860 1871 1862
f 1931 1941 1933
f 2108 2119 2110
f 2018 2029 2020
f 2234 2247 2236
f 2255 2262 2257
f 2040 2051 2042
f 1945 1954 1947
f 2057 2064 2059
f 2075 2085 2077
f 2094 2105 2096
f 2111 2121 2113
f 2021 2031 2023
f 2237 2244 2239
f 2252 2265 2254
f 1928 1939 1930
f 1812 1814 1818
f 1791 1793 1798
f 1827 1829 1834
f 1845 1847 1852
f 1866 1868 1872
f 1935 1937 1942
f 2118 2124 2120
f 2028 2034 2030
f 2246 2250 2248
f 2259 2261 2263
f 2048 2050 2052
f 1953 1960 1955
f 2061 2063 2065
f 2079 2081 2086
f 2100 2102 2106
f 2115 2117 2122
f 2025 2027 2032
f 2241 2243 2245
f 2264 2268 2266
f 1938 1944 1940
f 1802 1804 1813
f 1783 1785 1792
f 1819 1821 1828
f 1837 1839 1846
f 1856 1858 1867
f 1927 1929 1936
f 2112 2114 2123
f 2022 2024 2033
f 2238 2240 2249
f 2251 2253 2260
f 2036 2038 2049
f 1949 1951 1959
f 2053 2055 2062
f 2071 2073 2080
f 2090 2092 2101
f 2107 2109 2116
f 2017 2019 2026
f 2233 2235 2242
f 2256 2258 2267
f 1932 1934 1943
f 1859 1861 1869
f 1805 1807 1815
f 1788 1790 1799
f 1824 1826 1835
f 1842 1844 1853
f 1878 1880 1889
f 2184 2186 2195
f 2306 2308 2319
f 2270 2272 2283
f 1892 1894 1905
f 2093 2095 2103
f 2039 2041 2046
f 1946 1948 1957
f 2058 2060 2069
f 2076 2078 2087
f 2130 2132 2141
f 1968 1970 1979
f 1982 1984 1993
f 2216 2218 2229
f 2287 2289 2296
f 2179 2181 2188
f 1873 1875 1882
f 1895 1897 1902
f 2273 2275 2280
f 2309 2311 2316
f 2165 2167 2172
f 2144 2146 2157
f 2000 2002 2011
f 2198 2200 2209
f 1913 1915 1923
f 2125 2127 2134
f 1963 1965 1972
f 1985 1987 1995
f 2219 2221 2226
f 2292 2294 2303
f 2162 2164 2175
f 2147 2149 2154
f 2003 2005 2013
f 2201 2203 2211
f 1910 1912 1921
f 1863 1870 1865
f 1809 1816 1811
f 1794 1800 1796
f 1830 1836 1832
f 1848 1854 1850
f 1886 1890 1888
f 2192 2196 2194
f 2318 2320 2322
f 2282 2284 2286
f 1904 1906 1908
f 2097 2104 2099
f 2043 2047 2045
f 1956 1958 1962
f 2066 2070 2068
f 2082 2088 2084
f 2138 2142 2140
f 1974 1980 1976
f 1992 1994 1998
f 2228 2230 2232
f 2295 2297 2299
f 2331 2329 2330
f 2327 2323 2324
f 2328 2326 2325
f 2334 2333 2332
f 2337 2336 2335
f 2346 2345 2344
f 2412 2409 2410
f 2499 2496 2497
f 2487 2485 2486
f 2436 2435 2434
f 2376 2374 2375
f 2372 2368 2369
f 2373 2371 2370
f 2379 2378 2377
f 2382 2381 2380
f 2396 2392 2393
f 2361 2360 2359
f 2418 2416 2415
f 2457 2456 2455
f 2463 2460 2461
f 2492 2488 2489
f 2402 2398 2399
f 2343 2340 2341
f 2433 2430 2431
f 2478 2475 2476
f 2406 2404 2405
f 2502 2501 2500
f 2484 2482 2481
f 2442 2440 2439
f 2349 2347 2348
f 2468 2464 2465
f 2387 2384 2383
f 2358 2355 2356
f 2421 2419 2420
f 2454 2451 2452
f 2472 2470 2471
f 2388 2385 2386
f 2364 2362 2363
f 2426 2423 2422
f 2448 2446 2445
f 2403 2401 2400
f 2342 2339 2338
f 2432 2429 2428
f 2477 2474 2473
f 2493 2491 2490
f 2462 2459 2458
f 2397 2395 2394
f 2367 2365 2366
f 2427 2424 2425
f 2447 2443 2444
f 2391 2390 2389
f 2357 2354 2353
f 2417 2413 2414
f 2453 2450 2449
f 2469 2467 2466
f 2411 2408 2407
f 2498 2495 2494
f 2483 2479 2480
f 2441 2437 2438
f 2352 2350 2351
f 2509 2511 2510
f 2503 2505 2504
f 2506 2507 2508
f 2512 2513 2514
f 2515 2516 2517
f 2518 2519 2520
f 2555 2556 2554
f 2541 2540 2539
f 2562 2561 2560
f 2522 2521 2523
f 2542 2544 2543
f 2528 2529 2527
f 2531 2530 2532
f 2545 2546 2547
f 2548 2549 2550
f 2551 2553 2552
f 2533 2534 2535
f 2537 2536 2538
f 2559 2557 2558
f 2526 2525 2524