v -0.526049 0.530008 -0.000357
v 0.526216 0.528086 0.000106
v -0.526251 -0.531162 -0.000195
v 0.526155 -0.532668 -0.000215
v -0.000031 -0.348422 0.851764
v 0.000121 0.346315 0.851671
v 0.000047 -0.346027 -0.851207
v -0.000074 0.346694 -0.851321
v 0.852857 -0.003511 -0.529934
v 0.837327 -0.000988 0.532892
v -0.852675 -0.001037 -0.533502
v -0.866007 0.000040 0.533051
v 0.000071 0.541309 0.000035
v -0.308481 0.460347 0.498917
v -0.308598 0.462121 -0.499277
v -0.808850 0.307377 -0.308854
v -0.808946 0.307257 0.308747
v 0.308562 0.459713 0.499184
v 0.308767 0.458956 -0.499365
v 0.808825 0.308847 -0.308806
v 0.808217 0.306676 0.308510
v 0.000248 -0.545865 0.000003
v -0.308632 -0.459348 0.499150
v -0.308608 -0.461441 -0.499285
v -0.808063 -0.306373 -0.308511
v -0.808374 -0.307276 0.308580
v 0.308410 -0.461617 0.498928
v 0.308723 -0.461000 -0.499402
v 0.808778 -0.307598 -0.308772
v 0.808226 -0.306897 0.308511
v 0.023629 0.000014 0.971065
v 0.499751 -0.191125 0.808604
v -0.500165 -0.191245 0.809139
v 0.499717 0.191091 0.808707
v -0.500022 0.190955 0.808955
v -0.019275 0.000106 -0.973059
v 0.499606 -0.190892 -0.808394
v -0.499364 -0.190792 -0.808046
v 0.499658 0.190096 -0.808514
v -0.499424 0.191024 -0.808028
v 0.924028 -0.000048 0.035914
v -0.890395 -0.000040 -0.002608
v -0.277608 0.551886 -0.000028
v -0.435915 0.504690 0.256536
v -0.435948 0.506633 -0.256119
v -0.691927 0.427888 -0.158361
v -0.692201 0.425991 0.158370
v 0.278104 0.550418 0.000029
v 0.435864 0.505595 0.256048
v 0.435824 0.503351 -0.256292
v 0.692287 0.427394 -0.158485
v 0.692185 0.427690 0.158523
v -0.277166 -0.551667 -0.000044
v -0.435847 -0.504079 0.256155
v -0.435869 -0.505703 -0.255845
v -0.691878 -0.428103 -0.158316
v -0.692349 -0.426110 0.158505
v 0.278048 -0.548638 0.000028
v 0.435847 -0.503646 0.256103
v 0.435807 -0.505977 -0.256350
v 0.692119 -0.426148 -0.158405
v 0.692262 -0.428874 0.158569
v -0.158048 -0.419805 0.705250
v 0.158590 -0.421831 0.705301
v -0.000008 -0.176191 0.960987
v 0.256188 -0.272606 0.863315
v -0.256480 -0.272786 0.863752
v -0.157598 0.419746 0.705119
v 0.158342 0.420470 0.705205
v 0.000000 0.175294 0.960841
v 0.256095 0.272228 0.863264
v -0.256552 0.272400 0.863731
v -0.159701 -0.422140 -0.705312
v 0.159618 -0.422712 -0.705014
v -0.000003 -0.175943 -0.962063
v 0.256096 -0.272104 -0.863144
v -0.256206 -0.271781 -0.863315
v -0.158211 0.421710 -0.705323
v 0.158163 0.420352 -0.705076
v 0.000019 0.175794 -0.961562
v 0.256167 0.272764 -0.863136
v -0.256319 0.272084 -0.863352
v 0.863151 0.163413 -0.435705
v 0.863272 -0.164209 -0.435680
v 0.703903 -0.098192 -0.692200
v 0.705491 0.100076 -0.692580
v 0.918739 0.000029 -0.271904
v 0.863034 0.164683 0.435955
v 0.862823 -0.164073 0.435919
v 0.704404 -0.098554 0.690746
v 0.703996 0.101073 0.691263
v 0.857215 -0.000181 0.245206
v -0.863409 0.163358 -0.435835
v -0.863829 -0.163347 -0.435819
v -0.704220 -0.100898 -0.690517
v -0.703199 0.100108 -0.690633
v -0.914868 -0.000022 -0.270799
v -0.862945 0.163811 0.435408
v -0.863406 -0.164122 0.435420
v -0.703834 -0.100082 0.691349
v -0.704855 0.100824 0.691922
v -0.913163 0.000001 0.215150
v -0.159505 0.504728 0.264347
v -0.159486 0.504467 -0.264338
v 0.159448 0.504891 0.264328
v 0.159649 0.503870 -0.264292
v -0.586624 0.385630 0.427608
v 0.000027 0.483575 0.522901
v -0.427649 0.345792 0.685688
v -0.588027 0.384280 -0.427613
v -0.000039 0.484945 -0.523985
v -0.427603 0.345297 -0.686321
v -0.851432 0.302037 -0.000084
v -0.687016 0.264016 -0.587859
v -0.928367 0.165012 -0.159807
v -0.686899 0.264113 0.587779
v -0.927555 0.164109 0.160862
v 0.586975 0.385241 0.427719
v 0.427654 0.345228 0.686242
v 0.587177 0.384760 -0.427656
v 0.427542 0.344917 -0.686419
v 0.851457 0.304190 -0.000086
v 0.686754 0.263657 -0.587737
v 0.924486 0.164745 -0.160360
v 0.686562 0.263232 0.587573
v 0.925715 0.165754 0.161930
v -0.159535 -0.506029 0.264342
v -0.159784 -0.502918 -0.264314
v 0.159700 -0.505223 0.264288
v 0.159747 -0.502066 -0.264252
v -0.587054 -0.384619 0.427534
v 0.000016 -0.485347 0.523441
v -0.427555 -0.344896 0.686269
v -0.586981 -0.385421 -0.427689
v -0.000029 -0.484794 -0.524288
v -0.427566 -0.346742 -0.686531
v -0.851145 -0.302920 -0.000049
v -0.687014 -0.263433 -0.587871
v -0.928345 -0.165294 -0.159746
v -0.686992 -0.264319 0.587862
v -0.927636 -0.164350 0.160827
v 0.587432 -0.384614 0.427722
v 0.427625 -0.345570 0.686396
v 0.586909 -0.385238 -0.427684
v 0.427551 -0.345040 -0.686389
v 0.851242 -0.304342 -0.000073
v 0.686656 -0.263061 -0.587696
v 0.924447 -0.164652 -0.160364
v 0.686690 -0.263889 0.587640
v 0.925803 -0.166088 0.161947
v 0.264209 -0.096505 0.949972
v -0.264250 -0.095444 0.950431
v 0.264247 0.096649 0.949692
v -0.264341 0.096842 0.950347
v 0.827093 -0.000036 0.433683
v -0.540574 0.001229 0.828794
v 0.264183 -0.095973 -0.950774
v -0.263712 -0.097207 -0.951093
v 0.264026 0.095717 -0.950946
v -0.263781 0.096057 -0.951845
v 0.516984 -0.001146 -0.840837
v -0.526534 -0.000555 -0.841221
v -0.408771 0.532636 0.000065
v -0.485967 0.509753 0.126380
v -0.486061 0.509063 -0.126372
v -0.613314 0.471130 -0.078707
v -0.613210 0.468725 0.078528
v 0.408588 0.534053 -0.000005
v 0.485879 0.508651 0.127104
v 0.486192 0.508988 -0.126508
v 0.613795 0.470430 -0.078896
v 0.613736 0.468828 0.078804
v -0.407554 -0.533852 0.000052
v -0.486012 -0.509569 0.126517
v -0.486035 -0.508594 -0.126723
v -0.612912 -0.468523 -0.078402
v -0.612989 -0.470958 0.078434
v 0.408229 -0.535449 -0.000021
v 0.485809 -0.505611 0.126873
v 0.486245 -0.511738 -0.127036
v 0.613284 -0.471070 -0.078630
v 0.613574 -0.469500 0.078653
v -0.077578 -0.377539 0.786741
v 0.077278 -0.377456 0.786602
v -0.000067 -0.257257 0.914524
v 0.127325 -0.303605 0.865494
v -0.127266 -0.304101 0.865406
v -0.078275 0.378636 0.786876
v 0.077298 0.379043 0.786656
v -0.000093 0.256703 0.914350
v 0.127309 0.303169 0.865460
v -0.127294 0.304302 0.865365
v -0.078436 -0.380326 -0.786881
v 0.077493 -0.378960 -0.786731
v -0.000090 -0.257104 -0.913233
v 0.126964 -0.304294 -0.864935
v -0.127015 -0.302547 -0.865260
v -0.078522 0.379379 -0.786897
v 0.077249 0.378606 -0.786772
v -0.000069 0.256747 -0.913301
v 0.126881 0.304593 -0.864914
v -0.127128 0.304701 -0.865327
v 0.864607 0.080896 -0.486628
v 0.864714 -0.080900 -0.486803
v 0.793931 -0.045044 -0.614962
v 0.787839 0.048299 -0.613409
v 0.872170 0.000079 -0.351765
v 0.865329 0.080085 0.486918
v 0.865355 -0.079749 0.486949
v 0.787419 -0.047385 0.612931
v 0.791276 0.044189 0.614878
v 0.894532 0.000497 0.377825
v -0.865208 0.081455 -0.485676
v -0.865651 -0.081473 -0.485942
v -0.786812 -0.048141 -0.612480
v -0.796798 0.040456 -0.612736
v -0.251959 0.000005 -0.180177
v -0.863487 0.080647 0.485316
v -0.863387 -0.081494 0.485268
v -0.797319 -0.041318 0.614443
v -0.786156 0.045944 0.612882
v -0.864744 0.000184 0.446942
v -0.140905 0.568992 -0.000086
v 0.141236 0.564317 0.000036
v -0.078220 0.520111 0.133231
v -0.078394 0.517384 -0.133242
v 0.078052 0.520693 0.133202
v 0.078314 0.518295 -0.133290
v -0.376973 0.492257 0.380385
v -0.235056 0.454333 0.609532
v -0.236025 0.492012 0.389238
v -0.452027 0.416596 0.471491
v -0.158175 0.483983 0.516243
v -0.373866 0.406300 0.598069
v -0.376745 0.491093 -0.380020
v -0.234238 0.452221 -0.609588
v -0.235847 0.493313 -0.389176
v -0.452202 0.415440 -0.471587
v -0.158223 0.483341 -0.515756
v -0.373819 0.406726 -0.598148
v -0.757664 0.369904 -0.235102
v -0.845042 0.241694 -0.376830
v -0.707148 0.351345 -0.373775
v -0.840502 0.302846 -0.158286
v -0.756873 0.290636 -0.452261
v -0.887564 0.243132 -0.236841
v -0.757517 0.370020 0.235095
v -0.845001 0.240006 0.376908
v -0.707391 0.353063 0.373792
v -0.840977 0.302393 0.158287
v -0.757521 0.293469 0.452787
v -0.888806 0.244568 0.237409
v 0.376676 0.490639 0.380998
v 0.234373 0.452829 0.609565
v 0.235957 0.492652 0.389211
v 0.158084 0.483573 0.516154
v 0.451368 0.417642 0.471481
v 0.373885 0.405498 0.598171
v 0.376827 0.494007 -0.381450
v 0.235443 0.455706 -0.609470
v 0.235944 0.493449 -0.389263
v 0.158276 0.483866 -0.515861
v 0.451692 0.416724 -0.471541
v 0.373777 0.405140 -0.598062
v 0.757019 0.369885 -0.234766
v 0.844687 0.240411 -0.376714
v 0.707678 0.351840 -0.373856
v 0.840446 0.304028 -0.158260
v 0.757147 0.290383 -0.452544
v 0.886353 0.244084 -0.236699
v 0.756938 0.369304 0.234735
v 0.844287 0.241962 0.376778
v 0.707183 0.351533 0.373771
v 0.841577 0.302506 0.158321
v 0.756846 0.292241 0.452280
v 0.886748 0.245436 0.236869
v -0.141353 -0.564281 -0.000035
v 0.141650 -0.564693 0.000073
v -0.078124 -0.518739 0.133239
v -0.078432 -0.517789 -0.133348
v 0.078145 -0.521292 0.133197
v 0.078844 -0.518846 -0.133364
v -0.376955 -0.495756 0.381116
v -0.234681 -0.453867 0.609659
v -0.236086 -0.495536 0.389254
v -0.451983 -0.417260 0.471522
v -0.158160 -0.485258 0.516097
v -0.373920 -0.406277 0.598043
v -0.376798 -0.493986 -0.380826
v -0.234686 -0.453209 -0.609563
v -0.235873 -0.492228 -0.389095
v -0.452432 -0.416013 -0.471622
v -0.158187 -0.483728 -0.516419
v -0.373762 -0.406489 -0.598391
v -0.757580 -0.369433 -0.235080
v -0.844630 -0.240785 -0.376871
v -0.707405 -0.352207 -0.373782
v -0.840717 -0.302809 -0.158272
v -0.757094 -0.291310 -0.452393
v -0.887439 -0.244123 -0.236748
v -0.757090 -0.369630 0.234831
v -0.846050 -0.241225 0.376968
v -0.707138 -0.351397 0.373729
v -0.840431 -0.303619 0.158285
v -0.757106 -0.291921 0.452553
v -0.888237 -0.242966 0.237213
v 0.376761 -0.492712 0.380390
v 0.234484 -0.454389 0.609539
v 0.236439 -0.490607 0.389164
v 0.158213 -0.483766 0.516454
v 0.451641 -0.418590 0.471555
v 0.373842 -0.406561 0.598306
v 0.376807 -0.494294 -0.381407
v 0.235243 -0.454877 -0.609482
v 0.236018 -0.493633 -0.389304
v 0.158224 -0.482790 -0.515696
v 0.452558 -0.414771 -0.471511
v 0.373752 -0.404894 -0.598169
v 0.757305 -0.369937 -0.234981
v 0.845344 -0.242312 -0.376838
v 0.707406 -0.351661 -0.373786
v 0.840739 -0.303145 -0.158245
v 0.757288 -0.291497 -0.452584
v 0.886851 -0.244035 -0.236845
v 0.757073 -0.369534 0.234837
v 0.844835 -0.241634 0.376747
v 0.707354 -0.351928 0.373801
v 0.840687 -0.304187 0.158321
v 0.757154 -0.291021 0.452458
v 0.886315 -0.245385 0.236699
v 0.000186 -0.090436 0.989255
v 0.000099 0.090545 0.989268
v 0.132104 -0.043879 0.983149
v -0.137550 -0.043290 0.982872
v 0.132490 0.042430 0.985469
v -0.134887 0.043891 0.982576
v 0.380845 -0.236503 0.845533
v 0.609921 -0.150941 0.757207
v 0.471700 -0.274018 0.756148
v 0.598524 -0.232444 0.708328
v 0.388872 -0.143081 0.887434
v 0.514992 -0.092738 0.841302
v -0.380494 -0.237191 0.844970
v -0.609816 -0.151400 0.757458
v -0.471692 -0.274229 0.756470
v -0.598963 -0.233048 0.708551
v -0.388932 -0.142918 0.889556
v -0.515029 -0.095215 0.841070
v 0.380793 0.236494 0.845494
v 0.609753 0.151242 0.757257
v 0.471702 0.273734 0.756396
v 0.598463 0.232793 0.708328
v 0.389065 0.142886 0.887808
v 0.515976 0.093572 0.841179
v -0.380468 0.236251 0.844947
v -0.609982 0.151179 0.757828
v -0.471678 0.274723 0.756674
v -0.598695 0.233136 0.708390
v -0.388959 0.142830 0.888823
v -0.515017 0.094336 0.840784
v 0.000037 -0.089885 -0.989287
v 0.000024 0.089835 -0.989262
v 0.135653 -0.042643 -0.988789
v -0.128800 -0.039656 -0.986915
v 0.136078 0.043507 -0.988272
v -0.132849 0.042095 -0.986945
v 0.381597 -0.236750 -0.845589
v 0.609417 -0.150485 -0.756907
v 0.471571 -0.274264 -0.756244
v 0.598927 -0.233827 -0.708443
v 0.389410 -0.142578 -0.890804
v 0.515986 -0.097579 -0.840902
v -0.380980 -0.237495 -0.845371
v -0.609733 -0.150452 -0.756854
v -0.471574 -0.273965 -0.756170
v -0.599077 -0.232455 -0.708600
v -0.389037 -0.142486 -0.889218
v -0.515417 -0.094778 -0.840774
v 0.381384 0.235624 -0.845516
v 0.609814 0.150853 -0.757162
v 0.471522 0.273329 -0.756437
v 0.598867 0.232834 -0.708431
v 0.389353 0.142693 -0.890344
v 0.515608 0.095546 -0.840646
v -0.381221 0.237369 -0.845457
v -0.609617 0.151231 -0.757094
v -0.471494 0.274744 -0.756524
v -0.599026 0.233350 -0.708521
v -0.389236 0.142594 -0.890012
v -0.516369 0.094381 -0.841795
v 0.924623 0.000037 -0.180111
v 0.939472 0.000069 0.142383
v 0.946181 0.080650 -0.080883
v 0.944893 0.082137 0.079853
v 0.946967 -0.081137 -0.080974
v 0.944553 -0.081889 0.079809
v -0.864617 -0.000046 -0.127353
v -0.918139 0.000024 0.129811
v -0.951222 0.081774 -0.080075
v -0.951973 0.082754 0.079146
v -0.951166 -0.082125 -0.079805
v -0.951751 -0.082497 0.079157
v -0.355965 0.532979 0.132622
v -0.355859 0.533944 -0.132594
v -0.220638 0.546498 0.132771
v -0.220588 0.545747 -0.132762
v -0.570338 0.469136 0.214472
v -0.301001 0.529794 0.262865
v -0.515939 0.456999 0.344864
v -0.570305 0.469156 -0.214356
v -0.301214 0.529266 -0.263090
v -0.516309 0.455890 -0.345337
v -0.702920 0.424529 0.000041
v -0.646963 0.419983 -0.295540
v -0.779873 0.369145 -0.080505
v -0.646554 0.418912 0.295550
v -0.779372 0.369817 0.080436
v 0.355909 0.533481 0.132616
v 0.356000 0.531841 -0.132665
v 0.220633 0.546981 0.132711
v 0.220676 0.546471 -0.132835
v 0.570214 0.468407 0.214371
v 0.301246 0.531917 0.263252
v 0.516415 0.456565 0.345231
v 0.570483 0.467162 -0.214495
v 0.301102 0.530386 -0.262934
v 0.516549 0.458567 -0.345420
v 0.702756 0.423378 -0.000001
v 0.646336 0.419312 -0.295382
v 0.779567 0.369377 -0.080555
v 0.647383 0.419474 0.295753
v 0.780645 0.371416 0.080875
v -0.355967 -0.531939 0.132475
v -0.356049 -0.532329 -0.132641
v -0.220595 -0.547060 0.132824
v -0.220422 -0.549702 -0.132794
v -0.570538 -0.467348 0.214523
v -0.301167 -0.531870 0.263264
v -0.516773 -0.458154 0.345483
v -0.570215 -0.467114 -0.214343
v -0.301037 -0.528218 -0.262916
v -0.516621 -0.459229 -0.345594
v -0.702999 -0.425688 0.000037
v -0.648118 -0.422356 -0.296042
v -0.779625 -0.369043 -0.080515
v -0.646734 -0.420312 0.295649
v -0.779607 -0.370402 0.080486
v 0.356059 -0.531446 0.132760
v 0.356075 -0.533203 -0.132704
v 0.220476 -0.548589 0.132716
v 0.220659 -0.548442 -0.132817
v 0.570326 -0.467415 0.214458
v 0.301115 -0.528548 0.263060
v 0.516601 -0.459234 0.345416
v 0.570286 -0.466239 -0.214511
v 0.301191 -0.529910 -0.263093
v 0.516719 -0.457546 -0.345548
v 0.702801 -0.424750 0.000042
v 0.647287 -0.421465 -0.295708
v 0.780602 -0.371561 -0.080764
v 0.647116 -0.418837 0.295617
v 0.779770 -0.370056 0.080655
v 0.000085 -0.428953 0.709666
v -0.214692 -0.350459 0.791082
v -0.080308 -0.463575 0.619309
v -0.295276 -0.390972 0.701681
v 0.214775 -0.351359 0.791039
v 0.080302 -0.462908 0.619277
v 0.295043 -0.390872 0.701520
v 0.132569 -0.222916 0.923191
v -0.132723 -0.222950 0.923774
v 0.132949 -0.139772 0.966368
v -0.132842 -0.139871 0.965772
v 0.345344 -0.321067 0.783063
v 0.263102 -0.188704 0.915403
v -0.345109 -0.320692 0.782480
v -0.262792 -0.188269 0.914916
v 0.000098 0.429604 0.710410
v -0.214868 0.351444 0.791496
v -0.080378 0.463899 0.619333
v -0.295154 0.391348 0.701659
v 0.214765 0.351226 0.790955
v 0.080323 0.463493 0.619234
v 0.295254 0.391863 0.701801
v 0.132603 0.222824 0.923240
v -0.132727 0.222265 0.923927
v 0.132997 0.139681 0.966323
v -0.132909 0.140301 0.965835
v 0.345240 0.321375 0.782790
v 0.263131 0.189131 0.915572
v -0.345127 0.320554 0.782469
v -0.262825 0.188921 0.914969
v 0.000077 -0.428456 -0.709460
v -0.214859 -0.352668 -0.791797
v -0.080698 -0.463363 -0.619879
v -0.295226 -0.390822 -0.701730
v 0.214692 -0.351870 -0.791002
v 0.080481 -0.461558 -0.619447
v 0.295265 -0.391020 -0.701755
v 0.132775 -0.222148 -0.924602
v -0.132412 -0.222387 -0.922969
v 0.132843 -0.139809 -0.964960
v -0.133202 -0.139909 -0.966841
v 0.345408 -0.321669 -0.782912
v 0.263158 -0.189277 -0.916030
v -0.345265 -0.320264 -0.782663
v -0.263279 -0.189604 -0.915917
v 0.000136 0.428496 -0.709194
v -0.215147 0.352056 -0.792343
v -0.080432 0.464199 -0.619458
v -0.295045 0.391730 -0.701333
v 0.214666 0.351493 -0.790922
v 0.080354 0.462389 -0.619444
v 0.295439 0.392688 -0.701936
v 0.132776 0.222820 -0.924606
v -0.132435 0.222410 -0.922976
v 0.132796 0.139208 -0.964825
v -0.133121 0.139618 -0.966840
v 0.345418 0.321677 -0.782962
v 0.263078 0.188335 -0.915727
v -0.345643 0.321734 -0.783272
v -0.263405 0.189609 -0.916180
v 0.791423 0.136406 -0.570917
v 0.908902 0.084356 -0.356885
v 0.782701 0.215977 -0.515997
v 0.903032 0.167884 -0.300770
v 0.791396 -0.136681 -0.570842
v 0.908832 -0.084478 -0.356866
v 0.782429 -0.215684 -0.515868
v 0.903242 -0.168123 -0.300813
v 0.089801 0.000125 -0.158662
v 0.701501 -0.186130 -0.645644
v 0.625609 -0.038853 -0.788518
v 0.701626 0.186064 -0.645788
v 0.620201 0.049221 -0.782383
v 0.936526 0.085254 -0.221035
v 0.936705 -0.085444 -0.221055
v 0.790709 0.136399 0.570557
v 0.906261 0.084073 0.356593
v 0.782356 0.216135 0.515815
v 0.900741 0.167458 0.299644
v 0.790996 -0.136248 0.570774
v 0.906314 -0.084261 0.356576
v 0.782496 -0.215390 0.515837
v 0.900915 -0.167763 0.299646
v 0.867258 -0.000751 0.677409
v 0.702628 -0.186631 0.646841
v 0.617694 -0.049607 0.778877
v 0.702397 0.186197 0.646615
v 0.621375 0.044444 0.791350
v 0.935754 0.084695 0.219664
v 0.936333 -0.084957 0.219744
v -0.790477 0.136358 -0.570276
v -0.911478 0.084172 -0.359184
v -0.783052 0.216696 -0.516211
v -0.903738 0.167756 -0.300546
v -0.790776 -0.135965 -0.570435
v -0.911546 -0.084478 -0.359139
v -0.782573 -0.216300 -0.515958
v -0.903978 -0.167741 -0.300572
v -0.715327 -0.000018 -0.687177
v -0.701861 -0.186058 -0.646029
v -0.615846 -0.040363 -0.777772
v -0.701954 0.186596 -0.646163
v -0.615315 0.036778 -0.769327
v -0.937578 0.084370 -0.219682
v -0.937708 -0.084474 -0.219662
v -0.790205 0.136360 0.570139
v -0.911776 0.081463 0.357296
v -0.782311 0.215997 0.515830
v -0.905499 0.167725 0.301023
v -0.790165 -0.135887 0.570122
v -0.912038 -0.082286 0.357474
v -0.782612 -0.216291 0.515957
v -0.905428 -0.167683 0.301027
v -0.688915 0.000075 0.668524
v -0.701814 -0.186248 0.645886
v -0.622234 -0.038933 0.780003
v -0.701871 0.186120 0.645992
v -0.615891 0.041948 0.775818
v -0.938745 0.085316 0.221918
v -0.938957 -0.085337 0.221988
v -0.000225 0.482298 0.266903
v -0.081101 0.473529 0.398354
v 0.000074 0.482307 -0.266858
v -0.081354 0.473299 -0.398426
v 0.081198 0.474036 0.398330
v 0.081174 0.473426 -0.398342
v -0.513657 0.353004 0.563862
v -0.645384 0.323266 0.513400
v -0.563896 0.296998 0.645384
v -0.513561 0.353513 -0.563876
v -0.645655 0.323031 -0.513478
v -0.564051 0.297232 -0.645807
v -0.902512 0.235386 -0.081861
v -0.903454 0.236038 0.081916
v -0.932603 0.157993 -0.000072
v 0.513351 0.353669 0.563457
v 0.645393 0.322934 0.513296
v 0.564099 0.296859 0.645740
v 0.513696 0.353875 -0.563856
v 0.645515 0.323165 -0.513495
v 0.563922 0.296016 -0.645356
v 0.899240 0.235739 -0.081785
v 0.896661 0.234810 0.081453
v 0.927683 0.157987 -0.001329
v -0.000085 -0.483936 0.266927
v -0.081686 -0.470840 0.399343
v 0.000029 -0.478537 -0.266959
v -0.081210 -0.472261 -0.398304
v 0.081035 -0.474554 0.398248
v 0.081165 -0.472395 -0.398483
v -0.513507 -0.354518 0.563819
v -0.645559 -0.323620 0.513530
v -0.563915 -0.297307 0.645445
v -0.513543 -0.354330 -0.563887
v -0.645663 -0.323136 -0.513517
v -0.563986 -0.297413 -0.645743
v -0.902453 -0.235324 -0.081849
v -0.903072 -0.235190 0.081801
v -0.932906 -0.158796 -0.000085
v 0.513165 -0.355073 0.563302
v 0.645492 -0.322708 0.513378
v 0.563981 -0.296268 0.645601
v 0.513448 -0.355086 -0.563551
v 0.645733 -0.322414 -0.513688
v 0.563758 -0.297868 -0.645153
v 0.899536 -0.236944 -0.081839
v 0.896896 -0.234410 0.081580
v 0.927884 -0.158521 -0.001379
v 0.266873 0.000502 0.969159
v 0.401266 -0.041351 0.919018
v -0.257116 -0.000752 0.899475
v -0.399567 -0.040921 0.916653
v 0.398902 0.044965 0.914454
v -0.397652 0.038745 0.922660
v 0.217432 0.000533 -0.742084
v 0.396522 -0.044404 -0.911895
v -0.313109 0.000225 -0.957403
v -0.398204 -0.032061 -0.933200
v 0.399539 0.041215 -0.920845
v -0.396967 0.044308 -0.910906
v -0.470369 0.525532 -0.000134
v -0.507615 0.506545 0.061191
v -0.507718 0.508906 -0.059875
v -0.567747 0.489848 -0.037305
v -0.567841 0.489061 0.037065
v 0.469881 0.527561 -0.000046
v 0.507856 0.508446 0.060299
v 0.507745 0.509332 -0.060559
v 0.567647 0.489312 -0.037144
v 0.567854 0.487264 0.037167
v -0.470867 -0.524609 -0.000158
v -0.507747 -0.509271 0.060190
v -0.507669 -0.507829 -0.060535
v -0.567703 -0.488890 -0.037155
v -0.567856 -0.490102 0.037143
v 0.470540 -0.528431 -0.000188
v 0.507943 -0.509489 0.059731
v 0.507750 -0.510519 -0.060067
v 0.567891 -0.489140 -0.037438
v 0.567483 -0.489452 0.037052
v -0.036532 -0.360394 0.822069
v 0.035873 -0.358238 0.821950
v 0.000019 -0.294802 0.881405
v 0.061851 -0.315351 0.859882
v -0.061603 -0.315705 0.860007
v -0.036338 0.359020 0.822051
v 0.037157 0.360188 0.821764
v -0.000052 0.294489 0.881794
v 0.061589 0.314732 0.859741
v -0.061377 0.315747 0.859796
v -0.036208 -0.359278 -0.821920
v 0.036516 -0.359095 -0.821939
v -0.000021 -0.294845 -0.882334
v 0.061361 -0.316194 -0.859605
v -0.061377 -0.315393 -0.859868
v -0.036102 0.358340 -0.821970
v 0.036682 0.359610 -0.821929
v -0.000008 0.295606 -0.881666
v 0.061382 0.316345 -0.859631
v -0.060972 0.317351 -0.859712
v 0.859790 0.031366 -0.510817
v 0.856848 -0.034527 -0.507648
v 0.816295 -0.021896 -0.559530
v 0.826423 0.014362 -0.570573
v 0.840343 -0.000035 -0.452512
v 0.862502 0.022394 0.508336
v 0.853269 -0.028590 0.506383
v 0.831679 -0.020347 0.572022
v 0.852465 0.009138 0.580879
v 0.623924 0.000228 0.191835
v -0.857400 0.034950 -0.508723
v -0.857834 -0.034869 -0.508522
v -0.822031 -0.020536 -0.569625
v -0.821778 0.016437 -0.571816
v -0.854185 0.000315 -0.500450
v -0.862814 0.029820 0.510614
v -0.857235 -0.035807 0.506461
v -0.799666 -0.017041 0.560898
v -0.802703 0.016330 0.563491
v -0.867517 -0.000402 0.458636
v -0.072673 0.552721 0.000151
v 0.072527 0.553252 0.000057
v -0.037417 0.533304 0.066791
v -0.037919 0.528089 -0.066882
v 0.037877 0.532431 0.066785
v 0.037523 0.530335 -0.066788
v -0.344402 0.472502 0.439459
v -0.272485 0.466427 0.557765
v -0.272342 0.482833 0.446563
v -0.381237 0.433652 0.488372
v -0.235344 0.480830 0.508669
v -0.343046 0.433324 0.548975
v -0.344348 0.470158 -0.439547
v -0.272528 0.465896 -0.557718
v -0.272492 0.483118 -0.446950
v -0.380838 0.436327 -0.488578
v -0.235033 0.478758 -0.507952
v -0.343042 0.435051 -0.548960
v -0.783987 0.336082 -0.271457
v -0.829926 0.276908 -0.344696
v -0.760858 0.332117 -0.343024
v -0.827559 0.304799 -0.234791
v -0.784602 0.301717 -0.380934
v -0.851001 0.276608 -0.272514
v -0.784581 0.337596 0.271951
v -0.829298 0.275047 0.344185
v -0.760414 0.331941 0.342900
v -0.827425 0.304890 0.234793
v -0.784178 0.301997 0.380670
v -0.851146 0.276205 0.272480
v 0.344233 0.467748 0.438971
v 0.272272 0.462222 0.557621
v 0.272586 0.483056 0.446910
v 0.235020 0.478783 0.507838
v 0.381374 0.433295 0.488772
v 0.343042 0.432885 0.548899
v 0.344353 0.470570 -0.439249
v 0.272307 0.463736 -0.557823
v 0.272241 0.482619 -0.446597
v 0.235344 0.482825 -0.509009
v 0.380994 0.435803 -0.488616
v 0.342933 0.431977 -0.548694
v 0.784053 0.338463 -0.271596
v 0.829004 0.276105 -0.344266
v 0.760857 0.334744 -0.343017
v 0.827387 0.306096 -0.234835
v 0.784832 0.302604 -0.380870
v 0.850884 0.277456 -0.272532
v 0.784482 0.338183 0.271698
v 0.829626 0.277397 0.344537
v 0.760160 0.332083 0.342735
v 0.827340 0.305612 0.234739
v 0.785839 0.304027 0.381461
v 0.851026 0.277078 0.272565
v -0.072217 -0.556885 0.000218
v 0.072434 -0.555094 0.000024
v -0.037840 -0.528914 0.066904
v -0.037785 -0.528035 -0.066883
v 0.037619 -0.533478 0.066763
v 0.037689 -0.532096 -0.066811
v -0.344445 -0.473438 0.439398
v -0.272337 -0.463248 0.557579
v -0.272305 -0.484773 0.446632
v -0.381393 -0.433876 0.488541
v -0.235062 -0.479259 0.507881
v -0.343092 -0.432467 0.549088
v -0.344243 -0.473253 -0.439058
v -0.272196 -0.465355 -0.557594
v -0.272466 -0.483155 -0.446765
v -0.381129 -0.435272 -0.488661
v -0.235266 -0.479602 -0.508654
v -0.342915 -0.433430 -0.548959
v -0.783851 -0.336421 -0.271355
v -0.829574 -0.275372 -0.344631
v -0.761033 -0.332731 -0.343071
v -0.827387 -0.304691 -0.234728
v -0.785235 -0.303662 -0.381227
v -0.851305 -0.275575 -0.272556
v -0.784836 -0.337452 0.272028
v -0.830152 -0.276984 0.344327
v -0.760199 -0.331954 0.342873
v -0.827756 -0.304811 0.234868
v -0.784990 -0.303075 0.381183
v -0.851157 -0.276480 0.272507
v 0.344199 -0.470493 0.438984
v 0.272653 -0.466487 0.557940
v 0.272490 -0.484020 0.446854
v 0.235113 -0.480199 0.508281
v 0.381302 -0.434233 0.488821
v 0.342946 -0.432722 0.548921
v 0.344190 -0.471889 -0.439238
v 0.272195 -0.465708 -0.557807
v 0.272400 -0.483044 -0.446768
v 0.235069 -0.479005 -0.507903
v 0.380740 -0.436056 -0.488283
v 0.342861 -0.433218 -0.548637
v 0.784761 -0.339018 -0.271888
v 0.828826 -0.275537 -0.344245
v 0.760379 -0.332329 -0.342808
v 0.827397 -0.305768 -0.234849
v 0.785179 -0.303103 -0.380992
v 0.850853 -0.276422 -0.272555
v 0.785409 -0.338048 0.272129
v 0.829934 -0.277285 0.344576
v 0.760306 -0.331007 0.342806
v 0.827990 -0.305330 0.234927
v 0.785160 -0.301794 0.381113
v 0.850825 -0.277551 0.272494
v 0.003396 -0.039171 0.993873
v 0.002121 0.040446 0.993748
v 0.064545 -0.019809 0.986141
v -0.101506 0.000933 0.897532
v 0.064777 0.019874 0.987930
v -0.084285 -0.001228 0.910730
v 0.439873 -0.213300 0.829397
v 0.557573 -0.172028 0.784703
v 0.488190 -0.234230 0.784020
v 0.549606 -0.213693 0.761403
v 0.446947 -0.166686 0.850542
v 0.507805 -0.145289 0.827327
v -0.439579 -0.213065 0.828926
v -0.557667 -0.172509 0.784861
v -0.487994 -0.233866 0.783568
v -0.549559 -0.214281 0.761502
v -0.447282 -0.165729 0.851051
v -0.507845 -0.145126 0.827495
v 0.440037 0.214150 0.829600
v 0.557423 0.172555 0.784626
v 0.488125 0.234214 0.783891
v 0.549388 0.214185 0.761118
v 0.446875 0.166066 0.850573
v 0.507766 0.144479 0.827828
v -0.439602 0.212529 0.828891
v -0.557442 0.171505 0.784511
v -0.488098 0.234004 0.783780
v -0.549490 0.214448 0.761482
v -0.447316 0.166121 0.850901
v -0.508169 0.144997 0.827533
v -0.002175 -0.039680 -0.995781
v -0.001736 0.039488 -0.996008
v 0.063571 0.001091 -0.914638
v -0.064844 -0.021735 -0.985738
v 0.083035 -0.001100 -0.902159
v -0.065482 0.022099 -0.986323
v 0.439514 -0.213409 -0.828809
v 0.557998 -0.172775 -0.785143
v 0.487952 -0.234546 -0.783550
v 0.548951 -0.213606 -0.760587
v 0.447362 -0.165467 -0.851973
v 0.507606 -0.145121 -0.827257
v -0.439598 -0.213028 -0.829139
v -0.557731 -0.171881 -0.784833
v -0.488315 -0.233933 -0.784261
v -0.549146 -0.213393 -0.760862
v -0.447182 -0.165842 -0.851614
v -0.507638 -0.144644 -0.827141
v 0.439444 0.212132 -0.828705
v 0.557874 0.171871 -0.784862
v 0.487884 0.232662 -0.783488
v 0.549111 0.212779 -0.760830
v 0.447530 0.165187 -0.852054
v 0.507704 0.144327 -0.827029
v -0.439830 0.213315 -0.829396
v -0.557914 0.172064 -0.785087
v -0.488486 0.234293 -0.784609
v -0.549234 0.213575 -0.760907
v -0.447122 0.165671 -0.851372
v -0.507707 0.144478 -0.827268
v 0.310094 -0.000005 -0.085490
v 0.946509 0.000082 0.074423
v 0.922433 0.026217 -0.035729
v 0.947294 0.040023 0.036665
v 0.923500 -0.026746 -0.035408
v 0.947244 -0.039988 0.036622
v -0.939725 -0.000052 -0.071671
v -0.944731 -0.000027 0.071592
v -0.950485 0.039380 -0.038066
v -0.949618 0.039865 0.038690
v -0.950572 -0.039524 -0.038252
v -0.950728 -0.039838 0.038695
v -0.342462 0.548123 0.000079
v -0.210090 0.558967 -0.000021
v -0.315502 0.545317 0.066435
v -0.315382 0.544689 -0.066382
v -0.248033 0.550440 0.066457
v -0.247716 0.549382 -0.066441
v -0.462527 0.511037 0.191929
v -0.407045 0.501612 0.319244
v -0.396299 0.520664 0.197197
v -0.503513 0.487849 0.237974
v -0.368334 0.518608 0.261326
v -0.476064 0.484113 0.302856
v -0.462484 0.512782 -0.192951
v -0.406902 0.504715 -0.320301
v -0.396276 0.523484 -0.197362
v -0.503373 0.487639 -0.237711
v -0.368431 0.518281 -0.261556
v -0.475912 0.483681 -0.302845
v -0.653849 0.451033 -0.118377
v -0.726849 0.401490 -0.197753
v -0.634649 0.451697 -0.188312
v -0.700919 0.425940 -0.080924
v -0.671603 0.426365 -0.228292
v -0.737675 0.400380 -0.120764
v -0.654147 0.449318 0.118433
v -0.727214 0.401338 0.197819
v -0.633931 0.448819 0.188091
v -0.700822 0.424739 0.080779
v -0.671010 0.424185 0.228106
v -0.737762 0.399626 0.120666
v 0.343263 0.547579 -0.000043
v 0.209362 0.558819 0.000031
v 0.315524 0.543668 0.066401
v 0.315518 0.543504 -0.066418
v 0.247919 0.550025 0.066410
v 0.248089 0.549813 -0.066438
v 0.462190 0.506863 0.191043
v 0.407008 0.501524 0.318942
v 0.396228 0.521982 0.197446
v 0.503523 0.486202 0.238296
v 0.368472 0.520154 0.261623
v 0.475963 0.482518 0.302701
v 0.462368 0.508974 -0.191242
v 0.407115 0.502129 -0.319906
v 0.396163 0.519540 -0.197206
v 0.503561 0.488690 -0.238270
v 0.368459 0.518729 -0.261631
v 0.475919 0.483253 -0.302559
v 0.654163 0.447525 -0.118345
v 0.726633 0.401512 -0.197467
v 0.634471 0.448739 -0.188271
v 0.700651 0.423689 -0.080775
v 0.671232 0.425504 -0.228211
v 0.738120 0.399327 -0.120901
v 0.653758 0.447991 0.118316
v 0.726663 0.400766 0.197564
v 0.634889 0.450664 0.188358
v 0.700656 0.424884 0.080819
v 0.671553 0.426362 0.228283
v 0.737995 0.400593 0.120832
v -0.344177 -0.545352 0.000025
v -0.210011 -0.555655 -0.000021
v -0.315256 -0.543332 0.066374
v -0.315415 -0.543852 -0.066441
v -0.247913 -0.549118 0.066449
v -0.248042 -0.550168 -0.066447
v -0.462376 -0.508213 0.191797
v -0.407069 -0.502755 0.319658
v -0.396209 -0.521834 0.197144
v -0.503586 -0.487308 0.238097
v -0.368314 -0.519034 0.261466
v -0.476134 -0.484647 0.303236
v -0.462373 -0.508035 -0.192425
v -0.406963 -0.505177 -0.319914
v -0.396642 -0.520394 -0.197820
v -0.503720 -0.485328 -0.238367
v -0.368418 -0.519256 -0.261548
v -0.476068 -0.486051 -0.303337
v -0.653686 -0.450195 -0.118257
v -0.726730 -0.403097 -0.197651
v -0.634263 -0.448372 -0.188187
v -0.701156 -0.426668 -0.081000
v -0.671727 -0.427139 -0.228379
v -0.737822 -0.400389 -0.120831
v -0.654027 -0.450945 0.118391
v -0.726492 -0.401643 0.197334
v -0.633939 -0.447897 0.188050
v -0.700845 -0.426541 0.080803
v -0.671403 -0.425387 0.228305
v -0.737567 -0.399563 0.120531
v 0.344458 -0.543817 0.000046
v 0.210098 -0.556733 0.000038
v 0.315267 -0.542906 0.066415
v 0.315431 -0.544909 -0.066402
v 0.247944 -0.548581 0.066423
v 0.247969 -0.550087 -0.066414
v 0.462249 -0.509800 0.192911
v 0.406970 -0.502820 0.319556
v 0.396219 -0.519080 0.197046
v 0.503375 -0.487071 0.237910
v 0.368339 -0.517242 0.261476
v 0.475922 -0.483401 0.302702
v 0.462472 -0.509742 -0.192895
v 0.407089 -0.501112 -0.319473
v 0.396129 -0.520095 -0.197255
v 0.503540 -0.487022 -0.237994
v 0.368249 -0.517640 -0.261270
v 0.476068 -0.482523 -0.302494
v 0.654158 -0.449535 -0.118372
v 0.726571 -0.400623 -0.197446
v 0.634609 -0.447134 -0.188306
v 0.700588 -0.424459 -0.080806
v 0.671287 -0.424589 -0.228251
v 0.737873 -0.400804 -0.120753
v 0.654170 -0.450623 0.118561
v 0.726555 -0.402356 0.197448
v 0.634394 -0.448892 0.188204
v 0.700634 -0.426863 0.080811
v 0.671286 -0.425635 0.228175
v 0.737913 -0.400452 0.120776
v -0.118366 -0.400009 0.748027
v -0.196879 -0.436355 0.658725
v -0.081148 -0.425809 0.707678
v -0.188187 -0.387158 0.748313
v -0.120770 -0.443363 0.662616
v -0.227813 -0.405493 0.703472
v 0.118884 -0.403126 0.748060
v 0.197144 -0.438042 0.658749
v 0.080911 -0.426753 0.707410
v 0.187967 -0.387872 0.748167
v 0.120621 -0.444711 0.662667
v 0.227889 -0.406477 0.703619
v -0.000033 -0.217106 0.940109
v -0.000046 -0.134296 0.979537
v 0.066319 -0.199307 0.946301
v -0.066424 -0.198486 0.945218
v 0.066418 -0.157583 0.965118
v -0.066468 -0.157038 0.965787
v 0.193258 -0.287946 0.868100
v 0.319938 -0.256670 0.856445
v 0.238179 -0.312263 0.829118
v 0.196946 -0.247229 0.895498
v 0.303104 -0.296838 0.824577
v 0.261951 -0.231114 0.891209
v -0.191971 -0.288132 0.866910
v -0.319884 -0.257020 0.856397
v -0.238183 -0.312443 0.829469
v -0.196947 -0.248025 0.895578
v -0.302992 -0.297198 0.824548
v -0.261894 -0.230869 0.891111
v -0.119280 0.402138 0.748013
v -0.197810 0.437934 0.658702
v -0.080991 0.427163 0.707563
v -0.188256 0.387576 0.748390
v -0.120695 0.444974 0.662758
v -0.228012 0.406639 0.703601
v 0.118623 0.402193 0.748093
v 0.197571 0.437563 0.658795
v 0.080871 0.427185 0.707559
v 0.188456 0.389544 0.748473
v 0.120721 0.443735 0.662512
v 0.227937 0.406651 0.703616
v -0.000028 0.216624 0.939968
v -0.000003 0.134195 0.979361
v 0.066272 0.197519 0.946609
v -0.066406 0.198549 0.945184
v 0.066447 0.157199 0.965125
v -0.066461 0.157313 0.965612
v 0.193137 0.287661 0.867968
v 0.319843 0.255352 0.856350
v 0.238128 0.312134 0.829019
v 0.196875 0.247912 0.895435
v 0.303472 0.297958 0.824969
v 0.262060 0.231832 0.891314
v -0.191868 0.287676 0.866776
v -0.319878 0.257153 0.856348
v -0.238029 0.312278 0.829246
v -0.196993 0.247101 0.895575
v -0.302841 0.297085 0.824396
v -0.261860 0.231623 0.891025
v -0.118665 -0.400504 -0.748098
v -0.196693 -0.435056 -0.658828
v -0.081243 -0.425056 -0.707778
v -0.188132 -0.388315 -0.748464
v -0.120394 -0.441845 -0.662503
v -0.227871 -0.405995 -0.703500
v 0.118043 -0.399743 -0.748218
v 0.196764 -0.437441 -0.658680
v 0.080458 -0.425034 -0.707368
v 0.187978 -0.387043 -0.748299
v 0.120515 -0.442825 -0.662522
v 0.227939 -0.405985 -0.703641
v 0.000023 -0.216927 -0.939640
v 0.000152 -0.133888 -0.976865
v 0.066426 -0.197825 -0.945613
v -0.066281 -0.198396 -0.945770
v 0.066492 -0.156926 -0.966362
v -0.066416 -0.157225 -0.964682
v 0.192328 -0.288064 -0.866951
v 0.319698 -0.255751 -0.855821
v 0.238128 -0.312461 -0.829348
v 0.197054 -0.247003 -0.895698
v 0.302929 -0.296635 -0.824377
v 0.262072 -0.230817 -0.891465
v -0.192128 -0.287969 -0.866701
v -0.318772 -0.255170 -0.855592
v -0.238170 -0.312440 -0.829299
v -0.196966 -0.247031 -0.895191
v -0.302902 -0.296886 -0.824416
v -0.261941 -0.230449 -0.891111
v -0.118795 0.402496 -0.748204
v -0.196878 0.435916 -0.658839
v -0.081418 0.429481 -0.707898
v -0.188045 0.386672 -0.748284
v -0.120617 0.444317 -0.662509
v -0.228063 0.404737 -0.703589
v 0.118354 0.400278 -0.748388
v 0.197117 0.436167 -0.658625
v 0.081149 0.427437 -0.707739
v 0.188383 0.388821 -0.748551
v 0.120188 0.442482 -0.662343
v 0.228033 0.406998 -0.703651
v -0.000002 0.217614 -0.939421
v 0.000127 0.134084 -0.976793
v 0.066416 0.198627 -0.945417
v -0.066287 0.198790 -0.945799
v 0.066504 0.156873 -0.966169
v -0.066398 0.157161 -0.964678
v 0.192232 0.289186 -0.866868
v 0.319479 0.255836 -0.855767
v 0.238468 0.313410 -0.829982
v 0.197008 0.247301 -0.895614
v 0.302999 0.297547 -0.824494
v 0.262006 0.230531 -0.891463
v -0.191989 0.288493 -0.866568
v -0.318769 0.255971 -0.855632
v -0.238119 0.312542 -0.829459
v -0.196931 0.247230 -0.895149
v -0.303044 0.296748 -0.824519
v -0.262155 0.231689 -0.891356
v 0.866383 0.123596 -0.462360
v 0.856512 0.202513 -0.407285
v 0.829481 0.151358 -0.503597
v 0.890139 0.126927 -0.396523
v 0.824942 0.191250 -0.476128
v 0.886266 0.167356 -0.368601
v 0.866047 -0.123465 -0.462416
v 0.855981 -0.203179 -0.407283
v 0.829373 -0.151735 -0.503594
v 0.890011 -0.126642 -0.396492
v 0.824599 -0.191376 -0.476021
v 0.886074 -0.167293 -0.368552
v 0.748050 -0.071084 -0.655689
v 0.657341 -0.124016 -0.725360
v 0.748792 -0.119816 -0.634862
v 0.725020 -0.015815 -0.688099
v 0.704086 -0.145569 -0.672378
v 0.670315 -0.055426 -0.740013
v 0.748385 0.073916 -0.655125
v 0.658527 0.126187 -0.725690
v 0.749117 0.119701 -0.635007
v 0.702878 0.036011 -0.696175
v 0.704416 0.145414 -0.672609
v 0.663033 0.074360 -0.738040
v 0.905503 0.000047 -0.338058
v 0.940323 0.000068 -0.209849
v 0.918449 0.041673 -0.314660
v 0.918295 -0.041794 -0.314688
v 0.935014 0.042256 -0.245321
v 0.934732 -0.042197 -0.245223
v 0.866013 0.123912 0.462506
v 0.854869 0.203598 0.406929
v 0.829740 0.152092 0.503750
v 0.888472 0.126195 0.396855
v 0.823970 0.191707 0.475876
v 0.884316 0.167097 0.368042
v 0.866388 -0.123782 0.462625
v 0.855112 -0.202228 0.406941
v 0.829792 -0.151675 0.503758
v 0.888592 -0.126613 0.396874
v 0.824091 -0.190520 0.475909
v 0.884543 -0.166842 0.367970
v 0.746672 -0.074591 0.653393
v 0.658035 -0.126517 0.725944
v 0.748568 -0.120261 0.634463
v 0.716644 -0.033460 0.709269
v 0.703554 -0.145318 0.670883
v 0.662281 -0.070808 0.739657
v 0.746256 0.075808 0.653977
v 0.657924 0.126525 0.725898
v 0.748557 0.120425 0.634700
v 0.711587 0.043753 0.699730
v 0.703483 0.145185 0.670797
v 0.662972 0.071351 0.739855
v 0.906572 -0.000021 0.340476
v 0.863878 -0.000028 0.185790
v 0.915779 0.040128 0.314102
v 0.917493 -0.040585 0.314638
v 0.928504 0.037838 0.242417
v 0.930048 -0.038701 0.243129
v -0.866646 0.123273 -0.462216
v -0.856818 0.203636 -0.407091
v -0.829030 0.151145 -0.503467
v -0.892437 0.126783 -0.397275
v -0.824378 0.191200 -0.475910
v -0.887768 0.167823 -0.368949
v -0.866603 -0.123150 -0.462198
v -0.855871 -0.202370 -0.407162
v -0.829138 -0.150882 -0.503459
v -0.892833 -0.127370 -0.397339
v -0.824274 -0.190971 -0.475914
v -0.887870 -0.167604 -0.368917
v -0.747062 -0.074370 -0.654409
v -0.657757 -0.126253 -0.726107
v -0.747858 -0.119414 -0.633123
v -0.701159 -0.038483 -0.696996
v -0.703666 -0.145457 -0.671300
v -0.662989 -0.069647 -0.740282
v -0.748196 0.071089 -0.655545
v -0.657188 0.126246 -0.726093
v -0.747311 0.118686 -0.633016
v -0.712648 0.044698 -0.702186
v -0.703233 0.144997 -0.671138
v -0.663295 0.071953 -0.739465
v -0.904853 -0.000058 -0.304396
v -0.918802 0.000005 -0.203669
v -0.921393 0.041029 -0.314478
v -0.921572 -0.041316 -0.314635
v -0.931559 0.041078 -0.244928
v -0.931052 -0.041085 -0.244950
v -0.864947 0.123267 0.461239
v -0.856963 0.203632 0.407247
v -0.828957 0.151615 0.503206
v -0.892003 0.127004 0.395813
v -0.824293 0.191245 0.475835
v -0.889228 0.168140 0.368651
v -0.865150 -0.123806 0.461368
v -0.856237 -0.202606 0.407247
v -0.829237 -0.151597 0.503335
v -0.891889 -0.127070 0.395828
v -0.824316 -0.191414 0.475892
v -0.889155 -0.167875 0.368686
v -0.748046 -0.072975 0.654797
v -0.658350 -0.126724 0.727135
v -0.748129 -0.119651 0.634408
v -0.709670 -0.043623 0.699346
v -0.704341 -0.145402 0.672542
v -0.663541 -0.070254 0.738383
v -0.747422 0.074380 0.654304
v -0.659018 0.126640 0.727004
v -0.748720 0.120473 0.634927
v -0.704854 0.039999 0.697824
v -0.704480 0.145049 0.672482
v -0.661702 0.070610 0.738343
v -0.002356 -0.000018 -0.035845
v -0.937541 -0.000025 0.207960
v -0.906453 0.021481 0.305685
v -0.910106 -0.024953 0.307162
v -0.937057 0.041686 0.246519
v -0.936936 -0.041903 0.246368
v -0.119689 0.511884 0.199246
v -0.199052 0.497177 0.327758
v -0.192390 0.531824 0.198712
v -0.233001 0.526085 0.263402
v -0.081988 0.489053 0.266158
v -0.122249 0.480683 0.331059
v -0.119720 0.510280 -0.199211
v -0.198635 0.499814 -0.327935
v -0.193131 0.534695 -0.198633
v -0.232600 0.524105 -0.263453
v -0.082149 0.488075 -0.266053
v -0.121950 0.483929 -0.331054
v 0.119916 0.511169 0.199109
v 0.199639 0.494904 0.327654
v 0.192799 0.532693 0.198807
v 0.233078 0.525737 0.263540
v 0.082225 0.487544 0.265943
v 0.122067 0.482683 0.331246
v 0.119651 0.509281 -0.199200
v 0.199015 0.499210 -0.327701
v 0.192358 0.529803 -0.198692
v 0.233580 0.530217 -0.263247
v 0.082207 0.485523 -0.266146
v 0.121941 0.482197 -0.330956
v -0.520894 0.402011 0.450964
v -0.649917 0.369554 0.401791
v -0.553598 0.422162 0.385902
v -0.618338 0.405332 0.361362
v -0.552205 0.367727 0.495402
v -0.618885 0.349486 0.470846
v -0.079580 0.485404 0.522999
v 0.079505 0.484798 0.521589
v -0.039950 0.481002 0.574767
v 0.040065 0.482397 0.575182
v -0.040238 0.476567 0.463802
v 0.040190 0.476523 0.463387
v -0.401831 0.377255 0.644192
v -0.450947 0.311780 0.724155
v -0.361425 0.374382 0.697731
v -0.386060 0.340161 0.738145
v -0.470794 0.346844 0.628428
v -0.495599 0.317261 0.668427
v -0.520971 0.399225 -0.450926
v -0.649437 0.369435 -0.401918
v -0.553522 0.420229 -0.386090
v -0.619379 0.405449 -0.361404
v -0.552735 0.366738 -0.495438
v -0.617968 0.352406 -0.470767
v -0.079502 0.483488 -0.521868
v 0.079511 0.484474 -0.521598
v -0.039957 0.481631 -0.574562
v 0.040040 0.483001 -0.575026
v -0.040280 0.474787 -0.463582
v 0.040155 0.476084 -0.463426
v -0.401772 0.377234 -0.644080
v -0.450921 0.311258 -0.723929
v -0.361341 0.375181 -0.697994
v -0.386220 0.338500 -0.737620
v -0.470710 0.347986 -0.628084
v -0.495678 0.318728 -0.668732
v -0.848447 0.302810 -0.079676
v -0.848749 0.302762 0.079642
v -0.817088 0.336454 -0.039971
v -0.816965 0.336759 0.039966
v -0.881353 0.270058 -0.040434
v -0.880732 0.269889 0.040264
v -0.724241 0.277401 -0.521475
v -0.645381 0.249719 -0.650644
v -0.737425 0.241245 -0.553788
v -0.697036 0.226785 -0.618190
v -0.668485 0.295915 -0.552619
v -0.628378 0.281387 -0.617993
v -0.911080 0.204646 -0.199254
v -0.941435 0.123321 -0.119956
v -0.917892 0.166807 -0.231203
v -0.934810 0.126196 -0.191702
v -0.916781 0.199978 -0.122192
v -0.931955 0.159742 -0.082620
v -0.724694 0.278847 0.521748
v -0.644666 0.249109 0.650204
v -0.736774 0.241601 0.553345
v -0.697181 0.226690 0.618211
v -0.668537 0.295696 0.552693
v -0.628625 0.282415 0.618146
v -0.910406 0.205074 0.199469
v -0.940451 0.123505 0.118915
v -0.919064 0.167415 0.232517
v -0.934762 0.126316 0.193117
v -0.915729 0.199763 0.121817
v -0.931715 0.159978 0.081920
v 0.521216 0.401500 0.450939
v 0.649650 0.368496 0.401953
v 0.553792 0.421851 0.386072
v 0.618077 0.403747 0.361272
v 0.552288 0.367348 0.495463
v 0.618345 0.350327 0.470940
v 0.401813 0.374979 0.644090
v 0.451038 0.311681 0.723707
v 0.361372 0.371995 0.697163
v 0.386163 0.338628 0.738091
v 0.470863 0.346339 0.629361
v 0.495639 0.318578 0.668421
v 0.520803 0.401572 -0.450964
v 0.649565 0.368050 -0.401927
v 0.553555 0.422342 -0.386010
v 0.618275 0.405753 -0.361263
v 0.552125 0.367364 -0.495474
v 0.618135 0.351625 -0.470911
v 0.401848 0.376416 -0.644360
v 0.450928 0.310574 -0.723576
v 0.361426 0.375381 -0.697698
v 0.386043 0.339994 -0.737965
v 0.470754 0.347382 -0.627921
v 0.495691 0.316851 -0.668982
v 0.848658 0.304079 -0.079586
v 0.848082 0.303967 0.079599
v 0.816909 0.336856 -0.039936
v 0.817088 0.337494 0.040032
v 0.880250 0.271465 -0.040536
v 0.879346 0.270507 0.039844
v 0.724867 0.277646 -0.521933
v 0.645407 0.249583 -0.650628
v 0.736901 0.240781 -0.553441
v 0.697131 0.226187 -0.618278
v 0.668344 0.295003 -0.552585
v 0.628271 0.281240 -0.617811
v 0.908694 0.206000 -0.200021
v 0.937266 0.123730 -0.119301
v 0.917031 0.168221 -0.232518
v 0.933349 0.127174 -0.193958
v 0.912731 0.200313 -0.122016
v 0.928677 0.160683 -0.082989
v 0.724289 0.278494 0.521532
v 0.645175 0.248864 0.650446
v 0.737133 0.240116 0.553589
v 0.697114 0.225928 0.618188
v 0.668650 0.295950 0.552705
v 0.628391 0.281611 0.617948
v 0.908431 0.206431 0.199358
v 0.938869 0.124307 0.124644
v 0.916102 0.168294 0.231195
v 0.933514 0.127816 0.192717
v 0.913126 0.198736 0.124689
v 0.926483 0.159759 0.082954
v -0.120237 -0.508458 0.199247
v -0.198709 -0.500431 0.327851
v -0.192982 -0.533353 0.198711
v -0.233351 -0.527675 0.263298
v -0.082400 -0.485850 0.266236
v -0.122029 -0.483522 0.331105
v -0.120690 -0.508415 -0.199154
v -0.199545 -0.493677 -0.327782
v -0.192328 -0.532221 -0.198645
v -0.233352 -0.526090 -0.263689
v -0.081555 -0.487512 -0.265935
v -0.122175 -0.479233 -0.331029
v 0.119461 -0.511272 0.199081
v 0.198596 -0.497478 0.327840
v 0.192371 -0.533478 0.198633
v 0.233336 -0.527079 0.263540
v 0.082188 -0.487426 0.266079
v 0.121971 -0.483623 0.331176
v 0.119504 -0.509118 -0.199183
v 0.198935 -0.498201 -0.327750
v 0.193008 -0.533081 -0.198622
v 0.232659 -0.525528 -0.263341
v 0.082643 -0.480605 -0.266158
v 0.122052 -0.480910 -0.330876
v -0.520880 -0.400713 0.450953
v -0.649660 -0.368784 0.401751
v -0.553427 -0.421379 0.385974
v -0.618204 -0.404387 0.361324
v -0.552819 -0.365411 0.495592
v -0.617590 -0.351845 0.470662
v -0.079602 -0.486117 0.521775
v 0.079574 -0.484806 0.521703
v -0.039972 -0.481795 0.574572
v 0.039947 -0.479961 0.574356
v -0.040251 -0.477639 0.463602
v 0.040212 -0.475488 0.463884
v -0.401840 -0.377584 0.644102
v -0.451008 -0.309937 0.723700
v -0.361405 -0.376278 0.698490
v -0.386122 -0.338368 0.738181
v -0.470719 -0.347922 0.628052
v -0.495635 -0.315738 0.668855
v -0.521399 -0.400430 -0.450891
v -0.649315 -0.368881 -0.401900
v -0.553930 -0.422203 -0.386110
v -0.618200 -0.404057 -0.361376
v -0.552982 -0.367444 -0.495522
v -0.617732 -0.352447 -0.470747
v -0.079544 -0.484511 -0.521726
v 0.079438 -0.483964 -0.521876
v -0.039989 -0.480429 -0.574544
v 0.039935 -0.480328 -0.574428
v -0.040277 -0.475928 -0.463632
v 0.040178 -0.475305 -0.463699
v -0.401736 -0.377661 -0.644035
v -0.450892 -0.311207 -0.724094
v -0.361385 -0.375138 -0.697791
v -0.386319 -0.341030 -0.738940
v -0.470800 -0.348036 -0.628613
v -0.495703 -0.318006 -0.668905
v -0.848564 -0.302336 -0.079636
v -0.848720 -0.303204 0.079669
v -0.817431 -0.336103 -0.039937
v -0.816740 -0.336474 0.039971
v -0.881136 -0.270000 -0.040376
v -0.880957 -0.269291 0.040275
v -0.724000 -0.277444 -0.521326
v -0.645232 -0.248837 -0.650564
v -0.737264 -0.240891 -0.553704
v -0.696920 -0.225897 -0.618143
v -0.668958 -0.295895 -0.552948
v -0.628329 -0.281450 -0.617958
v -0.911035 -0.205420 -0.199188
v -0.942045 -0.124217 -0.120210
v -0.917912 -0.167377 -0.231162
v -0.935419 -0.126953 -0.191813
v -0.916917 -0.200636 -0.122241
v -0.932237 -0.160755 -0.082608
v -0.724747 -0.278841 0.521815
v -0.644620 -0.249315 0.650198
v -0.736705 -0.240907 0.553274
v -0.697016 -0.226584 0.618075
v -0.668420 -0.295677 0.552641
v -0.628475 -0.281746 0.618060
v -0.910586 -0.204484 0.199639
v -0.940257 -0.123301 0.118916
v -0.919533 -0.167793 0.232836
v -0.934651 -0.126153 0.193076
v -0.915757 -0.199799 0.121744
v -0.931931 -0.160304 0.082009
v 0.520769 -0.401418 0.451006
v 0.650242 -0.367873 0.401898
v 0.553480 -0.422082 0.386000
v 0.618274 -0.403889 0.361347
v 0.552957 -0.366036 0.495629
v 0.618011 -0.351520 0.470830
v 0.401824 -0.376920 0.644465
v 0.451059 -0.311341 0.723751
v 0.361305 -0.372188 0.696961
v 0.386168 -0.339238 0.738086
v 0.470817 -0.348453 0.628789
v 0.495644 -0.317784 0.668441
v 0.520829 -0.400997 -0.450956
v 0.649540 -0.368454 -0.401950
v 0.553518 -0.422299 -0.385919
v 0.618276 -0.404447 -0.361226
v 0.552984 -0.367081 -0.495633
v 0.617567 -0.352359 -0.470770
v 0.401804 -0.378439 -0.645293
v 0.450927 -0.310879 -0.723649
v 0.361365 -0.373139 -0.697783
v 0.386115 -0.340665 -0.738554
v 0.470727 -0.347663 -0.627787
v 0.495709 -0.315882 -0.669360
v 0.848515 -0.303827 -0.079564
v 0.848275 -0.303867 0.079556
v 0.816788 -0.337523 -0.039962
v 0.817161 -0.338198 0.040009
v 0.880181 -0.271026 -0.040526
v 0.878957 -0.270164 0.039867
v 0.725149 -0.278972 -0.522108
v 0.645693 -0.249832 -0.650734
v 0.736820 -0.240605 -0.553383
v 0.696892 -0.226471 -0.618050
v 0.668412 -0.294852 -0.552674
v 0.628234 -0.281632 -0.617798
v 0.908705 -0.205232 -0.200059
v 0.937128 -0.123536 -0.119292
v 0.917119 -0.168021 -0.232560
v 0.932738 -0.126581 -0.193611
v 0.912791 -0.201039 -0.121984
v 0.929100 -0.161077 -0.083207
v 0.724401 -0.278456 0.521591
v 0.645219 -0.248642 0.650404
v 0.736767 -0.240916 0.553303
v 0.697102 -0.226297 0.618144
v 0.669129 -0.296363 0.553046
v 0.628299 -0.280993 0.617902
v 0.908300 -0.206468 0.199304
v 0.938710 -0.123707 0.124784
v 0.916544 -0.168402 0.231216
v 0.933111 -0.127818 0.192646
v 0.913330 -0.198772 0.125035
v 0.926527 -0.160128 0.082959
v 0.199422 -0.072092 0.973697
v 0.327406 -0.120595 0.923336
v 0.198778 -0.120061 0.961137
v 0.263170 -0.143879 0.935315
v 0.266000 -0.044995 0.960385
v 0.330983 -0.069773 0.934147
v -0.198755 -0.072101 0.972604
v -0.327789 -0.120739 0.923556
v -0.198498 -0.120252 0.960156
v -0.263270 -0.144387 0.935848
v -0.266259 -0.038042 0.963141
v -0.331127 -0.068368 0.935440
v 0.199392 0.071963 0.973655
v 0.327703 0.120979 0.923121
v 0.198822 0.120414 0.961063
v 0.263205 0.144485 0.935318
v 0.265682 0.046022 0.959755
v 0.330706 0.071177 0.933800
v -0.198776 0.072718 0.972535
v -0.327892 0.120683 0.923073
v -0.198627 0.120470 0.960224
v -0.263390 0.145021 0.936398
v -0.265049 0.042905 0.955493
v -0.330832 0.068110 0.935458
v 0.534487 -0.022780 0.878919
v 0.521990 0.012302 0.824747
v 0.583448 -0.019489 0.821044
v 0.577908 0.021158 0.810265
v 0.471777 0.000594 1.006286
v 0.326484 -0.000239 0.747304
v -0.526790 -0.037761 0.851547
v -0.526746 0.039390 0.849638
v -0.597879 -0.001523 0.883380
v -0.570359 0.007352 0.837479
v -0.450220 0.001367 0.808735
v -0.501682 -0.001696 0.984012
v 0.198516 -0.071779 -0.972279
v 0.327829 -0.120236 -0.922971
v 0.198668 -0.120703 -0.960902
v 0.263318 -0.145058 -0.935920
v 0.264051 -0.036766 -0.957538
v 0.331637 -0.068894 -0.935433
v -0.198835 -0.064021 -0.971330
v -0.327496 -0.120568 -0.922341
v -0.198671 -0.119841 -0.960563
v -0.263153 -0.144952 -0.935327
v -0.270257 -0.040149 -0.960940
v -0.331430 -0.066957 -0.937244
v 0.198687 0.071319 -0.972813
v 0.327687 0.120104 -0.922541
v 0.198573 0.121025 -0.960778
v 0.263184 0.144583 -0.935627
v 0.265491 0.035206 -0.960761
v 0.331560 0.069502 -0.935584
v -0.199187 0.066141 -0.973009
v -0.327596 0.120545 -0.923617
v -0.198522 0.119349 -0.960243
v -0.263140 0.144747 -0.935336
v -0.269484 0.037084 -0.964650
v -0.331533 0.070270 -0.935038
v 0.519093 -0.045954 -0.843467
v 0.522422 0.042078 -0.852350
v 0.575789 -0.019830 -0.838674
v 0.574834 0.023524 -0.821646
v 0.448051 -0.016872 -0.860032
v 0.472525 0.002042 -0.906297
v -0.525704 -0.040404 -0.852470
v -0.520851 0.033378 -0.850646
v -0.568113 -0.018638 -0.819454
v -0.571888 0.006590 -0.848480
v -0.534626 0.004221 -0.975183
v -0.442649 0.006295 -0.852021
v -0.444920 0.523199 0.065490
v -0.444988 0.523143 -0.065525
v -0.381042 0.535057 0.066477
v -0.381016 0.536176 -0.066336
v -0.551634 0.491800 0.107271
v -0.421407 0.523724 0.131777
v -0.528660 0.491780 0.172545
v -0.551245 0.490928 -0.106706
v -0.421458 0.524214 -0.132081
v -0.528870 0.491506 -0.173162
v -0.617035 0.469308 -0.000018
v -0.594193 0.473234 -0.147890
v -0.660501 0.449155 -0.040276
v -0.594066 0.470990 0.147858
v -0.660668 0.448065 0.040358
v 0.444715 0.522954 0.065648
v 0.444945 0.522910 -0.065368
v 0.381074 0.536316 0.066445
v 0.381043 0.533936 -0.066355
v 0.551697 0.490133 0.107236
v 0.421246 0.523670 0.131643
v 0.528900 0.488729 0.172909
v 0.551567 0.490707 -0.106981
v 0.421195 0.521743 -0.131717
v 0.528920 0.491292 -0.172964
v 0.617066 0.467238 -0.000024
v 0.594073 0.468755 -0.147833
v 0.660677 0.446647 -0.040412
v 0.594629 0.470953 0.148162
v 0.660779 0.446244 0.040394
v -0.444712 -0.521922 0.065811
v -0.444953 -0.522213 -0.065557
v -0.380964 -0.535813 0.066353
v -0.381115 -0.534053 -0.066273
v -0.551864 -0.492047 0.107657
v -0.421411 -0.523793 0.131948
v -0.528724 -0.490081 0.172631
v -0.551779 -0.491085 -0.107460
v -0.421348 -0.521557 -0.131574
v -0.528739 -0.488500 -0.172468
v -0.617022 -0.469302 -0.000066
v -0.594008 -0.469054 -0.147817
v -0.660586 -0.448402 -0.040307
v -0.594148 -0.469757 0.147930
v -0.660514 -0.449570 0.040324
v 0.444854 -0.522709 0.065488
v 0.444756 -0.526311 -0.065281
v 0.381245 -0.534855 0.066354
v 0.380922 -0.539666 -0.066560
v 0.551186 -0.488339 0.106412
v 0.421400 -0.522817 0.131696
v 0.528621 -0.488698 0.172759
v 0.551252 -0.489951 -0.106651
v 0.421395 -0.524644 -0.131825
v 0.528759 -0.489421 -0.172774
v 0.617123 -0.468933 -0.000105
v 0.593869 -0.469564 -0.147739
v 0.660883 -0.448285 -0.040449
v 0.594413 -0.470479 0.148043
v 0.660905 -0.448758 0.040504
v -0.000113 -0.383428 0.785450
v -0.106264 -0.342285 0.826198
v -0.039848 -0.404273 0.747852
v -0.148185 -0.366562 0.789340
v 0.106743 -0.342078 0.826295
v 0.040132 -0.404655 0.748021
v 0.148126 -0.367312 0.789345
v 0.065567 -0.278771 0.891692
v -0.065642 -0.278803 0.891832
v 0.066571 -0.239986 0.921883
v -0.066576 -0.240016 0.921442
v 0.172419 -0.327856 0.829258
v 0.131452 -0.263457 0.895929
v -0.172849 -0.328279 0.829742
v -0.131616 -0.263882 0.896084
v 0.000204 0.384314 0.785467
v -0.106314 0.342179 0.826248
v -0.039864 0.404980 0.747809
v -0.147916 0.366620 0.789132
v 0.106423 0.341153 0.826226
v 0.040263 0.405957 0.748064
v 0.148335 0.367040 0.789660
v 0.065539 0.278812 0.891698
v -0.065626 0.278663 0.891764
v 0.066481 0.239142 0.921259
v -0.066522 0.239696 0.921269
v 0.172427 0.327618 0.829154
v 0.131689 0.263374 0.896264
v -0.173065 0.328817 0.829992
v -0.131715 0.263865 0.896097
v 0.000023 -0.384370 -0.785544
v -0.106524 -0.341773 -0.826139
v -0.040101 -0.405440 -0.747964
v -0.148734 -0.368070 -0.789902
v 0.106463 -0.342141 -0.826283
v 0.040350 -0.406070 -0.748323
v 0.148512 -0.367419 -0.789861
v 0.065632 -0.279265 -0.891709
v -0.065638 -0.278564 -0.891973
v 0.066460 -0.238955 -0.921151
v -0.066385 -0.239246 -0.920918
v 0.172632 -0.328192 -0.829448
v 0.131452 -0.263134 -0.895771
v -0.172865 -0.328212 -0.829511
v -0.131515 -0.262778 -0.895766
v -0.000141 0.384248 -0.785537
v -0.106177 0.341894 -0.826058
v -0.040094 0.406287 -0.748075
v -0.147629 0.366119 -0.789128
v 0.106679 0.342159 -0.826264
v 0.040132 0.405594 -0.748124
v 0.148056 0.366691 -0.789439
v 0.065715 0.278442 -0.891885
v -0.065690 0.278903 -0.892126
v 0.066425 0.239208 -0.921077
v -0.066412 0.239543 -0.920982
v 0.172714 0.329230 -0.829432
v 0.131556 0.264165 -0.895907
v -0.172812 0.328060 -0.829613
v -0.131546 0.263356 -0.895821
v 0.827222 0.065063 -0.551720
v 0.883708 0.032811 -0.441008
v 0.828966 0.109730 -0.528498
v 0.890950 0.084309 -0.422178
v 0.825745 -0.068204 -0.550922
v 0.882277 -0.032476 -0.440236
v 0.828988 -0.110454 -0.528526
v 0.891018 -0.084195 -0.422188
v 0.818179 0.001951 -0.617208
v 0.789111 -0.093243 -0.593543
v 0.803151 -0.000070 -0.646040
v 0.789011 0.093968 -0.594046
v 0.757339 0.014385 -0.653600
v 0.906722 0.041212 -0.379257
v 0.906713 -0.041254 -0.379126
v 0.829652 0.064499 0.553328
v 0.886582 0.032640 0.438846
v 0.829050 0.109558 0.528587
v 0.890478 0.084719 0.423571
v 0.826659 -0.066244 0.551531
v 0.882654 -0.030996 0.436856
v 0.829513 -0.110294 0.528768
v 0.890445 -0.084457 0.423525
v 0.799058 -0.001204 0.622693
v 0.788741 -0.094207 0.593808
v 0.741123 -0.018947 0.644098
v 0.788978 0.092648 0.593489
v 0.737047 0.021585 0.643333
v 0.903823 0.041961 0.380134
v 0.904033 -0.041590 0.380612
v -0.825922 0.066145 -0.550915
v -0.883134 0.024525 -0.448374
v -0.829929 0.111070 -0.528704
v -0.893491 0.082859 -0.422408
v -0.826136 -0.066476 -0.550860
v -0.885861 -0.023490 -0.450094
v -0.830026 -0.110419 -0.528812
v -0.893245 -0.082446 -0.422465
v -0.803729 -0.004649 -0.614708
v -0.789198 -0.093853 -0.593695
v -0.732770 -0.010706 -0.642922
v -0.789273 0.092225 -0.593252
v -0.772506 0.004812 -0.673502
v -0.902518 0.028468 -0.375889
v -0.903425 -0.029060 -0.376318
v -0.827208 0.066304 0.552158
v -0.885978 0.041946 0.442644
v -0.828343 0.109832 0.527969
v -0.890814 0.083577 0.420312
v -0.826603 -0.066863 0.551724
v -0.885737 -0.042347 0.442420
v -0.828147 -0.109760 0.527946
v -0.891188 -0.084457 0.420395
v -0.818348 0.000218 0.615175
v -0.788920 -0.092900 0.593875
v -0.779421 -0.015507 0.666790
v -0.789228 0.094853 0.594473
v -0.748228 0.006936 0.654540
v -0.897293 0.021008 0.384113
v -0.898711 -0.023202 0.384925
v -0.110218 0.548531 0.066694
v -0.110226 0.547937 -0.066710
v -0.179397 0.557406 0.066684
v -0.179209 0.558883 -0.066594
v 0.110306 0.549035 0.066706
v 0.110077 0.548373 -0.066655
v 0.179272 0.559730 0.066568
v 0.179030 0.561539 -0.066615
v -0.000042 0.511688 0.133384
v -0.152102 0.541711 0.132977
v -0.041123 0.496188 0.199946
v 0.000117 0.508847 -0.133530
v -0.151296 0.540408 -0.133014
v -0.040723 0.497525 -0.199877
v 0.151470 0.541320 0.132968
v 0.040544 0.498534 0.199817
v 0.152355 0.542536 -0.133098
v 0.040660 0.497549 -0.199903
v -0.308239 0.503979 0.386231
v -0.414924 0.455115 0.426553
v -0.338921 0.516649 0.324751
v -0.446775 0.475904 0.366251
v -0.197140 0.478268 0.564643
v -0.305374 0.438394 0.606314
v -0.159160 0.461355 0.614676
v -0.267086 0.424198 0.655977
v -0.197789 0.481170 0.453336
v -0.270882 0.516538 0.326151
v -0.161454 0.477010 0.394277
v -0.414300 0.404461 0.536933
v -0.485861 0.438230 0.408076
v -0.483886 0.385799 0.517472
v -0.119315 0.480700 0.571018
v -0.120034 0.477004 0.460194
v -0.334572 0.407216 0.653999
v -0.443582 0.377005 0.583869
v -0.307433 0.499721 -0.385676
v -0.415146 0.453510 -0.426491
v -0.338996 0.516156 -0.324772
v -0.446928 0.475552 -0.365882
v -0.197911 0.479173 -0.564903
v -0.305282 0.436570 -0.605614
v -0.159093 0.460665 -0.614588
v -0.266915 0.424281 -0.655974
v -0.197614 0.481643 -0.453415
v -0.271917 0.520710 -0.326166
v -0.161763 0.477859 -0.394392
v -0.413827 0.404131 -0.536333
v -0.485819 0.437504 -0.408314
v -0.483946 0.383196 -0.517509
v -0.119429 0.482375 -0.571384
v -0.120055 0.477392 -0.459706
v -0.334671 0.409895 -0.654059
v -0.443435 0.376261 -0.583595
v -0.733957 0.363187 -0.304713
v -0.800866 0.335975 -0.197022
v -0.705391 0.398545 -0.267423
v -0.771347 0.369563 -0.159475
v -0.802696 0.268582 -0.415387
v -0.868581 0.245457 -0.307483
v -0.815243 0.230387 -0.446505
v -0.879929 0.207627 -0.338876
v -0.734343 0.321829 -0.413986
v -0.678510 0.385793 -0.334330
v -0.678303 0.337598 -0.443508
v -0.867487 0.272673 -0.198025
v -0.812156 0.336795 -0.119444
v -0.878295 0.270593 -0.120220
v -0.772357 0.254968 -0.485695
v -0.704659 0.309381 -0.484662
v -0.897795 0.207466 -0.270316
v -0.897424 0.238654 -0.160868
v -0.735023 0.365254 0.305357
v -0.800747 0.335984 0.196937
v -0.704877 0.395590 0.267273
v -0.771404 0.369572 0.159462
v -0.802291 0.268120 0.415371
v -0.868963 0.244265 0.307405
v -0.815740 0.230428 0.446767
v -0.881278 0.206747 0.339080
v -0.734049 0.322060 0.413817
v -0.679232 0.386833 0.334597
v -0.678458 0.338495 0.443450
v -0.868840 0.272424 0.198376
v -0.812094 0.336565 0.119443
v -0.877146 0.271297 0.120143
v -0.772511 0.256518 0.485913
v -0.704431 0.309846 0.484533
v -0.898546 0.207713 0.270463
v -0.896093 0.238616 0.160846
v 0.308119 0.500500 0.386183
v 0.415130 0.452383 0.426469
v 0.338911 0.515063 0.325045
v 0.446854 0.473479 0.366488
v 0.197571 0.479421 0.564580
v 0.305911 0.439247 0.606520
v 0.159233 0.460765 0.614510
v 0.266999 0.424407 0.656027
v 0.197854 0.480744 0.453390
v 0.270979 0.515840 0.326098
v 0.160954 0.477987 0.394200
v 0.119308 0.484755 0.571753
v 0.120099 0.473826 0.460771
v 0.414107 0.404623 0.536582
v 0.485623 0.438212 0.408165
v 0.484270 0.384299 0.517527
v 0.334626 0.407140 0.653874
v 0.443537 0.376163 0.583713
v 0.308370 0.505584 -0.386789
v 0.415135 0.454835 -0.426467
v 0.338952 0.517351 -0.324892
v 0.447157 0.474724 -0.366632
v 0.197379 0.478835 -0.564690
v 0.304860 0.433736 -0.605387
v 0.159128 0.460940 -0.614480
v 0.267195 0.425076 -0.655887
v 0.197891 0.482785 -0.453443
v 0.271455 0.519587 -0.326026
v 0.161901 0.476594 -0.394803
v 0.119366 0.483454 -0.571502
v 0.120128 0.477905 -0.459731
v 0.414046 0.402885 -0.536453
v 0.485581 0.438889 -0.408213
v 0.485003 0.381320 -0.517788
v 0.334386 0.406898 -0.653716
v 0.443737 0.374750 -0.584086
v 0.734302 0.364785 -0.304976
v 0.801255 0.337131 -0.197177
v 0.705380 0.398535 -0.267400
v 0.771772 0.369050 -0.159636
v 0.801785 0.266705 -0.415042
v 0.868175 0.245791 -0.307529
v 0.816028 0.230128 -0.446831
v 0.879380 0.207268 -0.339014
v 0.734434 0.322443 -0.413873
v 0.678898 0.385302 -0.334416
v 0.678469 0.336630 -0.443518
v 0.867877 0.273797 -0.198287
v 0.811490 0.336550 -0.119328
v 0.876501 0.271615 -0.120035
v 0.772155 0.254655 -0.485675
v 0.703876 0.308721 -0.484303
v 0.897193 0.208981 -0.270412
v 0.894078 0.239074 -0.160681
v 0.734689 0.365645 0.304991
v 0.800817 0.337151 0.197042
v 0.705325 0.397854 0.267409
v 0.771865 0.370911 0.159604
v 0.803008 0.269521 0.415414
v 0.868144 0.245847 0.307352
v 0.815121 0.230986 0.446465
v 0.878648 0.207778 0.338535
v 0.734091 0.320884 0.413927
v 0.678592 0.385180 0.334411
v 0.678522 0.337103 0.443559
v 0.867522 0.274209 0.198234
v 0.811311 0.336938 0.119363
v 0.875341 0.271368 0.120501
v 0.772457 0.255715 0.485720
v 0.704072 0.309718 0.484394
v 0.895121 0.208364 0.269507
v 0.895158 0.239318 0.161863
v -0.110375 -0.552794 0.066706
v -0.110391 -0.547920 -0.066735
v -0.179370 -0.556792 0.066592
v -0.179582 -0.559180 -0.066569
v 0.110292 -0.550599 0.066662
v 0.110064 -0.548938 -0.066678
v 0.179450 -0.558520 0.066542
v 0.179532 -0.558254 -0.066566
v -0.000009 -0.511618 0.133391
v -0.152098 -0.545201 0.132902
v -0.040710 -0.498607 0.199891
v 0.000129 -0.508408 -0.133562
v -0.151764 -0.542951 -0.133072
v -0.040627 -0.497816 -0.199878
v 0.151569 -0.541756 0.132934
v 0.040823 -0.498809 0.199832
v 0.151083 -0.539403 -0.133051
v 0.040686 -0.497232 -0.199886
v -0.308043 -0.504987 0.386425
v -0.415034 -0.456185 0.426476
v -0.338960 -0.515806 0.324266
v -0.446778 -0.476732 0.366225
v -0.197520 -0.480403 0.564878
v -0.305625 -0.439276 0.606838
v -0.158763 -0.460429 0.614605
v -0.267027 -0.423744 0.655962
v -0.197706 -0.483700 0.453247
v -0.271612 -0.517944 0.326107
v -0.160758 -0.483700 0.394060
v -0.413924 -0.405752 0.536506
v -0.486056 -0.439641 0.408108
v -0.484437 -0.384358 0.517725
v -0.119413 -0.483536 0.571398
v -0.120115 -0.479461 0.459955
v -0.334569 -0.407525 0.654057
v -0.443477 -0.378033 0.583599
v -0.307587 -0.500528 -0.385899
v -0.415233 -0.453424 -0.426610
v -0.338977 -0.516137 -0.324852
v -0.446659 -0.476040 -0.365552
v -0.197267 -0.477189 -0.564085
v -0.305211 -0.435750 -0.605304
v -0.159021 -0.460108 -0.614553
v -0.266960 -0.423920 -0.656066
v -0.197606 -0.480241 -0.453491
v -0.271751 -0.517792 -0.326044
v -0.160894 -0.477622 -0.394125
v -0.414054 -0.404483 -0.536674
v -0.485517 -0.438845 -0.408171
v -0.484437 -0.381516 -0.517550
v -0.119506 -0.483488 -0.571709
v -0.120097 -0.476214 -0.460603
v -0.334743 -0.410267 -0.654630
v -0.443379 -0.377426 -0.583625
v -0.733911 -0.363856 -0.304687
v -0.801088 -0.336006 -0.197095
v -0.705086 -0.398540 -0.267206
v -0.771704 -0.369172 -0.159686
v -0.802309 -0.267940 -0.415252
v -0.868538 -0.244674 -0.307506
v -0.816196 -0.230336 -0.446724
v -0.879269 -0.206719 -0.338832
v -0.734048 -0.321630 -0.413814
v -0.678610 -0.386746 -0.334361
v -0.678709 -0.336986 -0.443613
v -0.867454 -0.272614 -0.198006
v -0.812074 -0.336285 -0.119430
v -0.877936 -0.269601 -0.120198
v -0.772327 -0.255510 -0.485662
v -0.704061 -0.308279 -0.484344
v -0.897857 -0.207657 -0.270319
v -0.897953 -0.239345 -0.161028
v -0.734246 -0.364621 0.305065
v -0.800921 -0.336904 0.196983
v -0.705807 -0.398219 0.267791
v -0.771792 -0.369436 0.159639
v -0.801848 -0.267450 0.415092
v -0.869272 -0.245404 0.307492
v -0.815823 -0.230179 0.446807
v -0.881840 -0.207438 0.339182
v -0.733915 -0.320840 0.413824
v -0.679915 -0.387780 0.334619
v -0.678796 -0.336060 0.443566
v -0.867961 -0.272356 0.198219
v -0.812720 -0.337792 0.119475
v -0.877178 -0.270711 0.120182
v -0.772110 -0.255638 0.485673
v -0.704174 -0.308309 0.484438
v -0.898414 -0.207583 0.270471
v -0.896245 -0.237624 0.160888
v 0.307891 -0.500047 0.385986
v 0.415610 -0.453992 0.426742
v 0.338967 -0.515727 0.324783
v 0.447096 -0.477609 0.366867
v 0.197211 -0.476569 0.564508
v 0.305270 -0.438266 0.605708
v 0.159266 -0.462272 0.614597
v 0.267138 -0.425729 0.656021
v 0.198000 -0.480308 0.453416
v 0.271177 -0.515889 0.326069
v 0.161584 -0.472730 0.394353
v 0.119359 -0.484077 0.571459
v 0.119970 -0.477373 0.459773
v 0.414351 -0.403703 0.536945
v 0.485615 -0.439436 0.408131
v 0.484520 -0.383628 0.517662
v 0.334712 -0.408802 0.654497
v 0.443414 -0.378362 0.583500
v 0.308191 -0.504280 -0.386472
v 0.415068 -0.453921 -0.426631
v 0.338960 -0.516064 -0.324254
v 0.447341 -0.477281 -0.367518
v 0.197522 -0.478410 -0.564876
v 0.305010 -0.435475 -0.605345
v 0.159153 -0.461378 -0.614670
v 0.267053 -0.423774 -0.655965
v 0.197934 -0.481980 -0.453460
v 0.270924 -0.517346 -0.326173
v 0.160914 -0.480179 -0.394125
v 0.119345 -0.481577 -0.571285
v 0.120093 -0.475959 -0.460168
v 0.414155 -0.404025 -0.536560
v 0.485360 -0.438390 -0.408092
v 0.483991 -0.384513 -0.517451
v 0.334506 -0.405044 -0.653244
v 0.443811 -0.375468 -0.584476
v 0.735125 -0.365041 -0.305242
v 0.801109 -0.336420 -0.197180
v 0.704765 -0.396447 -0.267122
v 0.771369 -0.370113 -0.159474
v 0.801982 -0.267377 -0.415131
v 0.868410 -0.245617 -0.307578
v 0.816124 -0.230207 -0.446870
v 0.880069 -0.207875 -0.339082
v 0.733998 -0.321863 -0.413723
v 0.679391 -0.386637 -0.334507
v 0.678863 -0.337080 -0.443584
v 0.867925 -0.273093 -0.198316
v 0.811606 -0.336259 -0.119331
v 0.876860 -0.271149 -0.119980
v 0.772027 -0.255246 -0.485578
v 0.704215 -0.309328 -0.484486
v 0.896549 -0.208062 -0.270204
v 0.894221 -0.239483 -0.160744
v 0.734128 -0.363676 0.304883
v 0.800857 -0.336330 0.197037
v 0.705483 -0.398237 0.267524
v 0.772380 -0.370118 0.159820
v 0.802542 -0.268123 0.415335
v 0.867939 -0.245654 0.307311
v 0.814829 -0.229231 0.446402
v 0.878712 -0.207427 0.338511
v 0.734270 -0.321396 0.413974
v 0.678831 -0.386636 0.334460
v 0.678467 -0.337242 0.443548
v 0.867246 -0.275165 0.198274
v 0.811429 -0.336503 0.119327
v 0.875567 -0.271637 0.120527
v 0.772893 -0.255582 0.485989
v 0.704092 -0.307793 0.484389
v 0.895205 -0.208419 0.269517
v 0.894884 -0.239465 0.161762
v 0.066316 -0.069376 0.990255
v -0.066531 -0.062915 0.989575
v 0.066513 -0.114788 0.981632
v -0.066351 -0.113894 0.979235
v 0.066414 0.069482 0.990161
v -0.066384 0.064885 0.990161
v 0.066540 0.114864 0.981603
v -0.066441 0.114075 0.979260
v 0.116796 0.000649 0.909072
v 0.132936 -0.094867 0.979111
v 0.200486 -0.017317 0.977069
v -0.165530 0.000527 0.968568
v -0.132708 -0.094168 0.976927
v -0.201507 -0.019631 0.974417
v 0.132942 0.094508 0.978736
v 0.200282 0.017541 0.977922
v -0.132791 0.094299 0.977057
v -0.199219 0.020460 0.973027
v 0.426744 -0.257956 0.802703
v 0.385479 -0.190362 0.868636
v 0.365679 -0.280195 0.815632
v 0.324652 -0.212925 0.882464
v 0.605413 -0.193992 0.734172
v 0.563841 -0.125237 0.800377
v 0.656094 -0.170736 0.704494
v 0.613696 -0.100363 0.769097
v 0.536472 -0.251608 0.734437
v 0.408449 -0.301140 0.773317
v 0.517762 -0.284966 0.703823
v 0.653140 -0.211986 0.678957
v 0.583649 -0.266319 0.678532
v 0.453015 -0.117153 0.866113
v 0.325810 -0.167904 0.904829
v 0.394498 -0.093388 0.904099
v 0.570192 -0.071762 0.812514
v 0.463671 -0.060828 0.883274
v -0.427007 -0.259008 0.802974
v -0.385024 -0.190247 0.868037
v -0.365727 -0.280635 0.815640
v -0.325011 -0.212830 0.882586
v -0.605449 -0.193975 0.734224
v -0.563318 -0.123793 0.800107
v -0.656363 -0.170750 0.705010
v -0.614058 -0.099497 0.770204
v -0.536211 -0.251214 0.734158
v -0.408250 -0.300352 0.772688
v -0.517833 -0.285187 0.704189
v -0.652497 -0.211412 0.678346
v -0.583692 -0.266589 0.678601
v -0.453217 -0.118634 0.866603
v -0.325901 -0.167771 0.905194
v -0.394331 -0.093761 0.903803
v -0.570884 -0.069333 0.813845
v -0.461856 -0.066134 0.879640
v 0.426712 0.257356 0.802418
v 0.385506 0.190105 0.868789
v 0.365320 0.279350 0.815338
v 0.324507 0.213058 0.882293
v 0.605383 0.193662 0.734071
v 0.563644 0.125009 0.800698
v 0.656060 0.170586 0.704586
v 0.614195 0.099546 0.770450
v 0.536292 0.250758 0.734423
v 0.408398 0.301081 0.773272
v 0.517847 0.285112 0.704113
v 0.652980 0.211203 0.678748
v 0.583710 0.266215 0.678567
v 0.453514 0.117260 0.867052
v 0.325826 0.167538 0.905126
v 0.395385 0.094844 0.906793
v 0.570026 0.074359 0.811114
v 0.460083 0.059450 0.878036
v -0.426644 0.257218 0.802062
v -0.385084 0.190239 0.868117
v -0.365669 0.280106 0.815587
v -0.324553 0.212627 0.882149
v -0.605313 0.192781 0.734228
v -0.564047 0.124751 0.800404
v -0.656346 0.170089 0.705035
v -0.614676 0.101313 0.770195
v -0.536137 0.251763 0.734079
v -0.408221 0.300524 0.772461
v -0.517851 0.285464 0.703955
v -0.652304 0.210872 0.678256
v -0.583826 0.267067 0.678702
v -0.452932 0.117094 0.866273
v -0.325972 0.167891 0.904950
v -0.394106 0.092054 0.903639
v -0.569341 0.072797 0.810111
v -0.462836 0.061297 0.886450
v 0.066719 -0.064084 -0.991814
v -0.067023 -0.069918 -0.991679
v 0.066627 -0.113788 -0.979549
v -0.066714 -0.114262 -0.980595
v 0.067014 0.064214 -0.991429
v -0.066881 0.069913 -0.991852
v 0.066579 0.113575 -0.979486
v -0.066605 0.114284 -0.980250
v 0.156664 -0.000587 -0.975666
v 0.133023 -0.094937 -0.979469
v 0.193826 -0.017054 -0.973364
v -0.093737 -0.000108 -0.963148
v -0.133324 -0.094264 -0.979249
v -0.197722 0.000170 -0.830554
v 0.132876 0.095151 -0.979534
v 0.195903 0.015312 -0.976491
v -0.133053 0.094221 -0.978907
v -0.207898 -0.000567 -0.887417
v 0.426690 -0.258725 -0.802487
v 0.385535 -0.190059 -0.868771
v 0.365482 -0.279948 -0.815270
v 0.324918 -0.212293 -0.882719
v 0.605339 -0.193744 -0.734247
v 0.563012 -0.123540 -0.799289
v 0.656101 -0.170718 -0.705004
v 0.614216 -0.097246 -0.769902
v 0.536149 -0.251833 -0.733948
v 0.408282 -0.301608 -0.772833
v 0.517764 -0.285651 -0.703917
v 0.652801 -0.211806 -0.678626
v 0.583882 -0.267091 -0.678687
v 0.453591 -0.119152 -0.867278
v 0.326142 -0.167777 -0.905791
v 0.393839 -0.094297 -0.902822
v 0.570031 -0.072353 -0.812742
v 0.459794 -0.069362 -0.877127
v -0.426583 -0.257982 -0.802263
v -0.385497 -0.190487 -0.868780
v -0.365644 -0.280197 -0.815460
v -0.324920 -0.213112 -0.882818
v -0.605608 -0.193562 -0.734445
v -0.563912 -0.124487 -0.800307
v -0.655724 -0.169785 -0.703781
v -0.614558 -0.100066 -0.770314
v -0.536243 -0.251358 -0.733957
v -0.408223 -0.301481 -0.773086
v -0.517897 -0.285551 -0.704190
v -0.653228 -0.210696 -0.679049
v -0.583715 -0.265909 -0.678628
v -0.453236 -0.116882 -0.866618
v -0.325967 -0.168386 -0.904866
v -0.393780 -0.091427 -0.903552
v -0.570115 -0.073310 -0.810542
v -0.463516 -0.061866 -0.882703
v 0.426763 0.257387 -0.802175
v 0.385576 0.189629 -0.868765
v 0.366030 0.281012 -0.815770
v 0.324940 0.211969 -0.882819
v 0.605286 0.192893 -0.734129
v 0.563496 0.124067 -0.799349
v 0.655951 0.169943 -0.704414
v 0.614233 0.100321 -0.769201
v 0.536125 0.250921 -0.734017
v 0.408261 0.301648 -0.772875
v 0.517684 0.285353 -0.703699
v 0.652619 0.210755 -0.678495
v 0.583955 0.267049 -0.678758
v 0.453078 0.117515 -0.866580
v 0.326098 0.167733 -0.905482
v 0.393787 0.092601 -0.903123
v 0.570015 0.073924 -0.810731
v 0.461274 0.065195 -0.882628
v -0.426469 0.258080 -0.802088
v -0.385450 0.190104 -0.868704
v -0.365603 0.280269 -0.815353
v -0.325074 0.212840 -0.882968
v -0.605485 0.193534 -0.734296
v -0.563824 0.123956 -0.800418
v -0.655759 0.170491 -0.704204
v -0.614274 0.100952 -0.771155
v -0.536233 0.251439 -0.733911
v -0.408126 0.300445 -0.772776
v -0.517766 0.286083 -0.703902
v -0.652938 0.211769 -0.678811
v -0.583820 0.266036 -0.678679
v -0.453796 0.118233 -0.867666
v -0.325946 0.167476 -0.904901
v -0.394199 0.094995 -0.904079
v -0.571213 0.068991 -0.814201
v -0.459963 0.066925 -0.877851
v 0.924804 0.028101 -0.112790
v 0.926170 -0.028790 -0.113209
v 0.944514 0.042207 -0.181369
v 0.942685 -0.041726 -0.181744
v 0.951050 0.042692 0.115052
v 0.949885 -0.042174 0.115058
v 0.940191 0.041407 0.178358
v 0.941084 -0.041354 0.178542
v 0.943434 0.079380 -0.002078
v 0.942668 0.083870 -0.151649
v 0.939137 0.120925 -0.042633
v 0.944980 0.085450 0.154239
v 0.936860 0.120497 0.040274
v 0.943474 -0.079409 -0.002086
v 0.942093 -0.083377 -0.151531
v 0.938906 -0.120914 -0.042475
v 0.944674 -0.085144 0.154224
v 0.936819 -0.120586 0.040310
v -0.947930 0.040040 -0.110295
v -0.947665 -0.039827 -0.110321
v -0.943657 0.040133 -0.177688
v -0.943363 -0.039895 -0.177880
v -0.951644 0.042227 0.108188
v -0.951456 -0.042068 0.108055
v -0.944166 0.042447 0.180866
v -0.943799 -0.042440 0.180637
v -0.949221 0.080557 -0.000010
v -0.946896 0.084088 -0.151487
v -0.942480 0.120311 -0.041174
v -0.945734 0.084444 0.151372
v -0.942902 0.120783 0.040944
v -0.949391 -0.080697 0.000005
v -0.947117 -0.084308 -0.151559
v -0.942750 -0.120914 -0.041143
v -0.945226 -0.084043 0.151312
v -0.942909 -0.120852 0.040970
v -0.288645 0.540446 0.132633
v -0.329234 0.530658 0.198212
v -0.288979 0.536696 -0.132740
v -0.329365 0.530261 -0.198256
v -0.261458 0.538824 0.198494
v -0.261424 0.536152 -0.198385
v -0.544062 0.464905 0.280230
v -0.610496 0.447324 0.255646
v -0.584390 0.441284 0.321771
v -0.543904 0.462512 -0.280097
v -0.610149 0.446400 -0.255301
v -0.583675 0.437923 -0.321593
v -0.742690 0.398972 -0.040451
v -0.743703 0.400407 0.040747
v -0.781873 0.369256 0.000107
v 0.288776 0.538830 0.132638
v 0.329396 0.530297 0.198410
v 0.288800 0.539055 -0.132700
v 0.329369 0.531325 -0.198363
v 0.261528 0.536169 0.198438
v 0.261562 0.536653 -0.198493
v 0.544190 0.464879 0.280367
v 0.610050 0.446523 0.255295
v 0.583072 0.437213 0.321240
v 0.544156 0.466220 -0.280257
v 0.609684 0.445672 -0.255297
v 0.584225 0.442439 -0.321636
v 0.742566 0.398421 -0.040551
v 0.742385 0.398618 0.040515
v 0.783468 0.371560 -0.000015
v -0.288807 -0.537039 0.132662
v -0.329422 -0.528850 0.198234
v -0.288648 -0.539511 -0.132620
v -0.329583 -0.530029 -0.198418
v -0.261441 -0.535655 0.198478
v -0.261461 -0.537797 -0.198436
v -0.544032 -0.464130 0.280218
v -0.609786 -0.446094 0.255308
v -0.583634 -0.439687 0.321461
v -0.543807 -0.464641 -0.280047
v -0.610131 -0.445825 -0.255308
v -0.583350 -0.438904 -0.321371
v -0.742721 -0.399445 -0.040471
v -0.742908 -0.399889 0.040559
v -0.781905 -0.369397 0.000100
v 0.288782 -0.537518 0.132701
v 0.329297 -0.526494 0.198161
v 0.288652 -0.540860 -0.132642
v 0.329735 -0.528328 -0.198604
v 0.261642 -0.536224 0.198578
v 0.261524 -0.539204 -0.198461
v 0.544304 -0.465818 0.280487
v 0.609846 -0.445606 0.255185
v 0.583444 -0.439142 0.321332
v 0.544388 -0.464760 -0.280435
v 0.610037 -0.445970 -0.255433
v 0.583119 -0.438821 -0.321179
v 0.742610 -0.399551 -0.040621
v 0.742481 -0.400176 0.040621
v 0.782400 -0.370714 -0.000001
v -0.040800 -0.446497 0.666433
v 0.040616 -0.445905 0.666186
v -0.255586 -0.370607 0.748664
v -0.280748 -0.335519 0.789229
v 0.000005 -0.462394 0.621579
v -0.321587 -0.358079 0.745113
v 0.255619 -0.372465 0.748642
v 0.280686 -0.335983 0.789140
v 0.321248 -0.357221 0.744689
v 0.132755 -0.182162 0.946787
v 0.198586 -0.206143 0.921692
v -0.132760 -0.181507 0.946527
v -0.198482 -0.206273 0.921565
v 0.198769 -0.164640 0.943919
v -0.198681 -0.164115 0.943735
v -0.040690 0.446713 0.666409
v 0.040647 0.446819 0.666151
v -0.255570 0.370780 0.748550
v -0.280655 0.335245 0.789042
v 0.000019 0.463050 0.621869
v -0.321435 0.357628 0.744837
v 0.255500 0.372680 0.748322
v 0.280618 0.336117 0.788974
v 0.321320 0.357989 0.744979
v 0.132763 0.181923 0.946787
v 0.198576 0.206832 0.921770
v -0.132752 0.181701 0.946433
v -0.198518 0.206268 0.921615
v 0.198718 0.164696 0.943674
v -0.198692 0.164698 0.943686
v -0.040719 -0.444633 -0.666372
v 0.040636 -0.443995 -0.666092
v -0.255411 -0.370579 -0.748423
v -0.280625 -0.335074 -0.789085
v 0.000021 -0.461478 -0.622491
v -0.321254 -0.355370 -0.744598
v 0.255557 -0.372268 -0.748429
v 0.280625 -0.336291 -0.788933
v 0.321251 -0.357391 -0.744504
v 0.132834 -0.182039 -0.947285
v 0.198711 -0.206925 -0.922446
v -0.132798 -0.181630 -0.947724
v -0.198798 -0.206293 -0.922146
v 0.198581 -0.164794 -0.943314
v -0.198787 -0.164551 -0.943935
v -0.040597 0.446687 -0.666420
v 0.040656 0.445641 -0.666195
v -0.255668 0.370824 -0.748718
v -0.280587 0.335954 -0.788966
v 0.000062 0.460777 -0.622214
v -0.321398 0.357770 -0.744927
v 0.255591 0.371910 -0.748485
v 0.280604 0.335975 -0.788978
v 0.321521 0.358445 -0.745013
v 0.132850 0.181549 -0.947415
v 0.198700 0.205961 -0.922496
v -0.132782 0.181293 -0.947760
v -0.198842 0.206558 -0.922259
v 0.198572 0.164247 -0.943338
v -0.198758 0.164512 -0.943920
v 0.789418 0.176627 -0.544641
v 0.748822 0.161102 -0.610505
v 0.908276 0.126844 -0.330168
v 0.922902 0.084355 -0.288780
v 0.744950 0.200796 -0.583053
v 0.921356 0.126893 -0.261356
v 0.789567 -0.176773 -0.544748
v 0.748700 -0.161191 -0.610359
v 0.908408 -0.126816 -0.330232
v 0.923007 -0.084471 -0.288833
v 0.744888 -0.200848 -0.582993
v 0.921097 -0.126787 -0.261313
v 0.852947 -0.000016 -0.988079
v 0.655421 0.015940 -0.746678
v 0.632350 0.003131 -0.809138
v 0.789459 0.177372 0.544791
v 0.748406 0.161604 0.610191
v 0.905309 0.126001 0.329054
v 0.920367 0.083274 0.287530
v 0.744798 0.201170 0.583033
v 0.919451 0.126388 0.259951
v 0.789470 -0.176140 0.544791
v 0.748413 -0.161080 0.610139
v 0.905290 -0.126205 0.329025
v 0.920488 -0.083642 0.287576
v 0.744683 -0.200818 0.582904
v 0.919483 -0.126635 0.259935
v 0.680207 -0.002015 0.817693
v 0.681260 0.005847 0.797175
v 0.614745 -0.000866 0.798102
v -0.789242 0.177271 -0.544702
v -0.748797 0.161760 -0.610786
v -0.908166 0.126578 -0.329893
v -0.924010 0.083892 -0.288964
v -0.744961 0.201938 -0.583172
v -0.922376 0.126237 -0.260862
v -0.789229 -0.176863 -0.544717
v -0.748857 -0.160801 -0.610795
v -0.908050 -0.126525 -0.329789
v -0.923950 -0.084026 -0.288889
v -0.744861 -0.201254 -0.583159
v -0.922335 -0.126486 -0.260787
v -0.690732 0.000216 -0.809927
v -0.733825 0.000462 -0.770311
v -0.438262 0.000262 -0.542778
v -0.789515 0.176525 0.544814
v -0.748794 0.161349 0.610688
v -0.910826 0.127012 0.330305
v -0.924714 0.082549 0.289852
v -0.745658 0.200881 0.583607
v -0.923146 0.126468 0.261694
v -0.789411 -0.176666 0.544764
v -0.748732 -0.161307 0.610623
v -0.910775 -0.127157 0.330296
v -0.924824 -0.082994 0.289741
v -0.745477 -0.200500 0.583438
v -0.923189 -0.126471 0.261740
v -0.711655 0.000404 0.787584
v -0.672034 -0.001290 0.776426
v -0.600715 -0.001036 0.688552
v -0.041166 0.474408 0.333851
v 0.041178 0.474457 0.334193
v 0.000037 0.471846 0.400239
v -0.041209 0.474218 -0.333491
v 0.041469 0.472405 -0.333900
v -0.000039 0.466888 -0.401502
v -0.581469 0.336947 0.540108
v -0.539950 0.325806 0.606628
v -0.606905 0.310094 0.581394
v -0.581409 0.337747 -0.539925
v -0.540238 0.326620 -0.607062
v -0.606960 0.309911 -0.581391
v -0.903318 0.234113 -0.000115
v -0.918989 0.196224 -0.041490
v -0.919447 0.196441 0.041366
v 0.581190 0.337106 0.539709
v 0.540363 0.325606 0.607289
v 0.607155 0.309781 0.581511
v 0.581314 0.337930 -0.539964
v 0.540097 0.325782 -0.606764
v 0.607332 0.308754 -0.581719
v 0.898946 0.233876 -0.000767
v 0.915481 0.196166 -0.042578
v 0.913409 0.196069 0.040799
v -0.041085 -0.477184 0.333437
v 0.041173 -0.476735 0.334157
v 0.000046 -0.472671 0.400319
v -0.041220 -0.471334 -0.333789
v 0.041236 -0.469564 -0.333890
v -0.000012 -0.469215 -0.400624
v -0.581701 -0.337857 0.540363
v -0.540043 -0.326199 0.606768
v -0.606835 -0.310786 0.581370
v -0.581504 -0.337388 -0.539938
v -0.540139 -0.325528 -0.606913
v -0.607013 -0.310546 -0.581413
v -0.903437 -0.234575 -0.000069
v -0.919092 -0.197004 -0.041495
v -0.919573 -0.196883 0.041393
v 0.581092 -0.337677 0.539717
v 0.540182 -0.325233 0.606978
v 0.607004 -0.309266 0.581449
v 0.581463 -0.337961 -0.540078
v 0.540242 -0.326400 -0.606960
v 0.607116 -0.310323 -0.581604
v 0.898955 -0.234462 -0.000714
v 0.915396 -0.197596 -0.042339
v 0.913788 -0.196127 0.040704
v 0.333337 -0.020981 0.946496
v 0.332432 0.022116 0.945523
v 0.396557 0.001281 0.922176
v -0.334079 -0.016834 0.950239
v -0.334865 0.010667 0.959152
v -0.386751 0.000039 0.949796
v 0.336451 -0.013820 -0.935406
v 0.334811 0.018525 -0.926726
v 0.396412 -0.001396 -0.925747
v -0.342469 -0.000777 -0.964392
v -0.333333 0.018987 -0.926772
v -0.394579 0.005226 -0.938482
v -0.499759 0.527362 -0.000331
v -0.517742 0.513611 0.026553
v -0.517739 0.514099 -0.026639
v -0.546138 0.499152 -0.017677
v -0.546300 0.499358 0.017372
v 0.499571 0.529401 0.000036
v 0.517733 0.514196 0.026544
v 0.517755 0.513991 -0.026643
v 0.546302 0.499590 -0.017505
v 0.545994 0.500755 0.017296
v -0.499583 -0.529797 -0.000228
v -0.517718 -0.515698 0.026405
v -0.517783 -0.514257 -0.026789
v -0.546447 -0.499246 -0.017724
v -0.546084 -0.502269 0.017199
v 0.499767 -0.533236 -0.000100
v 0.517933 -0.516260 0.026749
v 0.517534 -0.517452 -0.026548
v 0.545043 -0.504285 -0.016757
v 0.546287 -0.501371 0.017645
v -0.017422 -0.354733 0.838199
v 0.017113 -0.353353 0.838034
v 0.000034 -0.314765 0.866173
v 0.026877 -0.329238 0.854752
v -0.026727 -0.329929 0.854673
v -0.017225 0.353508 0.838108
v 0.017178 0.352060 0.837995
v 0.000109 0.314294 0.865938
v 0.026809 0.328492 0.854585
v -0.026819 0.328693 0.854730
v -0.017438 -0.354761 -0.837991
v 0.017211 -0.351862 -0.838031
v -0.000018 -0.314433 -0.866480
v 0.026773 -0.328863 -0.854630
v -0.026914 -0.328632 -0.854828
v -0.017398 0.353086 -0.838043
v 0.017318 0.353032 -0.838054
v -0.000095 0.315786 -0.866307
v 0.026782 0.329492 -0.854645
v -0.027075 0.329431 -0.854904
v 0.861221 0.009456 -0.524512
v 0.849837 -0.015058 -0.516942
v 0.836185 -0.011879 -0.543010
v 0.860725 0.000461 -0.565390
v 0.855960 -0.000713 -0.499811
v 0.857456 0.001290 0.528188
v 0.836468 -0.006655 0.520881
v 0.841814 -0.008759 0.550929
v 0.855581 0.002651 0.555645
v 0.774047 0.000343 0.477164
v -0.854172 0.012783 -0.523348
v -0.852439 -0.013926 -0.520329
v -0.848711 -0.005203 -0.561311
v -0.859844 0.000710 -0.576021
v -0.848191 0.000451 -0.486512
v -0.874575 0.001427 0.527158
v -0.853165 -0.013173 0.516327
v -0.823331 -0.005053 0.544270
v -0.834932 0.000492 0.550409
v -0.856303 -0.001188 0.490250
v -0.036794 0.545351 0.000095
v 0.036932 0.549586 0.000010
v -0.018389 0.539621 0.033472
v -0.018597 0.536660 -0.033409
v 0.018659 0.539389 0.033429
v 0.018505 0.538212 -0.033405
v -0.326823 0.463932 0.469192
v -0.290124 0.461392 0.528548
v -0.290550 0.473345 0.473374
v -0.344893 0.446672 0.494353
v -0.272135 0.471465 0.503547
v -0.326228 0.446271 0.524307
v -0.326775 0.464457 -0.469398
v -0.290269 0.462684 -0.528754
v -0.290722 0.475248 -0.473938
v -0.345176 0.447296 -0.495105
v -0.272402 0.473709 -0.504197
v -0.326181 0.448232 -0.524145
v -0.797305 0.322051 -0.290395
v -0.819757 0.292367 -0.327089
v -0.786460 0.321160 -0.326699
v -0.818465 0.306512 -0.271993
v -0.796867 0.304914 -0.344850
v -0.829934 0.291912 -0.290533
v -0.796601 0.322072 0.290176
v -0.819701 0.291535 0.326778
v -0.784999 0.320197 0.326107
v -0.818918 0.307083 0.272137
v -0.796763 0.305106 0.344677
v -0.830599 0.292217 0.290627
v 0.326716 0.461896 0.469106
v 0.290234 0.460297 0.528785
v 0.290678 0.472369 0.473799
v 0.272286 0.471035 0.503913
v 0.344949 0.445827 0.494632
v 0.326276 0.445535 0.524375
v 0.327048 0.461782 -0.469556
v 0.290265 0.461675 -0.528834
v 0.290481 0.472147 -0.473383
v 0.272220 0.472371 -0.503805
v 0.345796 0.445402 -0.495737
v 0.326252 0.446405 -0.524165
v 0.796238 0.322814 -0.290027
v 0.820766 0.294535 -0.327287
v 0.785553 0.322493 -0.326317
v 0.818293 0.307507 -0.271991
v 0.798028 0.308155 -0.345214
v 0.830105 0.293259 -0.290587
v 0.796465 0.321845 0.289997
v 0.820875 0.293386 0.327313
v 0.785092 0.320505 0.326033
v 0.818188 0.306521 0.271873
v 0.797250 0.306316 0.344895
v 0.830278 0.292287 0.290597
v -0.036512 -0.546482 0.000086
v 0.036808 -0.550303 -0.000016
v -0.018385 -0.538076 0.033479
v -0.018375 -0.538234 -0.033403
v 0.018639 -0.540183 0.033430
v 0.018622 -0.540349 -0.033409
v -0.326848 -0.463676 0.469181
v -0.290183 -0.459786 0.528599
v -0.290598 -0.473255 0.473501
v -0.345153 -0.444960 0.494707
v -0.272349 -0.471511 0.503867
v -0.326456 -0.444390 0.524737
v -0.326744 -0.464577 -0.469164
v -0.290547 -0.462631 -0.529437
v -0.290535 -0.473632 -0.473491
v -0.344886 -0.447877 -0.494600
v -0.272410 -0.472602 -0.504166
v -0.326162 -0.447820 -0.524276
v -0.796576 -0.321915 -0.290054
v -0.819829 -0.291482 -0.327052
v -0.786165 -0.322307 -0.326552
v -0.818214 -0.305695 -0.271845
v -0.797027 -0.305741 -0.344897
v -0.829935 -0.290782 -0.290472
v -0.797788 -0.323549 0.290619
v -0.819955 -0.292698 0.326851
v -0.785025 -0.320555 0.326166
v -0.818713 -0.306762 0.272071
v -0.796863 -0.305709 0.344801
v -0.830136 -0.291904 0.290484
v 0.326597 -0.464512 0.469012
v 0.290262 -0.463039 0.528756
v 0.290536 -0.474126 0.473583
v 0.272145 -0.472991 0.503636
v 0.344675 -0.447808 0.494237
v 0.326139 -0.446402 0.524174
v 0.326915 -0.463931 -0.469516
v 0.290262 -0.461701 -0.528901
v 0.290555 -0.473147 -0.473523
v 0.272368 -0.472261 -0.503958
v 0.345376 -0.447880 -0.495317
v 0.326274 -0.446885 -0.524335
v 0.797010 -0.323204 -0.290301
v 0.820326 -0.293364 -0.327166
v 0.785081 -0.320499 -0.326092
v 0.818471 -0.307380 -0.272058
v 0.796967 -0.305604 -0.344760
v 0.830670 -0.292938 -0.290791
v 0.796140 -0.321570 0.289932
v 0.820159 -0.292999 0.327043
v 0.785168 -0.319776 0.326090
v 0.818287 -0.306666 0.271901
v 0.797486 -0.305398 0.344980
v 0.830430 -0.292764 0.290610
v 0.015487 -0.013607 0.983927
v 0.009411 0.014553 0.984570
v 0.039460 -0.009121 0.985617
v 0.021117 0.000978 0.893591
v 0.038674 0.009499 0.985852
v -0.004087 -0.001203 0.893632
v 0.469770 -0.201748 0.819549
v 0.529098 -0.181480 0.796740
v 0.494449 -0.213063 0.796601
v 0.524584 -0.202994 0.785404
v 0.473901 -0.179105 0.830058
v 0.503859 -0.168642 0.818604
v -0.469803 -0.201476 0.819503
v -0.529583 -0.182136 0.797487
v -0.494557 -0.212847 0.796682
v -0.524570 -0.202995 0.785387
v -0.474171 -0.178343 0.830384
v -0.503909 -0.168491 0.818642
v 0.469706 0.202243 0.819481
v 0.529231 0.181540 0.797164
v 0.494370 0.213192 0.796515
v 0.524407 0.202816 0.785236
v 0.473739 0.178643 0.829970
v 0.503681 0.168135 0.818645
v -0.469780 0.201251 0.819461
v -0.529313 0.181309 0.797108
v -0.494556 0.212698 0.796716
v -0.524807 0.202977 0.785833
v -0.474226 0.178558 0.830427
v -0.503974 0.168495 0.818614
v -0.011735 -0.013392 -0.984868
v -0.009216 0.013732 -0.986847
v -0.024929 0.000627 -0.897128
v -0.038839 -0.009577 -0.983012
v -0.011644 -0.000626 -0.900260
v -0.038491 0.009799 -0.983588
v 0.469461 -0.201327 -0.819015
v 0.529577 -0.181589 -0.797463
v 0.494905 -0.213222 -0.797387
v 0.524793 -0.203248 -0.785760
v 0.473834 -0.178251 -0.830128
v 0.503788 -0.168180 -0.818615
v -0.469531 -0.201492 -0.819189
v -0.529168 -0.181182 -0.796851
v -0.494655 -0.213037 -0.797031
v -0.524522 -0.202680 -0.785411
v -0.473628 -0.178286 -0.829803
v -0.503604 -0.167978 -0.818263
v 0.469388 0.200343 -0.818965
v 0.529662 0.180867 -0.797613
v 0.494929 0.211381 -0.797632
v 0.524761 0.201799 -0.785816
v 0.473901 0.177854 -0.830116
v 0.503908 0.167604 -0.818621
v -0.469652 0.201939 -0.819268
v -0.528972 0.181121 -0.796438
v -0.494776 0.213349 -0.797127
v -0.524786 0.203127 -0.785717
v -0.473646 0.178536 -0.829714
v -0.503710 0.168063 -0.818336
v 0.770175 0.000001 0.261340
v 0.945573 0.000010 0.037809
v 0.906723 0.004676 0.018010
v 0.944206 0.018917 0.019738
v 0.908190 -0.005043 0.018330
v 0.943998 -0.018878 0.019771
v -0.931609 -0.000077 -0.037327
v -0.933078 -0.000037 0.036230
v -0.933329 0.019496 -0.019198
v -0.933540 0.019636 0.018213
v -0.933484 -0.019638 -0.019312
v -0.934025 -0.019719 0.018139
v -0.310358 0.551220 -0.000016
v -0.243851 0.553777 -0.000015
v -0.295967 0.549661 0.033225
v -0.296073 0.548535 -0.033209
v -0.262184 0.550690 0.033244
v -0.262378 0.550852 -0.033237
v -0.449538 0.507963 0.223809
v -0.421683 0.504045 0.287903
v -0.416113 0.513622 0.227870
v -0.469714 0.497014 0.248230
v -0.402111 0.511722 0.259971
v -0.455899 0.495647 0.280542
v -0.449516 0.510260 -0.223391
v -0.421663 0.504946 -0.288548
v -0.416085 0.516122 -0.227355
v -0.469738 0.499345 -0.248389
v -0.402144 0.513439 -0.259811
v -0.455877 0.495975 -0.280719
v -0.673415 0.439769 -0.138482
v -0.709834 0.414967 -0.178241
v -0.664341 0.440757 -0.173974
v -0.697980 0.426778 -0.120627
v -0.682373 0.427462 -0.193755
v -0.715726 0.413810 -0.140226
v -0.673212 0.437225 0.138179
v -0.710115 0.413570 0.178235
v -0.664469 0.438573 0.174058
v -0.697663 0.425351 0.120228
v -0.682760 0.426035 0.193967
v -0.716351 0.412754 0.140356
v 0.310306 0.550807 -0.000009
v 0.243919 0.552913 0.000049
v 0.295951 0.548821 0.033220
v 0.296093 0.548021 -0.033195
v 0.262350 0.550835 0.033244
v 0.262580 0.550004 -0.033191
v 0.449433 0.506140 0.223726
v 0.421692 0.505863 0.288597
v 0.416207 0.515015 0.228730
v 0.469699 0.495408 0.248619
v 0.402175 0.514095 0.260321
v 0.455855 0.494947 0.280616
v 0.449400 0.505658 -0.224512
v 0.421663 0.503706 -0.288058
v 0.416069 0.510955 -0.228184
v 0.469650 0.496612 -0.248062
v 0.402117 0.511519 -0.259952
v 0.455814 0.494634 -0.280426
v 0.673620 0.437704 -0.138488
v 0.710024 0.415387 -0.178236
v 0.664402 0.438165 -0.173961
v 0.697533 0.425648 -0.120315
v 0.682839 0.427016 -0.194007
v 0.715819 0.413953 -0.140196
v 0.672771 0.437815 0.138056
v 0.709915 0.415747 0.178240
v 0.664587 0.439918 0.174122
v 0.697275 0.425674 0.120179
v 0.682511 0.428165 0.193840
v 0.716181 0.414465 0.140406
v -0.311521 -0.548394 -0.000020
v -0.244221 -0.553541 -0.000021
v -0.295104 -0.549608 0.033208
v -0.296093 -0.547935 -0.033246
v -0.261553 -0.553266 0.033245
v -0.262038 -0.551548 -0.033278
v -0.449430 -0.506988 0.224049
v -0.421691 -0.504247 0.288132
v -0.416021 -0.514964 0.228006
v -0.469676 -0.496906 0.248223
v -0.402095 -0.511825 0.260180
v -0.455899 -0.495447 0.280677
v -0.449474 -0.506191 -0.223957
v -0.421649 -0.506756 -0.288581
v -0.416110 -0.513506 -0.227594
v -0.469735 -0.495498 -0.248195
v -0.402085 -0.512963 -0.259543
v -0.455855 -0.496878 -0.280509
v -0.673697 -0.439639 -0.138628
v -0.709400 -0.415901 -0.177933
v -0.664330 -0.439355 -0.173999
v -0.698123 -0.428057 -0.120676
v -0.682888 -0.428132 -0.194099
v -0.715528 -0.414852 -0.140074
v -0.673434 -0.439213 0.138334
v -0.710432 -0.414633 0.178464
v -0.664266 -0.438044 0.173934
v -0.697464 -0.426473 0.120176
v -0.682866 -0.426470 0.194022
v -0.716175 -0.413673 0.140310
v 0.310822 -0.548162 0.000019
v 0.242737 -0.551549 0.000033
v 0.295641 -0.547218 0.033211
v 0.295904 -0.548561 -0.033182
v 0.262137 -0.548880 0.033233
v 0.262160 -0.549378 -0.033180
v 0.449401 -0.505964 0.223732
v 0.421670 -0.502685 0.287555
v 0.416039 -0.511385 0.227790
v 0.469664 -0.496006 0.248397
v 0.402101 -0.511115 0.259791
v 0.455810 -0.494291 0.280277
v 0.449401 -0.507721 -0.223959
v 0.421626 -0.502890 -0.288438
v 0.415927 -0.513121 -0.227779
v 0.469745 -0.497746 -0.248382
v 0.401983 -0.511120 -0.259942
v 0.455843 -0.494326 -0.280208
v 0.673429 -0.437902 -0.138403
v 0.710492 -0.414462 -0.178542
v 0.664343 -0.437569 -0.173951
v 0.697667 -0.425516 -0.120442
v 0.682862 -0.425937 -0.194058
v 0.715858 -0.414459 -0.140247
v 0.672655 -0.439199 0.138006
v 0.710423 -0.417696 0.178535
v 0.664091 -0.439163 0.173911
v 0.697364 -0.428429 0.120215
v 0.683230 -0.428887 0.194279
v 0.716132 -0.415845 0.140356
v -0.138690 -0.410569 0.727186
v -0.178150 -0.428609 0.682346
v -0.120626 -0.423555 0.706466
v -0.173989 -0.404514 0.726795
v -0.140978 -0.433593 0.684094
v -0.193787 -0.413406 0.704352
v 0.138833 -0.413041 0.727190
v 0.177672 -0.429699 0.682482
v 0.121026 -0.426177 0.706446
v 0.173903 -0.405736 0.726730
v 0.140186 -0.433699 0.683977
v 0.193659 -0.413976 0.704420
v -0.000026 -0.196110 0.951472
v -0.000030 -0.155696 0.969278
v 0.033142 -0.187317 0.954651
v -0.033200 -0.186830 0.954083
v 0.033171 -0.166705 0.963464
v -0.033239 -0.166336 0.963760
v 0.224461 -0.280488 0.865884
v 0.288472 -0.264961 0.860397
v 0.248457 -0.292647 0.846978
v 0.227748 -0.259686 0.880220
v 0.280804 -0.285122 0.844522
v 0.260356 -0.252083 0.878023
v -0.224215 -0.280436 0.865850
v -0.288976 -0.265105 0.860951
v -0.248133 -0.292722 0.846968
v -0.227881 -0.260147 0.880409
v -0.280448 -0.285076 0.844455
v -0.260131 -0.252087 0.877909
v -0.138847 0.411507 0.727099
v -0.177659 0.429093 0.682282
v -0.121041 0.425626 0.706414
v -0.173713 0.404701 0.726664
v -0.139840 0.433233 0.683838
v -0.193740 0.414721 0.704335
v 0.138654 0.411546 0.727160
v 0.177660 0.428402 0.682400
v 0.120672 0.424555 0.706369
v 0.173943 0.405910 0.726717
v 0.140086 0.432964 0.683874
v 0.193372 0.413831 0.704292
v -0.000030 0.196115 0.950485
v 0.000018 0.155029 0.970019
v 0.033111 0.186164 0.954861
v -0.033171 0.186546 0.954268
v 0.033192 0.166092 0.963529
v -0.033209 0.166252 0.963617
v 0.224336 0.280498 0.865764
v 0.288492 0.263912 0.860388
v 0.248305 0.292034 0.846840
v 0.227823 0.260323 0.880262
v 0.280657 0.284431 0.844415
v 0.260455 0.252342 0.878095
v -0.224403 0.280480 0.865877
v -0.288922 0.265059 0.860852
v -0.248087 0.292385 0.846873
v -0.227839 0.259830 0.880290
v -0.280409 0.285211 0.844382
v -0.260130 0.251844 0.877857
v -0.138494 -0.410448 -0.727064
v -0.178428 -0.428721 -0.682496
v -0.120307 -0.422861 -0.706276
v -0.173923 -0.405062 -0.726664
v -0.139972 -0.431521 -0.683834
v -0.194264 -0.414790 -0.704421
v 0.138919 -0.410974 -0.727401
v 0.178645 -0.430363 -0.682312
v 0.119984 -0.423449 -0.706122
v 0.174053 -0.404686 -0.726799
v 0.140013 -0.432861 -0.683688
v 0.193670 -0.413772 -0.704248
v -0.000011 -0.195888 -0.951893
v 0.000064 -0.155289 -0.969433
v 0.033191 -0.186396 -0.954576
v -0.033125 -0.186719 -0.954853
v 0.033217 -0.166109 -0.964665
v -0.033147 -0.166328 -0.963630
v 0.223790 -0.280067 -0.865358
v 0.288095 -0.263852 -0.859958
v 0.247998 -0.292134 -0.846685
v 0.227302 -0.259663 -0.879843
v 0.280809 -0.284125 -0.844453
v 0.260707 -0.251881 -0.878240
v -0.224140 -0.279965 -0.865492
v -0.288727 -0.263867 -0.860505
v -0.248336 -0.292137 -0.846991
v -0.227810 -0.259557 -0.880032
v -0.280857 -0.284325 -0.844633
v -0.260251 -0.251343 -0.877797
v -0.139959 0.414604 -0.727319
v -0.177369 0.428490 -0.682460
v -0.121117 0.427089 -0.706498
v -0.173790 0.404646 -0.726695
v -0.141167 0.435861 -0.684248
v -0.193326 0.412834 -0.704320
v 0.139168 0.412410 -0.727469
v 0.177417 0.427159 -0.682240
v 0.120134 0.424151 -0.706202
v 0.174284 0.406671 -0.726998
v 0.139485 0.431696 -0.683629
v 0.193610 0.414480 -0.704349
v 0.000002 0.196546 -0.951434
v 0.000077 0.154957 -0.970312
v 0.033195 0.186835 -0.954445
v -0.033126 0.187082 -0.954539
v 0.033224 0.166083 -0.964600
v -0.033122 0.165979 -0.964156
v 0.223933 0.280573 -0.865412
v 0.287820 0.264354 -0.859821
v 0.247856 0.293118 -0.846657
v 0.227465 0.259736 -0.879924
v 0.280667 0.284954 -0.844393
v 0.260449 0.251682 -0.878018
v -0.224253 0.279577 -0.865522
v -0.288568 0.264405 -0.860450
v -0.248044 0.292062 -0.846763
v -0.228008 0.259845 -0.880154
v -0.280745 0.284314 -0.844547
v -0.260079 0.252172 -0.877681
v 0.864573 0.143057 -0.449289
v 0.859888 0.182811 -0.421696
v 0.846773 0.157673 -0.469585
v 0.878088 0.146233 -0.415996
v 0.844065 0.177412 -0.455812
v 0.876158 0.166498 -0.402078
v 0.864817 -0.143794 -0.449298
v 0.860236 -0.183980 -0.421654
v 0.846939 -0.158205 -0.469586
v 0.878390 -0.146746 -0.416010
v 0.844515 -0.178448 -0.455802
v 0.875878 -0.166816 -0.402071
v 0.726103 -0.084806 -0.674143
v 0.681040 -0.110989 -0.709130
v 0.726206 -0.109401 -0.663944
v 0.708282 -0.064680 -0.698102
v 0.703777 -0.122592 -0.682311
v 0.685725 -0.078430 -0.716283
v 0.727700 0.086863 -0.674697
v 0.682445 0.112885 -0.709013
v 0.727133 0.109969 -0.664099
v 0.706151 0.071624 -0.697615
v 0.704706 0.123132 -0.682380
v 0.684214 0.087194 -0.716119
v 0.895090 0.000110 -0.302933
v 0.932595 0.000007 -0.239835
v 0.915883 0.020929 -0.292155
v 0.915773 -0.020908 -0.292154
v 0.928164 0.020962 -0.258035
v 0.927922 -0.020898 -0.257942
v 0.864978 0.144153 0.449628
v 0.859915 0.184870 0.421631
v 0.846569 0.158588 0.469672
v 0.877294 0.146232 0.416538
v 0.843972 0.178725 0.455781
v 0.873743 0.166009 0.402040
v 0.865242 -0.144527 0.449625
v 0.859721 -0.183572 0.421638
v 0.846706 -0.158221 0.469669
v 0.877008 -0.146603 0.416459
v 0.844073 -0.177859 0.455783
v 0.873743 -0.165859 0.402021
v 0.726178 -0.086415 0.672638
v 0.681421 -0.112273 0.708357
v 0.726199 -0.110573 0.663517
v 0.707177 -0.068977 0.698799
v 0.703747 -0.123372 0.681734
v 0.683637 -0.083677 0.716117
v 0.725807 0.088905 0.673285
v 0.681220 0.113489 0.708563
v 0.726028 0.111147 0.663581
v 0.706262 0.073308 0.696350
v 0.703628 0.123637 0.681504
v 0.683502 0.086072 0.715007
v 0.898056 -0.000114 0.301813
v 0.891382 -0.000009 0.227625
v 0.900465 0.019185 0.285570
v 0.902033 -0.019448 0.286101
v 0.902591 0.016808 0.248826
v 0.905141 -0.016754 0.249579
v -0.865743 0.143409 -0.449340
v -0.860587 0.183717 -0.421663
v -0.846749 0.157654 -0.469571
v -0.879826 0.146548 -0.416378
v -0.845353 0.178411 -0.455837
v -0.876254 0.166027 -0.402381
v -0.866044 -0.143799 -0.449297
v -0.859975 -0.182767 -0.421709
v -0.847435 -0.157829 -0.469599
v -0.879420 -0.146327 -0.416339
v -0.844909 -0.178054 -0.455820
v -0.876732 -0.166262 -0.402378
v -0.725677 -0.087699 -0.672114
v -0.681592 -0.112922 -0.708012
v -0.726094 -0.110990 -0.663085
v -0.703910 -0.072006 -0.695574
v -0.703901 -0.124167 -0.681825
v -0.683289 -0.085957 -0.715097
v -0.725109 0.086681 -0.672738
v -0.681036 0.112068 -0.707587
v -0.725122 0.109947 -0.662845
v -0.705915 0.073666 -0.697817
v -0.703043 0.123304 -0.681590
v -0.683490 0.086415 -0.715378
v -0.918000 -0.000031 -0.301877
v -0.893050 -0.000070 -0.226901
v -0.921385 0.020548 -0.292070
v -0.920230 -0.020528 -0.291406
v -0.918424 0.020515 -0.256322
v -0.918121 -0.020562 -0.256216
v -0.864667 0.143877 0.448672
v -0.860674 0.184078 0.421573
v -0.846659 0.158272 0.469221
v -0.878425 0.146437 0.415442
v -0.844874 0.178452 0.455635
v -0.877301 0.167210 0.401903
v -0.864459 -0.143496 0.448724
v -0.860290 -0.183589 0.421587
v -0.846959 -0.158377 0.469292
v -0.878624 -0.146587 0.415459
v -0.844536 -0.178397 0.455631
v -0.877235 -0.166633 0.401915
v -0.725667 -0.087011 0.672866
v -0.681461 -0.113382 0.709753
v -0.725935 -0.110360 0.663690
v -0.705290 -0.073660 0.697306
v -0.703942 -0.123283 0.682313
v -0.682969 -0.086440 0.715674
v -0.726461 0.087861 0.673193
v -0.682335 0.113252 0.709682
v -0.726602 0.110776 0.663826
v -0.705255 0.073786 0.697608
v -0.704512 0.123399 0.682354
v -0.683176 0.086294 0.715699
v -0.833617 0.000026 -0.177771
v -0.934763 -0.000052 0.234491
v -0.900905 0.000598 0.230875
v -0.904142 -0.001696 0.232434
v -0.930550 0.018589 0.248918
v -0.931660 -0.019271 0.249677
v -0.140175 0.508463 0.231902
v -0.179461 0.500618 0.296272
v -0.177020 0.518040 0.231444
v -0.196788 0.514525 0.263679
v -0.121472 0.495767 0.265236
v -0.141083 0.492498 0.297494
v -0.139565 0.507819 -0.231926
v -0.179252 0.502685 -0.296371
v -0.176444 0.519305 -0.231414
v -0.196462 0.515253 -0.263687
v -0.121866 0.494838 -0.265195
v -0.141237 0.493535 -0.297532
v 0.140069 0.507602 0.231844
v 0.179422 0.500830 0.296328
v 0.176520 0.518260 0.231505
v 0.196424 0.514760 0.263765
v 0.122182 0.495745 0.265052
v 0.141407 0.491929 0.297509
v 0.139582 0.506254 -0.231933
v 0.179259 0.502207 -0.296224
v 0.176628 0.517175 -0.231444
v 0.196792 0.515170 -0.263582
v 0.122270 0.491847 -0.265254
v 0.141320 0.491514 -0.297437
v -0.554429 0.393932 0.439578
v -0.618526 0.377640 0.415017
v -0.570605 0.403959 0.406581
v -0.602822 0.395639 0.394272
v -0.570029 0.376139 0.461328
v -0.602711 0.367530 0.449016
v -0.039864 0.484303 0.522895
v 0.039865 0.483590 0.522344
v -0.019912 0.484182 0.549919
v 0.019994 0.485465 0.550262
v -0.019996 0.479797 0.494128
v 0.019991 0.479904 0.494201
v -0.415042 0.361552 0.665714
v -0.439638 0.328772 0.705256
v -0.394243 0.361478 0.693363
v -0.406557 0.343955 0.713035
v -0.449102 0.346577 0.657826
v -0.461441 0.331105 0.677670
v -0.554390 0.392277 -0.439632
v -0.618898 0.377069 -0.415098
v -0.570700 0.402526 -0.406682
v -0.603202 0.394917 -0.394379
v -0.570335 0.375325 -0.461347
v -0.602689 0.368216 -0.449063
v -0.039842 0.482852 -0.523511
v 0.039779 0.485003 -0.522982
v -0.019996 0.487329 -0.551015
v 0.019918 0.488149 -0.550666
v -0.020042 0.479036 -0.494257
v 0.019941 0.479992 -0.493967
v -0.414978 0.361731 -0.665669
v -0.439588 0.328617 -0.705686
v -0.394309 0.360930 -0.693649
v -0.406667 0.343361 -0.713149
v -0.449026 0.347258 -0.658063
v -0.461396 0.331802 -0.678071
v -0.850788 0.302111 -0.039927
v -0.850619 0.302481 0.039824
v -0.834461 0.319006 -0.019983
v -0.834943 0.319155 0.019857
v -0.867268 0.285915 -0.020140
v -0.866565 0.286063 0.019916
v -0.706732 0.270969 -0.555350
v -0.667116 0.256797 -0.619995
v -0.712804 0.252909 -0.571166
v -0.693289 0.245968 -0.603689
v -0.678650 0.280638 -0.570850
v -0.658439 0.273098 -0.603144
v -0.919639 0.184513 -0.179144
v -0.936169 0.144722 -0.140688
v -0.924223 0.166272 -0.196267
v -0.932053 0.146113 -0.176319
v -0.923195 0.182671 -0.141728
v -0.930591 0.162345 -0.121883
v -0.706567 0.271702 0.555267
v -0.665975 0.256269 0.619310
v -0.713203 0.254071 0.571378
v -0.693446 0.246483 0.603725
v -0.678344 0.280447 0.570712
v -0.658511 0.273517 0.603197
v -0.919654 0.184575 0.180632
v -0.934045 0.143823 0.139532
v -0.923914 0.166229 0.197310
v -0.931995 0.146004 0.178010
v -0.921696 0.181914 0.141407
v -0.929279 0.161938 0.121105
v 0.554435 0.393508 0.439664
v 0.618971 0.376881 0.415142
v 0.570729 0.403175 0.406678
v 0.603066 0.394385 0.394342
v 0.570067 0.376163 0.461433
v 0.602713 0.367504 0.449158
v 0.415007 0.360279 0.665538
v 0.439717 0.328952 0.705581
v 0.394313 0.359599 0.692878
v 0.406653 0.343156 0.713406
v 0.449081 0.346630 0.658408
v 0.461465 0.331478 0.677989
v 0.554082 0.393480 -0.439649
v 0.619217 0.376838 -0.415032
v 0.570617 0.403444 -0.406635
v 0.602988 0.395372 -0.394296
v 0.569879 0.376168 -0.461412
v 0.602865 0.367529 -0.449098
v 0.414990 0.361059 -0.665507
v 0.439562 0.328266 -0.705393
v 0.394253 0.360847 -0.693020
v 0.406446 0.344572 -0.713702
v 0.449036 0.345759 -0.658002
v 0.461377 0.329551 -0.678188
v 0.850880 0.304254 -0.039889
v 0.850587 0.304038 0.039738
v 0.835010 0.320105 -0.019905
v 0.834643 0.319937 0.019937
v 0.867509 0.288330 -0.020192
v 0.866637 0.288128 0.019749
v 0.706524 0.271013 -0.555320
v 0.666268 0.256544 -0.619489
v 0.712849 0.253021 -0.571237
v 0.692731 0.245572 -0.603353
v 0.678712 0.280092 -0.570985
v 0.658276 0.272607 -0.603048
v 0.917440 0.185487 -0.181117
v 0.931102 0.144271 -0.139697
v 0.922207 0.167128 -0.198104
v 0.929781 0.146480 -0.178459
v 0.918825 0.182814 -0.141509
v 0.926216 0.162608 -0.121431
v 0.706145 0.270977 0.555044
v 0.665884 0.256136 0.619257
v 0.712741 0.252286 0.571128
v 0.692988 0.245359 0.603437
v 0.678399 0.280079 0.570723
v 0.658377 0.273083 0.603109
v 0.917676 0.186314 0.180642
v 0.932644 0.145082 0.143005
v 0.922536 0.168115 0.197106
v 0.930016 0.147359 0.177905
v 0.919521 0.182545 0.143618
v 0.927038 0.162059 0.125144
v -0.140079 -0.506600 0.231900
v -0.179097 -0.503828 0.296328
v -0.176648 -0.518692 0.231421
v -0.196394 -0.516050 0.263648
v -0.122040 -0.494595 0.265251
v -0.141431 -0.494258 0.297521
v -0.139660 -0.506268 -0.231886
v -0.179409 -0.499704 -0.296377
v -0.176397 -0.517795 -0.231423
v -0.196407 -0.514043 -0.263754
v -0.121776 -0.493747 -0.265144
v -0.141697 -0.489239 -0.297544
v 0.139938 -0.507978 0.231789
v 0.179215 -0.502168 0.296350
v 0.176641 -0.519114 0.231397
v 0.196427 -0.516522 0.263723
v 0.122639 -0.493612 0.265046
v 0.142174 -0.492833 0.297501
v 0.140077 -0.504058 -0.231871
v 0.179246 -0.500634 -0.296238
v 0.176622 -0.517365 -0.231418
v 0.196711 -0.514415 -0.263623
v 0.122392 -0.488908 -0.265148
v 0.141741 -0.489193 -0.297370
v -0.554703 -0.391989 0.439521
v -0.619041 -0.376789 0.414904
v -0.570579 -0.402624 0.406571
v -0.602860 -0.394659 0.394236
v -0.570592 -0.375223 0.461298
v -0.603107 -0.367559 0.448933
v -0.039875 -0.485271 0.522873
v 0.039881 -0.485363 0.524015
v -0.019914 -0.490046 0.551812
v 0.019964 -0.489674 0.551901
v -0.019999 -0.480896 0.493895
v 0.019997 -0.480484 0.494164
v -0.414985 -0.361908 0.666040
v -0.439607 -0.327025 0.705582
v -0.394185 -0.360925 0.693714
v -0.406579 -0.342806 0.712683
v -0.449032 -0.346427 0.657637
v -0.461397 -0.329879 0.677741
v -0.554493 -0.393749 -0.439648
v -0.619135 -0.376613 -0.415063
v -0.570676 -0.403563 -0.406684
v -0.603165 -0.394468 -0.394332
v -0.570476 -0.376443 -0.461404
v -0.602552 -0.368515 -0.449086
v -0.039869 -0.484782 -0.523182
v 0.039785 -0.483938 -0.522882
v -0.019964 -0.485636 -0.550524
v 0.019994 -0.487903 -0.551536
v -0.020065 -0.480976 -0.494192
v 0.019933 -0.480080 -0.493863
v -0.414983 -0.362208 -0.665462
v -0.439611 -0.329296 -0.705557
v -0.394367 -0.361526 -0.693041
v -0.406703 -0.345146 -0.713449
v -0.449025 -0.347077 -0.658078
v -0.461409 -0.331639 -0.677868
v -0.850627 -0.302550 -0.039898
v -0.850849 -0.302880 0.039839
v -0.834488 -0.319352 -0.019950
v -0.834767 -0.319306 0.019900
v -0.867244 -0.286501 -0.020097
v -0.866593 -0.286438 0.019942
v -0.706520 -0.270601 -0.555257
v -0.667033 -0.256251 -0.619947
v -0.712735 -0.252574 -0.571158
v -0.692770 -0.245270 -0.603395
v -0.678375 -0.280077 -0.570709
v -0.658359 -0.272968 -0.603100
v -0.919669 -0.185364 -0.179116
v -0.936051 -0.145028 -0.140388
v -0.924294 -0.166934 -0.196234
v -0.932316 -0.146545 -0.176337
v -0.923399 -0.183241 -0.141866
v -0.930761 -0.163015 -0.121866
v -0.707038 -0.271507 0.555566
v -0.666110 -0.256624 0.619404
v -0.712838 -0.253059 0.571144
v -0.693081 -0.245987 0.603480
v -0.678352 -0.280511 0.570754
v -0.658833 -0.273642 0.603456
v -0.919838 -0.184983 0.180722
v -0.934024 -0.143793 0.139556
v -0.924074 -0.166224 0.197488
v -0.931941 -0.145668 0.178061
v -0.921810 -0.182220 0.141384
v -0.929374 -0.162158 0.121109
v 0.554344 -0.393457 0.439691
v 0.619318 -0.375917 0.415147
v 0.570803 -0.402691 0.406663
v 0.602876 -0.394163 0.394381
v 0.570400 -0.375466 0.461476
v 0.602875 -0.367354 0.449158
v 0.415041 -0.361604 0.665245
v 0.439679 -0.329488 0.706029
v 0.394325 -0.359919 0.692434
v 0.406592 -0.344835 0.714248
v 0.449074 -0.347256 0.657503
v 0.461436 -0.331285 0.677848
v 0.554438 -0.392755 -0.439643
v 0.618681 -0.376463 -0.415076
v 0.570732 -0.403320 -0.406616
v 0.603004 -0.394807 -0.394283
v 0.570453 -0.375988 -0.461448
v 0.602532 -0.368339 -0.449114
v 0.414971 -0.362044 -0.665771
v 0.439589 -0.327950 -0.705283
v 0.394295 -0.359820 -0.692696
v 0.406576 -0.343393 -0.712970
v 0.449018 -0.346611 -0.657702
v 0.461350 -0.329871 -0.678264
v 0.851193 -0.304864 -0.039852
v 0.850344 -0.304225 0.039741
v 0.834864 -0.320723 -0.019915
v 0.834600 -0.321157 0.019926
v 0.867384 -0.288102 -0.020164
v 0.866596 -0.287715 0.019754
v 0.706651 -0.270762 -0.555423
v 0.666100 -0.256212 -0.619382
v 0.712776 -0.252616 -0.571187
v 0.692944 -0.245428 -0.603472
v 0.678671 -0.279987 -0.570996
v 0.658659 -0.273463 -0.603295
v 0.917396 -0.185151 -0.181072
v 0.930928 -0.144110 -0.139651
v 0.922383 -0.166938 -0.198341
v 0.929597 -0.146111 -0.178502
v 0.918827 -0.182967 -0.141490
v 0.926304 -0.162760 -0.121490
v 0.706120 -0.271464 0.555030
v 0.666881 -0.257318 0.619780
v 0.712921 -0.252911 0.571201
v 0.693776 -0.246167 0.603853
v 0.678861 -0.280985 0.571033
v 0.658380 -0.273319 0.603111
v 0.917592 -0.186334 0.180611
v 0.932386 -0.144932 0.142754
v 0.922464 -0.168282 0.197002
v 0.930373 -0.147932 0.178018
v 0.919605 -0.182896 0.143691
v 0.927122 -0.162261 0.125190
v 0.231890 -0.084541 0.962861
v 0.296074 -0.108992 0.937761
v 0.231432 -0.108459 0.955832
v 0.263534 -0.120911 0.943891
v 0.265097 -0.070927 0.954996
v 0.297354 -0.083253 0.942248
v -0.231641 -0.083556 0.962682
v -0.296274 -0.108216 0.937852
v -0.231230 -0.109231 0.956692
v -0.263579 -0.120615 0.943672
v -0.265157 -0.068157 0.956279
v -0.297588 -0.081867 0.943728
v 0.231905 0.084534 0.962554
v 0.296223 0.109325 0.938093
v 0.231486 0.108994 0.956171
v 0.263621 0.121691 0.944468
v 0.264961 0.071405 0.954631
v 0.297281 0.083908 0.942065
v -0.231689 0.084884 0.962656
v -0.296410 0.108462 0.936834
v -0.231404 0.109769 0.956955
v -0.263707 0.121323 0.943812
v -0.264893 0.070481 0.954497
v -0.297628 0.083194 0.943065
v 0.622944 0.000724 0.984442
v 0.517756 -0.000286 0.647856
v 0.602624 -0.000179 0.826664
v 0.581661 0.000141 0.784306
v 0.415867 -0.000128 0.702814
v -0.026690 0.000149 -0.354529
v -0.535871 -0.009264 0.853898
v -0.533426 0.015400 0.839071
v -0.555476 -0.003727 0.873001
v -0.541948 0.003627 0.835256
v -0.547901 0.000775 0.762016
v -0.528562 0.000481 0.809819
v 0.231504 -0.083956 -0.962868
v 0.296393 -0.107646 -0.936319
v 0.231325 -0.109387 -0.956851
v 0.263618 -0.120687 -0.943139
v 0.264794 -0.068698 -0.956641
v 0.297707 -0.081803 -0.943106
v -0.231584 -0.082263 -0.962861
v -0.295971 -0.108637 -0.936739
v -0.231106 -0.108748 -0.956223
v -0.263318 -0.121346 -0.943349
v -0.265225 -0.069569 -0.956948
v -0.297432 -0.082373 -0.943728
v 0.231550 0.083139 -0.962760
v 0.296261 0.107514 -0.936263
v 0.231207 0.108870 -0.956282
v 0.263469 0.120484 -0.943068
v 0.265034 0.067596 -0.956491
v 0.297667 0.081645 -0.943041
v -0.231758 0.080982 -0.963245
v -0.296165 0.108004 -0.936935
v -0.231026 0.108412 -0.956428
v -0.263356 0.120556 -0.943340
v -0.265582 0.067517 -0.957979
v -0.297678 0.082301 -0.943532
v 0.515984 -0.021134 -0.838040
v 0.528215 0.014423 -0.856885
v 0.546398 -0.011273 -0.833826
v 0.548070 0.009914 -0.836541
v 0.478100 -0.004824 -0.825009
v 0.485135 0.006023 -0.854734
v -0.528757 -0.016070 -0.853039
v -0.522086 0.003207 -0.850344
v -0.562327 -0.007697 -0.863890
v -0.595680 -0.002520 -0.981967
v -0.496984 -0.000397 -0.846573
v -0.440399 -0.003233 -0.718419
v -0.439765 0.528528 -0.000032
v -0.376049 0.538663 0.000085
v -0.425829 0.528590 0.033078
v -0.426116 0.528765 -0.032974
v -0.393951 0.534496 0.033309
v -0.394045 0.534715 -0.033158
v -0.496943 0.508729 0.093622
v -0.474646 0.511566 0.159884
v -0.464869 0.516297 0.097187
v -0.518892 0.501629 0.118559
v -0.453633 0.518315 0.130486
v -0.507433 0.501486 0.150540
v -0.497050 0.508635 -0.093863
v -0.474561 0.510088 -0.158902
v -0.465031 0.515828 -0.097356
v -0.518766 0.499379 -0.118255
v -0.453730 0.517159 -0.130193
v -0.507428 0.500080 -0.150732
v -0.590833 0.480482 -0.058063
v -0.634081 0.461844 -0.098602
v -0.583428 0.481972 -0.093933
v -0.616138 0.469616 -0.039696
v -0.604720 0.472862 -0.113995
v -0.637836 0.459397 -0.060002
v -0.591388 0.478234 0.058229
v -0.634197 0.460676 0.098569
v -0.583102 0.480092 0.093590
v -0.616218 0.469074 0.039654
v -0.604693 0.470790 0.113951
v -0.638081 0.458783 0.060017
v 0.439323 0.529917 -0.000007
v 0.374683 0.541872 0.000018
v 0.425838 0.529586 0.033000
v 0.425733 0.529762 -0.033042
v 0.394096 0.535685 0.033145
v 0.393894 0.535181 -0.033199
v 0.497202 0.507467 0.093150
v 0.474267 0.509939 0.160741
v 0.464898 0.515563 0.097187
v 0.518875 0.499198 0.117762
v 0.453439 0.516108 0.130280
v 0.507517 0.499408 0.151022
v 0.497173 0.507676 -0.093443
v 0.474753 0.511376 -0.159872
v 0.465194 0.515974 -0.096854
v 0.518908 0.500584 -0.117723
v 0.453672 0.516673 -0.131195
v 0.507742 0.502680 -0.151273
v 0.590554 0.479250 -0.057854
v 0.634106 0.459834 -0.098455
v 0.583323 0.480194 -0.093775
v 0.616262 0.467782 -0.039714
v 0.604491 0.469802 -0.113775
v 0.638376 0.458879 -0.060192
v 0.590994 0.477292 0.057958
v 0.634121 0.458925 0.098619
v 0.582968 0.479407 0.093470
v 0.616301 0.468001 0.039722
v 0.604839 0.470188 0.114008
v 0.638007 0.457873 0.060060
v -0.439717 -0.527620 -0.000086
v -0.375171 -0.542311 0.000085
v -0.425809 -0.528394 0.033020
v -0.425871 -0.527844 -0.033018
v -0.393614 -0.535111 0.033230
v -0.393807 -0.534859 -0.033199
v -0.497066 -0.509383 0.093374
v -0.474551 -0.509299 0.158745
v -0.464817 -0.515464 0.097754
v -0.519105 -0.503678 0.119653
v -0.453651 -0.516083 0.130509
v -0.507514 -0.501236 0.151023
v -0.497055 -0.507773 -0.093668
v -0.474531 -0.508010 -0.159988
v -0.465047 -0.515547 -0.097102
v -0.518887 -0.500929 -0.118499
v -0.453679 -0.515494 -0.130226
v -0.507418 -0.499784 -0.150539
v -0.590933 -0.477855 -0.058099
v -0.634230 -0.458316 -0.098643
v -0.582834 -0.479001 -0.093446
v -0.616269 -0.469299 -0.039746
v -0.604576 -0.468793 -0.113868
v -0.637605 -0.458416 -0.059857
v -0.590702 -0.480084 0.057893
v -0.633909 -0.460868 0.098415
v -0.583919 -0.481952 0.094406
v -0.616354 -0.469894 0.039699
v -0.604721 -0.471018 0.114032
v -0.638123 -0.460378 0.060028
v 0.440205 -0.530207 -0.000185
v 0.376745 -0.540333 0.000091
v 0.425810 -0.529957 0.033018
v 0.424450 -0.533462 -0.033538
v 0.393974 -0.535823 0.033277
v 0.393801 -0.537901 -0.033278
v 0.497058 -0.505378 0.093391
v 0.474285 -0.509910 0.161008
v 0.464700 -0.515132 0.097455
v 0.518710 -0.497700 0.117589
v 0.453400 -0.514912 0.130263
v 0.507417 -0.499168 0.151157
v 0.497189 -0.509741 -0.093680
v 0.474788 -0.510384 -0.159811
v 0.465161 -0.519211 -0.096719
v 0.518839 -0.500517 -0.117883
v 0.453761 -0.518378 -0.129758
v 0.507671 -0.500886 -0.151106
v 0.591208 -0.477554 -0.058357
v 0.633951 -0.460954 -0.098403
v 0.583145 -0.480081 -0.093649
v 0.616498 -0.469296 -0.039816
v 0.605515 -0.471911 -0.114479
v 0.638285 -0.459837 -0.060119
v 0.591446 -0.479565 0.058159
v 0.634093 -0.460778 0.098584
v 0.583284 -0.478713 0.093640
v 0.616259 -0.469274 0.039660
v 0.605173 -0.470274 0.114201
v 0.637871 -0.459494 0.059972
v -0.056430 -0.367716 0.804791
v -0.098635 -0.388745 0.767915
v -0.039074 -0.382460 0.785829
v -0.093306 -0.361181 0.806471
v -0.059398 -0.391544 0.767263
v -0.113779 -0.372633 0.788003
v 0.056627 -0.366313 0.804651
v 0.098708 -0.390064 0.767881
v 0.038782 -0.381048 0.785752
v 0.092841 -0.360315 0.806243
v 0.059396 -0.391398 0.767228
v 0.113865 -0.373045 0.787911
v -0.000085 -0.275903 0.898026
v -0.000040 -0.238167 0.927083
v 0.033162 -0.267448 0.904144
v -0.033243 -0.267427 0.903994
v 0.033274 -0.248562 0.918444
v -0.033335 -0.248604 0.918322
v 0.093839 -0.309910 0.862516
v 0.159058 -0.295293 0.866629
v 0.118260 -0.323080 0.846089
v 0.097822 -0.290875 0.879668
v 0.150209 -0.315751 0.847470
v 0.130193 -0.283538 0.881352
v -0.094629 -0.310888 0.863044
v -0.159580 -0.295616 0.866664
v -0.118206 -0.323199 0.846193
v -0.097419 -0.291201 0.879249
v -0.150957 -0.316222 0.848042
v -0.130477 -0.284224 0.881489
v -0.056508 0.367580 0.804830
v -0.098769 0.390941 0.767985
v -0.038950 0.382388 0.785865
v -0.092982 0.360683 0.806460
v -0.059350 0.392451 0.767251
v -0.114614 0.373787 0.788189
v 0.056882 0.368905 0.804611
v 0.098340 0.391554 0.767978
v 0.039431 0.382820 0.785765
v 0.092688 0.361035 0.806242
v 0.059377 0.393093 0.767254
v 0.113401 0.373418 0.788000
v -0.000127 0.275175 0.898741
v -0.000052 0.237443 0.927153
v 0.033131 0.267479 0.904169
v -0.033304 0.266548 0.904264
v 0.033263 0.247972 0.918469
v -0.033343 0.247747 0.918346
v 0.093787 0.309740 0.862497
v 0.158760 0.295157 0.866351
v 0.118216 0.321503 0.846097
v 0.097952 0.291475 0.879795
v 0.150256 0.314872 0.847457
v 0.130222 0.283579 0.881430
v -0.094427 0.310516 0.862871
v -0.159565 0.296346 0.866607
v -0.118070 0.323092 0.846109
v -0.097706 0.291865 0.879443
v -0.150908 0.316124 0.847999
v -0.130502 0.284358 0.881435
v -0.057608 -0.369261 -0.804706
v -0.098701 -0.390760 -0.768039
v -0.039568 -0.383768 -0.785904
v -0.092832 -0.361746 -0.806345
v -0.059750 -0.393685 -0.767364
v -0.113666 -0.373741 -0.788100
v 0.057461 -0.369042 -0.804632
v 0.099180 -0.390929 -0.768102
v 0.039394 -0.383452 -0.785802
v 0.092832 -0.361378 -0.806369
v 0.059425 -0.392810 -0.767360
v 0.113841 -0.373464 -0.788155
v -0.000032 -0.276061 -0.898168
v -0.000051 -0.237297 -0.927283
v 0.033055 -0.267971 -0.903213
v -0.033224 -0.266853 -0.903864
v 0.033228 -0.247948 -0.917886
v -0.033295 -0.247847 -0.918050
v 0.093991 -0.310007 -0.862551
v 0.159572 -0.296435 -0.866460
v 0.118561 -0.322326 -0.846197
v 0.097393 -0.291495 -0.879234
v 0.150862 -0.316325 -0.847764
v 0.130621 -0.284045 -0.881569
v -0.094124 -0.309700 -0.862802
v -0.160076 -0.295666 -0.866723
v -0.117717 -0.322312 -0.845803
v -0.097071 -0.290281 -0.879023
v -0.151075 -0.315601 -0.847849
v -0.130482 -0.282364 -0.881425
v -0.057566 0.368505 -0.804723
v -0.098206 0.390513 -0.768022
v -0.039741 0.382974 -0.785895
v -0.092797 0.361266 -0.806299
v -0.059713 0.393395 -0.767395
v -0.114144 0.374027 -0.788155
v 0.057074 0.368989 -0.804695
v 0.098000 0.388858 -0.768077
v 0.038860 0.382632 -0.785849
v 0.093589 0.361586 -0.806409
v 0.059379 0.392923 -0.767444
v 0.113495 0.372612 -0.788054
v 0.000009 0.275731 -0.898399
v -0.000071 0.237309 -0.927700
v 0.033186 0.266638 -0.903768
v -0.033207 0.267313 -0.903845
v 0.033216 0.247589 -0.917852
v -0.033286 0.247958 -0.918005
v 0.094051 0.309697 -0.862591
v 0.159676 0.297118 -0.866511
v 0.118411 0.323355 -0.846096
v 0.097494 0.291211 -0.879310
v 0.150981 0.316659 -0.847820
v 0.130751 0.284721 -0.881669
v -0.094283 0.311166 -0.862916
v -0.160196 0.296930 -0.866766
v -0.117963 0.322537 -0.845940
v -0.097009 0.291258 -0.879018
v -0.151215 0.316087 -0.847960
v -0.130534 0.283980 -0.881479
v 0.862941 0.057852 -0.498374
v 0.865863 0.102537 -0.474777
v 0.846689 0.074290 -0.519529
v 0.876554 0.059382 -0.465119
v 0.847633 0.096343 -0.507574
v 0.878993 0.082945 -0.454196
v 0.862265 -0.058607 -0.497922
v 0.865822 -0.102424 -0.474924
v 0.845857 -0.075497 -0.519091
v 0.876420 -0.059290 -0.465017
v 0.847641 -0.096955 -0.507669
v 0.879194 -0.082833 -0.454294
v 0.807370 -0.033524 -0.587051
v 0.771509 -0.057733 -0.637316
v 0.807076 -0.058052 -0.582199
v 0.813130 -0.018312 -0.617619
v 0.789388 -0.070227 -0.604799
v 0.797058 -0.025032 -0.645360
v 0.807663 0.032432 -0.589544
v 0.768477 0.061125 -0.634625
v 0.807220 0.056946 -0.582910
v 0.797528 0.022994 -0.615916
v 0.787980 0.071356 -0.604356
v 0.774408 0.034946 -0.639875
v 0.768847 0.000153 -0.354868
v 0.900545 0.000090 -0.360656
v 0.869814 0.005649 -0.398317
v 0.866225 -0.006084 -0.395827
v 0.897892 0.017327 -0.379391
v 0.896497 -0.017113 -0.378075
v 0.865014 0.053191 0.498405
v 0.865616 0.102645 0.474807
v 0.847348 0.073605 0.520036
v 0.878412 0.056701 0.464909
v 0.847511 0.095757 0.507760
v 0.878800 0.082434 0.454765
v 0.863921 -0.055848 0.498163
v 0.866422 -0.102582 0.474962
v 0.846364 -0.074000 0.519470
v 0.877563 -0.057324 0.464560
v 0.847291 -0.095332 0.507670
v 0.879240 -0.082572 0.454887
v 0.810835 -0.033140 0.592493
v 0.766436 -0.061811 0.634011
v 0.807318 -0.058099 0.583629
v 0.791326 -0.021291 0.617359
v 0.787551 -0.071641 0.604170
v 0.765431 -0.033713 0.635307
v 0.824713 0.026522 0.598826
v 0.766383 0.061138 0.633784
v 0.811823 0.054455 0.586299
v 0.798972 0.016684 0.622134
v 0.788817 0.069901 0.605026
v 0.765746 0.033910 0.633375
v 0.870459 0.000267 0.285027
v 0.903051 0.000186 0.368342
v 0.890075 0.014574 0.403620
v 0.886194 -0.011347 0.402699
v 0.900368 0.020236 0.385278
v 0.900378 -0.019525 0.386209
v -0.862159 0.059362 -0.496405
v -0.867046 0.102842 -0.474456
v -0.845722 0.074695 -0.518304
v -0.878605 0.059674 -0.465222
v -0.847879 0.096556 -0.507165
v -0.881034 0.082887 -0.453893
v -0.862782 -0.058826 -0.497048
v -0.866696 -0.102476 -0.474509
v -0.846062 -0.074521 -0.518532
v -0.879194 -0.058905 -0.465857
v -0.848138 -0.096402 -0.507348
v -0.881060 -0.082607 -0.454036
v -0.804412 -0.034041 -0.587793
v -0.767673 -0.060834 -0.634832
v -0.806292 -0.058289 -0.582530
v -0.790154 -0.022659 -0.611607
v -0.788531 -0.072313 -0.605428
v -0.766752 -0.031892 -0.631442
v -0.805881 0.028348 -0.587999
v -0.773892 0.054969 -0.637202
v -0.806770 0.056386 -0.582720
v -0.810008 0.011469 -0.615809
v -0.790101 0.068563 -0.604837
v -0.796942 0.021943 -0.645579
v -0.594438 -0.000033 -0.681998
v -0.830930 0.000009 -0.152613
v -0.786270 -0.000543 -0.436342
v -0.800728 0.000644 -0.440930
v -0.824672 -0.000988 -0.325914
v -0.832128 0.000948 -0.329933
v -0.863549 0.057674 0.497459
v -0.864669 0.102985 0.473256
v -0.847359 0.074602 0.519278
v -0.875939 0.061366 0.463788
v -0.846694 0.095922 0.506761
v -0.877938 0.083540 0.452361
v -0.862149 -0.059946 0.496547
v -0.864580 -0.103178 0.473438
v -0.846908 -0.075933 0.519160
v -0.875379 -0.062376 0.463497
v -0.846447 -0.096290 0.506783
v -0.878286 -0.084528 0.452371
v -0.805924 -0.028402 0.587554
v -0.771872 -0.057586 0.636952
v -0.807357 -0.055517 0.583181
v -0.821805 -0.008979 0.618357
v -0.789823 -0.069448 0.605496
v -0.796978 -0.025791 0.642322
v -0.797931 0.031661 0.588787
v -0.767549 0.059623 0.634163
v -0.805310 0.057464 0.583789
v -0.789522 0.019021 0.613084
v -0.787987 0.071630 0.605303
v -0.768616 0.028303 0.635591
v -0.881951 0.000127 0.438263
v -0.494864 0.000016 0.759205
v -0.891202 0.020474 0.428411
v -0.891600 -0.020148 0.428235
v -0.874155 0.000243 0.446815
v -0.875621 -0.000455 0.447034
v -0.107091 0.562813 0.000047
v -0.175517 0.564428 -0.000057
v -0.125469 0.560309 0.033379
v -0.125243 0.562162 -0.033460
v -0.159947 0.561272 0.033313
v -0.159328 0.563648 -0.033413
v 0.107207 0.561143 0.000056
v 0.175657 0.563609 0.000042
v 0.125184 0.560920 0.033474
v 0.125286 0.562305 -0.033317
v 0.159518 0.563682 0.033371
v 0.159453 0.564601 -0.033315
v -0.057465 0.525859 0.100052
v -0.098932 0.515348 0.166297
v -0.094532 0.534210 0.099977
v -0.040577 0.510545 0.133380
v -0.115473 0.529763 0.133092
v -0.060407 0.507650 0.166499
v -0.057907 0.522299 -0.100156
v -0.099077 0.513988 -0.166307
v -0.094934 0.531758 -0.100026
v -0.039453 0.511996 -0.133414
v -0.115160 0.528523 -0.133098
v -0.060483 0.505420 -0.166553
v 0.058145 0.525732 0.100061
v 0.098822 0.515632 0.166230
v 0.094614 0.535340 0.099968
v 0.040085 0.513619 0.133343
v 0.115179 0.531316 0.133073
v 0.059894 0.508870 0.166459
v 0.057618 0.523703 -0.100085
v 0.099233 0.513311 -0.166340
v 0.094386 0.533662 -0.099966
v 0.040211 0.510628 -0.133508
v 0.115412 0.528669 -0.133140
v 0.059916 0.507083 -0.166564
v -0.361142 0.483268 0.410258
v -0.392224 0.499008 0.350549
v -0.342403 0.500754 0.384348
v -0.396165 0.475548 0.404731
v -0.357801 0.505450 0.353422
v -0.411956 0.485951 0.376269
v -0.253297 0.460501 0.584080
v -0.216080 0.445587 0.634424
v -0.216409 0.466852 0.586851
v -0.270976 0.449138 0.607684
v -0.197330 0.458020 0.612017
v -0.251943 0.440801 0.632722
v -0.254124 0.488803 0.418514
v -0.217753 0.494433 0.358851
v -0.272172 0.498988 0.387415
v -0.217220 0.484480 0.421303
v -0.253659 0.503053 0.357459
v -0.199017 0.485501 0.391555
v -0.416542 0.425237 0.480463
v -0.487196 0.408821 0.461593
v -0.433783 0.434603 0.448937
v -0.433606 0.408288 0.503977
v -0.469209 0.427125 0.439574
v -0.468639 0.400376 0.494385
v -0.196978 0.483526 0.512621
v -0.119025 0.484642 0.519578
v -0.177538 0.484913 0.542121
v -0.178014 0.481666 0.485353
v -0.138616 0.486590 0.545945
v -0.139041 0.481167 0.488623
v -0.358938 0.419776 0.573718
v -0.388109 0.392189 0.622110
v -0.339424 0.422021 0.602494
v -0.394123 0.404098 0.568699
v -0.353999 0.408295 0.627208
v -0.408637 0.391094 0.592220
v -0.360912 0.480636 -0.409610
v -0.391937 0.498915 -0.350153
v -0.342431 0.500353 -0.385023
v -0.395948 0.472491 -0.403434
v -0.357716 0.505995 -0.353774
v -0.411609 0.483086 -0.373813
v -0.253626 0.459652 -0.584026
v -0.215675 0.444440 -0.634500
v -0.216245 0.465524 -0.586879
v -0.270298 0.446057 -0.607549
v -0.197350 0.457177 -0.611985
v -0.251285 0.438841 -0.632753
v -0.254208 0.488196 -0.418612
v -0.217475 0.496596 -0.358930
v -0.272121 0.497942 -0.387295
v -0.217113 0.485104 -0.421238
v -0.254161 0.504870 -0.357426
v -0.198901 0.487280 -0.391497
v -0.416346 0.426202 -0.480674
v -0.486831 0.407218 -0.461570
v -0.433778 0.434687 -0.449108
v -0.433400 0.408975 -0.503889
v -0.469168 0.426132 -0.439670
v -0.468498 0.398690 -0.494322
v -0.196928 0.481364 -0.511874
v -0.118992 0.482952 -0.519355
v -0.177796 0.485497 -0.542215
v -0.177952 0.481060 -0.485631
v -0.138664 0.487515 -0.546024
v -0.139026 0.480779 -0.488516
v -0.358850 0.420846 -0.573437
v -0.388053 0.392524 -0.621846
v -0.339567 0.423188 -0.602988
v -0.393850 0.404474 -0.567847
v -0.354038 0.409520 -0.628273
v -0.408474 0.390748 -0.591553
v -0.771005 0.351993 -0.253096
v -0.743018 0.386956 -0.216830
v -0.746785 0.368018 -0.270326
v -0.779527 0.352975 -0.216223
v -0.732276 0.385692 -0.251840
v -0.765511 0.369040 -0.197997
v -0.838022 0.259757 -0.361136
v -0.850801 0.222170 -0.392136
v -0.824275 0.255385 -0.396101
v -0.857178 0.243836 -0.342166
v -0.830440 0.236263 -0.411588
v -0.863352 0.225044 -0.357736
v -0.734643 0.341338 -0.358772
v -0.678943 0.360930 -0.388156
v -0.720927 0.356875 -0.339225
v -0.720855 0.336153 -0.393829
v -0.693218 0.368109 -0.353914
v -0.693287 0.344561 -0.408611
v -0.835007 0.303071 -0.196909
v -0.845002 0.302863 -0.119177
v -0.820904 0.319097 -0.177585
v -0.855053 0.286876 -0.178122
v -0.826510 0.318983 -0.138765
v -0.859472 0.286749 -0.139169
v -0.771294 0.296695 -0.416756
v -0.741467 0.284355 -0.487415
v -0.780760 0.280448 -0.434495
v -0.746358 0.306840 -0.433587
v -0.765426 0.273436 -0.469555
v -0.731243 0.300175 -0.468815
v -0.871514 0.260726 -0.254965
v -0.900209 0.224705 -0.218146
v -0.878931 0.245206 -0.272547
v -0.878533 0.258481 -0.217853
v -0.892534 0.225767 -0.253740
v -0.893285 0.241025 -0.199544
v -0.770845 0.353091 0.253206
v -0.742720 0.385670 0.216595
v -0.746423 0.367774 0.270419
v -0.779794 0.353544 0.216333
v -0.731887 0.383527 0.251751
v -0.765031 0.369180 0.197684
v -0.837260 0.257484 0.360811
v -0.851750 0.222175 0.392355
v -0.823673 0.254078 0.396048
v -0.857269 0.242413 0.342080
v -0.831742 0.236778 0.412007
v -0.864107 0.224503 0.357859
v -0.734579 0.342760 0.358769
v -0.678974 0.361525 0.388105
v -0.721485 0.359640 0.339445
v -0.720938 0.337370 0.393758
v -0.693320 0.369363 0.354042
v -0.693280 0.346002 0.408464
v -0.835718 0.302518 0.196968
v -0.845247 0.303003 0.119162
v -0.821630 0.318533 0.177608
v -0.854821 0.287156 0.178142
v -0.826486 0.319314 0.138740
v -0.859512 0.286787 0.139149
v -0.771400 0.297581 0.416892
v -0.740967 0.286014 0.487090
v -0.780925 0.281900 0.434762
v -0.746154 0.307209 0.433510
v -0.765863 0.276171 0.469960
v -0.731150 0.301871 0.468760
v -0.871317 0.260909 0.254871
v -0.901021 0.226181 0.218845
v -0.879656 0.245026 0.272666
v -0.878707 0.258807 0.217964
v -0.894312 0.227121 0.254413
v -0.893369 0.241650 0.199848
v 0.360787 0.477967 0.409026
v 0.391975 0.497590 0.350606
v 0.342189 0.495226 0.383419
v 0.395938 0.470754 0.403817
v 0.357668 0.504653 0.354250
v 0.411680 0.482068 0.375196
v 0.253613 0.460065 0.584040
v 0.215516 0.444755 0.634460
v 0.217178 0.467472 0.586747
v 0.270765 0.446492 0.607577
v 0.197512 0.457571 0.611956
v 0.251166 0.438728 0.632656
v 0.254437 0.489875 0.418681
v 0.217788 0.494191 0.358794
v 0.272515 0.498977 0.387513
v 0.217497 0.484485 0.421334
v 0.253814 0.503108 0.357486
v 0.199201 0.485225 0.391468
v 0.196918 0.482683 0.512000
v 0.118856 0.484551 0.519897
v 0.177575 0.486475 0.542036
v 0.177970 0.480717 0.485128
v 0.138353 0.487987 0.546591
v 0.139001 0.479326 0.488758
v 0.416141 0.425609 0.480491
v 0.487117 0.409180 0.461526
v 0.434152 0.433878 0.449032
v 0.433318 0.408706 0.503917
v 0.469042 0.427226 0.439571
v 0.468197 0.400944 0.494355
v 0.358946 0.419918 0.573772
v 0.388098 0.390048 0.621857
v 0.339635 0.423388 0.602954
v 0.394024 0.403500 0.568203
v 0.354097 0.408478 0.628176
v 0.408602 0.389275 0.591901
v 0.360941 0.481735 -0.409642
v 0.392137 0.498269 -0.350659
v 0.342502 0.502930 -0.385371
v 0.396031 0.473428 -0.403797
v 0.357762 0.507597 -0.354037
v 0.411764 0.482358 -0.374147
v 0.254026 0.463333 -0.584247
v 0.216879 0.447211 -0.634316
v 0.216512 0.467232 -0.586925
v 0.270291 0.445785 -0.607410
v 0.198105 0.459016 -0.611917
v 0.252155 0.442147 -0.632608
v 0.254100 0.489989 -0.418582
v 0.217692 0.496662 -0.358874
v 0.271983 0.499454 -0.387491
v 0.217260 0.485901 -0.421367
v 0.253736 0.505162 -0.357497
v 0.199452 0.485724 -0.391677
v 0.197006 0.483400 -0.511961
v 0.119079 0.483089 -0.519673
v 0.177651 0.485641 -0.542066
v 0.178102 0.482343 -0.484984
v 0.138613 0.486971 -0.546031
v 0.139177 0.480704 -0.488540
v 0.416218 0.425925 -0.480546
v 0.487186 0.408048 -0.461587
v 0.433568 0.435657 -0.448919
v 0.433648 0.407108 -0.504010
v 0.469074 0.427241 -0.439625
v 0.469446 0.396674 -0.494455
v 0.358772 0.418663 -0.573306
v 0.388053 0.390951 -0.622638
v 0.339401 0.421059 -0.602818
v 0.393853 0.403601 -0.567620
v 0.354006 0.407603 -0.627304
v 0.408584 0.388965 -0.592776
v 0.771188 0.354456 -0.253294
v 0.742089 0.385540 -0.216133
v 0.746693 0.368843 -0.270372
v 0.779721 0.353704 -0.216326
v 0.732660 0.385736 -0.252092
v 0.765691 0.369251 -0.198021
v 0.836711 0.257878 -0.360734
v 0.852024 0.222517 -0.392356
v 0.823149 0.253451 -0.395809
v 0.856601 0.243369 -0.342071
v 0.830792 0.235700 -0.411734
v 0.863875 0.225373 -0.357808
v 0.734632 0.343499 -0.358775
v 0.679324 0.359651 -0.388203
v 0.721000 0.358814 -0.339328
v 0.721741 0.336739 -0.393915
v 0.693240 0.367825 -0.353987
v 0.694478 0.343117 -0.408735
v 0.835063 0.304331 -0.196973
v 0.845305 0.303997 -0.119055
v 0.820947 0.320509 -0.177606
v 0.854867 0.288078 -0.178189
v 0.826517 0.319968 -0.138683
v 0.859479 0.287785 -0.139071
v 0.771753 0.297046 -0.416900
v 0.742369 0.284819 -0.488079
v 0.780706 0.279509 -0.434490
v 0.745779 0.306381 -0.433235
v 0.765552 0.272836 -0.469745
v 0.731143 0.300030 -0.468826
v 0.869891 0.260946 -0.254570
v 0.898574 0.225496 -0.218418
v 0.877699 0.245343 -0.272302
v 0.878599 0.259345 -0.218130
v 0.892695 0.227835 -0.254105
v 0.891802 0.241838 -0.199775
v 0.771538 0.354201 0.253419
v 0.742276 0.384972 0.216345
v 0.746556 0.368751 0.270300
v 0.780389 0.354390 0.216598
v 0.731855 0.384272 0.251676
v 0.765126 0.370124 0.197692
v 0.837479 0.260292 0.361004
v 0.849598 0.222780 0.391974
v 0.824842 0.257387 0.396248
v 0.856831 0.244513 0.342042
v 0.830081 0.237135 0.411579
v 0.863318 0.226517 0.357548
v 0.734351 0.342498 0.358678
v 0.679055 0.360374 0.388178
v 0.720931 0.358968 0.339225
v 0.720749 0.335833 0.393773
v 0.693280 0.368446 0.353971
v 0.693690 0.343939 0.408641
v 0.835978 0.303024 0.196956
v 0.844974 0.303418 0.119191
v 0.821351 0.319535 0.177613
v 0.855254 0.287783 0.178193
v 0.826503 0.319636 0.138732
v 0.859333 0.287402 0.139310
v 0.771792 0.297513 0.417037
v 0.742051 0.285950 0.487843
v 0.780206 0.280825 0.434081
v 0.746363 0.306975 0.433647
v 0.765291 0.274531 0.469460
v 0.731820 0.301836 0.469234
v 0.871339 0.262606 0.255017
v 0.898760 0.226493 0.218401
v 0.878205 0.246470 0.272421
v 0.878401 0.260650 0.218077
v 0.891382 0.227586 0.253658
v 0.891361 0.242287 0.199659
v -0.106968 -0.563123 -0.000003
v -0.175722 -0.561309 -0.000019
v -0.125095 -0.563153 0.033394
v -0.125507 -0.559293 -0.033405
v -0.158849 -0.563008 0.033357
v -0.159820 -0.561821 -0.033355
v 0.107053 -0.564983 0.000064
v 0.175071 -0.563347 0.000058
v 0.125541 -0.561625 0.033419
v 0.125333 -0.562010 -0.033264
v 0.158897 -0.565569 0.033397
v 0.159723 -0.562418 -0.033267
v -0.058413 -0.523464 0.100169
v -0.099436 -0.511205 0.166304
v -0.094720 -0.536024 0.100002
v -0.039475 -0.513450 0.133361
v -0.115591 -0.529895 0.133095
v -0.060420 -0.505966 0.166507
v -0.058711 -0.517873 -0.100269
v -0.098936 -0.514725 -0.166338
v -0.094876 -0.532723 -0.100060
v -0.039585 -0.510495 -0.133474
v -0.115454 -0.530481 -0.133167
v -0.060529 -0.504842 -0.166625
v 0.057627 -0.526691 0.100016
v 0.099281 -0.515516 0.166250
v 0.094479 -0.535861 0.099923
v 0.039844 -0.513479 0.133323
v 0.115475 -0.530839 0.133068
v 0.060998 -0.507751 0.166528
v 0.057819 -0.523764 -0.100140
v 0.099100 -0.513693 -0.166361
v 0.094522 -0.534111 -0.100009
v 0.039466 -0.513013 -0.133439
v 0.115444 -0.528374 -0.133173
v 0.060024 -0.507836 -0.166578
v -0.361121 -0.484402 0.410016
v -0.392249 -0.499094 0.349454
v -0.342409 -0.502721 0.384746
v -0.396123 -0.475980 0.404245
v -0.357859 -0.507257 0.353241
v -0.411852 -0.486664 0.375459
v -0.253563 -0.461152 0.584142
v -0.215999 -0.445396 0.634470
v -0.216352 -0.466950 0.587025
v -0.271227 -0.449526 0.607799
v -0.197202 -0.457839 0.612090
v -0.251647 -0.439743 0.632794
v -0.254375 -0.493273 0.418664
v -0.218261 -0.496681 0.358884
v -0.272122 -0.500863 0.387472
v -0.217101 -0.488480 0.421144
v -0.253894 -0.505393 0.357510
v -0.199601 -0.488173 0.391598
v -0.416413 -0.426718 0.480520
v -0.487337 -0.408540 0.461568
v -0.433617 -0.437135 0.448844
v -0.433289 -0.410395 0.503948
v -0.469016 -0.428317 0.439530
v -0.468690 -0.400327 0.494438
v -0.196925 -0.483717 0.512310
v -0.118971 -0.487365 0.519960
v -0.177651 -0.485193 0.541656
v -0.177944 -0.482484 0.485030
v -0.138567 -0.491146 0.546822
v -0.139048 -0.482544 0.488601
v -0.358979 -0.419520 0.574046
v -0.388144 -0.392344 0.621943
v -0.339500 -0.421735 0.602748
v -0.394217 -0.404334 0.569001
v -0.354023 -0.407832 0.627338
v -0.408626 -0.391596 0.591758
v -0.361005 -0.484344 -0.409831
v -0.391950 -0.501646 -0.350949
v -0.342511 -0.500861 -0.384686
v -0.395935 -0.474805 -0.403724
v -0.357810 -0.508570 -0.354304
v -0.411564 -0.485711 -0.373991
v -0.254700 -0.464596 -0.584042
v -0.216050 -0.443752 -0.634500
v -0.216993 -0.468223 -0.586676
v -0.270939 -0.447136 -0.607473
v -0.197611 -0.457337 -0.611937
v -0.251455 -0.438269 -0.632755
v -0.253989 -0.488705 -0.418456
v -0.218113 -0.493082 -0.358785
v -0.272017 -0.497739 -0.387248
v -0.217080 -0.484170 -0.421258
v -0.254177 -0.503297 -0.357301
v -0.199115 -0.483866 -0.391468
v -0.416623 -0.426122 -0.480640
v -0.486532 -0.408497 -0.461639
v -0.434320 -0.433854 -0.449119
v -0.433176 -0.409590 -0.503898
v -0.469167 -0.426452 -0.439642
v -0.468314 -0.399237 -0.494366
v -0.196931 -0.481976 -0.512025
v -0.119025 -0.484623 -0.519392
v -0.177653 -0.484039 -0.541398
v -0.177954 -0.480469 -0.485563
v -0.138628 -0.487920 -0.546012
v -0.139058 -0.479776 -0.489144
v -0.358811 -0.419804 -0.573938
v -0.387999 -0.392728 -0.621806
v -0.339407 -0.422146 -0.602582
v -0.393919 -0.404370 -0.568389
v -0.354042 -0.408969 -0.626870
v -0.408430 -0.390950 -0.592022
v -0.770666 -0.351965 -0.252926
v -0.743095 -0.386756 -0.216874
v -0.746083 -0.367043 -0.270007
v -0.779566 -0.352811 -0.216213
v -0.731744 -0.384286 -0.251530
v -0.765692 -0.370091 -0.198084
v -0.837220 -0.257997 -0.361061
v -0.851658 -0.222252 -0.392206
v -0.823601 -0.254028 -0.396035
v -0.857005 -0.243234 -0.342200
v -0.830856 -0.235806 -0.411679
v -0.863315 -0.224727 -0.357777
v -0.734552 -0.342685 -0.358728
v -0.678926 -0.360655 -0.388148
v -0.720900 -0.358692 -0.339210
v -0.721273 -0.336222 -0.393883
v -0.693142 -0.368882 -0.353931
v -0.693216 -0.344611 -0.408577
v -0.834892 -0.303800 -0.196880
v -0.845718 -0.301737 -0.119115
v -0.821045 -0.319502 -0.177607
v -0.854400 -0.287364 -0.178049
v -0.826351 -0.319307 -0.138747
v -0.859861 -0.285760 -0.139144
v -0.771648 -0.298492 -0.416934
v -0.742085 -0.285413 -0.487828
v -0.780288 -0.280517 -0.434193
v -0.746377 -0.306944 -0.433575
v -0.765557 -0.274080 -0.469627
v -0.731118 -0.300453 -0.468732
v -0.871742 -0.260849 -0.254984
v -0.900209 -0.225691 -0.218129
v -0.878956 -0.245083 -0.272530
v -0.878462 -0.258494 -0.217797
v -0.892765 -0.226466 -0.253807
v -0.893353 -0.241904 -0.199546
v -0.770989 -0.352929 0.253229
v -0.742969 -0.386004 0.216688
v -0.746075 -0.367378 0.270244
v -0.779638 -0.353806 0.216213
v -0.731998 -0.384136 0.251795
v -0.765419 -0.369767 0.197866
v -0.837781 -0.258846 0.360837
v -0.852052 -0.221930 0.392373
v -0.823846 -0.254277 0.395999
v -0.857303 -0.243119 0.342091
v -0.830820 -0.235528 0.411758
v -0.864256 -0.224812 0.357906
v -0.734154 -0.342046 0.358671
v -0.679205 -0.360079 0.388033
v -0.721361 -0.359090 0.339377
v -0.720894 -0.335379 0.393770
v -0.693349 -0.368947 0.353980
v -0.693693 -0.343381 0.408513
v -0.835335 -0.303384 0.196944
v -0.845260 -0.303439 0.119175
v -0.820965 -0.320068 0.177564
v -0.854620 -0.287596 0.178125
v -0.826409 -0.320161 0.138745
v -0.859365 -0.287026 0.139156
v -0.771280 -0.297553 0.416867
v -0.741743 -0.285686 0.487653
v -0.780190 -0.280574 0.434324
v -0.746557 -0.306873 0.433778
v -0.765508 -0.274567 0.469758
v -0.731222 -0.300636 0.468845
v -0.871547 -0.260910 0.254976
v -0.900566 -0.223564 0.218662
v -0.879736 -0.245226 0.272749
v -0.878838 -0.257701 0.218025
v -0.894793 -0.226816 0.254655
v -0.893154 -0.240124 0.199754
v 0.360895 -0.480267 0.409113
v 0.391910 -0.501356 0.351187
v 0.342329 -0.498005 0.383868
v 0.396110 -0.473454 0.403652
v 0.357694 -0.506476 0.354190
v 0.411755 -0.484406 0.374560
v 0.253594 -0.461594 0.584130
v 0.216715 -0.446883 0.634298
v 0.216237 -0.466276 0.586866
v 0.270714 -0.449029 0.607480
v 0.197379 -0.458269 0.611949
v 0.252011 -0.442441 0.632526
v 0.254469 -0.488734 0.418545
v 0.217460 -0.493896 0.358882
v 0.272909 -0.499458 0.387474
v 0.217717 -0.482714 0.421336
v 0.253932 -0.503278 0.357456
v 0.200037 -0.480355 0.391449
v 0.197092 -0.483695 0.513400
v 0.119009 -0.484542 0.519460
v 0.177708 -0.483755 0.542069
v 0.178046 -0.481365 0.485319
v 0.138570 -0.486141 0.546011
v 0.139039 -0.480261 0.488957
v 0.416777 -0.425921 0.480693
v 0.486370 -0.410076 0.461649
v 0.433906 -0.436034 0.449008
v 0.433556 -0.409517 0.504001
v 0.469487 -0.428079 0.439594
v 0.468189 -0.401350 0.494413
v 0.358808 -0.420016 0.573605
v 0.388108 -0.391781 0.622243
v 0.339484 -0.423592 0.603157
v 0.394024 -0.404635 0.568824
v 0.354105 -0.408842 0.627860
v 0.408537 -0.391961 0.592222
v 0.361087 -0.482931 -0.410385
v 0.392016 -0.499676 -0.351307
v 0.342300 -0.498170 -0.383656
v 0.396199 -0.474855 -0.404831
v 0.357696 -0.505722 -0.353631
v 0.411811 -0.485080 -0.374696
v 0.253568 -0.461233 -0.584165
v 0.215713 -0.445271 -0.634410
v 0.216422 -0.466601 -0.586996
v 0.270757 -0.448145 -0.607592
v 0.197526 -0.458817 -0.612036
v 0.251856 -0.439198 -0.632656
v 0.254237 -0.490012 -0.418683
v 0.217648 -0.496565 -0.358892
v 0.272282 -0.499575 -0.387533
v 0.217281 -0.485752 -0.421421
v 0.254101 -0.505485 -0.357518
v 0.199254 -0.486531 -0.391618
v 0.196973 -0.482117 -0.511651
v 0.118984 -0.483910 -0.519657
v 0.177698 -0.482467 -0.541215
v 0.178064 -0.480922 -0.484862
v 0.138549 -0.487974 -0.546468
v 0.139096 -0.479533 -0.488675
v 0.416925 -0.422917 -0.480694
v 0.487030 -0.408629 -0.461552
v 0.434430 -0.432421 -0.449067
v 0.433279 -0.408984 -0.503879
v 0.469113 -0.426770 -0.439580
v 0.468349 -0.400406 -0.494314
v 0.358728 -0.419256 -0.573426
v 0.388098 -0.391388 -0.622172
v 0.339279 -0.420888 -0.602221
v 0.393918 -0.402916 -0.568352
v 0.353986 -0.406795 -0.626781
v 0.408610 -0.389635 -0.592750
v 0.771688 -0.354990 -0.253571
v 0.742648 -0.384650 -0.216536
v 0.746513 -0.368141 -0.270296
v 0.779774 -0.354343 -0.216392
v 0.731991 -0.383473 -0.251765
v 0.765082 -0.370377 -0.197733
v 0.836796 -0.258571 -0.360784
v 0.851963 -0.223274 -0.392430
v 0.823437 -0.254341 -0.395899
v 0.857291 -0.244611 -0.342193
v 0.831152 -0.236407 -0.411864
v 0.864318 -0.226562 -0.357900
v 0.734611 -0.342863 -0.358737
v 0.679317 -0.360366 -0.388193
v 0.721071 -0.358865 -0.339341
v 0.720899 -0.336107 -0.393704
v 0.693286 -0.368534 -0.354006
v 0.694498 -0.344044 -0.408700
v 0.835130 -0.303992 -0.196987
v 0.845704 -0.302640 -0.118993
v 0.821074 -0.319872 -0.177625
v 0.854922 -0.287537 -0.178174
v 0.826613 -0.319531 -0.138674
v 0.859802 -0.286832 -0.139012
v 0.771824 -0.298015 -0.416885
v 0.741498 -0.285535 -0.487473
v 0.781182 -0.280633 -0.434720
v 0.745794 -0.306984 -0.433243
v 0.766227 -0.274938 -0.470141
v 0.730873 -0.300575 -0.468633
v 0.869366 -0.260039 -0.254439
v 0.898672 -0.225127 -0.218452
v 0.877068 -0.244580 -0.272111
v 0.878706 -0.258599 -0.218175
v 0.892368 -0.227191 -0.253963
v 0.891526 -0.241364 -0.199632
v 0.772009 -0.354063 0.253700
v 0.742044 -0.386825 0.216173
v 0.746396 -0.367879 0.270305
v 0.779869 -0.353506 0.216391
v 0.731964 -0.384791 0.251782
v 0.765349 -0.370311 0.197795
v 0.837581 -0.259692 0.360967
v 0.849660 -0.221131 0.391964
v 0.823625 -0.254747 0.395969
v 0.856879 -0.244230 0.342001
v 0.829828 -0.235368 0.411488
v 0.863434 -0.224913 0.357517
v 0.734394 -0.341597 0.358707
v 0.678966 -0.360482 0.388145
v 0.720970 -0.358091 0.339246
v 0.720737 -0.336139 0.393774
v 0.693221 -0.368943 0.353969
v 0.693147 -0.344907 0.408551
v 0.835699 -0.304317 0.196984
v 0.845161 -0.303766 0.119146
v 0.821121 -0.319935 0.177590
v 0.854437 -0.289383 0.178221
v 0.826727 -0.319313 0.138705
v 0.859309 -0.288547 0.139305
v 0.771736 -0.297028 0.416992
v 0.741782 -0.284766 0.487618
v 0.780665 -0.280392 0.434389
v 0.746352 -0.306359 0.433602
v 0.765550 -0.273923 0.469612
v 0.731374 -0.299421 0.468925
v 0.870763 -0.262005 0.254833
v 0.898545 -0.227168 0.218288
v 0.878342 -0.245748 0.272492
v 0.878645 -0.260733 0.218158
v 0.891952 -0.228027 0.253884
v 0.891544 -0.242731 0.199738
v 0.000816 -0.065777 0.992585
v -0.000010 -0.113040 0.985210
v 0.033489 -0.079506 0.989668
v -0.032739 -0.077033 0.989889
v 0.033307 -0.102504 0.985698
v -0.033064 -0.101725 0.985490
v 0.000568 0.066285 0.992351
v -0.000033 0.113121 0.985302
v 0.033406 0.079770 0.989752
v -0.032910 0.077639 0.989881
v 0.033280 0.102629 0.985850
v -0.033172 0.101976 0.985495
v 0.096752 -0.030684 0.984768
v 0.166523 -0.058593 0.981372
v 0.099022 -0.057715 0.988648
v 0.128152 -0.015738 0.964469
v 0.132880 -0.070835 0.983766
v 0.166082 -0.029956 0.977621
v -0.122471 -0.005964 0.973009
v -0.166168 -0.060755 0.980071
v -0.102271 -0.050019 0.985503
v -0.159985 -0.014962 0.976290
v -0.133275 -0.070147 0.981477
v -0.169757 -0.034830 0.981317
v 0.097547 0.029732 0.987593
v 0.166518 0.057814 0.982057
v 0.099291 0.057411 0.989122
v 0.130016 0.009274 0.975279
v 0.132948 0.070171 0.983969
v 0.166453 0.028026 0.981509
v -0.108032 0.015325 0.977903
v -0.166089 0.060188 0.979686
v -0.100683 0.052472 0.986247
v -0.142803 0.017550 0.975147
v -0.133046 0.070313 0.981591
v -0.167871 0.034092 0.979573
v 0.410426 -0.224877 0.838198
v 0.350188 -0.246933 0.851205
v 0.403720 -0.247196 0.823876
v 0.383662 -0.213444 0.857711
v 0.373830 -0.258234 0.830650
v 0.353476 -0.224618 0.864345
v 0.584469 -0.162070 0.771445
v 0.634354 -0.139465 0.742288
v 0.607589 -0.172574 0.745901
v 0.586730 -0.138219 0.778745
v 0.632817 -0.161409 0.731541
v 0.611661 -0.126192 0.763617
v 0.480602 -0.254535 0.770627
v 0.461747 -0.292665 0.740468
v 0.449365 -0.267657 0.780963
v 0.503987 -0.261935 0.745660
v 0.439836 -0.287208 0.765100
v 0.494555 -0.279415 0.730693
v 0.573920 -0.222862 0.735265
v 0.622373 -0.241182 0.679981
v 0.602916 -0.214095 0.721882
v 0.568071 -0.241796 0.721698
v 0.627163 -0.223214 0.694229
v 0.592203 -0.249782 0.694023
v 0.418538 -0.154713 0.869766
v 0.358377 -0.132005 0.906088
v 0.387042 -0.167023 0.878438
v 0.421008 -0.130084 0.877254
v 0.357041 -0.155914 0.897021
v 0.391236 -0.118466 0.895789
v 0.511115 -0.120073 0.834217
v 0.520841 -0.063571 0.849451
v 0.539904 -0.109748 0.820721
v 0.484487 -0.104524 0.854107
v 0.543699 -0.081882 0.827639
v 0.489618 -0.076054 0.862044
v -0.409900 -0.225321 0.837474
v -0.350125 -0.247285 0.850938
v -0.404270 -0.248389 0.824297
v -0.383022 -0.213642 0.856727
v -0.374371 -0.259644 0.830963
v -0.353444 -0.224783 0.863981
v -0.584276 -0.162262 0.771212
v -0.634321 -0.138707 0.741980
v -0.607574 -0.172589 0.745922
v -0.586626 -0.137751 0.779124
v -0.632807 -0.161080 0.731464
v -0.611702 -0.126064 0.764526
v -0.480576 -0.254232 0.770686
v -0.461716 -0.292314 0.740952
v -0.449273 -0.267264 0.780440
v -0.503903 -0.261797 0.745721
v -0.439767 -0.286993 0.765287
v -0.494559 -0.279762 0.730982
v -0.573777 -0.223931 0.735150
v -0.622638 -0.241926 0.680150
v -0.603523 -0.215151 0.722300
v -0.568074 -0.242058 0.721677
v -0.627026 -0.223408 0.694081
v -0.592048 -0.250353 0.693885
v -0.418561 -0.154354 0.870024
v -0.358674 -0.131823 0.907213
v -0.386981 -0.166753 0.879298
v -0.421131 -0.130634 0.878083
v -0.357130 -0.155610 0.898257
v -0.391402 -0.118810 0.896801
v -0.511660 -0.121019 0.835009
v -0.519665 -0.067522 0.846726
v -0.539754 -0.109869 0.821007
v -0.484652 -0.106772 0.854142
v -0.543406 -0.082681 0.827442
v -0.489126 -0.080462 0.860279
v 0.410529 0.225297 0.838328
v 0.350113 0.246575 0.851120
v 0.403964 0.247062 0.824077
v 0.383668 0.213557 0.857752
v 0.373590 0.258060 0.830508
v 0.353560 0.224839 0.864381
v 0.584288 0.162753 0.771435
v 0.634208 0.138614 0.741711
v 0.607500 0.172670 0.745843
v 0.586637 0.138320 0.779076
v 0.632692 0.161156 0.731368
v 0.611699 0.125659 0.763786
v 0.480586 0.254231 0.770674
v 0.461740 0.292494 0.740449
v 0.449265 0.266819 0.780455
v 0.504105 0.261363 0.746309
v 0.439800 0.287396 0.765711
v 0.494560 0.279628 0.730409
v 0.574737 0.224586 0.735944
v 0.621908 0.240492 0.679767
v 0.603121 0.214175 0.722027
v 0.567707 0.241612 0.721436
v 0.627187 0.222602 0.694218
v 0.592159 0.250130 0.694018
v 0.418605 0.154239 0.869895
v 0.358579 0.132104 0.906672
v 0.387093 0.166535 0.878534
v 0.421316 0.130088 0.877993
v 0.357149 0.155432 0.896912
v 0.391640 0.118909 0.896814
v 0.511928 0.120149 0.835576
v 0.519972 0.061848 0.842936
v 0.540598 0.110705 0.821806
v 0.485025 0.104560 0.854403
v 0.544119 0.084122 0.826126
v 0.488735 0.074837 0.858725
v -0.410213 0.224670 0.837790
v -0.350383 0.247345 0.851047
v -0.404266 0.247385 0.824203
v -0.383096 0.213422 0.856839
v -0.373957 0.258699 0.830622
v -0.353374 0.224692 0.863910
v -0.584291 0.161522 0.771425
v -0.634756 0.139057 0.742725
v -0.607664 0.171949 0.746383
v -0.586966 0.138055 0.779230
v -0.632916 0.160485 0.731421
v -0.612304 0.126894 0.764894
v -0.480576 0.254699 0.770723
v -0.461680 0.293396 0.740717
v -0.449111 0.266426 0.779808
v -0.503905 0.262486 0.745787
v -0.439668 0.287357 0.765052
v -0.494531 0.280404 0.730725
v -0.573841 0.223691 0.735231
v -0.622858 0.242208 0.680253
v -0.603059 0.213639 0.722018
v -0.567939 0.242468 0.721548
v -0.626333 0.222557 0.693700
v -0.592482 0.251206 0.694165
v -0.418549 0.154242 0.869635
v -0.358689 0.132065 0.907070
v -0.387084 0.166914 0.879242
v -0.420960 0.129754 0.877479
v -0.357244 0.155718 0.897611
v -0.391260 0.117882 0.895974
v -0.511999 0.120601 0.834707
v -0.519879 0.067041 0.846636
v -0.540405 0.110537 0.820781
v -0.484616 0.105197 0.854358
v -0.543488 0.084467 0.825636
v -0.489556 0.077794 0.862562
v -0.000362 -0.065904 -0.993883
v 0.000190 -0.112278 -0.983694
v 0.033050 -0.076816 -0.990240
v -0.033505 -0.079762 -0.991598
v 0.033390 -0.101378 -0.985411
v -0.033279 -0.102009 -0.987095
v -0.000262 0.065752 -0.994050
v 0.000144 0.112341 -0.983577
v 0.033210 0.076677 -0.990096
v -0.033461 0.079625 -0.991631
v 0.033343 0.101270 -0.985332
v -0.033262 0.101933 -0.986805
v 0.109834 -0.007506 -0.989303
v 0.166096 -0.059933 -0.981396
v 0.101562 -0.050897 -0.991140
v 0.145650 -0.014955 -0.983462
v 0.133454 -0.070304 -0.985044
v 0.167442 -0.032754 -0.982372
v -0.096035 -0.033099 -0.988300
v -0.162658 -0.046819 -0.978947
v -0.099491 -0.057919 -0.989324
v -0.098425 -0.006321 -0.973570
v -0.132988 -0.068937 -0.984425
v -0.136174 0.001064 -0.968690
v 0.116507 0.008010 -0.983010
v 0.166127 0.059793 -0.981750
v 0.102306 0.051779 -0.990007
v 0.150540 0.013150 -0.982108
v 0.133416 0.070624 -0.984752
v 0.168391 0.032067 -0.983174
v -0.098420 0.033590 -0.988480
v -0.166391 0.050861 -0.979984
v -0.099947 0.058075 -0.989364
v -0.125283 0.013781 -0.979096
v -0.133263 0.069781 -0.984336
v -0.165246 0.010406 -0.976341
v 0.410494 -0.225656 -0.837995
v 0.349936 -0.245933 -0.850692
v 0.404302 -0.248253 -0.824126
v 0.384152 -0.213376 -0.857855
v 0.373916 -0.258454 -0.830407
v 0.353559 -0.223962 -0.864163
v 0.584188 -0.161725 -0.770842
v 0.633638 -0.137505 -0.741442
v 0.607671 -0.172703 -0.746353
v 0.586279 -0.137196 -0.778316
v 0.632594 -0.160823 -0.731562
v 0.611285 -0.124444 -0.763456
v 0.480371 -0.254798 -0.770245
v 0.461657 -0.293354 -0.740787
v 0.449188 -0.267995 -0.780790
v 0.503840 -0.262190 -0.745593
v 0.439707 -0.288430 -0.765592
v 0.494522 -0.280208 -0.730854
v 0.573918 -0.223848 -0.735099
v 0.622572 -0.241972 -0.680039
v 0.602617 -0.214358 -0.721561
v 0.568083 -0.242455 -0.721600
v 0.627327 -0.223830 -0.694188
v 0.592111 -0.250674 -0.693915
v 0.418965 -0.153885 -0.871609
v 0.358853 -0.131647 -0.908117
v 0.387351 -0.166346 -0.879945
v 0.421484 -0.130551 -0.879233
v 0.357477 -0.155332 -0.898326
v 0.391529 -0.118725 -0.897357
v 0.512346 -0.122165 -0.835312
v 0.518181 -0.071938 -0.843931
v 0.539548 -0.110381 -0.820167
v 0.485556 -0.108315 -0.854808
v 0.542529 -0.084968 -0.825686
v 0.488781 -0.083427 -0.859218
v -0.410368 -0.225464 -0.838111
v -0.350239 -0.246659 -0.850869
v -0.404128 -0.247812 -0.824082
v -0.383981 -0.214254 -0.857883
v -0.374012 -0.259148 -0.830543
v -0.354545 -0.225292 -0.865125
v -0.584482 -0.161804 -0.771387
v -0.634030 -0.138707 -0.742013
v -0.607706 -0.172511 -0.746212
v -0.587017 -0.138060 -0.779476
v -0.632550 -0.160902 -0.731261
v -0.612017 -0.126531 -0.764791
v -0.480447 -0.254185 -0.770270
v -0.461626 -0.293113 -0.740256
v -0.449105 -0.267149 -0.780331
v -0.503810 -0.261908 -0.745303
v -0.439605 -0.287570 -0.765312
v -0.494457 -0.280045 -0.730254
v -0.574404 -0.223315 -0.735568
v -0.622299 -0.240479 -0.679978
v -0.603103 -0.213473 -0.721991
v -0.567998 -0.241672 -0.721488
v -0.627042 -0.221925 -0.694198
v -0.592217 -0.249665 -0.693961
v -0.418605 -0.154040 -0.870436
v -0.358437 -0.132406 -0.907598
v -0.387297 -0.166654 -0.879851
v -0.421060 -0.129407 -0.877964
v -0.357254 -0.155986 -0.897774
v -0.391139 -0.117573 -0.896168
v -0.512376 -0.120579 -0.835273
v -0.519956 -0.067819 -0.846700
v -0.540424 -0.110437 -0.820786
v -0.484980 -0.105258 -0.854361
v -0.544066 -0.085058 -0.826061
v -0.489736 -0.078305 -0.861204
v 0.410620 0.224896 -0.838109
v 0.349536 0.245991 -0.850550
v 0.404686 0.247431 -0.824411
v 0.384144 0.212706 -0.857910
v 0.373745 0.258259 -0.830445
v 0.353480 0.223500 -0.864193
v 0.584397 0.161715 -0.771075
v 0.634352 0.139961 -0.742779
v 0.607822 0.172444 -0.746599
v 0.586677 0.137660 -0.778426
v 0.632863 0.161285 -0.732182
v 0.611818 0.126166 -0.763649
v 0.480359 0.253418 -0.770346
v 0.461606 0.292405 -0.741139
v 0.449005 0.265833 -0.779811
v 0.503833 0.261248 -0.745800
v 0.439618 0.287554 -0.765748
v 0.494441 0.279615 -0.730761
v 0.574021 0.223506 -0.735208
v 0.622559 0.241504 -0.680080
v 0.602786 0.213309 -0.721686
v 0.567897 0.241794 -0.721438
v 0.627182 0.222705 -0.694116
v 0.592945 0.250994 -0.694495
v 0.418994 0.153417 -0.871328
v 0.358749 0.131716 -0.907650
v 0.387349 0.166187 -0.879658
v 0.421178 0.129686 -0.878329
v 0.357442 0.155521 -0.898358
v 0.391268 0.117947 -0.896327
v 0.512160 0.120632 -0.834564
v 0.519196 0.069339 -0.846799
v 0.539791 0.110009 -0.819890
v 0.484652 0.106093 -0.854114
v 0.543343 0.084819 -0.825725
v 0.488692 0.080150 -0.861179
v -0.410343 0.225573 -0.837985
v -0.350155 0.246969 -0.850856
v -0.404131 0.248134 -0.823975
v -0.383723 0.213659 -0.857526
v -0.374066 0.258844 -0.830504
v -0.354617 0.225122 -0.865151
v -0.584462 0.161804 -0.771346
v -0.633743 0.139191 -0.742182
v -0.607673 0.172697 -0.746246
v -0.586780 0.138111 -0.779251
v -0.632473 0.161177 -0.731308
v -0.611688 0.127014 -0.765057
v -0.480438 0.254542 -0.770392
v -0.461592 0.293521 -0.740532
v -0.448961 0.267320 -0.780208
v -0.503750 0.262279 -0.745336
v -0.439489 0.288382 -0.766387
v -0.494400 0.280691 -0.730506
v -0.574402 0.223790 -0.735499
v -0.622477 0.242039 -0.680023
v -0.603010 0.214067 -0.721874
v -0.568174 0.241872 -0.721573
v -0.627074 0.223410 -0.694171
v -0.591955 0.250366 -0.693735
v -0.418734 0.154011 -0.870753
v -0.358656 0.131836 -0.908413
v -0.387305 0.166318 -0.879868
v -0.421534 0.130279 -0.879513
v -0.357304 0.155126 -0.898006
v -0.391473 0.118959 -0.897342
v -0.512708 0.120550 -0.835776
v -0.519739 0.065498 -0.847114
v -0.540498 0.108997 -0.821357
v -0.486129 0.106625 -0.855611
v -0.544835 0.081803 -0.828384
v -0.489290 0.079767 -0.860131
v 0.785384 -0.000001 -0.333742
v 0.944363 0.000065 -0.180618
v 0.910413 0.005101 -0.164747
v 0.910637 -0.005479 -0.164813
v 0.944376 0.019803 -0.166475
v 0.942872 -0.019603 -0.166872
v 0.945705 0.000111 0.110078
v 0.918841 0.000012 0.169939
v 0.946884 0.021270 0.128402
v 0.946314 -0.021017 0.128528
v 0.937001 0.020608 0.158657
v 0.937634 -0.020568 0.158805
v 0.942101 0.054560 -0.063009
v 0.943652 0.103421 -0.099713
v 0.942798 0.056561 -0.096080
v 0.944565 0.079113 -0.042781
v 0.945222 0.082668 -0.115605
v 0.944115 0.101536 -0.062799
v 0.946347 0.061006 0.057734
v 0.942576 0.102981 0.102857
v 0.948096 0.062623 0.097784
v 0.943793 0.080627 0.038713
v 0.947455 0.084208 0.121492
v 0.941051 0.101420 0.060495
v 0.942288 -0.054871 -0.062764
v 0.943401 -0.103100 -0.099673
v 0.943487 -0.057031 -0.096110
v 0.945005 -0.079260 -0.042938
v 0.944634 -0.082191 -0.115639
v 0.943954 -0.101545 -0.062589
v 0.946053 -0.060851 0.057685
v 0.942352 -0.102598 0.102926
v 0.947370 -0.062284 0.097618
v 0.943659 -0.080530 0.038702
v 0.946940 -0.083785 0.121392
v 0.940880 -0.101258 0.060523
v -0.923511 0.000021 -0.103418
v -0.914323 0.000093 -0.170475
v -0.924104 0.019288 -0.121681
v -0.924028 -0.019079 -0.121759
v -0.920333 0.017918 -0.155607
v -0.920573 -0.017369 -0.155916
v -0.940310 -0.000001 0.103798
v -0.934569 -0.000002 0.173217
v -0.940201 0.021102 0.121994
v -0.940077 -0.021046 0.121927
v -0.936850 0.021196 0.157279
v -0.936695 -0.021161 0.157185
v -0.954148 0.060759 -0.059823
v -0.946646 0.102596 -0.099829
v -0.952235 0.061634 -0.096191
v -0.949931 0.080683 -0.040239
v -0.949574 0.083215 -0.116486
v -0.947210 0.100687 -0.061483
v -0.954762 0.061434 0.059725
v -0.946911 0.103345 0.098865
v -0.953628 0.062829 0.094797
v -0.950256 0.081249 0.040043
v -0.949041 0.083682 0.115010
v -0.948243 0.101770 0.061249
v -0.954075 -0.060853 -0.059764
v -0.946830 -0.103090 -0.099747
v -0.952088 -0.061676 -0.096096
v -0.950085 -0.081002 -0.040190
v -0.949295 -0.083282 -0.116221
v -0.947755 -0.101524 -0.061486
v -0.954902 -0.061289 0.059761
v -0.946459 -0.102980 0.098834
v -0.953600 -0.062661 0.094795
v -0.950394 -0.081196 0.040114
v -0.948353 -0.083287 0.114985
v -0.948328 -0.101512 0.061510
v -0.335538 0.538830 0.099581
v -0.376365 0.527380 0.165369
v -0.368527 0.534507 0.099557
v -0.388894 0.528445 0.132388
v -0.322457 0.536742 0.132635
v -0.342931 0.531461 0.165557
v -0.335400 0.538928 -0.099500
v -0.376036 0.528733 -0.165262
v -0.368410 0.535114 -0.099482
v -0.388822 0.529970 -0.132625
v -0.322397 0.536335 -0.132588
v -0.342817 0.532284 -0.165506
v -0.234182 0.549281 0.099647
v -0.207062 0.542301 0.165870
v -0.200037 0.552120 0.099783
v -0.186761 0.549685 0.132942
v -0.254650 0.544404 0.132681
v -0.241125 0.542088 0.165722
v -0.234063 0.547433 -0.099626
v -0.207094 0.541959 -0.165794
v -0.199980 0.552035 -0.099730
v -0.186755 0.548282 -0.133063
v -0.254684 0.541890 -0.132663
v -0.241106 0.541198 -0.165653
v -0.537024 0.478493 0.226540
v -0.603048 0.459724 0.201787
v -0.549696 0.480676 0.193704
v -0.583041 0.471084 0.181534
v -0.557474 0.466855 0.247484
v -0.590369 0.457985 0.234980
v -0.334677 0.525682 0.262413
v -0.267469 0.533706 0.263471
v -0.320149 0.523927 0.294176
v -0.286969 0.529428 0.295325
v -0.315226 0.530819 0.230673
v -0.281432 0.535079 0.230971
v -0.496329 0.471909 0.324438
v -0.535179 0.440749 0.365359
v -0.481700 0.466237 0.356077
v -0.501337 0.449047 0.376637
v -0.530584 0.462652 0.313021
v -0.550360 0.450042 0.333527
v -0.537219 0.477409 -0.226607
v -0.602999 0.460711 -0.201644
v -0.549652 0.480213 -0.193677
v -0.582952 0.471769 -0.181424
v -0.557740 0.465040 -0.247510
v -0.590331 0.457591 -0.234818
v -0.334749 0.523812 -0.262410
v -0.268006 0.533516 -0.263953
v -0.320301 0.523962 -0.294610
v -0.287008 0.531013 -0.295202
v -0.315332 0.529312 -0.230700
v -0.281574 0.533002 -0.231009
v -0.496151 0.470908 -0.324281
v -0.535389 0.438844 -0.365713
v -0.482300 0.467165 -0.356632
v -0.501885 0.449341 -0.377160
v -0.530063 0.459866 -0.312693
v -0.549978 0.445764 -0.333572
v -0.702512 0.424518 -0.040588
v -0.702275 0.425032 0.040531
v -0.682132 0.436932 -0.020216
v -0.682735 0.437698 0.020375
v -0.723086 0.411616 -0.020229
v -0.723090 0.412516 0.020348
v -0.659643 0.423683 -0.262145
v -0.634075 0.415114 -0.328670
v -0.676740 0.409289 -0.281812
v -0.664106 0.405291 -0.315174
v -0.628653 0.433502 -0.275447
v -0.615624 0.429362 -0.308652
v -0.758958 0.385494 -0.100763
v -0.799643 0.353952 -0.060185
v -0.777395 0.369958 -0.120799
v -0.797200 0.353448 -0.100201
v -0.761128 0.384589 -0.060487
v -0.780989 0.369111 -0.040213
v -0.659423 0.422331 0.262163
v -0.633109 0.413426 0.328590
v -0.676805 0.407840 0.281986
v -0.664148 0.403798 0.315425
v -0.628697 0.433329 0.275609
v -0.615940 0.430096 0.308866
v -0.758750 0.384827 0.100579
v -0.798814 0.353712 0.060183
v -0.776658 0.370540 0.120370
v -0.797361 0.354535 0.100214
v -0.762037 0.386014 0.060714
v -0.781491 0.369612 0.040356
v 0.335573 0.538413 0.099565
v 0.376093 0.527967 0.165272
v 0.368691 0.535385 0.099642
v 0.389085 0.530594 0.132709
v 0.322526 0.535981 0.132643
v 0.342824 0.531150 0.165542
v 0.335698 0.538471 -0.099657
v 0.376072 0.525691 -0.165187
v 0.368518 0.533185 -0.099459
v 0.388720 0.527077 -0.132283
v 0.322506 0.535830 -0.132668
v 0.342838 0.530641 -0.165555
v 0.234144 0.549157 0.099582
v 0.207075 0.541192 0.165739
v 0.199737 0.555152 0.099734
v 0.186857 0.549926 0.132894
v 0.254710 0.542912 0.132618
v 0.241186 0.540805 0.165634
v 0.234246 0.548557 -0.099644
v 0.207337 0.542970 -0.165998
v 0.199976 0.552552 -0.099775
v 0.186496 0.548347 -0.133100
v 0.254773 0.543076 -0.132707
v 0.241193 0.540447 -0.165724
v 0.537156 0.477241 0.226740
v 0.603049 0.459817 0.201620
v 0.549729 0.478675 0.193758
v 0.582756 0.470301 0.181341
v 0.557375 0.466284 0.247411
v 0.590298 0.457655 0.234823
v 0.334761 0.525491 0.262419
v 0.267708 0.533539 0.263486
v 0.320166 0.524621 0.294337
v 0.286851 0.531082 0.295046
v 0.315370 0.530508 0.230828
v 0.281611 0.534184 0.231013
v 0.496158 0.470383 0.324230
v 0.536472 0.441498 0.365943
v 0.481939 0.465973 0.356440
v 0.502119 0.449802 0.377129
v 0.530397 0.461488 0.312926
v 0.550195 0.447556 0.333511
v 0.536987 0.477373 -0.226517
v 0.602945 0.457864 -0.201690
v 0.549607 0.479060 -0.193647
v 0.582681 0.468170 -0.181297
v 0.557240 0.466928 -0.247273
v 0.590224 0.456990 -0.234891
v 0.334752 0.524914 -0.262419
v 0.267574 0.535534 -0.263325
v 0.320243 0.525417 -0.294707
v 0.286796 0.529684 -0.294974
v 0.315399 0.530970 -0.230805
v 0.281770 0.535294 -0.231125
v 0.496115 0.470983 -0.323932
v 0.535890 0.441119 -0.365786
v 0.481909 0.466124 -0.356253
v 0.501716 0.450239 -0.377074
v 0.530484 0.462612 -0.312886
v 0.550539 0.449557 -0.333704
v 0.702382 0.423702 -0.040566
v 0.702275 0.423891 0.040551
v 0.682207 0.435190 -0.020297
v 0.682312 0.434599 0.020267
v 0.723164 0.411383 -0.020301
v 0.723172 0.411113 0.020330
v 0.659620 0.423925 -0.262273
v 0.632663 0.413471 -0.328332
v 0.676980 0.410000 -0.281991
v 0.663062 0.402938 -0.314925
v 0.628699 0.433649 -0.275597
v 0.615922 0.431031 -0.308742
v 0.759428 0.384471 -0.100924
v 0.798900 0.353770 -0.060165
v 0.776079 0.369158 -0.120323
v 0.796095 0.352852 -0.100030
v 0.761487 0.384263 -0.060688
v 0.781600 0.369650 -0.040373
v 0.659578 0.423515 0.262089
v 0.632862 0.412232 0.328437
v 0.676939 0.408859 0.281923
v 0.663525 0.402660 0.315089
v 0.630133 0.435609 0.275981
v 0.615427 0.428123 0.308621
v 0.759611 0.386475 0.101006
v 0.799617 0.354244 0.060323
v 0.776652 0.371401 0.120481
v 0.796068 0.354402 0.100092
v 0.761590 0.385547 0.060713
v 0.782467 0.371086 0.040496
v -0.335575 -0.537901 0.099506
v -0.376210 -0.526532 0.165114
v -0.368891 -0.536411 0.099653
v -0.388913 -0.528592 0.132330
v -0.322757 -0.532837 0.132601
v -0.343425 -0.528767 0.165630
v -0.335594 -0.538283 -0.099553
v -0.376461 -0.525553 -0.165498
v -0.368541 -0.533095 -0.099373
v -0.388819 -0.526684 -0.132224
v -0.322445 -0.536403 -0.132619
v -0.343097 -0.531123 -0.165695
v -0.234069 -0.546720 0.099667
v -0.207347 -0.545961 0.165961
v -0.199949 -0.551515 0.099735
v -0.186428 -0.551182 0.132914
v -0.254679 -0.541789 0.132699
v -0.241128 -0.540616 0.165715
v -0.234126 -0.549615 -0.099617
v -0.206944 -0.544109 -0.165850
v -0.199808 -0.554962 -0.099745
v -0.186430 -0.554193 -0.133074
v -0.254577 -0.544071 -0.132643
v -0.241026 -0.542701 -0.165664
v -0.537174 -0.477214 0.226641
v -0.602755 -0.458088 0.201583
v -0.549718 -0.478555 0.193679
v -0.582509 -0.468920 0.181218
v -0.557426 -0.465862 0.247409
v -0.590355 -0.456758 0.234906
v -0.334759 -0.525833 0.262749
v -0.267626 -0.534609 0.263449
v -0.320186 -0.525011 0.294492
v -0.286791 -0.529871 0.294864
v -0.315504 -0.530499 0.231117
v -0.281544 -0.533406 0.231064
v -0.496543 -0.472171 0.324728
v -0.535577 -0.440867 0.365634
v -0.481867 -0.467007 0.356131
v -0.502062 -0.451143 0.376982
v -0.530632 -0.461775 0.313060
v -0.550689 -0.448194 0.333770
v -0.537115 -0.475893 -0.226644
v -0.602664 -0.458085 -0.201539
v -0.549789 -0.477535 -0.193749
v -0.582843 -0.468226 -0.181416
v -0.557213 -0.465965 -0.247230
v -0.590554 -0.456906 -0.234897
v -0.334652 -0.523225 -0.262248
v -0.267547 -0.530145 -0.263622
v -0.320128 -0.522390 -0.294231
v -0.286812 -0.527800 -0.295144
v -0.315233 -0.528741 -0.230536
v -0.281427 -0.532414 -0.230861
v -0.496385 -0.473374 -0.324840
v -0.536642 -0.441911 -0.365994
v -0.482067 -0.468576 -0.356580
v -0.502069 -0.450742 -0.377162
v -0.530124 -0.462350 -0.312786
v -0.550085 -0.448463 -0.333529
v -0.702423 -0.425542 -0.040552
v -0.702397 -0.425795 0.040535
v -0.682085 -0.436998 -0.020225
v -0.682361 -0.438021 0.020317
v -0.723065 -0.412546 -0.020241
v -0.723287 -0.413099 0.020334
v -0.659926 -0.425140 -0.262242
v -0.634092 -0.414247 -0.328788
v -0.677081 -0.411859 -0.281924
v -0.663752 -0.404899 -0.315123
v -0.629098 -0.434044 -0.275626
v -0.615890 -0.429586 -0.308771
v -0.759583 -0.385382 -0.101067
v -0.799043 -0.352540 -0.060150
v -0.776347 -0.368873 -0.120440
v -0.796718 -0.352703 -0.100122
v -0.761883 -0.385192 -0.060635
v -0.781030 -0.369035 -0.040231
v -0.659465 -0.424149 0.262200
v -0.633566 -0.414016 0.328721
v -0.677298 -0.409954 0.282259
v -0.663990 -0.405003 0.315364
v -0.629023 -0.435721 0.275777
v -0.615852 -0.430706 0.308836
v -0.759256 -0.385228 0.100725
v -0.798490 -0.353671 0.060149
v -0.776486 -0.369680 0.120311
v -0.796084 -0.353638 0.100005
v -0.762302 -0.385819 0.060745
v -0.782350 -0.370819 0.040428
v 0.335532 -0.536748 0.099618
v 0.376290 -0.525788 0.165269
v 0.368726 -0.534052 0.099688
v 0.389860 -0.531152 0.133440
v 0.322761 -0.533107 0.132812
v 0.343016 -0.528496 0.165602
v 0.335639 -0.540167 -0.099617
v 0.376218 -0.526982 -0.165387
v 0.368549 -0.536480 -0.099515
v 0.388875 -0.529755 -0.132450
v 0.322496 -0.536978 -0.132677
v 0.342981 -0.530448 -0.165645
v 0.234169 -0.548698 0.099600
v 0.206899 -0.542869 0.165727
v 0.199735 -0.554765 0.099697
v 0.186551 -0.553144 0.132864
v 0.254724 -0.541991 0.132715
v 0.241152 -0.540717 0.165717
v 0.234165 -0.550093 -0.099638
v 0.207242 -0.545004 -0.165926
v 0.200006 -0.554263 -0.099794
v 0.186681 -0.549713 -0.133128
v 0.254677 -0.545009 -0.132672
v 0.241209 -0.544006 -0.165734
v 0.537354 -0.477095 0.226933
v 0.603558 -0.458683 0.201839
v 0.549877 -0.477920 0.193952
v 0.582627 -0.468856 0.181286
v 0.557334 -0.466576 0.247388
v 0.590387 -0.456842 0.234874
v 0.334638 -0.522773 0.262319
v 0.267513 -0.530881 0.263460
v 0.320169 -0.522902 0.294286
v 0.286890 -0.527895 0.295135
v 0.315238 -0.527375 0.230561
v 0.281597 -0.532114 0.230990
v 0.496178 -0.472078 0.324156
v 0.535520 -0.441249 0.365648
v 0.481910 -0.467688 0.356281
v 0.502181 -0.451899 0.377117
v 0.530446 -0.463367 0.312877
v 0.551004 -0.451556 0.333947
v 0.537116 -0.476318 -0.226668
v 0.603058 -0.456148 -0.201784
v 0.549598 -0.477589 -0.193748
v 0.582384 -0.466870 -0.181233
v 0.557434 -0.465775 -0.247446
v 0.590325 -0.456030 -0.234972
v 0.334669 -0.524692 -0.262349
v 0.267767 -0.533110 -0.263525
v 0.320229 -0.525466 -0.294495
v 0.287035 -0.529763 -0.295145
v 0.315331 -0.529137 -0.230701
v 0.281553 -0.534097 -0.230952
v 0.496542 -0.470802 -0.324515
v 0.535519 -0.440564 -0.365595
v 0.481865 -0.465918 -0.356343
v 0.501310 -0.449061 -0.376852
v 0.530967 -0.462560 -0.313344
v 0.550217 -0.448439 -0.333557
v 0.702499 -0.423960 -0.040631
v 0.702628 -0.426018 0.040731
v 0.682160 -0.436105 -0.020264
v 0.682145 -0.436807 0.020348
v 0.723048 -0.412159 -0.020324
v 0.723174 -0.413438 0.020391
v 0.659557 -0.424009 -0.262208
v 0.633167 -0.413438 -0.328426
v 0.677015 -0.409919 -0.282003
v 0.664384 -0.405431 -0.315242
v 0.629903 -0.436944 -0.276109
v 0.615856 -0.430146 -0.308690
v 0.759728 -0.386172 -0.100964
v 0.799201 -0.354956 -0.060232
v 0.776311 -0.370526 -0.120333
v 0.796785 -0.354055 -0.100135
v 0.762819 -0.387476 -0.061043
v 0.782226 -0.372197 -0.040508
v 0.659436 -0.422706 0.262051
v 0.634037 -0.413733 0.328679
v 0.677115 -0.409360 0.282051
v 0.663701 -0.403039 0.315152
v 0.628368 -0.432500 0.275316
v 0.615695 -0.428961 0.308671
v 0.759143 -0.385472 0.100864
v 0.799836 -0.355026 0.060327
v 0.776264 -0.369640 0.120384
v 0.795937 -0.353368 0.100041
v 0.761460 -0.385671 0.060755
v 0.781619 -0.370499 0.040426
v -0.040752 -0.427613 0.708892
v 0.040600 -0.427644 0.708564
v -0.020044 -0.416736 0.728768
v 0.020525 -0.417641 0.729483
v -0.020485 -0.438436 0.688907
v 0.020358 -0.438448 0.688716
v -0.201751 -0.369022 0.769981
v -0.226917 -0.332055 0.810983
v -0.181591 -0.358880 0.790572
v -0.194005 -0.340011 0.810814
v -0.235247 -0.360639 0.770525
v -0.247826 -0.342349 0.790940
v -0.100562 -0.453595 0.641109
v -0.060073 -0.472826 0.597042
v -0.119796 -0.462038 0.617052
v -0.099776 -0.472801 0.595195
v -0.060665 -0.454481 0.643083
v -0.040342 -0.463667 0.621098
v -0.261635 -0.398199 0.702639
v -0.328568 -0.384108 0.700375
v -0.281303 -0.407453 0.678880
v -0.315047 -0.400650 0.677977
v -0.275465 -0.381369 0.725316
v -0.308615 -0.374662 0.723731
v 0.201747 -0.369930 0.769884
v 0.226976 -0.331824 0.810827
v 0.181689 -0.360081 0.790669
v 0.194216 -0.340515 0.811145
v 0.235291 -0.362042 0.770460
v 0.247871 -0.343201 0.790784
v 0.100577 -0.454148 0.641198
v 0.060071 -0.471424 0.597065
v 0.120029 -0.463106 0.617163
v 0.099824 -0.472526 0.595206
v 0.060752 -0.453946 0.643426
v 0.040374 -0.462096 0.621246
v 0.261696 -0.398758 0.702793
v 0.328290 -0.382635 0.699983
v 0.281277 -0.408304 0.678973
v 0.314744 -0.399732 0.677755
v 0.275476 -0.381340 0.725400
v 0.308396 -0.373794 0.723543
v 0.099545 -0.211253 0.935314
v 0.165110 -0.234768 0.909943
v 0.099531 -0.231717 0.922642
v 0.132355 -0.243367 0.910339
v 0.132705 -0.202540 0.935498
v 0.165873 -0.213999 0.923950
v -0.099638 -0.210697 0.935078
v -0.165194 -0.235401 0.910116
v -0.099675 -0.231205 0.922976
v -0.132390 -0.243312 0.910330
v -0.132781 -0.202337 0.935861
v -0.165726 -0.214736 0.923432
v 0.099715 -0.148665 0.966291
v 0.165911 -0.130139 0.963799
v 0.099830 -0.127156 0.975514
v 0.132904 -0.117477 0.972886
v 0.132924 -0.161487 0.957883
v 0.165948 -0.152567 0.956332
v -0.099680 -0.148486 0.966149
v -0.165840 -0.130910 0.964236
v -0.099595 -0.126738 0.972589
v -0.132679 -0.117765 0.972014
v -0.132825 -0.160698 0.956881
v -0.166005 -0.152290 0.956634
v 0.324321 -0.309302 0.803910
v 0.365888 -0.331415 0.761413
v 0.355754 -0.300618 0.799507
v 0.377116 -0.312411 0.778921
v 0.313297 -0.329067 0.786691
v 0.333534 -0.339364 0.764436
v 0.263100 -0.210151 0.904269
v 0.263083 -0.166466 0.925859
v 0.294549 -0.201096 0.899834
v 0.294689 -0.178646 0.910963
v 0.231347 -0.198144 0.919656
v 0.231175 -0.176533 0.930173
v -0.324360 -0.309267 0.803836
v -0.365940 -0.332100 0.761443
v -0.356232 -0.301515 0.799908
v -0.376943 -0.312067 0.778461
v -0.313136 -0.328373 0.786182
v -0.333708 -0.339736 0.764536
v -0.262611 -0.209602 0.903407
v -0.263343 -0.166999 0.927275
v -0.294245 -0.200601 0.899127
v -0.294517 -0.178676 0.910504
v -0.230906 -0.197399 0.918838
v -0.231004 -0.176124 0.930069
v -0.040482 0.427938 0.708749
v 0.040773 0.429243 0.709189
v -0.020011 0.416796 0.728743
v 0.020328 0.417453 0.728897
v -0.020471 0.438989 0.689561
v 0.020414 0.438850 0.689013
v -0.201624 0.369190 0.769657
v -0.226916 0.331929 0.810983
v -0.181418 0.359082 0.790232
v -0.194350 0.340609 0.811367
v -0.235150 0.361021 0.770086
v -0.247909 0.342338 0.791199
v -0.100837 0.454847 0.641435
v -0.060120 0.473183 0.597247
v -0.120052 0.463139 0.617191
v -0.099970 0.473339 0.595435
v -0.060696 0.454623 0.643171
v -0.040310 0.463661 0.621034
v -0.261579 0.398539 0.702642
v -0.328455 0.383330 0.700211
v -0.281270 0.407711 0.678880
v -0.314796 0.399391 0.677712
v -0.275511 0.381504 0.725519
v -0.308798 0.375182 0.724223
v 0.201843 0.370779 0.769856
v 0.226849 0.332065 0.810551
v 0.181817 0.359739 0.790758
v 0.194003 0.340103 0.810667
v 0.235202 0.362132 0.770172
v 0.247929 0.343330 0.791047
v 0.100562 0.453935 0.640891
v 0.060130 0.473535 0.597365
v 0.119936 0.462537 0.616973
v 0.099834 0.473600 0.595469
v 0.060608 0.454928 0.642840
v 0.040375 0.463261 0.621093
v 0.261749 0.399162 0.702790
v 0.328377 0.383332 0.700183
v 0.281251 0.408308 0.678936
v 0.314936 0.400365 0.677913
v 0.275498 0.382240 0.725369
v 0.308420 0.374642 0.723571
v 0.099522 0.210138 0.935041
v 0.165122 0.235409 0.910004
v 0.099555 0.230615 0.922634
v 0.132502 0.243271 0.910682
v 0.132682 0.202321 0.935260
v 0.165804 0.214888 0.923693
v -0.099624 0.210351 0.935261
v -0.165167 0.234674 0.910025
v -0.099629 0.231263 0.922996
v -0.132374 0.243331 0.910245
v -0.132777 0.201984 0.935807
v -0.165753 0.214122 0.923441
v 0.099752 0.148565 0.966291
v 0.165961 0.130280 0.963941
v 0.099893 0.127157 0.975604
v 0.132934 0.117379 0.972714
v 0.132969 0.161291 0.957875
v 0.165982 0.152356 0.956331
v -0.099723 0.148581 0.966339
v -0.165941 0.131217 0.964232
v -0.099676 0.126804 0.972558
v -0.132812 0.117737 0.971886
v -0.132833 0.161175 0.956752
v -0.166064 0.153205 0.956700
v 0.324875 0.310674 0.804584
v 0.365806 0.331396 0.761192
v 0.355746 0.300441 0.799446
v 0.376999 0.312164 0.778559
v 0.313218 0.329284 0.786430
v 0.333694 0.340470 0.764838
v 0.263099 0.210971 0.904315
v 0.263129 0.167148 0.926020
v 0.294433 0.201139 0.899730
v 0.294664 0.179014 0.911037
v 0.231308 0.198407 0.919644
v 0.231261 0.176860 0.930475
v -0.324292 0.308651 0.803758
v -0.365851 0.332243 0.761106
v -0.356394 0.301481 0.800120
v -0.377310 0.313484 0.779118
v -0.313114 0.328293 0.786124
v -0.333556 0.339628 0.764224
v -0.262802 0.210831 0.903661
v -0.263317 0.167581 0.927189
v -0.294181 0.201017 0.899093
v -0.294534 0.178845 0.910491
v -0.230943 0.198169 0.918888
v -0.231065 0.177032 0.930256
v -0.040729 -0.426326 -0.708614
v 0.040800 -0.427219 -0.709105
v -0.020192 -0.417824 -0.728824
v 0.020508 -0.418978 -0.729583
v -0.020441 -0.436378 -0.688363
v 0.020388 -0.436312 -0.688201
v -0.201913 -0.370908 -0.770611
v -0.226732 -0.332464 -0.810539
v -0.181695 -0.360221 -0.790794
v -0.194146 -0.341448 -0.811012
v -0.235088 -0.361599 -0.770180
v -0.247696 -0.343320 -0.790587
v -0.100491 -0.452513 -0.641097
v -0.060183 -0.472220 -0.597158
v -0.119961 -0.461806 -0.617167
v -0.100109 -0.473163 -0.595597
v -0.060681 -0.453364 -0.643182
v -0.040330 -0.462361 -0.620992
v -0.261671 -0.398277 -0.702710
v -0.328379 -0.383971 -0.700143
v -0.281622 -0.408851 -0.679293
v -0.315001 -0.401159 -0.678198
v -0.275434 -0.379978 -0.725349
v -0.308461 -0.372915 -0.723648
v 0.201723 -0.369702 -0.770014
v 0.226947 -0.331983 -0.811022
v 0.181638 -0.359359 -0.790665
v 0.194260 -0.340614 -0.811316
v 0.235200 -0.362345 -0.770326
v 0.247847 -0.343663 -0.790873
v 0.100638 -0.452318 -0.641143
v 0.060108 -0.471064 -0.597036
v 0.120078 -0.462133 -0.617183
v 0.099947 -0.472399 -0.595365
v 0.060610 -0.452204 -0.642923
v 0.040408 -0.460471 -0.621252
v 0.261981 -0.398116 -0.703033
v 0.328438 -0.383534 -0.700519
v 0.281563 -0.407569 -0.679163
v 0.315065 -0.400057 -0.678269
v 0.275507 -0.381662 -0.725291
v 0.308428 -0.374217 -0.723503
v 0.099626 -0.210107 -0.935718
v 0.165368 -0.234395 -0.910637
v 0.099560 -0.230189 -0.923067
v 0.132277 -0.242424 -0.910321
v 0.132775 -0.202376 -0.935939
v 0.165721 -0.214922 -0.923575
v -0.099431 -0.210394 -0.935372
v -0.165153 -0.234623 -0.909771
v -0.099468 -0.230756 -0.923340
v -0.132093 -0.242875 -0.909735
v -0.132622 -0.201909 -0.935829
v -0.165607 -0.214165 -0.922874
v 0.099745 -0.148555 -0.966414
v 0.165808 -0.130562 -0.963122
v 0.099784 -0.126855 -0.973120
v 0.132935 -0.117947 -0.972984
v 0.132868 -0.161579 -0.957253
v 0.165860 -0.152862 -0.955608
v -0.099798 -0.148408 -0.965577
v -0.166056 -0.130042 -0.963835
v -0.100010 -0.126768 -0.973858
v -0.133236 -0.117471 -0.973113
v -0.133000 -0.161147 -0.958188
v -0.166111 -0.152203 -0.956549
v 0.324492 -0.309305 -0.803976
v 0.365674 -0.331561 -0.760692
v 0.355998 -0.300672 -0.799550
v 0.376777 -0.311784 -0.777975
v 0.313356 -0.329255 -0.786617
v 0.333791 -0.340353 -0.764760
v 0.262872 -0.210298 -0.904262
v 0.263314 -0.167796 -0.927051
v 0.294464 -0.200769 -0.900019
v 0.294965 -0.179616 -0.912101
v 0.231188 -0.198493 -0.919746
v 0.231080 -0.177211 -0.930259
v -0.324809 -0.309531 -0.804357
v -0.365830 -0.331046 -0.761085
v -0.356436 -0.301743 -0.800084
v -0.376987 -0.312043 -0.778472
v -0.313248 -0.327956 -0.786450
v -0.333525 -0.338249 -0.764244
v -0.262996 -0.210508 -0.904149
v -0.263235 -0.167563 -0.926365
v -0.294607 -0.201544 -0.900106
v -0.294895 -0.180011 -0.911406
v -0.231161 -0.198151 -0.919277
v -0.231338 -0.177132 -0.930784
v -0.040702 0.428726 -0.708937
v 0.040939 0.428266 -0.708876
v -0.020146 0.418386 -0.728992
v 0.020499 0.417930 -0.728954
v -0.020366 0.438288 -0.688813
v 0.020463 0.437689 -0.688400
v -0.201679 0.369187 -0.770020
v -0.227336 0.333203 -0.812017
v -0.181266 0.358797 -0.790380
v -0.194064 0.340084 -0.811115
v -0.235199 0.361404 -0.770232
v -0.247786 0.343671 -0.790670
v -0.100630 0.454788 -0.641207
v -0.060134 0.473343 -0.597140
v -0.120029 0.463548 -0.617146
v -0.099937 0.473411 -0.595365
v -0.060644 0.455286 -0.643281
v -0.040276 0.463475 -0.620967
v -0.261660 0.398090 -0.702538
v -0.328374 0.385225 -0.700065
v -0.281337 0.408526 -0.678881
v -0.314943 0.402115 -0.677831
v -0.275412 0.381193 -0.725072
v -0.308433 0.374931 -0.723521
v 0.201798 0.370108 -0.769901
v 0.226933 0.332597 -0.811045
v 0.181755 0.360207 -0.790809
v 0.193951 0.341180 -0.810700
v 0.235189 0.361653 -0.770187
v 0.247803 0.343512 -0.790805
v 0.100457 0.452518 -0.641038
v 0.060143 0.472616 -0.597378
v 0.119907 0.461696 -0.617065
v 0.099840 0.472583 -0.595467
v 0.060608 0.453384 -0.643056
v 0.040467 0.461672 -0.621417
v 0.262017 0.399466 -0.702998
v 0.328551 0.385395 -0.700483
v 0.281447 0.408386 -0.679052
v 0.314926 0.401421 -0.678130
v 0.275440 0.382314 -0.725100
v 0.308540 0.375452 -0.723592
v 0.099620 0.210456 -0.935642
v 0.165196 0.234993 -0.910331
v 0.099546 0.231163 -0.923014
v 0.132285 0.243479 -0.910342
v 0.132780 0.202173 -0.936003
v 0.165720 0.214442 -0.923722
v -0.099432 0.210520 -0.935283
v -0.165172 0.234593 -0.909835
v -0.099426 0.230758 -0.922656
v -0.132110 0.242953 -0.909665
v -0.132653 0.201834 -0.935961
v -0.165618 0.214160 -0.922954
v 0.099758 0.147935 -0.966556
v 0.165746 0.130295 -0.963185
v 0.099727 0.126410 -0.973009
v 0.132822 0.117756 -0.973141
v 0.132860 0.160459 -0.957138
v 0.165818 0.151989 -0.955302
v -0.099748 0.148291 -0.965565
v -0.165957 0.129995 -0.964119
v -0.099896 0.126830 -0.973902
v -0.133069 0.117770 -0.973408
v -0.132973 0.160832 -0.958095
v -0.166082 0.151920 -0.956641
v 0.324270 0.309622 -0.803772
v 0.365648 0.331664 -0.760657
v 0.356090 0.301748 -0.799737
v 0.376971 0.312725 -0.778422
v 0.313045 0.328688 -0.786067
v 0.333606 0.340321 -0.764377
v 0.262979 0.209537 -0.904447
v 0.263106 0.166788 -0.926230
v 0.294644 0.200488 -0.900298
v 0.294939 0.179203 -0.911919
v 0.231101 0.197266 -0.919540
v 0.231061 0.176335 -0.930233
v -0.324506 0.309398 -0.803935
v -0.366116 0.332299 -0.761590
v -0.356214 0.301511 -0.799778
v -0.377018 0.311758 -0.778427
v -0.313051 0.328484 -0.786063
v -0.333957 0.340403 -0.765191
v -0.262906 0.210704 -0.904030
v -0.263269 0.167795 -0.926467
v -0.294625 0.201114 -0.900148
v -0.294911 0.179466 -0.911516
v -0.231121 0.198414 -0.919184
v -0.231315 0.177443 -0.930640
v 0.811556 0.144470 -0.537676
v 0.770144 0.127926 -0.603016
v 0.810389 0.123300 -0.549671
v 0.789974 0.115133 -0.582323
v 0.791179 0.156898 -0.558195
v 0.771081 0.148842 -0.591473
v 0.899766 0.105644 -0.376673
v 0.917419 0.063030 -0.337452
v 0.899975 0.084330 -0.389495
v 0.908015 0.062927 -0.368973
v 0.909451 0.105734 -0.344103
v 0.917115 0.084187 -0.323761
v 0.803970 0.203850 -0.496143
v 0.760476 0.228158 -0.535223
v 0.799832 0.223496 -0.481584
v 0.777777 0.235607 -0.500986
v 0.786349 0.196240 -0.530445
v 0.764234 0.208194 -0.549747
v 0.896477 0.168011 -0.335246
v 0.910111 0.168121 -0.266492
v 0.892228 0.187960 -0.320043
v 0.900277 0.188463 -0.285824
v 0.905877 0.147498 -0.315557
v 0.912519 0.147472 -0.281183
v 0.811560 -0.144899 -0.537716
v 0.770049 -0.128036 -0.602869
v 0.810582 -0.123924 -0.549756
v 0.789933 -0.115133 -0.582095
v 0.791229 -0.156984 -0.558235
v 0.771086 -0.148845 -0.591409
v 0.899920 -0.105707 -0.376743
v 0.917362 -0.063239 -0.337507
v 0.900124 -0.084542 -0.389534
v 0.908119 -0.063124 -0.369000
v 0.909616 -0.105848 -0.344208
v 0.917086 -0.084301 -0.323830
v 0.803887 -0.203785 -0.496128
v 0.760449 -0.227940 -0.535209
v 0.799439 -0.223154 -0.481422
v 0.777840 -0.235371 -0.501022
v 0.786404 -0.196226 -0.530487
v 0.764316 -0.208316 -0.549810
v 0.896286 -0.168427 -0.335137
v 0.910350 -0.168246 -0.266517
v 0.892262 -0.188178 -0.320001
v 0.900428 -0.188346 -0.285853
v 0.905908 -0.147654 -0.315534
v 0.912551 -0.147514 -0.281182
v 0.619439 0.000041 -0.609418
v 0.639955 -0.001047 -0.630325
v 0.802747 0.000067 -0.301527
v 0.690323 -0.000369 -0.538497
v 0.297507 -0.000091 -0.978312
v 0.547387 -0.000263 -0.693266
v 0.702778 -0.165725 -0.658786
v 0.699570 -0.206219 -0.632047
v 0.678804 -0.178512 -0.675507
v 0.677403 -0.198990 -0.662460
v 0.725357 -0.173426 -0.628352
v 0.723680 -0.193526 -0.614860
v 0.649642 -0.043795 -0.763667
v 0.603123 -0.029014 -0.825119
v 0.618881 -0.068612 -0.777236
v 0.597295 -0.056737 -0.802954
v 0.675327 -0.007610 -0.795503
v 0.634057 -0.012550 -0.812315
v 0.702988 0.165885 -0.659001
v 0.699748 0.206062 -0.632233
v 0.678963 0.178306 -0.675617
v 0.677789 0.198868 -0.662882
v 0.725387 0.173519 -0.628390
v 0.723566 0.193423 -0.614763
v 0.641298 0.061522 -0.759599
v 0.598549 0.036831 -0.805216
v 0.617147 0.074885 -0.775289
v 0.595114 0.061696 -0.796741
v 0.643465 0.035451 -0.766059
v 0.625459 0.024818 -0.791533
v 0.936366 0.063796 -0.233587
v 0.935233 0.106402 -0.207818
v 0.941868 0.064144 -0.200761
v 0.940651 0.085098 -0.187335
v 0.929957 0.084703 -0.254460
v 0.929384 0.106190 -0.241300
v 0.936736 -0.064021 -0.233531
v 0.935285 -0.106245 -0.207830
v 0.941848 -0.064232 -0.200807
v 0.940789 -0.085004 -0.187472
v 0.930389 -0.085018 -0.254490
v 0.929573 -0.106219 -0.241304
v 0.811005 0.144522 0.537518
v 0.770386 0.128708 0.603559
v 0.810041 0.122996 0.549474
v 0.789728 0.114791 0.582113
v 0.791066 0.157321 0.558306
v 0.770748 0.149537 0.591366
v 0.897866 0.105379 0.376828
v 0.914270 0.062642 0.336678
v 0.898602 0.084697 0.390360
v 0.905829 0.063252 0.369485
v 0.906369 0.105044 0.343175
v 0.914236 0.083583 0.322823
v 0.803577 0.204348 0.496006
v 0.760207 0.227888 0.535053
v 0.799233 0.223884 0.481274
v 0.777804 0.235806 0.500948
v 0.786448 0.196816 0.530538
v 0.764305 0.208575 0.549824
v 0.893801 0.167329 0.334276
v 0.908275 0.167780 0.265262
v 0.890292 0.187725 0.319185
v 0.897951 0.187935 0.284691
v 0.903036 0.146698 0.314342
v 0.910375 0.146987 0.279891
v 0.810977 -0.144270 0.537527
v 0.770557 -0.128482 0.603621
v 0.810437 -0.123555 0.549723
v 0.789831 -0.115331 0.582281
v 0.790737 -0.156423 0.558112
v 0.770729 -0.148749 0.591301
v 0.897888 -0.105616 0.376794
v 0.914324 -0.062854 0.336602
v 0.898537 -0.084631 0.390324
v 0.905903 -0.063170 0.369580
v 0.906383 -0.105360 0.343124
v 0.914294 -0.083931 0.322780
v 0.804107 -0.202990 0.496173
v 0.760216 -0.228129 0.535000
v 0.799249 -0.222751 0.481288
v 0.778190 -0.235706 0.501134
v 0.786570 -0.195507 0.530568
v 0.764225 -0.208206 0.549730
v 0.893768 -0.167702 0.334190
v 0.908441 -0.167911 0.265270
v 0.890468 -0.187945 0.319196
v 0.898392 -0.188285 0.284784
v 0.903225 -0.147083 0.314363
v 0.910457 -0.147229 0.279884
v 0.768918 0.000006 0.735795
v 0.734602 0.008534 0.698097
v 0.740021 -0.002230 0.655431
v 0.742662 0.006017 0.656947
v 0.850697 0.000666 1.003179
v 0.728255 -0.001044 0.778265
v 0.703521 -0.166350 0.659731
v 0.700013 -0.206661 0.632427
v 0.679447 -0.178805 0.676144
v 0.678059 -0.199555 0.663088
v 0.725515 -0.173704 0.628526
v 0.724177 -0.193845 0.615350
v 0.640320 -0.060569 0.759751
v 0.597555 -0.035334 0.800374
v 0.615874 -0.075066 0.774130
v 0.594728 -0.060906 0.795892
v 0.643607 -0.032146 0.771625
v 0.617416 -0.024172 0.784407
v 0.703433 0.166002 0.659704
v 0.700021 0.206121 0.632403
v 0.679394 0.178663 0.676248
v 0.677659 0.198715 0.662652
v 0.725444 0.173758 0.628491
v 0.724193 0.193866 0.615372
v 0.642775 0.056742 0.765660
v 0.598830 0.033090 0.807690
v 0.617139 0.073385 0.777900
v 0.595397 0.060169 0.798710
v 0.654051 0.019617 0.805191
v 0.627184 0.015428 0.824333
v 0.935539 0.061993 0.231987
v 0.934984 0.106522 0.206488
v 0.941567 0.063447 0.199425
v 0.941402 0.085610 0.186813
v 0.928261 0.083649 0.253080
v 0.928169 0.105641 0.239815
v 0.935924 -0.062409 0.232204
v 0.935001 -0.106669 0.206481
v 0.941063 -0.063239 0.199424
v 0.941509 -0.085583 0.186826
v 0.928457 -0.084067 0.253183
v 0.928483 -0.105928 0.239785
v -0.810767 0.144297 -0.537379
v -0.769199 0.127593 -0.602137
v -0.810159 0.123499 -0.549437
v -0.789818 0.115079 -0.582071
v -0.791219 0.157255 -0.558399
v -0.770359 0.149139 -0.591085
v -0.902938 0.105963 -0.378300
v -0.917348 0.062219 -0.337573
v -0.902864 0.082983 -0.390916
v -0.911054 0.060618 -0.371674
v -0.909954 0.105603 -0.344495
v -0.917089 0.083947 -0.323712
v -0.803765 0.203820 -0.496112
v -0.760202 0.228834 -0.535086
v -0.799703 0.223533 -0.481525
v -0.777974 0.235840 -0.501077
v -0.786480 0.196989 -0.530599
v -0.764574 0.209480 -0.550055
v -0.895600 0.167797 -0.334760
v -0.911458 0.167477 -0.266184
v -0.892410 0.187932 -0.319795
v -0.901468 0.187797 -0.285779
v -0.906073 0.147239 -0.315275
v -0.914188 0.147245 -0.281170
v -0.810875 -0.143734 -0.537439
v -0.769535 -0.127726 -0.602250
v -0.810633 -0.123217 -0.549736
v -0.790262 -0.115190 -0.582341
v -0.791193 -0.156486 -0.558397
v -0.770470 -0.148579 -0.591091
v -0.903079 -0.106166 -0.378359
v -0.917372 -0.062402 -0.337509
v -0.903068 -0.083207 -0.391025
v -0.911074 -0.060662 -0.371599
v -0.909898 -0.105710 -0.344417
v -0.917069 -0.084111 -0.323643
v -0.803636 -0.203940 -0.496035
v -0.760109 -0.228443 -0.535046
v -0.799819 -0.223745 -0.481502
v -0.777921 -0.236004 -0.501026
v -0.786483 -0.196810 -0.530617
v -0.764693 -0.208602 -0.550159
v -0.895786 -0.167619 -0.334782
v -0.911484 -0.167704 -0.266141
v -0.892429 -0.187527 -0.319803
v -0.901506 -0.187755 -0.285750
v -0.906073 -0.147211 -0.315214
v -0.914297 -0.147477 -0.281158
v -0.690963 -0.004500 -0.691045
v -0.734546 0.012354 -0.696536
v -0.663501 0.004769 -0.638337
v -0.719255 0.003988 -0.671676
v -0.752659 0.001000 -0.749825
v -0.879726 -0.001171 -0.703446
v -0.703054 -0.165662 -0.659128
v -0.700112 -0.206380 -0.632599
v -0.678949 -0.178006 -0.675424
v -0.677719 -0.198255 -0.662701
v -0.725518 -0.173483 -0.628675
v -0.724342 -0.194118 -0.615637
v -0.640920 -0.054833 -0.763160
v -0.590270 -0.028652 -0.791244
v -0.617138 -0.072947 -0.775299
v -0.595077 -0.060108 -0.794034
v -0.636957 -0.010864 -0.787471
v -0.591229 -0.000747 -0.760610
v -0.702862 0.166000 -0.658997
v -0.700050 0.206628 -0.632508
v -0.678939 0.178724 -0.675563
v -0.677874 0.199504 -0.662926
v -0.725442 0.174032 -0.628621
v -0.724300 0.194132 -0.615531
v -0.642973 0.055262 -0.757460
v -0.579841 0.019259 -0.789229
v -0.616609 0.071760 -0.774638
v -0.592913 0.054211 -0.794701
v -0.654590 0.020374 -0.751147
v -0.590833 0.000051 -0.722834
v -0.936819 0.062661 -0.232687
v -0.936287 0.105369 -0.205965
v -0.943367 0.063025 -0.198965
v -0.942840 0.084386 -0.185585
v -0.930716 0.083976 -0.254201
v -0.930082 0.105258 -0.240380
v -0.937259 -0.062760 -0.232657
v -0.936608 -0.105834 -0.205974
v -0.943171 -0.062954 -0.199023
v -0.942893 -0.084535 -0.185614
v -0.930801 -0.084163 -0.254149
v -0.930127 -0.105535 -0.240328
v -0.810791 0.144379 0.537285
v -0.769610 0.128492 0.602786
v -0.809531 0.123266 0.549113
v -0.789554 0.115668 0.582140
v -0.791135 0.157042 0.558275
v -0.770450 0.149224 0.591135
v -0.903024 0.105532 0.376419
v -0.915980 0.053123 0.337353
v -0.902303 0.082490 0.388671
v -0.909195 0.053628 0.369021
v -0.911779 0.105081 0.344142
v -0.919057 0.081819 0.324844
v -0.803619 0.203512 0.495997
v -0.760057 0.228765 0.534986
v -0.799364 0.223348 0.481409
v -0.777744 0.236206 0.501007
v -0.786071 0.195979 0.530350
v -0.764418 0.208349 0.549916
v -0.898626 0.167934 0.335193
v -0.912132 0.167650 0.266652
v -0.894817 0.187557 0.320230
v -0.902234 0.187872 0.285932
v -0.908655 0.147673 0.315897
v -0.914594 0.147190 0.281419
v -0.810773 -0.144159 0.537345
v -0.769368 -0.127852 0.602588
v -0.809385 -0.122839 0.549035
v -0.789190 -0.114483 0.581745
v -0.791204 -0.156900 0.558349
v -0.770484 -0.148808 0.591188
v -0.903000 -0.105898 0.376478
v -0.916622 -0.054454 0.337651
v -0.902443 -0.083088 0.388850
v -0.909499 -0.054707 0.369526
v -0.912057 -0.105865 0.344252
v -0.919022 -0.082323 0.324714
v -0.803809 -0.204097 0.496082
v -0.760215 -0.228818 0.535040
v -0.799545 -0.223676 0.481480
v -0.777808 -0.236224 0.501018
v -0.786076 -0.196361 0.530349
v -0.764351 -0.208483 0.549850
v -0.898737 -0.167925 0.335261
v -0.912096 -0.167600 0.266712
v -0.894978 -0.187704 0.320305
v -0.902245 -0.187928 0.285981
v -0.908637 -0.147502 0.315923
v -0.914577 -0.147141 0.281460
v -0.725225 -0.009384 0.689829
v -0.705734 0.012389 0.695096
v -0.741568 -0.008252 0.675990
v -0.733273 0.006182 0.673930
v -0.890166 0.001100 0.702406
v -0.733238 -0.000917 0.744580
v -0.703327 -0.165861 0.659417
v -0.699999 -0.206406 0.632318
v -0.679350 -0.178808 0.676067
v -0.677694 -0.199117 0.662633
v -0.725785 -0.173499 0.628878
v -0.723829 -0.193384 0.614956
v -0.641633 -0.056240 0.759753
v -0.618383 -0.009558 0.823965
v -0.617153 -0.071404 0.775325
v -0.598169 -0.053546 0.798922
v -0.647149 -0.023085 0.767797
v -0.630848 -0.004511 0.779795
v -0.703386 0.165749 0.659487
v -0.699947 0.206360 0.632309
v -0.679182 0.178147 0.675853
v -0.677443 0.198565 0.662419
v -0.725817 0.173484 0.628963
v -0.723944 0.193598 0.615107
v -0.640104 0.057103 0.759374
v -0.592949 0.026357 0.799654
v -0.616959 0.074986 0.774480
v -0.593326 0.058597 0.794046
v -0.642134 0.024088 0.767528
v -0.609805 0.009953 0.760246
v -0.939253 0.063876 0.235431
v -0.936928 0.106070 0.207674
v -0.943400 0.063996 0.201641
v -0.942903 0.085109 0.187403
v -0.931849 0.084153 0.255513
v -0.931612 0.105966 0.241855
v -0.939019 -0.063955 0.235296
v -0.936881 -0.105907 0.207661
v -0.943425 -0.064018 0.201625
v -0.942583 -0.084819 0.187316
v -0.931923 -0.084355 0.255465
v -0.931707 -0.105987 0.241881
v -0.041741 0.483225 0.266893
v 0.041096 0.484298 0.266598
v -0.020778 0.489873 0.233399
v 0.020351 0.490154 0.233288
v -0.020814 0.477594 0.300575
v 0.020609 0.476874 0.300659
v -0.101694 0.476196 0.364603
v -0.060645 0.474185 0.431994
v -0.121377 0.475109 0.396313
v -0.100721 0.475177 0.429622
v -0.061158 0.474307 0.366199
v -0.040702 0.471576 0.400194
v -0.041140 0.484233 -0.266563
v 0.041351 0.482489 -0.266754
v -0.020478 0.490272 -0.233281
v 0.020556 0.489819 -0.233308
v -0.020557 0.477300 -0.300207
v 0.020870 0.474952 -0.300496
v -0.101894 0.476700 -0.364798
v -0.060770 0.472939 -0.431505
v -0.121745 0.474274 -0.396783
v -0.101040 0.473636 -0.430219
v -0.061600 0.471937 -0.366536
v -0.041012 0.469366 -0.400544
v 0.102135 0.475400 0.365383
v 0.060609 0.474349 0.431459
v 0.121431 0.474722 0.396662
v 0.100801 0.473876 0.429727
v 0.061483 0.473316 0.366974
v 0.040720 0.472871 0.399756
v 0.101725 0.475649 -0.364785
v 0.060621 0.473688 -0.431452
v 0.121610 0.473937 -0.397038
v 0.100845 0.475110 -0.429641
v 0.061335 0.471873 -0.366409
v 0.040786 0.470417 -0.400302
v -0.533336 0.360275 0.529675
v -0.492419 0.349088 0.596603
v -0.498881 0.369359 0.540618
v -0.478551 0.364194 0.574070
v -0.547874 0.344483 0.552410
v -0.527683 0.338257 0.586573
v -0.632940 0.335887 0.492648
v -0.657654 0.310190 0.533674
v -0.662856 0.330137 0.478645
v -0.675466 0.316730 0.499187
v -0.614691 0.330057 0.527447
v -0.626962 0.316898 0.547908
v -0.529782 0.306447 0.657210
v -0.596785 0.289288 0.632084
v -0.541390 0.290608 0.676121
v -0.574693 0.282238 0.663005
v -0.552259 0.311500 0.626534
v -0.585976 0.303412 0.614052
v -0.533392 0.359386 -0.529611
v -0.492351 0.350438 -0.596667
v -0.499640 0.366458 -0.541251
v -0.478793 0.363279 -0.574846
v -0.547908 0.344842 -0.552250
v -0.527163 0.339586 -0.585864
v -0.632128 0.337492 -0.492306
v -0.657536 0.310161 -0.533545
v -0.662791 0.329856 -0.478584
v -0.675525 0.316796 -0.499173
v -0.614426 0.330021 -0.527200
v -0.627067 0.316541 -0.547903
v -0.530089 0.306949 -0.657985
v -0.597002 0.289119 -0.632414
v -0.541022 0.291602 -0.675398
v -0.574459 0.282149 -0.662796
v -0.552526 0.312002 -0.627103
v -0.585991 0.303652 -0.614200
v -0.892836 0.252906 -0.061067
v -0.910119 0.217634 -0.102280
v -0.892751 0.253803 -0.101358
v -0.900849 0.236987 -0.121766
v -0.902599 0.234486 -0.041028
v -0.910981 0.216024 -0.061819
v -0.893931 0.253419 0.061229
v -0.909548 0.217732 0.101874
v -0.892060 0.254479 0.101161
v -0.899261 0.236851 0.121341
v -0.903425 0.234618 0.041017
v -0.912282 0.216341 0.062015
v -0.932276 0.158261 -0.041612
v -0.932645 0.158626 0.041436
v -0.937947 0.139306 -0.020804
v -0.937920 0.139573 0.020609
v -0.926464 0.176411 -0.020815
v -0.926479 0.177039 0.020711
v 0.533821 0.358757 0.529754
v 0.492297 0.349217 0.596730
v 0.499142 0.368736 0.540658
v 0.478346 0.364285 0.573847
v 0.547990 0.344550 0.552234
v 0.527002 0.339453 0.585598
v 0.632142 0.336721 0.492296
v 0.657625 0.309785 0.533542
v 0.662672 0.330027 0.478566
v 0.675617 0.316930 0.499222
v 0.613748 0.329894 0.526745
v 0.627217 0.316208 0.547915
v 0.530100 0.306463 0.657865
v 0.596737 0.289297 0.632053
v 0.540883 0.291384 0.675113
v 0.574288 0.282221 0.662513
v 0.552523 0.311501 0.627007
v 0.586191 0.302965 0.614378
v 0.533439 0.359996 -0.529707
v 0.492423 0.349750 -0.596518
v 0.499590 0.367254 -0.541023
v 0.478663 0.364420 -0.574029
v 0.548025 0.346197 -0.552384
v 0.527015 0.340091 -0.585487
v 0.632160 0.336932 -0.492443
v 0.657715 0.309461 -0.533696
v 0.662843 0.330285 -0.478675
v 0.675462 0.316177 -0.499201
v 0.613957 0.330001 -0.527048
v 0.627028 0.315984 -0.547932
v 0.529903 0.306104 -0.657424
v 0.596691 0.288279 -0.631929
v 0.541057 0.290666 -0.675384
v 0.574707 0.281666 -0.662913
v 0.552547 0.311214 -0.626935
v 0.585801 0.302705 -0.613827
v 0.890663 0.253755 -0.061151
v 0.906470 0.217787 -0.102158
v 0.889701 0.254912 -0.101015
v 0.896845 0.237248 -0.121349
v 0.899307 0.234544 -0.041473
v 0.907796 0.215958 -0.062372
v 0.888324 0.252970 0.060460
v 0.904995 0.216474 0.102852
v 0.887037 0.253585 0.101236
v 0.896511 0.236596 0.122490
v 0.897687 0.233970 0.040326
v 0.905380 0.215279 0.061365
v 0.928864 0.158944 -0.042939
v 0.926730 0.158359 0.040743
v 0.933475 0.139719 -0.021990
v 0.932494 0.139344 0.019611
v 0.921859 0.177284 -0.021993
v 0.920879 0.176792 0.019765
v -0.041275 -0.484707 0.266775
v 0.041181 -0.485032 0.266736
v -0.020584 -0.490935 0.233370
v 0.020517 -0.490873 0.233339
v -0.020625 -0.479996 0.300304
v 0.020594 -0.479625 0.300557
v -0.102234 -0.475932 0.365116
v -0.060792 -0.473872 0.432233
v -0.121680 -0.477003 0.396792
v -0.101096 -0.475925 0.430438
v -0.061414 -0.474269 0.366341
v -0.040750 -0.471428 0.399867
v -0.041040 -0.482333 -0.266604
v 0.041452 -0.479329 -0.266793
v -0.020380 -0.489635 -0.233290
v 0.020541 -0.488415 -0.233325
v -0.020771 -0.473035 -0.300559
v 0.020713 -0.472852 -0.300571
v -0.101805 -0.472978 -0.364771
v -0.060666 -0.473843 -0.431277
v -0.121671 -0.472408 -0.396958
v -0.100800 -0.474351 -0.429633
v -0.061304 -0.471145 -0.366366
v -0.040872 -0.469471 -0.400326
v 0.101671 -0.477066 0.364929
v 0.060572 -0.474435 0.431606
v 0.121270 -0.474955 0.396439
v 0.100658 -0.474775 0.429581
v 0.061306 -0.474647 0.366728
v 0.040693 -0.473914 0.399907
v 0.101818 -0.474658 -0.364711
v 0.060689 -0.471568 -0.431885
v 0.121241 -0.475264 -0.396446
v 0.101036 -0.471873 -0.430447
v 0.061271 -0.470978 -0.366404
v 0.040845 -0.468633 -0.400682
v -0.533773 -0.358802 0.530047
v -0.492401 -0.350806 0.596728
v -0.499184 -0.369670 0.540910
v -0.478455 -0.365847 0.573947
v -0.547633 -0.345477 0.552220
v -0.527237 -0.340193 0.586016
v -0.632453 -0.337184 0.492534
v -0.657718 -0.310391 0.533734
v -0.662881 -0.329827 0.478716
v -0.675311 -0.316474 0.499145
v -0.614176 -0.330449 0.527217
v -0.626766 -0.316947 0.547814
v -0.529956 -0.305941 0.657741
v -0.597003 -0.289100 0.632309
v -0.541225 -0.291060 0.675869
v -0.574775 -0.282219 0.663087
v -0.552171 -0.311928 0.626461
v -0.585790 -0.303995 0.613880
v -0.533420 -0.360052 -0.529554
v -0.492553 -0.350151 -0.597334
v -0.498945 -0.368866 -0.540641
v -0.478520 -0.364653 -0.574297
v -0.547793 -0.345227 -0.552106
v -0.527110 -0.340054 -0.585804
v -0.632023 -0.337367 -0.492291
v -0.657542 -0.309714 -0.533562
v -0.662678 -0.329975 -0.478571
v -0.675553 -0.316105 -0.499200
v -0.614396 -0.330461 -0.527180
v -0.627066 -0.316814 -0.547902
v -0.529932 -0.307165 -0.657618
v -0.597041 -0.289444 -0.632470
v -0.541016 -0.291565 -0.675404
v -0.574219 -0.281976 -0.662582
v -0.552498 -0.311510 -0.627078
v -0.585721 -0.303826 -0.613890
v -0.892862 -0.252718 -0.061034
v -0.910164 -0.217800 -0.102305
v -0.892460 -0.253333 -0.101309
v -0.901022 -0.237069 -0.121839
v -0.902584 -0.234583 -0.040997
v -0.911113 -0.216291 -0.061886
v -0.893704 -0.252792 0.061158
v -0.909464 -0.217396 0.101818
v -0.892116 -0.253266 0.101155
v -0.899238 -0.236141 0.121309
v -0.903524 -0.234546 0.041065
v -0.912238 -0.215944 0.062056
v -0.932534 -0.159390 -0.041589
v -0.932788 -0.159310 0.041427
v -0.938035 -0.139978 -0.020794
v -0.938055 -0.139994 0.020623
v -0.926635 -0.177750 -0.020842
v -0.926587 -0.177791 0.020693
v 0.533526 -0.359914 0.529574
v 0.492315 -0.350847 0.596673
v 0.498800 -0.369964 0.540392
v 0.478441 -0.365913 0.574008
v 0.547891 -0.345600 0.552194
v 0.526956 -0.340205 0.585541
v 0.632029 -0.336276 0.492274
v 0.657502 -0.309566 0.533505
v 0.662810 -0.329275 0.478621
v 0.675564 -0.315611 0.499202
v 0.613687 -0.329839 0.526773
v 0.627100 -0.316222 0.547902
v 0.530037 -0.305972 0.657773
v 0.596829 -0.288609 0.632172
v 0.540929 -0.290898 0.675241
v 0.574295 -0.282220 0.662529
v 0.552587 -0.310531 0.627153
v 0.586240 -0.302029 0.614485
v 0.533426 -0.360823 -0.529576
v 0.492366 -0.350443 -0.596365
v 0.499142 -0.368930 -0.540707
v 0.478592 -0.364493 -0.574148
v 0.548220 -0.345760 -0.552507
v 0.527230 -0.340849 -0.585746
v 0.632142 -0.336396 -0.492461
v 0.657841 -0.309058 -0.533834
v 0.662975 -0.329468 -0.478738
v 0.675576 -0.315717 -0.499315
v 0.614149 -0.330116 -0.527221
v 0.627113 -0.316080 -0.548065
v 0.529797 -0.306431 -0.657377
v 0.596839 -0.289727 -0.632070
v 0.540882 -0.291679 -0.675151
v 0.574503 -0.282724 -0.662666
v 0.552331 -0.312379 -0.626633
v 0.585956 -0.304381 -0.614014
v 0.890914 -0.254386 -0.061177
v 0.906672 -0.219208 -0.102165
v 0.889498 -0.255035 -0.100972
v 0.897194 -0.238209 -0.121437
v 0.899412 -0.235506 -0.041449
v 0.908270 -0.217458 -0.062465
v 0.888129 -0.252330 0.060502
v 0.905268 -0.216595 0.103089
v 0.886992 -0.253136 0.101249
v 0.896399 -0.236272 0.122451
v 0.897831 -0.234081 0.040380
v 0.905772 -0.215541 0.061411
v 0.928798 -0.159478 -0.042829
v 0.926786 -0.158980 0.040727
v 0.933556 -0.139962 -0.022010
v 0.932497 -0.139691 0.019628
v 0.921901 -0.178023 -0.021912
v 0.920998 -0.177550 0.019758
v 0.266939 -0.018520 0.968014
v 0.266412 0.020926 0.966245
v 0.233571 -0.009096 0.972965
v 0.233453 0.009956 0.972709
v 0.300426 -0.007257 0.966752
v 0.300083 0.006975 0.967229
v 0.365345 -0.055989 0.926032
v 0.437507 -0.017032 0.923932
v 0.397949 -0.066505 0.910999
v 0.434768 -0.049303 0.903553
v 0.366435 -0.031955 0.931996
v 0.398480 -0.017837 0.926145
v -0.267213 -0.000084 0.971734
v -0.263546 0.014320 0.944538
v -0.231259 -0.002921 0.965469
v -0.229037 0.006999 0.954804
v -0.298718 -0.004552 0.946618
v -0.297956 0.007983 0.943133
v -0.364898 -0.054979 0.926787
v -0.428671 -0.017244 0.890775
v -0.397453 -0.067958 0.910711
v -0.431956 -0.052289 0.897958
v -0.365642 -0.029305 0.935550
v -0.395271 -0.014008 0.923207
v 0.364535 0.058380 0.924793
v 0.419890 0.018738 0.892912
v 0.398121 0.070238 0.911605
v 0.430263 0.051191 0.897636
v 0.364584 0.034060 0.929088
v 0.394943 0.020995 0.917445
v -0.364838 0.054146 0.929272
v -0.414680 0.011359 0.927806
v -0.397386 0.066246 0.912106
v -0.431178 0.047682 0.905968
v -0.363142 0.025680 0.943551
v -0.381222 0.009389 0.936035
v 0.253492 0.000028 -0.921676
v 0.258974 -0.002001 -0.943053
v 0.210303 -0.000596 -0.922665
v 0.214573 -0.000468 -0.934005
v 0.300498 -0.000794 -0.897576
v 0.303180 0.002067 -0.901432
v 0.365089 -0.056810 -0.926042
v 0.425767 -0.031103 -0.893958
v 0.395903 -0.069406 -0.908152
v 0.429311 -0.056607 -0.895728
v 0.365971 -0.030923 -0.928598
v 0.394877 -0.021191 -0.913600
v -0.299627 -0.009918 -0.954416
v -0.284266 0.009107 -0.965511
v -0.527883 0.000104 -0.767504
v -0.334321 -0.000121 -0.850272
v -0.310624 -0.005177 -0.945916
v -0.305541 0.004863 -0.945995
v -0.364766 -0.051386 -0.931750
v -0.443706 -0.012066 -0.945024
v -0.396460 -0.064793 -0.912057
v -0.432995 -0.046306 -0.904324
v -0.365436 -0.020249 -0.948479
v -0.388111 0.000160 -0.974775
v 0.365384 0.055742 -0.926212
v 0.435595 0.023939 -0.920254
v 0.396707 0.066881 -0.911147
v 0.431311 0.052005 -0.903746
v 0.366925 0.031073 -0.928860
v 0.400740 0.017468 -0.933614
v -0.365656 0.058236 -0.924943
v -0.424350 0.027567 -0.892882
v -0.396847 0.070314 -0.909357
v -0.429175 0.055476 -0.895596
v -0.364868 0.032739 -0.922193
v -0.394731 0.020707 -0.914969
v -0.488097 0.518469 0.030708
v -0.488078 0.519801 -0.030727
v -0.457333 0.523181 0.032343
v -0.457113 0.524240 -0.032572
v -0.538623 0.499104 0.050526
v -0.475994 0.515390 0.064399
v -0.529633 0.500111 0.085482
v -0.538692 0.499813 -0.050825
v -0.476435 0.516839 -0.063831
v -0.529347 0.498907 -0.084831
v -0.569373 0.489044 -0.000102
v -0.561102 0.490886 -0.073005
v -0.593561 0.479072 -0.019550
v -0.560883 0.489813 0.072583
v -0.593478 0.479190 0.019427
v 0.488015 0.520830 0.030631
v 0.487965 0.520475 -0.030674
v 0.457022 0.525106 0.032420
v 0.456826 0.525178 -0.032533
v 0.538687 0.498792 0.050609
v 0.476377 0.516754 0.063798
v 0.529548 0.497719 0.084921
v 0.538738 0.499547 -0.050830
v 0.476543 0.517318 -0.063481
v 0.529353 0.499420 -0.084609
v 0.569345 0.488403 -0.000049
v 0.560703 0.489958 -0.072493
v 0.593951 0.477446 -0.019629
v 0.560956 0.488040 0.072781
v 0.593779 0.476496 0.019515
v -0.487988 -0.520109 0.030792
v -0.488136 -0.519462 -0.030919
v -0.457212 -0.522990 0.032516
v -0.457363 -0.522745 -0.032550
v -0.538594 -0.501075 0.050390
v -0.475897 -0.514555 0.064875
v -0.529441 -0.501244 0.084795
v -0.538680 -0.498913 -0.050598
v -0.476200 -0.516397 -0.064425
v -0.529319 -0.499154 -0.084409
v -0.569640 -0.489679 -0.000120
v -0.560995 -0.488888 -0.072808
v -0.593940 -0.478148 -0.019657
v -0.561028 -0.490238 0.072891
v -0.593312 -0.479134 0.019341
v 0.488219 -0.521700 0.030535
v 0.487872 -0.523012 -0.031011
v 0.457317 -0.525184 0.032323
v 0.456758 -0.527362 -0.032793
v 0.539153 -0.499562 0.051722
v 0.476249 -0.516323 0.063956
v 0.529389 -0.498223 0.084541
v 0.538607 -0.499937 -0.050818
v 0.476303 -0.519061 -0.063971
v 0.529465 -0.498671 -0.085086
v 0.569426 -0.490427 0.000041
v 0.560837 -0.488960 -0.072721
v 0.593698 -0.479112 -0.019654
v 0.560723 -0.489037 0.072480
v 0.593373 -0.479776 0.019384
v 0.000194 -0.369241 0.820966
v -0.050137 -0.339792 0.840506
v -0.019372 -0.376124 0.803583
v -0.072219 -0.349556 0.824062
v 0.050262 -0.338632 0.840471
v 0.018848 -0.372907 0.803694
v 0.071783 -0.348793 0.823918
v 0.031527 -0.305414 0.871794
v -0.031050 -0.306032 0.871302
v 0.032510 -0.286443 0.887461
v -0.032639 -0.286466 0.887793
v 0.085398 -0.329029 0.843766
v 0.064095 -0.297922 0.875734
v -0.085413 -0.329169 0.843799
v -0.064136 -0.298179 0.875866
v 0.000253 0.367379 0.820982
v -0.050424 0.338521 0.840537
v -0.019310 0.375328 0.803699
v -0.072083 0.348947 0.824031
v 0.050235 0.338558 0.840346
v 0.019504 0.374731 0.803647
v 0.071607 0.349595 0.823829
v 0.031375 0.305098 0.871661
v -0.031443 0.304932 0.871888
v 0.032486 0.286361 0.887743
v -0.032620 0.286099 0.887812
v 0.085332 0.328226 0.843757
v 0.063899 0.297560 0.875632
v -0.085538 0.329058 0.843765
v -0.064121 0.298064 0.875862
v 0.000045 -0.366292 -0.820918
v -0.049970 -0.339099 -0.840368
v -0.019066 -0.373337 -0.803758
v -0.071672 -0.350067 -0.823853
v 0.050513 -0.338678 -0.840474
v 0.019364 -0.373963 -0.803631
v 0.071768 -0.349676 -0.823948
v 0.031266 -0.305885 -0.871845
v -0.031469 -0.305000 -0.872204
v 0.032519 -0.286822 -0.887670
v -0.032529 -0.286424 -0.887769
v 0.084830 -0.329111 -0.843555
v 0.064260 -0.298234 -0.876040
v -0.085080 -0.328594 -0.843583
v -0.064029 -0.297857 -0.875927
v 0.000083 0.366570 -0.820927
v -0.050312 0.338724 -0.840484
v -0.019191 0.373351 -0.803752
v -0.071678 0.349463 -0.823897
v 0.050270 0.339078 -0.840415
v 0.019470 0.375542 -0.803569
v 0.071893 0.349726 -0.823958
v 0.031265 0.306205 -0.871730
v -0.031227 0.306514 -0.871770
v 0.032621 0.286375 -0.887855
v -0.032558 0.286858 -0.887857
v 0.085062 0.329237 -0.843639
v 0.064259 0.297692 -0.876003
v -0.085499 0.329169 -0.843776
v -0.064001 0.298505 -0.875957
v 0.849151 0.023558 -0.546313
v 0.859211 0.010598 -0.486040
v 0.845818 0.049218 -0.531684
v 0.869444 0.033189 -0.475197
v 0.837264 -0.030189 -0.535624
v 0.859655 -0.009735 -0.485633
v 0.842236 -0.052905 -0.528701
v 0.868654 -0.033406 -0.474476
v 0.800117 -0.001099 -0.550637
v 0.822187 -0.044858 -0.557902
v 0.804367 -0.009757 -0.585306
v 0.827247 0.040266 -0.562129
v 0.807519 0.009663 -0.588087
v 0.854341 0.003223 -0.442425
v 0.849485 -0.004148 -0.439292
v 0.852242 0.019823 0.545265
v 0.836261 -0.001544 0.451052
v 0.848692 0.046691 0.532301
v 0.876408 0.021279 0.469959
v 0.838884 -0.026242 0.540404
v 0.814635 0.000497 0.443826
v 0.843574 -0.050626 0.530427
v 0.868234 -0.023567 0.466205
v 0.849070 -0.002112 0.582573
v 0.826494 -0.042467 0.561768
v 0.822975 -0.009349 0.603956
v 0.836594 0.036864 0.566154
v 0.857241 -0.001733 0.622255
v 0.851761 -0.000765 0.394370
v 0.829723 -0.000238 0.377234
v -0.843403 0.026103 -0.545226
v -0.863495 0.015554 -0.490101
v -0.843107 0.050674 -0.530021
v -0.873702 0.036381 -0.478683
v -0.841328 -0.028146 -0.541590
v -0.865880 -0.014742 -0.490597
v -0.843073 -0.051223 -0.529449
v -0.875500 -0.035451 -0.480159
v -0.816391 -0.001261 -0.576621
v -0.823878 -0.043120 -0.560308
v -0.797470 -0.011452 -0.590099
v -0.824117 0.041040 -0.561404
v -0.781062 0.003670 -0.583652
v -0.865982 0.000480 -0.493036
v -0.872313 -0.000143 -0.497421
v -0.848494 0.019059 0.545858
v -0.868712 0.014471 0.485831
v -0.846834 0.049113 0.531716
v -0.872590 0.037502 0.475493
v -0.836760 -0.026963 0.538912
v -0.863644 -0.018521 0.482965
v -0.844860 -0.052824 0.530527
v -0.870257 -0.039937 0.474003
v -0.730152 -0.000049 0.547498
v -0.820195 -0.041267 0.558800
v -0.792013 -0.006871 0.586631
v -0.821415 0.039988 0.560968
v -0.785437 0.008433 0.587301
v -0.878466 0.019660 0.452837
v -0.877389 -0.020608 0.452143
v -0.055081 0.544357 0.033457
v -0.055288 0.542518 -0.033358
v -0.090839 0.553599 0.033473
v -0.090880 0.551355 -0.033363
v 0.055234 0.544364 0.033406
v 0.055113 0.544693 -0.033362
v 0.090831 0.551933 0.033409
v 0.090794 0.552129 -0.033337
v 0.000229 0.529550 0.066861
v -0.074311 0.540564 0.066749
v -0.019484 0.519744 0.100156
v -0.000096 0.522782 -0.066935
v -0.074549 0.537317 -0.066758
v -0.019995 0.514466 -0.100310
v 0.074558 0.540119 0.066732
v 0.019776 0.519922 0.100129
v 0.074306 0.538749 -0.066708
v 0.019589 0.515188 -0.100227
v -0.308730 0.480194 0.443439
v -0.363064 0.451709 0.464426
v -0.326501 0.491648 0.414556
v -0.379713 0.463301 0.433892
v -0.253628 0.472916 0.533006
v -0.307576 0.449385 0.553328
v -0.235169 0.473482 0.560948
v -0.289357 0.452107 0.581735
v -0.253816 0.478775 0.477382
v -0.290891 0.492335 0.416451
v -0.235470 0.482795 0.449896
v -0.362377 0.431355 0.519315
v -0.398347 0.443446 0.457241
v -0.398253 0.418621 0.512499
v -0.216195 0.481808 0.538115
v -0.216293 0.481424 0.481309
v -0.324007 0.436192 0.578060
v -0.379060 0.416492 0.544708
v -0.308782 0.479441 -0.443788
v -0.362924 0.451754 -0.464545
v -0.325877 0.487128 -0.413565
v -0.379737 0.461637 -0.433697
v -0.254073 0.475028 -0.533700
v -0.307654 0.450009 -0.553200
v -0.235496 0.473260 -0.560907
v -0.289748 0.451149 -0.581698
v -0.253877 0.480002 -0.477683
v -0.290451 0.489254 -0.416245
v -0.235381 0.482992 -0.449977
v -0.362112 0.433728 -0.519135
v -0.399056 0.441033 -0.458149
v -0.397818 0.420150 -0.512321
v -0.216323 0.480239 -0.537482
v -0.216229 0.481349 -0.481393
v -0.324100 0.436700 -0.577846
v -0.378539 0.418821 -0.543787
v -0.773512 0.335316 -0.307644
v -0.806171 0.321020 -0.253273
v -0.759672 0.350125 -0.288572
v -0.793097 0.336133 -0.234627
v -0.807235 0.289374 -0.362822
v -0.840886 0.277774 -0.308752
v -0.816377 0.273064 -0.379917
v -0.850580 0.261773 -0.326105
v -0.773088 0.317103 -0.362103
v -0.747585 0.346939 -0.323765
v -0.747867 0.327341 -0.378466
v -0.839546 0.290660 -0.253719
v -0.814781 0.319446 -0.215880
v -0.848989 0.288614 -0.216491
v -0.794748 0.286343 -0.398880
v -0.760371 0.312919 -0.398018
v -0.862230 0.263471 -0.290951
v -0.860031 0.274693 -0.235718
v -0.772996 0.335690 0.307600
v -0.806580 0.321559 0.253515
v -0.760050 0.351300 0.288978
v -0.793139 0.336900 0.234707
v -0.807656 0.290053 0.362858
v -0.841650 0.276702 0.308711
v -0.815979 0.272189 0.379744
v -0.850440 0.260316 0.325814
v -0.772826 0.316996 0.361969
v -0.747601 0.348033 0.323903
v -0.747465 0.327314 0.378289
v -0.839585 0.290556 0.253740
v -0.814808 0.319530 0.215857
v -0.848203 0.288475 0.216383
v -0.794247 0.286151 0.398650
v -0.759844 0.312354 0.397770
v -0.861325 0.261261 0.290532
v -0.860576 0.274573 0.235859
v 0.308667 0.478081 0.443326
v 0.363133 0.448519 0.464561
v 0.325885 0.485945 0.413022
v 0.379767 0.459134 0.433654
v 0.254167 0.474934 0.533817
v 0.307547 0.448142 0.553238
v 0.235722 0.473669 0.561075
v 0.289084 0.448769 0.581209
v 0.253776 0.478149 0.477372
v 0.291029 0.491624 0.416495
v 0.235454 0.483073 0.449883
v 0.216327 0.482498 0.537620
v 0.216349 0.481332 0.481388
v 0.362690 0.429316 0.519936
v 0.398523 0.441555 0.457323
v 0.397800 0.419998 0.512294
v 0.324068 0.435684 0.577893
v 0.378588 0.418418 0.543631
v 0.308461 0.477589 -0.443156
v 0.363295 0.451293 -0.464717
v 0.325922 0.487226 -0.413553
v 0.379754 0.462725 -0.433652
v 0.253838 0.473979 -0.533534
v 0.307444 0.447708 -0.553105
v 0.235639 0.475255 -0.561386
v 0.288931 0.448202 -0.581177
v 0.253862 0.480058 -0.477570
v 0.290295 0.490687 -0.416114
v 0.235353 0.483951 -0.449893
v 0.216320 0.482435 -0.538203
v 0.216283 0.482472 -0.481197
v 0.362178 0.432410 -0.519047
v 0.398304 0.444186 -0.457265
v 0.397757 0.419613 -0.512219
v 0.323859 0.433720 -0.577733
v 0.378610 0.417061 -0.543804
v 0.773520 0.337704 -0.307717
v 0.805929 0.322808 -0.253294
v 0.760769 0.352986 -0.289084
v 0.793433 0.338543 -0.234844
v 0.808035 0.290675 -0.362973
v 0.840681 0.277998 -0.308628
v 0.815531 0.271633 -0.379569
v 0.849858 0.261511 -0.325849
v 0.773201 0.318604 -0.362068
v 0.748083 0.349619 -0.324048
v 0.747937 0.328824 -0.378376
v 0.839673 0.291882 -0.253835
v 0.814371 0.321564 -0.215868
v 0.848616 0.289617 -0.216542
v 0.794290 0.285375 -0.398543
v 0.759923 0.312924 -0.397683
v 0.859913 0.261868 -0.290337
v 0.860239 0.275818 -0.235900
v 0.772798 0.335946 0.307309
v 0.806349 0.321925 0.253365
v 0.760705 0.352885 0.289017
v 0.793840 0.337923 0.234994
v 0.807755 0.290807 0.362926
v 0.841024 0.277835 0.308760
v 0.816915 0.274678 0.380050
v 0.849463 0.262012 0.325827
v 0.773380 0.318200 0.362250
v 0.747751 0.348321 0.323771
v 0.747349 0.326928 0.378287
v 0.839474 0.291393 0.253728
v 0.814932 0.320530 0.215956
v 0.848503 0.290238 0.216419
v 0.794832 0.286941 0.398794
v 0.760188 0.312139 0.397971
v 0.861233 0.262510 0.290709
v 0.860059 0.276122 0.235824
v -0.055048 -0.543420 0.033488
v -0.055065 -0.542965 -0.033360
v -0.090706 -0.553843 0.033435
v -0.090826 -0.551613 -0.033382
v 0.055183 -0.546316 0.033398
v 0.055092 -0.546537 -0.033380
v 0.090835 -0.553607 0.033393
v 0.090633 -0.554399 -0.033345
v 0.000216 -0.526006 0.066912
v -0.074606 -0.539276 0.066799
v -0.019669 -0.517625 0.100242
v 0.000213 -0.526474 -0.066887
v -0.074688 -0.536585 -0.066798
v -0.019643 -0.512384 -0.100305
v 0.074359 -0.541051 0.066691
v 0.019625 -0.519932 0.100138
v 0.074333 -0.539987 -0.066739
v 0.019921 -0.515270 -0.100295
v -0.308587 -0.480679 0.443359
v -0.363070 -0.452723 0.464199
v -0.326532 -0.493353 0.414655
v -0.379764 -0.464662 0.433727
v -0.253733 -0.472009 0.532912
v -0.307559 -0.447851 0.553278
v -0.235638 -0.474699 0.561245
v -0.289187 -0.450295 0.581472
v -0.253913 -0.480204 0.477516
v -0.290350 -0.492919 0.416226
v -0.235441 -0.486314 0.449886
v -0.362771 -0.430777 0.519923
v -0.398270 -0.444937 0.457093
v -0.397763 -0.421066 0.512222
v -0.216103 -0.479413 0.536964
v -0.216289 -0.482659 0.481208
v -0.323995 -0.435224 0.577947
v -0.378600 -0.418798 0.543728
v -0.308852 -0.480451 -0.443538
v -0.362720 -0.454036 -0.463999
v -0.326149 -0.489300 -0.413709
v -0.379613 -0.463965 -0.433449
v -0.253939 -0.474284 -0.533679
v -0.307549 -0.449469 -0.553360
v -0.235381 -0.473957 -0.560748
v -0.289141 -0.450047 -0.580974
v -0.253784 -0.478716 -0.477516
v -0.290627 -0.490649 -0.416235
v -0.235263 -0.482503 -0.449882
v -0.362344 -0.431436 -0.519710
v -0.398522 -0.443800 -0.457319
v -0.397884 -0.420246 -0.512492
v -0.216148 -0.479982 -0.537338
v -0.216231 -0.480646 -0.481418
v -0.323843 -0.435148 -0.577540
v -0.378703 -0.417675 -0.544461
v -0.774107 -0.337121 -0.307852
v -0.806531 -0.320926 -0.253309
v -0.760110 -0.350867 -0.288709
v -0.793608 -0.335795 -0.234771
v -0.808708 -0.291416 -0.363488
v -0.842054 -0.276103 -0.309077
v -0.816554 -0.272522 -0.380086
v -0.850086 -0.260305 -0.326061
v -0.773273 -0.317731 -0.362161
v -0.747561 -0.347655 -0.323757
v -0.747761 -0.327441 -0.378383
v -0.839629 -0.289677 -0.253694
v -0.814606 -0.319665 -0.215849
v -0.848313 -0.288498 -0.216360
v -0.795165 -0.287373 -0.399062
v -0.760086 -0.313054 -0.397858
v -0.862021 -0.261350 -0.290882
v -0.860317 -0.274308 -0.235758
v -0.772995 -0.335331 0.307614
v -0.806760 -0.321778 0.253549
v -0.760079 -0.351261 0.289007
v -0.793179 -0.337240 0.234701
v -0.807420 -0.289748 0.362780
v -0.841668 -0.278605 0.308735
v -0.815957 -0.272230 0.379649
v -0.849842 -0.261218 0.325720
v -0.772975 -0.317459 0.362119
v -0.747353 -0.347468 0.323838
v -0.747173 -0.326738 0.378251
v -0.839637 -0.290286 0.253750
v -0.814756 -0.320230 0.215867
v -0.848656 -0.287951 0.216481
v -0.794068 -0.285672 0.398579
v -0.760019 -0.312747 0.397928
v -0.861241 -0.261872 0.290563
v -0.860339 -0.273990 0.235822
v 0.308518 -0.478361 0.443292
v 0.362786 -0.453087 0.464052
v 0.325869 -0.485883 0.413252
v 0.379944 -0.461418 0.433787
v 0.254469 -0.477821 0.534331
v 0.307506 -0.449263 0.553118
v 0.235208 -0.471783 0.561046
v 0.289143 -0.451506 0.581231
v 0.253949 -0.480667 0.477702
v 0.290480 -0.490004 0.416069
v 0.235640 -0.483017 0.449986
v 0.216379 -0.481210 0.537978
v 0.216333 -0.481459 0.481408
v 0.362203 -0.431966 0.519185
v 0.398864 -0.442506 0.457503
v 0.398394 -0.418434 0.512667
v 0.323866 -0.435852 0.577637
v 0.378556 -0.418390 0.543697
v 0.308556 -0.478783 -0.443346
v 0.362586 -0.453975 -0.463994
v 0.326073 -0.488741 -0.413762
v 0.379690 -0.463083 -0.433981
v 0.253935 -0.474447 -0.533727
v 0.307456 -0.448918 -0.553172
v 0.235511 -0.474958 -0.561281
v 0.289298 -0.451498 -0.581729
v 0.254048 -0.480143 -0.477762
v 0.290387 -0.490751 -0.416178
v 0.235586 -0.484408 -0.450148
v 0.216232 -0.480231 -0.537552
v 0.216541 -0.483497 -0.481809
v 0.362053 -0.433265 -0.518843
v 0.398464 -0.441731 -0.457406
v 0.398413 -0.418088 -0.512712
v 0.323792 -0.434672 -0.577478
v 0.378527 -0.418114 -0.543551
v 0.773257 -0.336412 -0.307574
v 0.806143 -0.322253 -0.253387
v 0.761020 -0.353389 -0.289177
v 0.793192 -0.338145 -0.234802
v 0.807149 -0.289506 -0.362659
v 0.841129 -0.277638 -0.308798
v 0.815514 -0.271858 -0.379568
v 0.849684 -0.261548 -0.325873
v 0.773049 -0.317508 -0.361967
v 0.747835 -0.348495 -0.323912
v 0.747391 -0.327367 -0.378184
v 0.839587 -0.291002 -0.253842
v 0.814285 -0.321287 -0.215869
v 0.848430 -0.289078 -0.216519
v 0.794296 -0.285292 -0.398540
v 0.760045 -0.312880 -0.397725
v 0.859748 -0.261092 -0.290317
v 0.860290 -0.274251 -0.235931
v 0.773035 -0.335406 0.307454
v 0.806095 -0.321507 0.253314
v 0.760700 -0.351157 0.289101
v 0.793605 -0.337063 0.234940
v 0.807947 -0.290307 0.363009
v 0.842113 -0.279402 0.309018
v 0.816185 -0.272989 0.379827
v 0.850089 -0.262106 0.325951
v 0.773117 -0.315862 0.362113
v 0.747506 -0.346889 0.323760
v 0.747610 -0.326260 0.378365
v 0.839630 -0.291699 0.253774
v 0.814613 -0.320223 0.215887
v 0.848757 -0.290315 0.216529
v 0.795112 -0.286656 0.398992
v 0.760090 -0.311615 0.397877
v 0.861367 -0.263058 0.290742
v 0.860144 -0.276492 0.235859
v 0.035641 -0.031634 0.992439
v -0.024923 -0.007819 0.983190
v 0.033999 -0.055696 0.992556
v -0.031624 -0.047479 0.992213
v 0.034941 0.032011 0.992360
v -0.028338 0.012943 0.984045
v 0.033741 0.056104 0.992591
v -0.032131 0.049616 0.992316
v 0.065210 -0.000148 0.979795
v 0.065695 -0.045092 0.991801
v 0.091765 -0.008001 0.964932
v -0.189843 -0.000103 0.356433
v -0.069941 -0.024168 0.986289
v -0.277580 0.000448 0.868979
v 0.065974 0.045094 0.992186
v 0.092116 0.006651 0.968245
v -0.067641 0.030082 0.988107
v -0.163429 -0.000606 0.886866
v 0.464131 -0.223916 0.807018
v 0.443617 -0.190414 0.840376
v 0.433925 -0.235497 0.816189
v 0.413756 -0.201995 0.849931
v 0.553834 -0.193253 0.773386
v 0.532853 -0.158903 0.806215
v 0.581200 -0.183073 0.759674
v 0.560444 -0.149019 0.792881
v 0.518934 -0.223533 0.772811
v 0.457544 -0.245843 0.794496
v 0.512193 -0.243054 0.759749
v 0.578133 -0.204017 0.747996
v 0.543342 -0.232694 0.747727
v 0.478002 -0.155502 0.839966
v 0.416143 -0.178676 0.860306
v 0.450065 -0.142692 0.859157
v 0.536261 -0.135154 0.813875
v 0.480871 -0.130990 0.846935
v -0.464101 -0.223977 0.806869
v -0.443786 -0.189220 0.840593
v -0.434043 -0.236083 0.816242
v -0.412988 -0.201618 0.848769
v -0.553645 -0.193454 0.773175
v -0.532680 -0.158782 0.806032
v -0.581594 -0.183797 0.760524
v -0.560108 -0.148313 0.792545
v -0.518895 -0.223436 0.772748
v -0.457350 -0.245592 0.793904
v -0.511995 -0.243050 0.759448
v -0.578260 -0.204334 0.748236
v -0.543472 -0.233415 0.747946
v -0.478063 -0.155279 0.839981
v -0.415999 -0.177863 0.860084
v -0.450063 -0.142806 0.859114
v -0.536011 -0.134662 0.813822
v -0.481579 -0.131759 0.847885
v 0.464174 0.224557 0.806968
v 0.443534 0.190172 0.840312
v 0.434411 0.236131 0.816649
v 0.413692 0.201851 0.849917
v 0.553787 0.193635 0.773367
v 0.532650 0.158559 0.806289
v 0.581274 0.183499 0.759858
v 0.560308 0.149046 0.793095
v 0.518798 0.223300 0.772680
v 0.457298 0.245652 0.793708
v 0.512263 0.242789 0.760079
v 0.578667 0.204883 0.748539
v 0.543308 0.232854 0.747752
v 0.477714 0.154797 0.839859
v 0.416119 0.178200 0.860347
v 0.450405 0.141985 0.860078
v 0.536388 0.134976 0.814560
v 0.481896 0.130548 0.848769
v -0.464172 0.223491 0.806916
v -0.443765 0.189546 0.840503
v -0.434537 0.235550 0.816808
v -0.413015 0.201423 0.848767
v -0.553970 0.193654 0.773811
v -0.532727 0.158331 0.805903
v -0.581472 0.183046 0.760468
v -0.560387 0.148271 0.792717
v -0.519118 0.223971 0.773164
v -0.457335 0.245318 0.793678
v -0.511976 0.243428 0.759473
v -0.578022 0.203588 0.748066
v -0.543238 0.233270 0.747694
v -0.478084 0.155055 0.839777
v -0.416058 0.178146 0.860080
v -0.449827 0.142160 0.858525
v -0.536355 0.134625 0.813754
v -0.480989 0.130806 0.846903
v 0.023637 -0.010457 -0.987257
v -0.035190 -0.032183 -0.992209
v 0.031524 -0.048147 -0.992924
v -0.033891 -0.056499 -0.994271
v 0.027169 0.009789 -0.987102
v -0.034629 0.032496 -0.993681
v 0.032437 0.048168 -0.992833
v -0.033769 0.056304 -0.994572
v 0.067064 0.000069 -0.380635
v 0.066227 -0.028497 -0.988923
v 0.167606 0.000428 -0.900799
v -0.063506 -0.000058 -0.978596
v -0.066568 -0.046507 -0.992147
v -0.088921 -0.008973 -0.980164
v 0.069291 0.028727 -0.987030
v 0.236503 -0.000424 -0.870203
v -0.066694 0.046703 -0.993064
v -0.091150 0.010051 -0.980522
v 0.464068 -0.224515 -0.806901
v 0.443292 -0.189739 -0.839984
v 0.434193 -0.236703 -0.816400
v 0.413423 -0.201991 -0.849344
v 0.554449 -0.193838 -0.774223
v 0.532744 -0.158654 -0.806027
v 0.581909 -0.184042 -0.760868
v 0.560221 -0.148463 -0.792474
v 0.518694 -0.223654 -0.772438
v 0.457400 -0.246780 -0.794302
v 0.511834 -0.243620 -0.759142
v 0.578307 -0.204080 -0.748208
v 0.543120 -0.233139 -0.747343
v 0.478549 -0.154823 -0.841230
v 0.416026 -0.177932 -0.860375
v 0.450738 -0.142415 -0.860996
v 0.536109 -0.134871 -0.813593
v 0.481904 -0.132081 -0.848533
v -0.464685 -0.224160 -0.807932
v -0.443378 -0.189774 -0.840278
v -0.433877 -0.235862 -0.816070
v -0.413232 -0.201981 -0.849263
v -0.554222 -0.193707 -0.774057
v -0.533020 -0.158615 -0.806387
v -0.581761 -0.183483 -0.760615
v -0.560836 -0.148717 -0.793487
v -0.519081 -0.223194 -0.773150
v -0.457381 -0.245586 -0.794070
v -0.512109 -0.242970 -0.759592
v -0.578300 -0.203660 -0.748190
v -0.543568 -0.232770 -0.747888
v -0.477628 -0.154755 -0.839605
v -0.416108 -0.178105 -0.860686
v -0.450197 -0.141950 -0.859779
v -0.536932 -0.134982 -0.814524
v -0.481835 -0.130594 -0.848310
v 0.464090 0.222735 -0.806983
v 0.443330 0.189008 -0.840001
v 0.433993 0.235054 -0.815952
v 0.413404 0.201024 -0.849297
v 0.554390 0.192912 -0.774185
v 0.532825 0.158135 -0.805933
v 0.581829 0.183210 -0.760728
v 0.560731 0.148705 -0.793002
v 0.518629 0.222056 -0.772457
v 0.457141 0.244584 -0.793481
v 0.511796 0.242208 -0.759230
v 0.578400 0.203782 -0.748307
v 0.543033 0.232090 -0.747323
v 0.478877 0.154270 -0.841314
v 0.416129 0.177273 -0.860443
v 0.450481 0.141690 -0.860057
v 0.536429 0.134652 -0.813572
v 0.481598 0.130735 -0.847717
v -0.464313 0.224442 -0.807229
v -0.443411 0.189765 -0.840216
v -0.433955 0.235950 -0.816099
v -0.413262 0.201683 -0.849246
v -0.554134 0.193542 -0.773796
v -0.532772 0.158178 -0.806006
v -0.581743 0.183498 -0.760544
v -0.560679 0.148543 -0.793227
v -0.519245 0.223547 -0.773374
v -0.457293 0.245891 -0.793897
v -0.512149 0.243090 -0.759684
v -0.578164 0.203896 -0.747986
v -0.543617 0.233026 -0.747906
v -0.477636 0.154877 -0.839589
v -0.416098 0.177750 -0.860589
v -0.450602 0.142158 -0.860692
v -0.536616 0.134307 -0.814250
v -0.482553 0.130778 -0.849396
v 0.827116 -0.000751 -0.015752
v 0.829987 0.000792 -0.015293
v 0.825953 -0.000729 -0.121153
v 0.830125 0.000731 -0.122624
v 0.946731 0.020261 0.055929
v 0.946500 -0.020132 0.056081
v 0.947459 0.020947 0.093326
v 0.947051 -0.020691 0.093372
v 0.942197 0.036129 -0.000217
v 0.914440 0.019545 -0.077692
v 0.943114 0.056526 -0.022302
v 0.947849 0.041265 0.076077
v 0.946193 0.059391 0.017313
v 0.942171 -0.036139 -0.000107
v 0.915462 -0.020526 -0.077706
v 0.943421 -0.056654 -0.022317
v 0.947342 -0.041014 0.076068
v 0.946082 -0.059350 0.017314
v -0.946562 0.019522 -0.055518
v -0.946154 -0.019752 -0.055662
v -0.944383 0.019283 -0.089064
v -0.944296 -0.019267 -0.089068
v -0.947452 0.019968 0.056062
v -0.948333 -0.020036 0.055988
v -0.949397 0.020824 0.088778
v -0.949326 -0.020883 0.088689
v -0.947375 0.038567 0.000108
v -0.954098 0.040489 -0.076255
v -0.951349 0.059820 -0.019545
v -0.955789 0.041502 0.075471
v -0.950710 0.060140 0.019850
v -0.948125 -0.038716 -0.000156
v -0.954110 -0.040530 -0.076369
v -0.951400 -0.059996 -0.019640
v -0.955733 -0.041516 0.075283
v -0.951024 -0.060251 0.019802
v -0.328899 0.546923 0.033263
v -0.328937 0.546399 -0.033191
v -0.361642 0.540745 0.033320
v -0.361544 0.541799 -0.033179
v -0.228245 0.554803 0.033280
v -0.228082 0.555611 -0.033264
v -0.193968 0.560392 0.033307
v -0.193311 0.561759 -0.033345
v -0.281943 0.546958 0.066418
v -0.348477 0.541043 0.066537
v -0.302094 0.542017 0.099575
v -0.281909 0.546581 -0.066402
v -0.348286 0.541928 -0.066407
v -0.302052 0.541222 -0.099538
v -0.213858 0.554293 0.066538
v -0.268245 0.545271 0.099578
v -0.213590 0.553926 -0.066494
v -0.268193 0.543138 -0.099576
v -0.429548 0.516623 0.195865
v -0.482997 0.499945 0.215757
v -0.441994 0.518262 0.163179
v -0.495653 0.500497 0.183651
v -0.387582 0.510507 0.291422
v -0.441592 0.493379 0.312279
v -0.372729 0.510682 0.323639
v -0.426897 0.490199 0.343963
v -0.382629 0.519555 0.229529
v -0.409249 0.522581 0.164587
v -0.363023 0.525859 0.198020
v -0.490039 0.485970 0.270514
v -0.516420 0.489972 0.205378
v -0.524094 0.476088 0.259561
v -0.353731 0.517980 0.293088
v -0.349198 0.525821 0.230598
v -0.461763 0.481886 0.335367
v -0.510393 0.474453 0.292070
v -0.429729 0.520628 -0.197059
v -0.482871 0.500291 -0.215507
v -0.442034 0.517978 -0.163779
v -0.495535 0.501431 -0.183575
v -0.387657 0.511720 -0.291989
v -0.441463 0.493990 -0.312482
v -0.372756 0.511494 -0.323536
v -0.426668 0.492474 -0.344404
v -0.382793 0.521544 -0.229838
v -0.409394 0.524641 -0.165417
v -0.362853 0.526758 -0.197883
v -0.489909 0.485922 -0.270495
v -0.516339 0.490198 -0.205215
v -0.523864 0.474777 -0.259276
v -0.353832 0.517579 -0.293329
v -0.348991 0.525145 -0.230222
v -0.461632 0.481318 -0.334949
v -0.510034 0.473039 -0.291756
v -0.645364 0.452013 -0.154007
v -0.678723 0.438756 -0.100425
v -0.625240 0.462668 -0.133867
v -0.658391 0.449543 -0.080104
v -0.699957 0.413983 -0.213545
v -0.733225 0.401412 -0.159873
v -0.716372 0.400211 -0.232759
v -0.749586 0.385786 -0.178969
v -0.654252 0.440836 -0.208679
v -0.615838 0.463754 -0.168587
v -0.622478 0.449229 -0.221877
v -0.719457 0.413463 -0.100854
v -0.680947 0.437489 -0.060583
v -0.721836 0.412555 -0.060738
v -0.688863 0.412339 -0.247973
v -0.641917 0.437461 -0.242290
v -0.755725 0.386637 -0.140700
v -0.740498 0.399262 -0.080759
v -0.644910 0.449430 0.153785
v -0.678653 0.437254 0.100272
v -0.625016 0.460237 0.133766
v -0.658936 0.448447 0.080271
v -0.700303 0.412667 0.213698
v -0.733578 0.400097 0.159960
v -0.716669 0.398364 0.232977
v -0.750030 0.385780 0.179178
v -0.652723 0.436909 0.208106
v -0.615000 0.460303 0.168285
v -0.622614 0.448526 0.222070
v -0.719949 0.412515 0.100929
v -0.681074 0.436900 0.060589
v -0.721959 0.412502 0.060750
v -0.688744 0.410587 0.248026
v -0.641116 0.435427 0.242091
v -0.754934 0.385170 0.140187
v -0.740836 0.398952 0.080784
v 0.329105 0.545957 0.033216
v 0.328984 0.546183 -0.033224
v 0.361331 0.542575 0.033278
v 0.361553 0.541173 -0.033223
v 0.228101 0.555064 0.033270
v 0.228279 0.555051 -0.033217
v 0.193521 0.561402 0.033332
v 0.193443 0.561606 -0.033231
v 0.281981 0.546912 0.066399
v 0.348537 0.540456 0.066431
v 0.302116 0.541546 0.099529
v 0.282107 0.545854 -0.066410
v 0.348556 0.539511 -0.066385
v 0.302181 0.540937 -0.099596
v 0.213731 0.554990 0.066478
v 0.268270 0.544796 0.099543
v 0.213692 0.555934 -0.066494
v 0.268363 0.544652 -0.099581
v 0.429335 0.514882 0.195809
v 0.482870 0.496286 0.215743
v 0.441684 0.515979 0.163291
v 0.495421 0.497706 0.183087
v 0.387617 0.511195 0.291369
v 0.441538 0.492497 0.312008
v 0.372797 0.508161 0.322557
v 0.426773 0.489065 0.344336
v 0.382765 0.521706 0.230057
v 0.409069 0.522649 0.164654
v 0.363177 0.528121 0.198421
v 0.489943 0.484734 0.270617
v 0.516335 0.487303 0.205218
v 0.523840 0.475641 0.259386
v 0.353787 0.517266 0.293126
v 0.349487 0.527370 0.231236
v 0.461847 0.480180 0.335702
v 0.510260 0.474232 0.292081
v 0.429173 0.513818 -0.195168
v 0.483125 0.500636 -0.216537
v 0.441776 0.516977 -0.163550
v 0.495780 0.502538 -0.183946
v 0.387673 0.511584 -0.291717
v 0.441530 0.492201 -0.312324
v 0.372887 0.509519 -0.322509
v 0.426913 0.489448 -0.344626
v 0.382784 0.519652 -0.230189
v 0.408932 0.521153 -0.164394
v 0.362957 0.525957 -0.198123
v 0.489951 0.486933 -0.270534
v 0.516369 0.490021 -0.205382
v 0.523714 0.476741 -0.259134
v 0.353830 0.517824 -0.293049
v 0.349332 0.526826 -0.230860
v 0.461615 0.479304 -0.334512
v 0.510079 0.474593 -0.291594
v 0.645435 0.448461 -0.153975
v 0.678262 0.436461 -0.100158
v 0.625054 0.458377 -0.133679
v 0.658642 0.447046 -0.080144
v 0.699737 0.413816 -0.213387
v 0.733389 0.400381 -0.159841
v 0.716702 0.400743 -0.232994
v 0.749876 0.385659 -0.179011
v 0.653669 0.438418 -0.208548
v 0.614585 0.458870 -0.167998
v 0.622404 0.447662 -0.221972
v 0.719513 0.412501 -0.100813
v 0.680764 0.435367 -0.060508
v 0.722062 0.411479 -0.060820
v 0.689362 0.412902 -0.248379
v 0.641352 0.436733 -0.242204
v 0.756166 0.385162 -0.140804
v 0.741082 0.399135 -0.080969
v 0.644737 0.449418 0.153681
v 0.678581 0.437026 0.100403
v 0.625763 0.460349 0.134188
v 0.658543 0.447603 0.080185
v 0.699808 0.413878 0.213412
v 0.733368 0.401162 0.159852
v 0.716656 0.399728 0.232970
v 0.749725 0.386131 0.178951
v 0.653772 0.440003 0.208464
v 0.614649 0.460770 0.168031
v 0.623115 0.449826 0.222014
v 0.719593 0.413068 0.100880
v 0.680987 0.436212 0.060615
v 0.721743 0.412006 0.060751
v 0.689569 0.413302 0.248375
v 0.641609 0.437216 0.242106
v 0.755738 0.386691 0.140536
v 0.740862 0.399809 0.080925
v -0.329167 -0.544866 0.033213
v -0.328973 -0.545977 -0.033245
v -0.360986 -0.542970 0.033278
v -0.361792 -0.540653 -0.033221
v -0.228345 -0.553109 0.033260
v -0.228457 -0.553866 -0.033267
v -0.193883 -0.556460 0.033297
v -0.194251 -0.558657 -0.033295
v -0.281648 -0.546396 0.066402
v -0.348379 -0.541419 0.066415
v -0.302017 -0.540161 0.099526
v -0.281849 -0.546715 -0.066438
v -0.348552 -0.539466 -0.066377
v -0.302043 -0.541075 -0.099567
v -0.213792 -0.551914 0.066516
v -0.268113 -0.543134 0.099611
v -0.213788 -0.555535 -0.066478
v -0.268164 -0.544847 -0.099580
v -0.429480 -0.516992 0.196107
v -0.482880 -0.497819 0.215409
v -0.442167 -0.519197 0.164624
v -0.495467 -0.499312 0.182903
v -0.387656 -0.511704 0.291716
v -0.441596 -0.494049 0.312642
v -0.372921 -0.509354 0.322208
v -0.426870 -0.492029 0.344659
v -0.382507 -0.520241 0.229425
v -0.409332 -0.524165 0.164948
v -0.362838 -0.525301 0.197680
v -0.490036 -0.485540 0.270605
v -0.516454 -0.488333 0.205306
v -0.523900 -0.475649 0.259332
v -0.353827 -0.518625 0.293611
v -0.348961 -0.525091 0.230255
v -0.461712 -0.482381 0.335263
v -0.510375 -0.474491 0.292106
v -0.429441 -0.514981 -0.195962
v -0.483049 -0.495522 -0.216093
v -0.441961 -0.516911 -0.164058
v -0.495495 -0.497482 -0.183042
v -0.387648 -0.513401 -0.292009
v -0.441490 -0.496168 -0.312564
v -0.372786 -0.512642 -0.323933
v -0.426720 -0.494077 -0.343881
v -0.382656 -0.519254 -0.229290
v -0.409184 -0.520968 -0.164680
v -0.363302 -0.524864 -0.198255
v -0.489928 -0.486024 -0.270411
v -0.516684 -0.485990 -0.205730
v -0.523713 -0.475731 -0.259171
v -0.353816 -0.518085 -0.293573
v -0.349109 -0.524256 -0.230245
v -0.461641 -0.483570 -0.335000
v -0.510077 -0.475015 -0.291880
v -0.644982 -0.449239 -0.153844
v -0.678694 -0.438393 -0.100396
v -0.625485 -0.459593 -0.134028
v -0.658552 -0.448663 -0.080172
v -0.700269 -0.416116 -0.213734
v -0.733350 -0.402088 -0.159941
v -0.716878 -0.401349 -0.233079
v -0.749623 -0.386043 -0.178979
v -0.653395 -0.438636 -0.208348
v -0.614704 -0.458636 -0.168133
v -0.622280 -0.447575 -0.221816
v -0.719658 -0.413853 -0.100929
v -0.680925 -0.437492 -0.060576
v -0.721776 -0.413074 -0.060718
v -0.689020 -0.414470 -0.248029
v -0.642247 -0.437278 -0.242460
v -0.755169 -0.385132 -0.140415
v -0.740805 -0.400133 -0.080862
v -0.644717 -0.449146 0.153686
v -0.678856 -0.439648 0.100400
v -0.625293 -0.460323 0.133943
v -0.658812 -0.450983 0.080210
v -0.700257 -0.414527 0.213655
v -0.733404 -0.401000 0.159839
v -0.716352 -0.399908 0.232739
v -0.749735 -0.385602 0.178941
v -0.653076 -0.436903 0.208263
v -0.614575 -0.458866 0.168057
v -0.622667 -0.447035 0.222020
v -0.719713 -0.413572 0.100842
v -0.680905 -0.438373 0.060533
v -0.721916 -0.413314 0.060722
v -0.689013 -0.412740 0.248153
v -0.641743 -0.436795 0.242370
v -0.754893 -0.385343 0.140105
v -0.740805 -0.399807 0.080756
v 0.328423 -0.546295 0.033221
v 0.328765 -0.546576 -0.033173
v 0.362044 -0.540322 0.033257
v 0.362070 -0.541969 -0.033216
v 0.228039 -0.553333 0.033252
v 0.227680 -0.554340 -0.033203
v 0.194075 -0.558604 0.033298
v 0.193991 -0.559158 -0.033217
v 0.281780 -0.545420 0.066413
v 0.348316 -0.539954 0.066445
v 0.302063 -0.540004 0.099593
v 0.281955 -0.547160 -0.066385
v 0.348492 -0.542584 -0.066439
v 0.302061 -0.542854 -0.099574
v 0.213883 -0.553704 0.066468
v 0.268244 -0.543787 0.099576
v 0.213849 -0.554954 -0.066475
v 0.268243 -0.546093 -0.099556
v 0.429217 -0.514042 0.195316
v 0.482901 -0.498369 0.216265
v 0.441645 -0.516077 0.162889
v 0.495595 -0.500374 0.184567
v 0.387564 -0.510523 0.291355
v 0.441558 -0.493796 0.313194
v 0.372656 -0.511361 0.324237
v 0.426792 -0.491861 0.344293
v 0.382628 -0.516888 0.229489
v 0.409163 -0.521580 0.164402
v 0.362968 -0.523011 0.197875
v 0.489848 -0.485937 0.270310
v 0.516426 -0.488547 0.205690
v 0.523781 -0.476080 0.259200
v 0.353738 -0.517424 0.293599
v 0.348997 -0.521401 0.230252
v 0.461658 -0.481524 0.334906
v 0.510101 -0.474521 0.291671
v 0.429247 -0.515907 -0.195747
v 0.483004 -0.498698 -0.215802
v 0.441844 -0.517311 -0.163309
v 0.495749 -0.499763 -0.183777
v 0.387586 -0.511167 -0.292112
v 0.441568 -0.492127 -0.311905
v 0.372719 -0.509934 -0.322824
v 0.426930 -0.489388 -0.343478
v 0.382467 -0.518047 -0.229585
v 0.409402 -0.524199 -0.165532
v 0.362959 -0.524018 -0.198032
v 0.489980 -0.484905 -0.270262
v 0.516538 -0.488078 -0.205579
v 0.523939 -0.475789 -0.259288
v 0.353731 -0.517885 -0.292989
v 0.349011 -0.523302 -0.230315
v 0.461804 -0.480516 -0.334865
v 0.510365 -0.473542 -0.291826
v 0.645312 -0.448290 -0.153936
v 0.678279 -0.437268 -0.100208
v 0.625012 -0.459862 -0.133710
v 0.658735 -0.448751 -0.080201
v 0.699853 -0.412697 -0.213485
v 0.733479 -0.400928 -0.159933
v 0.716284 -0.398484 -0.232785
v 0.749675 -0.385841 -0.178951
v 0.653537 -0.436790 -0.208483
v 0.614360 -0.457978 -0.167922
v 0.622487 -0.446706 -0.222005
v 0.719478 -0.413036 -0.100830
v 0.680770 -0.436210 -0.060529
v 0.721855 -0.411835 -0.060796
v 0.688294 -0.410975 -0.247753
v 0.641543 -0.436041 -0.242283
v 0.755480 -0.386498 -0.140457
v 0.741074 -0.400098 -0.080954
v 0.644812 -0.449733 0.153778
v 0.678381 -0.439495 0.100274
v 0.625822 -0.461193 0.134253
v 0.658929 -0.449351 0.080397
v 0.700514 -0.416086 0.213857
v 0.733588 -0.401371 0.159931
v 0.716533 -0.400768 0.232895
v 0.749619 -0.386354 0.178827
v 0.653204 -0.437597 0.208257
v 0.614847 -0.460048 0.168152
v 0.622814 -0.447320 0.221971
v 0.719680 -0.414756 0.100902
v 0.681288 -0.438338 0.060784
v 0.722051 -0.413845 0.060909
v 0.688734 -0.412508 0.247939
v 0.641212 -0.435271 0.241967
v 0.755782 -0.385490 0.140539
v 0.741191 -0.400497 0.081076
v -0.100006 -0.413299 0.727578
v -0.154868 -0.396227 0.748542
v -0.079652 -0.402372 0.747810
v -0.134982 -0.385786 0.768937
v -0.159882 -0.440980 0.660629
v -0.213140 -0.421225 0.681053
v -0.178238 -0.448642 0.636572
v -0.232386 -0.429940 0.657195
v -0.101692 -0.434944 0.686037
v -0.060334 -0.415072 0.728143
v -0.061111 -0.436378 0.687275
v -0.208111 -0.396493 0.726396
v -0.168359 -0.377576 0.769397
v -0.221920 -0.378783 0.748581
v -0.139756 -0.451496 0.638798
v -0.081029 -0.444924 0.664556
v -0.247459 -0.414340 0.679937
v -0.241876 -0.388522 0.726014
v 0.100751 -0.416078 0.727774
v 0.153800 -0.395506 0.748056
v 0.080133 -0.403605 0.747966
v 0.134249 -0.385488 0.768620
v 0.159557 -0.441851 0.660657
v 0.213286 -0.423340 0.681252
v 0.179121 -0.450982 0.636514
v 0.232667 -0.432328 0.657204
v 0.101210 -0.437016 0.685710
v 0.060570 -0.416220 0.728259
v 0.060924 -0.437667 0.687298
v 0.207946 -0.397400 0.726299
v 0.168200 -0.377672 0.769332
v 0.221882 -0.380051 0.748460
v 0.139938 -0.453092 0.638842
v 0.081139 -0.446619 0.664997
v 0.247371 -0.415900 0.680001
v 0.241946 -0.389425 0.726094
v 0.033170 -0.207987 0.943138
v -0.033233 -0.207247 0.943200
v 0.033256 -0.228290 0.931463
v -0.033288 -0.228475 0.931327
v 0.033204 -0.145545 0.972890
v -0.033278 -0.145465 0.972916
v 0.033245 -0.124443 0.980666
v -0.033201 -0.124161 0.979638
v 0.066362 -0.178693 0.955955
v 0.066398 -0.219869 0.933583
v 0.099557 -0.190766 0.947450
v -0.066405 -0.177422 0.957007
v -0.066480 -0.219264 0.933432
v -0.099636 -0.189793 0.946796
v 0.066479 -0.136396 0.974535
v 0.099617 -0.169833 0.956817
v -0.066430 -0.135964 0.972771
v -0.099696 -0.169098 0.957942
v 0.216457 -0.299825 0.848803
v 0.195775 -0.268070 0.882171
v 0.182862 -0.307789 0.848368
v 0.162982 -0.275921 0.882407
v 0.312444 -0.276988 0.840878
v 0.292596 -0.244162 0.874871
v 0.343239 -0.268104 0.836130
v 0.323056 -0.235138 0.869920
v 0.270953 -0.304853 0.827544
v 0.205240 -0.320147 0.829647
v 0.259674 -0.324168 0.809454
v 0.229777 -0.238907 0.894034
v 0.164277 -0.255517 0.896293
v 0.198180 -0.226328 0.909358
v 0.334484 -0.288910 0.820403
v 0.292292 -0.316911 0.807295
v 0.293761 -0.222465 0.887543
v 0.230842 -0.218672 0.907266
v -0.215793 -0.300542 0.848469
v -0.195296 -0.268523 0.881726
v -0.183294 -0.308140 0.848738
v -0.162974 -0.276352 0.882240
v -0.312983 -0.277296 0.841335
v -0.291754 -0.243699 0.874207
v -0.343656 -0.268817 0.836403
v -0.322810 -0.234702 0.869554
v -0.270535 -0.304685 0.827353
v -0.205380 -0.320282 0.829937
v -0.259614 -0.323903 0.809597
v -0.229602 -0.239457 0.893921
v -0.164529 -0.256465 0.896647
v -0.198149 -0.227171 0.909357
v -0.334732 -0.289321 0.820597
v -0.292370 -0.316952 0.807484
v -0.293680 -0.222257 0.887252
v -0.230697 -0.218616 0.907073
v -0.100286 0.414298 0.727520
v -0.154622 0.396640 0.748293
v -0.079875 0.403853 0.747795
v -0.134099 0.385095 0.768539
v -0.159344 0.441603 0.660558
v -0.213358 0.422839 0.681058
v -0.178880 0.450377 0.636630
v -0.232543 0.431463 0.657159
v -0.101170 0.436415 0.685773
v -0.060285 0.415930 0.728044
v -0.061065 0.438062 0.687651
v -0.208022 0.396850 0.726321
v -0.168081 0.377596 0.769144
v -0.221845 0.378897 0.748320
v -0.140318 0.453366 0.639095
v -0.081020 0.445914 0.664792
v -0.247440 0.415474 0.679934
v -0.241943 0.388469 0.726090
v 0.100024 0.415165 0.727617
v 0.154529 0.397721 0.748259
v 0.079815 0.404520 0.747954
v 0.134225 0.386298 0.768788
v 0.160063 0.441274 0.660670
v 0.213197 0.422452 0.681199
v 0.179828 0.450254 0.636638
v 0.232065 0.430792 0.657219
v 0.101120 0.435745 0.685625
v 0.060548 0.417296 0.728399
v 0.060954 0.437166 0.687233
v 0.208147 0.398018 0.726372
v 0.168522 0.379158 0.769613
v 0.221882 0.380539 0.748247
v 0.140277 0.452488 0.638801
v 0.080930 0.445387 0.664388
v 0.247652 0.416079 0.680175
v 0.241984 0.389669 0.726011
v 0.033134 0.206866 0.943535
v -0.033211 0.207308 0.942996
v 0.033229 0.227728 0.931639
v -0.033283 0.227978 0.931421
v 0.033248 0.145247 0.972892
v -0.033251 0.145307 0.972619
v 0.033256 0.124389 0.980674
v -0.033239 0.124156 0.979557
v 0.066355 0.177630 0.956004
v 0.066365 0.218629 0.933660
v 0.099554 0.189684 0.947291
v -0.066400 0.177870 0.957110
v -0.066444 0.219255 0.933567
v -0.099626 0.189983 0.946745
v 0.066513 0.136214 0.974342
v 0.099638 0.169433 0.956732
v -0.066469 0.136041 0.972747
v -0.099690 0.169554 0.958026
v 0.216416 0.299611 0.848686
v 0.195910 0.268893 0.882299
v 0.183112 0.307496 0.848439
v 0.163060 0.275938 0.882538
v 0.312159 0.276336 0.840724
v 0.292405 0.243868 0.874699
v 0.343304 0.267817 0.836148
v 0.323181 0.234999 0.869959
v 0.270784 0.304609 0.827386
v 0.205224 0.319915 0.829488
v 0.259678 0.324427 0.809501
v 0.229548 0.239844 0.893810
v 0.164377 0.255955 0.896475
v 0.198094 0.227440 0.909304
v 0.334748 0.289276 0.820673
v 0.292550 0.318140 0.807662
v 0.293784 0.222957 0.887540
v 0.230741 0.219492 0.907187
v -0.216092 0.300143 0.848637
v -0.195326 0.267550 0.881679
v -0.183164 0.308078 0.848615
v -0.162929 0.275637 0.882134
v -0.313114 0.278009 0.841387
v -0.291797 0.244207 0.874178
v -0.343867 0.269034 0.836517
v -0.322879 0.235073 0.869533
v -0.270572 0.304370 0.827403
v -0.205450 0.320459 0.830031
v -0.259669 0.323371 0.809774
v -0.229802 0.238997 0.894076
v -0.164422 0.255245 0.896409
v -0.198285 0.226448 0.909537
v -0.334840 0.289208 0.820695
v -0.292223 0.316038 0.807284
v -0.293687 0.223117 0.887219
v -0.230574 0.218698 0.906809
v -0.099874 -0.412862 -0.727555
v -0.154111 -0.395747 -0.748241
v -0.079747 -0.403114 -0.747905
v -0.134023 -0.384947 -0.768766
v -0.159315 -0.439558 -0.660574
v -0.213279 -0.421800 -0.681207
v -0.178456 -0.448206 -0.636586
v -0.232445 -0.429935 -0.657317
v -0.100938 -0.433397 -0.685579
v -0.060414 -0.415311 -0.728161
v -0.060967 -0.435255 -0.687108
v -0.208017 -0.397173 -0.726297
v -0.168433 -0.378842 -0.769775
v -0.221906 -0.379603 -0.748656
v -0.139926 -0.450262 -0.638888
v -0.080867 -0.443647 -0.664539
v -0.247702 -0.415183 -0.680179
v -0.241758 -0.388574 -0.725876
v 0.099804 -0.413442 -0.727679
v 0.153844 -0.394319 -0.748353
v 0.079978 -0.403551 -0.748100
v 0.134020 -0.384420 -0.768869
v 0.159667 -0.441683 -0.660554
v 0.213387 -0.423143 -0.681175
v 0.178822 -0.450891 -0.636586
v 0.232349 -0.430737 -0.657162
v 0.100766 -0.434415 -0.685501
v 0.060421 -0.415940 -0.728465
v 0.060891 -0.435284 -0.687241
v 0.208056 -0.396744 -0.726414
v 0.168150 -0.377287 -0.769536
v 0.221912 -0.379490 -0.748528
v 0.140020 -0.451872 -0.638890
v 0.081039 -0.443990 -0.664774
v 0.247661 -0.415268 -0.680151
v 0.242080 -0.389065 -0.726219
v 0.033222 -0.206667 -0.943931
v -0.033150 -0.207246 -0.943619
v 0.033270 -0.227321 -0.931869
v -0.033215 -0.227715 -0.930981
v 0.033317 -0.145259 -0.972242
v -0.033181 -0.145343 -0.971179
v 0.033405 -0.123677 -0.979478
v -0.033221 -0.123875 -0.978834
v 0.066433 -0.177465 -0.956214
v 0.066470 -0.218416 -0.934394
v 0.099629 -0.189770 -0.946681
v -0.066292 -0.178024 -0.956690
v -0.066329 -0.218901 -0.933674
v -0.099463 -0.189777 -0.947506
v 0.066567 -0.135841 -0.972974
v 0.099690 -0.169246 -0.957401
v -0.066554 -0.135968 -0.972498
v -0.099606 -0.169493 -0.957209
v 0.215849 -0.299996 -0.848398
v 0.195435 -0.267331 -0.881685
v 0.183402 -0.308382 -0.848662
v 0.162789 -0.275538 -0.881886
v 0.312129 -0.276436 -0.840468
v 0.291654 -0.243360 -0.874066
v 0.343003 -0.267749 -0.835726
v 0.323524 -0.234277 -0.869989
v 0.270586 -0.304484 -0.827292
v 0.205499 -0.320329 -0.830080
v 0.259718 -0.324436 -0.809749
v 0.229710 -0.238996 -0.894090
v 0.164260 -0.254827 -0.896238
v 0.197962 -0.226818 -0.909103
v 0.335039 -0.289164 -0.820713
v 0.292385 -0.316822 -0.807473
v 0.293364 -0.221881 -0.887205
v 0.230715 -0.218984 -0.907345
v -0.215720 -0.300222 -0.848191
v -0.195358 -0.266940 -0.881405
v -0.183653 -0.308353 -0.848737
v -0.163438 -0.274523 -0.882356
v -0.312195 -0.276358 -0.840662
v -0.291672 -0.242900 -0.874083
v -0.343188 -0.268216 -0.835882
v -0.322414 -0.234229 -0.869384
v -0.270767 -0.304273 -0.827503
v -0.205378 -0.320693 -0.829748
v -0.259656 -0.323966 -0.809597
v -0.229959 -0.238666 -0.893972
v -0.164193 -0.254869 -0.895822
v -0.198036 -0.226507 -0.908733
v -0.334886 -0.289631 -0.820662
v -0.292241 -0.316549 -0.807251
v -0.293248 -0.221961 -0.887094
v -0.230708 -0.218498 -0.906894
v -0.100884 0.416988 -0.727773
v -0.154080 0.395539 -0.748201
v -0.079741 0.404619 -0.747987
v -0.133476 0.384339 -0.768499
v -0.159559 0.441762 -0.660605
v -0.213218 0.421087 -0.681182
v -0.178908 0.449324 -0.636594
v -0.233431 0.430804 -0.657383
v -0.101010 0.436741 -0.685457
v -0.060663 0.417977 -0.728425
v -0.060858 0.437701 -0.687103
v -0.208049 0.395778 -0.726343
v -0.167883 0.377370 -0.769238
v -0.221869 0.378525 -0.748414
v -0.140161 0.453724 -0.638897
v -0.080747 0.445881 -0.664377
v -0.247534 0.414442 -0.679959
v -0.242002 0.387982 -0.726018
v 0.100442 0.414924 -0.727929
v 0.155007 0.397634 -0.748897
v 0.079694 0.403435 -0.748160
v 0.134246 0.384467 -0.768986
v 0.159180 0.439665 -0.660401
v 0.213491 0.422632 -0.681139
v 0.178758 0.449532 -0.636437
v 0.232919 0.431820 -0.657114
v 0.100661 0.435013 -0.685398
v 0.061236 0.418194 -0.728905
v 0.060989 0.437175 -0.687242
v 0.208203 0.398154 -0.726530
v 0.168603 0.378776 -0.769834
v 0.221977 0.379864 -0.748528
v 0.139694 0.451063 -0.638661
v 0.080908 0.445154 -0.664618
v 0.247602 0.415665 -0.680014
v 0.242040 0.390065 -0.726108
v 0.033204 0.207776 -0.943504
v -0.033148 0.207591 -0.943942
v 0.033231 0.227986 -0.931806
v -0.033219 0.228083 -0.931036
v 0.033302 0.145143 -0.972117
v -0.033153 0.145227 -0.971466
v 0.033360 0.123820 -0.979474
v -0.033188 0.123780 -0.978902
v 0.066441 0.177951 -0.956108
v 0.066443 0.219258 -0.934529
v 0.099635 0.190050 -0.946837
v -0.066296 0.178177 -0.956536
v -0.066330 0.219075 -0.933774
v -0.099465 0.190115 -0.947522
v 0.066542 0.135632 -0.972927
v 0.099703 0.169068 -0.957475
v -0.066495 0.135881 -0.972512
v -0.099595 0.169306 -0.957115
v 0.215636 0.301163 -0.848296
v 0.195444 0.267967 -0.881647
v 0.183380 0.309552 -0.848652
v 0.162736 0.276557 -0.881826
v 0.312254 0.276936 -0.840562
v 0.291584 0.243226 -0.874078
v 0.343174 0.268131 -0.835874
v 0.323591 0.234062 -0.870130
v 0.270561 0.305059 -0.827393
v 0.205561 0.321719 -0.830218
v 0.259755 0.324595 -0.809924
v 0.229640 0.238994 -0.894039
v 0.164250 0.255874 -0.896203
v 0.197954 0.226778 -0.909159
v 0.334564 0.289597 -0.820397
v 0.292293 0.316814 -0.807427
v 0.293476 0.221645 -0.887399
v 0.230832 0.218115 -0.907600
v -0.215695 0.300165 -0.848253
v -0.195230 0.268019 -0.881257
v -0.183589 0.308284 -0.848761
v -0.163189 0.276195 -0.882091
v -0.312226 0.276432 -0.840698
v -0.291666 0.244038 -0.874130
v -0.343041 0.268149 -0.835801
v -0.322488 0.234382 -0.869467
v -0.270652 0.304234 -0.827440
v -0.205641 0.320428 -0.830324
v -0.259689 0.324595 -0.809769
v -0.229797 0.239377 -0.893827
v -0.164106 0.255217 -0.895717
v -0.197974 0.226874 -0.908684
v -0.335059 0.289268 -0.820730
v -0.292159 0.316484 -0.807131
v -0.293210 0.222507 -0.887075
v -0.230816 0.219188 -0.907067
v 0.847999 0.137624 -0.482798
v 0.879553 0.126027 -0.429417
v 0.848101 0.117069 -0.495410
v 0.880207 0.105021 -0.442282
v 0.840832 0.197120 -0.441630
v 0.873034 0.186082 -0.387798
v 0.837026 0.216996 -0.427036
v 0.869144 0.205881 -0.373052
v 0.827672 0.171383 -0.490085
v 0.829864 0.130776 -0.516391
v 0.810494 0.164965 -0.524493
v 0.888360 0.147238 -0.382730
v 0.890701 0.105702 -0.409624
v 0.899259 0.126691 -0.363347
v 0.821219 0.211077 -0.461747
v 0.807230 0.184121 -0.510353
v 0.883902 0.187391 -0.354082
v 0.898382 0.147541 -0.349565
v 0.847795 -0.137951 -0.482819
v 0.879797 -0.126107 -0.429471
v 0.848298 -0.117666 -0.495503
v 0.880210 -0.105074 -0.442334
v 0.841128 -0.197993 -0.441614
v 0.872757 -0.186292 -0.387770
v 0.836945 -0.217570 -0.427063
v 0.869036 -0.206417 -0.373072
v 0.827893 -0.171876 -0.490117
v 0.829830 -0.131353 -0.516428
v 0.810488 -0.165028 -0.524541
v 0.888187 -0.146958 -0.382701
v 0.890810 -0.105770 -0.409671
v 0.899358 -0.126672 -0.363377
v 0.820559 -0.210718 -0.461571
v 0.807254 -0.184172 -0.510386
v 0.883561 -0.187678 -0.354015
v 0.898396 -0.147573 -0.349529
v 0.747787 -0.096146 -0.645016
v 0.730206 -0.049989 -0.677076
v 0.768869 -0.083071 -0.625519
v 0.757825 -0.036571 -0.661446
v 0.680485 -0.135386 -0.699461
v 0.660226 -0.094780 -0.732644
v 0.656704 -0.147854 -0.715393
v 0.635609 -0.110473 -0.748149
v 0.726900 -0.132676 -0.653972
v 0.769106 -0.106026 -0.614081
v 0.749515 -0.141241 -0.623419
v 0.711911 -0.028901 -0.719106
v 0.742749 -0.000747 -0.640541
v 0.865175 0.000693 -0.720756
v 0.680021 -0.157664 -0.688453
v 0.726392 -0.153404 -0.641469
v 0.639336 -0.080728 -0.754484
v 0.718485 0.001096 -0.765666
v 0.748433 0.097404 -0.645356
v 0.728434 0.056978 -0.678611
v 0.768555 0.084556 -0.625196
v 0.750257 0.045288 -0.659049
v 0.681266 0.135993 -0.699513
v 0.660625 0.100914 -0.732293
v 0.657212 0.149066 -0.716479
v 0.636392 0.113596 -0.747933
v 0.727263 0.132440 -0.654040
v 0.769264 0.106573 -0.614335
v 0.749681 0.140785 -0.623634
v 0.685086 0.057394 -0.720566
v 0.726285 0.018026 -0.665305
v 0.674395 0.016838 -0.718481
v 0.680263 0.157815 -0.688569
v 0.726592 0.153180 -0.641666
v 0.638794 0.087616 -0.753732
v 0.664182 0.046117 -0.742286
v 0.909655 0.020908 -0.325547
v 0.909721 -0.020900 -0.325578
v 0.908817 0.020727 -0.356800
v 0.909198 -0.020655 -0.356829
v 0.937698 0.021311 -0.226108
v 0.937002 -0.021191 -0.226357
v 0.942761 0.021195 -0.195802
v 0.941586 -0.020923 -0.196261
v 0.925203 0.041892 -0.279853
v 0.914188 0.041967 -0.348677
v 0.922499 0.062827 -0.302239
v 0.924860 -0.041980 -0.279885
v 0.914473 -0.042204 -0.348803
v 0.922443 -0.062939 -0.302312
v 0.941040 0.042739 -0.213389
v 0.929126 0.063192 -0.267253
v 0.940499 -0.042722 -0.213469
v 0.929225 -0.063321 -0.267252
v 0.848035 0.138171 0.482927
v 0.879129 0.126408 0.430177
v 0.848139 0.117413 0.495510
v 0.879522 0.105452 0.442978
v 0.840764 0.198826 0.441485
v 0.870931 0.186391 0.387412
v 0.835373 0.217804 0.426650
v 0.867341 0.206231 0.372557
v 0.826916 0.171871 0.489980
v 0.830147 0.131268 0.516529
v 0.809791 0.165003 0.524360
v 0.886029 0.146327 0.382503
v 0.890538 0.106146 0.411059
v 0.896657 0.125944 0.362861
v 0.820509 0.211694 0.461470
v 0.807067 0.184627 0.510392
v 0.882057 0.187583 0.353410
v 0.895334 0.146490 0.348647
v 0.848131 -0.137978 0.482985
v 0.879405 -0.126754 0.430207
v 0.848068 -0.116941 0.495609
v 0.880051 -0.105406 0.443070
v 0.840690 -0.197018 0.441496
v 0.870376 -0.185183 0.387411
v 0.835609 -0.216034 0.426645
v 0.867196 -0.205099 0.372559
v 0.826883 -0.170979 0.489949
v 0.830306 -0.131427 0.516638
v 0.809398 -0.163991 0.524183
v 0.886211 -0.146617 0.382492
v 0.890591 -0.106450 0.410977
v 0.896748 -0.126256 0.362849
v 0.820703 -0.209966 0.461524
v 0.807037 -0.183548 0.510366
v 0.881698 -0.187146 0.353352
v 0.895626 -0.146983 0.348668
v 0.747576 -0.098107 0.644610
v 0.728711 -0.057032 0.678166
v 0.767788 -0.085414 0.624789
v 0.746425 -0.046195 0.654860
v 0.680724 -0.136489 0.699405
v 0.659830 -0.099035 0.731987
v 0.657186 -0.149892 0.716727
v 0.635920 -0.113106 0.747815
v 0.726405 -0.132760 0.653043
v 0.769117 -0.107399 0.614430
v 0.748929 -0.141164 0.622859
v 0.687600 -0.050676 0.727376
v 0.736293 -0.026264 0.678801
v 0.709671 -0.001616 0.770056
v 0.680352 -0.158383 0.688717
v 0.726169 -0.153522 0.641062
v 0.637970 -0.086638 0.753720
v 0.666796 -0.038168 0.753429
v 0.747315 0.098281 0.644494
v 0.726361 0.062011 0.676869
v 0.767747 0.084622 0.624776
v 0.744043 0.049069 0.655497
v 0.680654 0.136555 0.699353
v 0.660103 0.099265 0.732219
v 0.657072 0.149292 0.716306
v 0.636153 0.112608 0.748307
v 0.726374 0.132846 0.653115
v 0.768913 0.106884 0.614191
v 0.748984 0.141460 0.623063
v 0.686659 0.057499 0.721759
v 0.729213 0.032755 0.673998
v 0.693440 0.025245 0.732069
v 0.680419 0.158408 0.689099
v 0.726132 0.153558 0.641088
v 0.638864 0.085547 0.755678
v 0.667427 0.040504 0.751108
v 0.909565 0.020126 0.326220
v 0.912484 -0.020349 0.327300
v 0.906492 0.020824 0.358585
v 0.907183 -0.020714 0.359092
v 0.908569 0.016650 0.217752
v 0.910970 -0.016564 0.218626
v 0.917106 0.019659 0.186866
v 0.917943 -0.019663 0.187130
v 0.919578 0.038348 0.277254
v 0.912068 0.041917 0.348896
v 0.919519 0.061484 0.301131
v 0.921734 -0.038751 0.278067
v 0.912468 -0.042031 0.349057
v 0.919567 -0.061837 0.301107
v 0.934155 0.039320 0.210686
v 0.926511 0.061191 0.265736
v 0.935248 -0.039484 0.211084
v 0.926825 -0.061597 0.265993
v -0.848062 0.137735 -0.482717
v -0.881006 0.125944 -0.429623
v -0.848945 0.117937 -0.495367
v -0.881573 0.104983 -0.442158
v -0.841362 0.198288 -0.441441
v -0.872844 0.186054 -0.387842
v -0.835943 0.217059 -0.426700
v -0.868821 0.205779 -0.372946
v -0.827950 0.171311 -0.490162
v -0.829680 0.131095 -0.516247
v -0.810283 0.164262 -0.524534
v -0.891160 0.147709 -0.383576
v -0.893230 0.105618 -0.410258
v -0.901932 0.127276 -0.364629
v -0.820175 0.210917 -0.461388
v -0.807329 0.184218 -0.510462
v -0.883905 0.187801 -0.354001
v -0.898899 0.147575 -0.349731
v -0.848405 -0.137670 -0.482742
v -0.880616 -0.125755 -0.429586
v -0.849019 -0.117387 -0.495440
v -0.881340 -0.104765 -0.442144
v -0.840856 -0.197442 -0.441485
v -0.873257 -0.185913 -0.387845
v -0.836674 -0.217081 -0.426828
v -0.868636 -0.205269 -0.372962
v -0.827943 -0.171196 -0.490146
v -0.829740 -0.130607 -0.516294
v -0.810108 -0.164131 -0.524459
v -0.891242 -0.147856 -0.383542
v -0.893122 -0.105623 -0.410261
v -0.901693 -0.127123 -0.364482
v -0.820483 -0.210779 -0.461457
v -0.807360 -0.184219 -0.510478
v -0.883856 -0.187231 -0.353984
v -0.898716 -0.147505 -0.349580
v -0.747645 -0.097929 -0.644354
v -0.721520 -0.057285 -0.674242
v -0.768692 -0.085179 -0.625582
v -0.741353 -0.043214 -0.653675
v -0.680560 -0.135935 -0.698588
v -0.660031 -0.099759 -0.732887
v -0.656678 -0.148588 -0.715372
v -0.636207 -0.113221 -0.749044
v -0.726391 -0.132683 -0.652980
v -0.768884 -0.106588 -0.613590
v -0.748577 -0.140503 -0.622434
v -0.686281 -0.054380 -0.722070
v -0.707269 -0.022894 -0.666499
v -0.697009 -0.019819 -0.732545
v -0.679846 -0.157511 -0.687633
v -0.726444 -0.153262 -0.641616
v -0.638704 -0.085380 -0.755225
v -0.668642 -0.035984 -0.753706
v -0.746830 0.096355 -0.644412
v -0.728627 0.058922 -0.680266
v -0.769208 0.081733 -0.625114
v -0.757896 0.039817 -0.664038
v -0.680097 0.135469 -0.698276
v -0.659261 0.100775 -0.733422
v -0.656457 0.148606 -0.715348
v -0.635653 0.114565 -0.749919
v -0.725763 0.132280 -0.652796
v -0.768606 0.105277 -0.613336
v -0.748343 0.140662 -0.622514
v -0.690338 0.056813 -0.721553
v -0.736578 0.027534 -0.682001
v -0.717095 0.017252 -0.722097
v -0.679641 0.157520 -0.687650
v -0.726274 0.153552 -0.641659
v -0.638488 0.086571 -0.755041
v -0.675068 0.037582 -0.745927
v -0.918581 0.019361 -0.321613
v -0.918373 -0.019480 -0.321609
v -0.898890 0.006321 -0.326447
v -0.899998 -0.006933 -0.327760
v -0.921942 0.020240 -0.222160
v -0.921909 -0.020289 -0.222191
v -0.930499 0.019075 -0.190057
v -0.931089 -0.019023 -0.190235
v -0.927741 0.041318 -0.281069
v -0.916273 0.039012 -0.349465
v -0.923120 0.062481 -0.302309
v -0.927615 -0.041379 -0.281054
v -0.916360 -0.039132 -0.349499
v -0.923209 -0.062650 -0.302336
v -0.939323 0.040838 -0.211084
v -0.930970 0.062540 -0.267998
v -0.939341 -0.041008 -0.211179
v -0.931044 -0.062573 -0.268020
v -0.847400 0.137775 0.482182
v -0.878908 0.125531 0.428348
v -0.847223 0.117276 0.494570
v -0.879273 0.104983 0.440625
v -0.841482 0.198266 0.441549
v -0.873690 0.186223 0.387761
v -0.836795 0.217434 0.426975
v -0.869573 0.205707 0.373076
v -0.827341 0.171686 0.489828
v -0.829327 0.131085 0.515898
v -0.809975 0.164527 0.524306
v -0.891143 0.147890 0.382573
v -0.891986 0.105659 0.408313
v -0.902856 0.127345 0.363429
v -0.820547 0.210915 0.461524
v -0.807131 0.183954 0.510305
v -0.885656 0.187304 0.354112
v -0.901260 0.148185 0.349618
v -0.847399 -0.137889 0.482268
v -0.879321 -0.126206 0.428417
v -0.847105 -0.117352 0.494657
v -0.879085 -0.105410 0.440743
v -0.841112 -0.198033 0.441555
v -0.874081 -0.186499 0.387799
v -0.836371 -0.216904 0.426937
v -0.869420 -0.205325 0.373120
v -0.827181 -0.171646 0.489829
v -0.829179 -0.131090 0.515945
v -0.809933 -0.164550 0.524315
v -0.890944 -0.147521 0.382569
v -0.892028 -0.106072 0.408408
v -0.902484 -0.127109 0.363351
v -0.820923 -0.211373 0.461677
v -0.807075 -0.184387 0.510307
v -0.885689 -0.187363 0.354171
v -0.901439 -0.147971 0.349696
v -0.747460 -0.096853 0.644412
v -0.728176 -0.060354 0.679085
v -0.768777 -0.083271 0.625476
v -0.755190 -0.044677 0.663000
v -0.681122 -0.136256 0.700256
v -0.660028 -0.099562 0.732555
v -0.657306 -0.148695 0.716107
v -0.636051 -0.113228 0.748836
v -0.726648 -0.132596 0.653827
v -0.768639 -0.105911 0.613816
v -0.748927 -0.140973 0.623224
v -0.687949 -0.055522 0.720257
v -0.735950 -0.031043 0.680830
v -0.710721 -0.012476 0.720919
v -0.680588 -0.157938 0.689008
v -0.726443 -0.153329 0.641632
v -0.638313 -0.086236 0.754428
v -0.671479 -0.036087 0.747370
v -0.747829 0.097879 0.644677
v -0.726515 0.060235 0.677813
v -0.768453 0.085108 0.625701
v -0.747672 0.042935 0.655365
v -0.681526 0.135910 0.700112
v -0.660411 0.100442 0.732899
v -0.657591 0.148610 0.716354
v -0.636765 0.114268 0.749343
v -0.726881 0.132690 0.653665
v -0.768944 0.107213 0.614224
v -0.748971 0.141171 0.623118
v -0.683200 0.052863 0.719410
v -0.727712 0.028110 0.675760
v -0.680867 0.010734 0.720117
v -0.680682 0.157533 0.689051
v -0.726489 0.153216 0.641554
v -0.638863 0.087874 0.754768
v -0.663342 0.035695 0.746866
v -0.793125 -0.000347 0.212572
v -0.816103 0.000405 0.223891
v -0.762651 -0.000262 0.368689
v -0.775998 0.000273 0.372789
v -0.939109 0.021199 0.226726
v -0.938611 -0.021247 0.226251
v -0.939174 0.021260 0.193614
v -0.939015 -0.021305 0.193447
v -0.925140 0.035476 0.274924
v -0.899182 0.005765 0.343079
v -0.923321 0.057934 0.303950
v -0.926640 -0.036829 0.275413
v -0.901633 -0.008894 0.345175
v -0.923773 -0.058863 0.303701
v -0.942646 0.042744 0.215417
v -0.930589 0.061182 0.267913
v -0.942869 -0.042952 0.215422
v -0.930640 -0.061552 0.267745
v -0.156494 0.522467 0.198884
v -0.101562 0.499067 0.232586
v -0.135985 0.526298 0.166082
v -0.080733 0.503359 0.199614
v -0.216423 0.510494 0.295398
v -0.161490 0.487304 0.329295
v -0.235533 0.507423 0.326672
v -0.181157 0.484476 0.360691
v -0.213477 0.530307 0.231309
v -0.172431 0.537042 0.165948
v -0.227836 0.540931 0.198820
v -0.252187 0.521878 0.295071
v -0.247842 0.539063 0.231407
v -0.102002 0.485298 0.298769
v -0.061424 0.492909 0.233124
v -0.062056 0.479948 0.299965
v -0.142302 0.475855 0.362945
v -0.081756 0.478336 0.332445
v -0.156423 0.523032 -0.198884
v -0.102219 0.495754 -0.232536
v -0.135873 0.525800 -0.166095
v -0.081315 0.501382 -0.199621
v -0.216277 0.512196 -0.295545
v -0.160703 0.491399 -0.329436
v -0.235406 0.509878 -0.326846
v -0.180713 0.488117 -0.360808
v -0.213224 0.530163 -0.231063
v -0.173184 0.538720 -0.166032
v -0.227540 0.537939 -0.198507
v -0.252946 0.523893 -0.295228
v -0.247643 0.534403 -0.231174
v -0.101881 0.486443 -0.298683
v -0.061739 0.491653 -0.233090
v -0.061532 0.481380 -0.299602
v -0.142050 0.479815 -0.362938
v -0.082182 0.478322 -0.332585
v 0.156682 0.521496 0.198900
v 0.103262 0.492560 0.232197
v 0.136156 0.527261 0.166027
v 0.081239 0.501160 0.199492
v 0.216300 0.511299 0.295507
v 0.161289 0.488413 0.329376
v 0.235398 0.507190 0.326743
v 0.180358 0.485318 0.360714
v 0.213151 0.528594 0.231361
v 0.172027 0.535694 0.165887
v 0.227600 0.537628 0.198687
v 0.252905 0.523602 0.295091
v 0.247731 0.533653 0.231203
v 0.102004 0.485924 0.298753
v 0.061462 0.492150 0.232891
v 0.061528 0.481080 0.299842
v 0.141723 0.479303 0.363009
v 0.081805 0.478667 0.332790
v 0.156502 0.520101 -0.198891
v 0.101504 0.496149 -0.232522
v 0.136697 0.522964 -0.166153
v 0.080475 0.502283 -0.199605
v 0.216475 0.513455 -0.295306
v 0.161027 0.489837 -0.329227
v 0.235510 0.509481 -0.326653
v 0.181111 0.486406 -0.360614
v 0.212472 0.527178 -0.231134
v 0.172118 0.534747 -0.165998
v 0.227424 0.535868 -0.198590
v 0.252856 0.525692 -0.294812
v 0.247782 0.535424 -0.231191
v 0.102011 0.484304 -0.298736
v 0.061645 0.490104 -0.233089
v 0.062223 0.477566 -0.300083
v 0.141619 0.480612 -0.362883
v 0.081815 0.477124 -0.332488
v -0.538382 0.412384 0.418264
v -0.537423 0.384642 0.473025
v -0.504263 0.419308 0.429334
v -0.502966 0.392955 0.484032
v -0.634224 0.387421 0.381428
v -0.634415 0.359869 0.436059
v -0.664648 0.378883 0.368029
v -0.664172 0.353187 0.422544
v -0.586374 0.413830 0.373921
v -0.520287 0.430868 0.397322
v -0.568890 0.432214 0.353709
v -0.649855 0.396725 0.348285
v -0.602368 0.424132 0.341654
v -0.585569 0.358863 0.483417
v -0.518166 0.376904 0.506713
v -0.567167 0.351707 0.517962
v -0.648981 0.344456 0.457406
v -0.600834 0.342862 0.505716
v -0.059777 0.486943 0.550813
v -0.059949 0.480920 0.493453
v -0.099315 0.487919 0.548930
v -0.099638 0.481385 0.491566
v 0.059780 0.488229 0.550633
v 0.059882 0.480145 0.493339
v 0.099155 0.490713 0.549796
v 0.099553 0.478975 0.491760
v 0.000065 0.480966 0.575306
v -0.079769 0.482086 0.573356
v -0.020054 0.473118 0.598589
v 0.079845 0.484351 0.574298
v 0.020110 0.472812 0.598316
v -0.000019 0.476714 0.463692
v -0.080229 0.477963 0.462248
v -0.020245 0.473640 0.432440
v 0.080206 0.475227 0.462326
v 0.020243 0.473775 0.432401
v -0.381403 0.377021 0.671872
v -0.436135 0.361274 0.636764
v -0.367920 0.393328 0.650896
v -0.422640 0.376785 0.615071
v -0.418184 0.326462 0.732570
v -0.473150 0.314329 0.696605
v -0.429122 0.308947 0.750997
v -0.484225 0.297594 0.714301
v -0.374054 0.357818 0.718719
v -0.348289 0.390601 0.676501
v -0.341815 0.368599 0.722571
v -0.397474 0.320891 0.756072
v -0.354040 0.351111 0.742354
v -0.483583 0.332057 0.649772
v -0.457411 0.362097 0.606295
v -0.505637 0.335000 0.618423
v -0.507173 0.301095 0.687344
v -0.517971 0.321120 0.638319
v -0.537517 0.410148 -0.418356
v -0.537466 0.382117 -0.472988
v -0.504470 0.417027 -0.429342
v -0.503517 0.389397 -0.483969
v -0.634359 0.386679 -0.381486
v -0.634251 0.360424 -0.436188
v -0.664140 0.377778 -0.367993
v -0.664338 0.353013 -0.422671
v -0.586518 0.412849 -0.374047
v -0.520090 0.429199 -0.397511
v -0.569426 0.430414 -0.354121
v -0.649190 0.396154 -0.348175
v -0.601864 0.422722 -0.341515
v -0.585592 0.359818 -0.483383
v -0.518823 0.373972 -0.506861
v -0.567384 0.351663 -0.517872
v -0.648598 0.345094 -0.457392
v -0.600213 0.344866 -0.505395
v -0.059651 0.485823 -0.550565
v -0.059943 0.479059 -0.493540
v -0.099154 0.487586 -0.549362
v -0.099623 0.479760 -0.491422
v 0.059664 0.488904 -0.551034
v 0.059847 0.480546 -0.493273
v 0.099285 0.489205 -0.549620
v 0.099636 0.479725 -0.491216
v 0.000012 0.481074 -0.574728
v -0.079766 0.482762 -0.573569
v -0.020027 0.472102 -0.597957
v 0.079882 0.484237 -0.574354
v 0.020122 0.471856 -0.598144
v -0.000073 0.475109 -0.464133
v -0.080324 0.475642 -0.462227
v -0.020377 0.471003 -0.432830
v 0.080256 0.476311 -0.462472
v 0.020231 0.472048 -0.432968
v -0.381312 0.377552 -0.672070
v -0.436058 0.361696 -0.637217
v -0.367979 0.393573 -0.649728
v -0.422516 0.376238 -0.615726
v -0.418290 0.324867 -0.731438
v -0.473169 0.315295 -0.697528
v -0.429241 0.306563 -0.748942
v -0.484162 0.297616 -0.714814
v -0.374307 0.358563 -0.719440
v -0.348191 0.393478 -0.676486
v -0.341555 0.368229 -0.722051
v -0.397515 0.319542 -0.755431
v -0.354282 0.351209 -0.742996
v -0.483441 0.334222 -0.648518
v -0.457386 0.362220 -0.606577
v -0.505506 0.336797 -0.617935
v -0.507076 0.302327 -0.686945
v -0.518065 0.322721 -0.638301
v -0.833109 0.319389 -0.059801
v -0.865788 0.286484 -0.060062
v -0.830604 0.319461 -0.099439
v -0.863559 0.286446 -0.099771
v -0.833617 0.319731 0.059779
v -0.865529 0.286447 0.059974
v -0.830658 0.319849 0.099456
v -0.863419 0.286695 0.099750
v -0.817511 0.336104 -0.000006
v -0.816348 0.337062 -0.079863
v -0.799861 0.353270 -0.020012
v -0.815619 0.336988 0.079915
v -0.800333 0.353436 0.020120
v -0.882370 0.269690 -0.000249
v -0.880636 0.270319 -0.080528
v -0.893522 0.252492 -0.020479
v -0.880419 0.270655 0.080506
v -0.893976 0.252645 0.020142
v -0.731253 0.259586 -0.537855
v -0.697451 0.287181 -0.537578
v -0.748579 0.266223 -0.503808
v -0.715559 0.294170 -0.503900
v -0.672116 0.238929 -0.634851
v -0.637468 0.265862 -0.634668
v -0.650302 0.231994 -0.665183
v -0.615033 0.258080 -0.664724
v -0.717370 0.233870 -0.586162
v -0.755735 0.247619 -0.520238
v -0.741520 0.221705 -0.568573
v -0.675256 0.219361 -0.648896
v -0.721327 0.214264 -0.601034
v -0.648975 0.288910 -0.585744
v -0.687251 0.302589 -0.518980
v -0.638566 0.303207 -0.567417
v -0.606621 0.273790 -0.649037
v -0.618484 0.296084 -0.600545
v -0.915119 0.186206 -0.215801
v -0.914214 0.202224 -0.160944
v -0.904532 0.206186 -0.234853
v -0.904564 0.222138 -0.180364
v -0.939617 0.125610 -0.156915
v -0.936914 0.141835 -0.101652
v -0.945142 0.104414 -0.136801
v -0.942603 0.121311 -0.081664
v -0.926815 0.146643 -0.211516
v -0.908242 0.187079 -0.250778
v -0.920326 0.146741 -0.246206
v -0.941014 0.105062 -0.171433
v -0.928921 0.126257 -0.226195
v -0.924677 0.179941 -0.102401
v -0.907928 0.219491 -0.141737
v -0.918555 0.197653 -0.082614
v -0.938217 0.139761 -0.062467
v -0.926261 0.177170 -0.062745
v -0.731720 0.261177 0.538142
v -0.697375 0.287912 0.537552
v -0.749191 0.268322 0.504248
v -0.715478 0.295590 0.503813
v -0.672386 0.238513 0.634984
v -0.637293 0.265877 0.634538
v -0.649959 0.231004 0.664977
v -0.615266 0.258591 0.664867
v -0.717453 0.234061 0.586171
v -0.755033 0.248879 0.519828
v -0.741051 0.221289 0.568229
v -0.675625 0.218862 0.649099
v -0.721348 0.213951 0.600984
v -0.649054 0.288505 0.585820
v -0.687316 0.303275 0.519039
v -0.638417 0.303262 0.567347
v -0.606474 0.274407 0.648862
v -0.618083 0.295835 0.600200
v -0.915916 0.186739 0.217133
v -0.913776 0.201588 0.161948
v -0.906348 0.207544 0.236061
v -0.904041 0.222223 0.180825
v -0.938582 0.125319 0.157376
v -0.936304 0.141946 0.100850
v -0.943751 0.104396 0.135778
v -0.943015 0.122131 0.081027
v -0.927477 0.147099 0.213066
v -0.909817 0.187968 0.251706
v -0.921297 0.147220 0.247246
v -0.941668 0.105966 0.173088
v -0.930001 0.126948 0.227771
v -0.924020 0.179802 0.101840
v -0.906544 0.219487 0.141538
v -0.918510 0.197730 0.082164
v -0.938772 0.140404 0.062222
v -0.926648 0.177559 0.062365
v 0.538032 0.411670 0.418357
v 0.537068 0.384009 0.473064
v 0.504141 0.419514 0.429321
v 0.503108 0.392256 0.484044
v 0.634669 0.386480 0.381479
v 0.634479 0.358967 0.436228
v 0.664343 0.377573 0.368031
v 0.664329 0.352203 0.422698
v 0.586196 0.412518 0.373918
v 0.520739 0.430816 0.397567
v 0.569007 0.430975 0.353769
v 0.649818 0.395457 0.348203
v 0.600994 0.420760 0.341260
v 0.585852 0.358920 0.483547
v 0.518847 0.375147 0.506871
v 0.567563 0.351142 0.517998
v 0.648770 0.344075 0.457456
v 0.600492 0.343925 0.505488
v 0.381452 0.374544 0.671084
v 0.436132 0.360472 0.637007
v 0.368022 0.391150 0.649888
v 0.422623 0.374356 0.614893
v 0.418337 0.326529 0.732569
v 0.473202 0.315460 0.696907
v 0.429365 0.307145 0.749647
v 0.484259 0.297833 0.714138
v 0.374187 0.357181 0.718674
v 0.348213 0.389242 0.675839
v 0.341307 0.366284 0.721383
v 0.397563 0.320400 0.756079
v 0.354046 0.350691 0.742929
v 0.483511 0.333048 0.649206
v 0.457524 0.360093 0.607398
v 0.505454 0.335794 0.618083
v 0.507183 0.302163 0.687192
v 0.518054 0.321785 0.638336
v 0.537492 0.412245 -0.418314
v 0.536942 0.383820 -0.473061
v 0.503760 0.419790 -0.429333
v 0.503164 0.390569 -0.484121
v 0.633963 0.386516 -0.381409
v 0.634327 0.359780 -0.436183
v 0.664514 0.376779 -0.367949
v 0.664443 0.351791 -0.422694
v 0.586678 0.414244 -0.373922
v 0.519899 0.430760 -0.397479
v 0.569042 0.432853 -0.353778
v 0.648748 0.395202 -0.348044
v 0.603046 0.427103 -0.341551
v 0.585656 0.359754 -0.483533
v 0.518728 0.374271 -0.506920
v 0.567244 0.352504 -0.517980
v 0.648733 0.344755 -0.457470
v 0.600173 0.344571 -0.505522
v 0.381469 0.376932 -0.672013
v 0.436098 0.361214 -0.636787
v 0.368098 0.392446 -0.650615
v 0.422633 0.375432 -0.615221
v 0.418250 0.325776 -0.731381
v 0.473081 0.313619 -0.697302
v 0.429258 0.306939 -0.749196
v 0.484163 0.297118 -0.714914
v 0.374097 0.359557 -0.719088
v 0.348421 0.393381 -0.677368
v 0.341596 0.368772 -0.721994
v 0.397471 0.322326 -0.756749
v 0.354188 0.351485 -0.742823
v 0.483583 0.332027 -0.649188
v 0.457477 0.361724 -0.606482
v 0.505723 0.335135 -0.618391
v 0.507061 0.301381 -0.687010
v 0.518396 0.320594 -0.639128
v 0.833232 0.320421 -0.059736
v 0.866129 0.288486 -0.059997
v 0.830471 0.320220 -0.099344
v 0.863366 0.287943 -0.099648
v 0.832857 0.320455 0.059746
v 0.864927 0.287538 0.059774
v 0.830145 0.320313 0.099412
v 0.862392 0.287823 0.099808
v 0.817654 0.336903 0.000060
v 0.815281 0.336540 -0.079771
v 0.800113 0.353776 -0.020052
v 0.814840 0.337517 0.079831
v 0.800395 0.353962 0.020161
v 0.880608 0.271146 -0.000460
v 0.879691 0.271940 -0.080419
v 0.890261 0.252872 -0.020816
v 0.876934 0.270828 0.080315
v 0.889793 0.252657 0.019701
v 0.731628 0.259882 -0.538126
v 0.697754 0.287262 -0.537845
v 0.749533 0.266648 -0.504497
v 0.715114 0.293926 -0.503700
v 0.672277 0.238765 -0.634967
v 0.637291 0.265701 -0.634461
v 0.650110 0.230746 -0.665058
v 0.615538 0.258858 -0.665030
v 0.717074 0.233413 -0.585971
v 0.754999 0.247670 -0.519813
v 0.740952 0.220738 -0.568149
v 0.675514 0.219008 -0.649087
v 0.720893 0.213355 -0.600680
v 0.649120 0.288096 -0.585858
v 0.686693 0.302067 -0.518740
v 0.638570 0.301726 -0.567458
v 0.606431 0.273872 -0.648769
v 0.618087 0.295286 -0.600144
v 0.913408 0.187611 -0.216908
v 0.910893 0.202974 -0.161471
v 0.903692 0.207837 -0.235514
v 0.901816 0.222435 -0.180757
v 0.935169 0.125259 -0.156770
v 0.933169 0.142513 -0.101512
v 0.940571 0.104196 -0.136036
v 0.939583 0.122509 -0.081987
v 0.925761 0.147760 -0.213507
v 0.907514 0.188577 -0.251397
v 0.919468 0.147657 -0.247185
v 0.938908 0.105849 -0.173057
v 0.927743 0.127114 -0.227627
v 0.920915 0.180572 -0.102437
v 0.903927 0.219951 -0.141487
v 0.914871 0.197999 -0.082750
v 0.934985 0.141029 -0.063180
v 0.922732 0.178516 -0.063251
v 0.731739 0.259900 0.538196
v 0.697723 0.288389 0.537770
v 0.749053 0.267204 0.504132
v 0.715376 0.295851 0.503830
v 0.672486 0.238367 0.635057
v 0.637363 0.265754 0.634544
v 0.650355 0.230573 0.665180
v 0.615558 0.257836 0.665038
v 0.717454 0.233041 0.586190
v 0.755708 0.247661 0.520204
v 0.741302 0.220766 0.568400
v 0.675625 0.218580 0.649089
v 0.721366 0.213574 0.601016
v 0.649235 0.288987 0.585925
v 0.687404 0.303560 0.519089
v 0.638847 0.303051 0.567573
v 0.606617 0.274354 0.648923
v 0.618966 0.296779 0.600945
v 0.913354 0.188493 0.216094
v 0.911262 0.202966 0.162390
v 0.903121 0.208463 0.234935
v 0.902202 0.223156 0.181152
v 0.937336 0.127100 0.159283
v 0.932529 0.141940 0.103724
v 0.942512 0.105510 0.140009
v 0.937343 0.121852 0.082279
v 0.925227 0.147960 0.211955
v 0.905850 0.188376 0.250328
v 0.918103 0.147531 0.245730
v 0.939762 0.106699 0.173456
v 0.927579 0.127242 0.226131
v 0.920196 0.179072 0.104315
v 0.904402 0.219547 0.143044
v 0.913132 0.196302 0.082969
v 0.932156 0.140006 0.061623
v 0.920183 0.177598 0.061932
v -0.156646 -0.522485 0.198901
v -0.101800 -0.496921 0.232574
v -0.136355 -0.524882 0.166095
v -0.081228 -0.500664 0.199622
v -0.216147 -0.513716 0.295434
v -0.160664 -0.492343 0.329406
v -0.235437 -0.509236 0.326744
v -0.180476 -0.489701 0.360786
v -0.212433 -0.527578 0.231130
v -0.172812 -0.540590 0.166028
v -0.227206 -0.536030 0.198532
v -0.252477 -0.523475 0.294948
v -0.247616 -0.533737 0.231141
v -0.102732 -0.483780 0.298892
v -0.061781 -0.490603 0.233231
v -0.061844 -0.480803 0.299940
v -0.141649 -0.482524 0.362935
v -0.082179 -0.477829 0.332760
v -0.156585 -0.521268 -0.198866
v -0.101507 -0.497058 -0.232473
v -0.136210 -0.526049 -0.166106
v -0.081022 -0.501280 -0.199601
v -0.216351 -0.510956 -0.295554
v -0.161882 -0.485630 -0.329393
v -0.235830 -0.506350 -0.326679
v -0.181881 -0.481705 -0.360669
v -0.212676 -0.527974 -0.231177
v -0.172686 -0.538098 -0.165996
v -0.227603 -0.541167 -0.198575
v -0.252645 -0.522214 -0.295177
v -0.247804 -0.535337 -0.231259
v -0.102140 -0.482687 -0.298713
v -0.061168 -0.491975 -0.232985
v -0.061483 -0.477793 -0.299691
v -0.142412 -0.475423 -0.363021
v -0.081796 -0.475242 -0.332455
v 0.156364 -0.523599 0.198782
v 0.102578 -0.495331 0.232206
v 0.136277 -0.527068 0.165992
v 0.081156 -0.502145 0.199495
v 0.215985 -0.512527 0.295507
v 0.161472 -0.487985 0.329361
v 0.235041 -0.507399 0.326743
v 0.180389 -0.484626 0.360735
v 0.213099 -0.530757 0.231288
v 0.173291 -0.541456 0.165801
v 0.227502 -0.538931 0.198747
v 0.251853 -0.520501 0.295060
v 0.248120 -0.537567 0.231519
v 0.102320 -0.485750 0.298949
v 0.061795 -0.490899 0.232989
v 0.061800 -0.480817 0.300285
v 0.141686 -0.479205 0.362915
v 0.082082 -0.478718 0.333264
v 0.156452 -0.520548 -0.198841
v 0.101388 -0.495106 -0.232491
v 0.135948 -0.523886 -0.166105
v 0.080860 -0.501265 -0.199603
v 0.216384 -0.511726 -0.295379
v 0.161119 -0.488870 -0.329172
v 0.235380 -0.508369 -0.326744
v 0.180892 -0.487242 -0.360552
v 0.213479 -0.531329 -0.231300
v 0.171825 -0.535324 -0.165951
v 0.227810 -0.542498 -0.198634
v 0.252323 -0.522020 -0.295007
v 0.247818 -0.537329 -0.231291
v 0.102322 -0.481116 -0.298702
v 0.061346 -0.490004 -0.233041
v 0.062115 -0.474011 -0.300009
v 0.141461 -0.480842 -0.362642
v 0.081993 -0.474630 -0.332521
v -0.537742 -0.411083 0.418302
v -0.537060 -0.382975 0.473048
v -0.503827 -0.419732 0.429327
v -0.503226 -0.391871 0.484094
v -0.634287 -0.386694 0.381357
v -0.634335 -0.359675 0.435997
v -0.664592 -0.378021 0.367974
v -0.664418 -0.351514 0.422516
v -0.586253 -0.412505 0.373900
v -0.520188 -0.430855 0.397439
v -0.568790 -0.430986 0.353741
v -0.649326 -0.396251 0.348234
v -0.601458 -0.421814 0.341407
v -0.585677 -0.359279 0.483422
v -0.518596 -0.375131 0.506960
v -0.567444 -0.351277 0.518176
v -0.648559 -0.344196 0.457352
v -0.600519 -0.343835 0.505675
v -0.059831 -0.489816 0.550940
v -0.059969 -0.481581 0.493074
v -0.099322 -0.490175 0.548593
v -0.099673 -0.481712 0.491475
v 0.059783 -0.487945 0.550371
v 0.059921 -0.479982 0.493489
v 0.099287 -0.487906 0.549035
v 0.099613 -0.480649 0.491464
v 0.000012 -0.480397 0.574996
v -0.079812 -0.482649 0.573323
v -0.020074 -0.471412 0.598309
v 0.079730 -0.480475 0.573012
v 0.020124 -0.470280 0.598779
v -0.000027 -0.476929 0.463719
v -0.080355 -0.477574 0.462623
v -0.020255 -0.474022 0.432184
v 0.080186 -0.476734 0.462256
v 0.020227 -0.474701 0.432156
v -0.381304 -0.378300 0.672437
v -0.436113 -0.362181 0.637262
v -0.367968 -0.393593 0.650150
v -0.422627 -0.376811 0.615485
v -0.418275 -0.324705 0.731807
v -0.473148 -0.313017 0.696784
v -0.429341 -0.306111 0.749097
v -0.484236 -0.296085 0.714971
v -0.373996 -0.356223 0.718099
v -0.348220 -0.391605 0.676359
v -0.341550 -0.367729 0.721850
v -0.397503 -0.319858 0.756110
v -0.354099 -0.350372 0.742446
v -0.483460 -0.332061 0.648748
v -0.457397 -0.363039 0.606463
v -0.505535 -0.335816 0.618076
v -0.507143 -0.300539 0.687366
v -0.518124 -0.320605 0.638627
v -0.537710 -0.411784 -0.418365
v -0.537719 -0.383361 -0.473026
v -0.503762 -0.419028 -0.429369
v -0.503278 -0.390838 -0.484026
v -0.633993 -0.386229 -0.381468
v -0.634103 -0.360356 -0.436171
v -0.664185 -0.377816 -0.367996
v -0.664150 -0.352412 -0.422654
v -0.586343 -0.413138 -0.373998
v -0.520742 -0.430847 -0.397542
v -0.569298 -0.431513 -0.353956
v -0.649010 -0.395739 -0.348192
v -0.601400 -0.422050 -0.341434
v -0.585792 -0.359890 -0.483462
v -0.518776 -0.374835 -0.506803
v -0.567460 -0.352032 -0.517897
v -0.648864 -0.344703 -0.457454
v -0.600476 -0.344213 -0.505497
v -0.059706 -0.486714 -0.549921
v -0.059985 -0.481163 -0.493692
v -0.099235 -0.488666 -0.549113
v -0.099668 -0.480353 -0.491525
v 0.059642 -0.489642 -0.551397
v 0.059811 -0.478781 -0.493287
v 0.099224 -0.489025 -0.549554
v 0.099547 -0.479021 -0.491531
v 0.000007 -0.479931 -0.574852
v -0.079835 -0.482478 -0.573381
v -0.020078 -0.470660 -0.598307
v 0.079760 -0.481648 -0.573481
v 0.020078 -0.470461 -0.598153
v -0.000076 -0.476303 -0.464122
v -0.080297 -0.476480 -0.462120
v -0.020314 -0.473028 -0.432373
v 0.080228 -0.474776 -0.462079
v 0.020229 -0.472569 -0.432539
v -0.381373 -0.377482 -0.671671
v -0.436060 -0.362014 -0.637110
v -0.367922 -0.393951 -0.650113
v -0.422491 -0.376848 -0.614940
v -0.418288 -0.326467 -0.731981
v -0.473150 -0.314762 -0.696990
v -0.429173 -0.308053 -0.749807
v -0.484167 -0.297715 -0.714207
v -0.374415 -0.359357 -0.719582
v -0.348254 -0.393091 -0.676951
v -0.341314 -0.366159 -0.721342
v -0.397519 -0.321239 -0.756175
v -0.353931 -0.349184 -0.742102
v -0.483506 -0.333131 -0.648831
v -0.457388 -0.362519 -0.606559
v -0.505658 -0.335693 -0.618505
v -0.507053 -0.302230 -0.686726
v -0.518266 -0.321205 -0.638963
v -0.833476 -0.319449 -0.059760
v -0.865841 -0.286206 -0.060004
v -0.830640 -0.319531 -0.099417
v -0.863790 -0.285612 -0.099720
v -0.833895 -0.319343 0.059827
v -0.865616 -0.286551 0.059998
v -0.830530 -0.320316 0.099460
v -0.863462 -0.287000 0.099778
v -0.817506 -0.336182 0.000008
v -0.816243 -0.336702 -0.079846
v -0.800146 -0.353173 -0.019989
v -0.815167 -0.337215 0.079856
v -0.800047 -0.353008 0.020116
v -0.882540 -0.269679 -0.000221
v -0.880115 -0.269261 -0.080465
v -0.893855 -0.252861 -0.020425
v -0.880740 -0.270018 0.080546
v -0.893976 -0.252568 0.020195
v -0.732192 -0.260248 -0.538483
v -0.697446 -0.287174 -0.537592
v -0.749078 -0.266980 -0.504134
v -0.714917 -0.293698 -0.503514
v -0.672847 -0.238302 -0.635316
v -0.637334 -0.265511 -0.634584
v -0.649677 -0.229857 -0.664882
v -0.615285 -0.257909 -0.664894
v -0.717274 -0.233187 -0.586140
v -0.755700 -0.248384 -0.520223
v -0.741451 -0.220860 -0.568568
v -0.675376 -0.218332 -0.649004
v -0.721259 -0.213943 -0.601046
v -0.649142 -0.288953 -0.585863
v -0.687372 -0.302157 -0.519068
v -0.638764 -0.303219 -0.567557
v -0.606447 -0.273780 -0.648900
v -0.618392 -0.296754 -0.600450
v -0.915283 -0.187152 -0.215832
v -0.914334 -0.202999 -0.160998
v -0.904909 -0.207373 -0.234995
v -0.904505 -0.222679 -0.180302
v -0.940148 -0.126504 -0.156990
v -0.937257 -0.142650 -0.101691
v -0.945069 -0.104770 -0.136501
v -0.942923 -0.122096 -0.081582
v -0.927057 -0.147169 -0.211560
v -0.908248 -0.187520 -0.250746
v -0.920409 -0.147179 -0.246185
v -0.941424 -0.105544 -0.171460
v -0.928800 -0.126593 -0.226132
v -0.924998 -0.180834 -0.102519
v -0.908016 -0.220089 -0.141757
v -0.918797 -0.198389 -0.082709
v -0.938518 -0.140584 -0.062474
v -0.926358 -0.178586 -0.062565
v -0.731736 -0.260587 0.538144
v -0.697412 -0.287637 0.537607
v -0.749673 -0.267893 0.504592
v -0.714696 -0.294163 0.503393
v -0.672267 -0.238796 0.634885
v -0.637441 -0.266371 0.634660
v -0.649938 -0.231312 0.664951
v -0.615244 -0.258422 0.664870
v -0.717055 -0.233442 0.585888
v -0.755240 -0.248594 0.519941
v -0.741070 -0.220837 0.568202
v -0.675453 -0.219343 0.648951
v -0.721239 -0.213493 0.600888
v -0.648896 -0.288847 0.585721
v -0.687174 -0.302767 0.519004
v -0.638356 -0.303637 0.567320
v -0.606606 -0.274301 0.648986
v -0.618060 -0.296363 0.600204
v -0.915926 -0.187142 0.217159
v -0.913776 -0.202104 0.161690
v -0.905698 -0.206556 0.235777
v -0.904296 -0.221180 0.180972
v -0.938432 -0.125004 0.157416
v -0.936308 -0.142056 0.100854
v -0.943390 -0.104052 0.135766
v -0.942695 -0.121858 0.080949
v -0.927378 -0.146812 0.213096
v -0.909330 -0.187646 0.251602
v -0.921282 -0.147172 0.247320
v -0.941224 -0.105454 0.172942
v -0.930116 -0.126824 0.227851
v -0.924086 -0.180080 0.101813
v -0.906551 -0.219022 0.141463
v -0.918614 -0.197798 0.082178
v -0.938844 -0.140584 0.062253
v -0.926752 -0.178223 0.062342
v 0.537804 -0.412071 0.418316
v 0.537376 -0.382857 0.473124
v 0.503861 -0.420099 0.429321
v 0.503232 -0.391591 0.484120
v 0.634544 -0.385251 0.381468
v 0.634379 -0.359960 0.436202
v 0.664252 -0.377441 0.368020
v 0.664301 -0.352788 0.422662
v 0.586374 -0.412712 0.373966
v 0.520038 -0.431134 0.397439
v 0.569473 -0.431955 0.353873
v 0.649467 -0.395193 0.348196
v 0.601776 -0.422695 0.341431
v 0.585881 -0.359104 0.483538
v 0.518991 -0.374767 0.506936
v 0.567819 -0.351700 0.518106
v 0.648871 -0.344463 0.457462
v 0.600152 -0.344408 0.505369
v 0.381461 -0.377182 0.672548
v 0.436089 -0.362478 0.636695
v 0.368068 -0.392415 0.649986
v 0.422562 -0.377616 0.615204
v 0.418323 -0.327464 0.733007
v 0.473185 -0.314146 0.697124
v 0.429492 -0.306767 0.748829
v 0.484242 -0.296337 0.714945
v 0.374009 -0.355877 0.717797
v 0.348263 -0.390566 0.676554
v 0.341243 -0.365562 0.721169
v 0.397651 -0.320571 0.756303
v 0.354051 -0.349653 0.742723
v 0.483484 -0.333764 0.648537
v 0.457357 -0.363555 0.606436
v 0.505629 -0.335720 0.618464
v 0.507206 -0.300748 0.687557
v 0.518126 -0.321336 0.638494
v 0.537682 -0.411641 -0.418299
v 0.537161 -0.383335 -0.473094
v 0.504102 -0.420019 -0.429282
v 0.503169 -0.391671 -0.484046
v 0.634022 -0.385964 -0.381418
v 0.634116 -0.360290 -0.436192
v 0.664532 -0.377316 -0.367983
v 0.664753 -0.352248 -0.422729
v 0.586817 -0.413790 -0.373841
v 0.520431 -0.430518 -0.397449
v 0.568913 -0.432331 -0.353628
v 0.649117 -0.395827 -0.348128
v 0.601628 -0.422816 -0.341249
v 0.586172 -0.359572 -0.483592
v 0.519000 -0.375224 -0.506905
v 0.567263 -0.352634 -0.517907
v 0.649031 -0.344811 -0.457514
v 0.600219 -0.344276 -0.505542
v 0.381487 -0.376467 -0.671799
v 0.436097 -0.362322 -0.636821
v 0.368107 -0.392176 -0.650476
v 0.422656 -0.376525 -0.615105
v 0.418279 -0.325730 -0.731476
v 0.473117 -0.313494 -0.697239
v 0.429216 -0.308371 -0.749928
v 0.484197 -0.297444 -0.714476
v 0.374034 -0.356966 -0.719078
v 0.348415 -0.391051 -0.677775
v 0.341360 -0.366713 -0.721738
v 0.397541 -0.322162 -0.756484
v 0.353842 -0.349678 -0.741997
v 0.483497 -0.332545 -0.648787
v 0.457485 -0.362517 -0.606586
v 0.505717 -0.335591 -0.618237
v 0.507215 -0.301066 -0.687808
v 0.518179 -0.321014 -0.638627
v 0.833015 -0.320629 -0.059735
v 0.865910 -0.287904 -0.059969
v 0.830533 -0.319470 -0.099330
v 0.863440 -0.286947 -0.099598
v 0.832994 -0.321092 0.059722
v 0.864933 -0.286781 0.059743
v 0.830716 -0.319955 0.099357
v 0.862709 -0.287170 0.099785
v 0.817506 -0.337919 0.000031
v 0.814938 -0.337099 -0.079792
v 0.800104 -0.354849 -0.020083
v 0.814887 -0.337313 0.079798
v 0.800704 -0.355369 0.020182
v 0.880015 -0.270713 -0.000425
v 0.879450 -0.270629 -0.080373
v 0.890554 -0.253431 -0.020836
v 0.876689 -0.269832 0.080317
v 0.889588 -0.252657 0.019742
v 0.731496 -0.260001 -0.538048
v 0.697630 -0.287674 -0.537793
v 0.749368 -0.268012 -0.504375
v 0.715121 -0.294889 -0.503691
v 0.672258 -0.238774 -0.634918
v 0.637266 -0.265586 -0.634411
v 0.650486 -0.231732 -0.665235
v 0.615447 -0.258626 -0.664916
v 0.717253 -0.233473 -0.586061
v 0.754878 -0.248044 -0.519732
v 0.741296 -0.220897 -0.568357
v 0.675141 -0.219189 -0.648752
v 0.720826 -0.213773 -0.600585
v 0.648890 -0.288393 -0.585749
v 0.686673 -0.302302 -0.518753
v 0.638412 -0.302632 -0.567405
v 0.606340 -0.274350 -0.648657
v 0.618457 -0.296657 -0.600522
v 0.913691 -0.187507 -0.217087
v 0.910826 -0.202904 -0.161423
v 0.903953 -0.207786 -0.235617
v 0.901740 -0.222493 -0.180683
v 0.934852 -0.124910 -0.156670
v 0.933142 -0.142561 -0.101542
v 0.940079 -0.103742 -0.135925
v 0.939874 -0.122571 -0.082170
v 0.925230 -0.147229 -0.213224
v 0.907627 -0.188409 -0.251419
v 0.919125 -0.147482 -0.247064
v 0.938235 -0.105166 -0.172734
v 0.927402 -0.126778 -0.227466
v 0.920981 -0.181143 -0.102420
v 0.904063 -0.220674 -0.141513
v 0.915256 -0.199469 -0.082802
v 0.935199 -0.141280 -0.063314
v 0.922826 -0.179474 -0.063181
v 0.731564 -0.260563 0.538052
v 0.697435 -0.287663 0.537611
v 0.749569 -0.267460 0.504450
v 0.715149 -0.293744 0.503670
v 0.671938 -0.238605 0.634676
v 0.637396 -0.265557 0.634526
v 0.649973 -0.231225 0.664965
v 0.614969 -0.257583 0.664640
v 0.717472 -0.233437 0.586145
v 0.755462 -0.248255 0.520013
v 0.741261 -0.220790 0.568326
v 0.675211 -0.219290 0.648836
v 0.721173 -0.213428 0.600842
v 0.649536 -0.288900 0.586172
v 0.687293 -0.302070 0.519035
v 0.638744 -0.303149 0.567545
v 0.606713 -0.274304 0.649017
v 0.618576 -0.295378 0.600658
v 0.913431 -0.188259 0.216085
v 0.911321 -0.203028 0.162535
v 0.902739 -0.207921 0.234767
v 0.902152 -0.223557 0.181173
v 0.937077 -0.126702 0.159266
v 0.932558 -0.141622 0.104098
v 0.942260 -0.105108 0.140071
v 0.937210 -0.121613 0.082411
v 0.925401 -0.148348 0.211962
v 0.905959 -0.188229 0.250315
v 0.918007 -0.147641 0.245720
v 0.939795 -0.106768 0.173510
v 0.927201 -0.127435 0.226086
v 0.920184 -0.179552 0.104095
v 0.904410 -0.219556 0.143155
v 0.913127 -0.197372 0.082721
v 0.932084 -0.140388 0.061689
v 0.920301 -0.178100 0.061823
v 0.199033 -0.096802 0.968622
v 0.232555 -0.058340 0.966463
v 0.166247 -0.084088 0.977311
v 0.199789 -0.044755 0.975162
v 0.295210 -0.133054 0.930785
v 0.329192 -0.095432 0.928744
v 0.326371 -0.144766 0.914937
v 0.360349 -0.107748 0.914672
v 0.231144 -0.131842 0.948386
v 0.165972 -0.107279 0.970541
v 0.198786 -0.142987 0.953566
v 0.294769 -0.155928 0.921009
v 0.231121 -0.154522 0.940074
v 0.298571 -0.057682 0.947828
v 0.233223 -0.032168 0.970018
v 0.299610 -0.032369 0.954953
v 0.363053 -0.081516 0.919795
v 0.332381 -0.044789 0.940242
v -0.198496 -0.096792 0.966811
v -0.232391 -0.055910 0.968229
v -0.165561 -0.084701 0.975568
v -0.199930 -0.045311 0.975692
v -0.295366 -0.133165 0.930576
v -0.329461 -0.094796 0.929450
v -0.326593 -0.144398 0.914955
v -0.360791 -0.107449 0.914663
v -0.231081 -0.132456 0.948700
v -0.165605 -0.107814 0.969677
v -0.198684 -0.143015 0.953272
v -0.294899 -0.156333 0.921289
v -0.231050 -0.154608 0.940063
v -0.298795 -0.054069 0.949332
v -0.233201 -0.025710 0.973128
v -0.299583 -0.025841 0.953848
v -0.363054 -0.081348 0.920304
v -0.332355 -0.041567 0.941867
v 0.199071 0.097257 0.968501
v 0.232434 0.058647 0.966424
v 0.166241 0.083763 0.977133
v 0.199693 0.044548 0.975441
v 0.295298 0.133256 0.930384
v 0.329341 0.096205 0.928887
v 0.326407 0.144952 0.915378
v 0.360869 0.108380 0.915479
v 0.231229 0.132661 0.949001
v 0.166004 0.107435 0.970530
v 0.198798 0.143072 0.953459
v 0.294755 0.156078 0.920594
v 0.231129 0.155007 0.940031
v 0.298216 0.058719 0.947256
v 0.232995 0.032940 0.969760
v 0.299069 0.033514 0.954186
v 0.363264 0.083455 0.920668
v 0.331592 0.046327 0.939107
v -0.198682 0.097134 0.967073
v -0.231863 0.058389 0.966469
v -0.165778 0.084873 0.975834
v -0.198913 0.046381 0.974582
v -0.295485 0.133260 0.930417
v -0.329420 0.094555 0.928748
v -0.326697 0.144509 0.914464
v -0.360752 0.106473 0.913374
v -0.231169 0.132542 0.948630
v -0.165788 0.107996 0.970053
v -0.198715 0.143153 0.953157
v -0.294991 0.156511 0.921410
v -0.231135 0.155237 0.940442
v -0.298369 0.055875 0.947252
v -0.231186 0.030006 0.965994
v -0.298596 0.028714 0.948919
v -0.362902 0.080291 0.920438
v -0.331778 0.040535 0.943937
v 0.566846 -0.019932 0.859488
v 0.506323 0.000685 0.914284
v 0.549582 -0.053236 0.837275
v 0.496398 -0.042155 0.873665
v 0.551383 0.022982 0.813189
v 0.434058 -0.001043 0.717740
v 0.547708 0.055193 0.826832
v 0.488472 0.033482 0.851967
v 0.581613 0.000286 0.814697
v 0.575912 -0.044547 0.820257
v 0.597368 -0.011919 0.803265
v 0.573012 0.047460 0.812865
v 0.598114 0.009879 0.808626
v -0.157355 -0.000035 0.817306
v 0.475053 -0.023328 0.906767
v 0.379418 0.000553 0.945414
v 0.450780 0.012809 0.866096
v 0.368686 -0.000117 0.904894
v -0.556365 -0.024214 0.853582
v -0.507007 -0.014244 0.852273
v -0.548278 -0.055687 0.835454
v -0.495230 -0.051424 0.863859
v -0.547727 0.029584 0.831286
v -0.514999 0.018088 0.879632
v -0.546595 0.057923 0.828964
v -0.497852 0.048288 0.872246
v -0.577598 -0.000743 0.981548
v -0.577555 -0.036685 0.826920
v -0.723539 0.001590 0.964784
v -0.570268 0.042879 0.815860
v -0.600072 -0.000790 0.824439
v -0.269586 0.000149 0.497232
v -0.465120 -0.032131 0.875455
v -0.369023 0.000025 0.834513
v -0.473093 0.026090 0.908559
v -0.291182 0.000034 0.884377
v 0.198688 -0.096779 -0.967154
v 0.230790 -0.055288 -0.966015
v 0.165924 -0.084381 -0.976600
v 0.197374 -0.044203 -0.974601
v 0.295485 -0.132524 -0.929354
v 0.329540 -0.094576 -0.928525
v 0.326741 -0.144394 -0.915434
v 0.360750 -0.106894 -0.913336
v 0.231116 -0.132721 -0.948651
v 0.165856 -0.107701 -0.970295
v 0.198562 -0.143169 -0.952357
v 0.295055 -0.156695 -0.921931
v 0.231077 -0.155445 -0.940166
v 0.299637 -0.054168 -0.949487
v 0.226792 -0.021629 -0.964064
v 0.301837 -0.022086 -0.945914
v 0.362923 -0.081980 -0.919877
v 0.333941 -0.041496 -0.939186
v -0.198697 -0.094616 -0.966873
v -0.234950 -0.048297 -0.966016
v -0.165882 -0.081090 -0.976365
v -0.199001 -0.016940 -0.965326
v -0.295171 -0.133587 -0.929634
v -0.329195 -0.094202 -0.929053
v -0.326466 -0.145305 -0.914897
v -0.360432 -0.106018 -0.913283
v -0.231064 -0.132832 -0.949008
v -0.166067 -0.106731 -0.970495
v -0.198822 -0.142954 -0.953718
v -0.294874 -0.157054 -0.921085
v -0.231146 -0.155299 -0.940329
v -0.300123 -0.055034 -0.950652
v -0.260454 -0.000111 -0.954445
v -0.307293 -0.025592 -0.955534
v -0.362579 -0.079757 -0.920911
v -0.335253 -0.036667 -0.948009
v 0.198641 0.097146 -0.967459
v 0.231611 0.053252 -0.967014
v 0.165838 0.084409 -0.976678
v 0.198444 0.042253 -0.975963
v 0.295353 0.132428 -0.929239
v 0.329434 0.094433 -0.928460
v 0.326637 0.144529 -0.915251
v 0.360639 0.106295 -0.912986
v 0.231027 0.132681 -0.948575
v 0.165755 0.107921 -0.970543
v 0.198552 0.142983 -0.952569
v 0.294970 0.156789 -0.922049
v 0.231037 0.155099 -0.940171
v 0.299746 0.054097 -0.949424
v 0.230163 0.018007 -0.971081
v 0.303148 0.023188 -0.950975
v 0.362920 0.080904 -0.919596
v 0.333953 0.042815 -0.937782
v -0.198593 0.094883 -0.967251
v -0.234068 0.047850 -0.969531
v -0.165986 0.081892 -0.976601
v -0.201634 0.025974 -0.972446
v -0.295212 0.132933 -0.929914
v -0.329446 0.095381 -0.929026
v -0.326525 0.144166 -0.915189
v -0.360713 0.107610 -0.914347
v -0.230979 0.132296 -0.948652
v -0.165865 0.106857 -0.970504
v -0.198734 0.142858 -0.953558
v -0.294881 0.156763 -0.921454
v -0.231119 0.155228 -0.940245
v -0.299740 0.055852 -0.949601
v -0.243102 0.002036 -0.975464
v -0.303263 0.028542 -0.950673
v -0.363107 0.082922 -0.919786
v -0.333357 0.044121 -0.936376
v 0.545942 -0.033815 -0.834692
v 0.488547 -0.029833 -0.851530
v 0.544916 -0.059124 -0.830649
v 0.491540 -0.057250 -0.860636
v 0.548700 0.032746 -0.835904
v 0.497532 0.024550 -0.873949
v 0.546085 0.058503 -0.831354
v 0.493895 0.052949 -0.868790
v 0.573286 0.001218 -0.830149
v 0.573468 -0.045572 -0.823495
v 0.612516 -0.000526 -0.884764
v 0.572572 0.048030 -0.816649
v 0.603066 0.013704 -0.822417
v 0.417456 0.001091 -0.825429
v 0.460034 -0.042087 -0.876185
v 0.418879 -0.011460 -0.893568
v 0.467115 0.036180 -0.893932
v 0.430716 0.000707 -0.942635
v -0.550562 -0.031038 -0.839079
v -0.510026 -0.017759 -0.879610
v -0.547386 -0.057921 -0.831262
v -0.497284 -0.049702 -0.868727
v -0.559058 0.018503 -0.868906
v -0.483175 0.012243 -0.837781
v -0.549673 0.051392 -0.838961
v -0.491353 0.049437 -0.860758
v -0.568929 -0.000795 -0.844445
v -0.571076 -0.045493 -0.814359
v -0.546741 -0.002090 -0.757738
v -0.573726 0.036951 -0.825632
v -0.507775 -0.001092 -0.759487
v -0.447952 -0.000998 -0.874346
v -0.478406 -0.025336 -0.902708
v -0.433250 -0.000623 -0.977304
v -0.458405 0.035916 -0.875527
v -0.422795 0.004519 -0.906775
v -0.413057 0.530054 0.066337
v -0.433011 0.524995 0.099076
v -0.413335 0.529375 -0.066050
v -0.433208 0.523262 -0.098637
v -0.401068 0.530134 0.099525
v -0.401028 0.530176 -0.099385
v -0.540443 0.492454 0.140027
v -0.572832 0.481802 0.127471
v -0.561921 0.482625 0.161006
v -0.540300 0.490696 -0.139839
v -0.572819 0.481954 -0.127437
v -0.561738 0.481394 -0.160861
v -0.639548 0.459494 -0.020059
v -0.639553 0.458930 0.020121
v -0.661344 0.448687 0.000044
v 0.413250 0.529157 0.066112
v 0.433029 0.523234 0.098655
v 0.413145 0.528707 -0.066159
v 0.433031 0.521298 -0.099008
v 0.401079 0.529984 0.099372
v 0.400937 0.527843 -0.099240
v 0.540781 0.490905 0.140381
v 0.573092 0.479769 0.127643
v 0.561924 0.479751 0.160954
v 0.540944 0.492055 -0.140543
v 0.573629 0.480765 -0.128122
v 0.561924 0.479718 -0.160981
v 0.639157 0.457203 -0.020099
v 0.639337 0.457229 0.020106
v 0.661430 0.446328 -0.000019
v -0.413016 -0.528682 0.066229
v -0.433072 -0.522686 0.098683
v -0.413137 -0.528069 -0.066152
v -0.433161 -0.521223 -0.098477
v -0.401047 -0.529583 0.099237
v -0.401023 -0.527516 -0.099028
v -0.540446 -0.491258 0.140085
v -0.573304 -0.480833 0.127940
v -0.561599 -0.479805 0.160684
v -0.540678 -0.491005 -0.140254
v -0.572879 -0.479733 -0.127508
v -0.562157 -0.479724 -0.161095
v -0.639574 -0.459133 -0.020102
v -0.639393 -0.458978 0.020072
v -0.661215 -0.448381 0.000012
v 0.413279 -0.529286 0.066084
v 0.433036 -0.522233 0.098639
v 0.412932 -0.532625 -0.066099
v 0.433157 -0.525578 -0.098225
v 0.401237 -0.529604 0.099361
v 0.400983 -0.531366 -0.099143
v 0.540387 -0.487868 0.139843
v 0.572958 -0.478966 0.127435
v 0.561663 -0.478836 0.160717
v 0.540326 -0.490332 -0.139701
v 0.573053 -0.480824 -0.127600
v 0.561601 -0.478985 -0.160749
v 0.639625 -0.459085 -0.020195
v 0.639441 -0.458639 0.020082
v 0.661336 -0.448187 0.000010
v -0.019760 -0.393766 0.766949
v 0.019784 -0.393372 0.766930
v -0.127490 -0.354773 0.808145
v -0.139661 -0.335727 0.828156
v 0.000193 -0.405864 0.748158
v -0.160878 -0.347681 0.809684
v 0.127702 -0.354941 0.808178
v 0.139732 -0.335496 0.828056
v 0.161273 -0.348358 0.810071
v 0.066421 -0.259243 0.907572
v 0.098599 -0.271180 0.894462
v -0.066458 -0.258915 0.907556
v -0.098783 -0.271266 0.894672
v 0.099405 -0.251446 0.909517
v -0.099645 -0.251079 0.909883
v -0.019668 0.394406 0.766917
v 0.019973 0.394374 0.766895
v -0.127251 0.354617 0.808118
v -0.139845 0.335543 0.828352
v 0.000172 0.405674 0.747893
v -0.161429 0.348621 0.810189
v 0.127539 0.354100 0.808218
v 0.139690 0.334344 0.828029
v 0.160988 0.347094 0.809758
v 0.066346 0.259262 0.907231
v 0.098786 0.271436 0.894659
v -0.066416 0.259142 0.907403
v -0.098762 0.271551 0.894515
v 0.099484 0.250846 0.909506
v -0.099482 0.251830 0.909395
v -0.020003 -0.395413 -0.767094
v 0.019875 -0.394736 -0.767049
v -0.127402 -0.354821 -0.808195
v -0.139843 -0.335241 -0.828103
v 0.000072 -0.406376 -0.748148
v -0.161028 -0.348169 -0.809811
v 0.127409 -0.354590 -0.808276
v 0.140030 -0.335618 -0.828299
v 0.161292 -0.347835 -0.810147
v 0.066296 -0.259346 -0.906925
v 0.098935 -0.271340 -0.894792
v -0.066252 -0.259185 -0.906949
v -0.098877 -0.270768 -0.894891
v 0.099324 -0.250905 -0.909136
v -0.099368 -0.250923 -0.909431
v -0.020020 0.395280 -0.767090
v 0.019781 0.394860 -0.767073
v -0.126985 0.354364 -0.807941
v -0.139594 0.335223 -0.828012
v 0.000049 0.406628 -0.748118
v -0.160623 0.347208 -0.809582
v 0.127631 0.354518 -0.808206
v 0.139950 0.335802 -0.828150
v 0.161124 0.348290 -0.809845
v 0.066298 0.258873 -0.906959
v 0.098778 0.271569 -0.894527
v -0.066312 0.259372 -0.907100
v -0.098995 0.270985 -0.895127
v 0.099314 0.251170 -0.909127
v -0.099480 0.251389 -0.909609
v 0.828017 0.088063 -0.540281
v 0.808114 0.079945 -0.572696
v 0.889977 0.061050 -0.433372
v 0.896234 0.037205 -0.409548
v 0.809251 0.102160 -0.561464
v 0.899931 0.062512 -0.401534
v 0.827742 -0.089474 -0.540170
v 0.808063 -0.081057 -0.572663
v 0.889918 -0.060861 -0.433333
v 0.895518 -0.036995 -0.408984
v 0.809302 -0.102800 -0.561412
v 0.899942 -0.062585 -0.401487
v 0.857873 0.001516 -0.655797
v 0.798788 0.010940 -0.641312
v 0.789297 -0.000089 -0.625242
v 0.828653 0.087529 0.540755
v 0.809362 0.078640 0.573475
v 0.889534 0.061011 0.434205
v 0.898423 0.041382 0.414390
v 0.809304 0.101108 0.561342
v 0.899741 0.064155 0.404154
v 0.827805 -0.088059 0.540205
v 0.807857 -0.080175 0.572499
v 0.889320 -0.060724 0.434355
v 0.897883 -0.040214 0.414858
v 0.809052 -0.101991 0.561234
v 0.899508 -0.063504 0.404190
v 0.763189 -0.005051 0.633591
v 0.760518 0.010923 0.626928
v 0.699110 -0.000368 0.606434
v -0.828281 0.089328 -0.540117
v -0.808279 0.079998 -0.572596
v -0.891846 0.056097 -0.433928
v -0.891383 0.014128 -0.410893
v -0.809635 0.102572 -0.561470
v -0.901420 0.056072 -0.402016
v -0.828348 -0.088840 -0.540206
v -0.808448 -0.080905 -0.573005
v -0.892258 -0.055550 -0.434394
v -0.894196 -0.013605 -0.412649
v -0.810115 -0.102577 -0.561864
v -0.901622 -0.055776 -0.402230
v -0.781758 -0.005796 -0.633111
v -0.861911 -0.003128 -0.653956
v -0.755281 -0.001009 -0.652249
v -0.828077 0.088771 0.540206
v -0.807844 0.080343 0.572937
v -0.889422 0.062757 0.431904
v -0.897579 0.038523 0.415656
v -0.808788 0.102172 0.561158
v -0.900516 0.059343 0.400705
v -0.827776 -0.088857 0.540137
v -0.808178 -0.079505 0.572823
v -0.889372 -0.063067 0.432072
v -0.898040 -0.038910 0.415859
v -0.808618 -0.101460 0.560957
v -0.900788 -0.060053 0.401026
v -0.859694 0.002699 0.642023
v -0.780674 -0.000428 0.638707
v -0.789891 -0.001208 0.674732
v -0.145259 0.554578 0.066666
v -0.130782 0.543147 0.099931
v -0.145074 0.560255 -0.066722
v -0.130502 0.544132 -0.099907
v -0.165979 0.554241 0.099979
v -0.165802 0.555385 -0.099843
v 0.145229 0.557850 0.066642
v 0.131106 0.545188 0.099961
v 0.145153 0.559100 -0.066674
v 0.130537 0.544188 -0.099922
v 0.165942 0.554137 0.099829
v 0.165693 0.555288 -0.099979
v -0.020424 0.503492 0.166625
v 0.020143 0.504942 0.166629
v -0.000210 0.497152 0.199955
v -0.020020 0.503932 -0.166685
v 0.020322 0.503036 -0.166725
v 0.000075 0.495861 -0.199993
v -0.323690 0.511397 0.355589
v -0.289187 0.509861 0.356480
v -0.431168 0.466442 0.396620
v -0.450339 0.446943 0.417855
v -0.305454 0.522345 0.325970
v -0.466423 0.457509 0.387052
v -0.178151 0.469793 0.589960
v -0.158543 0.480529 0.568378
v -0.286707 0.433463 0.631561
v -0.320313 0.422104 0.630193
v -0.139234 0.471754 0.592809
v -0.300985 0.415860 0.654932
v -0.180072 0.479318 0.424869
v -0.159347 0.478865 0.456816
v -0.140890 0.474628 0.427858
v -0.449353 0.394290 0.527648
v -0.429106 0.391643 0.560303
v -0.464213 0.380264 0.551073
v -0.323669 0.509355 -0.355308
v -0.289906 0.511604 -0.356498
v -0.431432 0.465254 -0.396210
v -0.450673 0.446032 -0.418048
v -0.305499 0.522467 -0.325950
v -0.467690 0.458607 -0.387975
v -0.178213 0.469764 -0.589945
v -0.158864 0.481168 -0.568344
v -0.286463 0.433289 -0.631553
v -0.320675 0.425281 -0.630891
v -0.139430 0.472536 -0.592921
v -0.301326 0.419560 -0.655273
v -0.179306 0.481162 -0.424278
v -0.159257 0.479135 -0.456991
v -0.140976 0.475581 -0.427968
v -0.448945 0.393234 -0.527411
v -0.429101 0.388961 -0.560773
v -0.464167 0.377421 -0.551233
v -0.720167 0.381700 -0.286057
v -0.706638 0.374580 -0.319867
v -0.786455 0.352598 -0.178274
v -0.806841 0.336000 -0.158512
v -0.692238 0.392556 -0.300861
v -0.792271 0.353207 -0.139557
v -0.809250 0.249404 -0.431101
v -0.787633 0.261960 -0.450529
v -0.874330 0.226598 -0.323371
v -0.884519 0.227256 -0.288996
v -0.794076 0.243114 -0.466263
v -0.888725 0.207706 -0.304587
v -0.706774 0.329769 -0.429047
v -0.719661 0.315254 -0.449295
v -0.691655 0.323126 -0.464183
v -0.873475 0.271500 -0.159445
v -0.883752 0.256180 -0.179528
v -0.889468 0.255156 -0.140800
v -0.720034 0.380217 0.286203
v -0.707451 0.376293 0.320239
v -0.786310 0.353167 0.178168
v -0.806798 0.335970 0.158437
v -0.692563 0.392326 0.301154
v -0.792500 0.353716 0.139558
v -0.809534 0.249643 0.431379
v -0.787775 0.262856 0.450786
v -0.875552 0.225890 0.323534
v -0.885733 0.227103 0.289165
v -0.794028 0.243387 0.466340
v -0.890978 0.207627 0.305040
v -0.706858 0.330909 0.428962
v -0.719709 0.316192 0.449272
v -0.691668 0.323775 0.464155
v -0.873023 0.271387 0.159467
v -0.884016 0.256516 0.179822
v -0.887127 0.254835 0.140512
v 0.323869 0.510875 0.356077
v 0.289686 0.510571 0.356629
v 0.431173 0.463342 0.396272
v 0.450471 0.445258 0.417901
v 0.305289 0.521253 0.325790
v 0.466742 0.456448 0.387395
v 0.178261 0.469815 0.589796
v 0.158451 0.480761 0.568096
v 0.286111 0.431763 0.631395
v 0.320627 0.424285 0.630679
v 0.139167 0.472133 0.592763
v 0.300826 0.416580 0.654850
v 0.180021 0.478412 0.424682
v 0.159521 0.476730 0.457497
v 0.141170 0.472515 0.428295
v 0.449360 0.392895 0.527641
v 0.429361 0.388978 0.560932
v 0.464020 0.379104 0.550739
v 0.323838 0.513837 -0.356151
v 0.289355 0.511314 -0.356671
v 0.431333 0.464991 -0.396171
v 0.450598 0.446401 -0.417970
v 0.305292 0.521890 -0.325801
v 0.467003 0.458011 -0.387536
v 0.178336 0.470639 -0.589847
v 0.158495 0.480775 -0.567994
v 0.286004 0.431211 -0.631265
v 0.320237 0.422365 -0.630766
v 0.139249 0.471843 -0.592759
v 0.300800 0.416789 -0.654942
v 0.179776 0.480746 -0.424679
v 0.159462 0.480478 -0.456859
v 0.141102 0.475792 -0.428250
v 0.449530 0.391567 -0.527542
v 0.429243 0.389248 -0.560421
v 0.464518 0.377470 -0.551111
v 0.721163 0.382850 -0.286534
v 0.707112 0.375740 -0.320107
v 0.786548 0.353249 -0.178317
v 0.806645 0.336808 -0.158475
v 0.692278 0.392666 -0.300946
v 0.792011 0.352920 -0.139513
v 0.808937 0.248383 -0.431053
v 0.787264 0.260784 -0.450426
v 0.874669 0.227353 -0.323656
v 0.885120 0.228551 -0.289570
v 0.793872 0.242388 -0.466206
v 0.889073 0.208574 -0.305021
v 0.706901 0.329597 -0.428952
v 0.719605 0.315282 -0.449197
v 0.691658 0.323018 -0.464161
v 0.873182 0.272745 -0.159487
v 0.883096 0.257417 -0.179817
v 0.886435 0.255856 -0.140581
v 0.720190 0.381656 0.286139
v 0.707038 0.375589 0.320020
v 0.786680 0.353869 0.178330
v 0.806774 0.336508 0.158484
v 0.692502 0.392607 0.301013
v 0.791904 0.353846 0.139470
v 0.809847 0.250649 0.431287
v 0.788033 0.262659 0.450644
v 0.873887 0.227293 0.323209
v 0.883121 0.228010 0.288616
v 0.794210 0.243566 0.466246
v 0.886923 0.208010 0.304063
v 0.706844 0.329177 0.429056
v 0.719450 0.315152 0.449217
v 0.691709 0.323070 0.464200
v 0.872776 0.272278 0.159803
v 0.883238 0.257375 0.180160
v 0.886482 0.255237 0.141488
v -0.144643 -0.560896 0.066708
v -0.131176 -0.551326 0.100001
v -0.144910 -0.559230 -0.066710
v -0.130955 -0.545950 -0.099974
v -0.165510 -0.555577 0.099897
v -0.165460 -0.557913 -0.099819
v 0.145042 -0.561599 0.066602
v 0.130461 -0.546113 0.099838
v 0.145100 -0.556403 -0.066635
v 0.130400 -0.544794 -0.099935
v 0.165691 -0.554406 0.099792
v 0.165845 -0.555930 -0.100007
v -0.020078 -0.505358 0.166622
v 0.020278 -0.505551 0.166613
v 0.000035 -0.498096 0.199954
v -0.020087 -0.503742 -0.166700
v 0.020059 -0.504472 -0.166698
v 0.000030 -0.496721 -0.199964
v -0.323789 -0.514597 0.356206
v -0.289170 -0.510777 0.356553
v -0.431174 -0.466992 0.396313
v -0.450289 -0.447728 0.417732
v -0.305159 -0.519234 0.325471
v -0.466415 -0.458109 0.386946
v -0.178066 -0.470308 0.590079
v -0.158698 -0.483193 0.568683
v -0.286967 -0.433764 0.631654
v -0.320399 -0.422905 0.630139
v -0.139141 -0.472099 0.592880
v -0.301079 -0.416228 0.654916
v -0.179278 -0.483990 0.424164
v -0.159405 -0.480772 0.457157
v -0.140807 -0.479384 0.427588
v -0.449130 -0.395013 0.527515
v -0.429195 -0.391312 0.560655
v -0.464079 -0.380345 0.550865
v -0.323890 -0.512998 -0.356162
v -0.289258 -0.509290 -0.356425
v -0.431129 -0.466235 -0.396017
v -0.450375 -0.446271 -0.417840
v -0.305293 -0.519840 -0.325784
v -0.466791 -0.459249 -0.387430
v -0.178267 -0.469966 -0.589750
v -0.158825 -0.483369 -0.568314
v -0.286826 -0.433081 -0.631571
v -0.320596 -0.425208 -0.630668
v -0.139307 -0.471966 -0.592862
v -0.301009 -0.417432 -0.655123
v -0.179468 -0.478963 -0.424619
v -0.159361 -0.476250 -0.457835
v -0.140712 -0.474651 -0.427965
v -0.449117 -0.392816 -0.527454
v -0.428975 -0.390515 -0.560390
v -0.464011 -0.379155 -0.550877
v -0.720407 -0.382000 -0.286128
v -0.707168 -0.376199 -0.319954
v -0.786955 -0.352819 -0.178484
v -0.807069 -0.336096 -0.158582
v -0.692646 -0.394356 -0.300925
v -0.792115 -0.352611 -0.139543
v -0.809052 -0.248788 -0.431032
v -0.787325 -0.261783 -0.450358
v -0.874583 -0.226320 -0.323442
v -0.884735 -0.226962 -0.289046
v -0.793885 -0.242678 -0.466103
v -0.889061 -0.207382 -0.304665
v -0.707021 -0.329263 -0.429078
v -0.719722 -0.315120 -0.449273
v -0.691793 -0.322505 -0.464209
v -0.873646 -0.270791 -0.159480
v -0.883782 -0.256212 -0.179531
v -0.889608 -0.254727 -0.140848
v -0.720046 -0.381563 0.286245
v -0.707098 -0.376234 0.320133
v -0.786536 -0.353594 0.178244
v -0.806794 -0.337156 0.158446
v -0.693049 -0.394194 0.301378
v -0.792131 -0.353659 0.139465
v -0.809027 -0.248682 0.431111
v -0.787283 -0.261741 0.450489
v -0.875539 -0.226488 0.323560
v -0.885380 -0.226916 0.289150
v -0.793864 -0.242908 0.466234
v -0.890643 -0.207933 0.304995
v -0.707255 -0.328760 0.429130
v -0.719876 -0.314636 0.449385
v -0.691871 -0.322328 0.464264
v -0.872815 -0.271482 0.159460
v -0.884341 -0.255824 0.179923
v -0.887322 -0.254191 0.140563
v 0.323941 -0.512230 0.356102
v 0.289729 -0.510165 0.356597
v 0.431396 -0.465905 0.396303
v 0.450529 -0.447114 0.417874
v 0.305616 -0.521958 0.326150
v 0.466687 -0.458261 0.387277
v 0.178214 -0.469917 0.589873
v 0.158520 -0.479771 0.568111
v 0.286419 -0.434327 0.631356
v 0.320514 -0.424395 0.630702
v 0.139216 -0.471981 0.592744
v 0.300863 -0.417106 0.654964
v 0.180501 -0.474580 0.425099
v 0.159412 -0.477883 0.456932
v 0.140807 -0.473091 0.428122
v 0.449275 -0.394331 0.527546
v 0.429058 -0.392001 0.560347
v 0.464032 -0.380526 0.550740
v 0.323775 -0.510342 -0.355245
v 0.289710 -0.512688 -0.356632
v 0.431230 -0.465873 -0.396528
v 0.450366 -0.445551 -0.417925
v 0.305603 -0.524275 -0.326062
v 0.466500 -0.457510 -0.387401
v 0.178455 -0.471003 -0.590111
v 0.158699 -0.481222 -0.568460
v 0.286342 -0.432029 -0.631353
v 0.320278 -0.422772 -0.630626
v 0.139458 -0.472570 -0.592969
v 0.301199 -0.416498 -0.655150
v 0.180367 -0.478495 -0.425137
v 0.159444 -0.478473 -0.456888
v 0.140745 -0.475118 -0.427722
v 0.448936 -0.394312 -0.527369
v 0.429353 -0.389731 -0.560779
v 0.464261 -0.378515 -0.551115
v 0.720157 -0.380425 -0.286129
v 0.707588 -0.375982 -0.320218
v 0.786386 -0.353369 -0.178275
v 0.806603 -0.336316 -0.158458
v 0.692745 -0.393007 -0.301073
v 0.791830 -0.353441 -0.139434
v 0.809194 -0.248790 -0.431164
v 0.787633 -0.261899 -0.450615
v 0.875091 -0.227755 -0.323711
v 0.884436 -0.227894 -0.289228
v 0.793888 -0.242524 -0.466209
v 0.888761 -0.208178 -0.304860
v 0.706899 -0.329375 -0.428933
v 0.719276 -0.315301 -0.449045
v 0.691638 -0.322923 -0.464157
v 0.872926 -0.272099 -0.159436
v 0.883059 -0.256828 -0.179831
v 0.886234 -0.255847 -0.140531
v 0.720135 -0.381220 0.286185
v 0.707045 -0.376263 0.320052
v 0.786477 -0.353185 0.178256
v 0.806972 -0.336189 0.158482
v 0.692988 -0.394134 0.301210
v 0.791948 -0.352839 0.139480
v 0.809171 -0.248737 0.431138
v 0.788102 -0.261882 0.450768
v 0.873621 -0.226893 0.323118
v 0.882918 -0.227538 0.288566
v 0.794121 -0.242500 0.466277
v 0.887108 -0.208412 0.304086
v 0.706795 -0.329825 0.429036
v 0.719466 -0.314718 0.449199
v 0.691711 -0.322250 0.464202
v 0.872771 -0.273643 0.159864
v 0.883486 -0.258450 0.180274
v 0.887073 -0.255815 0.141678
v 0.066475 -0.092466 0.986340
v 0.099596 -0.082128 0.985448
v -0.066268 -0.090661 0.985670
v -0.099810 -0.079343 0.983512
v 0.099739 -0.105100 0.980721
v -0.099546 -0.103949 0.978524
v 0.066507 0.092574 0.986201
v 0.099672 0.081879 0.985408
v -0.066397 0.091149 0.985816
v -0.099793 0.079659 0.983378
v 0.099784 0.105028 0.980740
v -0.099650 0.104104 0.978506
v 0.163828 -0.007874 0.962860
v 0.165365 0.003604 0.968975
v 0.200548 -0.000271 0.976554
v -0.174007 -0.009803 0.979392
v -0.171916 0.010041 0.978885
v -0.200969 0.000797 0.971371
v 0.396200 -0.269612 0.809691
v 0.418296 -0.279943 0.788626
v 0.355239 -0.202043 0.876357
v 0.356094 -0.179109 0.886931
v 0.387203 -0.291081 0.794712
v 0.325305 -0.190613 0.893858
v 0.631201 -0.182588 0.719553
v 0.629701 -0.203542 0.707421
v 0.589086 -0.112836 0.784806
v 0.566425 -0.098192 0.806069
v 0.654800 -0.191371 0.691894
v 0.591673 -0.086982 0.790336
v 0.527711 -0.268892 0.719697
v 0.560373 -0.258995 0.707270
v 0.551099 -0.275382 0.691692
v 0.424303 -0.104435 0.885133
v 0.457308 -0.090067 0.874030
v 0.428753 -0.077446 0.893505
v -0.396403 -0.270538 0.809845
v -0.418319 -0.280768 0.788719
v -0.354888 -0.201995 0.875723
v -0.355959 -0.178958 0.886967
v -0.387289 -0.291717 0.794784
v -0.325553 -0.190812 0.894255
v -0.631154 -0.182603 0.719523
v -0.629348 -0.203545 0.707019
v -0.589212 -0.111788 0.785524
v -0.566569 -0.097086 0.806608
v -0.654713 -0.191491 0.691836
v -0.592623 -0.084106 0.791656
v -0.527541 -0.268729 0.719586
v -0.560111 -0.259198 0.706974
v -0.551088 -0.275592 0.691747
v -0.424590 -0.106194 0.886308
v -0.457212 -0.093448 0.873910
v -0.428678 -0.080786 0.893865
v 0.396226 0.268827 0.809696
v 0.418406 0.279619 0.788791
v 0.355078 0.201802 0.876169
v 0.356045 0.178608 0.886842
v 0.387087 0.290355 0.794493
v 0.325205 0.190131 0.893817
v 0.631041 0.182128 0.719297
v 0.629415 0.202765 0.707052
v 0.589225 0.112662 0.785432
v 0.566948 0.100176 0.806734
v 0.654829 0.191375 0.692020
v 0.592157 0.086839 0.791716
v 0.527647 0.267975 0.719752
v 0.560097 0.258562 0.707037
v 0.551096 0.274881 0.691764
v 0.424615 0.105187 0.886075
v 0.457143 0.090484 0.873679
v 0.428670 0.079417 0.894030
v -0.396237 0.269566 0.809479
v -0.418099 0.279410 0.787888
v -0.354947 0.201987 0.875920
v -0.356181 0.179237 0.887519
v -0.387575 0.292006 0.795125
v -0.325621 0.190828 0.894488
v -0.631098 0.181474 0.719565
v -0.629316 0.202482 0.707170
v -0.590058 0.113952 0.785928
v -0.567562 0.100407 0.806330
v -0.654426 0.190469 0.691590
v -0.592512 0.088023 0.790508
v -0.527464 0.269257 0.719288
v -0.560122 0.259747 0.706928
v -0.551339 0.275640 0.692052
v -0.424095 0.104116 0.885459
v -0.457081 0.090526 0.874916
v -0.428230 0.077370 0.894473
v 0.066711 -0.090602 -0.986230
v 0.100217 -0.079723 -0.986090
v -0.066969 -0.092319 -0.988057
v -0.100020 -0.081398 -0.985627
v 0.099899 -0.104269 -0.979915
v -0.100133 -0.104592 -0.980538
v 0.066680 0.090338 -0.986282
v 0.100260 0.079779 -0.985794
v -0.066829 0.092659 -0.988296
v -0.100002 0.081647 -0.985646
v 0.099820 0.103955 -0.979697
v -0.099960 0.104792 -0.980562
v 0.169758 -0.009464 -0.981571
v 0.170587 0.008558 -0.982047
v 0.191779 -0.000040 -0.972175
v 0.094792 0.000072 -0.776229
v -0.113393 -0.000251 -0.864476
v -0.155805 0.000010 -0.106150
v 0.396178 -0.269967 -0.809464
v 0.418348 -0.281523 -0.788868
v 0.355438 -0.201695 -0.876577
v 0.356338 -0.178854 -0.887614
v 0.387281 -0.291474 -0.794575
v 0.325539 -0.190258 -0.894442
v 0.631337 -0.182928 -0.720198
v 0.629206 -0.203486 -0.706988
v 0.588944 -0.110855 -0.784788
v 0.566252 -0.098071 -0.805752
v 0.654680 -0.191522 -0.692010
v 0.592605 -0.084512 -0.792005
v 0.527788 -0.269098 -0.720031
v 0.560811 -0.259505 -0.707742
v 0.551133 -0.275890 -0.691671
v 0.424381 -0.106642 -0.885960
v 0.457202 -0.094874 -0.873594
v 0.427459 -0.082037 -0.891940
v -0.396072 -0.269538 -0.809298
v -0.417926 -0.279603 -0.787832
v -0.355575 -0.202435 -0.876702
v -0.356252 -0.179219 -0.887198
v -0.387308 -0.291688 -0.794673
v -0.325828 -0.191295 -0.894867
v -0.631168 -0.181917 -0.719513
v -0.629700 -0.202437 -0.707406
v -0.589845 -0.113388 -0.785745
v -0.567163 -0.099413 -0.805927
v -0.654625 -0.190356 -0.691618
v -0.592905 -0.087611 -0.790759
v -0.527513 -0.268658 -0.719188
v -0.560355 -0.258716 -0.707125
v -0.551446 -0.275110 -0.692226
v -0.424080 -0.103687 -0.885314
v -0.457259 -0.090406 -0.873968
v -0.428008 -0.076442 -0.893616
v 0.397034 0.270768 -0.810193
v 0.418257 0.280219 -0.788292
v 0.355487 0.201365 -0.876671
v 0.356339 0.178496 -0.887450
v 0.387524 0.292282 -0.794807
v 0.325814 0.190215 -0.894876
v 0.631154 0.181758 -0.719771
v 0.629067 0.202147 -0.706801
v 0.589158 0.112440 -0.784348
v 0.566559 0.099045 -0.805104
v 0.654594 0.190720 -0.691813
v 0.592083 0.087128 -0.790243
v 0.527518 0.268661 -0.719439
v 0.560623 0.259263 -0.707488
v 0.551103 0.275462 -0.691578
v 0.423877 0.104763 -0.885281
v 0.456619 0.091982 -0.873918
v 0.427287 0.078888 -0.893329
v -0.396124 0.269833 -0.809336
v -0.417962 0.280296 -0.788301
v -0.355465 0.201916 -0.876514
v -0.356230 0.178573 -0.887239
v -0.387296 0.291669 -0.794641
v -0.325702 0.190444 -0.894626
v -0.631226 0.182711 -0.719774
v -0.629804 0.203752 -0.707553
v -0.589569 0.112694 -0.785948
v -0.567416 0.097618 -0.807059
v -0.654911 0.191724 -0.692181
v -0.592722 0.085880 -0.791702
v -0.527330 0.269163 -0.718890
v -0.560210 0.259020 -0.706885
v -0.551183 0.275289 -0.691737
v -0.424346 0.106309 -0.886026
v -0.456913 0.093308 -0.873351
v -0.427327 0.081645 -0.891845
v 0.940872 0.037954 -0.148844
v 0.943767 0.060389 -0.130444
v 0.940577 -0.038100 -0.148691
v 0.943878 -0.060324 -0.130366
v 0.943039 0.062531 -0.166756
v 0.942652 -0.062448 -0.166722
v 0.948153 0.042721 0.147583
v 0.949063 0.064078 0.134865
v 0.948070 -0.042548 0.147766
v 0.948342 -0.063699 0.134757
v 0.945613 0.064147 0.167132
v 0.945595 -0.064085 0.167161
v 0.941643 0.100277 -0.022130
v 0.940728 0.100403 0.018982
v 0.937455 0.120175 -0.001344
v 0.941628 -0.100312 -0.022093
v 0.940687 -0.100390 0.018992
v 0.937476 -0.120194 -0.001356
v -0.943922 0.039180 -0.144725
v -0.950130 0.062225 -0.131486
v -0.943529 -0.038759 -0.144839
v -0.949818 -0.062091 -0.131449
v -0.947953 0.062942 -0.165260
v -0.947521 -0.062697 -0.165315
v -0.944863 0.042348 0.144169
v -0.949286 0.063288 0.129937
v -0.944565 -0.042198 0.144066
v -0.948861 -0.063005 0.129924
v -0.946965 0.063809 0.166756
v -0.946494 -0.063470 0.166672
v -0.946346 0.100553 -0.020455
v -0.946572 0.100853 0.020277
v -0.942388 0.120209 -0.000106
v -0.946561 -0.100868 -0.020411
v -0.946709 -0.100928 0.020360
v -0.942560 -0.120456 -0.000064
v -0.309219 0.535442 0.165664
v -0.275104 0.539166 0.165613
v -0.295410 0.535247 0.198431
v -0.309066 0.534419 -0.165526
v -0.275180 0.536702 -0.165609
v -0.295390 0.533251 -0.198305
v -0.577442 0.455858 0.268077
v -0.564175 0.453694 0.300974
v -0.597778 0.445329 0.288939
v -0.577212 0.454066 -0.267857
v -0.563701 0.450444 -0.300762
v -0.597045 0.442938 -0.288518
v -0.743636 0.399187 0.000126
v -0.762568 0.384856 -0.020107
v -0.762919 0.385089 0.020353
v 0.309737 0.530946 0.165816
v 0.275250 0.537085 0.165592
v 0.295495 0.533159 0.198359
v 0.309136 0.534860 -0.165618
v 0.275181 0.538074 -0.165623
v 0.295564 0.535222 -0.198440
v 0.577301 0.455151 0.267965
v 0.564006 0.451526 0.300934
v 0.597596 0.443605 0.288828
v 0.577644 0.456515 -0.268205
v 0.564809 0.456366 -0.301478
v 0.596924 0.444539 -0.288538
v 0.743492 0.398313 -0.000010
v 0.762632 0.384546 -0.020244
v 0.762810 0.384957 0.020257
v -0.309718 -0.530962 0.165752
v -0.275243 -0.536448 0.165649
v -0.295631 -0.533136 0.198542
v -0.309109 -0.534666 -0.165574
v -0.275083 -0.538570 -0.165577
v -0.295362 -0.533520 -0.198280
v -0.577201 -0.455164 0.267946
v -0.564055 -0.452600 0.300959
v -0.596956 -0.444914 0.288554
v -0.577132 -0.454543 -0.267798
v -0.563678 -0.452157 -0.300720
v -0.597231 -0.442677 -0.288544
v -0.743288 -0.399435 0.000077
v -0.762971 -0.384952 -0.020148
v -0.763643 -0.386243 0.020383
v 0.309218 -0.531932 0.165616
v 0.275605 -0.534941 0.165839
v 0.295726 -0.530743 0.198516
v 0.309216 -0.535204 -0.165690
v 0.275151 -0.539902 -0.165621
v 0.295442 -0.534530 -0.198357
v 0.577245 -0.455574 0.267949
v 0.564097 -0.454289 0.300999
v 0.596625 -0.443358 0.288315
v 0.577500 -0.455002 -0.268113
v 0.564282 -0.452815 -0.301089
v 0.596932 -0.443273 -0.288496
v 0.742839 -0.399467 -0.000007
v 0.762662 -0.385839 -0.020337
v 0.762373 -0.385547 0.020256
v -0.000051 -0.446185 0.666928
v -0.020290 -0.454651 0.644101
v 0.020275 -0.454107 0.644332
v -0.268354 -0.353094 0.769343
v -0.288584 -0.364056 0.746854
v -0.301263 -0.346925 0.767427
v 0.268316 -0.354286 0.769327
v 0.288509 -0.364579 0.746903
v 0.301176 -0.347497 0.767553
v 0.165746 -0.193999 0.934516
v 0.165835 -0.173429 0.945754
v 0.198604 -0.185548 0.932714
v -0.165745 -0.193954 0.934646
v -0.165770 -0.173029 0.945265
v -0.198571 -0.185257 0.932866
v -0.000025 0.446198 0.667210
v -0.020278 0.454721 0.644272
v 0.020267 0.454503 0.644269
v -0.268364 0.353386 0.769344
v -0.288711 0.364349 0.747175
v -0.301105 0.346669 0.767098
v 0.268405 0.354850 0.769656
v 0.288606 0.365493 0.747189
v 0.301077 0.347571 0.767286
v 0.165753 0.194301 0.934584
v 0.165879 0.173592 0.946023
v 0.198615 0.185908 0.932820
v -0.165740 0.193937 0.934503
v -0.165782 0.173421 0.945201
v -0.198592 0.185772 0.932874
v -0.000023 -0.444317 -0.666860
v -0.020288 -0.453249 -0.644490
v 0.020273 -0.452449 -0.644405
v -0.268303 -0.353005 -0.769504
v -0.288915 -0.360943 -0.748070
v -0.301117 -0.345151 -0.767358
v 0.268388 -0.354819 -0.769492
v 0.288541 -0.364806 -0.746818
v 0.301341 -0.347975 -0.767724
v 0.165873 -0.194626 -0.935444
v 0.165846 -0.173772 -0.945939
v 0.198613 -0.185963 -0.933136
v -0.166048 -0.193824 -0.936008
v -0.166071 -0.173205 -0.946788
v -0.198861 -0.185699 -0.933688
v 0.000023 0.446105 -0.667339
v -0.020239 0.454216 -0.644500
v 0.020317 0.453073 -0.644522
v -0.268335 0.354085 -0.769367
v -0.288531 0.364057 -0.746833
v -0.301152 0.346957 -0.767345
v 0.268352 0.354097 -0.769418
v 0.288525 0.364639 -0.746706
v 0.301048 0.346891 -0.767022
v 0.165873 0.193720 -0.935529
v 0.165872 0.173033 -0.946070
v 0.198665 0.185305 -0.933418
v -0.166094 0.193366 -0.936202
v -0.166023 0.173073 -0.946679
v -0.198816 0.185755 -0.933575
v 0.769771 0.168641 -0.578039
v 0.768491 0.188227 -0.564784
v 0.747901 0.180794 -0.597455
v 0.915861 0.105586 -0.309640
v 0.914513 0.126674 -0.295575
v 0.922397 0.105737 -0.275190
v 0.769750 -0.168904 -0.578011
v 0.768362 -0.188741 -0.564710
v 0.747946 -0.180826 -0.597471
v 0.916046 -0.105666 -0.309747
v 0.914581 -0.126717 -0.295604
v 0.922575 -0.105751 -0.275238
v 0.644316 -0.000013 -0.804651
v 0.674961 -0.002027 -0.799498
v 0.649721 0.012300 -0.776903
v 0.770403 0.169999 0.578637
v 0.767533 0.189342 0.564267
v 0.747662 0.181587 0.597432
v 0.913145 0.104794 0.308478
v 0.911999 0.125999 0.294279
v 0.920360 0.104992 0.273871
v 0.770478 -0.168570 0.578668
v 0.767767 -0.188244 0.564368
v 0.747614 -0.180816 0.597350
v 0.913219 -0.105134 0.308468
v 0.912050 -0.126278 0.294269
v 0.920378 -0.105294 0.273871
v 0.670491 -0.000020 0.889898
v 0.649163 -0.004898 0.809970
v 0.684826 -0.003374 0.956466
v -0.769797 0.169699 -0.578297
v -0.767496 0.189695 -0.564296
v -0.747365 0.182001 -0.597260
v -0.916477 0.105291 -0.309639
v -0.915359 0.126379 -0.295396
v -0.924171 0.105317 -0.275327
v -0.769856 -0.168830 -0.578371
v -0.767518 -0.188942 -0.564355
v -0.747417 -0.181126 -0.597357
v -0.916411 -0.105376 -0.309554
v -0.915327 -0.126408 -0.295329
v -0.924106 -0.105509 -0.275226
v -0.869006 -0.000062 -0.993333
v -0.587141 0.000772 -0.944412
v -0.674474 -0.000701 -0.737806
v -0.770259 0.168866 0.578561
v -0.767400 0.188644 0.564180
v -0.747127 0.181214 0.596978
v -0.918320 0.104816 0.310428
v -0.916702 0.126375 0.295961
v -0.924424 0.105063 0.275895
v -0.770226 -0.169081 0.578513
v -0.767450 -0.188561 0.564195
v -0.747338 -0.181010 0.597113
v -0.918578 -0.105277 0.310547
v -0.916761 -0.126471 0.296003
v -0.924547 -0.105260 0.275914
v -0.831232 -0.000172 0.999200
v -0.651946 -0.000299 0.792140
v -0.652006 0.000989 0.787181
v -0.000033 0.470499 0.334987
v -0.020436 0.471454 0.367533
v 0.020637 0.470256 0.368410
v 0.000097 0.472189 -0.333954
v -0.020616 0.468330 -0.367615
v 0.020651 0.467071 -0.367910
v -0.561266 0.330566 0.573972
v -0.594738 0.323507 0.561358
v -0.574091 0.317580 0.594652
v -0.561476 0.331461 -0.574056
v -0.594735 0.323538 -0.561245
v -0.573952 0.317485 -0.594530
v -0.911546 0.215111 -0.020664
v -0.911816 0.215318 0.020571
v -0.919600 0.195893 -0.000068
v 0.561346 0.330586 0.573889
v 0.594437 0.323175 0.560967
v 0.573956 0.317199 0.594535
v 0.561295 0.331689 -0.573848
v 0.594528 0.323179 -0.561161
v 0.574120 0.317252 -0.594626
v 0.907208 0.214954 -0.021459
v 0.906306 0.214830 0.019825
v 0.914376 0.195810 -0.001026
v 0.000022 -0.476834 0.333913
v -0.020449 -0.473007 0.367344
v 0.020526 -0.473628 0.367566
v -0.000055 -0.470126 -0.334204
v -0.020528 -0.469411 -0.367416
v 0.020519 -0.467049 -0.368039
v -0.561464 -0.331749 0.574214
v -0.594753 -0.324051 0.561448
v -0.574066 -0.317961 0.594646
v -0.561488 -0.331334 -0.573934
v -0.594764 -0.323742 -0.561216
v -0.573903 -0.317788 -0.594408
v -0.911446 -0.215728 -0.020651
v -0.911957 -0.215792 0.020608
v -0.919607 -0.196701 -0.000060
v 0.561669 -0.331055 0.574248
v 0.594331 -0.323401 0.560967
v 0.573972 -0.316718 0.594585
v 0.561391 -0.332028 -0.573964
v 0.594466 -0.324231 -0.561143
v 0.574049 -0.318348 -0.594588
v 0.907334 -0.216024 -0.021403
v 0.906506 -0.215265 0.019855
v 0.914675 -0.196226 -0.001066
v 0.334211 0.000310 0.950323
v 0.366951 -0.009825 0.934710
v 0.365045 0.011507 0.933202
v -0.334886 -0.000490 0.960097
v -0.367666 -0.007530 0.954525
v -0.368299 0.000534 0.970259
v 0.335049 0.002035 -0.915020
v 0.365703 -0.007870 -0.927735
v 0.366607 0.009972 -0.926284
v -0.328127 -0.000539 -0.886226
v -0.363843 -0.000939 -0.938515
v -0.364328 0.010554 -0.918738
f 1 2567 2564
f 1 2564 2563
f 1 2563 2565
f 1 2565 2566
f 1 2566 2567
f 2 2569 2572
f 6 2592 2590
f 12 2622 2619
f 11 2616 2615
f 8 2599 2601
f 4 2582 2579
f 4 2579 2578
f 4 2578 2580
f 4 2580 2581
f 4 2581 2582
f 5 2586 2585
f 3 2574 2577
f 7 2593 2597
f 9 2605 2606
f 10 2612 2608
f 12 2621 2618
f 6 2589 2588
f 2 2570 2568
f 8 2602 2598
f 11 2617 2613
f 6 2591 2589
f 12 2620 2621
f 11 2614 2617
f 8 2600 2602
f 2 2571 2570
f 10 2610 2609
f 5 2583 2584
f 3 2575 2573
f 7 2596 2594
f 9 2607 2604
f 10 2611 2610
f 5 2587 2583
f 3 2576 2575
f 7 2595 2596
f 9 2603 2607
f 6 2588 2592
f 2 2568 2569
f 8 2598 2599
f 11 2613 2616
f 12 2618 2622
f 10 2608 2611
f 5 2585 2587
f 3 2577 2576
f 7 2597 2595
f 9 2606 2603
f 5 2584 2586
f 3 2573 2574
f 7 2594 2593
f 9 2604 2605
f 10 2609 2612
f 6 2590 2591
f 12 2619 2620
f 11 2615 2614
f 8 2601 2600
f 2 2572 2571
f 35 2757 2758
f 18 2655 2656
f 19 2662 2661
f 40 2788 2787
f 42 2800 2799
f 34 2752 2751
f 33 2747 2748
f 25 2698 2700
f 36 2764 2766
f 20 2669 2667
f 32 2739 2740
f 23 2685 2687
f 24 2693 2691
f 37 2770 2769
f 41 2796 2795
f 34 2753 2754
f 33 2746 2745
f 25 2699 2697
f 36 2765 2763
f 20 2668 2670
f 17 2649 2647
f 14 2631 2629
f 13 2626 2623
f 15 2638 2635
f 16 2644 2641
f 18 2657 2653
f 35 2759 2755
f 42 2802 2798
f 40 2790 2786
f 19 2664 2660
f 30 2727 2725
f 27 2709 2707
f 22 2682 2678
f 28 2717 2713
f 29 2722 2719
f 32 2741 2737
f 23 2686 2683
f 24 2694 2690
f 37 2772 2768
f 41 2794 2792
f 35 2758 2756
f 18 2656 2654
f 19 2661 2659
f 40 2787 2785
f 42 2799 2797
f 34 2751 2749
f 33 2748 2744
f 25 2700 2696
f 36 2766 2762
f 20 2667 2665
f 32 2740 2738
f 23 2687 2684
f 24 2691 2689
f 37 2769 2767
f 41 2795 2791
f 34 2754 2750
f 33 2745 2743
f 25 2697 2695
f 36 2763 2761
f 20 2670 2666
f 14 2634 2630
f 13 2627 2624
f 15 2639 2636
f 16 2645 2642
f 17 2652 2648
f 21 2675 2672
f 31 2734 2731
f 26 2704 2701
f 38 2777 2773
f 39 2782 2780
f 27 2712 2708
f 22 2679 2677
f 28 2716 2714
f 29 2723 2720
f 30 2730 2726
f 31 2735 2732
f 26 2705 2702
f 38 2776 2774
f 39 2783 2779
f 21 2674 2671
f 14 2632 2634
f 13 2625 2627
f 15 2637 2639
f 16 2643 2645
f 17 2650 2652
f 21 2673 2675
f 31 2736 2734
f 26 2706 2704
f 38 2778 2777
f 39 2781 2782
f 27 2711 2712
f 22 2681 2679
f 28 2715 2716
f 29 2721 2723
f 30 2728 2730
f 31 2733 2735
f 26 2703 2705
f 38 2775 2776
f 39 2784 2783
f 21 2676 2674
f 14 2629 2632
f 13 2623 2625
f 15 2635 2637
f 16 2641 2643
f 17 2647 2650
f 21 2671 2673
f 31 2732 2736
f 26 2702 2706
f 38 2774 2778
f 39 2779 2781
f 27 2707 2711
f 22 2678 2681
f 28 2713 2715
f 29 2719 2721
f 30 2725 2728
f 31 2731 2733
f 26 2701 2703
f 38 2773 2775
f 39 2780 2784
f 21 2672 2676
f 17 2648 2651
f 14 2630 2633
f 13 2624 2628
f 15 2636 2640
f 16 2642 2646
f 18 2654 2658
f 35 2756 2760
f 42 2797 2801
f 40 2785 2789
f 19 2659 2663
f 30 2726 2729
f 27 2708 2710
f 22 2677 2680
f 28 2714 2718
f 29 2720 2724
f 32 2738 2742
f 23 2684 2688
f 24 2689 2692
f 37 2767 2771
f 41 2791 2793
f 35 2755 2757
f 18 2653 2655
f 19 2660 2662
f 40 2786 2788
f 42 2798 2800
f 34 2750 2752
f 33 2743 2747
f 25 2695 2698
f 36 2761 2764
f 20 2666 2669
f 32 2737 2739
f 23 2683 2685
f 24 2690 2693
f 37 2768 2770
f 41 2792 2796
f 34 2749 2753
f 33 2744 2746
f 25 2696 2699
f 36 2762 2765
f 20 2665 2668
f 17 2651 2649
f 14 2633 2631
f 13 2628 2626
f 15 2640 2638
f 16 2646 2644
f 18 2658 2657
f 35 2760 2759
f 42 2801 2802
f 40 2789 2790
f 19 2663 2664
f 30 2729 2727
f 27 2710 2709
f 22 2680 2682
f 28 2718 2717
f 29 2724 2722
f 32 2742 2741
f 23 2688 2686
f 24 2692 2694
f 37 2771 2772
f 41 2793 2794
f 107 3189 3190
f 103 3165 3166
f 104 3172 3171
f 110 3208 3207
f 113 3226 3225
f 118 3256 3255
f 154 3471 3472
f 141 3393 3394
f 162 3519 3520
f 121 3274 3273
f 142 3399 3400
f 129 3321 3322
f 130 3328 3327
f 144 3412 3411
f 146 3424 3423
f 151 3453 3454
f 131 3334 3333
f 136 3364 3363
f 161 3514 3513
f 126 3303 3304
f 116 3243 3244
f 108 3195 3196
f 106 3183 3184
f 112 3219 3220
f 115 3237 3238
f 119 3261 3262
f 156 3484 3483
f 139 3382 3381
f 160 3508 3507
f 120 3267 3268
f 149 3441 3442
f 132 3340 3339
f 128 3315 3316
f 145 3417 3418
f 148 3435 3436
f 155 3477 3478
f 133 3345 3346
f 134 3351 3352
f 157 3490 3489
f 124 3292 3291
f 109 3202 3201
f 105 3178 3177
f 111 3214 3213
f 114 3232 3231
f 117 3250 3249
f 125 3298 3297
f 152 3460 3459
f 137 3369 3370
f 158 3495 3496
f 123 3285 3286
f 143 3406 3405
f 127 3310 3309
f 135 3357 3358
f 147 3430 3429
f 150 3448 3447
f 153 3466 3465
f 140 3388 3387
f 138 3375 3376
f 159 3501 3502
f 122 3279 3280
f 107 3192 3191
f 103 3168 3167
f 104 3173 3174
f 110 3209 3210
f 113 3227 3228
f 118 3257 3258
f 154 3474 3473
f 141 3396 3395
f 162 3522 3521
f 121 3275 3276
f 142 3402 3401
f 129 3324 3323
f 130 3329 3330
f 144 3413 3414
f 146 3425 3426
f 151 3456 3455
f 131 3335 3336
f 136 3365 3366
f 161 3515 3516
f 126 3306 3305
f 47 2829 2827
f 44 2811 2809
f 43 2806 2803
f 45 2818 2815
f 46 2824 2821
f 49 2842 2839
f 72 2980 2977
f 102 3160 3157
f 96 3124 3121
f 79 3022 3019
f 62 2919 2917
f 59 2901 2899
f 58 2896 2893
f 60 2908 2905
f 61 2914 2911
f 66 2944 2941
f 54 2872 2869
f 73 2986 2983
f 85 3058 3055
f 92 3099 3097
f 101 3153 3151
f 69 2961 2959
f 50 2847 2845
f 82 3039 3037
f 97 3129 3127
f 71 2973 2971
f 100 3148 3145
f 94 3112 3109
f 80 3028 3025
f 51 2853 2851
f 90 3087 3085
f 63 2925 2923
f 55 2877 2875
f 76 3003 3001
f 87 3070 3067
f 91 3094 3091
f 67 2949 2947
f 56 2883 2881
f 75 2997 2995
f 83 3046 3043
f 68 2956 2953
f 48 2835 2833
f 78 3015 3013
f 93 3105 3103
f 98 3136 3133
f 88 3075 3073
f 65 2938 2935
f 57 2890 2887
f 77 3010 3007
f 86 3063 3061
f 64 2932 2929
f 53 2865 2863
f 74 2991 2989
f 84 3051 3049
f 89 3082 3079
f 70 2967 2965
f 99 3141 3139
f 95 3117 3115
f 81 3034 3031
f 52 2860 2857
f 109 3204 3200
f 105 3180 3176
f 111 3216 3212
f 114 3234 3230
f 117 3252 3248
f 125 3300 3296
f 152 3462 3458
f 137 3371 3367
f 158 3497 3493
f 123 3287 3283
f 143 3408 3404
f 127 3312 3308
f 135 3359 3355
f 147 3432 3428
f 150 3450 3446
f 153 3468 3464
f 140 3390 3386
f 138 3377 3373
f 159 3503 3499
f 122 3281 3277
f 107 3190 3188
f 103 3166 3164
f 104 3171 3169
f 110 3207 3205
f 113 3225 3223
f 118 3255 3253
f 154 3472 3470
f 141 3394 3392
f 162 3520 3518
f 121 3273 3271
f 142 3400 3398
f 129 3322 3320
f 130 3327 3325
f 144 3411 3409
f 146 3423 3421
f 151 3454 3452
f 131 3333 3331
f 136 3363 3361
f 161 3513 3511
f 126 3304 3302
f 116 3244 3242
f 108 3196 3194
f 106 3184 3182
f 112 3220 3218
f 115 3238 3236
f 119 3262 3260
f 156 3483 3481
f 139 3381 3379
f 160 3507 3505
f 120 3268 3266
f 149 3442 3440
f 132 3339 3337
f 128 3316 3314
f 145 3418 3416
f 148 3436 3434
f 155 3478 3476
f 133 3346 3344
f 134 3352 3350
f 157 3489 3487
f 124 3291 3289
f 109 3201 3199
f 105 3177 3175
f 111 3213 3211
f 114 3231 3229
f 117 3249 3247
f 125 3297 3295
f 152 3459 3457
f 137 3370 3368
f 158 3496 3494
f 123 3286 3284
f 143 3405 3403
f 127 3309 3307
f 135 3358 3356
f 147 3429 3427
f 150 3447 3445
f 153 3465 3463
f 140 3387 3385
f 138 3376 3374
f 159 3502 3500
f 122 3280 3278
f 107 3191 3187
f 103 3167 3163
f 104 3174 3170
f 110 3210 3206
f 113 3228 3224
f 118 3258 3254
f 154 3473 3469
f 141 3395 3391
f 162 3521 3517
f 121 3276 3272
f 142 3401 3397
f 129 3323 3319
f 130 3330 3326
f 144 3414 3410
f 146 3426 3422
f 151 3455 3451
f 131 3336 3332
f 136 3366 3362
f 161 3516 3512
f 126 3305 3301
f 44 2814 2810
f 43 2807 2804
f 45 2819 2816
f 46 2825 2822
f 47 2832 2828
f 52 2861 2858
f 70 2970 2966
f 99 3144 3140
f 95 3120 3116
f 81 3035 3032
f 59 2904 2900
f 58 2897 2894
f 60 2909 2906
f 61 2915 2912
f 62 2922 2918
f 65 2939 2936
f 57 2891 2888
f 77 3011 3008
f 86 3066 3062
f 88 3078 3074
f 98 3137 3134
f 68 2957 2954
f 48 2838 2834
f 78 3018 3014
f 93 3108 3104
f 69 2964 2960
f 101 3156 3152
f 97 3132 3128
f 82 3042 3038
f 50 2850 2846
f 89 3083 3080
f 64 2933 2930
f 53 2868 2864
f 74 2994 2990
f 84 3054 3050
f 90 3090 3086
f 63 2928 2924
f 55 2880 2876
f 76 3006 3002
f 87 3071 3068
f 72 2981 2978
f 49 2843 2840
f 79 3023 3020
f 96 3125 3122
f 102 3161 3158
f 91 3095 3092
f 67 2952 2948
f 56 2886 2882
f 75 3000 2996
f 83 3047 3044
f 66 2945 2942
f 54 2873 2870
f 73 2987 2984
f 85 3059 3056
f 92 3102 3098
f 71 2976 2972
f 100 3149 3146
f 94 3113 3110
f 80 3029 3026
f 51 2856 2852
f 116 3245 3241
f 108 3197 3193
f 106 3185 3181
f 112 3221 3217
f 115 3239 3235
f 119 3263 3259
f 156 3486 3482
f 139 3384 3380
f 160 3510 3506
f 120 3269 3265
f 149 3443 3439
f 132 3342 3338
f 128 3317 3313
f 145 3419 3415
f 148 3437 3433
f 155 3479 3475
f 133 3347 3343
f 134 3353 3349
f 157 3492 3488
f 124 3294 3290
f 44 2812 2814
f 43 2805 2807
f 45 2817 2819
f 46 2823 2825
f 47 2830 2832
f 52 2859 2861
f 70 2968 2970
f 99 3142 3144
f 95 3118 3120
f 81 3033 3035
f 59 2902 2904
f 58 2895 2897
f 60 2907 2909
f 61 2913 2915
f 62 2920 2922
f 65 2937 2939
f 57 2889 2891
f 77 3009 3011
f 86 3064 3066
f 88 3076 3078
f 98 3135 3137
f 68 2955 2957
f 48 2836 2838
f 78 3016 3018
f 93 3106 3108
f 69 2962 2964
f 101 3154 3156
f 97 3130 3132
f 82 3040 3042
f 50 2848 2850
f 89 3081 3083
f 64 2931 2933
f 53 2866 2868
f 74 2992 2994
f 84 3052 3054
f 90 3088 3090
f 63 2926 2928
f 55 2878 2880
f 76 3004 3006
f 87 3069 3071
f 72 2979 2981
f 49 2841 2843
f 79 3021 3023
f 96 3123 3125
f 102 3159 3161
f 91 3093 3095
f 67 2950 2952
f 56 2884 2886
f 75 2998 3000
f 83 3045 3047
f 66 2943 2945
f 54 2871 2873
f 73 2985 2987
f 85 3057 3059
f 92 3100 3102
f 71 2974 2976
f 100 3147 3149
f 94 3111 3113
f 80 3027 3029
f 51 2854 2856
f 116 3246 3245
f 108 3198 3197
f 106 3186 3185
f 112 3222 3221
f 115 3240 3239
f 119 3264 3263
f 156 3485 3486
f 139 3383 3384
f 160 3509 3510
f 120 3270 3269
f 149 3444 3443
f 132 3341 3342
f 128 3318 3317
f 145 3420 3419
f 148 3438 3437
f 155 3480 3479
f 133 3348 3347
f 134 3354 3353
f 157 3491 3492
f 124 3293 3294
f 44 2809 2812
f 43 2803 2805
f 45 2815 2817
f 46 2821 2823
f 47 2827 2830
f 52 2857 2859
f 70 2965 2968
f 99 3139 3142
f 95 3115 3118
f 81 3031 3033
f 59 2899 2902
f 58 2893 2895
f 60 2905 2907
f 61 2911 2913
f 62 2917 2920
f 65 2935 2937
f 57 2887 2889
f 77 3007 3009
f 86 3061 3064
f 88 3073 3076
f 98 3133 3135
f 68 2953 2955
f 48 2833 2836
f 78 3013 3016
f 93 3103 3106
f 69 2959 2962
f 101 3151 3154
f 97 3127 3130
f 82 3037 3040
f 50 2845 2848
f 89 3079 3081
f 64 2929 2931
f 53 2863 2866
f 74 2989 2992
f 84 3049 3052
f 90 3085 3088
f 63 2923 2926
f 55 2875 2878
f 76 3001 3004
f 87 3067 3069
f 72 2977 2979
f 49 2839 2841
f 79 3019 3021
f 96 3121 3123
f 102 3157 3159
f 91 3091 3093
f 67 2947 2950
f 56 2881 2884
f 75 2995 2998
f 83 3043 3045
f 66 2941 2943
f 54 2869 2871
f 73 2983 2985
f 85 3055 3057
f 92 3097 3100
f 71 2971 2974
f 100 3145 3147
f 94 3109 3111
f 80 3025 3027
f 51 2851 2854
f 116 3242 3246
f 108 3194 3198
f 106 3182 3186
f 112 3218 3222
f 115 3236 3240
f 119 3260 3264
f 156 3481 3485
f 139 3379 3383
f 160 3505 3509
f 120 3266 3270
f 149 3440 3444
f 132 3337 3341
f 128 3314 3318
f 145 3416 3420
f 148 3434 3438
f 155 3476 3480
f 133 3344 3348
f 134 3350 3354
f 157 3487 3491
f 124 3289 3293
f 47 2828 2831
f 44 2810 2813
f 43 2804 2808
f 45 2816 2820
f 46 2822 2826
f 49 2840 2844
f 72 2978 2982
f 102 3158 3162
f 96 3122 3126
f 79 3020 3024
f 62 2918 2921
f 59 2900 2903
f 58 2894 2898
f 60 2906 2910
f 61 2912 2916
f 66 2942 2946
f 54 2870 2874
f 73 2984 2988
f 85 3056 3060
f 92 3098 3101
f 101 3152 3155
f 69 2960 2963
f 50 2846 2849
f 82 3038 3041
f 97 3128 3131
f 71 2972 2975
f 100 3146 3150
f 94 3110 3114
f 80 3026 3030
f 51 2852 2855
f 90 3086 3089
f 63 2924 2927
f 55 2876 2879
f 76 3002 3005
f 87 3068 3072
f 91 3092 3096
f 67 2948 2951
f 56 2882 2885
f 75 2996 2999
f 83 3044 3048
f 68 2954 2958
f 48 2834 2837
f 78 3014 3017
f 93 3104 3107
f 98 3134 3138
f 88 3074 3077
f 65 2936 2940
f 57 2888 2892
f 77 3008 3012
f 86 3062 3065
f 64 2930 2934
f 53 2864 2867
f 74 2990 2993
f 84 3050 3053
f 89 3080 3084
f 70 2966 2969
f 99 3140 3143
f 95 3116 3119
f 81 3032 3036
f 52 2858 2862
f 109 3199 3203
f 105 3175 3179
f 111 3211 3215
f 114 3229 3233
f 117 3247 3251
f 125 3295 3299
f 152 3457 3461
f 137 3368 3372
f 158 3494 3498
f 123 3284 3288
f 143 3403 3407
f 127 3307 3311
f 135 3356 3360
f 147 3427 3431
f 150 3445 3449
f 153 3463 3467
f 140 3385 3389
f 138 3374 3378
f 159 3500 3504
f 122 3278 3282
f 107 3187 3189
f 103 3163 3165
f 104 3170 3172
f 110 3206 3208
f 113 3224 3226
f 118 3254 3256
f 154 3469 3471
f 141 3391 3393
f 162 3517 3519
f 121 3272 3274
f 142 3397 3399
f 129 3319 3321
f 130 3326 3328
f 144 3410 3412
f 146 3422 3424
f 151 3451 3453
f 131 3332 3334
f 136 3362 3364
f 161 3512 3514
f 126 3301 3303
f 116 3241 3243
f 108 3193 3195
f 106 3181 3183
f 112 3217 3219
f 115 3235 3237
f 119 3259 3261
f 156 3482 3484
f 139 3380 3382
f 160 3506 3508
f 120 3265 3267
f 149 3439 3441
f 132 3338 3340
f 128 3313 3315
f 145 3415 3417
f 148 3433 3435
f 155 3475 3477
f 133 3343 3345
f 134 3349 3351
f 157 3488 3490
f 124 3290 3292
f 109 3200 3202
f 105 3176 3178
f 111 3212 3214
f 114 3230 3232
f 117 3248 3250
f 125 3296 3298
f 152 3458 3460
f 137 3367 3369
f 158 3493 3495
f 123 3283 3285
f 143 3404 3406
f 127 3308 3310
f 135 3355 3357
f 147 3428 3430
f 150 3446 3448
f 153 3464 3466
f 140 3386 3388
f 138 3373 3375
f 159 3499 3501
f 122 3277 3279
f 107 3188 3192
f 103 3164 3168
f 104 3169 3173
f 110 3205 3209
f 113 3223 3227
f 118 3253 3257
f 154 3470 3474
f 141 3392 3396
f 162 3518 3522
f 121 3271 3275
f 142 3398 3402
f 129 3320 3324
f 130 3325 3329
f 144 3409 3413
f 146 3421 3425
f 151 3452 3456
f 131 3331 3335
f 136 3361 3365
f 161 3511 3515
f 126 3302 3306
f 47 2831 2829
f 44 2813 2811
f 43 2808 2806
f 45 2820 2818
f 46 2826 2824
f 49 2844 2842
f 72 2982 2980
f 102 3162 3160
f 96 3126 3124
f 79 3024 3022
f 62 2921 2919
f 59 2903 2901
f 58 2898 2896
f 60 2910 2908
f 61 2916 2914
f 66 2946 2944
f 54 2874 2872
f 73 2988 2986
f 85 3060 3058
f 92 3101 3099
f 101 3155 3153
f 69 2963 2961
f 50 2849 2847
f 82 3041 3039
f 97 3131 3129
f 71 2975 2973
f 100 3150 3148
f 94 3114 3112
f 80 3030 3028
f 51 2855 2853
f 90 3089 3087
f 63 2927 2925
f 55 2879 2877
f 76 3005 3003
f 87 3072 3070
f 91 3096 3094
f 67 2951 2949
f 56 2885 2883
f 75 2999 2997
f 83 3048 3046
f 68 2958 2956
f 48 2837 2835
f 78 3017 3015
f 93 3107 3105
f 98 3138 3136
f 88 3077 3075
f 65 2940 2938
f 57 2892 2890
f 77 3012 3010
f 86 3065 3063
f 64 2934 2932
f 53 2867 2865
f 74 2993 2991
f 84 3053 3051
f 89 3084 3082
f 70 2969 2967
f 99 3143 3141
f 95 3119 3117
f 81 3036 3034
f 52 2862 2860
f 109 3203 3204
f 105 3179 3180
f 111 3215 3216
f 114 3233 3234
f 117 3251 3252
f 125 3299 3300
f 152 3461 3462
f 137 3372 3371
f 158 3498 3497
f 123 3288 3287
f 143 3407 3408
f 127 3311 3312
f 135 3360 3359
f 147 3431 3432
f 150 3449 3450
f 153 3467 3468
f 140 3389 3390
f 138 3378 3377
f 159 3504 3503
f 122 3282 3281
f 407 4989 4990
f 403 4965 4966
f 404 4972 4971
f 410 5008 5007
f 413 5026 5025
f 422 5080 5079
f 486 5463 5464
f 573 5985 5986
f 561 5913 5914
f 512 5620 5619
f 452 5259 5260
f 448 5235 5236
f 449 5242 5241
f 455 5278 5277
f 458 5296 5295
f 470 5367 5368
f 437 5170 5169
f 494 5512 5511
f 531 5734 5733
f 539 5781 5782
f 568 5955 5956
f 478 5415 5416
f 419 5061 5062
f 509 5601 5602
f 554 5871 5872
f 482 5439 5440
f 576 6004 6003
f 558 5896 5895
f 516 5644 5643
f 425 5097 5098
f 542 5799 5800
f 463 5326 5325
f 434 5151 5152
f 497 5529 5530
f 528 5715 5716
f 546 5823 5824
f 464 5331 5332
f 440 5187 5188
f 500 5548 5547
f 524 5692 5691
f 479 5422 5421
f 418 5056 5055
f 508 5596 5595
f 553 5866 5865
f 569 5962 5961
f 538 5776 5775
f 471 5374 5373
f 443 5205 5206
f 501 5553 5554
f 523 5685 5686
f 467 5350 5349
f 433 5146 5145
f 493 5505 5506
f 527 5710 5709
f 543 5806 5805
f 485 5458 5457
f 572 5980 5979
f 557 5889 5890
f 515 5637 5638
f 428 5115 5116
f 591 6094 6093
f 587 6070 6069
f 588 6075 6076
f 594 6111 6112
f 597 6129 6130
f 600 6147 6148
f 634 6352 6351
f 619 6262 6261
f 639 6382 6381
f 602 6159 6160
f 624 6292 6291
f 608 6196 6195
f 610 6207 6208
f 627 6309 6310
f 630 6327 6328
f 635 6358 6357
f 615 6237 6238
f 617 6249 6250
f 637 6369 6370
f 604 6172 6171
f 416 5043 5044
f 408 4995 4996
f 406 4983 4984
f 412 5019 5020
f 415 5037 5038
f 424 5091 5092
f 492 5499 5500
f 582 6039 6040
f 565 5937 5938
f 514 5631 5632
f 461 5313 5314
f 453 5265 5266
f 451 5253 5254
f 457 5289 5290
f 460 5307 5308
f 475 5397 5398
f 439 5181 5182
f 496 5523 5524
f 533 5745 5746
f 551 5853 5854
f 579 6021 6022
f 483 5445 5446
f 426 5103 5104
f 521 5673 5674
f 566 5943 5944
f 489 5481 5482
f 578 6015 6016
f 560 5907 5908
f 518 5655 5656
f 429 5121 5122
f 547 5829 5830
f 465 5337 5338
f 441 5193 5194
f 504 5571 5572
f 537 5769 5770
f 550 5847 5848
f 476 5403 5404
f 444 5211 5212
f 502 5559 5560
f 526 5703 5704
f 481 5433 5434
f 420 5067 5068
f 510 5607 5608
f 555 5877 5878
f 571 5973 5974
f 540 5787 5788
f 473 5385 5386
f 447 5229 5230
f 507 5589 5590
f 534 5751 5752
f 469 5361 5362
f 435 5157 5158
f 498 5535 5536
f 529 5721 5722
f 545 5817 5818
f 487 5469 5470
f 574 5991 5992
f 562 5919 5920
f 520 5667 5668
f 432 5139 5140
f 589 6082 6081
f 583 6046 6045
f 586 6064 6063
f 593 6106 6105
f 596 6124 6123
f 599 6142 6141
f 633 6345 6346
f 620 6267 6268
f 640 6387 6388
f 603 6166 6165
f 622 6280 6279
f 607 6189 6190
f 612 6220 6219
f 626 6304 6303
f 629 6322 6321
f 631 6334 6333
f 614 6232 6231
f 618 6256 6255
f 641 6393 6394
f 605 6177 6178
f 409 5002 5001
f 405 4978 4977
f 411 5014 5013
f 414 5032 5031
f 417 5050 5049
f 431 5134 5133
f 488 5476 5475
f 575 5998 5997
f 563 5926 5925
f 519 5662 5661
f 454 5272 5271
f 450 5248 5247
f 456 5284 5283
f 459 5302 5301
f 462 5320 5319
f 472 5380 5379
f 446 5224 5223
f 506 5584 5583
f 535 5758 5757
f 541 5794 5793
f 570 5968 5967
f 480 5428 5427
f 421 5074 5073
f 511 5614 5613
f 556 5884 5883
f 484 5452 5451
f 580 6028 6027
f 567 5950 5949
f 522 5680 5679
f 427 5110 5109
f 544 5812 5811
f 468 5356 5355
f 436 5164 5163
f 499 5542 5541
f 530 5728 5727
f 548 5836 5835
f 466 5344 5343
f 442 5200 5199
f 505 5578 5577
f 536 5764 5763
f 491 5494 5493
f 423 5086 5085
f 513 5626 5625
f 564 5932 5931
f 581 6034 6033
f 549 5842 5841
f 477 5410 5409
f 445 5218 5217
f 503 5566 5565
f 525 5698 5697
f 474 5392 5391
f 438 5176 5175
f 495 5518 5517
f 532 5740 5739
f 552 5860 5859
f 490 5488 5487
f 577 6010 6009
f 559 5902 5901
f 517 5650 5649
f 430 5128 5127
f 590 6087 6088
f 584 6051 6052
f 585 6057 6058
f 592 6099 6100
f 595 6117 6118
f 598 6135 6136
f 636 6363 6364
f 621 6274 6273
f 642 6400 6399
f 601 6154 6153
f 623 6285 6286
f 611 6213 6214
f 609 6202 6201
f 625 6297 6298
f 628 6315 6316
f 632 6339 6340
f 613 6225 6226
f 616 6244 6243
f 638 6376 6375
f 606 6184 6183
f 407 4992 4991
f 403 4968 4967
f 404 4973 4974
f 410 5009 5010
f 413 5027 5028
f 422 5081 5082
f 486 5466 5465
f 573 5988 5987
f 561 5916 5915
f 512 5621 5622
f 452 5262 5261
f 448 5238 5237
f 449 5243 5244
f 455 5279 5280
f 458 5297 5298
f 470 5370 5369
f 437 5171 5172
f 494 5513 5514
f 531 5735 5736
f 539 5784 5783
f 568 5958 5957
f 478 5418 5417
f 419 5064 5063
f 509 5604 5603
f 554 5874 5873
f 482 5442 5441
f 576 6005 6006
f 558 5897 5898
f 516 5645 5646
f 425 5100 5099
f 542 5802 5801
f 463 5327 5328
f 434 5154 5153
f 497 5532 5531
f 528 5718 5717
f 546 5826 5825
f 464 5334 5333
f 440 5190 5189
f 500 5549 5550
f 524 5693 5694
f 479 5423 5424
f 418 5057 5058
f 508 5597 5598
f 553 5867 5868
f 569 5963 5964
f 538 5777 5778
f 471 5375 5376
f 443 5208 5207
f 501 5556 5555
f 523 5688 5687
f 467 5351 5352
f 433 5147 5148
f 493 5508 5507
f 527 5711 5712
f 543 5807 5808
f 485 5459 5460
f 572 5981 5982
f 557 5892 5891
f 515 5640 5639
f 428 5118 5117
f 591 6095 6096
f 587 6071 6072
f 588 6078 6077
f 594 6114 6113
f 597 6132 6131
f 600 6150 6149
f 634 6353 6354
f 619 6263 6264
f 639 6383 6384
f 602 6162 6161
f 624 6293 6294
f 608 6197 6198
f 610 6210 6209
f 627 6312 6311
f 630 6330 6329
f 635 6359 6360
f 615 6240 6239
f 617 6252 6251
f 637 6372 6371
f 604 6173 6174
f 167 3549 3547
f 164 3531 3529
f 163 3526 3523
f 165 3538 3535
f 166 3544 3541
f 169 3562 3559
f 192 3700 3697
f 222 3880 3877
f 216 3844 3841
f 199 3742 3739
f 182 3639 3637
f 179 3621 3619
f 178 3616 3613
f 180 3628 3625
f 181 3634 3631
f 186 3664 3661
f 174 3592 3589
f 193 3706 3703
f 205 3778 3775
f 212 3819 3817
f 221 3873 3871
f 189 3681 3679
f 170 3567 3565
f 202 3759 3757
f 217 3849 3847
f 191 3693 3691
f 220 3868 3865
f 214 3832 3829
f 200 3748 3745
f 171 3573 3571
f 210 3807 3805
f 183 3645 3643
f 175 3597 3595
f 196 3723 3721
f 207 3790 3787
f 211 3814 3811
f 187 3669 3667
f 176 3603 3601
f 195 3717 3715
f 203 3766 3763
f 188 3676 3673
f 168 3555 3553
f 198 3735 3733
f 213 3825 3823
f 218 3856 3853
f 208 3795 3793
f 185 3658 3655
f 177 3610 3607
f 197 3730 3727
f 206 3783 3781
f 184 3652 3649
f 173 3585 3583
f 194 3711 3709
f 204 3771 3769
f 209 3802 3799
f 190 3687 3685
f 219 3861 3859
f 215 3837 3835
f 201 3754 3751
f 172 3580 3577
f 357 4690 4687
f 255 4078 4075
f 262 4120 4117
f 388 4876 4873
f 400 4948 4945
f 352 4660 4657
f 347 4630 4627
f 298 4336 4333
f 364 4732 4729
f 269 4162 4159
f 339 4582 4579
f 285 4258 4255
f 293 4306 4303
f 370 4768 4765
f 396 4924 4921
f 353 4666 4663
f 346 4624 4621
f 299 4342 4339
f 365 4738 4735
f 268 4156 4153
f 249 4041 4039
f 231 3933 3931
f 226 3903 3901
f 238 3975 3973
f 244 4011 4009
f 257 4089 4087
f 359 4701 4699
f 402 4959 4957
f 390 4887 4885
f 264 4131 4129
f 327 4509 4507
f 309 4401 4399
f 282 4239 4237
f 317 4449 4447
f 322 4479 4477
f 341 4593 4591
f 286 4263 4261
f 294 4311 4309
f 372 4779 4777
f 394 4911 4909
f 358 4695 4693
f 256 4083 4081
f 261 4113 4111
f 387 4869 4867
f 399 4941 4939
f 351 4653 4651
f 348 4635 4633
f 300 4347 4345
f 366 4743 4741
f 267 4149 4147
f 340 4587 4585
f 287 4269 4267
f 291 4293 4291
f 369 4761 4759
f 395 4917 4915
f 354 4671 4669
f 345 4617 4615
f 297 4329 4327
f 363 4725 4723
f 270 4167 4165
f 234 3951 3949
f 227 3909 3907
f 239 3981 3979
f 245 4017 4015
f 252 4059 4057
f 275 4197 4195
f 334 4551 4549
f 304 4371 4369
f 377 4809 4807
f 382 4839 4837
f 312 4419 4417
f 279 4221 4219
f 316 4443 4441
f 323 4485 4483
f 330 4527 4525
f 335 4557 4555
f 305 4377 4375
f 376 4803 4801
f 383 4845 4843
f 274 4191 4189
f 232 3940 3937
f 225 3898 3895
f 237 3970 3967
f 243 4006 4003
f 250 4048 4045
f 273 4186 4183
f 336 4564 4561
f 306 4384 4381
f 378 4816 4813
f 381 4834 4831
f 311 4414 4411
f 281 4234 4231
f 315 4438 4435
f 321 4474 4471
f 328 4516 4513
f 333 4546 4543
f 303 4366 4363
f 375 4798 4795
f 384 4852 4849
f 276 4204 4201
f 229 3922 3919
f 223 3885 3883
f 235 3957 3955
f 241 3993 3991
f 247 4030 4027
f 271 4173 4171
f 332 4540 4537
f 302 4360 4357
f 374 4792 4789
f 379 4821 4819
f 307 4390 4387
f 278 4215 4213
f 313 4425 4423
f 319 4461 4459
f 325 4498 4495
f 331 4533 4531
f 301 4353 4351
f 373 4785 4783
f 380 4828 4825
f 272 4180 4177
f 248 4035 4033
f 230 3927 3925
f 224 3892 3889
f 236 3964 3961
f 242 4000 3997
f 254 4072 4069
f 356 4684 4681
f 397 4930 4927
f 385 4858 4855
f 259 4102 4099
f 326 4503 4501
f 308 4395 4393
f 277 4210 4207
f 314 4432 4429
f 320 4468 4465
f 338 4576 4573
f 284 4252 4249
f 289 4282 4279
f 367 4750 4747
f 391 4893 4891
f 355 4677 4675
f 253 4065 4063
f 260 4107 4105
f 386 4863 4861
f 398 4935 4933
f 350 4647 4645
f 343 4606 4603
f 295 4318 4315
f 361 4714 4711
f 266 4143 4141
f 337 4569 4567
f 283 4245 4243
f 290 4287 4285
f 368 4755 4753
f 392 4900 4897
f 349 4642 4639
f 344 4611 4609
f 296 4323 4321
f 362 4719 4717
f 265 4138 4135
f 251 4054 4051
f 233 3946 3943
f 228 3916 3913
f 240 3988 3985
f 246 4024 4021
f 258 4096 4093
f 360 4708 4705
f 401 4954 4951
f 389 4882 4879
f 263 4126 4123
f 329 4522 4519
f 310 4408 4405
f 280 4228 4225
f 318 4456 4453
f 324 4492 4489
f 342 4600 4597
f 288 4276 4273
f 292 4300 4297
f 371 4774 4771
f 393 4906 4903
f 409 5004 5000
f 405 4980 4976
f 411 5016 5012
f 414 5034 5030
f 417 5052 5048
f 431 5136 5132
f 488 5478 5474
f 575 6000 5996
f 563 5928 5924
f 519 5664 5660
f 454 5274 5270
f 450 5250 5246
f 456 5286 5282
f 459 5304 5300
f 462 5322 5318
f 472 5382 5378
f 446 5226 5222
f 506 5586 5582
f 535 5760 5756
f 541 5796 5792
f 570 5970 5966
f 480 5430 5426
f 421 5076 5072
f 511 5616 5612
f 556 5886 5882
f 484 5454 5450
f 580 6030 6026
f 567 5952 5948
f 522 5682 5678
f 427 5112 5108
f 544 5814 5810
f 468 5358 5354
f 436 5166 5162
f 499 5544 5540
f 530 5730 5726
f 548 5838 5834
f 466 5346 5342
f 442 5202 5198
f 505 5580 5576
f 536 5766 5762
f 491 5496 5492
f 423 5088 5084
f 513 5628 5624
f 564 5934 5930
f 581 6036 6032
f 549 5844 5840
f 477 5412 5408
f 445 5220 5216
f 503 5568 5564
f 525 5700 5696
f 474 5394 5390
f 438 5178 5174
f 495 5520 5516
f 532 5742 5738
f 552 5862 5858
f 490 5490 5486
f 577 6012 6008
f 559 5904 5900
f 517 5652 5648
f 430 5130 5126
f 590 6089 6085
f 584 6053 6049
f 585 6059 6055
f 592 6101 6097
f 595 6119 6115
f 598 6137 6133
f 636 6365 6361
f 621 6276 6272
f 642 6402 6398
f 601 6156 6152
f 623 6287 6283
f 611 6215 6211
f 609 6204 6200
f 625 6299 6295
f 628 6317 6313
f 632 6341 6337
f 613 6227 6223
f 616 6246 6242
f 638 6378 6374
f 606 6186 6182
f 407 4990 4988
f 403 4966 4964
f 404 4971 4969
f 410 5007 5005
f 413 5025 5023
f 422 5079 5077
f 486 5464 5462
f 573 5986 5984
f 561 5914 5912
f 512 5619 5617
f 452 5260 5258
f 448 5236 5234
f 449 5241 5239
f 455 5277 5275
f 458 5295 5293
f 470 5368 5366
f 437 5169 5167
f 494 5511 5509
f 531 5733 5731
f 539 5782 5780
f 568 5956 5954
f 478 5416 5414
f 419 5062 5060
f 509 5602 5600
f 554 5872 5870
f 482 5440 5438
f 576 6003 6001
f 558 5895 5893
f 516 5643 5641
f 425 5098 5096
f 542 5800 5798
f 463 5325 5323
f 434 5152 5150
f 497 5530 5528
f 528 5716 5714
f 546 5824 5822
f 464 5332 5330
f 440 5188 5186
f 500 5547 5545
f 524 5691 5689
f 479 5421 5419
f 418 5055 5053
f 508 5595 5593
f 553 5865 5863
f 569 5961 5959
f 538 5775 5773
f 471 5373 5371
f 443 5206 5204
f 501 5554 5552
f 523 5686 5684
f 467 5349 5347
f 433 5145 5143
f 493 5506 5504
f 527 5709 5707
f 543 5805 5803
f 485 5457 5455
f 572 5979 5977
f 557 5890 5888
f 515 5638 5636
f 428 5116 5114
f 591 6093 6091
f 587 6069 6067
f 588 6076 6074
f 594 6112 6110
f 597 6130 6128
f 600 6148 6146
f 634 6351 6349
f 619 6261 6259
f 639 6381 6379
f 602 6160 6158
f 624 6291 6289
f 608 6195 6193
f 610 6208 6206
f 627 6310 6308
f 630 6328 6326
f 635 6357 6355
f 615 6238 6236
f 617 6250 6248
f 637 6370 6368
f 604 6171 6169
f 416 5044 5042
f 408 4996 4994
f 406 4984 4982
f 412 5020 5018
f 415 5038 5036
f 424 5092 5090
f 492 5500 5498
f 582 6040 6038
f 565 5938 5936
f 514 5632 5630
f 461 5314 5312
f 453 5266 5264
f 451 5254 5252
f 457 5290 5288
f 460 5308 5306
f 475 5398 5396
f 439 5182 5180
f 496 5524 5522
f 533 5746 5744
f 551 5854 5852
f 579 6022 6020
f 483 5446 5444
f 426 5104 5102
f 521 5674 5672
f 566 5944 5942
f 489 5482 5480
f 578 6016 6014
f 560 5908 5906
f 518 5656 5654
f 429 5122 5120
f 547 5830 5828
f 465 5338 5336
f 441 5194 5192
f 504 5572 5570
f 537 5770 5768
f 550 5848 5846
f 476 5404 5402
f 444 5212 5210
f 502 5560 5558
f 526 5704 5702
f 481 5434 5432
f 420 5068 5066
f 510 5608 5606
f 555 5878 5876
f 571 5974 5972
f 540 5788 5786
f 473 5386 5384
f 447 5230 5228
f 507 5590 5588
f 534 5752 5750
f 469 5362 5360
f 435 5158 5156
f 498 5536 5534
f 529 5722 5720
f 545 5818 5816
f 487 5470 5468
f 574 5992 5990
f 562 5920 5918
f 520 5668 5666
f 432 5140 5138
f 589 6081 6079
f 583 6045 6043
f 586 6063 6061
f 593 6105 6103
f 596 6123 6121
f 599 6141 6139
f 633 6346 6344
f 620 6268 6266
f 640 6388 6386
f 603 6165 6163
f 622 6279 6277
f 607 6190 6188
f 612 6219 6217
f 626 6303 6301
f 629 6321 6319
f 631 6333 6331
f 614 6231 6229
f 618 6255 6253
f 641 6394 6392
f 605 6178 6176
f 409 5001 4999
f 405 4977 4975
f 411 5013 5011
f 414 5031 5029
f 417 5049 5047
f 431 5133 5131
f 488 5475 5473
f 575 5997 5995
f 563 5925 5923
f 519 5661 5659
f 454 5271 5269
f 450 5247 5245
f 456 5283 5281
f 459 5301 5299
f 462 5319 5317
f 472 5379 5377
f 446 5223 5221
f 506 5583 5581
f 535 5757 5755
f 541 5793 5791
f 570 5967 5965
f 480 5427 5425
f 421 5073 5071
f 511 5613 5611
f 556 5883 5881
f 484 5451 5449
f 580 6027 6025
f 567 5949 5947
f 522 5679 5677
f 427 5109 5107
f 544 5811 5809
f 468 5355 5353
f 436 5163 5161
f 499 5541 5539
f 530 5727 5725
f 548 5835 5833
f 466 5343 5341
f 442 5199 5197
f 505 5577 5575
f 536 5763 5761
f 491 5493 5491
f 423 5085 5083
f 513 5625 5623
f 564 5931 5929
f 581 6033 6031
f 549 5841 5839
f 477 5409 5407
f 445 5217 5215
f 503 5565 5563
f 525 5697 5695
f 474 5391 5389
f 438 5175 5173
f 495 5517 5515
f 532 5739 5737
f 552 5859 5857
f 490 5487 5485
f 577 6009 6007
f 559 5901 5899
f 517 5649 5647
f 430 5127 5125
f 590 6088 6086
f 584 6052 6050
f 585 6058 6056
f 592 6100 6098
f 595 6118 6116
f 598 6136 6134
f 636 6364 6362
f 621 6273 6271
f 642 6399 6397
f 601 6153 6151
f 623 6286 6284
f 611 6214 6212
f 609 6201 6199
f 625 6298 6296
f 628 6316 6314
f 632 6340 6338
f 613 6226 6224
f 616 6243 6241
f 638 6375 6373
f 606 6183 6181
f 407 4991 4987
f 403 4967 4963
f 404 4974 4970
f 410 5010 5006
f 413 5028 5024
f 422 5082 5078
f 486 5465 5461
f 573 5987 5983
f 561 5915 5911
f 512 5622 5618
f 452 5261 5257
f 448 5237 5233
f 449 5244 5240
f 455 5280 5276
f 458 5298 5294
f 470 5369 5365
f 437 5172 5168
f 494 5514 5510
f 531 5736 5732
f 539 5783 5779
f 568 5957 5953
f 478 5417 5413
f 419 5063 5059
f 509 5603 5599
f 554 5873 5869
f 482 5441 5437
f 576 6006 6002
f 558 5898 5894
f 516 5646 5642
f 425 5099 5095
f 542 5801 5797
f 463 5328 5324
f 434 5153 5149
f 497 5531 5527
f 528 5717 5713
f 546 5825 5821
f 464 5333 5329
f 440 5189 5185
f 500 5550 5546
f 524 5694 5690
f 479 5424 5420
f 418 5058 5054
f 508 5598 5594
f 553 5868 5864
f 569 5964 5960
f 538 5778 5774
f 471 5376 5372
f 443 5207 5203
f 501 5555 5551
f 523 5687 5683
f 467 5352 5348
f 433 5148 5144
f 493 5507 5503
f 527 5712 5708
f 543 5808 5804
f 485 5460 5456
f 572 5982 5978
f 557 5891 5887
f 515 5639 5635
f 428 5117 5113
f 591 6096 6092
f 587 6072 6068
f 588 6077 6073
f 594 6113 6109
f 597 6131 6127
f 600 6149 6145
f 634 6354 6350
f 619 6264 6260
f 639 6384 6380
f 602 6161 6157
f 624 6294 6290
f 608 6198 6194
f 610 6209 6205
f 627 6311 6307
f 630 6329 6325
f 635 6360 6356
f 615 6239 6235
f 617 6251 6247
f 637 6371 6367
f 604 6174 6170
f 164 3534 3530
f 163 3527 3524
f 165 3539 3536
f 166 3545 3542
f 167 3552 3548
f 172 3581 3578
f 190 3690 3686
f 219 3864 3860
f 215 3840 3836
f 201 3755 3752
f 179 3624 3620
f 178 3617 3614
f 180 3629 3626
f 181 3635 3632
f 182 3642 3638
f 185 3659 3656
f 177 3611 3608
f 197 3731 3728
f 206 3786 3782
f 208 3798 3794
f 218 3857 3854
f 188 3677 3674
f 168 3558 3554
f 198 3738 3734
f 213 3828 3824
f 189 3684 3680
f 221 3876 3872
f 217 3852 3848
f 202 3762 3758
f 170 3570 3566
f 209 3803 3800
f 184 3653 3650
f 173 3588 3584
f 194 3714 3710
f 204 3774 3770
f 210 3810 3806
f 183 3648 3644
f 175 3600 3596
f 196 3726 3722
f 207 3791 3788
f 192 3701 3698
f 169 3563 3560
f 199 3743 3740
f 216 3845 3842
f 222 3881 3878
f 211 3815 3812
f 187 3672 3668
f 176 3606 3602
f 195 3720 3716
f 203 3767 3764
f 186 3665 3662
f 174 3593 3590
f 193 3707 3704
f 205 3779 3776
f 212 3822 3818
f 191 3696 3692
f 220 3869 3866
f 214 3833 3830
f 200 3749 3746
f 171 3576 3572
f 358 4698 4694
f 256 4086 4082
f 261 4116 4112
f 387 4872 4868
f 399 4944 4940
f 351 4656 4652
f 348 4638 4634
f 300 4350 4346
f 366 4746 4742
f 267 4152 4148
f 340 4590 4586
f 287 4272 4268
f 291 4296 4292
f 369 4764 4760
f 395 4920 4916
f 354 4674 4670
f 345 4620 4616
f 297 4332 4328
f 363 4728 4724
f 270 4170 4166
f 247 4031 4028
f 229 3923 3920
f 223 3888 3884
f 235 3960 3956
f 241 3996 3992
f 253 4068 4064
f 355 4680 4676
f 398 4938 4934
f 386 4866 4862
f 260 4110 4106
f 325 4499 4496
f 307 4391 4388
f 278 4218 4214
f 313 4428 4424
f 319 4464 4460
f 337 4572 4568
f 283 4248 4244
f 290 4290 4286
f 368 4758 4754
f 392 4901 4898
f 356 4685 4682
f 254 4073 4070
f 259 4103 4100
f 385 4859 4856
f 397 4931 4928
f 349 4643 4640
f 344 4614 4610
f 296 4326 4322
f 362 4722 4718
f 265 4139 4136
f 338 4577 4574
f 284 4253 4250
f 289 4283 4280
f 367 4751 4748
f 391 4896 4892
f 350 4650 4646
f 343 4607 4604
f 295 4319 4316
f 361 4715 4712
f 266 4146 4142
f 230 3930 3926
f 224 3893 3890
f 236 3965 3962
f 242 4001 3998
f 248 4038 4034
f 272 4181 4178
f 331 4536 4532
f 301 4356 4352
f 373 4788 4784
f 380 4829 4826
f 308 4398 4394
f 277 4211 4208
f 314 4433 4430
f 320 4469 4466
f 326 4506 4502
f 332 4541 4538
f 302 4361 4358
f 374 4793 4790
f 379 4824 4820
f 271 4176 4172
f 234 3954 3950
f 227 3912 3908
f 239 3984 3980
f 245 4020 4016
f 252 4062 4058
f 275 4200 4196
f 334 4554 4550
f 304 4374 4370
f 377 4812 4808
f 382 4842 4838
f 312 4422 4418
f 279 4224 4220
f 316 4446 4442
f 323 4488 4484
f 330 4530 4526
f 335 4560 4556
f 305 4380 4376
f 376 4806 4802
f 383 4848 4844
f 274 4194 4190
f 232 3941 3938
f 225 3899 3896
f 237 3971 3968
f 243 4007 4004
f 250 4049 4046
f 273 4187 4184
f 336 4565 4562
f 306 4385 4382
f 378 4817 4814
f 381 4835 4832
f 311 4415 4412
f 281 4235 4232
f 315 4439 4436
f 321 4475 4472
f 328 4517 4514
f 333 4547 4544
f 303 4367 4364
f 375 4799 4796
f 384 4853 4850
f 276 4205 4202
f 251 4055 4052
f 233 3947 3944
f 228 3917 3914
f 240 3989 3986
f 246 4025 4022
f 258 4097 4094
f 360 4709 4706
f 401 4955 4952
f 389 4883 4880
f 263 4127 4124
f 329 4523 4520
f 310 4409 4406
f 280 4229 4226
f 318 4457 4454
f 324 4493 4490
f 342 4601 4598
f 288 4277 4274
f 292 4301 4298
f 371 4775 4772
f 393 4907 4904
f 357 4691 4688
f 255 4079 4076
f 262 4121 4118
f 388 4877 4874
f 400 4949 4946
f 352 4661 4658
f 347 4631 4628
f 298 4337 4334
f 364 4733 4730
f 269 4163 4160
f 339 4583 4580
f 285 4259 4256
f 293 4307 4304
f 370 4769 4766
f 396 4925 4922
f 353 4667 4664
f 346 4625 4622
f 299 4343 4340
f 365 4739 4736
f 268 4157 4154
f 249 4044 4040
f 231 3936 3932
f 226 3906 3902
f 238 3978 3974
f 244 4014 4010
f 257 4092 4088
f 359 4704 4700
f 402 4962 4958
f 390 4890 4886
f 264 4134 4130
f 327 4512 4508
f 309 4404 4400
f 282 4242 4238
f 317 4452 4448
f 322 4482 4478
f 341 4596 4592
f 286 4266 4262
f 294 4314 4310
f 372 4782 4778
f 394 4914 4910
f 416 5045 5041
f 408 4997 4993
f 406 4985 4981
f 412 5021 5017
f 415 5039 5035
f 424 5093 5089
f 492 5501 5497
f 582 6041 6037
f 565 5939 5935
f 514 5633 5629
f 461 5315 5311
f 453 5267 5263
f 451 5255 5251
f 457 5291 5287
f 460 5309 5305
f 475 5399 5395
f 439 5183 5179
f 496 5525 5521
f 533 5747 5743
f 551 5855 5851
f 579 6023 6019
f 483 5447 5443
f 426 5105 5101
f 521 5675 5671
f 566 5945 5941
f 489 5483 5479
f 578 6017 6013
f 560 5909 5905
f 518 5657 5653
f 429 5123 5119
f 547 5831 5827
f 465 5339 5335
f 441 5195 5191
f 504 5573 5569
f 537 5771 5767
f 550 5849 5845
f 476 5405 5401
f 444 5213 5209
f 502 5561 5557
f 526 5705 5701
f 481 5435 5431
f 420 5069 5065
f 510 5609 5605
f 555 5879 5875
f 571 5975 5971
f 540 5789 5785
f 473 5387 5383
f 447 5231 5227
f 507 5591 5587
f 534 5753 5749
f 469 5363 5359
f 435 5159 5155
f 498 5537 5533
f 529 5723 5719
f 545 5819 5815
f 487 5471 5467
f 574 5993 5989
f 562 5921 5917
f 520 5669 5665
f 432 5141 5137
f 589 6084 6080
f 583 6048 6044
f 586 6066 6062
f 593 6108 6104
f 596 6126 6122
f 599 6144 6140
f 633 6347 6343
f 620 6269 6265
f 640 6389 6385
f 603 6168 6164
f 622 6282 6278
f 607 6191 6187
f 612 6222 6218
f 626 6306 6302
f 629 6324 6320
f 631 6336 6332
f 614 6234 6230
f 618 6258 6254
f 641 6395 6391
f 605 6179 6175
f 164 3532 3534
f 163 3525 3527
f 165 3537 3539
f 166 3543 3545
f 167 3550 3552
f 172 3579 3581
f 190 3688 3690
f 219 3862 3864
f 215 3838 3840
f 201 3753 3755
f 179 3622 3624
f 178 3615 3617
f 180 3627 3629
f 181 3633 3635
f 182 3640 3642
f 185 3657 3659
f 177 3609 3611
f 197 3729 3731
f 206 3784 3786
f 208 3796 3798
f 218 3855 3857
f 188 3675 3677
f 168 3556 3558
f 198 3736 3738
f 213 3826 3828
f 189 3682 3684
f 221 3874 3876
f 217 3850 3852
f 202 3760 3762
f 170 3568 3570
f 209 3801 3803
f 184 3651 3653
f 173 3586 3588
f 194 3712 3714
f 204 3772 3774
f 210 3808 3810
f 183 3646 3648
f 175 3598 3600
f 196 3724 3726
f 207 3789 3791
f 192 3699 3701
f 169 3561 3563
f 199 3741 3743
f 216 3843 3845
f 222 3879 3881
f 211 3813 3815
f 187 3670 3672
f 176 3604 3606
f 195 3718 3720
f 203 3765 3767
f 186 3663 3665
f 174 3591 3593
f 193 3705 3707
f 205 3777 3779
f 212 3820 3822
f 191 3694 3696
f 220 3867 3869
f 214 3831 3833
f 200 3747 3749
f 171 3574 3576
f 358 4696 4698
f 256 4084 4086
f 261 4114 4116
f 387 4870 4872
f 399 4942 4944
f 351 4654 4656
f 348 4636 4638
f 300 4348 4350
f 366 4744 4746
f 267 4150 4152
f 340 4588 4590
f 287 4270 4272
f 291 4294 4296
f 369 4762 4764
f 395 4918 4920
f 354 4672 4674
f 345 4618 4620
f 297 4330 4332
f 363 4726 4728
f 270 4168 4170
f 247 4029 4031
f 229 3921 3923
f 223 3886 3888
f 235 3958 3960
f 241 3994 3996
f 253 4066 4068
f 355 4678 4680
f 398 4936 4938
f 386 4864 4866
f 260 4108 4110
f 325 4497 4499
f 307 4389 4391
f 278 4216 4218
f 313 4426 4428
f 319 4462 4464
f 337 4570 4572
f 283 4246 4248
f 290 4288 4290
f 368 4756 4758
f 392 4899 4901
f 356 4683 4685
f 254 4071 4073
f 259 4101 4103
f 385 4857 4859
f 397 4929 4931
f 349 4641 4643
f 344 4612 4614
f 296 4324 4326
f 362 4720 4722
f 265 4137 4139
f 338 4575 4577
f 284 4251 4253
f 289 4281 4283
f 367 4749 4751
f 391 4894 4896
f 350 4648 4650
f 343 4605 4607
f 295 4317 4319
f 361 4713 4715
f 266 4144 4146
f 230 3928 3930
f 224 3891 3893
f 236 3963 3965
f 242 3999 4001
f 248 4036 4038
f 272 4179 4181
f 331 4534 4536
f 301 4354 4356
f 373 4786 4788
f 380 4827 4829
f 308 4396 4398
f 277 4209 4211
f 314 4431 4433
f 320 4467 4469
f 326 4504 4506
f 332 4539 4541
f 302 4359 4361
f 374 4791 4793
f 379 4822 4824
f 271 4174 4176
f 234 3952 3954
f 227 3910 3912
f 239 3982 3984
f 245 4018 4020
f 252 4060 4062
f 275 4198 4200
f 334 4552 4554
f 304 4372 4374
f 377 4810 4812
f 382 4840 4842
f 312 4420 4422
f 279 4222 4224
f 316 4444 4446
f 323 4486 4488
f 330 4528 4530
f 335 4558 4560
f 305 4378 4380
f 376 4804 4806
f 383 4846 4848
f 274 4192 4194
f 232 3939 3941
f 225 3897 3899
f 237 3969 3971
f 243 4005 4007
f 250 4047 4049
f 273 4185 4187
f 336 4563 4565
f 306 4383 4385
f 378 4815 4817
f 381 4833 4835
f 311 4413 4415
f 281 4233 4235
f 315 4437 4439
f 321 4473 4475
f 328 4515 4517
f 333 4545 4547
f 303 4365 4367
f 375 4797 4799
f 384 4851 4853
f 276 4203 4205
f 251 4053 4055
f 233 3945 3947
f 228 3915 3917
f 240 3987 3989
f 246 4023 4025
f 258 4095 4097
f 360 4707 4709
f 401 4953 4955
f 389 4881 4883
f 263 4125 4127
f 329 4521 4523
f 310 4407 4409
f 280 4227 4229
f 318 4455 4457
f 324 4491 4493
f 342 4599 4601
f 288 4275 4277
f 292 4299 4301
f 371 4773 4775
f 393 4905 4907
f 357 4689 4691
f 255 4077 4079
f 262 4119 4121
f 388 4875 4877
f 400 4947 4949
f 352 4659 4661
f 347 4629 4631
f 298 4335 4337
f 364 4731 4733
f 269 4161 4163
f 339 4581 4583
f 285 4257 4259
f 293 4305 4307
f 370 4767 4769
f 396 4923 4925
f 353 4665 4667
f 346 4623 4625
f 299 4341 4343
f 365 4737 4739
f 268 4155 4157
f 249 4042 4044
f 231 3934 3936
f 226 3904 3906
f 238 3976 3978
f 244 4012 4014
f 257 4090 4092
f 359 4702 4704
f 402 4960 4962
f 390 4888 4890
f 264 4132 4134
f 327 4510 4512
f 309 4402 4404
f 282 4240 4242
f 317 4450 4452
f 322 4480 4482
f 341 4594 4596
f 286 4264 4266
f 294 4312 4314
f 372 4780 4782
f 394 4912 4914
f 416 5046 5045
f 408 4998 4997
f 406 4986 4985
f 412 5022 5021
f 415 5040 5039
f 424 5094 5093
f 492 5502 5501
f 582 6042 6041
f 565 5940 5939
f 514 5634 5633
f 461 5316 5315
f 453 5268 5267
f 451 5256 5255
f 457 5292 5291
f 460 5310 5309
f 475 5400 5399
f 439 5184 5183
f 496 5526 5525
f 533 5748 5747
f 551 5856 5855
f 579 6024 6023
f 483 5448 5447
f 426 5106 5105
f 521 5676 5675
f 566 5946 5945
f 489 5484 5483
f 578 6018 6017
f 560 5910 5909
f 518 5658 5657
f 429 5124 5123
f 547 5832 5831
f 465 5340 5339
f 441 5196 5195
f 504 5574 5573
f 537 5772 5771
f 550 5850 5849
f 476 5406 5405
f 444 5214 5213
f 502 5562 5561
f 526 5706 5705
f 481 5436 5435
f 420 5070 5069
f 510 5610 5609
f 555 5880 5879
f 571 5976 5975
f 540 5790 5789
f 473 5388 5387
f 447 5232 5231
f 507 5592 5591
f 534 5754 5753
f 469 5364 5363
f 435 5160 5159
f 498 5538 5537
f 529 5724 5723
f 545 5820 5819
f 487 5472 5471
f 574 5994 5993
f 562 5922 5921
f 520 5670 5669
f 432 5142 5141
f 589 6083 6084
f 583 6047 6048
f 586 6065 6066
f 593 6107 6108
f 596 6125 6126
f 599 6143 6144
f 633 6348 6347
f 620 6270 6269
f 640 6390 6389
f 603 6167 6168
f 622 6281 6282
f 607 6192 6191
f 612 6221 6222
f 626 6305 6306
f 629 6323 6324
f 631 6335 6336
f 614 6233 6234
f 618 6257 6258
f 641 6396 6395
f 605 6180 6179
f 164 3529 3532
f 163 3523 3525
f 165 3535 3537
f 166 3541 3543
f 167 3547 3550
f 172 3577 3579
f 190 3685 3688
f 219 3859 3862
f 215 3835 3838
f 201 3751 3753
f 179 3619 3622
f 178 3613 3615
f 180 3625 3627
f 181 3631 3633
f 182 3637 3640
f 185 3655 3657
f 177 3607 3609
f 197 3727 3729
f 206 3781 3784
f 208 3793 3796
f 218 3853 3855
f 188 3673 3675
f 168 3553 3556
f 198 3733 3736
f 213 3823 3826
f 189 3679 3682
f 221 3871 3874
f 217 3847 3850
f 202 3757 3760
f 170 3565 3568
f 209 3799 3801
f 184 3649 3651
f 173 3583 3586
f 194 3709 3712
f 204 3769 3772
f 210 3805 3808
f 183 3643 3646
f 175 3595 3598
f 196 3721 3724
f 207 3787 3789
f 192 3697 3699
f 169 3559 3561
f 199 3739 3741
f 216 3841 3843
f 222 3877 3879
f 211 3811 3813
f 187 3667 3670
f 176 3601 3604
f 195 3715 3718
f 203 3763 3765
f 186 3661 3663
f 174 3589 3591
f 193 3703 3705
f 205 3775 3777
f 212 3817 3820
f 191 3691 3694
f 220 3865 3867
f 214 3829 3831
f 200 3745 3747
f 171 3571 3574
f 358 4693 4696
f 256 4081 4084
f 261 4111 4114
f 387 4867 4870
f 399 4939 4942
f 351 4651 4654
f 348 4633 4636
f 300 4345 4348
f 366 4741 4744
f 267 4147 4150
f 340 4585 4588
f 287 4267 4270
f 291 4291 4294
f 369 4759 4762
f 395 4915 4918
f 354 4669 4672
f 345 4615 4618
f 297 4327 4330
f 363 4723 4726
f 270 4165 4168
f 247 4027 4029
f 229 3919 3921
f 223 3883 3886
f 235 3955 3958
f 241 3991 3994
f 253 4063 4066
f 355 4675 4678
f 398 4933 4936
f 386 4861 4864
f 260 4105 4108
f 325 4495 4497
f 307 4387 4389
f 278 4213 4216
f 313 4423 4426
f 319 4459 4462
f 337 4567 4570
f 283 4243 4246
f 290 4285 4288
f 368 4753 4756
f 392 4897 4899
f 356 4681 4683
f 254 4069 4071
f 259 4099 4101
f 385 4855 4857
f 397 4927 4929
f 349 4639 4641
f 344 4609 4612
f 296 4321 4324
f 362 4717 4720
f 265 4135 4137
f 338 4573 4575
f 284 4249 4251
f 289 4279 4281
f 367 4747 4749
f 391 4891 4894
f 350 4645 4648
f 343 4603 4605
f 295 4315 4317
f 361 4711 4713
f 266 4141 4144
f 230 3925 3928
f 224 3889 3891
f 236 3961 3963
f 242 3997 3999
f 248 4033 4036
f 272 4177 4179
f 331 4531 4534
f 301 4351 4354
f 373 4783 4786
f 380 4825 4827
f 308 4393 4396
f 277 4207 4209
f 314 4429 4431
f 320 4465 4467
f 326 4501 4504
f 332 4537 4539
f 302 4357 4359
f 374 4789 4791
f 379 4819 4822
f 271 4171 4174
f 234 3949 3952
f 227 3907 3910
f 239 3979 3982
f 245 4015 4018
f 252 4057 4060
f 275 4195 4198
f 334 4549 4552
f 304 4369 4372
f 377 4807 4810
f 382 4837 4840
f 312 4417 4420
f 279 4219 4222
f 316 4441 4444
f 323 4483 4486
f 330 4525 4528
f 335 4555 4558
f 305 4375 4378
f 376 4801 4804
f 383 4843 4846
f 274 4189 4192
f 232 3937 3939
f 225 3895 3897
f 237 3967 3969
f 243 4003 4005
f 250 4045 4047
f 273 4183 4185
f 336 4561 4563
f 306 4381 4383
f 378 4813 4815
f 381 4831 4833
f 311 4411 4413
f 281 4231 4233
f 315 4435 4437
f 321 4471 4473
f 328 4513 4515
f 333 4543 4545
f 303 4363 4365
f 375 4795 4797
f 384 4849 4851
f 276 4201 4203
f 251 4051 4053
f 233 3943 3945
f 228 3913 3915
f 240 3985 3987
f 246 4021 4023
f 258 4093 4095
f 360 4705 4707
f 401 4951 4953
f 389 4879 4881
f 263 4123 4125
f 329 4519 4521
f 310 4405 4407
f 280 4225 4227
f 318 4453 4455
f 324 4489 4491
f 342 4597 4599
f 288 4273 4275
f 292 4297 4299
f 371 4771 4773
f 393 4903 4905
f 357 4687 4689
f 255 4075 4077
f 262 4117 4119
f 388 4873 4875
f 400 4945 4947
f 352 4657 4659
f 347 4627 4629
f 298 4333 4335
f 364 4729 4731
f 269 4159 4161
f 339 4579 4581
f 285 4255 4257
f 293 4303 4305
f 370 4765 4767
f 396 4921 4923
f 353 4663 4665
f 346 4621 4623
f 299 4339 4341
f 365 4735 4737
f 268 4153 4155
f 249 4039 4042
f 231 3931 3934
f 226 3901 3904
f 238 3973 3976
f 244 4009 4012
f 257 4087 4090
f 359 4699 4702
f 402 4957 4960
f 390 4885 4888
f 264 4129 4132
f 327 4507 4510
f 309 4399 4402
f 282 4237 4240
f 317 4447 4450
f 322 4477 4480
f 341 4591 4594
f 286 4261 4264
f 294 4309 4312
f 372 4777 4780
f 394 4909 4912
f 416 5042 5046
f 408 4994 4998
f 406 4982 4986
f 412 5018 5022
f 415 5036 5040
f 424 5090 5094
f 492 5498 5502
f 582 6038 6042
f 565 5936 5940
f 514 5630 5634
f 461 5312 5316
f 453 5264 5268
f 451 5252 5256
f 457 5288 5292
f 460 5306 5310
f 475 5396 5400
f 439 5180 5184
f 496 5522 5526
f 533 5744 5748
f 551 5852 5856
f 579 6020 6024
f 483 5444 5448
f 426 5102 5106
f 521 5672 5676
f 566 5942 5946
f 489 5480 5484
f 578 6014 6018
f 560 5906 5910
f 518 5654 5658
f 429 5120 5124
f 547 5828 5832
f 465 5336 5340
f 441 5192 5196
f 504 5570 5574
f 537 5768 5772
f 550 5846 5850
f 476 5402 5406
f 444 5210 5214
f 502 5558 5562
f 526 5702 5706
f 481 5432 5436
f 420 5066 5070
f 510 5606 5610
f 555 5876 5880
f 571 5972 5976
f 540 5786 5790
f 473 5384 5388
f 447 5228 5232
f 507 5588 5592
f 534 5750 5754
f 469 5360 5364
f 435 5156 5160
f 498 5534 5538
f 529 5720 5724
f 545 5816 5820
f 487 5468 5472
f 574 5990 5994
f 562 5918 5922
f 520 5666 5670
f 432 5138 5142
f 589 6079 6083
f 583 6043 6047
f 586 6061 6065
f 593 6103 6107
f 596 6121 6125
f 599 6139 6143
f 633 6344 6348
f 620 6266 6270
f 640 6386 6390
f 603 6163 6167
f 622 6277 6281
f 607 6188 6192
f 612 6217 6221
f 626 6301 6305
f 629 6319 6323
f 631 6331 6335
f 614 6229 6233
f 618 6253 6257
f 641 6392 6396
f 605 6176 6180
f 167 3548 3551
f 164 3530 3533
f 163 3524 3528
f 165 3536 3540
f 166 3542 3546
f 169 3560 3564
f 192 3698 3702
f 222 3878 3882
f 216 3842 3846
f 199 3740 3744
f 182 3638 3641
f 179 3620 3623
f 178 3614 3618
f 180 3626 3630
f 181 3632 3636
f 186 3662 3666
f 174 3590 3594
f 193 3704 3708
f 205 3776 3780
f 212 3818 3821
f 221 3872 3875
f 189 3680 3683
f 170 3566 3569
f 202 3758 3761
f 217 3848 3851
f 191 3692 3695
f 220 3866 3870
f 214 3830 3834
f 200 3746 3750
f 171 3572 3575
f 210 3806 3809
f 183 3644 3647
f 175 3596 3599
f 196 3722 3725
f 207 3788 3792
f 211 3812 3816
f 187 3668 3671
f 176 3602 3605
f 195 3716 3719
f 203 3764 3768
f 188 3674 3678
f 168 3554 3557
f 198 3734 3737
f 213 3824 3827
f 218 3854 3858
f 208 3794 3797
f 185 3656 3660
f 177 3608 3612
f 197 3728 3732
f 206 3782 3785
f 184 3650 3654
f 173 3584 3587
f 194 3710 3713
f 204 3770 3773
f 209 3800 3804
f 190 3686 3689
f 219 3860 3863
f 215 3836 3839
f 201 3752 3756
f 172 3578 3582
f 357 4688 4692
f 255 4076 4080
f 262 4118 4122
f 388 4874 4878
f 400 4946 4950
f 352 4658 4662
f 347 4628 4632
f 298 4334 4338
f 364 4730 4734
f 269 4160 4164
f 339 4580 4584
f 285 4256 4260
f 293 4304 4308
f 370 4766 4770
f 396 4922 4926
f 353 4664 4668
f 346 4622 4626
f 299 4340 4344
f 365 4736 4740
f 268 4154 4158
f 249 4040 4043
f 231 3932 3935
f 226 3902 3905
f 238 3974 3977
f 244 4010 4013
f 257 4088 4091
f 359 4700 4703
f 402 4958 4961
f 390 4886 4889
f 264 4130 4133
f 327 4508 4511
f 309 4400 4403
f 282 4238 4241
f 317 4448 4451
f 322 4478 4481
f 341 4592 4595
f 286 4262 4265
f 294 4310 4313
f 372 4778 4781
f 394 4910 4913
f 358 4694 4697
f 256 4082 4085
f 261 4112 4115
f 387 4868 4871
f 399 4940 4943
f 351 4652 4655
f 348 4634 4637
f 300 4346 4349
f 366 4742 4745
f 267 4148 4151
f 340 4586 4589
f 287 4268 4271
f 291 4292 4295
f 369 4760 4763
f 395 4916 4919
f 354 4670 4673
f 345 4616 4619
f 297 4328 4331
f 363 4724 4727
f 270 4166 4169
f 234 3950 3953
f 227 3908 3911
f 239 3980 3983
f 245 4016 4019
f 252 4058 4061
f 275 4196 4199
f 334 4550 4553
f 304 4370 4373
f 377 4808 4811
f 382 4838 4841
f 312 4418 4421
f 279 4220 4223
f 316 4442 4445
f 323 4484 4487
f 330 4526 4529
f 335 4556 4559
f 305 4376 4379
f 376 4802 4805
f 383 4844 4847
f 274 4190 4193
f 232 3938 3942
f 225 3896 3900
f 237 3968 3972
f 243 4004 4008
f 250 4046 4050
f 273 4184 4188
f 336 4562 4566
f 306 4382 4386
f 378 4814 4818
f 381 4832 4836
f 311 4412 4416
f 281 4232 4236
f 315 4436 4440
f 321 4472 4476
f 328 4514 4518
f 333 4544 4548
f 303 4364 4368
f 375 4796 4800
f 384 4850 4854
f 276 4202 4206
f 229 3920 3924
f 223 3884 3887
f 235 3956 3959
f 241 3992 3995
f 247 4028 4032
f 271 4172 4175
f 332 4538 4542
f 302 4358 4362
f 374 4790 4794
f 379 4820 4823
f 307 4388 4392
f 278 4214 4217
f 313 4424 4427
f 319 4460 4463
f 325 4496 4500
f 331 4532 4535
f 301 4352 4355
f 373 4784 4787
f 380 4826 4830
f 272 4178 4182
f 248 4034 4037
f 230 3926 3929
f 224 3890 3894
f 236 3962 3966
f 242 3998 4002
f 254 4070 4074
f 356 4682 4686
f 397 4928 4932
f 385 4856 4860
f 259 4100 4104
f 326 4502 4505
f 308 4394 4397
f 277 4208 4212
f 314 4430 4434
f 320 4466 4470
f 338 4574 4578
f 284 4250 4254
f 289 4280 4284
f 367 4748 4752
f 391 4892 4895
f 355 4676 4679
f 253 4064 4067
f 260 4106 4109
f 386 4862 4865
f 398 4934 4937
f 350 4646 4649
f 343 4604 4608
f 295 4316 4320
f 361 4712 4716
f 266 4142 4145
f 337 4568 4571
f 283 4244 4247
f 290 4286 4289
f 368 4754 4757
f 392 4898 4902
f 349 4640 4644
f 344 4610 4613
f 296 4322 4325
f 362 4718 4721
f 265 4136 4140
f 251 4052 4056
f 233 3944 3948
f 228 3914 3918
f 240 3986 3990
f 246 4022 4026
f 258 4094 4098
f 360 4706 4710
f 401 4952 4956
f 389 4880 4884
f 263 4124 4128
f 329 4520 4524
f 310 4406 4410
f 280 4226 4230
f 318 4454 4458
f 324 4490 4494
f 342 4598 4602
f 288 4274 4278
f 292 4298 4302
f 371 4772 4776
f 393 4904 4908
f 409 4999 5003
f 405 4975 4979
f 411 5011 5015
f 414 5029 5033
f 417 5047 5051
f 431 5131 5135
f 488 5473 5477
f 575 5995 5999
f 563 5923 5927
f 519 5659 5663
f 454 5269 5273
f 450 5245 5249
f 456 5281 5285
f 459 5299 5303
f 462 5317 5321
f 472 5377 5381
f 446 5221 5225
f 506 5581 5585
f 535 5755 5759
f 541 5791 5795
f 570 5965 5969
f 480 5425 5429
f 421 5071 5075
f 511 5611 5615
f 556 5881 5885
f 484 5449 5453
f 580 6025 6029
f 567 5947 5951
f 522 5677 5681
f 427 5107 5111
f 544 5809 5813
f 468 5353 5357
f 436 5161 5165
f 499 5539 5543
f 530 5725 5729
f 548 5833 5837
f 466 5341 5345
f 442 5197 5201
f 505 5575 5579
f 536 5761 5765
f 491 5491 5495
f 423 5083 5087
f 513 5623 5627
f 564 5929 5933
f 581 6031 6035
f 549 5839 5843
f 477 5407 5411
f 445 5215 5219
f 503 5563 5567
f 525 5695 5699
f 474 5389 5393
f 438 5173 5177
f 495 5515 5519
f 532 5737 5741
f 552 5857 5861
f 490 5485 5489
f 577 6007 6011
f 559 5899 5903
f 517 5647 5651
f 430 5125 5129
f 590 6086 6090
f 584 6050 6054
f 585 6056 6060
f 592 6098 6102
f 595 6116 6120
f 598 6134 6138
f 636 6362 6366
f 621 6271 6275
f 642 6397 6401
f 601 6151 6155
f 623 6284 6288
f 611 6212 6216
f 609 6199 6203
f 625 6296 6300
f 628 6314 6318
f 632 6338 6342
f 613 6224 6228
f 616 6241 6245
f 638 6373 6377
f 606 6181 6185
f 407 4987 4989
f 403 4963 4965
f 404 4970 4972
f 410 5006 5008
f 413 5024 5026
f 422 5078 5080
f 486 5461 5463
f 573 5983 5985
f 561 5911 5913
f 512 5618 5620
f 452 5257 5259
f 448 5233 5235
f 449 5240 5242
f 455 5276 5278
f 458 5294 5296
f 470 5365 5367
f 437 5168 5170
f 494 5510 5512
f 531 5732 5734
f 539 5779 5781
f 568 5953 5955
f 478 5413 5415
f 419 5059 5061
f 509 5599 5601
f 554 5869 5871
f 482 5437 5439
f 576 6002 6004
f 558 5894 5896
f 516 5642 5644
f 425 5095 5097
f 542 5797 5799
f 463 5324 5326
f 434 5149 5151
f 497 5527 5529
f 528 5713 5715
f 546 5821 5823
f 464 5329 5331
f 440 5185 5187
f 500 5546 5548
f 524 5690 5692
f 479 5420 5422
f 418 5054 5056
f 508 5594 5596
f 553 5864 5866
f 569 5960 5962
f 538 5774 5776
f 471 5372 5374
f 443 5203 5205
f 501 5551 5553
f 523 5683 5685
f 467 5348 5350
f 433 5144 5146
f 493 5503 5505
f 527 5708 5710
f 543 5804 5806
f 485 5456 5458
f 572 5978 5980
f 557 5887 5889
f 515 5635 5637
f 428 5113 5115
f 591 6092 6094
f 587 6068 6070
f 588 6073 6075
f 594 6109 6111
f 597 6127 6129
f 600 6145 6147
f 634 6350 6352
f 619 6260 6262
f 639 6380 6382
f 602 6157 6159
f 624 6290 6292
f 608 6194 6196
f 610 6205 6207
f 627 6307 6309
f 630 6325 6327
f 635 6356 6358
f 615 6235 6237
f 617 6247 6249
f 637 6367 6369
f 604 6170 6172
f 416 5041 5043
f 408 4993 4995
f 406 4981 4983
f 412 5017 5019
f 415 5035 5037
f 424 5089 5091
f 492 5497 5499
f 582 6037 6039
f 565 5935 5937
f 514 5629 5631
f 461 5311 5313
f 453 5263 5265
f 451 5251 5253
f 457 5287 5289
f 460 5305 5307
f 475 5395 5397
f 439 5179 5181
f 496 5521 5523
f 533 5743 5745
f 551 5851 5853
f 579 6019 6021
f 483 5443 5445
f 426 5101 5103
f 521 5671 5673
f 566 5941 5943
f 489 5479 5481
f 578 6013 6015
f 560 5905 5907
f 518 5653 5655
f 429 5119 5121
f 547 5827 5829
f 465 5335 5337
f 441 5191 5193
f 504 5569 5571
f 537 5767 5769
f 550 5845 5847
f 476 5401 5403
f 444 5209 5211
f 502 5557 5559
f 526 5701 5703
f 481 5431 5433
f 420 5065 5067
f 510 5605 5607
f 555 5875 5877
f 571 5971 5973
f 540 5785 5787
f 473 5383 5385
f 447 5227 5229
f 507 5587 5589
f 534 5749 5751
f 469 5359 5361
f 435 5155 5157
f 498 5533 5535
f 529 5719 5721
f 545 5815 5817
f 487 5467 5469
f 574 5989 5991
f 562 5917 5919
f 520 5665 5667
f 432 5137 5139
f 589 6080 6082
f 583 6044 6046
f 586 6062 6064
f 593 6104 6106
f 596 6122 6124
f 599 6140 6142
f 633 6343 6345
f 620 6265 6267
f 640 6385 6387
f 603 6164 6166
f 622 6278 6280
f 607 6187 6189
f 612 6218 6220
f 626 6302 6304
f 629 6320 6322
f 631 6332 6334
f 614 6230 6232
f 618 6254 6256
f 641 6391 6393
f 605 6175 6177
f 409 5000 5002
f 405 4976 4978
f 411 5012 5014
f 414 5030 5032
f 417 5048 5050
f 431 5132 5134
f 488 5474 5476
f 575 5996 5998
f 563 5924 5926
f 519 5660 5662
f 454 5270 5272
f 450 5246 5248
f 456 5282 5284
f 459 5300 5302
f 462 5318 5320
f 472 5378 5380
f 446 5222 5224
f 506 5582 5584
f 535 5756 5758
f 541 5792 5794
f 570 5966 5968
f 480 5426 5428
f 421 5072 5074
f 511 5612 5614
f 556 5882 5884
f 484 5450 5452
f 580 6026 6028
f 567 5948 5950
f 522 5678 5680
f 427 5108 5110
f 544 5810 5812
f 468 5354 5356
f 436 5162 5164
f 499 5540 5542
f 530 5726 5728
f 548 5834 5836
f 466 5342 5344
f 442 5198 5200
f 505 5576 5578
f 536 5762 5764
f 491 5492 5494
f 423 5084 5086
f 513 5624 5626
f 564 5930 5932
f 581 6032 6034
f 549 5840 5842
f 477 5408 5410
f 445 5216 5218
f 503 5564 5566
f 525 5696 5698
f 474 5390 5392
f 438 5174 5176
f 495 5516 5518
f 532 5738 5740
f 552 5858 5860
f 490 5486 5488
f 577 6008 6010
f 559 5900 5902
f 517 5648 5650
f 430 5126 5128
f 590 6085 6087
f 584 6049 6051
f 585 6055 6057
f 592 6097 6099
f 595 6115 6117
f 598 6133 6135
f 636 6361 6363
f 621 6272 6274
f 642 6398 6400
f 601 6152 6154
f 623 6283 6285
f 611 6211 6213
f 609 6200 6202
f 625 6295 6297
f 628 6313 6315
f 632 6337 6339
f 613 6223 6225
f 616 6242 6244
f 638 6374 6376
f 606 6182 6184
f 407 4988 4992
f 403 4964 4968
f 404 4969 4973
f 410 5005 5009
f 413 5023 5027
f 422 5077 5081
f 486 5462 5466
f 573 5984 5988
f 561 5912 5916
f 512 5617 5621
f 452 5258 5262
f 448 5234 5238
f 449 5239 5243
f 455 5275 5279
f 458 5293 5297
f 470 5366 5370
f 437 5167 5171
f 494 5509 5513
f 531 5731 5735
f 539 5780 5784
f 568 5954 5958
f 478 5414 5418
f 419 5060 5064
f 509 5600 5604
f 554 5870 5874
f 482 5438 5442
f 576 6001 6005
f 558 5893 5897
f 516 5641 5645
f 425 5096 5100
f 542 5798 5802
f 463 5323 5327
f 434 5150 5154
f 497 5528 5532
f 528 5714 5718
f 546 5822 5826
f 464 5330 5334
f 440 5186 5190
f 500 5545 5549
f 524 5689 5693
f 479 5419 5423
f 418 5053 5057
f 508 5593 5597
f 553 5863 5867
f 569 5959 5963
f 538 5773 5777
f 471 5371 5375
f 443 5204 5208
f 501 5552 5556
f 523 5684 5688
f 467 5347 5351
f 433 5143 5147
f 493 5504 5508
f 527 5707 5711
f 543 5803 5807
f 485 5455 5459
f 572 5977 5981
f 557 5888 5892
f 515 5636 5640
f 428 5114 5118
f 591 6091 6095
f 587 6067 6071
f 588 6074 6078
f 594 6110 6114
f 597 6128 6132
f 600 6146 6150
f 634 6349 6353
f 619 6259 6263
f 639 6379 6383
f 602 6158 6162
f 624 6289 6293
f 608 6193 6197
f 610 6206 6210
f 627 6308 6312
f 630 6326 6330
f 635 6355 6359
f 615 6236 6240
f 617 6248 6252
f 637 6368 6372
f 604 6169 6173
f 167 3551 3549
f 164 3533 3531
f 163 3528 3526
f 165 3540 3538
f 166 3546 3544
f 169 3564 3562
f 192 3702 3700
f 222 3882 3880
f 216 3846 3844
f 199 3744 3742
f 182 3641 3639
f 179 3623 3621
f 178 3618 3616
f 180 3630 3628
f 181 3636 3634
f 186 3666 3664
f 174 3594 3592
f 193 3708 3706
f 205 3780 3778
f 212 3821 3819
f 221 3875 3873
f 189 3683 3681
f 170 3569 3567
f 202 3761 3759
f 217 3851 3849
f 191 3695 3693
f 220 3870 3868
f 214 3834 3832
f 200 3750 3748
f 171 3575 3573
f 210 3809 3807
f 183 3647 3645
f 175 3599 3597
f 196 3725 3723
f 207 3792 3790
f 211 3816 3814
f 187 3671 3669
f 176 3605 3603
f 195 3719 3717
f 203 3768 3766
f 188 3678 3676
f 168 3557 3555
f 198 3737 3735
f 213 3827 3825
f 218 3858 3856
f 208 3797 3795
f 185 3660 3658
f 177 3612 3610
f 197 3732 3730
f 206 3785 3783
f 184 3654 3652
f 173 3587 3585
f 194 3713 3711
f 204 3773 3771
f 209 3804 3802
f 190 3689 3687
f 219 3863 3861
f 215 3839 3837
f 201 3756 3754
f 172 3582 3580
f 357 4692 4690
f 255 4080 4078
f 262 4122 4120
f 388 4878 4876
f 400 4950 4948
f 352 4662 4660
f 347 4632 4630
f 298 4338 4336
f 364 4734 4732
f 269 4164 4162
f 339 4584 4582
f 285 4260 4258
f 293 4308 4306
f 370 4770 4768
f 396 4926 4924
f 353 4668 4666
f 346 4626 4624
f 299 4344 4342
f 365 4740 4738
f 268 4158 4156
f 249 4043 4041
f 231 3935 3933
f 226 3905 3903
f 238 3977 3975
f 244 4013 4011
f 257 4091 4089
f 359 4703 4701
f 402 4961 4959
f 390 4889 4887
f 264 4133 4131
f 327 4511 4509
f 309 4403 4401
f 282 4241 4239
f 317 4451 4449
f 322 4481 4479
f 341 4595 4593
f 286 4265 4263
f 294 4313 4311
f 372 4781 4779
f 394 4913 4911
f 358 4697 4695
f 256 4085 4083
f 261 4115 4113
f 387 4871 4869
f 399 4943 4941
f 351 4655 4653
f 348 4637 4635
f 300 4349 4347
f 366 4745 4743
f 267 4151 4149
f 340 4589 4587
f 287 4271 4269
f 291 4295 4293
f 369 4763 4761
f 395 4919 4917
f 354 4673 4671
f 345 4619 4617
f 297 4331 4329
f 363 4727 4725
f 270 4169 4167
f 234 3953 3951
f 227 3911 3909
f 239 3983 3981
f 245 4019 4017
f 252 4061 4059
f 275 4199 4197
f 334 4553 4551
f 304 4373 4371
f 377 4811 4809
f 382 4841 4839
f 312 4421 4419
f 279 4223 4221
f 316 4445 4443
f 323 4487 4485
f 330 4529 4527
f 335 4559 4557
f 305 4379 4377
f 376 4805 4803
f 383 4847 4845
f 274 4193 4191
f 232 3942 3940
f 225 3900 3898
f 237 3972 3970
f 243 4008 4006
f 250 4050 4048
f 273 4188 4186
f 336 4566 4564
f 306 4386 4384
f 378 4818 4816
f 381 4836 4834
f 311 4416 4414
f 281 4236 4234
f 315 4440 4438
f 321 4476 4474
f 328 4518 4516
f 333 4548 4546
f 303 4368 4366
f 375 4800 4798
f 384 4854 4852
f 276 4206 4204
f 229 3924 3922
f 223 3887 3885
f 235 3959 3957
f 241 3995 3993
f 247 4032 4030
f 271 4175 4173
f 332 4542 4540
f 302 4362 4360
f 374 4794 4792
f 379 4823 4821
f 307 4392 4390
f 278 4217 4215
f 313 4427 4425
f 319 4463 4461
f 325 4500 4498
f 331 4535 4533
f 301 4355 4353
f 373 4787 4785
f 380 4830 4828
f 272 4182 4180
f 248 4037 4035
f 230 3929 3927
f 224 3894 3892
f 236 3966 3964
f 242 4002 4000
f 254 4074 4072
f 356 4686 4684
f 397 4932 4930
f 385 4860 4858
f 259 4104 4102
f 326 4505 4503
f 308 4397 4395
f 277 4212 4210
f 314 4434 4432
f 320 4470 4468
f 338 4578 4576
f 284 4254 4252
f 289 4284 4282
f 367 4752 4750
f 391 4895 4893
f 355 4679 4677
f 253 4067 4065
f 260 4109 4107
f 386 4865 4863
f 398 4937 4935
f 350 4649 4647
f 343 4608 4606
f 295 4320 4318
f 361 4716 4714
f 266 4145 4143
f 337 4571 4569
f 283 4247 4245
f 290 4289 4287
f 368 4757 4755
f 392 4902 4900
f 349 4644 4642
f 344 4613 4611
f 296 4325 4323
f 362 4721 4719
f 265 4140 4138
f 251 4056 4054
f 233 3948 3946
f 228 3918 3916
f 240 3990 3988
f 246 4026 4024
f 258 4098 4096
f 360 4710 4708
f 401 4956 4954
f 389 4884 4882
f 263 4128 4126
f 329 4524 4522
f 310 4410 4408
f 280 4230 4228
f 318 4458 4456
f 324 4494 4492
f 342 4602 4600
f 288 4278 4276
f 292 4302 4300
f 371 4776 4774
f 393 4908 4906
f 409 5003 5004
f 405 4979 4980
f 411 5015 5016
f 414 5033 5034
f 417 5051 5052
f 431 5135 5136
f 488 5477 5478
f 575 5999 6000
f 563 5927 5928
f 519 5663 5664
f 454 5273 5274
f 450 5249 5250
f 456 5285 5286
f 459 5303 5304
f 462 5321 5322
f 472 5381 5382
f 446 5225 5226
f 506 5585 5586
f 535 5759 5760
f 541 5795 5796
f 570 5969 5970
f 480 5429 5430
f 421 5075 5076
f 511 5615 5616
f 556 5885 5886
f 484 5453 5454
f 580 6029 6030
f 567 5951 5952
f 522 5681 5682
f 427 5111 5112
f 544 5813 5814
f 468 5357 5358
f 436 5165 5166
f 499 5543 5544
f 530 5729 5730
f 548 5837 5838
f 466 5345 5346
f 442 5201 5202
f 505 5579 5580
f 536 5765 5766
f 491 5495 5496
f 423 5087 5088
f 513 5627 5628
f 564 5933 5934
f 581 6035 6036
f 549 5843 5844
f 477 5411 5412
f 445 5219 5220
f 503 5567 5568
f 525 5699 5700
f 474 5393 5394
f 438 5177 5178
f 495 5519 5520
f 532 5741 5742
f 552 5861 5862
f 490 5489 5490
f 577 6011 6012
f 559 5903 5904
f 517 5651 5652
f 430 5129 5130
f 590 6090 6089
f 584 6054 6053
f 585 6060 6059
f 592 6102 6101
f 595 6120 6119
f 598 6138 6137
f 636 6366 6365
f 621 6275 6276
f 642 6401 6402
f 601 6155 6156
f 623 6288 6287
f 611 6216 6215
f 609 6203 6204
f 625 6300 6299
f 628 6318 6317
f 632 6342 6341
f 613 6228 6227
f 616 6245 6246
f 638 6377 6378
f 606 6185 6186
f 1607 6409 6416
f 1603 6405 6408
f 1604 6411 6406
f 1610 6414 6412
f 1613 6417 6415
f 1622 6431 6424
f 1686 6488 6492
f 1773 6575 6582
f 1761 6563 6565
f 1712 6519 6514
f 1652 6454 6461
f 1648 6450 6453
f 1649 6456 6451
f 1655 6459 6457
f 1658 6462 6460
f 1670 6472 6475
f 1637 6446 6439
f 1694 6506 6496
f 1731 6535 6533
f 1739 6541 6551
f 1768 6570 6579
f 1678 6480 6483
f 1619 6421 6426
f 1709 6511 6521
f 1754 6556 6566
f 1682 6484 6489
f 1776 6580 6578
f 1758 6567 6560
f 1716 6522 6518
f 1625 6427 6429
f 1742 6544 6547
f 1663 6468 6465
f 1634 6436 6441
f 1697 6499 6504
f 1728 6530 6537
f 1746 6548 6550
f 1664 6466 6476
f 1640 6442 6444
f 1700 6505 6502
f 1724 6536 6526
f 1679 6491 6481
f 1618 6423 6420
f 1708 6513 6510
f 1753 6564 6555
f 1769 6581 6571
f 1738 6549 6540
f 1671 6477 6473
f 1643 6445 6447
f 1701 6503 6507
f 1723 6525 6534
f 1667 6474 6469
f 1633 6438 6435
f 1693 6495 6498
f 1727 6532 6529
f 1743 6552 6545
f 1685 6490 6487
f 1772 6577 6574
f 1757 6559 6562
f 1715 6517 6520
f 1628 6430 6432
f 2187 6991 6989
f 1881 6685 6683
f 1899 6701 6703
f 2277 7079 7081
f 2313 7115 7117
f 2169 6971 6973
f 2156 6960 6958
f 2010 6816 6812
f 2208 7014 7010
f 1917 6719 6724
f 2133 6937 6935
f 1971 6778 6773
f 1989 6791 6796
f 2223 7025 7027
f 2300 7102 7104
f 2174 6978 6976
f 2151 6953 6955
f 2007 6809 6814
f 2205 7007 7012
f 1920 6726 6722
f 1855 6657 6664
f 1801 6603 6610
f 1784 6586 6595
f 1820 6622 6631
f 1838 6640 6649
f 1874 6676 6687
f 2180 6982 6993
f 2310 7112 7121
f 2274 7076 7085
f 1896 6698 6707
f 2089 6891 6898
f 2035 6837 6844
f 1950 6752 6761
f 2054 6856 6867
f 2072 6874 6883
f 2126 6928 6939
f 1964 6766 6775
f 1986 6788 6797
f 2220 7022 7031
f 2291 7093 7098
f 2183 6985 6990
f 1877 6679 6684
f 1891 6693 6700
f 2269 7071 7078
f 2305 7107 7114
f 2161 6963 6970
f 2148 6950 6959
f 2004 6806 6815
f 2202 7004 7013
f 1909 6711 6718
f 2129 6931 6936
f 1967 6769 6777
f 1981 6783 6790
f 2215 7017 7024
f 2288 7090 7101
f 2166 6968 6977
f 2143 6945 6952
f 1999 6801 6808
f 2197 6999 7006
f 1914 6716 6725
f 1806 6608 6617
f 1787 6589 6597
f 1823 6625 6633
f 1841 6643 6651
f 1860 6662 6671
f 1931 6733 6741
f 2108 6910 6919
f 2018 6820 6829
f 2234 7036 7047
f 2255 7057 7062
f 2040 6842 6851
f 1945 6747 6754
f 2057 6859 6864
f 2075 6877 6885
f 2094 6896 6905
f 2111 6913 6921
f 2021 6823 6831
f 2237 7039 7044
f 2252 7054 7065
f 1928 6730 6739
f 1812 6618 6614
f 1791 6598 6593
f 1827 6634 6629
f 1845 6652 6647
f 1866 6672 6668
f 1935 6742 6737
f 2118 6920 6924
f 2028 6830 6834
f 2246 7048 7050
f 2259 7063 7061
f 2048 6852 6850
f 1953 6755 6760
f 2061 6865 6863
f 2079 6886 6881
f 2100 6906 6902
f 2115 6922 6917
f 2025 6832 6827
f 2241 7045 7043
f 2264 7066 7068
f 1938 6740 6744
f 1802 6613 6604
f 1783 6592 6585
f 1819 6628 6621
f 1837 6646 6639
f 1856 6667 6658
f 1927 6736 6729
f 2112 6923 6914
f 2022 6833 6824
f 2238 7049 7040
f 2251 7060 7053
f 2036 6849 6838
f 1949 6759 6751
f 2053 6862 6855
f 2071 6880 6873
f 2090 6901 6892
f 2107 6916 6909
f 2017 6826 6819
f 2233 7042 7035
f 2256 7067 7058
f 1932 6743 6734
f 1859 6669 6661
f 1805 6615 6607
f 1788 6599 6590
f 1824 6635 6626
f 1842 6653 6644
f 1878 6689 6680
f 2184 6995 6986
f 2306 7119 7108
f 2270 7083 7072
f 1892 6705 6694
f 2093 6903 6895
f 2039 6846 6841
f 1946 6757 6748
f 2058 6869 6860
f 2076 6887 6878
f 2130 6941 6932
f 1968 6779 6770
f 1982 6793 6784
f 2216 7029 7018
f 2287 7096 7089
f 2179 6988 6981
f 1873 6682 6675
f 1895 6702 6697
f 2273 7080 7075
f 2309 7116 7111
f 2165 6972 6967
f 2144 6957 6946
f 2000 6811 6802
f 2198 7009 7000
f 1913 6723 6715
f 2125 6934 6927
f 1963 6772 6765
f 1985 6795 6787
f 2219 7026 7021
f 2292 7103 7094
f 2162 6975 6964
f 2147 6954 6949
f 2003 6813 6805
f 2201 7011 7003
f 1910 6721 6712
f 1863 6665 6670
f 1809 6611 6616
f 1794 6596 6600
f 1830 6632 6636
f 1848 6650 6654
f 1886 6688 6690
f 2192 6994 6996
f 2318 7122 7120
f 2282 7086 7084
f 1904 6708 6706
f 2097 6899 6904
f 2043 6845 6847
f 1956 6762 6758
f 2066 6868 6870
f 2082 6884 6888
f 2138 6940 6942
f 1974 6776 6780
f 1992 6798 6794
f 2228 7032 7030
f 2295 7099 7097
f 2331 8287 8285
f 2327 8215 8213
f 2328 8231 8233
f 2334 8339 8341
f 2337 8393 8395
f 2346 8483 8485
f 2412 9133 9131
f 2499 8899 8897
f 2487 9277 9275
f 2436 8537 8539
f 2376 8917 8915
f 2372 8683 8681
f 2373 8699 8701
f 2379 8951 8953
f 2382 8987 8989
f 2396 9079 9077
f 2361 8717 8719
f 2418 8807 8809
f 2457 9257 9259
f 2463 8629 8627
f 2492 8449 8447
f 2402 8305 8303
f 2343 8269 8267
f 2433 8377 8375
f 2478 8431 8429
f 2406 8503 8501
f 2502 9167 9169
f 2484 8861 8863
f 2442 9239 9241
f 2349 8521 8519
f 2468 9043 9041
f 2387 8735 8737
f 2358 8665 8663
f 2421 8971 8969
f 2454 9025 9023
f 2472 9151 9149
f 2388 8755 8753
f 2364 8773 8771
f 2426 9185 9187
f 2448 8591 8593
f 2403 8321 8323
f 2342 8249 8251
f 2432 8357 8359
f 2477 8411 8413
f 2493 8465 8467
f 2462 8609 8611
f 2397 9095 9097
f 2367 8827 8825
f 2427 9205 9203
f 2447 8575 8573
f 2391 8933 8935
f 2357 8645 8647
f 2417 8791 8789
f 2453 9005 9007
f 2469 9059 9061
f 2411 9113 9115
f 2498 8879 8881
f 2483 8845 8843
f 2441 9223 9221
f 2352 8557 8555
f 2509 8290 8292
f 2503 8218 8220
f 2506 8238 8236
f 2512 8346 8344
f 2515 8400 8398
f 2518 8490 8488
f 2555 9136 9138
f 2541 8902 8904
f 2562 9280 9282
f 2522 8544 8542
f 2542 8920 8922
f 2528 8686 8688
f 2531 8706 8704
f 2545 8958 8956
f 2548 8994 8992
f 2551 9082 9084
f 2533 8724 8722
f 2537 8814 8812
f 2559 9264 9262
f 2526 8632 8634
f 1616 7197 7204
f 1608 7143 7150
f 1606 7126 7135
f 1612 7162 7171
f 1615 7180 7189
f 1624 7234 7243
f 1692 7648 7657
f 1782 8188 8197
f 1765 8080 8089
f 1714 7774 7783
f 1661 7467 7474
f 1653 7413 7420
f 1651 7396 7405
f 1657 7432 7441
f 1660 7450 7459
f 1675 7540 7549
f 1639 7324 7333
f 1696 7666 7675
f 1733 7882 7891
f 1751 8007 8014
f 1779 8169 8176
f 1683 7593 7600
f 1626 7251 7258
f 1721 7827 7834
f 1766 8097 8104
f 1689 7629 7636
f 1778 8152 8161
f 1760 8044 8053
f 1718 7792 7801
f 1629 7269 7276
f 1747 7971 7978
f 1665 7485 7492
f 1641 7341 7348
f 1704 7719 7726
f 1737 7918 7927
f 1750 7990 7999
f 1676 7557 7564
f 1644 7359 7366
f 1702 7701 7708
f 1726 7846 7855
f 1681 7576 7585
f 1620 7215 7222
f 1710 7755 7762
f 1755 8025 8032
f 1771 8116 8125
f 1740 7935 7942
f 1673 7522 7531
f 1647 7378 7387
f 1707 7738 7747
f 1734 7899 7906
f 1669 7504 7513
f 1635 7305 7312
f 1698 7683 7690
f 1729 7863 7870
f 1745 7954 7963
f 1687 7611 7618
f 1774 8133 8140
f 1762 8061 8068
f 1720 7810 7819
f 1632 7288 7297
f 2189 8318 8327
f 1883 8246 8255
f 1903 8354 8363
f 2281 8408 8417
f 2317 8462 8471
f 2173 8606 8615
f 2158 9092 9101
f 2012 8818 8829
f 2210 9196 9207
f 1924 8566 8577
f 2135 8930 8939
f 1973 8642 8651
f 1996 8782 8793
f 2227 9002 9011
f 2304 9056 9065
f 2176 9110 9119
f 2155 8876 8885
f 2014 8836 8847
f 2212 9214 9225
f 1922 8548 8559
f 1864 8281 8286
f 1810 8209 8214
f 1795 8223 8230
f 1831 8331 8338
f 1849 8385 8392
f 1887 8475 8482
f 2193 9127 9132
f 2321 8893 8898
f 2285 9271 9276
f 1907 8529 8536
f 2098 8911 8916
f 2044 8677 8682
f 1961 8691 8698
f 2067 8943 8950
f 2083 8979 8986
f 2139 9073 9078
f 1975 8709 8716
f 1997 8799 8806
f 2231 9249 9256
f 2298 8623 8628
f 2190 8443 8448
f 1884 8299 8304
f 1900 8263 8268
f 2278 8371 8376
f 2314 8425 8430
f 2170 8497 8502
f 2159 9159 9166
f 2015 8853 8860
f 2213 9231 9238
f 1918 8515 8520
f 2136 9037 9042
f 1977 8727 8734
f 1990 8659 8664
f 2224 8965 8970
f 2301 9019 9024
f 2177 9145 9150
f 2152 8749 8754
f 2008 8767 8772
f 2206 9177 9184
f 1925 8583 8590
f 1817 8313 8320
f 1797 8241 8248
f 1833 8349 8356
f 1851 8403 8410
f 1871 8457 8464
f 1941 8601 8608
f 2119 9087 9094
f 2029 8821 8826
f 2247 9199 9204
f 2262 8569 8574
f 2051 8925 8932
f 1954 8637 8644
f 2064 8785 8790
f 2085 8997 9004
f 2105 9051 9058
f 2121 9105 9112
f 2031 8871 8878
f 2244 8839 8844
f 2265 9217 9222
f 1939 8551 8556
f 1814 8278 8289
f 1793 8206 8217
f 1829 8228 8237
f 1847 8336 8345
f 1868 8390 8399
f 1937 8480 8489
f 2124 9124 9135
f 2034 8890 8901
f 2250 9268 9279
f 2261 8534 8543
f 2050 8908 8919
f 1960 8674 8685
f 2063 8696 8705
f 2081 8948 8957
f 2102 8984 8993
f 2117 9070 9081
f 2027 8714 8723
f 2243 8804 8813
f 2268 9254 9263
f 1944 8620 8631
f 1804 7148 7157
f 1785 7129 7137
f 1821 7165 7173
f 1839 7183 7191
f 1858 7202 7211
f 1929 7291 7299
f 2114 7616 7625
f 2024 8138 8147
f 2240 8066 8075
f 2253 7813 7821
f 2038 7418 7427
f 1951 7399 7407
f 2055 7435 7443
f 2073 7453 7461
f 2092 7472 7481
f 2109 7525 7533
f 2019 7381 7389
f 2235 7741 7749
f 2258 7904 7913
f 1934 7940 7949
f 1861 8119 8127
f 1807 7579 7587
f 1790 7220 7229
f 1826 7760 7769
f 1844 8030 8039
f 1880 7598 7607
f 2186 8174 8183
f 2308 8102 8111
f 2272 7832 7841
f 1894 7256 7265
f 2095 7957 7965
f 2041 7507 7515
f 1948 7310 7319
f 2060 7688 7697
f 2078 7868 7877
f 2132 7976 7985
f 1970 7490 7499
f 1984 7346 7355
f 2218 7724 7733
f 2289 7921 7929
f 2181 7651 7659
f 1875 7237 7245
f 1897 7777 7785
f 2275 8083 8091
f 2311 8191 8199
f 2167 7993 8001
f 2146 7562 7571
f 2002 7364 7373
f 2200 7706 7715
f 1915 7849 7857
f 2127 7543 7551
f 1965 7327 7335
f 1987 7669 7677
f 2221 7885 7893
f 2294 8012 8021
f 2164 7634 7643
f 2149 8155 8163
f 2005 8047 8055
f 2203 7795 7803
f 1912 7274 7283
f 1870 8440 8451
f 1816 8296 8307
f 1800 8260 8271
f 1836 8368 8379
f 1854 8422 8433
f 1890 8494 8505
f 2196 9164 9173
f 2320 8858 8867
f 2284 9236 9245
f 1906 8512 8523
f 2104 9034 9045
f 2047 8732 8741
f 1958 8656 8667
f 2070 8962 8973
f 2088 9016 9027
f 2142 9142 9153
f 1980 8746 8757
f 1994 8764 8775
f 2230 9182 9191
f 2297 8588 8597
f 2329 7158 7154
f 2323 7138 7133
f 2326 7174 7169
f 2333 7192 7187
f 2336 7212 7208
f 2345 7300 7295
f 2409 7626 7622
f 2496 8148 8144
f 2485 8076 8072
f 2435 7822 7817
f 2374 7428 7424
f 2368 7408 7403
f 2371 7444 7439
f 2378 7462 7457
f 2381 7482 7478
f 2392 7534 7529
f 2360 7390 7385
f 2416 7750 7745
f 2456 7914 7910
f 2460 7950 7946
f 2488 8128 8123
f 2398 7588 7583
f 2340 7230 7226
f 2430 7770 7766
f 2475 8040 8036
f 2404 7608 7604
f 2501 8184 8180
f 2482 8112 8108
f 2440 7842 7838
f 2347 7266 7262
f 2464 7966 7961
f 2384 7516 7511
f 2355 7320 7316
f 2419 7698 7694
f 2451 7878 7874
f 2470 7986 7982
f 2385 7500 7496
f 2362 7356 7352
f 2423 7734 7730
f 2446 7930 7925
f 2401 7660 7655
f 2339 7246 7241
f 2429 7786 7781
f 2474 8092 8087
f 2491 8200 8195
f 2459 8002 7997
f 2395 7572 7568
f 2365 7374 7370
f 2424 7716 7712
f 2443 7858 7853
f 2390 7552 7547
f 2354 7336 7331
f 2413 7678 7673
f 2450 7894 7889
f 2467 8022 8018
f 2408 7644 7640
f 2495 8164 8159
f 2479 8056 8051
f 2437 7804 7799
f 2350 7284 7280
f 2511 8452 8454
f 2505 8308 8310
f 2507 8272 8274
f 2513 8380 8382
f 2516 8434 8436
f 2519 8506 8508
f 2556 9174 9172
f 2540 8868 8866
f 2561 9246 9244
f 2521 8524 8526
f 2544 9046 9048
f 2529 8742 8740
f 2530 8668 8670
f 2546 8974 8976
f 2549 9028 9030
f 2553 9154 9156
f 2534 8758 8760
f 2536 8776 8778
f 2557 9192 9190
f 2525 8598 8596
f 1609 7153 7144
f 1605 7132 7125
f 1611 7168 7161
f 1614 7186 7179
f 1617 7207 7198
f 1631 7294 7287
f 1688 7621 7612
f 1775 8143 8134
f 1763 8071 8062
f 1719 7816 7809
f 1654 7423 7414
f 1650 7402 7395
f 1656 7438 7431
f 1659 7456 7449
f 1662 7477 7468
f 1672 7528 7521
f 1646 7384 7377
f 1706 7744 7737
f 1735 7909 7900
f 1741 7945 7936
f 1770 8122 8115
f 1680 7582 7575
f 1621 7225 7216
f 1711 7765 7756
f 1756 8035 8026
f 1684 7603 7594
f 1780 8179 8170
f 1767 8107 8098
f 1722 7837 7828
f 1627 7261 7252
f 1744 7960 7953
f 1668 7510 7503
f 1636 7315 7306
f 1699 7693 7684
f 1730 7873 7864
f 1748 7981 7972
f 1666 7495 7486
f 1642 7351 7342
f 1705 7729 7720
f 1736 7924 7917
f 1691 7654 7647
f 1623 7240 7233
f 1713 7780 7773
f 1764 8086 8079
f 1781 8194 8187
f 1749 7996 7989
f 1677 7567 7558
f 1645 7369 7360
f 1703 7711 7702
f 1725 7852 7845
f 1674 7546 7539
f 1638 7330 7323
f 1695 7672 7665
f 1732 7888 7881
f 1752 8017 8008
f 1690 7639 7630
f 1777 8158 8151
f 1759 8050 8043
f 1717 7798 7791
f 1630 7279 7270
f 2191 8453 8444
f 1885 8309 8300
f 1901 8273 8264
f 2279 8381 8372
f 2315 8435 8426
f 2171 8507 8498
f 2160 9171 9160
f 2016 8865 8854
f 2214 9243 9232
f 1919 8525 8516
f 2137 9047 9038
f 1978 8739 8728
f 1991 8669 8660
f 2225 8975 8966
f 2302 9029 9020
f 2178 9155 9146
f 2153 8759 8750
f 2009 8777 8768
f 2207 9189 9178
f 1926 8595 8584
f 1857 7209 7201
f 1803 7155 7147
f 1786 7139 7130
f 1822 7175 7166
f 1840 7193 7184
f 1876 7247 7238
f 2182 7661 7652
f 2312 8201 8192
f 2276 8093 8084
f 1898 7787 7778
f 2091 7479 7471
f 2037 7425 7417
f 1952 7409 7400
f 2056 7445 7436
f 2074 7463 7454
f 2128 7553 7544
f 1966 7337 7328
f 1988 7679 7670
f 2222 7895 7886
f 2293 8019 8011
f 2185 8181 8173
f 1879 7605 7597
f 1893 7263 7255
f 2271 7839 7831
f 2307 8109 8101
f 2163 7641 7633
f 2150 8165 8156
f 2006 8057 8048
f 2204 7805 7796
f 1911 7281 7273
f 2131 7983 7975
f 1969 7497 7489
f 1983 7353 7345
f 2217 7731 7723
f 2290 7931 7922
f 2168 8003 7994
f 2145 7569 7561
f 2001 7371 7363
f 2199 7713 7705
f 1916 7859 7850
f 1808 7589 7580
f 1789 7227 7219
f 1825 7767 7759
f 1843 8037 8029
f 1862 8129 8120
f 1933 7947 7939
f 2110 7535 7526
f 2020 7391 7382
f 2236 7751 7742
f 2257 7911 7903
f 2042 7517 7508
f 1947 7317 7309
f 2059 7695 7687
f 2077 7875 7867
f 2096 7967 7958
f 2113 7623 7615
f 2023 8145 8137
f 2239 8073 8065
f 2254 7823 7814
f 1930 7301 7292
f 1818 8325 8314
f 1798 8253 8242
f 1834 8361 8350
f 1852 8415 8404
f 1872 8469 8458
f 1942 8613 8602
f 2120 9099 9088
f 2030 8831 8822
f 2248 9209 9200
f 2263 8579 8570
f 2052 8937 8926
f 1955 8649 8638
f 2065 8795 8786
f 2086 9009 8998
f 2106 9063 9052
f 2122 9117 9106
f 2032 8883 8872
f 2245 8849 8840
f 2266 9227 9218
f 1940 8561 8552
f 1813 8284 8277
f 1792 8212 8205
f 1828 8232 8227
f 1846 8340 8335
f 1867 8394 8389
f 1936 8484 8479
f 2123 9130 9123
f 2033 8896 8889
f 2249 9274 9267
f 2260 8538 8533
f 2049 8914 8907
f 1959 8680 8673
f 2062 8700 8695
f 2080 8952 8947
f 2101 8988 8983
f 2116 9076 9069
f 2026 8718 8713
f 2242 8808 8803
f 2267 9258 9253
f 1943 8626 8619
f 1869 8446 8439
f 1815 8302 8295
f 1799 8266 8259
f 1835 8374 8367
f 1853 8428 8421
f 1889 8500 8493
f 2195 9168 9163
f 2319 8862 8857
f 2283 9240 9235
f 1905 8518 8511
f 2103 9040 9033
f 2046 8736 8731
f 1957 8662 8655
f 2069 8968 8961
f 2087 9022 9015
f 2141 9148 9141
f 1979 8752 8745
f 1993 8770 8763
f 2229 9186 9181
f 2296 8592 8587
f 2188 8322 8317
f 1882 8250 8245
f 1902 8358 8353
f 2280 8412 8407
f 2316 8466 8461
f 2172 8610 8605
f 2157 9096 9091
f 2011 8824 8817
f 2209 9202 9195
f 1923 8572 8565
f 2134 8934 8929
f 1972 8646 8641
f 1995 8788 8781
f 2226 9006 9001
f 2303 9060 9055
f 2175 9114 9109
f 2154 8880 8875
f 2013 8842 8835
f 2211 9220 9213
f 1921 8554 8547
f 1865 8291 8282
f 1811 8219 8210
f 1796 8235 8224
f 1832 8343 8332
f 1850 8397 8386
f 1888 8487 8476
f 2194 9137 9128
f 2322 8903 8894
f 2286 9281 9272
f 1908 8541 8530
f 2099 8921 8912
f 2045 8687 8678
f 1962 8703 8692
f 2068 8955 8944
f 2084 8991 8980
f 2140 9083 9074
f 1976 8721 8710
f 1998 8811 8800
f 2232 9261 9250
f 2299 8633 8624
f 2330 7205 7210
f 2324 7151 7156
f 2325 7136 7140
f 2332 7172 7176
f 2335 7190 7194
f 2344 7244 7248
f 2410 7658 7662
f 2497 8198 8202
f 2486 8090 8094
f 2434 7784 7788
f 2375 7475 7480
f 2369 7421 7426
f 2370 7406 7410
f 2377 7442 7446
f 2380 7460 7464
f 2393 7550 7554
f 2359 7334 7338
f 2415 7676 7680
f 2455 7892 7896
f 2461 8015 8020
f 2489 8177 8182
f 2399 7601 7606
f 2341 7259 7264
f 2431 7835 7840
f 2476 8105 8110
f 2405 7637 7642
f 2500 8162 8166
f 2481 8054 8058
f 2439 7802 7806
f 2348 7277 7282
f 2465 7979 7984
f 2383 7493 7498
f 2356 7349 7354
f 2420 7727 7732
f 2452 7928 7932
f 2471 8000 8004
f 2386 7565 7570
f 2363 7367 7372
f 2422 7709 7714
f 2445 7856 7860
f 2400 7586 7590
f 2338 7223 7228
f 2428 7763 7768
f 2473 8033 8038
f 2490 8126 8130
f 2458 7943 7948
f 2394 7532 7536
f 2366 7388 7392
f 2425 7748 7752
f 2444 7907 7912
f 2389 7514 7518
f 2353 7313 7318
f 2414 7691 7696
f 2449 7871 7876
f 2466 7964 7968
f 2407 7619 7624
f 2494 8141 8146
f 2480 8069 8074
f 2438 7820 7824
f 2351 7298 7302
f 2510 8328 8326
f 2504 8256 8254
f 2508 8364 8362
f 2514 8418 8416
f 2517 8472 8470
f 2520 8616 8614
f 2554 9102 9100
f 2539 8830 8832
f 2560 9208 9210
f 2523 8578 8580
f 2543 8940 8938
f 2527 8652 8650
f 2532 8794 8796
f 2547 9012 9010
f 2550 9066 9064
f 2552 9120 9118
f 2535 8886 8884
f 2538 8848 8850
f 2558 9226 9228
f 2524 8560 8562
f 1607 9290 9289
f 1603 9284 9283
f 1604 9285 9286
f 1610 9292 9293
f 1613 9295 9296
f 1622 9304 9305
f 1686 9370 9369
f 1773 9457 9456
f 1761 9446 9445
f 1712 9394 9395
f 1652 9335 9334
f 1648 9329 9328
f 1649 9330 9331
f 1655 9337 9338
f 1658 9340 9341
f 1670 9353 9352
f 1637 9319 9320
f 1694 9375 9376
f 1731 9415 9416
f 1739 9421 9420
f 1768 9449 9448
f 1678 9359 9358
f 1619 9301 9300
f 1709 9391 9390
f 1754 9436 9435
f 1682 9365 9364
f 1776 9460 9461
f 1758 9441 9442
f 1716 9399 9400
f 1625 9308 9307
f 1742 9425 9424
f 1663 9343 9344
f 1634 9316 9315
f 1697 9380 9379
f 1728 9412 9411
f 1746 9431 9430
f 1664 9346 9345
f 1640 9323 9322
f 1700 9382 9383
f 1724 9405 9406
f 1679 9360 9361
f 1618 9298 9299
f 1708 9388 9389
f 1753 9433 9434
f 1769 9450 9451
f 1738 9418 9419
f 1671 9354 9355
f 1643 9326 9325
f 1701 9385 9384
f 1723 9404 9403
f 1667 9349 9350
f 1633 9313 9314
f 1693 9374 9373
f 1727 9409 9410
f 1743 9426 9427
f 1685 9367 9368
f 1772 9454 9455
f 1757 9440 9439
f 1715 9398 9397
f 1628 9311 9310
f 2187 9871 9872
f 1881 9565 9566
f 1899 9584 9583
f 2277 9962 9961
f 2313 9998 9997
f 2169 9854 9853
f 2156 9838 9839
f 2010 9694 9695
f 2208 9892 9893
f 1917 9602 9601
f 2133 9817 9818
f 1971 9655 9656
f 1989 9674 9673
f 2223 9908 9907
f 2300 9983 9982
f 2174 9856 9857
f 2151 9836 9835
f 2007 9692 9691
f 2205 9890 9889
f 1920 9604 9605
f 1855 9536 9535
f 1801 9482 9481
f 1784 9466 9465
f 1820 9502 9501
f 1838 9520 9519
f 1874 9556 9555
f 2180 9862 9861
f 2310 9994 9993
f 2274 9958 9957
f 1896 9580 9579
f 2089 9770 9769
f 2035 9716 9715
f 1950 9634 9633
f 2054 9736 9735
f 2072 9754 9753
f 2126 9808 9807
f 1964 9646 9645
f 1986 9670 9669
f 2220 9904 9903
f 2291 9974 9973
f 2183 9866 9865
f 1877 9560 9559
f 1891 9572 9571
f 2269 9950 9949
f 2305 9986 9985
f 2161 9842 9841
f 2148 9832 9831
f 2004 9688 9687
f 2202 9886 9885
f 1909 9590 9589
f 2129 9812 9811
f 1967 9650 9649
f 1981 9662 9661
f 2215 9896 9895
f 2288 9970 9969
f 2166 9850 9849
f 2143 9824 9823
f 1999 9680 9679
f 2197 9878 9877
f 1914 9598 9597
f 1806 9490 9489
f 1787 9470 9469
f 1823 9506 9505
f 1841 9524 9523
f 1860 9544 9543
f 1931 9614 9613
f 2108 9790 9789
f 2018 9700 9699
f 2234 9916 9915
f 2255 9938 9937
f 2040 9724 9723
f 1945 9626 9625
f 2057 9740 9739
f 2075 9758 9757
f 2094 9778 9777
f 2111 9794 9793
f 2021 9704 9703
f 2237 9920 9919
f 2252 9934 9933
f 1928 9610 9609
f 1812 9496 9497
f 1791 9475 9476
f 1827 9511 9512
f 1845 9529 9530
f 1866 9550 9551
f 1935 9619 9620
f 2118 9803 9802
f 2028 9713 9712
f 2246 9929 9928
f 2259 9943 9944
f 2048 9730 9731
f 1953 9638 9637
f 2061 9745 9746
f 2079 9763 9764
f 2100 9784 9785
f 2115 9799 9800
f 2025 9709 9710
f 2241 9925 9926
f 2264 9947 9946
f 1938 9623 9622
f 1802 9483 9484
f 1783 9463 9464
f 1819 9499 9500
f 1837 9517 9518
f 1856 9537 9538
f 1927 9607 9608
f 2112 9795 9796
f 2022 9705 9706
f 2238 9921 9922
f 2251 9931 9932
f 2036 9717 9718
f 1949 9631 9632
f 2053 9733 9734
f 2071 9751 9752
f 2090 9771 9772
f 2107 9787 9788
f 2017 9697 9698
f 2233 9913 9914
f 2256 9939 9940
f 1932 9615 9616
f 1859 9541 9542
f 1805 9487 9488
f 1788 9471 9472
f 1824 9507 9508
f 1842 9525 9526
f 1878 9561 9562
f 2184 9867 9868
f 2306 9987 9988
f 2270 9951 9952
f 1892 9573 9574
f 2093 9775 9776
f 2039 9721 9722
f 1946 9627 9628
f 2058 9741 9742
f 2076 9759 9760
f 2130 9813 9814
f 1968 9651 9652
f 1982 9663 9664
f 2216 9897 9898
f 2287 9967 9968
f 2179 9859 9860
f 1873 9553 9554
f 1895 9577 9578
f 2273 9955 9956
f 2309 9991 9992
f 2165 9847 9848
f 2144 9825 9826
f 2000 9681 9682
f 2198 9879 9880
f 1913 9595 9596
f 2125 9805 9806
f 1963 9643 9644
f 1985 9667 9668
f 2219 9901 9902
f 2292 9975 9976
f 2162 9843 9844
f 2147 9829 9830
f 2003 9685 9686
f 2201 9883 9884
f 1910 9591 9592
f 1863 9548 9547
f 1809 9494 9493
f 1794 9479 9478
f 1830 9515 9514
f 1848 9533 9532
f 1886 9569 9568
f 2192 9875 9874
f 2318 10000 10001
f 2282 9964 9965
f 1904 9586 9587
f 2097 9782 9781
f 2043 9728 9727
f 1956 9640 9641
f 2066 9749 9748
f 2082 9767 9766
f 2138 9821 9820
f 1974 9659 9658
f 1992 9676 9677
f 2228 9910 9911
f 2295 9979 9980
f 2331 10010 10011
f 2327 10004 10005
f 2328 10008 10007
f 2334 10014 10013
f 2337 10017 10016
f 2346 10026 10025
f 2412 10091 10092
f 2499 10178 10179
f 2487 10166 10167
f 2436 10116 10115
f 2376 10055 10056
f 2372 10049 10050
f 2373 10053 10052
f 2379 10059 10058
f 2382 10062 10061
f 2396 10073 10074
f 2361 10041 10040
f 2418 10098 10097
f 2457 10137 10136
f 2463 10142 10143
f 2492 10169 10170
f 2402 10079 10080
f 2343 10022 10023
f 2433 10112 10113
f 2478 10157 10158
f 2406 10085 10086
f 2502 10182 10181
f 2484 10164 10163
f 2442 10122 10121
f 2349 10028 10029
f 2468 10145 10146
f 2387 10065 10064
f 2358 10037 10038
f 2421 10100 10101
f 2454 10133 10134
f 2472 10151 10152
f 2388 10067 10068
f 2364 10043 10044
f 2426 10104 10103
f 2448 10128 10127
f 2403 10083 10082
f 2342 10020 10019
f 2432 10110 10109
f 2477 10155 10154
f 2493 10173 10172
f 2462 10140 10139
f 2397 10077 10076
f 2367 10046 10047
f 2427 10106 10107
f 2447 10124 10125
f 2391 10071 10070
f 2357 10035 10034
f 2417 10094 10095
f 2453 10131 10130
f 2469 10149 10148
f 2411 10089 10088
f 2498 10176 10175
f 2483 10160 10161
f 2441 10118 10119
f 2352 10031 10032
f 2509 10190 10189
f 2503 10184 10183
f 2506 10186 10187
f 2512 10192 10193
f 2515 10195 10196
f 2518 10198 10199
f 2555 10236 10234
f 2541 10221 10220
f 2562 10242 10241
f 2522 10201 10203
f 2542 10223 10222
f 2528 10209 10207
f 2531 10210 10212
f 2545 10225 10226
f 2548 10228 10229
f 2551 10232 10231
f 2533 10213 10214
f 2537 10216 10218
f 2559 10238 10239
f 2526 10206 10205
f 647 6407 2567
f 644 6403 2564
f 643 6404 2563
f 645 6410 2565
f 646 6413 2566
f 649 6422 2569
f 672 6486 2592
f 702 6573 2622
f 696 6561 2616
f 679 6512 2599
f 662 6452 2582
f 659 6448 2579
f 658 6449 2578
f 660 6455 2580
f 661 6458 2581
f 666 6470 2586
f 654 6437 2574
f 673 6494 2593
f 685 6531 2605
f 692 6539 2612
f 701 6568 2621
f 669 6478 2589
f 650 6419 2570
f 682 6509 2602
f 697 6554 2617
f 671 6482 2591
f 700 6576 2620
f 694 6558 2614
f 680 6516 2600
f 651 6425 2571
f 690 6542 2610
f 663 6463 2583
f 655 6434 2575
f 676 6497 2596
f 687 6528 2607
f 691 6546 2611
f 667 6464 2587
f 656 6440 2576
f 675 6500 2595
f 683 6524 2603
f 668 6479 2588
f 648 6418 2568
f 678 6508 2598
f 693 6553 2613
f 698 6569 2618
f 688 6538 2608
f 665 6471 2585
f 657 6443 2577
f 677 6501 2597
f 686 6523 2606
f 664 6467 2584
f 653 6433 2573
f 674 6493 2594
f 684 6527 2604
f 689 6543 2609
f 670 6485 2590
f 699 6572 2619
f 695 6557 2615
f 681 6515 2601
f 652 6428 2572
f 837 6987 2757
f 735 6681 2655
f 742 6699 2662
f 868 7077 2788
f 880 7113 2800
f 832 6969 2752
f 827 6956 2747
f 778 6810 2698
f 844 7008 2764
f 749 6717 2669
f 819 6933 2739
f 765 6771 2685
f 773 6789 2693
f 850 7023 2770
f 876 7100 2796
f 833 6974 2753
f 826 6951 2746
f 779 6807 2699
f 845 7005 2765
f 748 6720 2668
f 729 6655 2649
f 711 6601 2631
f 706 6584 2626
f 718 6620 2638
f 724 6638 2644
f 737 6674 2657
f 839 6980 2759
f 882 7110 2802
f 870 7074 2790
f 744 6696 2664
f 807 6889 2727
f 789 6835 2709
f 762 6750 2682
f 797 6854 2717
f 802 6872 2722
f 821 6926 2741
f 766 6764 2686
f 774 6786 2694
f 852 7020 2772
f 874 7091 2794
f 838 6983 2758
f 736 6677 2656
f 741 6691 2661
f 867 7069 2787
f 879 7105 2799
f 831 6961 2751
f 828 6948 2748
f 780 6804 2700
f 846 7002 2766
f 747 6709 2667
f 820 6929 2740
f 767 6767 2687
f 771 6781 2691
f 849 7015 2769
f 875 7088 2795
f 834 6966 2754
f 825 6943 2745
f 777 6799 2697
f 843 6997 2763
f 750 6714 2670
f 714 6606 2634
f 707 6587 2627
f 719 6623 2639
f 725 6641 2645
f 732 6660 2652
f 755 6731 2675
f 814 6908 2734
f 784 6818 2704
f 857 7034 2777
f 862 7055 2782
f 792 6840 2712
f 759 6745 2679
f 796 6857 2716
f 803 6875 2723
f 810 6894 2730
f 815 6911 2735
f 785 6821 2705
f 856 7037 2776
f 863 7052 2783
f 754 6728 2674
f 712 6612 2632
f 705 6591 2625
f 717 6627 2637
f 723 6645 2643
f 730 6666 2650
f 753 6735 2673
f 816 6918 2736
f 786 6828 2706
f 858 7046 2778
f 861 7059 2781
f 791 6848 2711
f 761 6753 2681
f 795 6861 2715
f 801 6879 2721
f 808 6900 2728
f 813 6915 2733
f 783 6825 2703
f 855 7041 2775
f 864 7064 2784
f 756 6738 2676
f 709 6602 2629
f 703 6583 2623
f 715 6619 2635
f 721 6637 2641
f 727 6656 2647
f 751 6727 2671
f 812 6912 2732
f 782 6822 2702
f 854 7038 2774
f 859 7051 2779
f 787 6836 2707
f 758 6749 2678
f 793 6853 2713
f 799 6871 2719
f 805 6890 2725
f 811 6907 2731
f 781 6817 2701
f 853 7033 2773
f 860 7056 2780
f 752 6732 2672
f 728 6659 2648
f 710 6605 2630
f 704 6588 2624
f 716 6624 2636
f 722 6642 2642
f 734 6678 2654
f 836 6984 2756
f 877 7106 2797
f 865 7070 2785
f 739 6692 2659
f 806 6893 2726
f 788 6839 2708
f 757 6746 2677
f 794 6858 2714
f 800 6876 2720
f 818 6930 2738
f 764 6768 2684
f 769 6782 2689
f 847 7016 2767
f 871 7087 2791
f 835 6979 2755
f 733 6673 2653
f 740 6695 2660
f 866 7073 2786
f 878 7109 2798
f 830 6965 2750
f 823 6944 2743
f 775 6800 2695
f 841 6998 2761
f 746 6713 2666
f 817 6925 2737
f 763 6763 2683
f 770 6785 2690
f 848 7019 2768
f 872 7092 2792
f 829 6962 2749
f 824 6947 2744
f 776 6803 2696
f 842 7001 2762
f 745 6710 2665
f 731 6663 2651
f 713 6609 2633
f 708 6594 2628
f 720 6630 2640
f 726 6648 2646
f 738 6686 2658
f 840 6992 2760
f 881 7118 2801
f 869 7082 2789
f 743 6704 2663
f 809 6897 2729
f 790 6843 2710
f 760 6756 2680
f 798 6866 2718
f 804 6882 2724
f 822 6938 2742
f 768 6774 2688
f 772 6792 2692
f 851 7028 2771
f 873 7095 2793
f 1269 8283 3189
f 1245 8211 3165
f 1252 8229 3172
f 1288 8337 3208
f 1306 8391 3226
f 1336 8481 3256
f 1551 9129 3471
f 1473 8895 3393
f 1599 9273 3519
f 1354 8535 3274
f 1479 8913 3399
f 1401 8679 3321
f 1408 8697 3328
f 1492 8949 3412
f 1504 8985 3424
f 1533 9075 3453
f 1414 8715 3334
f 1444 8805 3364
f 1594 9255 3514
f 1383 8625 3303
f 1323 8445 3243
f 1275 8301 3195
f 1263 8265 3183
f 1299 8373 3219
f 1317 8427 3237
f 1341 8499 3261
f 1564 9165 3484
f 1462 8859 3382
f 1588 9237 3508
f 1347 8517 3267
f 1521 9039 3441
f 1420 8733 3340
f 1395 8661 3315
f 1497 8967 3417
f 1515 9021 3435
f 1557 9147 3477
f 1425 8751 3345
f 1431 8769 3351
f 1570 9183 3490
f 1372 8589 3292
f 1282 8319 3202
f 1258 8247 3178
f 1294 8355 3214
f 1312 8409 3232
f 1330 8463 3250
f 1378 8607 3298
f 1540 9093 3460
f 1449 8823 3369
f 1575 9201 3495
f 1365 8571 3285
f 1486 8931 3406
f 1390 8643 3310
f 1437 8787 3357
f 1510 9003 3430
f 1528 9057 3448
f 1546 9111 3466
f 1468 8877 3388
f 1455 8841 3375
f 1581 9219 3501
f 1359 8553 3279
f 1272 8288 3192
f 1248 8216 3168
f 1253 8234 3173
f 1289 8342 3209
f 1307 8396 3227
f 1337 8486 3257
f 1554 9134 3474
f 1476 8900 3396
f 1602 9278 3522
f 1355 8540 3275
f 1482 8918 3402
f 1404 8684 3324
f 1409 8702 3329
f 1493 8954 3413
f 1505 8990 3425
f 1536 9080 3456
f 1415 8720 3335
f 1445 8810 3365
f 1595 9260 3515
f 1386 8630 3306
f 909 7195 2829
f 891 7141 2811
f 886 7124 2806
f 898 7160 2818
f 904 7178 2824
f 922 7232 2842
f 1060 7646 2980
f 1240 8186 3160
f 1204 8078 3124
f 1102 7772 3022
f 999 7465 2919
f 981 7411 2901
f 976 7394 2896
f 988 7430 2908
f 994 7448 2914
f 1024 7538 2944
f 952 7322 2872
f 1066 7664 2986
f 1138 7880 3058
f 1179 8005 3099
f 1233 8167 3153
f 1041 7591 2961
f 927 7249 2847
f 1119 7825 3039
f 1209 8095 3129
f 1053 7627 2973
f 1228 8150 3148
f 1192 8042 3112
f 1108 7790 3028
f 933 7267 2853
f 1167 7969 3087
f 1005 7483 2925
f 957 7339 2877
f 1083 7717 3003
f 1150 7916 3070
f 1174 7988 3094
f 1029 7555 2949
f 963 7357 2883
f 1077 7699 2997
f 1126 7844 3046
f 1036 7574 2956
f 915 7213 2835
f 1095 7753 3015
f 1185 8023 3105
f 1216 8114 3136
f 1155 7933 3075
f 1018 7520 2938
f 970 7376 2890
f 1090 7736 3010
f 1143 7897 3063
f 1012 7502 2932
f 945 7303 2865
f 1071 7681 2991
f 1131 7861 3051
f 1162 7952 3082
f 1047 7609 2967
f 1221 8131 3141
f 1197 8059 3117
f 1114 7808 3034
f 940 7286 2860
f 1284 8316 3204
f 1260 8244 3180
f 1296 8352 3216
f 1314 8406 3234
f 1332 8460 3252
f 1380 8604 3300
f 1542 9090 3462
f 1451 8816 3371
f 1577 9194 3497
f 1367 8564 3287
f 1488 8928 3408
f 1392 8640 3312
f 1439 8780 3359
f 1512 9000 3432
f 1530 9054 3450
f 1548 9108 3468
f 1470 8874 3390
f 1457 8834 3377
f 1583 9212 3503
f 1361 8546 3281
f 1270 8279 3190
f 1246 8207 3166
f 1251 8221 3171
f 1287 8329 3207
f 1305 8383 3225
f 1335 8473 3255
f 1552 9125 3472
f 1474 8891 3394
f 1600 9269 3520
f 1353 8527 3273
f 1480 8909 3400
f 1402 8675 3322
f 1407 8689 3327
f 1491 8941 3411
f 1503 8977 3423
f 1534 9071 3454
f 1413 8707 3333
f 1443 8797 3363
f 1593 9247 3513
f 1384 8621 3304
f 1324 8441 3244
f 1276 8297 3196
f 1264 8261 3184
f 1300 8369 3220
f 1318 8423 3238
f 1342 8495 3262
f 1563 9157 3483
f 1461 8851 3381
f 1587 9229 3507
f 1348 8513 3268
f 1522 9035 3442
f 1419 8725 3339
f 1396 8657 3316
f 1498 8963 3418
f 1516 9017 3436
f 1558 9143 3478
f 1426 8747 3346
f 1432 8765 3352
f 1569 9175 3489
f 1371 8581 3291
f 1281 8311 3201
f 1257 8239 3177
f 1293 8347 3213
f 1311 8401 3231
f 1329 8455 3249
f 1377 8599 3297
f 1539 9085 3459
f 1450 8819 3370
f 1576 9197 3496
f 1366 8567 3286
f 1485 8923 3405
f 1389 8635 3309
f 1438 8783 3358
f 1509 8995 3429
f 1527 9049 3447
f 1545 9103 3465
f 1467 8869 3387
f 1456 8837 3376
f 1582 9215 3502
f 1360 8549 3280
f 1271 8276 3191
f 1247 8204 3167
f 1254 8226 3174
f 1290 8334 3210
f 1308 8388 3228
f 1338 8478 3258
f 1553 9122 3473
f 1475 8888 3395
f 1601 9266 3521
f 1356 8532 3276
f 1481 8906 3401
f 1403 8672 3323
f 1410 8694 3330
f 1494 8946 3414
f 1506 8982 3426
f 1535 9068 3455
f 1416 8712 3336
f 1446 8802 3366
f 1596 9252 3516
f 1385 8618 3305
f 894 7146 2814
f 887 7127 2807
f 899 7163 2819
f 905 7181 2825
f 912 7200 2832
f 941 7289 2861
f 1050 7614 2970
f 1224 8136 3144
f 1200 8064 3120
f 1115 7811 3035
f 984 7416 2904
f 977 7397 2897
f 989 7433 2909
f 995 7451 2915
f 1002 7470 2922
f 1019 7523 2939
f 971 7379 2891
f 1091 7739 3011
f 1146 7902 3066
f 1158 7938 3078
f 1217 8117 3137
f 1037 7577 2957
f 918 7218 2838
f 1098 7758 3018
f 1188 8028 3108
f 1044 7596 2964
f 1236 8172 3156
f 1212 8100 3132
f 1122 7830 3042
f 930 7254 2850
f 1163 7955 3083
f 1013 7505 2933
f 948 7308 2868
f 1074 7686 2994
f 1134 7866 3054
f 1170 7974 3090
f 1008 7488 2928
f 960 7344 2880
f 1086 7722 3006
f 1151 7919 3071
f 1061 7649 2981
f 923 7235 2843
f 1103 7775 3023
f 1205 8081 3125
f 1241 8189 3161
f 1175 7991 3095
f 1032 7560 2952
f 966 7362 2886
f 1080 7704 3000
f 1127 7847 3047
f 1025 7541 2945
f 953 7325 2873
f 1067 7667 2987
f 1139 7883 3059
f 1182 8010 3102
f 1056 7632 2976
f 1229 8153 3149
f 1193 8045 3113
f 1109 7793 3029
f 936 7272 2856
f 1325 8438 3245
f 1277 8294 3197
f 1265 8258 3185
f 1301 8366 3221
f 1319 8420 3239
f 1343 8492 3263
f 1566 9162 3486
f 1464 8856 3384
f 1590 9234 3510
f 1349 8510 3269
f 1523 9032 3443
f 1422 8730 3342
f 1397 8654 3317
f 1499 8960 3419
f 1517 9014 3437
f 1559 9140 3479
f 1427 8744 3347
f 1433 8762 3353
f 1572 9180 3492
f 1374 8586 3294
f 892 7152 2812
f 885 7131 2805
f 897 7167 2817
f 903 7185 2823
f 910 7206 2830
f 939 7293 2859
f 1048 7620 2968
f 1222 8142 3142
f 1198 8070 3118
f 1113 7815 3033
f 982 7422 2902
f 975 7401 2895
f 987 7437 2907
f 993 7455 2913
f 1000 7476 2920
f 1017 7527 2937
f 969 7383 2889
f 1089 7743 3009
f 1144 7908 3064
f 1156 7944 3076
f 1215 8121 3135
f 1035 7581 2955
f 916 7224 2836
f 1096 7764 3016
f 1186 8034 3106
f 1042 7602 2962
f 1234 8178 3154
f 1210 8106 3130
f 1120 7836 3040
f 928 7260 2848
f 1161 7959 3081
f 1011 7509 2931
f 946 7314 2866
f 1072 7692 2992
f 1132 7872 3052
f 1168 7980 3088
f 1006 7494 2926
f 958 7350 2878
f 1084 7728 3004
f 1149 7923 3069
f 1059 7653 2979
f 921 7239 2841
f 1101 7779 3021
f 1203 8085 3123
f 1239 8193 3159
f 1173 7995 3093
f 1030 7566 2950
f 964 7368 2884
f 1078 7710 2998
f 1125 7851 3045
f 1023 7545 2943
f 951 7329 2871
f 1065 7671 2985
f 1137 7887 3057
f 1180 8016 3100
f 1054 7638 2974
f 1227 8157 3147
f 1191 8049 3111
f 1107 7797 3027
f 934 7278 2854
f 1326 8450 3246
f 1278 8306 3198
f 1266 8270 3186
f 1302 8378 3222
f 1320 8432 3240
f 1344 8504 3264
f 1565 9170 3485
f 1463 8864 3383
f 1589 9242 3509
f 1350 8522 3270
f 1524 9044 3444
f 1421 8738 3341
f 1398 8666 3318
f 1500 8972 3420
f 1518 9026 3438
f 1560 9152 3480
f 1428 8756 3348
f 1434 8774 3354
f 1571 9188 3491
f 1373 8594 3293
f 889 7142 2809
f 883 7123 2803
f 895 7159 2815
f 901 7177 2821
f 907 7196 2827
f 937 7285 2857
f 1045 7610 2965
f 1219 8132 3139
f 1195 8060 3115
f 1111 7807 3031
f 979 7412 2899
f 973 7393 2893
f 985 7429 2905
f 991 7447 2911
f 997 7466 2917
f 1015 7519 2935
f 967 7375 2887
f 1087 7735 3007
f 1141 7898 3061
f 1153 7934 3073
f 1213 8113 3133
f 1033 7573 2953
f 913 7214 2833
f 1093 7754 3013
f 1183 8024 3103
f 1039 7592 2959
f 1231 8168 3151
f 1207 8096 3127
f 1117 7826 3037
f 925 7250 2845
f 1159 7951 3079
f 1009 7501 2929
f 943 7304 2863
f 1069 7682 2989
f 1129 7862 3049
f 1165 7970 3085
f 1003 7484 2923
f 955 7340 2875
f 1081 7718 3001
f 1147 7915 3067
f 1057 7645 2977
f 919 7231 2839
f 1099 7771 3019
f 1201 8077 3121
f 1237 8185 3157
f 1171 7987 3091
f 1027 7556 2947
f 961 7358 2881
f 1075 7700 2995
f 1123 7843 3043
f 1021 7537 2941
f 949 7321 2869
f 1063 7663 2983
f 1135 7879 3055
f 1177 8006 3097
f 1051 7628 2971
f 1225 8149 3145
f 1189 8041 3109
f 1105 7789 3025
f 931 7268 2851
f 1322 8442 3242
f 1274 8298 3194
f 1262 8262 3182
f 1298 8370 3218
f 1316 8424 3236
f 1340 8496 3260
f 1561 9158 3481
f 1459 8852 3379
f 1585 9230 3505
f 1346 8514 3266
f 1520 9036 3440
f 1417 8726 3337
f 1394 8658 3314
f 1496 8964 3416
f 1514 9018 3434
f 1556 9144 3476
f 1424 8748 3344
f 1430 8766 3350
f 1567 9176 3487
f 1369 8582 3289
f 908 7199 2828
f 890 7145 2810
f 884 7128 2804
f 896 7164 2816
f 902 7182 2822
f 920 7236 2840
f 1058 7650 2978
f 1238 8190 3158
f 1202 8082 3122
f 1100 7776 3020
f 998 7469 2918
f 980 7415 2900
f 974 7398 2894
f 986 7434 2906
f 992 7452 2912
f 1022 7542 2942
f 950 7326 2870
f 1064 7668 2984
f 1136 7884 3056
f 1178 8009 3098
f 1232 8171 3152
f 1040 7595 2960
f 926 7253 2846
f 1118 7829 3038
f 1208 8099 3128
f 1052 7631 2972
f 1226 8154 3146
f 1190 8046 3110
f 1106 7794 3026
f 932 7271 2852
f 1166 7973 3086
f 1004 7487 2924
f 956 7343 2876
f 1082 7721 3002
f 1148 7920 3068
f 1172 7992 3092
f 1028 7559 2948
f 962 7361 2882
f 1076 7703 2996
f 1124 7848 3044
f 1034 7578 2954
f 914 7217 2834
f 1094 7757 3014
f 1184 8027 3104
f 1214 8118 3134
f 1154 7937 3074
f 1016 7524 2936
f 968 7380 2888
f 1088 7740 3008
f 1142 7901 3062
f 1010 7506 2930
f 944 7307 2864
f 1070 7685 2990
f 1130 7865 3050
f 1160 7956 3080
f 1046 7613 2966
f 1220 8135 3140
f 1196 8063 3116
f 1112 7812 3032
f 938 7290 2858
f 1279 8312 3199
f 1255 8240 3175
f 1291 8348 3211
f 1309 8402 3229
f 1327 8456 3247
f 1375 8600 3295
f 1537 9086 3457
f 1448 8820 3368
f 1574 9198 3494
f 1364 8568 3284
f 1483 8924 3403
f 1387 8636 3307
f 1436 8784 3356
f 1507 8996 3427
f 1525 9050 3445
f 1543 9104 3463
f 1465 8870 3385
f 1454 8838 3374
f 1580 9216 3500
f 1358 8550 3278
f 1267 8275 3187
f 1243 8203 3163
f 1250 8225 3170
f 1286 8333 3206
f 1304 8387 3224
f 1334 8477 3254
f 1549 9121 3469
f 1471 8887 3391
f 1597 9265 3517
f 1352 8531 3272
f 1477 8905 3397
f 1399 8671 3319
f 1406 8693 3326
f 1490 8945 3410
f 1502 8981 3422
f 1531 9067 3451
f 1412 8711 3332
f 1442 8801 3362
f 1592 9251 3512
f 1381 8617 3301
f 1321 8437 3241
f 1273 8293 3193
f 1261 8257 3181
f 1297 8365 3217
f 1315 8419 3235
f 1339 8491 3259
f 1562 9161 3482
f 1460 8855 3380
f 1586 9233 3506
f 1345 8509 3265
f 1519 9031 3439
f 1418 8729 3338
f 1393 8653 3313
f 1495 8959 3415
f 1513 9013 3433
f 1555 9139 3475
f 1423 8743 3343
f 1429 8761 3349
f 1568 9179 3488
f 1370 8585 3290
f 1280 8315 3200
f 1256 8243 3176
f 1292 8351 3212
f 1310 8405 3230
f 1328 8459 3248
f 1376 8603 3296
f 1538 9089 3458
f 1447 8815 3367
f 1573 9193 3493
f 1363 8563 3283
f 1484 8927 3404
f 1388 8639 3308
f 1435 8779 3355
f 1508 8999 3428
f 1526 9053 3446
f 1544 9107 3464
f 1466 8873 3386
f 1453 8833 3373
f 1579 9211 3499
f 1357 8545 3277
f 1268 8280 3188
f 1244 8208 3164
f 1249 8222 3169
f 1285 8330 3205
f 1303 8384 3223
f 1333 8474 3253
f 1550 9126 3470
f 1472 8892 3392
f 1598 9270 3518
f 1351 8528 3271
f 1478 8910 3398
f 1400 8676 3320
f 1405 8690 3325
f 1489 8942 3409
f 1501 8978 3421
f 1532 9072 3452
f 1411 8708 3331
f 1441 8798 3361
f 1591 9248 3511
f 1382 8622 3302
f 911 7203 2831
f 893 7149 2813
f 888 7134 2808
f 900 7170 2820
f 906 7188 2826
f 924 7242 2844
f 1062 7656 2982
f 1242 8196 3162
f 1206 8088 3126
f 1104 7782 3024
f 1001 7473 2921
f 983 7419 2903
f 978 7404 2898
f 990 7440 2910
f 996 7458 2916
f 1026 7548 2946
f 954 7332 2874
f 1068 7674 2988
f 1140 7890 3060
f 1181 8013 3101
f 1235 8175 3155
f 1043 7599 2963
f 929 7257 2849
f 1121 7833 3041
f 1211 8103 3131
f 1055 7635 2975
f 1230 8160 3150
f 1194 8052 3114
f 1110 7800 3030
f 935 7275 2855
f 1169 7977 3089
f 1007 7491 2927
f 959 7347 2879
f 1085 7725 3005
f 1152 7926 3072
f 1176 7998 3096
f 1031 7563 2951
f 965 7365 2885
f 1079 7707 2999
f 1128 7854 3048
f 1038 7584 2958
f 917 7221 2837
f 1097 7761 3017
f 1187 8031 3107
f 1218 8124 3138
f 1157 7941 3077
f 1020 7530 2940
f 972 7386 2892
f 1092 7746 3012
f 1145 7905 3065
f 1014 7512 2934
f 947 7311 2867
f 1073 7689 2993
f 1133 7869 3053
f 1164 7962 3084
f 1049 7617 2969
f 1223 8139 3143
f 1199 8067 3119
f 1116 7818 3036
f 942 7296 2862
f 1283 8324 3203
f 1259 8252 3179
f 1295 8360 3215
f 1313 8414 3233
f 1331 8468 3251
f 1379 8612 3299
f 1541 9098 3461
f 1452 8828 3372
f 1578 9206 3498
f 1368 8576 3288
f 1487 8936 3407
f 1391 8648 3311
f 1440 8792 3360
f 1511 9008 3431
f 1529 9062 3449
f 1547 9116 3467
f 1469 8882 3389
f 1458 8846 3378
f 1584 9224 3504
f 1362 8558 3282
f 1609 9291 4989
f 1605 9287 4965
f 1611 9288 4972
f 1614 9294 5008
f 1617 9297 5026
f 1631 9306 5080
f 1688 9372 5463
f 1775 9459 5985
f 1763 9447 5913
f 1719 9396 5620
f 1654 9336 5259
f 1650 9332 5235
f 1656 9333 5242
f 1659 9339 5278
f 1662 9342 5296
f 1672 9356 5367
f 1646 9321 5170
f 1706 9378 5512
f 1735 9417 5734
f 1741 9423 5781
f 1770 9452 5955
f 1680 9362 5415
f 1621 9303 5061
f 1711 9393 5601
f 1756 9438 5871
f 1684 9366 5439
f 1780 9462 6004
f 1767 9444 5896
f 1722 9402 5644
f 1627 9309 5097
f 1744 9428 5799
f 1668 9347 5326
f 1636 9318 5151
f 1699 9381 5529
f 1730 9414 5715
f 1748 9432 5823
f 1666 9348 5331
f 1642 9324 5187
f 1705 9386 5548
f 1736 9408 5692
f 1691 9363 5422
f 1623 9302 5056
f 1713 9392 5596
f 1764 9437 5866
f 1781 9453 5962
f 1749 9422 5776
f 1677 9357 5374
f 1645 9327 5205
f 1703 9387 5553
f 1725 9407 5685
f 1674 9351 5350
f 1638 9317 5146
f 1695 9377 5505
f 1732 9413 5710
f 1752 9429 5806
f 1690 9371 5458
f 1777 9458 5980
f 1759 9443 5889
f 1717 9401 5637
f 1630 9312 5115
f 2191 9873 6094
f 1885 9567 6070
f 1901 9585 6075
f 2279 9963 6111
f 2315 9999 6129
f 2171 9855 6147
f 2160 9840 6352
f 2016 9696 6262
f 2214 9894 6382
f 1919 9603 6159
f 2137 9819 6292
f 1978 9657 6196
f 1991 9675 6207
f 2225 9909 6309
f 2302 9984 6327
f 2178 9858 6358
f 2153 9837 6237
f 2009 9693 6249
f 2207 9891 6369
f 1926 9606 6172
f 1857 9539 5043
f 1803 9485 4995
f 1786 9468 4983
f 1822 9504 5019
f 1840 9522 5037
f 1876 9558 5091
f 2182 9864 5499
f 2312 9996 6039
f 2276 9960 5937
f 1898 9582 5631
f 2091 9773 5313
f 2037 9719 5265
f 1952 9636 5253
f 2056 9738 5289
f 2074 9756 5307
f 2128 9810 5397
f 1966 9648 5181
f 1988 9672 5523
f 2222 9906 5745
f 2293 9977 5853
f 2185 9869 6021
f 1879 9563 5445
f 1893 9575 5103
f 2271 9953 5673
f 2307 9989 5943
f 2163 9845 5481
f 2150 9834 6015
f 2006 9690 5907
f 2204 9888 5655
f 1911 9593 5121
f 2131 9815 5829
f 1969 9653 5337
f 1983 9665 5193
f 2217 9899 5571
f 2290 9972 5769
f 2168 9852 5847
f 2145 9827 5403
f 2001 9683 5211
f 2199 9881 5559
f 1916 9600 5703
f 1808 9492 5433
f 1789 9473 5067
f 1825 9509 5607
f 1843 9527 5877
f 1862 9546 5973
f 1933 9617 5787
f 2110 9792 5385
f 2020 9702 5229
f 2236 9918 5589
f 2257 9941 5751
f 2042 9726 5361
f 1947 9629 5157
f 2059 9743 5535
f 2077 9761 5721
f 2096 9780 5817
f 2113 9797 5469
f 2023 9707 5991
f 2239 9923 5919
f 2254 9936 5667
f 1930 9612 5139
f 1818 9498 6082
f 1798 9477 6046
f 1834 9513 6064
f 1852 9531 6106
f 1872 9552 6124
f 1942 9621 6142
f 2120 9804 6345
f 2030 9714 6267
f 2248 9930 6387
f 2263 9945 6166
f 2052 9732 6280
f 1955 9639 6189
f 2065 9747 6220
f 2086 9765 6304
f 2106 9786 6322
f 2122 9801 6334
f 2032 9711 6232
f 2245 9927 6256
f 2266 9948 6393
f 1940 9624 6177
f 1813 9486 5002
f 1792 9467 4978
f 1828 9503 5014
f 1846 9521 5032
f 1867 9540 5050
f 1936 9611 5134
f 2123 9798 5476
f 2033 9708 5998
f 2249 9924 5926
f 2260 9935 5662
f 2049 9720 5272
f 1959 9635 5248
f 2062 9737 5284
f 2080 9755 5302
f 2101 9774 5320
f 2116 9791 5380
f 2026 9701 5224
f 2242 9917 5584
f 2267 9942 5758
f 1943 9618 5794
f 1869 9545 5968
f 1815 9491 5428
f 1799 9474 5074
f 1835 9510 5614
f 1853 9528 5884
f 1889 9564 5452
f 2195 9870 6028
f 2319 9990 5950
f 2283 9954 5680
f 1905 9576 5110
f 2103 9779 5812
f 2046 9725 5356
f 1957 9630 5164
f 2069 9744 5542
f 2087 9762 5728
f 2141 9816 5836
f 1979 9654 5344
f 1993 9666 5200
f 2229 9900 5578
f 2296 9971 5764
f 2188 9863 5494
f 1882 9557 5086
f 1902 9581 5626
f 2280 9959 5932
f 2316 9995 6034
f 2172 9851 5842
f 2157 9828 5410
f 2011 9684 5218
f 2209 9882 5566
f 1923 9599 5698
f 2134 9809 5392
f 1972 9647 5176
f 1995 9671 5518
f 2226 9905 5740
f 2303 9978 5860
f 2175 9846 5488
f 2154 9833 6010
f 2013 9689 5902
f 2211 9887 5650
f 1921 9594 5128
f 1865 9549 6087
f 1811 9495 6051
f 1796 9480 6057
f 1832 9516 6099
f 1850 9534 6117
f 1888 9570 6135
f 2194 9876 6363
f 2322 10002 6274
f 2286 9966 6400
f 1908 9588 6154
f 2099 9783 6285
f 2045 9729 6213
f 1962 9642 6202
f 2068 9750 6297
f 2084 9768 6315
f 2140 9822 6339
f 1976 9660 6225
f 1998 9678 6244
f 2232 9912 6376
f 2299 9981 6184
f 2330 10009 4992
f 2324 10003 4968
f 2325 10006 4973
f 2332 10012 5009
f 2335 10015 5027
f 2344 10024 5081
f 2410 10090 5466
f 2497 10177 5988
f 2486 10165 5916
f 2434 10114 5621
f 2375 10054 5262
f 2369 10048 5238
f 2370 10051 5243
f 2377 10057 5279
f 2380 10060 5297
f 2393 10072 5370
f 2359 10039 5171
f 2415 10096 5513
f 2455 10135 5735
f 2461 10141 5784
f 2489 10168 5958
f 2399 10078 5418
f 2341 10021 5064
f 2431 10111 5604
f 2476 10156 5874
f 2405 10084 5442
f 2500 10180 6005
f 2481 10162 5897
f 2439 10120 5645
f 2348 10027 5100
f 2465 10144 5802
f 2383 10063 5327
f 2356 10036 5154
f 2420 10099 5532
f 2452 10132 5718
f 2471 10150 5826
f 2386 10066 5334
f 2363 10042 5190
f 2422 10102 5549
f 2445 10126 5693
f 2400 10081 5423
f 2338 10018 5057
f 2428 10108 5597
f 2473 10153 5867
f 2490 10171 5963
f 2458 10138 5777
f 2394 10075 5375
f 2366 10045 5208
f 2425 10105 5556
f 2444 10123 5688
f 2389 10069 5351
f 2353 10033 5147
f 2414 10093 5508
f 2449 10129 5711
f 2466 10147 5807
f 2407 10087 5459
f 2494 10174 5981
f 2480 10159 5892
f 2438 10117 5640
f 2351 10030 5118
f 2510 10191 6095
f 2504 10185 6071
f 2508 10188 6078
f 2514 10194 6114
f 2517 10197 6132
f 2520 10200 6150
f 2554 10235 6353
f 2539 10219 6263
f 2560 10240 6383
f 2523 10202 6162
f 2543 10224 6293
f 2527 10208 6197
f 2532 10211 6210
f 2547 10227 6312
f 2550 10230 6330
f 2552 10233 6359
f 2535 10215 6240
f 2538 10217 6252
f 2558 10237 6372
f 2524 10204 6173
f 1607 6416 3549
f 1603 6408 3531
f 1604 6406 3526
f 1610 6412 3538
f 1613 6415 3544
f 1622 6424 3562
f 1686 6492 3700
f 1773 6582 3880
f 1761 6565 3844
f 1712 6514 3742
f 1652 6461 3639
f 1648 6453 3621
f 1649 6451 3616
f 1655 6457 3628
f 1658 6460 3634
f 1670 6475 3664
f 1637 6439 3592
f 1694 6496 3706
f 1731 6533 3778
f 1739 6551 3819
f 1768 6579 3873
f 1678 6483 3681
f 1619 6426 3567
f 1709 6521 3759
f 1754 6566 3849
f 1682 6489 3693
f 1776 6578 3868
f 1758 6560 3832
f 1716 6518 3748
f 1625 6429 3573
f 1742 6547 3807
f 1663 6465 3645
f 1634 6441 3597
f 1697 6504 3723
f 1728 6537 3790
f 1746 6550 3814
f 1664 6476 3669
f 1640 6444 3603
f 1700 6502 3717
f 1724 6526 3766
f 1679 6481 3676
f 1618 6420 3555
f 1708 6510 3735
f 1753 6555 3825
f 1769 6571 3856
f 1738 6540 3795
f 1671 6473 3658
f 1643 6447 3610
f 1701 6507 3730
f 1723 6534 3783
f 1667 6469 3652
f 1633 6435 3585
f 1693 6498 3711
f 1727 6529 3771
f 1743 6545 3802
f 1685 6487 3687
f 1772 6574 3861
f 1757 6562 3837
f 1715 6520 3754
f 1628 6432 3580
f 2187 6989 4690
f 1881 6683 4078
f 1899 6703 4120
f 2277 7081 4876
f 2313 7117 4948
f 2169 6973 4660
f 2156 6958 4630
f 2010 6812 4336
f 2208 7010 4732
f 1917 6724 4162
f 2133 6935 4582
f 1971 6773 4258
f 1989 6796 4306
f 2223 7027 4768
f 2300 7104 4924
f 2174 6976 4666
f 2151 6955 4624
f 2007 6814 4342
f 2205 7012 4738
f 1920 6722 4156
f 1855 6664 4041
f 1801 6610 3933
f 1784 6595 3903
f 1820 6631 3975
f 1838 6649 4011
f 1874 6687 4089
f 2180 6993 4701
f 2310 7121 4959
f 2274 7085 4887
f 1896 6707 4131
f 2089 6898 4509
f 2035 6844 4401
f 1950 6761 4239
f 2054 6867 4449
f 2072 6883 4479
f 2126 6939 4593
f 1964 6775 4263
f 1986 6797 4311
f 2220 7031 4779
f 2291 7098 4911
f 2183 6990 4695
f 1877 6684 4083
f 1891 6700 4113
f 2269 7078 4869
f 2305 7114 4941
f 2161 6970 4653
f 2148 6959 4635
f 2004 6815 4347
f 2202 7013 4743
f 1909 6718 4149
f 2129 6936 4587
f 1967 6777 4269
f 1981 6790 4293
f 2215 7024 4761
f 2288 7101 4917
f 2166 6977 4671
f 2143 6952 4617
f 1999 6808 4329
f 2197 7006 4725
f 1914 6725 4167
f 1806 6617 3951
f 1787 6597 3909
f 1823 6633 3981
f 1841 6651 4017
f 1860 6671 4059
f 1931 6741 4197
f 2108 6919 4551
f 2018 6829 4371
f 2234 7047 4809
f 2255 7062 4839
f 2040 6851 4419
f 1945 6754 4221
f 2057 6864 4443
f 2075 6885 4485
f 2094 6905 4527
f 2111 6921 4557
f 2021 6831 4377
f 2237 7044 4803
f 2252 7065 4845
f 1928 6739 4191
f 1812 6614 3940
f 1791 6593 3898
f 1827 6629 3970
f 1845 6647 4006
f 1866 6668 4048
f 1935 6737 4186
f 2118 6924 4564
f 2028 6834 4384
f 2246 7050 4816
f 2259 7061 4834
f 2048 6850 4414
f 1953 6760 4234
f 2061 6863 4438
f 2079 6881 4474
f 2100 6902 4516
f 2115 6917 4546
f 2025 6827 4366
f 2241 7043 4798
f 2264 7068 4852
f 1938 6744 4204
f 1802 6604 3922
f 1783 6585 3885
f 1819 6621 3957
f 1837 6639 3993
f 1856 6658 4030
f 1927 6729 4173
f 2112 6914 4540
f 2022 6824 4360
f 2238 7040 4792
f 2251 7053 4821
f 2036 6838 4390
f 1949 6751 4215
f 2053 6855 4425
f 2071 6873 4461
f 2090 6892 4498
f 2107 6909 4533
f 2017 6819 4353
f 2233 7035 4785
f 2256 7058 4828
f 1932 6734 4180
f 1859 6661 4035
f 1805 6607 3927
f 1788 6590 3892
f 1824 6626 3964
f 1842 6644 4000
f 1878 6680 4072
f 2184 6986 4684
f 2306 7108 4930
f 2270 7072 4858
f 1892 6694 4102
f 2093 6895 4503
f 2039 6841 4395
f 1946 6748 4210
f 2058 6860 4432
f 2076 6878 4468
f 2130 6932 4576
f 1968 6770 4252
f 1982 6784 4282
f 2216 7018 4750
f 2287 7089 4893
f 2179 6981 4677
f 1873 6675 4065
f 1895 6697 4107
f 2273 7075 4863
f 2309 7111 4935
f 2165 6967 4647
f 2144 6946 4606
f 2000 6802 4318
f 2198 7000 4714
f 1913 6715 4143
f 2125 6927 4569
f 1963 6765 4245
f 1985 6787 4287
f 2219 7021 4755
f 2292 7094 4900
f 2162 6964 4642
f 2147 6949 4611
f 2003 6805 4323
f 2201 7003 4719
f 1910 6712 4138
f 1863 6670 4054
f 1809 6616 3946
f 1794 6600 3916
f 1830 6636 3988
f 1848 6654 4024
f 1886 6690 4096
f 2192 6996 4708
f 2318 7120 4954
f 2282 7084 4882
f 1904 6706 4126
f 2097 6904 4522
f 2043 6847 4408
f 1956 6758 4228
f 2066 6870 4456
f 2082 6888 4492
f 2138 6942 4600
f 1974 6780 4276
f 1992 6794 4300
f 2228 7030 4774
f 2295 7097 4906
f 2331 8285 5004
f 2327 8213 4980
f 2328 8233 5016
f 2334 8341 5034
f 2337 8395 5052
f 2346 8485 5136
f 2412 9131 5478
f 2499 8897 6000
f 2487 9275 5928
f 2436 8539 5664
f 2376 8915 5274
f 2372 8681 5250
f 2373 8701 5286
f 2379 8953 5304
f 2382 8989 5322
f 2396 9077 5382
f 2361 8719 5226
f 2418 8809 5586
f 2457 9259 5760
f 2463 8627 5796
f 2492 8447 5970
f 2402 8303 5430
f 2343 8267 5076
f 2433 8375 5616
f 2478 8429 5886
f 2406 8501 5454
f 2502 9169 6030
f 2484 8863 5952
f 2442 9241 5682
f 2349 8519 5112
f 2468 9041 5814
f 2387 8737 5358
f 2358 8663 5166
f 2421 8969 5544
f 2454 9023 5730
f 2472 9149 5838
f 2388 8753 5346
f 2364 8771 5202
f 2426 9187 5580
f 2448 8593 5766
f 2403 8323 5496
f 2342 8251 5088
f 2432 8359 5628
f 2477 8413 5934
f 2493 8467 6036
f 2462 8611 5844
f 2397 9097 5412
f 2367 8825 5220
f 2427 9203 5568
f 2447 8573 5700
f 2391 8935 5394
f 2357 8647 5178
f 2417 8789 5520
f 2453 9007 5742
f 2469 9061 5862
f 2411 9115 5490
f 2498 8881 6012
f 2483 8843 5904
f 2441 9221 5652
f 2352 8555 5130
f 2509 8292 6089
f 2503 8220 6053
f 2506 8236 6059
f 2512 8344 6101
f 2515 8398 6119
f 2518 8488 6137
f 2555 9138 6365
f 2541 8904 6276
f 2562 9282 6402
f 2522 8542 6156
f 2542 8922 6287
f 2528 8688 6215
f 2531 8704 6204
f 2545 8956 6299
f 2548 8992 6317
f 2551 9084 6341
f 2533 8722 6227
f 2537 8812 6246
f 2559 9262 6378
f 2526 8634 6186
f 1616 7204 4990
f 1608 7150 4966
f 1606 7135 4971
f 1612 7171 5007
f 1615 7189 5025
f 1624 7243 5079
f 1692 7657 5464
f 1782 8197 5986
f 1765 8089 5914
f 1714 7783 5619
f 1661 7474 5260
f 1653 7420 5236
f 1651 7405 5241
f 1657 7441 5277
f 1660 7459 5295
f 1675 7549 5368
f 1639 7333 5169
f 1696 7675 5511
f 1733 7891 5733
f 1751 8014 5782
f 1779 8176 5956
f 1683 7600 5416
f 1626 7258 5062
f 1721 7834 5602
f 1766 8104 5872
f 1689 7636 5440
f 1778 8161 6003
f 1760 8053 5895
f 1718 7801 5643
f 1629 7276 5098
f 1747 7978 5800
f 1665 7492 5325
f 1641 7348 5152
f 1704 7726 5530
f 1737 7927 5716
f 1750 7999 5824
f 1676 7564 5332
f 1644 7366 5188
f 1702 7708 5547
f 1726 7855 5691
f 1681 7585 5421
f 1620 7222 5055
f 1710 7762 5595
f 1755 8032 5865
f 1771 8125 5961
f 1740 7942 5775
f 1673 7531 5373
f 1647 7387 5206
f 1707 7747 5554
f 1734 7906 5686
f 1669 7513 5349
f 1635 7312 5145
f 1698 7690 5506
f 1729 7870 5709
f 1745 7963 5805
f 1687 7618 5457
f 1774 8140 5979
f 1762 8068 5890
f 1720 7819 5638
f 1632 7297 5116
f 2189 8327 6093
f 1883 8255 6069
f 1903 8363 6076
f 2281 8417 6112
f 2317 8471 6130
f 2173 8615 6148
f 2158 9101 6351
f 2012 8829 6261
f 2210 9207 6381
f 1924 8577 6160
f 2135 8939 6291
f 1973 8651 6195
f 1996 8793 6208
f 2227 9011 6310
f 2304 9065 6328
f 2176 9119 6357
f 2155 8885 6238
f 2014 8847 6250
f 2212 9225 6370
f 1922 8559 6171
f 1864 8286 5044
f 1810 8214 4996
f 1795 8230 4984
f 1831 8338 5020
f 1849 8392 5038
f 1887 8482 5092
f 2193 9132 5500
f 2321 8898 6040
f 2285 9276 5938
f 1907 8536 5632
f 2098 8916 5314
f 2044 8682 5266
f 1961 8698 5254
f 2067 8950 5290
f 2083 8986 5308
f 2139 9078 5398
f 1975 8716 5182
f 1997 8806 5524
f 2231 9256 5746
f 2298 8628 5854
f 2190 8448 6022
f 1884 8304 5446
f 1900 8268 5104
f 2278 8376 5674
f 2314 8430 5944
f 2170 8502 5482
f 2159 9166 6016
f 2015 8860 5908
f 2213 9238 5656
f 1918 8520 5122
f 2136 9042 5830
f 1977 8734 5338
f 1990 8664 5194
f 2224 8970 5572
f 2301 9024 5770
f 2177 9150 5848
f 2152 8754 5404
f 2008 8772 5212
f 2206 9184 5560
f 1925 8590 5704
f 1817 8320 5434
f 1797 8248 5068
f 1833 8356 5608
f 1851 8410 5878
f 1871 8464 5974
f 1941 8608 5788
f 2119 9094 5386
f 2029 8826 5230
f 2247 9204 5590
f 2262 8574 5752
f 2051 8932 5362
f 1954 8644 5158
f 2064 8790 5536
f 2085 9004 5722
f 2105 9058 5818
f 2121 9112 5470
f 2031 8878 5992
f 2244 8844 5920
f 2265 9222 5668
f 1939 8556 5140
f 1814 8289 6081
f 1793 8217 6045
f 1829 8237 6063
f 1847 8345 6105
f 1868 8399 6123
f 1937 8489 6141
f 2124 9135 6346
f 2034 8901 6268
f 2250 9279 6388
f 2261 8543 6165
f 2050 8919 6279
f 1960 8685 6190
f 2063 8705 6219
f 2081 8957 6303
f 2102 8993 6321
f 2117 9081 6333
f 2027 8723 6231
f 2243 8813 6255
f 2268 9263 6394
f 1944 8631 6178
f 1804 7157 5001
f 1785 7137 4977
f 1821 7173 5013
f 1839 7191 5031
f 1858 7211 5049
f 1929 7299 5133
f 2114 7625 5475
f 2024 8147 5997
f 2240 8075 5925
f 2253 7821 5661
f 2038 7427 5271
f 1951 7407 5247
f 2055 7443 5283
f 2073 7461 5301
f 2092 7481 5319
f 2109 7533 5379
f 2019 7389 5223
f 2235 7749 5583
f 2258 7913 5757
f 1934 7949 5793
f 1861 8127 5967
f 1807 7587 5427
f 1790 7229 5073
f 1826 7769 5613
f 1844 8039 5883
f 1880 7607 5451
f 2186 8183 6027
f 2308 8111 5949
f 2272 7841 5679
f 1894 7265 5109
f 2095 7965 5811
f 2041 7515 5355
f 1948 7319 5163
f 2060 7697 5541
f 2078 7877 5727
f 2132 7985 5835
f 1970 7499 5343
f 1984 7355 5199
f 2218 7733 5577
f 2289 7929 5763
f 2181 7659 5493
f 1875 7245 5085
f 1897 7785 5625
f 2275 8091 5931
f 2311 8199 6033
f 2167 8001 5841
f 2146 7571 5409
f 2002 7373 5217
f 2200 7715 5565
f 1915 7857 5697
f 2127 7551 5391
f 1965 7335 5175
f 1987 7677 5517
f 2221 7893 5739
f 2294 8021 5859
f 2164 7643 5487
f 2149 8163 6009
f 2005 8055 5901
f 2203 7803 5649
f 1912 7283 5127
f 1870 8451 6088
f 1816 8307 6052
f 1800 8271 6058
f 1836 8379 6100
f 1854 8433 6118
f 1890 8505 6136
f 2196 9173 6364
f 2320 8867 6273
f 2284 9245 6399
f 1906 8523 6153
f 2104 9045 6286
f 2047 8741 6214
f 1958 8667 6201
f 2070 8973 6298
f 2088 9027 6316
f 2142 9153 6340
f 1980 8757 6226
f 1994 8775 6243
f 2230 9191 6375
f 2297 8597 6183
f 2329 7154 4991
f 2323 7133 4967
f 2326 7169 4974
f 2333 7187 5010
f 2336 7208 5028
f 2345 7295 5082
f 2409 7622 5465
f 2496 8144 5987
f 2485 8072 5915
f 2435 7817 5622
f 2374 7424 5261
f 2368 7403 5237
f 2371 7439 5244
f 2378 7457 5280
f 2381 7478 5298
f 2392 7529 5369
f 2360 7385 5172
f 2416 7745 5514
f 2456 7910 5736
f 2460 7946 5783
f 2488 8123 5957
f 2398 7583 5417
f 2340 7226 5063
f 2430 7766 5603
f 2475 8036 5873
f 2404 7604 5441
f 2501 8180 6006
f 2482 8108 5898
f 2440 7838 5646
f 2347 7262 5099
f 2464 7961 5801
f 2384 7511 5328
f 2355 7316 5153
f 2419 7694 5531
f 2451 7874 5717
f 2470 7982 5825
f 2385 7496 5333
f 2362 7352 5189
f 2423 7730 5550
f 2446 7925 5694
f 2401 7655 5424
f 2339 7241 5058
f 2429 7781 5598
f 2474 8087 5868
f 2491 8195 5964
f 2459 7997 5778
f 2395 7568 5376
f 2365 7370 5207
f 2424 7712 5555
f 2443 7853 5687
f 2390 7547 5352
f 2354 7331 5148
f 2413 7673 5507
f 2450 7889 5712
f 2467 8018 5808
f 2408 7640 5460
f 2495 8159 5982
f 2479 8051 5891
f 2437 7799 5639
f 2350 7280 5117
f 2511 8454 6096
f 2505 8310 6072
f 2507 8274 6077
f 2513 8382 6113
f 2516 8436 6131
f 2519 8508 6149
f 2556 9172 6354
f 2540 8866 6264
f 2561 9244 6384
f 2521 8526 6161
f 2544 9048 6294
f 2529 8740 6198
f 2530 8670 6209
f 2546 8976 6311
f 2549 9030 6329
f 2553 9156 6360
f 2534 8760 6239
f 2536 8778 6251
f 2557 9190 6371
f 2525 8596 6174
f 1609 7144 3534
f 1605 7125 3527
f 1611 7161 3539
f 1614 7179 3545
f 1617 7198 3552
f 1631 7287 3581
f 1688 7612 3690
f 1775 8134 3864
f 1763 8062 3840
f 1719 7809 3755
f 1654 7414 3624
f 1650 7395 3617
f 1656 7431 3629
f 1659 7449 3635
f 1662 7468 3642
f 1672 7521 3659
f 1646 7377 3611
f 1706 7737 3731
f 1735 7900 3786
f 1741 7936 3798
f 1770 8115 3857
f 1680 7575 3677
f 1621 7216 3558
f 1711 7756 3738
f 1756 8026 3828
f 1684 7594 3684
f 1780 8170 3876
f 1767 8098 3852
f 1722 7828 3762
f 1627 7252 3570
f 1744 7953 3803
f 1668 7503 3653
f 1636 7306 3588
f 1699 7684 3714
f 1730 7864 3774
f 1748 7972 3810
f 1666 7486 3648
f 1642 7342 3600
f 1705 7720 3726
f 1736 7917 3791
f 1691 7647 3701
f 1623 7233 3563
f 1713 7773 3743
f 1764 8079 3845
f 1781 8187 3881
f 1749 7989 3815
f 1677 7558 3672
f 1645 7360 3606
f 1703 7702 3720
f 1725 7845 3767
f 1674 7539 3665
f 1638 7323 3593
f 1695 7665 3707
f 1732 7881 3779
f 1752 8008 3822
f 1690 7630 3696
f 1777 8151 3869
f 1759 8043 3833
f 1717 7791 3749
f 1630 7270 3576
f 2191 8444 4698
f 1885 8300 4086
f 1901 8264 4116
f 2279 8372 4872
f 2315 8426 4944
f 2171 8498 4656
f 2160 9160 4638
f 2016 8854 4350
f 2214 9232 4746
f 1919 8516 4152
f 2137 9038 4590
f 1978 8728 4272
f 1991 8660 4296
f 2225 8966 4764
f 2302 9020 4920
f 2178 9146 4674
f 2153 8750 4620
f 2009 8768 4332
f 2207 9178 4728
f 1926 8584 4170
f 1857 7201 4031
f 1803 7147 3923
f 1786 7130 3888
f 1822 7166 3960
f 1840 7184 3996
f 1876 7238 4068
f 2182 7652 4680
f 2312 8192 4938
f 2276 8084 4866
f 1898 7778 4110
f 2091 7471 4499
f 2037 7417 4391
f 1952 7400 4218
f 2056 7436 4428
f 2074 7454 4464
f 2128 7544 4572
f 1966 7328 4248
f 1988 7670 4290
f 2222 7886 4758
f 2293 8011 4901
f 2185 8173 4685
f 1879 7597 4073
f 1893 7255 4103
f 2271 7831 4859
f 2307 8101 4931
f 2163 7633 4643
f 2150 8156 4614
f 2006 8048 4326
f 2204 7796 4722
f 1911 7273 4139
f 2131 7975 4577
f 1969 7489 4253
f 1983 7345 4283
f 2217 7723 4751
f 2290 7922 4896
f 2168 7994 4650
f 2145 7561 4607
f 2001 7363 4319
f 2199 7705 4715
f 1916 7850 4146
f 1808 7580 3930
f 1789 7219 3893
f 1825 7759 3965
f 1843 8029 4001
f 1862 8120 4038
f 1933 7939 4181
f 2110 7526 4536
f 2020 7382 4356
f 2236 7742 4788
f 2257 7903 4829
f 2042 7508 4398
f 1947 7309 4211
f 2059 7687 4433
f 2077 7867 4469
f 2096 7958 4506
f 2113 7615 4541
f 2023 8137 4361
f 2239 8065 4793
f 2254 7814 4824
f 1930 7292 4176
f 1818 8314 3954
f 1798 8242 3912
f 1834 8350 3984
f 1852 8404 4020
f 1872 8458 4062
f 1942 8602 4200
f 2120 9088 4554
f 2030 8822 4374
f 2248 9200 4812
f 2263 8570 4842
f 2052 8926 4422
f 1955 8638 4224
f 2065 8786 4446
f 2086 8998 4488
f 2106 9052 4530
f 2122 9106 4560
f 2032 8872 4380
f 2245 8840 4806
f 2266 9218 4848
f 1940 8552 4194
f 1813 8277 3941
f 1792 8205 3899
f 1828 8227 3971
f 1846 8335 4007
f 1867 8389 4049
f 1936 8479 4187
f 2123 9123 4565
f 2033 8889 4385
f 2249 9267 4817
f 2260 8533 4835
f 2049 8907 4415
f 1959 8673 4235
f 2062 8695 4439
f 2080 8947 4475
f 2101 8983 4517
f 2116 9069 4547
f 2026 8713 4367
f 2242 8803 4799
f 2267 9253 4853
f 1943 8619 4205
f 1869 8439 4055
f 1815 8295 3947
f 1799 8259 3917
f 1835 8367 3989
f 1853 8421 4025
f 1889 8493 4097
f 2195 9163 4709
f 2319 8857 4955
f 2283 9235 4883
f 1905 8511 4127
f 2103 9033 4523
f 2046 8731 4409
f 1957 8655 4229
f 2069 8961 4457
f 2087 9015 4493
f 2141 9141 4601
f 1979 8745 4277
f 1993 8763 4301
f 2229 9181 4775
f 2296 8587 4907
f 2188 8317 4691
f 1882 8245 4079
f 1902 8353 4121
f 2280 8407 4877
f 2316 8461 4949
f 2172 8605 4661
f 2157 9091 4631
f 2011 8817 4337
f 2209 9195 4733
f 1923 8565 4163
f 2134 8929 4583
f 1972 8641 4259
f 1995 8781 4307
f 2226 9001 4769
f 2303 9055 4925
f 2175 9109 4667
f 2154 8875 4625
f 2013 8835 4343
f 2211 9213 4739
f 1921 8547 4157
f 1865 8282 4044
f 1811 8210 3936
f 1796 8224 3906
f 1832 8332 3978
f 1850 8386 4014
f 1888 8476 4092
f 2194 9128 4704
f 2322 8894 4962
f 2286 9272 4890
f 1908 8530 4134
f 2099 8912 4512
f 2045 8678 4404
f 1962 8692 4242
f 2068 8944 4452
f 2084 8980 4482
f 2140 9074 4596
f 1976 8710 4266
f 1998 8800 4314
f 2232 9250 4782
f 2299 8624 4914
f 2330 7210 5045
f 2324 7156 4997
f 2325 7140 4985
f 2332 7176 5021
f 2335 7194 5039
f 2344 7248 5093
f 2410 7662 5501
f 2497 8202 6041
f 2486 8094 5939
f 2434 7788 5633
f 2375 7480 5315
f 2369 7426 5267
f 2370 7410 5255
f 2377 7446 5291
f 2380 7464 5309
f 2393 7554 5399
f 2359 7338 5183
f 2415 7680 5525
f 2455 7896 5747
f 2461 8020 5855
f 2489 8182 6023
f 2399 7606 5447
f 2341 7264 5105
f 2431 7840 5675
f 2476 8110 5945
f 2405 7642 5483
f 2500 8166 6017
f 2481 8058 5909
f 2439 7806 5657
f 2348 7282 5123
f 2465 7984 5831
f 2383 7498 5339
f 2356 7354 5195
f 2420 7732 5573
f 2452 7932 5771
f 2471 8004 5849
f 2386 7570 5405
f 2363 7372 5213
f 2422 7714 5561
f 2445 7860 5705
f 2400 7590 5435
f 2338 7228 5069
f 2428 7768 5609
f 2473 8038 5879
f 2490 8130 5975
f 2458 7948 5789
f 2394 7536 5387
f 2366 7392 5231
f 2425 7752 5591
f 2444 7912 5753
f 2389 7518 5363
f 2353 7318 5159
f 2414 7696 5537
f 2449 7876 5723
f 2466 7968 5819
f 2407 7624 5471
f 2494 8146 5993
f 2480 8074 5921
f 2438 7824 5669
f 2351 7302 5141
f 2510 8326 6084
f 2504 8254 6048
f 2508 8362 6066
f 2514 8416 6108
f 2517 8470 6126
f 2520 8614 6144
f 2554 9100 6347
f 2539 8832 6269
f 2560 9210 6389
f 2523 8580 6168
f 2543 8938 6282
f 2527 8650 6191
f 2532 8796 6222
f 2547 9010 6306
f 2550 9064 6324
f 2552 9118 6336
f 2535 8884 6234
f 2538 8850 6258
f 2558 9228 6395
f 2524 8562 6179
f 1607 9289 3532
f 1603 9283 3525
f 1604 9286 3537
f 1610 9293 3543
f 1613 9296 3550
f 1622 9305 3579
f 1686 9369 3688
f 1773 9456 3862
f 1761 9445 3838
f 1712 9395 3753
f 1652 9334 3622
f 1648 9328 3615
f 1649 9331 3627
f 1655 9338 3633
f 1658 9341 3640
f 1670 9352 3657
f 1637 9320 3609
f 1694 9376 3729
f 1731 9416 3784
f 1739 9420 3796
f 1768 9448 3855
f 1678 9358 3675
f 1619 9300 3556
f 1709 9390 3736
f 1754 9435 3826
f 1682 9364 3682
f 1776 9461 3874
f 1758 9442 3850
f 1716 9400 3760
f 1625 9307 3568
f 1742 9424 3801
f 1663 9344 3651
f 1634 9315 3586
f 1697 9379 3712
f 1728 9411 3772
f 1746 9430 3808
f 1664 9345 3646
f 1640 9322 3598
f 1700 9383 3724
f 1724 9406 3789
f 1679 9361 3699
f 1618 9299 3561
f 1708 9389 3741
f 1753 9434 3843
f 1769 9451 3879
f 1738 9419 3813
f 1671 9355 3670
f 1643 9325 3604
f 1701 9384 3718
f 1723 9403 3765
f 1667 9350 3663
f 1633 9314 3591
f 1693 9373 3705
f 1727 9410 3777
f 1743 9427 3820
f 1685 9368 3694
f 1772 9455 3867
f 1757 9439 3831
f 1715 9397 3747
f 1628 9310 3574
f 2187 9872 4696
f 1881 9566 4084
f 1899 9583 4114
f 2277 9961 4870
f 2313 9997 4942
f 2169 9853 4654
f 2156 9839 4636
f 2010 9695 4348
f 2208 9893 4744
f 1917 9601 4150
f 2133 9818 4588
f 1971 9656 4270
f 1989 9673 4294
f 2223 9907 4762
f 2300 9982 4918
f 2174 9857 4672
f 2151 9835 4618
f 2007 9691 4330
f 2205 9889 4726
f 1920 9605 4168
f 1855 9535 4029
f 1801 9481 3921
f 1784 9465 3886
f 1820 9501 3958
f 1838 9519 3994
f 1874 9555 4066
f 2180 9861 4678
f 2310 9993 4936
f 2274 9957 4864
f 1896 9579 4108
f 2089 9769 4497
f 2035 9715 4389
f 1950 9633 4216
f 2054 9735 4426
f 2072 9753 4462
f 2126 9807 4570
f 1964 9645 4246
f 1986 9669 4288
f 2220 9903 4756
f 2291 9973 4899
f 2183 9865 4683
f 1877 9559 4071
f 1891 9571 4101
f 2269 9949 4857
f 2305 9985 4929
f 2161 9841 4641
f 2148 9831 4612
f 2004 9687 4324
f 2202 9885 4720
f 1909 9589 4137
f 2129 9811 4575
f 1967 9649 4251
f 1981 9661 4281
f 2215 9895 4749
f 2288 9969 4894
f 2166 9849 4648
f 2143 9823 4605
f 1999 9679 4317
f 2197 9877 4713
f 1914 9597 4144
f 1806 9489 3928
f 1787 9469 3891
f 1823 9505 3963
f 1841 9523 3999
f 1860 9543 4036
f 1931 9613 4179
f 2108 9789 4534
f 2018 9699 4354
f 2234 9915 4786
f 2255 9937 4827
f 2040 9723 4396
f 1945 9625 4209
f 2057 9739 4431
f 2075 9757 4467
f 2094 9777 4504
f 2111 9793 4539
f 2021 9703 4359
f 2237 9919 4791
f 2252 9933 4822
f 1928 9609 4174
f 1812 9497 3952
f 1791 9476 3910
f 1827 9512 3982
f 1845 9530 4018
f 1866 9551 4060
f 1935 9620 4198
f 2118 9802 4552
f 2028 9712 4372
f 2246 9928 4810
f 2259 9944 4840
f 2048 9731 4420
f 1953 9637 4222
f 2061 9746 4444
f 2079 9764 4486
f 2100 9785 4528
f 2115 9800 4558
f 2025 9710 4378
f 2241 9926 4804
f 2264 9946 4846
f 1938 9622 4192
f 1802 9484 3939
f 1783 9464 3897
f 1819 9500 3969
f 1837 9518 4005
f 1856 9538 4047
f 1927 9608 4185
f 2112 9796 4563
f 2022 9706 4383
f 2238 9922 4815
f 2251 9932 4833
f 2036 9718 4413
f 1949 9632 4233
f 2053 9734 4437
f 2071 9752 4473
f 2090 9772 4515
f 2107 9788 4545
f 2017 9698 4365
f 2233 9914 4797
f 2256 9940 4851
f 1932 9616 4203
f 1859 9542 4053
f 1805 9488 3945
f 1788 9472 3915
f 1824 9508 3987
f 1842 9526 4023
f 1878 9562 4095
f 2184 9868 4707
f 2306 9988 4953
f 2270 9952 4881
f 1892 9574 4125
f 2093 9776 4521
f 2039 9722 4407
f 1946 9628 4227
f 2058 9742 4455
f 2076 9760 4491
f 2130 9814 4599
f 1968 9652 4275
f 1982 9664 4299
f 2216 9898 4773
f 2287 9968 4905
f 2179 9860 4689
f 1873 9554 4077
f 1895 9578 4119
f 2273 9956 4875
f 2309 9992 4947
f 2165 9848 4659
f 2144 9826 4629
f 2000 9682 4335
f 2198 9880 4731
f 1913 9596 4161
f 2125 9806 4581
f 1963 9644 4257
f 1985 9668 4305
f 2219 9902 4767
f 2292 9976 4923
f 2162 9844 4665
f 2147 9830 4623
f 2003 9686 4341
f 2201 9884 4737
f 1910 9592 4155
f 1863 9547 4042
f 1809 9493 3934
f 1794 9478 3904
f 1830 9514 3976
f 1848 9532 4012
f 1886 9568 4090
f 2192 9874 4702
f 2318 10001 4960
f 2282 9965 4888
f 1904 9587 4132
f 2097 9781 4510
f 2043 9727 4402
f 1956 9641 4240
f 2066 9748 4450
f 2082 9766 4480
f 2138 9820 4594
f 1974 9658 4264
f 1992 9677 4312
f 2228 9911 4780
f 2295 9980 4912
f 2331 10011 5046
f 2327 10005 4998
f 2328 10007 4986
f 2334 10013 5022
f 2337 10016 5040
f 2346 10025 5094
f 2412 10092 5502
f 2499 10179 6042
f 2487 10167 5940
f 2436 10115 5634
f 2376 10056 5316
f 2372 10050 5268
f 2373 10052 5256
f 2379 10058 5292
f 2382 10061 5310
f 2396 10074 5400
f 2361 10040 5184
f 2418 10097 5526
f 2457 10136 5748
f 2463 10143 5856
f 2492 10170 6024
f 2402 10080 5448
f 2343 10023 5106
f 2433 10113 5676
f 2478 10158 5946
f 2406 10086 5484
f 2502 10181 6018
f 2484 10163 5910
f 2442 10121 5658
f 2349 10029 5124
f 2468 10146 5832
f 2387 10064 5340
f 2358 10038 5196
f 2421 10101 5574
f 2454 10134 5772
f 2472 10152 5850
f 2388 10068 5406
f 2364 10044 5214
f 2426 10103 5562
f 2448 10127 5706
f 2403 10082 5436
f 2342 10019 5070
f 2432 10109 5610
f 2477 10154 5880
f 2493 10172 5976
f 2462 10139 5790
f 2397 10076 5388
f 2367 10047 5232
f 2427 10107 5592
f 2447 10125 5754
f 2391 10070 5364
f 2357 10034 5160
f 2417 10095 5538
f 2453 10130 5724
f 2469 10148 5820
f 2411 10088 5472
f 2498 10175 5994
f 2483 10161 5922
f 2441 10119 5670
f 2352 10032 5142
f 2509 10189 6083
f 2503 10183 6047
f 2506 10187 6065
f 2512 10193 6107
f 2515 10196 6125
f 2518 10199 6143
f 2555 10234 6348
f 2541 10220 6270
f 2562 10241 6390
f 2522 10203 6167
f 2542 10222 6281
f 2528 10207 6192
f 2531 10212 6221
f 2545 10226 6305
f 2548 10229 6323
f 2551 10231 6335
f 2533 10214 6233
f 2537 10218 6257
f 2559 10239 6396
f 2526 10205 6180
f 644 6409 3529
f 643 6405 3523
f 645 6411 3535
f 646 6414 3541
f 647 6417 3547
f 652 6431 3577
f 670 6488 3685
f 699 6575 3859
f 695 6563 3835
f 681 6519 3751
f 659 6454 3619
f 658 6450 3613
f 660 6456 3625
f 661 6459 3631
f 662 6462 3637
f 665 6472 3655
f 657 6446 3607
f 677 6506 3727
f 686 6535 3781
f 688 6541 3793
f 698 6570 3853
f 668 6480 3673
f 648 6421 3553
f 678 6511 3733
f 693 6556 3823
f 669 6484 3679
f 701 6580 3871
f 697 6567 3847
f 682 6522 3757
f 650 6427 3565
f 689 6544 3799
f 664 6468 3649
f 653 6436 3583
f 674 6499 3709
f 684 6530 3769
f 690 6548 3805
f 663 6466 3643
f 655 6442 3595
f 676 6505 3721
f 687 6536 3787
f 672 6491 3697
f 649 6423 3559
f 679 6513 3739
f 696 6564 3841
f 702 6581 3877
f 691 6549 3811
f 667 6477 3667
f 656 6445 3601
f 675 6503 3715
f 683 6525 3763
f 666 6474 3661
f 654 6438 3589
f 673 6495 3703
f 685 6532 3775
f 692 6552 3817
f 671 6490 3691
f 700 6577 3865
f 694 6559 3829
f 680 6517 3745
f 651 6430 3571
f 838 6991 4693
f 736 6685 4081
f 741 6701 4111
f 867 7079 4867
f 879 7115 4939
f 831 6971 4651
f 828 6960 4633
f 780 6816 4345
f 846 7014 4741
f 747 6719 4147
f 820 6937 4585
f 767 6778 4267
f 771 6791 4291
f 849 7025 4759
f 875 7102 4915
f 834 6978 4669
f 825 6953 4615
f 777 6809 4327
f 843 7007 4723
f 750 6726 4165
f 727 6657 4027
f 709 6603 3919
f 703 6586 3883
f 715 6622 3955
f 721 6640 3991
f 733 6676 4063
f 835 6982 4675
f 878 7112 4933
f 866 7076 4861
f 740 6698 4105
f 805 6891 4495
f 787 6837 4387
f 758 6752 4213
f 793 6856 4423
f 799 6874 4459
f 817 6928 4567
f 763 6766 4243
f 770 6788 4285
f 848 7022 4753
f 872 7093 4897
f 836 6985 4681
f 734 6679 4069
f 739 6693 4099
f 865 7071 4855
f 877 7107 4927
f 829 6963 4639
f 824 6950 4609
f 776 6806 4321
f 842 7004 4717
f 745 6711 4135
f 818 6931 4573
f 764 6769 4249
f 769 6783 4279
f 847 7017 4747
f 871 7090 4891
f 830 6968 4645
f 823 6945 4603
f 775 6801 4315
f 841 6999 4711
f 746 6716 4141
f 710 6608 3925
f 704 6589 3889
f 716 6625 3961
f 722 6643 3997
f 728 6662 4033
f 752 6733 4177
f 811 6910 4531
f 781 6820 4351
f 853 7036 4783
f 860 7057 4825
f 788 6842 4393
f 757 6747 4207
f 794 6859 4429
f 800 6877 4465
f 806 6896 4501
f 812 6913 4537
f 782 6823 4357
f 854 7039 4789
f 859 7054 4819
f 751 6730 4171
f 714 6618 3949
f 707 6598 3907
f 719 6634 3979
f 725 6652 4015
f 732 6672 4057
f 755 6742 4195
f 814 6920 4549
f 784 6830 4369
f 857 7048 4807
f 862 7063 4837
f 792 6852 4417
f 759 6755 4219
f 796 6865 4441
f 803 6886 4483
f 810 6906 4525
f 815 6922 4555
f 785 6832 4375
f 856 7045 4801
f 863 7066 4843
f 754 6740 4189
f 712 6613 3937
f 705 6592 3895
f 717 6628 3967
f 723 6646 4003
f 730 6667 4045
f 753 6736 4183
f 816 6923 4561
f 786 6833 4381
f 858 7049 4813
f 861 7060 4831
f 791 6849 4411
f 761 6759 4231
f 795 6862 4435
f 801 6880 4471
f 808 6901 4513
f 813 6916 4543
f 783 6826 4363
f 855 7042 4795
f 864 7067 4849
f 756 6743 4201
f 731 6669 4051
f 713 6615 3943
f 708 6599 3913
f 720 6635 3985
f 726 6653 4021
f 738 6689 4093
f 840 6995 4705
f 881 7119 4951
f 869 7083 4879
f 743 6705 4123
f 809 6903 4519
f 790 6846 4405
f 760 6757 4225
f 798 6869 4453
f 804 6887 4489
f 822 6941 4597
f 768 6779 4273
f 772 6793 4297
f 851 7029 4771
f 873 7096 4903
f 837 6988 4687
f 735 6682 4075
f 742 6702 4117
f 868 7080 4873
f 880 7116 4945
f 832 6972 4657
f 827 6957 4627
f 778 6811 4333
f 844 7009 4729
f 749 6723 4159
f 819 6934 4579
f 765 6772 4255
f 773 6795 4303
f 850 7026 4765
f 876 7103 4921
f 833 6975 4663
f 826 6954 4621
f 779 6813 4339
f 845 7011 4735
f 748 6721 4153
f 729 6665 4039
f 711 6611 3931
f 706 6596 3901
f 718 6632 3973
f 724 6650 4009
f 737 6688 4087
f 839 6994 4699
f 882 7122 4957
f 870 7086 4885
f 744 6708 4129
f 807 6899 4507
f 789 6845 4399
f 762 6762 4237
f 797 6868 4447
f 802 6884 4477
f 821 6940 4591
f 766 6776 4261
f 774 6798 4309
f 852 7032 4777
f 874 7099 4909
f 1270 8287 5042
f 1246 8215 4994
f 1251 8231 4982
f 1287 8339 5018
f 1305 8393 5036
f 1335 8483 5090
f 1552 9133 5498
f 1474 8899 6038
f 1600 9277 5936
f 1353 8537 5630
f 1480 8917 5312
f 1402 8683 5264
f 1407 8699 5252
f 1491 8951 5288
f 1503 8987 5306
f 1534 9079 5396
f 1413 8717 5180
f 1443 8807 5522
f 1593 9257 5744
f 1384 8629 5852
f 1324 8449 6020
f 1276 8305 5444
f 1264 8269 5102
f 1300 8377 5672
f 1318 8431 5942
f 1342 8503 5480
f 1563 9167 6014
f 1461 8861 5906
f 1587 9239 5654
f 1348 8521 5120
f 1522 9043 5828
f 1419 8735 5336
f 1396 8665 5192
f 1498 8971 5570
f 1516 9025 5768
f 1558 9151 5846
f 1426 8755 5402
f 1432 8773 5210
f 1569 9185 5558
f 1371 8591 5702
f 1281 8321 5432
f 1257 8249 5066
f 1293 8357 5606
f 1311 8411 5876
f 1329 8465 5972
f 1377 8609 5786
f 1539 9095 5384
f 1450 8827 5228
f 1576 9205 5588
f 1366 8575 5750
f 1485 8933 5360
f 1389 8645 5156
f 1438 8791 5534
f 1509 9005 5720
f 1527 9059 5816
f 1545 9113 5468
f 1467 8879 5990
f 1456 8845 5918
f 1582 9223 5666
f 1360 8557 5138
f 1271 8290 6079
f 1247 8218 6043
f 1254 8238 6061
f 1290 8346 6103
f 1308 8400 6121
f 1338 8490 6139
f 1553 9136 6344
f 1475 8902 6266
f 1601 9280 6386
f 1356 8544 6163
f 1481 8920 6277
f 1403 8686 6188
f 1410 8706 6217
f 1494 8958 6301
f 1506 8994 6319
f 1535 9082 6331
f 1416 8724 6229
f 1446 8814 6253
f 1596 9264 6392
f 1385 8632 6176
f 907 7197 3548
f 889 7143 3530
f 883 7126 3524
f 895 7162 3536
f 901 7180 3542
f 919 7234 3560
f 1057 7648 3698
f 1237 8188 3878
f 1201 8080 3842
f 1099 7774 3740
f 997 7467 3638
f 979 7413 3620
f 973 7396 3614
f 985 7432 3626
f 991 7450 3632
f 1021 7540 3662
f 949 7324 3590
f 1063 7666 3704
f 1135 7882 3776
f 1177 8007 3818
f 1231 8169 3872
f 1039 7593 3680
f 925 7251 3566
f 1117 7827 3758
f 1207 8097 3848
f 1051 7629 3692
f 1225 8152 3866
f 1189 8044 3830
f 1105 7792 3746
f 931 7269 3572
f 1165 7971 3806
f 1003 7485 3644
f 955 7341 3596
f 1081 7719 3722
f 1147 7918 3788
f 1171 7990 3812
f 1027 7557 3668
f 961 7359 3602
f 1075 7701 3716
f 1123 7846 3764
f 1033 7576 3674
f 913 7215 3554
f 1093 7755 3734
f 1183 8025 3824
f 1213 8116 3854
f 1153 7935 3794
f 1015 7522 3656
f 967 7378 3608
f 1087 7738 3728
f 1141 7899 3782
f 1009 7504 3650
f 943 7305 3584
f 1069 7683 3710
f 1129 7863 3770
f 1159 7954 3800
f 1045 7611 3686
f 1219 8133 3860
f 1195 8061 3836
f 1111 7810 3752
f 937 7288 3578
f 1280 8318 4688
f 1256 8246 4076
f 1292 8354 4118
f 1310 8408 4874
f 1328 8462 4946
f 1376 8606 4658
f 1538 9092 4628
f 1447 8818 4334
f 1573 9196 4730
f 1363 8566 4160
f 1484 8930 4580
f 1388 8642 4256
f 1435 8782 4304
f 1508 9002 4766
f 1526 9056 4922
f 1544 9110 4664
f 1466 8876 4622
f 1453 8836 4340
f 1579 9214 4736
f 1357 8548 4154
f 1268 8281 4040
f 1244 8209 3932
f 1249 8223 3902
f 1285 8331 3974
f 1303 8385 4010
f 1333 8475 4088
f 1550 9127 4700
f 1472 8893 4958
f 1598 9271 4886
f 1351 8529 4130
f 1478 8911 4508
f 1400 8677 4400
f 1405 8691 4238
f 1489 8943 4448
f 1501 8979 4478
f 1532 9073 4592
f 1411 8709 4262
f 1441 8799 4310
f 1591 9249 4778
f 1382 8623 4910
f 1322 8443 4694
f 1274 8299 4082
f 1262 8263 4112
f 1298 8371 4868
f 1316 8425 4940
f 1340 8497 4652
f 1561 9159 4634
f 1459 8853 4346
f 1585 9231 4742
f 1346 8515 4148
f 1520 9037 4586
f 1417 8727 4268
f 1394 8659 4292
f 1496 8965 4760
f 1514 9019 4916
f 1556 9145 4670
f 1424 8749 4616
f 1430 8767 4328
f 1567 9177 4724
f 1369 8583 4166
f 1279 8313 3950
f 1255 8241 3908
f 1291 8349 3980
f 1309 8403 4016
f 1327 8457 4058
f 1375 8601 4196
f 1537 9087 4550
f 1448 8821 4370
f 1574 9199 4808
f 1364 8569 4838
f 1483 8925 4418
f 1387 8637 4220
f 1436 8785 4442
f 1507 8997 4484
f 1525 9051 4526
f 1543 9105 4556
f 1465 8871 4376
f 1454 8839 4802
f 1580 9217 4844
f 1358 8551 4190
f 1267 8278 3938
f 1243 8206 3896
f 1250 8228 3968
f 1286 8336 4004
f 1304 8390 4046
f 1334 8480 4184
f 1549 9124 4562
f 1471 8890 4382
f 1597 9268 4814
f 1352 8534 4832
f 1477 8908 4412
f 1399 8674 4232
f 1406 8696 4436
f 1490 8948 4472
f 1502 8984 4514
f 1531 9070 4544
f 1412 8714 4364
f 1442 8804 4796
f 1592 9254 4850
f 1381 8620 4202
f 890 7148 3920
f 884 7129 3884
f 896 7165 3956
f 902 7183 3992
f 908 7202 4028
f 938 7291 4172
f 1046 7616 4538
f 1220 8138 4358
f 1196 8066 4790
f 1112 7813 4820
f 980 7418 4388
f 974 7399 4214
f 986 7435 4424
f 992 7453 4460
f 998 7472 4496
f 1016 7525 4532
f 968 7381 4352
f 1088 7741 4784
f 1142 7904 4826
f 1154 7940 4178
f 1214 8119 4034
f 1034 7579 3926
f 914 7220 3890
f 1094 7760 3962
f 1184 8030 3998
f 1040 7598 4070
f 1232 8174 4682
f 1208 8102 4928
f 1118 7832 4856
f 926 7256 4100
f 1160 7957 4502
f 1010 7507 4394
f 944 7310 4208
f 1070 7688 4430
f 1130 7868 4466
f 1166 7976 4574
f 1004 7490 4250
f 956 7346 4280
f 1082 7724 4748
f 1148 7921 4892
f 1058 7651 4676
f 920 7237 4064
f 1100 7777 4106
f 1202 8083 4862
f 1238 8191 4934
f 1172 7993 4646
f 1028 7562 4604
f 962 7364 4316
f 1076 7706 4712
f 1124 7849 4142
f 1022 7543 4568
f 950 7327 4244
f 1064 7669 4286
f 1136 7885 4754
f 1178 8012 4898
f 1052 7634 4640
f 1226 8155 4610
f 1190 8047 4322
f 1106 7795 4718
f 932 7274 4136
f 1321 8440 4052
f 1273 8296 3944
f 1261 8260 3914
f 1297 8368 3986
f 1315 8422 4022
f 1339 8494 4094
f 1562 9164 4706
f 1460 8858 4952
f 1586 9236 4880
f 1345 8512 4124
f 1519 9034 4520
f 1418 8732 4406
f 1393 8656 4226
f 1495 8962 4454
f 1513 9016 4490
f 1555 9142 4598
f 1423 8746 4274
f 1429 8764 4298
f 1568 9182 4772
f 1370 8588 4904
f 894 7158 4999
f 887 7138 4975
f 899 7174 5011
f 905 7192 5029
f 912 7212 5047
f 941 7300 5131
f 1050 7626 5473
f 1224 8148 5995
f 1200 8076 5923
f 1115 7822 5659
f 984 7428 5269
f 977 7408 5245
f 989 7444 5281
f 995 7462 5299
f 1002 7482 5317
f 1019 7534 5377
f 971 7390 5221
f 1091 7750 5581
f 1146 7914 5755
f 1158 7950 5791
f 1217 8128 5965
f 1037 7588 5425
f 918 7230 5071
f 1098 7770 5611
f 1188 8040 5881
f 1044 7608 5449
f 1236 8184 6025
f 1212 8112 5947
f 1122 7842 5677
f 930 7266 5107
f 1163 7966 5809
f 1013 7516 5353
f 948 7320 5161
f 1074 7698 5539
f 1134 7878 5725
f 1170 7986 5833
f 1008 7500 5341
f 960 7356 5197
f 1086 7734 5575
f 1151 7930 5761
f 1061 7660 5491
f 923 7246 5083
f 1103 7786 5623
f 1205 8092 5929
f 1241 8200 6031
f 1175 8002 5839
f 1032 7572 5407
f 966 7374 5215
f 1080 7716 5563
f 1127 7858 5695
f 1025 7552 5389
f 953 7336 5173
f 1067 7678 5515
f 1139 7894 5737
f 1182 8022 5857
f 1056 7644 5485
f 1229 8164 6007
f 1193 8056 5899
f 1109 7804 5647
f 936 7284 5125
f 1325 8452 6086
f 1277 8308 6050
f 1265 8272 6056
f 1301 8380 6098
f 1319 8434 6116
f 1343 8506 6134
f 1566 9174 6362
f 1464 8868 6271
f 1590 9246 6397
f 1349 8524 6151
f 1523 9046 6284
f 1422 8742 6212
f 1397 8668 6199
f 1499 8974 6296
f 1517 9028 6314
f 1559 9154 6338
f 1427 8758 6224
f 1433 8776 6241
f 1572 9192 6373
f 1374 8598 6181
f 892 7153 4987
f 885 7132 4963
f 897 7168 4970
f 903 7186 5006
f 910 7207 5024
f 939 7294 5078
f 1048 7621 5461
f 1222 8143 5983
f 1198 8071 5911
f 1113 7816 5618
f 982 7423 5257
f 975 7402 5233
f 987 7438 5240
f 993 7456 5276
f 1000 7477 5294
f 1017 7528 5365
f 969 7384 5168
f 1089 7744 5510
f 1144 7909 5732
f 1156 7945 5779
f 1215 8122 5953
f 1035 7582 5413
f 916 7225 5059
f 1096 7765 5599
f 1186 8035 5869
f 1042 7603 5437
f 1234 8179 6002
f 1210 8107 5894
f 1120 7837 5642
f 928 7261 5095
f 1161 7960 5797
f 1011 7510 5324
f 946 7315 5149
f 1072 7693 5527
f 1132 7873 5713
f 1168 7981 5821
f 1006 7495 5329
f 958 7351 5185
f 1084 7729 5546
f 1149 7924 5690
f 1059 7654 5420
f 921 7240 5054
f 1101 7780 5594
f 1203 8086 5864
f 1239 8194 5960
f 1173 7996 5774
f 1030 7567 5372
f 964 7369 5203
f 1078 7711 5551
f 1125 7852 5683
f 1023 7546 5348
f 951 7330 5144
f 1065 7672 5503
f 1137 7888 5708
f 1180 8017 5804
f 1054 7639 5456
f 1227 8158 5978
f 1191 8050 5887
f 1107 7798 5635
f 934 7279 5113
f 1326 8453 6092
f 1278 8309 6068
f 1266 8273 6073
f 1302 8381 6109
f 1320 8435 6127
f 1344 8507 6145
f 1565 9171 6350
f 1463 8865 6260
f 1589 9243 6380
f 1350 8525 6157
f 1524 9047 6290
f 1421 8739 6194
f 1398 8669 6205
f 1500 8975 6307
f 1518 9029 6325
f 1560 9155 6356
f 1428 8759 6235
f 1434 8777 6247
f 1571 9189 6367
f 1373 8595 6170
f 911 7209 5041
f 893 7155 4993
f 888 7139 4981
f 900 7175 5017
f 906 7193 5035
f 924 7247 5089
f 1062 7661 5497
f 1242 8201 6037
f 1206 8093 5935
f 1104 7787 5629
f 1001 7479 5311
f 983 7425 5263
f 978 7409 5251
f 990 7445 5287
f 996 7463 5305
f 1026 7553 5395
f 954 7337 5179
f 1068 7679 5521
f 1140 7895 5743
f 1181 8019 5851
f 1235 8181 6019
f 1043 7605 5443
f 929 7263 5101
f 1121 7839 5671
f 1211 8109 5941
f 1055 7641 5479
f 1230 8165 6013
f 1194 8057 5905
f 1110 7805 5653
f 935 7281 5119
f 1169 7983 5827
f 1007 7497 5335
f 959 7353 5191
f 1085 7731 5569
f 1152 7931 5767
f 1176 8003 5845
f 1031 7569 5401
f 965 7371 5209
f 1079 7713 5557
f 1128 7859 5701
f 1038 7589 5431
f 917 7227 5065
f 1097 7767 5605
f 1187 8037 5875
f 1218 8129 5971
f 1157 7947 5785
f 1020 7535 5383
f 972 7391 5227
f 1092 7751 5587
f 1145 7911 5749
f 1014 7517 5359
f 947 7317 5155
f 1073 7695 5533
f 1133 7875 5719
f 1164 7967 5815
f 1049 7623 5467
f 1223 8145 5989
f 1199 8073 5917
f 1116 7823 5665
f 942 7301 5137
f 1283 8325 6080
f 1259 8253 6044
f 1295 8361 6062
f 1313 8415 6104
f 1331 8469 6122
f 1379 8613 6140
f 1541 9099 6343
f 1452 8831 6265
f 1578 9209 6385
f 1368 8579 6164
f 1487 8937 6278
f 1391 8649 6187
f 1440 8795 6218
f 1511 9009 6302
f 1529 9063 6320
f 1547 9117 6332
f 1469 8883 6230
f 1458 8849 6254
f 1584 9227 6391
f 1362 8561 6175
f 1269 8284 5000
f 1245 8212 4976
f 1252 8232 5012
f 1288 8340 5030
f 1306 8394 5048
f 1336 8484 5132
f 1551 9130 5474
f 1473 8896 5996
f 1599 9274 5924
f 1354 8538 5660
f 1479 8914 5270
f 1401 8680 5246
f 1408 8700 5282
f 1492 8952 5300
f 1504 8988 5318
f 1533 9076 5378
f 1414 8718 5222
f 1444 8808 5582
f 1594 9258 5756
f 1383 8626 5792
f 1323 8446 5966
f 1275 8302 5426
f 1263 8266 5072
f 1299 8374 5612
f 1317 8428 5882
f 1341 8500 5450
f 1564 9168 6026
f 1462 8862 5948
f 1588 9240 5678
f 1347 8518 5108
f 1521 9040 5810
f 1420 8736 5354
f 1395 8662 5162
f 1497 8968 5540
f 1515 9022 5726
f 1557 9148 5834
f 1425 8752 5342
f 1431 8770 5198
f 1570 9186 5576
f 1372 8592 5762
f 1282 8322 5492
f 1258 8250 5084
f 1294 8358 5624
f 1312 8412 5930
f 1330 8466 6032
f 1378 8610 5840
f 1540 9096 5408
f 1449 8824 5216
f 1575 9202 5564
f 1365 8572 5696
f 1486 8934 5390
f 1390 8646 5174
f 1437 8788 5516
f 1510 9006 5738
f 1528 9060 5858
f 1546 9114 5486
f 1468 8880 6008
f 1455 8842 5900
f 1581 9220 5648
f 1359 8554 5126
f 1272 8291 6085
f 1248 8219 6049
f 1253 8235 6055
f 1289 8343 6097
f 1307 8397 6115
f 1337 8487 6133
f 1554 9137 6361
f 1476 8903 6272
f 1602 9281 6398
f 1355 8541 6152
f 1482 8921 6283
f 1404 8687 6211
f 1409 8703 6200
f 1493 8955 6295
f 1505 8991 6313
f 1536 9083 6337
f 1415 8721 6223
f 1445 8811 6242
f 1595 9261 6374
f 1386 8633 6182
f 909 7205 4988
f 891 7151 4964
f 886 7136 4969
f 898 7172 5005
f 904 7190 5023
f 922 7244 5077
f 1060 7658 5462
f 1240 8198 5984
f 1204 8090 5912
f 1102 7784 5617
f 999 7475 5258
f 981 7421 5234
f 976 7406 5239
f 988 7442 5275
f 994 7460 5293
f 1024 7550 5366
f 952 7334 5167
f 1066 7676 5509
f 1138 7892 5731
f 1179 8015 5780
f 1233 8177 5954
f 1041 7601 5414
f 927 7259 5060
f 1119 7835 5600
f 1209 8105 5870
f 1053 7637 5438
f 1228 8162 6001
f 1192 8054 5893
f 1108 7802 5641
f 933 7277 5096
f 1167 7979 5798
f 1005 7493 5323
f 957 7349 5150
f 1083 7727 5528
f 1150 7928 5714
f 1174 8000 5822
f 1029 7565 5330
f 963 7367 5186
f 1077 7709 5545
f 1126 7856 5689
f 1036 7586 5419
f 915 7223 5053
f 1095 7763 5593
f 1185 8033 5863
f 1216 8126 5959
f 1155 7943 5773
f 1018 7532 5371
f 970 7388 5204
f 1090 7748 5552
f 1143 7907 5684
f 1012 7514 5347
f 945 7313 5143
f 1071 7691 5504
f 1131 7871 5707
f 1162 7964 5803
f 1047 7619 5455
f 1221 8141 5977
f 1197 8069 5888
f 1114 7820 5636
f 940 7298 5114
f 1284 8328 6091
f 1260 8256 6067
f 1296 8364 6074
f 1314 8418 6110
f 1332 8472 6128
f 1380 8616 6146
f 1542 9102 6349
f 1451 8830 6259
f 1577 9208 6379
f 1367 8578 6158
f 1488 8940 6289
f 1392 8652 6193
f 1439 8794 6206
f 1512 9012 6308
f 1530 9066 6326
f 1548 9120 6355
f 1470 8886 6236
f 1457 8848 6248
f 1583 9226 6368
f 1361 8560 6169
f 1616 9290 3551
f 1608 9284 3533
f 1606 9285 3528
f 1612 9292 3540
f 1615 9295 3546
f 1624 9304 3564
f 1692 9370 3702
f 1782 9457 3882
f 1765 9446 3846
f 1714 9394 3744
f 1661 9335 3641
f 1653 9329 3623
f 1651 9330 3618
f 1657 9337 3630
f 1660 9340 3636
f 1675 9353 3666
f 1639 9319 3594
f 1696 9375 3708
f 1733 9415 3780
f 1751 9421 3821
f 1779 9449 3875
f 1683 9359 3683
f 1626 9301 3569
f 1721 9391 3761
f 1766 9436 3851
f 1689 9365 3695
f 1778 9460 3870
f 1760 9441 3834
f 1718 9399 3750
f 1629 9308 3575
f 1747 9425 3809
f 1665 9343 3647
f 1641 9316 3599
f 1704 9380 3725
f 1737 9412 3792
f 1750 9431 3816
f 1676 9346 3671
f 1644 9323 3605
f 1702 9382 3719
f 1726 9405 3768
f 1681 9360 3678
f 1620 9298 3557
f 1710 9388 3737
f 1755 9433 3827
f 1771 9450 3858
f 1740 9418 3797
f 1673 9354 3660
f 1647 9326 3612
f 1707 9385 3732
f 1734 9404 3785
f 1669 9349 3654
f 1635 9313 3587
f 1698 9374 3713
f 1729 9409 3773
f 1745 9426 3804
f 1687 9367 3689
f 1774 9454 3863
f 1762 9440 3839
f 1720 9398 3756
f 1632 9311 3582
f 2189 9871 4692
f 1883 9565 4080
f 1903 9584 4122
f 2281 9962 4878
f 2317 9998 4950
f 2173 9854 4662
f 2158 9838 4632
f 2012 9694 4338
f 2210 9892 4734
f 1924 9602 4164
f 2135 9817 4584
f 1973 9655 4260
f 1996 9674 4308
f 2227 9908 4770
f 2304 9983 4926
f 2176 9856 4668
f 2155 9836 4626
f 2014 9692 4344
f 2212 9890 4740
f 1922 9604 4158
f 1864 9536 4043
f 1810 9482 3935
f 1795 9466 3905
f 1831 9502 3977
f 1849 9520 4013
f 1887 9556 4091
f 2193 9862 4703
f 2321 9994 4961
f 2285 9958 4889
f 1907 9580 4133
f 2098 9770 4511
f 2044 9716 4403
f 1961 9634 4241
f 2067 9736 4451
f 2083 9754 4481
f 2139 9808 4595
f 1975 9646 4265
f 1997 9670 4313
f 2231 9904 4781
f 2298 9974 4913
f 2190 9866 4697
f 1884 9560 4085
f 1900 9572 4115
f 2278 9950 4871
f 2314 9986 4943
f 2170 9842 4655
f 2159 9832 4637
f 2015 9688 4349
f 2213 9886 4745
f 1918 9590 4151
f 2136 9812 4589
f 1977 9650 4271
f 1990 9662 4295
f 2224 9896 4763
f 2301 9970 4919
f 2177 9850 4673
f 2152 9824 4619
f 2008 9680 4331
f 2206 9878 4727
f 1925 9598 4169
f 1817 9490 3953
f 1797 9470 3911
f 1833 9506 3983
f 1851 9524 4019
f 1871 9544 4061
f 1941 9614 4199
f 2119 9790 4553
f 2029 9700 4373
f 2247 9916 4811
f 2262 9938 4841
f 2051 9724 4421
f 1954 9626 4223
f 2064 9740 4445
f 2085 9758 4487
f 2105 9778 4529
f 2121 9794 4559
f 2031 9704 4379
f 2244 9920 4805
f 2265 9934 4847
f 1939 9610 4193
f 1814 9496 3942
f 1793 9475 3900
f 1829 9511 3972
f 1847 9529 4008
f 1868 9550 4050
f 1937 9619 4188
f 2124 9803 4566
f 2034 9713 4386
f 2250 9929 4818
f 2261 9943 4836
f 2050 9730 4416
f 1960 9638 4236
f 2063 9745 4440
f 2081 9763 4476
f 2102 9784 4518
f 2117 9799 4548
f 2027 9709 4368
f 2243 9925 4800
f 2268 9947 4854
f 1944 9623 4206
f 1804 9483 3924
f 1785 9463 3887
f 1821 9499 3959
f 1839 9517 3995
f 1858 9537 4032
f 1929 9607 4175
f 2114 9795 4542
f 2024 9705 4362
f 2240 9921 4794
f 2253 9931 4823
f 2038 9717 4392
f 1951 9631 4217
f 2055 9733 4427
f 2073 9751 4463
f 2092 9771 4500
f 2109 9787 4535
f 2019 9697 4355
f 2235 9913 4787
f 2258 9939 4830
f 1934 9615 4182
f 1861 9541 4037
f 1807 9487 3929
f 1790 9471 3894
f 1826 9507 3966
f 1844 9525 4002
f 1880 9561 4074
f 2186 9867 4686
f 2308 9987 4932
f 2272 9951 4860
f 1894 9573 4104
f 2095 9775 4505
f 2041 9721 4397
f 1948 9627 4212
f 2060 9741 4434
f 2078 9759 4470
f 2132 9813 4578
f 1970 9651 4254
f 1984 9663 4284
f 2218 9897 4752
f 2289 9967 4895
f 2181 9859 4679
f 1875 9553 4067
f 1897 9577 4109
f 2275 9955 4865
f 2311 9991 4937
f 2167 9847 4649
f 2146 9825 4608
f 2002 9681 4320
f 2200 9879 4716
f 1915 9595 4145
f 2127 9805 4571
f 1965 9643 4247
f 1987 9667 4289
f 2221 9901 4757
f 2294 9975 4902
f 2164 9843 4644
f 2149 9829 4613
f 2005 9685 4325
f 2203 9883 4721
f 1912 9591 4140
f 1870 9548 4056
f 1816 9494 3948
f 1800 9479 3918
f 1836 9515 3990
f 1854 9533 4026
f 1890 9569 4098
f 2196 9875 4710
f 2320 10000 4956
f 2284 9964 4884
f 1906 9586 4128
f 2104 9782 4524
f 2047 9728 4410
f 1958 9640 4230
f 2070 9749 4458
f 2088 9767 4494
f 2142 9821 4602
f 1980 9659 4278
f 1994 9676 4302
f 2230 9910 4776
f 2297 9979 4908
f 2329 10010 5003
f 2323 10004 4979
f 2326 10008 5015
f 2333 10014 5033
f 2336 10017 5051
f 2345 10026 5135
f 2409 10091 5477
f 2496 10178 5999
f 2485 10166 5927
f 2435 10116 5663
f 2374 10055 5273
f 2368 10049 5249
f 2371 10053 5285
f 2378 10059 5303
f 2381 10062 5321
f 2392 10073 5381
f 2360 10041 5225
f 2416 10098 5585
f 2456 10137 5759
f 2460 10142 5795
f 2488 10169 5969
f 2398 10079 5429
f 2340 10022 5075
f 2430 10112 5615
f 2475 10157 5885
f 2404 10085 5453
f 2501 10182 6029
f 2482 10164 5951
f 2440 10122 5681
f 2347 10028 5111
f 2464 10145 5813
f 2384 10065 5357
f 2355 10037 5165
f 2419 10100 5543
f 2451 10133 5729
f 2470 10151 5837
f 2385 10067 5345
f 2362 10043 5201
f 2423 10104 5579
f 2446 10128 5765
f 2401 10083 5495
f 2339 10020 5087
f 2429 10110 5627
f 2474 10155 5933
f 2491 10173 6035
f 2459 10140 5843
f 2395 10077 5411
f 2365 10046 5219
f 2424 10106 5567
f 2443 10124 5699
f 2390 10071 5393
f 2354 10035 5177
f 2413 10094 5519
f 2450 10131 5741
f 2467 10149 5861
f 2408 10089 5489
f 2495 10176 6011
f 2479 10160 5903
f 2437 10118 5651
f 2350 10031 5129
f 2511 10190 6090
f 2505 10184 6054
f 2507 10186 6060
f 2513 10192 6102
f 2516 10195 6120
f 2519 10198 6138
f 2556 10236 6366
f 2540 10221 6275
f 2561 10242 6401
f 2521 10201 6155
f 2544 10223 6288
f 2529 10209 6216
f 2530 10210 6203
f 2546 10225 6300
f 2549 10228 6318
f 2553 10232 6342
f 2534 10213 6228
f 2536 10216 6245
f 2557 10238 6377
f 2525 10206 6185
f 644 6407 6409
f 643 6403 6405
f 645 6404 6411
f 646 6410 6414
f 647 6413 6417
f 652 6422 6431
f 670 6486 6488
f 699 6573 6575
f 695 6561 6563
f 681 6512 6519
f 659 6452 6454
f 658 6448 6450
f 660 6449 6456
f 661 6455 6459
f 662 6458 6462
f 665 6470 6472
f 657 6437 6446
f 677 6494 6506
f 686 6531 6535
f 688 6539 6541
f 698 6568 6570
f 668 6478 6480
f 648 6419 6421
f 678 6509 6511
f 693 6554 6556
f 669 6482 6484
f 701 6576 6580
f 697 6558 6567
f 682 6516 6522
f 650 6425 6427
f 689 6542 6544
f 664 6463 6468
f 653 6434 6436
f 674 6497 6499
f 684 6528 6530
f 690 6546 6548
f 663 6464 6466
f 655 6440 6442
f 676 6500 6505
f 687 6524 6536
f 672 6479 6491
f 649 6418 6423
f 679 6508 6513
f 696 6553 6564
f 702 6569 6581
f 691 6538 6549
f 667 6471 6477
f 656 6443 6445
f 675 6501 6503
f 683 6523 6525
f 666 6467 6474
f 654 6433 6438
f 673 6493 6495
f 685 6527 6532
f 692 6543 6552
f 671 6485 6490
f 700 6572 6577
f 694 6557 6559
f 680 6515 6517
f 651 6428 6430
f 838 6987 6991
f 736 6681 6685
f 741 6699 6701
f 867 7077 7079
f 879 7113 7115
f 831 6969 6971
f 828 6956 6960
f 780 6810 6816
f 846 7008 7014
f 747 6717 6719
f 820 6933 6937
f 767 6771 6778
f 771 6789 6791
f 849 7023 7025
f 875 7100 7102
f 834 6974 6978
f 825 6951 6953
f 777 6807 6809
f 843 7005 7007
f 750 6720 6726
f 727 6655 6657
f 709 6601 6603
f 703 6584 6586
f 715 6620 6622
f 721 6638 6640
f 733 6674 6676
f 835 6980 6982
f 878 7110 7112
f 866 7074 7076
f 740 6696 6698
f 805 6889 6891
f 787 6835 6837
f 758 6750 6752
f 793 6854 6856
f 799 6872 6874
f 817 6926 6928
f 763 6764 6766
f 770 6786 6788
f 848 7020 7022
f 872 7091 7093
f 836 6983 6985
f 734 6677 6679
f 739 6691 6693
f 865 7069 7071
f 877 7105 7107
f 829 6961 6963
f 824 6948 6950
f 776 6804 6806
f 842 7002 7004
f 745 6709 6711
f 818 6929 6931
f 764 6767 6769
f 769 6781 6783
f 847 7015 7017
f 871 7088 7090
f 830 6966 6968
f 823 6943 6945
f 775 6799 6801
f 841 6997 6999
f 746 6714 6716
f 710 6606 6608
f 704 6587 6589
f 716 6623 6625
f 722 6641 6643
f 728 6660 6662
f 752 6731 6733
f 811 6908 6910
f 781 6818 6820
f 853 7034 7036
f 860 7055 7057
f 788 6840 6842
f 757 6745 6747
f 794 6857 6859
f 800 6875 6877
f 806 6894 6896
f 812 6911 6913
f 782 6821 6823
f 854 7037 7039
f 859 7052 7054
f 751 6728 6730
f 714 6612 6618
f 707 6591 6598
f 719 6627 6634
f 725 6645 6652
f 732 6666 6672
f 755 6735 6742
f 814 6918 6920
f 784 6828 6830
f 857 7046 7048
f 862 7059 7063
f 792 6848 6852
f 759 6753 6755
f 796 6861 6865
f 803 6879 6886
f 810 6900 6906
f 815 6915 6922
f 785 6825 6832
f 856 7041 7045
f 863 7064 7066
f 754 6738 6740
f 712 6602 6613
f 705 6583 6592
f 717 6619 6628
f 723 6637 6646
f 730 6656 6667
f 753 6727 6736
f 816 6912 6923
f 786 6822 6833
f 858 7038 7049
f 861 7051 7060
f 791 6836 6849
f 761 6749 6759
f 795 6853 6862
f 801 6871 6880
f 808 6890 6901
f 813 6907 6916
f 783 6817 6826
f 855 7033 7042
f 864 7056 7067
f 756 6732 6743
f 731 6659 6669
f 713 6605 6615
f 708 6588 6599
f 720 6624 6635
f 726 6642 6653
f 738 6678 6689
f 840 6984 6995
f 881 7106 7119
f 869 7070 7083
f 743 6692 6705
f 809 6893 6903
f 790 6839 6846
f 760 6746 6757
f 798 6858 6869
f 804 6876 6887
f 822 6930 6941
f 768 6768 6779
f 772 6782 6793
f 851 7016 7029
f 873 7087 7096
f 837 6979 6988
f 735 6673 6682
f 742 6695 6702
f 868 7073 7080
f 880 7109 7116
f 832 6965 6972
f 827 6944 6957
f 778 6800 6811
f 844 6998 7009
f 749 6713 6723
f 819 6925 6934
f 765 6763 6772
f 773 6785 6795
f 850 7019 7026
f 876 7092 7103
f 833 6962 6975
f 826 6947 6954
f 779 6803 6813
f 845 7001 7011
f 748 6710 6721
f 729 6663 6665
f 711 6609 6611
f 706 6594 6596
f 718 6630 6632
f 724 6648 6650
f 737 6686 6688
f 839 6992 6994
f 882 7118 7122
f 870 7082 7086
f 744 6704 6708
f 807 6897 6899
f 789 6843 6845
f 762 6756 6762
f 797 6866 6868
f 802 6882 6884
f 821 6938 6940
f 766 6774 6776
f 774 6792 6798
f 852 7028 7032
f 874 7095 7099
f 1270 8283 8287
f 1246 8211 8215
f 1251 8229 8231
f 1287 8337 8339
f 1305 8391 8393
f 1335 8481 8483
f 1552 9129 9133
f 1474 8895 8899
f 1600 9273 9277
f 1353 8535 8537
f 1480 8913 8917
f 1402 8679 8683
f 1407 8697 8699
f 1491 8949 8951
f 1503 8985 8987
f 1534 9075 9079
f 1413 8715 8717
f 1443 8805 8807
f 1593 9255 9257
f 1384 8625 8629
f 1324 8445 8449
f 1276 8301 8305
f 1264 8265 8269
f 1300 8373 8377
f 1318 8427 8431
f 1342 8499 8503
f 1563 9165 9167
f 1461 8859 8861
f 1587 9237 9239
f 1348 8517 8521
f 1522 9039 9043
f 1419 8733 8735
f 1396 8661 8665
f 1498 8967 8971
f 1516 9021 9025
f 1558 9147 9151
f 1426 8751 8755
f 1432 8769 8773
f 1569 9183 9185
f 1371 8589 8591
f 1281 8319 8321
f 1257 8247 8249
f 1293 8355 8357
f 1311 8409 8411
f 1329 8463 8465
f 1377 8607 8609
f 1539 9093 9095
f 1450 8823 8827
f 1576 9201 9205
f 1366 8571 8575
f 1485 8931 8933
f 1389 8643 8645
f 1438 8787 8791
f 1509 9003 9005
f 1527 9057 9059
f 1545 9111 9113
f 1467 8877 8879
f 1456 8841 8845
f 1582 9219 9223
f 1360 8553 8557
f 1271 8288 8290
f 1247 8216 8218
f 1254 8234 8238
f 1290 8342 8346
f 1308 8396 8400
f 1338 8486 8490
f 1553 9134 9136
f 1475 8900 8902
f 1601 9278 9280
f 1356 8540 8544
f 1481 8918 8920
f 1403 8684 8686
f 1410 8702 8706
f 1494 8954 8958
f 1506 8990 8994
f 1535 9080 9082
f 1416 8720 8724
f 1446 8810 8814
f 1596 9260 9264
f 1385 8630 8632
f 907 7195 7197
f 889 7141 7143
f 883 7124 7126
f 895 7160 7162
f 901 7178 7180
f 919 7232 7234
f 1057 7646 7648
f 1237 8186 8188
f 1201 8078 8080
f 1099 7772 7774
f 997 7465 7467
f 979 7411 7413
f 973 7394 7396
f 985 7430 7432
f 991 7448 7450
f 1021 7538 7540
f 949 7322 7324
f 1063 7664 7666
f 1135 7880 7882
f 1177 8005 8007
f 1231 8167 8169
f 1039 7591 7593
f 925 7249 7251
f 1117 7825 7827
f 1207 8095 8097
f 1051 7627 7629
f 1225 8150 8152
f 1189 8042 8044
f 1105 7790 7792
f 931 7267 7269
f 1165 7969 7971
f 1003 7483 7485
f 955 7339 7341
f 1081 7717 7719
f 1147 7916 7918
f 1171 7988 7990
f 1027 7555 7557
f 961 7357 7359
f 1075 7699 7701
f 1123 7844 7846
f 1033 7574 7576
f 913 7213 7215
f 1093 7753 7755
f 1183 8023 8025
f 1213 8114 8116
f 1153 7933 7935
f 1015 7520 7522
f 967 7376 7378
f 1087 7736 7738
f 1141 7897 7899
f 1009 7502 7504
f 943 7303 7305
f 1069 7681 7683
f 1129 7861 7863
f 1159 7952 7954
f 1045 7609 7611
f 1219 8131 8133
f 1195 8059 8061
f 1111 7808 7810
f 937 7286 7288
f 1280 8316 8318
f 1256 8244 8246
f 1292 8352 8354
f 1310 8406 8408
f 1328 8460 8462
f 1376 8604 8606
f 1538 9090 9092
f 1447 8816 8818
f 1573 9194 9196
f 1363 8564 8566
f 1484 8928 8930
f 1388 8640 8642
f 1435 8780 8782
f 1508 9000 9002
f 1526 9054 9056
f 1544 9108 9110
f 1466 8874 8876
f 1453 8834 8836
f 1579 9212 9214
f 1357 8546 8548
f 1268 8279 8281
f 1244 8207 8209
f 1249 8221 8223
f 1285 8329 8331
f 1303 8383 8385
f 1333 8473 8475
f 1550 9125 9127
f 1472 8891 8893
f 1598 9269 9271
f 1351 8527 8529
f 1478 8909 8911
f 1400 8675 8677
f 1405 8689 8691
f 1489 8941 8943
f 1501 8977 8979
f 1532 9071 9073
f 1411 8707 8709
f 1441 8797 8799
f 1591 9247 9249
f 1382 8621 8623
f 1322 8441 8443
f 1274 8297 8299
f 1262 8261 8263
f 1298 8369 8371
f 1316 8423 8425
f 1340 8495 8497
f 1561 9157 9159
f 1459 8851 8853
f 1585 9229 9231
f 1346 8513 8515
f 1520 9035 9037
f 1417 8725 8727
f 1394 8657 8659
f 1496 8963 8965
f 1514 9017 9019
f 1556 9143 9145
f 1424 8747 8749
f 1430 8765 8767
f 1567 9175 9177
f 1369 8581 8583
f 1279 8311 8313
f 1255 8239 8241
f 1291 8347 8349
f 1309 8401 8403
f 1327 8455 8457
f 1375 8599 8601
f 1537 9085 9087
f 1448 8819 8821
f 1574 9197 9199
f 1364 8567 8569
f 1483 8923 8925
f 1387 8635 8637
f 1436 8783 8785
f 1507 8995 8997
f 1525 9049 9051
f 1543 9103 9105
f 1465 8869 8871
f 1454 8837 8839
f 1580 9215 9217
f 1358 8549 8551
f 1267 8276 8278
f 1243 8204 8206
f 1250 8226 8228
f 1286 8334 8336
f 1304 8388 8390
f 1334 8478 8480
f 1549 9122 9124
f 1471 8888 8890
f 1597 9266 9268
f 1352 8532 8534
f 1477 8906 8908
f 1399 8672 8674
f 1406 8694 8696
f 1490 8946 8948
f 1502 8982 8984
f 1531 9068 9070
f 1412 8712 8714
f 1442 8802 8804
f 1592 9252 9254
f 1381 8618 8620
f 890 7146 7148
f 884 7127 7129
f 896 7163 7165
f 902 7181 7183
f 908 7200 7202
f 938 7289 7291
f 1046 7614 7616
f 1220 8136 8138
f 1196 8064 8066
f 1112 7811 7813
f 980 7416 7418
f 974 7397 7399
f 986 7433 7435
f 992 7451 7453
f 998 7470 7472
f 1016 7523 7525
f 968 7379 7381
f 1088 7739 7741
f 1142 7902 7904
f 1154 7938 7940
f 1214 8117 8119
f 1034 7577 7579
f 914 7218 7220
f 1094 7758 7760
f 1184 8028 8030
f 1040 7596 7598
f 1232 8172 8174
f 1208 8100 8102
f 1118 7830 7832
f 926 7254 7256
f 1160 7955 7957
f 1010 7505 7507
f 944 7308 7310
f 1070 7686 7688
f 1130 7866 7868
f 1166 7974 7976
f 1004 7488 7490
f 956 7344 7346
f 1082 7722 7724
f 1148 7919 7921
f 1058 7649 7651
f 920 7235 7237
f 1100 7775 7777
f 1202 8081 8083
f 1238 8189 8191
f 1172 7991 7993
f 1028 7560 7562
f 962 7362 7364
f 1076 7704 7706
f 1124 7847 7849
f 1022 7541 7543
f 950 7325 7327
f 1064 7667 7669
f 1136 7883 7885
f 1178 8010 8012
f 1052 7632 7634
f 1226 8153 8155
f 1190 8045 8047
f 1106 7793 7795
f 932 7272 7274
f 1321 8438 8440
f 1273 8294 8296
f 1261 8258 8260
f 1297 8366 8368
f 1315 8420 8422
f 1339 8492 8494
f 1562 9162 9164
f 1460 8856 8858
f 1586 9234 9236
f 1345 8510 8512
f 1519 9032 9034
f 1418 8730 8732
f 1393 8654 8656
f 1495 8960 8962
f 1513 9014 9016
f 1555 9140 9142
f 1423 8744 8746
f 1429 8762 8764
f 1568 9180 9182
f 1370 8586 8588
f 894 7152 7158
f 887 7131 7138
f 899 7167 7174
f 905 7185 7192
f 912 7206 7212
f 941 7293 7300
f 1050 7620 7626
f 1224 8142 8148
f 1200 8070 8076
f 1115 7815 7822
f 984 7422 7428
f 977 7401 7408
f 989 7437 7444
f 995 7455 7462
f 1002 7476 7482
f 1019 7527 7534
f 971 7383 7390
f 1091 7743 7750
f 1146 7908 7914
f 1158 7944 7950
f 1217 8121 8128
f 1037 7581 7588
f 918 7224 7230
f 1098 7764 7770
f 1188 8034 8040
f 1044 7602 7608
f 1236 8178 8184
f 1212 8106 8112
f 1122 7836 7842
f 930 7260 7266
f 1163 7959 7966
f 1013 7509 7516
f 948 7314 7320
f 1074 7692 7698
f 1134 7872 7878
f 1170 7980 7986
f 1008 7494 7500
f 960 7350 7356
f 1086 7728 7734
f 1151 7923 7930
f 1061 7653 7660
f 923 7239 7246
f 1103 7779 7786
f 1205 8085 8092
f 1241 8193 8200
f 1175 7995 8002
f 1032 7566 7572
f 966 7368 7374
f 1080 7710 7716
f 1127 7851 7858
f 1025 7545 7552
f 953 7329 7336
f 1067 7671 7678
f 1139 7887 7894
f 1182 8016 8022
f 1056 7638 7644
f 1229 8157 8164
f 1193 8049 8056
f 1109 7797 7804
f 936 7278 7284
f 1325 8450 8452
f 1277 8306 8308
f 1265 8270 8272
f 1301 8378 8380
f 1319 8432 8434
f 1343 8504 8506
f 1566 9170 9174
f 1464 8864 8868
f 1590 9242 9246
f 1349 8522 8524
f 1523 9044 9046
f 1422 8738 8742
f 1397 8666 8668
f 1499 8972 8974
f 1517 9026 9028
f 1559 9152 9154
f 1427 8756 8758
f 1433 8774 8776
f 1572 9188 9192
f 1374 8594 8598
f 892 7142 7153
f 885 7123 7132
f 897 7159 7168
f 903 7177 7186
f 910 7196 7207
f 939 7285 7294
f 1048 7610 7621
f 1222 8132 8143
f 1198 8060 8071
f 1113 7807 7816
f 982 7412 7423
f 975 7393 7402
f 987 7429 7438
f 993 7447 7456
f 1000 7466 7477
f 1017 7519 7528
f 969 7375 7384
f 1089 7735 7744
f 1144 7898 7909
f 1156 7934 7945
f 1215 8113 8122
f 1035 7573 7582
f 916 7214 7225
f 1096 7754 7765
f 1186 8024 8035
f 1042 7592 7603
f 1234 8168 8179
f 1210 8096 8107
f 1120 7826 7837
f 928 7250 7261
f 1161 7951 7960
f 1011 7501 7510
f 946 7304 7315
f 1072 7682 7693
f 1132 7862 7873
f 1168 7970 7981
f 1006 7484 7495
f 958 7340 7351
f 1084 7718 7729
f 1149 7915 7924
f 1059 7645 7654
f 921 7231 7240
f 1101 7771 7780
f 1203 8077 8086
f 1239 8185 8194
f 1173 7987 7996
f 1030 7556 7567
f 964 7358 7369
f 1078 7700 7711
f 1125 7843 7852
f 1023 7537 7546
f 951 7321 7330
f 1065 7663 7672
f 1137 7879 7888
f 1180 8006 8017
f 1054 7628 7639
f 1227 8149 8158
f 1191 8041 8050
f 1107 7789 7798
f 934 7268 7279
f 1326 8442 8453
f 1278 8298 8309
f 1266 8262 8273
f 1302 8370 8381
f 1320 8424 8435
f 1344 8496 8507
f 1565 9158 9171
f 1463 8852 8865
f 1589 9230 9243
f 1350 8514 8525
f 1524 9036 9047
f 1421 8726 8739
f 1398 8658 8669
f 1500 8964 8975
f 1518 9018 9029
f 1560 9144 9155
f 1428 8748 8759
f 1434 8766 8777
f 1571 9176 9189
f 1373 8582 8595
f 911 7199 7209
f 893 7145 7155
f 888 7128 7139
f 900 7164 7175
f 906 7182 7193
f 924 7236 7247
f 1062 7650 7661
f 1242 8190 8201
f 1206 8082 8093
f 1104 7776 7787
f 1001 7469 7479
f 983 7415 7425
f 978 7398 7409
f 990 7434 7445
f 996 7452 7463
f 1026 7542 7553
f 954 7326 7337
f 1068 7668 7679
f 1140 7884 7895
f 1181 8009 8019
f 1235 8171 8181
f 1043 7595 7605
f 929 7253 7263
f 1121 7829 7839
f 1211 8099 8109
f 1055 7631 7641
f 1230 8154 8165
f 1194 8046 8057
f 1110 7794 7805
f 935 7271 7281
f 1169 7973 7983
f 1007 7487 7497
f 959 7343 7353
f 1085 7721 7731
f 1152 7920 7931
f 1176 7992 8003
f 1031 7559 7569
f 965 7361 7371
f 1079 7703 7713
f 1128 7848 7859
f 1038 7578 7589
f 917 7217 7227
f 1097 7757 7767
f 1187 8027 8037
f 1218 8118 8129
f 1157 7937 7947
f 1020 7524 7535
f 972 7380 7391
f 1092 7740 7751
f 1145 7901 7911
f 1014 7506 7517
f 947 7307 7317
f 1073 7685 7695
f 1133 7865 7875
f 1164 7956 7967
f 1049 7613 7623
f 1223 8135 8145
f 1199 8063 8073
f 1116 7812 7823
f 942 7290 7301
f 1283 8312 8325
f 1259 8240 8253
f 1295 8348 8361
f 1313 8402 8415
f 1331 8456 8469
f 1379 8600 8613
f 1541 9086 9099
f 1452 8820 8831
f 1578 9198 9209
f 1368 8568 8579
f 1487 8924 8937
f 1391 8636 8649
f 1440 8784 8795
f 1511 8996 9009
f 1529 9050 9063
f 1547 9104 9117
f 1469 8870 8883
f 1458 8838 8849
f 1584 9216 9227
f 1362 8550 8561
f 1269 8275 8284
f 1245 8203 8212
f 1252 8225 8232
f 1288 8333 8340
f 1306 8387 8394
f 1336 8477 8484
f 1551 9121 9130
f 1473 8887 8896
f 1599 9265 9274
f 1354 8531 8538
f 1479 8905 8914
f 1401 8671 8680
f 1408 8693 8700
f 1492 8945 8952
f 1504 8981 8988
f 1533 9067 9076
f 1414 8711 8718
f 1444 8801 8808
f 1594 9251 9258
f 1383 8617 8626
f 1323 8437 8446
f 1275 8293 8302
f 1263 8257 8266
f 1299 8365 8374
f 1317 8419 8428
f 1341 8491 8500
f 1564 9161 9168
f 1462 8855 8862
f 1588 9233 9240
f 1347 8509 8518
f 1521 9031 9040
f 1420 8729 8736
f 1395 8653 8662
f 1497 8959 8968
f 1515 9013 9022
f 1557 9139 9148
f 1425 8743 8752
f 1431 8761 8770
f 1570 9179 9186
f 1372 8585 8592
f 1282 8315 8322
f 1258 8243 8250
f 1294 8351 8358
f 1312 8405 8412
f 1330 8459 8466
f 1378 8603 8610
f 1540 9089 9096
f 1449 8815 8824
f 1575 9193 9202
f 1365 8563 8572
f 1486 8927 8934
f 1390 8639 8646
f 1437 8779 8788
f 1510 8999 9006
f 1528 9053 9060
f 1546 9107 9114
f 1468 8873 8880
f 1455 8833 8842
f 1581 9211 9220
f 1359 8545 8554
f 1272 8280 8291
f 1248 8208 8219
f 1253 8222 8235
f 1289 8330 8343
f 1307 8384 8397
f 1337 8474 8487
f 1554 9126 9137
f 1476 8892 8903
f 1602 9270 9281
f 1355 8528 8541
f 1482 8910 8921
f 1404 8676 8687
f 1409 8690 8703
f 1493 8942 8955
f 1505 8978 8991
f 1536 9072 9083
f 1415 8708 8721
f 1445 8798 8811
f 1595 9248 9261
f 1386 8622 8633
f 909 7203 7205
f 891 7149 7151
f 886 7134 7136
f 898 7170 7172
f 904 7188 7190
f 922 7242 7244
f 1060 7656 7658
f 1240 8196 8198
f 1204 8088 8090
f 1102 7782 7784
f 999 7473 7475
f 981 7419 7421
f 976 7404 7406
f 988 7440 7442
f 994 7458 7460
f 1024 7548 7550
f 952 7332 7334
f 1066 7674 7676
f 1138 7890 7892
f 1179 8013 8015
f 1233 8175 8177
f 1041 7599 7601
f 927 7257 7259
f 1119 7833 7835
f 1209 8103 8105
f 1053 7635 7637
f 1228 8160 8162
f 1192 8052 8054
f 1108 7800 7802
f 933 7275 7277
f 1167 7977 7979
f 1005 7491 7493
f 957 7347 7349
f 1083 7725 7727
f 1150 7926 7928
f 1174 7998 8000
f 1029 7563 7565
f 963 7365 7367
f 1077 7707 7709
f 1126 7854 7856
f 1036 7584 7586
f 915 7221 7223
f 1095 7761 7763
f 1185 8031 8033
f 1216 8124 8126
f 1155 7941 7943
f 1018 7530 7532
f 970 7386 7388
f 1090 7746 7748
f 1143 7905 7907
f 1012 7512 7514
f 945 7311 7313
f 1071 7689 7691
f 1131 7869 7871
f 1162 7962 7964
f 1047 7617 7619
f 1221 8139 8141
f 1197 8067 8069
f 1114 7818 7820
f 940 7296 7298
f 1284 8324 8328
f 1260 8252 8256
f 1296 8360 8364
f 1314 8414 8418
f 1332 8468 8472
f 1380 8612 8616
f 1542 9098 9102
f 1451 8828 8830
f 1577 9206 9208
f 1367 8576 8578
f 1488 8936 8940
f 1392 8648 8652
f 1439 8792 8794
f 1512 9008 9012
f 1530 9062 9066
f 1548 9116 9120
f 1470 8882 8886
f 1457 8846 8848
f 1583 9224 9226
f 1361 8558 8560
f 1616 9291 9290
f 1608 9287 9284
f 1606 9288 9285
f 1612 9294 9292
f 1615 9297 9295
f 1624 9306 9304
f 1692 9372 9370
f 1782 9459 9457
f 1765 9447 9446
f 1714 9396 9394
f 1661 9336 9335
f 1653 9332 9329
f 1651 9333 9330
f 1657 9339 9337
f 1660 9342 9340
f 1675 9356 9353
f 1639 9321 9319
f 1696 9378 9375
f 1733 9417 9415
f 1751 9423 9421
f 1779 9452 9449
f 1683 9362 9359
f 1626 9303 9301
f 1721 9393 9391
f 1766 9438 9436
f 1689 9366 9365
f 1778 9462 9460
f 1760 9444 9441
f 1718 9402 9399
f 1629 9309 9308
f 1747 9428 9425
f 1665 9347 9343
f 1641 9318 9316
f 1704 9381 9380
f 1737 9414 9412
f 1750 9432 9431
f 1676 9348 9346
f 1644 9324 9323
f 1702 9386 9382
f 1726 9408 9405
f 1681 9363 9360
f 1620 9302 9298
f 1710 9392 9388
f 1755 9437 9433
f 1771 9453 9450
f 1740 9422 9418
f 1673 9357 9354
f 1647 9327 9326
f 1707 9387 9385
f 1734 9407 9404
f 1669 9351 9349
f 1635 9317 9313
f 1698 9377 9374
f 1729 9413 9409
f 1745 9429 9426
f 1687 9371 9367
f 1774 9458 9454
f 1762 9443 9440
f 1720 9401 9398
f 1632 9312 9311
f 2189 9873 9871
f 1883 9567 9565
f 1903 9585 9584
f 2281 9963 9962
f 2317 9999 9998
f 2173 9855 9854
f 2158 9840 9838
f 2012 9696 9694
f 2210 9894 9892
f 1924 9603 9602
f 2135 9819 9817
f 1973 9657 9655
f 1996 9675 9674
f 2227 9909 9908
f 2304 9984 9983
f 2176 9858 9856
f 2155 9837 9836
f 2014 9693 9692
f 2212 9891 9890
f 1922 9606 9604
f 1864 9539 9536
f 1810 9485 9482
f 1795 9468 9466
f 1831 9504 9502
f 1849 9522 9520
f 1887 9558 9556
f 2193 9864 9862
f 2321 9996 9994
f 2285 9960 9958
f 1907 9582 9580
f 2098 9773 9770
f 2044 9719 9716
f 1961 9636 9634
f 2067 9738 9736
f 2083 9756 9754
f 2139 9810 9808
f 1975 9648 9646
f 1997 9672 9670
f 2231 9906 9904
f 2298 9977 9974
f 2190 9869 9866
f 1884 9563 9560
f 1900 9575 9572
f 2278 9953 9950
f 2314 9989 9986
f 2170 9845 9842
f 2159 9834 9832
f 2015 9690 9688
f 2213 9888 9886
f 1918 9593 9590
f 2136 9815 9812
f 1977 9653 9650
f 1990 9665 9662
f 2224 9899 9896
f 2301 9972 9970
f 2177 9852 9850
f 2152 9827 9824
f 2008 9683 9680
f 2206 9881 9878
f 1925 9600 9598
f 1817 9492 9490
f 1797 9473 9470
f 1833 9509 9506
f 1851 9527 9524
f 1871 9546 9544
f 1941 9617 9614
f 2119 9792 9790
f 2029 9702 9700
f 2247 9918 9916
f 2262 9941 9938
f 2051 9726 9724
f 1954 9629 9626
f 2064 9743 9740
f 2085 9761 9758
f 2105 9780 9778
f 2121 9797 9794
f 2031 9707 9704
f 2244 9923 9920
f 2265 9936 9934
f 1939 9612 9610
f 1814 9498 9496
f 1793 9477 9475
f 1829 9513 9511
f 1847 9531 9529
f 1868 9552 9550
f 1937 9621 9619
f 2124 9804 9803
f 2034 9714 9713
f 2250 9930 9929
f 2261 9945 9943
f 2050 9732 9730
f 1960 9639 9638
f 2063 9747 9745
f 2081 9765 9763
f 2102 9786 9784
f 2117 9801 9799
f 2027 9711 9709
f 2243 9927 9925
f 2268 9948 9947
f 1944 9624 9623
f 1804 9486 9483
f 1785 9467 9463
f 1821 9503 9499
f 1839 9521 9517
f 1858 9540 9537
f 1929 9611 9607
f 2114 9798 9795
f 2024 9708 9705
f 2240 9924 9921
f 2253 9935 9931
f 2038 9720 9717
f 1951 9635 9631
f 2055 9737 9733
f 2073 9755 9751
f 2092 9774 9771
f 2109 9791 9787
f 2019 9701 9697
f 2235 9917 9913
f 2258 9942 9939
f 1934 9618 9615
f 1861 9545 9541
f 1807 9491 9487
f 1790 9474 9471
f 1826 9510 9507
f 1844 9528 9525
f 1880 9564 9561
f 2186 9870 9867
f 2308 9990 9987
f 2272 9954 9951
f 1894 9576 9573
f 2095 9779 9775
f 2041 9725 9721
f 1948 9630 9627
f 2060 9744 9741
f 2078 9762 9759
f 2132 9816 9813
f 1970 9654 9651
f 1984 9666 9663
f 2218 9900 9897
f 2289 9971 9967
f 2181 9863 9859
f 1875 9557 9553
f 1897 9581 9577
f 2275 9959 9955
f 2311 9995 9991
f 2167 9851 9847
f 2146 9828 9825
f 2002 9684 9681
f 2200 9882 9879
f 1915 9599 9595
f 2127 9809 9805
f 1965 9647 9643
f 1987 9671 9667
f 2221 9905 9901
f 2294 9978 9975
f 2164 9846 9843
f 2149 9833 9829
f 2005 9689 9685
f 2203 9887 9883
f 1912 9594 9591
f 1870 9549 9548
f 1816 9495 9494
f 1800 9480 9479
f 1836 9516 9515
f 1854 9534 9533
f 1890 9570 9569
f 2196 9876 9875
f 2320 10002 10000
f 2284 9966 9964
f 1906 9588 9586
f 2104 9783 9782
f 2047 9729 9728
f 1958 9642 9640
f 2070 9750 9749
f 2088 9768 9767
f 2142 9822 9821
f 1980 9660 9659
f 1994 9678 9676
f 2230 9912 9910
f 2297 9981 9979
f 2329 10009 10010
f 2323 10003 10004
f 2326 10006 10008
f 2333 10012 10014
f 2336 10015 10017
f 2345 10024 10026
f 2409 10090 10091
f 2496 10177 10178
f 2485 10165 10166
f 2435 10114 10116
f 2374 10054 10055
f 2368 10048 10049
f 2371 10051 10053
f 2378 10057 10059
f 2381 10060 10062
f 2392 10072 10073
f 2360 10039 10041
f 2416 10096 10098
f 2456 10135 10137
f 2460 10141 10142
f 2488 10168 10169
f 2398 10078 10079
f 2340 10021 10022
f 2430 10111 10112
f 2475 10156 10157
f 2404 10084 10085
f 2501 10180 10182
f 2482 10162 10164
f 2440 10120 10122
f 2347 10027 10028
f 2464 10144 10145
f 2384 10063 10065
f 2355 10036 10037
f 2419 10099 10100
f 2451 10132 10133
f 2470 10150 10151
f 2385 10066 10067
f 2362 10042 10043
f 2423 10102 10104
f 2446 10126 10128
f 2401 10081 10083
f 2339 10018 10020
f 2429 10108 10110
f 2474 10153 10155
f 2491 10171 10173
f 2459 10138 10140
f 2395 10075 10077
f 2365 10045 10046
f 2424 10105 10106
f 2443 10123 10124
f 2390 10069 10071
f 2354 10033 10035
f 2413 10093 10094
f 2450 10129 10131
f 2467 10147 10149
f 2408 10087 10089
f 2495 10174 10176
f 2479 10159 10160
f 2437 10117 10118
f 2350 10030 10031
f 2511 10191 10190
f 2505 10185 10184
f 2507 10188 10186
f 2513 10194 10192
f 2516 10197 10195
f 2519 10200 10198
f 2556 10235 10236
f 2540 10219 10221
f 2561 10240 10242
f 2521 10202 10201
f 2544 10224 10223
f 2529 10208 10209
f 2530 10211 10210
f 2546 10227 10225
f 2549 10230 10228
f 2553 10233 10232
f 2534 10215 10213
f 2536 10217 10216
f 2557 10237 10238
f 2525 10204 10206
f 644 2564 6407
f 643 2563 6403
f 645 2565 6404
f 646 2566 6410
f 647 2567 6413
f 652 2572 6422
f 670 2590 6486
f 699 2619 6573
f 695 2615 6561
f 681 2601 6512
f 659 2579 6452
f 658 2578 6448
f 660 2580 6449
f 661 2581 6455
f 662 2582 6458
f 665 2585 6470
f 657 2577 6437
f 677 2597 6494
f 686 2606 6531
f 688 2608 6539
f 698 2618 6568
f 668 2588 6478
f 648 2568 6419
f 678 2598 6509
f 693 2613 6554
f 669 2589 6482
f 701 2621 6576
f 697 2617 6558
f 682 2602 6516
f 650 2570 6425
f 689 2609 6542
f 664 2584 6463
f 653 2573 6434
f 674 2594 6497
f 684 2604 6528
f 690 2610 6546
f 663 2583 6464
f 655 2575 6440
f 676 2596 6500
f 687 2607 6524
f 672 2592 6479
f 649 2569 6418
f 679 2599 6508
f 696 2616 6553
f 702 2622 6569
f 691 2611 6538
f 667 2587 6471
f 656 2576 6443
f 675 2595 6501
f 683 2603 6523
f 666 2586 6467
f 654 2574 6433
f 673 2593 6493
f 685 2605 6527
f 692 2612 6543
f 671 2591 6485
f 700 2620 6572
f 694 2614 6557
f 680 2600 6515
f 651 2571 6428
f 838 2758 6987
f 736 2656 6681
f 741 2661 6699
f 867 2787 7077
f 879 2799 7113
f 831 2751 6969
f 828 2748 6956
f 780 2700 6810
f 846 2766 7008
f 747 2667 6717
f 820 2740 6933
f 767 2687 6771
f 771 2691 6789
f 849 2769 7023
f 875 2795 7100
f 834 2754 6974
f 825 2745 6951
f 777 2697 6807
f 843 2763 7005
f 750 2670 6720
f 727 2647 6655
f 709 2629 6601
f 703 2623 6584
f 715 2635 6620
f 721 2641 6638
f 733 2653 6674
f 835 2755 6980
f 878 2798 7110
f 866 2786 7074
f 740 2660 6696
f 805 2725 6889
f 787 2707 6835
f 758 2678 6750
f 793 2713 6854
f 799 2719 6872
f 817 2737 6926
f 763 2683 6764
f 770 2690 6786
f 848 2768 7020
f 872 2792 7091
f 836 2756 6983
f 734 2654 6677
f 739 2659 6691
f 865 2785 7069
f 877 2797 7105
f 829 2749 6961
f 824 2744 6948
f 776 2696 6804
f 842 2762 7002
f 745 2665 6709
f 818 2738 6929
f 764 2684 6767
f 769 2689 6781
f 847 2767 7015
f 871 2791 7088
f 830 2750 6966
f 823 2743 6943
f 775 2695 6799
f 841 2761 6997
f 746 2666 6714
f 710 2630 6606
f 704 2624 6587
f 716 2636 6623
f 722 2642 6641
f 728 2648 6660
f 752 2672 6731
f 811 2731 6908
f 781 2701 6818
f 853 2773 7034
f 860 2780 7055
f 788 2708 6840
f 757 2677 6745
f 794 2714 6857
f 800 2720 6875
f 806 2726 6894
f 812 2732 6911
f 782 2702 6821
f 854 2774 7037
f 859 2779 7052
f 751 2671 6728
f 714 2634 6612
f 707 2627 6591
f 719 2639 6627
f 725 2645 6645
f 732 2652 6666
f 755 2675 6735
f 814 2734 6918
f 784 2704 6828
f 857 2777 7046
f 862 2782 7059
f 792 2712 6848
f 759 2679 6753
f 796 2716 6861
f 803 2723 6879
f 810 2730 6900
f 815 2735 6915
f 785 2705 6825
f 856 2776 7041
f 863 2783 7064
f 754 2674 6738
f 712 2632 6602
f 705 2625 6583
f 717 2637 6619
f 723 2643 6637
f 730 2650 6656
f 753 2673 6727
f 816 2736 6912
f 786 2706 6822
f 858 2778 7038
f 861 2781 7051
f 791 2711 6836
f 761 2681 6749
f 795 2715 6853
f 801 2721 6871
f 808 2728 6890
f 813 2733 6907
f 783 2703 6817
f 855 2775 7033
f 864 2784 7056
f 756 2676 6732
f 731 2651 6659
f 713 2633 6605
f 708 2628 6588
f 720 2640 6624
f 726 2646 6642
f 738 2658 6678
f 840 2760 6984
f 881 2801 7106
f 869 2789 7070
f 743 2663 6692
f 809 2729 6893
f 790 2710 6839
f 760 2680 6746
f 798 2718 6858
f 804 2724 6876
f 822 2742 6930
f 768 2688 6768
f 772 2692 6782
f 851 2771 7016
f 873 2793 7087
f 837 2757 6979
f 735 2655 6673
f 742 2662 6695
f 868 2788 7073
f 880 2800 7109
f 832 2752 6965
f 827 2747 6944
f 778 2698 6800
f 844 2764 6998
f 749 2669 6713
f 819 2739 6925
f 765 2685 6763
f 773 2693 6785
f 850 2770 7019
f 876 2796 7092
f 833 2753 6962
f 826 2746 6947
f 779 2699 6803
f 845 2765 7001
f 748 2668 6710
f 729 2649 6663
f 711 2631 6609
f 706 2626 6594
f 718 2638 6630
f 724 2644 6648
f 737 2657 6686
f 839 2759 6992
f 882 2802 7118
f 870 2790 7082
f 744 2664 6704
f 807 2727 6897
f 789 2709 6843
f 762 2682 6756
f 797 2717 6866
f 802 2722 6882
f 821 2741 6938
f 766 2686 6774
f 774 2694 6792
f 852 2772 7028
f 874 2794 7095
f 1270 3190 8283
f 1246 3166 8211
f 1251 3171 8229
f 1287 3207 8337
f 1305 3225 8391
f 1335 3255 8481
f 1552 3472 9129
f 1474 3394 8895
f 1600 3520 9273
f 1353 3273 8535
f 1480 3400 8913
f 1402 3322 8679
f 1407 3327 8697
f 1491 3411 8949
f 1503 3423 8985
f 1534 3454 9075
f 1413 3333 8715
f 1443 3363 8805
f 1593 3513 9255
f 1384 3304 8625
f 1324 3244 8445
f 1276 3196 8301
f 1264 3184 8265
f 1300 3220 8373
f 1318 3238 8427
f 1342 3262 8499
f 1563 3483 9165
f 1461 3381 8859
f 1587 3507 9237
f 1348 3268 8517
f 1522 3442 9039
f 1419 3339 8733
f 1396 3316 8661
f 1498 3418 8967
f 1516 3436 9021
f 1558 3478 9147
f 1426 3346 8751
f 1432 3352 8769
f 1569 3489 9183
f 1371 3291 8589
f 1281 3201 8319
f 1257 3177 8247
f 1293 3213 8355
f 1311 3231 8409
f 1329 3249 8463
f 1377 3297 8607
f 1539 3459 9093
f 1450 3370 8823
f 1576 3496 9201
f 1366 3286 8571
f 1485 3405 8931
f 1389 3309 8643
f 1438 3358 8787
f 1509 3429 9003
f 1527 3447 9057
f 1545 3465 9111
f 1467 3387 8877
f 1456 3376 8841
f 1582 3502 9219
f 1360 3280 8553
f 1271 3191 8288
f 1247 3167 8216
f 1254 3174 8234
f 1290 3210 8342
f 1308 3228 8396
f 1338 3258 8486
f 1553 3473 9134
f 1475 3395 8900
f 1601 3521 9278
f 1356 3276 8540
f 1481 3401 8918
f 1403 3323 8684
f 1410 3330 8702
f 1494 3414 8954
f 1506 3426 8990
f 1535 3455 9080
f 1416 3336 8720
f 1446 3366 8810
f 1596 3516 9260
f 1385 3305 8630
f 907 2827 7195
f 889 2809 7141
f 883 2803 7124
f 895 2815 7160
f 901 2821 7178
f 919 2839 7232
f 1057 2977 7646
f 1237 3157 8186
f 1201 3121 8078
f 1099 3019 7772
f 997 2917 7465
f 979 2899 7411
f 973 2893 7394
f 985 2905 7430
f 991 2911 7448
f 1021 2941 7538
f 949 2869 7322
f 1063 2983 7664
f 1135 3055 7880
f 1177 3097 8005
f 1231 3151 8167
f 1039 2959 7591
f 925 2845 7249
f 1117 3037 7825
f 1207 3127 8095
f 1051 2971 7627
f 1225 3145 8150
f 1189 3109 8042
f 1105 3025 7790
f 931 2851 7267
f 1165 3085 7969
f 1003 2923 7483
f 955 2875 7339
f 1081 3001 7717
f 1147 3067 7916
f 1171 3091 7988
f 1027 2947 7555
f 961 2881 7357
f 1075 2995 7699
f 1123 3043 7844
f 1033 2953 7574
f 913 2833 7213
f 1093 3013 7753
f 1183 3103 8023
f 1213 3133 8114
f 1153 3073 7933
f 1015 2935 7520
f 967 2887 7376
f 1087 3007 7736
f 1141 3061 7897
f 1009 2929 7502
f 943 2863 7303
f 1069 2989 7681
f 1129 3049 7861
f 1159 3079 7952
f 1045 2965 7609
f 1219 3139 8131
f 1195 3115 8059
f 1111 3031 7808
f 937 2857 7286
f 1280 3200 8316
f 1256 3176 8244
f 1292 3212 8352
f 1310 3230 8406
f 1328 3248 8460
f 1376 3296 8604
f 1538 3458 9090
f 1447 3367 8816
f 1573 3493 9194
f 1363 3283 8564
f 1484 3404 8928
f 1388 3308 8640
f 1435 3355 8780
f 1508 3428 9000
f 1526 3446 9054
f 1544 3464 9108
f 1466 3386 8874
f 1453 3373 8834
f 1579 3499 9212
f 1357 3277 8546
f 1268 3188 8279
f 1244 3164 8207
f 1249 3169 8221
f 1285 3205 8329
f 1303 3223 8383
f 1333 3253 8473
f 1550 3470 9125
f 1472 3392 8891
f 1598 3518 9269
f 1351 3271 8527
f 1478 3398 8909
f 1400 3320 8675
f 1405 3325 8689
f 1489 3409 8941
f 1501 3421 8977
f 1532 3452 9071
f 1411 3331 8707
f 1441 3361 8797
f 1591 3511 9247
f 1382 3302 8621
f 1322 3242 8441
f 1274 3194 8297
f 1262 3182 8261
f 1298 3218 8369
f 1316 3236 8423
f 1340 3260 8495
f 1561 3481 9157
f 1459 3379 8851
f 1585 3505 9229
f 1346 3266 8513
f 1520 3440 9035
f 1417 3337 8725
f 1394 3314 8657
f 1496 3416 8963
f 1514 3434 9017
f 1556 3476 9143
f 1424 3344 8747
f 1430 3350 8765
f 1567 3487 9175
f 1369 3289 8581
f 1279 3199 8311
f 1255 3175 8239
f 1291 3211 8347
f 1309 3229 8401
f 1327 3247 8455
f 1375 3295 8599
f 1537 3457 9085
f 1448 3368 8819
f 1574 3494 9197
f 1364 3284 8567
f 1483 3403 8923
f 1387 3307 8635
f 1436 3356 8783
f 1507 3427 8995
f 1525 3445 9049
f 1543 3463 9103
f 1465 3385 8869
f 1454 3374 8837
f 1580 3500 9215
f 1358 3278 8549
f 1267 3187 8276
f 1243 3163 8204
f 1250 3170 8226
f 1286 3206 8334
f 1304 3224 8388
f 1334 3254 8478
f 1549 3469 9122
f 1471 3391 8888
f 1597 3517 9266
f 1352 3272 8532
f 1477 3397 8906
f 1399 3319 8672
f 1406 3326 8694
f 1490 3410 8946
f 1502 3422 8982
f 1531 3451 9068
f 1412 3332 8712
f 1442 3362 8802
f 1592 3512 9252
f 1381 3301 8618
f 890 2810 7146
f 884 2804 7127
f 896 2816 7163
f 902 2822 7181
f 908 2828 7200
f 938 2858 7289
f 1046 2966 7614
f 1220 3140 8136
f 1196 3116 8064
f 1112 3032 7811
f 980 2900 7416
f 974 2894 7397
f 986 2906 7433
f 992 2912 7451
f 998 2918 7470
f 1016 2936 7523
f 968 2888 7379
f 1088 3008 7739
f 1142 3062 7902
f 1154 3074 7938
f 1214 3134 8117
f 1034 2954 7577
f 914 2834 7218
f 1094 3014 7758
f 1184 3104 8028
f 1040 2960 7596
f 1232 3152 8172
f 1208 3128 8100
f 1118 3038 7830
f 926 2846 7254
f 1160 3080 7955
f 1010 2930 7505
f 944 2864 7308
f 1070 2990 7686
f 1130 3050 7866
f 1166 3086 7974
f 1004 2924 7488
f 956 2876 7344
f 1082 3002 7722
f 1148 3068 7919
f 1058 2978 7649
f 920 2840 7235
f 1100 3020 7775
f 1202 3122 8081
f 1238 3158 8189
f 1172 3092 7991
f 1028 2948 7560
f 962 2882 7362
f 1076 2996 7704
f 1124 3044 7847
f 1022 2942 7541
f 950 2870 7325
f 1064 2984 7667
f 1136 3056 7883
f 1178 3098 8010
f 1052 2972 7632
f 1226 3146 8153
f 1190 3110 8045
f 1106 3026 7793
f 932 2852 7272
f 1321 3241 8438
f 1273 3193 8294
f 1261 3181 8258
f 1297 3217 8366
f 1315 3235 8420
f 1339 3259 8492
f 1562 3482 9162
f 1460 3380 8856
f 1586 3506 9234
f 1345 3265 8510
f 1519 3439 9032
f 1418 3338 8730
f 1393 3313 8654
f 1495 3415 8960
f 1513 3433 9014
f 1555 3475 9140
f 1423 3343 8744
f 1429 3349 8762
f 1568 3488 9180
f 1370 3290 8586
f 894 2814 7152
f 887 2807 7131
f 899 2819 7167
f 905 2825 7185
f 912 2832 7206
f 941 2861 7293
f 1050 2970 7620
f 1224 3144 8142
f 1200 3120 8070
f 1115 3035 7815
f 984 2904 7422
f 977 2897 7401
f 989 2909 7437
f 995 2915 7455
f 1002 2922 7476
f 1019 2939 7527
f 971 2891 7383
f 1091 3011 7743
f 1146 3066 7908
f 1158 3078 7944
f 1217 3137 8121
f 1037 2957 7581
f 918 2838 7224
f 1098 3018 7764
f 1188 3108 8034
f 1044 2964 7602
f 1236 3156 8178
f 1212 3132 8106
f 1122 3042 7836
f 930 2850 7260
f 1163 3083 7959
f 1013 2933 7509
f 948 2868 7314
f 1074 2994 7692
f 1134 3054 7872
f 1170 3090 7980
f 1008 2928 7494
f 960 2880 7350
f 1086 3006 7728
f 1151 3071 7923
f 1061 2981 7653
f 923 2843 7239
f 1103 3023 7779
f 1205 3125 8085
f 1241 3161 8193
f 1175 3095 7995
f 1032 2952 7566
f 966 2886 7368
f 1080 3000 7710
f 1127 3047 7851
f 1025 2945 7545
f 953 2873 7329
f 1067 2987 7671
f 1139 3059 7887
f 1182 3102 8016
f 1056 2976 7638
f 1229 3149 8157
f 1193 3113 8049
f 1109 3029 7797
f 936 2856 7278
f 1325 3245 8450
f 1277 3197 8306
f 1265 3185 8270
f 1301 3221 8378
f 1319 3239 8432
f 1343 3263 8504
f 1566 3486 9170
f 1464 3384 8864
f 1590 3510 9242
f 1349 3269 8522
f 1523 3443 9044
f 1422 3342 8738
f 1397 3317 8666
f 1499 3419 8972
f 1517 3437 9026
f 1559 3479 9152
f 1427 3347 8756
f 1433 3353 8774
f 1572 3492 9188
f 1374 3294 8594
f 892 2812 7142
f 885 2805 7123
f 897 2817 7159
f 903 2823 7177
f 910 2830 7196
f 939 2859 7285
f 1048 2968 7610
f 1222 3142 8132
f 1198 3118 8060
f 1113 3033 7807
f 982 2902 7412
f 975 2895 7393
f 987 2907 7429
f 993 2913 7447
f 1000 2920 7466
f 1017 2937 7519
f 969 2889 7375
f 1089 3009 7735
f 1144 3064 7898
f 1156 3076 7934
f 1215 3135 8113
f 1035 2955 7573
f 916 2836 7214
f 1096 3016 7754
f 1186 3106 8024
f 1042 2962 7592
f 1234 3154 8168
f 1210 3130 8096
f 1120 3040 7826
f 928 2848 7250
f 1161 3081 7951
f 1011 2931 7501
f 946 2866 7304
f 1072 2992 7682
f 1132 3052 7862
f 1168 3088 7970
f 1006 2926 7484
f 958 2878 7340
f 1084 3004 7718
f 1149 3069 7915
f 1059 2979 7645
f 921 2841 7231
f 1101 3021 7771
f 1203 3123 8077
f 1239 3159 8185
f 1173 3093 7987
f 1030 2950 7556
f 964 2884 7358
f 1078 2998 7700
f 1125 3045 7843
f 1023 2943 7537
f 951 2871 7321
f 1065 2985 7663
f 1137 3057 7879
f 1180 3100 8006
f 1054 2974 7628
f 1227 3147 8149
f 1191 3111 8041
f 1107 3027 7789
f 934 2854 7268
f 1326 3246 8442
f 1278 3198 8298
f 1266 3186 8262
f 1302 3222 8370
f 1320 3240 8424
f 1344 3264 8496
f 1565 3485 9158
f 1463 3383 8852
f 1589 3509 9230
f 1350 3270 8514
f 1524 3444 9036
f 1421 3341 8726
f 1398 3318 8658
f 1500 3420 8964
f 1518 3438 9018
f 1560 3480 9144
f 1428 3348 8748
f 1434 3354 8766
f 1571 3491 9176
f 1373 3293 8582
f 911 2831 7199
f 893 2813 7145
f 888 2808 7128
f 900 2820 7164
f 906 2826 7182
f 924 2844 7236
f 1062 2982 7650
f 1242 3162 8190
f 1206 3126 8082
f 1104 3024 7776
f 1001 2921 7469
f 983 2903 7415
f 978 2898 7398
f 990 2910 7434
f 996 2916 7452
f 1026 2946 7542
f 954 2874 7326
f 1068 2988 7668
f 1140 3060 7884
f 1181 3101 8009
f 1235 3155 8171
f 1043 2963 7595
f 929 2849 7253
f 1121 3041 7829
f 1211 3131 8099
f 1055 2975 7631
f 1230 3150 8154
f 1194 3114 8046
f 1110 3030 7794
f 935 2855 7271
f 1169 3089 7973
f 1007 2927 7487
f 959 2879 7343
f 1085 3005 7721
f 1152 3072 7920
f 1176 3096 7992
f 1031 2951 7559
f 965 2885 7361
f 1079 2999 7703
f 1128 3048 7848
f 1038 2958 7578
f 917 2837 7217
f 1097 3017 7757
f 1187 3107 8027
f 1218 3138 8118
f 1157 3077 7937
f 1020 2940 7524
f 972 2892 7380
f 1092 3012 7740
f 1145 3065 7901
f 1014 2934 7506
f 947 2867 7307
f 1073 2993 7685
f 1133 3053 7865
f 1164 3084 7956
f 1049 2969 7613
f 1223 3143 8135
f 1199 3119 8063
f 1116 3036 7812
f 942 2862 7290
f 1283 3203 8312
f 1259 3179 8240
f 1295 3215 8348
f 1313 3233 8402
f 1331 3251 8456
f 1379 3299 8600
f 1541 3461 9086
f 1452 3372 8820
f 1578 3498 9198
f 1368 3288 8568
f 1487 3407 8924
f 1391 3311 8636
f 1440 3360 8784
f 1511 3431 8996
f 1529 3449 9050
f 1547 3467 9104
f 1469 3389 8870
f 1458 3378 8838
f 1584 3504 9216
f 1362 3282 8550
f 1269 3189 8275
f 1245 3165 8203
f 1252 3172 8225
f 1288 3208 8333
f 1306 3226 8387
f 1336 3256 8477
f 1551 3471 9121
f 1473 3393 8887
f 1599 3519 9265
f 1354 3274 8531
f 1479 3399 8905
f 1401 3321 8671
f 1408 3328 8693
f 1492 3412 8945
f 1504 3424 8981
f 1533 3453 9067
f 1414 3334 8711
f 1444 3364 8801
f 1594 3514 9251
f 1383 3303 8617
f 1323 3243 8437
f 1275 3195 8293
f 1263 3183 8257
f 1299 3219 8365
f 1317 3237 8419
f 1341 3261 8491
f 1564 3484 9161
f 1462 3382 8855
f 1588 3508 9233
f 1347 3267 8509
f 1521 3441 9031
f 1420 3340 8729
f 1395 3315 8653
f 1497 3417 8959
f 1515 3435 9013
f 1557 3477 9139
f 1425 3345 8743
f 1431 3351 8761
f 1570 3490 9179
f 1372 3292 8585
f 1282 3202 8315
f 1258 3178 8243
f 1294 3214 8351
f 1312 3232 8405
f 1330 3250 8459
f 1378 3298 8603
f 1540 3460 9089
f 1449 3369 8815
f 1575 3495 9193
f 1365 3285 8563
f 1486 3406 8927
f 1390 3310 8639
f 1437 3357 8779
f 1510 3430 8999
f 1528 3448 9053
f 1546 3466 9107
f 1468 3388 8873
f 1455 3375 8833
f 1581 3501 9211
f 1359 3279 8545
f 1272 3192 8280
f 1248 3168 8208
f 1253 3173 8222
f 1289 3209 8330
f 1307 3227 8384
f 1337 3257 8474
f 1554 3474 9126
f 1476 3396 8892
f 1602 3522 9270
f 1355 3275 8528
f 1482 3402 8910
f 1404 3324 8676
f 1409 3329 8690
f 1493 3413 8942
f 1505 3425 8978
f 1536 3456 9072
f 1415 3335 8708
f 1445 3365 8798
f 1595 3515 9248
f 1386 3306 8622
f 909 2829 7203
f 891 2811 7149
f 886 2806 7134
f 898 2818 7170
f 904 2824 7188
f 922 2842 7242
f 1060 2980 7656
f 1240 3160 8196
f 1204 3124 8088
f 1102 3022 7782
f 999 2919 7473
f 981 2901 7419
f 976 2896 7404
f 988 2908 7440
f 994 2914 7458
f 1024 2944 7548
f 952 2872 7332
f 1066 2986 7674
f 1138 3058 7890
f 1179 3099 8013
f 1233 3153 8175
f 1041 2961 7599
f 927 2847 7257
f 1119 3039 7833
f 1209 3129 8103
f 1053 2973 7635
f 1228 3148 8160
f 1192 3112 8052
f 1108 3028 7800
f 933 2853 7275
f 1167 3087 7977
f 1005 2925 7491
f 957 2877 7347
f 1083 3003 7725
f 1150 3070 7926
f 1174 3094 7998
f 1029 2949 7563
f 963 2883 7365
f 1077 2997 7707
f 1126 3046 7854
f 1036 2956 7584
f 915 2835 7221
f 1095 3015 7761
f 1185 3105 8031
f 1216 3136 8124
f 1155 3075 7941
f 1018 2938 7530
f 970 2890 7386
f 1090 3010 7746
f 1143 3063 7905
f 1012 2932 7512
f 945 2865 7311
f 1071 2991 7689
f 1131 3051 7869
f 1162 3082 7962
f 1047 2967 7617
f 1221 3141 8139
f 1197 3117 8067
f 1114 3034 7818
f 940 2860 7296
f 1284 3204 8324
f 1260 3180 8252
f 1296 3216 8360
f 1314 3234 8414
f 1332 3252 8468
f 1380 3300 8612
f 1542 3462 9098
f 1451 3371 8828
f 1577 3497 9206
f 1367 3287 8576
f 1488 3408 8936
f 1392 3312 8648
f 1439 3359 8792
f 1512 3432 9008
f 1530 3450 9062
f 1548 3468 9116
f 1470 3390 8882
f 1457 3377 8846
f 1583 3503 9224
f 1361 3281 8558
f 1616 4990 9291
f 1608 4966 9287
f 1606 4971 9288
f 1612 5007 9294
f 1615 5025 9297
f 1624 5079 9306
f 1692 5464 9372
f 1782 5986 9459
f 1765 5914 9447
f 1714 5619 9396
f 1661 5260 9336
f 1653 5236 9332
f 1651 5241 9333
f 1657 5277 9339
f 1660 5295 9342
f 1675 5368 9356
f 1639 5169 9321
f 1696 5511 9378
f 1733 5733 9417
f 1751 5782 9423
f 1779 5956 9452
f 1683 5416 9362
f 1626 5062 9303
f 1721 5602 9393
f 1766 5872 9438
f 1689 5440 9366
f 1778 6003 9462
f 1760 5895 9444
f 1718 5643 9402
f 1629 5098 9309
f 1747 5800 9428
f 1665 5325 9347
f 1641 5152 9318
f 1704 5530 9381
f 1737 5716 9414
f 1750 5824 9432
f 1676 5332 9348
f 1644 5188 9324
f 1702 5547 9386
f 1726 5691 9408
f 1681 5421 9363
f 1620 5055 9302
f 1710 5595 9392
f 1755 5865 9437
f 1771 5961 9453
f 1740 5775 9422
f 1673 5373 9357
f 1647 5206 9327
f 1707 5554 9387
f 1734 5686 9407
f 1669 5349 9351
f 1635 5145 9317
f 1698 5506 9377
f 1729 5709 9413
f 1745 5805 9429
f 1687 5457 9371
f 1774 5979 9458
f 1762 5890 9443
f 1720 5638 9401
f 1632 5116 9312
f 2189 6093 9873
f 1883 6069 9567
f 1903 6076 9585
f 2281 6112 9963
f 2317 6130 9999
f 2173 6148 9855
f 2158 6351 9840
f 2012 6261 9696
f 2210 6381 9894
f 1924 6160 9603
f 2135 6291 9819
f 1973 6195 9657
f 1996 6208 9675
f 2227 6310 9909
f 2304 6328 9984
f 2176 6357 9858
f 2155 6238 9837
f 2014 6250 9693
f 2212 6370 9891
f 1922 6171 9606
f 1864 5044 9539
f 1810 4996 9485
f 1795 4984 9468
f 1831 5020 9504
f 1849 5038 9522
f 1887 5092 9558
f 2193 5500 9864
f 2321 6040 9996
f 2285 5938 9960
f 1907 5632 9582
f 2098 5314 9773
f 2044 5266 9719
f 1961 5254 9636
f 2067 5290 9738
f 2083 5308 9756
f 2139 5398 9810
f 1975 5182 9648
f 1997 5524 9672
f 2231 5746 9906
f 2298 5854 9977
f 2190 6022 9869
f 1884 5446 9563
f 1900 5104 9575
f 2278 5674 9953
f 2314 5944 9989
f 2170 5482 9845
f 2159 6016 9834
f 2015 5908 9690
f 2213 5656 9888
f 1918 5122 9593
f 2136 5830 9815
f 1977 5338 9653
f 1990 5194 9665
f 2224 5572 9899
f 2301 5770 9972
f 2177 5848 9852
f 2152 5404 9827
f 2008 5212 9683
f 2206 5560 9881
f 1925 5704 9600
f 1817 5434 9492
f 1797 5068 9473
f 1833 5608 9509
f 1851 5878 9527
f 1871 5974 9546
f 1941 5788 9617
f 2119 5386 9792
f 2029 5230 9702
f 2247 5590 9918
f 2262 5752 9941
f 2051 5362 9726
f 1954 5158 9629
f 2064 5536 9743
f 2085 5722 9761
f 2105 5818 9780
f 2121 5470 9797
f 2031 5992 9707
f 2244 5920 9923
f 2265 5668 9936
f 1939 5140 9612
f 1814 6081 9498
f 1793 6045 9477
f 1829 6063 9513
f 1847 6105 9531
f 1868 6123 9552
f 1937 6141 9621
f 2124 6346 9804
f 2034 6268 9714
f 2250 6388 9930
f 2261 6165 9945
f 2050 6279 9732
f 1960 6190 9639
f 2063 6219 9747
f 2081 6303 9765
f 2102 6321 9786
f 2117 6333 9801
f 2027 6231 9711
f 2243 6255 9927
f 2268 6394 9948
f 1944 6178 9624
f 1804 5001 9486
f 1785 4977 9467
f 1821 5013 9503
f 1839 5031 9521
f 1858 5049 9540
f 1929 5133 9611
f 2114 5475 9798
f 2024 5997 9708
f 2240 5925 9924
f 2253 5661 9935
f 2038 5271 9720
f 1951 5247 9635
f 2055 5283 9737
f 2073 5301 9755
f 2092 5319 9774
f 2109 5379 9791
f 2019 5223 9701
f 2235 5583 9917
f 2258 5757 9942
f 1934 5793 9618
f 1861 5967 9545
f 1807 5427 9491
f 1790 5073 9474
f 1826 5613 9510
f 1844 5883 9528
f 1880 5451 9564
f 2186 6027 9870
f 2308 5949 9990
f 2272 5679 9954
f 1894 5109 9576
f 2095 5811 9779
f 2041 5355 9725
f 1948 5163 9630
f 2060 5541 9744
f 2078 5727 9762
f 2132 5835 9816
f 1970 5343 9654
f 1984 5199 9666
f 2218 5577 9900
f 2289 5763 9971
f 2181 5493 9863
f 1875 5085 9557
f 1897 5625 9581
f 2275 5931 9959
f 2311 6033 9995
f 2167 5841 9851
f 2146 5409 9828
f 2002 5217 9684
f 2200 5565 9882
f 1915 5697 9599
f 2127 5391 9809
f 1965 5175 9647
f 1987 5517 9671
f 2221 5739 9905
f 2294 5859 9978
f 2164 5487 9846
f 2149 6009 9833
f 2005 5901 9689
f 2203 5649 9887
f 1912 5127 9594
f 1870 6088 9549
f 1816 6052 9495
f 1800 6058 9480
f 1836 6100 9516
f 1854 6118 9534
f 1890 6136 9570
f 2196 6364 9876
f 2320 6273 10002
f 2284 6399 9966
f 1906 6153 9588
f 2104 6286 9783
f 2047 6214 9729
f 1958 6201 9642
f 2070 6298 9750
f 2088 6316 9768
f 2142 6340 9822
f 1980 6226 9660
f 1994 6243 9678
f 2230 6375 9912
f 2297 6183 9981
f 2329 4991 10009
f 2323 4967 10003
f 2326 4974 10006
f 2333 5010 10012
f 2336 5028 10015
f 2345 5082 10024
f 2409 5465 10090
f 2496 5987 10177
f 2485 5915 10165
f 2435 5622 10114
f 2374 5261 10054
f 2368 5237 10048
f 2371 5244 10051
f 2378 5280 10057
f 2381 5298 10060
f 2392 5369 10072
f 2360 5172 10039
f 2416 5514 10096
f 2456 5736 10135
f 2460 5783 10141
f 2488 5957 10168
f 2398 5417 10078
f 2340 5063 10021
f 2430 5603 10111
f 2475 5873 10156
f 2404 5441 10084
f 2501 6006 10180
f 2482 5898 10162
f 2440 5646 10120
f 2347 5099 10027
f 2464 5801 10144
f 2384 5328 10063
f 2355 5153 10036
f 2419 5531 10099
f 2451 5717 10132
f 2470 5825 10150
f 2385 5333 10066
f 2362 5189 10042
f 2423 5550 10102
f 2446 5694 10126
f 2401 5424 10081
f 2339 5058 10018
f 2429 5598 10108
f 2474 5868 10153
f 2491 5964 10171
f 2459 5778 10138
f 2395 5376 10075
f 2365 5207 10045
f 2424 5555 10105
f 2443 5687 10123
f 2390 5352 10069
f 2354 5148 10033
f 2413 5507 10093
f 2450 5712 10129
f 2467 5808 10147
f 2408 5460 10087
f 2495 5982 10174
f 2479 5891 10159
f 2437 5639 10117
f 2350 5117 10030
f 2511 6096 10191
f 2505 6072 10185
f 2507 6077 10188
f 2513 6113 10194
f 2516 6131 10197
f 2519 6149 10200
f 2556 6354 10235
f 2540 6264 10219
f 2561 6384 10240
f 2521 6161 10202
f 2544 6294 10224
f 2529 6198 10208
f 2530 6209 10211
f 2546 6311 10227
f 2549 6329 10230
f 2553 6360 10233
f 2534 6239 10215
f 2536 6251 10217
f 2557 6371 10237
f 2525 6174 10204
f 647 3547 6416
f 644 3529 6408
f 643 3523 6406
f 645 3535 6412
f 646 3541 6415
f 649 3559 6424
f 672 3697 6492
f 702 3877 6582
f 696 3841 6565
f 679 3739 6514
f 662 3637 6461
f 659 3619 6453
f 658 3613 6451
f 660 3625 6457
f 661 3631 6460
f 666 3661 6475
f 654 3589 6439
f 673 3703 6496
f 685 3775 6533
f 692 3817 6551
f 701 3871 6579
f 669 3679 6483
f 650 3565 6426
f 682 3757 6521
f 697 3847 6566
f 671 3691 6489
f 700 3865 6578
f 694 3829 6560
f 680 3745 6518
f 651 3571 6429
f 690 3805 6547
f 663 3643 6465
f 655 3595 6441
f 676 3721 6504
f 687 3787 6537
f 691 3811 6550
f 667 3667 6476
f 656 3601 6444
f 675 3715 6502
f 683 3763 6526
f 668 3673 6481
f 648 3553 6420
f 678 3733 6510
f 693 3823 6555
f 698 3853 6571
f 688 3793 6540
f 665 3655 6473
f 657 3607 6447
f 677 3727 6507
f 686 3781 6534
f 664 3649 6469
f 653 3583 6435
f 674 3709 6498
f 684 3769 6529
f 689 3799 6545
f 670 3685 6487
f 699 3859 6574
f 695 3835 6562
f 681 3751 6520
f 652 3577 6432
f 837 4687 6989
f 735 4075 6683
f 742 4117 6703
f 868 4873 7081
f 880 4945 7117
f 832 4657 6973
f 827 4627 6958
f 778 4333 6812
f 844 4729 7010
f 749 4159 6724
f 819 4579 6935
f 765 4255 6773
f 773 4303 6796
f 850 4765 7027
f 876 4921 7104
f 833 4663 6976
f 826 4621 6955
f 779 4339 6814
f 845 4735 7012
f 748 4153 6722
f 729 4039 6664
f 711 3931 6610
f 706 3901 6595
f 718 3973 6631
f 724 4009 6649
f 737 4087 6687
f 839 4699 6993
f 882 4957 7121
f 870 4885 7085
f 744 4129 6707
f 807 4507 6898
f 789 4399 6844
f 762 4237 6761
f 797 4447 6867
f 802 4477 6883
f 821 4591 6939
f 766 4261 6775
f 774 4309 6797
f 852 4777 7031
f 874 4909 7098
f 838 4693 6990
f 736 4081 6684
f 741 4111 6700
f 867 4867 7078
f 879 4939 7114
f 831 4651 6970
f 828 4633 6959
f 780 4345 6815
f 846 4741 7013
f 747 4147 6718
f 820 4585 6936
f 767 4267 6777
f 771 4291 6790
f 849 4759 7024
f 875 4915 7101
f 834 4669 6977
f 825 4615 6952
f 777 4327 6808
f 843 4723 7006
f 750 4165 6725
f 714 3949 6617
f 707 3907 6597
f 719 3979 6633
f 725 4015 6651
f 732 4057 6671
f 755 4195 6741
f 814 4549 6919
f 784 4369 6829
f 857 4807 7047
f 862 4837 7062
f 792 4417 6851
f 759 4219 6754
f 796 4441 6864
f 803 4483 6885
f 810 4525 6905
f 815 4555 6921
f 785 4375 6831
f 856 4801 7044
f 863 4843 7065
f 754 4189 6739
f 712 3937 6614
f 705 3895 6593
f 717 3967 6629
f 723 4003 6647
f 730 4045 6668
f 753 4183 6737
f 816 4561 6924
f 786 4381 6834
f 858 4813 7050
f 861 4831 7061
f 791 4411 6850
f 761 4231 6760
f 795 4435 6863
f 801 4471 6881
f 808 4513 6902
f 813 4543 6917
f 783 4363 6827
f 855 4795 7043
f 864 4849 7068
f 756 4201 6744
f 709 3919 6604
f 703 3883 6585
f 715 3955 6621
f 721 3991 6639
f 727 4027 6658
f 751 4171 6729
f 812 4537 6914
f 782 4357 6824
f 854 4789 7040
f 859 4819 7053
f 787 4387 6838
f 758 4213 6751
f 793 4423 6855
f 799 4459 6873
f 805 4495 6892
f 811 4531 6909
f 781 4351 6819
f 853 4783 7035
f 860 4825 7058
f 752 4177 6734
f 728 4033 6661
f 710 3925 6607
f 704 3889 6590
f 716 3961 6626
f 722 3997 6644
f 734 4069 6680
f 836 4681 6986
f 877 4927 7108
f 865 4855 7072
f 739 4099 6694
f 806 4501 6895
f 788 4393 6841
f 757 4207 6748
f 794 4429 6860
f 800 4465 6878
f 818 4573 6932
f 764 4249 6770
f 769 4279 6784
f 847 4747 7018
f 871 4891 7089
f 835 4675 6981
f 733 4063 6675
f 740 4105 6697
f 866 4861 7075
f 878 4933 7111
f 830 4645 6967
f 823 4603 6946
f 775 4315 6802
f 841 4711 7000
f 746 4141 6715
f 817 4567 6927
f 763 4243 6765
f 770 4285 6787
f 848 4753 7021
f 872 4897 7094
f 829 4639 6964
f 824 4609 6949
f 776 4321 6805
f 842 4717 7003
f 745 4135 6712
f 731 4051 6670
f 713 3943 6616
f 708 3913 6600
f 720 3985 6636
f 726 4021 6654
f 738 4093 6690
f 840 4705 6996
f 881 4951 7120
f 869 4879 7084
f 743 4123 6706
f 809 4519 6904
f 790 4405 6847
f 760 4225 6758
f 798 4453 6870
f 804 4489 6888
f 822 4597 6942
f 768 4273 6780
f 772 4297 6794
f 851 4771 7030
f 873 4903 7097
f 1269 5000 8285
f 1245 4976 8213
f 1252 5012 8233
f 1288 5030 8341
f 1306 5048 8395
f 1336 5132 8485
f 1551 5474 9131
f 1473 5996 8897
f 1599 5924 9275
f 1354 5660 8539
f 1479 5270 8915
f 1401 5246 8681
f 1408 5282 8701
f 1492 5300 8953
f 1504 5318 8989
f 1533 5378 9077
f 1414 5222 8719
f 1444 5582 8809
f 1594 5756 9259
f 1383 5792 8627
f 1323 5966 8447
f 1275 5426 8303
f 1263 5072 8267
f 1299 5612 8375
f 1317 5882 8429
f 1341 5450 8501
f 1564 6026 9169
f 1462 5948 8863
f 1588 5678 9241
f 1347 5108 8519
f 1521 5810 9041
f 1420 5354 8737
f 1395 5162 8663
f 1497 5540 8969
f 1515 5726 9023
f 1557 5834 9149
f 1425 5342 8753
f 1431 5198 8771
f 1570 5576 9187
f 1372 5762 8593
f 1282 5492 8323
f 1258 5084 8251
f 1294 5624 8359
f 1312 5930 8413
f 1330 6032 8467
f 1378 5840 8611
f 1540 5408 9097
f 1449 5216 8825
f 1575 5564 9203
f 1365 5696 8573
f 1486 5390 8935
f 1390 5174 8647
f 1437 5516 8789
f 1510 5738 9007
f 1528 5858 9061
f 1546 5486 9115
f 1468 6008 8881
f 1455 5900 8843
f 1581 5648 9221
f 1359 5126 8555
f 1272 6085 8292
f 1248 6049 8220
f 1253 6055 8236
f 1289 6097 8344
f 1307 6115 8398
f 1337 6133 8488
f 1554 6361 9138
f 1476 6272 8904
f 1602 6398 9282
f 1355 6152 8542
f 1482 6283 8922
f 1404 6211 8688
f 1409 6200 8704
f 1493 6295 8956
f 1505 6313 8992
f 1536 6337 9084
f 1415 6223 8722
f 1445 6242 8812
f 1595 6374 9262
f 1386 6182 8634
f 909 4988 7204
f 891 4964 7150
f 886 4969 7135
f 898 5005 7171
f 904 5023 7189
f 922 5077 7243
f 1060 5462 7657
f 1240 5984 8197
f 1204 5912 8089
f 1102 5617 7783
f 999 5258 7474
f 981 5234 7420
f 976 5239 7405
f 988 5275 7441
f 994 5293 7459
f 1024 5366 7549
f 952 5167 7333
f 1066 5509 7675
f 1138 5731 7891
f 1179 5780 8014
f 1233 5954 8176
f 1041 5414 7600
f 927 5060 7258
f 1119 5600 7834
f 1209 5870 8104
f 1053 5438 7636
f 1228 6001 8161
f 1192 5893 8053
f 1108 5641 7801
f 933 5096 7276
f 1167 5798 7978
f 1005 5323 7492
f 957 5150 7348
f 1083 5528 7726
f 1150 5714 7927
f 1174 5822 7999
f 1029 5330 7564
f 963 5186 7366
f 1077 5545 7708
f 1126 5689 7855
f 1036 5419 7585
f 915 5053 7222
f 1095 5593 7762
f 1185 5863 8032
f 1216 5959 8125
f 1155 5773 7942
f 1018 5371 7531
f 970 5204 7387
f 1090 5552 7747
f 1143 5684 7906
f 1012 5347 7513
f 945 5143 7312
f 1071 5504 7690
f 1131 5707 7870
f 1162 5803 7963
f 1047 5455 7618
f 1221 5977 8140
f 1197 5888 8068
f 1114 5636 7819
f 940 5114 7297
f 1284 6091 8327
f 1260 6067 8255
f 1296 6074 8363
f 1314 6110 8417
f 1332 6128 8471
f 1380 6146 8615
f 1542 6349 9101
f 1451 6259 8829
f 1577 6379 9207
f 1367 6158 8577
f 1488 6289 8939
f 1392 6193 8651
f 1439 6206 8793
f 1512 6308 9011
f 1530 6326 9065
f 1548 6355 9119
f 1470 6236 8885
f 1457 6248 8847
f 1583 6368 9225
f 1361 6169 8559
f 1270 5042 8286
f 1246 4994 8214
f 1251 4982 8230
f 1287 5018 8338
f 1305 5036 8392
f 1335 5090 8482
f 1552 5498 9132
f 1474 6038 8898
f 1600 5936 9276
f 1353 5630 8536
f 1480 5312 8916
f 1402 5264 8682
f 1407 5252 8698
f 1491 5288 8950
f 1503 5306 8986
f 1534 5396 9078
f 1413 5180 8716
f 1443 5522 8806
f 1593 5744 9256
f 1384 5852 8628
f 1324 6020 8448
f 1276 5444 8304
f 1264 5102 8268
f 1300 5672 8376
f 1318 5942 8430
f 1342 5480 8502
f 1563 6014 9166
f 1461 5906 8860
f 1587 5654 9238
f 1348 5120 8520
f 1522 5828 9042
f 1419 5336 8734
f 1396 5192 8664
f 1498 5570 8970
f 1516 5768 9024
f 1558 5846 9150
f 1426 5402 8754
f 1432 5210 8772
f 1569 5558 9184
f 1371 5702 8590
f 1281 5432 8320
f 1257 5066 8248
f 1293 5606 8356
f 1311 5876 8410
f 1329 5972 8464
f 1377 5786 8608
f 1539 5384 9094
f 1450 5228 8826
f 1576 5588 9204
f 1366 5750 8574
f 1485 5360 8932
f 1389 5156 8644
f 1438 5534 8790
f 1509 5720 9004
f 1527 5816 9058
f 1545 5468 9112
f 1467 5990 8878
f 1456 5918 8844
f 1582 5666 9222
f 1360 5138 8556
f 1271 6079 8289
f 1247 6043 8217
f 1254 6061 8237
f 1290 6103 8345
f 1308 6121 8399
f 1338 6139 8489
f 1553 6344 9135
f 1475 6266 8901
f 1601 6386 9279
f 1356 6163 8543
f 1481 6277 8919
f 1403 6188 8685
f 1410 6217 8705
f 1494 6301 8957
f 1506 6319 8993
f 1535 6331 9081
f 1416 6229 8723
f 1446 6253 8813
f 1596 6392 9263
f 1385 6176 8631
f 894 4999 7157
f 887 4975 7137
f 899 5011 7173
f 905 5029 7191
f 912 5047 7211
f 941 5131 7299
f 1050 5473 7625
f 1224 5995 8147
f 1200 5923 8075
f 1115 5659 7821
f 984 5269 7427
f 977 5245 7407
f 989 5281 7443
f 995 5299 7461
f 1002 5317 7481
f 1019 5377 7533
f 971 5221 7389
f 1091 5581 7749
f 1146 5755 7913
f 1158 5791 7949
f 1217 5965 8127
f 1037 5425 7587
f 918 5071 7229
f 1098 5611 7769
f 1188 5881 8039
f 1044 5449 7607
f 1236 6025 8183
f 1212 5947 8111
f 1122 5677 7841
f 930 5107 7265
f 1163 5809 7965
f 1013 5353 7515
f 948 5161 7319
f 1074 5539 7697
f 1134 5725 7877
f 1170 5833 7985
f 1008 5341 7499
f 960 5197 7355
f 1086 5575 7733
f 1151 5761 7929
f 1061 5491 7659
f 923 5083 7245
f 1103 5623 7785
f 1205 5929 8091
f 1241 6031 8199
f 1175 5839 8001
f 1032 5407 7571
f 966 5215 7373
f 1080 5563 7715
f 1127 5695 7857
f 1025 5389 7551
f 953 5173 7335
f 1067 5515 7677
f 1139 5737 7893
f 1182 5857 8021
f 1056 5485 7643
f 1229 6007 8163
f 1193 5899 8055
f 1109 5647 7803
f 936 5125 7283
f 1325 6086 8451
f 1277 6050 8307
f 1265 6056 8271
f 1301 6098 8379
f 1319 6116 8433
f 1343 6134 8505
f 1566 6362 9173
f 1464 6271 8867
f 1590 6397 9245
f 1349 6151 8523
f 1523 6284 9045
f 1422 6212 8741
f 1397 6199 8667
f 1499 6296 8973
f 1517 6314 9027
f 1559 6338 9153
f 1427 6224 8757
f 1433 6241 8775
f 1572 6373 9191
f 1374 6181 8597
f 892 4987 7154
f 885 4963 7133
f 897 4970 7169
f 903 5006 7187
f 910 5024 7208
f 939 5078 7295
f 1048 5461 7622
f 1222 5983 8144
f 1198 5911 8072
f 1113 5618 7817
f 982 5257 7424
f 975 5233 7403
f 987 5240 7439
f 993 5276 7457
f 1000 5294 7478
f 1017 5365 7529
f 969 5168 7385
f 1089 5510 7745
f 1144 5732 7910
f 1156 5779 7946
f 1215 5953 8123
f 1035 5413 7583
f 916 5059 7226
f 1096 5599 7766
f 1186 5869 8036
f 1042 5437 7604
f 1234 6002 8180
f 1210 5894 8108
f 1120 5642 7838
f 928 5095 7262
f 1161 5797 7961
f 1011 5324 7511
f 946 5149 7316
f 1072 5527 7694
f 1132 5713 7874
f 1168 5821 7982
f 1006 5329 7496
f 958 5185 7352
f 1084 5546 7730
f 1149 5690 7925
f 1059 5420 7655
f 921 5054 7241
f 1101 5594 7781
f 1203 5864 8087
f 1239 5960 8195
f 1173 5774 7997
f 1030 5372 7568
f 964 5203 7370
f 1078 5551 7712
f 1125 5683 7853
f 1023 5348 7547
f 951 5144 7331
f 1065 5503 7673
f 1137 5708 7889
f 1180 5804 8018
f 1054 5456 7640
f 1227 5978 8159
f 1191 5887 8051
f 1107 5635 7799
f 934 5113 7280
f 1326 6092 8454
f 1278 6068 8310
f 1266 6073 8274
f 1302 6109 8382
f 1320 6127 8436
f 1344 6145 8508
f 1565 6350 9172
f 1463 6260 8866
f 1589 6380 9244
f 1350 6157 8526
f 1524 6290 9048
f 1421 6194 8740
f 1398 6205 8670
f 1500 6307 8976
f 1518 6325 9030
f 1560 6356 9156
f 1428 6235 8760
f 1434 6247 8778
f 1571 6367 9190
f 1373 6170 8596
f 889 3530 7144
f 883 3524 7125
f 895 3536 7161
f 901 3542 7179
f 907 3548 7198
f 937 3578 7287
f 1045 3686 7612
f 1219 3860 8134
f 1195 3836 8062
f 1111 3752 7809
f 979 3620 7414
f 973 3614 7395
f 985 3626 7431
f 991 3632 7449
f 997 3638 7468
f 1015 3656 7521
f 967 3608 7377
f 1087 3728 7737
f 1141 3782 7900
f 1153 3794 7936
f 1213 3854 8115
f 1033 3674 7575
f 913 3554 7216
f 1093 3734 7756
f 1183 3824 8026
f 1039 3680 7594
f 1231 3872 8170
f 1207 3848 8098
f 1117 3758 7828
f 925 3566 7252
f 1159 3800 7953
f 1009 3650 7503
f 943 3584 7306
f 1069 3710 7684
f 1129 3770 7864
f 1165 3806 7972
f 1003 3644 7486
f 955 3596 7342
f 1081 3722 7720
f 1147 3788 7917
f 1057 3698 7647
f 919 3560 7233
f 1099 3740 7773
f 1201 3842 8079
f 1237 3878 8187
f 1171 3812 7989
f 1027 3668 7558
f 961 3602 7360
f 1075 3716 7702
f 1123 3764 7845
f 1021 3662 7539
f 949 3590 7323
f 1063 3704 7665
f 1135 3776 7881
f 1177 3818 8008
f 1051 3692 7630
f 1225 3866 8151
f 1189 3830 8043
f 1105 3746 7791
f 931 3572 7270
f 1322 4694 8444
f 1274 4082 8300
f 1262 4112 8264
f 1298 4868 8372
f 1316 4940 8426
f 1340 4652 8498
f 1561 4634 9160
f 1459 4346 8854
f 1585 4742 9232
f 1346 4148 8516
f 1520 4586 9038
f 1417 4268 8728
f 1394 4292 8660
f 1496 4760 8966
f 1514 4916 9020
f 1556 4670 9146
f 1424 4616 8750
f 1430 4328 8768
f 1567 4724 9178
f 1369 4166 8584
f 908 4028 7201
f 890 3920 7147
f 884 3884 7130
f 896 3956 7166
f 902 3992 7184
f 920 4064 7238
f 1058 4676 7652
f 1238 4934 8192
f 1202 4862 8084
f 1100 4106 7778
f 998 4496 7471
f 980 4388 7417
f 974 4214 7400
f 986 4424 7436
f 992 4460 7454
f 1022 4568 7544
f 950 4244 7328
f 1064 4286 7670
f 1136 4754 7886
f 1178 4898 8011
f 1232 4682 8173
f 1040 4070 7597
f 926 4100 7255
f 1118 4856 7831
f 1208 4928 8101
f 1052 4640 7633
f 1226 4610 8156
f 1190 4322 8048
f 1106 4718 7796
f 932 4136 7273
f 1166 4574 7975
f 1004 4250 7489
f 956 4280 7345
f 1082 4748 7723
f 1148 4892 7922
f 1172 4646 7994
f 1028 4604 7561
f 962 4316 7363
f 1076 4712 7705
f 1124 4142 7850
f 1034 3926 7580
f 914 3890 7219
f 1094 3962 7759
f 1184 3998 8029
f 1214 4034 8120
f 1154 4178 7939
f 1016 4532 7526
f 968 4352 7382
f 1088 4784 7742
f 1142 4826 7903
f 1010 4394 7508
f 944 4208 7309
f 1070 4430 7687
f 1130 4466 7867
f 1160 4502 7958
f 1046 4538 7615
f 1220 4358 8137
f 1196 4790 8065
f 1112 4820 7814
f 938 4172 7292
f 1279 3950 8314
f 1255 3908 8242
f 1291 3980 8350
f 1309 4016 8404
f 1327 4058 8458
f 1375 4196 8602
f 1537 4550 9088
f 1448 4370 8822
f 1574 4808 9200
f 1364 4838 8570
f 1483 4418 8926
f 1387 4220 8638
f 1436 4442 8786
f 1507 4484 8998
f 1525 4526 9052
f 1543 4556 9106
f 1465 4376 8872
f 1454 4802 8840
f 1580 4844 9218
f 1358 4190 8552
f 1267 3938 8277
f 1243 3896 8205
f 1250 3968 8227
f 1286 4004 8335
f 1304 4046 8389
f 1334 4184 8479
f 1549 4562 9123
f 1471 4382 8889
f 1597 4814 9267
f 1352 4832 8533
f 1477 4412 8907
f 1399 4232 8673
f 1406 4436 8695
f 1490 4472 8947
f 1502 4514 8983
f 1531 4544 9069
f 1412 4364 8713
f 1442 4796 8803
f 1592 4850 9253
f 1381 4202 8619
f 1321 4052 8439
f 1273 3944 8295
f 1261 3914 8259
f 1297 3986 8367
f 1315 4022 8421
f 1339 4094 8493
f 1562 4706 9163
f 1460 4952 8857
f 1586 4880 9235
f 1345 4124 8511
f 1519 4520 9033
f 1418 4406 8731
f 1393 4226 8655
f 1495 4454 8961
f 1513 4490 9015
f 1555 4598 9141
f 1423 4274 8745
f 1429 4298 8763
f 1568 4772 9181
f 1370 4904 8587
f 1280 4688 8317
f 1256 4076 8245
f 1292 4118 8353
f 1310 4874 8407
f 1328 4946 8461
f 1376 4658 8605
f 1538 4628 9091
f 1447 4334 8817
f 1573 4730 9195
f 1363 4160 8565
f 1484 4580 8929
f 1388 4256 8641
f 1435 4304 8781
f 1508 4766 9001
f 1526 4922 9055
f 1544 4664 9109
f 1466 4622 8875
f 1453 4340 8835
f 1579 4736 9213
f 1357 4154 8547
f 1268 4040 8282
f 1244 3932 8210
f 1249 3902 8224
f 1285 3974 8332
f 1303 4010 8386
f 1333 4088 8476
f 1550 4700 9128
f 1472 4958 8894
f 1598 4886 9272
f 1351 4130 8530
f 1478 4508 8912
f 1400 4400 8678
f 1405 4238 8692
f 1489 4448 8944
f 1501 4478 8980
f 1532 4592 9074
f 1411 4262 8710
f 1441 4310 8800
f 1591 4778 9250
f 1382 4910 8624
f 911 5041 7210
f 893 4993 7156
f 888 4981 7140
f 900 5017 7176
f 906 5035 7194
f 924 5089 7248
f 1062 5497 7662
f 1242 6037 8202
f 1206 5935 8094
f 1104 5629 7788
f 1001 5311 7480
f 983 5263 7426
f 978 5251 7410
f 990 5287 7446
f 996 5305 7464
f 1026 5395 7554
f 954 5179 7338
f 1068 5521 7680
f 1140 5743 7896
f 1181 5851 8020
f 1235 6019 8182
f 1043 5443 7606
f 929 5101 7264
f 1121 5671 7840
f 1211 5941 8110
f 1055 5479 7642
f 1230 6013 8166
f 1194 5905 8058
f 1110 5653 7806
f 935 5119 7282
f 1169 5827 7984
f 1007 5335 7498
f 959 5191 7354
f 1085 5569 7732
f 1152 5767 7932
f 1176 5845 8004
f 1031 5401 7570
f 965 5209 7372
f 1079 5557 7714
f 1128 5701 7860
f 1038 5431 7590
f 917 5065 7228
f 1097 5605 7768
f 1187 5875 8038
f 1218 5971 8130
f 1157 5785 7948
f 1020 5383 7536
f 972 5227 7392
f 1092 5587 7752
f 1145 5749 7912
f 1014 5359 7518
f 947 5155 7318
f 1073 5533 7696
f 1133 5719 7876
f 1164 5815 7968
f 1049 5467 7624
f 1223 5989 8146
f 1199 5917 8074
f 1116 5665 7824
f 942 5137 7302
f 1283 6080 8326
f 1259 6044 8254
f 1295 6062 8362
f 1313 6104 8416
f 1331 6122 8470
f 1379 6140 8614
f 1541 6343 9100
f 1452 6265 8832
f 1578 6385 9210
f 1368 6164 8580
f 1487 6278 8938
f 1391 6187 8650
f 1440 6218 8796
f 1511 6302 9010
f 1529 6320 9064
f 1547 6332 9118
f 1469 6230 8884
f 1458 6254 8850
f 1584 6391 9228
f 1362 6175 8562
f 1609 3534 9289
f 1605 3527 9283
f 1611 3539 9286
f 1614 3545 9293
f 1617 3552 9296
f 1631 3581 9305
f 1688 3690 9369
f 1775 3864 9456
f 1763 3840 9445
f 1719 3755 9395
f 1654 3624 9334
f 1650 3617 9328
f 1656 3629 9331
f 1659 3635 9338
f 1662 3642 9341
f 1672 3659 9352
f 1646 3611 9320
f 1706 3731 9376
f 1735 3786 9416
f 1741 3798 9420
f 1770 3857 9448
f 1680 3677 9358
f 1621 3558 9300
f 1711 3738 9390
f 1756 3828 9435
f 1684 3684 9364
f 1780 3876 9461
f 1767 3852 9442
f 1722 3762 9400
f 1627 3570 9307
f 1744 3803 9424
f 1668 3653 9344
f 1636 3588 9315
f 1699 3714 9379
f 1730 3774 9411
f 1748 3810 9430
f 1666 3648 9345
f 1642 3600 9322
f 1705 3726 9383
f 1736 3791 9406
f 1691 3701 9361
f 1623 3563 9299
f 1713 3743 9389
f 1764 3845 9434
f 1781 3881 9451
f 1749 3815 9419
f 1677 3672 9355
f 1645 3606 9325
f 1703 3720 9384
f 1725 3767 9403
f 1674 3665 9350
f 1638 3593 9314
f 1695 3707 9373
f 1732 3779 9410
f 1752 3822 9427
f 1690 3696 9368
f 1777 3869 9455
f 1759 3833 9439
f 1717 3749 9397
f 1630 3576 9310
f 2191 4698 9872
f 1885 4086 9566
f 1901 4116 9583
f 2279 4872 9961
f 2315 4944 9997
f 2171 4656 9853
f 2160 4638 9839
f 2016 4350 9695
f 2214 4746 9893
f 1919 4152 9601
f 2137 4590 9818
f 1978 4272 9656
f 1991 4296 9673
f 2225 4764 9907
f 2302 4920 9982
f 2178 4674 9857
f 2153 4620 9835
f 2009 4332 9691
f 2207 4728 9889
f 1926 4170 9605
f 1857 4031 9535
f 1803 3923 9481
f 1786 3888 9465
f 1822 3960 9501
f 1840 3996 9519
f 1876 4068 9555
f 2182 4680 9861
f 2312 4938 9993
f 2276 4866 9957
f 1898 4110 9579
f 2091 4499 9769
f 2037 4391 9715
f 1952 4218 9633
f 2056 4428 9735
f 2074 4464 9753
f 2128 4572 9807
f 1966 4248 9645
f 1988 4290 9669
f 2222 4758 9903
f 2293 4901 9973
f 2185 4685 9865
f 1879 4073 9559
f 1893 4103 9571
f 2271 4859 9949
f 2307 4931 9985
f 2163 4643 9841
f 2150 4614 9831
f 2006 4326 9687
f 2204 4722 9885
f 1911 4139 9589
f 2131 4577 9811
f 1969 4253 9649
f 1983 4283 9661
f 2217 4751 9895
f 2290 4896 9969
f 2168 4650 9849
f 2145 4607 9823
f 2001 4319 9679
f 2199 4715 9877
f 1916 4146 9597
f 1808 3930 9489
f 1789 3893 9469
f 1825 3965 9505
f 1843 4001 9523
f 1862 4038 9543
f 1933 4181 9613
f 2110 4536 9789
f 2020 4356 9699
f 2236 4788 9915
f 2257 4829 9937
f 2042 4398 9723
f 1947 4211 9625
f 2059 4433 9739
f 2077 4469 9757
f 2096 4506 9777
f 2113 4541 9793
f 2023 4361 9703
f 2239 4793 9919
f 2254 4824 9933
f 1930 4176 9609
f 1818 3954 9497
f 1798 3912 9476
f 1834 3984 9512
f 1852 4020 9530
f 1872 4062 9551
f 1942 4200 9620
f 2120 4554 9802
f 2030 4374 9712
f 2248 4812 9928
f 2263 4842 9944
f 2052 4422 9731
f 1955 4224 9637
f 2065 4446 9746
f 2086 4488 9764
f 2106 4530 9785
f 2122 4560 9800
f 2032 4380 9710
f 2245 4806 9926
f 2266 4848 9946
f 1940 4194 9622
f 1813 3941 9484
f 1792 3899 9464
f 1828 3971 9500
f 1846 4007 9518
f 1867 4049 9538
f 1936 4187 9608
f 2123 4565 9796
f 2033 4385 9706
f 2249 4817 9922
f 2260 4835 9932
f 2049 4415 9718
f 1959 4235 9632
f 2062 4439 9734
f 2080 4475 9752
f 2101 4517 9772
f 2116 4547 9788
f 2026 4367 9698
f 2242 4799 9914
f 2267 4853 9940
f 1943 4205 9616
f 1869 4055 9542
f 1815 3947 9488
f 1799 3917 9472
f 1835 3989 9508
f 1853 4025 9526
f 1889 4097 9562
f 2195 4709 9868
f 2319 4955 9988
f 2283 4883 9952
f 1905 4127 9574
f 2103 4523 9776
f 2046 4409 9722
f 1957 4229 9628
f 2069 4457 9742
f 2087 4493 9760
f 2141 4601 9814
f 1979 4277 9652
f 1993 4301 9664
f 2229 4775 9898
f 2296 4907 9968
f 2188 4691 9860
f 1882 4079 9554
f 1902 4121 9578
f 2280 4877 9956
f 2316 4949 9992
f 2172 4661 9848
f 2157 4631 9826
f 2011 4337 9682
f 2209 4733 9880
f 1923 4163 9596
f 2134 4583 9806
f 1972 4259 9644
f 1995 4307 9668
f 2226 4769 9902
f 2303 4925 9976
f 2175 4667 9844
f 2154 4625 9830
f 2013 4343 9686
f 2211 4739 9884
f 1921 4157 9592
f 1865 4044 9547
f 1811 3936 9493
f 1796 3906 9478
f 1832 3978 9514
f 1850 4014 9532
f 1888 4092 9568
f 2194 4704 9874
f 2322 4962 10001
f 2286 4890 9965
f 1908 4134 9587
f 2099 4512 9781
f 2045 4404 9727
f 1962 4242 9641
f 2068 4452 9748
f 2084 4482 9766
f 2140 4596 9820
f 1976 4266 9658
f 1998 4314 9677
f 2232 4782 9911
f 2299 4914 9980
f 2330 5045 10011
f 2324 4997 10005
f 2325 4985 10007
f 2332 5021 10013
f 2335 5039 10016
f 2344 5093 10025
f 2410 5501 10092
f 2497 6041 10179
f 2486 5939 10167
f 2434 5633 10115
f 2375 5315 10056
f 2369 5267 10050
f 2370 5255 10052
f 2377 5291 10058
f 2380 5309 10061
f 2393 5399 10074
f 2359 5183 10040
f 2415 5525 10097
f 2455 5747 10136
f 2461 5855 10143
f 2489 6023 10170
f 2399 5447 10080
f 2341 5105 10023
f 2431 5675 10113
f 2476 5945 10158
f 2405 5483 10086
f 2500 6017 10181
f 2481 5909 10163
f 2439 5657 10121
f 2348 5123 10029
f 2465 5831 10146
f 2383 5339 10064
f 2356 5195 10038
f 2420 5573 10101
f 2452 5771 10134
f 2471 5849 10152
f 2386 5405 10068
f 2363 5213 10044
f 2422 5561 10103
f 2445 5705 10127
f 2400 5435 10082
f 2338 5069 10019
f 2428 5609 10109
f 2473 5879 10154
f 2490 5975 10172
f 2458 5789 10139
f 2394 5387 10076
f 2366 5231 10047
f 2425 5591 10107
f 2444 5753 10125
f 2389 5363 10070
f 2353 5159 10034
f 2414 5537 10095
f 2449 5723 10130
f 2466 5819 10148
f 2407 5471 10088
f 2494 5993 10175
f 2480 5921 10161
f 2438 5669 10119
f 2351 5141 10032
f 2510 6084 10189
f 2504 6048 10183
f 2508 6066 10187
f 2514 6108 10193
f 2517 6126 10196
f 2520 6144 10199
f 2554 6347 10234
f 2539 6269 10220
f 2560 6389 10241
f 2523 6168 10203
f 2543 6282 10222
f 2527 6191 10207
f 2532 6222 10212
f 2547 6306 10226
f 2550 6324 10229
f 2552 6336 10231
f 2535 6234 10214
f 2538 6258 10218
f 2558 6395 10239
f 2524 6179 10205
f 1607 3532 6409
f 1603 3525 6405
f 1604 3537 6411
f 1610 3543 6414
f 1613 3550 6417
f 1622 3579 6431
f 1686 3688 6488
f 1773 3862 6575
f 1761 3838 6563
f 1712 3753 6519
f 1652 3622 6454
f 1648 3615 6450
f 1649 3627 6456
f 1655 3633 6459
f 1658 3640 6462
f 1670 3657 6472
f 1637 3609 6446
f 1694 3729 6506
f 1731 3784 6535
f 1739 3796 6541
f 1768 3855 6570
f 1678 3675 6480
f 1619 3556 6421
f 1709 3736 6511
f 1754 3826 6556
f 1682 3682 6484
f 1776 3874 6580
f 1758 3850 6567
f 1716 3760 6522
f 1625 3568 6427
f 1742 3801 6544
f 1663 3651 6468
f 1634 3586 6436
f 1697 3712 6499
f 1728 3772 6530
f 1746 3808 6548
f 1664 3646 6466
f 1640 3598 6442
f 1700 3724 6505
f 1724 3789 6536
f 1679 3699 6491
f 1618 3561 6423
f 1708 3741 6513
f 1753 3843 6564
f 1769 3879 6581
f 1738 3813 6549
f 1671 3670 6477
f 1643 3604 6445
f 1701 3718 6503
f 1723 3765 6525
f 1667 3663 6474
f 1633 3591 6438
f 1693 3705 6495
f 1727 3777 6532
f 1743 3820 6552
f 1685 3694 6490
f 1772 3867 6577
f 1757 3831 6559
f 1715 3747 6517
f 1628 3574 6430
f 2187 4696 6991
f 1881 4084 6685
f 1899 4114 6701
f 2277 4870 7079
f 2313 4942 7115
f 2169 4654 6971
f 2156 4636 6960
f 2010 4348 6816
f 2208 4744 7014
f 1917 4150 6719
f 2133 4588 6937
f 1971 4270 6778
f 1989 4294 6791
f 2223 4762 7025
f 2300 4918 7102
f 2174 4672 6978
f 2151 4618 6953
f 2007 4330 6809
f 2205 4726 7007
f 1920 4168 6726
f 1855 4029 6657
f 1801 3921 6603
f 1784 3886 6586
f 1820 3958 6622
f 1838 3994 6640
f 1874 4066 6676
f 2180 4678 6982
f 2310 4936 7112
f 2274 4864 7076
f 1896 4108 6698
f 2089 4497 6891
f 2035 4389 6837
f 1950 4216 6752
f 2054 4426 6856
f 2072 4462 6874
f 2126 4570 6928
f 1964 4246 6766
f 1986 4288 6788
f 2220 4756 7022
f 2291 4899 7093
f 2183 4683 6985
f 1877 4071 6679
f 1891 4101 6693
f 2269 4857 7071
f 2305 4929 7107
f 2161 4641 6963
f 2148 4612 6950
f 2004 4324 6806
f 2202 4720 7004
f 1909 4137 6711
f 2129 4575 6931
f 1967 4251 6769
f 1981 4281 6783
f 2215 4749 7017
f 2288 4894 7090
f 2166 4648 6968
f 2143 4605 6945
f 1999 4317 6801
f 2197 4713 6999
f 1914 4144 6716
f 1806 3928 6608
f 1787 3891 6589
f 1823 3963 6625
f 1841 3999 6643
f 1860 4036 6662
f 1931 4179 6733
f 2108 4534 6910
f 2018 4354 6820
f 2234 4786 7036
f 2255 4827 7057
f 2040 4396 6842
f 1945 4209 6747
f 2057 4431 6859
f 2075 4467 6877
f 2094 4504 6896
f 2111 4539 6913
f 2021 4359 6823
f 2237 4791 7039
f 2252 4822 7054
f 1928 4174 6730
f 1812 3952 6618
f 1791 3910 6598
f 1827 3982 6634
f 1845 4018 6652
f 1866 4060 6672
f 1935 4198 6742
f 2118 4552 6920
f 2028 4372 6830
f 2246 4810 7048
f 2259 4840 7063
f 2048 4420 6852
f 1953 4222 6755
f 2061 4444 6865
f 2079 4486 6886
f 2100 4528 6906
f 2115 4558 6922
f 2025 4378 6832
f 2241 4804 7045
f 2264 4846 7066
f 1938 4192 6740
f 1802 3939 6613
f 1783 3897 6592
f 1819 3969 6628
f 1837 4005 6646
f 1856 4047 6667
f 1927 4185 6736
f 2112 4563 6923
f 2022 4383 6833
f 2238 4815 7049
f 2251 4833 7060
f 2036 4413 6849
f 1949 4233 6759
f 2053 4437 6862
f 2071 4473 6880
f 2090 4515 6901
f 2107 4545 6916
f 2017 4365 6826
f 2233 4797 7042
f 2256 4851 7067
f 1932 4203 6743
f 1859 4053 6669
f 1805 3945 6615
f 1788 3915 6599
f 1824 3987 6635
f 1842 4023 6653
f 1878 4095 6689
f 2184 4707 6995
f 2306 4953 7119
f 2270 4881 7083
f 1892 4125 6705
f 2093 4521 6903
f 2039 4407 6846
f 1946 4227 6757
f 2058 4455 6869
f 2076 4491 6887
f 2130 4599 6941
f 1968 4275 6779
f 1982 4299 6793
f 2216 4773 7029
f 2287 4905 7096
f 2179 4689 6988
f 1873 4077 6682
f 1895 4119 6702
f 2273 4875 7080
f 2309 4947 7116
f 2165 4659 6972
f 2144 4629 6957
f 2000 4335 6811
f 2198 4731 7009
f 1913 4161 6723
f 2125 4581 6934
f 1963 4257 6772
f 1985 4305 6795
f 2219 4767 7026
f 2292 4923 7103
f 2162 4665 6975
f 2147 4623 6954
f 2003 4341 6813
f 2201 4737 7011
f 1910 4155 6721
f 1863 4042 6665
f 1809 3934 6611
f 1794 3904 6596
f 1830 3976 6632
f 1848 4012 6650
f 1886 4090 6688
f 2192 4702 6994
f 2318 4960 7122
f 2282 4888 7086
f 1904 4132 6708
f 2097 4510 6899
f 2043 4402 6845
f 1956 4240 6762
f 2066 4450 6868
f 2082 4480 6884
f 2138 4594 6940
f 1974 4264 6776
f 1992 4312 6798
f 2228 4780 7032
f 2295 4912 7099
f 2331 5046 8287
f 2327 4998 8215
f 2328 4986 8231
f 2334 5022 8339
f 2337 5040 8393
f 2346 5094 8483
f 2412 5502 9133
f 2499 6042 8899
f 2487 5940 9277
f 2436 5634 8537
f 2376 5316 8917
f 2372 5268 8683
f 2373 5256 8699
f 2379 5292 8951
f 2382 5310 8987
f 2396 5400 9079
f 2361 5184 8717
f 2418 5526 8807
f 2457 5748 9257
f 2463 5856 8629
f 2492 6024 8449
f 2402 5448 8305
f 2343 5106 8269
f 2433 5676 8377
f 2478 5946 8431
f 2406 5484 8503
f 2502 6018 9167
f 2484 5910 8861
f 2442 5658 9239
f 2349 5124 8521
f 2468 5832 9043
f 2387 5340 8735
f 2358 5196 8665
f 2421 5574 8971
f 2454 5772 9025
f 2472 5850 9151
f 2388 5406 8755
f 2364 5214 8773
f 2426 5562 9185
f 2448 5706 8591
f 2403 5436 8321
f 2342 5070 8249
f 2432 5610 8357
f 2477 5880 8411
f 2493 5976 8465
f 2462 5790 8609
f 2397 5388 9095
f 2367 5232 8827
f 2427 5592 9205
f 2447 5754 8575
f 2391 5364 8933
f 2357 5160 8645
f 2417 5538 8791
f 2453 5724 9005
f 2469 5820 9059
f 2411 5472 9113
f 2498 5994 8879
f 2483 5922 8845
f 2441 5670 9223
f 2352 5142 8557
f 2509 6083 8290
f 2503 6047 8218
f 2506 6065 8238
f 2512 6107 8346
f 2515 6125 8400
f 2518 6143 8490
f 2555 6348 9136
f 2541 6270 8902
f 2562 6390 9280
f 2522 6167 8544
f 2542 6281 8920
f 2528 6192 8686
f 2531 6221 8706
f 2545 6305 8958
f 2548 6323 8994
f 2551 6335 9082
f 2533 6233 8724
f 2537 6257 8814
f 2559 6396 9264
f 2526 6180 8632
f 1616 3551 7197
f 1608 3533 7143
f 1606 3528 7126
f 1612 3540 7162
f 1615 3546 7180
f 1624 3564 7234
f 1692 3702 7648
f 1782 3882 8188
f 1765 3846 8080
f 1714 3744 7774
f 1661 3641 7467
f 1653 3623 7413
f 1651 3618 7396
f 1657 3630 7432
f 1660 3636 7450
f 1675 3666 7540
f 1639 3594 7324
f 1696 3708 7666
f 1733 3780 7882
f 1751 3821 8007
f 1779 3875 8169
f 1683 3683 7593
f 1626 3569 7251
f 1721 3761 7827
f 1766 3851 8097
f 1689 3695 7629
f 1778 3870 8152
f 1760 3834 8044
f 1718 3750 7792
f 1629 3575 7269
f 1747 3809 7971
f 1665 3647 7485
f 1641 3599 7341
f 1704 3725 7719
f 1737 3792 7918
f 1750 3816 7990
f 1676 3671 7557
f 1644 3605 7359
f 1702 3719 7701
f 1726 3768 7846
f 1681 3678 7576
f 1620 3557 7215
f 1710 3737 7755
f 1755 3827 8025
f 1771 3858 8116
f 1740 3797 7935
f 1673 3660 7522
f 1647 3612 7378
f 1707 3732 7738
f 1734 3785 7899
f 1669 3654 7504
f 1635 3587 7305
f 1698 3713 7683
f 1729 3773 7863
f 1745 3804 7954
f 1687 3689 7611
f 1774 3863 8133
f 1762 3839 8061
f 1720 3756 7810
f 1632 3582 7288
f 2189 4692 8318
f 1883 4080 8246
f 1903 4122 8354
f 2281 4878 8408
f 2317 4950 8462
f 2173 4662 8606
f 2158 4632 9092
f 2012 4338 8818
f 2210 4734 9196
f 1924 4164 8566
f 2135 4584 8930
f 1973 4260 8642
f 1996 4308 8782
f 2227 4770 9002
f 2304 4926 9056
f 2176 4668 9110
f 2155 4626 8876
f 2014 4344 8836
f 2212 4740 9214
f 1922 4158 8548
f 1864 4043 8281
f 1810 3935 8209
f 1795 3905 8223
f 1831 3977 8331
f 1849 4013 8385
f 1887 4091 8475
f 2193 4703 9127
f 2321 4961 8893
f 2285 4889 9271
f 1907 4133 8529
f 2098 4511 8911
f 2044 4403 8677
f 1961 4241 8691
f 2067 4451 8943
f 2083 4481 8979
f 2139 4595 9073
f 1975 4265 8709
f 1997 4313 8799
f 2231 4781 9249
f 2298 4913 8623
f 2190 4697 8443
f 1884 4085 8299
f 1900 4115 8263
f 2278 4871 8371
f 2314 4943 8425
f 2170 4655 8497
f 2159 4637 9159
f 2015 4349 8853
f 2213 4745 9231
f 1918 4151 8515
f 2136 4589 9037
f 1977 4271 8727
f 1990 4295 8659
f 2224 4763 8965
f 2301 4919 9019
f 2177 4673 9145
f 2152 4619 8749
f 2008 4331 8767
f 2206 4727 9177
f 1925 4169 8583
f 1817 3953 8313
f 1797 3911 8241
f 1833 3983 8349
f 1851 4019 8403
f 1871 4061 8457
f 1941 4199 8601
f 2119 4553 9087
f 2029 4373 8821
f 2247 4811 9199
f 2262 4841 8569
f 2051 4421 8925
f 1954 4223 8637
f 2064 4445 8785
f 2085 4487 8997
f 2105 4529 9051
f 2121 4559 9105
f 2031 4379 8871
f 2244 4805 8839
f 2265 4847 9217
f 1939 4193 8551
f 1814 3942 8278
f 1793 3900 8206
f 1829 3972 8228
f 1847 4008 8336
f 1868 4050 8390
f 1937 4188 8480
f 2124 4566 9124
f 2034 4386 8890
f 2250 4818 9268
f 2261 4836 8534
f 2050 4416 8908
f 1960 4236 8674
f 2063 4440 8696
f 2081 4476 8948
f 2102 4518 8984
f 2117 4548 9070
f 2027 4368 8714
f 2243 4800 8804
f 2268 4854 9254
f 1944 4206 8620
f 1804 3924 7148
f 1785 3887 7129
f 1821 3959 7165
f 1839 3995 7183
f 1858 4032 7202
f 1929 4175 7291
f 2114 4542 7616
f 2024 4362 8138
f 2240 4794 8066
f 2253 4823 7813
f 2038 4392 7418
f 1951 4217 7399
f 2055 4427 7435
f 2073 4463 7453
f 2092 4500 7472
f 2109 4535 7525
f 2019 4355 7381
f 2235 4787 7741
f 2258 4830 7904
f 1934 4182 7940
f 1861 4037 8119
f 1807 3929 7579
f 1790 3894 7220
f 1826 3966 7760
f 1844 4002 8030
f 1880 4074 7598
f 2186 4686 8174
f 2308 4932 8102
f 2272 4860 7832
f 1894 4104 7256
f 2095 4505 7957
f 2041 4397 7507
f 1948 4212 7310
f 2060 4434 7688
f 2078 4470 7868
f 2132 4578 7976
f 1970 4254 7490
f 1984 4284 7346
f 2218 4752 7724
f 2289 4895 7921
f 2181 4679 7651
f 1875 4067 7237
f 1897 4109 7777
f 2275 4865 8083
f 2311 4937 8191
f 2167 4649 7993
f 2146 4608 7562
f 2002 4320 7364
f 2200 4716 7706
f 1915 4145 7849
f 2127 4571 7543
f 1965 4247 7327
f 1987 4289 7669
f 2221 4757 7885
f 2294 4902 8012
f 2164 4644 7634
f 2149 4613 8155
f 2005 4325 8047
f 2203 4721 7795
f 1912 4140 7274
f 1870 4056 8440
f 1816 3948 8296
f 1800 3918 8260
f 1836 3990 8368
f 1854 4026 8422
f 1890 4098 8494
f 2196 4710 9164
f 2320 4956 8858
f 2284 4884 9236
f 1906 4128 8512
f 2104 4524 9034
f 2047 4410 8732
f 1958 4230 8656
f 2070 4458 8962
f 2088 4494 9016
f 2142 4602 9142
f 1980 4278 8746
f 1994 4302 8764
f 2230 4776 9182
f 2297 4908 8588
f 2329 5003 7158
f 2323 4979 7138
f 2326 5015 7174
f 2333 5033 7192
f 2336 5051 7212
f 2345 5135 7300
f 2409 5477 7626
f 2496 5999 8148
f 2485 5927 8076
f 2435 5663 7822
f 2374 5273 7428
f 2368 5249 7408
f 2371 5285 7444
f 2378 5303 7462
f 2381 5321 7482
f 2392 5381 7534
f 2360 5225 7390
f 2416 5585 7750
f 2456 5759 7914
f 2460 5795 7950
f 2488 5969 8128
f 2398 5429 7588
f 2340 5075 7230
f 2430 5615 7770
f 2475 5885 8040
f 2404 5453 7608
f 2501 6029 8184
f 2482 5951 8112
f 2440 5681 7842
f 2347 5111 7266
f 2464 5813 7966
f 2384 5357 7516
f 2355 5165 7320
f 2419 5543 7698
f 2451 5729 7878
f 2470 5837 7986
f 2385 5345 7500
f 2362 5201 7356
f 2423 5579 7734
f 2446 5765 7930
f 2401 5495 7660
f 2339 5087 7246
f 2429 5627 7786
f 2474 5933 8092
f 2491 6035 8200
f 2459 5843 8002
f 2395 5411 7572
f 2365 5219 7374
f 2424 5567 7716
f 2443 5699 7858
f 2390 5393 7552
f 2354 5177 7336
f 2413 5519 7678
f 2450 5741 7894
f 2467 5861 8022
f 2408 5489 7644
f 2495 6011 8164
f 2479 5903 8056
f 2437 5651 7804
f 2350 5129 7284
f 2511 6090 8452
f 2505 6054 8308
f 2507 6060 8272
f 2513 6102 8380
f 2516 6120 8434
f 2519 6138 8506
f 2556 6366 9174
f 2540 6275 8868
f 2561 6401 9246
f 2521 6155 8524
f 2544 6288 9046
f 2529 6216 8742
f 2530 6203 8668
f 2546 6300 8974
f 2549 6318 9028
f 2553 6342 9154
f 2534 6228 8758
f 2536 6245 8776
f 2557 6377 9192
f 2525 6185 8598
f 1609 4989 7153
f 1605 4965 7132
f 1611 4972 7168
f 1614 5008 7186
f 1617 5026 7207
f 1631 5080 7294
f 1688 5463 7621
f 1775 5985 8143
f 1763 5913 8071
f 1719 5620 7816
f 1654 5259 7423
f 1650 5235 7402
f 1656 5242 7438
f 1659 5278 7456
f 1662 5296 7477
f 1672 5367 7528
f 1646 5170 7384
f 1706 5512 7744
f 1735 5734 7909
f 1741 5781 7945
f 1770 5955 8122
f 1680 5415 7582
f 1621 5061 7225
f 1711 5601 7765
f 1756 5871 8035
f 1684 5439 7603
f 1780 6004 8179
f 1767 5896 8107
f 1722 5644 7837
f 1627 5097 7261
f 1744 5799 7960
f 1668 5326 7510
f 1636 5151 7315
f 1699 5529 7693
f 1730 5715 7873
f 1748 5823 7981
f 1666 5331 7495
f 1642 5187 7351
f 1705 5548 7729
f 1736 5692 7924
f 1691 5422 7654
f 1623 5056 7240
f 1713 5596 7780
f 1764 5866 8086
f 1781 5962 8194
f 1749 5776 7996
f 1677 5374 7567
f 1645 5205 7369
f 1703 5553 7711
f 1725 5685 7852
f 1674 5350 7546
f 1638 5146 7330
f 1695 5505 7672
f 1732 5710 7888
f 1752 5806 8017
f 1690 5458 7639
f 1777 5980 8158
f 1759 5889 8050
f 1717 5637 7798
f 1630 5115 7279
f 2191 6094 8453
f 1885 6070 8309
f 1901 6075 8273
f 2279 6111 8381
f 2315 6129 8435
f 2171 6147 8507
f 2160 6352 9171
f 2016 6262 8865
f 2214 6382 9243
f 1919 6159 8525
f 2137 6292 9047
f 1978 6196 8739
f 1991 6207 8669
f 2225 6309 8975
f 2302 6327 9029
f 2178 6358 9155
f 2153 6237 8759
f 2009 6249 8777
f 2207 6369 9189
f 1926 6172 8595
f 1857 5043 7209
f 1803 4995 7155
f 1786 4983 7139
f 1822 5019 7175
f 1840 5037 7193
f 1876 5091 7247
f 2182 5499 7661
f 2312 6039 8201
f 2276 5937 8093
f 1898 5631 7787
f 2091 5313 7479
f 2037 5265 7425
f 1952 5253 7409
f 2056 5289 7445
f 2074 5307 7463
f 2128 5397 7553
f 1966 5181 7337
f 1988 5523 7679
f 2222 5745 7895
f 2293 5853 8019
f 2185 6021 8181
f 1879 5445 7605
f 1893 5103 7263
f 2271 5673 7839
f 2307 5943 8109
f 2163 5481 7641
f 2150 6015 8165
f 2006 5907 8057
f 2204 5655 7805
f 1911 5121 7281
f 2131 5829 7983
f 1969 5337 7497
f 1983 5193 7353
f 2217 5571 7731
f 2290 5769 7931
f 2168 5847 8003
f 2145 5403 7569
f 2001 5211 7371
f 2199 5559 7713
f 1916 5703 7859
f 1808 5433 7589
f 1789 5067 7227
f 1825 5607 7767
f 1843 5877 8037
f 1862 5973 8129
f 1933 5787 7947
f 2110 5385 7535
f 2020 5229 7391
f 2236 5589 7751
f 2257 5751 7911
f 2042 5361 7517
f 1947 5157 7317
f 2059 5535 7695
f 2077 5721 7875
f 2096 5817 7967
f 2113 5469 7623
f 2023 5991 8145
f 2239 5919 8073
f 2254 5667 7823
f 1930 5139 7301
f 1818 6082 8325
f 1798 6046 8253
f 1834 6064 8361
f 1852 6106 8415
f 1872 6124 8469
f 1942 6142 8613
f 2120 6345 9099
f 2030 6267 8831
f 2248 6387 9209
f 2263 6166 8579
f 2052 6280 8937
f 1955 6189 8649
f 2065 6220 8795
f 2086 6304 9009
f 2106 6322 9063
f 2122 6334 9117
f 2032 6232 8883
f 2245 6256 8849
f 2266 6393 9227
f 1940 6177 8561
f 1813 5002 8284
f 1792 4978 8212
f 1828 5014 8232
f 1846 5032 8340
f 1867 5050 8394
f 1936 5134 8484
f 2123 5476 9130
f 2033 5998 8896
f 2249 5926 9274
f 2260 5662 8538
f 2049 5272 8914
f 1959 5248 8680
f 2062 5284 8700
f 2080 5302 8952
f 2101 5320 8988
f 2116 5380 9076
f 2026 5224 8718
f 2242 5584 8808
f 2267 5758 9258
f 1943 5794 8626
f 1869 5968 8446
f 1815 5428 8302
f 1799 5074 8266
f 1835 5614 8374
f 1853 5884 8428
f 1889 5452 8500
f 2195 6028 9168
f 2319 5950 8862
f 2283 5680 9240
f 1905 5110 8518
f 2103 5812 9040
f 2046 5356 8736
f 1957 5164 8662
f 2069 5542 8968
f 2087 5728 9022
f 2141 5836 9148
f 1979 5344 8752
f 1993 5200 8770
f 2229 5578 9186
f 2296 5764 8592
f 2188 5494 8322
f 1882 5086 8250
f 1902 5626 8358
f 2280 5932 8412
f 2316 6034 8466
f 2172 5842 8610
f 2157 5410 9096
f 2011 5218 8824
f 2209 5566 9202
f 1923 5698 8572
f 2134 5392 8934
f 1972 5176 8646
f 1995 5518 8788
f 2226 5740 9006
f 2303 5860 9060
f 2175 5488 9114
f 2154 6010 8880
f 2013 5902 8842
f 2211 5650 9220
f 1921 5128 8554
f 1865 6087 8291
f 1811 6051 8219
f 1796 6057 8235
f 1832 6099 8343
f 1850 6117 8397
f 1888 6135 8487
f 2194 6363 9137
f 2322 6274 8903
f 2286 6400 9281
f 1908 6154 8541
f 2099 6285 8921
f 2045 6213 8687
f 1962 6202 8703
f 2068 6297 8955
f 2084 6315 8991
f 2140 6339 9083
f 1976 6225 8721
f 1998 6244 8811
f 2232 6376 9261
f 2299 6184 8633
f 2330 4992 7205
f 2324 4968 7151
f 2325 4973 7136
f 2332 5009 7172
f 2335 5027 7190
f 2344 5081 7244
f 2410 5466 7658
f 2497 5988 8198
f 2486 5916 8090
f 2434 5621 7784
f 2375 5262 7475
f 2369 5238 7421
f 2370 5243 7406
f 2377 5279 7442
f 2380 5297 7460
f 2393 5370 7550
f 2359 5171 7334
f 2415 5513 7676
f 2455 5735 7892
f 2461 5784 8015
f 2489 5958 8177
f 2399 5418 7601
f 2341 5064 7259
f 2431 5604 7835
f 2476 5874 8105
f 2405 5442 7637
f 2500 6005 8162
f 2481 5897 8054
f 2439 5645 7802
f 2348 5100 7277
f 2465 5802 7979
f 2383 5327 7493
f 2356 5154 7349
f 2420 5532 7727
f 2452 5718 7928
f 2471 5826 8000
f 2386 5334 7565
f 2363 5190 7367
f 2422 5549 7709
f 2445 5693 7856
f 2400 5423 7586
f 2338 5057 7223
f 2428 5597 7763
f 2473 5867 8033
f 2490 5963 8126
f 2458 5777 7943
f 2394 5375 7532
f 2366 5208 7388
f 2425 5556 7748
f 2444 5688 7907
f 2389 5351 7514
f 2353 5147 7313
f 2414 5508 7691
f 2449 5711 7871
f 2466 5807 7964
f 2407 5459 7619
f 2494 5981 8141
f 2480 5892 8069
f 2438 5640 7820
f 2351 5118 7298
f 2510 6095 8328
f 2504 6071 8256
f 2508 6078 8364
f 2514 6114 8418
f 2517 6132 8472
f 2520 6150 8616
f 2554 6353 9102
f 2539 6263 8830
f 2560 6383 9208
f 2523 6162 8578
f 2543 6293 8940
f 2527 6197 8652
f 2532 6210 8794
f 2547 6312 9012
f 2550 6330 9066
f 2552 6359 9120
f 2535 6240 8886
f 2538 6252 8848
f 2558 6372 9226
f 2524 6173 8560
f 1607 3549 9290
f 1603 3531 9284
f 1604 3526 9285
f 1610 3538 9292
f 1613 3544 9295
f 1622 3562 9304
f 1686 3700 9370
f 1773 3880 9457
f 1761 3844 9446
f 1712 3742 9394
f 1652 3639 9335
f 1648 3621 9329
f 1649 3616 9330
f 1655 3628 9337
f 1658 3634 9340
f 1670 3664 9353
f 1637 3592 9319
f 1694 3706 9375
f 1731 3778 9415
f 1739 3819 9421
f 1768 3873 9449
f 1678 3681 9359
f 1619 3567 9301
f 1709 3759 9391
f 1754 3849 9436
f 1682 3693 9365
f 1776 3868 9460
f 1758 3832 9441
f 1716 3748 9399
f 1625 3573 9308
f 1742 3807 9425
f 1663 3645 9343
f 1634 3597 9316
f 1697 3723 9380
f 1728 3790 9412
f 1746 3814 9431
f 1664 3669 9346
f 1640 3603 9323
f 1700 3717 9382
f 1724 3766 9405
f 1679 3676 9360
f 1618 3555 9298
f 1708 3735 9388
f 1753 3825 9433
f 1769 3856 9450
f 1738 3795 9418
f 1671 3658 9354
f 1643 3610 9326
f 1701 3730 9385
f 1723 3783 9404
f 1667 3652 9349
f 1633 3585 9313
f 1693 3711 9374
f 1727 3771 9409
f 1743 3802 9426
f 1685 3687 9367
f 1772 3861 9454
f 1757 3837 9440
f 1715 3754 9398
f 1628 3580 9311
f 2187 4690 9871
f 1881 4078 9565
f 1899 4120 9584
f 2277 4876 9962
f 2313 4948 9998
f 2169 4660 9854
f 2156 4630 9838
f 2010 4336 9694
f 2208 4732 9892
f 1917 4162 9602
f 2133 4582 9817
f 1971 4258 9655
f 1989 4306 9674
f 2223 4768 9908
f 2300 4924 9983
f 2174 4666 9856
f 2151 4624 9836
f 2007 4342 9692
f 2205 4738 9890
f 1920 4156 9604
f 1855 4041 9536
f 1801 3933 9482
f 1784 3903 9466
f 1820 3975 9502
f 1838 4011 9520
f 1874 4089 9556
f 2180 4701 9862
f 2310 4959 9994
f 2274 4887 9958
f 1896 4131 9580
f 2089 4509 9770
f 2035 4401 9716
f 1950 4239 9634
f 2054 4449 9736
f 2072 4479 9754
f 2126 4593 9808
f 1964 4263 9646
f 1986 4311 9670
f 2220 4779 9904
f 2291 4911 9974
f 2183 4695 9866
f 1877 4083 9560
f 1891 4113 9572
f 2269 4869 9950
f 2305 4941 9986
f 2161 4653 9842
f 2148 4635 9832
f 2004 4347 9688
f 2202 4743 9886
f 1909 4149 9590
f 2129 4587 9812
f 1967 4269 9650
f 1981 4293 9662
f 2215 4761 9896
f 2288 4917 9970
f 2166 4671 9850
f 2143 4617 9824
f 1999 4329 9680
f 2197 4725 9878
f 1914 4167 9598
f 1806 3951 9490
f 1787 3909 9470
f 1823 3981 9506
f 1841 4017 9524
f 1860 4059 9544
f 1931 4197 9614
f 2108 4551 9790
f 2018 4371 9700
f 2234 4809 9916
f 2255 4839 9938
f 2040 4419 9724
f 1945 4221 9626
f 2057 4443 9740
f 2075 4485 9758
f 2094 4527 9778
f 2111 4557 9794
f 2021 4377 9704
f 2237 4803 9920
f 2252 4845 9934
f 1928 4191 9610
f 1812 3940 9496
f 1791 3898 9475
f 1827 3970 9511
f 1845 4006 9529
f 1866 4048 9550
f 1935 4186 9619
f 2118 4564 9803
f 2028 4384 9713
f 2246 4816 9929
f 2259 4834 9943
f 2048 4414 9730
f 1953 4234 9638
f 2061 4438 9745
f 2079 4474 9763
f 2100 4516 9784
f 2115 4546 9799
f 2025 4366 9709
f 2241 4798 9925
f 2264 4852 9947
f 1938 4204 9623
f 1802 3922 9483
f 1783 3885 9463
f 1819 3957 9499
f 1837 3993 9517
f 1856 4030 9537
f 1927 4173 9607
f 2112 4540 9795
f 2022 4360 9705
f 2238 4792 9921
f 2251 4821 9931
f 2036 4390 9717
f 1949 4215 9631
f 2053 4425 9733
f 2071 4461 9751
f 2090 4498 9771
f 2107 4533 9787
f 2017 4353 9697
f 2233 4785 9913
f 2256 4828 9939
f 1932 4180 9615
f 1859 4035 9541
f 1805 3927 9487
f 1788 3892 9471
f 1824 3964 9507
f 1842 4000 9525
f 1878 4072 9561
f 2184 4684 9867
f 2306 4930 9987
f 2270 4858 9951
f 1892 4102 9573
f 2093 4503 9775
f 2039 4395 9721
f 1946 4210 9627
f 2058 4432 9741
f 2076 4468 9759
f 2130 4576 9813
f 1968 4252 9651
f 1982 4282 9663
f 2216 4750 9897
f 2287 4893 9967
f 2179 4677 9859
f 1873 4065 9553
f 1895 4107 9577
f 2273 4863 9955
f 2309 4935 9991
f 2165 4647 9847
f 2144 4606 9825
f 2000 4318 9681
f 2198 4714 9879
f 1913 4143 9595
f 2125 4569 9805
f 1963 4245 9643
f 1985 4287 9667
f 2219 4755 9901
f 2292 4900 9975
f 2162 4642 9843
f 2147 4611 9829
f 2003 4323 9685
f 2201 4719 9883
f 1910 4138 9591
f 1863 4054 9548
f 1809 3946 9494
f 1794 3916 9479
f 1830 3988 9515
f 1848 4024 9533
f 1886 4096 9569
f 2192 4708 9875
f 2318 4954 10000
f 2282 4882 9964
f 1904 4126 9586
f 2097 4522 9782
f 2043 4408 9728
f 1956 4228 9640
f 2066 4456 9749
f 2082 4492 9767
f 2138 4600 9821
f 1974 4276 9659
f 1992 4300 9676
f 2228 4774 9910
f 2295 4906 9979
f 2331 5004 10010
f 2327 4980 10004
f 2328 5016 10008
f 2334 5034 10014
f 2337 5052 10017
f 2346 5136 10026
f 2412 5478 10091
f 2499 6000 10178
f 2487 5928 10166
f 2436 5664 10116
f 2376 5274 10055
f 2372 5250 10049
f 2373 5286 10053
f 2379 5304 10059
f 2382 5322 10062
f 2396 5382 10073
f 2361 5226 10041
f 2418 5586 10098
f 2457 5760 10137
f 2463 5796 10142
f 2492 5970 10169
f 2402 5430 10079
f 2343 5076 10022
f 2433 5616 10112
f 2478 5886 10157
f 2406 5454 10085
f 2502 6030 10182
f 2484 5952 10164
f 2442 5682 10122
f 2349 5112 10028
f 2468 5814 10145
f 2387 5358 10065
f 2358 5166 10037
f 2421 5544 10100
f 2454 5730 10133
f 2472 5838 10151
f 2388 5346 10067
f 2364 5202 10043
f 2426 5580 10104
f 2448 5766 10128
f 2403 5496 10083
f 2342 5088 10020
f 2432 5628 10110
f 2477 5934 10155
f 2493 6036 10173
f 2462 5844 10140
f 2397 5412 10077
f 2367 5220 10046
f 2427 5568 10106
f 2447 5700 10124
f 2391 5394 10071
f 2357 5178 10035
f 2417 5520 10094
f 2453 5742 10131
f 2469 5862 10149
f 2411 5490 10089
f 2498 6012 10176
f 2483 5904 10160
f 2441 5652 10118
f 2352 5130 10031
f 2509 6089 10190
f 2503 6053 10184
f 2506 6059 10186
f 2512 6101 10192
f 2515 6119 10195
f 2518 6137 10198
f 2555 6365 10236
f 2541 6276 10221
f 2562 6402 10242
f 2522 6156 10201
f 2542 6287 10223
f 2528 6215 10209
f 2531 6204 10210
f 2545 6299 10225
f 2548 6317 10228
f 2551 6341 10232
f 2533 6227 10213
f 2537 6246 10216
f 2559 6378 10238
f 2526 6186 10206
f 647 6416 6407
f 644 6408 6403
f 643 6406 6404
f 645 6412 6410
f 646 6415 6413
f 649 6424 6422
f 672 6492 6486
f 702 6582 6573
f 696 6565 6561
f 679 6514 6512
f 662 6461 6452
f 659 6453 6448
f 658 6451 6449
f 660 6457 6455
f 661 6460 6458
f 666 6475 6470
f 654 6439 6437
f 673 6496 6494
f 685 6533 6531
f 692 6551 6539
f 701 6579 6568
f 669 6483 6478
f 650 6426 6419
f 682 6521 6509
f 697 6566 6554
f 671 6489 6482
f 700 6578 6576
f 694 6560 6558
f 680 6518 6516
f 651 6429 6425
f 690 6547 6542
f 663 6465 6463
f 655 6441 6434
f 676 6504 6497
f 687 6537 6528
f 691 6550 6546
f 667 6476 6464
f 656 6444 6440
f 675 6502 6500
f 683 6526 6524
f 668 6481 6479
f 648 6420 6418
f 678 6510 6508
f 693 6555 6553
f 698 6571 6569
f 688 6540 6538
f 665 6473 6471
f 657 6447 6443
f 677 6507 6501
f 686 6534 6523
f 664 6469 6467
f 653 6435 6433
f 674 6498 6493
f 684 6529 6527
f 689 6545 6543
f 670 6487 6485
f 699 6574 6572
f 695 6562 6557
f 681 6520 6515
f 652 6432 6428
f 837 6989 6987
f 735 6683 6681
f 742 6703 6699
f 868 7081 7077
f 880 7117 7113
f 832 6973 6969
f 827 6958 6956
f 778 6812 6810
f 844 7010 7008
f 749 6724 6717
f 819 6935 6933
f 765 6773 6771
f 773 6796 6789
f 850 7027 7023
f 876 7104 7100
f 833 6976 6974
f 826 6955 6951
f 779 6814 6807
f 845 7012 7005
f 748 6722 6720
f 729 6664 6655
f 711 6610 6601
f 706 6595 6584
f 718 6631 6620
f 724 6649 6638
f 737 6687 6674
f 839 6993 6980
f 882 7121 7110
f 870 7085 7074
f 744 6707 6696
f 807 6898 6889
f 789 6844 6835
f 762 6761 6750
f 797 6867 6854
f 802 6883 6872
f 821 6939 6926
f 766 6775 6764
f 774 6797 6786
f 852 7031 7020
f 874 7098 7091
f 838 6990 6983
f 736 6684 6677
f 741 6700 6691
f 867 7078 7069
f 879 7114 7105
f 831 6970 6961
f 828 6959 6948
f 780 6815 6804
f 846 7013 7002
f 747 6718 6709
f 820 6936 6929
f 767 6777 6767
f 771 6790 6781
f 849 7024 7015
f 875 7101 7088
f 834 6977 6966
f 825 6952 6943
f 777 6808 6799
f 843 7006 6997
f 750 6725 6714
f 714 6617 6606
f 707 6597 6587
f 719 6633 6623
f 725 6651 6641
f 732 6671 6660
f 755 6741 6731
f 814 6919 6908
f 784 6829 6818
f 857 7047 7034
f 862 7062 7055
f 792 6851 6840
f 759 6754 6745
f 796 6864 6857
f 803 6885 6875
f 810 6905 6894
f 815 6921 6911
f 785 6831 6821
f 856 7044 7037
f 863 7065 7052
f 754 6739 6728
f 712 6614 6612
f 705 6593 6591
f 717 6629 6627
f 723 6647 6645
f 730 6668 6666
f 753 6737 6735
f 816 6924 6918
f 786 6834 6828
f 858 7050 7046
f 861 7061 7059
f 791 6850 6848
f 761 6760 6753
f 795 6863 6861
f 801 6881 6879
f 808 6902 6900
f 813 6917 6915
f 783 6827 6825
f 855 7043 7041
f 864 7068 7064
f 756 6744 6738
f 709 6604 6602
f 703 6585 6583
f 715 6621 6619
f 721 6639 6637
f 727 6658 6656
f 751 6729 6727
f 812 6914 6912
f 782 6824 6822
f 854 7040 7038
f 859 7053 7051
f 787 6838 6836
f 758 6751 6749
f 793 6855 6853
f 799 6873 6871
f 805 6892 6890
f 811 6909 6907
f 781 6819 6817
f 853 7035 7033
f 860 7058 7056
f 752 6734 6732
f 728 6661 6659
f 710 6607 6605
f 704 6590 6588
f 716 6626 6624
f 722 6644 6642
f 734 6680 6678
f 836 6986 6984
f 877 7108 7106
f 865 7072 7070
f 739 6694 6692
f 806 6895 6893
f 788 6841 6839
f 757 6748 6746
f 794 6860 6858
f 800 6878 6876
f 818 6932 6930
f 764 6770 6768
f 769 6784 6782
f 847 7018 7016
f 871 7089 7087
f 835 6981 6979
f 733 6675 6673
f 740 6697 6695
f 866 7075 7073
f 878 7111 7109
f 830 6967 6965
f 823 6946 6944
f 775 6802 6800
f 841 7000 6998
f 746 6715 6713
f 817 6927 6925
f 763 6765 6763
f 770 6787 6785
f 848 7021 7019
f 872 7094 7092
f 829 6964 6962
f 824 6949 6947
f 776 6805 6803
f 842 7003 7001
f 745 6712 6710
f 731 6670 6663
f 713 6616 6609
f 708 6600 6594
f 720 6636 6630
f 726 6654 6648
f 738 6690 6686
f 840 6996 6992
f 881 7120 7118
f 869 7084 7082
f 743 6706 6704
f 809 6904 6897
f 790 6847 6843
f 760 6758 6756
f 798 6870 6866
f 804 6888 6882
f 822 6942 6938
f 768 6780 6774
f 772 6794 6792
f 851 7030 7028
f 873 7097 7095
f 1269 8285 8283
f 1245 8213 8211
f 1252 8233 8229
f 1288 8341 8337
f 1306 8395 8391
f 1336 8485 8481
f 1551 9131 9129
f 1473 8897 8895
f 1599 9275 9273
f 1354 8539 8535
f 1479 8915 8913
f 1401 8681 8679
f 1408 8701 8697
f 1492 8953 8949
f 1504 8989 8985
f 1533 9077 9075
f 1414 8719 8715
f 1444 8809 8805
f 1594 9259 9255
f 1383 8627 8625
f 1323 8447 8445
f 1275 8303 8301
f 1263 8267 8265
f 1299 8375 8373
f 1317 8429 8427
f 1341 8501 8499
f 1564 9169 9165
f 1462 8863 8859
f 1588 9241 9237
f 1347 8519 8517
f 1521 9041 9039
f 1420 8737 8733
f 1395 8663 8661
f 1497 8969 8967
f 1515 9023 9021
f 1557 9149 9147
f 1425 8753 8751
f 1431 8771 8769
f 1570 9187 9183
f 1372 8593 8589
f 1282 8323 8319
f 1258 8251 8247
f 1294 8359 8355
f 1312 8413 8409
f 1330 8467 8463
f 1378 8611 8607
f 1540 9097 9093
f 1449 8825 8823
f 1575 9203 9201
f 1365 8573 8571
f 1486 8935 8931
f 1390 8647 8643
f 1437 8789 8787
f 1510 9007 9003
f 1528 9061 9057
f 1546 9115 9111
f 1468 8881 8877
f 1455 8843 8841
f 1581 9221 9219
f 1359 8555 8553
f 1272 8292 8288
f 1248 8220 8216
f 1253 8236 8234
f 1289 8344 8342
f 1307 8398 8396
f 1337 8488 8486
f 1554 9138 9134
f 1476 8904 8900
f 1602 9282 9278
f 1355 8542 8540
f 1482 8922 8918
f 1404 8688 8684
f 1409 8704 8702
f 1493 8956 8954
f 1505 8992 8990
f 1536 9084 9080
f 1415 8722 8720
f 1445 8812 8810
f 1595 9262 9260
f 1386 8634 8630
f 909 7204 7195
f 891 7150 7141
f 886 7135 7124
f 898 7171 7160
f 904 7189 7178
f 922 7243 7232
f 1060 7657 7646
f 1240 8197 8186
f 1204 8089 8078
f 1102 7783 7772
f 999 7474 7465
f 981 7420 7411
f 976 7405 7394
f 988 7441 7430
f 994 7459 7448
f 1024 7549 7538
f 952 7333 7322
f 1066 7675 7664
f 1138 7891 7880
f 1179 8014 8005
f 1233 8176 8167
f 1041 7600 7591
f 927 7258 7249
f 1119 7834 7825
f 1209 8104 8095
f 1053 7636 7627
f 1228 8161 8150
f 1192 8053 8042
f 1108 7801 7790
f 933 7276 7267
f 1167 7978 7969
f 1005 7492 7483
f 957 7348 7339
f 1083 7726 7717
f 1150 7927 7916
f 1174 7999 7988
f 1029 7564 7555
f 963 7366 7357
f 1077 7708 7699
f 1126 7855 7844
f 1036 7585 7574
f 915 7222 7213
f 1095 7762 7753
f 1185 8032 8023
f 1216 8125 8114
f 1155 7942 7933
f 1018 7531 7520
f 970 7387 7376
f 1090 7747 7736
f 1143 7906 7897
f 1012 7513 7502
f 945 7312 7303
f 1071 7690 7681
f 1131 7870 7861
f 1162 7963 7952
f 1047 7618 7609
f 1221 8140 8131
f 1197 8068 8059
f 1114 7819 7808
f 940 7297 7286
f 1284 8327 8316
f 1260 8255 8244
f 1296 8363 8352
f 1314 8417 8406
f 1332 8471 8460
f 1380 8615 8604
f 1542 9101 9090
f 1451 8829 8816
f 1577 9207 9194
f 1367 8577 8564
f 1488 8939 8928
f 1392 8651 8640
f 1439 8793 8780
f 1512 9011 9000
f 1530 9065 9054
f 1548 9119 9108
f 1470 8885 8874
f 1457 8847 8834
f 1583 9225 9212
f 1361 8559 8546
f 1270 8286 8279
f 1246 8214 8207
f 1251 8230 8221
f 1287 8338 8329
f 1305 8392 8383
f 1335 8482 8473
f 1552 9132 9125
f 1474 8898 8891
f 1600 9276 9269
f 1353 8536 8527
f 1480 8916 8909
f 1402 8682 8675
f 1407 8698 8689
f 1491 8950 8941
f 1503 8986 8977
f 1534 9078 9071
f 1413 8716 8707
f 1443 8806 8797
f 1593 9256 9247
f 1384 8628 8621
f 1324 8448 8441
f 1276 8304 8297
f 1264 8268 8261
f 1300 8376 8369
f 1318 8430 8423
f 1342 8502 8495
f 1563 9166 9157
f 1461 8860 8851
f 1587 9238 9229
f 1348 8520 8513
f 1522 9042 9035
f 1419 8734 8725
f 1396 8664 8657
f 1498 8970 8963
f 1516 9024 9017
f 1558 9150 9143
f 1426 8754 8747
f 1432 8772 8765
f 1569 9184 9175
f 1371 8590 8581
f 1281 8320 8311
f 1257 8248 8239
f 1293 8356 8347
f 1311 8410 8401
f 1329 8464 8455
f 1377 8608 8599
f 1539 9094 9085
f 1450 8826 8819
f 1576 9204 9197
f 1366 8574 8567
f 1485 8932 8923
f 1389 8644 8635
f 1438 8790 8783
f 1509 9004 8995
f 1527 9058 9049
f 1545 9112 9103
f 1467 8878 8869
f 1456 8844 8837
f 1582 9222 9215
f 1360 8556 8549
f 1271 8289 8276
f 1247 8217 8204
f 1254 8237 8226
f 1290 8345 8334
f 1308 8399 8388
f 1338 8489 8478
f 1553 9135 9122
f 1475 8901 8888
f 1601 9279 9266
f 1356 8543 8532
f 1481 8919 8906
f 1403 8685 8672
f 1410 8705 8694
f 1494 8957 8946
f 1506 8993 8982
f 1535 9081 9068
f 1416 8723 8712
f 1446 8813 8802
f 1596 9263 9252
f 1385 8631 8618
f 894 7157 7146
f 887 7137 7127
f 899 7173 7163
f 905 7191 7181
f 912 7211 7200
f 941 7299 7289
f 1050 7625 7614
f 1224 8147 8136
f 1200 8075 8064
f 1115 7821 7811
f 984 7427 7416
f 977 7407 7397
f 989 7443 7433
f 995 7461 7451
f 1002 7481 7470
f 1019 7533 7523
f 971 7389 7379
f 1091 7749 7739
f 1146 7913 7902
f 1158 7949 7938
f 1217 8127 8117
f 1037 7587 7577
f 918 7229 7218
f 1098 7769 7758
f 1188 8039 8028
f 1044 7607 7596
f 1236 8183 8172
f 1212 8111 8100
f 1122 7841 7830
f 930 7265 7254
f 1163 7965 7955
f 1013 7515 7505
f 948 7319 7308
f 1074 7697 7686
f 1134 7877 7866
f 1170 7985 7974
f 1008 7499 7488
f 960 7355 7344
f 1086 7733 7722
f 1151 7929 7919
f 1061 7659 7649
f 923 7245 7235
f 1103 7785 7775
f 1205 8091 8081
f 1241 8199 8189
f 1175 8001 7991
f 1032 7571 7560
f 966 7373 7362
f 1080 7715 7704
f 1127 7857 7847
f 1025 7551 7541
f 953 7335 7325
f 1067 7677 7667
f 1139 7893 7883
f 1182 8021 8010
f 1056 7643 7632
f 1229 8163 8153
f 1193 8055 8045
f 1109 7803 7793
f 936 7283 7272
f 1325 8451 8438
f 1277 8307 8294
f 1265 8271 8258
f 1301 8379 8366
f 1319 8433 8420
f 1343 8505 8492
f 1566 9173 9162
f 1464 8867 8856
f 1590 9245 9234
f 1349 8523 8510
f 1523 9045 9032
f 1422 8741 8730
f 1397 8667 8654
f 1499 8973 8960
f 1517 9027 9014
f 1559 9153 9140
f 1427 8757 8744
f 1433 8775 8762
f 1572 9191 9180
f 1374 8597 8586
f 892 7154 7152
f 885 7133 7131
f 897 7169 7167
f 903 7187 7185
f 910 7208 7206
f 939 7295 7293
f 1048 7622 7620
f 1222 8144 8142
f 1198 8072 8070
f 1113 7817 7815
f 982 7424 7422
f 975 7403 7401
f 987 7439 7437
f 993 7457 7455
f 1000 7478 7476
f 1017 7529 7527
f 969 7385 7383
f 1089 7745 7743
f 1144 7910 7908
f 1156 7946 7944
f 1215 8123 8121
f 1035 7583 7581
f 916 7226 7224
f 1096 7766 7764
f 1186 8036 8034
f 1042 7604 7602
f 1234 8180 8178
f 1210 8108 8106
f 1120 7838 7836
f 928 7262 7260
f 1161 7961 7959
f 1011 7511 7509
f 946 7316 7314
f 1072 7694 7692
f 1132 7874 7872
f 1168 7982 7980
f 1006 7496 7494
f 958 7352 7350
f 1084 7730 7728
f 1149 7925 7923
f 1059 7655 7653
f 921 7241 7239
f 1101 7781 7779
f 1203 8087 8085
f 1239 8195 8193
f 1173 7997 7995
f 1030 7568 7566
f 964 7370 7368
f 1078 7712 7710
f 1125 7853 7851
f 1023 7547 7545
f 951 7331 7329
f 1065 7673 7671
f 1137 7889 7887
f 1180 8018 8016
f 1054 7640 7638
f 1227 8159 8157
f 1191 8051 8049
f 1107 7799 7797
f 934 7280 7278
f 1326 8454 8450
f 1278 8310 8306
f 1266 8274 8270
f 1302 8382 8378
f 1320 8436 8432
f 1344 8508 8504
f 1565 9172 9170
f 1463 8866 8864
f 1589 9244 9242
f 1350 8526 8522
f 1524 9048 9044
f 1421 8740 8738
f 1398 8670 8666
f 1500 8976 8972
f 1518 9030 9026
f 1560 9156 9152
f 1428 8760 8756
f 1434 8778 8774
f 1571 9190 9188
f 1373 8596 8594
f 889 7144 7142
f 883 7125 7123
f 895 7161 7159
f 901 7179 7177
f 907 7198 7196
f 937 7287 7285
f 1045 7612 7610
f 1219 8134 8132
f 1195 8062 8060
f 1111 7809 7807
f 979 7414 7412
f 973 7395 7393
f 985 7431 7429
f 991 7449 7447
f 997 7468 7466
f 1015 7521 7519
f 967 7377 7375
f 1087 7737 7735
f 1141 7900 7898
f 1153 7936 7934
f 1213 8115 8113
f 1033 7575 7573
f 913 7216 7214
f 1093 7756 7754
f 1183 8026 8024
f 1039 7594 7592
f 1231 8170 8168
f 1207 8098 8096
f 1117 7828 7826
f 925 7252 7250
f 1159 7953 7951
f 1009 7503 7501
f 943 7306 7304
f 1069 7684 7682
f 1129 7864 7862
f 1165 7972 7970
f 1003 7486 7484
f 955 7342 7340
f 1081 7720 7718
f 1147 7917 7915
f 1057 7647 7645
f 919 7233 7231
f 1099 7773 7771
f 1201 8079 8077
f 1237 8187 8185
f 1171 7989 7987
f 1027 7558 7556
f 961 7360 7358
f 1075 7702 7700
f 1123 7845 7843
f 1021 7539 7537
f 949 7323 7321
f 1063 7665 7663
f 1135 7881 7879
f 1177 8008 8006
f 1051 7630 7628
f 1225 8151 8149
f 1189 8043 8041
f 1105 7791 7789
f 931 7270 7268
f 1322 8444 8442
f 1274 8300 8298
f 1262 8264 8262
f 1298 8372 8370
f 1316 8426 8424
f 1340 8498 8496
f 1561 9160 9158
f 1459 8854 8852
f 1585 9232 9230
f 1346 8516 8514
f 1520 9038 9036
f 1417 8728 8726
f 1394 8660 8658
f 1496 8966 8964
f 1514 9020 9018
f 1556 9146 9144
f 1424 8750 8748
f 1430 8768 8766
f 1567 9178 9176
f 1369 8584 8582
f 908 7201 7199
f 890 7147 7145
f 884 7130 7128
f 896 7166 7164
f 902 7184 7182
f 920 7238 7236
f 1058 7652 7650
f 1238 8192 8190
f 1202 8084 8082
f 1100 7778 7776
f 998 7471 7469
f 980 7417 7415
f 974 7400 7398
f 986 7436 7434
f 992 7454 7452
f 1022 7544 7542
f 950 7328 7326
f 1064 7670 7668
f 1136 7886 7884
f 1178 8011 8009
f 1232 8173 8171
f 1040 7597 7595
f 926 7255 7253
f 1118 7831 7829
f 1208 8101 8099
f 1052 7633 7631
f 1226 8156 8154
f 1190 8048 8046
f 1106 7796 7794
f 932 7273 7271
f 1166 7975 7973
f 1004 7489 7487
f 956 7345 7343
f 1082 7723 7721
f 1148 7922 7920
f 1172 7994 7992
f 1028 7561 7559
f 962 7363 7361
f 1076 7705 7703
f 1124 7850 7848
f 1034 7580 7578
f 914 7219 7217
f 1094 7759 7757
f 1184 8029 8027
f 1214 8120 8118
f 1154 7939 7937
f 1016 7526 7524
f 968 7382 7380
f 1088 7742 7740
f 1142 7903 7901
f 1010 7508 7506
f 944 7309 7307
f 1070 7687 7685
f 1130 7867 7865
f 1160 7958 7956
f 1046 7615 7613
f 1220 8137 8135
f 1196 8065 8063
f 1112 7814 7812
f 938 7292 7290
f 1279 8314 8312
f 1255 8242 8240
f 1291 8350 8348
f 1309 8404 8402
f 1327 8458 8456
f 1375 8602 8600
f 1537 9088 9086
f 1448 8822 8820
f 1574 9200 9198
f 1364 8570 8568
f 1483 8926 8924
f 1387 8638 8636
f 1436 8786 8784
f 1507 8998 8996
f 1525 9052 9050
f 1543 9106 9104
f 1465 8872 8870
f 1454 8840 8838
f 1580 9218 9216
f 1358 8552 8550
f 1267 8277 8275
f 1243 8205 8203
f 1250 8227 8225
f 1286 8335 8333
f 1304 8389 8387
f 1334 8479 8477
f 1549 9123 9121
f 1471 8889 8887
f 1597 9267 9265
f 1352 8533 8531
f 1477 8907 8905
f 1399 8673 8671
f 1406 8695 8693
f 1490 8947 8945
f 1502 8983 8981
f 1531 9069 9067
f 1412 8713 8711
f 1442 8803 8801
f 1592 9253 9251
f 1381 8619 8617
f 1321 8439 8437
f 1273 8295 8293
f 1261 8259 8257
f 1297 8367 8365
f 1315 8421 8419
f 1339 8493 8491
f 1562 9163 9161
f 1460 8857 8855
f 1586 9235 9233
f 1345 8511 8509
f 1519 9033 9031
f 1418 8731 8729
f 1393 8655 8653
f 1495 8961 8959
f 1513 9015 9013
f 1555 9141 9139
f 1423 8745 8743
f 1429 8763 8761
f 1568 9181 9179
f 1370 8587 8585
f 1280 8317 8315
f 1256 8245 8243
f 1292 8353 8351
f 1310 8407 8405
f 1328 8461 8459
f 1376 8605 8603
f 1538 9091 9089
f 1447 8817 8815
f 1573 9195 9193
f 1363 8565 8563
f 1484 8929 8927
f 1388 8641 8639
f 1435 8781 8779
f 1508 9001 8999
f 1526 9055 9053
f 1544 9109 9107
f 1466 8875 8873
f 1453 8835 8833
f 1579 9213 9211
f 1357 8547 8545
f 1268 8282 8280
f 1244 8210 8208
f 1249 8224 8222
f 1285 8332 8330
f 1303 8386 8384
f 1333 8476 8474
f 1550 9128 9126
f 1472 8894 8892
f 1598 9272 9270
f 1351 8530 8528
f 1478 8912 8910
f 1400 8678 8676
f 1405 8692 8690
f 1489 8944 8942
f 1501 8980 8978
f 1532 9074 9072
f 1411 8710 8708
f 1441 8800 8798
f 1591 9250 9248
f 1382 8624 8622
f 911 7210 7203
f 893 7156 7149
f 888 7140 7134
f 900 7176 7170
f 906 7194 7188
f 924 7248 7242
f 1062 7662 7656
f 1242 8202 8196
f 1206 8094 8088
f 1104 7788 7782
f 1001 7480 7473
f 983 7426 7419
f 978 7410 7404
f 990 7446 7440
f 996 7464 7458
f 1026 7554 7548
f 954 7338 7332
f 1068 7680 7674
f 1140 7896 7890
f 1181 8020 8013
f 1235 8182 8175
f 1043 7606 7599
f 929 7264 7257
f 1121 7840 7833
f 1211 8110 8103
f 1055 7642 7635
f 1230 8166 8160
f 1194 8058 8052
f 1110 7806 7800
f 935 7282 7275
f 1169 7984 7977
f 1007 7498 7491
f 959 7354 7347
f 1085 7732 7725
f 1152 7932 7926
f 1176 8004 7998
f 1031 7570 7563
f 965 7372 7365
f 1079 7714 7707
f 1128 7860 7854
f 1038 7590 7584
f 917 7228 7221
f 1097 7768 7761
f 1187 8038 8031
f 1218 8130 8124
f 1157 7948 7941
f 1020 7536 7530
f 972 7392 7386
f 1092 7752 7746
f 1145 7912 7905
f 1014 7518 7512
f 947 7318 7311
f 1073 7696 7689
f 1133 7876 7869
f 1164 7968 7962
f 1049 7624 7617
f 1223 8146 8139
f 1199 8074 8067
f 1116 7824 7818
f 942 7302 7296
f 1283 8326 8324
f 1259 8254 8252
f 1295 8362 8360
f 1313 8416 8414
f 1331 8470 8468
f 1379 8614 8612
f 1541 9100 9098
f 1452 8832 8828
f 1578 9210 9206
f 1368 8580 8576
f 1487 8938 8936
f 1391 8650 8648
f 1440 8796 8792
f 1511 9010 9008
f 1529 9064 9062
f 1547 9118 9116
f 1469 8884 8882
f 1458 8850 8846
f 1584 9228 9224
f 1362 8562 8558
f 1609 9289 9291
f 1605 9283 9287
f 1611 9286 9288
f 1614 9293 9294
f 1617 9296 9297
f 1631 9305 9306
f 1688 9369 9372
f 1775 9456 9459
f 1763 9445 9447
f 1719 9395 9396
f 1654 9334 9336
f 1650 9328 9332
f 1656 9331 9333
f 1659 9338 9339
f 1662 9341 9342
f 1672 9352 9356
f 1646 9320 9321
f 1706 9376 9378
f 1735 9416 9417
f 1741 9420 9423
f 1770 9448 9452
f 1680 9358 9362
f 1621 9300 9303
f 1711 9390 9393
f 1756 9435 9438
f 1684 9364 9366
f 1780 9461 9462
f 1767 9442 9444
f 1722 9400 9402
f 1627 9307 9309
f 1744 9424 9428
f 1668 9344 9347
f 1636 9315 9318
f 1699 9379 9381
f 1730 9411 9414
f 1748 9430 9432
f 1666 9345 9348
f 1642 9322 9324
f 1705 9383 9386
f 1736 9406 9408
f 1691 9361 9363
f 1623 9299 9302
f 1713 9389 9392
f 1764 9434 9437
f 1781 9451 9453
f 1749 9419 9422
f 1677 9355 9357
f 1645 9325 9327
f 1703 9384 9387
f 1725 9403 9407
f 1674 9350 9351
f 1638 9314 9317
f 1695 9373 9377
f 1732 9410 9413
f 1752 9427 9429
f 1690 9368 9371
f 1777 9455 9458
f 1759 9439 9443
f 1717 9397 9401
f 1630 9310 9312
f 2191 9872 9873
f 1885 9566 9567
f 1901 9583 9585
f 2279 9961 9963
f 2315 9997 9999
f 2171 9853 9855
f 2160 9839 9840
f 2016 9695 9696
f 2214 9893 9894
f 1919 9601 9603
f 2137 9818 9819
f 1978 9656 9657
f 1991 9673 9675
f 2225 9907 9909
f 2302 9982 9984
f 2178 9857 9858
f 2153 9835 9837
f 2009 9691 9693
f 2207 9889 9891
f 1926 9605 9606
f 1857 9535 9539
f 1803 9481 9485
f 1786 9465 9468
f 1822 9501 9504
f 1840 9519 9522
f 1876 9555 9558
f 2182 9861 9864
f 2312 9993 9996
f 2276 9957 9960
f 1898 9579 9582
f 2091 9769 9773
f 2037 9715 9719
f 1952 9633 9636
f 2056 9735 9738
f 2074 9753 9756
f 2128 9807 9810
f 1966 9645 9648
f 1988 9669 9672
f 2222 9903 9906
f 2293 9973 9977
f 2185 9865 9869
f 1879 9559 9563
f 1893 9571 9575
f 2271 9949 9953
f 2307 9985 9989
f 2163 9841 9845
f 2150 9831 9834
f 2006 9687 9690
f 2204 9885 9888
f 1911 9589 9593
f 2131 9811 9815
f 1969 9649 9653
f 1983 9661 9665
f 2217 9895 9899
f 2290 9969 9972
f 2168 9849 9852
f 2145 9823 9827
f 2001 9679 9683
f 2199 9877 9881
f 1916 9597 9600
f 1808 9489 9492
f 1789 9469 9473
f 1825 9505 9509
f 1843 9523 9527
f 1862 9543 9546
f 1933 9613 9617
f 2110 9789 9792
f 2020 9699 9702
f 2236 9915 9918
f 2257 9937 9941
f 2042 9723 9726
f 1947 9625 9629
f 2059 9739 9743
f 2077 9757 9761
f 2096 9777 9780
f 2113 9793 9797
f 2023 9703 9707
f 2239 9919 9923
f 2254 9933 9936
f 1930 9609 9612
f 1818 9497 9498
f 1798 9476 9477
f 1834 9512 9513
f 1852 9530 9531
f 1872 9551 9552
f 1942 9620 9621
f 2120 9802 9804
f 2030 9712 9714
f 2248 9928 9930
f 2263 9944 9945
f 2052 9731 9732
f 1955 9637 9639
f 2065 9746 9747
f 2086 9764 9765
f 2106 9785 9786
f 2122 9800 9801
f 2032 9710 9711
f 2245 9926 9927
f 2266 9946 9948
f 1940 9622 9624
f 1813 9484 9486
f 1792 9464 9467
f 1828 9500 9503
f 1846 9518 9521
f 1867 9538 9540
f 1936 9608 9611
f 2123 9796 9798
f 2033 9706 9708
f 2249 9922 9924
f 2260 9932 9935
f 2049 9718 9720
f 1959 9632 9635
f 2062 9734 9737
f 2080 9752 9755
f 2101 9772 9774
f 2116 9788 9791
f 2026 9698 9701
f 2242 9914 9917
f 2267 9940 9942
f 1943 9616 9618
f 1869 9542 9545
f 1815 9488 9491
f 1799 9472 9474
f 1835 9508 9510
f 1853 9526 9528
f 1889 9562 9564
f 2195 9868 9870
f 2319 9988 9990
f 2283 9952 9954
f 1905 9574 9576
f 2103 9776 9779
f 2046 9722 9725
f 1957 9628 9630
f 2069 9742 9744
f 2087 9760 9762
f 2141 9814 9816
f 1979 9652 9654
f 1993 9664 9666
f 2229 9898 9900
f 2296 9968 9971
f 2188 9860 9863
f 1882 9554 9557
f 1902 9578 9581
f 2280 9956 9959
f 2316 9992 9995
f 2172 9848 9851
f 2157 9826 9828
f 2011 9682 9684
f 2209 9880 9882
f 1923 9596 9599
f 2134 9806 9809
f 1972 9644 9647
f 1995 9668 9671
f 2226 9902 9905
f 2303 9976 9978
f 2175 9844 9846
f 2154 9830 9833
f 2013 9686 9689
f 2211 9884 9887
f 1921 9592 9594
f 1865 9547 9549
f 1811 9493 9495
f 1796 9478 9480
f 1832 9514 9516
f 1850 9532 9534
f 1888 9568 9570
f 2194 9874 9876
f 2322 10001 10002
f 2286 9965 9966
f 1908 9587 9588
f 2099 9781 9783
f 2045 9727 9729
f 1962 9641 9642
f 2068 9748 9750
f 2084 9766 9768
f 2140 9820 9822
f 1976 9658 9660
f 1998 9677 9678
f 2232 9911 9912
f 2299 9980 9981
f 2330 10011 10009
f 2324 10005 10003
f 2325 10007 10006
f 2332 10013 10012
f 2335 10016 10015
f 2344 10025 10024
f 2410 10092 10090
f 2497 10179 10177
f 2486 10167 10165
f 2434 10115 10114
f 2375 10056 10054
f 2369 10050 10048
f 2370 10052 10051
f 2377 10058 10057
f 2380 10061 10060
f 2393 10074 10072
f 2359 10040 10039
f 2415 10097 10096
f 2455 10136 10135
f 2461 10143 10141
f 2489 10170 10168
f 2399 10080 10078
f 2341 10023 10021
f 2431 10113 10111
f 2476 10158 10156
f 2405 10086 10084
f 2500 10181 10180
f 2481 10163 10162
f 2439 10121 10120
f 2348 10029 10027
f 2465 10146 10144
f 2383 10064 10063
f 2356 10038 10036
f 2420 10101 10099
f 2452 10134 10132
f 2471 10152 10150
f 2386 10068 10066
f 2363 10044 10042
f 2422 10103 10102
f 2445 10127 10126
f 2400 10082 10081
f 2338 10019 10018
f 2428 10109 10108
f 2473 10154 10153
f 2490 10172 10171
f 2458 10139 10138
f 2394 10076 10075
f 2366 10047 10045
f 2425 10107 10105
f 2444 10125 10123
f 2389 10070 10069
f 2353 10034 10033
f 2414 10095 10093
f 2449 10130 10129
f 2466 10148 10147
f 2407 10088 10087
f 2494 10175 10174
f 2480 10161 10159
f 2438 10119 10117
f 2351 10032 10030
f 2510 10189 10191
f 2504 10183 10185
f 2508 10187 10188
f 2514 10193 10194
f 2517 10196 10197
f 2520 10199 10200
f 2554 10234 10235
f 2539 10220 10219
f 2560 10241 10240
f 2523 10203 10202
f 2543 10222 10224
f 2527 10207 10208
f 2532 10212 10211
f 2547 10226 10227
f 2550 10229 10230
f 2552 10231 10233
f 2535 10214 10215
f 2538 10218 10217
f 2558 10239 10237
f 2524 10205 10204
f 6407 2564 2567
f 6403 2563 2564
f 6404 2565 2563
f 6410 2566 2565
f 6413 2567 2566
f 6422 2572 2569
f 6486 2590 2592
f 6573 2619 2622
f 6561 2615 2616
f 6512 2601 2599
f 6452 2579 2582
f 6448 2578 2579
f 6449 2580 2578
f 6455 2581 2580
f 6458 2582 2581
f 6470 2585 2586
f 6437 2577 2574
f 6494 2597 2593
f 6531 2606 2605
f 6539 2608 2612
f 6568 2618 2621
f 6478 2588 2589
f 6419 2568 2570
f 6509 2598 2602
f 6554 2613 2617
f 6482 2589 2591
f 6576 2621 2620
f 6558 2617 2614
f 6516 2602 2600
f 6425 2570 2571
f 6542 2609 2610
f 6463 2584 2583
f 6434 2573 2575
f 6497 2594 2596
f 6528 2604 2607
f 6546 2610 2611
f 6464 2583 2587
f 6440 2575 2576
f 6500 2596 2595
f 6524 2607 2603
f 6479 2592 2588
f 6418 2569 2568
f 6508 2599 2598
f 6553 2616 2613
f 6569 2622 2618
f 6538 2611 2608
f 6471 2587 2585
f 6443 2576 2577
f 6501 2595 2597
f 6523 2603 2606
f 6467 2586 2584
f 6433 2574 2573
f 6493 2593 2594
f 6527 2605 2604
f 6543 2612 2609
f 6485 2591 2590
f 6572 2620 2619
f 6557 2614 2615
f 6515 2600 2601
f 6428 2571 2572
f 6987 2758 2757
f 6681 2656 2655
f 6699 2661 2662
f 7077 2787 2788
f 7113 2799 2800
f 6969 2751 2752
f 6956 2748 2747
f 6810 2700 2698
f 7008 2766 2764
f 6717 2667 2669
f 6933 2740 2739
f 6771 2687 2685
f 6789 2691 2693
f 7023 2769 2770
f 7100 2795 2796
f 6974 2754 2753
f 6951 2745 2746
f 6807 2697 2699
f 7005 2763 2765
f 6720 2670 2668
f 6655 2647 2649
f 6601 2629 2631
f 6584 2623 2626
f 6620 2635 2638
f 6638 2641 2644
f 6674 2653 2657
f 6980 2755 2759
f 7110 2798 2802
f 7074 2786 2790
f 6696 2660 2664
f 6889 2725 2727
f 6835 2707 2709
f 6750 2678 2682
f 6854 2713 2717
f 6872 2719 2722
f 6926 2737 2741
f 6764 2683 2686
f 6786 2690 2694
f 7020 2768 2772
f 7091 2792 2794
f 6983 2756 2758
f 6677 2654 2656
f 6691 2659 2661
f 7069 2785 2787
f 7105 2797 2799
f 6961 2749 2751
f 6948 2744 2748
f 6804 2696 2700
f 7002 2762 2766
f 6709 2665 2667
f 6929 2738 2740
f 6767 2684 2687
f 6781 2689 2691
f 7015 2767 2769
f 7088 2791 2795
f 6966 2750 2754
f 6943 2743 2745
f 6799 2695 2697
f 6997 2761 2763
f 6714 2666 2670
f 6606 2630 2634
f 6587 2624 2627
f 6623 2636 2639
f 6641 2642 2645
f 6660 2648 2652
f 6731 2672 2675
f 6908 2731 2734
f 6818 2701 2704
f 7034 2773 2777
f 7055 2780 2782
f 6840 2708 2712
f 6745 2677 2679
f 6857 2714 2716
f 6875 2720 2723
f 6894 2726 2730
f 6911 2732 2735
f 6821 2702 2705
f 7037 2774 2776
f 7052 2779 2783
f 6728 2671 2674
f 6612 2634 2632
f 6591 2627 2625
f 6627 2639 2637
f 6645 2645 2643
f 6666 2652 2650
f 6735 2675 2673
f 6918 2734 2736
f 6828 2704 2706
f 7046 2777 2778
f 7059 2782 2781
f 6848 2712 2711
f 6753 2679 2681
f 6861 2716 2715
f 6879 2723 2721
f 6900 2730 2728
f 6915 2735 2733
f 6825 2705 2703
f 7041 2776 2775
f 7064 2783 2784
f 6738 2674 2676
f 6602 2632 2629
f 6583 2625 2623
f 6619 2637 2635
f 6637 2643 2641
f 6656 2650 2647
f 6727 2673 2671
f 6912 2736 2732
f 6822 2706 2702
f 7038 2778 2774
f 7051 2781 2779
f 6836 2711 2707
f 6749 2681 2678
f 6853 2715 2713
f 6871 2721 2719
f 6890 2728 2725
f 6907 2733 2731
f 6817 2703 2701
f 7033 2775 2773
f 7056 2784 2780
f 6732 2676 2672
f 6659 2651 2648
f 6605 2633 2630
f 6588 2628 2624
f 6624 2640 2636
f 6642 2646 2642
f 6678 2658 2654
f 6984 2760 2756
f 7106 2801 2797
f 7070 2789 2785
f 6692 2663 2659
f 6893 2729 2726
f 6839 2710 2708
f 6746 2680 2677
f 6858 2718 2714
f 6876 2724 2720
f 6930 2742 2738
f 6768 2688 2684
f 6782 2692 2689
f 7016 2771 2767
f 7087 2793 2791
f 6979 2757 2755
f 6673 2655 2653
f 6695 2662 2660
f 7073 2788 2786
f 7109 2800 2798
f 6965 2752 2750
f 6944 2747 2743
f 6800 2698 2695
f 6998 2764 2761
f 6713 2669 2666
f 6925 2739 2737
f 6763 2685 2683
f 6785 2693 2690
f 7019 2770 2768
f 7092 2796 2792
f 6962 2753 2749
f 6947 2746 2744
f 6803 2699 2696
f 7001 2765 2762
f 6710 2668 2665
f 6663 2649 2651
f 6609 2631 2633
f 6594 2626 2628
f 6630 2638 2640
f 6648 2644 2646
f 6686 2657 2658
f 6992 2759 2760
f 7118 2802 2801
f 7082 2790 2789
f 6704 2664 2663
f 6897 2727 2729
f 6843 2709 2710
f 6756 2682 2680
f 6866 2717 2718
f 6882 2722 2724
f 6938 2741 2742
f 6774 2686 2688
f 6792 2694 2692
f 7028 2772 2771
f 7095 2794 2793
f 8283 3190 3189
f 8211 3166 3165
f 8229 3171 3172
f 8337 3207 3208
f 8391 3225 3226
f 8481 3255 3256
f 9129 3472 3471
f 8895 3394 3393
f 9273 3520 3519
f 8535 3273 3274
f 8913 3400 3399
f 8679 3322 3321
f 8697 3327 3328
f 8949 3411 3412
f 8985 3423 3424
f 9075 3454 3453
f 8715 3333 3334
f 8805 3363 3364
f 9255 3513 3514
f 8625 3304 3303
f 8445 3244 3243
f 8301 3196 3195
f 8265 3184 3183
f 8373 3220 3219
f 8427 3238 3237
f 8499 3262 3261
f 9165 3483 3484
f 8859 3381 3382
f 9237 3507 3508
f 8517 3268 3267
f 9039 3442 3441
f 8733 3339 3340
f 8661 3316 3315
f 8967 3418 3417
f 9021 3436 3435
f 9147 3478 3477
f 8751 3346 3345
f 8769 3352 3351
f 9183 3489 3490
f 8589 3291 3292
f 8319 3201 3202
f 8247 3177 3178
f 8355 3213 3214
f 8409 3231 3232
f 8463 3249 3250
f 8607 3297 3298
f 9093 3459 3460
f 8823 3370 3369
f 9201 3496 3495
f 8571 3286 3285
f 8931 3405 3406
f 8643 3309 3310
f 8787 3358 3357
f 9003 3429 3430
f 9057 3447 3448
f 9111 3465 3466
f 8877 3387 3388
f 8841 3376 3375
f 9219 3502 3501
f 8553 3280 3279
f 8288 3191 3192
f 8216 3167 3168
f 8234 3174 3173
f 8342 3210 3209
f 8396 3228 3227
f 8486 3258 3257
f 9134 3473 3474
f 8900 3395 3396
f 9278 3521 3522
f 8540 3276 3275
f 8918 3401 3402
f 8684 3323 3324
f 8702 3330 3329
f 8954 3414 3413
f 8990 3426 3425
f 9080 3455 3456
f 8720 3336 3335
f 8810 3366 3365
f 9260 3516 3515
f 8630 3305 3306
f 7195 2827 2829
f 7141 2809 2811
f 7124 2803 2806
f 7160 2815 2818
f 7178 2821 2824
f 7232 2839 2842
f 7646 2977 2980
f 8186 3157 3160
f 8078 3121 3124
f 7772 3019 3022
f 7465 2917 2919
f 7411 2899 2901
f 7394 2893 2896
f 7430 2905 2908
f 7448 2911 2914
f 7538 2941 2944
f 7322 2869 2872
f 7664 2983 2986
f 7880 3055 3058
f 8005 3097 3099
f 8167 3151 3153
f 7591 2959 2961
f 7249 2845 2847
f 7825 3037 3039
f 8095 3127 3129
f 7627 2971 2973
f 8150 3145 3148
f 8042 3109 3112
f 7790 3025 3028
f 7267 2851 2853
f 7969 3085 3087
f 7483 2923 2925
f 7339 2875 2877
f 7717 3001 3003
f 7916 3067 3070
f 7988 3091 3094
f 7555 2947 2949
f 7357 2881 2883
f 7699 2995 2997
f 7844 3043 3046
f 7574 2953 2956
f 7213 2833 2835
f 7753 3013 3015
f 8023 3103 3105
f 8114 3133 3136
f 7933 3073 3075
f 7520 2935 2938
f 7376 2887 2890
f 7736 3007 3010
f 7897 3061 3063
f 7502 2929 2932
f 7303 2863 2865
f 7681 2989 2991
f 7861 3049 3051
f 7952 3079 3082
f 7609 2965 2967
f 8131 3139 3141
f 8059 3115 3117
f 7808 3031 3034
f 7286 2857 2860
f 8316 3200 3204
f 8244 3176 3180
f 8352 3212 3216
f 8406 3230 3234
f 8460 3248 3252
f 8604 3296 3300
f 9090 3458 3462
f 8816 3367 3371
f 9194 3493 3497
f 8564 3283 3287
f 8928 3404 3408
f 8640 3308 3312
f 8780 3355 3359
f 9000 3428 3432
f 9054 3446 3450
f 9108 3464 3468
f 8874 3386 3390
f 8834 3373 3377
f 9212 3499 3503
f 8546 3277 3281
f 8279 3188 3190
f 8207 3164 3166
f 8221 3169 3171
f 8329 3205 3207
f 8383 3223 3225
f 8473 3253 3255
f 9125 3470 3472
f 8891 3392 3394
f 9269 3518 3520
f 8527 3271 3273
f 8909 3398 3400
f 8675 3320 3322
f 8689 3325 3327
f 8941 3409 3411
f 8977 3421 3423
f 9071 3452 3454
f 8707 3331 3333
f 8797 3361 3363
f 9247 3511 3513
f 8621 3302 3304
f 8441 3242 3244
f 8297 3194 3196
f 8261 3182 3184
f 8369 3218 3220
f 8423 3236 3238
f 8495 3260 3262
f 9157 3481 3483
f 8851 3379 3381
f 9229 3505 3507
f 8513 3266 3268
f 9035 3440 3442
f 8725 3337 3339
f 8657 3314 3316
f 8963 3416 3418
f 9017 3434 3436
f 9143 3476 3478
f 8747 3344 3346
f 8765 3350 3352
f 9175 3487 3489
f 8581 3289 3291
f 8311 3199 3201
f 8239 3175 3177
f 8347 3211 3213
f 8401 3229 3231
f 8455 3247 3249
f 8599 3295 3297
f 9085 3457 3459
f 8819 3368 3370
f 9197 3494 3496
f 8567 3284 3286
f 8923 3403 3405
f 8635 3307 3309
f 8783 3356 3358
f 8995 3427 3429
f 9049 3445 3447
f 9103 3463 3465
f 8869 3385 3387
f 8837 3374 3376
f 9215 3500 3502
f 8549 3278 3280
f 8276 3187 3191
f 8204 3163 3167
f 8226 3170 3174
f 8334 3206 3210
f 8388 3224 3228
f 8478 3254 3258
f 9122 3469 3473
f 8888 3391 3395
f 9266 3517 3521
f 8532 3272 3276
f 8906 3397 3401
f 8672 3319 3323
f 8694 3326 3330
f 8946 3410 3414
f 8982 3422 3426
f 9068 3451 3455
f 8712 3332 3336
f 8802 3362 3366
f 9252 3512 3516
f 8618 3301 3305
f 7146 2810 2814
f 7127 2804 2807
f 7163 2816 2819
f 7181 2822 2825
f 7200 2828 2832
f 7289 2858 2861
f 7614 2966 2970
f 8136 3140 3144
f 8064 3116 3120
f 7811 3032 3035
f 7416 2900 2904
f 7397 2894 2897
f 7433 2906 2909
f 7451 2912 2915
f 7470 2918 2922
f 7523 2936 2939
f 7379 2888 2891
f 7739 3008 3011
f 7902 3062 3066
f 7938 3074 3078
f 8117 3134 3137
f 7577 2954 2957
f 7218 2834 2838
f 7758 3014 3018
f 8028 3104 3108
f 7596 2960 2964
f 8172 3152 3156
f 8100 3128 3132
f 7830 3038 3042
f 7254 2846 2850
f 7955 3080 3083
f 7505 2930 2933
f 7308 2864 2868
f 7686 2990 2994
f 7866 3050 3054
f 7974 3086 3090
f 7488 2924 2928
f 7344 2876 2880
f 7722 3002 3006
f 7919 3068 3071
f 7649 2978 2981
f 7235 2840 2843
f 7775 3020 3023
f 8081 3122 3125
f 8189 3158 3161
f 7991 3092 3095
f 7560 2948 2952
f 7362 2882 2886
f 7704 2996 3000
f 7847 3044 3047
f 7541 2942 2945
f 7325 2870 2873
f 7667 2984 2987
f 7883 3056 3059
f 8010 3098 3102
f 7632 2972 2976
f 8153 3146 3149
f 8045 3110 3113
f 7793 3026 3029
f 7272 2852 2856
f 8438 3241 3245
f 8294 3193 3197
f 8258 3181 3185
f 8366 3217 3221
f 8420 3235 3239
f 8492 3259 3263
f 9162 3482 3486
f 8856 3380 3384
f 9234 3506 3510
f 8510 3265 3269
f 9032 3439 3443
f 8730 3338 3342
f 8654 3313 3317
f 8960 3415 3419
f 9014 3433 3437
f 9140 3475 3479
f 8744 3343 3347
f 8762 3349 3353
f 9180 3488 3492
f 8586 3290 3294
f 7152 2814 2812
f 7131 2807 2805
f 7167 2819 2817
f 7185 2825 2823
f 7206 2832 2830
f 7293 2861 2859
f 7620 2970 2968
f 8142 3144 3142
f 8070 3120 3118
f 7815 3035 3033
f 7422 2904 2902
f 7401 2897 2895
f 7437 2909 2907
f 7455 2915 2913
f 7476 2922 2920
f 7527 2939 2937
f 7383 2891 2889
f 7743 3011 3009
f 7908 3066 3064
f 7944 3078 3076
f 8121 3137 3135
f 7581 2957 2955
f 7224 2838 2836
f 7764 3018 3016
f 8034 3108 3106
f 7602 2964 2962
f 8178 3156 3154
f 8106 3132 3130
f 7836 3042 3040
f 7260 2850 2848
f 7959 3083 3081
f 7509 2933 2931
f 7314 2868 2866
f 7692 2994 2992
f 7872 3054 3052
f 7980 3090 3088
f 7494 2928 2926
f 7350 2880 2878
f 7728 3006 3004
f 7923 3071 3069
f 7653 2981 2979
f 7239 2843 2841
f 7779 3023 3021
f 8085 3125 3123
f 8193 3161 3159
f 7995 3095 3093
f 7566 2952 2950
f 7368 2886 2884
f 7710 3000 2998
f 7851 3047 3045
f 7545 2945 2943
f 7329 2873 2871
f 7671 2987 2985
f 7887 3059 3057
f 8016 3102 3100
f 7638 2976 2974
f 8157 3149 3147
f 8049 3113 3111
f 7797 3029 3027
f 7278 2856 2854
f 8450 3245 3246
f 8306 3197 3198
f 8270 3185 3186
f 8378 3221 3222
f 8432 3239 3240
f 8504 3263 3264
f 9170 3486 3485
f 8864 3384 3383
f 9242 3510 3509
f 8522 3269 3270
f 9044 3443 3444
f 8738 3342 3341
f 8666 3317 3318
f 8972 3419 3420
f 9026 3437 3438
f 9152 3479 3480
f 8756 3347 3348
f 8774 3353 3354
f 9188 3492 3491
f 8594 3294 3293
f 7142 2812 2809
f 7123 2805 2803
f 7159 2817 2815
f 7177 2823 2821
f 7196 2830 2827
f 7285 2859 2857
f 7610 2968 2965
f 8132 3142 3139
f 8060 3118 3115
f 7807 3033 3031
f 7412 2902 2899
f 7393 2895 2893
f 7429 2907 2905
f 7447 2913 2911
f 7466 2920 2917
f 7519 2937 2935
f 7375 2889 2887
f 7735 3009 3007
f 7898 3064 3061
f 7934 3076 3073
f 8113 3135 3133
f 7573 2955 2953
f 7214 2836 2833
f 7754 3016 3013
f 8024 3106 3103
f 7592 2962 2959
f 8168 3154 3151
f 8096 3130 3127
f 7826 3040 3037
f 7250 2848 2845
f 7951 3081 3079
f 7501 2931 2929
f 7304 2866 2863
f 7682 2992 2989
f 7862 3052 3049
f 7970 3088 3085
f 7484 2926 2923
f 7340 2878 2875
f 7718 3004 3001
f 7915 3069 3067
f 7645 2979 2977
f 7231 2841 2839
f 7771 3021 3019
f 8077 3123 3121
f 8185 3159 3157
f 7987 3093 3091
f 7556 2950 2947
f 7358 2884 2881
f 7700 2998 2995
f 7843 3045 3043
f 7537 2943 2941
f 7321 2871 2869
f 7663 2985 2983
f 7879 3057 3055
f 8006 3100 3097
f 7628 2974 2971
f 8149 3147 3145
f 8041 3111 3109
f 7789 3027 3025
f 7268 2854 2851
f 8442 3246 3242
f 8298 3198 3194
f 8262 3186 3182
f 8370 3222 3218
f 8424 3240 3236
f 8496 3264 3260
f 9158 3485 3481
f 8852 3383 3379
f 9230 3509 3505
f 8514 3270 3266
f 9036 3444 3440
f 8726 3341 3337
f 8658 3318 3314
f 8964 3420 3416
f 9018 3438 3434
f 9144 3480 3476
f 8748 3348 3344
f 8766 3354 3350
f 9176 3491 3487
f 8582 3293 3289
f 7199 2831 2828
f 7145 2813 2810
f 7128 2808 2804
f 7164 2820 2816
f 7182 2826 2822
f 7236 2844 2840
f 7650 2982 2978
f 8190 3162 3158
f 8082 3126 3122
f 7776 3024 3020
f 7469 2921 2918
f 7415 2903 2900
f 7398 2898 2894
f 7434 2910 2906
f 7452 2916 2912
f 7542 2946 2942
f 7326 2874 2870
f 7668 2988 2984
f 7884 3060 3056
f 8009 3101 3098
f 8171 3155 3152
f 7595 2963 2960
f 7253 2849 2846
f 7829 3041 3038
f 8099 3131 3128
f 7631 2975 2972
f 8154 3150 3146
f 8046 3114 3110
f 7794 3030 3026
f 7271 2855 2852
f 7973 3089 3086
f 7487 2927 2924
f 7343 2879 2876
f 7721 3005 3002
f 7920 3072 3068
f 7992 3096 3092
f 7559 2951 2948
f 7361 2885 2882
f 7703 2999 2996
f 7848 3048 3044
f 7578 2958 2954
f 7217 2837 2834
f 7757 3017 3014
f 8027 3107 3104
f 8118 3138 3134
f 7937 3077 3074
f 7524 2940 2936
f 7380 2892 2888
f 7740 3012 3008
f 7901 3065 3062
f 7506 2934 2930
f 7307 2867 2864
f 7685 2993 2990
f 7865 3053 3050
f 7956 3084 3080
f 7613 2969 2966
f 8135 3143 3140
f 8063 3119 3116
f 7812 3036 3032
f 7290 2862 2858
f 8312 3203 3199
f 8240 3179 3175
f 8348 3215 3211
f 8402 3233 3229
f 8456 3251 3247
f 8600 3299 3295
f 9086 3461 3457
f 8820 3372 3368
f 9198 3498 3494
f 8568 3288 3284
f 8924 3407 3403
f 8636 3311 3307
f 8784 3360 3356
f 8996 3431 3427
f 9050 3449 3445
f 9104 3467 3463
f 8870 3389 3385
f 8838 3378 3374
f 9216 3504 3500
f 8550 3282 3278
f 8275 3189 3187
f 8203 3165 3163
f 8225 3172 3170
f 8333 3208 3206
f 8387 3226 3224
f 8477 3256 3254
f 9121 3471 3469
f 8887 3393 3391
f 9265 3519 3517
f 8531 3274 3272
f 8905 3399 3397
f 8671 3321 3319
f 8693 3328 3326
f 8945 3412 3410
f 8981 3424 3422
f 9067 3453 3451
f 8711 3334 3332
f 8801 3364 3362
f 9251 3514 3512
f 8617 3303 3301
f 8437 3243 3241
f 8293 3195 3193
f 8257 3183 3181
f 8365 3219 3217
f 8419 3237 3235
f 8491 3261 3259
f 9161 3484 3482
f 8855 3382 3380
f 9233 3508 3506
f 8509 3267 3265
f 9031 3441 3439
f 8729 3340 3338
f 8653 3315 3313
f 8959 3417 3415
f 9013 3435 3433
f 9139 3477 3475
f 8743 3345 3343
f 8761 3351 3349
f 9179 3490 3488
f 8585 3292 3290
f 8315 3202 3200
f 8243 3178 3176
f 8351 3214 3212
f 8405 3232 3230
f 8459 3250 3248
f 8603 3298 3296
f 9089 3460 3458
f 8815 3369 3367
f 9193 3495 3493
f 8563 3285 3283
f 8927 3406 3404
f 8639 3310 3308
f 8779 3357 3355
f 8999 3430 3428
f 9053 3448 3446
f 9107 3466 3464
f 8873 3388 3386
f 8833 3375 3373
f 9211 3501 3499
f 8545 3279 3277
f 8280 3192 3188
f 8208 3168 3164
f 8222 3173 3169
f 8330 3209 3205
f 8384 3227 3223
f 8474 3257 3253
f 9126 3474 3470
f 8892 3396 3392
f 9270 3522 3518
f 8528 3275 3271
f 8910 3402 3398
f 8676 3324 3320
f 8690 3329 3325
f 8942 3413 3409
f 8978 3425 3421
f 9072 3456 3452
f 8708 3335 3331
f 8798 3365 3361
f 9248 3515 3511
f 8622 3306 3302
f 7203 2829 2831
f 7149 2811 2813
f 7134 2806 2808
f 7170 2818 2820
f 7188 2824 2826
f 7242 2842 2844
f 7656 2980 2982
f 8196 3160 3162
f 8088 3124 3126
f 7782 3022 3024
f 7473 2919 2921
f 7419 2901 2903
f 7404 2896 2898
f 7440 2908 2910
f 7458 2914 2916
f 7548 2944 2946
f 7332 2872 2874
f 7674 2986 2988
f 7890 3058 3060
f 8013 3099 3101
f 8175 3153 3155
f 7599 2961 2963
f 7257 2847 2849
f 7833 3039 3041
f 8103 3129 3131
f 7635 2973 2975
f 8160 3148 3150
f 8052 3112 3114
f 7800 3028 3030
f 7275 2853 2855
f 7977 3087 3089
f 7491 2925 2927
f 7347 2877 2879
f 7725 3003 3005
f 7926 3070 3072
f 7998 3094 3096
f 7563 2949 2951
f 7365 2883 2885
f 7707 2997 2999
f 7854 3046 3048
f 7584 2956 2958
f 7221 2835 2837
f 7761 3015 3017
f 8031 3105 3107
f 8124 3136 3138
f 7941 3075 3077
f 7530 2938 2940
f 7386 2890 2892
f 7746 3010 3012
f 7905 3063 3065
f 7512 2932 2934
f 7311 2865 2867
f 7689 2991 2993
f 7869 3051 3053
f 7962 3082 3084
f 7617 2967 2969
f 8139 3141 3143
f 8067 3117 3119
f 7818 3034 3036
f 7296 2860 2862
f 8324 3204 3203
f 8252 3180 3179
f 8360 3216 3215
f 8414 3234 3233
f 8468 3252 3251
f 8612 3300 3299
f 9098 3462 3461
f 8828 3371 3372
f 9206 3497 3498
f 8576 3287 3288
f 8936 3408 3407
f 8648 3312 3311
f 8792 3359 3360
f 9008 3432 3431
f 9062 3450 3449
f 9116 3468 3467
f 8882 3390 3389
f 8846 3377 3378
f 9224 3503 3504
f 8558 3281 3282
f 9291 4990 4989
f 9287 4966 4965
f 9288 4971 4972
f 9294 5007 5008
f 9297 5025 5026
f 9306 5079 5080
f 9372 5464 5463
f 9459 5986 5985
f 9447 5914 5913
f 9396 5619 5620
f 9336 5260 5259
f 9332 5236 5235
f 9333 5241 5242
f 9339 5277 5278
f 9342 5295 5296
f 9356 5368 5367
f 9321 5169 5170
f 9378 5511 5512
f 9417 5733 5734
f 9423 5782 5781
f 9452 5956 5955
f 9362 5416 5415
f 9303 5062 5061
f 9393 5602 5601
f 9438 5872 5871
f 9366 5440 5439
f 9462 6003 6004
f 9444 5895 5896
f 9402 5643 5644
f 9309 5098 5097
f 9428 5800 5799
f 9347 5325 5326
f 9318 5152 5151
f 9381 5530 5529
f 9414 5716 5715
f 9432 5824 5823
f 9348 5332 5331
f 9324 5188 5187
f 9386 5547 5548
f 9408 5691 5692
f 9363 5421 5422
f 9302 5055 5056
f 9392 5595 5596
f 9437 5865 5866
f 9453 5961 5962
f 9422 5775 5776
f 9357 5373 5374
f 9327 5206 5205
f 9387 5554 5553
f 9407 5686 5685
f 9351 5349 5350
f 9317 5145 5146
f 9377 5506 5505
f 9413 5709 5710
f 9429 5805 5806
f 9371 5457 5458
f 9458 5979 5980
f 9443 5890 5889
f 9401 5638 5637
f 9312 5116 5115
f 9873 6093 6094
f 9567 6069 6070
f 9585 6076 6075
f 9963 6112 6111
f 9999 6130 6129
f 9855 6148 6147
f 9840 6351 6352
f 9696 6261 6262
f 9894 6381 6382
f 9603 6160 6159
f 9819 6291 6292
f 9657 6195 6196
f 9675 6208 6207
f 9909 6310 6309
f 9984 6328 6327
f 9858 6357 6358
f 9837 6238 6237
f 9693 6250 6249
f 9891 6370 6369
f 9606 6171 6172
f 9539 5044 5043
f 9485 4996 4995
f 9468 4984 4983
f 9504 5020 5019
f 9522 5038 5037
f 9558 5092 5091
f 9864 5500 5499
f 9996 6040 6039
f 9960 5938 5937
f 9582 5632 5631
f 9773 5314 5313
f 9719 5266 5265
f 9636 5254 5253
f 9738 5290 5289
f 9756 5308 5307
f 9810 5398 5397
f 9648 5182 5181
f 9672 5524 5523
f 9906 5746 5745
f 9977 5854 5853
f 9869 6022 6021
f 9563 5446 5445
f 9575 5104 5103
f 9953 5674 5673
f 9989 5944 5943
f 9845 5482 5481
f 9834 6016 6015
f 9690 5908 5907
f 9888 5656 5655
f 9593 5122 5121
f 9815 5830 5829
f 9653 5338 5337
f 9665 5194 5193
f 9899 5572 5571
f 9972 5770 5769
f 9852 5848 5847
f 9827 5404 5403
f 9683 5212 5211
f 9881 5560 5559
f 9600 5704 5703
f 9492 5434 5433
f 9473 5068 5067
f 9509 5608 5607
f 9527 5878 5877
f 9546 5974 5973
f 9617 5788 5787
f 9792 5386 5385
f 9702 5230 5229
f 9918 5590 5589
f 9941 5752 5751
f 9726 5362 5361
f 9629 5158 5157
f 9743 5536 5535
f 9761 5722 5721
f 9780 5818 5817
f 9797 5470 5469
f 9707 5992 5991
f 9923 5920 5919
f 9936 5668 5667
f 9612 5140 5139
f 9498 6081 6082
f 9477 6045 6046
f 9513 6063 6064
f 9531 6105 6106
f 9552 6123 6124
f 9621 6141 6142
f 9804 6346 6345
f 9714 6268 6267
f 9930 6388 6387
f 9945 6165 6166
f 9732 6279 6280
f 9639 6190 6189
f 9747 6219 6220
f 9765 6303 6304
f 9786 6321 6322
f 9801 6333 6334
f 9711 6231 6232
f 9927 6255 6256
f 9948 6394 6393
f 9624 6178 6177
f 9486 5001 5002
f 9467 4977 4978
f 9503 5013 5014
f 9521 5031 5032
f 9540 5049 5050
f 9611 5133 5134
f 9798 5475 5476
f 9708 5997 5998
f 9924 5925 5926
f 9935 5661 5662
f 9720 5271 5272
f 9635 5247 5248
f 9737 5283 5284
f 9755 5301 5302
f 9774 5319 5320
f 9791 5379 5380
f 9701 5223 5224
f 9917 5583 5584
f 9942 5757 5758
f 9618 5793 5794
f 9545 5967 5968
f 9491 5427 5428
f 9474 5073 5074
f 9510 5613 5614
f 9528 5883 5884
f 9564 5451 5452
f 9870 6027 6028
f 9990 5949 5950
f 9954 5679 5680
f 9576 5109 5110
f 9779 5811 5812
f 9725 5355 5356
f 9630 5163 5164
f 9744 5541 5542
f 9762 5727 5728
f 9816 5835 5836
f 9654 5343 5344
f 9666 5199 5200
f 9900 5577 5578
f 9971 5763 5764
f 9863 5493 5494
f 9557 5085 5086
f 9581 5625 5626
f 9959 5931 5932
f 9995 6033 6034
f 9851 5841 5842
f 9828 5409 5410
f 9684 5217 5218
f 9882 5565 5566
f 9599 5697 5698
f 9809 5391 5392
f 9647 5175 5176
f 9671 5517 5518
f 9905 5739 5740
f 9978 5859 5860
f 9846 5487 5488
f 9833 6009 6010
f 9689 5901 5902
f 9887 5649 5650
f 9594 5127 5128
f 9549 6088 6087
f 9495 6052 6051
f 9480 6058 6057
f 9516 6100 6099
f 9534 6118 6117
f 9570 6136 6135
f 9876 6364 6363
f 10002 6273 6274
f 9966 6399 6400
f 9588 6153 6154
f 9783 6286 6285
f 9729 6214 6213
f 9642 6201 6202
f 9750 6298 6297
f 9768 6316 6315
f 9822 6340 6339
f 9660 6226 6225
f 9678 6243 6244
f 9912 6375 6376
f 9981 6183 6184
f 10009 4991 4992
f 10003 4967 4968
f 10006 4974 4973
f 10012 5010 5009
f 10015 5028 5027
f 10024 5082 5081
f 10090 5465 5466
f 10177 5987 5988
f 10165 5915 5916
f 10114 5622 5621
f 10054 5261 5262
f 10048 5237 5238
f 10051 5244 5243
f 10057 5280 5279
f 10060 5298 5297
f 10072 5369 5370
f 10039 5172 5171
f 10096 5514 5513
f 10135 5736 5735
f 10141 5783 5784
f 10168 5957 5958
f 10078 5417 5418
f 10021 5063 5064
f 10111 5603 5604
f 10156 5873 5874
f 10084 5441 5442
f 10180 6006 6005
f 10162 5898 5897
f 10120 5646 5645
f 10027 5099 5100
f 10144 5801 5802
f 10063 5328 5327
f 10036 5153 5154
f 10099 5531 5532
f 10132 5717 5718
f 10150 5825 5826
f 10066 5333 5334
f 10042 5189 5190
f 10102 5550 5549
f 10126 5694 5693
f 10081 5424 5423
f 10018 5058 5057
f 10108 5598 5597
f 10153 5868 5867
f 10171 5964 5963
f 10138 5778 5777
f 10075 5376 5375
f 10045 5207 5208
f 10105 5555 5556
f 10123 5687 5688
f 10069 5352 5351
f 10033 5148 5147
f 10093 5507 5508
f 10129 5712 5711
f 10147 5808 5807
f 10087 5460 5459
f 10174 5982 5981
f 10159 5891 5892
f 10117 5639 5640
f 10030 5117 5118
f 10191 6096 6095
f 10185 6072 6071
f 10188 6077 6078
f 10194 6113 6114
f 10197 6131 6132
f 10200 6149 6150
f 10235 6354 6353
f 10219 6264 6263
f 10240 6384 6383
f 10202 6161 6162
f 10224 6294 6293
f 10208 6198 6197
f 10211 6209 6210
f 10227 6311 6312
f 10230 6329 6330
f 10233 6360 6359
f 10215 6239 6240
f 10217 6251 6252
f 10237 6371 6372
f 10204 6174 6173
f 6416 3547 3549
f 6408 3529 3531
f 6406 3523 3526
f 6412 3535 3538
f 6415 3541 3544
f 6424 3559 3562
f 6492 3697 3700
f 6582 3877 3880
f 6565 3841 3844
f 6514 3739 3742
f 6461 3637 3639
f 6453 3619 3621
f 6451 3613 3616
f 6457 3625 3628
f 6460 3631 3634
f 6475 3661 3664
f 6439 3589 3592
f 6496 3703 3706
f 6533 3775 3778
f 6551 3817 3819
f 6579 3871 3873
f 6483 3679 3681
f 6426 3565 3567
f 6521 3757 3759
f 6566 3847 3849
f 6489 3691 3693
f 6578 3865 3868
f 6560 3829 3832
f 6518 3745 3748
f 6429 3571 3573
f 6547 3805 3807
f 6465 3643 3645
f 6441 3595 3597
f 6504 3721 3723
f 6537 3787 3790
f 6550 3811 3814
f 6476 3667 3669
f 6444 3601 3603
f 6502 3715 3717
f 6526 3763 3766
f 6481 3673 3676
f 6420 3553 3555
f 6510 3733 3735
f 6555 3823 3825
f 6571 3853 3856
f 6540 3793 3795
f 6473 3655 3658
f 6447 3607 3610
f 6507 3727 3730
f 6534 3781 3783
f 6469 3649 3652
f 6435 3583 3585
f 6498 3709 3711
f 6529 3769 3771
f 6545 3799 3802
f 6487 3685 3687
f 6574 3859 3861
f 6562 3835 3837
f 6520 3751 3754
f 6432 3577 3580
f 6989 4687 4690
f 6683 4075 4078
f 6703 4117 4120
f 7081 4873 4876
f 7117 4945 4948
f 6973 4657 4660
f 6958 4627 4630
f 6812 4333 4336
f 7010 4729 4732
f 6724 4159 4162
f 6935 4579 4582
f 6773 4255 4258
f 6796 4303 4306
f 7027 4765 4768
f 7104 4921 4924
f 6976 4663 4666
f 6955 4621 4624
f 6814 4339 4342
f 7012 4735 4738
f 6722 4153 4156
f 6664 4039 4041
f 6610 3931 3933
f 6595 3901 3903
f 6631 3973 3975
f 6649 4009 4011
f 6687 4087 4089
f 6993 4699 4701
f 7121 4957 4959
f 7085 4885 4887
f 6707 4129 4131
f 6898 4507 4509
f 6844 4399 4401
f 6761 4237 4239
f 6867 4447 4449
f 6883 4477 4479
f 6939 4591 4593
f 6775 4261 4263
f 6797 4309 4311
f 7031 4777 4779
f 7098 4909 4911
f 6990 4693 4695
f 6684 4081 4083
f 6700 4111 4113
f 7078 4867 4869
f 7114 4939 4941
f 6970 4651 4653
f 6959 4633 4635
f 6815 4345 4347
f 7013 4741 4743
f 6718 4147 4149
f 6936 4585 4587
f 6777 4267 4269
f 6790 4291 4293
f 7024 4759 4761
f 7101 4915 4917
f 6977 4669 4671
f 6952 4615 4617
f 6808 4327 4329
f 7006 4723 4725
f 6725 4165 4167
f 6617 3949 3951
f 6597 3907 3909
f 6633 3979 3981
f 6651 4015 4017
f 6671 4057 4059
f 6741 4195 4197
f 6919 4549 4551
f 6829 4369 4371
f 7047 4807 4809
f 7062 4837 4839
f 6851 4417 4419
f 6754 4219 4221
f 6864 4441 4443
f 6885 4483 4485
f 6905 4525 4527
f 6921 4555 4557
f 6831 4375 4377
f 7044 4801 4803
f 7065 4843 4845
f 6739 4189 4191
f 6614 3937 3940
f 6593 3895 3898
f 6629 3967 3970
f 6647 4003 4006
f 6668 4045 4048
f 6737 4183 4186
f 6924 4561 4564
f 6834 4381 4384
f 7050 4813 4816
f 7061 4831 4834
f 6850 4411 4414
f 6760 4231 4234
f 6863 4435 4438
f 6881 4471 4474
f 6902 4513 4516
f 6917 4543 4546
f 6827 4363 4366
f 7043 4795 4798
f 7068 4849 4852
f 6744 4201 4204
f 6604 3919 3922
f 6585 3883 3885
f 6621 3955 3957
f 6639 3991 3993
f 6658 4027 4030
f 6729 4171 4173
f 6914 4537 4540
f 6824 4357 4360
f 7040 4789 4792
f 7053 4819 4821
f 6838 4387 4390
f 6751 4213 4215
f 6855 4423 4425
f 6873 4459 4461
f 6892 4495 4498
f 6909 4531 4533
f 6819 4351 4353
f 7035 4783 4785
f 7058 4825 4828
f 6734 4177 4180
f 6661 4033 4035
f 6607 3925 3927
f 6590 3889 3892
f 6626 3961 3964
f 6644 3997 4000
f 6680 4069 4072
f 6986 4681 4684
f 7108 4927 4930
f 7072 4855 4858
f 6694 4099 4102
f 6895 4501 4503
f 6841 4393 4395
f 6748 4207 4210
f 6860 4429 4432
f 6878 4465 4468
f 6932 4573 4576
f 6770 4249 4252
f 6784 4279 4282
f 7018 4747 4750
f 7089 4891 4893
f 6981 4675 4677
f 6675 4063 4065
f 6697 4105 4107
f 7075 4861 4863
f 7111 4933 4935
f 6967 4645 4647
f 6946 4603 4606
f 6802 4315 4318
f 7000 4711 4714
f 6715 4141 4143
f 6927 4567 4569
f 6765 4243 4245
f 6787 4285 4287
f 7021 4753 4755
f 7094 4897 4900
f 6964 4639 4642
f 6949 4609 4611
f 6805 4321 4323
f 7003 4717 4719
f 6712 4135 4138
f 6670 4051 4054
f 6616 3943 3946
f 6600 3913 3916
f 6636 3985 3988
f 6654 4021 4024
f 6690 4093 4096
f 6996 4705 4708
f 7120 4951 4954
f 7084 4879 4882
f 6706 4123 4126
f 6904 4519 4522
f 6847 4405 4408
f 6758 4225 4228
f 6870 4453 4456
f 6888 4489 4492
f 6942 4597 4600
f 6780 4273 4276
f 6794 4297 4300
f 7030 4771 4774
f 7097 4903 4906
f 8285 5000 5004
f 8213 4976 4980
f 8233 5012 5016
f 8341 5030 5034
f 8395 5048 5052
f 8485 5132 5136
f 9131 5474 5478
f 8897 5996 6000
f 9275 5924 5928
f 8539 5660 5664
f 8915 5270 5274
f 8681 5246 5250
f 8701 5282 5286
f 8953 5300 5304
f 8989 5318 5322
f 9077 5378 5382
f 8719 5222 5226
f 8809 5582 5586
f 9259 5756 5760
f 8627 5792 5796
f 8447 5966 5970
f 8303 5426 5430
f 8267 5072 5076
f 8375 5612 5616
f 8429 5882 5886
f 8501 5450 5454
f 9169 6026 6030
f 8863 5948 5952
f 9241 5678 5682
f 8519 5108 5112
f 9041 5810 5814
f 8737 5354 5358
f 8663 5162 5166
f 8969 5540 5544
f 9023 5726 5730
f 9149 5834 5838
f 8753 5342 5346
f 8771 5198 5202
f 9187 5576 5580
f 8593 5762 5766
f 8323 5492 5496
f 8251 5084 5088
f 8359 5624 5628
f 8413 5930 5934
f 8467 6032 6036
f 8611 5840 5844
f 9097 5408 5412
f 8825 5216 5220
f 9203 5564 5568
f 8573 5696 5700
f 8935 5390 5394
f 8647 5174 5178
f 8789 5516 5520
f 9007 5738 5742
f 9061 5858 5862
f 9115 5486 5490
f 8881 6008 6012
f 8843 5900 5904
f 9221 5648 5652
f 8555 5126 5130
f 8292 6085 6089
f 8220 6049 6053
f 8236 6055 6059
f 8344 6097 6101
f 8398 6115 6119
f 8488 6133 6137
f 9138 6361 6365
f 8904 6272 6276
f 9282 6398 6402
f 8542 6152 6156
f 8922 6283 6287
f 8688 6211 6215
f 8704 6200 6204
f 8956 6295 6299
f 8992 6313 6317
f 9084 6337 6341
f 8722 6223 6227
f 8812 6242 6246
f 9262 6374 6378
f 8634 6182 6186
f 7204 4988 4990
f 7150 4964 4966
f 7135 4969 4971
f 7171 5005 5007
f 7189 5023 5025
f 7243 5077 5079
f 7657 5462 5464
f 8197 5984 5986
f 8089 5912 5914
f 7783 5617 5619
f 7474 5258 5260
f 7420 5234 5236
f 7405 5239 5241
f 7441 5275 5277
f 7459 5293 5295
f 7549 5366 5368
f 7333 5167 5169
f 7675 5509 5511
f 7891 5731 5733
f 8014 5780 5782
f 8176 5954 5956
f 7600 5414 5416
f 7258 5060 5062
f 7834 5600 5602
f 8104 5870 5872
f 7636 5438 5440
f 8161 6001 6003
f 8053 5893 5895
f 7801 5641 5643
f 7276 5096 5098
f 7978 5798 5800
f 7492 5323 5325
f 7348 5150 5152
f 7726 5528 5530
f 7927 5714 5716
f 7999 5822 5824
f 7564 5330 5332
f 7366 5186 5188
f 7708 5545 5547
f 7855 5689 5691
f 7585 5419 5421
f 7222 5053 5055
f 7762 5593 5595
f 8032 5863 5865
f 8125 5959 5961
f 7942 5773 5775
f 7531 5371 5373
f 7387 5204 5206
f 7747 5552 5554
f 7906 5684 5686
f 7513 5347 5349
f 7312 5143 5145
f 7690 5504 5506
f 7870 5707 5709
f 7963 5803 5805
f 7618 5455 5457
f 8140 5977 5979
f 8068 5888 5890
f 7819 5636 5638
f 7297 5114 5116
f 8327 6091 6093
f 8255 6067 6069
f 8363 6074 6076
f 8417 6110 6112
f 8471 6128 6130
f 8615 6146 6148
f 9101 6349 6351
f 8829 6259 6261
f 9207 6379 6381
f 8577 6158 6160
f 8939 6289 6291
f 8651 6193 6195
f 8793 6206 6208
f 9011 6308 6310
f 9065 6326 6328
f 9119 6355 6357
f 8885 6236 6238
f 8847 6248 6250
f 9225 6368 6370
f 8559 6169 6171
f 8286 5042 5044
f 8214 4994 4996
f 8230 4982 4984
f 8338 5018 5020
f 8392 5036 5038
f 8482 5090 5092
f 9132 5498 5500
f 8898 6038 6040
f 9276 5936 5938
f 8536 5630 5632
f 8916 5312 5314
f 8682 5264 5266
f 8698 5252 5254
f 8950 5288 5290
f 8986 5306 5308
f 9078 5396 5398
f 8716 5180 5182
f 8806 5522 5524
f 9256 5744 5746
f 8628 5852 5854
f 8448 6020 6022
f 8304 5444 5446
f 8268 5102 5104
f 8376 5672 5674
f 8430 5942 5944
f 8502 5480 5482
f 9166 6014 6016
f 8860 5906 5908
f 9238 5654 5656
f 8520 5120 5122
f 9042 5828 5830
f 8734 5336 5338
f 8664 5192 5194
f 8970 5570 5572
f 9024 5768 5770
f 9150 5846 5848
f 8754 5402 5404
f 8772 5210 5212
f 9184 5558 5560
f 8590 5702 5704
f 8320 5432 5434
f 8248 5066 5068
f 8356 5606 5608
f 8410 5876 5878
f 8464 5972 5974
f 8608 5786 5788
f 9094 5384 5386
f 8826 5228 5230
f 9204 5588 5590
f 8574 5750 5752
f 8932 5360 5362
f 8644 5156 5158
f 8790 5534 5536
f 9004 5720 5722
f 9058 5816 5818
f 9112 5468 5470
f 8878 5990 5992
f 8844 5918 5920
f 9222 5666 5668
f 8556 5138 5140
f 8289 6079 6081
f 8217 6043 6045
f 8237 6061 6063
f 8345 6103 6105
f 8399 6121 6123
f 8489 6139 6141
f 9135 6344 6346
f 8901 6266 6268
f 9279 6386 6388
f 8543 6163 6165
f 8919 6277 6279
f 8685 6188 6190
f 8705 6217 6219
f 8957 6301 6303
f 8993 6319 6321
f 9081 6331 6333
f 8723 6229 6231
f 8813 6253 6255
f 9263 6392 6394
f 8631 6176 6178
f 7157 4999 5001
f 7137 4975 4977
f 7173 5011 5013
f 7191 5029 5031
f 7211 5047 5049
f 7299 5131 5133
f 7625 5473 5475
f 8147 5995 5997
f 8075 5923 5925
f 7821 5659 5661
f 7427 5269 5271
f 7407 5245 5247
f 7443 5281 5283
f 7461 5299 5301
f 7481 5317 5319
f 7533 5377 5379
f 7389 5221 5223
f 7749 5581 5583
f 7913 5755 5757
f 7949 5791 5793
f 8127 5965 5967
f 7587 5425 5427
f 7229 5071 5073
f 7769 5611 5613
f 8039 5881 5883
f 7607 5449 5451
f 8183 6025 6027
f 8111 5947 5949
f 7841 5677 5679
f 7265 5107 5109
f 7965 5809 5811
f 7515 5353 5355
f 7319 5161 5163
f 7697 5539 5541
f 7877 5725 5727
f 7985 5833 5835
f 7499 5341 5343
f 7355 5197 5199
f 7733 5575 5577
f 7929 5761 5763
f 7659 5491 5493
f 7245 5083 5085
f 7785 5623 5625
f 8091 5929 5931
f 8199 6031 6033
f 8001 5839 5841
f 7571 5407 5409
f 7373 5215 5217
f 7715 5563 5565
f 7857 5695 5697
f 7551 5389 5391
f 7335 5173 5175
f 7677 5515 5517
f 7893 5737 5739
f 8021 5857 5859
f 7643 5485 5487
f 8163 6007 6009
f 8055 5899 5901
f 7803 5647 5649
f 7283 5125 5127
f 8451 6086 6088
f 8307 6050 6052
f 8271 6056 6058
f 8379 6098 6100
f 8433 6116 6118
f 8505 6134 6136
f 9173 6362 6364
f 8867 6271 6273
f 9245 6397 6399
f 8523 6151 6153
f 9045 6284 6286
f 8741 6212 6214
f 8667 6199 6201
f 8973 6296 6298
f 9027 6314 6316
f 9153 6338 6340
f 8757 6224 6226
f 8775 6241 6243
f 9191 6373 6375
f 8597 6181 6183
f 7154 4987 4991
f 7133 4963 4967
f 7169 4970 4974
f 7187 5006 5010
f 7208 5024 5028
f 7295 5078 5082
f 7622 5461 5465
f 8144 5983 5987
f 8072 5911 5915
f 7817 5618 5622
f 7424 5257 5261
f 7403 5233 5237
f 7439 5240 5244
f 7457 5276 5280
f 7478 5294 5298
f 7529 5365 5369
f 7385 5168 5172
f 7745 5510 5514
f 7910 5732 5736
f 7946 5779 5783
f 8123 5953 5957
f 7583 5413 5417
f 7226 5059 5063
f 7766 5599 5603
f 8036 5869 5873
f 7604 5437 5441
f 8180 6002 6006
f 8108 5894 5898
f 7838 5642 5646
f 7262 5095 5099
f 7961 5797 5801
f 7511 5324 5328
f 7316 5149 5153
f 7694 5527 5531
f 7874 5713 5717
f 7982 5821 5825
f 7496 5329 5333
f 7352 5185 5189
f 7730 5546 5550
f 7925 5690 5694
f 7655 5420 5424
f 7241 5054 5058
f 7781 5594 5598
f 8087 5864 5868
f 8195 5960 5964
f 7997 5774 5778
f 7568 5372 5376
f 7370 5203 5207
f 7712 5551 5555
f 7853 5683 5687
f 7547 5348 5352
f 7331 5144 5148
f 7673 5503 5507
f 7889 5708 5712
f 8018 5804 5808
f 7640 5456 5460
f 8159 5978 5982
f 8051 5887 5891
f 7799 5635 5639
f 7280 5113 5117
f 8454 6092 6096
f 8310 6068 6072
f 8274 6073 6077
f 8382 6109 6113
f 8436 6127 6131
f 8508 6145 6149
f 9172 6350 6354
f 8866 6260 6264
f 9244 6380 6384
f 8526 6157 6161
f 9048 6290 6294
f 8740 6194 6198
f 8670 6205 6209
f 8976 6307 6311
f 9030 6325 6329
f 9156 6356 6360
f 8760 6235 6239
f 8778 6247 6251
f 9190 6367 6371
f 8596 6170 6174
f 7144 3530 3534
f 7125 3524 3527
f 7161 3536 3539
f 7179 3542 3545
f 7198 3548 3552
f 7287 3578 3581
f 7612 3686 3690
f 8134 3860 3864
f 8062 3836 3840
f 7809 3752 3755
f 7414 3620 3624
f 7395 3614 3617
f 7431 3626 3629
f 7449 3632 3635
f 7468 3638 3642
f 7521 3656 3659
f 7377 3608 3611
f 7737 3728 3731
f 7900 3782 3786
f 7936 3794 3798
f 8115 3854 3857
f 7575 3674 3677
f 7216 3554 3558
f 7756 3734 3738
f 8026 3824 3828
f 7594 3680 3684
f 8170 3872 3876
f 8098 3848 3852
f 7828 3758 3762
f 7252 3566 3570
f 7953 3800 3803
f 7503 3650 3653
f 7306 3584 3588
f 7684 3710 3714
f 7864 3770 3774
f 7972 3806 3810
f 7486 3644 3648
f 7342 3596 3600
f 7720 3722 3726
f 7917 3788 3791
f 7647 3698 3701
f 7233 3560 3563
f 7773 3740 3743
f 8079 3842 3845
f 8187 3878 3881
f 7989 3812 3815
f 7558 3668 3672
f 7360 3602 3606
f 7702 3716 3720
f 7845 3764 3767
f 7539 3662 3665
f 7323 3590 3593
f 7665 3704 3707
f 7881 3776 3779
f 8008 3818 3822
f 7630 3692 3696
f 8151 3866 3869
f 8043 3830 3833
f 7791 3746 3749
f 7270 3572 3576
f 8444 4694 4698
f 8300 4082 4086
f 8264 4112 4116
f 8372 4868 4872
f 8426 4940 4944
f 8498 4652 4656
f 9160 4634 4638
f 8854 4346 4350
f 9232 4742 4746
f 8516 4148 4152
f 9038 4586 4590
f 8728 4268 4272
f 8660 4292 4296
f 8966 4760 4764
f 9020 4916 4920
f 9146 4670 4674
f 8750 4616 4620
f 8768 4328 4332
f 9178 4724 4728
f 8584 4166 4170
f 7201 4028 4031
f 7147 3920 3923
f 7130 3884 3888
f 7166 3956 3960
f 7184 3992 3996
f 7238 4064 4068
f 7652 4676 4680
f 8192 4934 4938
f 8084 4862 4866
f 7778 4106 4110
f 7471 4496 4499
f 7417 4388 4391
f 7400 4214 4218
f 7436 4424 4428
f 7454 4460 4464
f 7544 4568 4572
f 7328 4244 4248
f 7670 4286 4290
f 7886 4754 4758
f 8011 4898 4901
f 8173 4682 4685
f 7597 4070 4073
f 7255 4100 4103
f 7831 4856 4859
f 8101 4928 4931
f 7633 4640 4643
f 8156 4610 4614
f 8048 4322 4326
f 7796 4718 4722
f 7273 4136 4139
f 7975 4574 4577
f 7489 4250 4253
f 7345 4280 4283
f 7723 4748 4751
f 7922 4892 4896
f 7994 4646 4650
f 7561 4604 4607
f 7363 4316 4319
f 7705 4712 4715
f 7850 4142 4146
f 7580 3926 3930
f 7219 3890 3893
f 7759 3962 3965
f 8029 3998 4001
f 8120 4034 4038
f 7939 4178 4181
f 7526 4532 4536
f 7382 4352 4356
f 7742 4784 4788
f 7903 4826 4829
f 7508 4394 4398
f 7309 4208 4211
f 7687 4430 4433
f 7867 4466 4469
f 7958 4502 4506
f 7615 4538 4541
f 8137 4358 4361
f 8065 4790 4793
f 7814 4820 4824
f 7292 4172 4176
f 8314 3950 3954
f 8242 3908 3912
f 8350 3980 3984
f 8404 4016 4020
f 8458 4058 4062
f 8602 4196 4200
f 9088 4550 4554
f 8822 4370 4374
f 9200 4808 4812
f 8570 4838 4842
f 8926 4418 4422
f 8638 4220 4224
f 8786 4442 4446
f 8998 4484 4488
f 9052 4526 4530
f 9106 4556 4560
f 8872 4376 4380
f 8840 4802 4806
f 9218 4844 4848
f 8552 4190 4194
f 8277 3938 3941
f 8205 3896 3899
f 8227 3968 3971
f 8335 4004 4007
f 8389 4046 4049
f 8479 4184 4187
f 9123 4562 4565
f 8889 4382 4385
f 9267 4814 4817
f 8533 4832 4835
f 8907 4412 4415
f 8673 4232 4235
f 8695 4436 4439
f 8947 4472 4475
f 8983 4514 4517
f 9069 4544 4547
f 8713 4364 4367
f 8803 4796 4799
f 9253 4850 4853
f 8619 4202 4205
f 8439 4052 4055
f 8295 3944 3947
f 8259 3914 3917
f 8367 3986 3989
f 8421 4022 4025
f 8493 4094 4097
f 9163 4706 4709
f 8857 4952 4955
f 9235 4880 4883
f 8511 4124 4127
f 9033 4520 4523
f 8731 4406 4409
f 8655 4226 4229
f 8961 4454 4457
f 9015 4490 4493
f 9141 4598 4601
f 8745 4274 4277
f 8763 4298 4301
f 9181 4772 4775
f 8587 4904 4907
f 8317 4688 4691
f 8245 4076 4079
f 8353 4118 4121
f 8407 4874 4877
f 8461 4946 4949
f 8605 4658 4661
f 9091 4628 4631
f 8817 4334 4337
f 9195 4730 4733
f 8565 4160 4163
f 8929 4580 4583
f 8641 4256 4259
f 8781 4304 4307
f 9001 4766 4769
f 9055 4922 4925
f 9109 4664 4667
f 8875 4622 4625
f 8835 4340 4343
f 9213 4736 4739
f 8547 4154 4157
f 8282 4040 4044
f 8210 3932 3936
f 8224 3902 3906
f 8332 3974 3978
f 8386 4010 4014
f 8476 4088 4092
f 9128 4700 4704
f 8894 4958 4962
f 9272 4886 4890
f 8530 4130 4134
f 8912 4508 4512
f 8678 4400 4404
f 8692 4238 4242
f 8944 4448 4452
f 8980 4478 4482
f 9074 4592 4596
f 8710 4262 4266
f 8800 4310 4314
f 9250 4778 4782
f 8624 4910 4914
f 7210 5041 5045
f 7156 4993 4997
f 7140 4981 4985
f 7176 5017 5021
f 7194 5035 5039
f 7248 5089 5093
f 7662 5497 5501
f 8202 6037 6041
f 8094 5935 5939
f 7788 5629 5633
f 7480 5311 5315
f 7426 5263 5267
f 7410 5251 5255
f 7446 5287 5291
f 7464 5305 5309
f 7554 5395 5399
f 7338 5179 5183
f 7680 5521 5525
f 7896 5743 5747
f 8020 5851 5855
f 8182 6019 6023
f 7606 5443 5447
f 7264 5101 5105
f 7840 5671 5675
f 8110 5941 5945
f 7642 5479 5483
f 8166 6013 6017
f 8058 5905 5909
f 7806 5653 5657
f 7282 5119 5123
f 7984 5827 5831
f 7498 5335 5339
f 7354 5191 5195
f 7732 5569 5573
f 7932 5767 5771
f 8004 5845 5849
f 7570 5401 5405
f 7372 5209 5213
f 7714 5557 5561
f 7860 5701 5705
f 7590 5431 5435
f 7228 5065 5069
f 7768 5605 5609
f 8038 5875 5879
f 8130 5971 5975
f 7948 5785 5789
f 7536 5383 5387
f 7392 5227 5231
f 7752 5587 5591
f 7912 5749 5753
f 7518 5359 5363
f 7318 5155 5159
f 7696 5533 5537
f 7876 5719 5723
f 7968 5815 5819
f 7624 5467 5471
f 8146 5989 5993
f 8074 5917 5921
f 7824 5665 5669
f 7302 5137 5141
f 8326 6080 6084
f 8254 6044 6048
f 8362 6062 6066
f 8416 6104 6108
f 8470 6122 6126
f 8614 6140 6144
f 9100 6343 6347
f 8832 6265 6269
f 9210 6385 6389
f 8580 6164 6168
f 8938 6278 6282
f 8650 6187 6191
f 8796 6218 6222
f 9010 6302 6306
f 9064 6320 6324
f 9118 6332 6336
f 8884 6230 6234
f 8850 6254 6258
f 9228 6391 6395
f 8562 6175 6179
f 9289 3534 3532
f 9283 3527 3525
f 9286 3539 3537
f 9293 3545 3543
f 9296 3552 3550
f 9305 3581 3579
f 9369 3690 3688
f 9456 3864 3862
f 9445 3840 3838
f 9395 3755 3753
f 9334 3624 3622
f 9328 3617 3615
f 9331 3629 3627
f 9338 3635 3633
f 9341 3642 3640
f 9352 3659 3657
f 9320 3611 3609
f 9376 3731 3729
f 9416 3786 3784
f 9420 3798 3796
f 9448 3857 3855
f 9358 3677 3675
f 9300 3558 3556
f 9390 3738 3736
f 9435 3828 3826
f 9364 3684 3682
f 9461 3876 3874
f 9442 3852 3850
f 9400 3762 3760
f 9307 3570 3568
f 9424 3803 3801
f 9344 3653 3651
f 9315 3588 3586
f 9379 3714 3712
f 9411 3774 3772
f 9430 3810 3808
f 9345 3648 3646
f 9322 3600 3598
f 9383 3726 3724
f 9406 3791 3789
f 9361 3701 3699
f 9299 3563 3561
f 9389 3743 3741
f 9434 3845 3843
f 9451 3881 3879
f 9419 3815 3813
f 9355 3672 3670
f 9325 3606 3604
f 9384 3720 3718
f 9403 3767 3765
f 9350 3665 3663
f 9314 3593 3591
f 9373 3707 3705
f 9410 3779 3777
f 9427 3822 3820
f 9368 3696 3694
f 9455 3869 3867
f 9439 3833 3831
f 9397 3749 3747
f 9310 3576 3574
f 9872 4698 4696
f 9566 4086 4084
f 9583 4116 4114
f 9961 4872 4870
f 9997 4944 4942
f 9853 4656 4654
f 9839 4638 4636
f 9695 4350 4348
f 9893 4746 4744
f 9601 4152 4150
f 9818 4590 4588
f 9656 4272 4270
f 9673 4296 4294
f 9907 4764 4762
f 9982 4920 4918
f 9857 4674 4672
f 9835 4620 4618
f 9691 4332 4330
f 9889 4728 4726
f 9605 4170 4168
f 9535 4031 4029
f 9481 3923 3921
f 9465 3888 3886
f 9501 3960 3958
f 9519 3996 3994
f 9555 4068 4066
f 9861 4680 4678
f 9993 4938 4936
f 9957 4866 4864
f 9579 4110 4108
f 9769 4499 4497
f 9715 4391 4389
f 9633 4218 4216
f 9735 4428 4426
f 9753 4464 4462
f 9807 4572 4570
f 9645 4248 4246
f 9669 4290 4288
f 9903 4758 4756
f 9973 4901 4899
f 9865 4685 4683
f 9559 4073 4071
f 9571 4103 4101
f 9949 4859 4857
f 9985 4931 4929
f 9841 4643 4641
f 9831 4614 4612
f 9687 4326 4324
f 9885 4722 4720
f 9589 4139 4137
f 9811 4577 4575
f 9649 4253 4251
f 9661 4283 4281
f 9895 4751 4749
f 9969 4896 4894
f 9849 4650 4648
f 9823 4607 4605
f 9679 4319 4317
f 9877 4715 4713
f 9597 4146 4144
f 9489 3930 3928
f 9469 3893 3891
f 9505 3965 3963
f 9523 4001 3999
f 9543 4038 4036
f 9613 4181 4179
f 9789 4536 4534
f 9699 4356 4354
f 9915 4788 4786
f 9937 4829 4827
f 9723 4398 4396
f 9625 4211 4209
f 9739 4433 4431
f 9757 4469 4467
f 9777 4506 4504
f 9793 4541 4539
f 9703 4361 4359
f 9919 4793 4791
f 9933 4824 4822
f 9609 4176 4174
f 9497 3954 3952
f 9476 3912 3910
f 9512 3984 3982
f 9530 4020 4018
f 9551 4062 4060
f 9620 4200 4198
f 9802 4554 4552
f 9712 4374 4372
f 9928 4812 4810
f 9944 4842 4840
f 9731 4422 4420
f 9637 4224 4222
f 9746 4446 4444
f 9764 4488 4486
f 9785 4530 4528
f 9800 4560 4558
f 9710 4380 4378
f 9926 4806 4804
f 9946 4848 4846
f 9622 4194 4192
f 9484 3941 3939
f 9464 3899 3897
f 9500 3971 3969
f 9518 4007 4005
f 9538 4049 4047
f 9608 4187 4185
f 9796 4565 4563
f 9706 4385 4383
f 9922 4817 4815
f 9932 4835 4833
f 9718 4415 4413
f 9632 4235 4233
f 9734 4439 4437
f 9752 4475 4473
f 9772 4517 4515
f 9788 4547 4545
f 9698 4367 4365
f 9914 4799 4797
f 9940 4853 4851
f 9616 4205 4203
f 9542 4055 4053
f 9488 3947 3945
f 9472 3917 3915
f 9508 3989 3987
f 9526 4025 4023
f 9562 4097 4095
f 9868 4709 4707
f 9988 4955 4953
f 9952 4883 4881
f 9574 4127 4125
f 9776 4523 4521
f 9722 4409 4407
f 9628 4229 4227
f 9742 4457 4455
f 9760 4493 4491
f 9814 4601 4599
f 9652 4277 4275
f 9664 4301 4299
f 9898 4775 4773
f 9968 4907 4905
f 9860 4691 4689
f 9554 4079 4077
f 9578 4121 4119
f 9956 4877 4875
f 9992 4949 4947
f 9848 4661 4659
f 9826 4631 4629
f 9682 4337 4335
f 9880 4733 4731
f 9596 4163 4161
f 9806 4583 4581
f 9644 4259 4257
f 9668 4307 4305
f 9902 4769 4767
f 9976 4925 4923
f 9844 4667 4665
f 9830 4625 4623
f 9686 4343 4341
f 9884 4739 4737
f 9592 4157 4155
f 9547 4044 4042
f 9493 3936 3934
f 9478 3906 3904
f 9514 3978 3976
f 9532 4014 4012
f 9568 4092 4090
f 9874 4704 4702
f 10001 4962 4960
f 9965 4890 4888
f 9587 4134 4132
f 9781 4512 4510
f 9727 4404 4402
f 9641 4242 4240
f 9748 4452 4450
f 9766 4482 4480
f 9820 4596 4594
f 9658 4266 4264
f 9677 4314 4312
f 9911 4782 4780
f 9980 4914 4912
f 10011 5045 5046
f 10005 4997 4998
f 10007 4985 4986
f 10013 5021 5022
f 10016 5039 5040
f 10025 5093 5094
f 10092 5501 5502
f 10179 6041 6042
f 10167 5939 5940
f 10115 5633 5634
f 10056 5315 5316
f 10050 5267 5268
f 10052 5255 5256
f 10058 5291 5292
f 10061 5309 5310
f 10074 5399 5400
f 10040 5183 5184
f 10097 5525 5526
f 10136 5747 5748
f 10143 5855 5856
f 10170 6023 6024
f 10080 5447 5448
f 10023 5105 5106
f 10113 5675 5676
f 10158 5945 5946
f 10086 5483 5484
f 10181 6017 6018
f 10163 5909 5910
f 10121 5657 5658
f 10029 5123 5124
f 10146 5831 5832
f 10064 5339 5340
f 10038 5195 5196
f 10101 5573 5574
f 10134 5771 5772
f 10152 5849 5850
f 10068 5405 5406
f 10044 5213 5214
f 10103 5561 5562
f 10127 5705 5706
f 10082 5435 5436
f 10019 5069 5070
f 10109 5609 5610
f 10154 5879 5880
f 10172 5975 5976
f 10139 5789 5790
f 10076 5387 5388
f 10047 5231 5232
f 10107 5591 5592
f 10125 5753 5754
f 10070 5363 5364
f 10034 5159 5160
f 10095 5537 5538
f 10130 5723 5724
f 10148 5819 5820
f 10088 5471 5472
f 10175 5993 5994
f 10161 5921 5922
f 10119 5669 5670
f 10032 5141 5142
f 10189 6084 6083
f 10183 6048 6047
f 10187 6066 6065
f 10193 6108 6107
f 10196 6126 6125
f 10199 6144 6143
f 10234 6347 6348
f 10220 6269 6270
f 10241 6389 6390
f 10203 6168 6167
f 10222 6282 6281
f 10207 6191 6192
f 10212 6222 6221
f 10226 6306 6305
f 10229 6324 6323
f 10231 6336 6335
f 10214 6234 6233
f 10218 6258 6257
f 10239 6395 6396
f 10205 6179 6180
f 6409 3532 3529
f 6405 3525 3523
f 6411 3537 3535
f 6414 3543 3541
f 6417 3550 3547
f 6431 3579 3577
f 6488 3688 3685
f 6575 3862 3859
f 6563 3838 3835
f 6519 3753 3751
f 6454 3622 3619
f 6450 3615 3613
f 6456 3627 3625
f 6459 3633 3631
f 6462 3640 3637
f 6472 3657 3655
f 6446 3609 3607
f 6506 3729 3727
f 6535 3784 3781
f 6541 3796 3793
f 6570 3855 3853
f 6480 3675 3673
f 6421 3556 3553
f 6511 3736 3733
f 6556 3826 3823
f 6484 3682 3679
f 6580 3874 3871
f 6567 3850 3847
f 6522 3760 3757
f 6427 3568 3565
f 6544 3801 3799
f 6468 3651 3649
f 6436 3586 3583
f 6499 3712 3709
f 6530 3772 3769
f 6548 3808 3805
f 6466 3646 3643
f 6442 3598 3595
f 6505 3724 3721
f 6536 3789 3787
f 6491 3699 3697
f 6423 3561 3559
f 6513 3741 3739
f 6564 3843 3841
f 6581 3879 3877
f 6549 3813 3811
f 6477 3670 3667
f 6445 3604 3601
f 6503 3718 3715
f 6525 3765 3763
f 6474 3663 3661
f 6438 3591 3589
f 6495 3705 3703
f 6532 3777 3775
f 6552 3820 3817
f 6490 3694 3691
f 6577 3867 3865
f 6559 3831 3829
f 6517 3747 3745
f 6430 3574 3571
f 6991 4696 4693
f 6685 4084 4081
f 6701 4114 4111
f 7079 4870 4867
f 7115 4942 4939
f 6971 4654 4651
f 6960 4636 4633
f 6816 4348 4345
f 7014 4744 4741
f 6719 4150 4147
f 6937 4588 4585
f 6778 4270 4267
f 6791 4294 4291
f 7025 4762 4759
f 7102 4918 4915
f 6978 4672 4669
f 6953 4618 4615
f 6809 4330 4327
f 7007 4726 4723
f 6726 4168 4165
f 6657 4029 4027
f 6603 3921 3919
f 6586 3886 3883
f 6622 3958 3955
f 6640 3994 3991
f 6676 4066 4063
f 6982 4678 4675
f 7112 4936 4933
f 7076 4864 4861
f 6698 4108 4105
f 6891 4497 4495
f 6837 4389 4387
f 6752 4216 4213
f 6856 4426 4423
f 6874 4462 4459
f 6928 4570 4567
f 6766 4246 4243
f 6788 4288 4285
f 7022 4756 4753
f 7093 4899 4897
f 6985 4683 4681
f 6679 4071 4069
f 6693 4101 4099
f 7071 4857 4855
f 7107 4929 4927
f 6963 4641 4639
f 6950 4612 4609
f 6806 4324 4321
f 7004 4720 4717
f 6711 4137 4135
f 6931 4575 4573
f 6769 4251 4249
f 6783 4281 4279
f 7017 4749 4747
f 7090 4894 4891
f 6968 4648 4645
f 6945 4605 4603
f 6801 4317 4315
f 6999 4713 4711
f 6716 4144 4141
f 6608 3928 3925
f 6589 3891 3889
f 6625 3963 3961
f 6643 3999 3997
f 6662 4036 4033
f 6733 4179 4177
f 6910 4534 4531
f 6820 4354 4351
f 7036 4786 4783
f 7057 4827 4825
f 6842 4396 4393
f 6747 4209 4207
f 6859 4431 4429
f 6877 4467 4465
f 6896 4504 4501
f 6913 4539 4537
f 6823 4359 4357
f 7039 4791 4789
f 7054 4822 4819
f 6730 4174 4171
f 6618 3952 3949
f 6598 3910 3907
f 6634 3982 3979
f 6652 4018 4015
f 6672 4060 4057
f 6742 4198 4195
f 6920 4552 4549
f 6830 4372 4369
f 7048 4810 4807
f 7063 4840 4837
f 6852 4420 4417
f 6755 4222 4219
f 6865 4444 4441
f 6886 4486 4483
f 6906 4528 4525
f 6922 4558 4555
f 6832 4378 4375
f 7045 4804 4801
f 7066 4846 4843
f 6740 4192 4189
f 6613 3939 3937
f 6592 3897 3895
f 6628 3969 3967
f 6646 4005 4003
f 6667 4047 4045
f 6736 4185 4183
f 6923 4563 4561
f 6833 4383 4381
f 7049 4815 4813
f 7060 4833 4831
f 6849 4413 4411
f 6759 4233 4231
f 6862 4437 4435
f 6880 4473 4471
f 6901 4515 4513
f 6916 4545 4543
f 6826 4365 4363
f 7042 4797 4795
f 7067 4851 4849
f 6743 4203 4201
f 6669 4053 4051
f 6615 3945 3943
f 6599 3915 3913
f 6635 3987 3985
f 6653 4023 4021
f 6689 4095 4093
f 6995 4707 4705
f 7119 4953 4951
f 7083 4881 4879
f 6705 4125 4123
f 6903 4521 4519
f 6846 4407 4405
f 6757 4227 4225
f 6869 4455 4453
f 6887 4491 4489
f 6941 4599 4597
f 6779 4275 4273
f 6793 4299 4297
f 7029 4773 4771
f 7096 4905 4903
f 6988 4689 4687
f 6682 4077 4075
f 6702 4119 4117
f 7080 4875 4873
f 7116 4947 4945
f 6972 4659 4657
f 6957 4629 4627
f 6811 4335 4333
f 7009 4731 4729
f 6723 4161 4159
f 6934 4581 4579
f 6772 4257 4255
f 6795 4305 4303
f 7026 4767 4765
f 7103 4923 4921
f 6975 4665 4663
f 6954 4623 4621
f 6813 4341 4339
f 7011 4737 4735
f 6721 4155 4153
f 6665 4042 4039
f 6611 3934 3931
f 6596 3904 3901
f 6632 3976 3973
f 6650 4012 4009
f 6688 4090 4087
f 6994 4702 4699
f 7122 4960 4957
f 7086 4888 4885
f 6708 4132 4129
f 6899 4510 4507
f 6845 4402 4399
f 6762 4240 4237
f 6868 4450 4447
f 6884 4480 4477
f 6940 4594 4591
f 6776 4264 4261
f 6798 4312 4309
f 7032 4780 4777
f 7099 4912 4909
f 8287 5046 5042
f 8215 4998 4994
f 8231 4986 4982
f 8339 5022 5018
f 8393 5040 5036
f 8483 5094 5090
f 9133 5502 5498
f 8899 6042 6038
f 9277 5940 5936
f 8537 5634 5630
f 8917 5316 5312
f 8683 5268 5264
f 8699 5256 5252
f 8951 5292 5288
f 8987 5310 5306
f 9079 5400 5396
f 8717 5184 5180
f 8807 5526 5522
f 9257 5748 5744
f 8629 5856 5852
f 8449 6024 6020
f 8305 5448 5444
f 8269 5106 5102
f 8377 5676 5672
f 8431 5946 5942
f 8503 5484 5480
f 9167 6018 6014
f 8861 5910 5906
f 9239 5658 5654
f 8521 5124 5120
f 9043 5832 5828
f 8735 5340 5336
f 8665 5196 5192
f 8971 5574 5570
f 9025 5772 5768
f 9151 5850 5846
f 8755 5406 5402
f 8773 5214 5210
f 9185 5562 5558
f 8591 5706 5702
f 8321 5436 5432
f 8249 5070 5066
f 8357 5610 5606
f 8411 5880 5876
f 8465 5976 5972
f 8609 5790 5786
f 9095 5388 5384
f 8827 5232 5228
f 9205 5592 5588
f 8575 5754 5750
f 8933 5364 5360
f 8645 5160 5156
f 8791 5538 5534
f 9005 5724 5720
f 9059 5820 5816
f 9113 5472 5468
f 8879 5994 5990
f 8845 5922 5918
f 9223 5670 5666
f 8557 5142 5138
f 8290 6083 6079
f 8218 6047 6043
f 8238 6065 6061
f 8346 6107 6103
f 8400 6125 6121
f 8490 6143 6139
f 9136 6348 6344
f 8902 6270 6266
f 9280 6390 6386
f 8544 6167 6163
f 8920 6281 6277
f 8686 6192 6188
f 8706 6221 6217
f 8958 6305 6301
f 8994 6323 6319
f 9082 6335 6331
f 8724 6233 6229
f 8814 6257 6253
f 9264 6396 6392
f 8632 6180 6176
f 7197 3551 3548
f 7143 3533 3530
f 7126 3528 3524
f 7162 3540 3536
f 7180 3546 3542
f 7234 3564 3560
f 7648 3702 3698
f 8188 3882 3878
f 8080 3846 3842
f 7774 3744 3740
f 7467 3641 3638
f 7413 3623 3620
f 7396 3618 3614
f 7432 3630 3626
f 7450 3636 3632
f 7540 3666 3662
f 7324 3594 3590
f 7666 3708 3704
f 7882 3780 3776
f 8007 3821 3818
f 8169 3875 3872
f 7593 3683 3680
f 7251 3569 3566
f 7827 3761 3758
f 8097 3851 3848
f 7629 3695 3692
f 8152 3870 3866
f 8044 3834 3830
f 7792 3750 3746
f 7269 3575 3572
f 7971 3809 3806
f 7485 3647 3644
f 7341 3599 3596
f 7719 3725 3722
f 7918 3792 3788
f 7990 3816 3812
f 7557 3671 3668
f 7359 3605 3602
f 7701 3719 3716
f 7846 3768 3764
f 7576 3678 3674
f 7215 3557 3554
f 7755 3737 3734
f 8025 3827 3824
f 8116 3858 3854
f 7935 3797 3794
f 7522 3660 3656
f 7378 3612 3608
f 7738 3732 3728
f 7899 3785 3782
f 7504 3654 3650
f 7305 3587 3584
f 7683 3713 3710
f 7863 3773 3770
f 7954 3804 3800
f 7611 3689 3686
f 8133 3863 3860
f 8061 3839 3836
f 7810 3756 3752
f 7288 3582 3578
f 8318 4692 4688
f 8246 4080 4076
f 8354 4122 4118
f 8408 4878 4874
f 8462 4950 4946
f 8606 4662 4658
f 9092 4632 4628
f 8818 4338 4334
f 9196 4734 4730
f 8566 4164 4160
f 8930 4584 4580
f 8642 4260 4256
f 8782 4308 4304
f 9002 4770 4766
f 9056 4926 4922
f 9110 4668 4664
f 8876 4626 4622
f 8836 4344 4340
f 9214 4740 4736
f 8548 4158 4154
f 8281 4043 4040
f 8209 3935 3932
f 8223 3905 3902
f 8331 3977 3974
f 8385 4013 4010
f 8475 4091 4088
f 9127 4703 4700
f 8893 4961 4958
f 9271 4889 4886
f 8529 4133 4130
f 8911 4511 4508
f 8677 4403 4400
f 8691 4241 4238
f 8943 4451 4448
f 8979 4481 4478
f 9073 4595 4592
f 8709 4265 4262
f 8799 4313 4310
f 9249 4781 4778
f 8623 4913 4910
f 8443 4697 4694
f 8299 4085 4082
f 8263 4115 4112
f 8371 4871 4868
f 8425 4943 4940
f 8497 4655 4652
f 9159 4637 4634
f 8853 4349 4346
f 9231 4745 4742
f 8515 4151 4148
f 9037 4589 4586
f 8727 4271 4268
f 8659 4295 4292
f 8965 4763 4760
f 9019 4919 4916
f 9145 4673 4670
f 8749 4619 4616
f 8767 4331 4328
f 9177 4727 4724
f 8583 4169 4166
f 8313 3953 3950
f 8241 3911 3908
f 8349 3983 3980
f 8403 4019 4016
f 8457 4061 4058
f 8601 4199 4196
f 9087 4553 4550
f 8821 4373 4370
f 9199 4811 4808
f 8569 4841 4838
f 8925 4421 4418
f 8637 4223 4220
f 8785 4445 4442
f 8997 4487 4484
f 9051 4529 4526
f 9105 4559 4556
f 8871 4379 4376
f 8839 4805 4802
f 9217 4847 4844
f 8551 4193 4190
f 8278 3942 3938
f 8206 3900 3896
f 8228 3972 3968
f 8336 4008 4004
f 8390 4050 4046
f 8480 4188 4184
f 9124 4566 4562
f 8890 4386 4382
f 9268 4818 4814
f 8534 4836 4832
f 8908 4416 4412
f 8674 4236 4232
f 8696 4440 4436
f 8948 4476 4472
f 8984 4518 4514
f 9070 4548 4544
f 8714 4368 4364
f 8804 4800 4796
f 9254 4854 4850
f 8620 4206 4202
f 7148 3924 3920
f 7129 3887 3884
f 7165 3959 3956
f 7183 3995 3992
f 7202 4032 4028
f 7291 4175 4172
f 7616 4542 4538
f 8138 4362 4358
f 8066 4794 4790
f 7813 4823 4820
f 7418 4392 4388
f 7399 4217 4214
f 7435 4427 4424
f 7453 4463 4460
f 7472 4500 4496
f 7525 4535 4532
f 7381 4355 4352
f 7741 4787 4784
f 7904 4830 4826
f 7940 4182 4178
f 8119 4037 4034
f 7579 3929 3926
f 7220 3894 3890
f 7760 3966 3962
f 8030 4002 3998
f 7598 4074 4070
f 8174 4686 4682
f 8102 4932 4928
f 7832 4860 4856
f 7256 4104 4100
f 7957 4505 4502
f 7507 4397 4394
f 7310 4212 4208
f 7688 4434 4430
f 7868 4470 4466
f 7976 4578 4574
f 7490 4254 4250
f 7346 4284 4280
f 7724 4752 4748
f 7921 4895 4892
f 7651 4679 4676
f 7237 4067 4064
f 7777 4109 4106
f 8083 4865 4862
f 8191 4937 4934
f 7993 4649 4646
f 7562 4608 4604
f 7364 4320 4316
f 7706 4716 4712
f 7849 4145 4142
f 7543 4571 4568
f 7327 4247 4244
f 7669 4289 4286
f 7885 4757 4754
f 8012 4902 4898
f 7634 4644 4640
f 8155 4613 4610
f 8047 4325 4322
f 7795 4721 4718
f 7274 4140 4136
f 8440 4056 4052
f 8296 3948 3944
f 8260 3918 3914
f 8368 3990 3986
f 8422 4026 4022
f 8494 4098 4094
f 9164 4710 4706
f 8858 4956 4952
f 9236 4884 4880
f 8512 4128 4124
f 9034 4524 4520
f 8732 4410 4406
f 8656 4230 4226
f 8962 4458 4454
f 9016 4494 4490
f 9142 4602 4598
f 8746 4278 4274
f 8764 4302 4298
f 9182 4776 4772
f 8588 4908 4904
f 7158 5003 4999
f 7138 4979 4975
f 7174 5015 5011
f 7192 5033 5029
f 7212 5051 5047
f 7300 5135 5131
f 7626 5477 5473
f 8148 5999 5995
f 8076 5927 5923
f 7822 5663 5659
f 7428 5273 5269
f 7408 5249 5245
f 7444 5285 5281
f 7462 5303 5299
f 7482 5321 5317
f 7534 5381 5377
f 7390 5225 5221
f 7750 5585 5581
f 7914 5759 5755
f 7950 5795 5791
f 8128 5969 5965
f 7588 5429 5425
f 7230 5075 5071
f 7770 5615 5611
f 8040 5885 5881
f 7608 5453 5449
f 8184 6029 6025
f 8112 5951 5947
f 7842 5681 5677
f 7266 5111 5107
f 7966 5813 5809
f 7516 5357 5353
f 7320 5165 5161
f 7698 5543 5539
f 7878 5729 5725
f 7986 5837 5833
f 7500 5345 5341
f 7356 5201 5197
f 7734 5579 5575
f 7930 5765 5761
f 7660 5495 5491
f 7246 5087 5083
f 7786 5627 5623
f 8092 5933 5929
f 8200 6035 6031
f 8002 5843 5839
f 7572 5411 5407
f 7374 5219 5215
f 7716 5567 5563
f 7858 5699 5695
f 7552 5393 5389
f 7336 5177 5173
f 7678 5519 5515
f 7894 5741 5737
f 8022 5861 5857
f 7644 5489 5485
f 8164 6011 6007
f 8056 5903 5899
f 7804 5651 5647
f 7284 5129 5125
f 8452 6090 6086
f 8308 6054 6050
f 8272 6060 6056
f 8380 6102 6098
f 8434 6120 6116
f 8506 6138 6134
f 9174 6366 6362
f 8868 6275 6271
f 9246 6401 6397
f 8524 6155 6151
f 9046 6288 6284
f 8742 6216 6212
f 8668 6203 6199
f 8974 6300 6296
f 9028 6318 6314
f 9154 6342 6338
f 8758 6228 6224
f 8776 6245 6241
f 9192 6377 6373
f 8598 6185 6181
f 7153 4989 4987
f 7132 4965 4963
f 7168 4972 4970
f 7186 5008 5006
f 7207 5026 5024
f 7294 5080 5078
f 7621 5463 5461
f 8143 5985 5983
f 8071 5913 5911
f 7816 5620 5618
f 7423 5259 5257
f 7402 5235 5233
f 7438 5242 5240
f 7456 5278 5276
f 7477 5296 5294
f 7528 5367 5365
f 7384 5170 5168
f 7744 5512 5510
f 7909 5734 5732
f 7945 5781 5779
f 8122 5955 5953
f 7582 5415 5413
f 7225 5061 5059
f 7765 5601 5599
f 8035 5871 5869
f 7603 5439 5437
f 8179 6004 6002
f 8107 5896 5894
f 7837 5644 5642
f 7261 5097 5095
f 7960 5799 5797
f 7510 5326 5324
f 7315 5151 5149
f 7693 5529 5527
f 7873 5715 5713
f 7981 5823 5821
f 7495 5331 5329
f 7351 5187 5185
f 7729 5548 5546
f 7924 5692 5690
f 7654 5422 5420
f 7240 5056 5054
f 7780 5596 5594
f 8086 5866 5864
f 8194 5962 5960
f 7996 5776 5774
f 7567 5374 5372
f 7369 5205 5203
f 7711 5553 5551
f 7852 5685 5683
f 7546 5350 5348
f 7330 5146 5144
f 7672 5505 5503
f 7888 5710 5708
f 8017 5806 5804
f 7639 5458 5456
f 8158 5980 5978
f 8050 5889 5887
f 7798 5637 5635
f 7279 5115 5113
f 8453 6094 6092
f 8309 6070 6068
f 8273 6075 6073
f 8381 6111 6109
f 8435 6129 6127
f 8507 6147 6145
f 9171 6352 6350
f 8865 6262 6260
f 9243 6382 6380
f 8525 6159 6157
f 9047 6292 6290
f 8739 6196 6194
f 8669 6207 6205
f 8975 6309 6307
f 9029 6327 6325
f 9155 6358 6356
f 8759 6237 6235
f 8777 6249 6247
f 9189 6369 6367
f 8595 6172 6170
f 7209 5043 5041
f 7155 4995 4993
f 7139 4983 4981
f 7175 5019 5017
f 7193 5037 5035
f 7247 5091 5089
f 7661 5499 5497
f 8201 6039 6037
f 8093 5937 5935
f 7787 5631 5629
f 7479 5313 5311
f 7425 5265 5263
f 7409 5253 5251
f 7445 5289 5287
f 7463 5307 5305
f 7553 5397 5395
f 7337 5181 5179
f 7679 5523 5521
f 7895 5745 5743
f 8019 5853 5851
f 8181 6021 6019
f 7605 5445 5443
f 7263 5103 5101
f 7839 5673 5671
f 8109 5943 5941
f 7641 5481 5479
f 8165 6015 6013
f 8057 5907 5905
f 7805 5655 5653
f 7281 5121 5119
f 7983 5829 5827
f 7497 5337 5335
f 7353 5193 5191
f 7731 5571 5569
f 7931 5769 5767
f 8003 5847 5845
f 7569 5403 5401
f 7371 5211 5209
f 7713 5559 5557
f 7859 5703 5701
f 7589 5433 5431
f 7227 5067 5065
f 7767 5607 5605
f 8037 5877 5875
f 8129 5973 5971
f 7947 5787 5785
f 7535 5385 5383
f 7391 5229 5227
f 7751 5589 5587
f 7911 5751 5749
f 7517 5361 5359
f 7317 5157 5155
f 7695 5535 5533
f 7875 5721 5719
f 7967 5817 5815
f 7623 5469 5467
f 8145 5991 5989
f 8073 5919 5917
f 7823 5667 5665
f 7301 5139 5137
f 8325 6082 6080
f 8253 6046 6044
f 8361 6064 6062
f 8415 6106 6104
f 8469 6124 6122
f 8613 6142 6140
f 9099 6345 6343
f 8831 6267 6265
f 9209 6387 6385
f 8579 6166 6164
f 8937 6280 6278
f 8649 6189 6187
f 8795 6220 6218
f 9009 6304 6302
f 9063 6322 6320
f 9117 6334 6332
f 8883 6232 6230
f 8849 6256 6254
f 9227 6393 6391
f 8561 6177 6175
f 8284 5002 5000
f 8212 4978 4976
f 8232 5014 5012
f 8340 5032 5030
f 8394 5050 5048
f 8484 5134 5132
f 9130 5476 5474
f 8896 5998 5996
f 9274 5926 5924
f 8538 5662 5660
f 8914 5272 5270
f 8680 5248 5246
f 8700 5284 5282
f 8952 5302 5300
f 8988 5320 5318
f 9076 5380 5378
f 8718 5224 5222
f 8808 5584 5582
f 9258 5758 5756
f 8626 5794 5792
f 8446 5968 5966
f 8302 5428 5426
f 8266 5074 5072
f 8374 5614 5612
f 8428 5884 5882
f 8500 5452 5450
f 9168 6028 6026
f 8862 5950 5948
f 9240 5680 5678
f 8518 5110 5108
f 9040 5812 5810
f 8736 5356 5354
f 8662 5164 5162
f 8968 5542 5540
f 9022 5728 5726
f 9148 5836 5834
f 8752 5344 5342
f 8770 5200 5198
f 9186 5578 5576
f 8592 5764 5762
f 8322 5494 5492
f 8250 5086 5084
f 8358 5626 5624
f 8412 5932 5930
f 8466 6034 6032
f 8610 5842 5840
f 9096 5410 5408
f 8824 5218 5216
f 9202 5566 5564
f 8572 5698 5696
f 8934 5392 5390
f 8646 5176 5174
f 8788 5518 5516
f 9006 5740 5738
f 9060 5860 5858
f 9114 5488 5486
f 8880 6010 6008
f 8842 5902 5900
f 9220 5650 5648
f 8554 5128 5126
f 8291 6087 6085
f 8219 6051 6049
f 8235 6057 6055
f 8343 6099 6097
f 8397 6117 6115
f 8487 6135 6133
f 9137 6363 6361
f 8903 6274 6272
f 9281 6400 6398
f 8541 6154 6152
f 8921 6285 6283
f 8687 6213 6211
f 8703 6202 6200
f 8955 6297 6295
f 8991 6315 6313
f 9083 6339 6337
f 8721 6225 6223
f 8811 6244 6242
f 9261 6376 6374
f 8633 6184 6182
f 7205 4992 4988
f 7151 4968 4964
f 7136 4973 4969
f 7172 5009 5005
f 7190 5027 5023
f 7244 5081 5077
f 7658 5466 5462
f 8198 5988 5984
f 8090 5916 5912
f 7784 5621 5617
f 7475 5262 5258
f 7421 5238 5234
f 7406 5243 5239
f 7442 5279 5275
f 7460 5297 5293
f 7550 5370 5366
f 7334 5171 5167
f 7676 5513 5509
f 7892 5735 5731
f 8015 5784 5780
f 8177 5958 5954
f 7601 5418 5414
f 7259 5064 5060
f 7835 5604 5600
f 8105 5874 5870
f 7637 5442 5438
f 8162 6005 6001
f 8054 5897 5893
f 7802 5645 5641
f 7277 5100 5096
f 7979 5802 5798
f 7493 5327 5323
f 7349 5154 5150
f 7727 5532 5528
f 7928 5718 5714
f 8000 5826 5822
f 7565 5334 5330
f 7367 5190 5186
f 7709 5549 5545
f 7856 5693 5689
f 7586 5423 5419
f 7223 5057 5053
f 7763 5597 5593
f 8033 5867 5863
f 8126 5963 5959
f 7943 5777 5773
f 7532 5375 5371
f 7388 5208 5204
f 7748 5556 5552
f 7907 5688 5684
f 7514 5351 5347
f 7313 5147 5143
f 7691 5508 5504
f 7871 5711 5707
f 7964 5807 5803
f 7619 5459 5455
f 8141 5981 5977
f 8069 5892 5888
f 7820 5640 5636
f 7298 5118 5114
f 8328 6095 6091
f 8256 6071 6067
f 8364 6078 6074
f 8418 6114 6110
f 8472 6132 6128
f 8616 6150 6146
f 9102 6353 6349
f 8830 6263 6259
f 9208 6383 6379
f 8578 6162 6158
f 8940 6293 6289
f 8652 6197 6193
f 8794 6210 6206
f 9012 6312 6308
f 9066 6330 6326
f 9120 6359 6355
f 8886 6240 6236
f 8848 6252 6248
f 9226 6372 6368
f 8560 6173 6169
f 9290 3549 3551
f 9284 3531 3533
f 9285 3526 3528
f 9292 3538 3540
f 9295 3544 3546
f 9304 3562 3564
f 9370 3700 3702
f 9457 3880 3882
f 9446 3844 3846
f 9394 3742 3744
f 9335 3639 3641
f 9329 3621 3623
f 9330 3616 3618
f 9337 3628 3630
f 9340 3634 3636
f 9353 3664 3666
f 9319 3592 3594
f 9375 3706 3708
f 9415 3778 3780
f 9421 3819 3821
f 9449 3873 3875
f 9359 3681 3683
f 9301 3567 3569
f 9391 3759 3761
f 9436 3849 3851
f 9365 3693 3695
f 9460 3868 3870
f 9441 3832 3834
f 9399 3748 3750
f 9308 3573 3575
f 9425 3807 3809
f 9343 3645 3647
f 9316 3597 3599
f 9380 3723 3725
f 9412 3790 3792
f 9431 3814 3816
f 9346 3669 3671
f 9323 3603 3605
f 9382 3717 3719
f 9405 3766 3768
f 9360 3676 3678
f 9298 3555 3557
f 9388 3735 3737
f 9433 3825 3827
f 9450 3856 3858
f 9418 3795 3797
f 9354 3658 3660
f 9326 3610 3612
f 9385 3730 3732
f 9404 3783 3785
f 9349 3652 3654
f 9313 3585 3587
f 9374 3711 3713
f 9409 3771 3773
f 9426 3802 3804
f 9367 3687 3689
f 9454 3861 3863
f 9440 3837 3839
f 9398 3754 3756
f 9311 3580 3582
f 9871 4690 4692
f 9565 4078 4080
f 9584 4120 4122
f 9962 4876 4878
f 9998 4948 4950
f 9854 4660 4662
f 9838 4630 4632
f 9694 4336 4338
f 9892 4732 4734
f 9602 4162 4164
f 9817 4582 4584
f 9655 4258 4260
f 9674 4306 4308
f 9908 4768 4770
f 9983 4924 4926
f 9856 4666 4668
f 9836 4624 4626
f 9692 4342 4344
f 9890 4738 4740
f 9604 4156 4158
f 9536 4041 4043
f 9482 3933 3935
f 9466 3903 3905
f 9502 3975 3977
f 9520 4011 4013
f 9556 4089 4091
f 9862 4701 4703
f 9994 4959 4961
f 9958 4887 4889
f 9580 4131 4133
f 9770 4509 4511
f 9716 4401 4403
f 9634 4239 4241
f 9736 4449 4451
f 9754 4479 4481
f 9808 4593 4595
f 9646 4263 4265
f 9670 4311 4313
f 9904 4779 4781
f 9974 4911 4913
f 9866 4695 4697
f 9560 4083 4085
f 9572 4113 4115
f 9950 4869 4871
f 9986 4941 4943
f 9842 4653 4655
f 9832 4635 4637
f 9688 4347 4349
f 9886 4743 4745
f 9590 4149 4151
f 9812 4587 4589
f 9650 4269 4271
f 9662 4293 4295
f 9896 4761 4763
f 9970 4917 4919
f 9850 4671 4673
f 9824 4617 4619
f 9680 4329 4331
f 9878 4725 4727
f 9598 4167 4169
f 9490 3951 3953
f 9470 3909 3911
f 9506 3981 3983
f 9524 4017 4019
f 9544 4059 4061
f 9614 4197 4199
f 9790 4551 4553
f 9700 4371 4373
f 9916 4809 4811
f 9938 4839 4841
f 9724 4419 4421
f 9626 4221 4223
f 9740 4443 4445
f 9758 4485 4487
f 9778 4527 4529
f 9794 4557 4559
f 9704 4377 4379
f 9920 4803 4805
f 9934 4845 4847
f 9610 4191 4193
f 9496 3940 3942
f 9475 3898 3900
f 9511 3970 3972
f 9529 4006 4008
f 9550 4048 4050
f 9619 4186 4188
f 9803 4564 4566
f 9713 4384 4386
f 9929 4816 4818
f 9943 4834 4836
f 9730 4414 4416
f 9638 4234 4236
f 9745 4438 4440
f 9763 4474 4476
f 9784 4516 4518
f 9799 4546 4548
f 9709 4366 4368
f 9925 4798 4800
f 9947 4852 4854
f 9623 4204 4206
f 9483 3922 3924
f 9463 3885 3887
f 9499 3957 3959
f 9517 3993 3995
f 9537 4030 4032
f 9607 4173 4175
f 9795 4540 4542
f 9705 4360 4362
f 9921 4792 4794
f 9931 4821 4823
f 9717 4390 4392
f 9631 4215 4217
f 9733 4425 4427
f 9751 4461 4463
f 9771 4498 4500
f 9787 4533 4535
f 9697 4353 4355
f 9913 4785 4787
f 9939 4828 4830
f 9615 4180 4182
f 9541 4035 4037
f 9487 3927 3929
f 9471 3892 3894
f 9507 3964 3966
f 9525 4000 4002
f 9561 4072 4074
f 9867 4684 4686
f 9987 4930 4932
f 9951 4858 4860
f 9573 4102 4104
f 9775 4503 4505
f 9721 4395 4397
f 9627 4210 4212
f 9741 4432 4434
f 9759 4468 4470
f 9813 4576 4578
f 9651 4252 4254
f 9663 4282 4284
f 9897 4750 4752
f 9967 4893 4895
f 9859 4677 4679
f 9553 4065 4067
f 9577 4107 4109
f 9955 4863 4865
f 9991 4935 4937
f 9847 4647 4649
f 9825 4606 4608
f 9681 4318 4320
f 9879 4714 4716
f 9595 4143 4145
f 9805 4569 4571
f 9643 4245 4247
f 9667 4287 4289
f 9901 4755 4757
f 9975 4900 4902
f 9843 4642 4644
f 9829 4611 4613
f 9685 4323 4325
f 9883 4719 4721
f 9591 4138 4140
f 9548 4054 4056
f 9494 3946 3948
f 9479 3916 3918
f 9515 3988 3990
f 9533 4024 4026
f 9569 4096 4098
f 9875 4708 4710
f 10000 4954 4956
f 9964 4882 4884
f 9586 4126 4128
f 9782 4522 4524
f 9728 4408 4410
f 9640 4228 4230
f 9749 4456 4458
f 9767 4492 4494
f 9821 4600 4602
f 9659 4276 4278
f 9676 4300 4302
f 9910 4774 4776
f 9979 4906 4908
f 10010 5004 5003
f 10004 4980 4979
f 10008 5016 5015
f 10014 5034 5033
f 10017 5052 5051
f 10026 5136 5135
f 10091 5478 5477
f 10178 6000 5999
f 10166 5928 5927
f 10116 5664 5663
f 10055 5274 5273
f 10049 5250 5249
f 10053 5286 5285
f 10059 5304 5303
f 10062 5322 5321
f 10073 5382 5381
f 10041 5226 5225
f 10098 5586 5585
f 10137 5760 5759
f 10142 5796 5795
f 10169 5970 5969
f 10079 5430 5429
f 10022 5076 5075
f 10112 5616 5615
f 10157 5886 5885
f 10085 5454 5453
f 10182 6030 6029
f 10164 5952 5951
f 10122 5682 5681
f 10028 5112 5111
f 10145 5814 5813
f 10065 5358 5357
f 10037 5166 5165
f 10100 5544 5543
f 10133 5730 5729
f 10151 5838 5837
f 10067 5346 5345
f 10043 5202 5201
f 10104 5580 5579
f 10128 5766 5765
f 10083 5496 5495
f 10020 5088 5087
f 10110 5628 5627
f 10155 5934 5933
f 10173 6036 6035
f 10140 5844 5843
f 10077 5412 5411
f 10046 5220 5219
f 10106 5568 5567
f 10124 5700 5699
f 10071 5394 5393
f 10035 5178 5177
f 10094 5520 5519
f 10131 5742 5741
f 10149 5862 5861
f 10089 5490 5489
f 10176 6012 6011
f 10160 5904 5903
f 10118 5652 5651
f 10031 5130 5129
f 10190 6089 6090
f 10184 6053 6054
f 10186 6059 6060
f 10192 6101 6102
f 10195 6119 6120
f 10198 6137 6138
f 10236 6365 6366
f 10221 6276 6275
f 10242 6402 6401
f 10201 6156 6155
f 10223 6287 6288
f 10209 6215 6216
f 10210 6204 6203
f 10225 6299 6300
f 10228 6317 6318
f 10232 6341 6342
f 10213 6227 6228
f 10216 6246 6245
f 10238 6378 6377
f 10206 6186 6185
f 6407 6416 6409
f 6403 6408 6405
f 6404 6406 6411
f 6410 6412 6414
f 6413 6415 6417
f 6422 6424 6431
f 6486 6492 6488
f 6573 6582 6575
f 6561 6565 6563
f 6512 6514 6519
f 6452 6461 6454
f 6448 6453 6450
f 6449 6451 6456
f 6455 6457 6459
f 6458 6460 6462
f 6470 6475 6472
f 6437 6439 6446
f 6494 6496 6506
f 6531 6533 6535
f 6539 6551 6541
f 6568 6579 6570
f 6478 6483 6480
f 6419 6426 6421
f 6509 6521 6511
f 6554 6566 6556
f 6482 6489 6484
f 6576 6578 6580
f 6558 6560 6567
f 6516 6518 6522
f 6425 6429 6427
f 6542 6547 6544
f 6463 6465 6468
f 6434 6441 6436
f 6497 6504 6499
f 6528 6537 6530
f 6546 6550 6548
f 6464 6476 6466
f 6440 6444 6442
f 6500 6502 6505
f 6524 6526 6536
f 6479 6481 6491
f 6418 6420 6423
f 6508 6510 6513
f 6553 6555 6564
f 6569 6571 6581
f 6538 6540 6549
f 6471 6473 6477
f 6443 6447 6445
f 6501 6507 6503
f 6523 6534 6525
f 6467 6469 6474
f 6433 6435 6438
f 6493 6498 6495
f 6527 6529 6532
f 6543 6545 6552
f 6485 6487 6490
f 6572 6574 6577
f 6557 6562 6559
f 6515 6520 6517
f 6428 6432 6430
f 6987 6989 6991
f 6681 6683 6685
f 6699 6703 6701
f 7077 7081 7079
f 7113 7117 7115
f 6969 6973 6971
f 6956 6958 6960
f 6810 6812 6816
f 7008 7010 7014
f 6717 6724 6719
f 6933 6935 6937
f 6771 6773 6778
f 6789 6796 6791
f 7023 7027 7025
f 7100 7104 7102
f 6974 6976 6978
f 6951 6955 6953
f 6807 6814 6809
f 7005 7012 7007
f 6720 6722 6726
f 6655 6664 6657
f 6601 6610 6603
f 6584 6595 6586
f 6620 6631 6622
f 6638 6649 6640
f 6674 6687 6676
f 6980 6993 6982
f 7110 7121 7112
f 7074 7085 7076
f 6696 6707 6698
f 6889 6898 6891
f 6835 6844 6837
f 6750 6761 6752
f 6854 6867 6856
f 6872 6883 6874
f 6926 6939 6928
f 6764 6775 6766
f 6786 6797 6788
f 7020 7031 7022
f 7091 7098 7093
f 6983 6990 6985
f 6677 6684 6679
f 6691 6700 6693
f 7069 7078 7071
f 7105 7114 7107
f 6961 6970 6963
f 6948 6959 6950
f 6804 6815 6806
f 7002 7013 7004
f 6709 6718 6711
f 6929 6936 6931
f 6767 6777 6769
f 6781 6790 6783
f 7015 7024 7017
f 7088 7101 7090
f 6966 6977 6968
f 6943 6952 6945
f 6799 6808 6801
f 6997 7006 6999
f 6714 6725 6716
f 6606 6617 6608
f 6587 6597 6589
f 6623 6633 6625
f 6641 6651 6643
f 6660 6671 6662
f 6731 6741 6733
f 6908 6919 6910
f 6818 6829 6820
f 7034 7047 7036
f 7055 7062 7057
f 6840 6851 6842
f 6745 6754 6747
f 6857 6864 6859
f 6875 6885 6877
f 6894 6905 6896
f 6911 6921 6913
f 6821 6831 6823
f 7037 7044 7039
f 7052 7065 7054
f 6728 6739 6730
f 6612 6614 6618
f 6591 6593 6598
f 6627 6629 6634
f 6645 6647 6652
f 6666 6668 6672
f 6735 6737 6742
f 6918 6924 6920
f 6828 6834 6830
f 7046 7050 7048
f 7059 7061 7063
f 6848 6850 6852
f 6753 6760 6755
f 6861 6863 6865
f 6879 6881 6886
f 6900 6902 6906
f 6915 6917 6922
f 6825 6827 6832
f 7041 7043 7045
f 7064 7068 7066
f 6738 6744 6740
f 6602 6604 6613
f 6583 6585 6592
f 6619 6621 6628
f 6637 6639 6646
f 6656 6658 6667
f 6727 6729 6736
f 6912 6914 6923
f 6822 6824 6833
f 7038 7040 7049
f 7051 7053 7060
f 6836 6838 6849
f 6749 6751 6759
f 6853 6855 6862
f 6871 6873 6880
f 6890 6892 6901
f 6907 6909 6916
f 6817 6819 6826
f 7033 7035 7042
f 7056 7058 7067
f 6732 6734 6743
f 6659 6661 6669
f 6605 6607 6615
f 6588 6590 6599
f 6624 6626 6635
f 6642 6644 6653
f 6678 6680 6689
f 6984 6986 6995
f 7106 7108 7119
f 7070 7072 7083
f 6692 6694 6705
f 6893 6895 6903
f 6839 6841 6846
f 6746 6748 6757
f 6858 6860 6869
f 6876 6878 6887
f 6930 6932 6941
f 6768 6770 6779
f 6782 6784 6793
f 7016 7018 7029
f 7087 7089 7096
f 6979 6981 6988
f 6673 6675 6682
f 6695 6697 6702
f 7073 7075 7080
f 7109 7111 7116
f 6965 6967 6972
f 6944 6946 6957
f 6800 6802 6811
f 6998 7000 7009
f 6713 6715 6723
f 6925 6927 6934
f 6763 6765 6772
f 6785 6787 6795
f 7019 7021 7026
f 7092 7094 7103
f 6962 6964 6975
f 6947 6949 6954
f 6803 6805 6813
f 7001 7003 7011
f 6710 6712 6721
f 6663 6670 6665
f 6609 6616 6611
f 6594 6600 6596
f 6630 6636 6632
f 6648 6654 6650
f 6686 6690 6688
f 6992 6996 6994
f 7118 7120 7122
f 7082 7084 7086
f 6704 6706 6708
f 6897 6904 6899
f 6843 6847 6845
f 6756 6758 6762
f 6866 6870 6868
f 6882 6888 6884
f 6938 6942 6940
f 6774 6780 6776
f 6792 6794 6798
f 7028 7030 7032
f 7095 7097 7099
f 8283 8285 8287
f 8211 8213 8215
f 8229 8233 8231
f 8337 8341 8339
f 8391 8395 8393
f 8481 8485 8483
f 9129 9131 9133
f 8895 8897 8899
f 9273 9275 9277
f 8535 8539 8537
f 8913 8915 8917
f 8679 8681 8683
f 8697 8701 8699
f 8949 8953 8951
f 8985 8989 8987
f 9075 9077 9079
f 8715 8719 8717
f 8805 8809 8807
f 9255 9259 9257
f 8625 8627 8629
f 8445 8447 8449
f 8301 8303 8305
f 8265 8267 8269
f 8373 8375 8377
f 8427 8429 8431
f 8499 8501 8503
f 9165 9169 9167
f 8859 8863 8861
f 9237 9241 9239
f 8517 8519 8521
f 9039 9041 9043
f 8733 8737 8735
f 8661 8663 8665
f 8967 8969 8971
f 9021 9023 9025
f 9147 9149 9151
f 8751 8753 8755
f 8769 8771 8773
f 9183 9187 9185
f 8589 8593 8591
f 8319 8323 8321
f 8247 8251 8249
f 8355 8359 8357
f 8409 8413 8411
f 8463 8467 8465
f 8607 8611 8609
f 9093 9097 9095
f 8823 8825 8827
f 9201 9203 9205
f 8571 8573 8575
f 8931 8935 8933
f 8643 8647 8645
f 8787 8789 8791
f 9003 9007 9005
f 9057 9061 9059
f 9111 9115 9113
f 8877 8881 8879
f 8841 8843 8845
f 9219 9221 9223
f 8553 8555 8557
f 8288 8292 8290
f 8216 8220 8218
f 8234 8236 8238
f 8342 8344 8346
f 8396 8398 8400
f 8486 8488 8490
f 9134 9138 9136
f 8900 8904 8902
f 9278 9282 9280
f 8540 8542 8544
f 8918 8922 8920
f 8684 8688 8686
f 8702 8704 8706
f 8954 8956 8958
f 8990 8992 8994
f 9080 9084 9082
f 8720 8722 8724
f 8810 8812 8814
f 9260 9262 9264
f 8630 8634 8632
f 7195 7204 7197
f 7141 7150 7143
f 7124 7135 7126
f 7160 7171 7162
f 7178 7189 7180
f 7232 7243 7234
f 7646 7657 7648
f 8186 8197 8188
f 8078 8089 8080
f 7772 7783 7774
f 7465 7474 7467
f 7411 7420 7413
f 7394 7405 7396
f 7430 7441 7432
f 7448 7459 7450
f 7538 7549 7540
f 7322 7333 7324
f 7664 7675 7666
f 7880 7891 7882
f 8005 8014 8007
f 8167 8176 8169
f 7591 7600 7593
f 7249 7258 7251
f 7825 7834 7827
f 8095 8104 8097
f 7627 7636 7629
f 8150 8161 8152
f 8042 8053 8044
f 7790 7801 7792
f 7267 7276 7269
f 7969 7978 7971
f 7483 7492 7485
f 7339 7348 7341
f 7717 7726 7719
f 7916 7927 7918
f 7988 7999 7990
f 7555 7564 7557
f 7357 7366 7359
f 7699 7708 7701
f 7844 7855 7846
f 7574 7585 7576
f 7213 7222 7215
f 7753 7762 7755
f 8023 8032 8025
f 8114 8125 8116
f 7933 7942 7935
f 7520 7531 7522
f 7376 7387 7378
f 7736 7747 7738
f 7897 7906 7899
f 7502 7513 7504
f 7303 7312 7305
f 7681 7690 7683
f 7861 7870 7863
f 7952 7963 7954
f 7609 7618 7611
f 8131 8140 8133
f 8059 8068 8061
f 7808 7819 7810
f 7286 7297 7288
f 8316 8327 8318
f 8244 8255 8246
f 8352 8363 8354
f 8406 8417 8408
f 8460 8471 8462
f 8604 8615 8606
f 9090 9101 9092
f 8816 8829 8818
f 9194 9207 9196
f 8564 8577 8566
f 8928 8939 8930
f 8640 8651 8642
f 8780 8793 8782
f 9000 9011 9002
f 9054 9065 9056
f 9108 9119 9110
f 8874 8885 8876
f 8834 8847 8836
f 9212 9225 9214
f 8546 8559 8548
f 8279 8286 8281
f 8207 8214 8209
f 8221 8230 8223
f 8329 8338 8331
f 8383 8392 8385
f 8473 8482 8475
f 9125 9132 9127
f 8891 8898 8893
f 9269 9276 9271
f 8527 8536 8529
f 8909 8916 8911
f 8675 8682 8677
f 8689 8698 8691
f 8941 8950 8943
f 8977 8986 8979
f 9071 9078 9073
f 8707 8716 8709
f 8797 8806 8799
f 9247 9256 9249
f 8621 8628 8623
f 8441 8448 8443
f 8297 8304 8299
f 8261 8268 8263
f 8369 8376 8371
f 8423 8430 8425
f 8495 8502 8497
f 9157 9166 9159
f 8851 8860 8853
f 9229 9238 9231
f 8513 8520 8515
f 9035 9042 9037
f 8725 8734 8727
f 8657 8664 8659
f 8963 8970 8965
f 9017 9024 9019
f 9143 9150 9145
f 8747 8754 8749
f 8765 8772 8767
f 9175 9184 9177
f 8581 8590 8583
f 8311 8320 8313
f 8239 8248 8241
f 8347 8356 8349
f 8401 8410 8403
f 8455 8464 8457
f 8599 8608 8601
f 9085 9094 9087
f 8819 8826 8821
f 9197 9204 9199
f 8567 8574 8569
f 8923 8932 8925
f 8635 8644 8637
f 8783 8790 8785
f 8995 9004 8997
f 9049 9058 9051
f 9103 9112 9105
f 8869 8878 8871
f 8837 8844 8839
f 9215 9222 9217
f 8549 8556 8551
f 8276 8289 8278
f 8204 8217 8206
f 8226 8237 8228
f 8334 8345 8336
f 8388 8399 8390
f 8478 8489 8480
f 9122 9135 9124
f 8888 8901 8890
f 9266 9279 9268
f 8532 8543 8534
f 8906 8919 8908
f 8672 8685 8674
f 8694 8705 8696
f 8946 8957 8948
f 8982 8993 8984
f 9068 9081 9070
f 8712 8723 8714
f 8802 8813 8804
f 9252 9263 9254
f 8618 8631 8620
f 7146 7157 7148
f 7127 7137 7129
f 7163 7173 7165
f 7181 7191 7183
f 7200 7211 7202
f 7289 7299 7291
f 7614 7625 7616
f 8136 8147 8138
f 8064 8075 8066
f 7811 7821 7813
f 7416 7427 7418
f 7397 7407 7399
f 7433 7443 7435
f 7451 7461 7453
f 7470 7481 7472
f 7523 7533 7525
f 7379 7389 7381
f 7739 7749 7741
f 7902 7913 7904
f 7938 7949 7940
f 8117 8127 8119
f 7577 7587 7579
f 7218 7229 7220
f 7758 7769 7760
f 8028 8039 8030
f 7596 7607 7598
f 8172 8183 8174
f 8100 8111 8102
f 7830 7841 7832
f 7254 7265 7256
f 7955 7965 7957
f 7505 7515 7507
f 7308 7319 7310
f 7686 7697 7688
f 7866 7877 7868
f 7974 7985 7976
f 7488 7499 7490
f 7344 7355 7346
f 7722 7733 7724
f 7919 7929 7921
f 7649 7659 7651
f 7235 7245 7237
f 7775 7785 7777
f 8081 8091 8083
f 8189 8199 8191
f 7991 8001 7993
f 7560 7571 7562
f 7362 7373 7364
f 7704 7715 7706
f 7847 7857 7849
f 7541 7551 7543
f 7325 7335 7327
f 7667 7677 7669
f 7883 7893 7885
f 8010 8021 8012
f 7632 7643 7634
f 8153 8163 8155
f 8045 8055 8047
f 7793 7803 7795
f 7272 7283 7274
f 8438 8451 8440
f 8294 8307 8296
f 8258 8271 8260
f 8366 8379 8368
f 8420 8433 8422
f 8492 8505 8494
f 9162 9173 9164
f 8856 8867 8858
f 9234 9245 9236
f 8510 8523 8512
f 9032 9045 9034
f 8730 8741 8732
f 8654 8667 8656
f 8960 8973 8962
f 9014 9027 9016
f 9140 9153 9142
f 8744 8757 8746
f 8762 8775 8764
f 9180 9191 9182
f 8586 8597 8588
f 7152 7154 7158
f 7131 7133 7138
f 7167 7169 7174
f 7185 7187 7192
f 7206 7208 7212
f 7293 7295 7300
f 7620 7622 7626
f 8142 8144 8148
f 8070 8072 8076
f 7815 7817 7822
f 7422 7424 7428
f 7401 7403 7408
f 7437 7439 7444
f 7455 7457 7462
f 7476 7478 7482
f 7527 7529 7534
f 7383 7385 7390
f 7743 7745 7750
f 7908 7910 7914
f 7944 7946 7950
f 8121 8123 8128
f 7581 7583 7588
f 7224 7226 7230
f 7764 7766 7770
f 8034 8036 8040
f 7602 7604 7608
f 8178 8180 8184
f 8106 8108 8112
f 7836 7838 7842
f 7260 7262 7266
f 7959 7961 7966
f 7509 7511 7516
f 7314 7316 7320
f 7692 7694 7698
f 7872 7874 7878
f 7980 7982 7986
f 7494 7496 7500
f 7350 7352 7356
f 7728 7730 7734
f 7923 7925 7930
f 7653 7655 7660
f 7239 7241 7246
f 7779 7781 7786
f 8085 8087 8092
f 8193 8195 8200
f 7995 7997 8002
f 7566 7568 7572
f 7368 7370 7374
f 7710 7712 7716
f 7851 7853 7858
f 7545 7547 7552
f 7329 7331 7336
f 7671 7673 7678
f 7887 7889 7894
f 8016 8018 8022
f 7638 7640 7644
f 8157 8159 8164
f 8049 8051 8056
f 7797 7799 7804
f 7278 7280 7284
f 8450 8454 8452
f 8306 8310 8308
f 8270 8274 8272
f 8378 8382 8380
f 8432 8436 8434
f 8504 8508 8506
f 9170 9172 9174
f 8864 8866 8868
f 9242 9244 9246
f 8522 8526 8524
f 9044 9048 9046
f 8738 8740 8742
f 8666 8670 8668
f 8972 8976 8974
f 9026 9030 9028
f 9152 9156 9154
f 8756 8760 8758
f 8774 8778 8776
f 9188 9190 9192
f 8594 8596 8598
f 7142 7144 7153
f 7123 7125 7132
f 7159 7161 7168
f 7177 7179 7186
f 7196 7198 7207
f 7285 7287 7294
f 7610 7612 7621
f 8132 8134 8143
f 8060 8062 8071
f 7807 7809 7816
f 7412 7414 7423
f 7393 7395 7402
f 7429 7431 7438
f 7447 7449 7456
f 7466 7468 7477
f 7519 7521 7528
f 7375 7377 7384
f 7735 7737 7744
f 7898 7900 7909
f 7934 7936 7945
f 8113 8115 8122
f 7573 7575 7582
f 7214 7216 7225
f 7754 7756 7765
f 8024 8026 8035
f 7592 7594 7603
f 8168 8170 8179
f 8096 8098 8107
f 7826 7828 7837
f 7250 7252 7261
f 7951 7953 7960
f 7501 7503 7510
f 7304 7306 7315
f 7682 7684 7693
f 7862 7864 7873
f 7970 7972 7981
f 7484 7486 7495
f 7340 7342 7351
f 7718 7720 7729
f 7915 7917 7924
f 7645 7647 7654
f 7231 7233 7240
f 7771 7773 7780
f 8077 8079 8086
f 8185 8187 8194
f 7987 7989 7996
f 7556 7558 7567
f 7358 7360 7369
f 7700 7702 7711
f 7843 7845 7852
f 7537 7539 7546
f 7321 7323 7330
f 7663 7665 7672
f 7879 7881 7888
f 8006 8008 8017
f 7628 7630 7639
f 8149 8151 8158
f 8041 8043 8050
f 7789 7791 7798
f 7268 7270 7279
f 8442 8444 8453
f 8298 8300 8309
f 8262 8264 8273
f 8370 8372 8381
f 8424 8426 8435
f 8496 8498 8507
f 9158 9160 9171
f 8852 8854 8865
f 9230 9232 9243
f 8514 8516 8525
f 9036 9038 9047
f 8726 8728 8739
f 8658 8660 8669
f 8964 8966 8975
f 9018 9020 9029
f 9144 9146 9155
f 8748 8750 8759
f 8766 8768 8777
f 9176 9178 9189
f 8582 8584 8595
f 7199 7201 7209
f 7145 7147 7155
f 7128 7130 7139
f 7164 7166 7175
f 7182 7184 7193
f 7236 7238 7247
f 7650 7652 7661
f 8190 8192 8201
f 8082 8084 8093
f 7776 7778 7787
f 7469 7471 7479
f 7415 7417 7425
f 7398 7400 7409
f 7434 7436 7445
f 7452 7454 7463
f 7542 7544 7553
f 7326 7328 7337
f 7668 7670 7679
f 7884 7886 7895
f 8009 8011 8019
f 8171 8173 8181
f 7595 7597 7605
f 7253 7255 7263
f 7829 7831 7839
f 8099 8101 8109
f 7631 7633 7641
f 8154 8156 8165
f 8046 8048 8057
f 7794 7796 7805
f 7271 7273 7281
f 7973 7975 7983
f 7487 7489 7497
f 7343 7345 7353
f 7721 7723 7731
f 7920 7922 7931
f 7992 7994 8003
f 7559 7561 7569
f 7361 7363 7371
f 7703 7705 7713
f 7848 7850 7859
f 7578 7580 7589
f 7217 7219 7227
f 7757 7759 7767
f 8027 8029 8037
f 8118 8120 8129
f 7937 7939 7947
f 7524 7526 7535
f 7380 7382 7391
f 7740 7742 7751
f 7901 7903 7911
f 7506 7508 7517
f 7307 7309 7317
f 7685 7687 7695
f 7865 7867 7875
f 7956 7958 7967
f 7613 7615 7623
f 8135 8137 8145
f 8063 8065 8073
f 7812 7814 7823
f 7290 7292 7301
f 8312 8314 8325
f 8240 8242 8253
f 8348 8350 8361
f 8402 8404 8415
f 8456 8458 8469
f 8600 8602 8613
f 9086 9088 9099
f 8820 8822 8831
f 9198 9200 9209
f 8568 8570 8579
f 8924 8926 8937
f 8636 8638 8649
f 8784 8786 8795
f 8996 8998 9009
f 9050 9052 9063
f 9104 9106 9117
f 8870 8872 8883
f 8838 8840 8849
f 9216 9218 9227
f 8550 8552 8561
f 8275 8277 8284
f 8203 8205 8212
f 8225 8227 8232
f 8333 8335 8340
f 8387 8389 8394
f 8477 8479 8484
f 9121 9123 9130
f 8887 8889 8896
f 9265 9267 9274
f 8531 8533 8538
f 8905 8907 8914
f 8671 8673 8680
f 8693 8695 8700
f 8945 8947 8952
f 8981 8983 8988
f 9067 9069 9076
f 8711 8713 8718
f 8801 8803 8808
f 9251 9253 9258
f 8617 8619 8626
f 8437 8439 8446
f 8293 8295 8302
f 8257 8259 8266
f 8365 8367 8374
f 8419 8421 8428
f 8491 8493 8500
f 9161 9163 9168
f 8855 8857 8862
f 9233 9235 9240
f 8509 8511 8518
f 9031 9033 9040
f 8729 8731 8736
f 8653 8655 8662
f 8959 8961 8968
f 9013 9015 9022
f 9139 9141 9148
f 8743 8745 8752
f 8761 8763 8770
f 9179 9181 9186
f 8585 8587 8592
f 8315 8317 8322
f 8243 8245 8250
f 8351 8353 8358
f 8405 8407 8412
f 8459 8461 8466
f 8603 8605 8610
f 9089 9091 9096
f 8815 8817 8824
f 9193 9195 9202
f 8563 8565 8572
f 8927 8929 8934
f 8639 8641 8646
f 8779 8781 8788
f 8999 9001 9006
f 9053 9055 9060
f 9107 9109 9114
f 8873 8875 8880
f 8833 8835 8842
f 9211 9213 9220
f 8545 8547 8554
f 8280 8282 8291
f 8208 8210 8219
f 8222 8224 8235
f 8330 8332 8343
f 8384 8386 8397
f 8474 8476 8487
f 9126 9128 9137
f 8892 8894 8903
f 9270 9272 9281
f 8528 8530 8541
f 8910 8912 8921
f 8676 8678 8687
f 8690 8692 8703
f 8942 8944 8955
f 8978 8980 8991
f 9072 9074 9083
f 8708 8710 8721
f 8798 8800 8811
f 9248 9250 9261
f 8622 8624 8633
f 7203 7210 7205
f 7149 7156 7151
f 7134 7140 7136
f 7170 7176 7172
f 7188 7194 7190
f 7242 7248 7244
f 7656 7662 7658
f 8196 8202 8198
f 8088 8094 8090
f 7782 7788 7784
f 7473 7480 7475
f 7419 7426 7421
f 7404 7410 7406
f 7440 7446 7442
f 7458 7464 7460
f 7548 7554 7550
f 7332 7338 7334
f 7674 7680 7676
f 7890 7896 7892
f 8013 8020 8015
f 8175 8182 8177
f 7599 7606 7601
f 7257 7264 7259
f 7833 7840 7835
f 8103 8110 8105
f 7635 7642 7637
f 8160 8166 8162
f 8052 8058 8054
f 7800 7806 7802
f 7275 7282 7277
f 7977 7984 7979
f 7491 7498 7493
f 7347 7354 7349
f 7725 7732 7727
f 7926 7932 7928
f 7998 8004 8000
f 7563 7570 7565
f 7365 7372 7367
f 7707 7714 7709
f 7854 7860 7856
f 7584 7590 7586
f 7221 7228 7223
f 7761 7768 7763
f 8031 8038 8033
f 8124 8130 8126
f 7941 7948 7943
f 7530 7536 7532
f 7386 7392 7388
f 7746 7752 7748
f 7905 7912 7907
f 7512 7518 7514
f 7311 7318 7313
f 7689 7696 7691
f 7869 7876 7871
f 7962 7968 7964
f 7617 7624 7619
f 8139 8146 8141
f 8067 8074 8069
f 7818 7824 7820
f 7296 7302 7298
f 8324 8326 8328
f 8252 8254 8256
f 8360 8362 8364
f 8414 8416 8418
f 8468 8470 8472
f 8612 8614 8616
f 9098 9100 9102
f 8828 8832 8830
f 9206 9210 9208
f 8576 8580 8578
f 8936 8938 8940
f 8648 8650 8652
f 8792 8796 8794
f 9008 9010 9012
f 9062 9064 9066
f 9116 9118 9120
f 8882 8884 8886
f 8846 8850 8848
f 9224 9228 9226
f 8558 8562 8560
f 9291 9289 9290
f 9287 9283 9284
f 9288 9286 9285
f 9294 9293 9292
f 9297 9296 9295
f 9306 9305 9304
f 9372 9369 9370
f 9459 9456 9457
f 9447 9445 9446
f 9396 9395 9394
f 9336 9334 9335
f 9332 9328 9329
f 9333 9331 9330
f 9339 9338 9337
f 9342 9341 9340
f 9356 9352 9353
f 9321 9320 9319
f 9378 9376 9375
f 9417 9416 9415
f 9423 9420 9421
f 9452 9448 9449
f 9362 9358 9359
f 9303 9300 9301
f 9393 9390 9391
f 9438 9435 9436
f 9366 9364 9365
f 9462 9461 9460
f 9444 9442 9441
f 9402 9400 9399
f 9309 9307 9308
f 9428 9424 9425
f 9347 9344 9343
f 9318 9315 9316
f 9381 9379 9380
f 9414 9411 9412
f 9432 9430 9431
f 9348 9345 9346
f 9324 9322 9323
f 9386 9383 9382
f 9408 9406 9405
f 9363 9361 9360
f 9302 9299 9298
f 9392 9389 9388
f 9437 9434 9433
f 9453 9451 9450
f 9422 9419 9418
f 9357 9355 9354
f 9327 9325 9326
f 9387 9384 9385
f 9407 9403 9404
f 9351 9350 9349
f 9317 9314 9313
f 9377 9373 9374
f 9413 9410 9409
f 9429 9427 9426
f 9371 9368 9367
f 9458 9455 9454
f 9443 9439 9440
f 9401 9397 9398
f 9312 9310 9311
f 9873 9872 9871
f 9567 9566 9565
f 9585 9583 9584
f 9963 9961 9962
f 9999 9997 9998
f 9855 9853 9854
f 9840 9839 9838
f 9696 9695 9694
f 9894 9893 9892
f 9603 9601 9602
f 9819 9818 9817
f 9657 9656 9655
f 9675 9673 9674
f 9909 9907 9908
f 9984 9982 9983
f 9858 9857 9856
f 9837 9835 9836
f 9693 9691 9692
f 9891 9889 9890
f 9606 9605 9604
f 9539 9535 9536
f 9485 9481 9482
f 9468 9465 9466
f 9504 9501 9502
f 9522 9519 9520
f 9558 9555 9556
f 9864 9861 9862
f 9996 9993 9994
f 9960 9957 9958
f 9582 9579 9580
f 9773 9769 9770
f 9719 9715 9716
f 9636 9633 9634
f 9738 9735 9736
f 9756 9753 9754
f 9810 9807 9808
f 9648 9645 9646
f 9672 9669 9670
f 9906 9903 9904
f 9977 9973 9974
f 9869 9865 9866
f 9563 9559 9560
f 9575 9571 9572
f 9953 9949 9950
f 9989 9985 9986
f 9845 9841 9842
f 9834 9831 9832
f 9690 9687 9688
f 9888 9885 9886
f 9593 9589 9590
f 9815 9811 9812
f 9653 9649 9650
f 9665 9661 9662
f 9899 9895 9896
f 9972 9969 9970
f 9852 9849 9850
f 9827 9823 9824
f 9683 9679 9680
f 9881 9877 9878
f 9600 9597 9598
f 9492 9489 9490
f 9473 9469 9470
f 9509 9505 9506
f 9527 9523 9524
f 9546 9543 9544
f 9617 9613 9614
f 9792 9789 9790
f 9702 9699 9700
f 9918 9915 9916
f 9941 9937 9938
f 9726 9723 9724
f 9629 9625 9626
f 9743 9739 9740
f 9761 9757 9758
f 9780 9777 9778
f 9797 9793 9794
f 9707 9703 9704
f 9923 9919 9920
f 9936 9933 9934
f 9612 9609 9610
f 9498 9497 9496
f 9477 9476 9475
f 9513 9512 9511
f 9531 9530 9529
f 9552 9551 9550
f 9621 9620 9619
f 9804 9802 9803
f 9714 9712 9713
f 9930 9928 9929
f 9945 9944 9943
f 9732 9731 9730
f 9639 9637 9638
f 9747 9746 9745
f 9765 9764 9763
f 9786 9785 9784
f 9801 9800 9799
f 9711 9710 9709
f 9927 9926 9925
f 9948 9946 9947
f 9624 9622 9623
f 9486 9484 9483
f 9467 9464 9463
f 9503 9500 9499
f 9521 9518 9517
f 9540 9538 9537
f 9611 9608 9607
f 9798 9796 9795
f 9708 9706 9705
f 9924 9922 9921
f 9935 9932 9931
f 9720 9718 9717
f 9635 9632 9631
f 9737 9734 9733
f 9755 9752 9751
f 9774 9772 9771
f 9791 9788 9787
f 9701 9698 9697
f 9917 9914 9913
f 9942 9940 9939
f 9618 9616 9615
f 9545 9542 9541
f 9491 9488 9487
f 9474 9472 9471
f 9510 9508 9507
f 9528 9526 9525
f 9564 9562 9561
f 9870 9868 9867
f 9990 9988 9987
f 9954 9952 9951
f 9576 9574 9573
f 9779 9776 9775
f 9725 9722 9721
f 9630 9628 9627
f 9744 9742 9741
f 9762 9760 9759
f 9816 9814 9813
f 9654 9652 9651
f 9666 9664 9663
f 9900 9898 9897
f 9971 9968 9967
f 9863 9860 9859
f 9557 9554 9553
f 9581 9578 9577
f 9959 9956 9955
f 9995 9992 9991
f 9851 9848 9847
f 9828 9826 9825
f 9684 9682 9681
f 9882 9880 9879
f 9599 9596 9595
f 9809 9806 9805
f 9647 9644 9643
f 9671 9668 9667
f 9905 9902 9901
f 9978 9976 9975
f 9846 9844 9843
f 9833 9830 9829
f 9689 9686 9685
f 9887 9884 9883
f 9594 9592 9591
f 9549 9547 9548
f 9495 9493 9494
f 9480 9478 9479
f 9516 9514 9515
f 9534 9532 9533
f 9570 9568 9569
f 9876 9874 9875
f 10002 10001 10000
f 9966 9965 9964
f 9588 9587 9586
f 9783 9781 9782
f 9729 9727 9728
f 9642 9641 9640
f 9750 9748 9749
f 9768 9766 9767
f 9822 9820 9821
f 9660 9658 9659
f 9678 9677 9676
f 9912 9911 9910
f 9981 9980 9979
f 10009 10011 10010
f 10003 10005 10004
f 10006 10007 10008
f 10012 10013 10014
f 10015 10016 10017
f 10024 10025 10026
f 10090 10092 10091
f 10177 10179 10178
f 10165 10167 10166
f 10114 10115 10116
f 10054 10056 10055
f 10048 10050 10049
f 10051 10052 10053
f 10057 10058 10059
f 10060 10061 10062
f 10072 10074 10073
f 10039 10040 10041
f 10096 10097 10098
f 10135 10136 10137
f 10141 10143 10142
f 10168 10170 10169
f 10078 10080 10079
f 10021 10023 10022
f 10111 10113 10112
f 10156 10158 10157
f 10084 10086 10085
f 10180 10181 10182
f 10162 10163 10164
f 10120 10121 10122
f 10027 10029 10028
f 10144 10146 10145
f 10063 10064 10065
f 10036 10038 10037
f 10099 10101 10100
f 10132 10134 10133
f 10150 10152 10151
f 10066 10068 10067
f 10042 10044 10043
f 10102 10103 10104
f 10126 10127 10128
f 10081 10082 10083
f 10018 10019 10020
f 10108 10109 10110
f 10153 10154 10155
f 10171 10172 10173
f 10138 10139 10140
f 10075 10076 10077
f 10045 10047 10046
f 10105 10107 10106
f 10123 10125 10124
f 10069 10070 10071
f 10033 10034 10035
f 10093 10095 10094
f 10129 10130 10131
f 10147 10148 10149
f 10087 10088 10089
f 10174 10175 10176
f 10159 10161 10160
f 10117 10119 10118
f 10030 10032 10031
f 10191 10189 10190
f 10185 10183 10184
f 10188 10187 10186
f 10194 10193 10192
f 10197 10196 10195
f 10200 10199 10198
f 10235 10234 10236
f 10219 10220 10221
f 10240 10241 10242
f 10202 10203 10201
f 10224 10222 10223
f 10208 10207 10209
f 10211 10212 10210
f 10227 10226 10225
f 10230 10229 10228
f 10233 10231 10232
f 10215 10214 10213
f 10217 10218 10216
f 10237 10239 10238
f 10204 10205 10206