v -0.479033 0.705373 0.009811
v 0.539247 0.680699 -0.327115
v -0.472059 -0.544397 -0.001854
v 0.525932 -0.492667 0.000579
v 0.001318 -0.366040 0.845542
v -0.171790 0.514239 0.849627
v 0.000739 -0.312031 -0.706937
v 0.002388 0.518549 -0.751740
v 0.818875 -0.002742 -0.596694
v 0.826656 -0.068169 0.529509
v -0.611482 0.000167 -0.524200
v -0.443246 0.015627 0.573961
v -0.232138 0.730580 0.013727
v -0.364700 0.659703 0.515607
v -0.371944 0.650188 -0.503396
v -0.488399 0.486514 -0.303319
v -0.563532 0.493844 0.306264
v -0.261389 0.576804 0.526637
v 0.303131 0.685053 -0.567401
v 0.797178 0.494724 -0.464638
v 0.799135 0.179742 0.309892
v 0.000377 -0.472650 -0.000482
v -0.308815 -0.451989 0.496438
v -0.307460 -0.466911 -0.496042
v -0.485544 -0.220948 -0.290432
v -0.549050 -0.281734 0.308319
v 0.307788 -0.438225 0.498745
v 0.306554 -0.457895 -0.493787
v 0.794574 -0.338504 -0.305388
v 0.797114 -0.346295 0.308944
v -0.002515 -0.088584 0.995512
v 0.500477 -0.180790 0.750871
v -0.415499 -0.097054 0.799691
v 0.500308 0.062319 0.810427
v -0.410400 0.283937 0.712561
v -0.000015 0.000213 -0.789215
v 0.444680 -0.151278 -0.646351
v -0.443759 -0.219055 -0.700235
v 0.466945 0.282505 -0.683172
v -0.458533 0.300113 -0.728388
v 0.899779 -0.087165 -0.012530
v -0.630561 0.000414 0.000503
v -0.339186 0.754012 0.010979
v -0.426078 0.708777 0.259824
v -0.425839 0.704744 -0.260486
v -0.555792 0.605346 -0.168568
v -0.547499 0.598210 0.171070
v -0.019113 0.489930 -0.758728
v -0.431105 0.445311 -0.100047
v 0.425483 0.688531 -0.455242
v 0.687649 0.626972 -0.368541
v 0.699807 0.322449 -0.793959
v -0.273519 -0.503422 -0.000007
v -0.422220 -0.528807 0.258226
v -0.422341 -0.529085 -0.258213
v -0.556330 -0.443629 -0.164840
v -0.565395 -0.458618 0.158701
v 0.273180 -0.507135 -0.000593
v 0.432049 -0.467218 0.259524
v 0.433725 -0.477374 -0.258342
v 0.692565 -0.423007 -0.160040
v 0.692487 -0.406411 0.159907
v -0.160960 -0.421332 0.704396
v 0.159831 -0.419048 0.701913
v 0.233724 -0.178921 0.869158
v 0.257371 -0.301162 0.848591
v -0.259074 -0.303236 0.860968
v -0.274581 0.619893 0.710683
v -0.094618 0.619896 0.710186
v -0.324861 0.156075 0.961533
v 0.194985 -0.262065 0.876784
v -0.343157 0.438686 0.869885
v -0.158809 -0.422800 -0.624854
v 0.157716 -0.418021 -0.634731
v 0.009648 -0.085582 -0.612279
v 0.257117 -0.251384 -0.710716
v -0.258250 -0.292677 -0.732097
v -0.168005 0.612750 -0.678704
v 0.150767 0.611500 -0.678047
v -0.086368 0.309540 -0.667569
v 0.247479 0.403507 -0.702950
v -0.254088 0.413973 -0.712866
v 0.823620 0.254956 -0.543950
v 0.787611 -0.181303 -0.471702
v 0.692451 -0.124668 -0.638445
v 0.689491 0.157885 -0.653830
v 0.888975 -0.077938 -0.270938
v 0.824233 0.052874 0.430545
v 0.772099 -0.183625 0.424012
v 0.770124 -0.185234 0.716003
v 0.701375 -0.007010 0.693571
v 0.884983 -0.081159 0.283880
v -0.590312 0.257800 -0.431317
v -0.562123 -0.196006 -0.421270
v -0.551301 -0.134431 -0.653737
v -0.559327 0.160097 -0.672691
v -0.575992 -0.000066 -0.271870
v -0.589413 0.252844 0.422542
v -0.646798 -0.220997 0.435753
v -0.530572 -0.153055 0.666018
v -0.537215 0.158987 0.687614
v -0.619002 -0.000281 0.272850
v -0.279417 0.754809 0.266764
v -0.319832 0.693672 -0.260393
v -0.125609 0.736560 0.266192
v 0.144585 0.709638 -0.480466
v -0.476704 0.574556 0.400722
v -0.196395 0.694532 0.547139
v -0.418241 0.539086 0.685598
v -0.478909 0.580481 -0.405223
v 0.008362 0.695703 -0.587208
v -0.408135 0.532726 -0.656751
v -0.503629 0.507522 0.002377
v -0.438447 0.374263 -0.588664
v -0.593746 0.261551 -0.161159
v -0.512856 0.418647 0.580882
v -0.603852 0.261852 0.161528
v 0.591873 -0.084283 0.429398
v 0.425150 -0.178941 0.671872
v 0.595001 0.602039 -0.539981
v 0.423900 0.541400 -0.669850
v 0.776963 0.342584 -0.694697
v 0.774969 0.488339 -0.664060
v 0.814805 -0.128999 -0.249685
v 0.688996 0.120898 0.588390
v 0.872436 0.051997 0.149964
v -0.164364 -0.465835 0.263981
v -0.161811 -0.449263 -0.262540
v 0.164215 -0.445674 0.258946
v 0.162263 -0.451778 -0.261637
v -0.501404 -0.433036 0.434858
v -0.001536 -0.458796 0.525796
v -0.416463 -0.388606 0.685208
v -0.490371 -0.408191 -0.426789
v -0.000158 -0.466859 -0.518181
v -0.407868 -0.385951 -0.624704
v -0.603251 -0.332444 0.007334
v -0.550025 -0.294339 -0.558371
v -0.657660 -0.207967 -0.163052
v -0.532001 -0.281158 0.574890
v -0.686035 -0.219732 0.162703
v 0.588784 -0.284082 0.426395
v 0.417215 -0.355749 0.674625
v 0.590124 -0.389143 -0.427178
v 0.422330 -0.373258 -0.624859
v 0.814862 -0.329012 -0.008825
v 0.677064 -0.270775 -0.562590
v 0.772501 -0.180339 -0.211638
v 0.679527 -0.267414 0.579622
v 0.765948 -0.177901 0.147428
v 0.268622 -0.183865 0.972689
v -0.268899 -0.183621 0.966880
v 0.264210 -0.021536 0.952450
v -0.351425 0.161942 0.948914
v 0.525791 -0.097366 0.850422
v -0.414974 -0.077863 0.789429
v 0.259436 -0.118692 -0.778484
v -0.260688 -0.123810 -0.776939
v 0.260803 0.158904 -0.756775
v -0.255225 0.157865 -0.753418
v 0.517104 0.000242 -0.735152
v -0.454865 -0.008007 -0.720919
v -0.408797 0.728625 0.010736
v -0.449985 0.689440 0.123062
v -0.452043 0.699249 -0.156588
v -0.515454 0.643052 -0.085857
v -0.524801 0.657567 0.071127
v 0.359763 0.601161 -0.509589
v 0.479126 0.495441 -0.631348
v 0.484030 0.694762 -0.381928
v 0.634904 0.664615 -0.341366
v 0.643508 0.608540 -0.401011
v -0.399741 -0.525728 0.000925
v -0.451824 -0.545001 0.130825
v -0.442535 -0.525083 -0.129400
v -0.518539 -0.492787 -0.079315
v -0.523923 -0.502234 0.085261
v 0.403182 -0.498186 0.000645
v 0.480019 -0.476909 0.130656
v 0.486151 -0.476391 -0.131353
v 0.613643 -0.456113 -0.080819
v 0.615275 -0.456325 0.081123
v -0.082417 -0.391641 0.781217
v 0.081258 -0.394109 0.780541
v 0.000280 -0.253347 0.914355
v 0.131185 -0.333110 0.861640
v -0.129069 -0.314134 0.855829
v -0.223782 0.579266 0.769796
v -0.143802 0.577243 0.768335
v -0.199982 0.403297 0.911389
v -0.229816 0.483651 0.865468
v -0.267923 0.481795 0.862862
v -0.080829 -0.400700 -0.687377
v 0.080758 -0.378513 -0.678443
v -0.077762 -0.172432 -0.581941
v 0.129221 -0.223498 -0.659033
v -0.128963 -0.318647 -0.735098
v -0.090164 0.541766 -0.687413
v 0.079461 0.558627 -0.699920
v 0.001231 0.396777 -0.765335
v 0.125940 0.464198 -0.726131
v -0.132557 0.465062 -0.696115
v 0.825466 0.132711 -0.562562
v 0.829705 -0.156936 -0.482049
v 0.769704 -0.089005 -0.645261
v 0.758549 0.074436 -0.653855
v 0.846663 -0.102208 -0.413795
v 0.825095 -0.015624 0.487734
v 0.825972 -0.155756 0.487000
v 0.771964 -0.137465 0.617006
v 0.774171 -0.039587 0.615064
v 0.855065 -0.083697 0.398813
v -0.569581 0.127677 -0.482289
v -0.600234 -0.128840 -0.482141
v -0.583538 -0.080094 -0.609096
v -0.591606 0.080428 -0.610938
v -0.340113 0.011383 -0.307968
v -0.533695 0.124766 0.474981
v -0.519012 -0.128818 0.479896
v -0.586251 -0.080129 0.611506
v -0.588223 0.078871 0.601294
v -0.421183 0.004573 0.341782
v -0.276545 0.753439 0.012514
v -0.436687 0.507020 -0.000414
v -0.250837 0.751602 0.135660
v -0.275195 0.717297 -0.165478
v -0.190541 0.729218 0.135750
v -0.432648 0.495344 -0.424753
v -0.394528 0.697999 0.370892
v -0.315726 0.658066 0.598831
v -0.319672 0.725211 0.371698
v -0.435371 0.630447 0.473834
v -0.284048 0.682629 0.540604
v -0.392539 0.620753 0.595912
v -0.395430 0.690589 -0.383119
v -0.229926 0.647815 -0.628633
v -0.351889 0.678493 -0.389280
v -0.437000 0.645610 -0.470633
v -0.165952 0.685925 -0.587313
v -0.392670 0.608688 -0.611991
v -0.597135 0.564945 -0.237203
v -0.555088 0.375955 -0.370583
v -0.463189 0.530215 -0.357290
v -0.600934 0.510619 -0.155759
v -0.541057 0.464375 -0.445872
v -0.594123 0.382193 -0.235496
v -0.560285 0.545060 0.231382
v -0.604659 0.384067 0.375528
v -0.561811 0.559110 0.363832
v -0.601717 0.507738 0.154625
v -0.557453 0.465292 0.451025
v -0.564116 0.380854 0.235609
v -0.238000 0.583344 0.356324
v -0.086880 0.644297 0.597104
v -0.086808 0.707562 0.369883
v -0.120425 0.684831 0.540702
v -0.441357 -0.108510 0.483534
v -0.542055 0.433957 0.594978
v 0.347283 0.684313 -0.518428
v 0.250037 0.642614 -0.629253
v 0.257400 0.694929 -0.528678
v 0.144034 0.688491 -0.584559
v 0.452997 0.621175 -0.569386
v 0.356372 0.612265 -0.628505
v 0.739420 0.562929 -0.429616
v 0.817100 0.379002 -0.509010
v 0.698051 0.564498 -0.507505
v 0.813500 0.508126 -0.375716
v 0.758852 0.469895 -0.559129
v 0.835893 0.378545 -0.463383
v 0.759326 -0.108563 0.236885
v 0.815977 0.105790 0.373010
v 0.706387 0.111506 0.370060
v 0.793215 -0.029066 0.153210
v 0.758614 0.157146 0.453101
v 0.836832 0.105553 0.245502
v -0.139502 -0.476855 -0.000889
v 0.139687 -0.511715 -0.000660
v -0.082799 -0.463130 0.133439
v -0.076589 -0.319286 -0.124240
v 0.084123 -0.462297 0.133930
v 0.081620 -0.438816 -0.131994
v -0.372678 -0.470925 0.381926
v -0.233308 -0.405124 0.599229
v -0.237522 -0.446158 0.384763
v -0.435709 -0.465869 0.466778
v -0.157398 -0.453671 0.517533
v -0.368434 -0.419490 0.597198
v -0.374489 -0.485957 -0.384231
v -0.235111 -0.471492 -0.573673
v -0.237001 -0.452575 -0.384581
v -0.432643 -0.466809 -0.481190
v -0.154738 -0.455471 -0.514347
v -0.369877 -0.432748 -0.566462
v -0.590816 -0.397400 -0.236137
v -0.415840 -0.157537 -0.322679
v -0.496956 -0.295886 -0.353863
v -0.578584 -0.312913 -0.162830
v -0.417250 -0.171613 -0.476836
v -0.606953 -0.262570 -0.236070
v -0.591304 -0.399005 0.229976
v -0.519623 -0.229227 0.357733
v -0.481224 -0.271158 0.380116
v -0.617660 -0.342361 0.153797
v -0.435086 0.191655 0.053759
v -0.659515 -0.282498 0.234029
v 0.374278 -0.464863 0.380989
v 0.235611 -0.441811 0.602761
v 0.238307 -0.448689 0.385613
v 0.156272 -0.459291 0.520394
v 0.453039 -0.398691 0.466801
v 0.368275 -0.408110 0.595203
v 0.373113 -0.475558 -0.385006
v 0.238004 -0.464405 -0.570539
v 0.239352 -0.448111 -0.387430
v 0.154561 -0.462275 -0.512295
v 0.454257 -0.421633 -0.467238
v 0.373223 -0.432971 -0.570264
v 0.757519 -0.387649 -0.236736
v 0.781865 -0.173545 -0.363097
v 0.697744 -0.359791 -0.368024
v 0.798652 -0.309841 -0.150937
v 0.756915 -0.319272 -0.452297
v 0.827403 -0.229014 -0.244301
v 0.757501 -0.384191 0.236563
v 0.805910 -0.277955 0.366397
v 0.705708 -0.358716 0.369957
v 0.801126 -0.298660 0.150015
v 0.747575 -0.319757 0.446670
v 0.819899 -0.264123 0.237679
v -0.012820 -0.175693 0.985434
v -0.000711 -0.070822 0.985723
v 0.133224 -0.146138 0.986076
v -0.136603 -0.135043 0.977392
v 0.132526 -0.053620 0.987385
v -0.217574 -0.086893 0.978384
v 0.385754 -0.252126 0.847289
v 0.615823 -0.179917 0.715675
v 0.467424 -0.308014 0.755312
v 0.563365 -0.177380 0.705915
v 0.272018 -0.179864 0.887670
v 0.514866 -0.181220 0.962161
v -0.380150 -0.258600 0.832580
v -0.518708 -0.209060 0.750035
v -0.413086 -0.242713 0.726631
v -0.507500 -0.272842 0.685197
v -0.358089 -0.178003 0.851280
v -0.446006 -0.145405 0.809442
v 0.383476 0.095640 0.844232
v 0.609267 0.034951 0.760589
v 0.469264 0.099952 0.758969
v 0.597935 0.088629 0.702019
v 0.386091 0.016945 0.891863
v 0.519801 -0.005112 0.842493
v -0.419661 0.455537 0.984858
v -0.508893 0.236271 0.756369
v -0.418327 0.435656 0.763550
v -0.444021 0.327088 0.694989
v -0.420051 0.255660 0.989233
v -0.417856 0.214914 0.749278
v 0.000254 -0.106229 -0.809526
v 0.000538 0.138807 -0.753113
v 0.133314 -0.068344 -0.796414
v -0.127032 -0.066634 -0.776600
v 0.129949 0.079939 -0.772342
v -0.131141 0.082751 -0.777547
v 0.375583 -0.264462 -0.726460
v 0.583431 -0.173921 -0.676776
v 0.467322 -0.279166 -0.662216
v 0.591608 -0.224490 -0.615747
v 0.381926 -0.174604 -0.759132
v 0.514364 -0.125321 -0.735010
v -0.341532 -0.197603 -0.684351
v -0.513750 -0.178736 -0.691506
v -0.432955 -0.266905 -0.655637
v -0.493815 -0.256491 -0.619846
v -0.381914 -0.177113 -0.762534
v -0.468012 -0.123295 -0.739960
v 0.367772 0.359117 -0.731758
v 0.526066 0.214828 -0.643333
v 0.442208 0.436426 -0.656443
v 0.595702 0.361411 -0.656174
v 0.385294 0.251753 -0.693806
v 0.512422 0.154118 -0.730109
v -0.377041 0.369195 -0.734494
v -0.417717 0.261405 -0.651922
v -0.388219 0.465460 -0.661279
v -0.454048 0.345451 -0.649872
v -0.355203 0.282406 -0.653973
v -0.431053 0.132265 -0.707866
v 0.896499 -0.085919 -0.135021
v 0.897059 -0.083703 0.128189
v 0.895809 -0.015282 -0.079692
v 0.888515 -0.024330 0.090095
v 0.891944 -0.156432 -0.079703
v 0.883165 -0.158237 0.091125
v -0.652555 0.000133 -0.138821
v -0.650364 0.000071 0.138086
v -0.598051 0.132077 -0.082062
v -0.548509 0.126673 0.079143
v -0.636898 -0.131451 -0.082433
v -0.607836 -0.128178 0.079715
v -0.389206 0.715405 0.130411
v -0.386584 0.735205 -0.157209
v -0.322447 0.733338 0.134211
v -0.315890 0.750605 -0.160174
v -0.496288 0.660976 0.224000
v -0.356595 0.728892 0.266634
v -0.472437 0.667467 0.344826
v -0.501659 0.670408 -0.217607
v -0.356464 0.730628 -0.262591
v -0.469025 0.658889 -0.354201
v -0.495951 0.559154 0.011162
v -0.534299 0.613248 -0.287329
v -0.410218 0.504555 -0.226999
v -0.538160 0.614762 0.297788
v -0.406496 0.506256 0.169044
v -0.452859 0.467623 -0.534797
v 0.329216 0.742320 -0.370097
v -0.332707 0.557831 0.126522
v 0.228515 0.552073 -0.596251
v 0.558503 0.078928 -0.669032
v -0.230862 0.625501 0.263583
v -0.287189 -0.185217 0.379893
v 0.585356 0.664521 -0.415752
v 0.299819 0.758499 -0.421384
v 0.519995 0.651865 -0.494147
v 0.692623 0.632000 -0.277006
v 0.660654 0.623813 -0.453551
v 0.759172 0.569405 -0.333392
v 0.646681 -0.162218 0.295389
v 0.761905 0.345851 -0.773700
v -0.356987 -0.483589 0.134353
v -0.357658 -0.495230 -0.131513
v -0.221873 -0.482740 0.132414
v -0.219281 -0.475649 -0.132724
v -0.498104 -0.508428 0.209603
v -0.300788 -0.480301 0.262785
v -0.459266 -0.478722 0.351471
v -0.498972 -0.506973 -0.217612
v -0.300308 -0.489004 -0.263634
v -0.464051 -0.495033 -0.342412
v -0.551151 -0.440169 0.001790
v -0.532729 -0.448094 -0.286611
v -0.600806 -0.406387 -0.080395
v -0.526859 -0.435032 0.284225
v -0.611660 -0.415622 0.086282
v 0.359204 -0.494166 0.131423
v 0.357940 -0.493285 -0.132440
v 0.218747 -0.502380 0.132664
v 0.218561 -0.497760 -0.132729
v 0.572522 -0.449468 0.211159
v 0.300184 -0.482253 0.266323
v 0.516266 -0.436574 0.347889
v 0.569086 -0.455788 -0.212207
v 0.300317 -0.484321 -0.263228
v 0.516036 -0.449782 -0.347417
v 0.694712 -0.411952 0.000146
v 0.643738 -0.419886 -0.293800
v 0.774639 -0.395949 -0.080701
v 0.646755 -0.414912 0.295894
v 0.774886 -0.399622 0.081686
v 0.000542 -0.424282 0.711237
v -0.209991 -0.366188 0.782350
v -0.080976 -0.441548 0.619935
v -0.295803 -0.380360 0.700522
v 0.210312 -0.367543 0.788542
v 0.082652 -0.445182 0.618983
v 0.296490 -0.396815 0.701631
v 0.130608 -0.260266 0.918753
v -0.182897 -0.179235 0.872116
v 0.124799 -0.180106 0.922341
v -0.134404 -0.182808 0.960044
v 0.346524 -0.344204 0.784598
v 0.256915 -0.198509 0.879669
v -0.344099 -0.346028 0.779171
v -0.265031 -0.232262 0.902552
v -0.180908 0.625948 0.722485
v -0.305028 0.548056 0.781028
v -0.236133 0.662693 0.610344
v -0.351267 0.591184 0.706010
v -0.286804 0.545628 0.775297
v -0.154867 0.659579 0.610112
v -0.417031 0.545185 0.712385
v -0.176402 -0.230058 0.928290
v -0.276609 0.357588 0.920885
v 0.133740 0.002909 0.968075
v -0.280613 0.219950 0.968962
v 0.252130 -0.287000 0.785434
v 0.263259 0.057386 0.912834
v -0.403076 0.503724 0.784074
v -0.347415 0.302148 0.919524
v 0.000552 -0.439865 -0.638311
v -0.211715 -0.374819 -0.695836
v -0.084964 -0.471077 -0.581863
v -0.296154 -0.415247 -0.637466
v 0.201967 -0.357520 -0.688532
v 0.077507 -0.468910 -0.577907
v 0.301419 -0.400015 -0.633082
v 0.501510 -0.172187 -0.578841
v -0.127541 -0.233874 -0.761495
v 0.132639 -0.142838 -0.766220
v -0.130355 -0.159086 -0.795965
v 0.345630 -0.345021 -0.690605
v 0.258303 -0.194443 -0.737930
v -0.340167 -0.311348 -0.667734
v -0.253269 -0.200640 -0.740849
v 0.007689 0.618202 -0.684320
v -0.203208 0.529814 -0.698374
v -0.081797 0.645096 -0.637720
v -0.289237 0.582156 -0.678217
v 0.198296 0.526166 -0.686895
v 0.085501 0.657699 -0.636385
v 0.295359 0.593010 -0.681287
v 0.132945 0.356659 -0.727527
v -0.125478 0.330626 -0.722639
v 0.164107 0.180968 -0.678175
v -0.131784 0.217728 -0.773369
v 0.343476 0.471764 -0.649397
v 0.218412 0.208260 -0.591550
v -0.347472 0.486853 -0.671564
v -0.254474 0.292390 -0.739641
v 0.786017 0.213506 -0.624344
v 0.812649 0.011638 -0.530460
v 0.784678 0.347258 -0.594908
v 0.827098 0.260240 -0.566604
v 0.765458 -0.176966 -0.559597
v 0.856692 -0.156166 -0.356926
v 0.784558 -0.255718 -0.510523
v 0.847826 -0.225259 -0.283695
v 0.684027 0.014246 -0.651951
v 0.687211 -0.208131 -0.601871
v 0.520249 -0.064811 -0.629699
v 0.714022 0.310001 -0.652779
v 0.514244 0.072431 -0.638925
v 0.874714 -0.037133 -0.226003
v 0.880225 -0.156296 -0.227614
v 0.783949 0.032310 0.568093
v 0.860703 -0.014242 0.354132
v 0.780811 0.094864 0.518139
v 0.858090 0.059145 0.303129
v 0.760901 -0.181072 0.557185
v 0.858771 -0.156074 0.353704
v 0.738586 -0.240026 0.485960
v 0.804739 -0.197041 0.285769
v 0.717404 -0.090939 0.708595
v 0.742530 -0.178457 0.472200
v 0.662913 -0.183380 0.801422
v 0.704042 0.065947 0.647309
v 0.617899 -0.049173 0.774376
v 0.870462 -0.030594 0.225947
v 0.870053 -0.158155 0.225700
v -0.587634 0.212645 -0.571434
v -0.600135 0.131730 -0.358805
v -0.549771 0.340448 -0.509292
v -0.558119 0.261093 -0.297028
v -0.590013 -0.192026 -0.558987
v -0.597886 -0.130161 -0.357021
v -0.446465 -0.232573 -0.506746
v -0.645062 -0.211956 -0.304409
v -0.566156 -0.002369 -0.675271
v -0.574494 -0.240486 -0.602903
v -0.482927 -0.075362 -0.688515
v -0.547973 0.289903 -0.632135
v -0.510361 0.084994 -0.701170
v -0.556468 0.130532 -0.212178
v -0.650929 -0.130721 -0.218945
v -0.587275 0.212862 0.570608
v -0.606808 0.130493 0.358649
v -0.578952 0.344395 0.510572
v -0.604981 0.255988 0.293354
v -0.614450 -0.193647 0.567636
v -0.601342 -0.125097 0.347293
v -0.549077 -0.241417 0.490960
v -0.679193 -0.221315 0.300224
v -0.524202 0.002550 0.691378
v -0.573387 -0.243490 0.647813
v -0.459336 -0.071913 0.714107
v -0.538342 0.294417 0.640676
v -0.466023 0.080310 0.768163
v -0.632748 0.130848 0.218165
v -0.559089 -0.124263 0.211468
v -0.202635 0.748049 0.271044
v -0.248762 0.717869 0.380869
v -0.148667 0.566657 -0.570626
v -0.102739 0.642718 -0.583744
v -0.182539 0.705501 0.379765
v 0.088432 0.722480 -0.523643
v -0.419512 0.545305 0.583061
v -0.413559 0.502673 0.476239
v -0.438620 0.502502 0.603309
v -0.454131 0.575946 -0.548252
v -0.440081 0.562447 -0.462148
v -0.476739 0.500106 -0.630418
v -0.565880 0.384203 -0.081576
v -0.580182 0.395901 0.081760
v -0.387256 0.232215 0.002269
v 0.506346 -0.120453 0.561835
v 0.647208 0.120264 0.514423
v 0.562837 0.105035 0.644894
v 0.512728 0.573979 -0.611585
v 0.653058 0.541441 -0.589135
v 0.563890 0.497155 -0.656390
v 0.764822 -0.090289 -0.623054
v 0.834786 0.051390 0.085587
v 0.874081 0.032329 -0.012471
v 0.000668 -0.448239 0.267020
v -0.079807 -0.440897 0.399183
v 0.002005 -0.436644 -0.267720
v -0.082771 -0.445583 -0.397680
v 0.082252 -0.438662 0.397109
v 0.080961 -0.444320 -0.397731
v -0.459114 -0.399300 0.556905
v -0.491197 -0.297301 0.498350
v -0.492347 -0.353273 0.654524
v -0.466578 -0.427458 -0.543021
v -0.533927 -0.375039 -0.514411
v -0.483364 -0.327347 -0.600417
v -0.636140 -0.279521 -0.081693
v -0.643900 -0.280729 0.087567
v -0.649567 -0.204709 0.004300
v 0.511644 -0.366185 0.562997
v 0.631844 -0.275327 0.504153
v 0.559668 -0.311930 0.640891
v 0.513610 -0.391698 -0.546803
v 0.642265 -0.297240 -0.509773
v 0.563601 -0.331467 -0.603933
v 0.776033 -0.179886 -0.068339
v 0.838677 -0.281933 0.089450
v 0.813716 -0.192895 -0.018247
v 0.268545 -0.099071 0.969631
v 0.408439 -0.171717 0.941978
v -0.384715 -0.040595 0.962400
v -0.420386 -0.090067 0.946756
v 0.396418 -0.061573 0.909237
v -0.418265 0.068090 0.948563
v 0.265556 -0.000126 -0.757537
v 0.373822 -0.081187 -0.681422
v -0.261916 -0.000051 -0.764413
v -0.387928 -0.068555 -0.734292
v 0.376962 0.069316 -0.681590
v -0.373304 0.062076 -0.698501
v -0.441399 0.710263 0.009872
v -0.465970 0.705358 0.063962
v -0.456998 0.667401 -0.066106
v -0.493241 0.657224 -0.032363
v -0.501402 0.675470 0.044200
v 0.464736 0.640713 -0.427176
v 0.508757 0.580888 -0.508905
v 0.508421 0.696305 -0.343556
v 0.586823 0.678985 -0.323453
v 0.591821 0.632732 -0.382655
v -0.437967 -0.548044 -0.001950
v -0.460986 -0.528525 0.071898
v -0.460017 -0.536247 -0.065705
v -0.491243 -0.490834 -0.043533
v -0.493650 -0.494704 0.047881
v 0.465233 -0.488575 -0.000413
v 0.506976 -0.469266 0.065024
v 0.505350 -0.462361 -0.066089
v 0.572608 -0.427568 -0.040616
v 0.572157 -0.432687 0.040674
v -0.039906 -0.359579 0.799113
v 0.041127 -0.371452 0.814154
v 0.000127 -0.307082 0.882080
v 0.064467 -0.336982 0.857580
v -0.064712 -0.322132 0.851709
v -0.221375 0.542666 0.811882
v -0.171180 0.542615 0.811230
v -0.205304 0.465070 0.883584
v -0.140640 0.500245 0.858428
v -0.234942 0.499314 0.857903
v -0.040171 -0.354223 -0.698214
v 0.041804 -0.335145 -0.688931
v 0.000131 -0.181603 -0.642976
v 0.066601 -0.235537 -0.661783
v -0.065853 -0.287130 -0.700427
v -0.024802 0.530638 -0.701707
v 0.034552 0.535416 -0.709865
v -0.000727 0.455895 -0.742314
v 0.057490 0.444341 -0.668624
v -0.058988 0.485288 -0.717060
v 0.825301 0.055770 -0.581313
v 0.815578 -0.125059 -0.528687
v 0.792778 -0.045852 -0.631232
v 0.795570 0.032630 -0.626273
v 0.829654 -0.065877 -0.516240
v 0.826590 -0.042038 0.513396
v 0.824679 -0.122257 0.513665
v 0.799279 -0.107396 0.564400
v 0.800425 -0.057037 0.564646
v 0.834872 -0.087546 0.464682
v -0.559682 0.064990 -0.501967
v -0.582653 -0.065463 -0.505708
v -0.597967 -0.040302 -0.564244
v -0.596801 0.040268 -0.567610
v -0.482634 0.004064 -0.453710
v -0.433211 0.104203 0.524368
v -0.416241 -0.089934 0.525287
v -0.539582 -0.040715 0.568728
v -0.556643 0.042108 0.571769
v -0.369992 0.202577 0.287132
v -0.229543 0.772534 0.012172
v -0.285380 0.628494 0.018923
v -0.217599 0.772822 0.061279
v -0.271207 0.699926 -0.080022
v -0.194853 0.747705 0.060695
v -0.342608 0.588407 -0.090819
v -0.379268 0.673486 0.431145
v -0.334028 0.676599 0.567872
v -0.348636 0.681909 0.435036
v -0.401955 0.642760 0.498004
v -0.321693 0.677146 0.529527
v -0.375831 0.650663 0.567266
v -0.374702 0.695263 -0.449951
v -0.279741 0.631225 -0.598388
v -0.366047 0.661573 -0.454186
v -0.399390 0.665019 -0.485242
v -0.260460 0.647483 -0.574454
v -0.385829 0.622062 -0.550158
v -0.539493 0.533643 -0.261760
v -0.566327 0.443494 -0.344131
v -0.307164 0.432893 -0.296807
v -0.581855 0.509311 -0.233496
v -0.493331 0.479898 -0.381092
v -0.558744 0.442656 -0.274499
v -0.604061 0.530603 0.268649
v -0.565841 0.438500 0.339974
v -0.583960 0.535638 0.340685
v -0.567600 0.502889 0.231737
v -0.580985 0.483294 0.380114
v -0.469245 0.410940 0.254102
v -0.328718 0.542966 0.415374
v -0.070546 0.655690 0.571496
v -0.190676 0.628503 0.429975
v -0.123225 0.658260 0.532053
v -0.392699 0.519839 0.512447
v -0.259325 0.580463 0.582028
v 0.321827 0.693875 -0.537050
v 0.283092 0.671091 -0.597369
v 0.285281 0.705925 -0.537076
v 0.247839 0.677824 -0.581998
v 0.359550 0.643384 -0.574729
v 0.322012 0.650239 -0.600778
v 0.776858 0.525482 -0.448388
v 0.805207 0.441314 -0.485916
v 0.751030 0.527675 -0.500083
v 0.805433 0.503176 -0.424727
v 0.780565 0.483321 -0.524323
v 0.818764 0.443659 -0.451948
v 0.778983 0.094102 0.274593
v 0.809406 0.159563 0.341022
v 0.762029 0.159027 0.341561
v 0.796385 0.123411 0.234561
v 0.782858 0.174325 0.382265
v 0.820383 0.139882 0.282945
v -0.067379 -0.472826 -0.001502
v 0.067028 -0.484090 0.000055
v -0.041123 -0.463308 0.065405
v -0.039884 -0.407333 -0.065958
v 0.041748 -0.459772 0.064579
v 0.040491 -0.424925 -0.066188
v -0.342659 -0.468188 0.443336
v -0.270660 -0.444313 0.548868
v -0.274276 -0.457924 0.444260
v -0.381432 -0.441349 0.485123
v -0.233142 -0.452363 0.510219
v -0.338599 -0.422743 0.546410
v -0.341476 -0.473452 -0.441381
v -0.272141 -0.484933 -0.538439
v -0.272871 -0.459631 -0.440611
v -0.379386 -0.463040 -0.487654
v -0.233707 -0.461276 -0.507398
v -0.339010 -0.458162 -0.532486
v -0.562205 -0.328878 -0.257293
v -0.411602 -0.189730 0.016523
v -0.462734 -0.228845 -0.348477
v -0.577530 -0.314491 -0.233485
v -0.412473 -0.171092 -0.137494
v -0.505864 -0.229969 -0.256854
v -0.582428 -0.345575 0.269181
v -0.540335 -0.253118 0.341782
v -0.491377 -0.244932 0.338522
v -0.599246 -0.329735 0.222852
v -0.403430 -0.178397 0.236357
v -0.622207 -0.300323 0.272418
v 0.343118 -0.458747 0.445041
v 0.272496 -0.459927 0.553918
v 0.273887 -0.452589 0.444702
v 0.233415 -0.456467 0.509633
v 0.381252 -0.414583 0.484204
v 0.340690 -0.432463 0.550250
v 0.342177 -0.469687 -0.442222
v 0.270496 -0.484307 -0.538240
v 0.274734 -0.448106 -0.443338
v 0.233818 -0.455478 -0.508410
v 0.381247 -0.434075 -0.480772
v 0.336480 -0.428815 -0.531532
v 0.782778 -0.368917 -0.272673
v 0.802728 -0.288703 -0.342849
v 0.759939 -0.350032 -0.338339
v 0.799717 -0.329964 -0.234335
v 0.781720 -0.318743 -0.381754
v 0.821090 -0.307826 -0.271503
v 0.778575 -0.359286 0.274240
v 0.809620 -0.328033 0.340351
v 0.761391 -0.355090 0.341000
v 0.789675 -0.289369 0.231713
v 0.782258 -0.338498 0.381969
v 0.814148 -0.297983 0.279049
v -0.004090 -0.127489 0.994216
v -0.001740 -0.038127 0.994526
v 0.069366 -0.113014 0.992840
v -0.060150 -0.110369 0.985787
v 0.069857 -0.073986 0.992761
v -0.061224 -0.072418 0.983962
v 0.436802 -0.173479 0.797366
v 0.528945 -0.215142 0.770810
v 0.469931 -0.260159 0.768612
v 0.541845 -0.257084 0.743946
v 0.096548 -0.181167 0.360773
v 0.521888 -0.179362 0.785315
v -0.412877 -0.174603 0.777519
v -0.470874 -0.221099 0.761679
v -0.420057 0.072717 0.422644
v -0.410340 -0.185904 0.697320
v -0.417783 -0.210578 0.827799
v -0.447763 -0.197219 0.798022
v 0.442701 0.071989 0.828489
v 0.556336 0.060033 0.789397
v 0.483910 0.093126 0.788837
v 0.554018 0.080349 0.766226
v 0.445403 0.027096 0.852623
v 0.510680 0.019146 0.827467
v -0.417166 0.329951 0.825433
v -0.451500 0.265832 0.746443
v -0.415182 0.364199 0.738473
v -0.467475 0.325402 0.732186
v -0.417746 0.289787 0.853998
v -0.413500 0.221629 0.735688
v -0.000528 -0.057153 -0.810837
v -0.000341 0.068061 -0.788785
v 0.065165 -0.036695 -0.788528
v -0.065248 -0.037585 -0.785948
v 0.064790 0.039754 -0.773411
v -0.065077 0.039937 -0.773916
v 0.435254 -0.231742 -0.707290
v 0.539083 -0.148089 -0.688796
v 0.473147 -0.224477 -0.663822
v 0.423656 -0.045479 -0.596738
v 0.434565 -0.197282 -0.724913
v 0.479760 -0.162859 -0.696348
v -0.375158 -0.069655 -0.635757
v -0.475060 -0.205579 -0.695566
v -0.441154 -0.227590 -0.669158
v -0.482936 -0.259709 -0.687680
v -0.412444 -0.186611 -0.711467
v -0.462203 -0.178141 -0.738669
v 0.415928 0.316186 -0.690440
v 0.518602 0.251516 -0.664897
v 0.405449 0.306436 -0.632918
v 0.536281 0.326622 -0.672548
v 0.435357 0.269565 -0.732326
v 0.500521 0.226215 -0.720502
v -0.419707 0.329601 -0.723065
v -0.421067 0.344451 -0.645966
v -0.409582 0.326329 -0.668571
v -0.463253 0.320222 -0.691933
v -0.427121 0.270939 -0.744563
v -0.416507 0.268523 -0.687557
v 0.902084 -0.084309 -0.065741
v 0.896576 -0.087526 0.075368
v 0.902719 -0.047685 -0.040938
v 0.896246 -0.055063 0.030323
v 0.896184 -0.122846 -0.041386
v 0.886336 -0.128343 0.030598
v -0.650842 -0.000546 -0.069050
v -0.643831 -0.000952 0.068997
v -0.619283 0.066446 -0.040253
v -0.616857 0.066177 0.039961
v -0.625176 -0.065805 -0.040693
v -0.603079 -0.064357 0.040137
v -0.374570 0.740957 0.010720
v -0.305926 0.757470 0.011672
v -0.363099 0.748629 0.060389
v -0.368489 0.725724 -0.072457
v -0.326339 0.756641 0.061148
v -0.334951 0.732137 -0.074342
v -0.440047 0.702472 0.217116
v -0.410728 0.704815 0.331819
v -0.407023 0.721480 0.215484
v -0.465101 0.688164 0.236780
v -0.390561 0.724640 0.264365
v -0.448162 0.680221 0.314654
v -0.441007 0.714723 -0.201668
v -0.410833 0.698322 -0.325316
v -0.406771 0.730315 -0.202636
v -0.464709 0.688863 -0.244086
v -0.392019 0.716979 -0.261284
v -0.448003 0.680641 -0.299163
v -0.527679 0.616859 -0.131150
v -0.584656 0.591669 -0.199427
v -0.521100 0.629612 -0.187188
v -0.519869 0.576690 -0.079974
v -0.525583 0.593839 -0.221732
v -0.526469 0.561696 -0.139311
v -0.533420 0.620791 0.106875
v -0.581572 0.589197 0.211666
v -0.493051 0.594773 0.203209
v -0.535578 0.594272 0.069240
v -0.542366 0.605545 0.228572
v -0.525697 0.551776 0.107108
v 0.317166 0.534006 -0.610984
v -0.500443 0.472797 -0.407348
v -0.316816 0.482958 -0.684631
v 0.318060 0.604759 -0.518095
v -0.514711 0.482212 -0.110103
v 0.209548 0.493311 -0.718898
v -0.288861 0.423261 -0.666682
v -0.415443 0.528984 0.357214
v -0.523435 0.433603 -0.280549
v -0.423135 -0.159379 -0.645651
v -0.373197 0.527829 0.276580
v -0.410892 -0.188695 0.157355
v 0.458930 0.687018 -0.427173
v 0.383513 0.684554 -0.489646
v 0.366586 0.709503 -0.422844
v 0.506997 0.671548 -0.443368
v 0.338198 0.718873 -0.446585
v 0.474590 0.669829 -0.476041
v 0.666868 0.650251 -0.349410
v 0.712432 0.597393 -0.398215
v 0.651262 0.650294 -0.394003
v 0.691505 0.635277 -0.310844
v 0.674908 0.628102 -0.409279
v 0.719470 0.600392 -0.357799
v 0.681294 0.582574 -0.499978
v 0.728191 -0.291429 -0.120549
v 0.655595 0.335637 -0.772474
v 0.688056 0.604466 -0.409414
v 0.676859 -0.273323 -0.175319
v 0.731904 0.328303 -0.786064
v -0.338400 -0.498152 0.000652
v -0.205026 -0.513462 -0.000903
v -0.313573 -0.476634 0.066460
v -0.315655 -0.493652 -0.067706
v -0.248249 -0.491144 0.067044
v -0.247448 -0.495284 -0.066864
v -0.438605 -0.537882 0.194996
v -0.398310 -0.508166 0.321762
v -0.396473 -0.494810 0.195957
v -0.461169 -0.523596 0.235403
v -0.369432 -0.489820 0.262981
v -0.439747 -0.497105 0.296264
v -0.435800 -0.537518 -0.195626
v -0.403461 -0.505900 -0.322947
v -0.395357 -0.510147 -0.196447
v -0.462529 -0.526805 -0.236972
v -0.368390 -0.492457 -0.261676
v -0.442138 -0.520401 -0.300510
v -0.535959 -0.464316 -0.123371
v -0.584076 -0.438532 -0.204752
v -0.530374 -0.482194 -0.191067
v -0.545568 -0.432300 -0.078441
v -0.548073 -0.454667 -0.230456
v -0.580749 -0.428611 -0.122982
v -0.546651 -0.483732 0.119499
v -0.584187 -0.436315 0.194463
v -0.530016 -0.482084 0.183699
v -0.558705 -0.450753 0.084702
v -0.549188 -0.456263 0.222116
v -0.591747 -0.442533 0.118409
v 0.337387 -0.500502 -0.000319
v 0.204563 -0.504531 -0.001359
v 0.316187 -0.493525 0.065653
v 0.316491 -0.500326 -0.065285
v 0.248464 -0.492734 0.066550
v 0.247678 -0.505806 -0.066111
v 0.458102 -0.477172 0.194344
v 0.395799 -0.465299 0.314941
v 0.396129 -0.490101 0.196360
v 0.501761 -0.457759 0.236712
v 0.368346 -0.482311 0.262761
v 0.472561 -0.449076 0.302715
v 0.457704 -0.473594 -0.195814
v 0.403490 -0.478579 -0.320475
v 0.395093 -0.479271 -0.194157
v 0.503879 -0.463724 -0.236308
v 0.365459 -0.471398 -0.260897
v 0.473502 -0.454867 -0.300317
v 0.653758 -0.434658 -0.120210
v 0.725962 -0.411600 -0.199020
v 0.627373 -0.426384 -0.186030
v 0.695667 -0.419172 -0.080150
v 0.671727 -0.423580 -0.228871
v 0.735264 -0.410224 -0.121091
v 0.655452 -0.442861 0.121072
v 0.728140 -0.398869 0.199423
v 0.632551 -0.433666 0.186656
v 0.691440 -0.418414 0.079687
v 0.668299 -0.418330 0.227100
v 0.736515 -0.407185 0.119711
v -0.120748 -0.412828 0.745291
v -0.201360 -0.397889 0.652820
v -0.081028 -0.431018 0.710308
v -0.187473 -0.400399 0.748712
v -0.118397 -0.422427 0.663666
v -0.228978 -0.395195 0.704448
v 0.120612 -0.411290 0.742225
v 0.196649 -0.425615 0.653672
v 0.080982 -0.427787 0.707881
v 0.186701 -0.394561 0.746016
v 0.122140 -0.440264 0.662486
v 0.229010 -0.405503 0.706849
v 0.044523 -0.178410 0.917032
v -0.005448 -0.179666 0.931423
v 0.064207 -0.232642 0.940808
v -0.155529 -0.182080 0.048274
v 0.057211 -0.186367 0.937122
v -0.059410 -0.180570 0.956031
v 0.190148 -0.313378 0.849971
v 0.320621 -0.290374 0.850030
v 0.236952 -0.339307 0.823650
v 0.193869 -0.278124 0.888894
v 0.303876 -0.333306 0.822967
v 0.261024 -0.264895 0.886473
v -0.194235 -0.309173 0.847634
v -0.319910 -0.287939 0.852737
v -0.233659 -0.335588 0.822580
v -0.196332 -0.285481 0.885120
v -0.302505 -0.324560 0.822553
v -0.262554 -0.272718 0.886302
v -0.243772 0.603970 0.747735
v -0.300773 0.632922 0.657212
v -0.231128 0.622115 0.719806
v -0.286826 0.587962 0.751886
v -0.260440 0.636940 0.664443
v -0.314751 0.605117 0.710550
v -0.102187 0.603961 0.747423
v -0.104933 0.626843 0.657678
v -0.132458 0.625057 0.719228
v -0.092010 0.583427 0.751819
v -0.135989 0.634450 0.664735
v -0.160393 0.577976 0.713105
v -0.262498 0.336847 0.935505
v -0.107994 -0.104542 0.975287
v -0.378048 -0.021977 0.937940
v -0.229428 0.313756 0.942373
v 0.019970 -0.192956 0.958620
v -0.311432 0.228247 0.968765
v -0.386540 0.175345 0.867814
v 0.323593 0.015827 0.856387
v -0.417907 0.171567 0.832450
v 0.065743 -0.270662 0.901014
v 0.223638 -0.257377 0.820763
v 0.263346 -0.000729 0.894311
v -0.300572 0.460977 0.866866
v -0.405827 0.430381 0.891860
v -0.325121 0.500169 0.832564
v -0.307247 0.400071 0.899292
v -0.384099 0.482482 0.837205
v -0.345934 0.369712 0.896736
v -0.122289 -0.414301 -0.660359
v -0.199073 -0.452279 -0.604332
v -0.078353 -0.409437 -0.618892
v -0.184488 -0.396324 -0.661412
v -0.120090 -0.451848 -0.605757
v -0.228667 -0.421516 -0.633457
v 0.120978 -0.430969 -0.666051
v 0.203561 -0.419584 -0.595040
v 0.078590 -0.446512 -0.640226
v 0.175085 -0.388536 -0.658290
v 0.113917 -0.450382 -0.608476
v 0.216962 -0.341788 -0.589683
v -0.417926 -0.172566 -0.586987
v 0.002465 -0.136101 -0.760534
v 0.074119 -0.163514 -0.664703
v -0.066397 -0.154745 -0.690016
v 0.063978 -0.146948 -0.709654
v -0.065051 -0.161264 -0.756567
v 0.189159 -0.264281 -0.705365
v 0.321261 -0.260293 -0.721799
v 0.230851 -0.306120 -0.707443
v 0.196225 -0.182626 -0.680085
v 0.311385 -0.311207 -0.714216
v 0.239493 -0.189994 -0.653234
v -0.193950 -0.304115 -0.734960
v -0.319743 -0.271523 -0.728485
v -0.238122 -0.332853 -0.715892
v -0.191667 -0.259254 -0.737887
v -0.300496 -0.304667 -0.708146
v -0.261471 -0.242860 -0.744239
v -0.124670 0.580608 -0.695531
v -0.201145 0.638244 -0.654373
v -0.083746 0.605690 -0.681606
v -0.192897 0.575688 -0.701434
v -0.128705 0.629676 -0.658274
v -0.225124 0.602911 -0.681035
v 0.122648 0.593766 -0.701579
v 0.198502 0.625445 -0.654485
v 0.083399 0.616885 -0.683642
v 0.180163 0.575961 -0.703527
v 0.122418 0.639719 -0.658416
v 0.238152 0.595094 -0.678504
v 0.000255 0.331786 -0.747225
v -0.056886 0.146317 -0.654641
v 0.020070 0.394053 -0.653242
v -0.064185 0.308306 -0.766150
v -0.148855 0.141952 -0.608108
v -0.065814 0.244560 -0.753603
v 0.193639 0.454186 -0.726706
v 0.318858 0.396344 -0.735800
v 0.142057 0.387468 -0.635799
v 0.190346 0.391341 -0.722411
v 0.296927 0.334002 -0.642290
v 0.264581 0.373278 -0.698865
v -0.195117 0.450551 -0.725847
v -0.304705 0.361261 -0.684478
v -0.219413 0.476277 -0.689370
v -0.192307 0.371339 -0.697724
v -0.246327 0.301238 -0.631096
v -0.257669 0.360643 -0.746217
v 0.834439 0.200610 -0.541540
v 0.823001 0.331391 -0.529889
v 0.806480 0.229293 -0.582547
v 0.842752 0.200560 -0.527851
v 0.805016 0.311842 -0.565604
v 0.846301 0.261938 -0.495964
v 0.823457 -0.189464 -0.454547
v 0.142300 -0.184739 -0.424544
v 0.773480 -0.184711 -0.468482
v 0.839859 -0.190978 -0.396869
v 0.737853 -0.164922 -0.626980
v 0.800091 -0.178186 -0.336596
v 0.709971 -0.121571 -0.640285
v 0.626814 -0.130480 -0.650663
v 0.710413 -0.150314 -0.608440
v 0.689429 -0.074838 -0.650418
v 0.674699 -0.152120 -0.612859
v 0.621096 -0.102070 -0.644154
v 0.742838 0.116045 -0.655546
v 0.638346 0.186022 -0.657015
v 0.740225 0.182391 -0.654684
v 0.698334 0.057553 -0.654206
v 0.699758 0.222938 -0.653989
v 0.612126 0.106455 -0.653347
v 0.871323 -0.083662 -0.336859
v 0.885995 -0.089193 -0.209871
v 0.863642 -0.076564 -0.313416
v 0.871187 -0.121184 -0.309255
v 0.889878 -0.041458 -0.254451
v 0.883954 -0.120659 -0.255143
v 0.825689 0.023504 0.457293
v 0.822533 0.097198 0.403186
v 0.808074 0.043636 0.508062
v 0.844913 0.022407 0.393324
v 0.802332 0.074943 0.474821
v 0.842618 0.053349 0.364473
v 0.810975 -0.187043 0.448491
v 0.812296 -0.230623 0.399993
v 0.764922 -0.180661 0.469925
v 0.817222 -0.186278 0.387392
v 0.796327 -0.235526 0.463571
v 0.713985 -0.158704 0.324583
v 0.760205 -0.178620 0.672999
v 0.691425 -0.179241 0.758049
v 0.745360 -0.180247 0.629315
v 0.731544 -0.154172 0.706636
v 0.701897 -0.179388 0.628840
v 0.753747 -0.186803 0.770655
v 0.750036 -0.023716 0.658960
v 0.655684 0.016772 0.731626
v 0.746932 0.011281 0.630987
v 0.715322 -0.046015 0.707598
v 0.701621 0.033813 0.667840
v 0.662510 -0.029069 0.741656
v 0.871807 -0.082619 0.335755
v 0.878913 -0.091318 0.204163
v 0.877589 -0.042053 0.315556
v 0.875422 -0.117375 0.315169
v 0.879779 -0.053092 0.265191
v 0.879708 -0.121657 0.264517
v -0.609802 0.196863 -0.459377
v -0.536764 0.322474 -0.403205
v -0.590525 0.236907 -0.502110
v -0.615586 0.194611 -0.392737
v -0.539352 0.298245 -0.471294
v -0.605555 0.259016 -0.364442
v -0.630394 -0.177857 -0.456921
v -0.462004 -0.194891 -0.378123
v -0.605534 -0.204529 -0.505794
v -0.640429 -0.180368 -0.389367
v -0.500534 -0.208374 -0.501330
v -0.626121 -0.213783 -0.358766
v -0.568490 -0.113495 -0.638927
v -0.549569 -0.160829 -0.684906
v -0.489491 -0.154379 -0.566155
v -0.561719 -0.075736 -0.662048
v -0.541336 -0.184493 -0.619728
v -0.545957 -0.106019 -0.692507
v -0.569887 0.118848 -0.638089
v -0.512764 0.195760 -0.684694
v -0.577805 0.186495 -0.627413
v -0.541813 0.078493 -0.651888
v -0.562415 0.224630 -0.655285
v -0.523666 0.121818 -0.677729
v -0.476164 -0.001412 -0.331351
v -0.636956 0.000152 -0.205146
v -0.569334 0.063053 -0.315448
v -0.566617 -0.065435 -0.316355
v -0.617268 0.064060 -0.245789
v -0.622593 -0.066256 -0.246279
v -0.605730 0.194458 0.455342
v -0.604069 0.321435 0.403800
v -0.587579 0.235309 0.500382
v -0.618217 0.194931 0.396828
v -0.594621 0.303496 0.474646
v -0.612618 0.259835 0.362992
v -0.621308 -0.185934 0.456784
v -0.590735 -0.233006 0.413499
v -0.633596 -0.204845 0.499527
v -0.616402 -0.178750 0.389191
v -0.604732 -0.236691 0.467433
v -0.653404 -0.218715 0.362753
v -0.554905 -0.117505 0.640025
v -0.532751 -0.184135 0.706943
v -0.580732 -0.174107 0.629301
v -0.498592 -0.074681 0.645425
v -0.572079 -0.207788 0.670803
v -0.512298 -0.118791 0.720532
v -0.543719 0.116675 0.633658
v -0.515473 0.196443 0.721627
v -0.551595 0.184545 0.621201
v -0.531173 0.080203 0.691098
v -0.488411 0.214334 0.628171
v -0.512425 0.119540 0.723488
v -0.531586 -0.001356 0.340486
v -0.646573 0.000290 0.205279
v -0.596192 0.064742 0.317602
v -0.606602 -0.065435 0.317066
v -0.638435 0.066090 0.244310
v -0.624870 -0.065719 0.245400
v -0.266746 0.752359 0.217670
v -0.298762 0.744325 0.332601
v -0.299621 0.749091 0.217509
v -0.318027 0.743594 0.267349
v -0.252616 0.737575 0.270301
v -0.263624 0.737903 0.337449
v -0.283736 0.726514 -0.208569
v -0.332164 0.695668 -0.331039
v -0.288517 0.772121 -0.205831
v -0.318090 0.745260 -0.263438
v -0.412749 0.550093 -0.309663
v -0.360963 0.580314 -0.413330
v -0.154979 0.737840 0.218983
v -0.101560 0.727078 0.333498
v -0.188269 0.686224 0.226623
v -0.116608 0.712688 0.266293
v -0.171792 0.738330 0.269609
v -0.148187 0.727561 0.337853
v 0.113515 0.552035 -0.671872
v 0.198165 0.697653 -0.509577
v 0.178023 0.648013 -0.516362
v 0.250461 0.718748 -0.469299
v 0.089877 0.641085 -0.558883
v 0.123522 0.730574 -0.491976
v -0.465546 0.609112 0.440416
v -0.504303 0.566723 0.384173
v -0.489320 0.635304 0.376236
v -0.509177 0.597630 0.344315
v -0.420378 0.524183 0.473474
v -0.410809 0.494637 0.292982
v -0.238134 0.692979 0.545739
v -0.159195 0.690940 0.545916
v -0.196067 0.697674 0.578757
v -0.146476 0.698009 0.578894
v -0.253249 0.678264 0.466555
v -0.212758 0.680571 0.465392
v -0.408003 0.586397 0.647577
v -0.417700 0.503277 0.715711
v -0.388240 0.573116 0.697278
v -0.410770 0.527426 0.741287
v -0.444616 0.566290 0.615049
v -0.426594 0.508243 0.636401
v -0.468988 0.624060 -0.452737
v -0.519676 0.577756 -0.390201
v -0.487354 0.635247 -0.383299
v -0.521461 0.611532 -0.362489
v -0.459837 0.570938 -0.473234
v -0.513107 0.566040 -0.457304
v -0.073783 0.684801 -0.588497
v 0.082034 0.699483 -0.584102
v -0.025077 0.672423 -0.613175
v 0.036726 0.680252 -0.611042
v -0.023406 0.707198 -0.556135
v 0.036934 0.706212 -0.557851
v -0.404549 0.588574 -0.647869
v -0.403202 0.502393 -0.646524
v -0.372993 0.570388 -0.675951
v -0.386394 0.528341 -0.675733
v -0.438075 0.560706 -0.627642
v -0.406073 0.502921 -0.631070
v -0.555318 0.510582 -0.080253
v -0.559030 0.510770 0.076171
v -0.410992 0.496729 -0.071616
v -0.415164 0.509899 0.054209
v -0.573686 0.459859 -0.041375
v -0.563723 0.449263 0.039598
v -0.440056 0.422209 -0.510769
v -0.517546 0.390745 -0.636385
v -0.546923 0.380596 -0.542561
v -0.498205 0.332040 -0.574936
v -0.385394 0.253451 -0.319222
v -0.432883 0.425883 -0.636342
v -0.612512 0.324319 -0.200011
v -0.595778 0.196220 -0.121395
v -0.563973 0.261788 -0.230015
v -0.580116 0.194555 -0.189484
v -0.591475 0.329366 -0.121585
v -0.508323 0.263957 -0.080257
v -0.540321 0.443226 0.515006
v -0.442067 0.379534 0.626946
v -0.540754 0.373587 0.534859
v -0.537204 0.360905 0.616986
v -0.501063 0.494858 0.549072
v -0.443939 0.442802 0.568799
v -0.610549 0.325644 0.199594
v -0.589459 0.198170 0.122842
v -0.618754 0.261012 0.230537
v -0.631225 0.197973 0.190583
v -0.581999 0.329439 0.123909
v -0.519210 0.262829 0.081368
v 0.467350 -0.187109 0.488872
v 0.649289 0.052364 0.401981
v 0.547424 -0.173696 0.388310
v 0.612216 -0.064394 0.357942
v 0.551820 -0.114258 0.500912
v 0.618627 0.025155 0.469741
v -0.205368 -0.241006 0.586258
v 0.445374 -0.039019 0.719736
v -0.401808 -0.163652 0.693477
v 0.341578 -0.256267 0.740970
v 0.463273 -0.140790 0.609116
v 0.495559 -0.016418 0.667626
v 0.526562 0.613258 -0.554194
v 0.661610 0.588070 -0.522166
v 0.567774 0.626009 -0.519718
v 0.631489 0.613450 -0.500052
v 0.563223 0.588303 -0.577684
v 0.624712 0.571832 -0.564814
v 0.393933 0.580173 -0.651013
v 0.441910 0.497069 -0.657979
v 0.352927 0.569390 -0.676850
v 0.380462 0.525564 -0.680525
v 0.470080 0.558588 -0.642160
v 0.488409 0.504858 -0.655652
v 0.804687 0.514331 -0.432868
v 0.781703 -0.206280 -0.120429
v 0.799199 0.537807 -0.364988
v 0.777329 0.335102 -0.735073
v 0.758833 0.185763 -0.761998
v 0.787283 -0.209199 -0.165355
v 0.735935 0.460702 -0.622716
v 0.668321 0.396402 -0.648777
v 0.752136 0.392091 -0.637045
v 0.746673 0.364216 -0.653552
v 0.693646 0.507825 -0.643361
v 0.658672 0.509219 -0.654357
v 0.791060 0.237729 -0.655585
v 0.887016 0.019202 -0.121757
v 0.790263 0.082936 -0.583345
v 0.849585 -0.080709 -0.200157
v 0.781828 -0.183666 -0.366078
v 0.855955 -0.017386 -0.078362
v 0.724125 0.128419 0.522314
v 0.648472 0.115513 0.647824
v 0.738246 0.108981 0.555197
v 0.697763 0.099538 0.618393
v 0.668635 0.143179 0.552078
v 0.627190 0.131456 0.615576
v 0.849451 0.064149 0.194368
v 0.889470 0.027823 0.123093
v 0.855777 0.030680 0.243784
v 0.870414 0.007273 0.181314
v 0.860124 0.071374 0.123385
v 0.870451 0.028655 0.089958
v -0.120363 -0.451653 0.198015
v -0.200443 -0.462142 0.324638
v -0.193834 -0.480890 0.200928
v -0.230314 -0.486306 0.264158
v -0.081081 -0.434120 0.265824
v -0.122863 -0.432641 0.330973
v -0.121965 -0.385051 -0.196292
v -0.200323 -0.461187 -0.325080
v -0.191750 -0.471323 -0.197835
v -0.233249 -0.490841 -0.264267
v -0.083331 -0.428188 -0.266968
v -0.123285 -0.440556 -0.332337
v 0.122740 -0.465797 0.198095
v 0.203357 -0.456015 0.326490
v 0.191201 -0.492660 0.197949
v 0.232800 -0.483260 0.263761
v 0.079786 -0.425768 0.263435
v 0.120207 -0.434954 0.335098
v 0.123472 -0.461838 -0.199036
v 0.200766 -0.460301 -0.323523
v 0.191199 -0.489830 -0.196878
v 0.233183 -0.489477 -0.264123
v 0.080959 -0.443746 -0.263278
v 0.123546 -0.430735 -0.332464
v -0.470257 -0.459470 0.449385
v -0.498347 -0.352043 0.418119
v -0.484088 -0.468271 0.396197
v -0.505932 -0.414721 0.369244
v -0.475782 -0.408027 0.483419
v -0.500498 -0.367938 0.465298
v -0.076913 -0.465946 0.523569
v 0.080155 -0.451127 0.523883
v -0.040754 -0.466002 0.573407
v 0.040741 -0.456726 0.575721
v -0.041069 -0.436028 0.462877
v 0.040276 -0.420716 0.463281
v -0.395841 -0.405305 0.652234
v -0.424568 -0.335139 0.718461
v -0.361751 -0.398133 0.696523
v -0.384978 -0.366174 0.736785
v -0.442627 -0.399677 0.635806
v -0.456992 -0.370441 0.668224
v -0.464890 -0.444570 -0.463788
v -0.505671 -0.358503 -0.381248
v -0.477825 -0.452175 -0.373723
v -0.516578 -0.437649 -0.355016
v -0.482821 -0.431988 -0.501854
v -0.495535 -0.366136 -0.485867
v -0.078207 -0.468911 -0.514545
v 0.078892 -0.470846 -0.516951
v -0.039477 -0.491755 -0.550466
v 0.040839 -0.498648 -0.552532
v -0.039436 -0.414510 -0.461401
v 0.041987 -0.441509 -0.462814
v -0.395056 -0.426593 -0.601361
v -0.421237 -0.337456 -0.647433
v -0.358046 -0.406818 -0.635825
v -0.376125 -0.345919 -0.649059
v -0.441495 -0.404750 -0.586593
v -0.459334 -0.369965 -0.616845
v -0.603098 -0.333949 -0.076497
v -0.626510 -0.349163 0.084766
v -0.610538 -0.374052 -0.043779
v -0.622612 -0.383293 0.056179
v -0.605975 -0.296566 -0.044535
v -0.609584 -0.298062 0.059674
v -0.431837 -0.237804 -0.508133
v -0.535475 -0.286171 -0.604887
v -0.492661 -0.252632 -0.521281
v -0.576724 -0.280558 -0.594386
v -0.537893 -0.333949 -0.524907
v -0.509172 -0.304331 -0.581881
v -0.637726 -0.242373 -0.204391
v -0.676476 -0.176902 -0.122520
v -0.666206 -0.220393 -0.234484
v -0.683815 -0.178092 -0.193124
v -0.635818 -0.243048 -0.125656
v -0.663603 -0.206518 -0.078289
v -0.408632 -0.132094 0.605216
v -0.542125 -0.299602 0.655148
v -0.524158 -0.251957 0.555323
v -0.568923 -0.278675 0.612942
v -0.479603 -0.252049 0.546528
v -0.519829 -0.320905 0.626964
v -0.666872 -0.248838 0.194903
v -0.661992 -0.184308 0.123402
v -0.684340 -0.221998 0.230975
v -0.647028 -0.186811 0.186917
v -0.668225 -0.253120 0.121242
v -0.670012 -0.218228 0.085941
v 0.519793 -0.348733 0.449451
v 0.642536 -0.306527 0.398244
v 0.553414 -0.371417 0.383615
v 0.615888 -0.373068 0.360570
v 0.545056 -0.293396 0.491760
v 0.531992 -0.153368 0.408881
v 0.393737 -0.378039 0.633513
v 0.446345 -0.332838 0.720381
v 0.358748 -0.382810 0.693864
v 0.381017 -0.351451 0.727555
v 0.469166 -0.364510 0.625769
v 0.489395 -0.330393 0.659776
v 0.520551 -0.408320 -0.449257
v 0.647813 -0.379247 -0.398513
v 0.551185 -0.424967 -0.383619
v 0.616178 -0.412439 -0.359680
v 0.552312 -0.381752 -0.493638
v 0.616879 -0.355815 -0.469001
v 0.400021 -0.409854 -0.600822
v 0.443712 -0.325164 -0.645289
v 0.359647 -0.405542 -0.634793
v 0.382410 -0.361196 -0.656055
v 0.463397 -0.372253 -0.581658
v 0.493445 -0.334773 -0.609148
v 0.812048 -0.321482 -0.075355
v 0.811237 -0.338351 0.084614
v 0.799998 -0.371371 -0.040610
v 0.794715 -0.372482 0.037628
v 0.813940 -0.268666 -0.040311
v 0.825359 -0.297228 0.033377
v 0.717315 -0.289905 -0.514385
v 0.643175 -0.292487 -0.612391
v 0.735349 -0.294059 -0.542448
v 0.691043 -0.272131 -0.592181
v 0.582988 -0.199867 -0.479624
v 0.612957 -0.286368 -0.576235
v 0.647187 -0.179372 -0.559717
v 0.840628 -0.188000 -0.117369
v 0.838947 -0.198976 -0.233250
v 0.868576 -0.190693 -0.189041
v -0.536186 -0.180533 0.142785
v 0.763512 -0.180328 -0.007252
v 0.720238 -0.303364 0.520060
v 0.601812 -0.171432 0.598365
v 0.729075 -0.278581 0.548311
v 0.685860 -0.177039 0.579291
v 0.664099 -0.313457 0.548570
v 0.622444 -0.271608 0.609824
v 0.837711 -0.241611 0.189645
v 0.867673 -0.187431 0.121904
v 0.828461 -0.209792 0.235071
v 0.852756 -0.186948 0.177850
v 0.844445 -0.241256 0.121225
v 0.830547 -0.206299 0.087090
v 0.197288 -0.177415 0.969578
v 0.320844 -0.178538 0.914191
v 0.195121 -0.184799 0.957860
v 0.261286 -0.178571 0.907096
v 0.268678 -0.161425 0.977773
v 0.342038 -0.182997 0.957880
v -0.205022 -0.171539 0.974815
v -0.335508 -0.178512 0.932087
v -0.205923 -0.180650 0.953566
v -0.263301 -0.177561 0.897021
v -0.298682 -0.185112 0.974928
v -0.389182 -0.188191 0.972786
v 0.197561 -0.032732 0.971045
v 0.325015 0.006287 0.921557
v 0.196277 0.003938 0.961760
v 0.265153 0.009431 0.930881
v 0.267463 -0.056379 0.965937
v 0.331470 -0.045339 0.931114
v -0.350862 0.119011 0.972343
v -0.410265 0.197254 0.948421
v -0.299783 0.191623 0.962446
v -0.351950 0.231248 0.938661
v -0.379827 0.080518 0.963376
v -0.412466 0.124289 0.947042
v 0.516978 -0.173858 0.867298
v 0.523795 -0.055881 0.847762
v 0.568594 -0.152930 0.818896
v 0.570331 -0.070265 0.816201
v 0.465903 -0.138651 0.891532
v 0.465266 -0.084298 0.880814
v -0.419580 -0.069311 0.798301
v -0.419519 0.092586 0.496387
v -0.468632 -0.038798 0.783528
v -0.415787 0.034656 0.786335
v -0.416479 -0.041422 0.879858
v -0.417906 0.032392 0.866088
v 0.199847 -0.097189 -0.794680
v 0.325135 -0.148530 -0.768925
v 0.195487 -0.141808 -0.796676
v 0.263068 -0.169766 -0.780148
v 0.261343 -0.066171 -0.759937
v 0.318720 -0.090542 -0.735482
v -0.196916 -0.098130 -0.791492
v -0.321568 -0.148506 -0.769104
v -0.197366 -0.143505 -0.799009
v -0.261945 -0.170712 -0.787345
v -0.260864 -0.064790 -0.768321
v -0.315348 -0.092769 -0.736447
v 0.196935 0.118920 -0.768120
v 0.312248 0.190805 -0.716325
v 0.196179 0.194769 -0.777807
v 0.252060 0.224817 -0.720857
v 0.262018 0.080561 -0.759164
v 0.273017 0.102099 -0.681970
v -0.195856 0.121244 -0.777340
v -0.301199 0.205731 -0.697369
v -0.194415 0.188873 -0.775815
v -0.261119 0.226444 -0.764026
v -0.263269 0.080858 -0.759772
v -0.306651 0.105084 -0.706906
v 0.522370 -0.066680 -0.739072
v 0.511759 0.076533 -0.736529
v 0.537788 -0.035754 -0.697574
v 0.554312 0.041238 -0.706111
v 0.494771 -0.047749 -0.652946
v 0.482020 0.042958 -0.679705
v -0.435483 -0.066666 -0.691450
v -0.468989 0.081999 -0.749860
v -0.364195 -0.031825 -0.607704
v -0.480617 0.026650 -0.714572
v -0.435725 -0.039488 -0.732624
v -0.420688 0.040273 -0.724715
v -0.433301 0.722547 0.061508
v -0.430860 0.694283 -0.070667
v -0.398431 0.734176 0.061311
v -0.399795 0.716272 -0.070558
v -0.483721 0.667526 0.088106
v -0.419901 0.710294 0.130266
v -0.473980 0.674626 0.195854
v -0.481583 0.664067 -0.127315
v -0.420293 0.724570 -0.155711
v -0.479110 0.692382 -0.180883
v -0.521239 0.655133 0.009200
v -0.509289 0.660732 -0.168058
v -0.527699 0.617652 -0.033847
v -0.496686 0.636712 0.156830
v -0.539361 0.631004 0.042157
v 0.434811 0.538190 -0.578179
v 0.438611 0.685327 -0.383394
v 0.332326 0.490790 -0.694394
v 0.338842 0.697379 -0.398159
v 0.582660 0.551663 -0.556815
v 0.195900 0.473940 -0.756906
v 0.534490 0.469495 -0.651369
v 0.567488 0.683969 -0.356134
v 0.404340 0.701752 -0.396685
v 0.541619 0.676699 -0.405242
v 0.638767 0.668786 -0.292731
v 0.608803 0.663171 -0.384549
v 0.667932 0.659509 -0.286583
v 0.617945 0.552351 -0.615076
v 0.668760 0.646520 -0.275371
v -0.430111 -0.543890 0.068002
v -0.430150 -0.540969 -0.065563
v -0.384449 -0.491060 0.063915
v -0.382271 -0.501074 -0.067959
v -0.487994 -0.522095 0.105504
v -0.417370 -0.528636 0.132154
v -0.475376 -0.524456 0.172263
v -0.472810 -0.492733 -0.101484
v -0.415232 -0.536753 -0.131855
v -0.470623 -0.509747 -0.172942
v -0.517211 -0.493445 0.000718
v -0.507918 -0.497978 -0.150386
v -0.535789 -0.464062 -0.043363
v -0.511513 -0.506152 0.146758
v -0.540098 -0.470440 0.050186
v 0.443971 -0.494797 0.065923
v 0.446232 -0.476908 -0.064751
v 0.382185 -0.492806 0.066004
v 0.379620 -0.495823 -0.066331
v 0.553020 -0.468268 0.105236
v 0.421871 -0.503410 0.131163
v 0.526781 -0.466077 0.171833
v 0.551924 -0.470054 -0.106675
v 0.420056 -0.489582 -0.132557
v 0.529350 -0.469837 -0.172742
v 0.617228 -0.459679 0.000041
v 0.591954 -0.456901 -0.146910
v 0.659791 -0.441892 -0.041029
v 0.595897 -0.462001 0.146707
v 0.657901 -0.441198 0.040683
v 0.000727 -0.395660 0.781639
v -0.106841 -0.356644 0.822909
v -0.040744 -0.415558 0.748813
v -0.146855 -0.382482 0.789309
v 0.107363 -0.359768 0.825513
v 0.039679 -0.407851 0.748713
v 0.146318 -0.387248 0.785200
v 0.065163 -0.311901 0.884433
v -0.065015 -0.277811 0.890113
v 0.065435 -0.271779 0.915262
v -0.052494 -0.175021 0.903324
v 0.168423 -0.351253 0.814205
v 0.129649 -0.297558 0.885225
v -0.171938 -0.352380 0.825582
v -0.128693 -0.254860 0.893263
v -0.183317 0.578475 0.770763
v -0.243234 0.530289 0.822748
v -0.194714 0.606217 0.751235
v -0.267502 0.563677 0.776284
v -0.122242 0.529604 0.822495
v -0.143334 0.607121 0.751109
v -0.107605 0.561912 0.775367
v -0.180585 0.444660 0.891985
v -0.227572 0.443718 0.890919
v -0.401697 0.361357 0.920139
v -0.228833 0.382513 0.917752
v -0.217911 0.517041 0.829969
v -0.470155 0.286437 0.904877
v -0.287372 0.515175 0.829867
v -0.269300 0.422046 0.896752
v -0.000769 -0.383656 -0.681856
v -0.107022 -0.353901 -0.711767
v -0.040405 -0.416078 -0.663868
v -0.148388 -0.389218 -0.694012
v 0.104913 -0.310053 -0.688261
v 0.041467 -0.422277 -0.663873
v 0.147040 -0.384573 -0.687965
v 0.061974 -0.159811 -0.619235
v -0.064234 -0.250065 -0.706556
v -0.341859 -0.191423 0.035778
v -0.059497 -0.170526 -0.670946
v 0.168802 -0.320238 -0.697344
v 0.132394 -0.167500 -0.628211
v -0.170348 -0.349910 -0.713710
v -0.132231 -0.271923 -0.743930
v 0.006312 0.568530 -0.721538
v -0.107420 0.385776 -0.600064
v -0.031645 0.589771 -0.702424
v -0.178923 0.514601 -0.656277
v 0.065039 0.401313 -0.613756
v 0.038711 0.595220 -0.704784
v 0.141554 0.550625 -0.704137
v 0.065672 0.435902 -0.749388
v -0.064805 0.438686 -0.726130
v 0.066000 0.380486 -0.758650
v -0.059022 0.363398 -0.714890
v 0.164453 0.508197 -0.699086
v 0.129707 0.418471 -0.763237
v -0.195173 0.504081 -0.695326
v -0.141104 0.337047 -0.592602
v 0.796330 0.106124 -0.610440
v 0.829730 0.025257 -0.563531
v 0.809000 0.179703 -0.591036
v 0.828006 0.126455 -0.569560
v 0.800389 -0.139452 -0.575588
v 0.842430 -0.125200 -0.448865
v 0.797226 -0.176602 -0.521434
v 0.847425 -0.154272 -0.425867
v 0.771932 0.005591 -0.653365
v 0.770634 -0.156838 -0.602536
v 0.729128 -0.024835 -0.655080
v 0.771935 0.145093 -0.639366
v 0.734878 0.036836 -0.654065
v 0.834036 -0.072958 -0.440519
v 0.860772 -0.117350 -0.382635
v 0.808070 -0.021005 0.547895
v 0.839457 -0.051277 0.440140
v 0.810307 0.014992 0.532069
v 0.843275 -0.014418 0.418479
v 0.804639 -0.143864 0.547851
v 0.838601 -0.120917 0.439988
v 0.794329 -0.178799 0.527432
v 0.842271 -0.156004 0.418852
v 0.776345 -0.086834 0.618614
v 0.767138 -0.176183 0.595099
v 0.755332 -0.112750 0.664587
v 0.779798 0.000469 0.591518
v 0.754466 -0.063436 0.663957
v 0.858101 -0.049946 0.376712
v 0.859582 -0.118290 0.376637
v -0.601609 0.104921 -0.548690
v -0.469033 0.064908 -0.412802
v -0.601849 0.172615 -0.528098
v -0.581392 0.132595 -0.416608
v -0.598527 -0.104460 -0.543646
v -0.496433 -0.068896 -0.435678
v -0.615661 -0.166770 -0.525585
v -0.597439 -0.130542 -0.419828
v -0.585531 0.000208 -0.606536
v -0.569093 -0.144357 -0.586702
v -0.586321 -0.039970 -0.653072
v -0.590757 0.147022 -0.592127
v -0.581137 0.038290 -0.645195
v -0.508361 0.066931 -0.374274
v -0.493199 -0.067626 -0.374826
v -0.570490 0.100745 0.549643
v -0.433362 0.089260 0.411665
v -0.595271 0.172689 0.527546
v -0.570231 0.132494 0.419213
v -0.555642 -0.102157 0.548917
v -0.425048 -0.083960 0.407772
v -0.609524 -0.168713 0.527833
v -0.562584 -0.128625 0.420578
v -0.584733 -0.000358 0.601980
v -0.595288 -0.145249 0.588199
v -0.547732 -0.040282 0.649074
v -0.588237 0.145687 0.587771
v -0.558737 0.040883 0.651692
v -0.523588 0.063030 0.383971
v -0.515265 -0.065696 0.379327
v -0.251981 0.770985 0.061648
v -0.274063 0.735881 -0.074507
v -0.290890 0.763567 0.061425
v -0.309108 0.727927 -0.075137
v -0.220960 0.691411 0.060963
v -0.512600 0.482672 -0.236061
v -0.335851 0.553127 0.064572
v -0.323445 0.467984 -0.704294
v -0.228148 0.732921 0.136800
v -0.287155 0.743361 0.133524
v -0.225717 0.752434 0.218886
v -0.395897 0.588039 -0.172175
v -0.274951 0.766136 -0.160404
v -0.412476 0.576125 -0.232761
v -0.218270 0.679407 0.128490
v -0.195043 0.742224 0.221054
v -0.004102 0.511682 -0.728171
v -0.247107 0.510165 -0.593876
v -0.355516 0.717253 0.372417
v -0.416710 0.661215 0.412054
v -0.374953 0.719671 0.332530
v -0.434154 0.689042 0.357359
v -0.290114 0.686031 0.573648
v -0.354876 0.642755 0.598713
v -0.278993 0.657261 0.605843
v -0.336608 0.620484 0.657634
v -0.316955 0.678688 0.448485
v -0.335145 0.736716 0.333863
v -0.292631 0.709068 0.375937
v -0.416224 0.630134 0.551264
v -0.453810 0.650481 0.394440
v -0.447528 0.594495 0.532947
v -0.237468 0.697970 0.576595
v -0.283432 0.679908 0.459283
v -0.371968 0.608401 0.655072
v -0.433335 0.604799 0.585224
v -0.355686 0.716170 -0.385886
v -0.416411 0.674128 -0.433805
v -0.377460 0.710474 -0.329945
v -0.433377 0.680632 -0.369856
v -0.198732 0.677976 -0.604702
v -0.311096 0.615292 -0.632998
v -0.168625 0.653561 -0.633665
v -0.257221 0.617620 -0.655530
v -0.263305 0.642383 -0.540894
v -0.336502 0.732857 -0.331105
v -0.296008 0.620287 -0.487859
v -0.416207 0.629460 -0.530368
v -0.455748 0.659850 -0.409381
v -0.451245 0.614241 -0.514714
v -0.128252 0.669704 -0.610672
v -0.133522 0.672275 -0.579290
v -0.346757 0.600860 -0.653802
v -0.431525 0.599541 -0.584327
v -0.511437 0.546715 -0.290985
v -0.587102 0.527313 -0.191382
v -0.554159 0.581771 -0.260134
v -0.558668 0.556980 -0.171817
v -0.514198 0.404283 -0.390950
v -0.597691 0.383201 -0.307101
v -0.416995 0.325170 -0.398032
v -0.594582 0.320512 -0.333522
v -0.513470 0.523014 -0.416020
v -0.541854 0.583227 -0.336264
v -0.543643 0.551093 -0.442242
v -0.578248 0.450746 -0.195302
v -0.525926 0.522336 -0.119257
v -0.577947 0.454029 -0.117902
v -0.516219 0.397026 -0.474697
v -0.456669 0.507008 -0.445412
v -0.620513 0.325384 -0.270493
v -0.586547 0.387528 -0.158291
v -0.570830 0.554078 0.302315
v -0.608288 0.538502 0.203127
v -0.563255 0.588015 0.260768
v -0.555255 0.546818 0.163816
v -0.588318 0.423739 0.411865
v -0.570904 0.381905 0.304471
v -0.596416 0.363709 0.444461
v -0.605282 0.321907 0.334909
v -0.552398 0.522097 0.407688
v -0.552714 0.588153 0.336336
v -0.485562 0.530259 0.422024
v -0.560993 0.450254 0.197685
v -0.539663 0.521412 0.114644
v -0.579278 0.454715 0.118947
v -0.563781 0.397447 0.473541
v -0.520640 0.502549 0.483202
v -0.616159 0.325633 0.270282
v -0.594318 0.392998 0.161673
v -0.118200 0.666662 0.367759
v -0.427263 0.515805 0.395127
v -0.249159 0.601316 0.343733
v -0.480817 0.459186 0.345951
v -0.052054 0.689336 0.573465
v -0.213549 0.577503 0.587357
v -0.103247 0.659022 0.605942
v -0.234161 0.560969 0.660463
v -0.147744 0.670855 0.448249
v -0.109594 0.693859 0.337025
v -0.140885 0.704369 0.375405
v -0.106988 0.691549 0.577203
v -0.190925 0.669767 0.460143
v -0.529319 0.298330 0.535030
v -0.378150 -0.195582 0.442060
v 0.145579 -0.290209 0.508513
v -0.499512 0.504392 0.652452
v -0.019910 -0.264542 0.548201
v 0.303127 0.728198 -0.496223
v 0.402412 0.649904 -0.546347
v 0.319269 0.727586 -0.467831
v 0.443791 0.664665 -0.507424
v 0.194723 0.665558 -0.607676
v 0.301220 0.645122 -0.626332
v 0.148311 0.651967 -0.634207
v 0.276141 0.624870 -0.655410
v 0.194708 0.688290 -0.557893
v 0.283364 0.733880 -0.473493
v 0.146477 0.705704 -0.529822
v 0.121738 0.678570 -0.609011
v 0.122244 0.704327 -0.555811
v 0.404767 0.613295 -0.600366
v 0.485084 0.638141 -0.533131
v 0.483768 0.603656 -0.588153
v 0.321535 0.609503 -0.653917
v 0.442938 0.591377 -0.620117
v 0.719657 0.564984 -0.469329
v 0.790332 0.530436 -0.406825
v 0.696011 0.600240 -0.432482
v 0.750592 0.565856 -0.389724
v 0.790736 0.424695 -0.534569
v 0.834745 0.380108 -0.457362
v 0.804511 0.364606 -0.542808
v 0.843111 0.330653 -0.478509
v 0.729069 0.522856 -0.536792
v 0.678784 0.599049 -0.470666
v 0.680734 0.554569 -0.550651
v 0.816722 0.453820 -0.458964
v 0.799574 0.537397 -0.335419
v 0.793690 0.460076 -0.603521
v 0.774199 0.407411 -0.574421
v 0.703871 0.515369 -0.578335
v 0.841269 0.332334 -0.487964
v 0.792025 0.362731 -0.680766
v 0.735260 0.034024 0.302421
v 0.777873 -0.079512 0.194952
v 0.709854 -0.136479 0.269090
v 0.769165 -0.299684 -0.138263
v 0.792998 0.142025 0.415626
v 0.833925 0.127962 0.308274
v 0.799541 0.111041 0.444884
v 0.840230 0.097240 0.336555
v 0.736801 0.158687 0.415044
v 0.677764 -0.024933 0.330339
v 0.677816 0.131756 0.444468
v 0.820353 0.118302 0.192629
v 0.774132 -0.302304 -0.170287
v 0.820210 0.051989 0.122063
v 0.771169 0.127217 0.485797
v 0.704429 0.155427 0.485357
v 0.852167 0.097084 0.282381
v 0.845659 0.114722 0.150949
v -0.110213 -0.501162 0.068219
v -0.109479 -0.390176 -0.064763
v -0.177728 -0.503105 0.065991
v -0.180014 -0.469313 -0.067145
v 0.109477 -0.509185 0.066884
v 0.110229 -0.475594 -0.067071
v 0.178192 -0.498823 0.066920
v 0.179411 -0.509731 -0.065952
v 0.000036 -0.418788 0.132506
v -0.149645 -0.498336 0.131347
v -0.042048 -0.436737 0.198193
v 0.002405 -0.372153 -0.126998
v -0.153153 -0.401093 -0.134041
v -0.039820 -0.386440 -0.195488
v 0.150634 -0.495160 0.132966
v 0.042747 -0.444984 0.200591
v 0.151990 -0.493466 -0.133992
v 0.041362 -0.427388 -0.199744
v -0.307143 -0.473515 0.386480
v -0.410399 -0.479977 0.428252
v -0.339086 -0.494775 0.324675
v -0.426894 -0.499437 0.369290
v -0.196705 -0.459956 0.563437
v -0.299473 -0.404524 0.595869
v -0.158113 -0.436609 0.610447
v -0.256457 -0.331300 0.625499
v -0.198704 -0.432748 0.451994
v -0.270393 -0.481287 0.325977
v -0.162719 -0.431652 0.392092
v -0.407441 -0.428442 0.534800
v -0.452183 -0.496188 0.413289
v -0.447357 -0.434733 0.511926
v -0.119307 -0.465707 0.573378
v -0.118441 -0.438960 0.462018
v -0.331608 -0.396024 0.651873
v -0.424262 -0.412809 0.576135
v -0.307450 -0.473728 -0.385208
v -0.401148 -0.477142 -0.421464
v -0.338666 -0.488622 -0.325134
v -0.428001 -0.510343 -0.363003
v -0.196716 -0.495623 -0.547305
v -0.300404 -0.453732 -0.574453
v -0.159352 -0.482448 -0.578990
v -0.266740 -0.451431 -0.609179
v -0.196686 -0.440013 -0.450567
v -0.269296 -0.484406 -0.325429
v -0.161594 -0.444245 -0.393572
v -0.409515 -0.458513 -0.524837
v -0.442629 -0.472925 -0.397881
v -0.454883 -0.467627 -0.515470
v -0.121238 -0.493781 -0.553081
v -0.119862 -0.427208 -0.457712
v -0.332711 -0.436050 -0.607099
v -0.428468 -0.441845 -0.560569
v -0.533961 -0.340437 -0.297788
v -0.602418 -0.366701 -0.206320
v -0.561442 -0.421701 -0.255140
v -0.598407 -0.405331 -0.165541
v -0.421067 0.517415 0.302257
v -0.440445 -0.183813 -0.298663
v -0.415821 -0.131738 -0.484182
v -0.542771 -0.218941 -0.361005
v -0.412175 -0.150169 -0.390615
v -0.531395 -0.389642 -0.337079
v -0.473379 -0.268244 -0.458883
v -0.520852 -0.247349 -0.196674
v -0.601310 -0.365597 -0.121568
v -0.609489 -0.298489 -0.124329
v -0.412040 0.119528 -0.720557
v -0.505424 -0.277235 -0.517476
v -0.593855 -0.233653 -0.255126
v -0.614581 -0.266602 -0.166703
v -0.543855 -0.349021 0.303077
v -0.610921 -0.374263 0.190892
v -0.559454 -0.421952 0.258712
v -0.604259 -0.410959 0.157023
v -0.399440 -0.162325 0.333190
v -0.633010 -0.275729 0.302573
v -0.476330 -0.213954 0.452578
v -0.624823 -0.240525 0.331978
v -0.384769 -0.175161 0.351759
v -0.521318 -0.367763 0.333989
v -0.469100 -0.239146 0.456606
v -0.631829 -0.309482 0.193336
v -0.622971 -0.386801 0.114315
v -0.639018 -0.314355 0.116141
v -0.405325 -0.155652 0.515645
v -0.406731 -0.182254 0.491464
v -0.674458 -0.254432 0.269485
v -0.644231 -0.278266 0.158793
v 0.307282 -0.473840 0.383993
v 0.416440 -0.443190 0.427977
v 0.338477 -0.494909 0.324339
v 0.445382 -0.448136 0.364665
v 0.198161 -0.464401 0.564211
v 0.303252 -0.439366 0.602261
v 0.159709 -0.445854 0.617104
v 0.267958 -0.411013 0.650199
v 0.199134 -0.427983 0.453930
v 0.271078 -0.489784 0.325883
v 0.160430 -0.441498 0.394120
v 0.118790 -0.466171 0.570874
v 0.119384 -0.432080 0.460020
v 0.413231 -0.401474 0.535156
v 0.485071 -0.415529 0.409776
v 0.480284 -0.362960 0.513277
v 0.325829 -0.401542 0.638936
v 0.442558 -0.386647 0.582261
v 0.308267 -0.480944 -0.386695
v 0.414507 -0.448993 -0.427466
v 0.339033 -0.488953 -0.326101
v 0.443937 -0.452175 -0.364946
v 0.199425 -0.486761 -0.542871
v 0.302650 -0.452487 -0.573757
v 0.160961 -0.448117 -0.570245
v 0.270199 -0.417090 -0.595751
v 0.194547 -0.387852 -0.447065
v 0.270728 -0.488564 -0.325776
v 0.159070 -0.441543 -0.392884
v 0.116561 -0.494233 -0.544846
v 0.118134 -0.426799 -0.456987
v 0.416163 -0.425476 -0.529182
v 0.484471 -0.437098 -0.406379
v 0.483707 -0.408700 -0.511556
v 0.332418 -0.434869 -0.608249
v 0.439050 -0.412032 -0.556375
v 0.734156 -0.381802 -0.304215
v 0.787959 -0.364055 -0.195897
v 0.705796 -0.410076 -0.266863
v 0.769709 -0.394104 -0.158969
v 0.782938 -0.253413 -0.409650
v 0.825449 -0.268835 -0.297544
v 0.770966 -0.175810 -0.482167
v 0.789828 -0.178949 -0.275355
v 0.731870 -0.335717 -0.415540
v 0.676599 -0.394811 -0.334753
v 0.672388 -0.336588 -0.439153
v 0.805338 -0.267611 -0.196834
v 0.800510 -0.370113 -0.118723
v 0.807890 -0.240258 -0.114021
v 0.768044 -0.285820 -0.482216
v 0.698467 -0.302056 -0.482720
v 0.838721 -0.238435 -0.262839
v 0.779725 -0.179689 -0.184387
v 0.730971 -0.382509 0.301798
v 0.786189 -0.349467 0.194703
v 0.705395 -0.407007 0.268394
v 0.772393 -0.388921 0.159957
v 0.791290 -0.310817 0.413062
v 0.830763 -0.291766 0.306770
v 0.786530 -0.268167 0.433163
v 0.821819 -0.227219 0.328995
v 0.735593 -0.340597 0.414809
v 0.676913 -0.390113 0.332337
v 0.672243 -0.290228 0.440162
v 0.749236 -0.217468 0.178326
v 0.798290 -0.370476 0.120522
v 0.818451 -0.298906 0.119011
v 0.768025 -0.291034 0.482858
v 0.698806 -0.334859 0.481605
v 0.845057 -0.251985 0.281487
v 0.827960 -0.267293 0.148832
v 0.072480 -0.158461 0.988908
v -0.056191 -0.163189 0.975742
v 0.068662 -0.182788 0.958730
v -0.061811 -0.185530 0.960668
v 0.069348 -0.021232 0.990527
v -0.088802 -0.111970 0.975257
v 0.068251 -0.018863 0.984332
v -0.274306 0.017618 0.973866
v 0.132497 -0.095566 0.989339
v 0.140631 -0.182694 0.980612
v 0.199856 -0.124345 0.976783
v -0.138128 -0.115896 0.980814
v -0.133084 -0.176001 0.964920
v -0.207018 -0.154897 0.978510
v 0.132993 -0.003395 0.980258
v 0.199260 -0.078358 0.976105
v -0.329262 0.104754 0.978356
v -0.314644 -0.042642 0.972773
v 0.427608 -0.276836 0.802570
v 0.332674 -0.176864 0.852184
v 0.364830 -0.309345 0.814644
v 0.323214 -0.253142 0.877652
v 0.501453 -0.178050 0.732395
v 0.559938 -0.175866 0.848979
v 0.479956 -0.180845 0.632562
v 0.816080 -0.179018 0.971981
v 0.530252 -0.283368 0.722416
v 0.407822 -0.329216 0.773849
v 0.517302 -0.312048 0.703987
v 0.205632 -0.183050 0.302062
v 0.579785 -0.261376 0.673246
v 0.467101 -0.179935 0.877316
v 0.321091 -0.214928 0.892390
v 0.428724 -0.182106 0.986796
v 0.622746 -0.186184 1.010417
v 0.473007 -0.190384 0.971215
v -0.405795 -0.238371 0.779581
v -0.334827 -0.191153 0.780664
v -0.363545 -0.305641 0.806902
v -0.319265 -0.243447 0.876815
v -0.507841 -0.238129 0.719491
v -0.495381 -0.183553 0.788258
v -0.544960 -0.224838 0.683334
v -0.506812 -0.155212 0.757873
v -0.426270 -0.239257 0.677928
v -0.403146 -0.318341 0.768414
v -0.459207 -0.315230 0.682412
v -0.540210 -0.263384 0.657753
v -0.501852 -0.313788 0.671239
v -0.411661 -0.161877 0.810371
v -0.311118 -0.190615 0.881178
v -0.412613 -0.174040 0.970342
v -0.475993 -0.115942 0.786033
v -0.414807 -0.091941 0.873368
v 0.427709 0.110846 0.803247
v 0.385449 0.045541 0.869139
v 0.364645 0.025250 0.814985
v 0.324187 0.076470 0.881665
v 0.611663 0.070872 0.740955
v 0.563287 0.012679 0.800518
v 0.658172 0.054260 0.707466
v 0.614941 -0.002734 0.769398
v 0.532254 0.113697 0.726921
v 0.405834 -0.015499 0.775248
v 0.519117 0.094306 0.706073
v 0.656961 0.081375 0.678725
v 0.583195 0.125477 0.680896
v 0.455226 0.002344 0.867023
v 0.325684 0.039520 0.907268
v 0.392038 -0.017333 0.903121
v 0.569730 -0.025441 0.812378
v 0.461177 -0.036387 0.875645
v -0.415058 0.425475 0.785661
v -0.420121 0.310072 0.989311
v -0.426172 0.516526 0.930500
v -0.408482 0.341737 0.912604
v -0.507260 0.300070 0.722595
v -0.471307 0.195358 0.780433
v -0.517221 0.264477 0.695296
v -0.490968 0.159147 0.763209
v -0.420335 0.329799 0.712317
v -0.418727 0.481065 0.770789
v -0.421014 0.455283 0.674442
v -0.523847 0.333247 0.672941
v -0.396394 0.181498 0.481201
v -0.416568 0.186393 0.868166
v -0.409063 0.279702 0.940709
v -0.419428 0.170031 0.971165
v -0.404379 0.184443 0.660643
v -0.416573 0.094771 0.851588
v 0.065967 -0.088284 -0.807296
v -0.066567 -0.088031 -0.813396
v 0.064597 -0.132747 -0.793723
v -0.067614 -0.134583 -0.805448
v 0.066268 0.110127 -0.781124
v -0.064495 0.108479 -0.780040
v 0.067982 0.144154 -0.690942
v -0.066140 0.169862 -0.740517
v 0.132214 0.000299 -0.766228
v 0.130145 -0.117511 -0.801396
v 0.199953 -0.036992 -0.773085
v -0.127135 0.000004 -0.747733
v -0.130183 -0.116365 -0.801001
v -0.195206 -0.034633 -0.760720
v 0.130313 0.154387 -0.764955
v 0.199681 0.040821 -0.765493
v -0.133237 0.149950 -0.786975
v -0.200093 0.040931 -0.766803
v 0.423183 -0.283518 -0.702123
v 0.376903 -0.220416 -0.740440
v 0.363849 -0.305640 -0.712867
v 0.317939 -0.224507 -0.733979
v 0.591003 -0.179586 -0.643998
v 0.554857 -0.157738 -0.719554
v 0.557496 -0.126390 -0.572629
v 0.601399 -0.130175 -0.683575
v 0.496671 -0.184263 -0.581721
v 0.406698 -0.325240 -0.683492
v 0.517482 -0.282420 -0.627378
v 0.638976 -0.231560 -0.619146
v 0.578750 -0.275766 -0.613730
v 0.450394 -0.147149 -0.741189
v 0.324814 -0.197194 -0.770781
v 0.391612 -0.121992 -0.748625
v 0.549802 -0.096073 -0.698467
v 0.458447 -0.095687 -0.738455
v -0.285070 -0.006874 -0.567223
v -0.377921 -0.206489 -0.717071
v -0.347338 -0.218075 -0.660661
v -0.319484 -0.236829 -0.747422
v -0.508123 -0.232781 -0.663868
v -0.497749 -0.151025 -0.728818
v -0.545683 -0.209824 -0.653865
v -0.526297 -0.129325 -0.711829
v -0.465531 -0.283816 -0.654696
v -0.399508 -0.238435 -0.638252
v -0.462576 -0.314775 -0.629737
v -0.546808 -0.263280 -0.622069
v -0.441933 -0.237570 -0.563067
v -0.421596 -0.149076 -0.740403
v -0.319651 -0.192445 -0.760806
v -0.380488 -0.120777 -0.750084
v -0.481979 -0.103047 -0.715340
v -0.431019 -0.097028 -0.753552
v 0.409879 0.395063 -0.695131
v 0.382545 0.305378 -0.759253
v 0.360505 0.421246 -0.688894
v 0.343467 0.338556 -0.705806
v 0.588746 0.293079 -0.662281
v 0.540003 0.190697 -0.701460
v 0.643456 0.269480 -0.653777
v 0.553683 0.139668 -0.652171
v 0.520464 0.404942 -0.657915
v 0.387492 0.446780 -0.654016
v 0.505356 0.479443 -0.651996
v 0.661275 0.322277 -0.653189
v 0.566946 0.449965 -0.652570
v 0.469597 0.218517 -0.650434
v 0.331499 0.279572 -0.716182
v 0.256050 0.091972 -0.597077
v 0.546027 0.114035 -0.699718
v 0.484344 0.100340 -0.685038
v -0.410113 0.413400 -0.712769
v -0.380946 0.302360 -0.744384
v -0.345741 0.408655 -0.653290
v -0.322643 0.336232 -0.749720
v -0.508192 0.306388 -0.691832
v -0.405785 0.246293 -0.377020
v -0.524396 0.262996 -0.665693
v -0.429441 0.154276 -0.675164
v -0.323527 0.268167 -0.632822
v -0.397435 0.480007 -0.691971
v -0.413851 0.503566 -0.644017
v -0.518982 0.326597 -0.655168
v -0.459378 0.424392 -0.627160
v -0.431885 0.199652 -0.690961
v -0.325882 0.266215 -0.748898
v -0.197671 0.096163 -0.586682
v -0.439288 0.088916 -0.698097
v -0.424989 0.105795 -0.695969
v 0.899399 -0.047658 -0.110213
v 0.896662 -0.121244 -0.111139
v 0.891803 -0.049493 -0.172768
v 0.890011 -0.121263 -0.172309
v 0.901593 -0.042751 0.114191
v 0.898619 -0.118951 0.115309
v 0.882235 -0.057336 0.164205
v 0.881106 -0.124189 0.163608
v 0.893221 -0.021801 -0.011661
v 0.893941 -0.009046 -0.146737
v 0.890388 0.019329 -0.040984
v 0.891644 -0.009793 0.138996
v 0.880243 0.000126 0.032352
v 0.886226 -0.158568 -0.013109
v 0.887252 -0.156505 -0.145924
v 0.871116 -0.190400 -0.040474
v 0.890747 -0.155504 0.138893
v 0.869927 -0.189499 0.029796
v -0.645084 0.067788 -0.110393
v -0.647183 -0.065839 -0.109778
v -0.633592 0.066408 -0.179411
v -0.651991 -0.066158 -0.178987
v -0.629166 0.067001 0.110796
v -0.645406 -0.065757 0.110133
v -0.651311 0.066667 0.180053
v -0.625972 -0.065393 0.177064
v -0.579589 0.132881 -0.000622
v -0.629966 0.132308 -0.151412
v -0.512856 0.197498 -0.039912
v -0.621115 0.131728 0.151131
v -0.515981 0.198131 0.039256
v -0.620547 -0.131056 -0.000003
v -0.657760 -0.131973 -0.150703
v -0.662468 -0.179053 -0.040612
v -0.625306 -0.132159 0.149377
v -0.647372 -0.180586 0.043033
v -0.354517 0.729579 0.133102
v -0.372794 0.727833 0.217703
v -0.351867 0.741814 -0.159315
v -0.369294 0.745363 -0.205710
v -0.338670 0.734355 0.218348
v -0.332964 0.752511 -0.206841
v -0.485087 0.662701 0.284104
v -0.511495 0.630175 0.250426
v -0.501570 0.634824 0.328639
v -0.484478 0.663637 -0.273629
v -0.515388 0.638429 -0.254775
v -0.502089 0.635892 -0.323366
v -0.412630 0.506667 -0.090450
v -0.415479 0.521034 0.062907
v -0.418867 0.184991 -0.098688
v -0.451135 0.479227 0.118003
v -0.370134 0.517679 0.220700
v 0.299472 0.703059 -0.430637
v 0.315499 0.757980 -0.387453
v -0.264052 0.609123 0.238276
v 0.281986 0.725046 -0.436500
v 0.176408 -0.177002 -0.617503
v 0.615338 -0.215138 -0.309073
v 0.580218 -0.176119 0.335490
v 0.561321 0.650082 -0.469203
v 0.624389 0.646691 -0.434298
v 0.593979 0.640068 -0.475119
v 0.721979 0.601479 -0.317221
v 0.713533 0.583530 -0.428190
v 0.758247 0.556351 -0.423500
v -0.288265 -0.479665 0.132020
v -0.329092 -0.475922 0.196844
v -0.289821 -0.493719 -0.131975
v -0.330823 -0.474699 -0.197023
v -0.257860 -0.445517 0.194703
v -0.260747 -0.482973 -0.198918
v -0.478282 -0.486656 0.270005
v -0.508655 -0.472967 0.244945
v -0.494826 -0.450694 0.315150
v -0.481029 -0.494164 -0.274758
v -0.519952 -0.483952 -0.249151
v -0.496808 -0.462038 -0.317998
v -0.576665 -0.424004 -0.043499
v -0.579429 -0.425103 0.053810
v -0.595008 -0.398115 0.004349
v 0.289264 -0.476479 0.131925
v 0.332911 -0.476692 0.196967
v 0.289616 -0.490060 -0.132605
v 0.330349 -0.480168 -0.197194
v 0.257206 -0.467825 0.197088
v 0.260218 -0.489244 -0.198596
v 0.544321 -0.440795 0.281011
v 0.610232 -0.435159 0.253955
v 0.583622 -0.424278 0.323216
v 0.544123 -0.442764 -0.277055
v 0.604092 -0.428151 -0.252385
v 0.580802 -0.434742 -0.320314
v 0.742865 -0.403849 -0.040033
v 0.742426 -0.402951 0.041422
v 0.777431 -0.402980 -0.000646
v -0.041033 -0.431799 0.665529
v 0.040522 -0.437035 0.668591
v -0.254238 -0.388728 0.745823
v -0.278285 -0.353923 0.783947
v -0.001859 -0.432068 0.619778
v -0.322274 -0.377919 0.744068
v 0.255340 -0.381287 0.746411
v 0.281397 -0.355588 0.790947
v 0.320048 -0.371443 0.741353
v 0.123832 -0.198131 0.911496
v 0.194433 -0.206227 0.903082
v -0.465125 -0.178044 0.727460
v -0.193203 -0.217590 0.882185
v 0.136467 -0.166749 0.662997
v -0.201665 -0.175029 0.890002
v -0.216723 0.639594 0.669283
v -0.181646 0.635923 0.669360
v -0.328734 0.573193 0.751496
v -0.347129 0.530313 0.781691
v -0.191066 0.664550 0.612290
v -0.369196 0.555795 0.748693
v -0.342743 0.556679 0.759888
v -0.473248 0.146524 0.784122
v -0.484860 0.007162 0.762187
v 0.130078 -0.157067 0.943722
v 0.198365 -0.056505 0.922437
v -0.260996 0.289009 0.944049
v -0.309593 0.328613 0.921850
v 0.196487 0.026309 0.941167
v -0.305862 0.263492 0.945925
v -0.041471 -0.450309 -0.610424
v 0.040705 -0.462924 -0.612309
v -0.257247 -0.383350 -0.662498
v -0.280064 -0.358034 -0.693357
v 0.002437 -0.465202 -0.579903
v -0.321502 -0.375187 -0.661770
v 0.262565 -0.372113 -0.655963
v 0.288660 -0.350101 -0.683580
v 0.320486 -0.386715 -0.664858
v 0.142142 -0.088006 -0.631542
v 0.196557 -0.164401 -0.696831
v -0.127919 -0.194761 -0.767676
v -0.188467 -0.199101 -0.721699
v 0.198741 -0.174995 -0.760892
v -0.197561 -0.180880 -0.773482
v -0.028707 0.635523 -0.660725
v 0.037262 0.639942 -0.661413
v -0.243594 0.557002 -0.692091
v -0.222316 0.500351 -0.648442
v 0.008635 0.654518 -0.638159
v -0.321843 0.543501 -0.692550
v 0.266186 0.560866 -0.693663
v 0.261072 0.479960 -0.653886
v 0.305674 0.536328 -0.669488
v 0.144119 0.278542 -0.677170
v 0.097506 0.277925 -0.617855
v -0.130975 0.287580 -0.774982
v -0.188791 0.309714 -0.734363
v 0.171014 0.216031 -0.727280
v -0.192932 0.254461 -0.763291
v 0.777857 0.285326 -0.614686
v 0.757041 0.268005 -0.655724
v 0.815605 0.166345 -0.588679
v 0.834989 -0.093279 -0.330339
v 0.772119 0.335456 -0.662067
v 0.809429 -0.051606 -0.422248
v 0.774910 -0.223249 -0.530162
v 0.706441 -0.184139 -0.572384
v 0.855222 -0.190352 -0.323635
v 0.875509 -0.155465 -0.283263
v 0.744782 -0.242131 -0.570499
v 0.870822 -0.190554 -0.263074
v 0.623929 -0.027717 -0.656233
v 0.652600 0.022945 -0.657238
v 0.554717 -0.008819 -0.653974
v 0.785191 0.070019 0.545370
v 0.748227 0.055615 0.609940
v 0.862093 0.026464 0.328306
v 0.877128 -0.007523 0.295192
v 0.745713 0.077164 0.584216
v 0.869563 0.017346 0.277482
v 0.767435 -0.214098 0.530044
v 0.728786 -0.186206 0.600873
v 0.839744 -0.188767 0.320672
v 0.874952 -0.155067 0.295103
v 0.726467 -0.237562 0.574704
v 0.864121 -0.189984 0.276834
v 0.667474 -0.126785 0.741700
v 0.666820 -0.071072 0.744312
v 0.620642 -0.104169 0.774516
v -0.579775 0.276982 -0.538504
v -0.563884 0.254233 -0.608554
v -0.567367 0.196603 -0.328429
v -0.563293 0.134879 -0.286536
v -0.539179 0.307774 -0.558481
v -0.430941 0.185291 -0.238375
v -0.605219 -0.227382 -0.535237
v -0.585502 -0.216171 -0.585243
v -0.659107 -0.182762 -0.332071
v -0.625652 -0.130414 -0.288006
v -0.588091 -0.249141 -0.565792
v -0.664823 -0.179708 -0.259272
v -0.537845 -0.039217 -0.695805
v -0.534256 0.033260 -0.686147
v -0.481082 -0.004861 -0.691737
v -0.570619 0.277156 0.539492
v -0.557455 0.252443 0.607109
v -0.608096 0.197143 0.324376
v -0.616367 0.131887 0.286836
v -0.559948 0.322533 0.582936
v -0.579638 0.191173 0.249919
v -0.595683 -0.224509 0.540726
v -0.591080 -0.217162 0.605875
v -0.656631 -0.184888 0.323593
v -0.627970 -0.132392 0.287750
v -0.577471 -0.247324 0.565930
v -0.638684 -0.184384 0.262378
v -0.497938 -0.038350 0.722230
v -0.448662 0.041405 0.675574
v -0.493576 0.001180 0.766107
v -0.231626 0.729991 0.339574
v -0.187833 0.732298 0.338175
v -0.215874 0.711853 0.381397
v -0.096159 0.597551 -0.590590
v 0.044006 0.696439 -0.526458
v 0.009929 0.717196 -0.529351
v -0.417143 0.200637 0.293775
v -0.414929 0.502552 0.627139
v -0.427427 0.479601 0.576695
v -0.452373 0.526651 -0.489810
v -0.461951 0.540406 -0.598745
v -0.420694 0.521921 -0.573606
v -0.574477 0.384622 -0.000182
v -0.535291 0.326529 -0.040247
v -0.506665 0.324017 0.038499
v 0.581744 0.003002 0.541165
v 0.540261 0.014625 0.606782
v 0.608108 0.111489 0.581952
v 0.586599 0.557392 -0.600766
v 0.545564 0.533375 -0.637827
v 0.611646 0.520594 -0.634688
v 0.793804 -0.228142 -0.065644
v 0.814812 -0.129939 -0.039130
v 0.854127 0.042144 0.032354
v -0.041354 -0.430143 0.330870
v 0.041901 -0.442076 0.333362
v -0.000328 -0.432165 0.399714
v -0.040922 -0.432113 -0.332566
v 0.040417 -0.435615 -0.333833
v 0.001086 -0.427264 -0.397860
v -0.488596 -0.372276 0.535042
v -0.476097 -0.375547 0.610368
v -0.496912 -0.336781 0.576051
v -0.497596 -0.400167 -0.519676
v -0.475319 -0.377138 -0.572845
v -0.514144 -0.363641 -0.554253
v -0.628719 -0.272506 0.008946
v -0.608920 -0.229608 -0.038436
v -0.656213 -0.247213 0.056083
v 0.575123 -0.304800 0.533960
v 0.538212 -0.345714 0.604569
v 0.606933 -0.328072 0.580975
v 0.576303 -0.358470 -0.526184
v 0.531548 -0.348841 -0.565795
v 0.595856 -0.304936 -0.548242
v 0.806412 -0.216166 -0.015778
v 0.752927 -0.179674 0.465741
v 0.813605 -0.222678 0.039485
v 0.333339 -0.130138 0.941083
v 0.332597 -0.077413 0.937148
v 0.401740 -0.107331 0.920724
v -0.438320 -0.066430 0.954715
v -0.420920 0.039915 0.956435
v -0.417033 -0.005366 0.930449
v 0.268563 -0.050572 -0.662892
v 0.305436 0.036629 -0.716012
v 0.276006 -0.021592 -0.594140
v -0.316331 -0.033988 -0.724981
v -0.319711 0.038057 -0.728811
v -0.290586 0.006019 -0.593679
f 1 647 644
f 1 644 643
f 1 643 645
f 1 645 646
f 1 646 647
f 2 649 652
f 6 672 670
f 12 702 699
f 11 696 695
f 8 679 681
f 4 662 659
f 4 659 658
f 4 658 660
f 4 660 661
f 4 661 662
f 5 666 665
f 3 654 657
f 7 673 677
f 9 685 686
f 10 692 688
f 12 701 698
f 6 669 668
f 2 650 648
f 8 682 678
f 11 697 693
f 6 671 669
f 12 700 701
f 11 694 697
f 8 680 682
f 2 651 650
f 10 690 689
f 5 663 664
f 3 655 653
f 7 676 674
f 9 687 684
f 10 691 690
f 5 667 663
f 3 656 655
f 7 675 676
f 9 683 687
f 6 668 672
f 2 648 649
f 8 678 679
f 11 693 696
f 12 698 702
f 10 688 691
f 5 665 667
f 3 657 656
f 7 677 675
f 9 686 683
f 5 664 666
f 3 653 654
f 7 674 673
f 9 684 685
f 10 689 692
f 6 670 671
f 12 699 700
f 11 695 694
f 8 681 680
f 2 652 651
f 35 837 838
f 18 735 736
f 19 742 741
f 40 868 867
f 42 880 879
f 34 832 831
f 33 827 828
f 25 778 780
f 36 844 846
f 20 749 747
f 32 819 820
f 23 765 767
f 24 773 771
f 37 850 849
f 41 876 875
f 34 833 834
f 33 826 825
f 25 779 777
f 36 845 843
f 20 748 750
f 17 729 727
f 14 711 709
f 13 706 703
f 15 718 715
f 16 724 721
f 18 737 733
f 35 839 835
f 42 882 878
f 40 870 866
f 19 744 740
f 30 807 805
f 27 789 787
f 22 762 758
f 28 797 793
f 29 802 799
f 32 821 817
f 23 766 763
f 24 774 770
f 37 852 848
f 41 874 872
f 35 838 836
f 18 736 734
f 19 741 739
f 40 867 865
f 42 879 877
f 34 831 829
f 33 828 824
f 25 780 776
f 36 846 842
f 20 747 745
f 32 820 818
f 23 767 764
f 24 771 769
f 37 849 847
f 41 875 871
f 34 834 830
f 33 825 823
f 25 777 775
f 36 843 841
f 20 750 746
f 14 714 710
f 13 707 704
f 15 719 716
f 16 725 722
f 17 732 728
f 21 755 752
f 31 814 811
f 26 784 781
f 38 857 853
f 39 862 860
f 27 792 788
f 22 759 757
f 28 796 794
f 29 803 800
f 30 810 806
f 31 815 812
f 26 785 782
f 38 856 854
f 39 863 859
f 21 754 751
f 14 712 714
f 13 705 707
f 15 717 719
f 16 723 725
f 17 730 732
f 21 753 755
f 31 816 814
f 26 786 784
f 38 858 857
f 39 861 862
f 27 791 792
f 22 761 759
f 28 795 796
f 29 801 803
f 30 808 810
f 31 813 815
f 26 783 785
f 38 855 856
f 39 864 863
f 21 756 754
f 14 709 712
f 13 703 705
f 15 715 717
f 16 721 723
f 17 727 730
f 21 751 753
f 31 812 816
f 26 782 786
f 38 854 858
f 39 859 861
f 27 787 791
f 22 758 761
f 28 793 795
f 29 799 801
f 30 805 808
f 31 811 813
f 26 781 783
f 38 853 855
f 39 860 864
f 21 752 756
f 17 728 731
f 14 710 713
f 13 704 708
f 15 716 720
f 16 722 726
f 18 734 738
f 35 836 840
f 42 877 881
f 40 865 869
f 19 739 743
f 30 806 809
f 27 788 790
f 22 757 760
f 28 794 798
f 29 800 804
f 32 818 822
f 23 764 768
f 24 769 772
f 37 847 851
f 41 871 873
f 35 835 837
f 18 733 735
f 19 740 742
f 40 866 868
f 42 878 880
f 34 830 832
f 33 823 827
f 25 775 778
f 36 841 844
f 20 746 749
f 32 817 819
f 23 763 765
f 24 770 773
f 37 848 850
f 41 872 876
f 34 829 833
f 33 824 826
f 25 776 779
f 36 842 845
f 20 745 748
f 17 731 729
f 14 713 711
f 13 708 706
f 15 720 718
f 16 726 724
f 18 738 737
f 35 840 839
f 42 881 882
f 40 869 870
f 19 743 744
f 30 809 807
f 27 790 789
f 22 760 762
f 28 798 797
f 29 804 802
f 32 822 821
f 23 768 766
f 24 772 774
f 37 851 852
f 41 873 874
f 107 1269 1270
f 103 1245 1246
f 104 1252 1251
f 110 1288 1287
f 113 1306 1305
f 118 1336 1335
f 154 1551 1552
f 141 1473 1474
f 162 1599 1600
f 121 1354 1353
f 142 1479 1480
f 129 1401 1402
f 130 1408 1407
f 144 1492 1491
f 146 1504 1503
f 151 1533 1534
f 131 1414 1413
f 136 1444 1443
f 161 1594 1593
f 126 1383 1384
f 116 1323 1324
f 108 1275 1276
f 106 1263 1264
f 112 1299 1300
f 115 1317 1318
f 119 1341 1342
f 156 1564 1563
f 139 1462 1461
f 160 1588 1587
f 120 1347 1348
f 149 1521 1522
f 132 1420 1419
f 128 1395 1396
f 145 1497 1498
f 148 1515 1516
f 155 1557 1558
f 133 1425 1426
f 134 1431 1432
f 157 1570 1569
f 124 1372 1371
f 109 1282 1281
f 105 1258 1257
f 111 1294 1293
f 114 1312 1311
f 117 1330 1329
f 125 1378 1377
f 152 1540 1539
f 137 1449 1450
f 158 1575 1576
f 123 1365 1366
f 143 1486 1485
f 127 1390 1389
f 135 1437 1438
f 147 1510 1509
f 150 1528 1527
f 153 1546 1545
f 140 1468 1467
f 138 1455 1456
f 159 1581 1582
f 122 1359 1360
f 107 1272 1271
f 103 1248 1247
f 104 1253 1254
f 110 1289 1290
f 113 1307 1308
f 118 1337 1338
f 154 1554 1553
f 141 1476 1475
f 162 1602 1601
f 121 1355 1356
f 142 1482 1481
f 129 1404 1403
f 130 1409 1410
f 144 1493 1494
f 146 1505 1506
f 151 1536 1535
f 131 1415 1416
f 136 1445 1446
f 161 1595 1596
f 126 1386 1385
f 47 909 907
f 44 891 889
f 43 886 883
f 45 898 895
f 46 904 901
f 49 922 919
f 72 1060 1057
f 102 1240 1237
f 96 1204 1201
f 79 1102 1099
f 62 999 997
f 59 981 979
f 58 976 973
f 60 988 985
f 61 994 991
f 66 1024 1021
f 54 952 949
f 73 1066 1063
f 85 1138 1135
f 92 1179 1177
f 101 1233 1231
f 69 1041 1039
f 50 927 925
f 82 1119 1117
f 97 1209 1207
f 71 1053 1051
f 100 1228 1225
f 94 1192 1189
f 80 1108 1105
f 51 933 931
f 90 1167 1165
f 63 1005 1003
f 55 957 955
f 76 1083 1081
f 87 1150 1147
f 91 1174 1171
f 67 1029 1027
f 56 963 961
f 75 1077 1075
f 83 1126 1123
f 68 1036 1033
f 48 915 913
f 78 1095 1093
f 93 1185 1183
f 98 1216 1213
f 88 1155 1153
f 65 1018 1015
f 57 970 967
f 77 1090 1087
f 86 1143 1141
f 64 1012 1009
f 53 945 943
f 74 1071 1069
f 84 1131 1129
f 89 1162 1159
f 70 1047 1045
f 99 1221 1219
f 95 1197 1195
f 81 1114 1111
f 52 940 937
f 109 1284 1280
f 105 1260 1256
f 111 1296 1292
f 114 1314 1310
f 117 1332 1328
f 125 1380 1376
f 152 1542 1538
f 137 1451 1447
f 158 1577 1573
f 123 1367 1363
f 143 1488 1484
f 127 1392 1388
f 135 1439 1435
f 147 1512 1508
f 150 1530 1526
f 153 1548 1544
f 140 1470 1466
f 138 1457 1453
f 159 1583 1579
f 122 1361 1357
f 107 1270 1268
f 103 1246 1244
f 104 1251 1249
f 110 1287 1285
f 113 1305 1303
f 118 1335 1333
f 154 1552 1550
f 141 1474 1472
f 162 1600 1598
f 121 1353 1351
f 142 1480 1478
f 129 1402 1400
f 130 1407 1405
f 144 1491 1489
f 146 1503 1501
f 151 1534 1532
f 131 1413 1411
f 136 1443 1441
f 161 1593 1591
f 126 1384 1382
f 116 1324 1322
f 108 1276 1274
f 106 1264 1262
f 112 1300 1298
f 115 1318 1316
f 119 1342 1340
f 156 1563 1561
f 139 1461 1459
f 160 1587 1585
f 120 1348 1346
f 149 1522 1520
f 132 1419 1417
f 128 1396 1394
f 145 1498 1496
f 148 1516 1514
f 155 1558 1556
f 133 1426 1424
f 134 1432 1430
f 157 1569 1567
f 124 1371 1369
f 109 1281 1279
f 105 1257 1255
f 111 1293 1291
f 114 1311 1309
f 117 1329 1327
f 125 1377 1375
f 152 1539 1537
f 137 1450 1448
f 158 1576 1574
f 123 1366 1364
f 143 1485 1483
f 127 1389 1387
f 135 1438 1436
f 147 1509 1507
f 150 1527 1525
f 153 1545 1543
f 140 1467 1465
f 138 1456 1454
f 159 1582 1580
f 122 1360 1358
f 107 1271 1267
f 103 1247 1243
f 104 1254 1250
f 110 1290 1286
f 113 1308 1304
f 118 1338 1334
f 154 1553 1549
f 141 1475 1471
f 162 1601 1597
f 121 1356 1352
f 142 1481 1477
f 129 1403 1399
f 130 1410 1406
f 144 1494 1490
f 146 1506 1502
f 151 1535 1531
f 131 1416 1412
f 136 1446 1442
f 161 1596 1592
f 126 1385 1381
f 44 894 890
f 43 887 884
f 45 899 896
f 46 905 902
f 47 912 908
f 52 941 938
f 70 1050 1046
f 99 1224 1220
f 95 1200 1196
f 81 1115 1112
f 59 984 980
f 58 977 974
f 60 989 986
f 61 995 992
f 62 1002 998
f 65 1019 1016
f 57 971 968
f 77 1091 1088
f 86 1146 1142
f 88 1158 1154
f 98 1217 1214
f 68 1037 1034
f 48 918 914
f 78 1098 1094
f 93 1188 1184
f 69 1044 1040
f 101 1236 1232
f 97 1212 1208
f 82 1122 1118
f 50 930 926
f 89 1163 1160
f 64 1013 1010
f 53 948 944
f 74 1074 1070
f 84 1134 1130
f 90 1170 1166
f 63 1008 1004
f 55 960 956
f 76 1086 1082
f 87 1151 1148
f 72 1061 1058
f 49 923 920
f 79 1103 1100
f 96 1205 1202
f 102 1241 1238
f 91 1175 1172
f 67 1032 1028
f 56 966 962
f 75 1080 1076
f 83 1127 1124
f 66 1025 1022
f 54 953 950
f 73 1067 1064
f 85 1139 1136
f 92 1182 1178
f 71 1056 1052
f 100 1229 1226
f 94 1193 1190
f 80 1109 1106
f 51 936 932
f 116 1325 1321
f 108 1277 1273
f 106 1265 1261
f 112 1301 1297
f 115 1319 1315
f 119 1343 1339
f 156 1566 1562
f 139 1464 1460
f 160 1590 1586
f 120 1349 1345
f 149 1523 1519
f 132 1422 1418
f 128 1397 1393
f 145 1499 1495
f 148 1517 1513
f 155 1559 1555
f 133 1427 1423
f 134 1433 1429
f 157 1572 1568
f 124 1374 1370
f 44 892 894
f 43 885 887
f 45 897 899
f 46 903 905
f 47 910 912
f 52 939 941
f 70 1048 1050
f 99 1222 1224
f 95 1198 1200
f 81 1113 1115
f 59 982 984
f 58 975 977
f 60 987 989
f 61 993 995
f 62 1000 1002
f 65 1017 1019
f 57 969 971
f 77 1089 1091
f 86 1144 1146
f 88 1156 1158
f 98 1215 1217
f 68 1035 1037
f 48 916 918
f 78 1096 1098
f 93 1186 1188
f 69 1042 1044
f 101 1234 1236
f 97 1210 1212
f 82 1120 1122
f 50 928 930
f 89 1161 1163
f 64 1011 1013
f 53 946 948
f 74 1072 1074
f 84 1132 1134
f 90 1168 1170
f 63 1006 1008
f 55 958 960
f 76 1084 1086
f 87 1149 1151
f 72 1059 1061
f 49 921 923
f 79 1101 1103
f 96 1203 1205
f 102 1239 1241
f 91 1173 1175
f 67 1030 1032
f 56 964 966
f 75 1078 1080
f 83 1125 1127
f 66 1023 1025
f 54 951 953
f 73 1065 1067
f 85 1137 1139
f 92 1180 1182
f 71 1054 1056
f 100 1227 1229
f 94 1191 1193
f 80 1107 1109
f 51 934 936
f 116 1326 1325
f 108 1278 1277
f 106 1266 1265
f 112 1302 1301
f 115 1320 1319
f 119 1344 1343
f 156 1565 1566
f 139 1463 1464
f 160 1589 1590
f 120 1350 1349
f 149 1524 1523
f 132 1421 1422
f 128 1398 1397
f 145 1500 1499
f 148 1518 1517
f 155 1560 1559
f 133 1428 1427
f 134 1434 1433
f 157 1571 1572
f 124 1373 1374
f 44 889 892
f 43 883 885
f 45 895 897
f 46 901 903
f 47 907 910
f 52 937 939
f 70 1045 1048
f 99 1219 1222
f 95 1195 1198
f 81 1111 1113
f 59 979 982
f 58 973 975
f 60 985 987
f 61 991 993
f 62 997 1000
f 65 1015 1017
f 57 967 969
f 77 1087 1089
f 86 1141 1144
f 88 1153 1156
f 98 1213 1215
f 68 1033 1035
f 48 913 916
f 78 1093 1096
f 93 1183 1186
f 69 1039 1042
f 101 1231 1234
f 97 1207 1210
f 82 1117 1120
f 50 925 928
f 89 1159 1161
f 64 1009 1011
f 53 943 946
f 74 1069 1072
f 84 1129 1132
f 90 1165 1168
f 63 1003 1006
f 55 955 958
f 76 1081 1084
f 87 1147 1149
f 72 1057 1059
f 49 919 921
f 79 1099 1101
f 96 1201 1203
f 102 1237 1239
f 91 1171 1173
f 67 1027 1030
f 56 961 964
f 75 1075 1078
f 83 1123 1125
f 66 1021 1023
f 54 949 951
f 73 1063 1065
f 85 1135 1137
f 92 1177 1180
f 71 1051 1054
f 100 1225 1227
f 94 1189 1191
f 80 1105 1107
f 51 931 934
f 116 1322 1326
f 108 1274 1278
f 106 1262 1266
f 112 1298 1302
f 115 1316 1320
f 119 1340 1344
f 156 1561 1565
f 139 1459 1463
f 160 1585 1589
f 120 1346 1350
f 149 1520 1524
f 132 1417 1421
f 128 1394 1398
f 145 1496 1500
f 148 1514 1518
f 155 1556 1560
f 133 1424 1428
f 134 1430 1434
f 157 1567 1571
f 124 1369 1373
f 47 908 911
f 44 890 893
f 43 884 888
f 45 896 900
f 46 902 906
f 49 920 924
f 72 1058 1062
f 102 1238 1242
f 96 1202 1206
f 79 1100 1104
f 62 998 1001
f 59 980 983
f 58 974 978
f 60 986 990
f 61 992 996
f 66 1022 1026
f 54 950 954
f 73 1064 1068
f 85 1136 1140
f 92 1178 1181
f 101 1232 1235
f 69 1040 1043
f 50 926 929
f 82 1118 1121
f 97 1208 1211
f 71 1052 1055
f 100 1226 1230
f 94 1190 1194
f 80 1106 1110
f 51 932 935
f 90 1166 1169
f 63 1004 1007
f 55 956 959
f 76 1082 1085
f 87 1148 1152
f 91 1172 1176
f 67 1028 1031
f 56 962 965
f 75 1076 1079
f 83 1124 1128
f 68 1034 1038
f 48 914 917
f 78 1094 1097
f 93 1184 1187
f 98 1214 1218
f 88 1154 1157
f 65 1016 1020
f 57 968 972
f 77 1088 1092
f 86 1142 1145
f 64 1010 1014
f 53 944 947
f 74 1070 1073
f 84 1130 1133
f 89 1160 1164
f 70 1046 1049
f 99 1220 1223
f 95 1196 1199
f 81 1112 1116
f 52 938 942
f 109 1279 1283
f 105 1255 1259
f 111 1291 1295
f 114 1309 1313
f 117 1327 1331
f 125 1375 1379
f 152 1537 1541
f 137 1448 1452
f 158 1574 1578
f 123 1364 1368
f 143 1483 1487
f 127 1387 1391
f 135 1436 1440
f 147 1507 1511
f 150 1525 1529
f 153 1543 1547
f 140 1465 1469
f 138 1454 1458
f 159 1580 1584
f 122 1358 1362
f 107 1267 1269
f 103 1243 1245
f 104 1250 1252
f 110 1286 1288
f 113 1304 1306
f 118 1334 1336
f 154 1549 1551
f 141 1471 1473
f 162 1597 1599
f 121 1352 1354
f 142 1477 1479
f 129 1399 1401
f 130 1406 1408
f 144 1490 1492
f 146 1502 1504
f 151 1531 1533
f 131 1412 1414
f 136 1442 1444
f 161 1592 1594
f 126 1381 1383
f 116 1321 1323
f 108 1273 1275
f 106 1261 1263
f 112 1297 1299
f 115 1315 1317
f 119 1339 1341
f 156 1562 1564
f 139 1460 1462
f 160 1586 1588
f 120 1345 1347
f 149 1519 1521
f 132 1418 1420
f 128 1393 1395
f 145 1495 1497
f 148 1513 1515
f 155 1555 1557
f 133 1423 1425
f 134 1429 1431
f 157 1568 1570
f 124 1370 1372
f 109 1280 1282
f 105 1256 1258
f 111 1292 1294
f 114 1310 1312
f 117 1328 1330
f 125 1376 1378
f 152 1538 1540
f 137 1447 1449
f 158 1573 1575
f 123 1363 1365
f 143 1484 1486
f 127 1388 1390
f 135 1435 1437
f 147 1508 1510
f 150 1526 1528
f 153 1544 1546
f 140 1466 1468
f 138 1453 1455
f 159 1579 1581
f 122 1357 1359
f 107 1268 1272
f 103 1244 1248
f 104 1249 1253
f 110 1285 1289
f 113 1303 1307
f 118 1333 1337
f 154 1550 1554
f 141 1472 1476
f 162 1598 1602
f 121 1351 1355
f 142 1478 1482
f 129 1400 1404
f 130 1405 1409
f 144 1489 1493
f 146 1501 1505
f 151 1532 1536
f 131 1411 1415
f 136 1441 1445
f 161 1591 1595
f 126 1382 1386
f 47 911 909
f 44 893 891
f 43 888 886
f 45 900 898
f 46 906 904
f 49 924 922
f 72 1062 1060
f 102 1242 1240
f 96 1206 1204
f 79 1104 1102
f 62 1001 999
f 59 983 981
f 58 978 976
f 60 990 988
f 61 996 994
f 66 1026 1024
f 54 954 952
f 73 1068 1066
f 85 1140 1138
f 92 1181 1179
f 101 1235 1233
f 69 1043 1041
f 50 929 927
f 82 1121 1119
f 97 1211 1209
f 71 1055 1053
f 100 1230 1228
f 94 1194 1192
f 80 1110 1108
f 51 935 933
f 90 1169 1167
f 63 1007 1005
f 55 959 957
f 76 1085 1083
f 87 1152 1150
f 91 1176 1174
f 67 1031 1029
f 56 965 963
f 75 1079 1077
f 83 1128 1126
f 68 1038 1036
f 48 917 915
f 78 1097 1095
f 93 1187 1185
f 98 1218 1216
f 88 1157 1155
f 65 1020 1018
f 57 972 970
f 77 1092 1090
f 86 1145 1143
f 64 1014 1012
f 53 947 945
f 74 1073 1071
f 84 1133 1131
f 89 1164 1162
f 70 1049 1047
f 99 1223 1221
f 95 1199 1197
f 81 1116 1114
f 52 942 940
f 109 1283 1284
f 105 1259 1260
f 111 1295 1296
f 114 1313 1314
f 117 1331 1332
f 125 1379 1380
f 152 1541 1542
f 137 1452 1451
f 158 1578 1577
f 123 1368 1367
f 143 1487 1488
f 127 1391 1392
f 135 1440 1439
f 147 1511 1512
f 150 1529 1530
f 153 1547 1548
f 140 1469 1470
f 138 1458 1457
f 159 1584 1583
f 122 1362 1361
f 407 1609 1616
f 403 1605 1608
f 404 1611 1606
f 410 1614 1612
f 413 1617 1615
f 422 1631 1624
f 486 1688 1692
f 573 1775 1782
f 561 1763 1765
f 512 1719 1714
f 452 1654 1661
f 448 1650 1653
f 449 1656 1651
f 455 1659 1657
f 458 1662 1660
f 470 1672 1675
f 437 1646 1639
f 494 1706 1696
f 531 1735 1733
f 539 1741 1751
f 568 1770 1779
f 478 1680 1683
f 419 1621 1626
f 509 1711 1721
f 554 1756 1766
f 482 1684 1689
f 576 1780 1778
f 558 1767 1760
f 516 1722 1718
f 425 1627 1629
f 542 1744 1747
f 463 1668 1665
f 434 1636 1641
f 497 1699 1704
f 528 1730 1737
f 546 1748 1750
f 464 1666 1676
f 440 1642 1644
f 500 1705 1702
f 524 1736 1726
f 479 1691 1681
f 418 1623 1620
f 508 1713 1710
f 553 1764 1755
f 569 1781 1771
f 538 1749 1740
f 471 1677 1673
f 443 1645 1647
f 501 1703 1707
f 523 1725 1734
f 467 1674 1669
f 433 1638 1635
f 493 1695 1698
f 527 1732 1729
f 543 1752 1745
f 485 1690 1687
f 572 1777 1774
f 557 1759 1762
f 515 1717 1720
f 428 1630 1632
f 591 2191 2189
f 587 1885 1883
f 588 1901 1903
f 594 2279 2281
f 597 2315 2317
f 600 2171 2173
f 634 2160 2158
f 619 2016 2012
f 639 2214 2210
f 602 1919 1924
f 624 2137 2135
f 608 1978 1973
f 610 1991 1996
f 627 2225 2227
f 630 2302 2304
f 635 2178 2176
f 615 2153 2155
f 617 2009 2014
f 637 2207 2212
f 604 1926 1922
f 416 1857 1864
f 408 1803 1810
f 406 1786 1795
f 412 1822 1831
f 415 1840 1849
f 424 1876 1887
f 492 2182 2193
f 582 2312 2321
f 565 2276 2285
f 514 1898 1907
f 461 2091 2098
f 453 2037 2044
f 451 1952 1961
f 457 2056 2067
f 460 2074 2083
f 475 2128 2139
f 439 1966 1975
f 496 1988 1997
f 533 2222 2231
f 551 2293 2298
f 579 2185 2190
f 483 1879 1884
f 426 1893 1900
f 521 2271 2278
f 566 2307 2314
f 489 2163 2170
f 578 2150 2159
f 560 2006 2015
f 518 2204 2213
f 429 1911 1918
f 547 2131 2136
f 465 1969 1977
f 441 1983 1990
f 504 2217 2224
f 537 2290 2301
f 550 2168 2177
f 476 2145 2152
f 444 2001 2008
f 502 2199 2206
f 526 1916 1925
f 481 1808 1817
f 420 1789 1797
f 510 1825 1833
f 555 1843 1851
f 571 1862 1871
f 540 1933 1941
f 473 2110 2119
f 447 2020 2029
f 507 2236 2247
f 534 2257 2262
f 469 2042 2051
f 435 1947 1954
f 498 2059 2064
f 529 2077 2085
f 545 2096 2105
f 487 2113 2121
f 574 2023 2031
f 562 2239 2244
f 520 2254 2265
f 432 1930 1939
f 589 1818 1814
f 583 1798 1793
f 586 1834 1829
f 593 1852 1847
f 596 1872 1868
f 599 1942 1937
f 633 2120 2124
f 620 2030 2034
f 640 2248 2250
f 603 2263 2261
f 622 2052 2050
f 607 1955 1960
f 612 2065 2063
f 626 2086 2081
f 629 2106 2102
f 631 2122 2117
f 614 2032 2027
f 618 2245 2243
f 641 2266 2268
f 605 1940 1944
f 409 1813 1804
f 405 1792 1785
f 411 1828 1821
f 414 1846 1839
f 417 1867 1858
f 431 1936 1929
f 488 2123 2114
f 575 2033 2024
f 563 2249 2240
f 519 2260 2253
f 454 2049 2038
f 450 1959 1951
f 456 2062 2055
f 459 2080 2073
f 462 2101 2092
f 472 2116 2109
f 446 2026 2019
f 506 2242 2235
f 535 2267 2258
f 541 1943 1934
f 570 1869 1861
f 480 1815 1807
f 421 1799 1790
f 511 1835 1826
f 556 1853 1844
f 484 1889 1880
f 580 2195 2186
f 567 2319 2308
f 522 2283 2272
f 427 1905 1894
f 544 2103 2095
f 468 2046 2041
f 436 1957 1948
f 499 2069 2060
f 530 2087 2078
f 548 2141 2132
f 466 1979 1970
f 442 1993 1984
f 505 2229 2218
f 536 2296 2289
f 491 2188 2181
f 423 1882 1875
f 513 1902 1897
f 564 2280 2275
f 581 2316 2311
f 549 2172 2167
f 477 2157 2146
f 445 2011 2002
f 503 2209 2200
f 525 1923 1915
f 474 2134 2127
f 438 1972 1965
f 495 1995 1987
f 532 2226 2221
f 552 2303 2294
f 490 2175 2164
f 577 2154 2149
f 559 2013 2005
f 517 2211 2203
f 430 1921 1912
f 590 1865 1870
f 584 1811 1816
f 585 1796 1800
f 592 1832 1836
f 595 1850 1854
f 598 1888 1890
f 636 2194 2196
f 621 2322 2320
f 642 2286 2284
f 601 1908 1906
f 623 2099 2104
f 611 2045 2047
f 609 1962 1958
f 625 2068 2070
f 628 2084 2088
f 632 2140 2142
f 613 1976 1980
f 616 1998 1994
f 638 2232 2230
f 606 2299 2297
f 407 2330 2329
f 403 2324 2323
f 404 2325 2326
f 410 2332 2333
f 413 2335 2336
f 422 2344 2345
f 486 2410 2409
f 573 2497 2496
f 561 2486 2485
f 512 2434 2435
f 452 2375 2374
f 448 2369 2368
f 449 2370 2371
f 455 2377 2378
f 458 2380 2381
f 470 2393 2392
f 437 2359 2360
f 494 2415 2416
f 531 2455 2456
f 539 2461 2460
f 568 2489 2488
f 478 2399 2398
f 419 2341 2340
f 509 2431 2430
f 554 2476 2475
f 482 2405 2404
f 576 2500 2501
f 558 2481 2482
f 516 2439 2440
f 425 2348 2347
f 542 2465 2464
f 463 2383 2384
f 434 2356 2355
f 497 2420 2419
f 528 2452 2451
f 546 2471 2470
f 464 2386 2385
f 440 2363 2362
f 500 2422 2423
f 524 2445 2446
f 479 2400 2401
f 418 2338 2339
f 508 2428 2429
f 553 2473 2474
f 569 2490 2491
f 538 2458 2459
f 471 2394 2395
f 443 2366 2365
f 501 2425 2424
f 523 2444 2443
f 467 2389 2390
f 433 2353 2354
f 493 2414 2413
f 527 2449 2450
f 543 2466 2467
f 485 2407 2408
f 572 2494 2495
f 557 2480 2479
f 515 2438 2437
f 428 2351 2350
f 591 2510 2511
f 587 2504 2505
f 588 2508 2507
f 594 2514 2513
f 597 2517 2516
f 600 2520 2519
f 634 2554 2556
f 619 2539 2540
f 639 2560 2561
f 602 2523 2521
f 624 2543 2544
f 608 2527 2529
f 610 2532 2530
f 627 2547 2546
f 630 2550 2549
f 635 2552 2553
f 615 2535 2534
f 617 2538 2536
f 637 2558 2557
f 604 2524 2525
f 167 1607 647
f 164 1603 644
f 163 1604 643
f 165 1610 645
f 166 1613 646
f 169 1622 649
f 192 1686 672
f 222 1773 702
f 216 1761 696
f 199 1712 679
f 182 1652 662
f 179 1648 659
f 178 1649 658
f 180 1655 660
f 181 1658 661
f 186 1670 666
f 174 1637 654
f 193 1694 673
f 205 1731 685
f 212 1739 692
f 221 1768 701
f 189 1678 669
f 170 1619 650
f 202 1709 682
f 217 1754 697
f 191 1682 671
f 220 1776 700
f 214 1758 694
f 200 1716 680
f 171 1625 651
f 210 1742 690
f 183 1663 663
f 175 1634 655
f 196 1697 676
f 207 1728 687
f 211 1746 691
f 187 1664 667
f 176 1640 656
f 195 1700 675
f 203 1724 683
f 188 1679 668
f 168 1618 648
f 198 1708 678
f 213 1753 693
f 218 1769 698
f 208 1738 688
f 185 1671 665
f 177 1643 657
f 197 1701 677
f 206 1723 686
f 184 1667 664
f 173 1633 653
f 194 1693 674
f 204 1727 684
f 209 1743 689
f 190 1685 670
f 219 1772 699
f 215 1757 695
f 201 1715 681
f 172 1628 652
f 357 2187 837
f 255 1881 735
f 262 1899 742
f 388 2277 868
f 400 2313 880
f 352 2169 832
f 347 2156 827
f 298 2010 778
f 364 2208 844
f 269 1917 749
f 339 2133 819
f 285 1971 765
f 293 1989 773
f 370 2223 850
f 396 2300 876
f 353 2174 833
f 346 2151 826
f 299 2007 779
f 365 2205 845
f 268 1920 748
f 249 1855 729
f 231 1801 711
f 226 1784 706
f 238 1820 718
f 244 1838 724
f 257 1874 737
f 359 2180 839
f 402 2310 882
f 390 2274 870
f 264 1896 744
f 327 2089 807
f 309 2035 789
f 282 1950 762
f 317 2054 797
f 322 2072 802
f 341 2126 821
f 286 1964 766
f 294 1986 774
f 372 2220 852
f 394 2291 874
f 358 2183 838
f 256 1877 736
f 261 1891 741
f 387 2269 867
f 399 2305 879
f 351 2161 831
f 348 2148 828
f 300 2004 780
f 366 2202 846
f 267 1909 747
f 340 2129 820
f 287 1967 767
f 291 1981 771
f 369 2215 849
f 395 2288 875
f 354 2166 834
f 345 2143 825
f 297 1999 777
f 363 2197 843
f 270 1914 750
f 234 1806 714
f 227 1787 707
f 239 1823 719
f 245 1841 725
f 252 1860 732
f 275 1931 755
f 334 2108 814
f 304 2018 784
f 377 2234 857
f 382 2255 862
f 312 2040 792
f 279 1945 759
f 316 2057 796
f 323 2075 803
f 330 2094 810
f 335 2111 815
f 305 2021 785
f 376 2237 856
f 383 2252 863
f 274 1928 754
f 232 1812 712
f 225 1791 705
f 237 1827 717
f 243 1845 723
f 250 1866 730
f 273 1935 753
f 336 2118 816
f 306 2028 786
f 378 2246 858
f 381 2259 861
f 311 2048 791
f 281 1953 761
f 315 2061 795
f 321 2079 801
f 328 2100 808
f 333 2115 813
f 303 2025 783
f 375 2241 855
f 384 2264 864
f 276 1938 756
f 229 1802 709
f 223 1783 703
f 235 1819 715
f 241 1837 721
f 247 1856 727
f 271 1927 751
f 332 2112 812
f 302 2022 782
f 374 2238 854
f 379 2251 859
f 307 2036 787
f 278 1949 758
f 313 2053 793
f 319 2071 799
f 325 2090 805
f 331 2107 811
f 301 2017 781
f 373 2233 853
f 380 2256 860
f 272 1932 752
f 248 1859 728
f 230 1805 710
f 224 1788 704
f 236 1824 716
f 242 1842 722
f 254 1878 734
f 356 2184 836
f 397 2306 877
f 385 2270 865
f 259 1892 739
f 326 2093 806
f 308 2039 788
f 277 1946 757
f 314 2058 794
f 320 2076 800
f 338 2130 818
f 284 1968 764
f 289 1982 769
f 367 2216 847
f 391 2287 871
f 355 2179 835
f 253 1873 733
f 260 1895 740
f 386 2273 866
f 398 2309 878
f 350 2165 830
f 343 2144 823
f 295 2000 775
f 361 2198 841
f 266 1913 746
f 337 2125 817
f 283 1963 763
f 290 1985 770
f 368 2219 848
f 392 2292 872
f 349 2162 829
f 344 2147 824
f 296 2003 776
f 362 2201 842
f 265 1910 745
f 251 1863 731
f 233 1809 713
f 228 1794 708
f 240 1830 720
f 246 1848 726
f 258 1886 738
f 360 2192 840
f 401 2318 881
f 389 2282 869
f 263 1904 743
f 329 2097 809
f 310 2043 790
f 280 1956 760
f 318 2066 798
f 324 2082 804
f 342 2138 822
f 288 1974 768
f 292 1992 772
f 371 2228 851
f 393 2295 873
f 409 2331 1269
f 405 2327 1245
f 411 2328 1252
f 414 2334 1288
f 417 2337 1306
f 431 2346 1336
f 488 2412 1551
f 575 2499 1473
f 563 2487 1599
f 519 2436 1354
f 454 2376 1479
f 450 2372 1401
f 456 2373 1408
f 459 2379 1492
f 462 2382 1504
f 472 2396 1533
f 446 2361 1414
f 506 2418 1444
f 535 2457 1594
f 541 2463 1383
f 570 2492 1323
f 480 2402 1275
f 421 2343 1263
f 511 2433 1299
f 556 2478 1317
f 484 2406 1341
f 580 2502 1564
f 567 2484 1462
f 522 2442 1588
f 427 2349 1347
f 544 2468 1521
f 468 2387 1420
f 436 2358 1395
f 499 2421 1497
f 530 2454 1515
f 548 2472 1557
f 466 2388 1425
f 442 2364 1431
f 505 2426 1570
f 536 2448 1372
f 491 2403 1282
f 423 2342 1258
f 513 2432 1294
f 564 2477 1312
f 581 2493 1330
f 549 2462 1378
f 477 2397 1540
f 445 2367 1449
f 503 2427 1575
f 525 2447 1365
f 474 2391 1486
f 438 2357 1390
f 495 2417 1437
f 532 2453 1510
f 552 2469 1528
f 490 2411 1546
f 577 2498 1468
f 559 2483 1455
f 517 2441 1581
f 430 2352 1359
f 590 2509 1272
f 584 2503 1248
f 585 2506 1253
f 592 2512 1289
f 595 2515 1307
f 598 2518 1337
f 636 2555 1554
f 621 2541 1476
f 642 2562 1602
f 601 2522 1355
f 623 2542 1482
f 611 2528 1404
f 609 2531 1409
f 625 2545 1493
f 628 2548 1505
f 632 2551 1536
f 613 2533 1415
f 616 2537 1445
f 638 2559 1595
f 606 2526 1386
f 407 1616 909
f 403 1608 891
f 404 1606 886
f 410 1612 898
f 413 1615 904
f 422 1624 922
f 486 1692 1060
f 573 1782 1240
f 561 1765 1204
f 512 1714 1102
f 452 1661 999
f 448 1653 981
f 449 1651 976
f 455 1657 988
f 458 1660 994
f 470 1675 1024
f 437 1639 952
f 494 1696 1066
f 531 1733 1138
f 539 1751 1179
f 568 1779 1233
f 478 1683 1041
f 419 1626 927
f 509 1721 1119
f 554 1766 1209
f 482 1689 1053
f 576 1778 1228
f 558 1760 1192
f 516 1718 1108
f 425 1629 933
f 542 1747 1167
f 463 1665 1005
f 434 1641 957
f 497 1704 1083
f 528 1737 1150
f 546 1750 1174
f 464 1676 1029
f 440 1644 963
f 500 1702 1077
f 524 1726 1126
f 479 1681 1036
f 418 1620 915
f 508 1710 1095
f 553 1755 1185
f 569 1771 1216
f 538 1740 1155
f 471 1673 1018
f 443 1647 970
f 501 1707 1090
f 523 1734 1143
f 467 1669 1012
f 433 1635 945
f 493 1698 1071
f 527 1729 1131
f 543 1745 1162
f 485 1687 1047
f 572 1774 1221
f 557 1762 1197
f 515 1720 1114
f 428 1632 940
f 591 2189 1284
f 587 1883 1260
f 588 1903 1296
f 594 2281 1314
f 597 2317 1332
f 600 2173 1380
f 634 2158 1542
f 619 2012 1451
f 639 2210 1577
f 602 1924 1367
f 624 2135 1488
f 608 1973 1392
f 610 1996 1439
f 627 2227 1512
f 630 2304 1530
f 635 2176 1548
f 615 2155 1470
f 617 2014 1457
f 637 2212 1583
f 604 1922 1361
f 416 1864 1270
f 408 1810 1246
f 406 1795 1251
f 412 1831 1287
f 415 1849 1305
f 424 1887 1335
f 492 2193 1552
f 582 2321 1474
f 565 2285 1600
f 514 1907 1353
f 461 2098 1480
f 453 2044 1402
f 451 1961 1407
f 457 2067 1491
f 460 2083 1503
f 475 2139 1534
f 439 1975 1413
f 496 1997 1443
f 533 2231 1593
f 551 2298 1384
f 579 2190 1324
f 483 1884 1276
f 426 1900 1264
f 521 2278 1300
f 566 2314 1318
f 489 2170 1342
f 578 2159 1563
f 560 2015 1461
f 518 2213 1587
f 429 1918 1348
f 547 2136 1522
f 465 1977 1419
f 441 1990 1396
f 504 2224 1498
f 537 2301 1516
f 550 2177 1558
f 476 2152 1426
f 444 2008 1432
f 502 2206 1569
f 526 1925 1371
f 481 1817 1281
f 420 1797 1257
f 510 1833 1293
f 555 1851 1311
f 571 1871 1329
f 540 1941 1377
f 473 2119 1539
f 447 2029 1450
f 507 2247 1576
f 534 2262 1366
f 469 2051 1485
f 435 1954 1389
f 498 2064 1438
f 529 2085 1509
f 545 2105 1527
f 487 2121 1545
f 574 2031 1467
f 562 2244 1456
f 520 2265 1582
f 432 1939 1360
f 589 1814 1271
f 583 1793 1247
f 586 1829 1254
f 593 1847 1290
f 596 1868 1308
f 599 1937 1338
f 633 2124 1553
f 620 2034 1475
f 640 2250 1601
f 603 2261 1356
f 622 2050 1481
f 607 1960 1403
f 612 2063 1410
f 626 2081 1494
f 629 2102 1506
f 631 2117 1535
f 614 2027 1416
f 618 2243 1446
f 641 2268 1596
f 605 1944 1385
f 409 1804 894
f 405 1785 887
f 411 1821 899
f 414 1839 905
f 417 1858 912
f 431 1929 941
f 488 2114 1050
f 575 2024 1224
f 563 2240 1200
f 519 2253 1115
f 454 2038 984
f 450 1951 977
f 456 2055 989
f 459 2073 995
f 462 2092 1002
f 472 2109 1019
f 446 2019 971
f 506 2235 1091
f 535 2258 1146
f 541 1934 1158
f 570 1861 1217
f 480 1807 1037
f 421 1790 918
f 511 1826 1098
f 556 1844 1188
f 484 1880 1044
f 580 2186 1236
f 567 2308 1212
f 522 2272 1122
f 427 1894 930
f 544 2095 1163
f 468 2041 1013
f 436 1948 948
f 499 2060 1074
f 530 2078 1134
f 548 2132 1170
f 466 1970 1008
f 442 1984 960
f 505 2218 1086
f 536 2289 1151
f 491 2181 1061
f 423 1875 923
f 513 1897 1103
f 564 2275 1205
f 581 2311 1241
f 549 2167 1175
f 477 2146 1032
f 445 2002 966
f 503 2200 1080
f 525 1915 1127
f 474 2127 1025
f 438 1965 953
f 495 1987 1067
f 532 2221 1139
f 552 2294 1182
f 490 2164 1056
f 577 2149 1229
f 559 2005 1193
f 517 2203 1109
f 430 1912 936
f 590 1870 1325
f 584 1816 1277
f 585 1800 1265
f 592 1836 1301
f 595 1854 1319
f 598 1890 1343
f 636 2196 1566
f 621 2320 1464
f 642 2284 1590
f 601 1906 1349
f 623 2104 1523
f 611 2047 1422
f 609 1958 1397
f 625 2070 1499
f 628 2088 1517
f 632 2142 1559
f 613 1980 1427
f 616 1994 1433
f 638 2230 1572
f 606 2297 1374
f 407 2329 892
f 403 2323 885
f 404 2326 897
f 410 2333 903
f 413 2336 910
f 422 2345 939
f 486 2409 1048
f 573 2496 1222
f 561 2485 1198
f 512 2435 1113
f 452 2374 982
f 448 2368 975
f 449 2371 987
f 455 2378 993
f 458 2381 1000
f 470 2392 1017
f 437 2360 969
f 494 2416 1089
f 531 2456 1144
f 539 2460 1156
f 568 2488 1215
f 478 2398 1035
f 419 2340 916
f 509 2430 1096
f 554 2475 1186
f 482 2404 1042
f 576 2501 1234
f 558 2482 1210
f 516 2440 1120
f 425 2347 928
f 542 2464 1161
f 463 2384 1011
f 434 2355 946
f 497 2419 1072
f 528 2451 1132
f 546 2470 1168
f 464 2385 1006
f 440 2362 958
f 500 2423 1084
f 524 2446 1149
f 479 2401 1059
f 418 2339 921
f 508 2429 1101
f 553 2474 1203
f 569 2491 1239
f 538 2459 1173
f 471 2395 1030
f 443 2365 964
f 501 2424 1078
f 523 2443 1125
f 467 2390 1023
f 433 2354 951
f 493 2413 1065
f 527 2450 1137
f 543 2467 1180
f 485 2408 1054
f 572 2495 1227
f 557 2479 1191
f 515 2437 1107
f 428 2350 934
f 591 2511 1326
f 587 2505 1278
f 588 2507 1266
f 594 2513 1302
f 597 2516 1320
f 600 2519 1344
f 634 2556 1565
f 619 2540 1463
f 639 2561 1589
f 602 2521 1350
f 624 2544 1524
f 608 2529 1421
f 610 2530 1398
f 627 2546 1500
f 630 2549 1518
f 635 2553 1560
f 615 2534 1428
f 617 2536 1434
f 637 2557 1571
f 604 2525 1373
f 164 1609 889
f 163 1605 883
f 165 1611 895
f 166 1614 901
f 167 1617 907
f 172 1631 937
f 190 1688 1045
f 219 1775 1219
f 215 1763 1195
f 201 1719 1111
f 179 1654 979
f 178 1650 973
f 180 1656 985
f 181 1659 991
f 182 1662 997
f 185 1672 1015
f 177 1646 967
f 197 1706 1087
f 206 1735 1141
f 208 1741 1153
f 218 1770 1213
f 188 1680 1033
f 168 1621 913
f 198 1711 1093
f 213 1756 1183
f 189 1684 1039
f 221 1780 1231
f 217 1767 1207
f 202 1722 1117
f 170 1627 925
f 209 1744 1159
f 184 1668 1009
f 173 1636 943
f 194 1699 1069
f 204 1730 1129
f 210 1748 1165
f 183 1666 1003
f 175 1642 955
f 196 1705 1081
f 207 1736 1147
f 192 1691 1057
f 169 1623 919
f 199 1713 1099
f 216 1764 1201
f 222 1781 1237
f 211 1749 1171
f 187 1677 1027
f 176 1645 961
f 195 1703 1075
f 203 1725 1123
f 186 1674 1021
f 174 1638 949
f 193 1695 1063
f 205 1732 1135
f 212 1752 1177
f 191 1690 1051
f 220 1777 1225
f 214 1759 1189
f 200 1717 1105
f 171 1630 931
f 358 2191 1322
f 256 1885 1274
f 261 1901 1262
f 387 2279 1298
f 399 2315 1316
f 351 2171 1340
f 348 2160 1561
f 300 2016 1459
f 366 2214 1585
f 267 1919 1346
f 340 2137 1520
f 287 1978 1417
f 291 1991 1394
f 369 2225 1496
f 395 2302 1514
f 354 2178 1556
f 345 2153 1424
f 297 2009 1430
f 363 2207 1567
f 270 1926 1369
f 247 1857 908
f 229 1803 890
f 223 1786 884
f 235 1822 896
f 241 1840 902
f 253 1876 920
f 355 2182 1058
f 398 2312 1238
f 386 2276 1202
f 260 1898 1100
f 325 2091 998
f 307 2037 980
f 278 1952 974
f 313 2056 986
f 319 2074 992
f 337 2128 1022
f 283 1966 950
f 290 1988 1064
f 368 2222 1136
f 392 2293 1178
f 356 2185 1232
f 254 1879 1040
f 259 1893 926
f 385 2271 1118
f 397 2307 1208
f 349 2163 1052
f 344 2150 1226
f 296 2006 1190
f 362 2204 1106
f 265 1911 932
f 338 2131 1166
f 284 1969 1004
f 289 1983 956
f 367 2217 1082
f 391 2290 1148
f 350 2168 1172
f 343 2145 1028
f 295 2001 962
f 361 2199 1076
f 266 1916 1124
f 230 1808 1034
f 224 1789 914
f 236 1825 1094
f 242 1843 1184
f 248 1862 1214
f 272 1933 1154
f 331 2110 1016
f 301 2020 968
f 373 2236 1088
f 380 2257 1142
f 308 2042 1010
f 277 1947 944
f 314 2059 1070
f 320 2077 1130
f 326 2096 1160
f 332 2113 1046
f 302 2023 1220
f 374 2239 1196
f 379 2254 1112
f 271 1930 938
f 234 1818 1279
f 227 1798 1255
f 239 1834 1291
f 245 1852 1309
f 252 1872 1327
f 275 1942 1375
f 334 2120 1537
f 304 2030 1448
f 377 2248 1574
f 382 2263 1364
f 312 2052 1483
f 279 1955 1387
f 316 2065 1436
f 323 2086 1507
f 330 2106 1525
f 335 2122 1543
f 305 2032 1465
f 376 2245 1454
f 383 2266 1580
f 274 1940 1358
f 232 1813 1267
f 225 1792 1243
f 237 1828 1250
f 243 1846 1286
f 250 1867 1304
f 273 1936 1334
f 336 2123 1549
f 306 2033 1471
f 378 2249 1597
f 381 2260 1352
f 311 2049 1477
f 281 1959 1399
f 315 2062 1406
f 321 2080 1490
f 328 2101 1502
f 333 2116 1531
f 303 2026 1412
f 375 2242 1442
f 384 2267 1592
f 276 1943 1381
f 251 1869 1321
f 233 1815 1273
f 228 1799 1261
f 240 1835 1297
f 246 1853 1315
f 258 1889 1339
f 360 2195 1562
f 401 2319 1460
f 389 2283 1586
f 263 1905 1345
f 329 2103 1519
f 310 2046 1418
f 280 1957 1393
f 318 2069 1495
f 324 2087 1513
f 342 2141 1555
f 288 1979 1423
f 292 1993 1429
f 371 2229 1568
f 393 2296 1370
f 357 2188 1280
f 255 1882 1256
f 262 1902 1292
f 388 2280 1310
f 400 2316 1328
f 352 2172 1376
f 347 2157 1538
f 298 2011 1447
f 364 2209 1573
f 269 1923 1363
f 339 2134 1484
f 285 1972 1388
f 293 1995 1435
f 370 2226 1508
f 396 2303 1526
f 353 2175 1544
f 346 2154 1466
f 299 2013 1453
f 365 2211 1579
f 268 1921 1357
f 249 1865 1268
f 231 1811 1244
f 226 1796 1249
f 238 1832 1285
f 244 1850 1303
f 257 1888 1333
f 359 2194 1550
f 402 2322 1472
f 390 2286 1598
f 264 1908 1351
f 327 2099 1478
f 309 2045 1400
f 282 1962 1405
f 317 2068 1489
f 322 2084 1501
f 341 2140 1532
f 286 1976 1411
f 294 1998 1441
f 372 2232 1591
f 394 2299 1382
f 416 2330 911
f 408 2324 893
f 406 2325 888
f 412 2332 900
f 415 2335 906
f 424 2344 924
f 492 2410 1062
f 582 2497 1242
f 565 2486 1206
f 514 2434 1104
f 461 2375 1001
f 453 2369 983
f 451 2370 978
f 457 2377 990
f 460 2380 996
f 475 2393 1026
f 439 2359 954
f 496 2415 1068
f 533 2455 1140
f 551 2461 1181
f 579 2489 1235
f 483 2399 1043
f 426 2341 929
f 521 2431 1121
f 566 2476 1211
f 489 2405 1055
f 578 2500 1230
f 560 2481 1194
f 518 2439 1110
f 429 2348 935
f 547 2465 1169
f 465 2383 1007
f 441 2356 959
f 504 2420 1085
f 537 2452 1152
f 550 2471 1176
f 476 2386 1031
f 444 2363 965
f 502 2422 1079
f 526 2445 1128
f 481 2400 1038
f 420 2338 917
f 510 2428 1097
f 555 2473 1187
f 571 2490 1218
f 540 2458 1157
f 473 2394 1020
f 447 2366 972
f 507 2425 1092
f 534 2444 1145
f 469 2389 1014
f 435 2353 947
f 498 2414 1073
f 529 2449 1133
f 545 2466 1164
f 487 2407 1049
f 574 2494 1223
f 562 2480 1199
f 520 2438 1116
f 432 2351 942
f 589 2510 1283
f 583 2504 1259
f 586 2508 1295
f 593 2514 1313
f 596 2517 1331
f 599 2520 1379
f 633 2554 1541
f 620 2539 1452
f 640 2560 1578
f 603 2523 1368
f 622 2543 1487
f 607 2527 1391
f 612 2532 1440
f 626 2547 1511
f 629 2550 1529
f 631 2552 1547
f 614 2535 1469
f 618 2538 1458
f 641 2558 1584
f 605 2524 1362
f 164 1607 1609
f 163 1603 1605
f 165 1604 1611
f 166 1610 1614
f 167 1613 1617
f 172 1622 1631
f 190 1686 1688
f 219 1773 1775
f 215 1761 1763
f 201 1712 1719
f 179 1652 1654
f 178 1648 1650
f 180 1649 1656
f 181 1655 1659
f 182 1658 1662
f 185 1670 1672
f 177 1637 1646
f 197 1694 1706
f 206 1731 1735
f 208 1739 1741
f 218 1768 1770
f 188 1678 1680
f 168 1619 1621
f 198 1709 1711
f 213 1754 1756
f 189 1682 1684
f 221 1776 1780
f 217 1758 1767
f 202 1716 1722
f 170 1625 1627
f 209 1742 1744
f 184 1663 1668
f 173 1634 1636
f 194 1697 1699
f 204 1728 1730
f 210 1746 1748
f 183 1664 1666
f 175 1640 1642
f 196 1700 1705
f 207 1724 1736
f 192 1679 1691
f 169 1618 1623
f 199 1708 1713
f 216 1753 1764
f 222 1769 1781
f 211 1738 1749
f 187 1671 1677
f 176 1643 1645
f 195 1701 1703
f 203 1723 1725
f 186 1667 1674
f 174 1633 1638
f 193 1693 1695
f 205 1727 1732
f 212 1743 1752
f 191 1685 1690
f 220 1772 1777
f 214 1757 1759
f 200 1715 1717
f 171 1628 1630
f 358 2187 2191
f 256 1881 1885
f 261 1899 1901
f 387 2277 2279
f 399 2313 2315
f 351 2169 2171
f 348 2156 2160
f 300 2010 2016
f 366 2208 2214
f 267 1917 1919
f 340 2133 2137
f 287 1971 1978
f 291 1989 1991
f 369 2223 2225
f 395 2300 2302
f 354 2174 2178
f 345 2151 2153
f 297 2007 2009
f 363 2205 2207
f 270 1920 1926
f 247 1855 1857
f 229 1801 1803
f 223 1784 1786
f 235 1820 1822
f 241 1838 1840
f 253 1874 1876
f 355 2180 2182
f 398 2310 2312
f 386 2274 2276
f 260 1896 1898
f 325 2089 2091
f 307 2035 2037
f 278 1950 1952
f 313 2054 2056
f 319 2072 2074
f 337 2126 2128
f 283 1964 1966
f 290 1986 1988
f 368 2220 2222
f 392 2291 2293
f 356 2183 2185
f 254 1877 1879
f 259 1891 1893
f 385 2269 2271
f 397 2305 2307
f 349 2161 2163
f 344 2148 2150
f 296 2004 2006
f 362 2202 2204
f 265 1909 1911
f 338 2129 2131
f 284 1967 1969
f 289 1981 1983
f 367 2215 2217
f 391 2288 2290
f 350 2166 2168
f 343 2143 2145
f 295 1999 2001
f 361 2197 2199
f 266 1914 1916
f 230 1806 1808
f 224 1787 1789
f 236 1823 1825
f 242 1841 1843
f 248 1860 1862
f 272 1931 1933
f 331 2108 2110
f 301 2018 2020
f 373 2234 2236
f 380 2255 2257
f 308 2040 2042
f 277 1945 1947
f 314 2057 2059
f 320 2075 2077
f 326 2094 2096
f 332 2111 2113
f 302 2021 2023
f 374 2237 2239
f 379 2252 2254
f 271 1928 1930
f 234 1812 1818
f 227 1791 1798
f 239 1827 1834
f 245 1845 1852
f 252 1866 1872
f 275 1935 1942
f 334 2118 2120
f 304 2028 2030
f 377 2246 2248
f 382 2259 2263
f 312 2048 2052
f 279 1953 1955
f 316 2061 2065
f 323 2079 2086
f 330 2100 2106
f 335 2115 2122
f 305 2025 2032
f 376 2241 2245
f 383 2264 2266
f 274 1938 1940
f 232 1802 1813
f 225 1783 1792
f 237 1819 1828
f 243 1837 1846
f 250 1856 1867
f 273 1927 1936
f 336 2112 2123
f 306 2022 2033
f 378 2238 2249
f 381 2251 2260
f 311 2036 2049
f 281 1949 1959
f 315 2053 2062
f 321 2071 2080
f 328 2090 2101
f 333 2107 2116
f 303 2017 2026
f 375 2233 2242
f 384 2256 2267
f 276 1932 1943
f 251 1859 1869
f 233 1805 1815
f 228 1788 1799
f 240 1824 1835
f 246 1842 1853
f 258 1878 1889
f 360 2184 2195
f 401 2306 2319
f 389 2270 2283
f 263 1892 1905
f 329 2093 2103
f 310 2039 2046
f 280 1946 1957
f 318 2058 2069
f 324 2076 2087
f 342 2130 2141
f 288 1968 1979
f 292 1982 1993
f 371 2216 2229
f 393 2287 2296
f 357 2179 2188
f 255 1873 1882
f 262 1895 1902
f 388 2273 2280
f 400 2309 2316
f 352 2165 2172
f 347 2144 2157
f 298 2000 2011
f 364 2198 2209
f 269 1913 1923
f 339 2125 2134
f 285 1963 1972
f 293 1985 1995
f 370 2219 2226
f 396 2292 2303
f 353 2162 2175
f 346 2147 2154
f 299 2003 2013
f 365 2201 2211
f 268 1910 1921
f 249 1863 1865
f 231 1809 1811
f 226 1794 1796
f 238 1830 1832
f 244 1848 1850
f 257 1886 1888
f 359 2192 2194
f 402 2318 2322
f 390 2282 2286
f 264 1904 1908
f 327 2097 2099
f 309 2043 2045
f 282 1956 1962
f 317 2066 2068
f 322 2082 2084
f 341 2138 2140
f 286 1974 1976
f 294 1992 1998
f 372 2228 2232
f 394 2295 2299
f 416 2331 2330
f 408 2327 2324
f 406 2328 2325
f 412 2334 2332
f 415 2337 2335
f 424 2346 2344
f 492 2412 2410
f 582 2499 2497
f 565 2487 2486
f 514 2436 2434
f 461 2376 2375
f 453 2372 2369
f 451 2373 2370
f 457 2379 2377
f 460 2382 2380
f 475 2396 2393
f 439 2361 2359
f 496 2418 2415
f 533 2457 2455
f 551 2463 2461
f 579 2492 2489
f 483 2402 2399
f 426 2343 2341
f 521 2433 2431
f 566 2478 2476
f 489 2406 2405
f 578 2502 2500
f 560 2484 2481
f 518 2442 2439
f 429 2349 2348
f 547 2468 2465
f 465 2387 2383
f 441 2358 2356
f 504 2421 2420
f 537 2454 2452
f 550 2472 2471
f 476 2388 2386
f 444 2364 2363
f 502 2426 2422
f 526 2448 2445
f 481 2403 2400
f 420 2342 2338
f 510 2432 2428
f 555 2477 2473
f 571 2493 2490
f 540 2462 2458
f 473 2397 2394
f 447 2367 2366
f 507 2427 2425
f 534 2447 2444
f 469 2391 2389
f 435 2357 2353
f 498 2417 2414
f 529 2453 2449
f 545 2469 2466
f 487 2411 2407
f 574 2498 2494
f 562 2483 2480
f 520 2441 2438
f 432 2352 2351
f 589 2509 2510
f 583 2503 2504
f 586 2506 2508
f 593 2512 2514
f 596 2515 2517
f 599 2518 2520
f 633 2555 2554
f 620 2541 2539
f 640 2562 2560
f 603 2522 2523
f 622 2542 2543
f 607 2528 2527
f 612 2531 2532
f 626 2545 2547
f 629 2548 2550
f 631 2551 2552
f 614 2533 2535
f 618 2537 2538
f 641 2559 2558
f 605 2526 2524
f 164 644 1607
f 163 643 1603
f 165 645 1604
f 166 646 1610
f 167 647 1613
f 172 652 1622
f 190 670 1686
f 219 699 1773
f 215 695 1761
f 201 681 1712
f 179 659 1652
f 178 658 1648
f 180 660 1649
f 181 661 1655
f 182 662 1658
f 185 665 1670
f 177 657 1637
f 197 677 1694
f 206 686 1731
f 208 688 1739
f 218 698 1768
f 188 668 1678
f 168 648 1619
f 198 678 1709
f 213 693 1754
f 189 669 1682
f 221 701 1776
f 217 697 1758
f 202 682 1716
f 170 650 1625
f 209 689 1742
f 184 664 1663
f 173 653 1634
f 194 674 1697
f 204 684 1728
f 210 690 1746
f 183 663 1664
f 175 655 1640
f 196 676 1700
f 207 687 1724
f 192 672 1679
f 169 649 1618
f 199 679 1708
f 216 696 1753
f 222 702 1769
f 211 691 1738
f 187 667 1671
f 176 656 1643
f 195 675 1701
f 203 683 1723
f 186 666 1667
f 174 654 1633
f 193 673 1693
f 205 685 1727
f 212 692 1743
f 191 671 1685
f 220 700 1772
f 214 694 1757
f 200 680 1715
f 171 651 1628
f 358 838 2187
f 256 736 1881
f 261 741 1899
f 387 867 2277
f 399 879 2313
f 351 831 2169
f 348 828 2156
f 300 780 2010
f 366 846 2208
f 267 747 1917
f 340 820 2133
f 287 767 1971
f 291 771 1989
f 369 849 2223
f 395 875 2300
f 354 834 2174
f 345 825 2151
f 297 777 2007
f 363 843 2205
f 270 750 1920
f 247 727 1855
f 229 709 1801
f 223 703 1784
f 235 715 1820
f 241 721 1838
f 253 733 1874
f 355 835 2180
f 398 878 2310
f 386 866 2274
f 260 740 1896
f 325 805 2089
f 307 787 2035
f 278 758 1950
f 313 793 2054
f 319 799 2072
f 337 817 2126
f 283 763 1964
f 290 770 1986
f 368 848 2220
f 392 872 2291
f 356 836 2183
f 254 734 1877
f 259 739 1891
f 385 865 2269
f 397 877 2305
f 349 829 2161
f 344 824 2148
f 296 776 2004
f 362 842 2202
f 265 745 1909
f 338 818 2129
f 284 764 1967
f 289 769 1981
f 367 847 2215
f 391 871 2288
f 350 830 2166
f 343 823 2143
f 295 775 1999
f 361 841 2197
f 266 746 1914
f 230 710 1806
f 224 704 1787
f 236 716 1823
f 242 722 1841
f 248 728 1860
f 272 752 1931
f 331 811 2108
f 301 781 2018
f 373 853 2234
f 380 860 2255
f 308 788 2040
f 277 757 1945
f 314 794 2057
f 320 800 2075
f 326 806 2094
f 332 812 2111
f 302 782 2021
f 374 854 2237
f 379 859 2252
f 271 751 1928
f 234 714 1812
f 227 707 1791
f 239 719 1827
f 245 725 1845
f 252 732 1866
f 275 755 1935
f 334 814 2118
f 304 784 2028
f 377 857 2246
f 382 862 2259
f 312 792 2048
f 279 759 1953
f 316 796 2061
f 323 803 2079
f 330 810 2100
f 335 815 2115
f 305 785 2025
f 376 856 2241
f 383 863 2264
f 274 754 1938
f 232 712 1802
f 225 705 1783
f 237 717 1819
f 243 723 1837
f 250 730 1856
f 273 753 1927
f 336 816 2112
f 306 786 2022
f 378 858 2238
f 381 861 2251
f 311 791 2036
f 281 761 1949
f 315 795 2053
f 321 801 2071
f 328 808 2090
f 333 813 2107
f 303 783 2017
f 375 855 2233
f 384 864 2256
f 276 756 1932
f 251 731 1859
f 233 713 1805
f 228 708 1788
f 240 720 1824
f 246 726 1842
f 258 738 1878
f 360 840 2184
f 401 881 2306
f 389 869 2270
f 263 743 1892
f 329 809 2093
f 310 790 2039
f 280 760 1946
f 318 798 2058
f 324 804 2076
f 342 822 2130
f 288 768 1968
f 292 772 1982
f 371 851 2216
f 393 873 2287
f 357 837 2179
f 255 735 1873
f 262 742 1895
f 388 868 2273
f 400 880 2309
f 352 832 2165
f 347 827 2144
f 298 778 2000
f 364 844 2198
f 269 749 1913
f 339 819 2125
f 285 765 1963
f 293 773 1985
f 370 850 2219
f 396 876 2292
f 353 833 2162
f 346 826 2147
f 299 779 2003
f 365 845 2201
f 268 748 1910
f 249 729 1863
f 231 711 1809
f 226 706 1794
f 238 718 1830
f 244 724 1848
f 257 737 1886
f 359 839 2192
f 402 882 2318
f 390 870 2282
f 264 744 1904
f 327 807 2097
f 309 789 2043
f 282 762 1956
f 317 797 2066
f 322 802 2082
f 341 821 2138
f 286 766 1974
f 294 774 1992
f 372 852 2228
f 394 874 2295
f 416 1270 2331
f 408 1246 2327
f 406 1251 2328
f 412 1287 2334
f 415 1305 2337
f 424 1335 2346
f 492 1552 2412
f 582 1474 2499
f 565 1600 2487
f 514 1353 2436
f 461 1480 2376
f 453 1402 2372
f 451 1407 2373
f 457 1491 2379
f 460 1503 2382
f 475 1534 2396
f 439 1413 2361
f 496 1443 2418
f 533 1593 2457
f 551 1384 2463
f 579 1324 2492
f 483 1276 2402
f 426 1264 2343
f 521 1300 2433
f 566 1318 2478
f 489 1342 2406
f 578 1563 2502
f 560 1461 2484
f 518 1587 2442
f 429 1348 2349
f 547 1522 2468
f 465 1419 2387
f 441 1396 2358
f 504 1498 2421
f 537 1516 2454
f 550 1558 2472
f 476 1426 2388
f 444 1432 2364
f 502 1569 2426
f 526 1371 2448
f 481 1281 2403
f 420 1257 2342
f 510 1293 2432
f 555 1311 2477
f 571 1329 2493
f 540 1377 2462
f 473 1539 2397
f 447 1450 2367
f 507 1576 2427
f 534 1366 2447
f 469 1485 2391
f 435 1389 2357
f 498 1438 2417
f 529 1509 2453
f 545 1527 2469
f 487 1545 2411
f 574 1467 2498
f 562 1456 2483
f 520 1582 2441
f 432 1360 2352
f 589 1271 2509
f 583 1247 2503
f 586 1254 2506
f 593 1290 2512
f 596 1308 2515
f 599 1338 2518
f 633 1553 2555
f 620 1475 2541
f 640 1601 2562
f 603 1356 2522
f 622 1481 2542
f 607 1403 2528
f 612 1410 2531
f 626 1494 2545
f 629 1506 2548
f 631 1535 2551
f 614 1416 2533
f 618 1446 2537
f 641 1596 2559
f 605 1385 2526
f 167 907 1616
f 164 889 1608
f 163 883 1606
f 165 895 1612
f 166 901 1615
f 169 919 1624
f 192 1057 1692
f 222 1237 1782
f 216 1201 1765
f 199 1099 1714
f 182 997 1661
f 179 979 1653
f 178 973 1651
f 180 985 1657
f 181 991 1660
f 186 1021 1675
f 174 949 1639
f 193 1063 1696
f 205 1135 1733
f 212 1177 1751
f 221 1231 1779
f 189 1039 1683
f 170 925 1626
f 202 1117 1721
f 217 1207 1766
f 191 1051 1689
f 220 1225 1778
f 214 1189 1760
f 200 1105 1718
f 171 931 1629
f 210 1165 1747
f 183 1003 1665
f 175 955 1641
f 196 1081 1704
f 207 1147 1737
f 211 1171 1750
f 187 1027 1676
f 176 961 1644
f 195 1075 1702
f 203 1123 1726
f 188 1033 1681
f 168 913 1620
f 198 1093 1710
f 213 1183 1755
f 218 1213 1771
f 208 1153 1740
f 185 1015 1673
f 177 967 1647
f 197 1087 1707
f 206 1141 1734
f 184 1009 1669
f 173 943 1635
f 194 1069 1698
f 204 1129 1729
f 209 1159 1745
f 190 1045 1687
f 219 1219 1774
f 215 1195 1762
f 201 1111 1720
f 172 937 1632
f 357 1280 2189
f 255 1256 1883
f 262 1292 1903
f 388 1310 2281
f 400 1328 2317
f 352 1376 2173
f 347 1538 2158
f 298 1447 2012
f 364 1573 2210
f 269 1363 1924
f 339 1484 2135
f 285 1388 1973
f 293 1435 1996
f 370 1508 2227
f 396 1526 2304
f 353 1544 2176
f 346 1466 2155
f 299 1453 2014
f 365 1579 2212
f 268 1357 1922
f 249 1268 1864
f 231 1244 1810
f 226 1249 1795
f 238 1285 1831
f 244 1303 1849
f 257 1333 1887
f 359 1550 2193
f 402 1472 2321
f 390 1598 2285
f 264 1351 1907
f 327 1478 2098
f 309 1400 2044
f 282 1405 1961
f 317 1489 2067
f 322 1501 2083
f 341 1532 2139
f 286 1411 1975
f 294 1441 1997
f 372 1591 2231
f 394 1382 2298
f 358 1322 2190
f 256 1274 1884
f 261 1262 1900
f 387 1298 2278
f 399 1316 2314
f 351 1340 2170
f 348 1561 2159
f 300 1459 2015
f 366 1585 2213
f 267 1346 1918
f 340 1520 2136
f 287 1417 1977
f 291 1394 1990
f 369 1496 2224
f 395 1514 2301
f 354 1556 2177
f 345 1424 2152
f 297 1430 2008
f 363 1567 2206
f 270 1369 1925
f 234 1279 1817
f 227 1255 1797
f 239 1291 1833
f 245 1309 1851
f 252 1327 1871
f 275 1375 1941
f 334 1537 2119
f 304 1448 2029
f 377 1574 2247
f 382 1364 2262
f 312 1483 2051
f 279 1387 1954
f 316 1436 2064
f 323 1507 2085
f 330 1525 2105
f 335 1543 2121
f 305 1465 2031
f 376 1454 2244
f 383 1580 2265
f 274 1358 1939
f 232 1267 1814
f 225 1243 1793
f 237 1250 1829
f 243 1286 1847
f 250 1304 1868
f 273 1334 1937
f 336 1549 2124
f 306 1471 2034
f 378 1597 2250
f 381 1352 2261
f 311 1477 2050
f 281 1399 1960
f 315 1406 2063
f 321 1490 2081
f 328 1502 2102
f 333 1531 2117
f 303 1412 2027
f 375 1442 2243
f 384 1592 2268
f 276 1381 1944
f 229 890 1804
f 223 884 1785
f 235 896 1821
f 241 902 1839
f 247 908 1858
f 271 938 1929
f 332 1046 2114
f 302 1220 2024
f 374 1196 2240
f 379 1112 2253
f 307 980 2038
f 278 974 1951
f 313 986 2055
f 319 992 2073
f 325 998 2092
f 331 1016 2109
f 301 968 2019
f 373 1088 2235
f 380 1142 2258
f 272 1154 1934
f 248 1214 1861
f 230 1034 1807
f 224 914 1790
f 236 1094 1826
f 242 1184 1844
f 254 1040 1880
f 356 1232 2186
f 397 1208 2308
f 385 1118 2272
f 259 926 1894
f 326 1160 2095
f 308 1010 2041
f 277 944 1948
f 314 1070 2060
f 320 1130 2078
f 338 1166 2132
f 284 1004 1970
f 289 956 1984
f 367 1082 2218
f 391 1148 2289
f 355 1058 2181
f 253 920 1875
f 260 1100 1897
f 386 1202 2275
f 398 1238 2311
f 350 1172 2167
f 343 1028 2146
f 295 962 2002
f 361 1076 2200
f 266 1124 1915
f 337 1022 2127
f 283 950 1965
f 290 1064 1987
f 368 1136 2221
f 392 1178 2294
f 349 1052 2164
f 344 1226 2149
f 296 1190 2005
f 362 1106 2203
f 265 932 1912
f 251 1321 1870
f 233 1273 1816
f 228 1261 1800
f 240 1297 1836
f 246 1315 1854
f 258 1339 1890
f 360 1562 2196
f 401 1460 2320
f 389 1586 2284
f 263 1345 1906
f 329 1519 2104
f 310 1418 2047
f 280 1393 1958
f 318 1495 2070
f 324 1513 2088
f 342 1555 2142
f 288 1423 1980
f 292 1429 1994
f 371 1568 2230
f 393 1370 2297
f 409 894 2329
f 405 887 2323
f 411 899 2326
f 414 905 2333
f 417 912 2336
f 431 941 2345
f 488 1050 2409
f 575 1224 2496
f 563 1200 2485
f 519 1115 2435
f 454 984 2374
f 450 977 2368
f 456 989 2371
f 459 995 2378
f 462 1002 2381
f 472 1019 2392
f 446 971 2360
f 506 1091 2416
f 535 1146 2456
f 541 1158 2460
f 570 1217 2488
f 480 1037 2398
f 421 918 2340
f 511 1098 2430
f 556 1188 2475
f 484 1044 2404
f 580 1236 2501
f 567 1212 2482
f 522 1122 2440
f 427 930 2347
f 544 1163 2464
f 468 1013 2384
f 436 948 2355
f 499 1074 2419
f 530 1134 2451
f 548 1170 2470
f 466 1008 2385
f 442 960 2362
f 505 1086 2423
f 536 1151 2446
f 491 1061 2401
f 423 923 2339
f 513 1103 2429
f 564 1205 2474
f 581 1241 2491
f 549 1175 2459
f 477 1032 2395
f 445 966 2365
f 503 1080 2424
f 525 1127 2443
f 474 1025 2390
f 438 953 2354
f 495 1067 2413
f 532 1139 2450
f 552 1182 2467
f 490 1056 2408
f 577 1229 2495
f 559 1193 2479
f 517 1109 2437
f 430 936 2350
f 590 1325 2511
f 584 1277 2505
f 585 1265 2507
f 592 1301 2513
f 595 1319 2516
f 598 1343 2519
f 636 1566 2556
f 621 1464 2540
f 642 1590 2561
f 601 1349 2521
f 623 1523 2544
f 611 1422 2529
f 609 1397 2530
f 625 1499 2546
f 628 1517 2549
f 632 1559 2553
f 613 1427 2534
f 616 1433 2536
f 638 1572 2557
f 606 1374 2525
f 407 892 1609
f 403 885 1605
f 404 897 1611
f 410 903 1614
f 413 910 1617
f 422 939 1631
f 486 1048 1688
f 573 1222 1775
f 561 1198 1763
f 512 1113 1719
f 452 982 1654
f 448 975 1650
f 449 987 1656
f 455 993 1659
f 458 1000 1662
f 470 1017 1672
f 437 969 1646
f 494 1089 1706
f 531 1144 1735
f 539 1156 1741
f 568 1215 1770
f 478 1035 1680
f 419 916 1621
f 509 1096 1711
f 554 1186 1756
f 482 1042 1684
f 576 1234 1780
f 558 1210 1767
f 516 1120 1722
f 425 928 1627
f 542 1161 1744
f 463 1011 1668
f 434 946 1636
f 497 1072 1699
f 528 1132 1730
f 546 1168 1748
f 464 1006 1666
f 440 958 1642
f 500 1084 1705
f 524 1149 1736
f 479 1059 1691
f 418 921 1623
f 508 1101 1713
f 553 1203 1764
f 569 1239 1781
f 538 1173 1749
f 471 1030 1677
f 443 964 1645
f 501 1078 1703
f 523 1125 1725
f 467 1023 1674
f 433 951 1638
f 493 1065 1695
f 527 1137 1732
f 543 1180 1752
f 485 1054 1690
f 572 1227 1777
f 557 1191 1759
f 515 1107 1717
f 428 934 1630
f 591 1326 2191
f 587 1278 1885
f 588 1266 1901
f 594 1302 2279
f 597 1320 2315
f 600 1344 2171
f 634 1565 2160
f 619 1463 2016
f 639 1589 2214
f 602 1350 1919
f 624 1524 2137
f 608 1421 1978
f 610 1398 1991
f 627 1500 2225
f 630 1518 2302
f 635 1560 2178
f 615 1428 2153
f 617 1434 2009
f 637 1571 2207
f 604 1373 1926
f 416 911 1857
f 408 893 1803
f 406 888 1786
f 412 900 1822
f 415 906 1840
f 424 924 1876
f 492 1062 2182
f 582 1242 2312
f 565 1206 2276
f 514 1104 1898
f 461 1001 2091
f 453 983 2037
f 451 978 1952
f 457 990 2056
f 460 996 2074
f 475 1026 2128
f 439 954 1966
f 496 1068 1988
f 533 1140 2222
f 551 1181 2293
f 579 1235 2185
f 483 1043 1879
f 426 929 1893
f 521 1121 2271
f 566 1211 2307
f 489 1055 2163
f 578 1230 2150
f 560 1194 2006
f 518 1110 2204
f 429 935 1911
f 547 1169 2131
f 465 1007 1969
f 441 959 1983
f 504 1085 2217
f 537 1152 2290
f 550 1176 2168
f 476 1031 2145
f 444 965 2001
f 502 1079 2199
f 526 1128 1916
f 481 1038 1808
f 420 917 1789
f 510 1097 1825
f 555 1187 1843
f 571 1218 1862
f 540 1157 1933
f 473 1020 2110
f 447 972 2020
f 507 1092 2236
f 534 1145 2257
f 469 1014 2042
f 435 947 1947
f 498 1073 2059
f 529 1133 2077
f 545 1164 2096
f 487 1049 2113
f 574 1223 2023
f 562 1199 2239
f 520 1116 2254
f 432 942 1930
f 589 1283 1818
f 583 1259 1798
f 586 1295 1834
f 593 1313 1852
f 596 1331 1872
f 599 1379 1942
f 633 1541 2120
f 620 1452 2030
f 640 1578 2248
f 603 1368 2263
f 622 1487 2052
f 607 1391 1955
f 612 1440 2065
f 626 1511 2086
f 629 1529 2106
f 631 1547 2122
f 614 1469 2032
f 618 1458 2245
f 641 1584 2266
f 605 1362 1940
f 409 1269 1813
f 405 1245 1792
f 411 1252 1828
f 414 1288 1846
f 417 1306 1867
f 431 1336 1936
f 488 1551 2123
f 575 1473 2033
f 563 1599 2249
f 519 1354 2260
f 454 1479 2049
f 450 1401 1959
f 456 1408 2062
f 459 1492 2080
f 462 1504 2101
f 472 1533 2116
f 446 1414 2026
f 506 1444 2242
f 535 1594 2267
f 541 1383 1943
f 570 1323 1869
f 480 1275 1815
f 421 1263 1799
f 511 1299 1835
f 556 1317 1853
f 484 1341 1889
f 580 1564 2195
f 567 1462 2319
f 522 1588 2283
f 427 1347 1905
f 544 1521 2103
f 468 1420 2046
f 436 1395 1957
f 499 1497 2069
f 530 1515 2087
f 548 1557 2141
f 466 1425 1979
f 442 1431 1993
f 505 1570 2229
f 536 1372 2296
f 491 1282 2188
f 423 1258 1882
f 513 1294 1902
f 564 1312 2280
f 581 1330 2316
f 549 1378 2172
f 477 1540 2157
f 445 1449 2011
f 503 1575 2209
f 525 1365 1923
f 474 1486 2134
f 438 1390 1972
f 495 1437 1995
f 532 1510 2226
f 552 1528 2303
f 490 1546 2175
f 577 1468 2154
f 559 1455 2013
f 517 1581 2211
f 430 1359 1921
f 590 1272 1865
f 584 1248 1811
f 585 1253 1796
f 592 1289 1832
f 595 1307 1850
f 598 1337 1888
f 636 1554 2194
f 621 1476 2322
f 642 1602 2286
f 601 1355 1908
f 623 1482 2099
f 611 1404 2045
f 609 1409 1962
f 625 1493 2068
f 628 1505 2084
f 632 1536 2140
f 613 1415 1976
f 616 1445 1998
f 638 1595 2232
f 606 1386 2299
f 407 909 2330
f 403 891 2324
f 404 886 2325
f 410 898 2332
f 413 904 2335
f 422 922 2344
f 486 1060 2410
f 573 1240 2497
f 561 1204 2486
f 512 1102 2434
f 452 999 2375
f 448 981 2369
f 449 976 2370
f 455 988 2377
f 458 994 2380
f 470 1024 2393
f 437 952 2359
f 494 1066 2415
f 531 1138 2455
f 539 1179 2461
f 568 1233 2489
f 478 1041 2399
f 419 927 2341
f 509 1119 2431
f 554 1209 2476
f 482 1053 2405
f 576 1228 2500
f 558 1192 2481
f 516 1108 2439
f 425 933 2348
f 542 1167 2465
f 463 1005 2383
f 434 957 2356
f 497 1083 2420
f 528 1150 2452
f 546 1174 2471
f 464 1029 2386
f 440 963 2363
f 500 1077 2422
f 524 1126 2445
f 479 1036 2400
f 418 915 2338
f 508 1095 2428
f 553 1185 2473
f 569 1216 2490
f 538 1155 2458
f 471 1018 2394
f 443 970 2366
f 501 1090 2425
f 523 1143 2444
f 467 1012 2389
f 433 945 2353
f 493 1071 2414
f 527 1131 2449
f 543 1162 2466
f 485 1047 2407
f 572 1221 2494
f 557 1197 2480
f 515 1114 2438
f 428 940 2351
f 591 1284 2510
f 587 1260 2504
f 588 1296 2508
f 594 1314 2514
f 597 1332 2517
f 600 1380 2520
f 634 1542 2554
f 619 1451 2539
f 639 1577 2560
f 602 1367 2523
f 624 1488 2543
f 608 1392 2527
f 610 1439 2532
f 627 1512 2547
f 630 1530 2550
f 635 1548 2552
f 615 1470 2535
f 617 1457 2538
f 637 1583 2558
f 604 1361 2524
f 167 1616 1607
f 164 1608 1603
f 163 1606 1604
f 165 1612 1610
f 166 1615 1613
f 169 1624 1622
f 192 1692 1686
f 222 1782 1773
f 216 1765 1761
f 199 1714 1712
f 182 1661 1652
f 179 1653 1648
f 178 1651 1649
f 180 1657 1655
f 181 1660 1658
f 186 1675 1670
f 174 1639 1637
f 193 1696 1694
f 205 1733 1731
f 212 1751 1739
f 221 1779 1768
f 189 1683 1678
f 170 1626 1619
f 202 1721 1709
f 217 1766 1754
f 191 1689 1682
f 220 1778 1776
f 214 1760 1758
f 200 1718 1716
f 171 1629 1625
f 210 1747 1742
f 183 1665 1663
f 175 1641 1634
f 196 1704 1697
f 207 1737 1728
f 211 1750 1746
f 187 1676 1664
f 176 1644 1640
f 195 1702 1700
f 203 1726 1724
f 188 1681 1679
f 168 1620 1618
f 198 1710 1708
f 213 1755 1753
f 218 1771 1769
f 208 1740 1738
f 185 1673 1671
f 177 1647 1643
f 197 1707 1701
f 206 1734 1723
f 184 1669 1667
f 173 1635 1633
f 194 1698 1693
f 204 1729 1727
f 209 1745 1743
f 190 1687 1685
f 219 1774 1772
f 215 1762 1757
f 201 1720 1715
f 172 1632 1628
f 357 2189 2187
f 255 1883 1881
f 262 1903 1899
f 388 2281 2277
f 400 2317 2313
f 352 2173 2169
f 347 2158 2156
f 298 2012 2010
f 364 2210 2208
f 269 1924 1917
f 339 2135 2133
f 285 1973 1971
f 293 1996 1989
f 370 2227 2223
f 396 2304 2300
f 353 2176 2174
f 346 2155 2151
f 299 2014 2007
f 365 2212 2205
f 268 1922 1920
f 249 1864 1855
f 231 1810 1801
f 226 1795 1784
f 238 1831 1820
f 244 1849 1838
f 257 1887 1874
f 359 2193 2180
f 402 2321 2310
f 390 2285 2274
f 264 1907 1896
f 327 2098 2089
f 309 2044 2035
f 282 1961 1950
f 317 2067 2054
f 322 2083 2072
f 341 2139 2126
f 286 1975 1964
f 294 1997 1986
f 372 2231 2220
f 394 2298 2291
f 358 2190 2183
f 256 1884 1877
f 261 1900 1891
f 387 2278 2269
f 399 2314 2305
f 351 2170 2161
f 348 2159 2148
f 300 2015 2004
f 366 2213 2202
f 267 1918 1909
f 340 2136 2129
f 287 1977 1967
f 291 1990 1981
f 369 2224 2215
f 395 2301 2288
f 354 2177 2166
f 345 2152 2143
f 297 2008 1999
f 363 2206 2197
f 270 1925 1914
f 234 1817 1806
f 227 1797 1787
f 239 1833 1823
f 245 1851 1841
f 252 1871 1860
f 275 1941 1931
f 334 2119 2108
f 304 2029 2018
f 377 2247 2234
f 382 2262 2255
f 312 2051 2040
f 279 1954 1945
f 316 2064 2057
f 323 2085 2075
f 330 2105 2094
f 335 2121 2111
f 305 2031 2021
f 376 2244 2237
f 383 2265 2252
f 274 1939 1928
f 232 1814 1812
f 225 1793 1791
f 237 1829 1827
f 243 1847 1845
f 250 1868 1866
f 273 1937 1935
f 336 2124 2118
f 306 2034 2028
f 378 2250 2246
f 381 2261 2259
f 311 2050 2048
f 281 1960 1953
f 315 2063 2061
f 321 2081 2079
f 328 2102 2100
f 333 2117 2115
f 303 2027 2025
f 375 2243 2241
f 384 2268 2264
f 276 1944 1938
f 229 1804 1802
f 223 1785 1783
f 235 1821 1819
f 241 1839 1837
f 247 1858 1856
f 271 1929 1927
f 332 2114 2112
f 302 2024 2022
f 374 2240 2238
f 379 2253 2251
f 307 2038 2036
f 278 1951 1949
f 313 2055 2053
f 319 2073 2071
f 325 2092 2090
f 331 2109 2107
f 301 2019 2017
f 373 2235 2233
f 380 2258 2256
f 272 1934 1932
f 248 1861 1859
f 230 1807 1805
f 224 1790 1788
f 236 1826 1824
f 242 1844 1842
f 254 1880 1878
f 356 2186 2184
f 397 2308 2306
f 385 2272 2270
f 259 1894 1892
f 326 2095 2093
f 308 2041 2039
f 277 1948 1946
f 314 2060 2058
f 320 2078 2076
f 338 2132 2130
f 284 1970 1968
f 289 1984 1982
f 367 2218 2216
f 391 2289 2287
f 355 2181 2179
f 253 1875 1873
f 260 1897 1895
f 386 2275 2273
f 398 2311 2309
f 350 2167 2165
f 343 2146 2144
f 295 2002 2000
f 361 2200 2198
f 266 1915 1913
f 337 2127 2125
f 283 1965 1963
f 290 1987 1985
f 368 2221 2219
f 392 2294 2292
f 349 2164 2162
f 344 2149 2147
f 296 2005 2003
f 362 2203 2201
f 265 1912 1910
f 251 1870 1863
f 233 1816 1809
f 228 1800 1794
f 240 1836 1830
f 246 1854 1848
f 258 1890 1886
f 360 2196 2192
f 401 2320 2318
f 389 2284 2282
f 263 1906 1904
f 329 2104 2097
f 310 2047 2043
f 280 1958 1956
f 318 2070 2066
f 324 2088 2082
f 342 2142 2138
f 288 1980 1974
f 292 1994 1992
f 371 2230 2228
f 393 2297 2295
f 409 2329 2331
f 405 2323 2327
f 411 2326 2328
f 414 2333 2334
f 417 2336 2337
f 431 2345 2346
f 488 2409 2412
f 575 2496 2499
f 563 2485 2487
f 519 2435 2436
f 454 2374 2376
f 450 2368 2372
f 456 2371 2373
f 459 2378 2379
f 462 2381 2382
f 472 2392 2396
f 446 2360 2361
f 506 2416 2418
f 535 2456 2457
f 541 2460 2463
f 570 2488 2492
f 480 2398 2402
f 421 2340 2343
f 511 2430 2433
f 556 2475 2478
f 484 2404 2406
f 580 2501 2502
f 567 2482 2484
f 522 2440 2442
f 427 2347 2349
f 544 2464 2468
f 468 2384 2387
f 436 2355 2358
f 499 2419 2421
f 530 2451 2454
f 548 2470 2472
f 466 2385 2388
f 442 2362 2364
f 505 2423 2426
f 536 2446 2448
f 491 2401 2403
f 423 2339 2342
f 513 2429 2432
f 564 2474 2477
f 581 2491 2493
f 549 2459 2462
f 477 2395 2397
f 445 2365 2367
f 503 2424 2427
f 525 2443 2447
f 474 2390 2391
f 438 2354 2357
f 495 2413 2417
f 532 2450 2453
f 552 2467 2469
f 490 2408 2411
f 577 2495 2498
f 559 2479 2483
f 517 2437 2441
f 430 2350 2352
f 590 2511 2509
f 584 2505 2503
f 585 2507 2506
f 592 2513 2512
f 595 2516 2515
f 598 2519 2518
f 636 2556 2555
f 621 2540 2541
f 642 2561 2562
f 601 2521 2522
f 623 2544 2542
f 611 2529 2528
f 609 2530 2531
f 625 2546 2545
f 628 2549 2548
f 632 2553 2551
f 613 2534 2533
f 616 2536 2537
f 638 2557 2559
f 606 2525 2526
f 1607 644 647
f 1603 643 644
f 1604 645 643
f 1610 646 645
f 1613 647 646
f 1622 652 649
f 1686 670 672
f 1773 699 702
f 1761 695 696
f 1712 681 679
f 1652 659 662
f 1648 658 659
f 1649 660 658
f 1655 661 660
f 1658 662 661
f 1670 665 666
f 1637 657 654
f 1694 677 673
f 1731 686 685
f 1739 688 692
f 1768 698 701
f 1678 668 669
f 1619 648 650
f 1709 678 682
f 1754 693 697
f 1682 669 671
f 1776 701 700
f 1758 697 694
f 1716 682 680
f 1625 650 651
f 1742 689 690
f 1663 664 663
f 1634 653 655
f 1697 674 676
f 1728 684 687
f 1746 690 691
f 1664 663 667
f 1640 655 656
f 1700 676 675
f 1724 687 683
f 1679 672 668
f 1618 649 648
f 1708 679 678
f 1753 696 693
f 1769 702 698
f 1738 691 688
f 1671 667 665
f 1643 656 657
f 1701 675 677
f 1723 683 686
f 1667 666 664
f 1633 654 653
f 1693 673 674
f 1727 685 684
f 1743 692 689
f 1685 671 670
f 1772 700 699
f 1757 694 695
f 1715 680 681
f 1628 651 652
f 2187 838 837
f 1881 736 735
f 1899 741 742
f 2277 867 868
f 2313 879 880
f 2169 831 832
f 2156 828 827
f 2010 780 778
f 2208 846 844
f 1917 747 749
f 2133 820 819
f 1971 767 765
f 1989 771 773
f 2223 849 850
f 2300 875 876
f 2174 834 833
f 2151 825 826
f 2007 777 779
f 2205 843 845
f 1920 750 748
f 1855 727 729
f 1801 709 711
f 1784 703 706
f 1820 715 718
f 1838 721 724
f 1874 733 737
f 2180 835 839
f 2310 878 882
f 2274 866 870
f 1896 740 744
f 2089 805 807
f 2035 787 789
f 1950 758 762
f 2054 793 797
f 2072 799 802
f 2126 817 821
f 1964 763 766
f 1986 770 774
f 2220 848 852
f 2291 872 874
f 2183 836 838
f 1877 734 736
f 1891 739 741
f 2269 865 867
f 2305 877 879
f 2161 829 831
f 2148 824 828
f 2004 776 780
f 2202 842 846
f 1909 745 747
f 2129 818 820
f 1967 764 767
f 1981 769 771
f 2215 847 849
f 2288 871 875
f 2166 830 834
f 2143 823 825
f 1999 775 777
f 2197 841 843
f 1914 746 750
f 1806 710 714
f 1787 704 707
f 1823 716 719
f 1841 722 725
f 1860 728 732
f 1931 752 755
f 2108 811 814
f 2018 781 784
f 2234 853 857
f 2255 860 862
f 2040 788 792
f 1945 757 759
f 2057 794 796
f 2075 800 803
f 2094 806 810
f 2111 812 815
f 2021 782 785
f 2237 854 856
f 2252 859 863
f 1928 751 754
f 1812 714 712
f 1791 707 705
f 1827 719 717
f 1845 725 723
f 1866 732 730
f 1935 755 753
f 2118 814 816
f 2028 784 786
f 2246 857 858
f 2259 862 861
f 2048 792 791
f 1953 759 761
f 2061 796 795
f 2079 803 801
f 2100 810 808
f 2115 815 813
f 2025 785 783
f 2241 856 855
f 2264 863 864
f 1938 754 756
f 1802 712 709
f 1783 705 703
f 1819 717 715
f 1837 723 721
f 1856 730 727
f 1927 753 751
f 2112 816 812
f 2022 786 782
f 2238 858 854
f 2251 861 859
f 2036 791 787
f 1949 761 758
f 2053 795 793
f 2071 801 799
f 2090 808 805
f 2107 813 811
f 2017 783 781
f 2233 855 853
f 2256 864 860
f 1932 756 752
f 1859 731 728
f 1805 713 710
f 1788 708 704
f 1824 720 716
f 1842 726 722
f 1878 738 734
f 2184 840 836
f 2306 881 877
f 2270 869 865
f 1892 743 739
f 2093 809 806
f 2039 790 788
f 1946 760 757
f 2058 798 794
f 2076 804 800
f 2130 822 818
f 1968 768 764
f 1982 772 769
f 2216 851 847
f 2287 873 871
f 2179 837 835
f 1873 735 733
f 1895 742 740
f 2273 868 866
f 2309 880 878
f 2165 832 830
f 2144 827 823
f 2000 778 775
f 2198 844 841
f 1913 749 746
f 2125 819 817
f 1963 765 763
f 1985 773 770
f 2219 850 848
f 2292 876 872
f 2162 833 829
f 2147 826 824
f 2003 779 776
f 2201 845 842
f 1910 748 745
f 1863 729 731
f 1809 711 713
f 1794 706 708
f 1830 718 720
f 1848 724 726
f 1886 737 738
f 2192 839 840
f 2318 882 881
f 2282 870 869
f 1904 744 743
f 2097 807 809
f 2043 789 790
f 1956 762 760
f 2066 797 798
f 2082 802 804
f 2138 821 822
f 1974 766 768
f 1992 774 772
f 2228 852 851
f 2295 874 873
f 2331 1270 1269
f 2327 1246 1245
f 2328 1251 1252
f 2334 1287 1288
f 2337 1305 1306
f 2346 1335 1336
f 2412 1552 1551
f 2499 1474 1473
f 2487 1600 1599
f 2436 1353 1354
f 2376 1480 1479
f 2372 1402 1401
f 2373 1407 1408
f 2379 1491 1492
f 2382 1503 1504
f 2396 1534 1533
f 2361 1413 1414
f 2418 1443 1444
f 2457 1593 1594
f 2463 1384 1383
f 2492 1324 1323
f 2402 1276 1275
f 2343 1264 1263
f 2433 1300 1299
f 2478 1318 1317
f 2406 1342 1341
f 2502 1563 1564
f 2484 1461 1462
f 2442 1587 1588
f 2349 1348 1347
f 2468 1522 1521
f 2387 1419 1420
f 2358 1396 1395
f 2421 1498 1497
f 2454 1516 1515
f 2472 1558 1557
f 2388 1426 1425
f 2364 1432 1431
f 2426 1569 1570
f 2448 1371 1372
f 2403 1281 1282
f 2342 1257 1258
f 2432 1293 1294
f 2477 1311 1312
f 2493 1329 1330
f 2462 1377 1378
f 2397 1539 1540
f 2367 1450 1449
f 2427 1576 1575
f 2447 1366 1365
f 2391 1485 1486
f 2357 1389 1390
f 2417 1438 1437
f 2453 1509 1510
f 2469 1527 1528
f 2411 1545 1546
f 2498 1467 1468
f 2483 1456 1455
f 2441 1582 1581
f 2352 1360 1359
f 2509 1271 1272
f 2503 1247 1248
f 2506 1254 1253
f 2512 1290 1289
f 2515 1308 1307
f 2518 1338 1337
f 2555 1553 1554
f 2541 1475 1476
f 2562 1601 1602
f 2522 1356 1355
f 2542 1481 1482
f 2528 1403 1404
f 2531 1410 1409
f 2545 1494 1493
f 2548 1506 1505
f 2551 1535 1536
f 2533 1416 1415
f 2537 1446 1445
f 2559 1596 1595
f 2526 1385 1386
f 1616 907 909
f 1608 889 891
f 1606 883 886
f 1612 895 898
f 1615 901 904
f 1624 919 922
f 1692 1057 1060
f 1782 1237 1240
f 1765 1201 1204
f 1714 1099 1102
f 1661 997 999
f 1653 979 981
f 1651 973 976
f 1657 985 988
f 1660 991 994
f 1675 1021 1024
f 1639 949 952
f 1696 1063 1066
f 1733 1135 1138
f 1751 1177 1179
f 1779 1231 1233
f 1683 1039 1041
f 1626 925 927
f 1721 1117 1119
f 1766 1207 1209
f 1689 1051 1053
f 1778 1225 1228
f 1760 1189 1192
f 1718 1105 1108
f 1629 931 933
f 1747 1165 1167
f 1665 1003 1005
f 1641 955 957
f 1704 1081 1083
f 1737 1147 1150
f 1750 1171 1174
f 1676 1027 1029
f 1644 961 963
f 1702 1075 1077
f 1726 1123 1126
f 1681 1033 1036
f 1620 913 915
f 1710 1093 1095
f 1755 1183 1185
f 1771 1213 1216
f 1740 1153 1155
f 1673 1015 1018
f 1647 967 970
f 1707 1087 1090
f 1734 1141 1143
f 1669 1009 1012
f 1635 943 945
f 1698 1069 1071
f 1729 1129 1131
f 1745 1159 1162
f 1687 1045 1047
f 1774 1219 1221
f 1762 1195 1197
f 1720 1111 1114
f 1632 937 940
f 2189 1280 1284
f 1883 1256 1260
f 1903 1292 1296
f 2281 1310 1314
f 2317 1328 1332
f 2173 1376 1380
f 2158 1538 1542
f 2012 1447 1451
f 2210 1573 1577
f 1924 1363 1367
f 2135 1484 1488
f 1973 1388 1392
f 1996 1435 1439
f 2227 1508 1512
f 2304 1526 1530
f 2176 1544 1548
f 2155 1466 1470
f 2014 1453 1457
f 2212 1579 1583
f 1922 1357 1361
f 1864 1268 1270
f 1810 1244 1246
f 1795 1249 1251
f 1831 1285 1287
f 1849 1303 1305
f 1887 1333 1335
f 2193 1550 1552
f 2321 1472 1474
f 2285 1598 1600
f 1907 1351 1353
f 2098 1478 1480
f 2044 1400 1402
f 1961 1405 1407
f 2067 1489 1491
f 2083 1501 1503
f 2139 1532 1534
f 1975 1411 1413
f 1997 1441 1443
f 2231 1591 1593
f 2298 1382 1384
f 2190 1322 1324
f 1884 1274 1276
f 1900 1262 1264
f 2278 1298 1300
f 2314 1316 1318
f 2170 1340 1342
f 2159 1561 1563
f 2015 1459 1461
f 2213 1585 1587
f 1918 1346 1348
f 2136 1520 1522
f 1977 1417 1419
f 1990 1394 1396
f 2224 1496 1498
f 2301 1514 1516
f 2177 1556 1558
f 2152 1424 1426
f 2008 1430 1432
f 2206 1567 1569
f 1925 1369 1371
f 1817 1279 1281
f 1797 1255 1257
f 1833 1291 1293
f 1851 1309 1311
f 1871 1327 1329
f 1941 1375 1377
f 2119 1537 1539
f 2029 1448 1450
f 2247 1574 1576
f 2262 1364 1366
f 2051 1483 1485
f 1954 1387 1389
f 2064 1436 1438
f 2085 1507 1509
f 2105 1525 1527
f 2121 1543 1545
f 2031 1465 1467
f 2244 1454 1456
f 2265 1580 1582
f 1939 1358 1360
f 1814 1267 1271
f 1793 1243 1247
f 1829 1250 1254
f 1847 1286 1290
f 1868 1304 1308
f 1937 1334 1338
f 2124 1549 1553
f 2034 1471 1475
f 2250 1597 1601
f 2261 1352 1356
f 2050 1477 1481
f 1960 1399 1403
f 2063 1406 1410
f 2081 1490 1494
f 2102 1502 1506
f 2117 1531 1535
f 2027 1412 1416
f 2243 1442 1446
f 2268 1592 1596
f 1944 1381 1385
f 1804 890 894
f 1785 884 887
f 1821 896 899
f 1839 902 905
f 1858 908 912
f 1929 938 941
f 2114 1046 1050
f 2024 1220 1224
f 2240 1196 1200
f 2253 1112 1115
f 2038 980 984
f 1951 974 977
f 2055 986 989
f 2073 992 995
f 2092 998 1002
f 2109 1016 1019
f 2019 968 971
f 2235 1088 1091
f 2258 1142 1146
f 1934 1154 1158
f 1861 1214 1217
f 1807 1034 1037
f 1790 914 918
f 1826 1094 1098
f 1844 1184 1188
f 1880 1040 1044
f 2186 1232 1236
f 2308 1208 1212
f 2272 1118 1122
f 1894 926 930
f 2095 1160 1163
f 2041 1010 1013
f 1948 944 948
f 2060 1070 1074
f 2078 1130 1134
f 2132 1166 1170
f 1970 1004 1008
f 1984 956 960
f 2218 1082 1086
f 2289 1148 1151
f 2181 1058 1061
f 1875 920 923
f 1897 1100 1103
f 2275 1202 1205
f 2311 1238 1241
f 2167 1172 1175
f 2146 1028 1032
f 2002 962 966
f 2200 1076 1080
f 1915 1124 1127
f 2127 1022 1025
f 1965 950 953
f 1987 1064 1067
f 2221 1136 1139
f 2294 1178 1182
f 2164 1052 1056
f 2149 1226 1229
f 2005 1190 1193
f 2203 1106 1109
f 1912 932 936
f 1870 1321 1325
f 1816 1273 1277
f 1800 1261 1265
f 1836 1297 1301
f 1854 1315 1319
f 1890 1339 1343
f 2196 1562 1566
f 2320 1460 1464
f 2284 1586 1590
f 1906 1345 1349
f 2104 1519 1523
f 2047 1418 1422
f 1958 1393 1397
f 2070 1495 1499
f 2088 1513 1517
f 2142 1555 1559
f 1980 1423 1427
f 1994 1429 1433
f 2230 1568 1572
f 2297 1370 1374
f 2329 894 892
f 2323 887 885
f 2326 899 897
f 2333 905 903
f 2336 912 910
f 2345 941 939
f 2409 1050 1048
f 2496 1224 1222
f 2485 1200 1198
f 2435 1115 1113
f 2374 984 982
f 2368 977 975
f 2371 989 987
f 2378 995 993
f 2381 1002 1000
f 2392 1019 1017
f 2360 971 969
f 2416 1091 1089
f 2456 1146 1144
f 2460 1158 1156
f 2488 1217 1215
f 2398 1037 1035
f 2340 918 916
f 2430 1098 1096
f 2475 1188 1186
f 2404 1044 1042
f 2501 1236 1234
f 2482 1212 1210
f 2440 1122 1120
f 2347 930 928
f 2464 1163 1161
f 2384 1013 1011
f 2355 948 946
f 2419 1074 1072
f 2451 1134 1132
f 2470 1170 1168
f 2385 1008 1006
f 2362 960 958
f 2423 1086 1084
f 2446 1151 1149
f 2401 1061 1059
f 2339 923 921
f 2429 1103 1101
f 2474 1205 1203
f 2491 1241 1239
f 2459 1175 1173
f 2395 1032 1030
f 2365 966 964
f 2424 1080 1078
f 2443 1127 1125
f 2390 1025 1023
f 2354 953 951
f 2413 1067 1065
f 2450 1139 1137
f 2467 1182 1180
f 2408 1056 1054
f 2495 1229 1227
f 2479 1193 1191
f 2437 1109 1107
f 2350 936 934
f 2511 1325 1326
f 2505 1277 1278
f 2507 1265 1266
f 2513 1301 1302
f 2516 1319 1320
f 2519 1343 1344
f 2556 1566 1565
f 2540 1464 1463
f 2561 1590 1589
f 2521 1349 1350
f 2544 1523 1524
f 2529 1422 1421
f 2530 1397 1398
f 2546 1499 1500
f 2549 1517 1518
f 2553 1559 1560
f 2534 1427 1428
f 2536 1433 1434
f 2557 1572 1571
f 2525 1374 1373
f 1609 892 889
f 1605 885 883
f 1611 897 895
f 1614 903 901
f 1617 910 907
f 1631 939 937
f 1688 1048 1045
f 1775 1222 1219
f 1763 1198 1195
f 1719 1113 1111
f 1654 982 979
f 1650 975 973
f 1656 987 985
f 1659 993 991
f 1662 1000 997
f 1672 1017 1015
f 1646 969 967
f 1706 1089 1087
f 1735 1144 1141
f 1741 1156 1153
f 1770 1215 1213
f 1680 1035 1033
f 1621 916 913
f 1711 1096 1093
f 1756 1186 1183
f 1684 1042 1039
f 1780 1234 1231
f 1767 1210 1207
f 1722 1120 1117
f 1627 928 925
f 1744 1161 1159
f 1668 1011 1009
f 1636 946 943
f 1699 1072 1069
f 1730 1132 1129
f 1748 1168 1165
f 1666 1006 1003
f 1642 958 955
f 1705 1084 1081
f 1736 1149 1147
f 1691 1059 1057
f 1623 921 919
f 1713 1101 1099
f 1764 1203 1201
f 1781 1239 1237
f 1749 1173 1171
f 1677 1030 1027
f 1645 964 961
f 1703 1078 1075
f 1725 1125 1123
f 1674 1023 1021
f 1638 951 949
f 1695 1065 1063
f 1732 1137 1135
f 1752 1180 1177
f 1690 1054 1051
f 1777 1227 1225
f 1759 1191 1189
f 1717 1107 1105
f 1630 934 931
f 2191 1326 1322
f 1885 1278 1274
f 1901 1266 1262
f 2279 1302 1298
f 2315 1320 1316
f 2171 1344 1340
f 2160 1565 1561
f 2016 1463 1459
f 2214 1589 1585
f 1919 1350 1346
f 2137 1524 1520
f 1978 1421 1417
f 1991 1398 1394
f 2225 1500 1496
f 2302 1518 1514
f 2178 1560 1556
f 2153 1428 1424
f 2009 1434 1430
f 2207 1571 1567
f 1926 1373 1369
f 1857 911 908
f 1803 893 890
f 1786 888 884
f 1822 900 896
f 1840 906 902
f 1876 924 920
f 2182 1062 1058
f 2312 1242 1238
f 2276 1206 1202
f 1898 1104 1100
f 2091 1001 998
f 2037 983 980
f 1952 978 974
f 2056 990 986
f 2074 996 992
f 2128 1026 1022
f 1966 954 950
f 1988 1068 1064
f 2222 1140 1136
f 2293 1181 1178
f 2185 1235 1232
f 1879 1043 1040
f 1893 929 926
f 2271 1121 1118
f 2307 1211 1208
f 2163 1055 1052
f 2150 1230 1226
f 2006 1194 1190
f 2204 1110 1106
f 1911 935 932
f 2131 1169 1166
f 1969 1007 1004
f 1983 959 956
f 2217 1085 1082
f 2290 1152 1148
f 2168 1176 1172
f 2145 1031 1028
f 2001 965 962
f 2199 1079 1076
f 1916 1128 1124
f 1808 1038 1034
f 1789 917 914
f 1825 1097 1094
f 1843 1187 1184
f 1862 1218 1214
f 1933 1157 1154
f 2110 1020 1016
f 2020 972 968
f 2236 1092 1088
f 2257 1145 1142
f 2042 1014 1010
f 1947 947 944
f 2059 1073 1070
f 2077 1133 1130
f 2096 1164 1160
f 2113 1049 1046
f 2023 1223 1220
f 2239 1199 1196
f 2254 1116 1112
f 1930 942 938
f 1818 1283 1279
f 1798 1259 1255
f 1834 1295 1291
f 1852 1313 1309
f 1872 1331 1327
f 1942 1379 1375
f 2120 1541 1537
f 2030 1452 1448
f 2248 1578 1574
f 2263 1368 1364
f 2052 1487 1483
f 1955 1391 1387
f 2065 1440 1436
f 2086 1511 1507
f 2106 1529 1525
f 2122 1547 1543
f 2032 1469 1465
f 2245 1458 1454
f 2266 1584 1580
f 1940 1362 1358
f 1813 1269 1267
f 1792 1245 1243
f 1828 1252 1250
f 1846 1288 1286
f 1867 1306 1304
f 1936 1336 1334
f 2123 1551 1549
f 2033 1473 1471
f 2249 1599 1597
f 2260 1354 1352
f 2049 1479 1477
f 1959 1401 1399
f 2062 1408 1406
f 2080 1492 1490
f 2101 1504 1502
f 2116 1533 1531
f 2026 1414 1412
f 2242 1444 1442
f 2267 1594 1592
f 1943 1383 1381
f 1869 1323 1321
f 1815 1275 1273
f 1799 1263 1261
f 1835 1299 1297
f 1853 1317 1315
f 1889 1341 1339
f 2195 1564 1562
f 2319 1462 1460
f 2283 1588 1586
f 1905 1347 1345
f 2103 1521 1519
f 2046 1420 1418
f 1957 1395 1393
f 2069 1497 1495
f 2087 1515 1513
f 2141 1557 1555
f 1979 1425 1423
f 1993 1431 1429
f 2229 1570 1568
f 2296 1372 1370
f 2188 1282 1280
f 1882 1258 1256
f 1902 1294 1292
f 2280 1312 1310
f 2316 1330 1328
f 2172 1378 1376
f 2157 1540 1538
f 2011 1449 1447
f 2209 1575 1573
f 1923 1365 1363
f 2134 1486 1484
f 1972 1390 1388
f 1995 1437 1435
f 2226 1510 1508
f 2303 1528 1526
f 2175 1546 1544
f 2154 1468 1466
f 2013 1455 1453
f 2211 1581 1579
f 1921 1359 1357
f 1865 1272 1268
f 1811 1248 1244
f 1796 1253 1249
f 1832 1289 1285
f 1850 1307 1303
f 1888 1337 1333
f 2194 1554 1550
f 2322 1476 1472
f 2286 1602 1598
f 1908 1355 1351
f 2099 1482 1478
f 2045 1404 1400
f 1962 1409 1405
f 2068 1493 1489
f 2084 1505 1501
f 2140 1536 1532
f 1976 1415 1411
f 1998 1445 1441
f 2232 1595 1591
f 2299 1386 1382
f 2330 909 911
f 2324 891 893
f 2325 886 888
f 2332 898 900
f 2335 904 906
f 2344 922 924
f 2410 1060 1062
f 2497 1240 1242
f 2486 1204 1206
f 2434 1102 1104
f 2375 999 1001
f 2369 981 983
f 2370 976 978
f 2377 988 990
f 2380 994 996
f 2393 1024 1026
f 2359 952 954
f 2415 1066 1068
f 2455 1138 1140
f 2461 1179 1181
f 2489 1233 1235
f 2399 1041 1043
f 2341 927 929
f 2431 1119 1121
f 2476 1209 1211
f 2405 1053 1055
f 2500 1228 1230
f 2481 1192 1194
f 2439 1108 1110
f 2348 933 935
f 2465 1167 1169
f 2383 1005 1007
f 2356 957 959
f 2420 1083 1085
f 2452 1150 1152
f 2471 1174 1176
f 2386 1029 1031
f 2363 963 965
f 2422 1077 1079
f 2445 1126 1128
f 2400 1036 1038
f 2338 915 917
f 2428 1095 1097
f 2473 1185 1187
f 2490 1216 1218
f 2458 1155 1157
f 2394 1018 1020
f 2366 970 972
f 2425 1090 1092
f 2444 1143 1145
f 2389 1012 1014
f 2353 945 947
f 2414 1071 1073
f 2449 1131 1133
f 2466 1162 1164
f 2407 1047 1049
f 2494 1221 1223
f 2480 1197 1199
f 2438 1114 1116
f 2351 940 942
f 2510 1284 1283
f 2504 1260 1259
f 2508 1296 1295
f 2514 1314 1313
f 2517 1332 1331
f 2520 1380 1379
f 2554 1542 1541
f 2539 1451 1452
f 2560 1577 1578
f 2523 1367 1368
f 2543 1488 1487
f 2527 1392 1391
f 2532 1439 1440
f 2547 1512 1511
f 2550 1530 1529
f 2552 1548 1547
f 2535 1470 1469
f 2538 1457 1458
f 2558 1583 1584
f 2524 1361 1362
f 1607 1616 1609
f 1603 1608 1605
f 1604 1606 1611
f 1610 1612 1614
f 1613 1615 1617
f 1622 1624 1631
f 1686 1692 1688
f 1773 1782 1775
f 1761 1765 1763
f 1712 1714 1719
f 1652 1661 1654
f 1648 1653 1650
f 1649 1651 1656
f 1655 1657 1659
f 1658 1660 1662
f 1670 1675 1672
f 1637 1639 1646
f 1694 1696 1706
f 1731 1733 1735
f 1739 1751 1741
f 1768 1779 1770
f 1678 1683 1680
f 1619 1626 1621
f 1709 1721 1711
f 1754 1766 1756
f 1682 1689 1684
f 1776 1778 1780
f 1758 1760 1767
f 1716 1718 1722
f 1625 1629 1627
f 1742 1747 1744
f 1663 1665 1668
f 1634 1641 1636
f 1697 1704 1699
f 1728 1737 1730
f 1746 1750 1748
f 1664 1676 1666
f 1640 1644 1642
f 1700 1702 1705
f 1724 1726 1736
f 1679 1681 1691
f 1618 1620 1623
f 1708 1710 1713
f 1753 1755 1764
f 1769 1771 1781
f 1738 1740 1749
f 1671 1673 1677
f 1643 1647 1645
f 1701 1707 1703
f 1723 1734 1725
f 1667 1669 1674
f 1633 1635 1638
f 1693 1698 1695
f 1727 1729 1732
f 1743 1745 1752
f 1685 1687 1690
f 1772 1774 1777
f 1757 1762 1759
f 1715 1720 1717
f 1628 1632 1630
f 2187 2189 2191
f 1881 1883 1885
f 1899 1903 1901
f 2277 2281 2279
f 2313 2317 2315
f 2169 2173 2171
f 2156 2158 2160
f 2010 2012 2016
f 2208 2210 2214
f 1917 1924 1919
f 2133 2135 2137
f 1971 1973 1978
f 1989 1996 1991
f 2223 2227 2225
f 2300 2304 2302
f 2174 2176 2178
f 2151 2155 2153
f 2007 2014 2009
f 2205 2212 2207
f 1920 1922 1926
f 1855 1864 1857
f 1801 1810 1803
f 1784 1795 1786
f 1820 1831 1822
f 1838 1849 1840
f 1874 1887 1876
f 2180 2193 2182
f 2310 2321 2312
f 2274 2285 2276
f 1896 1907 1898
f 2089 2098 2091
f 2035 2044 2037
f 1950 1961 1952
f 2054 2067 2056
f 2072 2083 2074
f 2126 2139 2128
f 1964 1975 1966
f 1986 1997 1988
f 2220 2231 2222
f 2291 2298 2293
f 2183 2190 2185
f 1877 1884 1879
f 1891 1900 1893
f 2269 2278 2271
f 2305 2314 2307
f 2161 2170 2163
f 2148 2159 2150
f 2004 2015 2006
f 2202 2213 2204
f 1909 1918 1911
f 2129 2136 2131
f 1967 1977 1969
f 1981 1990 1983
f 2215 2224 2217
f 2288 2301 2290
f 2166 2177 2168
f 2143 2152 2145
f 1999 2008 2001
f 2197 2206 2199
f 1914 1925 1916
f 1806 1817 1808
f 1787 1797 1789
f 1823 1833 1825
f 1841 1851 1843
f 1860 1871 1862
f 1931 1941 1933
f 2108 2119 2110
f 2018 2029 2020
f 2234 2247 2236
f 2255 2262 2257
f 2040 2051 2042
f 1945 1954 1947
f 2057 2064 2059
f 2075 2085 2077
f 2094 2105 2096
f 2111 2121 2113
f 2021 2031 2023
f 2237 2244 2239
f 2252 2265 2254
f 1928 1939 1930
f 1812 1814 1818
f 1791 1793 1798
f 1827 1829 1834
f 1845 1847 1852
f 1866 1868 1872
f 1935 1937 1942
f 2118 2124 2120
f 2028 2034 2030
f 2246 2250 2248
f 2259 2261 2263
f 2048 2050 2052
f 1953 1960 1955
f 2061 2063 2065
f 2079 2081 2086
f 2100 2102 2106
f 2115 2117 2122
f 2025 2027 2032
f 2241 2243 2245
f 2264 2268 2266
f 1938 1944 1940
f 1802 1804 1813
f 1783 1785 1792
f 1819 1821 1828
f 1837 1839 1846
f 1856 1858 1867
f 1927 1929 1936
f 2112 2114 2123
f 2022 2024 2033
f 2238 2240 2249
f 2251 2253 2260
f 2036 2038 2049
f 1949 1951 1959
f 2053 2055 2062
f 2071 2073 2080
f 2090 2092 2101
f 2107 2109 2116
f 2017 2019 2026
f 2233 2235 2242
f 2256 2258 2267
f 1932 1934 1943
f 1859 1861 1869
f 1805 1807 1815
f 1788 1790 1799
f 1824 1826 1835
f 1842 1844 1853
f 1878 1880 1889
f 2184 2186 2195
f 2306 2308 2319
f 2270 2272 2283
f 1892 1894 1905
f 2093 2095 2103
f 2039 2041 2046
f 1946 1948 1957
f 2058 2060 2069
f 2076 2078 2087
f 2130 2132 2141
f 1968 1970 1979
f 1982 1984 1993
f 2216 2218 2229
f 2287 2289 2296
f 2179 2181 2188
f 1873 1875 1882
f 1895 1897 1902
f 2273 2275 2280
f 2309 2311 2316
f 2165 2167 2172
f 2144 2146 2157
f 2000 2002 2011
f 2198 2200 2209
f 1913 1915 1923
f 2125 2127 2134
f 1963 1965 1972
f 1985 1987 1995
f 2219 2221 2226
f 2292 2294 2303
f 2162 2164 2175
f 2147 2149 2154
f 2003 2005 2013
f 2201 2203 2211
f 1910 1912 1921
f 1863 1870 1865
f 1809 1816 1811
f 1794 1800 1796
f 1830 1836 1832
f 1848 1854 1850
f 1886 1890 1888
f 2192 2196 2194
f 2318 2320 2322
f 2282 2284 2286
f 1904 1906 1908
f 2097 2104 2099
f 2043 2047 2045
f 1956 1958 1962
f 2066 2070 2068
f 2082 2088 2084
f 2138 2142 2140
f 1974 1980 1976
f 1992 1994 1998
f 2228 2230 2232
f 2295 2297 2299
f 2331 2329 2330
f 2327 2323 2324
f 2328 2326 2325
f 2334 2333 2332
f 2337 2336 2335
f 2346 2345 2344
f 2412 2409 2410
f 2499 2496 2497
f 2487 2485 2486
f 2436 2435 2434
f 2376 2374 2375
f 2372 2368 2369
f 2373 2371 2370
f 2379 2378 2377
f 2382 2381 2380
f 2396 2392 2393
f 2361 2360 2359
f 2418 2416 2415
f 2457 2456 2455
f 2463 2460 2461
f 2492 2488 2489
f 2402 2398 2399
f 2343 2340 2341
f 2433 2430 2431
f 2478 2475 2476
f 2406 2404 2405
f 2502 2501 2500
f 2484 2482 2481
f 2442 2440 2439
f 2349 2347 2348
f 2468 2464 2465
f 2387 2384 2383
f 2358 2355 2356
f 2421 2419 2420
f 2454 2451 2452
f 2472 2470 2471
f 2388 2385 2386
f 2364 2362 2363
f 2426 2423 2422
f 2448 2446 2445
f 2403 2401 2400
f 2342 2339 2338
f 2432 2429 2428
f 2477 2474 2473
f 2493 2491 2490
f 2462 2459 2458
f 2397 2395 2394
f 2367 2365 2366
f 2427 2424 2425
f 2447 2443 2444
f 2391 2390 2389
f 2357 2354 2353
f 2417 2413 2414
f 2453 2450 2449
f 2469 2467 2466
f 2411 2408 2407
f 2498 2495 2494
f 2483 2479 2480
f 2441 2437 2438
f 2352 2350 2351
f 2509 2511 2510
f 2503 2505 2504
f 2506 2507 2508
f 2512 2513 2514
f 2515 2516 2517
f 2518 2519 2520
f 2555 2556 2554
f 2541 2540 2539
f 2562 2561 2560
f 2522 2521 2523
f 2542 2544 2543
f 2528 2529 2527
f 2531 2530 2532
f 2545 2546 2547
f 2548 2549 2550
f 2551 2553 2552
f 2533 2534 2535
f 2537 2536 2538
f 2559 2557 2558
f 2526 2525 2524