v -0.474214 0.688158 0.002894
v 0.540109 0.627868 -0.427828
v -0.471175 -0.522007 0.000377
v 0.526910 -0.468011 0.000290
v 0.000548 -0.342068 0.845797
v -0.193248 0.513061 0.843548
v -0.007975 -0.234441 -0.648434
v 0.001462 0.499182 -0.727792
v 0.811437 -0.025841 -0.583000
v 0.818110 -0.085169 0.524370
v -0.579542 -0.001578 -0.517458
v -0.538908 0.000520 0.509963
v -0.274017 0.684169 -0.001253
v -0.367465 0.651164 0.500819
v -0.354897 0.637426 -0.519150
v -0.536636 0.483739 -0.298892
v -0.563507 0.482161 0.303070
v -0.323054 0.554687 0.510174
v 0.302437 0.650844 -0.582268
v 0.787118 0.487606 -0.490859
v 0.791079 0.083440 0.310900
v 0.000010 -0.403205 -0.000169
v -0.304353 -0.404426 0.493809
v -0.305480 -0.424495 -0.488818
v -0.413015 -0.188285 -0.297067
v -0.517919 -0.262752 0.279902
v 0.307250 -0.398789 0.497363
v 0.306500 -0.414011 -0.487812
v 0.782094 -0.274332 -0.301142
v 0.779681 -0.284364 0.317419
v -0.003292 -0.110240 0.988266
v 0.445746 -0.191444 0.735144
v -0.415992 -0.153329 0.669719
v 0.497207 0.032017 0.804186
v -0.416731 0.291665 0.760785
v 0.000005 0.004933 -0.760180
v 0.383966 -0.124599 -0.611738
v -0.445632 -0.210431 -0.693935
v 0.474717 0.292891 -0.680426
v -0.401875 0.282921 -0.649889
v 0.884248 -0.098429 -0.003479
v -0.567770 -0.001559 0.000222
v -0.357121 0.710265 -0.002247
v -0.426364 0.680286 0.255992
v -0.426841 0.683618 -0.254268
v -0.530773 0.594571 -0.161799
v -0.535025 0.595371 0.160103
v -0.097596 0.500112 -0.698202
v -0.426157 0.346121 -0.220244
v 0.427909 0.672578 -0.465570
v 0.681480 0.615278 -0.396224
v 0.689901 0.175886 -0.678267
v -0.282468 -0.440432 -0.000175
v -0.417534 -0.467158 0.249891
v -0.416259 -0.464693 -0.249589
v -0.531009 -0.407158 -0.156349
v -0.542184 -0.425366 0.152494
v 0.283184 -0.430753 -0.000121
v 0.434365 -0.415152 0.247923
v 0.435410 -0.418925 -0.249426
v 0.684188 -0.383220 -0.153970
v 0.683928 -0.376952 0.153438
v -0.153817 -0.378228 0.704699
v 0.152402 -0.379658 0.703000
v 0.119001 -0.179609 0.837240
v 0.248788 -0.287545 0.852080
v -0.246823 -0.281104 0.848767
v -0.286376 0.606139 0.706387
v -0.148320 0.604536 0.708726
v -0.258111 0.137497 0.954374
v 0.065633 -0.165184 0.865487
v -0.352204 0.444499 0.879017
v -0.152801 -0.400654 -0.627763
v 0.150367 -0.397472 -0.626276
v -0.014057 -0.132903 -0.694815
v 0.247933 -0.271268 -0.715584
v -0.246156 -0.254147 -0.700160
v -0.155760 0.595554 -0.674445
v 0.152430 0.598090 -0.674909
v 0.001290 0.260005 -0.691745
v 0.235977 0.407299 -0.682053
v -0.246495 0.405840 -0.680199
v 0.817778 0.246514 -0.560070
v 0.741397 -0.181236 -0.478231
v 0.672794 -0.127710 -0.627761
v 0.685479 0.147037 -0.653060
v 0.866540 -0.101686 -0.285563
v 0.819631 0.025176 0.434714
v 0.763181 -0.185558 0.398342
v 0.737732 -0.180560 0.682923
v 0.704250 -0.029479 0.683118
v 0.865683 -0.096488 0.284229
v -0.554559 0.248260 -0.430805
v -0.600618 -0.205620 -0.429733
v -0.421527 -0.068025 -0.641084
v -0.537849 0.152285 -0.655772
v -0.588426 -0.000290 -0.278207
v -0.569679 0.245965 0.431274
v -0.580277 -0.201244 0.433412
v -0.525515 -0.140251 0.664135
v -0.518806 0.152759 0.669508
v -0.588511 -0.001115 0.278719
v -0.297753 0.718331 0.270922
v -0.319752 0.679105 -0.294489
v -0.178211 0.697991 0.272830
v 0.144470 0.680254 -0.512616
v -0.430247 0.521925 0.376529
v -0.225210 0.673402 0.526059
v -0.413237 0.537877 0.670174
v -0.470195 0.583874 -0.421267
v 0.004630 0.670880 -0.594678
v -0.401254 0.534212 -0.644560
v -0.519941 0.489661 -0.001715
v -0.462268 0.402121 -0.575584
v -0.491597 0.253405 -0.180991
v -0.500770 0.408145 0.569036
v -0.492965 0.254484 0.165771
v 0.541197 -0.172162 0.441073
v 0.278157 -0.184801 0.660420
v 0.590946 0.589225 -0.555090
v 0.421043 0.531225 -0.653590
v 0.781013 0.180100 -0.588991
v 0.742218 0.467899 -0.655845
v 0.829992 -0.023637 -0.273989
v 0.681014 0.083662 0.583539
v 0.856426 0.018429 0.152843
v -0.155058 -0.398290 0.264863
v -0.154936 -0.398751 -0.264527
v 0.154428 -0.399149 0.264559
v 0.153299 -0.399309 -0.264159
v -0.491416 -0.403523 0.432364
v -0.000029 -0.394010 0.516541
v -0.411919 -0.356262 0.681846
v -0.487365 -0.401586 -0.424984
v -0.000077 -0.419089 -0.505505
v -0.407235 -0.363926 -0.616136
v -0.586177 -0.315835 0.004433
v -0.546817 -0.300708 -0.557029
v -0.573490 -0.192302 -0.156748
v -0.527895 -0.285535 0.579156
v -0.636165 -0.214637 0.156762
v 0.576971 -0.356801 0.424697
v 0.425409 -0.329527 0.673333
v 0.582796 -0.360953 -0.427160
v 0.426234 -0.346849 -0.614034
v 0.810461 -0.317399 -0.004138
v 0.667309 -0.280720 -0.553081
v 0.841221 -0.207450 -0.131732
v 0.669809 -0.261244 0.565762
v 0.844118 -0.209999 0.151023
v 0.262184 -0.177503 0.942704
v -0.283430 -0.181182 0.952375
v 0.265608 -0.039656 0.941894
v -0.379721 0.147838 0.960663
v 0.522038 -0.124785 0.872612
v -0.424199 -0.010423 0.798852
v 0.259341 -0.111922 -0.754764
v -0.259620 -0.114670 -0.756590
v 0.240890 0.122534 -0.696418
v -0.246890 0.144416 -0.725451
v 0.499398 -0.001841 -0.710500
v -0.456795 -0.003815 -0.724196
v -0.418192 0.693618 -0.002095
v -0.450023 0.675183 0.120925
v -0.450585 0.678530 -0.133016
v -0.498133 0.636639 -0.076436
v -0.500900 0.638268 0.073017
v 0.353399 0.565239 -0.575133
v 0.345172 0.490783 -0.647174
v 0.486551 0.669316 -0.410424
v 0.620385 0.654726 -0.360148
v 0.626143 0.561408 -0.537602
v -0.398826 -0.472108 0.000227
v -0.450044 -0.491268 0.120886
v -0.446314 -0.488704 -0.118732
v -0.499299 -0.462769 -0.070229
v -0.503097 -0.463822 0.074007
v 0.414768 -0.434332 -0.000216
v 0.484956 -0.423980 0.116421
v 0.485517 -0.426626 -0.116790
v 0.604531 -0.407937 -0.073537
v 0.604366 -0.407887 0.073246
v -0.072484 -0.359217 0.783390
v 0.072117 -0.360000 0.782994
v 0.013259 -0.232904 0.877301
v 0.117331 -0.311413 0.853366
v -0.118145 -0.289688 0.846127
v -0.245490 0.564187 0.780567
v -0.159932 0.566646 0.780586
v -0.234711 0.399024 0.904605
v -0.249660 0.430083 0.861101
v -0.275191 0.481244 0.855436
v -0.073075 -0.336664 -0.662598
v 0.073759 -0.335972 -0.662738
v -0.145834 -0.191821 -0.457195
v 0.123018 -0.237705 -0.661642
v -0.141494 -0.235046 -0.657796
v -0.070199 0.538922 -0.683100
v 0.069323 0.543092 -0.693573
v 0.005194 0.401211 -0.727516
v 0.109524 0.459107 -0.709409
v -0.115537 0.453544 -0.682350
v 0.815222 0.106621 -0.583299
v 0.813838 -0.152765 -0.492694
v 0.768285 -0.087425 -0.633315
v 0.769569 0.071441 -0.644473
v 0.835859 -0.094865 -0.448253
v 0.820758 -0.033568 0.485427
v 0.809355 -0.149767 0.479045
v 0.776691 -0.135226 0.604176
v 0.776761 -0.058358 0.604005
v 0.842546 -0.092436 0.411737
v -0.542095 0.115981 -0.475026
v -0.567662 -0.115903 -0.478637
v -0.515824 -0.050377 -0.586224
v -0.562141 0.073455 -0.596163
v -0.547934 -0.000992 -0.400743
v -0.555051 0.116331 0.477557
v -0.561739 -0.113369 0.478510
v -0.551167 -0.071288 0.592958
v -0.552326 0.072891 0.596280
v -0.537158 -0.000060 0.399232
v -0.293902 0.726297 0.000318
v -0.409839 0.538668 -0.121665
v -0.263447 0.725917 0.139742
v -0.302292 0.683491 -0.165117
v -0.230759 0.695000 0.138985
v -0.333692 0.533515 -0.400851
v -0.398355 0.669822 0.372872
v -0.327302 0.633544 0.612267
v -0.332558 0.687774 0.387949
v -0.424809 0.611214 0.468429
v -0.298249 0.668483 0.518218
v -0.395927 0.606973 0.595925
v -0.400706 0.670252 -0.378254
v -0.238302 0.619961 -0.631881
v -0.338176 0.659229 -0.421102
v -0.432778 0.629029 -0.470785
v -0.179931 0.648118 -0.589244
v -0.384451 0.599982 -0.601671
v -0.555107 0.554906 -0.228352
v -0.512839 0.354259 -0.359937
v -0.421654 0.492931 -0.346319
v -0.566334 0.496593 -0.158393
v -0.430819 0.436858 -0.421633
v -0.556899 0.387500 -0.231623
v -0.571624 0.558438 0.234166
v -0.565996 0.372378 0.372646
v -0.509127 0.534527 0.356807
v -0.569896 0.496733 0.158547
v -0.531436 0.460146 0.443226
v -0.563285 0.387385 0.232822
v -0.395209 0.520421 0.351473
v -0.178371 0.614051 0.606701
v -0.180286 0.654917 0.379786
v -0.160022 0.661972 0.519636
v -0.405837 -0.144098 0.511181
v -0.464657 0.284489 0.596246
v 0.364969 0.665639 -0.527411
v 0.233220 0.632650 -0.634862
v 0.235078 0.691813 -0.531591
v 0.158443 0.666472 -0.588040
v 0.443492 0.617386 -0.572489
v 0.367173 0.601028 -0.626574
v 0.735484 0.558416 -0.443213
v 0.811293 0.375193 -0.528448
v 0.702845 0.552348 -0.524413
v 0.807415 0.491059 -0.422905
v 0.753093 0.469447 -0.574537
v 0.826822 0.364641 -0.481118
v 0.759670 -0.163549 0.142311
v 0.811701 0.083971 0.377174
v 0.706465 -0.027648 0.372648
v 0.789398 -0.096047 0.087116
v 0.749869 0.110455 0.449586
v 0.829766 0.076920 0.235398
v -0.146246 -0.422052 -0.000352
v 0.145031 -0.422212 -0.000334
v -0.074956 -0.393669 0.132526
v -0.074562 -0.399530 -0.132409
v 0.074449 -0.396078 0.132478
v 0.074564 -0.400777 -0.132379
v -0.370212 -0.433682 0.375634
v -0.230495 -0.390108 0.606460
v -0.233286 -0.402515 0.387691
v -0.424366 -0.422836 0.470577
v -0.158323 -0.396002 0.509381
v -0.363636 -0.385477 0.589557
v -0.370364 -0.438844 -0.375808
v -0.232429 -0.429893 -0.572493
v -0.232301 -0.411268 -0.386028
v -0.421919 -0.431755 -0.470872
v -0.158582 -0.418368 -0.501517
v -0.367640 -0.416674 -0.563438
v -0.497906 -0.293201 -0.229438
v -0.491475 -0.200278 -0.384338
v -0.513006 -0.323189 -0.368064
v -0.469054 -0.229362 -0.120533
v -0.537896 -0.284874 -0.447431
v -0.417585 -0.159060 -0.194152
v -0.558266 -0.361679 0.228444
v -0.463143 -0.192992 0.317312
v -0.503068 -0.312892 0.373795
v -0.600832 -0.325583 0.157595
v -0.438135 -0.207088 0.408752
v -0.606494 -0.261421 0.229261
v 0.376843 -0.409238 0.375908
v 0.231986 -0.396374 0.608963
v 0.232426 -0.402947 0.388052
v 0.158163 -0.399164 0.510556
v 0.445091 -0.377892 0.468025
v 0.370585 -0.367819 0.587475
v 0.376732 -0.411118 -0.377799
v 0.232954 -0.431382 -0.570794
v 0.232416 -0.405184 -0.387898
v 0.157626 -0.422196 -0.498537
v 0.447700 -0.390295 -0.465210
v 0.372788 -0.397616 -0.560190
v 0.749455 -0.354042 -0.232417
v 0.612199 -0.179241 -0.341004
v 0.700111 -0.335006 -0.371478
v 0.802917 -0.313389 -0.154176
v 0.743303 -0.280082 -0.446758
v 0.793161 -0.210038 -0.156351
v 0.747095 -0.328003 0.232275
v 0.803604 -0.267361 0.371915
v 0.699167 -0.334317 0.370354
v 0.774099 -0.235860 0.170048
v 0.743187 -0.303657 0.445004
v 0.787590 -0.201099 0.268192
v 0.004605 -0.173082 0.963086
v -0.041899 -0.062554 0.982124
v 0.134119 -0.148531 0.980442
v -0.144307 -0.152235 0.972616
v 0.134188 -0.072122 0.981554
v -0.222220 -0.056462 0.976206
v 0.355159 -0.240428 0.816700
v 0.543346 -0.179883 0.754282
v 0.467347 -0.282901 0.746075
v 0.552038 -0.220769 0.670929
v 0.326388 -0.180955 0.845739
v 0.512176 -0.180137 0.913756
v -0.276534 -0.186317 0.649701
v -0.500634 -0.198497 0.734052
v -0.424743 -0.268389 0.693145
v -0.496096 -0.265762 0.683255
v -0.400300 -0.169645 0.849998
v -0.436171 -0.135449 0.818092
v 0.374144 0.026769 0.843629
v 0.611622 0.007125 0.754998
v 0.470690 0.014373 0.753869
v 0.593040 0.058524 0.703365
v 0.389468 -0.003501 0.882302
v 0.509424 -0.037855 0.835696
v -0.419218 0.433436 0.951748
v -0.474604 0.235312 0.719289
v -0.417719 0.423311 0.735288
v -0.452206 0.332619 0.664656
v -0.417464 0.244006 0.951625
v -0.417399 0.150891 0.755101
v 0.000642 -0.107551 -0.777588
v -0.000352 0.130874 -0.714818
v 0.131306 -0.056024 -0.764150
v -0.130980 -0.055375 -0.763682
v 0.130148 0.072919 -0.747448
v -0.131136 0.074028 -0.748781
v 0.359313 -0.232832 -0.698516
v 0.583313 -0.145952 -0.638286
v 0.454276 -0.263122 -0.641008
v 0.574931 -0.232160 -0.615453
v 0.372143 -0.151313 -0.728965
v 0.500930 -0.104236 -0.709808
v -0.347877 -0.133659 -0.636633
v -0.495796 -0.173980 -0.678932
v -0.432241 -0.283584 -0.653517
v -0.497038 -0.264520 -0.633110
v -0.372124 -0.159076 -0.736137
v -0.455821 -0.121479 -0.726339
v 0.360534 0.352839 -0.693909
v 0.581156 0.221239 -0.659959
v 0.452130 0.424040 -0.660435
v 0.587506 0.369015 -0.658267
v 0.378377 0.224952 -0.688822
v 0.493879 0.151201 -0.695277
v -0.352584 0.358686 -0.707047
v -0.453638 0.211225 -0.639230
v -0.397293 0.427227 -0.645716
v -0.458620 0.354777 -0.634782
v -0.345508 0.230596 -0.668644
v -0.427702 0.130752 -0.667026
v 0.881856 -0.097520 -0.143891
v 0.877342 -0.099120 0.142489
v 0.880748 -0.039344 -0.077281
v 0.876027 -0.039201 0.073157
v 0.871033 -0.156829 -0.074685
v 0.869074 -0.158090 0.070632
v -0.591114 -0.000543 -0.143226
v -0.587239 -0.000420 0.144078
v -0.491286 0.107624 -0.090285
v -0.489272 0.113515 0.079260
v -0.606914 -0.120987 -0.074782
v -0.606133 -0.123508 0.075944
v -0.389711 0.699334 0.135700
v -0.388349 0.703792 -0.144018
v -0.327019 0.717688 0.138470
v -0.326806 0.722085 -0.143890
v -0.486805 0.641341 0.218366
v -0.362365 0.706420 0.267721
v -0.461389 0.641047 0.339766
v -0.487588 0.645946 -0.218938
v -0.362670 0.709673 -0.267042
v -0.462601 0.643818 -0.344247
v -0.501592 0.577021 -0.001577
v -0.500842 0.593265 -0.288659
v -0.494682 0.524679 -0.090871
v -0.518559 0.600633 0.290043
v -0.503782 0.529426 0.079550
v -0.421633 0.490640 -0.484715
v 0.332435 0.679189 -0.451673
v -0.357419 0.555950 0.089630
v 0.135950 0.561870 -0.609186
v 0.379336 -0.136631 -0.648799
v -0.324798 0.570462 0.249180
v -0.362822 -0.180191 0.265681
v 0.580020 0.643527 -0.446682
v 0.294518 0.710243 -0.467466
v 0.515829 0.632437 -0.513302
v 0.692314 0.602653 -0.389114
v 0.652900 0.609126 -0.480309
v 0.755562 0.557894 -0.397198
v 0.653738 -0.177907 0.182478
v 0.761761 0.226612 -0.640579
v -0.351713 -0.449397 0.131112
v -0.350518 -0.448540 -0.130770
v -0.221200 -0.422411 0.132794
v -0.219797 -0.420468 -0.132410
v -0.484805 -0.461360 0.208795
v -0.298708 -0.426851 0.260985
v -0.457686 -0.450492 0.343288
v -0.486358 -0.464105 -0.211949
v -0.298318 -0.423611 -0.260930
v -0.457265 -0.451001 -0.340858
v -0.540566 -0.417809 0.001141
v -0.512127 -0.404281 -0.290035
v -0.549317 -0.346470 -0.080145
v -0.511986 -0.406518 0.291505
v -0.580968 -0.381092 0.082950
v 0.355479 -0.426118 0.129210
v 0.355558 -0.427972 -0.129439
v 0.219864 -0.423974 0.133788
v 0.219608 -0.425338 -0.133207
v 0.566698 -0.398980 0.211553
v 0.298800 -0.417631 0.262105
v 0.513470 -0.394328 0.344200
v 0.565959 -0.400680 -0.211790
v 0.298293 -0.419250 -0.261752
v 0.513310 -0.391240 -0.343902
v 0.695315 -0.383920 -0.000098
v 0.639515 -0.371980 -0.293582
v 0.768914 -0.363908 -0.079915
v 0.643017 -0.373738 0.294033
v 0.767557 -0.344754 0.078718
v -0.000124 -0.383056 0.704503
v -0.210578 -0.336026 0.782122
v -0.079990 -0.399540 0.618883
v -0.292840 -0.362134 0.696380
v 0.210198 -0.340202 0.782654
v 0.079814 -0.401364 0.617780
v 0.292158 -0.358361 0.693169
v 0.134803 -0.242904 0.895007
v -0.152978 -0.187059 0.795474
v 0.136269 -0.184036 0.914454
v -0.146635 -0.180656 0.907091
v 0.342815 -0.314606 0.775908
v 0.246656 -0.210370 0.868073
v -0.336057 -0.296342 0.765052
v -0.260545 -0.201162 0.871067
v -0.206421 0.613123 0.707296
v -0.320946 0.539617 0.787010
v -0.250401 0.647322 0.620114
v -0.359444 0.580103 0.698490
v -0.350294 0.455907 0.780941
v -0.171361 0.646676 0.618891
v -0.439140 0.419265 0.704298
v -0.111979 -0.075983 0.921510
v -0.295975 0.351953 0.917143
v 0.117045 -0.022495 0.962849
v -0.313168 0.186412 0.960643
v 0.153010 -0.216620 0.783700
v 0.256060 0.011995 0.912450
v -0.395449 0.512377 0.797950
v -0.367902 0.306363 0.941536
v -0.000351 -0.402318 -0.626091
v -0.212350 -0.333907 -0.671429
v -0.080648 -0.441843 -0.577284
v -0.292988 -0.382928 -0.625964
v 0.210004 -0.337219 -0.674208
v 0.078397 -0.439563 -0.574924
v 0.293696 -0.379739 -0.624112
v 0.152352 -0.184439 -0.685468
v -0.182628 -0.181339 -0.683981
v 0.131528 -0.147726 -0.763489
v -0.129834 -0.149125 -0.763904
v 0.343332 -0.316863 -0.672538
v 0.256563 -0.198411 -0.743171
v -0.332123 -0.294590 -0.655849
v -0.254734 -0.186983 -0.735644
v 0.002924 0.603831 -0.677099
v -0.209402 0.513725 -0.667466
v -0.078514 0.635072 -0.637626
v -0.293183 0.573454 -0.669580
v 0.199773 0.513751 -0.680248
v 0.081498 0.639996 -0.637252
v 0.289429 0.572737 -0.664517
v 0.120627 0.336718 -0.694624
v -0.119317 0.304715 -0.648804
v 0.126642 0.203686 -0.708149
v -0.131992 0.207743 -0.728892
v 0.324097 0.465252 -0.655465
v 0.251392 0.279269 -0.685784
v -0.325682 0.474969 -0.666771
v -0.258479 0.289359 -0.723679
v 0.778515 0.215399 -0.626751
v 0.826816 0.025863 -0.487276
v 0.783340 0.352443 -0.610135
v 0.827352 0.213315 -0.521235
v 0.754405 -0.179397 -0.555530
v 0.834515 -0.158138 -0.349197
v 0.754825 -0.237516 -0.517020
v 0.680256 -0.180488 -0.158432
v 0.675106 -0.001605 -0.651795
v 0.674690 -0.209332 -0.589161
v 0.574275 -0.074508 -0.659278
v 0.710909 0.300596 -0.652653
v 0.555364 0.067244 -0.654571
v 0.856588 -0.054597 -0.252994
v 0.864751 -0.156113 -0.213263
v 0.776654 0.008569 0.567603
v 0.850544 -0.031109 0.356129
v 0.772743 0.066623 0.515228
v 0.845360 0.027166 0.301149
v 0.759193 -0.184562 0.543128
v 0.837833 -0.153772 0.348091
v 0.755196 -0.240743 0.490323
v 0.826226 -0.207310 0.293657
v 0.722237 -0.111172 0.706093
v 0.643128 -0.177497 0.435082
v 0.686012 -0.174857 0.860124
v 0.700136 0.038481 0.643353
v 0.621399 -0.078617 0.779266
v 0.865124 -0.036347 0.220288
v 0.859850 -0.157494 0.217387
v -0.555563 0.212535 -0.565475
v -0.563818 0.128963 -0.348433
v -0.460101 0.287206 -0.503320
v -0.572216 0.260657 -0.295861
v -0.475343 -0.154999 -0.517510
v -0.596083 -0.123635 -0.351047
v -0.574561 -0.254348 -0.505673
v -0.549186 -0.183766 -0.300132
v -0.543826 0.003488 -0.668617
v -0.489860 -0.214071 -0.580486
v -0.509940 -0.065985 -0.706921
v -0.526674 0.285999 -0.627179
v -0.495211 0.072269 -0.690228
v -0.572388 0.131286 -0.217247
v -0.613084 -0.125202 -0.218990
v -0.552036 0.211116 0.560889
v -0.577628 0.130341 0.350822
v -0.547246 0.340513 0.507700
v -0.575165 0.259783 0.296287
v -0.578774 -0.188835 0.563542
v -0.589193 -0.121166 0.351167
v -0.512185 -0.216399 0.489585
v -0.612854 -0.208782 0.296976
v -0.512846 0.001677 0.673541
v -0.552076 -0.235580 0.636914
v -0.479263 -0.076643 0.745986
v -0.519460 0.287694 0.629751
v -0.448349 0.073061 0.699510
v -0.570990 0.131923 0.218735
v -0.609820 -0.122707 0.218031
v -0.231902 0.712986 0.271386
v -0.265708 0.692876 0.394852
v -0.151599 0.597583 -0.510142
v -0.133736 0.638428 -0.554618
v -0.198825 0.688066 0.394020
v 0.080788 0.691035 -0.543376
v -0.425341 0.538205 0.564129
v -0.447745 0.458548 0.498228
v -0.424815 0.462567 0.599258
v -0.440229 0.561341 -0.543640
v -0.478521 0.521784 -0.499798
v -0.449156 0.477728 -0.597867
v -0.484539 0.399489 -0.096409
v -0.486041 0.394926 0.080684
v -0.414423 0.200651 -0.041673
v 0.401300 -0.163870 0.564073
v 0.643430 0.015998 0.512461
v 0.561479 0.014803 0.639919
v 0.510138 0.564393 -0.614807
v 0.650734 0.533017 -0.603381
v 0.565091 0.498011 -0.649579
v 0.793372 0.051881 -0.454396
v 0.825957 -0.006646 0.046459
v 0.863803 0.006158 -0.012732
v -0.000004 -0.382573 0.266094
v -0.079693 -0.386204 0.395975
v 0.000325 -0.383303 -0.265694
v -0.080358 -0.390215 -0.395520
v 0.079842 -0.387936 0.395966
v 0.079996 -0.389420 -0.396526
v -0.453889 -0.379848 0.556900
v -0.504335 -0.334634 0.509219
v -0.483297 -0.332771 0.638990
v -0.458891 -0.399020 -0.539882
v -0.522619 -0.358765 -0.504794
v -0.483327 -0.336373 -0.590228
v -0.556022 -0.240396 -0.069332
v -0.621601 -0.270065 0.083924
v -0.620269 -0.205282 0.002680
v 0.505135 -0.339293 0.554413
v 0.631115 -0.316967 0.504337
v 0.554227 -0.297899 0.633587
v 0.507895 -0.358960 -0.537740
v 0.631389 -0.325328 -0.495166
v 0.554000 -0.310649 -0.591289
v 0.829658 -0.269200 -0.075754
v 0.820671 -0.248371 0.075793
v 0.847082 -0.211403 -0.000984
v 0.268488 -0.116597 0.960664
v 0.405832 -0.167209 0.951799
v -0.365647 -0.058590 0.968930
v -0.416394 -0.100762 0.931149
v 0.393875 -0.080744 0.908096
v -0.417630 0.073993 0.919039
v 0.254048 -0.009482 -0.731854
v 0.387813 -0.064613 -0.729743
v -0.255692 0.002186 -0.740781
v -0.375478 -0.065821 -0.738324
v 0.387424 0.029295 -0.663269
v -0.353095 0.048472 -0.690774
v -0.447436 0.689961 0.000759
v -0.462572 0.680845 0.054882
v -0.461199 0.677490 -0.056524
v -0.483703 0.660188 -0.034147
v -0.485005 0.661802 0.033481
v 0.461887 0.590493 -0.511586
v 0.496806 0.552272 -0.566410
v 0.514542 0.659349 -0.394335
v 0.581091 0.654005 -0.374579
v 0.581408 0.589087 -0.491463
v -0.443594 -0.503397 0.000309
v -0.461527 -0.504232 0.056781
v -0.459835 -0.504573 -0.054005
v -0.482326 -0.488105 -0.031264
v -0.483262 -0.487852 0.033824
v 0.474583 -0.446810 0.000031
v 0.507176 -0.437742 0.052505
v 0.507257 -0.438922 -0.052542
v 0.559228 -0.428743 -0.032325
v 0.559027 -0.428454 0.032198
v -0.032827 -0.349394 0.817417
v 0.033409 -0.351732 0.817780
v 0.002534 -0.292261 0.866841
v 0.053619 -0.323234 0.848988
v -0.052504 -0.310630 0.846592
v -0.219175 0.533976 0.814530
v -0.177708 0.537260 0.815816
v -0.210870 0.467222 0.871876
v -0.175035 0.497490 0.853383
v -0.235807 0.497075 0.848665
v -0.035682 -0.282598 -0.660378
v 0.033770 -0.282953 -0.661086
v -0.041579 -0.167720 -0.593758
v 0.051511 -0.219739 -0.641932
v -0.075176 -0.217917 -0.639060
v -0.031064 0.513337 -0.697679
v 0.031129 0.514935 -0.704380
v 0.002400 0.459362 -0.731983
v 0.049963 0.478521 -0.716823
v -0.050301 0.478432 -0.706106
v 0.815052 0.033322 -0.586829
v 0.813393 -0.098589 -0.543169
v 0.795927 -0.052521 -0.610293
v 0.796616 0.024495 -0.621808
v 0.821871 -0.050659 -0.527662
v 0.821999 -0.059214 0.508314
v 0.815869 -0.117101 0.506146
v 0.797573 -0.108320 0.558357
v 0.800761 -0.072960 0.559924
v 0.826965 -0.089409 0.473550
v -0.549727 0.051504 -0.495558
v -0.565318 -0.054266 -0.500162
v -0.560981 -0.031241 -0.555119
v -0.564434 0.033047 -0.553912
v -0.552083 -0.000188 -0.463097
v -0.540825 0.052492 0.494785
v -0.541115 -0.051160 0.494655
v -0.556799 -0.034252 0.554751
v -0.558399 0.034024 0.555056
v -0.496003 0.001510 0.450339
v -0.266990 0.725810 0.002157
v -0.325048 0.609105 -0.027764
v -0.247523 0.729769 0.070000
v -0.296922 0.673822 -0.089358
v -0.245680 0.698425 0.067913
v -0.351340 0.590379 -0.137311
v -0.382552 0.658515 0.434846
v -0.348816 0.644951 0.562297
v -0.349679 0.669258 0.444579
v -0.399715 0.636451 0.488805
v -0.333294 0.661590 0.510234
v -0.383577 0.632755 0.553807
v -0.383399 0.655853 -0.446966
v -0.293210 0.624552 -0.588792
v -0.344603 0.650757 -0.474710
v -0.398106 0.637004 -0.492821
v -0.275207 0.637576 -0.558941
v -0.367945 0.619754 -0.560320
v -0.544402 0.522590 -0.261657
v -0.518881 0.425718 -0.330215
v -0.491779 0.496548 -0.324991
v -0.565812 0.494260 -0.230768
v -0.487152 0.464397 -0.359849
v -0.555356 0.441013 -0.266493
v -0.569830 0.526472 0.267770
v -0.562892 0.429666 0.338601
v -0.548285 0.520715 0.335590
v -0.573921 0.490529 0.232435
v -0.547185 0.474895 0.373472
v -0.568409 0.437295 0.267750
v -0.363157 0.531127 0.423843
v -0.221742 0.601092 0.570275
v -0.263894 0.596444 0.439588
v -0.205278 0.621079 0.516961
v -0.415249 0.431257 0.497911
v -0.367263 0.510979 0.566001
v 0.334573 0.659874 -0.555022
v 0.268897 0.643672 -0.609898
v 0.269391 0.674061 -0.558067
v 0.234707 0.662816 -0.586225
v 0.371097 0.634712 -0.577745
v 0.335614 0.627583 -0.605493
v 0.763605 0.526869 -0.467254
v 0.799956 0.432541 -0.511655
v 0.747678 0.522556 -0.507990
v 0.798994 0.491140 -0.449521
v 0.771231 0.480446 -0.531825
v 0.812869 0.438118 -0.474201
v 0.771548 -0.040533 0.258789
v 0.804306 0.112539 0.345102
v 0.756872 0.030432 0.344150
v 0.791394 0.004383 0.225045
v 0.775324 0.114263 0.380694
v 0.812465 0.096132 0.274935
v -0.073165 -0.409598 -0.000427
v 0.073078 -0.408362 -0.000158
v -0.036857 -0.397930 0.065967
v -0.036741 -0.402543 -0.066226
v 0.036852 -0.398025 0.066012
v 0.036887 -0.402770 -0.066180
v -0.340333 -0.416271 0.436004
v -0.267596 -0.395676 0.551111
v -0.270103 -0.404892 0.442924
v -0.369479 -0.412913 0.483930
v -0.232959 -0.399105 0.501884
v -0.336884 -0.396397 0.542478
v -0.338664 -0.429859 -0.434426
v -0.269800 -0.428303 -0.535105
v -0.270281 -0.418556 -0.441134
v -0.370072 -0.430578 -0.481686
v -0.234527 -0.420881 -0.495921
v -0.336694 -0.425773 -0.527464
v -0.455800 -0.229368 -0.257468
v -0.403786 -0.179588 -0.374306
v -0.478932 -0.259409 -0.335334
v -0.407768 -0.185283 -0.184745
v -0.476508 -0.240033 -0.379496
v -0.364775 -0.172554 -0.214252
v -0.546615 -0.314759 0.262337
v -0.481595 -0.215554 0.284069
v -0.499439 -0.272967 0.328641
v -0.576831 -0.306683 0.227341
v -0.443120 -0.202097 0.324539
v -0.559554 -0.264265 0.252256
v 0.343642 -0.402975 0.438114
v 0.269998 -0.396809 0.554999
v 0.270390 -0.401967 0.444560
v 0.233504 -0.400136 0.504033
v 0.376870 -0.389330 0.484270
v 0.339733 -0.384769 0.542853
v 0.342600 -0.411244 -0.434904
v 0.270395 -0.426079 -0.536380
v 0.269960 -0.412188 -0.440934
v 0.233580 -0.419829 -0.494677
v 0.377452 -0.403636 -0.477321
v 0.341029 -0.410369 -0.527001
v 0.771786 -0.323987 -0.269482
v 0.761512 -0.202756 -0.320672
v 0.752287 -0.313368 -0.340486
v 0.794381 -0.294469 -0.227931
v 0.768229 -0.270266 -0.376643
v 0.787428 -0.231077 -0.242604
v 0.763363 -0.297469 0.274478
v 0.797891 -0.285900 0.350509
v 0.754229 -0.320053 0.342063
v 0.767288 -0.234000 0.255764
v 0.772280 -0.311748 0.379450
v 0.778500 -0.229416 0.302482
v 0.000662 -0.145342 0.983072
v -0.013399 -0.079170 0.987944
v 0.068307 -0.127053 0.987620
v -0.072622 -0.131114 0.981145
v 0.066943 -0.089988 0.989381
v -0.088682 -0.097152 0.983148
v 0.388491 -0.206032 0.763030
v 0.502531 -0.188875 0.760936
v 0.465245 -0.238148 0.751006
v 0.506348 -0.216324 0.725481
v 0.322983 -0.174442 0.699900
v 0.460165 -0.181276 0.803698
v -0.417846 -0.119185 0.435582
v -0.457922 -0.196669 0.737640
v -0.422070 -0.205025 0.633895
v -0.454945 -0.224245 0.697646
v -0.420360 -0.035931 0.727517
v -0.421311 -0.157456 0.779356
v 0.437309 0.043998 0.825688
v 0.557638 0.020786 0.783622
v 0.486876 0.057405 0.782076
v 0.546712 0.047810 0.757996
v 0.445125 0.014536 0.845111
v 0.505097 -0.000015 0.822926
v -0.417990 0.349608 0.851536
v -0.441084 0.259868 0.730681
v -0.417688 0.356579 0.753431
v -0.435371 0.312542 0.714214
v -0.418425 0.271829 0.858878
v -0.421789 0.229486 0.777182
v 0.000204 -0.054710 -0.769984
v -0.000221 0.069091 -0.744577
v 0.065818 -0.025626 -0.763949
v -0.065759 -0.025367 -0.763891
v 0.065783 0.037505 -0.753994
v -0.065954 0.037882 -0.753028
v 0.390656 -0.189234 -0.666567
v 0.523072 -0.125637 -0.632478
v 0.437482 -0.199929 -0.629985
v 0.502216 -0.176051 -0.611275
v 0.402049 -0.145489 -0.682301
v 0.473363 -0.100819 -0.661745
v -0.399242 -0.193688 -0.678558
v -0.477662 -0.197973 -0.689747
v -0.438736 -0.244606 -0.670323
v -0.472786 -0.241036 -0.667709
v -0.411970 -0.177577 -0.712849
v -0.451479 -0.169888 -0.714501
v 0.417308 0.325103 -0.688614
v 0.530703 0.257802 -0.671522
v 0.460744 0.359616 -0.667715
v 0.525940 0.328864 -0.665554
v 0.429897 0.262339 -0.701427
v 0.483733 0.223600 -0.687713
v -0.378755 0.322737 -0.677276
v -0.413055 0.243185 -0.611836
v -0.391149 0.343464 -0.645021
v -0.421692 0.316528 -0.635402
v -0.395607 0.262979 -0.683066
v -0.411042 0.208545 -0.646724
v 0.883841 -0.097751 -0.073967
v 0.880481 -0.099096 0.070129
v 0.882523 -0.068521 -0.038808
v 0.881477 -0.068728 0.034279
v 0.880639 -0.128459 -0.039723
v 0.879107 -0.129395 0.032197
v -0.575243 -0.000762 -0.072515
v -0.573339 -0.001071 0.073335
v -0.530446 0.055745 -0.040119
v -0.529221 0.055133 0.036136
v -0.590362 -0.061559 -0.036310
v -0.589649 -0.062045 0.037353
v -0.387803 0.701577 -0.002326
v -0.326046 0.718292 -0.001742
v -0.373149 0.705039 0.067012
v -0.372562 0.707233 -0.072873
v -0.342047 0.713648 0.068008
v -0.341863 0.715808 -0.073058
v -0.438262 0.676978 0.198519
v -0.414161 0.682371 0.317445
v -0.407016 0.692854 0.205181
v -0.457255 0.661768 0.240124
v -0.394516 0.694073 0.263515
v -0.446248 0.666331 0.303636
v -0.439043 0.682627 -0.195361
v -0.413888 0.677576 -0.313749
v -0.407079 0.695995 -0.202608
v -0.458571 0.667661 -0.240725
v -0.394674 0.694036 -0.261598
v -0.445239 0.664030 -0.299619
v -0.513905 0.613469 -0.120487
v -0.550815 0.578268 -0.196853
v -0.511656 0.620896 -0.190612
v -0.509018 0.581664 -0.082904
v -0.527776 0.601143 -0.225789
v -0.520648 0.560539 -0.126458
v -0.515631 0.615250 0.115579
v -0.557690 0.579499 0.200464
v -0.514784 0.619898 0.191448
v -0.515174 0.584002 0.080027
v -0.532472 0.600996 0.228293
v -0.528849 0.564553 0.122235
v 0.211734 0.528800 -0.639001
v -0.422803 0.508006 -0.429353
v -0.322055 0.493921 -0.628414
v 0.256688 0.577502 -0.577362
v -0.468516 0.503408 -0.217345
v 0.077830 0.516491 -0.685800
v -0.333381 0.413900 -0.658286
v -0.416846 0.436692 0.248377
v -0.443714 0.454040 -0.334349
v -0.416609 -0.151269 -0.642380
v -0.412642 0.500070 0.148238
v -0.413684 -0.176248 0.017403
v 0.457161 0.672093 -0.437601
v 0.396405 0.670238 -0.496868
v 0.380884 0.693601 -0.438135
v 0.504914 0.654922 -0.461917
v 0.355599 0.692454 -0.467464
v 0.472478 0.652232 -0.491346
v 0.653831 0.637292 -0.377019
v 0.708433 0.588557 -0.419075
v 0.642024 0.633816 -0.421421
v 0.692249 0.622428 -0.348005
v 0.670196 0.612953 -0.439420
v 0.719588 0.594840 -0.373692
v 0.664447 0.495379 -0.611367
v 0.730388 -0.208068 -0.217098
v 0.619842 0.101589 -0.684955
v 0.694806 0.512536 -0.560879
v 0.672572 -0.208787 -0.259313
v 0.732724 0.199367 -0.659079
v -0.344291 -0.453098 -0.000023
v -0.216738 -0.433935 -0.000495
v -0.315704 -0.445285 0.065694
v -0.315627 -0.443684 -0.065934
v -0.251340 -0.434132 0.066065
v -0.250975 -0.432072 -0.066328
v -0.434204 -0.479004 0.184577
v -0.394563 -0.450707 0.312823
v -0.386101 -0.456322 0.192755
v -0.455575 -0.477815 0.233143
v -0.362803 -0.444356 0.257206
v -0.439425 -0.468113 0.298224
v -0.433914 -0.479779 -0.186561
v -0.396064 -0.449733 -0.313300
v -0.384792 -0.455491 -0.192808
v -0.456049 -0.477106 -0.234909
v -0.362737 -0.441137 -0.257354
v -0.441825 -0.470464 -0.299184
v -0.518855 -0.439126 -0.113327
v -0.526138 -0.356919 -0.197062
v -0.512558 -0.439872 -0.185789
v -0.536427 -0.411843 -0.078160
v -0.524067 -0.406446 -0.226344
v -0.538270 -0.371442 -0.119966
v -0.522182 -0.443372 0.113045
v -0.555097 -0.398288 0.190522
v -0.513623 -0.442469 0.182103
v -0.544570 -0.423224 0.079056
v -0.528666 -0.417512 0.221671
v -0.565583 -0.406035 0.118799
v 0.350459 -0.430857 -0.000129
v 0.213883 -0.431913 -0.000284
v 0.318194 -0.429844 0.065548
v 0.318253 -0.429801 -0.065582
v 0.250563 -0.428647 0.066566
v 0.250444 -0.428925 -0.066441
v 0.460617 -0.418105 0.183868
v 0.407043 -0.412839 0.313122
v 0.394228 -0.421252 0.191083
v 0.501029 -0.407698 0.232627
v 0.367059 -0.418237 0.256532
v 0.474233 -0.404998 0.297628
v 0.461364 -0.421611 -0.183964
v 0.406863 -0.412437 -0.313008
v 0.394613 -0.424490 -0.191433
v 0.501931 -0.410126 -0.233933
v 0.367133 -0.420519 -0.256960
v 0.474076 -0.405155 -0.297087
v 0.645396 -0.395493 -0.113855
v 0.718664 -0.370843 -0.193324
v 0.626379 -0.391127 -0.184450
v 0.693145 -0.386733 -0.077957
v 0.664039 -0.378489 -0.224963
v 0.730180 -0.375296 -0.117933
v 0.646012 -0.392647 0.114056
v 0.720649 -0.356328 0.193261
v 0.628698 -0.388697 0.185258
v 0.693647 -0.379913 0.077834
v 0.666778 -0.375612 0.225408
v 0.729952 -0.360444 0.117205
v -0.113450 -0.369294 0.746272
v -0.193016 -0.384728 0.658213
v -0.077609 -0.382321 0.705214
v -0.185306 -0.360757 0.744937
v -0.117166 -0.389478 0.661065
v -0.225874 -0.370897 0.701646
v 0.112864 -0.369567 0.745129
v 0.192793 -0.391525 0.658334
v 0.076878 -0.382994 0.703839
v 0.183919 -0.361680 0.743782
v 0.117940 -0.395665 0.661687
v 0.224131 -0.371038 0.699878
v 0.053184 -0.185083 0.835783
v 0.030880 -0.180725 0.918187
v 0.101515 -0.206557 0.893030
v -0.016367 -0.177590 0.647402
v 0.094546 -0.186314 0.908518
v -0.043066 -0.180980 0.849460
v 0.181723 -0.299247 0.852938
v 0.310521 -0.270807 0.843969
v 0.231832 -0.315475 0.819385
v 0.191328 -0.266489 0.876281
v 0.298288 -0.302758 0.817298
v 0.253548 -0.250262 0.866157
v -0.186668 -0.285802 0.849049
v -0.281471 -0.232973 0.806583
v -0.232026 -0.308883 0.818029
v -0.203331 -0.246546 0.858335
v -0.290682 -0.282890 0.806897
v -0.253126 -0.243411 0.864261
v -0.265942 0.587401 0.746108
v -0.306519 0.620352 0.660540
v -0.247017 0.612579 0.707861
v -0.304046 0.577698 0.746415
v -0.267945 0.627446 0.663227
v -0.323813 0.594900 0.703431
v -0.144315 0.591286 0.747311
v -0.167686 0.609130 0.661292
v -0.164756 0.612155 0.706930
v -0.212528 0.565008 0.748851
v -0.146576 0.630203 0.663867
v -0.267164 0.558798 0.706472
v -0.263610 0.293746 0.932064
v -0.133569 -0.020503 0.970872
v -0.203082 0.039414 0.939728
v -0.276902 0.289461 0.938565
v -0.026041 -0.060847 0.960042
v -0.292595 0.183458 0.962034
v -0.324899 0.166860 0.864779
v 0.279668 -0.058009 0.855305
v -0.365045 0.113555 0.825496
v -0.006020 -0.133664 0.895368
v 0.106944 -0.198078 0.821498
v 0.218066 -0.047393 0.891046
v -0.312283 0.458963 0.862876
v -0.398481 0.444378 0.912079
v -0.337304 0.495124 0.832684
v -0.323251 0.397814 0.898345
v -0.379657 0.489163 0.851243
v -0.362163 0.380945 0.916947
v -0.113592 -0.376515 -0.650475
v -0.191872 -0.416341 -0.601053
v -0.077197 -0.401528 -0.626438
v -0.185084 -0.371185 -0.651549
v -0.117201 -0.422063 -0.602027
v -0.224815 -0.393157 -0.627478
v 0.112552 -0.377555 -0.650964
v 0.191586 -0.416291 -0.599445
v 0.076238 -0.403321 -0.627091
v 0.182075 -0.368642 -0.650280
v 0.115450 -0.421059 -0.600855
v 0.222413 -0.388605 -0.624711
v -0.055503 -0.137446 -0.631992
v -0.000356 -0.133441 -0.751936
v 0.081759 -0.132299 -0.664475
v -0.114298 -0.133758 -0.665974
v 0.067207 -0.139479 -0.727950
v -0.075260 -0.140851 -0.729676
v 0.188561 -0.267400 -0.703164
v 0.307565 -0.258354 -0.712410
v 0.232982 -0.304857 -0.697544
v 0.199591 -0.237360 -0.718586
v 0.298755 -0.296738 -0.697811
v 0.254173 -0.235073 -0.728614
v -0.191155 -0.262598 -0.697463
v -0.297765 -0.212272 -0.679875
v -0.234390 -0.297931 -0.690625
v -0.201817 -0.233474 -0.714180
v -0.289112 -0.266884 -0.674739
v -0.251433 -0.215760 -0.714311
v -0.112990 0.567445 -0.678541
v -0.194415 0.612081 -0.657648
v -0.077118 0.598617 -0.674372
v -0.185210 0.559202 -0.674183
v -0.117527 0.616697 -0.657863
v -0.225178 0.586875 -0.672292
v 0.112407 0.576054 -0.688052
v 0.192376 0.615310 -0.655652
v 0.079627 0.604646 -0.677647
v 0.180592 0.564753 -0.683621
v 0.118541 0.622502 -0.658236
v 0.225044 0.588754 -0.671845
v 0.005615 0.333538 -0.717057
v 0.000427 0.179325 -0.653678
v 0.062332 0.300613 -0.703951
v -0.060023 0.291140 -0.690547
v 0.063254 0.227562 -0.689554
v -0.063865 0.227876 -0.695670
v 0.175978 0.442480 -0.704089
v 0.300882 0.378660 -0.683439
v 0.218457 0.462412 -0.682191
v 0.181351 0.376347 -0.681088
v 0.281431 0.434542 -0.670792
v 0.253135 0.346640 -0.671131
v -0.187754 0.436585 -0.675695
v -0.298900 0.381057 -0.692425
v -0.228624 0.460872 -0.668209
v -0.200254 0.370522 -0.669395
v -0.284492 0.429352 -0.660365
v -0.259236 0.348854 -0.704521
v 0.818472 0.183024 -0.573578
v 0.818837 0.317164 -0.543395
v 0.800344 0.234464 -0.594465
v 0.826845 0.171123 -0.543528
v 0.801207 0.302363 -0.582419
v 0.829554 0.245066 -0.529092
v 0.798104 -0.176498 -0.464383
v 0.473265 -0.177542 -0.557450
v 0.776504 -0.188011 -0.505447
v 0.790057 -0.178869 -0.396797
v 0.728247 -0.189240 -0.525414
v 0.625492 -0.180217 -0.324672
v 0.719966 -0.115161 -0.634188
v 0.626077 -0.143081 -0.630806
v 0.716417 -0.156460 -0.598285
v 0.673432 -0.071986 -0.645677
v 0.672218 -0.168103 -0.605782
v 0.623216 -0.099528 -0.645568
v 0.737758 0.110952 -0.652754
v 0.633774 0.184158 -0.656138
v 0.742127 0.184880 -0.648196
v 0.679562 0.071259 -0.653707
v 0.695178 0.223173 -0.652282
v 0.624428 0.107812 -0.655277
v 0.850581 -0.103443 -0.364331
v 0.874417 -0.099494 -0.216010
v 0.847530 -0.077181 -0.351294
v 0.856722 -0.130287 -0.316516
v 0.863915 -0.076266 -0.265290
v 0.868237 -0.128252 -0.247730
v 0.820858 -0.004007 0.460794
v 0.816960 0.055081 0.407123
v 0.801667 0.019944 0.502257
v 0.837640 -0.000546 0.394741
v 0.798631 0.048183 0.475131
v 0.834377 0.028138 0.367976
v 0.792465 -0.170162 0.442681
v 0.788231 -0.227101 0.388853
v 0.769729 -0.188892 0.475333
v 0.806472 -0.174617 0.377165
v 0.767811 -0.217117 0.448301
v 0.802091 -0.201173 0.349871
v 0.759773 -0.165418 0.652784
v 0.643669 -0.180652 0.716595
v 0.738475 -0.179911 0.605369
v 0.740641 -0.153974 0.709874
v 0.649832 -0.180759 0.583872
v 0.752259 -0.182232 0.785748
v 0.745964 -0.042967 0.648169
v 0.659568 -0.011835 0.720843
v 0.742028 -0.008843 0.627572
v 0.710534 -0.068731 0.697393
v 0.701767 0.006520 0.665132
v 0.664277 -0.053323 0.732217
v 0.857289 -0.094849 0.347891
v 0.870060 -0.097688 0.215087
v 0.859752 -0.063959 0.318964
v 0.858950 -0.126699 0.316495
v 0.867377 -0.065884 0.252318
v 0.866371 -0.128378 0.251347
v -0.552355 0.183971 -0.455676
v -0.528885 0.296219 -0.395462
v -0.552047 0.233727 -0.499427
v -0.561722 0.192658 -0.389314
v -0.515434 0.275438 -0.464882
v -0.565488 0.256120 -0.362680
v -0.583596 -0.167012 -0.455080
v -0.565729 -0.219884 -0.401086
v -0.556851 -0.195444 -0.490086
v -0.607263 -0.174373 -0.391065
v -0.585530 -0.231188 -0.471025
v -0.581470 -0.200615 -0.366164
v -0.458652 -0.049598 -0.607543
v -0.469226 -0.132369 -0.651452
v -0.408177 -0.059999 -0.522796
v -0.502004 -0.047196 -0.662591
v -0.418162 -0.154295 -0.579881
v -0.495834 -0.083524 -0.682279
v -0.555959 0.113276 -0.629671
v -0.502398 0.186275 -0.665300
v -0.553387 0.185309 -0.618640
v -0.540949 0.076957 -0.659930
v -0.533985 0.222592 -0.643919
v -0.513828 0.112600 -0.673651
v -0.570755 0.000287 -0.342041
v -0.601613 -0.001698 -0.211120
v -0.573718 0.064735 -0.311495
v -0.589109 -0.062923 -0.313367
v -0.590260 0.064401 -0.245140
v -0.600668 -0.063529 -0.247771
v -0.567615 0.184514 0.457282
v -0.568081 0.308859 0.402926
v -0.561782 0.232406 0.497647
v -0.576217 0.191659 0.391086
v -0.561328 0.297172 0.471357
v -0.576168 0.254214 0.363604
v -0.590148 -0.172086 0.459317
v -0.517853 -0.201127 0.387155
v -0.586286 -0.198671 0.499536
v -0.599652 -0.175868 0.393099
v -0.534598 -0.204535 0.458932
v -0.584763 -0.201162 0.362311
v -0.537674 -0.106328 0.627553
v -0.516998 -0.174446 0.702852
v -0.553609 -0.167306 0.617680
v -0.504683 -0.075432 0.668533
v -0.544367 -0.197857 0.656574
v -0.501803 -0.108325 0.705791
v -0.537520 0.112198 0.633929
v -0.496633 0.194367 0.696955
v -0.536909 0.182572 0.616888
v -0.518792 0.079002 0.681219
v -0.519652 0.221948 0.650796
v -0.491095 0.119702 0.704505
v -0.568915 0.000609 0.342661
v -0.591922 -0.000323 0.212764
v -0.578723 0.065165 0.313300
v -0.585246 -0.062351 0.313431
v -0.589542 0.065365 0.246978
v -0.598998 -0.064836 0.247669
v -0.280294 0.724024 0.208751
v -0.315637 0.706451 0.330232
v -0.312445 0.721936 0.208858
v -0.330195 0.716017 0.269974
v -0.265038 0.716639 0.271201
v -0.282598 0.706465 0.332150
v -0.307603 0.689619 -0.228638
v -0.329097 0.668030 -0.361422
v -0.314740 0.723643 -0.211806
v -0.335312 0.709836 -0.272315
v -0.312484 0.615013 -0.360574
v -0.287169 0.623957 -0.432361
v -0.210462 0.693956 0.214997
v -0.160558 0.687737 0.331402
v -0.254429 0.636155 0.215239
v -0.222023 0.646402 0.272271
v -0.199027 0.710678 0.272037
v -0.184137 0.696874 0.331972
v 0.020180 0.580712 -0.595953
v 0.194627 0.701054 -0.508141
v 0.154230 0.633559 -0.541127
v 0.232704 0.706164 -0.481023
v 0.030173 0.634004 -0.546624
v 0.115918 0.696686 -0.517836
v -0.433900 0.571682 0.434288
v -0.458725 0.518095 0.363058
v -0.458287 0.595278 0.365369
v -0.482728 0.579026 0.337238
v -0.422100 0.506919 0.480628
v -0.409122 0.386374 0.427319
v -0.262038 0.672552 0.523792
v -0.186999 0.671201 0.522681
v -0.235124 0.665437 0.578455
v -0.195391 0.664278 0.576922
v -0.247655 0.681634 0.459774
v -0.212294 0.679976 0.459018
v -0.407143 0.578186 0.636050
v -0.417319 0.489132 0.703292
v -0.391789 0.563088 0.689505
v -0.406120 0.525391 0.731957
v -0.423083 0.549512 0.614678
v -0.420882 0.502977 0.638401
v -0.459062 0.611520 -0.448172
v -0.462779 0.547202 -0.388499
v -0.474242 0.618811 -0.385108
v -0.479535 0.586486 -0.354017
v -0.455622 0.573792 -0.483084
v -0.465640 0.548729 -0.457670
v -0.085325 0.660311 -0.595885
v 0.082498 0.669994 -0.591203
v -0.036751 0.654555 -0.617525
v 0.043195 0.656029 -0.615737
v -0.044866 0.668831 -0.576053
v 0.042410 0.681264 -0.569836
v -0.397423 0.573753 -0.633839
v -0.402392 0.491721 -0.647371
v -0.361034 0.558265 -0.664650
v -0.373037 0.516450 -0.664036
v -0.423858 0.549486 -0.604381
v -0.424324 0.508102 -0.620062
v -0.538018 0.492940 -0.082534
v -0.539111 0.495220 0.080884
v -0.489077 0.504440 -0.047918
v -0.493901 0.508362 0.039068
v -0.518279 0.456610 -0.043167
v -0.516996 0.455734 0.039239
v -0.417301 0.423927 -0.521307
v -0.487985 0.386416 -0.617286
v -0.421539 0.317546 -0.562379
v -0.492144 0.338458 -0.605511
v -0.473985 0.479220 -0.542131
v -0.481677 0.452573 -0.590716
v -0.526989 0.326175 -0.203605
v -0.469876 0.171590 -0.146487
v -0.550693 0.261245 -0.231728
v -0.531530 0.189491 -0.198335
v -0.466349 0.329912 -0.150301
v -0.416616 0.233358 -0.150784
v -0.519495 0.439864 0.510643
v -0.473101 0.365039 0.615849
v -0.529898 0.380217 0.542593
v -0.513963 0.350578 0.603077
v -0.484421 0.459959 0.538681
v -0.457676 0.422175 0.584270
v -0.527910 0.325358 0.198765
v -0.468806 0.181240 0.129974
v -0.547273 0.261331 0.230534
v -0.530684 0.191998 0.192507
v -0.469307 0.326369 0.131823
v -0.417251 0.237241 0.106742
v 0.240204 -0.186948 0.491720
v 0.645938 -0.090149 0.405417
v 0.320224 -0.182328 0.383027
v 0.605789 -0.185331 0.361507
v 0.474253 -0.157958 0.505462
v 0.606343 -0.073781 0.473489
v -0.173211 -0.189190 0.597039
v 0.422801 -0.098298 0.716900
v -0.313236 -0.168496 0.685330
v 0.212943 -0.202497 0.738012
v 0.340738 -0.175280 0.608369
v 0.472345 -0.089739 0.658835
v 0.518960 0.601998 -0.566193
v 0.654178 0.576099 -0.540235
v 0.558266 0.611607 -0.535536
v 0.624784 0.599863 -0.519545
v 0.553777 0.577794 -0.587812
v 0.619693 0.562686 -0.576827
v 0.396240 0.570635 -0.645096
v 0.439628 0.483831 -0.655408
v 0.352801 0.552167 -0.658191
v 0.372356 0.499719 -0.657672
v 0.467206 0.550665 -0.639607
v 0.490105 0.510620 -0.648092
v 0.797612 0.435828 -0.497613
v 0.780535 -0.186812 -0.195363
v 0.784234 0.473777 -0.514659
v 0.775010 0.213978 -0.629067
v 0.787059 0.147145 -0.531873
v 0.792775 -0.134706 -0.156731
v 0.746592 0.468552 -0.624468
v 0.659345 0.414640 -0.654732
v 0.766084 0.406018 -0.638747
v 0.734082 0.380512 -0.653420
v 0.693842 0.507447 -0.638397
v 0.649762 0.488533 -0.652489
v 0.817266 0.205056 -0.500021
v 0.864846 -0.025721 -0.137656
v 0.819007 0.094185 -0.456095
v 0.845477 -0.043533 -0.247155
v 0.813969 0.013119 -0.336496
v 0.851489 -0.016007 -0.122809
v 0.717846 0.095279 0.517721
v 0.638539 0.070336 0.645241
v 0.730829 0.076383 0.550826
v 0.692955 0.063419 0.615136
v 0.666071 0.079761 0.549989
v 0.625916 0.076278 0.613651
v 0.843964 0.046632 0.193814
v 0.867371 -0.009967 0.112885
v 0.851125 0.022648 0.228861
v 0.861411 -0.008090 0.187481
v 0.850335 0.041197 0.116137
v 0.863786 0.017236 0.077529
v -0.114302 -0.396180 0.199082
v -0.194526 -0.401123 0.327792
v -0.188577 -0.410145 0.198772
v -0.229893 -0.412943 0.263899
v -0.078293 -0.385658 0.265813
v -0.117736 -0.390735 0.330007
v -0.113956 -0.398450 -0.198737
v -0.194640 -0.402241 -0.327614
v -0.189148 -0.407676 -0.198873
v -0.229800 -0.408242 -0.263659
v -0.078409 -0.389670 -0.265377
v -0.119403 -0.388844 -0.330833
v 0.113236 -0.398596 0.198843
v 0.194832 -0.401060 0.328782
v 0.187046 -0.410442 0.198691
v 0.227435 -0.409669 0.263417
v 0.077316 -0.390228 0.265304
v 0.117872 -0.391431 0.330615
v 0.113312 -0.400230 -0.198609
v 0.193927 -0.399225 -0.328258
v 0.187240 -0.411638 -0.198621
v 0.226586 -0.410189 -0.262888
v 0.078074 -0.389782 -0.265141
v 0.118157 -0.390697 -0.330674
v -0.462492 -0.422227 0.452771
v -0.504974 -0.362900 0.407348
v -0.476853 -0.432245 0.388886
v -0.498472 -0.400825 0.362645
v -0.474865 -0.394134 0.493805
v -0.499606 -0.368992 0.472063
v -0.079946 -0.393564 0.514096
v 0.080133 -0.396569 0.515346
v -0.040122 -0.398676 0.569996
v 0.040335 -0.401095 0.571710
v -0.040062 -0.388317 0.457751
v 0.040047 -0.389813 0.458082
v -0.390462 -0.372635 0.638722
v -0.423231 -0.322156 0.705947
v -0.357638 -0.357222 0.691828
v -0.378138 -0.329437 0.726997
v -0.435526 -0.369749 0.623117
v -0.450338 -0.347013 0.661609
v -0.458091 -0.422303 -0.449691
v -0.509932 -0.371063 -0.398121
v -0.471426 -0.424749 -0.382340
v -0.500060 -0.402834 -0.356791
v -0.478153 -0.406432 -0.492391
v -0.506068 -0.381331 -0.470500
v -0.080039 -0.419021 -0.504008
v 0.079539 -0.421968 -0.502320
v -0.040297 -0.436920 -0.546602
v 0.039688 -0.437015 -0.545133
v -0.039955 -0.401644 -0.454325
v 0.040106 -0.402709 -0.454474
v -0.389368 -0.394795 -0.591556
v -0.423450 -0.327294 -0.638396
v -0.355166 -0.372757 -0.622680
v -0.374372 -0.332819 -0.641293
v -0.435762 -0.386070 -0.581796
v -0.449547 -0.353346 -0.606431
v -0.541929 -0.282957 -0.068644
v -0.599815 -0.325197 0.082869
v -0.565753 -0.330407 -0.038223
v -0.585837 -0.348788 0.043369
v -0.572169 -0.276399 -0.031552
v -0.604041 -0.294327 0.045665
v -0.560250 -0.307134 -0.510718
v -0.523165 -0.285041 -0.596910
v -0.568433 -0.279641 -0.534907
v -0.545030 -0.265891 -0.579554
v -0.536400 -0.331158 -0.532000
v -0.516225 -0.319032 -0.574186
v -0.494500 -0.190806 -0.187674
v -0.615725 -0.170268 -0.116573
v -0.545526 -0.187186 -0.231123
v -0.607821 -0.170514 -0.191233
v -0.549765 -0.209357 -0.111115
v -0.603801 -0.199444 -0.078681
v -0.494200 -0.257594 0.500881
v -0.521951 -0.284823 0.641895
v -0.518025 -0.247223 0.535738
v -0.540981 -0.261621 0.608830
v -0.513184 -0.307079 0.545664
v -0.511851 -0.313229 0.612253
v -0.636471 -0.244044 0.195388
v -0.621408 -0.174239 0.116102
v -0.637190 -0.215613 0.229397
v -0.624285 -0.176775 0.188269
v -0.632916 -0.243106 0.120966
v -0.629167 -0.210875 0.081781
v 0.511913 -0.367254 0.448193
v 0.639404 -0.346124 0.398318
v 0.547143 -0.378006 0.384907
v 0.611109 -0.366662 0.359509
v 0.543167 -0.345851 0.490818
v 0.606141 -0.335985 0.465202
v 0.399375 -0.349566 0.631351
v 0.448669 -0.309262 0.713010
v 0.358988 -0.344327 0.684633
v 0.383851 -0.323078 0.725653
v 0.466515 -0.334252 0.617073
v 0.490875 -0.314766 0.656842
v 0.516149 -0.374971 -0.448348
v 0.643213 -0.348847 -0.400263
v 0.548111 -0.377505 -0.385122
v 0.613335 -0.365292 -0.361559
v 0.546946 -0.359946 -0.486843
v 0.609764 -0.346152 -0.463589
v 0.401374 -0.377142 -0.589908
v 0.447170 -0.310985 -0.634285
v 0.360918 -0.365898 -0.621307
v 0.385338 -0.334290 -0.645266
v 0.467101 -0.356509 -0.578940
v 0.490711 -0.327505 -0.603704
v 0.809858 -0.323909 -0.080396
v 0.794988 -0.283352 0.080656
v 0.796875 -0.348549 -0.041548
v 0.792334 -0.330608 0.037858
v 0.822159 -0.297117 -0.042774
v 0.815339 -0.279749 0.035262
v 0.705319 -0.283353 -0.503215
v 0.628178 -0.269404 -0.597159
v 0.721315 -0.266809 -0.534458
v 0.678889 -0.254591 -0.577247
v 0.650626 -0.302691 -0.524990
v 0.612096 -0.295192 -0.572805
v 0.818481 -0.217349 -0.123811
v 0.857388 -0.183510 -0.106804
v 0.805488 -0.188282 -0.140587
v 0.852356 -0.181071 -0.169848
v 0.834707 -0.237603 -0.101809
v 0.845904 -0.212316 -0.073293
v 0.711148 -0.288704 0.511031
v 0.611364 -0.231337 0.610622
v 0.720288 -0.252424 0.527992
v 0.664434 -0.204729 0.545853
v 0.656331 -0.296271 0.542801
v 0.614775 -0.279177 0.603742
v 0.820328 -0.214573 0.200488
v 0.855973 -0.184252 0.110062
v 0.840057 -0.210505 0.227588
v 0.852443 -0.184655 0.184609
v 0.830076 -0.226147 0.115349
v 0.845539 -0.209286 0.074236
v 0.198278 -0.169973 0.966555
v 0.309173 -0.182052 0.906499
v 0.193867 -0.179202 0.922806
v 0.248961 -0.186756 0.893451
v 0.269600 -0.158714 0.970433
v 0.334752 -0.172790 0.953502
v -0.212145 -0.173930 0.967556
v -0.343008 -0.180159 0.913319
v -0.209388 -0.181161 0.931019
v -0.271417 -0.186158 0.902671
v -0.318218 -0.158889 0.974931
v -0.384642 -0.173836 0.968916
v 0.200813 -0.055029 0.965937
v 0.328774 -0.022160 0.913782
v 0.197572 -0.020603 0.955276
v 0.262547 -0.005146 0.928514
v 0.268433 -0.076493 0.954607
v 0.330179 -0.059837 0.925093
v -0.344069 0.075057 0.967300
v -0.406184 0.201100 0.959739
v -0.342280 0.172344 0.959386
v -0.373108 0.227822 0.954737
v -0.386516 0.056483 0.965333
v -0.409333 0.118040 0.955495
v 0.528500 -0.165023 0.921975
v 0.514017 -0.079999 0.849902
v 0.590420 -0.153819 0.869343
v 0.572611 -0.102275 0.823792
v 0.463575 -0.144566 0.920466
v 0.457807 -0.101995 0.891543
v -0.432343 -0.077574 0.822651
v -0.416395 0.056563 0.748140
v -0.446566 -0.043433 0.773042
v -0.424134 0.024055 0.721035
v -0.417831 -0.048313 0.876637
v -0.418482 0.027764 0.850723
v 0.196436 -0.085799 -0.762389
v 0.320907 -0.137252 -0.747854
v 0.195947 -0.134727 -0.766294
v 0.258847 -0.159965 -0.756576
v 0.259471 -0.062388 -0.748365
v 0.323108 -0.089179 -0.742944
v -0.196017 -0.085969 -0.761116
v -0.320648 -0.141283 -0.751598
v -0.195742 -0.135835 -0.765038
v -0.258993 -0.160103 -0.756852
v -0.257974 -0.059103 -0.749906
v -0.319276 -0.090431 -0.747116
v 0.189382 0.105850 -0.733258
v 0.304625 0.170535 -0.669490
v 0.190105 0.179922 -0.724706
v 0.250820 0.213744 -0.698468
v 0.242613 0.045683 -0.707664
v 0.269941 0.019315 -0.646118
v -0.194316 0.112622 -0.746393
v -0.293476 0.177176 -0.695856
v -0.195121 0.185600 -0.745051
v -0.251848 0.222529 -0.728968
v -0.250092 0.070497 -0.731342
v -0.295100 0.095129 -0.701478
v 0.503570 -0.065023 -0.719395
v 0.497977 0.072794 -0.701482
v 0.535725 -0.036429 -0.686527
v 0.530135 0.032577 -0.681371
v 0.451804 -0.036134 -0.722359
v 0.451739 0.024974 -0.700629
v -0.457514 -0.065831 -0.729049
v -0.448251 0.064798 -0.706069
v -0.484624 -0.033588 -0.717103
v -0.479283 0.033335 -0.709967
v -0.422693 -0.037560 -0.731287
v -0.413174 0.023012 -0.709200
v -0.433631 0.687819 0.062221
v -0.433375 0.687965 -0.067423
v -0.403747 0.695923 0.065406
v -0.403277 0.697406 -0.071770
v -0.476835 0.658964 0.101003
v -0.420392 0.688078 0.131359
v -0.468565 0.659011 0.177528
v -0.477726 0.659582 -0.108205
v -0.419651 0.691773 -0.141801
v -0.469741 0.664384 -0.179729
v -0.503742 0.637093 0.000284
v -0.496780 0.641051 -0.155183
v -0.510847 0.608074 -0.040073
v -0.493952 0.638779 0.146212
v -0.515695 0.610357 0.039746
v 0.366444 0.531183 -0.618049
v 0.435235 0.634916 -0.461377
v 0.149122 0.506946 -0.687748
v 0.341825 0.615284 -0.515698
v 0.536010 0.525528 -0.614582
v 0.010925 0.488758 -0.707566
v 0.300039 0.374499 -0.657945
v 0.558819 0.662595 -0.386899
v 0.406888 0.675153 -0.432328
v 0.533566 0.658845 -0.425633
v 0.634450 0.627983 -0.395245
v 0.600760 0.648885 -0.403815
v 0.665439 0.639658 -0.340928
v 0.571001 0.440905 -0.650685
v 0.670708 0.598523 -0.437540
v -0.423149 -0.483140 0.062060
v -0.421927 -0.482835 -0.061070
v -0.375876 -0.460181 0.065213
v -0.374967 -0.457844 -0.065221
v -0.478575 -0.484447 0.101066
v -0.407147 -0.468453 0.128205
v -0.470117 -0.485898 0.168958
v -0.475540 -0.482644 -0.098206
v -0.404947 -0.468213 -0.127636
v -0.467433 -0.481616 -0.168634
v -0.502418 -0.463871 0.001614
v -0.494716 -0.462822 -0.142994
v -0.520664 -0.439487 -0.036584
v -0.496155 -0.464349 0.142023
v -0.524493 -0.442419 0.039888
v 0.447698 -0.432632 0.059803
v 0.447547 -0.435644 -0.060629
v 0.384437 -0.429956 0.063419
v 0.384316 -0.431165 -0.063789
v 0.546263 -0.417872 0.098856
v 0.420922 -0.424911 0.125444
v 0.525819 -0.410945 0.166960
v 0.546795 -0.419516 -0.099754
v 0.421222 -0.427684 -0.125362
v 0.526368 -0.413220 -0.167779
v 0.608765 -0.410651 -0.000043
v 0.587941 -0.404409 -0.143719
v 0.652946 -0.396356 -0.038455
v 0.589165 -0.401801 0.144104
v 0.653195 -0.396017 0.038309
v 0.000049 -0.361927 0.782052
v -0.098856 -0.330892 0.817346
v -0.037891 -0.372677 0.744989
v -0.142977 -0.348101 0.783627
v 0.098540 -0.339290 0.818937
v 0.037604 -0.373067 0.744410
v 0.142943 -0.352183 0.784109
v 0.065659 -0.283201 0.875535
v -0.059667 -0.252898 0.866091
v 0.080225 -0.243156 0.891541
v -0.049647 -0.185848 0.820478
v 0.165448 -0.327790 0.820407
v 0.128719 -0.279313 0.881272
v -0.166754 -0.319149 0.818494
v -0.132052 -0.234776 0.852414
v -0.201948 0.564803 0.780192
v -0.261466 0.526432 0.818230
v -0.225604 0.591522 0.745710
v -0.283841 0.553705 0.783183
v -0.175785 0.523592 0.820632
v -0.183149 0.590635 0.744977
v -0.190323 0.548857 0.780354
v -0.221432 0.417410 0.888782
v -0.250401 0.443987 0.881652
v -0.287090 0.281628 0.917937
v -0.264320 0.375585 0.912153
v -0.303244 0.444070 0.824910
v -0.314630 0.226169 0.895786
v -0.299059 0.510904 0.823348
v -0.286688 0.419790 0.888221
v 0.000869 -0.335958 -0.661316
v -0.106661 -0.284464 -0.661462
v -0.037979 -0.374969 -0.647726
v -0.144429 -0.338461 -0.668037
v 0.100058 -0.285164 -0.664633
v 0.037945 -0.373704 -0.647006
v 0.143312 -0.338637 -0.668558
v 0.060063 -0.169407 -0.595382
v -0.147890 -0.172765 -0.588526
v 0.130340 -0.159421 -0.604473
v -0.259027 -0.159439 -0.601492
v 0.168501 -0.298160 -0.684325
v 0.149881 -0.207142 -0.665248
v -0.170343 -0.296485 -0.680598
v -0.184625 -0.203494 -0.660640
v 0.002372 0.550822 -0.695771
v -0.100850 0.497690 -0.668895
v -0.035921 0.576685 -0.686401
v -0.142711 0.527530 -0.671311
v 0.094696 0.504598 -0.694655
v 0.039665 0.580398 -0.689767
v 0.135549 0.531597 -0.688878
v 0.060418 0.433695 -0.732502
v -0.056645 0.428795 -0.707478
v 0.062693 0.374844 -0.729394
v -0.058089 0.358789 -0.694849
v 0.155957 0.486116 -0.693232
v 0.120011 0.409108 -0.715042
v -0.174325 0.486378 -0.658220
v -0.123358 0.393379 -0.677730
v 0.795901 0.094959 -0.615044
v 0.824934 0.008546 -0.540175
v 0.799671 0.168586 -0.605324
v 0.822758 0.091785 -0.556337
v 0.793378 -0.130650 -0.571203
v 0.830492 -0.126373 -0.463939
v 0.786384 -0.168943 -0.527726
v 0.825270 -0.157770 -0.423336
v 0.771189 -0.002341 -0.648332
v 0.761171 -0.153044 -0.591612
v 0.726579 -0.038363 -0.651117
v 0.772689 0.143545 -0.635160
v 0.730311 0.036237 -0.653789
v 0.832143 -0.046072 -0.458338
v 0.842975 -0.130589 -0.390715
v 0.802353 -0.041027 0.546985
v 0.833400 -0.061052 0.447104
v 0.802444 -0.010545 0.526594
v 0.835998 -0.031563 0.421073
v 0.795057 -0.143984 0.544740
v 0.828831 -0.121907 0.443467
v 0.784531 -0.170774 0.514891
v 0.821484 -0.151312 0.411292
v 0.776832 -0.096323 0.608750
v 0.770791 -0.168416 0.585331
v 0.754491 -0.124147 0.657021
v 0.775162 -0.025154 0.587537
v 0.749356 -0.082090 0.657280
v 0.848515 -0.062000 0.383148
v 0.845271 -0.125263 0.378900
v -0.555482 0.098199 -0.538151
v -0.504354 0.063515 -0.425617
v -0.553628 0.168322 -0.522070
v -0.545684 0.124901 -0.411054
v -0.534668 -0.087515 -0.533611
v -0.565508 -0.059266 -0.439081
v -0.528848 -0.144723 -0.508739
v -0.584736 -0.121171 -0.415253
v -0.553353 0.004526 -0.600863
v -0.469709 -0.092542 -0.547311
v -0.528930 -0.022220 -0.637411
v -0.559909 0.145050 -0.583686
v -0.555257 0.040027 -0.637567
v -0.550296 0.063683 -0.372488
v -0.575641 -0.061823 -0.376743
v -0.556408 0.100900 0.540914
v -0.540549 0.061434 0.434870
v -0.559551 0.168305 0.521831
v -0.563522 0.125809 0.414621
v -0.558615 -0.098399 0.540712
v -0.535062 -0.062657 0.433559
v -0.578579 -0.159741 0.524007
v -0.572338 -0.119563 0.415201
v -0.551029 0.000267 0.599506
v -0.561756 -0.137472 0.581421
v -0.532139 -0.035388 0.633800
v -0.551895 0.143170 0.581595
v -0.535526 0.038819 0.640620
v -0.560863 0.063957 0.375854
v -0.563261 -0.061879 0.375486
v -0.278595 0.727013 0.070168
v -0.285177 0.721745 -0.075198
v -0.310412 0.721207 0.069127
v -0.311796 0.721984 -0.073838
v -0.296372 0.627196 0.053401
v -0.436918 0.522614 -0.273704
v -0.373305 0.548482 -0.010354
v -0.296263 0.502326 -0.610834
v -0.233462 0.724600 0.140462
v -0.294951 0.724030 0.139589
v -0.247314 0.723442 0.208709
v -0.343165 0.603571 -0.218290
v -0.297244 0.727537 -0.149567
v -0.327276 0.612680 -0.287505
v -0.285132 0.624357 0.128106
v -0.215122 0.720987 0.210252
v -0.080874 0.527297 -0.649489
v -0.221938 0.567748 -0.466792
v -0.365767 0.680284 0.381842
v -0.414027 0.643863 0.420143
v -0.381411 0.693676 0.323803
v -0.431012 0.658066 0.359147
v -0.312050 0.655172 0.569319
v -0.362980 0.621049 0.605040
v -0.289300 0.643954 0.617707
v -0.343298 0.608968 0.655647
v -0.316002 0.676655 0.451721
v -0.348419 0.701450 0.327377
v -0.299255 0.692017 0.392222
v -0.413635 0.612073 0.540528
v -0.440573 0.622901 0.396980
v -0.427348 0.571846 0.517801
v -0.274138 0.661722 0.574460
v -0.281778 0.680908 0.456996
v -0.377908 0.595469 0.648441
v -0.422241 0.585720 0.583807
v -0.369147 0.672618 -0.394737
v -0.417751 0.651050 -0.427017
v -0.382504 0.687454 -0.325030
v -0.432663 0.660292 -0.362930
v -0.208547 0.636426 -0.610585
v -0.316734 0.608453 -0.620506
v -0.159771 0.630845 -0.637580
v -0.267290 0.599984 -0.652978
v -0.264217 0.641536 -0.527506
v -0.353514 0.691645 -0.336013
v -0.265740 0.637070 -0.486336
v -0.411545 0.613895 -0.534904
v -0.448244 0.637922 -0.407209
v -0.439639 0.598514 -0.509522
v -0.123911 0.645800 -0.616070
v -0.153805 0.649159 -0.569950
v -0.340365 0.588281 -0.647330
v -0.420335 0.585508 -0.573597
v -0.502680 0.531740 -0.290013
v -0.571272 0.531948 -0.196783
v -0.521898 0.569928 -0.257965
v -0.550644 0.549623 -0.166092
v -0.457171 0.385164 -0.381905
v -0.550317 0.378944 -0.299303
v -0.470863 0.315554 -0.421884
v -0.553397 0.315437 -0.330901
v -0.458207 0.483846 -0.393228
v -0.481535 0.553583 -0.320911
v -0.458131 0.517622 -0.430811
v -0.561002 0.447358 -0.194566
v -0.535324 0.516970 -0.124021
v -0.540165 0.452885 -0.120930
v -0.406236 0.291810 -0.448080
v -0.459738 0.494687 -0.475753
v -0.567150 0.324963 -0.265692
v -0.522682 0.390602 -0.166221
v -0.552032 0.553930 0.298629
v -0.575589 0.529949 0.198330
v -0.547466 0.580176 0.263169
v -0.556094 0.550984 0.162877
v -0.552999 0.420455 0.409136
v -0.570168 0.379702 0.302408
v -0.556745 0.359336 0.441229
v -0.571542 0.316996 0.334143
v -0.513982 0.502163 0.402049
v -0.518005 0.569664 0.320874
v -0.456834 0.483470 0.418671
v -0.563034 0.445810 0.195791
v -0.544468 0.521989 0.121315
v -0.538284 0.451654 0.120395
v -0.542066 0.402345 0.476846
v -0.491875 0.476331 0.472591
v -0.568831 0.325000 0.266496
v -0.524718 0.389210 0.160393
v -0.276586 0.593077 0.370607
v -0.428415 0.355119 0.404207
v -0.343264 0.558749 0.313311
v -0.437208 0.197934 0.326977
v -0.134851 0.650649 0.572135
v -0.324411 0.543100 0.596755
v -0.131501 0.645656 0.615328
v -0.314606 0.546240 0.656058
v -0.177526 0.654682 0.449079
v -0.227762 0.629656 0.331957
v -0.166234 0.684747 0.388885
v -0.157398 0.660125 0.572665
v -0.182309 0.674426 0.455885
v -0.456508 0.101881 0.589351
v -0.392456 -0.175580 0.427552
v 0.070586 -0.227748 0.560012
v -0.475544 0.356283 0.640055
v -0.074256 -0.202012 0.570253
v 0.299866 0.681408 -0.528358
v 0.405532 0.641766 -0.550116
v 0.328554 0.688159 -0.498136
v 0.439211 0.647737 -0.521349
v 0.195781 0.650000 -0.611439
v 0.300186 0.619808 -0.631593
v 0.157139 0.636425 -0.635298
v 0.264959 0.608301 -0.654651
v 0.196038 0.678009 -0.561038
v 0.266704 0.701852 -0.499661
v 0.157463 0.690674 -0.537513
v 0.120565 0.655105 -0.613551
v 0.120513 0.681387 -0.564778
v 0.405636 0.609158 -0.599647
v 0.480551 0.625278 -0.543964
v 0.478582 0.592141 -0.594099
v 0.328440 0.591690 -0.650238
v 0.437821 0.581871 -0.620890
v 0.721061 0.556124 -0.484176
v 0.776287 0.529625 -0.426066
v 0.695106 0.585927 -0.461111
v 0.748304 0.563128 -0.401400
v 0.785227 0.424033 -0.551757
v 0.823251 0.377471 -0.493547
v 0.796429 0.365229 -0.568277
v 0.830275 0.317629 -0.510799
v 0.728889 0.515834 -0.549751
v 0.677570 0.582743 -0.501234
v 0.679919 0.545072 -0.564981
v 0.818605 0.434171 -0.457093
v 0.787003 0.528199 -0.406994
v 0.804290 0.375293 -0.528188
v 0.772086 0.414461 -0.594739
v 0.709245 0.507364 -0.593131
v 0.829779 0.288989 -0.498249
v 0.808605 0.298418 -0.544708
v 0.734527 -0.082908 0.286578
v 0.778338 -0.128769 0.114068
v 0.722333 -0.176354 0.160979
v 0.767694 -0.193693 -0.212290
v 0.786781 0.104471 0.414349
v 0.822700 0.083664 0.307946
v 0.793621 0.076360 0.445753
v 0.830957 0.057866 0.339807
v 0.731935 0.073653 0.414435
v 0.687357 -0.135671 0.318045
v 0.677016 0.012528 0.444495
v 0.811387 0.036223 0.188720
v 0.776790 -0.174165 -0.205366
v 0.803036 -0.060222 0.066950
v 0.763348 0.091227 0.483512
v 0.700939 0.084751 0.482433
v 0.839621 0.055545 0.271221
v 0.832060 0.048971 0.153453
v -0.110508 -0.409620 0.066130
v -0.110221 -0.410592 -0.066398
v -0.182968 -0.424997 0.066428
v -0.182119 -0.421426 -0.066463
v 0.109741 -0.409693 0.066267
v 0.109755 -0.411722 -0.066394
v 0.181214 -0.422519 0.066789
v 0.181090 -0.422711 -0.066616
v 0.000575 -0.373843 0.131775
v -0.148799 -0.409519 0.132639
v -0.038715 -0.380175 0.199202
v 0.000611 -0.389576 -0.131789
v -0.148360 -0.409250 -0.132580
v -0.038118 -0.388894 -0.198683
v 0.147587 -0.410396 0.132807
v 0.038153 -0.385356 0.199048
v 0.147671 -0.412147 -0.132671
v 0.038922 -0.388481 -0.198677
v -0.305062 -0.415550 0.382674
v -0.400687 -0.432992 0.425553
v -0.335541 -0.430140 0.320438
v -0.421835 -0.451910 0.363535
v -0.195878 -0.396663 0.559982
v -0.299796 -0.386308 0.598685
v -0.157779 -0.396171 0.614109
v -0.263488 -0.377693 0.652358
v -0.196622 -0.397190 0.449641
v -0.267787 -0.413719 0.324892
v -0.158199 -0.392787 0.392417
v -0.395313 -0.401665 0.530220
v -0.444854 -0.442678 0.409753
v -0.440838 -0.404959 0.513907
v -0.119673 -0.397745 0.567185
v -0.119533 -0.391646 0.455250
v -0.329485 -0.373660 0.645787
v -0.415139 -0.386112 0.575957
v -0.304393 -0.422512 -0.382131
v -0.394709 -0.437996 -0.422415
v -0.336184 -0.428315 -0.320989
v -0.421020 -0.453985 -0.361535
v -0.197180 -0.433502 -0.541841
v -0.302704 -0.423555 -0.568841
v -0.158293 -0.437164 -0.575335
v -0.263789 -0.410263 -0.599895
v -0.195933 -0.411381 -0.445480
v -0.267354 -0.415339 -0.324632
v -0.158136 -0.399672 -0.391367
v -0.399675 -0.427379 -0.522943
v -0.437500 -0.437074 -0.404665
v -0.444851 -0.422371 -0.511155
v -0.120147 -0.434612 -0.545171
v -0.119690 -0.403712 -0.452100
v -0.329562 -0.401137 -0.596219
v -0.420645 -0.412884 -0.555247
v -0.496654 -0.302188 -0.297127
v -0.471803 -0.243977 -0.183498
v -0.514557 -0.353486 -0.261666
v -0.517911 -0.313743 -0.157650
v -0.507855 -0.237533 -0.415968
v -0.413639 -0.135090 -0.327006
v -0.558361 -0.241555 -0.441736
v -0.504406 -0.188287 -0.344453
v -0.518152 -0.297253 -0.407303
v -0.514803 -0.362116 -0.329165
v -0.523084 -0.345801 -0.441131
v -0.401096 -0.173681 -0.092576
v -0.519339 -0.289706 -0.110469
v -0.502692 -0.233597 -0.084416
v -0.564093 -0.274643 -0.479847
v -0.542760 -0.328432 -0.482052
v -0.463873 -0.176417 -0.269520
v -0.475802 -0.198728 -0.123881
v -0.526874 -0.334192 0.299105
v -0.582025 -0.345714 0.193436
v -0.534147 -0.381286 0.261210
v -0.579458 -0.381012 0.156994
v -0.387235 -0.156593 0.269266
v -0.546561 -0.230759 0.278653
v -0.449710 -0.188241 0.397794
v -0.555420 -0.211972 0.318755
v -0.472613 -0.252950 0.402366
v -0.514829 -0.366013 0.333810
v -0.499924 -0.318875 0.444951
v -0.601679 -0.291162 0.192621
v -0.592248 -0.354694 0.120292
v -0.609570 -0.296784 0.120383
v -0.453632 -0.206599 0.437887
v -0.488723 -0.279534 0.471075
v -0.611575 -0.235075 0.265197
v -0.620250 -0.268732 0.157641
v 0.305809 -0.407654 0.383502
v 0.412828 -0.395796 0.424358
v 0.339018 -0.416574 0.322737
v 0.445405 -0.402386 0.362178
v 0.197089 -0.403205 0.563208
v 0.302292 -0.383195 0.599739
v 0.157994 -0.402635 0.615191
v 0.263609 -0.377927 0.651597
v 0.195759 -0.398990 0.449992
v 0.267830 -0.409917 0.326123
v 0.157006 -0.395403 0.391916
v 0.119084 -0.401097 0.566083
v 0.118998 -0.393809 0.454795
v 0.408808 -0.371412 0.529293
v 0.481040 -0.387331 0.407173
v 0.477345 -0.357555 0.512926
v 0.331656 -0.364266 0.642312
v 0.438742 -0.352910 0.573517
v 0.305578 -0.410963 -0.383981
v 0.412615 -0.402029 -0.422364
v 0.337894 -0.413947 -0.322192
v 0.445181 -0.401960 -0.362032
v 0.196818 -0.434371 -0.539707
v 0.303676 -0.417189 -0.567280
v 0.156890 -0.436339 -0.572209
v 0.263910 -0.407002 -0.597477
v 0.195470 -0.409934 -0.446278
v 0.266109 -0.409081 -0.324945
v 0.156836 -0.399581 -0.390959
v 0.118668 -0.436263 -0.541240
v 0.118711 -0.406825 -0.450549
v 0.411466 -0.393313 -0.518370
v 0.481550 -0.390113 -0.406009
v 0.479983 -0.376072 -0.504655
v 0.334033 -0.395595 -0.596138
v 0.440761 -0.378197 -0.550447
v 0.728419 -0.344012 -0.303411
v 0.782225 -0.335610 -0.194983
v 0.699213 -0.364873 -0.264915
v 0.760914 -0.359782 -0.157281
v 0.753273 -0.218930 -0.414967
v 0.671457 -0.178668 -0.179861
v 0.716009 -0.186070 -0.488299
v 0.289189 -0.181338 -0.067457
v 0.723820 -0.307563 -0.409124
v 0.673664 -0.356165 -0.333979
v 0.667914 -0.329623 -0.436325
v 0.809019 -0.270954 -0.179298
v 0.790649 -0.344999 -0.118898
v 0.819948 -0.294881 -0.115708
v 0.751549 -0.254872 -0.484897
v 0.688290 -0.305484 -0.470221
v 0.721373 -0.178650 -0.003031
v 0.826345 -0.260495 -0.139188
v 0.728443 -0.334986 0.302537
v 0.772498 -0.282470 0.200481
v 0.702414 -0.359004 0.264762
v 0.761331 -0.328565 0.157427
v 0.782313 -0.292230 0.410671
v 0.810568 -0.251959 0.318781
v 0.779391 -0.255624 0.432382
v 0.813309 -0.235783 0.332307
v 0.725513 -0.320051 0.409408
v 0.674113 -0.354924 0.331993
v 0.665608 -0.327250 0.437340
v 0.722476 -0.164172 0.255163
v 0.782231 -0.300463 0.120007
v 0.786841 -0.234090 0.129537
v 0.755001 -0.278129 0.474681
v 0.689881 -0.309246 0.475572
v 0.823800 -0.228790 0.276052
v 0.790927 -0.203689 0.167276
v 0.068324 -0.161240 0.977059
v -0.064542 -0.163152 0.970061
v 0.073319 -0.178470 0.944855
v -0.057850 -0.180089 0.942055
v 0.060437 -0.058363 0.986529
v -0.130196 -0.075985 0.978761
v 0.036460 -0.040356 0.977647
v -0.239273 0.029167 0.973675
v 0.135275 -0.109574 0.983983
v 0.132324 -0.175929 0.960863
v 0.201360 -0.132820 0.972854
v -0.163752 -0.118781 0.979026
v -0.135143 -0.174220 0.953066
v -0.238571 -0.142471 0.976475
v 0.130151 -0.038146 0.975540
v 0.202061 -0.092782 0.972388
v -0.303985 0.067604 0.972340
v -0.299136 -0.048295 0.971781
v 0.414146 -0.260475 0.784177
v 0.322472 -0.192276 0.808418
v 0.358876 -0.285343 0.806872
v 0.304419 -0.226474 0.851618
v 0.496281 -0.184381 0.679331
v 0.563321 -0.180050 0.867616
v 0.425046 -0.179761 0.549647
v 0.754687 -0.180710 0.944051
v 0.520591 -0.259995 0.716702
v 0.405284 -0.299717 0.764249
v 0.511700 -0.293010 0.693560
v 0.558216 -0.181590 0.576660
v 0.567451 -0.266588 0.662319
v 0.412747 -0.180046 0.860083
v 0.294486 -0.193537 0.862733
v 0.388137 -0.180859 0.940888
v 0.614802 -0.184255 0.975195
v 0.466601 -0.182620 0.956572
v -0.376555 -0.203679 0.632174
v -0.396978 -0.177247 0.728105
v -0.329605 -0.223200 0.749313
v -0.288973 -0.189898 0.816671
v -0.498233 -0.231047 0.707288
v -0.466979 -0.169878 0.776026
v -0.528533 -0.219732 0.687521
v -0.491233 -0.145877 0.746107
v -0.459567 -0.269797 0.687415
v -0.385457 -0.269553 0.725531
v -0.459228 -0.315021 0.684120
v -0.527696 -0.253345 0.664862
v -0.492148 -0.301675 0.664587
v -0.416227 -0.142338 0.838175
v -0.319563 -0.184619 0.858546
v -0.404466 -0.166913 0.918647
v -0.460615 -0.111239 0.784271
v -0.419681 -0.113872 0.876484
v 0.423853 0.021968 0.801338
v 0.383637 0.028463 0.864656
v 0.328032 -0.080776 0.814874
v 0.318645 0.024862 0.880639
v 0.605842 0.035832 0.733879
v 0.561140 -0.015942 0.796074
v 0.656964 0.022648 0.702036
v 0.613898 -0.034980 0.765324
v 0.534045 0.064368 0.729723
v 0.374719 -0.093527 0.772247
v 0.516893 0.012219 0.699689
v 0.649761 0.049254 0.675355
v 0.580957 0.070221 0.674954
v 0.451039 -0.020204 0.860744
v 0.325053 0.010551 0.898854
v 0.391647 -0.040616 0.894365
v 0.565453 -0.057861 0.808279
v 0.453033 -0.060225 0.873383
v -0.417714 0.423419 0.826843
v -0.418139 0.320735 0.957635
v -0.419763 0.497660 0.888714
v -0.400537 0.362428 0.944814
v -0.471846 0.285793 0.699415
v -0.426360 0.204366 0.713178
v -0.502939 0.259590 0.683155
v -0.451671 0.161274 0.697223
v -0.419815 0.357842 0.684595
v -0.413919 0.479976 0.780336
v -0.419855 0.432909 0.663278
v -0.495348 0.315077 0.655199
v -0.418549 0.361639 0.618860
v -0.418423 0.195379 0.854490
v -0.405611 0.280429 0.960946
v -0.417829 0.164480 0.939632
v -0.409949 0.100302 0.629315
v -0.417693 0.111494 0.844506
v 0.066138 -0.082763 -0.772577
v -0.065573 -0.082487 -0.772251
v 0.066050 -0.126306 -0.770809
v -0.064927 -0.128150 -0.773177
v 0.065323 0.103359 -0.735630
v -0.066103 0.103398 -0.736623
v 0.064214 0.164640 -0.706395
v -0.065721 0.165435 -0.712012
v 0.129986 0.005090 -0.753973
v 0.131596 -0.110062 -0.773339
v 0.194751 -0.030063 -0.752135
v -0.130416 0.007199 -0.755233
v -0.130915 -0.110326 -0.771417
v -0.194421 -0.025696 -0.753028
v 0.129993 0.143010 -0.736594
v 0.191272 0.032416 -0.741271
v -0.132444 0.143409 -0.742302
v -0.193057 0.040021 -0.746385
v 0.401144 -0.242954 -0.664990
v 0.360321 -0.189862 -0.711926
v 0.359152 -0.278116 -0.689827
v 0.311108 -0.219548 -0.726288
v 0.576795 -0.181036 -0.620229
v 0.544802 -0.119430 -0.674002
v 0.627450 -0.179193 -0.615320
v 0.583079 -0.115784 -0.656562
v 0.509226 -0.239515 -0.622160
v 0.403405 -0.293958 -0.662169
v 0.509611 -0.290595 -0.622315
v 0.631457 -0.227475 -0.607657
v 0.571240 -0.278069 -0.610593
v 0.432679 -0.117556 -0.712358
v 0.317075 -0.182724 -0.743192
v 0.385284 -0.112779 -0.738865
v 0.544980 -0.094455 -0.691497
v 0.449833 -0.088250 -0.731121
v -0.392359 -0.226245 -0.657257
v -0.358623 -0.169726 -0.700358
v -0.346714 -0.222837 -0.653527
v -0.304418 -0.181835 -0.700696
v -0.497063 -0.223954 -0.655263
v -0.484090 -0.149801 -0.709486
v -0.482104 -0.191973 -0.627115
v -0.501890 -0.122332 -0.699264
v -0.467669 -0.279823 -0.646770
v -0.387466 -0.280324 -0.651101
v -0.459375 -0.315826 -0.626135
v -0.520198 -0.247903 -0.616024
v -0.491707 -0.300791 -0.611672
v -0.418121 -0.143338 -0.732401
v -0.316065 -0.172605 -0.737330
v -0.374434 -0.118267 -0.743464
v -0.486526 -0.095734 -0.718311
v -0.421471 -0.094029 -0.736764
v 0.403832 0.386213 -0.674296
v 0.374147 0.296727 -0.713850
v 0.343298 0.410456 -0.673282
v 0.317801 0.321608 -0.702338
v 0.586609 0.295499 -0.660146
v 0.532132 0.184721 -0.675427
v 0.643552 0.260239 -0.656173
v 0.572936 0.145441 -0.660128
v 0.518322 0.398497 -0.658874
v 0.389019 0.445221 -0.661839
v 0.507478 0.464568 -0.654069
v 0.653691 0.336770 -0.655888
v 0.581108 0.439801 -0.654476
v 0.440167 0.186353 -0.686989
v 0.319204 0.259727 -0.702144
v 0.381197 0.129649 -0.653483
v 0.530401 0.108998 -0.678045
v 0.448654 0.101143 -0.682552
v -0.371649 0.388131 -0.668790
v -0.359676 0.300263 -0.709870
v -0.334781 0.415547 -0.676138
v -0.315221 0.328133 -0.725607
v -0.454832 0.286948 -0.638521
v -0.417215 0.151110 -0.604872
v -0.499032 0.256078 -0.650435
v -0.472034 0.139505 -0.662828
v -0.424659 0.385676 -0.634071
v -0.375323 0.461018 -0.661511
v -0.424845 0.453502 -0.626774
v -0.498085 0.322128 -0.638111
v -0.454527 0.418469 -0.616932
v -0.388966 0.170745 -0.663196
v -0.307767 0.263290 -0.713298
v -0.318984 0.102095 -0.644726
v -0.459299 0.100473 -0.681961
v -0.399740 0.084688 -0.672153
v 0.882573 -0.068233 -0.110449
v 0.879944 -0.127425 -0.109627
v 0.877120 -0.070525 -0.183778
v 0.875049 -0.127523 -0.178973
v 0.878584 -0.068529 0.108216
v 0.875672 -0.129680 0.106569
v 0.872114 -0.067655 0.180758
v 0.870109 -0.128903 0.179341
v 0.878211 -0.040101 -0.003231
v 0.873892 -0.045049 -0.157207
v 0.873461 -0.014807 -0.045969
v 0.870305 -0.038247 0.147161
v 0.871003 -0.012829 0.034095
v 0.871914 -0.158072 -0.004407
v 0.870470 -0.156236 -0.144416
v 0.858638 -0.184474 -0.037600
v 0.865975 -0.158466 0.144508
v 0.858097 -0.184328 0.035261
v -0.552091 0.061082 -0.111982
v -0.596846 -0.061994 -0.109221
v -0.582141 0.065216 -0.178544
v -0.603749 -0.063227 -0.179853
v -0.548435 0.061460 0.111247
v -0.594898 -0.062632 0.109786
v -0.578022 0.066121 0.180482
v -0.601246 -0.064601 0.179870
v -0.466645 0.101979 -0.007398
v -0.533365 0.122096 -0.156562
v -0.415018 0.123995 -0.083354
v -0.531038 0.124396 0.152042
v -0.418555 0.141355 0.039546
v -0.605145 -0.121654 0.001073
v -0.611526 -0.122670 -0.148768
v -0.615627 -0.168369 -0.037774
v -0.609882 -0.123233 0.148121
v -0.618562 -0.171377 0.040721
v -0.358578 0.709416 0.137429
v -0.375565 0.705272 0.207214
v -0.356979 0.714926 -0.143799
v -0.375086 0.708430 -0.206190
v -0.344059 0.714972 0.207412
v -0.343480 0.719938 -0.208281
v -0.475849 0.644343 0.281028
v -0.504049 0.622174 0.255087
v -0.490199 0.621528 0.316781
v -0.474427 0.645170 -0.279895
v -0.501731 0.623794 -0.254827
v -0.487556 0.622148 -0.319662
v -0.476368 0.536409 -0.047025
v -0.482164 0.542030 0.040496
v -0.417253 0.488551 -0.008876
v -0.429189 0.501269 -0.043589
v -0.403996 0.505696 0.067015
v 0.272715 0.640806 -0.512354
v 0.316323 0.709357 -0.441741
v -0.324434 0.573593 0.191859
v 0.260197 0.683284 -0.482310
v 0.063019 -0.187383 -0.411177
v 0.523896 -0.192764 -0.346499
v 0.405226 -0.176126 0.199042
v 0.550292 0.638036 -0.482431
v 0.618694 0.627769 -0.462728
v 0.589552 0.620365 -0.499874
v 0.721065 0.583747 -0.392227
v 0.722744 0.508060 -0.542099
v 0.757101 0.494147 -0.529051
v -0.287766 -0.435642 0.131676
v -0.325504 -0.438850 0.195791
v -0.287912 -0.432528 -0.132022
v -0.326140 -0.435343 -0.196354
v -0.259591 -0.424339 0.197815
v -0.259817 -0.419962 -0.198027
v -0.471411 -0.456535 0.275444
v -0.499831 -0.436513 0.249742
v -0.486730 -0.431593 0.318758
v -0.473871 -0.460247 -0.276865
v -0.502345 -0.438777 -0.252071
v -0.486522 -0.430834 -0.316567
v -0.553912 -0.389312 -0.039601
v -0.562218 -0.400274 0.042076
v -0.570209 -0.369500 0.001946
v 0.288181 -0.427323 0.132478
v 0.327366 -0.423440 0.196429
v 0.288243 -0.429085 -0.132293
v 0.327418 -0.425688 -0.196617
v 0.258265 -0.419338 0.197999
v 0.259546 -0.424569 -0.199082
v 0.541550 -0.396942 0.278474
v 0.606453 -0.387052 0.253972
v 0.580327 -0.385057 0.321332
v 0.540275 -0.395651 -0.277408
v 0.603413 -0.386908 -0.252879
v 0.577495 -0.381313 -0.319938
v 0.734902 -0.374639 -0.039743
v 0.735412 -0.367864 0.039223
v 0.771749 -0.360449 -0.000898
v -0.039437 -0.392719 0.662648
v 0.039455 -0.394392 0.662867
v -0.253437 -0.350939 0.741954
v -0.276343 -0.322228 0.778895
v -0.000102 -0.400355 0.619230
v -0.318469 -0.338245 0.736878
v 0.251947 -0.350229 0.740064
v 0.277874 -0.328212 0.781143
v 0.318543 -0.336778 0.734447
v 0.138842 -0.203580 0.890940
v 0.191734 -0.225763 0.875887
v -0.214562 -0.179374 0.776448
v -0.223203 -0.208101 0.851576
v 0.185223 -0.180983 0.858885
v -0.222744 -0.188496 0.877584
v -0.228318 0.630435 0.664215
v -0.188194 0.630141 0.663716
v -0.340849 0.563110 0.745909
v -0.358403 0.524279 0.792988
v -0.210999 0.648302 0.620678
v -0.376079 0.546010 0.743201
v -0.394875 0.450080 0.749316
v -0.385014 0.047420 0.781781
v -0.358582 -0.065554 0.744418
v 0.064095 -0.067266 0.942051
v 0.140783 -0.050180 0.919182
v -0.301877 0.277742 0.941178
v -0.330336 0.329898 0.926092
v 0.189326 -0.003499 0.939979
v -0.335621 0.256603 0.945694
v -0.039744 -0.424497 -0.602340
v 0.038417 -0.423515 -0.601847
v -0.254493 -0.362331 -0.651726
v -0.277347 -0.319537 -0.668351
v -0.000307 -0.441183 -0.576695
v -0.316958 -0.345408 -0.646087
v 0.252048 -0.360405 -0.650330
v 0.278473 -0.331023 -0.675677
v 0.319129 -0.348316 -0.648382
v 0.138274 -0.164177 -0.722148
v 0.199443 -0.205461 -0.733795
v -0.140952 -0.165688 -0.724448
v -0.199805 -0.199658 -0.729464
v 0.196068 -0.173761 -0.755103
v -0.195327 -0.170368 -0.751107
v -0.037334 0.619891 -0.657551
v 0.041912 0.623060 -0.658499
v -0.249908 0.547107 -0.672336
v -0.268896 0.493114 -0.667794
v 0.003764 0.640447 -0.638534
v -0.315300 0.532590 -0.671650
v 0.244812 0.543168 -0.670977
v 0.261643 0.490245 -0.662811
v 0.307521 0.520552 -0.661592
v 0.122339 0.266751 -0.689580
v 0.175058 0.292619 -0.648684
v -0.127218 0.263634 -0.697209
v -0.193241 0.303918 -0.694709
v 0.186061 0.239328 -0.692554
v -0.194900 0.246467 -0.724648
v 0.782230 0.284589 -0.619039
v 0.755199 0.262116 -0.647455
v 0.823772 0.124138 -0.522466
v 0.835667 -0.050305 -0.364951
v 0.771441 0.336753 -0.649991
v 0.825022 0.006134 -0.402823
v 0.753903 -0.208314 -0.536287
v 0.715692 -0.192600 -0.573414
v 0.788513 -0.178994 -0.291812
v 0.849862 -0.156682 -0.276867
v 0.722423 -0.233948 -0.555489
v 0.821720 -0.177911 -0.224905
v 0.621075 -0.038680 -0.652257
v 0.619616 0.031711 -0.654102
v 0.561996 -0.015316 -0.657093
v 0.777442 0.040078 0.543657
v 0.743034 0.025551 0.607252
v 0.849649 -0.001288 0.329383
v 0.860950 -0.033445 0.290974
v 0.740109 0.052816 0.581400
v 0.857986 -0.004751 0.262679
v 0.751176 -0.205162 0.504650
v 0.715268 -0.187157 0.533717
v 0.829299 -0.180165 0.318841
v 0.855637 -0.157782 0.287137
v 0.716191 -0.209573 0.509686
v 0.847669 -0.186319 0.257139
v 0.702218 -0.141294 0.767875
v 0.676156 -0.096671 0.747010
v 0.636325 -0.126962 0.799241
v -0.524155 0.263022 -0.536869
v -0.543437 0.249455 -0.600790
v -0.573381 0.196213 -0.323182
v -0.578003 0.131455 -0.283089
v -0.496795 0.293431 -0.575655
v -0.571393 0.197173 -0.257016
v -0.528583 -0.212617 -0.512500
v -0.443179 -0.184105 -0.533691
v -0.603909 -0.173585 -0.326569
v -0.604959 -0.125144 -0.285757
v -0.530514 -0.238020 -0.546314
v -0.600294 -0.171579 -0.260299
v -0.528575 -0.032664 -0.690731
v -0.523248 0.038634 -0.681876
v -0.505636 0.001162 -0.701175
v -0.550224 0.275858 0.535179
v -0.536305 0.250340 0.595663
v -0.583627 0.195698 0.324059
v -0.585678 0.131821 0.284790
v -0.534870 0.317170 0.572179
v -0.573695 0.197939 0.257739
v -0.565079 -0.215230 0.535510
v -0.566330 -0.212029 0.599961
v -0.610069 -0.175667 0.325084
v -0.602722 -0.123193 0.285549
v -0.552202 -0.236590 0.571634
v -0.619231 -0.175145 0.258322
v -0.493216 -0.037045 0.706940
v -0.492843 0.040109 0.709950
v -0.467580 -0.003338 0.735955
v -0.249086 0.703957 0.333007
v -0.215968 0.700653 0.332981
v -0.232338 0.691375 0.395406
v -0.130431 0.620309 -0.534998
v 0.013845 0.663083 -0.538375
v -0.011266 0.670065 -0.555379
v -0.419361 0.476443 0.547645
v -0.426016 0.511061 0.589442
v -0.444363 0.475686 0.563936
v -0.458453 0.538328 -0.518248
v -0.443430 0.522325 -0.572977
v -0.464573 0.498928 -0.553667
v -0.462513 0.404656 -0.011002
v -0.415098 0.338179 -0.086788
v -0.417978 0.328439 0.036582
v 0.564408 -0.074126 0.539961
v 0.519198 -0.077297 0.601215
v 0.605303 0.017395 0.578406
v 0.582022 0.549002 -0.609056
v 0.539680 0.533620 -0.634804
v 0.615133 0.520555 -0.634125
v 0.808587 -0.093462 -0.129190
v 0.832435 -0.034581 -0.114228
v 0.847019 0.009031 0.017955
v -0.039732 -0.381795 0.332424
v 0.039846 -0.384280 0.332410
v 0.000070 -0.385082 0.396869
v -0.039721 -0.387603 -0.330848
v 0.039827 -0.384634 -0.331744
v 0.000070 -0.390536 -0.395053
v -0.484572 -0.363926 0.534532
v -0.468195 -0.356179 0.598830
v -0.496262 -0.336581 0.574045
v -0.492293 -0.380422 -0.522467
v -0.471570 -0.368864 -0.565915
v -0.505513 -0.351534 -0.549576
v -0.602553 -0.261291 0.005349
v -0.599845 -0.229178 -0.037117
v -0.623066 -0.238566 0.044414
v 0.569634 -0.326990 0.531139
v 0.532169 -0.319539 0.596751
v 0.596191 -0.306204 0.572069
v 0.572060 -0.341782 -0.519441
v 0.531497 -0.337129 -0.564650
v 0.592612 -0.319387 -0.545958
v 0.829332 -0.266561 -0.004531
v 0.837218 -0.239261 -0.037191
v 0.836119 -0.236551 0.035330
v 0.335055 -0.139778 0.950338
v 0.332411 -0.099340 0.937590
v 0.398106 -0.122309 0.926641
v -0.415993 -0.081002 0.962974
v -0.416103 0.025640 0.957154
v -0.417274 -0.016945 0.916981
v 0.320701 -0.040173 -0.727021
v 0.310162 0.003522 -0.697000
v 0.386500 -0.014854 -0.707077
v -0.316685 -0.033631 -0.737545
v -0.308064 0.028165 -0.720846
v -0.369397 -0.008263 -0.722462
f 1 647 644
f 1 644 643
f 1 643 645
f 1 645 646
f 1 646 647
f 2 649 652
f 6 672 670
f 12 702 699
f 11 696 695
f 8 679 681
f 4 662 659
f 4 659 658
f 4 658 660
f 4 660 661
f 4 661 662
f 5 666 665
f 3 654 657
f 7 673 677
f 9 685 686
f 10 692 688
f 12 701 698
f 6 669 668
f 2 650 648
f 8 682 678
f 11 697 693
f 6 671 669
f 12 700 701
f 11 694 697
f 8 680 682
f 2 651 650
f 10 690 689
f 5 663 664
f 3 655 653
f 7 676 674
f 9 687 684
f 10 691 690
f 5 667 663
f 3 656 655
f 7 675 676
f 9 683 687
f 6 668 672
f 2 648 649
f 8 678 679
f 11 693 696
f 12 698 702
f 10 688 691
f 5 665 667
f 3 657 656
f 7 677 675
f 9 686 683
f 5 664 666
f 3 653 654
f 7 674 673
f 9 684 685
f 10 689 692
f 6 670 671
f 12 699 700
f 11 695 694
f 8 681 680
f 2 652 651
f 35 837 838
f 18 735 736
f 19 742 741
f 40 868 867
f 42 880 879
f 34 832 831
f 33 827 828
f 25 778 780
f 36 844 846
f 20 749 747
f 32 819 820
f 23 765 767
f 24 773 771
f 37 850 849
f 41 876 875
f 34 833 834
f 33 826 825
f 25 779 777
f 36 845 843
f 20 748 750
f 17 729 727
f 14 711 709
f 13 706 703
f 15 718 715
f 16 724 721
f 18 737 733
f 35 839 835
f 42 882 878
f 40 870 866
f 19 744 740
f 30 807 805
f 27 789 787
f 22 762 758
f 28 797 793
f 29 802 799
f 32 821 817
f 23 766 763
f 24 774 770
f 37 852 848
f 41 874 872
f 35 838 836
f 18 736 734
f 19 741 739
f 40 867 865
f 42 879 877
f 34 831 829
f 33 828 824
f 25 780 776
f 36 846 842
f 20 747 745
f 32 820 818
f 23 767 764
f 24 771 769
f 37 849 847
f 41 875 871
f 34 834 830
f 33 825 823
f 25 777 775
f 36 843 841
f 20 750 746
f 14 714 710
f 13 707 704
f 15 719 716
f 16 725 722
f 17 732 728
f 21 755 752
f 31 814 811
f 26 784 781
f 38 857 853
f 39 862 860
f 27 792 788
f 22 759 757
f 28 796 794
f 29 803 800
f 30 810 806
f 31 815 812
f 26 785 782
f 38 856 854
f 39 863 859
f 21 754 751
f 14 712 714
f 13 705 707
f 15 717 719
f 16 723 725
f 17 730 732
f 21 753 755
f 31 816 814
f 26 786 784
f 38 858 857
f 39 861 862
f 27 791 792
f 22 761 759
f 28 795 796
f 29 801 803
f 30 808 810
f 31 813 815
f 26 783 785
f 38 855 856
f 39 864 863
f 21 756 754
f 14 709 712
f 13 703 705
f 15 715 717
f 16 721 723
f 17 727 730
f 21 751 753
f 31 812 816
f 26 782 786
f 38 854 858
f 39 859 861
f 27 787 791
f 22 758 761
f 28 793 795
f 29 799 801
f 30 805 808
f 31 811 813
f 26 781 783
f 38 853 855
f 39 860 864
f 21 752 756
f 17 728 731
f 14 710 713
f 13 704 708
f 15 716 720
f 16 722 726
f 18 734 738
f 35 836 840
f 42 877 881
f 40 865 869
f 19 739 743
f 30 806 809
f 27 788 790
f 22 757 760
f 28 794 798
f 29 800 804
f 32 818 822
f 23 764 768
f 24 769 772
f 37 847 851
f 41 871 873
f 35 835 837
f 18 733 735
f 19 740 742
f 40 866 868
f 42 878 880
f 34 830 832
f 33 823 827
f 25 775 778
f 36 841 844
f 20 746 749
f 32 817 819
f 23 763 765
f 24 770 773
f 37 848 850
f 41 872 876
f 34 829 833
f 33 824 826
f 25 776 779
f 36 842 845
f 20 745 748
f 17 731 729
f 14 713 711
f 13 708 706
f 15 720 718
f 16 726 724
f 18 738 737
f 35 840 839
f 42 881 882
f 40 869 870
f 19 743 744
f 30 809 807
f 27 790 789
f 22 760 762
f 28 798 797
f 29 804 802
f 32 822 821
f 23 768 766
f 24 772 774
f 37 851 852
f 41 873 874
f 107 1269 1270
f 103 1245 1246
f 104 1252 1251
f 110 1288 1287
f 113 1306 1305
f 118 1336 1335
f 154 1551 1552
f 141 1473 1474
f 162 1599 1600
f 121 1354 1353
f 142 1479 1480
f 129 1401 1402
f 130 1408 1407
f 144 1492 1491
f 146 1504 1503
f 151 1533 1534
f 131 1414 1413
f 136 1444 1443
f 161 1594 1593
f 126 1383 1384
f 116 1323 1324
f 108 1275 1276
f 106 1263 1264
f 112 1299 1300
f 115 1317 1318
f 119 1341 1342
f 156 1564 1563
f 139 1462 1461
f 160 1588 1587
f 120 1347 1348
f 149 1521 1522
f 132 1420 1419
f 128 1395 1396
f 145 1497 1498
f 148 1515 1516
f 155 1557 1558
f 133 1425 1426
f 134 1431 1432
f 157 1570 1569
f 124 1372 1371
f 109 1282 1281
f 105 1258 1257
f 111 1294 1293
f 114 1312 1311
f 117 1330 1329
f 125 1378 1377
f 152 1540 1539
f 137 1449 1450
f 158 1575 1576
f 123 1365 1366
f 143 1486 1485
f 127 1390 1389
f 135 1437 1438
f 147 1510 1509
f 150 1528 1527
f 153 1546 1545
f 140 1468 1467
f 138 1455 1456
f 159 1581 1582
f 122 1359 1360
f 107 1272 1271
f 103 1248 1247
f 104 1253 1254
f 110 1289 1290
f 113 1307 1308
f 118 1337 1338
f 154 1554 1553
f 141 1476 1475
f 162 1602 1601
f 121 1355 1356
f 142 1482 1481
f 129 1404 1403
f 130 1409 1410
f 144 1493 1494
f 146 1505 1506
f 151 1536 1535
f 131 1415 1416
f 136 1445 1446
f 161 1595 1596
f 126 1386 1385
f 47 909 907
f 44 891 889
f 43 886 883
f 45 898 895
f 46 904 901
f 49 922 919
f 72 1060 1057
f 102 1240 1237
f 96 1204 1201
f 79 1102 1099
f 62 999 997
f 59 981 979
f 58 976 973
f 60 988 985
f 61 994 991
f 66 1024 1021
f 54 952 949
f 73 1066 1063
f 85 1138 1135
f 92 1179 1177
f 101 1233 1231
f 69 1041 1039
f 50 927 925
f 82 1119 1117
f 97 1209 1207
f 71 1053 1051
f 100 1228 1225
f 94 1192 1189
f 80 1108 1105
f 51 933 931
f 90 1167 1165
f 63 1005 1003
f 55 957 955
f 76 1083 1081
f 87 1150 1147
f 91 1174 1171
f 67 1029 1027
f 56 963 961
f 75 1077 1075
f 83 1126 1123
f 68 1036 1033
f 48 915 913
f 78 1095 1093
f 93 1185 1183
f 98 1216 1213
f 88 1155 1153
f 65 1018 1015
f 57 970 967
f 77 1090 1087
f 86 1143 1141
f 64 1012 1009
f 53 945 943
f 74 1071 1069
f 84 1131 1129
f 89 1162 1159
f 70 1047 1045
f 99 1221 1219
f 95 1197 1195
f 81 1114 1111
f 52 940 937
f 109 1284 1280
f 105 1260 1256
f 111 1296 1292
f 114 1314 1310
f 117 1332 1328
f 125 1380 1376
f 152 1542 1538
f 137 1451 1447
f 158 1577 1573
f 123 1367 1363
f 143 1488 1484
f 127 1392 1388
f 135 1439 1435
f 147 1512 1508
f 150 1530 1526
f 153 1548 1544
f 140 1470 1466
f 138 1457 1453
f 159 1583 1579
f 122 1361 1357
f 107 1270 1268
f 103 1246 1244
f 104 1251 1249
f 110 1287 1285
f 113 1305 1303
f 118 1335 1333
f 154 1552 1550
f 141 1474 1472
f 162 1600 1598
f 121 1353 1351
f 142 1480 1478
f 129 1402 1400
f 130 1407 1405
f 144 1491 1489
f 146 1503 1501
f 151 1534 1532
f 131 1413 1411
f 136 1443 1441
f 161 1593 1591
f 126 1384 1382
f 116 1324 1322
f 108 1276 1274
f 106 1264 1262
f 112 1300 1298
f 115 1318 1316
f 119 1342 1340
f 156 1563 1561
f 139 1461 1459
f 160 1587 1585
f 120 1348 1346
f 149 1522 1520
f 132 1419 1417
f 128 1396 1394
f 145 1498 1496
f 148 1516 1514
f 155 1558 1556
f 133 1426 1424
f 134 1432 1430
f 157 1569 1567
f 124 1371 1369
f 109 1281 1279
f 105 1257 1255
f 111 1293 1291
f 114 1311 1309
f 117 1329 1327
f 125 1377 1375
f 152 1539 1537
f 137 1450 1448
f 158 1576 1574
f 123 1366 1364
f 143 1485 1483
f 127 1389 1387
f 135 1438 1436
f 147 1509 1507
f 150 1527 1525
f 153 1545 1543
f 140 1467 1465
f 138 1456 1454
f 159 1582 1580
f 122 1360 1358
f 107 1271 1267
f 103 1247 1243
f 104 1254 1250
f 110 1290 1286
f 113 1308 1304
f 118 1338 1334
f 154 1553 1549
f 141 1475 1471
f 162 1601 1597
f 121 1356 1352
f 142 1481 1477
f 129 1403 1399
f 130 1410 1406
f 144 1494 1490
f 146 1506 1502
f 151 1535 1531
f 131 1416 1412
f 136 1446 1442
f 161 1596 1592
f 126 1385 1381
f 44 894 890
f 43 887 884
f 45 899 896
f 46 905 902
f 47 912 908
f 52 941 938
f 70 1050 1046
f 99 1224 1220
f 95 1200 1196
f 81 1115 1112
f 59 984 980
f 58 977 974
f 60 989 986
f 61 995 992
f 62 1002 998
f 65 1019 1016
f 57 971 968
f 77 1091 1088
f 86 1146 1142
f 88 1158 1154
f 98 1217 1214
f 68 1037 1034
f 48 918 914
f 78 1098 1094
f 93 1188 1184
f 69 1044 1040
f 101 1236 1232
f 97 1212 1208
f 82 1122 1118
f 50 930 926
f 89 1163 1160
f 64 1013 1010
f 53 948 944
f 74 1074 1070
f 84 1134 1130
f 90 1170 1166
f 63 1008 1004
f 55 960 956
f 76 1086 1082
f 87 1151 1148
f 72 1061 1058
f 49 923 920
f 79 1103 1100
f 96 1205 1202
f 102 1241 1238
f 91 1175 1172
f 67 1032 1028
f 56 966 962
f 75 1080 1076
f 83 1127 1124
f 66 1025 1022
f 54 953 950
f 73 1067 1064
f 85 1139 1136
f 92 1182 1178
f 71 1056 1052
f 100 1229 1226
f 94 1193 1190
f 80 1109 1106
f 51 936 932
f 116 1325 1321
f 108 1277 1273
f 106 1265 1261
f 112 1301 1297
f 115 1319 1315
f 119 1343 1339
f 156 1566 1562
f 139 1464 1460
f 160 1590 1586
f 120 1349 1345
f 149 1523 1519
f 132 1422 1418
f 128 1397 1393
f 145 1499 1495
f 148 1517 1513
f 155 1559 1555
f 133 1427 1423
f 134 1433 1429
f 157 1572 1568
f 124 1374 1370
f 44 892 894
f 43 885 887
f 45 897 899
f 46 903 905
f 47 910 912
f 52 939 941
f 70 1048 1050
f 99 1222 1224
f 95 1198 1200
f 81 1113 1115
f 59 982 984
f 58 975 977
f 60 987 989
f 61 993 995
f 62 1000 1002
f 65 1017 1019
f 57 969 971
f 77 1089 1091
f 86 1144 1146
f 88 1156 1158
f 98 1215 1217
f 68 1035 1037
f 48 916 918
f 78 1096 1098
f 93 1186 1188
f 69 1042 1044
f 101 1234 1236
f 97 1210 1212
f 82 1120 1122
f 50 928 930
f 89 1161 1163
f 64 1011 1013
f 53 946 948
f 74 1072 1074
f 84 1132 1134
f 90 1168 1170
f 63 1006 1008
f 55 958 960
f 76 1084 1086
f 87 1149 1151
f 72 1059 1061
f 49 921 923
f 79 1101 1103
f 96 1203 1205
f 102 1239 1241
f 91 1173 1175
f 67 1030 1032
f 56 964 966
f 75 1078 1080
f 83 1125 1127
f 66 1023 1025
f 54 951 953
f 73 1065 1067
f 85 1137 1139
f 92 1180 1182
f 71 1054 1056
f 100 1227 1229
f 94 1191 1193
f 80 1107 1109
f 51 934 936
f 116 1326 1325
f 108 1278 1277
f 106 1266 1265
f 112 1302 1301
f 115 1320 1319
f 119 1344 1343
f 156 1565 1566
f 139 1463 1464
f 160 1589 1590
f 120 1350 1349
f 149 1524 1523
f 132 1421 1422
f 128 1398 1397
f 145 1500 1499
f 148 1518 1517
f 155 1560 1559
f 133 1428 1427
f 134 1434 1433
f 157 1571 1572
f 124 1373 1374
f 44 889 892
f 43 883 885
f 45 895 897
f 46 901 903
f 47 907 910
f 52 937 939
f 70 1045 1048
f 99 1219 1222
f 95 1195 1198
f 81 1111 1113
f 59 979 982
f 58 973 975
f 60 985 987
f 61 991 993
f 62 997 1000
f 65 1015 1017
f 57 967 969
f 77 1087 1089
f 86 1141 1144
f 88 1153 1156
f 98 1213 1215
f 68 1033 1035
f 48 913 916
f 78 1093 1096
f 93 1183 1186
f 69 1039 1042
f 101 1231 1234
f 97 1207 1210
f 82 1117 1120
f 50 925 928
f 89 1159 1161
f 64 1009 1011
f 53 943 946
f 74 1069 1072
f 84 1129 1132
f 90 1165 1168
f 63 1003 1006
f 55 955 958
f 76 1081 1084
f 87 1147 1149
f 72 1057 1059
f 49 919 921
f 79 1099 1101
f 96 1201 1203
f 102 1237 1239
f 91 1171 1173
f 67 1027 1030
f 56 961 964
f 75 1075 1078
f 83 1123 1125
f 66 1021 1023
f 54 949 951
f 73 1063 1065
f 85 1135 1137
f 92 1177 1180
f 71 1051 1054
f 100 1225 1227
f 94 1189 1191
f 80 1105 1107
f 51 931 934
f 116 1322 1326
f 108 1274 1278
f 106 1262 1266
f 112 1298 1302
f 115 1316 1320
f 119 1340 1344
f 156 1561 1565
f 139 1459 1463
f 160 1585 1589
f 120 1346 1350
f 149 1520 1524
f 132 1417 1421
f 128 1394 1398
f 145 1496 1500
f 148 1514 1518
f 155 1556 1560
f 133 1424 1428
f 134 1430 1434
f 157 1567 1571
f 124 1369 1373
f 47 908 911
f 44 890 893
f 43 884 888
f 45 896 900
f 46 902 906
f 49 920 924
f 72 1058 1062
f 102 1238 1242
f 96 1202 1206
f 79 1100 1104
f 62 998 1001
f 59 980 983
f 58 974 978
f 60 986 990
f 61 992 996
f 66 1022 1026
f 54 950 954
f 73 1064 1068
f 85 1136 1140
f 92 1178 1181
f 101 1232 1235
f 69 1040 1043
f 50 926 929
f 82 1118 1121
f 97 1208 1211
f 71 1052 1055
f 100 1226 1230
f 94 1190 1194
f 80 1106 1110
f 51 932 935
f 90 1166 1169
f 63 1004 1007
f 55 956 959
f 76 1082 1085
f 87 1148 1152
f 91 1172 1176
f 67 1028 1031
f 56 962 965
f 75 1076 1079
f 83 1124 1128
f 68 1034 1038
f 48 914 917
f 78 1094 1097
f 93 1184 1187
f 98 1214 1218
f 88 1154 1157
f 65 1016 1020
f 57 968 972
f 77 1088 1092
f 86 1142 1145
f 64 1010 1014
f 53 944 947
f 74 1070 1073
f 84 1130 1133
f 89 1160 1164
f 70 1046 1049
f 99 1220 1223
f 95 1196 1199
f 81 1112 1116
f 52 938 942
f 109 1279 1283
f 105 1255 1259
f 111 1291 1295
f 114 1309 1313
f 117 1327 1331
f 125 1375 1379
f 152 1537 1541
f 137 1448 1452
f 158 1574 1578
f 123 1364 1368
f 143 1483 1487
f 127 1387 1391
f 135 1436 1440
f 147 1507 1511
f 150 1525 1529
f 153 1543 1547
f 140 1465 1469
f 138 1454 1458
f 159 1580 1584
f 122 1358 1362
f 107 1267 1269
f 103 1243 1245
f 104 1250 1252
f 110 1286 1288
f 113 1304 1306
f 118 1334 1336
f 154 1549 1551
f 141 1471 1473
f 162 1597 1599
f 121 1352 1354
f 142 1477 1479
f 129 1399 1401
f 130 1406 1408
f 144 1490 1492
f 146 1502 1504
f 151 1531 1533
f 131 1412 1414
f 136 1442 1444
f 161 1592 1594
f 126 1381 1383
f 116 1321 1323
f 108 1273 1275
f 106 1261 1263
f 112 1297 1299
f 115 1315 1317
f 119 1339 1341
f 156 1562 1564
f 139 1460 1462
f 160 1586 1588
f 120 1345 1347
f 149 1519 1521
f 132 1418 1420
f 128 1393 1395
f 145 1495 1497
f 148 1513 1515
f 155 1555 1557
f 133 1423 1425
f 134 1429 1431
f 157 1568 1570
f 124 1370 1372
f 109 1280 1282
f 105 1256 1258
f 111 1292 1294
f 114 1310 1312
f 117 1328 1330
f 125 1376 1378
f 152 1538 1540
f 137 1447 1449
f 158 1573 1575
f 123 1363 1365
f 143 1484 1486
f 127 1388 1390
f 135 1435 1437
f 147 1508 1510
f 150 1526 1528
f 153 1544 1546
f 140 1466 1468
f 138 1453 1455
f 159 1579 1581
f 122 1357 1359
f 107 1268 1272
f 103 1244 1248
f 104 1249 1253
f 110 1285 1289
f 113 1303 1307
f 118 1333 1337
f 154 1550 1554
f 141 1472 1476
f 162 1598 1602
f 121 1351 1355
f 142 1478 1482
f 129 1400 1404
f 130 1405 1409
f 144 1489 1493
f 146 1501 1505
f 151 1532 1536
f 131 1411 1415
f 136 1441 1445
f 161 1591 1595
f 126 1382 1386
f 47 911 909
f 44 893 891
f 43 888 886
f 45 900 898
f 46 906 904
f 49 924 922
f 72 1062 1060
f 102 1242 1240
f 96 1206 1204
f 79 1104 1102
f 62 1001 999
f 59 983 981
f 58 978 976
f 60 990 988
f 61 996 994
f 66 1026 1024
f 54 954 952
f 73 1068 1066
f 85 1140 1138
f 92 1181 1179
f 101 1235 1233
f 69 1043 1041
f 50 929 927
f 82 1121 1119
f 97 1211 1209
f 71 1055 1053
f 100 1230 1228
f 94 1194 1192
f 80 1110 1108
f 51 935 933
f 90 1169 1167
f 63 1007 1005
f 55 959 957
f 76 1085 1083
f 87 1152 1150
f 91 1176 1174
f 67 1031 1029
f 56 965 963
f 75 1079 1077
f 83 1128 1126
f 68 1038 1036
f 48 917 915
f 78 1097 1095
f 93 1187 1185
f 98 1218 1216
f 88 1157 1155
f 65 1020 1018
f 57 972 970
f 77 1092 1090
f 86 1145 1143
f 64 1014 1012
f 53 947 945
f 74 1073 1071
f 84 1133 1131
f 89 1164 1162
f 70 1049 1047
f 99 1223 1221
f 95 1199 1197
f 81 1116 1114
f 52 942 940
f 109 1283 1284
f 105 1259 1260
f 111 1295 1296
f 114 1313 1314
f 117 1331 1332
f 125 1379 1380
f 152 1541 1542
f 137 1452 1451
f 158 1578 1577
f 123 1368 1367
f 143 1487 1488
f 127 1391 1392
f 135 1440 1439
f 147 1511 1512
f 150 1529 1530
f 153 1547 1548
f 140 1469 1470
f 138 1458 1457
f 159 1584 1583
f 122 1362 1361
f 407 1609 1616
f 403 1605 1608
f 404 1611 1606
f 410 1614 1612
f 413 1617 1615
f 422 1631 1624
f 486 1688 1692
f 573 1775 1782
f 561 1763 1765
f 512 1719 1714
f 452 1654 1661
f 448 1650 1653
f 449 1656 1651
f 455 1659 1657
f 458 1662 1660
f 470 1672 1675
f 437 1646 1639
f 494 1706 1696
f 531 1735 1733
f 539 1741 1751
f 568 1770 1779
f 478 1680 1683
f 419 1621 1626
f 509 1711 1721
f 554 1756 1766
f 482 1684 1689
f 576 1780 1778
f 558 1767 1760
f 516 1722 1718
f 425 1627 1629
f 542 1744 1747
f 463 1668 1665
f 434 1636 1641
f 497 1699 1704
f 528 1730 1737
f 546 1748 1750
f 464 1666 1676
f 440 1642 1644
f 500 1705 1702
f 524 1736 1726
f 479 1691 1681
f 418 1623 1620
f 508 1713 1710
f 553 1764 1755
f 569 1781 1771
f 538 1749 1740
f 471 1677 1673
f 443 1645 1647
f 501 1703 1707
f 523 1725 1734
f 467 1674 1669
f 433 1638 1635
f 493 1695 1698
f 527 1732 1729
f 543 1752 1745
f 485 1690 1687
f 572 1777 1774
f 557 1759 1762
f 515 1717 1720
f 428 1630 1632
f 591 2191 2189
f 587 1885 1883
f 588 1901 1903
f 594 2279 2281
f 597 2315 2317
f 600 2171 2173
f 634 2160 2158
f 619 2016 2012
f 639 2214 2210
f 602 1919 1924
f 624 2137 2135
f 608 1978 1973
f 610 1991 1996
f 627 2225 2227
f 630 2302 2304
f 635 2178 2176
f 615 2153 2155
f 617 2009 2014
f 637 2207 2212
f 604 1926 1922
f 416 1857 1864
f 408 1803 1810
f 406 1786 1795
f 412 1822 1831
f 415 1840 1849
f 424 1876 1887
f 492 2182 2193
f 582 2312 2321
f 565 2276 2285
f 514 1898 1907
f 461 2091 2098
f 453 2037 2044
f 451 1952 1961
f 457 2056 2067
f 460 2074 2083
f 475 2128 2139
f 439 1966 1975
f 496 1988 1997
f 533 2222 2231
f 551 2293 2298
f 579 2185 2190
f 483 1879 1884
f 426 1893 1900
f 521 2271 2278
f 566 2307 2314
f 489 2163 2170
f 578 2150 2159
f 560 2006 2015
f 518 2204 2213
f 429 1911 1918
f 547 2131 2136
f 465 1969 1977
f 441 1983 1990
f 504 2217 2224
f 537 2290 2301
f 550 2168 2177
f 476 2145 2152
f 444 2001 2008
f 502 2199 2206
f 526 1916 1925
f 481 1808 1817
f 420 1789 1797
f 510 1825 1833
f 555 1843 1851
f 571 1862 1871
f 540 1933 1941
f 473 2110 2119
f 447 2020 2029
f 507 2236 2247
f 534 2257 2262
f 469 2042 2051
f 435 1947 1954
f 498 2059 2064
f 529 2077 2085
f 545 2096 2105
f 487 2113 2121
f 574 2023 2031
f 562 2239 2244
f 520 2254 2265
f 432 1930 1939
f 589 1818 1814
f 583 1798 1793
f 586 1834 1829
f 593 1852 1847
f 596 1872 1868
f 599 1942 1937
f 633 2120 2124
f 620 2030 2034
f 640 2248 2250
f 603 2263 2261
f 622 2052 2050
f 607 1955 1960
f 612 2065 2063
f 626 2086 2081
f 629 2106 2102
f 631 2122 2117
f 614 2032 2027
f 618 2245 2243
f 641 2266 2268
f 605 1940 1944
f 409 1813 1804
f 405 1792 1785
f 411 1828 1821
f 414 1846 1839
f 417 1867 1858
f 431 1936 1929
f 488 2123 2114
f 575 2033 2024
f 563 2249 2240
f 519 2260 2253
f 454 2049 2038
f 450 1959 1951
f 456 2062 2055
f 459 2080 2073
f 462 2101 2092
f 472 2116 2109
f 446 2026 2019
f 506 2242 2235
f 535 2267 2258
f 541 1943 1934
f 570 1869 1861
f 480 1815 1807
f 421 1799 1790
f 511 1835 1826
f 556 1853 1844
f 484 1889 1880
f 580 2195 2186
f 567 2319 2308
f 522 2283 2272
f 427 1905 1894
f 544 2103 2095
f 468 2046 2041
f 436 1957 1948
f 499 2069 2060
f 530 2087 2078
f 548 2141 2132
f 466 1979 1970
f 442 1993 1984
f 505 2229 2218
f 536 2296 2289
f 491 2188 2181
f 423 1882 1875
f 513 1902 1897
f 564 2280 2275
f 581 2316 2311
f 549 2172 2167
f 477 2157 2146
f 445 2011 2002
f 503 2209 2200
f 525 1923 1915
f 474 2134 2127
f 438 1972 1965
f 495 1995 1987
f 532 2226 2221
f 552 2303 2294
f 490 2175 2164
f 577 2154 2149
f 559 2013 2005
f 517 2211 2203
f 430 1921 1912
f 590 1865 1870
f 584 1811 1816
f 585 1796 1800
f 592 1832 1836
f 595 1850 1854
f 598 1888 1890
f 636 2194 2196
f 621 2322 2320
f 642 2286 2284
f 601 1908 1906
f 623 2099 2104
f 611 2045 2047
f 609 1962 1958
f 625 2068 2070
f 628 2084 2088
f 632 2140 2142
f 613 1976 1980
f 616 1998 1994
f 638 2232 2230
f 606 2299 2297
f 407 2330 2329
f 403 2324 2323
f 404 2325 2326
f 410 2332 2333
f 413 2335 2336
f 422 2344 2345
f 486 2410 2409
f 573 2497 2496
f 561 2486 2485
f 512 2434 2435
f 452 2375 2374
f 448 2369 2368
f 449 2370 2371
f 455 2377 2378
f 458 2380 2381
f 470 2393 2392
f 437 2359 2360
f 494 2415 2416
f 531 2455 2456
f 539 2461 2460
f 568 2489 2488
f 478 2399 2398
f 419 2341 2340
f 509 2431 2430
f 554 2476 2475
f 482 2405 2404
f 576 2500 2501
f 558 2481 2482
f 516 2439 2440
f 425 2348 2347
f 542 2465 2464
f 463 2383 2384
f 434 2356 2355
f 497 2420 2419
f 528 2452 2451
f 546 2471 2470
f 464 2386 2385
f 440 2363 2362
f 500 2422 2423
f 524 2445 2446
f 479 2400 2401
f 418 2338 2339
f 508 2428 2429
f 553 2473 2474
f 569 2490 2491
f 538 2458 2459
f 471 2394 2395
f 443 2366 2365
f 501 2425 2424
f 523 2444 2443
f 467 2389 2390
f 433 2353 2354
f 493 2414 2413
f 527 2449 2450
f 543 2466 2467
f 485 2407 2408
f 572 2494 2495
f 557 2480 2479
f 515 2438 2437
f 428 2351 2350
f 591 2510 2511
f 587 2504 2505
f 588 2508 2507
f 594 2514 2513
f 597 2517 2516
f 600 2520 2519
f 634 2554 2556
f 619 2539 2540
f 639 2560 2561
f 602 2523 2521
f 624 2543 2544
f 608 2527 2529
f 610 2532 2530
f 627 2547 2546
f 630 2550 2549
f 635 2552 2553
f 615 2535 2534
f 617 2538 2536
f 637 2558 2557
f 604 2524 2525
f 167 1607 647
f 164 1603 644
f 163 1604 643
f 165 1610 645
f 166 1613 646
f 169 1622 649
f 192 1686 672
f 222 1773 702
f 216 1761 696
f 199 1712 679
f 182 1652 662
f 179 1648 659
f 178 1649 658
f 180 1655 660
f 181 1658 661
f 186 1670 666
f 174 1637 654
f 193 1694 673
f 205 1731 685
f 212 1739 692
f 221 1768 701
f 189 1678 669
f 170 1619 650
f 202 1709 682
f 217 1754 697
f 191 1682 671
f 220 1776 700
f 214 1758 694
f 200 1716 680
f 171 1625 651
f 210 1742 690
f 183 1663 663
f 175 1634 655
f 196 1697 676
f 207 1728 687
f 211 1746 691
f 187 1664 667
f 176 1640 656
f 195 1700 675
f 203 1724 683
f 188 1679 668
f 168 1618 648
f 198 1708 678
f 213 1753 693
f 218 1769 698
f 208 1738 688
f 185 1671 665
f 177 1643 657
f 197 1701 677
f 206 1723 686
f 184 1667 664
f 173 1633 653
f 194 1693 674
f 204 1727 684
f 209 1743 689
f 190 1685 670
f 219 1772 699
f 215 1757 695
f 201 1715 681
f 172 1628 652
f 357 2187 837
f 255 1881 735
f 262 1899 742
f 388 2277 868
f 400 2313 880
f 352 2169 832
f 347 2156 827
f 298 2010 778
f 364 2208 844
f 269 1917 749
f 339 2133 819
f 285 1971 765
f 293 1989 773
f 370 2223 850
f 396 2300 876
f 353 2174 833
f 346 2151 826
f 299 2007 779
f 365 2205 845
f 268 1920 748
f 249 1855 729
f 231 1801 711
f 226 1784 706
f 238 1820 718
f 244 1838 724
f 257 1874 737
f 359 2180 839
f 402 2310 882
f 390 2274 870
f 264 1896 744
f 327 2089 807
f 309 2035 789
f 282 1950 762
f 317 2054 797
f 322 2072 802
f 341 2126 821
f 286 1964 766
f 294 1986 774
f 372 2220 852
f 394 2291 874
f 358 2183 838
f 256 1877 736
f 261 1891 741
f 387 2269 867
f 399 2305 879
f 351 2161 831
f 348 2148 828
f 300 2004 780
f 366 2202 846
f 267 1909 747
f 340 2129 820
f 287 1967 767
f 291 1981 771
f 369 2215 849
f 395 2288 875
f 354 2166 834
f 345 2143 825
f 297 1999 777
f 363 2197 843
f 270 1914 750
f 234 1806 714
f 227 1787 707
f 239 1823 719
f 245 1841 725
f 252 1860 732
f 275 1931 755
f 334 2108 814
f 304 2018 784
f 377 2234 857
f 382 2255 862
f 312 2040 792
f 279 1945 759
f 316 2057 796
f 323 2075 803
f 330 2094 810
f 335 2111 815
f 305 2021 785
f 376 2237 856
f 383 2252 863
f 274 1928 754
f 232 1812 712
f 225 1791 705
f 237 1827 717
f 243 1845 723
f 250 1866 730
f 273 1935 753
f 336 2118 816
f 306 2028 786
f 378 2246 858
f 381 2259 861
f 311 2048 791
f 281 1953 761
f 315 2061 795
f 321 2079 801
f 328 2100 808
f 333 2115 813
f 303 2025 783
f 375 2241 855
f 384 2264 864
f 276 1938 756
f 229 1802 709
f 223 1783 703
f 235 1819 715
f 241 1837 721
f 247 1856 727
f 271 1927 751
f 332 2112 812
f 302 2022 782
f 374 2238 854
f 379 2251 859
f 307 2036 787
f 278 1949 758
f 313 2053 793
f 319 2071 799
f 325 2090 805
f 331 2107 811
f 301 2017 781
f 373 2233 853
f 380 2256 860
f 272 1932 752
f 248 1859 728
f 230 1805 710
f 224 1788 704
f 236 1824 716
f 242 1842 722
f 254 1878 734
f 356 2184 836
f 397 2306 877
f 385 2270 865
f 259 1892 739
f 326 2093 806
f 308 2039 788
f 277 1946 757
f 314 2058 794
f 320 2076 800
f 338 2130 818
f 284 1968 764
f 289 1982 769
f 367 2216 847
f 391 2287 871
f 355 2179 835
f 253 1873 733
f 260 1895 740
f 386 2273 866
f 398 2309 878
f 350 2165 830
f 343 2144 823
f 295 2000 775
f 361 2198 841
f 266 1913 746
f 337 2125 817
f 283 1963 763
f 290 1985 770
f 368 2219 848
f 392 2292 872
f 349 2162 829
f 344 2147 824
f 296 2003 776
f 362 2201 842
f 265 1910 745
f 251 1863 731
f 233 1809 713
f 228 1794 708
f 240 1830 720
f 246 1848 726
f 258 1886 738
f 360 2192 840
f 401 2318 881
f 389 2282 869
f 263 1904 743
f 329 2097 809
f 310 2043 790
f 280 1956 760
f 318 2066 798
f 324 2082 804
f 342 2138 822
f 288 1974 768
f 292 1992 772
f 371 2228 851
f 393 2295 873
f 409 2331 1269
f 405 2327 1245
f 411 2328 1252
f 414 2334 1288
f 417 2337 1306
f 431 2346 1336
f 488 2412 1551
f 575 2499 1473
f 563 2487 1599
f 519 2436 1354
f 454 2376 1479
f 450 2372 1401
f 456 2373 1408
f 459 2379 1492
f 462 2382 1504
f 472 2396 1533
f 446 2361 1414
f 506 2418 1444
f 535 2457 1594
f 541 2463 1383
f 570 2492 1323
f 480 2402 1275
f 421 2343 1263
f 511 2433 1299
f 556 2478 1317
f 484 2406 1341
f 580 2502 1564
f 567 2484 1462
f 522 2442 1588
f 427 2349 1347
f 544 2468 1521
f 468 2387 1420
f 436 2358 1395
f 499 2421 1497
f 530 2454 1515
f 548 2472 1557
f 466 2388 1425
f 442 2364 1431
f 505 2426 1570
f 536 2448 1372
f 491 2403 1282
f 423 2342 1258
f 513 2432 1294
f 564 2477 1312
f 581 2493 1330
f 549 2462 1378
f 477 2397 1540
f 445 2367 1449
f 503 2427 1575
f 525 2447 1365
f 474 2391 1486
f 438 2357 1390
f 495 2417 1437
f 532 2453 1510
f 552 2469 1528
f 490 2411 1546
f 577 2498 1468
f 559 2483 1455
f 517 2441 1581
f 430 2352 1359
f 590 2509 1272
f 584 2503 1248
f 585 2506 1253
f 592 2512 1289
f 595 2515 1307
f 598 2518 1337
f 636 2555 1554
f 621 2541 1476
f 642 2562 1602
f 601 2522 1355
f 623 2542 1482
f 611 2528 1404
f 609 2531 1409
f 625 2545 1493
f 628 2548 1505
f 632 2551 1536
f 613 2533 1415
f 616 2537 1445
f 638 2559 1595
f 606 2526 1386
f 407 1616 909
f 403 1608 891
f 404 1606 886
f 410 1612 898
f 413 1615 904
f 422 1624 922
f 486 1692 1060
f 573 1782 1240
f 561 1765 1204
f 512 1714 1102
f 452 1661 999
f 448 1653 981
f 449 1651 976
f 455 1657 988
f 458 1660 994
f 470 1675 1024
f 437 1639 952
f 494 1696 1066
f 531 1733 1138
f 539 1751 1179
f 568 1779 1233
f 478 1683 1041
f 419 1626 927
f 509 1721 1119
f 554 1766 1209
f 482 1689 1053
f 576 1778 1228
f 558 1760 1192
f 516 1718 1108
f 425 1629 933
f 542 1747 1167
f 463 1665 1005
f 434 1641 957
f 497 1704 1083
f 528 1737 1150
f 546 1750 1174
f 464 1676 1029
f 440 1644 963
f 500 1702 1077
f 524 1726 1126
f 479 1681 1036
f 418 1620 915
f 508 1710 1095
f 553 1755 1185
f 569 1771 1216
f 538 1740 1155
f 471 1673 1018
f 443 1647 970
f 501 1707 1090
f 523 1734 1143
f 467 1669 1012
f 433 1635 945
f 493 1698 1071
f 527 1729 1131
f 543 1745 1162
f 485 1687 1047
f 572 1774 1221
f 557 1762 1197
f 515 1720 1114
f 428 1632 940
f 591 2189 1284
f 587 1883 1260
f 588 1903 1296
f 594 2281 1314
f 597 2317 1332
f 600 2173 1380
f 634 2158 1542
f 619 2012 1451
f 639 2210 1577
f 602 1924 1367
f 624 2135 1488
f 608 1973 1392
f 610 1996 1439
f 627 2227 1512
f 630 2304 1530
f 635 2176 1548
f 615 2155 1470
f 617 2014 1457
f 637 2212 1583
f 604 1922 1361
f 416 1864 1270
f 408 1810 1246
f 406 1795 1251
f 412 1831 1287
f 415 1849 1305
f 424 1887 1335
f 492 2193 1552
f 582 2321 1474
f 565 2285 1600
f 514 1907 1353
f 461 2098 1480
f 453 2044 1402
f 451 1961 1407
f 457 2067 1491
f 460 2083 1503
f 475 2139 1534
f 439 1975 1413
f 496 1997 1443
f 533 2231 1593
f 551 2298 1384
f 579 2190 1324
f 483 1884 1276
f 426 1900 1264
f 521 2278 1300
f 566 2314 1318
f 489 2170 1342
f 578 2159 1563
f 560 2015 1461
f 518 2213 1587
f 429 1918 1348
f 547 2136 1522
f 465 1977 1419
f 441 1990 1396
f 504 2224 1498
f 537 2301 1516
f 550 2177 1558
f 476 2152 1426
f 444 2008 1432
f 502 2206 1569
f 526 1925 1371
f 481 1817 1281
f 420 1797 1257
f 510 1833 1293
f 555 1851 1311
f 571 1871 1329
f 540 1941 1377
f 473 2119 1539
f 447 2029 1450
f 507 2247 1576
f 534 2262 1366
f 469 2051 1485
f 435 1954 1389
f 498 2064 1438
f 529 2085 1509
f 545 2105 1527
f 487 2121 1545
f 574 2031 1467
f 562 2244 1456
f 520 2265 1582
f 432 1939 1360
f 589 1814 1271
f 583 1793 1247
f 586 1829 1254
f 593 1847 1290
f 596 1868 1308
f 599 1937 1338
f 633 2124 1553
f 620 2034 1475
f 640 2250 1601
f 603 2261 1356
f 622 2050 1481
f 607 1960 1403
f 612 2063 1410
f 626 2081 1494
f 629 2102 1506
f 631 2117 1535
f 614 2027 1416
f 618 2243 1446
f 641 2268 1596
f 605 1944 1385
f 409 1804 894
f 405 1785 887
f 411 1821 899
f 414 1839 905
f 417 1858 912
f 431 1929 941
f 488 2114 1050
f 575 2024 1224
f 563 2240 1200
f 519 2253 1115
f 454 2038 984
f 450 1951 977
f 456 2055 989
f 459 2073 995
f 462 2092 1002
f 472 2109 1019
f 446 2019 971
f 506 2235 1091
f 535 2258 1146
f 541 1934 1158
f 570 1861 1217
f 480 1807 1037
f 421 1790 918
f 511 1826 1098
f 556 1844 1188
f 484 1880 1044
f 580 2186 1236
f 567 2308 1212
f 522 2272 1122
f 427 1894 930
f 544 2095 1163
f 468 2041 1013
f 436 1948 948
f 499 2060 1074
f 530 2078 1134
f 548 2132 1170
f 466 1970 1008
f 442 1984 960
f 505 2218 1086
f 536 2289 1151
f 491 2181 1061
f 423 1875 923
f 513 1897 1103
f 564 2275 1205
f 581 2311 1241
f 549 2167 1175
f 477 2146 1032
f 445 2002 966
f 503 2200 1080
f 525 1915 1127
f 474 2127 1025
f 438 1965 953
f 495 1987 1067
f 532 2221 1139
f 552 2294 1182
f 490 2164 1056
f 577 2149 1229
f 559 2005 1193
f 517 2203 1109
f 430 1912 936
f 590 1870 1325
f 584 1816 1277
f 585 1800 1265
f 592 1836 1301
f 595 1854 1319
f 598 1890 1343
f 636 2196 1566
f 621 2320 1464
f 642 2284 1590
f 601 1906 1349
f 623 2104 1523
f 611 2047 1422
f 609 1958 1397
f 625 2070 1499
f 628 2088 1517
f 632 2142 1559
f 613 1980 1427
f 616 1994 1433
f 638 2230 1572
f 606 2297 1374
f 407 2329 892
f 403 2323 885
f 404 2326 897
f 410 2333 903
f 413 2336 910
f 422 2345 939
f 486 2409 1048
f 573 2496 1222
f 561 2485 1198
f 512 2435 1113
f 452 2374 982
f 448 2368 975
f 449 2371 987
f 455 2378 993
f 458 2381 1000
f 470 2392 1017
f 437 2360 969
f 494 2416 1089
f 531 2456 1144
f 539 2460 1156
f 568 2488 1215
f 478 2398 1035
f 419 2340 916
f 509 2430 1096
f 554 2475 1186
f 482 2404 1042
f 576 2501 1234
f 558 2482 1210
f 516 2440 1120
f 425 2347 928
f 542 2464 1161
f 463 2384 1011
f 434 2355 946
f 497 2419 1072
f 528 2451 1132
f 546 2470 1168
f 464 2385 1006
f 440 2362 958
f 500 2423 1084
f 524 2446 1149
f 479 2401 1059
f 418 2339 921
f 508 2429 1101
f 553 2474 1203
f 569 2491 1239
f 538 2459 1173
f 471 2395 1030
f 443 2365 964
f 501 2424 1078
f 523 2443 1125
f 467 2390 1023
f 433 2354 951
f 493 2413 1065
f 527 2450 1137
f 543 2467 1180
f 485 2408 1054
f 572 2495 1227
f 557 2479 1191
f 515 2437 1107
f 428 2350 934
f 591 2511 1326
f 587 2505 1278
f 588 2507 1266
f 594 2513 1302
f 597 2516 1320
f 600 2519 1344
f 634 2556 1565
f 619 2540 1463
f 639 2561 1589
f 602 2521 1350
f 624 2544 1524
f 608 2529 1421
f 610 2530 1398
f 627 2546 1500
f 630 2549 1518
f 635 2553 1560
f 615 2534 1428
f 617 2536 1434
f 637 2557 1571
f 604 2525 1373
f 164 1609 889
f 163 1605 883
f 165 1611 895
f 166 1614 901
f 167 1617 907
f 172 1631 937
f 190 1688 1045
f 219 1775 1219
f 215 1763 1195
f 201 1719 1111
f 179 1654 979
f 178 1650 973
f 180 1656 985
f 181 1659 991
f 182 1662 997
f 185 1672 1015
f 177 1646 967
f 197 1706 1087
f 206 1735 1141
f 208 1741 1153
f 218 1770 1213
f 188 1680 1033
f 168 1621 913
f 198 1711 1093
f 213 1756 1183
f 189 1684 1039
f 221 1780 1231
f 217 1767 1207
f 202 1722 1117
f 170 1627 925
f 209 1744 1159
f 184 1668 1009
f 173 1636 943
f 194 1699 1069
f 204 1730 1129
f 210 1748 1165
f 183 1666 1003
f 175 1642 955
f 196 1705 1081
f 207 1736 1147
f 192 1691 1057
f 169 1623 919
f 199 1713 1099
f 216 1764 1201
f 222 1781 1237
f 211 1749 1171
f 187 1677 1027
f 176 1645 961
f 195 1703 1075
f 203 1725 1123
f 186 1674 1021
f 174 1638 949
f 193 1695 1063
f 205 1732 1135
f 212 1752 1177
f 191 1690 1051
f 220 1777 1225
f 214 1759 1189
f 200 1717 1105
f 171 1630 931
f 358 2191 1322
f 256 1885 1274
f 261 1901 1262
f 387 2279 1298
f 399 2315 1316
f 351 2171 1340
f 348 2160 1561
f 300 2016 1459
f 366 2214 1585
f 267 1919 1346
f 340 2137 1520
f 287 1978 1417
f 291 1991 1394
f 369 2225 1496
f 395 2302 1514
f 354 2178 1556
f 345 2153 1424
f 297 2009 1430
f 363 2207 1567
f 270 1926 1369
f 247 1857 908
f 229 1803 890
f 223 1786 884
f 235 1822 896
f 241 1840 902
f 253 1876 920
f 355 2182 1058
f 398 2312 1238
f 386 2276 1202
f 260 1898 1100
f 325 2091 998
f 307 2037 980
f 278 1952 974
f 313 2056 986
f 319 2074 992
f 337 2128 1022
f 283 1966 950
f 290 1988 1064
f 368 2222 1136
f 392 2293 1178
f 356 2185 1232
f 254 1879 1040
f 259 1893 926
f 385 2271 1118
f 397 2307 1208
f 349 2163 1052
f 344 2150 1226
f 296 2006 1190
f 362 2204 1106
f 265 1911 932
f 338 2131 1166
f 284 1969 1004
f 289 1983 956
f 367 2217 1082
f 391 2290 1148
f 350 2168 1172
f 343 2145 1028
f 295 2001 962
f 361 2199 1076
f 266 1916 1124
f 230 1808 1034
f 224 1789 914
f 236 1825 1094
f 242 1843 1184
f 248 1862 1214
f 272 1933 1154
f 331 2110 1016
f 301 2020 968
f 373 2236 1088
f 380 2257 1142
f 308 2042 1010
f 277 1947 944
f 314 2059 1070
f 320 2077 1130
f 326 2096 1160
f 332 2113 1046
f 302 2023 1220
f 374 2239 1196
f 379 2254 1112
f 271 1930 938
f 234 1818 1279
f 227 1798 1255
f 239 1834 1291
f 245 1852 1309
f 252 1872 1327
f 275 1942 1375
f 334 2120 1537
f 304 2030 1448
f 377 2248 1574
f 382 2263 1364
f 312 2052 1483
f 279 1955 1387
f 316 2065 1436
f 323 2086 1507
f 330 2106 1525
f 335 2122 1543
f 305 2032 1465
f 376 2245 1454
f 383 2266 1580
f 274 1940 1358
f 232 1813 1267
f 225 1792 1243
f 237 1828 1250
f 243 1846 1286
f 250 1867 1304
f 273 1936 1334
f 336 2123 1549
f 306 2033 1471
f 378 2249 1597
f 381 2260 1352
f 311 2049 1477
f 281 1959 1399
f 315 2062 1406
f 321 2080 1490
f 328 2101 1502
f 333 2116 1531
f 303 2026 1412
f 375 2242 1442
f 384 2267 1592
f 276 1943 1381
f 251 1869 1321
f 233 1815 1273
f 228 1799 1261
f 240 1835 1297
f 246 1853 1315
f 258 1889 1339
f 360 2195 1562
f 401 2319 1460
f 389 2283 1586
f 263 1905 1345
f 329 2103 1519
f 310 2046 1418
f 280 1957 1393
f 318 2069 1495
f 324 2087 1513
f 342 2141 1555
f 288 1979 1423
f 292 1993 1429
f 371 2229 1568
f 393 2296 1370
f 357 2188 1280
f 255 1882 1256
f 262 1902 1292
f 388 2280 1310
f 400 2316 1328
f 352 2172 1376
f 347 2157 1538
f 298 2011 1447
f 364 2209 1573
f 269 1923 1363
f 339 2134 1484
f 285 1972 1388
f 293 1995 1435
f 370 2226 1508
f 396 2303 1526
f 353 2175 1544
f 346 2154 1466
f 299 2013 1453
f 365 2211 1579
f 268 1921 1357
f 249 1865 1268
f 231 1811 1244
f 226 1796 1249
f 238 1832 1285
f 244 1850 1303
f 257 1888 1333
f 359 2194 1550
f 402 2322 1472
f 390 2286 1598
f 264 1908 1351
f 327 2099 1478
f 309 2045 1400
f 282 1962 1405
f 317 2068 1489
f 322 2084 1501
f 341 2140 1532
f 286 1976 1411
f 294 1998 1441
f 372 2232 1591
f 394 2299 1382
f 416 2330 911
f 408 2324 893
f 406 2325 888
f 412 2332 900
f 415 2335 906
f 424 2344 924
f 492 2410 1062
f 582 2497 1242
f 565 2486 1206
f 514 2434 1104
f 461 2375 1001
f 453 2369 983
f 451 2370 978
f 457 2377 990
f 460 2380 996
f 475 2393 1026
f 439 2359 954
f 496 2415 1068
f 533 2455 1140
f 551 2461 1181
f 579 2489 1235
f 483 2399 1043
f 426 2341 929
f 521 2431 1121
f 566 2476 1211
f 489 2405 1055
f 578 2500 1230
f 560 2481 1194
f 518 2439 1110
f 429 2348 935
f 547 2465 1169
f 465 2383 1007
f 441 2356 959
f 504 2420 1085
f 537 2452 1152
f 550 2471 1176
f 476 2386 1031
f 444 2363 965
f 502 2422 1079
f 526 2445 1128
f 481 2400 1038
f 420 2338 917
f 510 2428 1097
f 555 2473 1187
f 571 2490 1218
f 540 2458 1157
f 473 2394 1020
f 447 2366 972
f 507 2425 1092
f 534 2444 1145
f 469 2389 1014
f 435 2353 947
f 498 2414 1073
f 529 2449 1133
f 545 2466 1164
f 487 2407 1049
f 574 2494 1223
f 562 2480 1199
f 520 2438 1116
f 432 2351 942
f 589 2510 1283
f 583 2504 1259
f 586 2508 1295
f 593 2514 1313
f 596 2517 1331
f 599 2520 1379
f 633 2554 1541
f 620 2539 1452
f 640 2560 1578
f 603 2523 1368
f 622 2543 1487
f 607 2527 1391
f 612 2532 1440
f 626 2547 1511
f 629 2550 1529
f 631 2552 1547
f 614 2535 1469
f 618 2538 1458
f 641 2558 1584
f 605 2524 1362
f 164 1607 1609
f 163 1603 1605
f 165 1604 1611
f 166 1610 1614
f 167 1613 1617
f 172 1622 1631
f 190 1686 1688
f 219 1773 1775
f 215 1761 1763
f 201 1712 1719
f 179 1652 1654
f 178 1648 1650
f 180 1649 1656
f 181 1655 1659
f 182 1658 1662
f 185 1670 1672
f 177 1637 1646
f 197 1694 1706
f 206 1731 1735
f 208 1739 1741
f 218 1768 1770
f 188 1678 1680
f 168 1619 1621
f 198 1709 1711
f 213 1754 1756
f 189 1682 1684
f 221 1776 1780
f 217 1758 1767
f 202 1716 1722
f 170 1625 1627
f 209 1742 1744
f 184 1663 1668
f 173 1634 1636
f 194 1697 1699
f 204 1728 1730
f 210 1746 1748
f 183 1664 1666
f 175 1640 1642
f 196 1700 1705
f 207 1724 1736
f 192 1679 1691
f 169 1618 1623
f 199 1708 1713
f 216 1753 1764
f 222 1769 1781
f 211 1738 1749
f 187 1671 1677
f 176 1643 1645
f 195 1701 1703
f 203 1723 1725
f 186 1667 1674
f 174 1633 1638
f 193 1693 1695
f 205 1727 1732
f 212 1743 1752
f 191 1685 1690
f 220 1772 1777
f 214 1757 1759
f 200 1715 1717
f 171 1628 1630
f 358 2187 2191
f 256 1881 1885
f 261 1899 1901
f 387 2277 2279
f 399 2313 2315
f 351 2169 2171
f 348 2156 2160
f 300 2010 2016
f 366 2208 2214
f 267 1917 1919
f 340 2133 2137
f 287 1971 1978
f 291 1989 1991
f 369 2223 2225
f 395 2300 2302
f 354 2174 2178
f 345 2151 2153
f 297 2007 2009
f 363 2205 2207
f 270 1920 1926
f 247 1855 1857
f 229 1801 1803
f 223 1784 1786
f 235 1820 1822
f 241 1838 1840
f 253 1874 1876
f 355 2180 2182
f 398 2310 2312
f 386 2274 2276
f 260 1896 1898
f 325 2089 2091
f 307 2035 2037
f 278 1950 1952
f 313 2054 2056
f 319 2072 2074
f 337 2126 2128
f 283 1964 1966
f 290 1986 1988
f 368 2220 2222
f 392 2291 2293
f 356 2183 2185
f 254 1877 1879
f 259 1891 1893
f 385 2269 2271
f 397 2305 2307
f 349 2161 2163
f 344 2148 2150
f 296 2004 2006
f 362 2202 2204
f 265 1909 1911
f 338 2129 2131
f 284 1967 1969
f 289 1981 1983
f 367 2215 2217
f 391 2288 2290
f 350 2166 2168
f 343 2143 2145
f 295 1999 2001
f 361 2197 2199
f 266 1914 1916
f 230 1806 1808
f 224 1787 1789
f 236 1823 1825
f 242 1841 1843
f 248 1860 1862
f 272 1931 1933
f 331 2108 2110
f 301 2018 2020
f 373 2234 2236
f 380 2255 2257
f 308 2040 2042
f 277 1945 1947
f 314 2057 2059
f 320 2075 2077
f 326 2094 2096
f 332 2111 2113
f 302 2021 2023
f 374 2237 2239
f 379 2252 2254
f 271 1928 1930
f 234 1812 1818
f 227 1791 1798
f 239 1827 1834
f 245 1845 1852
f 252 1866 1872
f 275 1935 1942
f 334 2118 2120
f 304 2028 2030
f 377 2246 2248
f 382 2259 2263
f 312 2048 2052
f 279 1953 1955
f 316 2061 2065
f 323 2079 2086
f 330 2100 2106
f 335 2115 2122
f 305 2025 2032
f 376 2241 2245
f 383 2264 2266
f 274 1938 1940
f 232 1802 1813
f 225 1783 1792
f 237 1819 1828
f 243 1837 1846
f 250 1856 1867
f 273 1927 1936
f 336 2112 2123
f 306 2022 2033
f 378 2238 2249
f 381 2251 2260
f 311 2036 2049
f 281 1949 1959
f 315 2053 2062
f 321 2071 2080
f 328 2090 2101
f 333 2107 2116
f 303 2017 2026
f 375 2233 2242
f 384 2256 2267
f 276 1932 1943
f 251 1859 1869
f 233 1805 1815
f 228 1788 1799
f 240 1824 1835
f 246 1842 1853
f 258 1878 1889
f 360 2184 2195
f 401 2306 2319
f 389 2270 2283
f 263 1892 1905
f 329 2093 2103
f 310 2039 2046
f 280 1946 1957
f 318 2058 2069
f 324 2076 2087
f 342 2130 2141
f 288 1968 1979
f 292 1982 1993
f 371 2216 2229
f 393 2287 2296
f 357 2179 2188
f 255 1873 1882
f 262 1895 1902
f 388 2273 2280
f 400 2309 2316
f 352 2165 2172
f 347 2144 2157
f 298 2000 2011
f 364 2198 2209
f 269 1913 1923
f 339 2125 2134
f 285 1963 1972
f 293 1985 1995
f 370 2219 2226
f 396 2292 2303
f 353 2162 2175
f 346 2147 2154
f 299 2003 2013
f 365 2201 2211
f 268 1910 1921
f 249 1863 1865
f 231 1809 1811
f 226 1794 1796
f 238 1830 1832
f 244 1848 1850
f 257 1886 1888
f 359 2192 2194
f 402 2318 2322
f 390 2282 2286
f 264 1904 1908
f 327 2097 2099
f 309 2043 2045
f 282 1956 1962
f 317 2066 2068
f 322 2082 2084
f 341 2138 2140
f 286 1974 1976
f 294 1992 1998
f 372 2228 2232
f 394 2295 2299
f 416 2331 2330
f 408 2327 2324
f 406 2328 2325
f 412 2334 2332
f 415 2337 2335
f 424 2346 2344
f 492 2412 2410
f 582 2499 2497
f 565 2487 2486
f 514 2436 2434
f 461 2376 2375
f 453 2372 2369
f 451 2373 2370
f 457 2379 2377
f 460 2382 2380
f 475 2396 2393
f 439 2361 2359
f 496 2418 2415
f 533 2457 2455
f 551 2463 2461
f 579 2492 2489
f 483 2402 2399
f 426 2343 2341
f 521 2433 2431
f 566 2478 2476
f 489 2406 2405
f 578 2502 2500
f 560 2484 2481
f 518 2442 2439
f 429 2349 2348
f 547 2468 2465
f 465 2387 2383
f 441 2358 2356
f 504 2421 2420
f 537 2454 2452
f 550 2472 2471
f 476 2388 2386
f 444 2364 2363
f 502 2426 2422
f 526 2448 2445
f 481 2403 2400
f 420 2342 2338
f 510 2432 2428
f 555 2477 2473
f 571 2493 2490
f 540 2462 2458
f 473 2397 2394
f 447 2367 2366
f 507 2427 2425
f 534 2447 2444
f 469 2391 2389
f 435 2357 2353
f 498 2417 2414
f 529 2453 2449
f 545 2469 2466
f 487 2411 2407
f 574 2498 2494
f 562 2483 2480
f 520 2441 2438
f 432 2352 2351
f 589 2509 2510
f 583 2503 2504
f 586 2506 2508
f 593 2512 2514
f 596 2515 2517
f 599 2518 2520
f 633 2555 2554
f 620 2541 2539
f 640 2562 2560
f 603 2522 2523
f 622 2542 2543
f 607 2528 2527
f 612 2531 2532
f 626 2545 2547
f 629 2548 2550
f 631 2551 2552
f 614 2533 2535
f 618 2537 2538
f 641 2559 2558
f 605 2526 2524
f 164 644 1607
f 163 643 1603
f 165 645 1604
f 166 646 1610
f 167 647 1613
f 172 652 1622
f 190 670 1686
f 219 699 1773
f 215 695 1761
f 201 681 1712
f 179 659 1652
f 178 658 1648
f 180 660 1649
f 181 661 1655
f 182 662 1658
f 185 665 1670
f 177 657 1637
f 197 677 1694
f 206 686 1731
f 208 688 1739
f 218 698 1768
f 188 668 1678
f 168 648 1619
f 198 678 1709
f 213 693 1754
f 189 669 1682
f 221 701 1776
f 217 697 1758
f 202 682 1716
f 170 650 1625
f 209 689 1742
f 184 664 1663
f 173 653 1634
f 194 674 1697
f 204 684 1728
f 210 690 1746
f 183 663 1664
f 175 655 1640
f 196 676 1700
f 207 687 1724
f 192 672 1679
f 169 649 1618
f 199 679 1708
f 216 696 1753
f 222 702 1769
f 211 691 1738
f 187 667 1671
f 176 656 1643
f 195 675 1701
f 203 683 1723
f 186 666 1667
f 174 654 1633
f 193 673 1693
f 205 685 1727
f 212 692 1743
f 191 671 1685
f 220 700 1772
f 214 694 1757
f 200 680 1715
f 171 651 1628
f 358 838 2187
f 256 736 1881
f 261 741 1899
f 387 867 2277
f 399 879 2313
f 351 831 2169
f 348 828 2156
f 300 780 2010
f 366 846 2208
f 267 747 1917
f 340 820 2133
f 287 767 1971
f 291 771 1989
f 369 849 2223
f 395 875 2300
f 354 834 2174
f 345 825 2151
f 297 777 2007
f 363 843 2205
f 270 750 1920
f 247 727 1855
f 229 709 1801
f 223 703 1784
f 235 715 1820
f 241 721 1838
f 253 733 1874
f 355 835 2180
f 398 878 2310
f 386 866 2274
f 260 740 1896
f 325 805 2089
f 307 787 2035
f 278 758 1950
f 313 793 2054
f 319 799 2072
f 337 817 2126
f 283 763 1964
f 290 770 1986
f 368 848 2220
f 392 872 2291
f 356 836 2183
f 254 734 1877
f 259 739 1891
f 385 865 2269
f 397 877 2305
f 349 829 2161
f 344 824 2148
f 296 776 2004
f 362 842 2202
f 265 745 1909
f 338 818 2129
f 284 764 1967
f 289 769 1981
f 367 847 2215
f 391 871 2288
f 350 830 2166
f 343 823 2143
f 295 775 1999
f 361 841 2197
f 266 746 1914
f 230 710 1806
f 224 704 1787
f 236 716 1823
f 242 722 1841
f 248 728 1860
f 272 752 1931
f 331 811 2108
f 301 781 2018
f 373 853 2234
f 380 860 2255
f 308 788 2040
f 277 757 1945
f 314 794 2057
f 320 800 2075
f 326 806 2094
f 332 812 2111
f 302 782 2021
f 374 854 2237
f 379 859 2252
f 271 751 1928
f 234 714 1812
f 227 707 1791
f 239 719 1827
f 245 725 1845
f 252 732 1866
f 275 755 1935
f 334 814 2118
f 304 784 2028
f 377 857 2246
f 382 862 2259
f 312 792 2048
f 279 759 1953
f 316 796 2061
f 323 803 2079
f 330 810 2100
f 335 815 2115
f 305 785 2025
f 376 856 2241
f 383 863 2264
f 274 754 1938
f 232 712 1802
f 225 705 1783
f 237 717 1819
f 243 723 1837
f 250 730 1856
f 273 753 1927
f 336 816 2112
f 306 786 2022
f 378 858 2238
f 381 861 2251
f 311 791 2036
f 281 761 1949
f 315 795 2053
f 321 801 2071
f 328 808 2090
f 333 813 2107
f 303 783 2017
f 375 855 2233
f 384 864 2256
f 276 756 1932
f 251 731 1859
f 233 713 1805
f 228 708 1788
f 240 720 1824
f 246 726 1842
f 258 738 1878
f 360 840 2184
f 401 881 2306
f 389 869 2270
f 263 743 1892
f 329 809 2093
f 310 790 2039
f 280 760 1946
f 318 798 2058
f 324 804 2076
f 342 822 2130
f 288 768 1968
f 292 772 1982
f 371 851 2216
f 393 873 2287
f 357 837 2179
f 255 735 1873
f 262 742 1895
f 388 868 2273
f 400 880 2309
f 352 832 2165
f 347 827 2144
f 298 778 2000
f 364 844 2198
f 269 749 1913
f 339 819 2125
f 285 765 1963
f 293 773 1985
f 370 850 2219
f 396 876 2292
f 353 833 2162
f 346 826 2147
f 299 779 2003
f 365 845 2201
f 268 748 1910
f 249 729 1863
f 231 711 1809
f 226 706 1794
f 238 718 1830
f 244 724 1848
f 257 737 1886
f 359 839 2192
f 402 882 2318
f 390 870 2282
f 264 744 1904
f 327 807 2097
f 309 789 2043
f 282 762 1956
f 317 797 2066
f 322 802 2082
f 341 821 2138
f 286 766 1974
f 294 774 1992
f 372 852 2228
f 394 874 2295
f 416 1270 2331
f 408 1246 2327
f 406 1251 2328
f 412 1287 2334
f 415 1305 2337
f 424 1335 2346
f 492 1552 2412
f 582 1474 2499
f 565 1600 2487
f 514 1353 2436
f 461 1480 2376
f 453 1402 2372
f 451 1407 2373
f 457 1491 2379
f 460 1503 2382
f 475 1534 2396
f 439 1413 2361
f 496 1443 2418
f 533 1593 2457
f 551 1384 2463
f 579 1324 2492
f 483 1276 2402
f 426 1264 2343
f 521 1300 2433
f 566 1318 2478
f 489 1342 2406
f 578 1563 2502
f 560 1461 2484
f 518 1587 2442
f 429 1348 2349
f 547 1522 2468
f 465 1419 2387
f 441 1396 2358
f 504 1498 2421
f 537 1516 2454
f 550 1558 2472
f 476 1426 2388
f 444 1432 2364
f 502 1569 2426
f 526 1371 2448
f 481 1281 2403
f 420 1257 2342
f 510 1293 2432
f 555 1311 2477
f 571 1329 2493
f 540 1377 2462
f 473 1539 2397
f 447 1450 2367
f 507 1576 2427
f 534 1366 2447
f 469 1485 2391
f 435 1389 2357
f 498 1438 2417
f 529 1509 2453
f 545 1527 2469
f 487 1545 2411
f 574 1467 2498
f 562 1456 2483
f 520 1582 2441
f 432 1360 2352
f 589 1271 2509
f 583 1247 2503
f 586 1254 2506
f 593 1290 2512
f 596 1308 2515
f 599 1338 2518
f 633 1553 2555
f 620 1475 2541
f 640 1601 2562
f 603 1356 2522
f 622 1481 2542
f 607 1403 2528
f 612 1410 2531
f 626 1494 2545
f 629 1506 2548
f 631 1535 2551
f 614 1416 2533
f 618 1446 2537
f 641 1596 2559
f 605 1385 2526
f 167 907 1616
f 164 889 1608
f 163 883 1606
f 165 895 1612
f 166 901 1615
f 169 919 1624
f 192 1057 1692
f 222 1237 1782
f 216 1201 1765
f 199 1099 1714
f 182 997 1661
f 179 979 1653
f 178 973 1651
f 180 985 1657
f 181 991 1660
f 186 1021 1675
f 174 949 1639
f 193 1063 1696
f 205 1135 1733
f 212 1177 1751
f 221 1231 1779
f 189 1039 1683
f 170 925 1626
f 202 1117 1721
f 217 1207 1766
f 191 1051 1689
f 220 1225 1778
f 214 1189 1760
f 200 1105 1718
f 171 931 1629
f 210 1165 1747
f 183 1003 1665
f 175 955 1641
f 196 1081 1704
f 207 1147 1737
f 211 1171 1750
f 187 1027 1676
f 176 961 1644
f 195 1075 1702
f 203 1123 1726
f 188 1033 1681
f 168 913 1620
f 198 1093 1710
f 213 1183 1755
f 218 1213 1771
f 208 1153 1740
f 185 1015 1673
f 177 967 1647
f 197 1087 1707
f 206 1141 1734
f 184 1009 1669
f 173 943 1635
f 194 1069 1698
f 204 1129 1729
f 209 1159 1745
f 190 1045 1687
f 219 1219 1774
f 215 1195 1762
f 201 1111 1720
f 172 937 1632
f 357 1280 2189
f 255 1256 1883
f 262 1292 1903
f 388 1310 2281
f 400 1328 2317
f 352 1376 2173
f 347 1538 2158
f 298 1447 2012
f 364 1573 2210
f 269 1363 1924
f 339 1484 2135
f 285 1388 1973
f 293 1435 1996
f 370 1508 2227
f 396 1526 2304
f 353 1544 2176
f 346 1466 2155
f 299 1453 2014
f 365 1579 2212
f 268 1357 1922
f 249 1268 1864
f 231 1244 1810
f 226 1249 1795
f 238 1285 1831
f 244 1303 1849
f 257 1333 1887
f 359 1550 2193
f 402 1472 2321
f 390 1598 2285
f 264 1351 1907
f 327 1478 2098
f 309 1400 2044
f 282 1405 1961
f 317 1489 2067
f 322 1501 2083
f 341 1532 2139
f 286 1411 1975
f 294 1441 1997
f 372 1591 2231
f 394 1382 2298
f 358 1322 2190
f 256 1274 1884
f 261 1262 1900
f 387 1298 2278
f 399 1316 2314
f 351 1340 2170
f 348 1561 2159
f 300 1459 2015
f 366 1585 2213
f 267 1346 1918
f 340 1520 2136
f 287 1417 1977
f 291 1394 1990
f 369 1496 2224
f 395 1514 2301
f 354 1556 2177
f 345 1424 2152
f 297 1430 2008
f 363 1567 2206
f 270 1369 1925
f 234 1279 1817
f 227 1255 1797
f 239 1291 1833
f 245 1309 1851
f 252 1327 1871
f 275 1375 1941
f 334 1537 2119
f 304 1448 2029
f 377 1574 2247
f 382 1364 2262
f 312 1483 2051
f 279 1387 1954
f 316 1436 2064
f 323 1507 2085
f 330 1525 2105
f 335 1543 2121
f 305 1465 2031
f 376 1454 2244
f 383 1580 2265
f 274 1358 1939
f 232 1267 1814
f 225 1243 1793
f 237 1250 1829
f 243 1286 1847
f 250 1304 1868
f 273 1334 1937
f 336 1549 2124
f 306 1471 2034
f 378 1597 2250
f 381 1352 2261
f 311 1477 2050
f 281 1399 1960
f 315 1406 2063
f 321 1490 2081
f 328 1502 2102
f 333 1531 2117
f 303 1412 2027
f 375 1442 2243
f 384 1592 2268
f 276 1381 1944
f 229 890 1804
f 223 884 1785
f 235 896 1821
f 241 902 1839
f 247 908 1858
f 271 938 1929
f 332 1046 2114
f 302 1220 2024
f 374 1196 2240
f 379 1112 2253
f 307 980 2038
f 278 974 1951
f 313 986 2055
f 319 992 2073
f 325 998 2092
f 331 1016 2109
f 301 968 2019
f 373 1088 2235
f 380 1142 2258
f 272 1154 1934
f 248 1214 1861
f 230 1034 1807
f 224 914 1790
f 236 1094 1826
f 242 1184 1844
f 254 1040 1880
f 356 1232 2186
f 397 1208 2308
f 385 1118 2272
f 259 926 1894
f 326 1160 2095
f 308 1010 2041
f 277 944 1948
f 314 1070 2060
f 320 1130 2078
f 338 1166 2132
f 284 1004 1970
f 289 956 1984
f 367 1082 2218
f 391 1148 2289
f 355 1058 2181
f 253 920 1875
f 260 1100 1897
f 386 1202 2275
f 398 1238 2311
f 350 1172 2167
f 343 1028 2146
f 295 962 2002
f 361 1076 2200
f 266 1124 1915
f 337 1022 2127
f 283 950 1965
f 290 1064 1987
f 368 1136 2221
f 392 1178 2294
f 349 1052 2164
f 344 1226 2149
f 296 1190 2005
f 362 1106 2203
f 265 932 1912
f 251 1321 1870
f 233 1273 1816
f 228 1261 1800
f 240 1297 1836
f 246 1315 1854
f 258 1339 1890
f 360 1562 2196
f 401 1460 2320
f 389 1586 2284
f 263 1345 1906
f 329 1519 2104
f 310 1418 2047
f 280 1393 1958
f 318 1495 2070
f 324 1513 2088
f 342 1555 2142
f 288 1423 1980
f 292 1429 1994
f 371 1568 2230
f 393 1370 2297
f 409 894 2329
f 405 887 2323
f 411 899 2326
f 414 905 2333
f 417 912 2336
f 431 941 2345
f 488 1050 2409
f 575 1224 2496
f 563 1200 2485
f 519 1115 2435
f 454 984 2374
f 450 977 2368
f 456 989 2371
f 459 995 2378
f 462 1002 2381
f 472 1019 2392
f 446 971 2360
f 506 1091 2416
f 535 1146 2456
f 541 1158 2460
f 570 1217 2488
f 480 1037 2398
f 421 918 2340
f 511 1098 2430
f 556 1188 2475
f 484 1044 2404
f 580 1236 2501
f 567 1212 2482
f 522 1122 2440
f 427 930 2347
f 544 1163 2464
f 468 1013 2384
f 436 948 2355
f 499 1074 2419
f 530 1134 2451
f 548 1170 2470
f 466 1008 2385
f 442 960 2362
f 505 1086 2423
f 536 1151 2446
f 491 1061 2401
f 423 923 2339
f 513 1103 2429
f 564 1205 2474
f 581 1241 2491
f 549 1175 2459
f 477 1032 2395
f 445 966 2365
f 503 1080 2424
f 525 1127 2443
f 474 1025 2390
f 438 953 2354
f 495 1067 2413
f 532 1139 2450
f 552 1182 2467
f 490 1056 2408
f 577 1229 2495
f 559 1193 2479
f 517 1109 2437
f 430 936 2350
f 590 1325 2511
f 584 1277 2505
f 585 1265 2507
f 592 1301 2513
f 595 1319 2516
f 598 1343 2519
f 636 1566 2556
f 621 1464 2540
f 642 1590 2561
f 601 1349 2521
f 623 1523 2544
f 611 1422 2529
f 609 1397 2530
f 625 1499 2546
f 628 1517 2549
f 632 1559 2553
f 613 1427 2534
f 616 1433 2536
f 638 1572 2557
f 606 1374 2525
f 407 892 1609
f 403 885 1605
f 404 897 1611
f 410 903 1614
f 413 910 1617
f 422 939 1631
f 486 1048 1688
f 573 1222 1775
f 561 1198 1763
f 512 1113 1719
f 452 982 1654
f 448 975 1650
f 449 987 1656
f 455 993 1659
f 458 1000 1662
f 470 1017 1672
f 437 969 1646
f 494 1089 1706
f 531 1144 1735
f 539 1156 1741
f 568 1215 1770
f 478 1035 1680
f 419 916 1621
f 509 1096 1711
f 554 1186 1756
f 482 1042 1684
f 576 1234 1780
f 558 1210 1767
f 516 1120 1722
f 425 928 1627
f 542 1161 1744
f 463 1011 1668
f 434 946 1636
f 497 1072 1699
f 528 1132 1730
f 546 1168 1748
f 464 1006 1666
f 440 958 1642
f 500 1084 1705
f 524 1149 1736
f 479 1059 1691
f 418 921 1623
f 508 1101 1713
f 553 1203 1764
f 569 1239 1781
f 538 1173 1749
f 471 1030 1677
f 443 964 1645
f 501 1078 1703
f 523 1125 1725
f 467 1023 1674
f 433 951 1638
f 493 1065 1695
f 527 1137 1732
f 543 1180 1752
f 485 1054 1690
f 572 1227 1777
f 557 1191 1759
f 515 1107 1717
f 428 934 1630
f 591 1326 2191
f 587 1278 1885
f 588 1266 1901
f 594 1302 2279
f 597 1320 2315
f 600 1344 2171
f 634 1565 2160
f 619 1463 2016
f 639 1589 2214
f 602 1350 1919
f 624 1524 2137
f 608 1421 1978
f 610 1398 1991
f 627 1500 2225
f 630 1518 2302
f 635 1560 2178
f 615 1428 2153
f 617 1434 2009
f 637 1571 2207
f 604 1373 1926
f 416 911 1857
f 408 893 1803
f 406 888 1786
f 412 900 1822
f 415 906 1840
f 424 924 1876
f 492 1062 2182
f 582 1242 2312
f 565 1206 2276
f 514 1104 1898
f 461 1001 2091
f 453 983 2037
f 451 978 1952
f 457 990 2056
f 460 996 2074
f 475 1026 2128
f 439 954 1966
f 496 1068 1988
f 533 1140 2222
f 551 1181 2293
f 579 1235 2185
f 483 1043 1879
f 426 929 1893
f 521 1121 2271
f 566 1211 2307
f 489 1055 2163
f 578 1230 2150
f 560 1194 2006
f 518 1110 2204
f 429 935 1911
f 547 1169 2131
f 465 1007 1969
f 441 959 1983
f 504 1085 2217
f 537 1152 2290
f 550 1176 2168
f 476 1031 2145
f 444 965 2001
f 502 1079 2199
f 526 1128 1916
f 481 1038 1808
f 420 917 1789
f 510 1097 1825
f 555 1187 1843
f 571 1218 1862
f 540 1157 1933
f 473 1020 2110
f 447 972 2020
f 507 1092 2236
f 534 1145 2257
f 469 1014 2042
f 435 947 1947
f 498 1073 2059
f 529 1133 2077
f 545 1164 2096
f 487 1049 2113
f 574 1223 2023
f 562 1199 2239
f 520 1116 2254
f 432 942 1930
f 589 1283 1818
f 583 1259 1798
f 586 1295 1834
f 593 1313 1852
f 596 1331 1872
f 599 1379 1942
f 633 1541 2120
f 620 1452 2030
f 640 1578 2248
f 603 1368 2263
f 622 1487 2052
f 607 1391 1955
f 612 1440 2065
f 626 1511 2086
f 629 1529 2106
f 631 1547 2122
f 614 1469 2032
f 618 1458 2245
f 641 1584 2266
f 605 1362 1940
f 409 1269 1813
f 405 1245 1792
f 411 1252 1828
f 414 1288 1846
f 417 1306 1867
f 431 1336 1936
f 488 1551 2123
f 575 1473 2033
f 563 1599 2249
f 519 1354 2260
f 454 1479 2049
f 450 1401 1959
f 456 1408 2062
f 459 1492 2080
f 462 1504 2101
f 472 1533 2116
f 446 1414 2026
f 506 1444 2242
f 535 1594 2267
f 541 1383 1943
f 570 1323 1869
f 480 1275 1815
f 421 1263 1799
f 511 1299 1835
f 556 1317 1853
f 484 1341 1889
f 580 1564 2195
f 567 1462 2319
f 522 1588 2283
f 427 1347 1905
f 544 1521 2103
f 468 1420 2046
f 436 1395 1957
f 499 1497 2069
f 530 1515 2087
f 548 1557 2141
f 466 1425 1979
f 442 1431 1993
f 505 1570 2229
f 536 1372 2296
f 491 1282 2188
f 423 1258 1882
f 513 1294 1902
f 564 1312 2280
f 581 1330 2316
f 549 1378 2172
f 477 1540 2157
f 445 1449 2011
f 503 1575 2209
f 525 1365 1923
f 474 1486 2134
f 438 1390 1972
f 495 1437 1995
f 532 1510 2226
f 552 1528 2303
f 490 1546 2175
f 577 1468 2154
f 559 1455 2013
f 517 1581 2211
f 430 1359 1921
f 590 1272 1865
f 584 1248 1811
f 585 1253 1796
f 592 1289 1832
f 595 1307 1850
f 598 1337 1888
f 636 1554 2194
f 621 1476 2322
f 642 1602 2286
f 601 1355 1908
f 623 1482 2099
f 611 1404 2045
f 609 1409 1962
f 625 1493 2068
f 628 1505 2084
f 632 1536 2140
f 613 1415 1976
f 616 1445 1998
f 638 1595 2232
f 606 1386 2299
f 407 909 2330
f 403 891 2324
f 404 886 2325
f 410 898 2332
f 413 904 2335
f 422 922 2344
f 486 1060 2410
f 573 1240 2497
f 561 1204 2486
f 512 1102 2434
f 452 999 2375
f 448 981 2369
f 449 976 2370
f 455 988 2377
f 458 994 2380
f 470 1024 2393
f 437 952 2359
f 494 1066 2415
f 531 1138 2455
f 539 1179 2461
f 568 1233 2489
f 478 1041 2399
f 419 927 2341
f 509 1119 2431
f 554 1209 2476
f 482 1053 2405
f 576 1228 2500
f 558 1192 2481
f 516 1108 2439
f 425 933 2348
f 542 1167 2465
f 463 1005 2383
f 434 957 2356
f 497 1083 2420
f 528 1150 2452
f 546 1174 2471
f 464 1029 2386
f 440 963 2363
f 500 1077 2422
f 524 1126 2445
f 479 1036 2400
f 418 915 2338
f 508 1095 2428
f 553 1185 2473
f 569 1216 2490
f 538 1155 2458
f 471 1018 2394
f 443 970 2366
f 501 1090 2425
f 523 1143 2444
f 467 1012 2389
f 433 945 2353
f 493 1071 2414
f 527 1131 2449
f 543 1162 2466
f 485 1047 2407
f 572 1221 2494
f 557 1197 2480
f 515 1114 2438
f 428 940 2351
f 591 1284 2510
f 587 1260 2504
f 588 1296 2508
f 594 1314 2514
f 597 1332 2517
f 600 1380 2520
f 634 1542 2554
f 619 1451 2539
f 639 1577 2560
f 602 1367 2523
f 624 1488 2543
f 608 1392 2527
f 610 1439 2532
f 627 1512 2547
f 630 1530 2550
f 635 1548 2552
f 615 1470 2535
f 617 1457 2538
f 637 1583 2558
f 604 1361 2524
f 167 1616 1607
f 164 1608 1603
f 163 1606 1604
f 165 1612 1610
f 166 1615 1613
f 169 1624 1622
f 192 1692 1686
f 222 1782 1773
f 216 1765 1761
f 199 1714 1712
f 182 1661 1652
f 179 1653 1648
f 178 1651 1649
f 180 1657 1655
f 181 1660 1658
f 186 1675 1670
f 174 1639 1637
f 193 1696 1694
f 205 1733 1731
f 212 1751 1739
f 221 1779 1768
f 189 1683 1678
f 170 1626 1619
f 202 1721 1709
f 217 1766 1754
f 191 1689 1682
f 220 1778 1776
f 214 1760 1758
f 200 1718 1716
f 171 1629 1625
f 210 1747 1742
f 183 1665 1663
f 175 1641 1634
f 196 1704 1697
f 207 1737 1728
f 211 1750 1746
f 187 1676 1664
f 176 1644 1640
f 195 1702 1700
f 203 1726 1724
f 188 1681 1679
f 168 1620 1618
f 198 1710 1708
f 213 1755 1753
f 218 1771 1769
f 208 1740 1738
f 185 1673 1671
f 177 1647 1643
f 197 1707 1701
f 206 1734 1723
f 184 1669 1667
f 173 1635 1633
f 194 1698 1693
f 204 1729 1727
f 209 1745 1743
f 190 1687 1685
f 219 1774 1772
f 215 1762 1757
f 201 1720 1715
f 172 1632 1628
f 357 2189 2187
f 255 1883 1881
f 262 1903 1899
f 388 2281 2277
f 400 2317 2313
f 352 2173 2169
f 347 2158 2156
f 298 2012 2010
f 364 2210 2208
f 269 1924 1917
f 339 2135 2133
f 285 1973 1971
f 293 1996 1989
f 370 2227 2223
f 396 2304 2300
f 353 2176 2174
f 346 2155 2151
f 299 2014 2007
f 365 2212 2205
f 268 1922 1920
f 249 1864 1855
f 231 1810 1801
f 226 1795 1784
f 238 1831 1820
f 244 1849 1838
f 257 1887 1874
f 359 2193 2180
f 402 2321 2310
f 390 2285 2274
f 264 1907 1896
f 327 2098 2089
f 309 2044 2035
f 282 1961 1950
f 317 2067 2054
f 322 2083 2072
f 341 2139 2126
f 286 1975 1964
f 294 1997 1986
f 372 2231 2220
f 394 2298 2291
f 358 2190 2183
f 256 1884 1877
f 261 1900 1891
f 387 2278 2269
f 399 2314 2305
f 351 2170 2161
f 348 2159 2148
f 300 2015 2004
f 366 2213 2202
f 267 1918 1909
f 340 2136 2129
f 287 1977 1967
f 291 1990 1981
f 369 2224 2215
f 395 2301 2288
f 354 2177 2166
f 345 2152 2143
f 297 2008 1999
f 363 2206 2197
f 270 1925 1914
f 234 1817 1806
f 227 1797 1787
f 239 1833 1823
f 245 1851 1841
f 252 1871 1860
f 275 1941 1931
f 334 2119 2108
f 304 2029 2018
f 377 2247 2234
f 382 2262 2255
f 312 2051 2040
f 279 1954 1945
f 316 2064 2057
f 323 2085 2075
f 330 2105 2094
f 335 2121 2111
f 305 2031 2021
f 376 2244 2237
f 383 2265 2252
f 274 1939 1928
f 232 1814 1812
f 225 1793 1791
f 237 1829 1827
f 243 1847 1845
f 250 1868 1866
f 273 1937 1935
f 336 2124 2118
f 306 2034 2028
f 378 2250 2246
f 381 2261 2259
f 311 2050 2048
f 281 1960 1953
f 315 2063 2061
f 321 2081 2079
f 328 2102 2100
f 333 2117 2115
f 303 2027 2025
f 375 2243 2241
f 384 2268 2264
f 276 1944 1938
f 229 1804 1802
f 223 1785 1783
f 235 1821 1819
f 241 1839 1837
f 247 1858 1856
f 271 1929 1927
f 332 2114 2112
f 302 2024 2022
f 374 2240 2238
f 379 2253 2251
f 307 2038 2036
f 278 1951 1949
f 313 2055 2053
f 319 2073 2071
f 325 2092 2090
f 331 2109 2107
f 301 2019 2017
f 373 2235 2233
f 380 2258 2256
f 272 1934 1932
f 248 1861 1859
f 230 1807 1805
f 224 1790 1788
f 236 1826 1824
f 242 1844 1842
f 254 1880 1878
f 356 2186 2184
f 397 2308 2306
f 385 2272 2270
f 259 1894 1892
f 326 2095 2093
f 308 2041 2039
f 277 1948 1946
f 314 2060 2058
f 320 2078 2076
f 338 2132 2130
f 284 1970 1968
f 289 1984 1982
f 367 2218 2216
f 391 2289 2287
f 355 2181 2179
f 253 1875 1873
f 260 1897 1895
f 386 2275 2273
f 398 2311 2309
f 350 2167 2165
f 343 2146 2144
f 295 2002 2000
f 361 2200 2198
f 266 1915 1913
f 337 2127 2125
f 283 1965 1963
f 290 1987 1985
f 368 2221 2219
f 392 2294 2292
f 349 2164 2162
f 344 2149 2147
f 296 2005 2003
f 362 2203 2201
f 265 1912 1910
f 251 1870 1863
f 233 1816 1809
f 228 1800 1794
f 240 1836 1830
f 246 1854 1848
f 258 1890 1886
f 360 2196 2192
f 401 2320 2318
f 389 2284 2282
f 263 1906 1904
f 329 2104 2097
f 310 2047 2043
f 280 1958 1956
f 318 2070 2066
f 324 2088 2082
f 342 2142 2138
f 288 1980 1974
f 292 1994 1992
f 371 2230 2228
f 393 2297 2295
f 409 2329 2331
f 405 2323 2327
f 411 2326 2328
f 414 2333 2334
f 417 2336 2337
f 431 2345 2346
f 488 2409 2412
f 575 2496 2499
f 563 2485 2487
f 519 2435 2436
f 454 2374 2376
f 450 2368 2372
f 456 2371 2373
f 459 2378 2379
f 462 2381 2382
f 472 2392 2396
f 446 2360 2361
f 506 2416 2418
f 535 2456 2457
f 541 2460 2463
f 570 2488 2492
f 480 2398 2402
f 421 2340 2343
f 511 2430 2433
f 556 2475 2478
f 484 2404 2406
f 580 2501 2502
f 567 2482 2484
f 522 2440 2442
f 427 2347 2349
f 544 2464 2468
f 468 2384 2387
f 436 2355 2358
f 499 2419 2421
f 530 2451 2454
f 548 2470 2472
f 466 2385 2388
f 442 2362 2364
f 505 2423 2426
f 536 2446 2448
f 491 2401 2403
f 423 2339 2342
f 513 2429 2432
f 564 2474 2477
f 581 2491 2493
f 549 2459 2462
f 477 2395 2397
f 445 2365 2367
f 503 2424 2427
f 525 2443 2447
f 474 2390 2391
f 438 2354 2357
f 495 2413 2417
f 532 2450 2453
f 552 2467 2469
f 490 2408 2411
f 577 2495 2498
f 559 2479 2483
f 517 2437 2441
f 430 2350 2352
f 590 2511 2509
f 584 2505 2503
f 585 2507 2506
f 592 2513 2512
f 595 2516 2515
f 598 2519 2518
f 636 2556 2555
f 621 2540 2541
f 642 2561 2562
f 601 2521 2522
f 623 2544 2542
f 611 2529 2528
f 609 2530 2531
f 625 2546 2545
f 628 2549 2548
f 632 2553 2551
f 613 2534 2533
f 616 2536 2537
f 638 2557 2559
f 606 2525 2526
f 1607 644 647
f 1603 643 644
f 1604 645 643
f 1610 646 645
f 1613 647 646
f 1622 652 649
f 1686 670 672
f 1773 699 702
f 1761 695 696
f 1712 681 679
f 1652 659 662
f 1648 658 659
f 1649 660 658
f 1655 661 660
f 1658 662 661
f 1670 665 666
f 1637 657 654
f 1694 677 673
f 1731 686 685
f 1739 688 692
f 1768 698 701
f 1678 668 669
f 1619 648 650
f 1709 678 682
f 1754 693 697
f 1682 669 671
f 1776 701 700
f 1758 697 694
f 1716 682 680
f 1625 650 651
f 1742 689 690
f 1663 664 663
f 1634 653 655
f 1697 674 676
f 1728 684 687
f 1746 690 691
f 1664 663 667
f 1640 655 656
f 1700 676 675
f 1724 687 683
f 1679 672 668
f 1618 649 648
f 1708 679 678
f 1753 696 693
f 1769 702 698
f 1738 691 688
f 1671 667 665
f 1643 656 657
f 1701 675 677
f 1723 683 686
f 1667 666 664
f 1633 654 653
f 1693 673 674
f 1727 685 684
f 1743 692 689
f 1685 671 670
f 1772 700 699
f 1757 694 695
f 1715 680 681
f 1628 651 652
f 2187 838 837
f 1881 736 735
f 1899 741 742
f 2277 867 868
f 2313 879 880
f 2169 831 832
f 2156 828 827
f 2010 780 778
f 2208 846 844
f 1917 747 749
f 2133 820 819
f 1971 767 765
f 1989 771 773
f 2223 849 850
f 2300 875 876
f 2174 834 833
f 2151 825 826
f 2007 777 779
f 2205 843 845
f 1920 750 748
f 1855 727 729
f 1801 709 711
f 1784 703 706
f 1820 715 718
f 1838 721 724
f 1874 733 737
f 2180 835 839
f 2310 878 882
f 2274 866 870
f 1896 740 744
f 2089 805 807
f 2035 787 789
f 1950 758 762
f 2054 793 797
f 2072 799 802
f 2126 817 821
f 1964 763 766
f 1986 770 774
f 2220 848 852
f 2291 872 874
f 2183 836 838
f 1877 734 736
f 1891 739 741
f 2269 865 867
f 2305 877 879
f 2161 829 831
f 2148 824 828
f 2004 776 780
f 2202 842 846
f 1909 745 747
f 2129 818 820
f 1967 764 767
f 1981 769 771
f 2215 847 849
f 2288 871 875
f 2166 830 834
f 2143 823 825
f 1999 775 777
f 2197 841 843
f 1914 746 750
f 1806 710 714
f 1787 704 707
f 1823 716 719
f 1841 722 725
f 1860 728 732
f 1931 752 755
f 2108 811 814
f 2018 781 784
f 2234 853 857
f 2255 860 862
f 2040 788 792
f 1945 757 759
f 2057 794 796
f 2075 800 803
f 2094 806 810
f 2111 812 815
f 2021 782 785
f 2237 854 856
f 2252 859 863
f 1928 751 754
f 1812 714 712
f 1791 707 705
f 1827 719 717
f 1845 725 723
f 1866 732 730
f 1935 755 753
f 2118 814 816
f 2028 784 786
f 2246 857 858
f 2259 862 861
f 2048 792 791
f 1953 759 761
f 2061 796 795
f 2079 803 801
f 2100 810 808
f 2115 815 813
f 2025 785 783
f 2241 856 855
f 2264 863 864
f 1938 754 756
f 1802 712 709
f 1783 705 703
f 1819 717 715
f 1837 723 721
f 1856 730 727
f 1927 753 751
f 2112 816 812
f 2022 786 782
f 2238 858 854
f 2251 861 859
f 2036 791 787
f 1949 761 758
f 2053 795 793
f 2071 801 799
f 2090 808 805
f 2107 813 811
f 2017 783 781
f 2233 855 853
f 2256 864 860
f 1932 756 752
f 1859 731 728
f 1805 713 710
f 1788 708 704
f 1824 720 716
f 1842 726 722
f 1878 738 734
f 2184 840 836
f 2306 881 877
f 2270 869 865
f 1892 743 739
f 2093 809 806
f 2039 790 788
f 1946 760 757
f 2058 798 794
f 2076 804 800
f 2130 822 818
f 1968 768 764
f 1982 772 769
f 2216 851 847
f 2287 873 871
f 2179 837 835
f 1873 735 733
f 1895 742 740
f 2273 868 866
f 2309 880 878
f 2165 832 830
f 2144 827 823
f 2000 778 775
f 2198 844 841
f 1913 749 746
f 2125 819 817
f 1963 765 763
f 1985 773 770
f 2219 850 848
f 2292 876 872
f 2162 833 829
f 2147 826 824
f 2003 779 776
f 2201 845 842
f 1910 748 745
f 1863 729 731
f 1809 711 713
f 1794 706 708
f 1830 718 720
f 1848 724 726
f 1886 737 738
f 2192 839 840
f 2318 882 881
f 2282 870 869
f 1904 744 743
f 2097 807 809
f 2043 789 790
f 1956 762 760
f 2066 797 798
f 2082 802 804
f 2138 821 822
f 1974 766 768
f 1992 774 772
f 2228 852 851
f 2295 874 873
f 2331 1270 1269
f 2327 1246 1245
f 2328 1251 1252
f 2334 1287 1288
f 2337 1305 1306
f 2346 1335 1336
f 2412 1552 1551
f 2499 1474 1473
f 2487 1600 1599
f 2436 1353 1354
f 2376 1480 1479
f 2372 1402 1401
f 2373 1407 1408
f 2379 1491 1492
f 2382 1503 1504
f 2396 1534 1533
f 2361 1413 1414
f 2418 1443 1444
f 2457 1593 1594
f 2463 1384 1383
f 2492 1324 1323
f 2402 1276 1275
f 2343 1264 1263
f 2433 1300 1299
f 2478 1318 1317
f 2406 1342 1341
f 2502 1563 1564
f 2484 1461 1462
f 2442 1587 1588
f 2349 1348 1347
f 2468 1522 1521
f 2387 1419 1420
f 2358 1396 1395
f 2421 1498 1497
f 2454 1516 1515
f 2472 1558 1557
f 2388 1426 1425
f 2364 1432 1431
f 2426 1569 1570
f 2448 1371 1372
f 2403 1281 1282
f 2342 1257 1258
f 2432 1293 1294
f 2477 1311 1312
f 2493 1329 1330
f 2462 1377 1378
f 2397 1539 1540
f 2367 1450 1449
f 2427 1576 1575
f 2447 1366 1365
f 2391 1485 1486
f 2357 1389 1390
f 2417 1438 1437
f 2453 1509 1510
f 2469 1527 1528
f 2411 1545 1546
f 2498 1467 1468
f 2483 1456 1455
f 2441 1582 1581
f 2352 1360 1359
f 2509 1271 1272
f 2503 1247 1248
f 2506 1254 1253
f 2512 1290 1289
f 2515 1308 1307
f 2518 1338 1337
f 2555 1553 1554
f 2541 1475 1476
f 2562 1601 1602
f 2522 1356 1355
f 2542 1481 1482
f 2528 1403 1404
f 2531 1410 1409
f 2545 1494 1493
f 2548 1506 1505
f 2551 1535 1536
f 2533 1416 1415
f 2537 1446 1445
f 2559 1596 1595
f 2526 1385 1386
f 1616 907 909
f 1608 889 891
f 1606 883 886
f 1612 895 898
f 1615 901 904
f 1624 919 922
f 1692 1057 1060
f 1782 1237 1240
f 1765 1201 1204
f 1714 1099 1102
f 1661 997 999
f 1653 979 981
f 1651 973 976
f 1657 985 988
f 1660 991 994
f 1675 1021 1024
f 1639 949 952
f 1696 1063 1066
f 1733 1135 1138
f 1751 1177 1179
f 1779 1231 1233
f 1683 1039 1041
f 1626 925 927
f 1721 1117 1119
f 1766 1207 1209
f 1689 1051 1053
f 1778 1225 1228
f 1760 1189 1192
f 1718 1105 1108
f 1629 931 933
f 1747 1165 1167
f 1665 1003 1005
f 1641 955 957
f 1704 1081 1083
f 1737 1147 1150
f 1750 1171 1174
f 1676 1027 1029
f 1644 961 963
f 1702 1075 1077
f 1726 1123 1126
f 1681 1033 1036
f 1620 913 915
f 1710 1093 1095
f 1755 1183 1185
f 1771 1213 1216
f 1740 1153 1155
f 1673 1015 1018
f 1647 967 970
f 1707 1087 1090
f 1734 1141 1143
f 1669 1009 1012
f 1635 943 945
f 1698 1069 1071
f 1729 1129 1131
f 1745 1159 1162
f 1687 1045 1047
f 1774 1219 1221
f 1762 1195 1197
f 1720 1111 1114
f 1632 937 940
f 2189 1280 1284
f 1883 1256 1260
f 1903 1292 1296
f 2281 1310 1314
f 2317 1328 1332
f 2173 1376 1380
f 2158 1538 1542
f 2012 1447 1451
f 2210 1573 1577
f 1924 1363 1367
f 2135 1484 1488
f 1973 1388 1392
f 1996 1435 1439
f 2227 1508 1512
f 2304 1526 1530
f 2176 1544 1548
f 2155 1466 1470
f 2014 1453 1457
f 2212 1579 1583
f 1922 1357 1361
f 1864 1268 1270
f 1810 1244 1246
f 1795 1249 1251
f 1831 1285 1287
f 1849 1303 1305
f 1887 1333 1335
f 2193 1550 1552
f 2321 1472 1474
f 2285 1598 1600
f 1907 1351 1353
f 2098 1478 1480
f 2044 1400 1402
f 1961 1405 1407
f 2067 1489 1491
f 2083 1501 1503
f 2139 1532 1534
f 1975 1411 1413
f 1997 1441 1443
f 2231 1591 1593
f 2298 1382 1384
f 2190 1322 1324
f 1884 1274 1276
f 1900 1262 1264
f 2278 1298 1300
f 2314 1316 1318
f 2170 1340 1342
f 2159 1561 1563
f 2015 1459 1461
f 2213 1585 1587
f 1918 1346 1348
f 2136 1520 1522
f 1977 1417 1419
f 1990 1394 1396
f 2224 1496 1498
f 2301 1514 1516
f 2177 1556 1558
f 2152 1424 1426
f 2008 1430 1432
f 2206 1567 1569
f 1925 1369 1371
f 1817 1279 1281
f 1797 1255 1257
f 1833 1291 1293
f 1851 1309 1311
f 1871 1327 1329
f 1941 1375 1377
f 2119 1537 1539
f 2029 1448 1450
f 2247 1574 1576
f 2262 1364 1366
f 2051 1483 1485
f 1954 1387 1389
f 2064 1436 1438
f 2085 1507 1509
f 2105 1525 1527
f 2121 1543 1545
f 2031 1465 1467
f 2244 1454 1456
f 2265 1580 1582
f 1939 1358 1360
f 1814 1267 1271
f 1793 1243 1247
f 1829 1250 1254
f 1847 1286 1290
f 1868 1304 1308
f 1937 1334 1338
f 2124 1549 1553
f 2034 1471 1475
f 2250 1597 1601
f 2261 1352 1356
f 2050 1477 1481
f 1960 1399 1403
f 2063 1406 1410
f 2081 1490 1494
f 2102 1502 1506
f 2117 1531 1535
f 2027 1412 1416
f 2243 1442 1446
f 2268 1592 1596
f 1944 1381 1385
f 1804 890 894
f 1785 884 887
f 1821 896 899
f 1839 902 905
f 1858 908 912
f 1929 938 941
f 2114 1046 1050
f 2024 1220 1224
f 2240 1196 1200
f 2253 1112 1115
f 2038 980 984
f 1951 974 977
f 2055 986 989
f 2073 992 995
f 2092 998 1002
f 2109 1016 1019
f 2019 968 971
f 2235 1088 1091
f 2258 1142 1146
f 1934 1154 1158
f 1861 1214 1217
f 1807 1034 1037
f 1790 914 918
f 1826 1094 1098
f 1844 1184 1188
f 1880 1040 1044
f 2186 1232 1236
f 2308 1208 1212
f 2272 1118 1122
f 1894 926 930
f 2095 1160 1163
f 2041 1010 1013
f 1948 944 948
f 2060 1070 1074
f 2078 1130 1134
f 2132 1166 1170
f 1970 1004 1008
f 1984 956 960
f 2218 1082 1086
f 2289 1148 1151
f 2181 1058 1061
f 1875 920 923
f 1897 1100 1103
f 2275 1202 1205
f 2311 1238 1241
f 2167 1172 1175
f 2146 1028 1032
f 2002 962 966
f 2200 1076 1080
f 1915 1124 1127
f 2127 1022 1025
f 1965 950 953
f 1987 1064 1067
f 2221 1136 1139
f 2294 1178 1182
f 2164 1052 1056
f 2149 1226 1229
f 2005 1190 1193
f 2203 1106 1109
f 1912 932 936
f 1870 1321 1325
f 1816 1273 1277
f 1800 1261 1265
f 1836 1297 1301
f 1854 1315 1319
f 1890 1339 1343
f 2196 1562 1566
f 2320 1460 1464
f 2284 1586 1590
f 1906 1345 1349
f 2104 1519 1523
f 2047 1418 1422
f 1958 1393 1397
f 2070 1495 1499
f 2088 1513 1517
f 2142 1555 1559
f 1980 1423 1427
f 1994 1429 1433
f 2230 1568 1572
f 2297 1370 1374
f 2329 894 892
f 2323 887 885
f 2326 899 897
f 2333 905 903
f 2336 912 910
f 2345 941 939
f 2409 1050 1048
f 2496 1224 1222
f 2485 1200 1198
f 2435 1115 1113
f 2374 984 982
f 2368 977 975
f 2371 989 987
f 2378 995 993
f 2381 1002 1000
f 2392 1019 1017
f 2360 971 969
f 2416 1091 1089
f 2456 1146 1144
f 2460 1158 1156
f 2488 1217 1215
f 2398 1037 1035
f 2340 918 916
f 2430 1098 1096
f 2475 1188 1186
f 2404 1044 1042
f 2501 1236 1234
f 2482 1212 1210
f 2440 1122 1120
f 2347 930 928
f 2464 1163 1161
f 2384 1013 1011
f 2355 948 946
f 2419 1074 1072
f 2451 1134 1132
f 2470 1170 1168
f 2385 1008 1006
f 2362 960 958
f 2423 1086 1084
f 2446 1151 1149
f 2401 1061 1059
f 2339 923 921
f 2429 1103 1101
f 2474 1205 1203
f 2491 1241 1239
f 2459 1175 1173
f 2395 1032 1030
f 2365 966 964
f 2424 1080 1078
f 2443 1127 1125
f 2390 1025 1023
f 2354 953 951
f 2413 1067 1065
f 2450 1139 1137
f 2467 1182 1180
f 2408 1056 1054
f 2495 1229 1227
f 2479 1193 1191
f 2437 1109 1107
f 2350 936 934
f 2511 1325 1326
f 2505 1277 1278
f 2507 1265 1266
f 2513 1301 1302
f 2516 1319 1320
f 2519 1343 1344
f 2556 1566 1565
f 2540 1464 1463
f 2561 1590 1589
f 2521 1349 1350
f 2544 1523 1524
f 2529 1422 1421
f 2530 1397 1398
f 2546 1499 1500
f 2549 1517 1518
f 2553 1559 1560
f 2534 1427 1428
f 2536 1433 1434
f 2557 1572 1571
f 2525 1374 1373
f 1609 892 889
f 1605 885 883
f 1611 897 895
f 1614 903 901
f 1617 910 907
f 1631 939 937
f 1688 1048 1045
f 1775 1222 1219
f 1763 1198 1195
f 1719 1113 1111
f 1654 982 979
f 1650 975 973
f 1656 987 985
f 1659 993 991
f 1662 1000 997
f 1672 1017 1015
f 1646 969 967
f 1706 1089 1087
f 1735 1144 1141
f 1741 1156 1153
f 1770 1215 1213
f 1680 1035 1033
f 1621 916 913
f 1711 1096 1093
f 1756 1186 1183
f 1684 1042 1039
f 1780 1234 1231
f 1767 1210 1207
f 1722 1120 1117
f 1627 928 925
f 1744 1161 1159
f 1668 1011 1009
f 1636 946 943
f 1699 1072 1069
f 1730 1132 1129
f 1748 1168 1165
f 1666 1006 1003
f 1642 958 955
f 1705 1084 1081
f 1736 1149 1147
f 1691 1059 1057
f 1623 921 919
f 1713 1101 1099
f 1764 1203 1201
f 1781 1239 1237
f 1749 1173 1171
f 1677 1030 1027
f 1645 964 961
f 1703 1078 1075
f 1725 1125 1123
f 1674 1023 1021
f 1638 951 949
f 1695 1065 1063
f 1732 1137 1135
f 1752 1180 1177
f 1690 1054 1051
f 1777 1227 1225
f 1759 1191 1189
f 1717 1107 1105
f 1630 934 931
f 2191 1326 1322
f 1885 1278 1274
f 1901 1266 1262
f 2279 1302 1298
f 2315 1320 1316
f 2171 1344 1340
f 2160 1565 1561
f 2016 1463 1459
f 2214 1589 1585
f 1919 1350 1346
f 2137 1524 1520
f 1978 1421 1417
f 1991 1398 1394
f 2225 1500 1496
f 2302 1518 1514
f 2178 1560 1556
f 2153 1428 1424
f 2009 1434 1430
f 2207 1571 1567
f 1926 1373 1369
f 1857 911 908
f 1803 893 890
f 1786 888 884
f 1822 900 896
f 1840 906 902
f 1876 924 920
f 2182 1062 1058
f 2312 1242 1238
f 2276 1206 1202
f 1898 1104 1100
f 2091 1001 998
f 2037 983 980
f 1952 978 974
f 2056 990 986
f 2074 996 992
f 2128 1026 1022
f 1966 954 950
f 1988 1068 1064
f 2222 1140 1136
f 2293 1181 1178
f 2185 1235 1232
f 1879 1043 1040
f 1893 929 926
f 2271 1121 1118
f 2307 1211 1208
f 2163 1055 1052
f 2150 1230 1226
f 2006 1194 1190
f 2204 1110 1106
f 1911 935 932
f 2131 1169 1166
f 1969 1007 1004
f 1983 959 956
f 2217 1085 1082
f 2290 1152 1148
f 2168 1176 1172
f 2145 1031 1028
f 2001 965 962
f 2199 1079 1076
f 1916 1128 1124
f 1808 1038 1034
f 1789 917 914
f 1825 1097 1094
f 1843 1187 1184
f 1862 1218 1214
f 1933 1157 1154
f 2110 1020 1016
f 2020 972 968
f 2236 1092 1088
f 2257 1145 1142
f 2042 1014 1010
f 1947 947 944
f 2059 1073 1070
f 2077 1133 1130
f 2096 1164 1160
f 2113 1049 1046
f 2023 1223 1220
f 2239 1199 1196
f 2254 1116 1112
f 1930 942 938
f 1818 1283 1279
f 1798 1259 1255
f 1834 1295 1291
f 1852 1313 1309
f 1872 1331 1327
f 1942 1379 1375
f 2120 1541 1537
f 2030 1452 1448
f 2248 1578 1574
f 2263 1368 1364
f 2052 1487 1483
f 1955 1391 1387
f 2065 1440 1436
f 2086 1511 1507
f 2106 1529 1525
f 2122 1547 1543
f 2032 1469 1465
f 2245 1458 1454
f 2266 1584 1580
f 1940 1362 1358
f 1813 1269 1267
f 1792 1245 1243
f 1828 1252 1250
f 1846 1288 1286
f 1867 1306 1304
f 1936 1336 1334
f 2123 1551 1549
f 2033 1473 1471
f 2249 1599 1597
f 2260 1354 1352
f 2049 1479 1477
f 1959 1401 1399
f 2062 1408 1406
f 2080 1492 1490
f 2101 1504 1502
f 2116 1533 1531
f 2026 1414 1412
f 2242 1444 1442
f 2267 1594 1592
f 1943 1383 1381
f 1869 1323 1321
f 1815 1275 1273
f 1799 1263 1261
f 1835 1299 1297
f 1853 1317 1315
f 1889 1341 1339
f 2195 1564 1562
f 2319 1462 1460
f 2283 1588 1586
f 1905 1347 1345
f 2103 1521 1519
f 2046 1420 1418
f 1957 1395 1393
f 2069 1497 1495
f 2087 1515 1513
f 2141 1557 1555
f 1979 1425 1423
f 1993 1431 1429
f 2229 1570 1568
f 2296 1372 1370
f 2188 1282 1280
f 1882 1258 1256
f 1902 1294 1292
f 2280 1312 1310
f 2316 1330 1328
f 2172 1378 1376
f 2157 1540 1538
f 2011 1449 1447
f 2209 1575 1573
f 1923 1365 1363
f 2134 1486 1484
f 1972 1390 1388
f 1995 1437 1435
f 2226 1510 1508
f 2303 1528 1526
f 2175 1546 1544
f 2154 1468 1466
f 2013 1455 1453
f 2211 1581 1579
f 1921 1359 1357
f 1865 1272 1268
f 1811 1248 1244
f 1796 1253 1249
f 1832 1289 1285
f 1850 1307 1303
f 1888 1337 1333
f 2194 1554 1550
f 2322 1476 1472
f 2286 1602 1598
f 1908 1355 1351
f 2099 1482 1478
f 2045 1404 1400
f 1962 1409 1405
f 2068 1493 1489
f 2084 1505 1501
f 2140 1536 1532
f 1976 1415 1411
f 1998 1445 1441
f 2232 1595 1591
f 2299 1386 1382
f 2330 909 911
f 2324 891 893
f 2325 886 888
f 2332 898 900
f 2335 904 906
f 2344 922 924
f 2410 1060 1062
f 2497 1240 1242
f 2486 1204 1206
f 2434 1102 1104
f 2375 999 1001
f 2369 981 983
f 2370 976 978
f 2377 988 990
f 2380 994 996
f 2393 1024 1026
f 2359 952 954
f 2415 1066 1068
f 2455 1138 1140
f 2461 1179 1181
f 2489 1233 1235
f 2399 1041 1043
f 2341 927 929
f 2431 1119 1121
f 2476 1209 1211
f 2405 1053 1055
f 2500 1228 1230
f 2481 1192 1194
f 2439 1108 1110
f 2348 933 935
f 2465 1167 1169
f 2383 1005 1007
f 2356 957 959
f 2420 1083 1085
f 2452 1150 1152
f 2471 1174 1176
f 2386 1029 1031
f 2363 963 965
f 2422 1077 1079
f 2445 1126 1128
f 2400 1036 1038
f 2338 915 917
f 2428 1095 1097
f 2473 1185 1187
f 2490 1216 1218
f 2458 1155 1157
f 2394 1018 1020
f 2366 970 972
f 2425 1090 1092
f 2444 1143 1145
f 2389 1012 1014
f 2353 945 947
f 2414 1071 1073
f 2449 1131 1133
f 2466 1162 1164
f 2407 1047 1049
f 2494 1221 1223
f 2480 1197 1199
f 2438 1114 1116
f 2351 940 942
f 2510 1284 1283
f 2504 1260 1259
f 2508 1296 1295
f 2514 1314 1313
f 2517 1332 1331
f 2520 1380 1379
f 2554 1542 1541
f 2539 1451 1452
f 2560 1577 1578
f 2523 1367 1368
f 2543 1488 1487
f 2527 1392 1391
f 2532 1439 1440
f 2547 1512 1511
f 2550 1530 1529
f 2552 1548 1547
f 2535 1470 1469
f 2538 1457 1458
f 2558 1583 1584
f 2524 1361 1362
f 1607 1616 1609
f 1603 1608 1605
f 1604 1606 1611
f 1610 1612 1614
f 1613 1615 1617
f 1622 1624 1631
f 1686 1692 1688
f 1773 1782 1775
f 1761 1765 1763
f 1712 1714 1719
f 1652 1661 1654
f 1648 1653 1650
f 1649 1651 1656
f 1655 1657 1659
f 1658 1660 1662
f 1670 1675 1672
f 1637 1639 1646
f 1694 1696 1706
f 1731 1733 1735
f 1739 1751 1741
f 1768 1779 1770
f 1678 1683 1680
f 1619 1626 1621
f 1709 1721 1711
f 1754 1766 1756
f 1682 1689 1684
f 1776 1778 1780
f 1758 1760 1767
f 1716 1718 1722
f 1625 1629 1627
f 1742 1747 1744
f 1663 1665 1668
f 1634 1641 1636
f 1697 1704 1699
f 1728 1737 1730
f 1746 1750 1748
f 1664 1676 1666
f 1640 1644 1642
f 1700 1702 1705
f 1724 1726 1736
f 1679 1681 1691
f 1618 1620 1623
f 1708 1710 1713
f 1753 1755 1764
f 1769 1771 1781
f 1738 1740 1749
f 1671 1673 1677
f 1643 1647 1645
f 1701 1707 1703
f 1723 1734 1725
f 1667 1669 1674
f 1633 1635 1638
f 1693 1698 1695
f 1727 1729 1732
f 1743 1745 1752
f 1685 1687 1690
f 1772 1774 1777
f 1757 1762 1759
f 1715 1720 1717
f 1628 1632 1630
f 2187 2189 2191
f 1881 1883 1885
f 1899 1903 1901
f 2277 2281 2279
f 2313 2317 2315
f 2169 2173 2171
f 2156 2158 2160
f 2010 2012 2016
f 2208 2210 2214
f 1917 1924 1919
f 2133 2135 2137
f 1971 1973 1978
f 1989 1996 1991
f 2223 2227 2225
f 2300 2304 2302
f 2174 2176 2178
f 2151 2155 2153
f 2007 2014 2009
f 2205 2212 2207
f 1920 1922 1926
f 1855 1864 1857
f 1801 1810 1803
f 1784 1795 1786
f 1820 1831 1822
f 1838 1849 1840
f 1874 1887 1876
f 2180 2193 2182
f 2310 2321 2312
f 2274 2285 2276
f 1896 1907 1898
f 2089 2098 2091
f 2035 2044 2037
f 1950 1961 1952
f 2054 2067 2056
f 2072 2083 2074
f 2126 2139 2128
f 1964 1975 1966
f 1986 1997 1988
f 2220 2231 2222
f 2291 2298 2293
f 2183 2190 2185
f 1877 1884 1879
f 1891 1900 1893
f 2269 2278 2271
f 2305 2314 2307
f 2161 2170 2163
f 2148 2159 2150
f 2004 2015 2006
f 2202 2213 2204
f 1909 1918 1911
f 2129 2136 2131
f 1967 1977 1969
f 1981 1990 1983
f 2215 2224 2217
f 2288 2301 2290
f 2166 2177 2168
f 2143 2152 2145
f 1999 2008 2001
f 2197 2206 2199
f 1914 1925 1916
f 1806 1817 1808
f 1787 1797 1789
f 1823 1833 1825
f 1841 1851 1843
f 1860 1871 1862
f 1931 1941 1933
f 2108 2119 2110
f 2018 2029 2020
f 2234 2247 2236
f 2255 2262 2257
f 2040 2051 2042
f 1945 1954 1947
f 2057 2064 2059
f 2075 2085 2077
f 2094 2105 2096
f 2111 2121 2113
f 2021 2031 2023
f 2237 2244 2239
f 2252 2265 2254
f 1928 1939 1930
f 1812 1814 1818
f 1791 1793 1798
f 1827 1829 1834
f 1845 1847 1852
f 1866 1868 1872
f 1935 1937 1942
f 2118 2124 2120
f 2028 2034 2030
f 2246 2250 2248
f 2259 2261 2263
f 2048 2050 2052
f 1953 1960 1955
f 2061 2063 2065
f 2079 2081 2086
f 2100 2102 2106
f 2115 2117 2122
f 2025 2027 2032
f 2241 2243 2245
f 2264 2268 2266
f 1938 1944 1940
f 1802 1804 1813
f 1783 1785 1792
f 1819 1821 1828
f 1837 1839 1846
f 1856 1858 1867
f 1927 1929 1936
f 2112 2114 2123
f 2022 2024 2033
f 2238 2240 2249
f 2251 2253 2260
f 2036 2038 2049
f 1949 1951 1959
f 2053 2055 2062
f 2071 2073 2080
f 2090 2092 2101
f 2107 2109 2116
f 2017 2019 2026
f 2233 2235 2242
f 2256 2258 2267
f 1932 1934 1943
f 1859 1861 1869
f 1805 1807 1815
f 1788 1790 1799
f 1824 1826 1835
f 1842 1844 1853
f 1878 1880 1889
f 2184 2186 2195
f 2306 2308 2319
f 2270 2272 2283
f 1892 1894 1905
f 2093 2095 2103
f 2039 2041 2046
f 1946 1948 1957
f 2058 2060 2069
f 2076 2078 2087
f 2130 2132 2141
f 1968 1970 1979
f 1982 1984 1993
f 2216 2218 2229
f 2287 2289 2296
f 2179 2181 2188
f 1873 1875 1882
f 1895 1897 1902
f 2273 2275 2280
f 2309 2311 2316
f 2165 2167 2172
f 2144 2146 2157
f 2000 2002 2011
f 2198 2200 2209
f 1913 1915 1923
f 2125 2127 2134
f 1963 1965 1972
f 1985 1987 1995
f 2219 2221 2226
f 2292 2294 2303
f 2162 2164 2175
f 2147 2149 2154
f 2003 2005 2013
f 2201 2203 2211
f 1910 1912 1921
f 1863 1870 1865
f 1809 1816 1811
f 1794 1800 1796
f 1830 1836 1832
f 1848 1854 1850
f 1886 1890 1888
f 2192 2196 2194
f 2318 2320 2322
f 2282 2284 2286
f 1904 1906 1908
f 2097 2104 2099
f 2043 2047 2045
f 1956 1958 1962
f 2066 2070 2068
f 2082 2088 2084
f 2138 2142 2140
f 1974 1980 1976
f 1992 1994 1998
f 2228 2230 2232
f 2295 2297 2299
f 2331 2329 2330
f 2327 2323 2324
f 2328 2326 2325
f 2334 2333 2332
f 2337 2336 2335
f 2346 2345 2344
f 2412 2409 2410
f 2499 2496 2497
f 2487 2485 2486
f 2436 2435 2434
f 2376 2374 2375
f 2372 2368 2369
f 2373 2371 2370
f 2379 2378 2377
f 2382 2381 2380
f 2396 2392 2393
f 2361 2360 2359
f 2418 2416 2415
f 2457 2456 2455
f 2463 2460 2461
f 2492 2488 2489
f 2402 2398 2399
f 2343 2340 2341
f 2433 2430 2431
f 2478 2475 2476
f 2406 2404 2405
f 2502 2501 2500
f 2484 2482 2481
f 2442 2440 2439
f 2349 2347 2348
f 2468 2464 2465
f 2387 2384 2383
f 2358 2355 2356
f 2421 2419 2420
f 2454 2451 2452
f 2472 2470 2471
f 2388 2385 2386
f 2364 2362 2363
f 2426 2423 2422
f 2448 2446 2445
f 2403 2401 2400
f 2342 2339 2338
f 2432 2429 2428
f 2477 2474 2473
f 2493 2491 2490
f 2462 2459 2458
f 2397 2395 2394
f 2367 2365 2366
f 2427 2424 2425
f 2447 2443 2444
f 2391 2390 2389
f 2357 2354 2353
f 2417 2413 2414
f 2453 2450 2449
f 2469 2467 2466
f 2411 2408 2407
f 2498 2495 2494
f 2483 2479 2480
f 2441 2437 2438
f 2352 2350 2351
f 2509 2511 2510
f 2503 2505 2504
f 2506 2507 2508
f 2512 2513 2514
f 2515 2516 2517
f 2518 2519 2520
f 2555 2556 2554
f 2541 2540 2539
f 2562 2561 2560
f 2522 2521 2523
f 2542 2544 2543
f 2528 2529 2527
f 2531 2530 2532
f 2545 2546 2547
f 2548 2549 2550
f 2551 2553 2552
f 2533 2534 2535
f 2537 2536 2538
f 2559 2557 2558
f 2526 2525 2524