v 63.398651 94.088852 238.701233
v 67.402763 96.548630 240.733231
v 70.150040 99.273750 245.690552
v 73.693398 101.902641 251.339432
v 77.655342 103.604225 255.609726
v 79.262054 103.602921 255.873825
v 57.451912 93.871971 238.424225
v 59.905720 97.450897 242.731903
v 61.562443 100.288681 247.750732
v 64.513542 103.296768 253.591522
v 68.258583 106.844162 260.196167
v 72.773117 108.928864 264.863831
v 73.024628 108.807968 265.319550
v 47.707661 90.858635 239.106155
v 52.771122 93.921005 241.813568
v 53.750961 100.153107 248.729523
v 56.067329 103.163239 254.594131
v 58.788013 106.174942 260.859650
v 62.791584 110.996498 268.278961
v 66.997894 112.143707 271.851135
v 45.109921 95.337814 245.295776
v 46.602570 99.391434 250.084198
v 48.137115 102.836823 255.621613
v 51.137039 106.210129 261.845886
v 53.404060 110.035660 269.530273
v 57.412632 113.556587 276.610077
v 58.573761 113.841751 279.136108
v 38.530556 92.773766 245.097519
v 40.818340 96.662987 248.874542
v 41.223293 102.254448 257.507751
v 43.015972 105.498360 263.119080
v 45.327465 109.339149 270.528625
v 48.590195 114.165802 279.825439
v 52.403011 119.094200 285.771454
v 52.597580 119.137543 290.861267
v 32.188103 95.883354 251.292023
v 34.684418 101.193306 257.659424
v 35.303123 105.746223 265.772888
v 36.761105 108.710320 272.035400
v 39.170101 112.991150 281.343140
v 43.743263 120.019897 290.879395
v 47.086769 122.537811 295.385986
v 25.232681 99.545792 259.526154
v 27.842749 105.150879 267.011688
v 28.860260 109.369583 274.864685
v 30.250687 113.144722 283.500336
v 33.733448 119.628532 293.481873
v 35.644215 124.417252 301.419037
v 34.356384 122.992928 304.738098
v 20.319799 100.430923 275.099152
v 21.041988 109.554047 278.056519
v 22.064735 113.589653 285.744049
v 24.437948 119.370056 294.994293
v 27.107281 126.482147 303.832825
v 27.523849 126.851662 308.944122
v 11.675511 94.448044 280.213257
v 12.912714 107.321175 282.338074
v 14.010481 113.320152 288.160767
v 15.776993 119.511963 296.474884
v 17.625401 126.609123 305.495087
v 17.411150 129.493240 314.404938
v 15.257226 123.593224 318.494354
v -0.814315 90.840515 284.825958
v 3.060414 99.522026 283.726685
v 4.768687 111.905411 290.330414
v 6.725951 119.027542 297.848602
v 8.028703 125.872749 306.603241
v 8.328580 130.308289 315.713684
v 8.931568 127.615349 320.648651
v -7.000278 101.322647 287.605011
v -4.289280 110.941986 291.594299
v -1.883860 118.362190 298.331360
v -1.542894 125.075752 307.192078
v -1.037391 128.883804 315.675232
v -0.979673 125.987114 321.269073
v -15.616063 102.248528 287.298004
v -12.344974 111.602470 291.120789
v -10.959889 118.857346 298.561493
v -10.284285 123.717171 306.411011
v -10.294593 128.308960 314.540070
v -11.045349 125.135475 320.054443
v -22.518711 103.687042 283.168182
v -19.565313 112.460197 288.416077
v -18.436811 118.924240 295.910492
v -18.132492 123.288391 304.461670
v -19.096596 126.615486 311.204163
v -16.318571 124.621750 317.518250
v -30.077087 105.079750 278.322723
v -26.942440 112.124123 283.968201
v -26.031136 117.668213 291.718323
v -26.258472 123.050346 300.503448
v -28.200216 125.107719 308.018066
v -41.267860 103.861893 273.985443
v -36.187565 109.755150 280.639221
v -34.210487 114.881020 285.826111
v -32.891891 118.690384 294.935638
v -34.969524 121.137627 301.646484
v -45.764069 106.454323 277.361450
v -39.283253 109.015228 280.565155
v 76.093956 87.931679 228.134827
v 78.810722 88.751762 229.191971
v 80.683586 89.263000 233.330368
v 83.371658 89.765083 237.599304
v 85.533562 90.392609 241.706100
v 84.345222 87.211258 243.685577
v 65.592850 83.546074 223.871063
v 68.843094 85.693298 226.410858
v 70.315208 90.726395 232.686050
v 73.865547 93.976807 237.404312
v 76.954605 95.853233 241.896820
v 79.999100 97.221268 245.162125
v 83.056625 96.683380 248.694534
v 82.145317 94.184708 252.689011
v 60.643200 83.004730 223.963669
v 61.483395 86.769943 227.924759
v 62.147636 90.238304 232.760498
v 78.909660 103.331924 260.207703
v 76.832672 98.934540 263.761475
v 49.846710 81.105202 226.149597
v 53.826771 84.227112 227.299088
v 54.327450 89.366295 234.733749
v 46.748287 88.841034 239.415787
v 71.312698 107.601959 271.486450
v 67.491287 97.073723 274.110748
v 47.484711 83.563217 230.473114
v 47.839272 88.014503 234.366287
v 48.294628 91.245735 239.447647
v 63.179256 112.766487 273.962128
v 64.095963 107.873116 278.621643
v 40.147774 79.376045 232.504181
v 44.316921 83.997261 233.982056
v 48.045677 94.030861 241.756180
v 37.995270 91.725105 244.817368
v 58.087757 114.464500 284.962463
v 53.699757 109.536186 289.969208
v 36.664318 86.200012 246.473175
v 37.229572 95.328041 250.123352
v 30.769827 94.084549 253.168121
v 46.836365 117.642647 297.708527
v 43.113998 107.832062 298.958313
v 28.379074 80.424355 250.831573
v 30.777004 82.414322 256.008545
v 30.325071 96.490128 260.715698
v 23.284672 95.762253 261.856598
v 41.824993 122.695877 300.449585
v 37.319920 115.869667 304.277679
v 20.823332 76.217583 265.477997
v 23.455132 77.035217 266.595490
v 25.284964 93.704109 268.151703
v 28.135677 117.930542 309.601105
v 12.384428 69.899124 274.365997
v 16.923546 76.834152 274.967560
v 21.299181 122.313850 314.097534
v 15.588425 111.055305 316.528076
v 7.255954 78.895866 281.064758
v -2.684598 87.327934 286.315308
v 8.887079 113.850639 321.059937
v -5.240074 70.816330 287.122498
v 0.494294 88.615211 286.057251
v -0.616704 113.024368 322.663910
v -15.103930 71.317345 289.032959
v -9.658471 87.727196 288.217529
v -10.384082 112.860703 322.702728
v -24.131851 74.789505 286.531403
v -18.363470 90.122406 286.151947
v -21.042835 118.738846 316.583069
v -18.814264 115.585739 320.615784
v -32.403202 80.535202 280.175995
v -26.033813 93.727493 279.556366
v -28.745138 117.410194 311.073364
v -24.602436 108.820091 315.678741
v -38.321140 85.382401 272.810303
v -36.652012 100.258949 275.522552
v -41.464611 100.855164 273.797089
v -38.280037 112.274994 290.647308
v -37.107407 116.729042 298.500702
v -37.754887 116.988823 305.179962
v -43.816772 88.877197 266.047089
v -42.263535 96.982155 270.573334
v -43.495525 106.676239 278.162567
v -42.519772 109.654770 283.755341
v -45.616917 109.398346 291.951172
v -42.538239 107.820244 298.810303
v -50.226578 90.880745 261.481445
v -48.363895 95.834717 265.641937
v -50.951885 99.096291 271.263031
v -48.693394 103.866997 279.048676
v -49.820751 104.023071 285.405731
v -57.138718 89.966644 256.175171
v -53.491905 93.206093 261.626617
v -52.810036 95.293312 266.121979
v 76.505531 78.731895 219.183334
v 79.404739 81.574539 223.400436
v 81.264763 81.015274 226.300674
v 82.324425 80.813522 230.255966
v 83.803314 81.205940 234.198746
v 84.635307 80.818863 238.435303
v 82.776764 77.578819 241.923264
v 68.454430 74.871109 216.257950
v 72.051773 79.902176 218.656006
v 75.272400 84.105148 222.510269
v 83.217560 85.857025 246.663788
v 79.321426 79.859032 250.877808
v 64.717346 74.674698 214.925842
v 65.930847 78.514107 218.387817
v 78.782845 90.257668 257.021759
v 74.488365 83.606834 262.429413
v 57.804810 70.172386 213.287399
v 57.633152 73.519386 214.684875
v 55.996140 79.703087 221.283966
v 49.213058 78.642258 227.095428
v 72.164177 94.156883 268.941925
v 66.988708 87.522018 273.898529
v 51.361156 70.571800 217.478317
v 51.113258 71.852242 215.993607
v 52.217983 75.705093 220.405945
v 51.426617 79.572693 225.517487
v 62.352108 94.610481 278.136597
v 47.011532 71.648651 222.423065
v 45.994522 71.724854 221.622253
v 45.387352 78.950470 227.746521
v 44.057720 80.726692 236.081375
v 41.784328 81.246170 239.582611
v 57.191837 101.400566 282.916534
v 52.951607 95.931717 287.406494
v 41.275677 70.479988 228.529480
v 43.218933 71.212868 227.741592
v 42.636013 72.992043 234.296478
v 41.355469 75.944504 242.051727
v 46.255684 102.222176 293.851227
v 43.078224 99.600014 296.254517
v 35.087261 77.310524 249.428543
v 31.535442 67.624077 258.143188
v 40.323380 95.511421 295.670715
v 36.394245 100.845383 300.585815
v 25.947214 63.781544 264.952209
v 18.593004 64.878082 269.089020
v 27.646521 103.007149 305.605591
v 14.131641 54.344887 268.732208
v 18.815790 56.010967 273.230927
v 10.368220 58.838970 277.480286
v 20.781097 106.736565 311.064636
v 15.687381 94.955070 313.254303
v 5.831647 47.551102 276.800781
v 10.922730 54.587662 279.444061
v 9.106538 97.916298 318.397430
v -1.054601 51.288429 284.165253
v -0.105105 95.819534 321.330261
v -12.677444 49.017025 287.592957
v -9.435148 94.679207 322.894775
v -22.494461 51.228954 288.210510
v -18.132011 97.078964 323.237640
v -31.917017 56.705109 285.878357
v -29.449652 104.141769 316.037567
v -27.132519 99.790710 320.883514
v -44.248352 56.249229 278.435059
v -39.784035 62.713722 279.666351
v -37.229095 103.455627 309.653381
v -34.171696 94.948242 316.669708
v -51.942020 61.804428 265.773254
v -47.761791 64.493149 271.123077
v -42.078377 74.490295 271.044373
v -47.259689 102.998474 296.789062
v -45.609959 103.744156 303.688263
v -55.118698 70.454796 257.469421
v -50.655647 76.618759 260.129517
v -47.711159 82.081291 263.323456
v -52.118198 96.770134 274.996613
v -54.116798 100.127068 282.875153
v -55.266941 101.103523 290.656219
v -50.513042 96.080078 296.434143
v -59.905525 76.645638 249.385178
v -56.191399 81.602768 253.202850
v -57.010223 89.907600 257.968811
v -57.010437 92.157776 263.154205
v -58.210892 94.742279 269.298492
v -60.269852 93.826561 277.246185
v -57.406258 93.951775 282.885590
v -67.142380 77.206459 238.485931
v -64.588211 80.475334 243.914413
v -63.492809 83.717918 248.867905
v -62.634941 86.507988 254.568954
v -63.431042 88.048973 259.771179
v -62.886074 89.435555 266.121155
v -62.678509 90.735458 271.947815
v -70.355988 76.465782 236.235489
v -69.079903 78.859451 240.497559
v -68.888733 81.638268 245.034653
v -68.646034 83.700310 251.029861
v -67.499359 84.585915 255.613708
v 75.714714 76.472061 218.801941
v 78.819016 71.809822 221.179703
v 79.963882 71.245880 224.414169
v 80.592728 70.026192 228.142624
v 81.285820 69.652260 232.889603
v 81.774185 68.776733 237.123550
v 80.511520 64.992538 241.289337
v 70.388809 75.198196 216.148804
v 74.589516 73.317970 216.927170
v 71.386078 67.853874 218.906998
v 79.854797 72.511147 245.855957
v 77.437485 66.612335 252.751099
v 76.096199 60.736275 259.310547
v 66.702614 70.971069 213.567596
v 66.249512 68.148552 216.306274
v 75.646584 76.295547 256.795868
v 73.619713 69.637680 262.000580
v 58.491188 63.262016 206.833923
v 58.797123 67.172890 208.932739
v 61.873466 69.152817 212.214340
v 69.820618 79.120567 268.053284
v 65.768707 74.621025 274.520569
v 51.430408 61.079384 201.198029
v 53.381916 62.960316 203.998611
v 53.038803 67.410995 210.094009
v 51.117344 69.033676 218.632645
v 61.058998 81.487320 277.920013
v 43.891460 58.073063 195.258438
v 46.980331 59.984585 198.202713
v 50.710934 62.059273 204.822571
v 51.283279 63.987114 210.011276
v 47.921318 67.496231 216.438309
v 46.264664 68.105362 224.387634
v 56.390240 87.712234 281.541077
v 51.906067 82.686211 286.290680
v 34.829311 53.683086 188.441162
v 38.199139 57.151772 192.781601
v 43.693962 59.590878 199.146683
v 46.260162 59.835995 204.399963
v 47.019436 60.234173 210.911072
v 45.679615 59.538334 217.100204
v 45.826485 63.875538 222.942719
v 45.022602 63.605064 231.777054
v 45.359859 62.949539 240.037567
v 42.913677 59.840393 246.970352
v 45.637741 88.920494 292.490967
v 41.155220 79.888542 294.649139
v 29.251617 49.509789 188.624359
v 34.464653 53.740036 192.906677
v 38.003338 54.830711 198.486313
v 40.825005 53.915863 204.969437
v 40.642826 49.523399 211.619202
v 43.593998 52.224007 215.913025
v 37.541420 65.115898 251.426834
v 34.197975 52.827583 259.557678
v 31.344099 44.248333 265.404785
v 41.120007 95.662827 294.537323
v 36.865410 86.983467 298.202789
v 25.509542 45.597317 189.846497
v 28.005373 45.617004 190.623352
v 32.147449 43.860737 196.624573
v 35.103161 42.323555 203.533844
v 36.861271 41.600517 208.673660
v 28.476255 54.071243 264.837921
v 24.435511 42.064671 268.019684
v 27.300957 88.908524 303.687378
v 21.857824 51.106754 267.238861
v 18.254827 41.956673 270.688751
v 14.954640 35.115807 273.886261
v 20.774309 91.459854 309.058533
v 15.428895 80.325623 311.550385
v 13.196554 43.487537 275.202423
v 7.850742 35.766712 277.500397
v 9.777831 81.812805 316.709412
v -0.658373 35.592247 280.456299
v 0.409297 79.121208 320.352692
v -12.205922 34.543140 282.446838
v -9.453030 77.590401 323.167175
v -22.974657 34.628864 283.487366
v -18.562510 77.510246 324.371338
v -32.492558 36.281097 284.642731
v -28.514616 79.951141 324.205933
v -43.816502 40.308331 280.550293
v -38.697876 39.467640 283.071686
v -39.422523 84.752396 315.344543
v -34.744518 83.139725 320.763672
v -52.967537 46.044884 272.117615
v -47.861675 42.231792 276.696869
v -46.689304 87.488953 309.060608
v -62.140369 49.967819 259.864380
v -56.019466 52.325451 265.524933
v -57.492882 89.260498 295.047119
v -52.059082 88.498451 302.121216
v -67.559593 59.799694 246.237305
v -63.425159 59.124783 251.605103
v -59.878643 64.414024 254.366318
v -63.667919 86.770813 282.537201
v -60.477753 88.953712 288.146973
v -69.503288 65.704788 239.321625
v -64.365089 72.689484 241.413773
v -62.348339 72.783638 246.319214
v -65.747681 84.942291 264.678558
v -67.404762 86.811699 270.116455
v -68.559677 85.684929 277.771271
v -73.835320 68.300095 234.970551
v -69.722069 75.845650 237.632736
v -71.571251 77.135216 241.499146
v -71.917557 78.818443 247.705460
v -72.519951 80.404236 254.863907
v -71.166542 82.295090 261.200134
v -73.925064 79.695671 268.753021
v -71.229576 80.221573 272.615662
v -80.062492 66.288040 229.166733
v -78.477585 68.363609 231.487732
v -76.801598 72.196564 235.090408
v -76.695183 74.098015 239.300568
v -77.222183 75.389725 245.211365
v -79.440826 76.293007 252.753525
v -78.758926 76.358559 259.450897
v -77.796997 78.194183 265.301758
v -81.583481 64.481445 227.535751
v -81.112343 67.597847 229.726608
v -81.042816 70.086838 233.265335
v -81.366425 71.292404 237.830444
v -82.353355 72.624702 243.187592
v -82.547981 74.665009 249.023026
v 75.578812 63.897709 222.008789
v 77.927872 58.651363 224.110870
v 79.846184 58.811779 227.340363
v 80.004547 58.449024 232.011444
v 80.701782 57.623325 236.735062
v 79.957390 53.985809 241.433655
v 71.865479 62.929768 217.427475
v 75.080315 60.895908 221.279816
v 71.627991 55.241001 223.111191
v 78.234856 60.370819 246.490387
v 77.355911 56.728794 253.083130
v 77.754120 55.079411 260.570099
v 65.921097 61.974743 213.948318
v 68.491241 62.634544 215.667755
v 75.018013 61.529930 268.089111
v 72.608299 56.364651 272.893005
v 55.391685 56.760212 199.065903
v 58.481495 60.028900 203.047897
v 60.853317 61.550793 208.079361
v 62.635822 62.439095 211.490173
v 69.488380 67.919281 269.431610
v 68.805496 64.433113 276.471832
v 45.745895 51.375393 186.765381
v 49.051010 54.706448 190.698868
v 50.957726 58.081062 196.290466
v 55.905231 60.325157 202.702667
v 61.636879 71.303375 281.956848
v 57.843079 64.633537 285.697601
v 40.173824 51.586689 186.030350
v 45.280754 56.395401 192.151642
v 49.380203 58.864105 196.242584
v 55.811008 77.128387 282.008850
v 53.343933 72.376602 287.932526
v 28.769564 47.652458 180.568710
v 34.936859 50.479748 186.554031
v 40.980133 55.114910 189.991165
v 45.852825 53.088531 222.433151
v 45.548149 53.848461 229.043488
v 46.242313 47.596104 236.084930
v 45.971703 45.373764 243.542313
v 40.816425 49.931190 248.638580
v 48.137154 78.474686 291.534943
v 42.796314 70.996872 295.920227
v 23.843023 44.748058 180.852631
v 30.028217 49.672955 185.164368
v 40.128201 40.936615 215.536072
v 40.883026 40.202724 220.275543
v 42.113628 40.770641 226.344681
v 40.983494 41.044212 232.008240
v 36.841919 43.848274 246.677811
v 40.692379 45.898670 251.653549
v 35.645126 39.441051 259.906311
v 29.325563 41.002327 265.247162
v 36.312809 73.870117 299.517273
v 17.218376 36.869583 180.876312
v 21.681293 40.810310 185.343719
v 27.107193 32.831779 192.018219
v 30.608089 27.928709 199.339905
v 32.655079 27.124538 206.141235
v 34.974243 27.800465 212.749802
v 35.267548 29.018406 215.974289
v 24.893574 36.777859 263.352539
v 29.537224 38.176617 265.394501
v 26.425158 73.827797 302.188080
v 10.898406 26.495447 181.275574
v 14.584839 26.570284 185.793945
v 19.370390 22.556137 190.504044
v 23.668381 17.461630 197.566223
v 26.158600 13.375538 204.657822
v 27.858120 16.358610 207.959229
v 21.795504 36.191654 269.748718
v 17.553825 31.116955 270.629028
v 18.974636 73.403954 306.369965
v 12.292524 68.010231 309.868744
v 11.797194 21.690784 183.580856
v 10.212115 18.795073 185.288605
v 14.311740 13.112210 190.606461
v 17.422466 9.231953 196.713058
v 19.860935 7.725829 201.181534
v 10.037046 30.558783 273.896179
v 9.571265 63.018616 310.021576
v 10.280841 66.645035 314.407745
v 0.321916 28.349171 275.828339
v 0.960979 64.640091 318.757294
v -10.275855 26.974257 277.205627
v -9.591601 62.498375 321.961334
v -21.500025 26.059341 278.363739
v -19.687649 61.829151 324.011536
v -30.871731 26.250107 278.743958
v -30.639832 62.354515 324.542938
v -42.010872 28.189016 277.103058
v -37.386402 27.413370 278.594269
v -42.571663 74.106369 320.059540
v -40.204002 65.045433 323.910858
v -51.665611 29.830898 271.753967
v -46.195477 28.759104 274.518921
v -49.084770 68.141403 315.518219
v -46.538792 62.079983 319.247559
v -61.428215 35.278355 264.271240
v -56.099609 32.486214 267.940765
v -58.194824 79.776054 301.492523
v -56.698242 71.709938 308.617096
v -68.777405 45.235874 252.650818
v -64.567459 39.510719 258.149414
v -64.339104 79.232674 287.226807
v -63.824150 73.883896 295.414734
v -63.179214 69.133224 303.809052
v -75.945900 46.740070 245.264908
v -71.030807 49.501839 246.317368
v -71.067451 71.991188 284.730896
v -68.987953 68.523094 290.939148
v -79.350014 52.210239 239.625519
v -74.089912 57.743813 239.581665
v -78.213272 70.290260 276.378662
v -74.700645 71.674675 280.056946
v -80.614227 56.309772 226.852783
v -79.421707 59.351837 229.710999
v -76.520515 63.761944 234.273315
v -82.485420 72.681816 258.936218
v -85.798553 68.621567 266.675934
v -82.078773 69.948235 271.988922
v -81.498329 58.776382 222.714783
v -81.089867 61.589203 225.283600
v -82.185493 63.810162 230.125885
v -83.072052 65.170494 235.603760
v -84.422096 66.477417 241.150406
v -85.668312 67.327896 247.351868
v -87.699577 68.806671 254.775574
v -87.315742 65.963905 261.472321
v 76.125511 49.389202 220.994354
v 78.560905 50.686611 223.366486
v 79.147888 50.166851 226.944199
v 79.672104 49.968658 231.514984
v 80.726059 48.904320 236.527237
v 80.758530 47.131210 243.370697
v 80.891296 42.838982 247.030945
v 70.277596 52.099758 214.578262
v 72.482086 54.119167 217.227737
v 73.882248 53.094685 220.531601
v 75.631615 53.753357 222.770218
v 78.218864 51.377354 246.693222
v 79.140358 49.565388 253.208069
v 78.341942 48.074917 260.531555
v 63.173431 50.943253 209.510544
v 66.617775 55.162476 212.421768
v 69.279465 57.297909 216.362778
v 77.097046 53.770508 267.953400
v 75.085815 52.394138 274.264618
v 52.431419 49.841076 191.812286
v 56.158821 53.393024 196.002426
v 60.141644 54.680798 200.913376
v 60.942612 55.094078 207.045563
v 62.708767 55.773914 211.372421
v 69.741859 57.158863 279.120789
v 40.433212 44.024567 179.810089
v 44.817387 48.085060 184.353699
v 49.541290 50.724781 189.706497
v 53.172329 54.285583 194.388046
v 63.745819 62.193363 282.565155
v 59.706581 58.563499 286.677917
v 35.266953 43.334148 178.534500
v 40.694599 48.498848 182.441620
v 53.636776 63.106747 290.119385
v 24.932230 40.937080 173.595474
v 29.935194 42.625401 178.307632
v 35.510933 47.618435 182.206665
v 46.224472 34.682209 235.681778
v 46.502682 34.875149 239.958984
v 42.982773 31.139416 244.639450
v 48.127193 67.618057 292.626251
v 43.069534 60.051559 297.822296
v 20.208536 40.710251 172.675842
v 24.395187 44.581364 176.702820
v 37.938416 26.003847 220.601395
v 38.492939 28.520540 227.321747
v 41.726810 31.191469 231.599304
v 42.211262 40.329102 245.583969
v 39.770966 34.641891 251.684448
v 36.506447 29.779831 255.912918
v 33.574268 27.141253 259.908783
v 36.377102 61.362774 300.876465
v 14.480451 38.675808 173.346619
v 18.270197 42.647160 177.057007
v 30.362026 14.775236 212.357483
v 33.842590 21.198790 216.315033
v 31.196115 33.554161 261.710724
v 28.067503 28.664446 262.198120
v 27.308897 59.534069 303.122803
v 8.377247 31.280535 174.999008
v 12.215390 33.781292 177.797272
v 23.065281 7.301357 207.666565
v 25.715275 9.536889 211.080185
v 23.044973 30.676308 266.275238
v 18.902922 27.042418 267.192780
v 18.968737 57.903160 304.348969
v 3.554464 23.638357 176.176682
v 7.755406 19.961859 180.322327
v 9.619239 9.417741 187.945938
v 13.638931 3.773108 194.805496
v 15.385217 1.846701 201.426498
v 18.858421 3.721547 206.631149
v 19.223526 3.066446 209.091568
v 11.973536 27.366663 270.030090
v 10.646329 57.073803 308.411835
v 3.947792 53.195068 310.951721
v 3.651312 19.292929 179.068970
v 1.243509 16.957844 180.001648
v 3.514842 9.543079 186.540375
v 7.953087 2.561378 194.107620
v 10.477757 0.409704 200.359329
v 11.317013 0.146245 204.571976
v 3.515401 26.529806 272.037109
v -1.112442 25.711317 272.612518
v 0.791664 49.114830 310.390076
v 0.758509 50.923763 315.764221
v -5.364655 25.813337 274.459900
v -8.575269 25.671648 273.577667
v -9.502937 49.555546 319.136536
v -16.080099 24.342266 275.286499
v -19.036072 24.750834 274.124969
v -20.169968 49.244919 321.523468
v -26.587206 23.780399 275.733368
v -28.341209 25.054651 275.789032
v -31.426428 49.292469 322.306915
v -38.331497 23.563377 274.322144
v -35.927040 26.324055 274.698181
v -32.630020 25.774370 275.605652
v -46.548119 44.344368 316.896393
v -39.406815 49.657875 321.691010
v -48.059170 23.837866 269.542419
v -45.793137 25.613718 270.567841
v -41.396046 22.705011 271.466278
v -49.213516 50.186371 317.296448
v -46.717197 56.703842 322.147888
v -59.386669 26.429546 264.379547
v -55.116764 26.295872 265.674927
v -51.531067 21.120428 267.430573
v -62.263573 45.100506 307.030029
v -57.724716 51.228317 310.591217
v -69.406883 33.675560 257.025879
v -65.297318 27.888918 259.747040
v -62.381058 22.135212 262.276550
v -68.772926 44.503983 298.410614
v -64.112381 50.095592 301.583466
v -62.749733 62.300308 308.853119
v -76.210747 40.615711 248.774475
v -73.978439 32.922729 251.852402
v -72.803596 26.352108 256.626038
v -73.665710 51.539261 294.243103
v -68.855995 62.762756 296.974091
v -79.705353 37.678158 245.437653
v -79.473816 32.696243 250.997299
v -80.434868 53.423527 283.878540
v -77.102654 54.472698 288.061859
v -81.147377 48.044151 231.180191
v -82.573608 46.007248 237.994904
v -88.762596 56.250458 275.106018
v -84.857132 54.110531 279.374359
v -82.034874 53.145313 227.214035
v -83.111168 53.656635 229.758209
v -83.242592 55.233120 234.743408
v -87.000290 55.536518 238.988876
v -88.912437 57.561981 245.058975
v -88.700859 59.223049 251.997910
v -90.403259 58.400669 260.271210
v -91.251854 58.101452 268.431549
v -91.926727 56.803288 237.948364
v -90.222504 53.684589 241.720734
v 77.136925 45.927128 219.637756
v 78.069115 44.868263 222.423309
v 78.121895 44.334351 226.398651
v 79.163971 43.657417 231.213593
v 80.237862 42.392498 236.202286
v 81.761307 41.379269 241.863785
v 81.674789 39.697525 247.330215
v 70.874008 49.743961 214.769989
v 70.817940 47.048679 216.925110
v 73.940216 46.754635 218.338715
v 80.532120 43.517204 253.551224
v 79.590088 43.816105 263.046997
v 79.490746 40.571491 268.275757
v 66.560173 47.200100 207.604980
v 67.959763 47.232426 212.348022
v 66.721680 44.772858 214.203598
v 77.241196 47.724258 267.773285
v 77.242867 46.862923 273.772278
v 54.517612 48.562096 192.864304
v 54.441414 46.934689 194.283524
v 59.497742 47.946346 200.507645
v 62.478813 47.346672 204.131027
v 70.506798 51.661575 281.467896
v 67.675507 46.561726 284.941223
v 42.152069 42.646027 180.850037
v 43.922462 42.414238 183.191666
v 48.896378 45.378571 189.173874
v 49.126587 43.361729 191.799866
v 64.637802 54.721195 282.969879
v 62.107319 52.137928 288.263153
v 35.502651 40.255161 177.658264
v 36.198582 38.817097 180.659378
v 54.201759 54.397926 291.559387
v 25.810543 37.188240 172.096909
v 30.088802 38.381489 174.471924
v 43.680859 27.600925 236.666153
v 44.874058 28.245401 240.975388
v 40.780022 28.681059 244.386017
v 47.762791 57.345673 294.834564
v 42.949535 49.800758 300.178680
v 20.919537 37.414059 171.111526
v 35.153416 18.496082 221.771606
v 36.907776 17.360701 225.268311
v 41.475792 21.500355 230.730118
v 41.243828 21.140581 236.109741
v 42.353893 25.458315 247.087311
v 38.274246 23.842541 253.851135
v 32.034370 25.773689 259.801086
v 36.476856 50.217564 302.201569
v 15.708346 37.396858 171.106750
v 28.503271 9.901014 213.037659
v 31.794121 11.773861 217.008392
v 30.435194 11.259880 219.729584
v 27.444448 22.109732 257.815063
v 32.588581 23.548840 258.627075
v 27.646061 47.174683 302.526184
v 10.252257 34.866356 172.244324
v 23.642559 3.895400 211.015915
v 24.026302 4.248855 212.287338
v 25.076447 25.278763 262.811432
v 20.821142 23.062838 264.292480
v 18.650322 44.591419 303.902008
v 4.176768 27.402567 174.042542
v 14.691248 -0.732439 208.588608
v 18.343313 0.934011 210.602341
v 14.234222 24.325861 266.386047
v 9.536254 44.796307 307.076599
v 5.747380 36.039650 309.820007
v 1.475923 17.323460 177.051666
v -0.778632 9.694650 184.115204
v 2.398384 2.404778 191.694824
v 5.106008 -0.689699 198.353470
v 5.447552 -1.293251 203.407501
v 11.079571 -1.279080 206.529160
v 2.504896 25.497765 269.538177
v -3.756813 25.861471 272.831299
v 4.307659 46.720463 310.110352
v 0.779639 40.834393 313.202545
v -2.727742 13.297202 179.019119
v -5.280122 11.362047 181.085403
v -4.039657 4.233521 188.595566
v -1.379358 -0.593867 196.022766
v -0.350456 -2.541642 201.238083
v -6.272462 24.302332 268.750854
v -3.087660 26.060425 271.772797
v -9.106419 39.847244 316.242310
v -16.397474 24.032476 269.424255
v -12.986824 25.061247 271.913055
v -19.579582 39.833561 318.890106
v -26.837267 23.714081 270.876404
v -21.358871 25.553179 272.182312
v -30.670273 40.441483 319.939056
v -32.110100 25.599518 269.909027
v -27.966055 26.299301 273.764557
v -43.223682 42.197498 317.202911
v -40.478867 40.915699 320.647369
v -43.468105 22.261885 268.384735
v -38.183594 23.249260 269.378876
v -48.454262 40.379745 313.594879
v -46.091721 37.144447 314.672852
v -54.510994 21.212296 265.509033
v -51.486652 24.249401 265.356964
v -58.693462 38.222500 306.323456
v -55.879028 40.512287 310.184753
v -64.880989 22.229244 260.166168
v -60.369186 23.612459 262.314728
v -57.649689 20.669312 264.217529
v -67.479286 39.740273 301.204285
v -64.440239 37.323990 303.700134
v -73.548264 24.127979 252.775360
v -68.680260 22.602419 256.413727
v -67.427750 20.844320 258.907074
v -72.550819 35.580311 297.367249
v -69.231331 31.623184 300.138306
v -81.116585 33.823799 248.648148
v -80.528679 27.229803 249.215302
v -82.379196 36.793922 289.970734
v -78.395988 37.625820 293.615784
v -82.957077 41.066242 236.248947
v -85.662071 33.413544 239.412735
v -83.164093 29.644215 247.543655
v -91.057190 40.592628 282.070862
v -86.889175 37.866100 285.900208
v -84.191650 44.259136 232.876526
v -85.292305 44.061340 236.155365
v -84.969116 44.829353 239.018860
v -87.089478 45.305798 243.196884
v -90.473808 47.144596 248.493271
v -90.546135 47.695766 257.600922
v -93.114166 47.082706 266.689697
v -93.588676 44.843639 274.781555
v -89.704674 51.427380 243.196182
v -89.816956 52.738838 244.722794
v 74.995407 40.809288 219.927887
v 75.213127 40.457989 222.001602
v 77.213654 39.114315 226.367661
v 78.247231 38.193878 231.463654
v 79.562469 36.935230 236.698822
v 81.455864 36.415539 242.371948
v 81.676888 34.778389 247.376938
v 70.370361 43.142159 217.143051
v 75.002426 43.069275 219.404648
v 70.248619 37.355270 220.299698
v 80.720703 38.337975 252.816132
v 80.866280 37.470016 259.559845
v 81.157143 37.368172 268.385345
v 65.132904 44.380783 208.971848
v 65.560532 42.478283 209.360123
v 67.282669 44.417309 214.936447
v 65.693497 37.751785 216.328003
v 77.901230 41.678936 274.681427
v 55.107433 43.904869 196.994781
v 58.164757 42.852055 198.608841
v 58.692169 42.051369 203.098465
v 56.746407 39.909409 206.673050
v 59.793301 37.810017 210.598709
v 73.619049 45.689053 279.689453
v 71.310440 43.547157 286.520203
v 44.042789 39.789322 184.248871
v 45.324089 40.363941 186.595184
v 48.956650 41.456646 192.464401
v 47.532085 39.198380 194.833496
v 52.703400 39.699177 201.054474
v 50.463783 39.058258 203.093475
v 65.186211 46.735779 291.541656
v 33.099926 36.861305 178.234467
v 36.962822 38.695702 181.355362
v 40.032173 38.375984 185.061707
v 40.818043 38.656693 189.004013
v 38.700771 37.470219 192.117889
v 56.029701 47.255352 295.249939
v 53.374275 39.531693 301.253632
v 24.809696 33.172749 170.854141
v 28.042278 35.084457 174.142334
v 28.082527 34.312347 177.359711
v 49.851254 49.257523 298.059692
v 47.322109 42.793633 302.426971
v 20.541473 33.887295 170.010056
v 34.836777 9.247239 224.636932
v 37.544815 11.965734 230.475174
v 38.376194 14.574396 237.352173
v 38.658268 16.257238 245.353561
v 35.460239 14.947076 250.274261
v 36.574303 40.183544 303.563049
v 15.765512 33.658009 170.840012
v 24.845495 3.160673 216.079468
v 29.158535 5.684420 221.107864
v 32.814674 18.830690 254.227692
v 28.812309 16.013384 255.785507
v 27.457659 36.638329 302.205902
v 10.638606 32.593616 171.121231
v 19.035913 -0.986817 211.234726
v 21.964739 1.155017 212.613663
v 24.058876 19.021887 259.768707
v 16.719742 20.296526 264.741791
v 18.577734 33.723446 302.083130
v 5.334794 28.734295 172.638260
v 13.184936 -2.506743 210.040192
v 15.535099 -1.298381 211.819321
v 12.494249 16.959505 262.327820
v 14.829276 20.403444 263.120087
v 12.056786 35.415661 305.435089
v 6.157743 29.668085 308.484314
v -0.907049 19.896011 173.903610
v 4.409763 -3.511119 206.159332
v 8.375575 -2.611033 208.654236
v 8.985236 -2.847619 211.307617
v 6.564464 20.649212 264.963165
v 0.216629 33.257511 312.978912
v -4.947216 11.603020 176.433380
v -8.725445 6.702617 183.592377
v -7.754570 1.185859 191.104401
v -6.287660 -1.171865 199.021652
v -2.836270 -1.812441 202.404175
v -0.267371 -2.041108 207.533783
v -2.929261 21.188295 265.943390
v -8.994425 33.535969 314.824280
v -11.576325 10.677144 178.704376
v -12.330042 7.800837 180.031662
v -13.679936 3.202187 186.339386
v -12.906787 1.603734 193.340561
v -11.583426 1.128883 200.350693
v -9.093777 22.996426 267.742706
v -13.151699 21.311989 268.414612
v -19.260582 34.085293 317.013062
v -24.362944 23.934500 269.904816
v -20.320936 22.911985 269.781464
v -30.300772 35.039852 318.411774
v -27.010141 22.790634 268.176300
v -28.898624 22.295477 268.277039
v -40.993557 35.663437 318.751129
v -41.421661 23.041361 266.425110
v -36.382801 22.476524 265.976593
v -35.533478 23.723768 267.882721
v -50.699211 34.319706 312.220428
v -46.790096 35.154137 316.057648
v -45.056759 23.780298 263.060669
v -43.787861 22.661924 263.834442
v -58.096294 31.660387 305.299347
v -54.541031 33.564590 308.370758
v -60.730293 21.149330 262.890839
v -56.862488 21.993549 262.475739
v -65.959358 24.045321 298.218903
v -62.884991 25.953409 301.027435
v -70.361282 20.506556 252.031143
v -69.191154 20.097130 253.769989
v -66.204193 20.868616 258.173981
v -64.085396 20.783554 260.938354
v -72.067375 24.566965 298.014282
v -66.685532 31.015965 301.621613
v -76.123146 20.283358 248.098175
v -71.241241 19.393370 250.736923
v -71.999779 19.923130 254.571976
v -82.991096 25.669559 291.043701
v -78.403236 27.899443 294.491821
v -83.487389 30.017918 244.961227
v -83.872803 23.769419 243.535767
v -91.736374 26.444477 284.557159
v -87.328659 25.060898 287.481384
v -85.333672 33.686687 241.386612
v -85.853554 32.720066 242.958755
v -87.336914 34.218258 246.952911
v -89.459686 35.705292 253.997406
v -92.503899 35.521053 262.693207
v -95.017410 34.364193 271.165863
v -94.886246 30.972452 278.576172
v 75.014397 35.906628 223.346085
v 75.547661 35.022686 226.439774
v 77.788757 33.504917 232.925079
v 80.218414 31.325466 238.875610
v 81.184341 32.206699 244.000076
v 79.870651 31.937033 246.509415
v 69.597527 36.938847 219.104080
v 75.013962 36.768120 223.249237
v 73.109444 31.860710 227.930923
v 73.464005 29.362671 232.660583
v 78.472450 30.050327 246.126022
v 78.814766 32.802708 251.407852
v 81.784363 30.934002 259.898132
v 83.021431 30.365957 268.837921
v 64.641273 36.194965 214.337234
v 67.962875 37.924213 218.854630
v 66.592804 30.770029 220.726959
v 79.918968 35.074631 275.410889
v 57.480038 37.421467 208.306686
v 59.960457 37.453033 211.820816
v 61.295612 30.776100 214.840286
v 75.494614 39.568138 280.912964
v 73.834465 36.709496 289.130951
v 45.674866 37.794041 196.451279
v 47.575726 36.249836 198.585632
v 50.268005 35.603836 203.849487
v 50.700645 32.003258 207.551086
v 67.424759 39.459064 293.978973
v 34.095753 34.408630 181.526581
v 34.723423 34.817627 183.159393
v 34.085072 33.033222 185.767776
v 39.724461 33.673599 191.786957
v 42.165199 32.198948 196.341293
v 43.788479 31.536139 201.250092
v 42.294704 29.548405 203.666824
v 57.538700 38.843876 296.864410
v 51.931057 35.486668 298.526398
v 24.119200 32.226425 172.532623
v 24.320681 31.125841 172.700912
v 28.437742 33.184113 178.379944
v 29.314772 30.906073 181.619873
v 27.890860 28.314949 184.650513
v 50.028263 32.896038 299.357361
v 48.182629 34.858402 304.349213
v 20.362526 30.368483 169.072433
v 19.877045 28.891680 173.671677
v 34.487976 5.958312 227.272202
v 35.108139 6.933491 231.964615
v 35.370789 9.132316 239.151413
v 35.357246 11.270600 246.525238
v 32.206001 12.950903 249.820419
v 36.714733 31.280100 304.386627
v 15.471549 30.089119 169.830292
v 25.139854 0.707585 219.019806
v 29.169844 2.437197 223.890717
v 28.961397 3.078436 229.708694
v 29.548412 5.725429 236.618210
v 31.304626 8.237004 244.037613
v 33.343796 12.673636 250.800919
v 23.722980 13.672282 255.880463
v 27.285252 27.916056 302.070648
v 10.875553 28.733255 171.097107
v 16.988987 -3.605596 212.339951
v 20.752501 -2.560249 216.041046
v 21.178062 -2.066526 221.484909
v 22.946384 0.328937 228.069794
v 24.070032 3.276230 235.314682
v 24.798923 5.957308 242.104996
v 24.085346 9.845285 249.254440
v 26.499411 13.278838 254.648758
v 18.059479 25.156616 301.090393
v 6.207403 26.299826 171.662552
v 12.921093 -3.303490 212.126694
v 13.319128 11.038413 253.131165
v 17.024382 14.964804 258.188965
v 8.754334 15.794367 262.813477
v 9.969303 26.466433 305.198761
v 4.292673 26.714106 307.616730
v 1.563190 22.186274 173.222763
v -0.161407 14.718193 176.383804
v 3.821270 -1.145241 210.770096
v 8.096064 -2.425382 213.260422
v 1.438077 11.242314 255.292572
v 4.771281 13.518562 257.962372
v 10.004536 16.692345 261.695435
v 1.494257 24.392237 308.287140
v -0.187457 26.750061 312.657776
v -3.901961 14.774591 174.954559
v -7.756416 8.857603 178.565323
v -6.086530 0.283734 205.965454
v -0.282335 -0.425080 208.477402
v -3.925867 14.940960 260.649841
v 0.716324 17.335558 262.993256
v -9.712428 29.350639 315.912170
v -10.267908 9.743434 176.714676
v -13.524326 4.503967 182.094193
v -14.999593 2.834041 188.587509
v -16.272974 2.911333 196.003586
v -12.996191 2.386987 202.011536
v -12.996252 15.380402 261.179382
v -10.438528 17.906240 264.868500
v -17.009777 18.999741 268.708893
v -19.757774 30.692453 317.295380
v -24.514849 4.763542 193.172440
v -20.034151 4.125809 194.079391
v -19.597872 5.194817 199.246918
v -21.243641 15.638852 260.528320
v -18.452528 17.575752 264.891113
v -15.456708 19.306059 267.891357
v -31.009331 31.747566 318.585144
v -30.973932 16.248138 253.959717
v -27.351688 18.062773 259.251892
v -26.533064 18.159874 264.492035
v -23.669809 19.615692 267.693359
v -42.353157 32.882084 319.611053
v -38.355690 16.878456 253.699371
v -34.866760 18.663927 258.741394
v -33.079010 22.134991 264.255188
v -29.561321 21.788176 267.405182
v -52.276142 30.777134 314.392761
v -49.540154 30.978964 318.329651
v -50.073837 14.663012 240.754379
v -47.458534 15.282857 244.803848
v -45.446236 17.874866 252.623978
v -42.320000 21.044270 259.891235
v -37.998398 21.507263 262.723572
v -58.178185 27.299093 304.845093
v -55.805885 29.267687 309.937195
v -56.654041 28.503798 314.005219
v -58.351181 13.896895 234.933929
v -54.955235 15.264620 238.978088
v -54.473957 15.871904 246.650421
v -53.628048 17.069904 252.790390
v -50.618034 19.585587 258.515656
v -65.527611 23.840099 299.764313
v -64.222328 24.303921 301.720551
v -64.853287 14.316172 235.032776
v -64.287193 15.595585 239.393433
v -62.555782 16.378651 246.846146
v -62.367153 18.079578 254.847748
v -57.940147 19.191954 258.888000
v -71.526375 21.822693 295.478973
v -69.868698 22.068817 298.774384
v -75.163948 14.731495 237.078339
v -72.481598 16.148603 241.366898
v -68.413895 17.720047 247.485977
v -67.515526 18.256069 253.469025
v -82.570457 19.326876 287.941467
v -77.944687 22.567698 292.383820
v -81.072800 16.368748 235.725662
v -78.324394 18.799004 241.161606
v -90.338646 18.059708 281.273041
v -86.378906 18.111038 284.119446
v -85.335625 17.185837 234.048523
v -87.092636 20.618048 239.371246
v -88.313591 23.466696 247.166000
v -90.586288 23.745218 254.933411
v -92.861633 23.657259 262.794342
v -94.288147 22.515303 270.041565
v -93.360252 20.513775 275.934296
v 78.941589 27.918226 236.871017
v 80.766075 26.445625 241.164459
v 79.506966 26.236647 242.883835
v 71.705528 27.267677 226.110931
v 73.813759 25.909935 230.821732
v 76.164841 26.494820 235.849411
v 78.148331 23.280695 241.912323
v 78.115654 26.543692 245.358582
v 79.367241 23.813753 251.692368
v 82.980957 21.933287 261.848755
v 81.076508 25.454435 269.886200
v 67.253029 25.258701 220.301086
v 68.728638 26.064016 223.576630
v 79.146492 23.377089 270.529999
v 80.849548 25.037277 276.080017
v 59.739193 29.213591 213.383789
v 60.213737 24.861502 217.442093
v 77.829407 32.432137 283.278351
v 76.510651 29.291037 291.830627
v 52.875191 25.194534 211.477905
v 54.908127 21.052889 214.069244
v 69.227310 31.430502 296.146973
v 33.865730 28.675718 188.075485
v 35.306259 26.620714 189.501526
v 36.946217 25.510723 193.965485
v 37.425255 22.969643 199.141693
v 44.712215 24.896086 204.763382
v 59.336464 31.263191 298.907593
v 56.783287 23.800646 304.356384
v 25.275208 27.725641 175.209274
v 25.549681 27.044605 176.524338
v 25.499695 25.719248 180.737030
v 26.613270 23.929720 182.921112
v 29.874500 20.178255 188.137161
v 31.246756 18.954905 192.329910
v 31.057730 17.989006 196.316025
v 53.440666 32.646152 301.302795
v 48.408989 25.989088 303.877869
v 18.395784 27.610792 172.277481
v 20.682957 26.955479 172.362213
v 20.349098 23.171211 177.322403
v 21.735014 20.544228 180.834991
v 21.721296 18.167561 184.436844
v 37.212112 23.130611 304.230804
v 16.212057 26.103743 168.919098
v 16.496984 23.189949 173.044006
v 16.260456 21.315256 177.462524
v 27.047678 20.676329 304.308777
v 24.056475 14.725181 304.785980
v 10.952064 25.188183 170.493820
v 16.452282 -5.659087 214.455078
v 17.301392 -3.853633 219.600815
v 18.575451 -1.773918 226.436295
v 20.077005 0.786733 233.064819
v 20.753927 3.415594 239.865295
v 20.723717 5.937760 245.618591
v 15.135389 7.112163 248.673325
v 18.930977 18.859631 302.440491
v 21.608948 16.683958 303.777954
v 7.053220 22.319174 171.877441
v 11.390498 -3.925359 215.144180
v 10.890036 -3.513757 220.320206
v 11.705849 -2.073386 225.869873
v 12.900278 -0.100615 231.985519
v 13.532405 2.426806 238.481796
v 14.585620 4.906540 244.427216
v 16.871897 7.308149 248.400879
v 8.881460 18.029137 301.057098
v 3.740714 19.878384 173.486618
v 0.946354 10.937179 178.300873
v 0.810173 -2.290736 212.130234
v 3.370674 -2.712377 215.875610
v 3.079053 -1.446282 220.640701
v 3.437670 -0.118930 226.021759
v 4.433667 1.607279 231.979233
v 5.111969 3.745505 237.882019
v 6.241986 5.950573 244.516266
v 6.279504 9.043187 251.797928
v -0.818026 10.347079 256.185028
v 2.838114 20.895981 305.290100
v -2.983791 20.208565 310.866730
v -4.622974 7.431292 181.534668
v -9.866790 0.973774 186.756653
v -6.517894 -0.375861 206.129318
v -3.251318 -1.789061 209.344055
v -2.950410 -1.228879 214.189011
v -2.950777 -0.660994 219.329041
v -7.113430 2.126808 225.687729
v -3.714272 3.263889 231.525162
v -2.828888 5.239841 237.388000
v -2.133537 7.382132 243.691040
v -0.950238 9.145475 250.420700
v 1.150407 11.193520 255.657364
v -10.651254 25.893681 317.985168
v -11.563859 3.353198 184.126495
v -15.047969 2.036089 188.697952
v -17.270624 2.150416 193.014679
v -13.368477 2.561801 203.648575
v -15.619678 3.518451 207.850998
v -15.381386 4.106261 213.049011
v -14.964510 4.012807 218.946960
v -13.433906 4.387985 224.638321
v -11.149391 5.071492 231.100052
v -10.751605 6.516188 237.400223
v -10.379887 8.099252 243.194016
v -9.819152 9.930452 249.983887
v -7.251217 12.150092 255.532471
v -21.773451 28.764389 323.278107
v -26.875624 27.712143 328.148376
v -18.880489 3.894821 192.170242
v -20.134371 4.529117 195.884659
v -18.938885 4.631148 199.824249
v -22.186213 6.095365 204.699692
v -21.308144 6.849881 212.250168
v -20.856367 7.217336 218.152405
v -19.939766 7.258888 224.358078
v -18.987686 7.712234 230.752457
v -18.309872 8.159572 237.072311
v -18.173805 9.264695 243.213379
v -18.027925 10.639471 249.651566
v -15.623421 12.674274 255.252686
v -31.347902 30.474581 322.564331
v -32.540874 27.864784 326.864624
v -31.621437 5.427835 198.133911
v -30.256817 6.655946 201.666702
v -29.316721 8.742152 205.764786
v -29.063559 8.489047 211.597122
v -28.927023 8.961484 217.359467
v -27.903814 9.256854 223.150803
v -27.037708 10.111910 229.500641
v -26.384401 10.313451 235.998657
v -26.040470 10.861773 242.769516
v -24.755901 14.300031 251.644333
v -21.806040 13.916910 254.559296
v -43.535389 29.530689 323.755829
v -40.360146 27.633635 328.174103
v -42.288349 6.505880 198.436966
v -33.667477 6.289703 200.449280
v -35.846306 8.142094 204.044464
v -36.288296 10.061021 211.933472
v -36.361870 10.134315 217.203857
v -36.053040 10.265904 222.802383
v -35.554485 11.006332 228.924988
v -35.069942 11.569748 235.348694
v -34.645840 12.215753 241.944214
v -32.223763 13.829855 247.945908
v -57.044796 23.606903 315.394348
v -52.837448 28.001108 319.149353
v -47.545059 9.459537 208.061737
v -42.847946 9.167681 209.395523
v -42.536915 10.788874 217.386597
v -43.295734 10.797431 223.291977
v -43.641449 11.308533 229.011826
v -42.967022 13.642559 236.176468
v -41.788204 14.128416 242.392212
v -38.287842 15.742882 247.449829
v -61.322083 23.951044 304.712250
v -58.054024 25.115051 311.932892
v -56.461025 29.344160 317.568390
v -54.160206 9.878785 213.707184
v -50.575253 10.882051 215.056534
v -49.844063 11.143703 223.183472
v -50.713123 12.762439 229.480789
v -48.163475 14.060002 235.046677
v -65.402466 21.478138 301.573944
v -59.977226 11.128510 218.890503
v -58.128120 12.128676 223.820450
v -60.938625 13.655840 232.187286
v -65.871185 13.653450 235.410065
v -76.636086 19.586008 295.059479
v -71.378502 20.650188 299.033142
v -69.347160 9.950730 219.923828
v -70.197868 11.457361 223.400925
v -68.716927 13.316927 231.216339
v -65.129982 14.009879 236.060837
v -82.538658 15.000867 283.238739
v -78.796280 17.589088 289.500336
v -79.344200 11.911243 226.536041
v -75.374290 13.738062 230.627579
v -88.638626 13.160439 274.430206
v -85.685173 14.304037 277.801971
v -83.356964 12.614745 224.292480
v -84.075943 13.856101 230.328049
v -86.633858 15.858621 238.106537
v -87.489159 15.518492 245.255020
v -89.706818 15.060317 252.025497
v -90.879875 15.170423 258.502228
v -91.896645 14.940097 264.490417
v -91.000679 14.345340 269.407593
v 73.287270 18.134579 227.362335
v 74.554741 19.069277 231.496262
v 75.775444 18.916027 236.651672
v 78.106865 17.855337 241.934341
v 79.695045 16.994480 246.713531
v 82.695175 15.990464 253.061111
v 85.557503 15.559453 261.120087
v 68.030998 15.199141 222.018585
v 69.775108 16.949059 225.082764
v 83.774963 20.638800 269.044403
v 83.598099 19.559818 277.346497
v 62.756031 15.482258 219.301239
v 78.226707 24.083597 285.608551
v 74.716934 23.970095 291.846710
v 50.687931 15.171185 211.379547
v 56.436619 15.039150 216.475159
v 73.371910 22.465502 292.135437
v 70.825089 23.994917 294.479828
v 33.151917 11.155865 193.800522
v 38.130421 15.194288 198.459991
v 43.668972 16.306347 204.986359
v 60.722992 23.446617 298.463440
v 55.149734 19.586512 303.434052
v 25.833710 17.041842 186.673111
v 25.593916 13.349416 187.847214
v 29.874237 13.154573 191.999756
v 33.815220 16.882250 195.287704
v 50.363533 16.977175 300.515961
v 49.549114 19.851961 304.108368
v 19.802776 15.404927 177.789963
v 20.802130 14.217633 182.171677
v 22.101702 13.990711 183.814468
v 21.991270 9.374930 187.901138
v 38.899673 12.404145 297.204559
v 38.550270 16.569244 301.341095
v 14.779081 21.610435 172.358246
v 16.162888 18.206776 174.018555
v 17.494017 16.835150 176.687592
v 27.167822 9.361444 294.632568
v 28.131569 14.938128 302.211884
v 22.374062 13.671804 304.256439
v 12.597640 19.723848 170.787155
v 12.307766 16.553793 174.656189
v 17.280773 8.405977 294.104431
v 19.494358 13.985690 302.600189
v 20.245388 15.034022 305.725342
v 8.359816 18.154963 172.225052
v 6.163109 10.644870 176.334122
v 8.785404 10.313519 296.620819
v 9.699777 13.671304 299.062439
v 5.024500 15.133622 174.572311
v 1.556434 5.976426 179.746552
v 3.013485 13.467825 300.877441
v 0.357619 16.903561 306.057098
v -4.275403 18.532608 310.721344
v -3.809090 2.869542 183.678284
v -8.886108 -2.168161 187.787247
v -11.455900 -2.951930 190.851776
v -8.381791 -1.359126 205.126266
v -6.755569 -1.311625 210.433731
v -6.907159 -0.922809 215.987137
v -6.732378 -0.277891 220.925598
v -11.339945 2.201790 222.765503
v -10.354280 19.514141 311.737518
v -9.122741 23.088984 315.873810
v -14.995426 0.489788 191.105728
v -15.386374 -0.691141 192.138443
v -11.439112 1.088233 204.117722
v -10.950683 0.717727 208.263245
v -10.460951 0.988039 213.350876
v -9.933912 1.177739 218.916550
v -8.890597 2.331864 222.024002
v -17.759689 22.926830 320.011414
v -22.984293 27.914261 326.818024
v -26.407471 24.250044 331.262756
v -25.316046 -0.765729 192.110672
v -21.070694 -0.051601 192.775146
v -21.725777 3.372893 201.319244
v -28.837965 5.167055 205.073380
v -35.257431 26.949656 330.801910
v -31.952778 25.682608 330.479553
v -26.501820 3.453288 195.777802
v -24.849604 4.342044 199.715439
v -23.673792 5.763723 203.460007
v -44.943344 26.489489 329.488373
v -38.240086 22.948719 332.322601
v -32.167675 3.858190 196.966446
v -35.824581 4.117937 198.795944
v -42.249260 6.821989 203.961868
v -55.705898 22.291889 315.741455
v -51.563198 25.834002 321.757019
v -45.751465 2.594803 201.245941
v -41.546993 3.267978 202.164520
v -49.289547 7.747723 208.834229
v -62.314373 19.106064 304.385284
v -57.594139 20.449184 309.261993
v -52.847160 3.573154 205.807861
v -49.649494 4.847830 207.636307
v -55.514126 8.488703 214.517258
v -71.702782 14.166691 293.270355
v -68.732124 16.819302 298.461395
v -59.875839 4.488327 211.388824
v -57.800205 7.929739 212.323456
v -77.570267 15.924667 293.112091
v -70.313156 18.993130 299.777802
v -69.370499 8.684443 217.759354
v -70.657349 8.263199 220.900742
v -83.240028 10.958411 279.787567
v -81.436852 13.096981 287.682709
v -77.947327 7.742700 219.189194
v -73.706856 10.142541 222.611771
v -88.394646 9.038946 268.008240
v -86.063293 10.772593 272.906982
v -82.765503 9.360365 215.791321
v -82.039742 9.319998 222.149292
v -84.510628 10.305804 229.442261
v -84.988281 9.526700 236.116867
v -86.634956 8.813309 241.975555
v -88.217018 8.725112 247.802551
v -89.201797 9.215953 253.039413
v -90.207787 9.638728 258.126007
v -89.925522 9.532145 263.179596
v 74.820702 12.798429 228.428726
v 74.859177 11.573978 231.857529
v 77.200409 11.396742 236.298386
v 79.475433 10.814821 242.154343
v 82.153381 9.848783 247.683472
v 83.476074 7.271646 254.973602
v 83.229553 10.340626 262.698547
v 69.543068 3.996751 224.082626
v 72.261581 8.405169 225.901733
v 71.896637 1.855209 228.739883
v 81.774811 8.264288 262.917114
v 84.081230 9.785568 267.772095
v 82.960716 16.245478 277.959686
v 62.915260 7.026280 220.389145
v 64.548309 -2.805171 223.601501
v 81.123970 14.069197 275.214325
v 80.819534 18.382931 281.597748
v 50.039230 6.602283 211.901794
v 56.289467 7.013708 217.123215
v 70.277504 11.375964 270.558258
v 72.756775 15.026875 276.804657
v 72.459068 18.301146 286.546051
v 68.055954 18.090445 294.771271
v 34.109299 9.989491 195.094208
v 34.685238 6.858988 198.782700
v 42.273254 7.193075 205.955231
v 67.906639 13.297736 273.818054
v 64.085976 13.527399 279.203949
v 61.829906 15.945210 289.229523
v 62.070992 18.106010 295.991974
v 25.370775 6.348867 188.220673
v 29.093626 7.054155 192.452652
v 29.460649 3.731015 195.567841
v 47.427635 3.977278 269.810944
v 52.443932 9.174770 278.061005
v 50.672375 11.564641 287.164398
v 50.994167 14.607757 294.848541
v 20.450039 10.484997 180.384048
v 19.640997 8.882177 181.566254
v 20.068104 6.476548 185.139450
v 22.298662 6.206683 187.264496
v 44.617050 4.583593 271.576874
v 39.813034 3.395730 274.468781
v 38.597424 7.479651 283.550964
v 39.567215 9.958767 290.910004
v 16.486038 13.394104 176.147156
v 16.359789 8.969904 178.560425
v 17.027994 6.388301 182.435226
v 16.819202 4.840744 185.847305
v 26.945950 1.989869 274.213623
v 27.455484 4.909565 281.345398
v 28.392159 6.706797 287.973633
v 11.144756 14.817645 174.140030
v 12.267706 10.867126 174.255173
v 12.839384 8.628621 178.159607
v 16.940096 2.507515 274.500702
v 17.776096 4.675082 281.175110
v 18.528143 5.834003 288.083252
v 10.377602 14.172891 172.795761
v 8.790625 8.711329 176.676178
v 5.780189 2.459073 180.907562
v 7.759363 4.216714 276.027588
v 8.324928 6.028213 283.078064
v 9.337395 7.622446 290.438385
v 4.104021 3.588715 180.481750
v -1.044158 -3.423047 184.182800
v -1.294231 7.024857 278.517212
v -0.853192 8.909732 285.679138
v 0.333509 11.505057 294.479828
v -2.983415 13.274235 301.824738
v -3.311907 -1.601984 183.755096
v -6.553348 -4.585535 187.536285
v -9.341383 -5.486981 188.793533
v -6.993853 9.331710 282.717102
v -10.975971 11.365608 286.898499
v -9.676773 14.840191 296.682251
v -9.258988 17.161400 305.733887
v -16.653452 -2.559173 190.187286
v -13.925771 -3.199263 190.934799
v -24.104204 13.834166 283.788361
v -20.876205 15.843596 288.850677
v -19.926430 19.956614 301.548309
v -23.229088 24.178879 318.195679
v -27.248442 27.477510 331.139374
v -27.809538 19.368015 346.198242
v -28.827965 10.998963 351.428192
v -17.728081 -2.569264 189.697769
v -18.868956 -3.652824 190.567551
v -20.915731 -4.011599 190.839264
v -33.282402 15.010369 276.309387
v -29.144398 16.445345 282.503723
v -29.391014 21.330126 292.964874
v -30.747282 22.806818 305.156189
v -34.819122 23.055004 315.948822
v -34.062363 26.862650 333.920380
v -35.029247 19.611841 345.269806
v -36.469902 11.789130 352.312561
v -23.027008 -1.810304 192.470413
v -26.406300 -3.186929 192.083710
v -35.037987 16.736795 279.973419
v -37.077827 19.439053 285.461731
v -41.387627 19.565201 295.888397
v -41.714855 22.687737 306.383514
v -45.745708 21.878050 318.408844
v -46.964005 24.472012 330.029510
v -44.340813 19.500542 343.112671
v -43.259380 11.918560 349.132660
v -29.262024 -0.091778 194.280869
v -32.172916 -2.051021 193.978333
v -57.243587 15.637529 285.479553
v -52.602928 18.802633 293.451202
v -53.343845 20.087925 306.417023
v -55.253647 20.792377 316.944458
v -50.094601 21.587864 328.702515
v -37.337662 0.697136 198.028503
v -40.034222 -0.726868 197.940659
v -60.449303 15.510777 284.500092
v -61.900795 16.414627 292.785828
v -61.171547 16.917786 303.093323
v -57.093956 18.035904 312.165863
v -44.893333 2.575423 202.717407
v -48.412224 1.302076 203.174835
v -68.906197 12.498260 281.075439
v -69.349449 13.857973 290.251373
v -63.580830 15.588675 300.342834
v -52.772408 4.364610 207.626129
v -57.884209 3.036190 208.383423
v -73.744072 12.205651 281.612457
v -77.690750 12.098769 283.851837
v -65.695076 5.591542 213.597534
v -71.604126 4.193652 215.200470
v -83.561287 7.766007 278.436493
v -85.201622 9.061363 284.126923
v -74.026871 6.447937 216.738907
v -77.975876 5.621408 219.363342
v -80.539215 4.685506 224.228058
v -89.084335 4.906571 263.712311
v -89.164879 7.165424 272.593567
v -86.445839 4.914891 275.585571
v -80.493347 7.267700 218.616180
v -82.682510 7.117773 223.853073
v -83.468102 5.824246 228.944321
v -84.881485 4.427881 233.925476
v -85.803505 4.405447 239.181122
v -87.249344 4.498565 244.063751
v -88.900604 4.920059 248.909180
v -91.047485 5.562919 253.772705
v -90.395081 4.685091 258.611145
v 75.403946 4.032767 231.189682
v 78.015198 5.029096 235.796478
v 79.592743 5.024812 241.330627
v 82.795708 3.537836 247.611603
v 84.025009 0.230295 253.387421
v 68.480698 0.113852 225.044662
v 71.175346 1.726931 228.238922
v 84.528145 6.646106 259.782135
v 84.577591 5.152165 264.807648
v 62.515076 -4.854525 221.273605
v 63.112057 -0.069852 221.270889
v 77.022224 1.946978 253.433853
v 80.311134 4.047904 260.329956
v 80.562454 7.706983 268.355408
v 51.391815 1.163576 212.608795
v 54.156666 -2.790210 215.182205
v 56.802784 -5.054168 219.673508
v 65.357178 -0.650795 242.512894
v 72.654793 2.318532 251.453247
v 74.764511 9.079190 266.656677
v 78.286842 12.753634 273.020508
v 35.836590 -0.586408 201.488586
v 43.908649 0.007546 209.157730
v 44.989365 -4.374343 211.519714
v 51.611961 -3.719285 235.695892
v 59.644241 -0.633264 241.573013
v 63.486099 2.406604 254.470703
v 65.687584 7.749547 267.311005
v 59.883888 7.557674 271.740570
v 25.229261 1.063378 189.133347
v 27.656006 0.833703 193.502762
v 30.040113 0.169300 197.334976
v 44.989769 -5.242554 234.491226
v 48.794098 -2.593816 242.020126
v 51.607029 0.033678 255.056381
v 53.625488 3.327995 266.931702
v 57.447357 8.573004 274.589539
v 19.297997 1.714897 185.731812
v 22.005905 1.458360 187.256348
v 29.805502 -8.440833 226.288055
v 36.536053 -5.622644 231.162476
v 38.859631 -4.983860 241.928467
v 40.647724 -3.427315 254.842407
v 40.298901 -0.503319 264.354340
v 36.060421 -2.654547 265.855835
v 15.921082 3.928494 179.567551
v 16.661791 2.628577 183.264008
v 16.861549 2.382722 184.556870
v 29.383635 -7.330438 229.166626
v 28.543148 -8.481235 232.952209
v 29.194382 -6.716271 244.202515
v 29.192564 -6.048023 254.550156
v 28.139313 -5.059045 261.511230
v 27.940947 -2.139297 267.965576
v 12.432893 6.187407 176.395477
v 13.678639 5.582549 178.249908
v 14.497039 -8.301605 233.033539
v 17.989832 -8.130985 235.806137
v 19.070339 -6.477597 246.715088
v 18.352535 -5.674955 255.120773
v 17.701712 -4.303759 262.296295
v 18.064022 -1.264919 268.329071
v 10.272035 6.125937 176.813934
v 6.793859 0.647160 180.066956
v 8.454757 -7.306299 233.853394
v 9.313436 -5.798864 240.316437
v 9.149047 -4.675093 248.644592
v 8.910567 -3.345293 256.706329
v 8.569757 -1.745270 263.669678
v 9.216249 0.876031 269.838745
v 1.597484 -3.489272 182.808517
v -0.461268 -6.519178 233.737701
v 0.418181 -4.259390 240.937164
v 0.644231 -2.395740 249.016846
v 0.526070 -0.935296 257.562836
v 0.245542 0.846860 265.177887
v 0.246922 3.654585 271.986603
v -4.358184 -6.260985 185.376251
v -8.113429 -7.444785 186.521255
v -8.577024 -5.246557 232.315689
v -8.466663 -2.161922 240.130661
v -8.040268 0.324617 249.171860
v -8.028875 2.113527 258.718536
v -8.655912 4.347726 267.755035
v -9.380609 7.444661 275.473816
v -12.883570 8.844871 282.032013
v -13.128189 -6.780279 187.368225
v -16.238707 -3.329246 231.581818
v -16.692747 0.747466 239.513611
v -17.153257 3.338829 249.667480
v -17.680351 5.925637 260.195160
v -18.811302 8.392240 270.282867
v -19.689758 10.411290 279.206879
v -14.934730 11.675436 285.713318
v -25.638079 24.995173 326.886932
v -22.644394 22.113167 335.453430
v -23.274870 14.262234 347.208771
v -25.951757 3.691025 354.240631
v -29.341143 -7.256078 364.343689
v -17.045486 -5.650264 188.464325
v -19.790722 -5.849870 187.981888
v -24.336508 -0.819449 231.134079
v -25.770468 3.536083 239.733063
v -26.924921 6.474214 250.238693
v -27.473890 9.122143 261.792084
v -28.447445 11.025743 272.131927
v -23.991339 13.586285 278.381622
v -32.664394 24.099115 324.799530
v -39.209011 18.856720 332.453247
v -35.830639 2.529582 356.498077
v -36.238590 -5.613286 361.701263
v -24.461184 -4.651155 189.222687
v -32.999954 1.513720 230.924850
v -34.801933 5.700504 239.835709
v -36.373238 8.652038 250.292328
v -37.462761 11.115857 262.990112
v -38.269577 13.272146 273.215973
v -42.882511 15.990181 284.237671
v -44.085705 14.505545 289.575806
v -40.500942 22.939846 327.896545
v -44.600239 20.633856 338.948792
v -45.278755 13.498093 346.493805
v -42.033920 3.124310 350.903900
v -42.677464 -6.054179 358.938385
v -29.961536 -3.597074 190.326752
v -33.289322 -4.487473 190.767532
v -41.595551 2.908187 230.578842
v -43.242901 6.894176 238.469650
v -44.774071 9.519662 248.642670
v -46.656307 11.609453 260.594055
v -48.386028 12.885920 272.441742
v -50.278549 13.712682 282.311340
v -46.941299 16.701998 293.008636
v -34.862083 -2.017576 193.312012
v -37.652248 -2.003328 194.111725
v -39.939434 -1.825156 196.468811
v -41.420784 -1.651032 200.023819
v -50.437054 3.465730 230.210327
v -51.857914 6.740322 236.691559
v -53.918106 8.888547 245.375031
v -54.817867 10.796942 255.981049
v -56.660515 12.076127 267.193359
v -57.697990 13.948530 275.480316
v -42.413719 0.059816 198.735535
v -45.296261 0.606851 200.635361
v -48.405937 0.451425 203.393738
v -51.243961 -0.430625 206.557129
v -54.672237 4.793227 231.647995
v -59.956135 4.116468 235.135590
v -61.309219 8.025334 243.091202
v -63.263897 9.550266 252.201111
v -64.228348 10.525742 261.792084
v -65.812546 11.625403 271.376953
v -51.923985 1.630813 204.357162
v -55.676487 1.896700 207.040436
v -59.037800 1.355524 210.405685
v -62.922344 1.387707 215.910278
v -66.448952 1.284810 221.386688
v -64.710541 5.892527 238.830109
v -68.189377 5.626915 242.576080
v -72.746162 5.712405 250.070297
v -72.643471 8.897724 260.599792
v -75.882759 9.479734 271.465668
v -76.846741 7.910357 276.013458
v -63.834103 3.494827 211.156174
v -68.620491 3.622762 215.589493
v -71.050659 2.480152 220.828430
v -68.959473 -0.572439 221.652878
v -76.524582 7.779608 256.734802
v -80.523392 5.641414 260.656647
v -85.603195 4.641275 269.833618
v -84.845535 5.247971 279.013489
v -75.541847 5.176291 219.729645
v -79.675285 3.841268 223.353729
v -89.268196 3.764584 251.669571
v -90.750954 6.064245 259.511780
v -91.693970 3.641040 270.950836
v -88.675240 3.026954 278.285461
v -83.396385 3.423221 228.044617
v -85.081261 2.498136 233.330841
v -86.410233 1.446409 238.987091
v -87.559738 0.234994 242.547943
v -90.262413 0.739514 247.154175
v -91.178825 3.820231 252.795547
v -90.353859 2.071543 257.922699
v 76.479843 0.926429 232.183380
v 76.390175 -0.727159 234.618896
v 79.105537 -1.465499 240.053040
v 81.893219 -4.871097 247.536514
v 84.508011 -9.803316 255.623657
v 85.730713 -18.566420 262.224060
v 70.612236 -7.708265 226.568527
v 72.294373 -2.673897 229.114960
v 71.869278 -3.729826 230.531952
v 84.117455 -1.407393 260.554840
v 84.782837 -6.942960 263.550781
v 66.263466 -3.769044 223.682938
v 66.208366 -4.977973 226.571701
v 68.159126 -5.503056 231.334137
v 73.299561 -6.134368 238.462631
v 78.869286 -2.474008 249.444504
v 82.408073 -0.022605 260.121521
v 82.908279 0.009488 265.223206
v 54.269241 -6.587421 217.334030
v 56.727859 -4.581079 219.901794
v 58.998829 -6.094786 225.454041
v 64.462013 -5.831007 232.203583
v 70.582603 -2.243896 242.028992
v 75.113129 0.715349 247.946777
v 37.415890 -4.310855 202.785553
v 37.973320 -5.903685 206.757538
v 44.186840 -5.978832 213.574539
v 46.783962 -7.717008 219.275711
v 50.282177 -8.442875 225.179352
v 57.796429 -4.897972 233.551559
v 62.270409 -2.075226 238.266418
v 26.234880 -3.112444 191.798096
v 26.366453 -4.098034 193.556961
v 29.474174 -4.732552 199.299606
v 31.158621 -8.062288 205.520264
v 33.112682 -8.462111 211.101791
v 36.305740 -8.873539 217.583252
v 41.207573 -9.832697 223.755630
v 43.221569 -8.142187 229.324341
v 18.771614 -2.288783 185.494843
v 22.247772 -3.798585 188.457428
v 23.038376 -6.489219 193.253342
v 24.570385 -8.562066 198.943542
v 25.824141 -10.131117 204.017166
v 24.301418 -10.141621 208.502655
v 28.621130 -10.283377 216.382401
v 33.010693 -9.126264 222.851135
v 38.146435 -6.244690 229.262131
v 16.242708 1.123922 180.600479
v 14.733410 -1.493279 183.569855
v 16.190353 -1.454440 184.634109
v 19.999744 -11.732726 210.035004
v 23.252960 -11.590197 217.508835
v 25.913651 -10.523086 223.483078
v 24.685650 -11.064196 230.118057
v 11.339177 2.551955 177.296799
v 11.076393 -1.115715 180.361328
v 12.661921 -0.489343 182.081650
v 15.029390 -12.485066 212.546539
v 16.078482 -11.921626 218.750290
v 17.181911 -10.727863 226.637238
v 23.246248 -9.532363 233.460480
v 10.753340 2.394270 177.101654
v 8.551208 -1.647028 180.433075
v 5.575642 -5.727040 184.624893
v 8.200484 -12.095092 214.392883
v 8.139999 -10.650548 220.224030
v 8.943263 -8.931333 226.724045
v 4.021441 -4.212573 182.647522
v 0.956194 -7.865253 185.857254
v -1.543532 -9.301443 188.801376
v 0.234280 -11.723751 214.365723
v 0.199477 -10.025669 219.894608
v 0.475187 -8.216141 226.099075
v -2.205631 -7.124364 183.751114
v -4.435344 -7.778482 186.265198
v -7.331335 -8.808487 188.325058
v -6.888130 -11.388518 212.994522
v -7.208773 -9.544661 217.959335
v -7.391671 -7.964729 224.950943
v -17.484369 8.593579 332.787109
v -14.048374 5.580586 340.016327
v -14.955077 -1.004341 351.479218
v -16.427059 -11.947876 360.620758
v -10.477762 -7.017871 186.302582
v -12.600817 -7.402437 187.731598
v -13.215541 -7.661399 190.569931
v -13.527148 -7.937850 194.280609
v -14.228304 -9.318819 197.428375
v -14.954706 -10.809766 203.320587
v -12.774183 -9.165008 209.120514
v -13.881928 -8.473425 216.581009
v -14.616119 -6.813189 223.965012
v -24.068438 17.351498 328.668915
v -18.526325 13.370467 336.940918
v -18.867876 7.553946 348.323669
v -21.208025 -6.393443 357.417664
v -27.690214 -18.713505 364.979431
v -15.431334 -6.376584 186.374817
v -16.823078 -6.103329 188.203430
v -17.746080 -6.275959 191.056198
v -17.997164 -6.607778 194.883972
v -19.147890 -8.258476 198.022934
v -18.498720 -8.343914 203.449722
v -19.597223 -7.919287 208.844269
v -20.453375 -7.358455 216.443817
v -21.618870 -4.935458 223.159012
v -35.145081 18.357174 330.799561
v -40.899044 6.626882 332.766571
v -34.810040 -17.400257 364.902557
v -22.024273 -5.730043 188.432205
v -23.995743 -6.394313 190.770050
v -24.263557 -6.410618 194.411377
v -24.691584 -7.215842 198.124893
v -25.594311 -6.947602 203.189102
v -26.786333 -6.453339 209.470963
v -27.737274 -5.551600 215.753250
v -29.374327 -2.955219 222.523376
v -47.280445 1.745585 331.555847
v -42.576954 13.049118 338.396576
v -46.217396 -4.810277 345.927063
v -44.728352 -12.369732 353.204865
v -41.320377 -15.259281 361.586029
v -27.669052 -5.017647 189.140442
v -29.655378 -5.387893 191.286743
v -30.913143 -6.028538 194.387009
v -31.399246 -5.923851 198.367416
v -32.226692 -5.779121 203.242523
v -33.638443 -4.747822 209.544525
v -35.205288 -3.709169 216.023834
v -37.323933 -1.227477 222.265839
v -57.514568 -29.071678 349.154022
v -50.376038 -14.215676 353.770782
v -34.694992 -3.493196 193.082535
v -36.183392 -3.624458 196.396027
v -37.802677 -3.959472 199.943619
v -39.617130 -4.349889 203.852386
v -40.868675 -3.832308 209.764771
v -43.275589 -2.666473 216.973785
v -46.939533 -0.278413 223.117249
v -43.684280 -1.413932 202.971008
v -46.915726 -2.412085 206.319168
v -49.859028 -2.949308 211.095978
v -53.847431 -2.284829 218.965897
v -57.308578 0.631965 226.324478
v -59.345287 1.140143 230.806778
v -54.292545 -0.519638 210.217804
v -57.806538 -0.693066 215.624329
v -63.350559 -0.812712 222.454544
v -66.837395 -0.884808 227.913345
v -69.161964 1.390830 234.391235
v -72.436539 2.104408 241.155060
v -71.309105 2.879689 246.960709
v -71.716499 -1.507858 221.751053
v -71.047470 0.839666 224.115402
v -75.872864 1.679431 229.537018
v -77.563515 1.249079 234.685760
v -78.212967 1.277280 240.483292
v -81.478745 3.609690 248.971756
v -84.847687 2.405003 257.670746
v -85.467987 -3.261684 265.770721
v -78.033745 2.684445 223.142395
v -81.944756 2.529617 228.818878
v -82.962570 2.093315 231.124680
v -84.836617 1.883051 234.528336
v -87.805054 3.586330 239.985275
v -91.419128 2.411601 249.727341
v -87.814766 1.011213 259.189178
v -88.403145 -1.711981 268.108459
v -83.754478 3.409641 228.245056
v -87.973015 1.208191 234.347595
v -88.792557 -1.006178 241.355164
v -90.376968 -3.215105 244.443924
v -92.198143 -4.245940 247.890259
v -91.790619 0.671024 248.051056
v -88.172531 0.928628 234.638290
v -90.104752 0.082530 239.565155
v -92.079109 -3.457659 243.893555
v -95.806183 -4.964124 248.300400
v 75.048943 -7.312744 231.232483
v 77.695107 -11.870057 238.548325
v 81.099319 -16.611223 247.326447
v 84.405899 -22.752169 256.211823
v 86.277603 -30.792307 261.845856
v 73.060585 -5.508626 229.746262
v 84.866631 -21.921432 263.384338
v 71.565659 -6.230040 233.090698
v 74.857025 -8.073917 239.615829
v 78.521065 -8.130477 248.078629
v 80.086502 -9.302543 256.469513
v 81.849304 -13.184176 261.826874
v 20.528622 -5.874358 186.849823
v 19.095715 -6.210845 188.581268
v 19.810545 -7.906210 193.341339
v 20.998779 -10.478550 197.416702
v 22.368271 -12.103732 202.156494
v 24.244751 -12.661963 203.950562
v 15.466574 -3.117580 183.954895
v 14.057287 -5.647721 183.899063
v 15.421843 -6.927423 188.282013
v 16.051275 -8.815395 191.990753
v 17.000860 -11.316752 195.580139
v 18.140577 -12.977648 199.792984
v 16.348230 -12.996825 203.294739
v 12.135940 -3.718770 181.900970
v 12.401652 -4.787035 183.654083
v 12.557574 -3.257959 185.639694
v 14.427384 -15.918534 202.444244
v 13.642535 -14.222727 205.061066
v 10.221862 -3.950929 181.813126
v 7.792914 -6.703487 185.707443
v 6.556297 -9.038960 188.376755
v 8.483638 -15.898822 199.322037
v 9.576237 -14.650220 202.274063
v 9.413279 -13.958322 208.326584
v 4.936672 -7.798672 187.654175
v 1.848849 -10.162208 190.020905
v 0.705441 -11.922112 192.131409
v 1.049743 -12.998395 195.099121
v 2.860731 -14.173783 198.924255
v 3.188014 -14.668966 204.185074
v 1.848881 -13.981951 209.513031
v -3.170390 -10.280517 190.140717
v -4.891702 -11.511957 192.717621
v -3.993653 -12.316776 195.915771
v -3.963496 -13.646962 199.851898
v -5.257001 -14.636750 204.187103
v -5.596931 -13.998947 208.773514
v -12.409338 1.076250 337.960693
v -13.178356 -5.939200 345.361359
v -12.114520 -16.056498 355.069427
v -16.432873 -28.997622 361.672058
v -8.825952 -9.317061 189.578674
v -9.825130 -9.846343 192.744629
v -9.505230 -10.449175 196.472900
v -10.630309 -12.464920 199.534836
v -11.683091 -12.399428 204.146622
v -8.861701 -12.115428 207.022614
v -20.161194 1.267543 334.777924
v -18.130203 -13.668204 347.396240
v -22.015991 -23.239723 362.375366
v -27.935785 -35.190281 367.352356
v -15.610664 -10.827577 199.966843
v -15.274287 -10.481391 201.046661
v -31.558130 5.691093 334.994598
v -34.804832 -30.555454 366.803497
v -39.742512 5.415507 336.913330
v -41.244602 -4.589072 344.800934
v -43.030182 -16.999794 351.411591
v -44.486759 -25.216593 358.384491
v -41.068798 -27.707180 363.547943
v -49.706429 -16.601950 352.152069
v -49.557480 -21.896418 355.648651
v -84.597687 0.575561 229.946136
v -85.602638 -1.136623 231.171143
v -87.092308 -1.032558 234.246292
v -89.031654 0.540306 238.986679
v -90.565041 -2.915648 243.923996
v -85.861473 -2.131236 230.696625
v -84.232651 0.675457 232.542740
v -95.464043 -5.863898 250.202835
v -93.915329 -5.855341 248.338089
v -85.393227 -3.692864 227.916931
v -89.166328 -1.816222 234.846237
v -90.688965 -6.150354 241.656586
v -93.951332 -9.820834 245.789062
v -96.148445 -11.825618 249.241455
v -98.171783 -11.031455 250.851791
v 70.236374 -27.063555 222.502487
v 74.681320 -21.070181 229.352310
v 77.246964 -24.912891 237.458557
v 81.022293 -30.653812 247.755417
v 84.717476 -36.659634 256.614471
v 85.761513 -41.475636 264.024353
v 86.132927 -51.921722 268.729034
v 62.752945 -34.413868 226.300018
v 70.851456 -18.023983 227.066528
v 83.534401 -38.117249 263.669342
v 84.614441 -48.691715 267.588593
v 70.587402 -11.696109 229.791138
v 73.376793 -15.671451 236.964890
v 77.530647 -18.240156 244.972443
v 79.580467 -21.818962 253.265411
v 80.424881 -28.812214 259.917053
v 14.761578 -7.032406 184.537354
v 14.493045 -8.244880 186.591675
v 15.125930 -9.028143 188.428680
v 15.153049 -11.058738 190.454895
v 15.562850 -13.417083 193.554092
v 16.347277 -15.347314 196.932022
v 16.163271 -15.471956 199.403992
v 13.241113 -3.763618 181.505814
v 11.439931 -5.781694 184.134720
v 14.031166 -6.288706 185.820770
v 14.178212 -16.196686 201.979111
v 13.327684 -14.579041 202.158798
v 11.218624 -5.460496 182.924408
v 10.430045 -6.035255 185.462372
v 8.284545 -9.094521 187.406860
v 8.890484 -15.677332 197.011169
v 11.307174 -15.385318 200.277924
v 11.837763 -15.295037 200.230423
v 5.085363 -11.392467 189.477890
v 3.672666 -13.423328 191.345810
v 4.156786 -14.409169 193.848083
v 5.886581 -14.693343 195.590134
v -13.354832 -26.564793 354.312225
v -12.621781 -35.779575 358.697632
v -16.787725 -45.925995 366.589355
v -18.242720 -50.920338 377.021973
v -20.848631 -20.012011 347.582397
v -20.207581 -24.181875 351.337921
v -20.863667 -37.690605 368.059753
v -26.234625 -48.848915 370.980072
v -27.591797 -13.842100 343.319122
v -31.785706 -26.250013 352.595703
v -35.276028 -45.029045 370.986755
v -36.362267 -12.211127 343.323212
v -38.675865 -23.308979 351.580200
v -42.016880 -31.906454 355.780823
v -44.257751 -38.132504 361.909088
v -41.137352 -40.625183 368.048889
v -48.254375 -29.120544 355.248199
v -48.837845 -35.131638 358.229797
v -82.990364 -8.307875 224.707764
v -82.517952 -8.535354 226.750778
v -85.366043 -7.749875 229.285080
v -86.662003 -8.318907 232.247192
v -87.691963 -8.821802 236.754761
v -88.680916 -13.224322 241.522568
v -84.133804 -13.246970 224.286774
v -83.514839 -8.080229 227.887756
v -83.440712 -3.192420 227.603226
v -93.636543 -13.320656 246.322998
v -86.309753 -15.518781 221.313629
v -87.043037 -9.686640 229.433914
v -88.540436 -12.219807 236.541718
v -90.529572 -15.817719 240.317108
v -94.264946 -18.224522 245.115234
v -96.900887 -18.721964 248.781998
v -97.419403 -17.034628 249.131378
v 71.530869 -32.338943 224.509766
v 74.244705 -29.064280 230.964935
v 78.344742 -35.977085 239.742065
v 81.968674 -41.814121 249.166565
v 84.817192 -46.489887 256.572754
v 87.309036 -51.409393 263.290344
v 87.319481 -56.693367 267.877502
v 69.888237 -26.530796 223.354645
v 70.042496 -26.374142 226.579178
v 73.322365 -32.167629 234.552826
v 82.827621 -50.941582 264.203156
v 85.209938 -54.973320 268.579834
v 70.796524 -20.574263 229.296036
v 74.305695 -26.738314 237.673660
v 77.145386 -31.493977 244.858246
v 78.622162 -35.964813 253.030624
v 79.876823 -43.170868 259.917877
v 16.642841 -7.318552 184.587296
v 15.407804 -7.878616 185.586990
v 13.615011 -11.520989 188.307205
v 15.332609 -14.682286 189.003723
v 15.608178 -16.907900 191.562500
v 16.152988 -17.206976 194.398041
v 15.707020 -17.431395 195.713150
v 12.495093 -6.117467 183.757675
v 13.345345 -7.805104 185.296799
v 13.661435 -8.875598 186.749008
v 14.130144 -14.870631 198.701813
v 10.822349 -4.656091 184.285751
v 8.692322 -8.541015 185.547318
v 10.067399 -16.204954 195.443390
v 10.222721 -14.943711 198.208664
v 11.752722 -14.372391 199.275711
v 6.482519 -13.144365 187.335114
v 5.470181 -14.968018 188.528931
v 5.757506 -15.368155 190.745071
v 6.728997 -15.753524 193.740021
v 7.847842 -14.584441 193.591019
v -11.159911 -45.384254 364.663574
v -15.679669 -50.128689 364.403717
v -16.345469 -56.082954 372.436401
v -19.716486 -61.898396 378.003845
v -21.482044 -43.137390 360.124329
v -22.194956 -56.337452 372.192047
v -27.122833 -59.004326 377.755859
v -30.298632 -38.460503 358.088501
v -36.091282 -55.606457 376.524536
v -36.952091 -36.602596 355.764343
v -40.624756 -42.240227 359.013336
v -44.794720 -49.263802 364.453888
v -42.256695 -50.913898 374.420197
v -46.238789 -41.625923 358.752472
v -51.889000 -53.581932 366.379303
v -80.974541 -13.679041 223.008698
v -81.878929 -15.133027 224.036118
v -84.878746 -16.754576 227.105347
v -86.385880 -18.572445 230.450607
v -87.883492 -20.861660 235.384567
v -88.468109 -27.069708 240.388245
v -83.309486 -16.516174 222.400970
v -81.490105 -13.998932 222.723770
v -92.458626 -23.640665 243.980774
v -85.137543 -16.533531 223.875443
v -86.729683 -17.335926 229.036469
v -88.158119 -20.657047 233.768570
v -91.044006 -23.982262 238.238220
v -93.710304 -24.754637 242.534912
v -95.888115 -25.432222 245.757370
v -95.612144 -24.327887 245.777756
v 81.532143 -48.562241 237.714493
v 85.304176 -50.554100 243.923309
v 86.921303 -53.145519 250.127991
v 87.567291 -58.431259 253.720566
v 75.317245 -45.466583 231.126526
v 77.971581 -39.797607 235.354385
v 81.763214 -44.971821 242.839172
v 84.185371 -48.659100 249.970718
v 85.864975 -51.297951 256.758026
v 86.851929 -57.779640 262.840088
v 87.227455 -63.427242 267.093414
v 66.230896 -56.590565 233.636902
v 74.462837 -36.757233 233.396179
v 77.488770 -43.117100 239.357773
v 82.838623 -58.577660 264.136230
v 85.397209 -60.633129 266.886993
v 76.029625 -38.356255 241.084885
v 77.009674 -43.297703 246.785858
v 79.146660 -47.717907 254.004776
v 80.350334 -54.462746 261.241852
v 14.899770 -16.210020 186.212433
v 15.701609 -19.466223 187.991318
v 15.650776 -21.534939 189.770920
v 16.028479 -22.559994 192.652267
v 14.917140 -23.795769 195.919296
v 15.975758 -27.692816 198.203506
v 12.480546 -10.050645 182.623779
v 12.624400 -12.083583 184.823242
v 13.197933 -13.243052 185.788849
v 14.061069 -19.489809 196.162796
v 14.790551 -22.509754 197.088669
v 10.943557 -7.873930 183.228394
v 9.702916 -10.714752 184.431381
v 9.404016 -13.013940 185.209488
v 10.213328 -17.341198 194.583542
v 12.060103 -16.799282 195.439423
v 8.267472 -12.017796 185.551666
v 7.164082 -14.371818 186.414413
v 6.780274 -15.863427 187.838501
v 6.465936 -16.325003 190.608826
v 7.780104 -16.697269 192.896851
v -17.435965 -62.480064 371.102020
v -16.756752 -68.021263 374.416504
v -19.524788 -73.249603 381.607422
v -25.446272 -57.618111 361.138763
v -22.937445 -60.237778 367.248657
v -27.411911 -69.095894 381.285095
v -31.817596 -52.373203 360.331390
v -36.604259 -65.696266 380.170258
v -37.988419 -47.489017 358.248596
v -40.887203 -51.650753 363.957275
v -43.116116 -56.403770 371.893127
v -43.401978 -61.213329 378.738434
v -83.487999 -18.762432 218.828217
v -83.635696 -27.095284 223.204285
v -84.800430 -29.147720 226.183945
v -87.071503 -31.547915 230.276047
v -89.347160 -36.375568 235.887177
v -91.769577 -40.641804 241.842224
v -85.871887 -18.946852 217.327362
v -86.692932 -25.016783 219.843658
v -86.531174 -24.883833 218.720383
v -95.556175 -45.969654 241.018341
v -92.723358 -36.040920 242.612900
v -85.138420 -20.586760 222.559464
v -87.099785 -22.663036 226.886047
v -88.728607 -26.575237 230.492264
v -90.833664 -29.544298 234.640274
v -93.175591 -31.171974 238.591370
v -95.181480 -31.949089 241.991028
v -95.393478 -32.462402 243.456238
v 85.354599 -55.328068 239.893631
v 87.386398 -58.021572 244.791016
v 89.565208 -61.093555 250.754761
v 89.542511 -64.696510 255.212006
v 78.650757 -50.747307 232.555634
v 81.320923 -52.136620 236.437683
v 87.215637 -59.609100 258.106689
v 88.555473 -65.084770 262.277405
v 89.116280 -73.063599 268.345215
v 76.309937 -48.559021 232.592041
v 78.260742 -49.991753 236.963455
v 79.524788 -54.095253 242.177139
v 81.860748 -63.848789 261.397461
v 84.111717 -61.215714 262.626221
v 86.630554 -68.857239 267.710205
v 77.623222 -49.278851 243.881226
v 78.668022 -52.979614 248.906982
v 78.934563 -56.945587 257.895203
v 80.138809 -62.714603 265.121765
v 15.800048 -18.761396 185.890076
v 15.259285 -25.451984 187.988876
v 15.927783 -28.304543 190.259491
v 16.123713 -31.075035 192.889389
v 16.634424 -34.237423 196.542831
v 16.294748 -39.229500 199.618362
v 12.284161 -17.592421 181.997910
v 12.979125 -17.390188 183.259598
v 14.119820 -19.415579 185.802612
v 12.229850 -23.909142 186.946762
v 13.679243 -22.978975 196.682831
v 14.150106 -32.347389 199.178711
v 10.880972 -13.908668 182.027588
v 10.422135 -14.969590 183.636963
v 10.639770 -15.949037 185.129028
v 11.628095 -19.495871 192.748550
v 13.060909 -24.427029 195.787094
v 12.676745 -28.360100 196.946320
v 8.650571 -15.618379 185.130951
v 7.856582 -17.809219 186.511429
v 8.099014 -19.596146 188.911942
v 9.368629 -22.064720 193.034973
v 9.811776 -23.422321 192.682678
v -17.157045 -75.996193 370.501740
v -15.986483 -81.914314 375.595856
v -18.987251 -84.958420 384.476929
v -27.292635 -74.496880 368.630890
v -27.454260 -71.000092 369.539032
v -26.965197 -80.360603 386.344421
v -31.531303 -63.916618 363.853729
v -36.134903 -66.714050 370.221313
v -36.807503 -76.665504 384.151062
v -39.453125 -58.848747 363.145538
v -42.002705 -62.174850 368.742065
v -44.179276 -67.080795 375.215881
v -43.966602 -72.502754 382.682953
v -84.155632 -38.541397 224.494476
v -85.201118 -42.706520 226.930923
v -88.039177 -44.578484 232.178619
v -90.490517 -48.028450 237.525558
v -92.903450 -55.975677 244.887970
v -84.643387 -31.078529 222.646576
v -83.485558 -34.313122 222.963715
v -93.772148 -42.527786 239.554871
v -93.737167 -47.888145 243.399368
v -86.582596 -28.328857 224.508438
v -88.432220 -33.275658 227.521973
v -90.490631 -36.694809 231.780518
v -92.997444 -39.658924 236.684525
v -94.909416 -40.366280 240.611832
v -95.886971 -42.738426 243.413727
v 83.867798 -64.050270 240.166824
v 87.312683 -63.886673 244.852982
v 89.036003 -66.852867 250.799423
v 88.230293 -69.925041 255.348785
v 81.141182 -60.656326 235.016663
v 82.520355 -61.054688 238.641510
v 84.981758 -65.365623 245.104614
v 87.305405 -67.643585 251.496170
v 88.668793 -67.940872 257.967560
v 91.176880 -76.935036 264.670105
v 90.508797 -83.697365 271.435760
v 79.320389 -57.440128 234.599625
v 80.029045 -59.947308 239.328629
v 80.831375 -60.980270 244.393967
v 82.719917 -61.004211 249.711792
v 84.226532 -63.907196 257.984985
v 87.363365 -74.606552 265.116791
v 87.444832 -82.598770 273.543488
v 79.269836 -57.258793 246.128571
v 80.370216 -59.828880 251.571457
v 79.238312 -66.509766 260.038971
v 15.698371 -30.766621 188.421280
v 14.861665 -39.398598 192.237686
v 15.920406 -42.419781 194.844162
v 14.830549 -50.082478 199.350967
v 16.482035 -49.108513 203.557938
v 13.186405 -21.559574 182.011429
v 15.109581 -21.511089 183.024628
v 13.530279 -29.082376 185.937683
v 13.687704 -35.188026 189.491074
v 11.683421 -41.094700 191.338348
v 14.143888 -53.044044 203.851151
v 13.510976 -48.845688 201.540955
v 11.753617 -19.626720 181.545395
v 12.722940 -19.117085 183.034454
v 12.573462 -21.876991 185.035294
v 11.395643 -34.736225 196.654083
v 12.119573 -40.663700 198.690079
v 10.599918 -19.317057 184.261398
v 10.491038 -22.796236 186.016953
v 9.838624 -26.572876 189.276611
v 9.303694 -29.879196 192.820587
v 9.790936 -31.620819 194.901108
v -17.806566 -98.216736 374.663849
v -17.066261 -90.548386 377.483643
v -18.943087 -93.502068 386.437073
v -22.210054 -83.984360 374.528778
v -28.994215 -93.234001 379.890869
v -28.963440 -98.160538 387.190002
v -32.572140 -77.284126 377.248779
v -36.539150 -83.009064 379.044495
v -36.460995 -89.939621 387.418884
v -41.306782 -73.432793 373.206421
v -43.780796 -78.979599 378.750763
v -44.550186 -86.016258 383.981934
v -84.926758 -52.441498 225.798889
v -86.228157 -55.559895 228.905029
v -89.173431 -57.416683 234.858810
v -91.006248 -60.468025 241.841125
v -93.015808 -65.159126 247.879333
v -87.887947 -53.003700 219.708191
v -84.492661 -45.740547 221.550705
v -84.466942 -46.205688 224.243286
v -97.027557 -63.423740 250.815933
v -103.636787 -79.677490 256.224396
v -89.746460 -58.901684 217.677689
v -90.497299 -45.820934 220.682831
v -89.087746 -42.362183 226.996109
v -92.525238 -47.966911 232.085342
v -95.372505 -51.684441 236.946823
v -97.836540 -53.552929 242.000839
v -99.699440 -59.223389 247.582947
v -105.483459 -75.252296 253.884995
v 78.883003 -69.401260 235.471115
v 83.818787 -67.455330 240.359543
v 85.493607 -70.643692 247.428238
v 88.487770 -75.584946 254.468872
v 91.387070 -74.882385 257.862030
v 89.262810 -87.952164 265.426544
v 80.553680 -65.515121 236.797882
v 82.607338 -66.085785 241.738144
v 84.320671 -67.150024 246.723236
v 85.554138 -71.224289 254.815720
v 87.993668 -75.509544 259.382965
v 88.280235 -86.610657 267.009247
v 15.052585 -47.199425 193.862289
v 13.698222 -57.875275 197.917999
v 13.525829 -62.151306 202.187943
v 13.774802 -36.500084 184.523178
v 12.657413 -44.233414 187.355621
v 11.358112 -48.583611 191.198853
v 11.393780 -52.041077 194.768967
v 9.742232 -59.559734 198.094666
v 12.255715 -56.220142 202.068008
v 10.417617 -62.562122 205.017273
v 12.805347 -28.086815 184.608322
v 10.029731 -32.951145 187.489304
v 11.324481 -49.355190 198.938797
v 11.220870 -57.566345 202.023758
v 6.083255 -35.084301 185.893692
v 10.926810 -28.201223 185.577499
v 11.675517 -32.344872 187.477966
v 10.503695 -37.646523 190.757492
v 9.884778 -40.654415 194.049576
v 10.470992 -43.419189 196.292175
v -30.830816 -104.357033 380.448883
v -32.862438 -111.260849 382.955322
v -33.519299 -97.608643 380.741272
v -35.555771 -100.878555 385.086914
v -43.186359 -94.271538 380.738068
v -49.127956 -107.509567 383.930725
v -88.601578 -62.528606 227.925659
v -87.309036 -63.074612 231.403000
v -90.332352 -65.767853 237.177933
v -92.027733 -69.043861 243.902664
v -94.679543 -74.851997 249.370071
v -88.460281 -57.657154 219.096741
v -84.839317 -52.480488 221.886948
v -92.117523 -60.577728 225.458466
v -90.707718 -67.360771 232.736252
v -94.317261 -71.363647 239.594788
v -98.094971 -72.147629 245.766052
v -99.590569 -72.458443 251.271133
v -104.081421 -90.073059 257.903198
v -87.082779 -53.036045 219.916351
v -88.865440 -49.737720 223.483765
v -91.559418 -54.945137 227.694107
v -95.023628 -61.212471 232.904678
v -98.174561 -64.845032 239.015411
v -102.107292 -68.523262 245.234619
v -104.376114 -74.701614 253.251175
v -107.388916 -95.559380 259.808258
v 87.669159 -86.140984 249.686829
v 85.437653 -92.918022 253.009766
v 84.896538 -78.484207 248.759293
v 85.295586 -85.681343 253.614120
v 14.538066 -66.454414 202.633850
v 13.219839 -68.396561 204.292892
v 11.383485 -54.433491 186.916550
v 10.327177 -59.614342 189.850891
v 8.702278 -63.292484 193.248459
v 7.560499 -65.649696 197.223450
v 8.483787 -67.512352 201.148911
v 9.316763 -68.000229 204.811218
v 10.854057 -73.610229 209.118118
v 11.999436 -45.679916 184.986969
v 10.243711 -64.412766 202.416595
v 8.905393 -71.225288 208.534836
v 11.106830 -36.979034 184.637634
v 11.122085 -40.534237 186.230530
v 10.350776 -45.642582 189.438293
v 9.873685 -49.939854 192.514969
v 9.480212 -52.576527 195.723846
v 9.159684 -60.074066 199.996887
v 7.067567 -70.979233 205.778244
v -91.630630 -69.690872 227.979645
v -91.367340 -71.170212 233.023056
v -94.904297 -76.129128 240.279968
v -97.913002 -84.204468 245.016144
v -92.840973 -66.992058 229.476746
v -96.278336 -72.546692 235.784805
v -98.974754 -75.625099 241.444870
v -101.422195 -81.613747 245.487152
v 8.691376 -67.775459 187.146667
v 9.010589 -71.890923 191.080582
v 7.440466 -74.313339 194.405869
v 6.806009 -75.438614 197.806992
v 7.800083 -76.418991 201.249725
v 8.224605 -78.818588 207.933029
v 10.069875 -79.116722 210.266769
v 9.056944 -64.349197 187.971863
v 4.735712 -74.872612 188.704300
v 8.052526 -79.348671 207.518066
v 9.807684 -77.167435 209.609756
v 8.990765 -52.850033 186.250900
v 8.404300 -56.543495 188.673874
v 8.060836 -60.148735 191.607925
v 7.691612 -62.889671 194.548721
v 7.680449 -65.990417 197.538910
v 5.566938 -73.659706 205.349213
v 5.864967 -79.523155 209.675613
v 7.100902 -79.505577 191.106155
v 7.648464 -79.773178 194.052994
v 7.582248 -79.327950 197.570297
v 8.523571 -81.393600 201.676331
v 8.232093 -82.954132 205.122681
v 4.269063 -74.918495 187.036865
v 6.942178 -76.523964 190.566086
v 6.062464 -77.697578 192.770355
v 5.774239 -78.779839 196.515442
v 6.387407 -81.109291 201.055649
v 7.283690 -81.862068 205.055908
v 7.294800 -68.622200 186.926819
v 6.559114 -69.770576 189.505524
v 6.087239 -71.155678 192.791473
v 5.815012 -73.679634 196.052750
v 5.647861 -77.064926 200.949677
v 4.235422 -79.504005 204.811615
f 1 2 108
f 2 109 108
f 1 108 116
f 1 116 7
f 1 8 2
f 1 7 8
f 2 3 109
f 3 110 109
f 2 9 3
f 2 8 9
f 3 4 110
f 4 111 110
f 3 10 4
f 3 9 10
f 4 5 111
f 5 112 111
f 4 11 5
f 4 10 11
f 5 6 112
f 6 113 112
f 5 12 6
f 5 11 12
f 6 117 113
f 6 12 117
f 7 116 121
f 7 121 14
f 7 15 8
f 7 14 15
f 121 122 15
f 121 15 14
f 8 16 9
f 8 15 16
f 9 17 10
f 9 16 17
f 10 18 11
f 10 17 18
f 11 19 12
f 11 18 19
f 12 13 117
f 13 118 117
f 12 20 13
f 12 19 20
f 13 123 118
f 13 20 123
f 15 122 127
f 15 127 21
f 15 22 16
f 15 21 22
f 16 23 17
f 16 22 23
f 17 24 18
f 17 23 24
f 18 25 19
f 18 24 25
f 19 26 20
f 19 25 26
f 20 128 123
f 20 26 128
f 21 127 132
f 21 132 28
f 21 29 22
f 21 28 29
f 132 133 29
f 132 29 28
f 22 30 23
f 22 29 30
f 23 31 24
f 23 30 31
f 24 32 25
f 24 31 32
f 25 33 26
f 25 32 33
f 26 27 128
f 27 129 128
f 26 34 27
f 26 33 34
f 27 134 129
f 27 34 134
f 29 133 137
f 29 137 36
f 29 37 30
f 29 36 37
f 137 138 37
f 137 37 36
f 30 38 31
f 30 37 38
f 31 39 32
f 31 38 39
f 32 40 33
f 32 39 40
f 33 41 34
f 33 40 41
f 34 35 134
f 35 135 134
f 34 42 35
f 34 41 42
f 35 139 135
f 35 42 139
f 37 138 143
f 37 143 43
f 37 44 38
f 37 43 44
f 143 144 44
f 143 44 43
f 38 45 39
f 38 44 45
f 39 46 40
f 39 45 46
f 40 47 41
f 40 46 47
f 41 48 42
f 41 47 48
f 42 145 139
f 42 48 145
f 44 144 149
f 44 149 50
f 44 51 45
f 44 50 51
f 45 52 46
f 45 51 52
f 46 53 47
f 46 52 53
f 47 54 48
f 47 53 54
f 48 49 145
f 49 146 145
f 48 55 49
f 48 54 55
f 49 150 146
f 49 55 150
f 50 149 152
f 50 152 56
f 50 57 51
f 50 56 57
f 51 58 52
f 51 57 58
f 52 59 53
f 52 58 59
f 53 60 54
f 53 59 60
f 54 61 55
f 54 60 61
f 55 153 150
f 55 61 153
f 56 152 155
f 56 155 63
f 56 64 57
f 56 63 64
f 155 156 64
f 155 64 63
f 57 65 58
f 57 64 65
f 58 66 59
f 58 65 66
f 59 67 60
f 59 66 67
f 60 68 61
f 60 67 68
f 61 62 153
f 62 154 153
f 61 69 62
f 61 68 69
f 62 157 154
f 62 69 157
f 64 156 159
f 64 159 70
f 64 71 65
f 64 70 71
f 65 72 66
f 65 71 72
f 66 73 67
f 66 72 73
f 67 74 68
f 67 73 74
f 68 75 69
f 68 74 75
f 69 160 157
f 69 75 160
f 70 159 162
f 70 162 76
f 70 77 71
f 70 76 77
f 71 78 72
f 71 77 78
f 72 79 73
f 72 78 79
f 73 80 74
f 73 79 80
f 74 81 75
f 74 80 81
f 75 163 160
f 75 81 163
f 76 162 165
f 76 165 82
f 76 83 77
f 76 82 83
f 77 84 78
f 77 83 84
f 78 85 79
f 78 84 85
f 79 86 80
f 79 85 86
f 80 87 81
f 80 86 87
f 166 167 87
f 166 87 86
f 81 167 163
f 81 87 167
f 82 165 169
f 82 169 88
f 82 89 83
f 82 88 89
f 83 90 84
f 83 89 90
f 84 91 85
f 84 90 91
f 85 92 86
f 85 91 92
f 86 170 166
f 86 92 170
f 88 169 173
f 88 173 93
f 88 94 89
f 88 93 94
f 173 174 94
f 173 94 93
f 89 95 90
f 89 94 95
f 90 96 91
f 90 95 96
f 175 176 96
f 175 96 95
f 91 97 92
f 91 96 97
f 176 177 97
f 176 97 96
f 92 177 170
f 92 97 177
f 94 174 180
f 94 180 98
f 94 99 95
f 94 98 99
f 180 181 99
f 180 99 98
f 95 181 175
f 95 99 181
f 100 101 193
f 101 194 193
f 100 193 201
f 100 201 107
f 100 108 101
f 100 107 108
f 101 102 194
f 102 195 194
f 101 109 102
f 101 108 109
f 102 103 195
f 103 196 195
f 102 110 103
f 102 109 110
f 103 104 196
f 104 197 196
f 103 111 104
f 103 110 111
f 104 105 197
f 105 198 197
f 104 112 105
f 104 111 112
f 105 202 198
f 105 112 202
f 106 107 200
f 107 201 200
f 106 200 205
f 106 205 114
f 106 115 107
f 106 114 115
f 107 116 108
f 107 115 116
f 112 113 202
f 113 203 202
f 113 206 203
f 113 117 206
f 114 205 210
f 114 210 119
f 114 120 115
f 114 119 120
f 210 211 120
f 210 120 119
f 115 121 116
f 115 120 121
f 117 118 206
f 118 207 206
f 118 212 207
f 118 123 212
f 120 211 217
f 120 217 125
f 120 126 121
f 120 125 126
f 121 127 122
f 121 126 127
f 123 124 212
f 124 213 212
f 123 129 124
f 123 128 129
f 124 218 213
f 124 129 218
f 125 217 221
f 125 221 130
f 125 131 126
f 125 130 131
f 221 222 131
f 221 131 130
f 126 132 127
f 126 131 132
f 222 223 132
f 222 132 131
f 129 224 218
f 129 134 224
f 132 223 229
f 132 229 136
f 132 137 133
f 132 136 137
f 134 135 224
f 135 225 224
f 135 230 225
f 135 139 230
f 136 229 232
f 136 232 141
f 136 142 137
f 136 141 142
f 232 233 142
f 232 142 141
f 137 143 138
f 137 142 143
f 139 140 230
f 140 231 230
f 230 231 234
f 231 235 234
f 139 146 140
f 139 145 146
f 140 235 231
f 140 146 235
f 142 233 236
f 142 236 147
f 142 148 143
f 142 147 148
f 236 237 148
f 236 148 147
f 143 149 144
f 143 148 149
f 146 238 235
f 146 150 238
f 148 237 240
f 148 240 151
f 148 152 149
f 148 151 152
f 240 241 152
f 240 152 151
f 150 242 238
f 150 153 242
f 152 241 245
f 152 245 155
f 153 154 242
f 154 243 242
f 154 246 243
f 154 157 246
f 155 245 247
f 155 247 158
f 155 159 156
f 155 158 159
f 157 248 246
f 157 160 248
f 158 247 249
f 158 249 161
f 158 162 159
f 158 161 162
f 160 250 248
f 160 163 250
f 161 249 251
f 161 251 164
f 161 165 162
f 161 164 165
f 163 252 250
f 163 167 252
f 164 251 253
f 164 253 168
f 164 169 165
f 164 168 169
f 166 171 167
f 166 170 171
f 254 255 171
f 254 171 170
f 167 255 252
f 167 171 255
f 168 253 257
f 168 257 172
f 168 173 169
f 168 172 173
f 170 258 254
f 170 177 258
f 172 257 262
f 172 262 178
f 172 179 173
f 172 178 179
f 173 180 174
f 173 179 180
f 175 182 176
f 175 181 182
f 176 183 177
f 176 182 183
f 263 264 183
f 263 183 182
f 177 264 258
f 177 183 264
f 178 262 267
f 178 267 184
f 178 185 179
f 178 184 185
f 179 186 180
f 179 185 186
f 180 187 181
f 180 186 187
f 268 269 187
f 268 187 186
f 181 188 182
f 181 187 188
f 269 270 188
f 269 188 187
f 182 270 263
f 182 188 270
f 184 267 274
f 184 274 189
f 184 190 185
f 184 189 190
f 274 275 190
f 274 190 189
f 185 191 186
f 185 190 191
f 275 276 191
f 275 191 190
f 186 276 268
f 186 191 276
f 192 193 291
f 193 292 291
f 291 292 299
f 292 300 299
f 192 291 299
f 192 299 200
f 192 201 193
f 192 200 201
f 193 194 292
f 194 293 292
f 194 195 293
f 195 294 293
f 195 196 294
f 196 295 294
f 196 197 295
f 197 296 295
f 197 198 296
f 198 297 296
f 198 301 297
f 198 202 301
f 199 200 298
f 200 299 298
f 298 299 304
f 299 305 304
f 199 298 304
f 199 304 204
f 199 205 200
f 199 204 205
f 202 203 301
f 203 302 301
f 203 306 302
f 203 206 306
f 204 304 310
f 204 310 209
f 204 210 205
f 204 209 210
f 206 207 306
f 207 307 306
f 207 311 307
f 207 212 311
f 208 209 309
f 209 310 309
f 208 309 315
f 208 315 214
f 208 215 209
f 208 214 215
f 315 316 215
f 315 215 214
f 209 216 210
f 209 215 216
f 210 217 211
f 210 216 217
f 212 213 311
f 213 312 311
f 213 317 312
f 213 218 317
f 215 316 322
f 215 322 219
f 215 220 216
f 215 219 220
f 322 323 220
f 322 220 219
f 216 221 217
f 216 220 221
f 218 324 317
f 218 224 324
f 220 323 332
f 220 332 226
f 220 227 221
f 220 226 227
f 332 333 227
f 332 227 226
f 221 228 222
f 221 227 228
f 333 334 228
f 333 228 227
f 222 229 223
f 222 228 229
f 334 335 229
f 334 229 228
f 224 225 324
f 225 325 324
f 225 336 325
f 225 230 336
f 229 335 344
f 229 344 232
f 344 345 233
f 344 233 232
f 230 347 336
f 230 234 347
f 345 346 354
f 346 355 354
f 233 345 354
f 233 354 236
f 234 235 347
f 235 348 347
f 235 356 348
f 235 238 356
f 354 355 357
f 355 358 357
f 236 354 357
f 236 357 239
f 236 240 237
f 236 239 240
f 357 358 240
f 357 240 239
f 238 360 356
f 238 242 360
f 358 359 362
f 359 363 362
f 240 358 362
f 240 362 244
f 240 245 241
f 240 244 245
f 362 363 245
f 362 245 244
f 242 243 360
f 243 361 360
f 243 364 361
f 243 246 364
f 245 363 365
f 245 365 247
f 246 366 364
f 246 248 366
f 247 365 367
f 247 367 249
f 248 368 366
f 248 250 368
f 249 367 369
f 249 369 251
f 250 370 368
f 250 252 370
f 251 369 371
f 251 371 253
f 252 372 370
f 252 255 372
f 253 371 374
f 253 374 257
f 254 259 255
f 254 258 259
f 375 376 259
f 375 259 258
f 255 376 372
f 255 259 376
f 256 257 373
f 257 374 373
f 256 373 378
f 256 378 261
f 256 262 257
f 256 261 262
f 258 379 375
f 258 264 379
f 260 261 377
f 261 378 377
f 260 377 381
f 260 381 265
f 260 266 261
f 260 265 266
f 261 267 262
f 261 266 267
f 263 271 264
f 263 270 271
f 382 383 271
f 382 271 270
f 264 383 379
f 264 271 383
f 265 381 386
f 265 386 272
f 265 273 266
f 265 272 273
f 266 274 267
f 266 273 274
f 268 277 269
f 268 276 277
f 269 278 270
f 269 277 278
f 387 388 278
f 387 278 277
f 270 388 382
f 270 278 388
f 272 386 391
f 272 391 280
f 272 281 273
f 272 280 281
f 273 282 274
f 273 281 282
f 274 283 275
f 274 282 283
f 275 284 276
f 275 283 284
f 392 393 284
f 392 284 283
f 276 285 277
f 276 284 285
f 393 394 285
f 393 285 284
f 277 394 387
f 277 285 394
f 279 280 390
f 280 391 390
f 279 390 396
f 279 396 286
f 279 287 280
f 279 286 287
f 396 397 287
f 396 287 286
f 280 288 281
f 280 287 288
f 397 398 288
f 397 288 287
f 281 289 282
f 281 288 289
f 398 399 289
f 398 289 288
f 282 290 283
f 282 289 290
f 399 400 290
f 399 290 289
f 283 400 392
f 283 290 400
f 292 293 417
f 293 418 417
f 417 418 424
f 418 425 424
f 292 417 424
f 292 424 300
f 293 294 418
f 294 419 418
f 294 295 419
f 295 420 419
f 295 296 420
f 296 421 420
f 296 297 421
f 297 422 421
f 297 426 422
f 297 301 426
f 299 300 423
f 300 424 423
f 299 423 430
f 299 430 305
f 301 302 426
f 302 427 426
f 302 303 427
f 303 428 427
f 302 307 303
f 302 306 307
f 303 431 428
f 303 307 431
f 304 305 429
f 305 430 429
f 304 429 436
f 304 436 310
f 307 437 431
f 307 311 437
f 308 309 434
f 309 435 434
f 308 434 442
f 308 442 314
f 308 315 309
f 308 314 315
f 309 310 435
f 310 436 435
f 311 312 437
f 312 438 437
f 312 443 438
f 312 317 443
f 313 314 441
f 314 442 441
f 313 441 447
f 313 447 319
f 313 320 314
f 313 319 320
f 314 321 315
f 314 320 321
f 315 322 316
f 315 321 322
f 317 448 443
f 317 324 448
f 318 319 446
f 319 447 446
f 318 446 452
f 318 452 327
f 318 328 319
f 318 327 328
f 319 329 320
f 319 328 329
f 320 330 321
f 320 329 330
f 321 331 322
f 321 330 331
f 322 332 323
f 322 331 332
f 453 454 332
f 453 332 331
f 454 455 333
f 454 333 332
f 455 456 334
f 455 334 333
f 456 457 335
f 456 335 334
f 324 325 448
f 325 449 448
f 325 458 449
f 325 336 458
f 326 327 451
f 327 452 451
f 326 451 461
f 326 461 338
f 326 339 327
f 326 338 339
f 327 340 328
f 327 339 340
f 328 341 329
f 328 340 341
f 329 342 330
f 329 341 342
f 330 343 331
f 330 342 343
f 462 463 343
f 462 343 342
f 331 463 453
f 331 343 463
f 335 457 467
f 335 467 344
f 467 468 345
f 467 345 344
f 468 469 346
f 468 346 345
f 336 337 458
f 337 459 458
f 336 348 337
f 336 347 348
f 337 470 459
f 337 348 470
f 338 461 472
f 338 472 349
f 338 350 339
f 338 349 350
f 472 473 350
f 472 350 349
f 339 351 340
f 339 350 351
f 473 474 351
f 473 351 350
f 340 352 341
f 340 351 352
f 474 475 352
f 474 352 351
f 341 353 342
f 341 352 353
f 475 476 353
f 475 353 352
f 342 476 462
f 342 353 476
f 346 469 479
f 346 479 355
f 348 480 470
f 348 356 480
f 355 479 487
f 355 487 358
f 487 488 359
f 487 359 358
f 356 489 480
f 356 360 489
f 359 488 496
f 359 496 363
f 360 361 489
f 361 490 489
f 489 490 497
f 490 498 497
f 361 498 490
f 361 364 498
f 363 496 499
f 363 499 365
f 364 500 498
f 364 366 500
f 365 499 501
f 365 501 367
f 366 502 500
f 366 368 502
f 367 501 503
f 367 503 369
f 368 504 502
f 368 370 504
f 369 503 505
f 369 505 371
f 370 506 504
f 370 372 506
f 371 505 508
f 371 508 374
f 509 510 376
f 509 376 375
f 372 510 506
f 372 376 510
f 373 374 507
f 374 508 507
f 373 507 512
f 373 512 378
f 375 513 509
f 375 379 513
f 377 378 511
f 378 512 511
f 377 511 516
f 377 516 381
f 517 518 383
f 517 383 382
f 379 518 513
f 379 383 518
f 380 381 515
f 381 516 515
f 380 515 520
f 380 520 385
f 380 386 381
f 380 385 386
f 521 522 388
f 521 388 387
f 382 522 517
f 382 388 522
f 384 385 519
f 385 520 519
f 384 519 525
f 384 525 389
f 384 390 385
f 384 389 390
f 385 391 386
f 385 390 391
f 387 526 521
f 387 394 526
f 389 525 529
f 389 529 395
f 389 396 390
f 389 395 396
f 392 401 393
f 392 400 401
f 393 402 394
f 393 401 402
f 530 531 402
f 530 402 401
f 394 531 526
f 394 402 531
f 395 529 534
f 395 534 404
f 395 405 396
f 395 404 405
f 396 406 397
f 396 405 406
f 397 407 398
f 397 406 407
f 398 408 399
f 398 407 408
f 399 409 400
f 399 408 409
f 535 536 409
f 535 409 408
f 400 410 401
f 400 409 410
f 536 537 410
f 536 410 409
f 401 537 530
f 401 410 537
f 403 404 533
f 404 534 533
f 403 533 539
f 403 539 411
f 403 412 404
f 403 411 412
f 539 540 412
f 539 412 411
f 404 413 405
f 404 412 413
f 540 541 413
f 540 413 412
f 405 414 406
f 405 413 414
f 541 542 414
f 541 414 413
f 406 415 407
f 406 414 415
f 542 543 415
f 542 415 414
f 407 416 408
f 407 415 416
f 543 544 416
f 543 416 415
f 408 544 535
f 408 416 544
f 418 419 547
f 419 548 547
f 418 547 556
f 418 556 425
f 419 420 548
f 420 549 548
f 420 421 549
f 421 550 549
f 421 422 550
f 422 551 550
f 422 557 551
f 422 426 557
f 423 424 554
f 424 555 554
f 423 554 562
f 423 562 430
f 424 425 555
f 425 556 555
f 426 427 557
f 427 558 557
f 427 428 558
f 428 559 558
f 428 563 559
f 428 431 563
f 429 430 561
f 430 562 561
f 429 561 569
f 429 569 436
f 431 432 563
f 432 564 563
f 431 438 432
f 431 437 438
f 432 570 564
f 432 438 570
f 433 434 566
f 434 567 566
f 433 566 574
f 433 574 441
f 433 442 434
f 433 441 442
f 434 435 567
f 435 568 567
f 435 436 568
f 436 569 568
f 438 575 570
f 438 443 575
f 439 440 572
f 440 573 572
f 439 572 578
f 439 578 445
f 439 446 440
f 439 445 446
f 440 441 573
f 441 574 573
f 440 447 441
f 440 446 447
f 443 444 575
f 444 576 575
f 443 449 444
f 443 448 449
f 444 579 576
f 444 449 579
f 445 578 582
f 445 582 451
f 445 452 446
f 445 451 452
f 583 584 456
f 583 456 455
f 449 586 579
f 449 458 586
f 450 451 581
f 451 582 581
f 450 581 589
f 450 589 460
f 450 461 451
f 450 460 461
f 453 464 454
f 453 463 464
f 590 591 464
f 590 464 463
f 454 465 455
f 454 464 465
f 591 592 465
f 591 465 464
f 455 592 583
f 455 465 592
f 584 585 593
f 585 594 593
f 456 584 593
f 456 593 466
f 456 467 457
f 456 466 467
f 593 594 467
f 593 467 466
f 594 595 468
f 594 468 467
f 458 459 586
f 459 587 586
f 459 597 587
f 459 470 597
f 460 589 599
f 460 599 471
f 460 472 461
f 460 471 472
f 462 477 463
f 462 476 477
f 600 601 477
f 600 477 476
f 463 601 590
f 463 477 601
f 595 596 602
f 596 603 602
f 468 595 602
f 468 602 478
f 468 479 469
f 468 478 479
f 602 603 479
f 602 479 478
f 470 604 597
f 470 480 604
f 471 599 606
f 471 606 481
f 471 482 472
f 471 481 482
f 472 483 473
f 472 482 483
f 473 484 474
f 473 483 484
f 474 485 475
f 474 484 485
f 475 486 476
f 475 485 486
f 607 608 486
f 607 486 485
f 476 608 600
f 476 486 608
f 479 603 609
f 479 609 487
f 609 610 488
f 609 488 487
f 480 611 604
f 480 489 611
f 481 606 613
f 481 613 491
f 481 492 482
f 481 491 492
f 613 614 492
f 613 492 491
f 482 493 483
f 482 492 493
f 614 615 493
f 614 493 492
f 483 494 484
f 483 493 494
f 615 616 494
f 615 494 493
f 484 495 485
f 484 494 495
f 616 617 495
f 616 495 494
f 485 617 607
f 485 495 617
f 488 610 619
f 488 619 496
f 489 620 611
f 489 497 620
f 496 619 628
f 496 628 499
f 497 498 620
f 498 621 620
f 620 621 630
f 621 631 630
f 498 631 621
f 498 500 631
f 628 629 632
f 629 633 632
f 499 628 632
f 499 632 501
f 500 634 631
f 500 502 634
f 632 633 635
f 633 636 635
f 501 632 635
f 501 635 503
f 502 637 634
f 502 504 637
f 635 636 638
f 636 639 638
f 503 635 638
f 503 638 505
f 504 640 637
f 504 506 640
f 638 639 642
f 639 643 642
f 505 638 642
f 505 642 508
f 506 645 640
f 506 510 645
f 507 508 641
f 508 642 641
f 641 642 647
f 642 648 647
f 507 641 647
f 507 647 512
f 644 645 649
f 645 650 649
f 509 514 510
f 509 513 514
f 649 650 514
f 649 514 513
f 510 650 645
f 510 514 650
f 511 512 646
f 512 647 646
f 646 647 652
f 647 653 652
f 511 646 652
f 511 652 516
f 513 655 649
f 513 518 655
f 515 516 651
f 516 652 651
f 651 652 657
f 652 658 657
f 515 651 657
f 515 657 520
f 654 655 660
f 655 661 660
f 517 523 518
f 517 522 523
f 660 661 523
f 660 523 522
f 518 661 655
f 518 523 661
f 519 520 656
f 520 657 656
f 656 657 663
f 657 664 663
f 519 656 663
f 519 663 525
f 659 660 665
f 660 666 665
f 521 527 522
f 521 526 527
f 665 666 527
f 665 527 526
f 522 666 660
f 522 527 666
f 524 525 662
f 525 663 662
f 662 663 667
f 663 668 667
f 524 662 667
f 524 667 528
f 524 529 525
f 524 528 529
f 669 670 531
f 669 531 530
f 526 670 665
f 526 531 670
f 528 667 672
f 528 672 533
f 528 534 529
f 528 533 534
f 673 674 537
f 673 537 536
f 530 674 669
f 530 537 674
f 532 533 671
f 533 672 671
f 532 671 675
f 532 675 538
f 532 539 533
f 532 538 539
f 675 676 539
f 675 539 538
f 676 677 540
f 676 540 539
f 677 678 541
f 677 541 540
f 678 679 542
f 678 542 541
f 679 680 543
f 679 543 542
f 680 681 544
f 680 544 543
f 535 545 536
f 535 544 545
f 681 682 545
f 681 545 544
f 536 682 673
f 536 545 682
f 546 547 685
f 547 686 685
f 546 685 694
f 546 694 555
f 546 556 547
f 546 555 556
f 547 548 686
f 548 687 686
f 548 549 687
f 549 688 687
f 549 550 688
f 550 689 688
f 550 551 689
f 551 690 689
f 551 552 690
f 552 691 690
f 551 558 552
f 551 557 558
f 552 695 691
f 552 558 695
f 553 554 692
f 554 693 692
f 692 693 699
f 693 700 699
f 553 692 699
f 553 699 561
f 553 562 554
f 553 561 562
f 554 555 693
f 555 694 693
f 558 559 695
f 559 696 695
f 559 701 696
f 559 563 701
f 560 561 698
f 561 699 698
f 560 698 706
f 560 706 568
f 560 569 561
f 560 568 569
f 563 564 701
f 564 702 701
f 564 707 702
f 564 570 707
f 565 566 703
f 566 704 703
f 703 704 711
f 704 712 711
f 565 703 711
f 565 711 573
f 565 574 566
f 565 573 574
f 566 567 704
f 567 705 704
f 567 568 705
f 568 706 705
f 570 713 707
f 570 575 713
f 571 572 709
f 572 710 709
f 709 710 715
f 710 716 715
f 571 709 715
f 571 715 577
f 571 578 572
f 571 577 578
f 572 573 710
f 573 711 710
f 575 576 713
f 576 714 713
f 576 717 714
f 576 579 717
f 577 715 719
f 577 719 581
f 577 582 578
f 577 581 582
f 720 721 584
f 720 584 583
f 721 722 585
f 721 585 584
f 579 723 717
f 579 586 723
f 580 581 718
f 581 719 718
f 580 718 725
f 580 725 588
f 580 589 581
f 580 588 589
f 726 727 591
f 726 591 590
f 727 728 592
f 727 592 591
f 583 728 720
f 583 592 728
f 585 722 730
f 585 730 594
f 730 731 595
f 730 595 594
f 731 732 596
f 731 596 595
f 586 587 723
f 587 724 723
f 587 733 724
f 587 597 733
f 588 725 734
f 588 734 598
f 588 599 589
f 588 598 599
f 735 736 601
f 735 601 600
f 590 736 726
f 590 601 736
f 596 732 739
f 596 739 603
f 597 740 733
f 597 604 740
f 598 734 741
f 598 741 605
f 598 606 599
f 598 605 606
f 600 742 735
f 600 608 742
f 603 739 744
f 603 744 609
f 744 745 610
f 744 610 609
f 604 746 740
f 604 611 746
f 605 741 747
f 605 747 612
f 605 613 606
f 605 612 613
f 607 618 608
f 607 617 618
f 748 749 618
f 748 618 617
f 608 749 742
f 608 618 749
f 610 745 750
f 610 750 619
f 611 751 746
f 611 620 751
f 612 747 753
f 612 753 622
f 612 623 613
f 612 622 623
f 753 754 623
f 753 623 622
f 613 624 614
f 613 623 624
f 754 755 624
f 754 624 623
f 614 625 615
f 614 624 625
f 755 756 625
f 755 625 624
f 615 626 616
f 615 625 626
f 756 757 626
f 756 626 625
f 616 627 617
f 616 626 627
f 757 758 627
f 757 627 626
f 617 758 748
f 617 627 758
f 619 750 759
f 619 759 628
f 759 760 629
f 759 629 628
f 620 761 751
f 620 630 761
f 629 760 769
f 629 769 633
f 630 631 761
f 631 762 761
f 631 770 762
f 631 634 770
f 633 769 772
f 633 772 636
f 634 773 770
f 634 637 773
f 636 772 775
f 636 775 639
f 637 776 773
f 637 640 776
f 639 775 778
f 639 778 643
f 779 780 645
f 779 645 644
f 640 780 776
f 640 645 780
f 642 643 777
f 643 778 777
f 642 777 782
f 642 782 648
f 644 783 779
f 644 649 783
f 647 648 781
f 648 782 781
f 647 781 786
f 647 786 653
f 787 788 655
f 787 655 654
f 649 788 783
f 649 655 788
f 652 653 785
f 653 786 785
f 785 786 790
f 786 791 790
f 652 785 790
f 652 790 658
f 792 793 660
f 792 660 659
f 654 793 787
f 654 660 793
f 657 658 789
f 658 790 789
f 789 790 795
f 790 796 795
f 657 789 795
f 657 795 664
f 659 797 792
f 659 665 797
f 663 664 794
f 664 795 794
f 663 794 800
f 663 800 668
f 801 802 670
f 801 670 669
f 665 802 797
f 665 670 802
f 667 668 799
f 668 800 799
f 799 800 804
f 800 805 804
f 667 799 804
f 667 804 672
f 806 807 674
f 806 674 673
f 669 807 801
f 669 674 807
f 671 672 803
f 672 804 803
f 803 804 808
f 804 809 808
f 671 803 808
f 671 808 675
f 808 809 676
f 808 676 675
f 809 810 677
f 809 677 676
f 810 811 678
f 810 678 677
f 812 813 680
f 812 680 679
f 813 814 681
f 813 681 680
f 814 815 682
f 814 682 681
f 673 815 806
f 673 682 815
f 811 812 816
f 812 817 816
f 678 811 816
f 678 816 683
f 678 684 679
f 678 683 684
f 816 817 684
f 816 684 683
f 679 817 812
f 679 684 817
f 685 686 818
f 686 819 818
f 818 819 826
f 819 827 826
f 685 818 826
f 685 826 694
f 686 687 819
f 687 820 819
f 687 688 820
f 688 821 820
f 688 689 821
f 689 822 821
f 689 690 822
f 690 823 822
f 690 691 823
f 691 824 823
f 691 828 824
f 691 695 828
f 693 694 825
f 694 826 825
f 825 826 833
f 826 834 833
f 693 825 833
f 693 833 700
f 695 696 828
f 696 829 828
f 696 697 829
f 697 830 829
f 696 702 697
f 696 701 702
f 697 835 830
f 697 702 835
f 698 699 831
f 699 832 831
f 831 832 838
f 832 839 838
f 698 831 838
f 698 838 706
f 699 700 832
f 700 833 832
f 832 833 839
f 833 840 839
f 702 841 835
f 702 707 841
f 704 705 836
f 705 837 836
f 836 837 845
f 837 846 845
f 704 836 845
f 704 845 712
f 705 706 837
f 706 838 837
f 837 838 846
f 838 847 846
f 838 839 847
f 839 848 847
f 707 708 841
f 708 842 841
f 707 714 708
f 707 713 714
f 708 849 842
f 708 714 849
f 710 711 843
f 711 844 843
f 843 844 851
f 844 852 851
f 710 843 851
f 710 851 716
f 711 712 844
f 712 845 844
f 844 845 852
f 845 853 852
f 845 846 853
f 846 854 853
f 714 855 849
f 714 717 855
f 715 716 850
f 716 851 850
f 850 851 858
f 851 859 858
f 715 850 858
f 715 858 719
f 717 860 855
f 717 723 860
f 718 719 857
f 719 858 857
f 718 857 862
f 718 862 725
f 863 864 728
f 863 728 727
f 720 729 721
f 720 728 729
f 864 865 729
f 864 729 728
f 721 730 722
f 721 729 730
f 865 866 730
f 865 730 729
f 866 867 731
f 866 731 730
f 723 724 860
f 724 861 860
f 724 868 861
f 724 733 868
f 725 862 869
f 725 869 734
f 726 737 727
f 726 736 737
f 870 871 737
f 870 737 736
f 727 871 863
f 727 737 871
f 731 867 872
f 731 872 738
f 731 739 732
f 731 738 739
f 872 873 739
f 872 739 738
f 733 874 868
f 733 740 874
f 734 869 875
f 734 875 741
f 735 743 736
f 735 742 743
f 876 877 743
f 876 743 742
f 736 877 870
f 736 743 877
f 739 873 878
f 739 878 744
f 878 879 745
f 878 745 744
f 740 880 874
f 740 746 880
f 741 875 881
f 741 881 747
f 882 883 749
f 882 749 748
f 742 883 876
f 742 749 883
f 745 879 885
f 745 885 750
f 746 886 880
f 746 751 886
f 747 881 888
f 747 888 753
f 889 890 758
f 889 758 757
f 748 890 882
f 748 758 890
f 750 885 892
f 750 892 759
f 751 752 886
f 752 887 886
f 751 762 752
f 751 761 762
f 752 893 887
f 752 762 893
f 753 888 894
f 753 894 763
f 753 764 754
f 753 763 764
f 894 895 764
f 894 764 763
f 754 765 755
f 754 764 765
f 895 896 765
f 895 765 764
f 755 766 756
f 755 765 766
f 896 897 766
f 896 766 765
f 756 767 757
f 756 766 767
f 897 898 767
f 897 767 766
f 757 898 889
f 757 767 898
f 759 892 900
f 759 900 768
f 759 769 760
f 759 768 769
f 762 901 893
f 762 770 901
f 768 900 907
f 768 907 771
f 768 772 769
f 768 771 772
f 907 908 772
f 907 772 771
f 770 909 901
f 770 773 909
f 772 908 911
f 772 911 775
f 773 912 909
f 773 776 912
f 774 775 910
f 775 911 910
f 910 911 913
f 911 914 913
f 774 910 913
f 774 913 777
f 774 778 775
f 774 777 778
f 776 915 912
f 776 780 915
f 913 914 917
f 914 918 917
f 777 913 917
f 777 917 782
f 779 784 780
f 779 783 784
f 919 920 784
f 919 784 783
f 780 920 915
f 780 784 920
f 781 782 916
f 782 917 916
f 916 917 921
f 917 922 921
f 781 916 921
f 781 921 786
f 923 924 788
f 923 788 787
f 783 924 919
f 783 788 924
f 786 921 926
f 786 926 791
f 787 928 923
f 787 793 928
f 790 791 925
f 791 926 925
f 925 926 931
f 926 932 931
f 790 925 931
f 790 931 796
f 927 928 933
f 928 934 933
f 792 798 793
f 792 797 798
f 933 934 798
f 933 798 797
f 793 934 928
f 793 798 934
f 794 795 929
f 795 930 929
f 929 930 935
f 930 936 935
f 794 929 935
f 794 935 800
f 795 796 930
f 796 931 930
f 930 931 936
f 931 937 936
f 938 939 802
f 938 802 801
f 797 939 933
f 797 802 939
f 800 935 941
f 800 941 805
f 942 943 807
f 942 807 806
f 801 943 938
f 801 807 943
f 804 805 940
f 805 941 940
f 940 941 944
f 941 945 944
f 804 940 944
f 804 944 809
f 944 945 810
f 944 810 809
f 945 946 811
f 945 811 810
f 946 947 812
f 946 812 811
f 947 948 813
f 947 813 812
f 948 949 814
f 948 814 813
f 949 950 815
f 949 815 814
f 806 950 942
f 806 815 950
f 819 820 951
f 820 952 951
f 951 952 958
f 952 959 958
f 819 951 958
f 819 958 827
f 820 821 952
f 821 953 952
f 952 953 959
f 953 960 959
f 821 822 953
f 822 954 953
f 822 823 954
f 823 955 954
f 823 824 955
f 824 956 955
f 955 956 961
f 956 962 961
f 824 962 956
f 824 828 962
f 826 827 957
f 827 958 957
f 957 958 966
f 958 967 966
f 826 957 966
f 826 966 834
f 828 829 962
f 829 963 962
f 829 830 963
f 830 964 963
f 830 968 964
f 830 835 968
f 833 834 965
f 834 966 965
f 965 966 970
f 966 971 970
f 833 965 970
f 833 970 840
f 835 972 968
f 835 841 972
f 839 840 969
f 840 970 969
f 969 970 976
f 970 977 976
f 839 969 976
f 839 976 848
f 841 842 972
f 842 973 972
f 842 978 973
f 842 849 978
f 846 847 974
f 847 975 974
f 974 975 982
f 975 983 982
f 846 974 982
f 846 982 854
f 847 848 975
f 848 976 975
f 975 976 983
f 976 984 983
f 976 977 984
f 977 985 984
f 849 986 978
f 849 855 986
f 851 852 979
f 852 980 979
f 979 980 990
f 980 991 990
f 851 979 990
f 851 990 859
f 852 853 980
f 853 981 980
f 980 981 991
f 981 992 991
f 853 854 981
f 854 982 981
f 855 856 986
f 856 987 986
f 986 987 993
f 987 994 993
f 855 861 856
f 855 860 861
f 856 994 987
f 856 861 994
f 857 858 988
f 858 989 988
f 988 989 995
f 989 996 995
f 857 988 995
f 857 995 862
f 858 859 989
f 859 990 989
f 997 998 864
f 997 864 863
f 998 999 865
f 998 865 864
f 999 1000 866
f 999 866 865
f 1000 1001 867
f 1000 867 866
f 861 1002 994
f 861 868 1002
f 862 995 1003
f 862 1003 869
f 1004 1005 871
f 1004 871 870
f 863 1005 997
f 863 871 1005
f 867 1001 1009
f 867 1009 872
f 1009 1010 873
f 1009 873 872
f 868 1011 1002
f 868 874 1011
f 869 1003 1012
f 869 1012 875
f 1013 1014 877
f 1013 877 876
f 870 1014 1004
f 870 877 1014
f 873 1010 1020
f 873 1020 878
f 874 1021 1011
f 874 880 1021
f 875 1012 1022
f 875 1022 881
f 876 1023 1013
f 876 883 1023
f 878 1020 1025
f 878 1025 884
f 878 885 879
f 878 884 885
f 1025 1026 885
f 1025 885 884
f 880 1027 1021
f 880 886 1027
f 881 1022 1029
f 881 1029 888
f 882 891 883
f 882 890 891
f 1031 1032 891
f 1031 891 890
f 883 1032 1023
f 883 891 1032
f 885 1026 1035
f 885 1035 892
f 886 887 1027
f 887 1028 1027
f 1027 1028 1036
f 1028 1037 1036
f 887 1037 1028
f 887 893 1037
f 1029 1030 1038
f 1030 1039 1038
f 888 1029 1038
f 888 1038 894
f 889 899 890
f 889 898 899
f 1040 1041 899
f 1040 899 898
f 890 1041 1031
f 890 899 1041
f 892 1035 1043
f 892 1043 900
f 893 1044 1037
f 893 901 1044
f 1038 1039 1045
f 1039 1046 1045
f 894 1038 1045
f 894 1045 902
f 894 903 895
f 894 902 903
f 1045 1046 903
f 1045 903 902
f 895 904 896
f 895 903 904
f 1046 1047 904
f 1046 904 903
f 896 905 897
f 896 904 905
f 1047 1048 905
f 1047 905 904
f 897 906 898
f 897 905 906
f 1048 1049 906
f 1048 906 905
f 898 1049 1040
f 898 906 1049
f 900 1043 1051
f 900 1051 907
f 1051 1052 908
f 1051 908 907
f 901 1053 1044
f 901 909 1053
f 908 1052 1059
f 908 1059 911
f 909 1060 1053
f 909 912 1060
f 911 1059 1064
f 911 1064 914
f 912 1065 1060
f 912 915 1065
f 914 1064 1069
f 914 1069 918
f 1070 1071 920
f 1070 920 919
f 915 1071 1065
f 915 920 1071
f 917 918 1068
f 918 1069 1068
f 917 1068 1076
f 917 1076 922
f 1077 1078 924
f 1077 924 923
f 919 1078 1070
f 919 924 1078
f 921 922 1075
f 922 1076 1075
f 921 1075 1084
f 921 1084 926
f 1085 1086 928
f 1085 928 927
f 923 1086 1077
f 923 928 1086
f 926 1084 1091
f 926 1091 932
f 927 1092 1085
f 927 933 1092
f 931 932 1090
f 932 1091 1090
f 931 1090 1097
f 931 1097 937
f 1098 1099 939
f 1098 939 938
f 933 1099 1092
f 933 939 1099
f 935 936 1095
f 936 1096 1095
f 935 1095 1101
f 935 1101 941
f 936 937 1096
f 937 1097 1096
f 1102 1103 943
f 1102 943 942
f 938 1103 1098
f 938 943 1103
f 941 1101 1105
f 941 1105 945
f 1105 1106 946
f 1105 946 945
f 1106 1107 947
f 1106 947 946
f 1107 1108 948
f 1107 948 947
f 1108 1109 949
f 1108 949 948
f 1109 1110 950
f 1109 950 949
f 942 1110 1102
f 942 950 1110
f 953 954 1111
f 954 1112 1111
f 1111 1112 1116
f 1112 1117 1116
f 953 1111 1116
f 953 1116 960
f 954 955 1112
f 955 1113 1112
f 1112 1113 1117
f 1113 1118 1117
f 955 1118 1113
f 955 961 1118
f 958 959 1114
f 959 1115 1114
f 958 1114 1123
f 958 1123 967
f 959 960 1115
f 960 1116 1115
f 961 962 1118
f 962 1119 1118
f 962 963 1119
f 963 1120 1119
f 963 964 1120
f 964 1121 1120
f 1120 1121 1124
f 1121 1125 1124
f 964 1125 1121
f 964 968 1125
f 966 967 1122
f 967 1123 1122
f 966 1122 1127
f 966 1127 971
f 968 1128 1125
f 968 972 1128
f 970 971 1126
f 971 1127 1126
f 1126 1127 1130
f 1127 1131 1130
f 970 1126 1130
f 970 1130 977
f 972 973 1128
f 973 1129 1128
f 973 1132 1129
f 973 978 1132
f 977 1130 1137
f 977 1137 985
f 978 1138 1132
f 978 986 1138
f 981 982 1133
f 982 1134 1133
f 1133 1134 1143
f 1134 1144 1143
f 981 1133 1143
f 981 1143 992
f 982 983 1134
f 983 1135 1134
f 1134 1135 1144
f 1135 1145 1144
f 983 984 1135
f 984 1136 1135
f 1135 1136 1145
f 1136 1146 1145
f 984 985 1136
f 985 1137 1136
f 986 1147 1138
f 986 993 1147
f 989 990 1140
f 990 1141 1140
f 1140 1141 1150
f 1141 1151 1150
f 989 1140 1150
f 989 1150 996
f 990 991 1141
f 991 1142 1141
f 1141 1142 1151
f 1142 1152 1151
f 991 992 1142
f 992 1143 1142
f 1142 1143 1152
f 1143 1153 1152
f 993 994 1147
f 994 1148 1147
f 994 1154 1148
f 994 1002 1154
f 995 996 1149
f 996 1150 1149
f 1149 1150 1155
f 1150 1156 1155
f 995 1149 1155
f 995 1155 1003
f 1150 1151 1156
f 1151 1157 1156
f 997 1006 998
f 997 1005 1006
f 998 1007 999
f 998 1006 1007
f 999 1008 1000
f 999 1007 1008
f 1000 1009 1001
f 1000 1008 1009
f 1002 1158 1154
f 1002 1011 1158
f 1003 1155 1160
f 1003 1160 1012
f 1161 1162 1014
f 1161 1014 1013
f 1004 1015 1005
f 1004 1014 1015
f 1162 1163 1015
f 1162 1015 1014
f 1005 1016 1006
f 1005 1015 1016
f 1163 1164 1016
f 1163 1016 1015
f 1006 1017 1007
f 1006 1016 1017
f 1164 1165 1017
f 1164 1017 1016
f 1007 1018 1008
f 1007 1017 1018
f 1165 1166 1018
f 1165 1018 1017
f 1008 1019 1009
f 1008 1018 1019
f 1166 1167 1019
f 1166 1019 1018
f 1009 1020 1010
f 1009 1019 1020
f 1011 1168 1158
f 1011 1021 1168
f 1012 1160 1170
f 1012 1170 1022
f 1013 1171 1161
f 1013 1023 1171
f 1019 1167 1177
f 1019 1177 1024
f 1019 1025 1020
f 1019 1024 1025
f 1021 1178 1168
f 1021 1027 1178
f 1022 1170 1179
f 1022 1179 1029
f 1179 1180 1030
f 1179 1030 1029
f 1181 1182 1032
f 1181 1032 1031
f 1023 1182 1171
f 1023 1032 1182
f 1024 1177 1188
f 1024 1188 1033
f 1024 1034 1025
f 1024 1033 1034
f 1188 1189 1034
f 1188 1034 1033
f 1025 1035 1026
f 1025 1034 1035
f 1027 1190 1178
f 1027 1036 1190
f 1030 1180 1192
f 1030 1192 1039
f 1194 1195 1041
f 1194 1041 1040
f 1031 1195 1181
f 1031 1041 1195
f 1034 1189 1203
f 1034 1203 1042
f 1034 1043 1035
f 1034 1042 1043
f 1036 1037 1190
f 1037 1191 1190
f 1037 1204 1191
f 1037 1044 1204
f 1192 1193 1205
f 1193 1206 1205
f 1039 1192 1205
f 1039 1205 1046
f 1205 1206 1047
f 1205 1047 1046
f 1040 1208 1194
f 1040 1049 1208
f 1042 1203 1217
f 1042 1217 1050
f 1042 1051 1043
f 1042 1050 1051
f 1044 1218 1204
f 1044 1053 1218
f 1206 1207 1220
f 1207 1221 1220
f 1047 1206 1220
f 1047 1220 1054
f 1047 1055 1048
f 1047 1054 1055
f 1220 1221 1055
f 1220 1055 1054
f 1048 1056 1049
f 1048 1055 1056
f 1221 1222 1056
f 1221 1056 1055
f 1049 1222 1208
f 1049 1056 1222
f 1050 1217 1231
f 1050 1231 1057
f 1050 1058 1051
f 1050 1057 1058
f 1051 1059 1052
f 1051 1058 1059
f 1053 1232 1218
f 1053 1060 1232
f 1057 1231 1244
f 1057 1244 1062
f 1057 1063 1058
f 1057 1062 1063
f 1058 1064 1059
f 1058 1063 1064
f 1060 1245 1232
f 1060 1065 1245
f 1061 1062 1243
f 1062 1244 1243
f 1061 1243 1256
f 1061 1256 1066
f 1061 1067 1062
f 1061 1066 1067
f 1062 1068 1063
f 1062 1067 1068
f 1063 1069 1064
f 1063 1068 1069
f 1065 1258 1245
f 1065 1071 1258
f 1066 1256 1266
f 1066 1266 1074
f 1066 1075 1067
f 1066 1074 1075
f 1067 1076 1068
f 1067 1075 1076
f 1267 1268 1078
f 1267 1078 1077
f 1257 1258 1268
f 1258 1269 1268
f 1070 1079 1071
f 1070 1078 1079
f 1268 1269 1079
f 1268 1079 1078
f 1071 1269 1258
f 1071 1079 1269
f 1072 1073 1264
f 1073 1265 1264
f 1072 1264 1274
f 1072 1274 1081
f 1072 1082 1073
f 1072 1081 1082
f 1073 1074 1265
f 1074 1266 1265
f 1073 1083 1074
f 1073 1082 1083
f 1074 1084 1075
f 1074 1083 1084
f 1077 1275 1267
f 1077 1086 1275
f 1080 1081 1273
f 1081 1274 1273
f 1080 1273 1278
f 1080 1278 1087
f 1080 1088 1081
f 1080 1087 1088
f 1278 1279 1088
f 1278 1088 1087
f 1081 1089 1082
f 1081 1088 1089
f 1082 1090 1083
f 1082 1089 1090
f 1083 1091 1084
f 1083 1090 1091
f 1085 1093 1086
f 1085 1092 1093
f 1280 1281 1093
f 1280 1093 1092
f 1086 1281 1275
f 1086 1093 1281
f 1088 1279 1285
f 1088 1285 1095
f 1088 1096 1089
f 1088 1095 1096
f 1089 1097 1090
f 1089 1096 1097
f 1286 1287 1099
f 1286 1099 1098
f 1092 1287 1280
f 1092 1099 1287
f 1094 1095 1284
f 1095 1285 1284
f 1094 1284 1289
f 1094 1289 1100
f 1094 1101 1095
f 1094 1100 1101
f 1290 1291 1103
f 1290 1103 1102
f 1098 1291 1286
f 1098 1103 1291
f 1100 1289 1293
f 1100 1293 1104
f 1100 1105 1101
f 1100 1104 1105
f 1293 1294 1105
f 1293 1105 1104
f 1294 1295 1106
f 1294 1106 1105
f 1295 1296 1107
f 1295 1107 1106
f 1296 1297 1108
f 1296 1108 1107
f 1297 1298 1109
f 1297 1109 1108
f 1298 1299 1110
f 1298 1110 1109
f 1102 1299 1290
f 1102 1110 1299
f 1114 1115 1300
f 1115 1301 1300
f 1114 1300 1308
f 1114 1308 1123
f 1115 1116 1301
f 1116 1302 1301
f 1116 1117 1302
f 1117 1303 1302
f 1117 1118 1303
f 1118 1304 1303
f 1118 1119 1304
f 1119 1305 1304
f 1119 1120 1305
f 1120 1306 1305
f 1120 1309 1306
f 1120 1124 1309
f 1122 1123 1307
f 1123 1308 1307
f 1122 1307 1311
f 1122 1311 1127
f 1124 1125 1309
f 1125 1310 1309
f 1125 1312 1310
f 1125 1128 1312
f 1127 1311 1315
f 1127 1315 1131
f 1128 1129 1312
f 1129 1313 1312
f 1312 1313 1316
f 1313 1317 1316
f 1129 1317 1313
f 1129 1132 1317
f 1130 1131 1314
f 1131 1315 1314
f 1130 1314 1320
f 1130 1320 1137
f 1132 1321 1317
f 1132 1138 1321
f 1136 1137 1319
f 1137 1320 1319
f 1136 1319 1326
f 1136 1326 1146
f 1138 1139 1321
f 1139 1322 1321
f 1321 1322 1327
f 1322 1328 1327
f 1138 1148 1139
f 1138 1147 1148
f 1139 1328 1322
f 1139 1148 1328
f 1143 1144 1323
f 1144 1324 1323
f 1323 1324 1331
f 1324 1332 1331
f 1143 1323 1331
f 1143 1331 1153
f 1144 1145 1324
f 1145 1325 1324
f 1145 1146 1325
f 1146 1326 1325
f 1327 1328 1333
f 1328 1334 1333
f 1148 1334 1328
f 1148 1154 1334
f 1151 1152 1329
f 1152 1330 1329
f 1151 1329 1337
f 1151 1337 1157
f 1152 1153 1330
f 1153 1331 1330
f 1333 1334 1338
f 1334 1339 1338
f 1154 1339 1334
f 1154 1158 1339
f 1155 1156 1335
f 1156 1336 1335
f 1335 1336 1341
f 1336 1342 1341
f 1155 1335 1341
f 1155 1341 1160
f 1156 1157 1336
f 1157 1337 1336
f 1338 1339 1343
f 1339 1344 1343
f 1158 1159 1339
f 1159 1340 1339
f 1339 1340 1344
f 1340 1345 1344
f 1158 1169 1159
f 1158 1168 1169
f 1344 1345 1169
f 1344 1169 1168
f 1159 1345 1340
f 1159 1169 1345
f 1160 1341 1346
f 1160 1346 1170
f 1161 1172 1162
f 1161 1171 1172
f 1162 1173 1163
f 1162 1172 1173
f 1163 1174 1164
f 1163 1173 1174
f 1164 1175 1165
f 1164 1174 1175
f 1165 1176 1166
f 1165 1175 1176
f 1166 1177 1167
f 1166 1176 1177
f 1343 1344 1348
f 1344 1349 1348
f 1168 1349 1344
f 1168 1178 1349
f 1346 1347 1350
f 1347 1351 1350
f 1170 1346 1350
f 1170 1350 1179
f 1350 1351 1180
f 1350 1180 1179
f 1171 1183 1172
f 1171 1182 1183
f 1172 1184 1173
f 1172 1183 1184
f 1173 1185 1174
f 1173 1184 1185
f 1174 1186 1175
f 1174 1185 1186
f 1175 1187 1176
f 1175 1186 1187
f 1176 1188 1177
f 1176 1187 1188
f 1348 1349 1352
f 1349 1353 1352
f 1178 1353 1349
f 1178 1190 1353
f 1180 1351 1355
f 1180 1355 1192
f 1355 1356 1193
f 1355 1193 1192
f 1358 1359 1195
f 1358 1195 1194
f 1181 1196 1182
f 1181 1195 1196
f 1359 1360 1196
f 1359 1196 1195
f 1182 1197 1183
f 1182 1196 1197
f 1360 1361 1197
f 1360 1197 1196
f 1183 1198 1184
f 1183 1197 1198
f 1361 1362 1198
f 1361 1198 1197
f 1184 1199 1185
f 1184 1198 1199
f 1185 1200 1186
f 1185 1199 1200
f 1186 1201 1187
f 1186 1200 1201
f 1187 1202 1188
f 1187 1201 1202
f 1188 1203 1189
f 1188 1202 1203
f 1190 1191 1353
f 1191 1354 1353
f 1353 1354 1363
f 1354 1364 1363
f 1191 1364 1354
f 1191 1204 1364
f 1356 1357 1365
f 1357 1366 1365
f 1193 1356 1365
f 1193 1365 1206
f 1365 1366 1207
f 1365 1207 1206
f 1194 1367 1358
f 1194 1208 1367
f 1198 1362 1371
f 1198 1371 1212
f 1198 1213 1199
f 1198 1212 1213
f 1199 1214 1200
f 1199 1213 1214
f 1200 1215 1201
f 1200 1214 1215
f 1201 1216 1202
f 1201 1215 1216
f 1202 1217 1203
f 1202 1216 1217
f 1363 1364 1372
f 1364 1373 1372
f 1204 1373 1364
f 1204 1218 1373
f 1207 1366 1376
f 1207 1376 1221
f 1376 1377 1222
f 1376 1222 1221
f 1208 1209 1367
f 1209 1368 1367
f 1208 1223 1209
f 1208 1222 1223
f 1377 1378 1223
f 1377 1223 1222
f 1209 1210 1368
f 1210 1369 1368
f 1209 1224 1210
f 1209 1223 1224
f 1210 1211 1369
f 1211 1370 1369
f 1210 1225 1211
f 1210 1224 1225
f 1211 1212 1370
f 1212 1371 1370
f 1211 1226 1212
f 1211 1225 1226
f 1212 1227 1213
f 1212 1226 1227
f 1213 1228 1214
f 1213 1227 1228
f 1214 1229 1215
f 1214 1228 1229
f 1215 1230 1216
f 1215 1229 1230
f 1216 1231 1217
f 1216 1230 1231
f 1218 1219 1373
f 1219 1374 1373
f 1373 1374 1379
f 1374 1380 1379
f 1218 1233 1219
f 1218 1232 1233
f 1219 1380 1374
f 1219 1233 1380
f 1223 1378 1383
f 1223 1383 1236
f 1223 1237 1224
f 1223 1236 1237
f 1224 1238 1225
f 1224 1237 1238
f 1225 1239 1226
f 1225 1238 1239
f 1226 1240 1227
f 1226 1239 1240
f 1227 1241 1228
f 1227 1240 1241
f 1228 1242 1229
f 1228 1241 1242
f 1229 1243 1230
f 1229 1242 1243
f 1230 1244 1231
f 1230 1243 1244
f 1379 1380 1384
f 1380 1385 1384
f 1232 1246 1233
f 1232 1245 1246
f 1384 1385 1246
f 1384 1246 1245
f 1233 1385 1380
f 1233 1246 1385
f 1234 1235 1381
f 1235 1382 1381
f 1234 1381 1386
f 1234 1386 1247
f 1234 1248 1235
f 1234 1247 1248
f 1386 1387 1248
f 1386 1248 1247
f 1235 1236 1382
f 1236 1383 1382
f 1235 1249 1236
f 1235 1248 1249
f 1387 1388 1249
f 1387 1249 1248
f 1236 1250 1237
f 1236 1249 1250
f 1237 1251 1238
f 1237 1250 1251
f 1238 1252 1239
f 1238 1251 1252
f 1239 1253 1240
f 1239 1252 1253
f 1240 1254 1241
f 1240 1253 1254
f 1241 1255 1242
f 1241 1254 1255
f 1242 1256 1243
f 1242 1255 1256
f 1389 1390 1258
f 1389 1258 1257
f 1245 1390 1384
f 1245 1258 1390
f 1249 1388 1392
f 1249 1392 1259
f 1249 1260 1250
f 1249 1259 1260
f 1392 1393 1260
f 1392 1260 1259
f 1250 1261 1251
f 1250 1260 1261
f 1251 1262 1252
f 1251 1261 1262
f 1252 1263 1253
f 1252 1262 1263
f 1253 1264 1254
f 1253 1263 1264
f 1254 1265 1255
f 1254 1264 1265
f 1255 1266 1256
f 1255 1265 1266
f 1394 1395 1268
f 1394 1268 1267
f 1257 1395 1389
f 1257 1268 1395
f 1260 1393 1397
f 1260 1397 1270
f 1260 1271 1261
f 1260 1270 1271
f 1397 1398 1271
f 1397 1271 1270
f 1261 1272 1262
f 1261 1271 1272
f 1262 1273 1263
f 1262 1272 1273
f 1263 1274 1264
f 1263 1273 1274
f 1267 1400 1394
f 1267 1275 1400
f 1271 1398 1402
f 1271 1402 1276
f 1271 1277 1272
f 1271 1276 1277
f 1272 1278 1273
f 1272 1277 1278
f 1399 1400 1403
f 1400 1404 1403
f 1403 1404 1281
f 1403 1281 1280
f 1275 1404 1400
f 1275 1281 1404
f 1276 1402 1405
f 1276 1405 1282
f 1276 1283 1277
f 1276 1282 1283
f 1405 1406 1283
f 1405 1283 1282
f 1277 1284 1278
f 1277 1283 1284
f 1278 1285 1279
f 1278 1284 1285
f 1407 1408 1287
f 1407 1287 1286
f 1280 1408 1403
f 1280 1287 1408
f 1283 1406 1410
f 1283 1410 1288
f 1283 1289 1284
f 1283 1288 1289
f 1411 1412 1291
f 1411 1291 1290
f 1286 1412 1407
f 1286 1291 1412
f 1288 1410 1414
f 1288 1414 1292
f 1288 1293 1289
f 1288 1292 1293
f 1414 1415 1293
f 1414 1293 1292
f 1415 1416 1294
f 1415 1294 1293
f 1416 1417 1295
f 1416 1295 1294
f 1417 1418 1296
f 1417 1296 1295
f 1418 1419 1297
f 1418 1297 1296
f 1419 1420 1298
f 1419 1298 1297
f 1420 1421 1299
f 1420 1299 1298
f 1290 1421 1411
f 1290 1299 1421
f 1300 1301 1422
f 1301 1423 1422
f 1422 1423 1430
f 1423 1431 1430
f 1300 1422 1430
f 1300 1430 1308
f 1301 1302 1423
f 1302 1424 1423
f 1302 1303 1424
f 1303 1425 1424
f 1303 1304 1425
f 1304 1426 1425
f 1304 1305 1426
f 1305 1427 1426
f 1305 1306 1427
f 1306 1428 1427
f 1427 1428 1432
f 1428 1433 1432
f 1306 1433 1428
f 1306 1309 1433
f 1307 1308 1429
f 1308 1430 1429
f 1429 1430 1435
f 1430 1436 1435
f 1307 1429 1435
f 1307 1435 1311
f 1309 1310 1433
f 1310 1434 1433
f 1433 1434 1437
f 1434 1438 1437
f 1310 1438 1434
f 1310 1312 1438
f 1311 1435 1440
f 1311 1440 1315
f 1437 1438 1442
f 1438 1443 1442
f 1312 1443 1438
f 1312 1316 1443
f 1314 1315 1439
f 1315 1440 1439
f 1314 1439 1447
f 1314 1447 1320
f 1441 1442 1448
f 1442 1449 1448
f 1442 1443 1449
f 1443 1450 1449
f 1316 1317 1443
f 1317 1444 1443
f 1443 1444 1450
f 1444 1451 1450
f 1317 1451 1444
f 1317 1321 1451
f 1318 1319 1445
f 1319 1446 1445
f 1445 1446 1453
f 1446 1454 1453
f 1318 1445 1453
f 1318 1453 1325
f 1318 1326 1319
f 1318 1325 1326
f 1319 1320 1446
f 1320 1447 1446
f 1449 1450 1456
f 1450 1457 1456
f 1450 1451 1457
f 1451 1458 1457
f 1321 1458 1451
f 1321 1327 1458
f 1324 1325 1452
f 1325 1453 1452
f 1324 1452 1462
f 1324 1462 1332
f 1455 1456 1463
f 1456 1464 1463
f 1456 1457 1464
f 1457 1465 1464
f 1457 1458 1465
f 1458 1466 1465
f 1327 1466 1458
f 1327 1333 1466
f 1329 1330 1459
f 1330 1460 1459
f 1459 1460 1468
f 1460 1469 1468
f 1329 1459 1468
f 1329 1468 1337
f 1330 1331 1460
f 1331 1461 1460
f 1460 1461 1469
f 1461 1470 1469
f 1331 1332 1461
f 1332 1462 1461
f 1464 1465 1471
f 1465 1472 1471
f 1465 1466 1472
f 1466 1473 1472
f 1333 1473 1466
f 1333 1338 1473
f 1336 1337 1467
f 1337 1468 1467
f 1467 1468 1475
f 1468 1476 1475
f 1336 1467 1475
f 1336 1475 1342
f 1471 1472 1477
f 1472 1478 1477
f 1472 1473 1478
f 1473 1479 1478
f 1338 1479 1473
f 1338 1343 1479
f 1341 1342 1474
f 1342 1475 1474
f 1474 1475 1480
f 1475 1481 1480
f 1341 1474 1480
f 1341 1480 1346
f 1480 1481 1347
f 1480 1347 1346
f 1477 1478 1483
f 1478 1484 1483
f 1478 1479 1484
f 1479 1485 1484
f 1343 1485 1479
f 1343 1348 1485
f 1481 1482 1486
f 1482 1487 1486
f 1347 1481 1486
f 1347 1486 1351
f 1483 1484 1488
f 1484 1489 1488
f 1484 1485 1489
f 1485 1490 1489
f 1348 1490 1485
f 1348 1352 1490
f 1486 1487 1492
f 1487 1493 1492
f 1351 1486 1492
f 1351 1492 1355
f 1492 1493 1356
f 1492 1356 1355
f 1493 1494 1357
f 1493 1357 1356
f 1488 1489 1495
f 1489 1496 1495
f 1489 1490 1496
f 1490 1497 1496
f 1352 1353 1490
f 1353 1491 1490
f 1490 1491 1497
f 1491 1498 1497
f 1353 1498 1491
f 1353 1363 1498
f 1357 1494 1500
f 1357 1500 1366
f 1358 1368 1359
f 1358 1367 1368
f 1359 1369 1360
f 1359 1368 1369
f 1360 1370 1361
f 1360 1369 1370
f 1361 1371 1362
f 1361 1370 1371
f 1496 1497 1502
f 1497 1503 1502
f 1497 1498 1503
f 1498 1504 1503
f 1363 1504 1498
f 1363 1372 1504
f 1365 1366 1499
f 1366 1500 1499
f 1499 1500 1508
f 1500 1509 1508
f 1365 1499 1508
f 1365 1508 1375
f 1365 1376 1366
f 1365 1375 1376
f 1508 1509 1376
f 1508 1376 1375
f 1501 1502 1512
f 1502 1513 1512
f 1502 1503 1513
f 1503 1514 1513
f 1503 1504 1514
f 1504 1515 1514
f 1372 1373 1504
f 1373 1505 1504
f 1373 1516 1505
f 1373 1379 1516
f 1509 1510 1519
f 1510 1520 1519
f 1376 1509 1519
f 1376 1519 1381
f 1376 1382 1377
f 1376 1381 1382
f 1377 1383 1378
f 1377 1382 1383
f 1511 1512 1521
f 1512 1522 1521
f 1512 1513 1522
f 1513 1523 1522
f 1513 1514 1523
f 1514 1524 1523
f 1514 1515 1524
f 1515 1525 1524
f 1379 1526 1516
f 1379 1384 1526
f 1519 1520 1529
f 1520 1530 1529
f 1381 1519 1529
f 1381 1529 1386
f 1529 1530 1387
f 1529 1387 1386
f 1523 1524 1532
f 1524 1533 1532
f 1524 1525 1533
f 1525 1534 1533
f 1525 1526 1534
f 1526 1535 1534
f 1534 1535 1390
f 1534 1390 1389
f 1384 1535 1526
f 1384 1390 1535
f 1387 1530 1536
f 1387 1536 1391
f 1387 1392 1388
f 1387 1391 1392
f 1536 1537 1392
f 1536 1392 1391
f 1531 1532 1538
f 1532 1539 1538
f 1532 1533 1539
f 1533 1540 1539
f 1533 1534 1540
f 1534 1541 1540
f 1540 1541 1395
f 1540 1395 1394
f 1389 1541 1534
f 1389 1395 1541
f 1392 1537 1542
f 1392 1542 1396
f 1392 1397 1393
f 1392 1396 1397
f 1542 1543 1397
f 1542 1397 1396
f 1538 1539 1544
f 1539 1545 1544
f 1539 1540 1545
f 1540 1546 1545
f 1545 1546 1400
f 1545 1400 1399
f 1394 1546 1540
f 1394 1400 1546
f 1397 1543 1547
f 1397 1547 1401
f 1397 1402 1398
f 1397 1401 1402
f 1547 1548 1402
f 1547 1402 1401
f 1544 1545 1549
f 1545 1550 1549
f 1399 1550 1545
f 1399 1403 1550
f 1402 1548 1551
f 1402 1551 1405
f 1553 1554 1408
f 1553 1408 1407
f 1403 1554 1550
f 1403 1408 1554
f 1551 1552 1555
f 1552 1556 1555
f 1405 1551 1555
f 1405 1555 1409
f 1405 1410 1406
f 1405 1409 1410
f 1558 1559 1412
f 1558 1412 1411
f 1407 1559 1553
f 1407 1412 1559
f 1555 1556 1561
f 1556 1562 1561
f 1409 1555 1561
f 1409 1561 1413
f 1409 1414 1410
f 1409 1413 1414
f 1561 1562 1414
f 1561 1414 1413
f 1556 1557 1562
f 1557 1563 1562
f 1562 1563 1415
f 1562 1415 1414
f 1563 1564 1416
f 1563 1416 1415
f 1564 1565 1417
f 1564 1417 1416
f 1565 1566 1418
f 1565 1418 1417
f 1566 1567 1419
f 1566 1419 1418
f 1567 1568 1420
f 1567 1420 1419
f 1568 1569 1421
f 1568 1421 1420
f 1411 1569 1558
f 1411 1421 1569
f 1423 1424 1570
f 1424 1571 1570
f 1423 1570 1576
f 1423 1576 1431
f 1424 1425 1571
f 1425 1572 1571
f 1425 1426 1572
f 1426 1573 1572
f 1426 1427 1573
f 1427 1574 1573
f 1427 1577 1574
f 1427 1432 1577
f 1430 1431 1575
f 1431 1576 1575
f 1430 1575 1580
f 1430 1580 1436
f 1432 1433 1577
f 1433 1578 1577
f 1433 1583 1578
f 1433 1437 1583
f 1435 1436 1579
f 1436 1580 1579
f 1579 1580 1585
f 1580 1586 1585
f 1435 1579 1585
f 1435 1585 1440
f 1581 1582 1588
f 1582 1589 1588
f 1582 1583 1589
f 1583 1590 1589
f 1589 1590 1442
f 1589 1442 1441
f 1437 1590 1583
f 1437 1442 1590
f 1439 1440 1584
f 1440 1585 1584
f 1584 1585 1592
f 1585 1593 1592
f 1439 1584 1592
f 1439 1592 1447
f 1587 1588 1595
f 1588 1596 1595
f 1588 1589 1596
f 1589 1597 1596
f 1441 1597 1589
f 1441 1448 1597
f 1446 1447 1591
f 1447 1592 1591
f 1446 1591 1601
f 1446 1601 1454
f 1594 1595 1602
f 1595 1603 1602
f 1595 1596 1603
f 1596 1604 1603
f 1596 1597 1604
f 1597 1605 1604
f 1448 1449 1597
f 1449 1598 1597
f 1597 1598 1605
f 1598 1606 1605
f 1605 1606 1456
f 1605 1456 1455
f 1449 1606 1598
f 1449 1456 1606
f 1452 1453 1599
f 1453 1600 1599
f 1452 1599 1608
f 1452 1608 1462
f 1453 1454 1600
f 1454 1601 1600
f 1602 1603 1610
f 1603 1611 1610
f 1603 1604 1611
f 1604 1612 1611
f 1604 1605 1612
f 1605 1613 1612
f 1455 1613 1605
f 1455 1463 1613
f 1461 1462 1607
f 1462 1608 1607
f 1461 1607 1617
f 1461 1617 1470
f 1609 1610 1618
f 1610 1619 1618
f 1610 1611 1619
f 1611 1620 1619
f 1611 1612 1620
f 1612 1621 1620
f 1612 1613 1621
f 1613 1622 1621
f 1463 1464 1613
f 1464 1614 1613
f 1613 1614 1622
f 1614 1623 1622
f 1464 1623 1614
f 1464 1471 1623
f 1468 1469 1615
f 1469 1616 1615
f 1468 1615 1625
f 1468 1625 1476
f 1469 1470 1616
f 1470 1617 1616
f 1619 1620 1627
f 1620 1628 1627
f 1620 1621 1628
f 1621 1629 1628
f 1621 1622 1629
f 1622 1630 1629
f 1622 1623 1630
f 1623 1631 1630
f 1471 1631 1623
f 1471 1477 1631
f 1475 1476 1624
f 1476 1625 1624
f 1475 1624 1632
f 1475 1632 1481
f 1632 1633 1482
f 1632 1482 1481
f 1626 1627 1634
f 1627 1635 1634
f 1627 1628 1635
f 1628 1636 1635
f 1628 1629 1636
f 1629 1637 1636
f 1629 1630 1637
f 1630 1638 1637
f 1630 1631 1638
f 1631 1639 1638
f 1477 1639 1631
f 1477 1483 1639
f 1482 1633 1640
f 1482 1640 1487
f 1634 1635 1641
f 1635 1642 1641
f 1635 1636 1642
f 1636 1643 1642
f 1636 1637 1643
f 1637 1644 1643
f 1637 1638 1644
f 1638 1645 1644
f 1638 1639 1645
f 1639 1646 1645
f 1483 1646 1639
f 1483 1488 1646
f 1487 1640 1647
f 1487 1647 1493
f 1647 1648 1494
f 1647 1494 1493
f 1641 1642 1649
f 1642 1650 1649
f 1642 1643 1650
f 1643 1651 1650
f 1643 1644 1651
f 1644 1652 1651
f 1644 1645 1652
f 1645 1653 1652
f 1645 1646 1653
f 1646 1654 1653
f 1488 1654 1646
f 1488 1495 1654
f 1494 1648 1656
f 1494 1656 1500
f 1649 1650 1657
f 1650 1658 1657
f 1650 1651 1658
f 1651 1659 1658
f 1651 1652 1659
f 1652 1660 1659
f 1652 1653 1660
f 1653 1661 1660
f 1653 1654 1661
f 1654 1662 1661
f 1495 1496 1654
f 1496 1655 1654
f 1654 1655 1662
f 1655 1663 1662
f 1662 1663 1502
f 1662 1502 1501
f 1496 1663 1655
f 1496 1502 1663
f 1500 1656 1669
f 1500 1669 1509
f 1669 1670 1510
f 1669 1510 1509
f 1657 1658 1671
f 1658 1672 1671
f 1658 1659 1672
f 1659 1673 1672
f 1659 1660 1673
f 1660 1674 1673
f 1660 1661 1674
f 1661 1675 1674
f 1661 1662 1675
f 1662 1676 1675
f 1675 1676 1512
f 1675 1512 1511
f 1501 1676 1662
f 1501 1512 1676
f 1504 1505 1664
f 1505 1665 1664
f 1504 1664 1677
f 1504 1677 1515
f 1505 1506 1665
f 1506 1666 1665
f 1505 1517 1506
f 1505 1516 1517
f 1506 1507 1666
f 1507 1667 1666
f 1506 1518 1507
f 1506 1517 1518
f 1507 1679 1667
f 1507 1518 1679
f 1510 1670 1681
f 1510 1681 1520
f 1671 1672 1682
f 1672 1683 1682
f 1672 1673 1683
f 1673 1684 1683
f 1673 1674 1684
f 1674 1685 1684
f 1674 1675 1685
f 1675 1686 1685
f 1511 1686 1675
f 1511 1521 1686
f 1677 1678 1689
f 1678 1690 1689
f 1515 1677 1689
f 1515 1689 1525
f 1689 1690 1526
f 1689 1526 1525
f 1516 1527 1517
f 1516 1526 1527
f 1690 1691 1527
f 1690 1527 1526
f 1517 1528 1518
f 1517 1527 1528
f 1691 1692 1528
f 1691 1528 1527
f 1518 1692 1679
f 1518 1528 1692
f 1520 1681 1694
f 1520 1694 1530
f 1682 1683 1696
f 1683 1697 1696
f 1683 1684 1697
f 1684 1698 1697
f 1684 1685 1698
f 1685 1699 1698
f 1685 1686 1699
f 1686 1700 1699
f 1521 1522 1686
f 1522 1687 1686
f 1686 1687 1700
f 1687 1701 1700
f 1522 1523 1687
f 1523 1688 1687
f 1687 1688 1701
f 1688 1702 1701
f 1701 1702 1532
f 1701 1532 1531
f 1523 1702 1688
f 1523 1532 1702
f 1694 1695 1703
f 1695 1704 1703
f 1530 1694 1703
f 1530 1703 1536
f 1703 1704 1537
f 1703 1537 1536
f 1696 1697 1707
f 1697 1708 1707
f 1697 1698 1708
f 1698 1709 1708
f 1698 1699 1709
f 1699 1710 1709
f 1699 1700 1710
f 1700 1711 1710
f 1700 1701 1711
f 1701 1712 1711
f 1531 1712 1701
f 1531 1538 1712
f 1704 1705 1713
f 1705 1714 1713
f 1537 1704 1713
f 1537 1713 1542
f 1713 1714 1543
f 1713 1543 1542
f 1705 1706 1714
f 1706 1715 1714
f 1707 1708 1717
f 1708 1718 1717
f 1708 1709 1718
f 1709 1719 1718
f 1709 1710 1719
f 1710 1720 1719
f 1710 1711 1720
f 1711 1721 1720
f 1711 1712 1721
f 1712 1722 1721
f 1538 1722 1712
f 1538 1544 1722
f 1714 1715 1723
f 1715 1724 1723
f 1543 1714 1723
f 1543 1723 1547
f 1723 1724 1548
f 1723 1548 1547
f 1715 1716 1724
f 1716 1725 1724
f 1718 1719 1728
f 1719 1729 1728
f 1719 1720 1729
f 1720 1730 1729
f 1720 1721 1730
f 1721 1731 1730
f 1721 1722 1731
f 1722 1732 1731
f 1544 1732 1722
f 1544 1549 1732
f 1724 1725 1734
f 1725 1735 1734
f 1548 1724 1734
f 1548 1734 1551
f 1734 1735 1552
f 1734 1552 1551
f 1725 1726 1735
f 1726 1736 1735
f 1726 1727 1736
f 1727 1737 1736
f 1730 1731 1738
f 1731 1739 1738
f 1731 1732 1739
f 1732 1740 1739
f 1549 1550 1732
f 1550 1733 1732
f 1732 1733 1740
f 1733 1741 1740
f 1550 1741 1733
f 1550 1554 1741
f 1735 1736 1742
f 1736 1743 1742
f 1552 1735 1742
f 1552 1742 1556
f 1742 1743 1557
f 1742 1557 1556
f 1745 1746 1559
f 1745 1559 1558
f 1740 1741 1746
f 1741 1747 1746
f 1553 1560 1554
f 1553 1559 1560
f 1746 1747 1560
f 1746 1560 1559
f 1554 1747 1741
f 1554 1560 1747
f 1557 1743 1748
f 1557 1748 1563
f 1748 1749 1564
f 1748 1564 1563
f 1749 1750 1565
f 1749 1565 1564
f 1750 1751 1566
f 1750 1566 1565
f 1751 1752 1567
f 1751 1567 1566
f 1752 1753 1568
f 1752 1568 1567
f 1744 1745 1753
f 1745 1754 1753
f 1753 1754 1569
f 1753 1569 1568
f 1558 1754 1745
f 1558 1569 1754
f 1570 1571 1755
f 1571 1756 1755
f 1755 1756 1762
f 1756 1763 1762
f 1570 1755 1762
f 1570 1762 1576
f 1571 1572 1756
f 1572 1757 1756
f 1572 1573 1757
f 1573 1758 1757
f 1573 1574 1758
f 1574 1759 1758
f 1574 1764 1759
f 1574 1577 1764
f 1575 1576 1761
f 1576 1762 1761
f 1761 1762 1766
f 1762 1767 1766
f 1575 1761 1766
f 1575 1766 1580
f 1762 1763 1767
f 1763 1768 1767
f 1770 1771 1582
f 1770 1582 1581
f 1577 1578 1764
f 1578 1765 1764
f 1771 1772 1583
f 1771 1583 1582
f 1578 1772 1765
f 1578 1583 1772
f 1766 1767 1774
f 1767 1775 1774
f 1580 1766 1774
f 1580 1774 1586
f 1767 1768 1775
f 1768 1776 1775
f 1768 1769 1776
f 1769 1777 1776
f 1769 1770 1777
f 1770 1778 1777
f 1777 1778 1588
f 1777 1588 1587
f 1581 1778 1770
f 1581 1588 1778
f 1585 1586 1773
f 1586 1774 1773
f 1773 1774 1781
f 1774 1782 1781
f 1585 1773 1781
f 1585 1781 1593
f 1774 1775 1782
f 1775 1783 1782
f 1775 1776 1783
f 1776 1784 1783
f 1776 1777 1784
f 1777 1785 1784
f 1784 1785 1595
f 1784 1595 1594
f 1587 1785 1777
f 1587 1595 1785
f 1591 1592 1779
f 1592 1780 1779
f 1779 1780 1788
f 1780 1789 1788
f 1591 1779 1788
f 1591 1788 1601
f 1592 1593 1780
f 1593 1781 1780
f 1780 1781 1789
f 1781 1790 1789
f 1781 1782 1790
f 1782 1791 1790
f 1782 1783 1791
f 1783 1792 1791
f 1783 1784 1792
f 1784 1793 1792
f 1594 1793 1784
f 1594 1602 1793
f 1599 1600 1786
f 1600 1787 1786
f 1786 1787 1795
f 1787 1796 1795
f 1599 1786 1795
f 1599 1795 1608
f 1600 1601 1787
f 1601 1788 1787
f 1787 1788 1796
f 1788 1797 1796
f 1788 1789 1797
f 1789 1798 1797
f 1789 1790 1798
f 1790 1799 1798
f 1790 1791 1799
f 1791 1800 1799
f 1791 1792 1800
f 1792 1801 1800
f 1792 1793 1801
f 1793 1802 1801
f 1801 1802 1610
f 1801 1610 1609
f 1602 1802 1793
f 1602 1610 1802
f 1607 1608 1794
f 1608 1795 1794
f 1607 1794 1805
f 1607 1805 1617
f 1799 1800 1806
f 1800 1807 1806
f 1800 1801 1807
f 1801 1808 1807
f 1609 1808 1801
f 1609 1618 1808
f 1615 1616 1803
f 1616 1804 1803
f 1803 1804 1811
f 1804 1812 1811
f 1615 1803 1811
f 1615 1811 1625
f 1616 1617 1804
f 1617 1805 1804
f 1806 1807 1813
f 1807 1814 1813
f 1807 1808 1814
f 1808 1815 1814
f 1618 1619 1808
f 1619 1809 1808
f 1808 1809 1815
f 1809 1816 1815
f 1815 1816 1627
f 1815 1627 1626
f 1619 1816 1809
f 1619 1627 1816
f 1624 1625 1810
f 1625 1811 1810
f 1810 1811 1817
f 1811 1818 1817
f 1624 1810 1817
f 1624 1817 1632
f 1817 1818 1633
f 1817 1633 1632
f 1813 1814 1820
f 1814 1821 1820
f 1814 1815 1821
f 1815 1822 1821
f 1626 1822 1815
f 1626 1634 1822
f 1818 1819 1823
f 1819 1824 1823
f 1633 1818 1823
f 1633 1823 1640
f 1820 1821 1826
f 1821 1827 1826
f 1821 1822 1827
f 1822 1828 1827
f 1634 1828 1822
f 1634 1641 1828
f 1823 1824 1829
f 1824 1830 1829
f 1640 1823 1829
f 1640 1829 1647
f 1829 1830 1648
f 1829 1648 1647
f 1824 1825 1830
f 1825 1831 1830
f 1826 1827 1832
f 1827 1833 1832
f 1827 1828 1833
f 1828 1834 1833
f 1641 1834 1828
f 1641 1649 1834
f 1830 1831 1839
f 1831 1840 1839
f 1648 1830 1839
f 1648 1839 1656
f 1832 1833 1845
f 1833 1846 1845
f 1833 1834 1846
f 1834 1847 1846
f 1649 1847 1834
f 1649 1657 1847
f 1839 1840 1853
f 1840 1854 1853
f 1656 1839 1853
f 1656 1853 1669
f 1853 1854 1670
f 1853 1670 1669
f 1840 1841 1854
f 1841 1855 1854
f 1841 1842 1855
f 1842 1856 1855
f 1842 1843 1856
f 1843 1857 1856
f 1844 1845 1858
f 1845 1859 1858
f 1845 1846 1859
f 1846 1860 1859
f 1846 1847 1860
f 1847 1861 1860
f 1657 1861 1847
f 1657 1671 1861
f 1664 1665 1848
f 1665 1849 1848
f 1664 1848 1862
f 1664 1862 1677
f 1862 1863 1678
f 1862 1678 1677
f 1665 1666 1849
f 1666 1850 1849
f 1666 1667 1850
f 1667 1851 1850
f 1667 1668 1851
f 1668 1852 1851
f 1667 1680 1668
f 1667 1679 1680
f 1668 1864 1852
f 1668 1680 1864
f 1854 1855 1865
f 1855 1866 1865
f 1670 1854 1865
f 1670 1865 1681
f 1855 1856 1866
f 1856 1867 1866
f 1856 1857 1867
f 1857 1868 1867
f 1857 1858 1868
f 1858 1869 1868
f 1858 1859 1869
f 1859 1870 1869
f 1859 1860 1870
f 1860 1871 1870
f 1860 1861 1871
f 1861 1872 1871
f 1671 1872 1861
f 1671 1682 1872
f 1678 1863 1874
f 1678 1874 1690
f 1874 1875 1691
f 1874 1691 1690
f 1875 1876 1692
f 1875 1692 1691
f 1679 1693 1680
f 1679 1692 1693
f 1876 1877 1693
f 1876 1693 1692
f 1680 1877 1864
f 1680 1693 1877
f 1865 1866 1878
f 1866 1879 1878
f 1681 1865 1878
f 1681 1878 1694
f 1878 1879 1695
f 1878 1695 1694
f 1866 1867 1879
f 1867 1880 1879
f 1867 1868 1880
f 1868 1881 1880
f 1868 1869 1881
f 1869 1882 1881
f 1869 1870 1882
f 1870 1883 1882
f 1870 1871 1883
f 1871 1884 1883
f 1871 1872 1884
f 1872 1885 1884
f 1682 1885 1872
f 1682 1696 1885
f 1879 1880 1888
f 1880 1889 1888
f 1695 1879 1888
f 1695 1888 1704
f 1888 1889 1705
f 1888 1705 1704
f 1880 1881 1889
f 1881 1890 1889
f 1889 1890 1706
f 1889 1706 1705
f 1881 1882 1890
f 1882 1891 1890
f 1882 1883 1891
f 1883 1892 1891
f 1883 1884 1892
f 1884 1893 1892
f 1884 1885 1893
f 1885 1894 1893
f 1696 1894 1885
f 1696 1707 1894
f 1890 1891 1895
f 1891 1896 1895
f 1706 1890 1895
f 1706 1895 1715
f 1895 1896 1716
f 1895 1716 1715
f 1891 1892 1896
f 1892 1897 1896
f 1892 1893 1897
f 1893 1898 1897
f 1893 1894 1898
f 1894 1899 1898
f 1707 1899 1894
f 1707 1717 1899
f 1896 1897 1901
f 1897 1902 1901
f 1716 1896 1901
f 1716 1901 1725
f 1901 1902 1726
f 1901 1726 1725
f 1897 1898 1902
f 1898 1903 1902
f 1902 1903 1727
f 1902 1727 1726
f 1898 1899 1903
f 1899 1904 1903
f 1717 1718 1899
f 1718 1900 1899
f 1899 1900 1904
f 1900 1905 1904
f 1718 1905 1900
f 1718 1728 1905
f 1903 1904 1909
f 1904 1910 1909
f 1727 1903 1909
f 1727 1909 1737
f 1904 1905 1910
f 1905 1911 1910
f 1728 1729 1905
f 1729 1906 1905
f 1905 1906 1911
f 1906 1912 1911
f 1729 1730 1906
f 1730 1907 1906
f 1906 1907 1912
f 1907 1913 1912
f 1730 1913 1907
f 1730 1738 1913
f 1736 1737 1908
f 1737 1909 1908
f 1908 1909 1916
f 1909 1917 1916
f 1736 1908 1916
f 1736 1916 1743
f 1909 1910 1917
f 1910 1918 1917
f 1910 1911 1918
f 1911 1919 1918
f 1911 1912 1919
f 1912 1920 1919
f 1912 1913 1920
f 1913 1921 1920
f 1738 1739 1913
f 1739 1914 1913
f 1913 1914 1921
f 1914 1922 1921
f 1921 1922 1745
f 1921 1745 1744
f 1739 1740 1914
f 1740 1915 1914
f 1914 1915 1922
f 1915 1923 1922
f 1922 1923 1746
f 1922 1746 1745
f 1740 1923 1915
f 1740 1746 1923
f 1916 1917 1924
f 1917 1925 1924
f 1743 1916 1924
f 1743 1924 1748
f 1924 1925 1749
f 1924 1749 1748
f 1925 1926 1750
f 1925 1750 1749
f 1926 1927 1751
f 1926 1751 1750
f 1927 1928 1752
f 1927 1752 1751
f 1928 1929 1753
f 1928 1753 1752
f 1744 1929 1921
f 1744 1753 1929
f 1756 1757 1934
f 1757 1935 1934
f 1756 1934 1939
f 1756 1939 1763
f 1757 1758 1935
f 1758 1936 1935
f 1758 1759 1936
f 1759 1937 1936
f 1759 1760 1937
f 1760 1938 1937
f 1759 1765 1760
f 1759 1764 1765
f 1760 1940 1938
f 1760 1765 1940
f 1763 1939 1941
f 1763 1941 1768
f 1941 1942 1769
f 1941 1769 1768
f 1942 1943 1770
f 1942 1770 1769
f 1943 1944 1771
f 1943 1771 1770
f 1944 1945 1772
f 1944 1772 1771
f 1765 1945 1940
f 1765 1772 1945
f 1794 1795 1946
f 1795 1947 1946
f 1946 1947 1953
f 1947 1954 1953
f 1794 1946 1953
f 1794 1953 1805
f 1795 1796 1947
f 1796 1948 1947
f 1947 1948 1954
f 1948 1955 1954
f 1796 1797 1948
f 1797 1949 1948
f 1948 1949 1955
f 1949 1956 1955
f 1797 1798 1949
f 1798 1950 1949
f 1949 1950 1956
f 1950 1957 1956
f 1798 1799 1950
f 1799 1951 1950
f 1950 1951 1957
f 1951 1958 1957
f 1799 1958 1951
f 1799 1806 1958
f 1804 1805 1952
f 1805 1953 1952
f 1952 1953 1960
f 1953 1961 1960
f 1804 1952 1960
f 1804 1960 1812
f 1806 1963 1958
f 1806 1813 1963
f 1811 1812 1959
f 1812 1960 1959
f 1811 1959 1964
f 1811 1964 1818
f 1964 1965 1819
f 1964 1819 1818
f 1962 1963 1968
f 1963 1969 1968
f 1813 1969 1963
f 1813 1820 1969
f 1965 1966 1970
f 1966 1971 1970
f 1819 1965 1970
f 1819 1970 1824
f 1970 1971 1825
f 1970 1825 1824
f 1967 1968 1974
f 1968 1975 1974
f 1968 1969 1975
f 1969 1976 1975
f 1820 1976 1969
f 1820 1826 1976
f 1971 1972 1977
f 1972 1978 1977
f 1825 1971 1977
f 1825 1977 1831
f 1972 1973 1978
f 1973 1979 1978
f 1973 1974 1979
f 1974 1980 1979
f 1974 1975 1980
f 1975 1981 1980
f 1975 1976 1981
f 1976 1982 1981
f 1826 1982 1976
f 1826 1832 1982
f 1977 1978 1987
f 1978 1988 1987
f 1831 1977 1987
f 1831 1987 1840
f 1987 1988 1841
f 1987 1841 1840
f 1978 1979 1988
f 1979 1989 1988
f 1988 1989 1842
f 1988 1842 1841
f 1979 1980 1989
f 1980 1990 1989
f 1989 1990 1843
f 1989 1843 1842
f 1980 1981 1990
f 1981 1991 1990
f 1981 1982 1991
f 1982 1992 1991
f 1991 1992 1845
f 1991 1845 1844
f 1832 1992 1982
f 1832 1845 1992
f 1835 1836 1983
f 1836 1984 1983
f 1983 1984 1993
f 1984 1994 1993
f 1835 1983 1993
f 1835 1993 1848
f 1835 1849 1836
f 1835 1848 1849
f 1836 1837 1984
f 1837 1985 1984
f 1836 1850 1837
f 1836 1849 1850
f 1837 1838 1985
f 1838 1986 1985
f 1837 1851 1838
f 1837 1850 1851
f 1838 1995 1986
f 1838 1851 1995
f 1990 1991 1997
f 1991 1998 1997
f 1843 1990 1997
f 1843 1997 1857
f 1997 1998 1858
f 1997 1858 1857
f 1844 1998 1991
f 1844 1858 1998
f 1848 1993 1999
f 1848 1999 1862
f 1851 1852 1995
f 1852 1996 1995
f 1852 2000 1996
f 1852 1864 2000
f 1862 1999 2001
f 1862 2001 1873
f 1862 1874 1863
f 1862 1873 1874
f 2001 2002 1874
f 2001 1874 1873
f 2002 2003 1875
f 2002 1875 1874
f 2004 2005 1877
f 2004 1877 1876
f 1864 2005 2000
f 1864 1877 2005
f 1875 2003 2006
f 1875 2006 1886
f 1875 1887 1876
f 1875 1886 1887
f 2006 2007 1887
f 2006 1887 1886
f 1876 2007 2004
f 1876 1887 2007
f 1917 1918 2008
f 1918 2009 2008
f 1917 2008 2014
f 1917 2014 1925
f 1918 1919 2009
f 1919 2010 2009
f 1919 1920 2010
f 1920 2011 2010
f 1920 1921 2011
f 1921 2012 2011
f 2015 2016 1929
f 2015 1929 1928
f 1921 2016 2012
f 1921 1929 2016
f 1925 2014 2018
f 1925 2018 1930
f 1925 1931 1926
f 1925 1930 1931
f 2018 2019 1931
f 2018 1931 1930
f 1926 1932 1927
f 1926 1931 1932
f 2019 2020 1932
f 2019 1932 1931
f 1927 1933 1928
f 1927 1932 1933
f 2020 2021 1933
f 2020 1933 1932
f 1928 2021 2015
f 1928 1933 2021
f 1934 1935 2024
f 1935 2025 2024
f 1934 2024 2031
f 1934 2031 1939
f 1935 1936 2025
f 1936 2026 2025
f 1936 1937 2026
f 1937 2027 2026
f 1937 1938 2027
f 1938 2028 2027
f 1938 2032 2028
f 1938 1940 2032
f 1939 2031 2034
f 1939 2034 1941
f 2034 2035 1942
f 2034 1942 1941
f 2035 2036 1943
f 2035 1943 1942
f 2036 2037 1944
f 2036 1944 1943
f 2037 2038 1945
f 2037 1945 1944
f 1940 2038 2032
f 1940 1945 2038
f 1953 1954 2040
f 1954 2041 2040
f 1953 2040 2048
f 1953 2048 1961
f 1954 1955 2041
f 1955 2042 2041
f 1955 1956 2042
f 1956 2043 2042
f 1956 1957 2043
f 1957 2044 2043
f 1957 1958 2044
f 1958 2045 2044
f 2049 2050 1963
f 2049 1963 1962
f 1958 2050 2045
f 1958 1963 2050
f 1959 1960 2046
f 1960 2047 2046
f 2046 2047 2051
f 2047 2052 2051
f 1959 2046 2051
f 1959 2051 1964
f 2051 2052 1965
f 2051 1965 1964
f 1960 1961 2047
f 1961 2048 2047
f 2052 2053 1966
f 2052 1966 1965
f 2054 2055 1968
f 2054 1968 1967
f 1962 2055 2049
f 1962 1968 2055
f 1966 2053 2057
f 1966 2057 1971
f 2057 2058 1972
f 2057 1972 1971
f 2058 2059 1973
f 2058 1973 1972
f 2059 2060 1974
f 2059 1974 1973
f 1967 2060 2054
f 1967 1974 2060
f 1984 1985 2061
f 1985 2062 2061
f 1984 2061 2066
f 1984 2066 1994
f 1985 1986 2062
f 1986 2063 2062
f 1986 2067 2063
f 1986 1995 2067
f 1993 1994 2065
f 1994 2066 2065
f 2065 2066 2069
f 2066 2070 2069
f 1993 2065 2069
f 1993 2069 1999
f 1995 1996 2067
f 1996 2068 2067
f 1996 2071 2068
f 1996 2000 2071
f 2069 2070 2072
f 2070 2073 2072
f 1999 2069 2072
f 1999 2072 2001
f 2072 2073 2002
f 2072 2002 2001
f 2073 2074 2003
f 2073 2003 2002
f 2075 2076 2005
f 2075 2005 2004
f 2000 2076 2071
f 2000 2005 2076
f 2003 2074 2077
f 2003 2077 2006
f 2077 2078 2007
f 2077 2007 2006
f 2004 2078 2075
f 2004 2007 2078
f 2008 2009 2080
f 2009 2081 2080
f 2008 2080 2087
f 2008 2087 2014
f 2009 2010 2081
f 2010 2082 2081
f 2010 2011 2082
f 2011 2083 2082
f 2011 2012 2083
f 2012 2084 2083
f 2012 2088 2084
f 2012 2016 2088
f 2013 2014 2086
f 2014 2087 2086
f 2013 2086 2090
f 2013 2090 2017
f 2013 2018 2014
f 2013 2017 2018
f 2090 2091 2018
f 2090 2018 2017
f 2091 2092 2019
f 2091 2019 2018
f 2092 2093 2020
f 2092 2020 2019
f 2093 2094 2021
f 2093 2021 2020
f 2015 2022 2016
f 2015 2021 2022
f 2094 2095 2022
f 2094 2022 2021
f 2016 2095 2088
f 2016 2022 2095
f 2023 2024 2096
f 2024 2097 2096
f 2096 2097 2103
f 2097 2104 2103
f 2023 2096 2103
f 2023 2103 2030
f 2023 2031 2024
f 2023 2030 2031
f 2103 2104 2031
f 2103 2031 2030
f 2024 2025 2097
f 2025 2098 2097
f 2025 2026 2098
f 2026 2099 2098
f 2026 2027 2099
f 2027 2100 2099
f 2027 2028 2100
f 2028 2101 2100
f 2028 2029 2101
f 2029 2102 2101
f 2028 2033 2029
f 2028 2032 2033
f 2106 2107 2033
f 2106 2033 2032
f 2029 2107 2102
f 2029 2033 2107
f 2104 2105 2108
f 2105 2109 2108
f 2031 2104 2108
f 2031 2108 2034
f 2108 2109 2035
f 2108 2035 2034
f 2109 2110 2036
f 2109 2036 2035
f 2110 2111 2037
f 2110 2037 2036
f 2111 2112 2038
f 2111 2038 2037
f 2032 2112 2106
f 2032 2038 2112
f 2039 2040 2113
f 2040 2114 2113
f 2113 2114 2120
f 2114 2121 2120
f 2039 2113 2120
f 2039 2120 2047
f 2039 2048 2040
f 2039 2047 2048
f 2040 2041 2114
f 2041 2115 2114
f 2114 2115 2121
f 2115 2122 2121
f 2041 2042 2115
f 2042 2116 2115
f 2042 2043 2116
f 2043 2117 2116
f 2043 2044 2117
f 2044 2118 2117
f 2044 2045 2118
f 2045 2119 2118
f 2045 2123 2119
f 2045 2050 2123
f 2047 2120 2124
f 2047 2124 2052
f 2124 2125 2053
f 2124 2053 2052
f 2126 2127 2055
f 2126 2055 2054
f 2049 2056 2050
f 2049 2055 2056
f 2127 2128 2056
f 2127 2056 2055
f 2050 2128 2123
f 2050 2056 2128
f 2053 2125 2129
f 2053 2129 2057
f 2129 2130 2058
f 2129 2058 2057
f 2130 2131 2059
f 2130 2059 2058
f 2131 2132 2060
f 2131 2060 2059
f 2054 2132 2126
f 2054 2060 2132
f 2061 2062 2134
f 2062 2135 2134
f 2134 2135 2138
f 2135 2139 2138
f 2061 2134 2138
f 2061 2138 2066
f 2062 2063 2135
f 2063 2136 2135
f 2063 2064 2136
f 2064 2137 2136
f 2063 2068 2064
f 2063 2067 2068
f 2064 2140 2137
f 2064 2068 2140
f 2066 2138 2141
f 2066 2141 2070
f 2068 2142 2140
f 2068 2071 2142
f 2070 2141 2143
f 2070 2143 2073
f 2143 2144 2074
f 2143 2074 2073
f 2145 2146 2076
f 2145 2076 2075
f 2071 2146 2142
f 2071 2076 2146
f 2144 2145 2147
f 2145 2148 2147
f 2074 2144 2147
f 2074 2147 2077
f 2147 2148 2078
f 2147 2078 2077
f 2075 2148 2145
f 2075 2078 2148
f 2079 2080 2149
f 2080 2150 2149
f 2079 2149 2156
f 2079 2156 2086
f 2079 2087 2080
f 2079 2086 2087
f 2080 2081 2150
f 2081 2151 2150
f 2081 2082 2151
f 2082 2152 2151
f 2082 2083 2152
f 2083 2153 2152
f 2083 2084 2153
f 2084 2154 2153
f 2084 2157 2154
f 2084 2088 2157
f 2085 2086 2155
f 2086 2156 2155
f 2085 2155 2158
f 2085 2158 2089
f 2085 2090 2086
f 2085 2089 2090
f 2158 2159 2090
f 2158 2090 2089
f 2159 2160 2091
f 2159 2091 2090
f 2160 2161 2092
f 2160 2092 2091
f 2161 2162 2093
f 2161 2093 2092
f 2162 2163 2094
f 2162 2094 2093
f 2163 2164 2095
f 2163 2095 2094
f 2088 2164 2157
f 2088 2095 2164
f 2097 2098 2170
f 2098 2171 2170
f 2097 2170 2177
f 2097 2177 2104
f 2177 2178 2105
f 2177 2105 2104
f 2098 2099 2171
f 2099 2172 2171
f 2099 2100 2172
f 2100 2173 2172
f 2100 2101 2173
f 2101 2174 2173
f 2101 2102 2174
f 2102 2175 2174
f 2179 2180 2107
f 2179 2107 2106
f 2102 2180 2175
f 2102 2107 2180
f 2105 2178 2181
f 2105 2181 2109
f 2181 2182 2110
f 2181 2110 2109
f 2182 2183 2111
f 2182 2111 2110
f 2183 2184 2112
f 2183 2112 2111
f 2106 2184 2179
f 2106 2112 2184
f 2115 2116 2185
f 2116 2186 2185
f 2115 2185 2193
f 2115 2193 2122
f 2116 2117 2186
f 2117 2187 2186
f 2117 2118 2187
f 2118 2188 2187
f 2118 2119 2188
f 2119 2189 2188
f 2119 2194 2189
f 2119 2123 2194
f 2120 2121 2191
f 2121 2192 2191
f 2120 2191 2196
f 2120 2196 2124
f 2196 2197 2125
f 2196 2125 2124
f 2121 2122 2192
f 2122 2193 2192
f 2199 2200 2128
f 2199 2128 2127
f 2123 2200 2194
f 2123 2128 2200
f 2197 2198 2201
f 2198 2202 2201
f 2125 2197 2201
f 2125 2201 2129
f 2201 2202 2130
f 2201 2130 2129
f 2202 2203 2131
f 2202 2131 2130
f 2203 2204 2132
f 2203 2132 2131
f 2126 2133 2127
f 2126 2132 2133
f 2204 2205 2133
f 2204 2133 2132
f 2127 2205 2199
f 2127 2133 2205
f 2135 2136 2206
f 2136 2207 2206
f 2135 2206 2210
f 2135 2210 2139
f 2136 2137 2207
f 2137 2208 2207
f 2137 2211 2208
f 2137 2140 2211
f 2138 2139 2209
f 2139 2210 2209
f 2138 2209 2212
f 2138 2212 2141
f 2140 2213 2211
f 2140 2142 2213
f 2141 2212 2214
f 2141 2214 2143
f 2214 2215 2144
f 2214 2144 2143
f 2215 2216 2145
f 2215 2145 2144
f 2216 2217 2146
f 2216 2146 2145
f 2142 2217 2213
f 2142 2146 2217
f 2149 2150 2218
f 2150 2219 2218
f 2218 2219 2225
f 2219 2226 2225
f 2149 2218 2225
f 2149 2225 2156
f 2150 2151 2219
f 2151 2220 2219
f 2151 2152 2220
f 2152 2221 2220
f 2152 2153 2221
f 2153 2222 2221
f 2153 2154 2222
f 2154 2223 2222
f 2222 2223 2227
f 2223 2228 2227
f 2154 2228 2223
f 2154 2157 2228
f 2155 2156 2224
f 2156 2225 2224
f 2224 2225 2229
f 2225 2230 2229
f 2155 2224 2229
f 2155 2229 2158
f 2229 2230 2159
f 2229 2159 2158
f 2230 2231 2160
f 2230 2160 2159
f 2231 2232 2161
f 2231 2161 2160
f 2232 2233 2162
f 2232 2162 2161
f 2233 2234 2163
f 2233 2163 2162
f 2234 2235 2164
f 2234 2164 2163
f 2157 2235 2228
f 2157 2164 2235
f 2165 2166 2236
f 2166 2237 2236
f 2165 2236 2241
f 2165 2241 2170
f 2165 2171 2166
f 2165 2170 2171
f 2166 2167 2237
f 2167 2238 2237
f 2166 2172 2167
f 2166 2171 2172
f 2167 2168 2238
f 2168 2239 2238
f 2167 2173 2168
f 2167 2172 2173
f 2168 2242 2239
f 2168 2173 2242
f 2169 2170 2240
f 2170 2241 2240
f 2169 2240 2245
f 2169 2245 2176
f 2169 2177 2170
f 2169 2176 2177
f 2245 2246 2177
f 2245 2177 2176
f 2246 2247 2178
f 2246 2178 2177
f 2173 2174 2242
f 2174 2243 2242
f 2174 2175 2243
f 2175 2244 2243
f 2249 2250 2180
f 2249 2180 2179
f 2175 2250 2244
f 2175 2180 2250
f 2178 2247 2251
f 2178 2251 2181
f 2251 2252 2182
f 2251 2182 2181
f 2252 2253 2183
f 2252 2183 2182
f 2248 2249 2253
f 2249 2254 2253
f 2253 2254 2184
f 2253 2184 2183
f 2179 2254 2249
f 2179 2184 2254
f 2185 2186 2255
f 2186 2256 2255
f 2255 2256 2263
f 2256 2264 2263
f 2185 2255 2263
f 2185 2263 2193
f 2186 2187 2256
f 2187 2257 2256
f 2187 2188 2257
f 2188 2258 2257
f 2188 2189 2258
f 2189 2259 2258
f 2189 2190 2259
f 2190 2260 2259
f 2189 2195 2190
f 2189 2194 2195
f 2265 2266 2195
f 2265 2195 2194
f 2190 2266 2260
f 2190 2195 2266
f 2191 2192 2261
f 2192 2262 2261
f 2191 2261 2267
f 2191 2267 2196
f 2267 2268 2197
f 2267 2197 2196
f 2192 2193 2262
f 2193 2263 2262
f 2268 2269 2198
f 2268 2198 2197
f 2270 2271 2200
f 2270 2200 2199
f 2194 2271 2265
f 2194 2200 2271
f 2198 2269 2273
f 2198 2273 2202
f 2273 2274 2203
f 2273 2203 2202
f 2274 2275 2204
f 2274 2204 2203
f 2275 2276 2205
f 2275 2205 2204
f 2199 2276 2270
f 2199 2205 2276
f 2206 2207 2278
f 2207 2279 2278
f 2206 2278 2282
f 2206 2282 2210
f 2207 2208 2279
f 2208 2280 2279
f 2208 2283 2280
f 2208 2211 2283
f 2209 2210 2281
f 2210 2282 2281
f 2281 2282 2284
f 2282 2285 2284
f 2209 2281 2284
f 2209 2284 2212
f 2211 2286 2283
f 2211 2213 2286
f 2284 2285 2287
f 2285 2288 2287
f 2212 2284 2287
f 2212 2287 2214
f 2287 2288 2215
f 2287 2215 2214
f 2288 2289 2216
f 2288 2216 2215
f 2289 2290 2217
f 2289 2217 2216
f 2213 2290 2286
f 2213 2217 2290
f 2219 2220 2291
f 2220 2292 2291
f 2219 2291 2297
f 2219 2297 2226
f 2220 2221 2292
f 2221 2293 2292
f 2221 2222 2293
f 2222 2294 2293
f 2222 2298 2294
f 2222 2227 2298
f 2225 2226 2296
f 2226 2297 2296
f 2225 2296 2300
f 2225 2300 2230
f 2300 2301 2231
f 2300 2231 2230
f 2301 2302 2232
f 2301 2232 2231
f 2302 2303 2233
f 2302 2233 2232
f 2303 2304 2234
f 2303 2234 2233
f 2227 2228 2298
f 2228 2299 2298
f 2304 2305 2235
f 2304 2235 2234
f 2228 2305 2299
f 2228 2235 2305
f 2236 2237 2306
f 2237 2307 2306
f 2306 2307 2311
f 2307 2312 2311
f 2236 2306 2311
f 2236 2311 2241
f 2237 2238 2307
f 2238 2308 2307
f 2307 2308 2312
f 2308 2313 2312
f 2238 2239 2308
f 2239 2309 2308
f 2308 2309 2313
f 2309 2314 2313
f 2239 2314 2309
f 2239 2242 2314
f 2240 2241 2310
f 2241 2311 2310
f 2240 2310 2317
f 2240 2317 2245
f 2317 2318 2246
f 2317 2246 2245
f 2318 2319 2247
f 2318 2247 2246
f 2242 2243 2314
f 2243 2315 2314
f 2321 2322 2249
f 2321 2249 2248
f 2243 2244 2315
f 2244 2316 2315
f 2315 2316 2322
f 2316 2323 2322
f 2322 2323 2250
f 2322 2250 2249
f 2244 2323 2316
f 2244 2250 2323
f 2319 2320 2324
f 2320 2325 2324
f 2247 2319 2324
f 2247 2324 2251
f 2324 2325 2252
f 2324 2252 2251
f 2320 2321 2325
f 2321 2326 2325
f 2325 2326 2253
f 2325 2253 2252
f 2248 2326 2321
f 2248 2253 2326
f 2256 2257 2327
f 2257 2328 2327
f 2327 2328 2335
f 2328 2336 2335
f 2256 2327 2335
f 2256 2335 2264
f 2257 2258 2328
f 2258 2329 2328
f 2258 2259 2329
f 2259 2330 2329
f 2259 2260 2330
f 2260 2331 2330
f 2330 2331 2337
f 2331 2338 2337
f 2260 2338 2331
f 2260 2266 2338
f 2261 2262 2332
f 2262 2333 2332
f 2332 2333 2339
f 2333 2340 2339
f 2261 2332 2339
f 2261 2339 2267
f 2339 2340 2268
f 2339 2268 2267
f 2262 2263 2333
f 2263 2334 2333
f 2340 2341 2269
f 2340 2269 2268
f 2263 2264 2334
f 2264 2335 2334
f 2265 2272 2266
f 2265 2271 2272
f 2342 2343 2272
f 2342 2272 2271
f 2266 2343 2338
f 2266 2272 2343
f 2269 2341 2344
f 2269 2344 2273
f 2344 2345 2274
f 2344 2274 2273
f 2345 2346 2275
f 2345 2275 2274
f 2346 2347 2276
f 2346 2276 2275
f 2270 2277 2271
f 2270 2276 2277
f 2347 2348 2277
f 2347 2277 2276
f 2271 2348 2342
f 2271 2277 2348
f 2278 2279 2349
f 2279 2350 2349
f 2349 2350 2352
f 2350 2353 2352
f 2278 2349 2352
f 2278 2352 2282
f 2279 2280 2350
f 2280 2351 2350
f 2350 2351 2353
f 2351 2354 2353
f 2280 2354 2351
f 2280 2283 2354
f 2352 2353 2355
f 2353 2356 2355
f 2282 2352 2355
f 2282 2355 2285
f 2283 2357 2354
f 2283 2286 2357
f 2355 2356 2358
f 2356 2359 2358
f 2285 2355 2358
f 2285 2358 2288
f 2358 2359 2289
f 2358 2289 2288
f 2359 2360 2290
f 2359 2290 2289
f 2286 2360 2357
f 2286 2290 2360
f 2291 2292 2361
f 2292 2362 2361
f 2291 2361 2368
f 2291 2368 2297
f 2292 2293 2362
f 2293 2363 2362
f 2293 2294 2363
f 2294 2364 2363
f 2294 2295 2364
f 2295 2365 2364
f 2294 2299 2295
f 2294 2298 2299
f 2295 2369 2365
f 2295 2299 2369
f 2296 2297 2367
f 2297 2368 2367
f 2296 2367 2372
f 2296 2372 2300
f 2372 2373 2301
f 2372 2301 2300
f 2373 2374 2302
f 2373 2302 2301
f 2374 2375 2303
f 2374 2303 2302
f 2375 2376 2304
f 2375 2304 2303
f 2376 2377 2305
f 2376 2305 2304
f 2299 2377 2369
f 2299 2305 2377
f 2310 2311 2379
f 2311 2380 2379
f 2379 2380 2385
f 2380 2386 2385
f 2310 2379 2385
f 2310 2385 2317
f 2385 2386 2318
f 2385 2318 2317
f 2311 2312 2380
f 2312 2381 2380
f 2380 2381 2386
f 2381 2387 2386
f 2386 2387 2319
f 2386 2319 2318
f 2312 2313 2381
f 2313 2382 2381
f 2387 2388 2320
f 2387 2320 2319
f 2313 2314 2382
f 2314 2383 2382
f 2382 2383 2388
f 2383 2389 2388
f 2388 2389 2321
f 2388 2321 2320
f 2314 2315 2383
f 2315 2384 2383
f 2383 2384 2389
f 2384 2390 2389
f 2389 2390 2322
f 2389 2322 2321
f 2315 2390 2384
f 2315 2322 2390
f 2328 2329 2391
f 2329 2392 2391
f 2391 2392 2397
f 2392 2398 2397
f 2328 2391 2397
f 2328 2397 2336
f 2329 2330 2392
f 2330 2393 2392
f 2330 2399 2393
f 2330 2337 2399
f 2333 2334 2394
f 2334 2395 2394
f 2333 2394 2401
f 2333 2401 2340
f 2401 2402 2341
f 2401 2341 2340
f 2334 2335 2395
f 2335 2396 2395
f 2335 2336 2396
f 2336 2397 2396
f 2337 2338 2399
f 2338 2400 2399
f 2403 2404 2343
f 2403 2343 2342
f 2338 2404 2400
f 2338 2343 2404
f 2341 2402 2406
f 2341 2406 2344
f 2406 2407 2345
f 2406 2345 2344
f 2407 2408 2346
f 2407 2346 2345
f 2408 2409 2347
f 2408 2347 2346
f 2409 2410 2348
f 2409 2348 2347
f 2342 2410 2403
f 2342 2348 2410
f 2353 2354 2411
f 2354 2412 2411
f 2411 2412 2413
f 2412 2414 2413
f 2353 2411 2413
f 2353 2413 2356
f 2354 2414 2412
f 2354 2357 2414
f 2413 2414 2415
f 2414 2416 2415
f 2356 2413 2415
f 2356 2415 2359
f 2415 2416 2360
f 2415 2360 2359
f 2357 2416 2414
f 2357 2360 2416
f 2361 2362 2417
f 2362 2418 2417
f 2417 2418 2424
f 2418 2425 2424
f 2361 2417 2424
f 2361 2424 2368
f 2362 2363 2418
f 2363 2419 2418
f 2418 2419 2425
f 2419 2426 2425
f 2363 2364 2419
f 2364 2420 2419
f 2419 2420 2426
f 2420 2427 2426
f 2364 2365 2420
f 2365 2421 2420
f 2420 2421 2427
f 2421 2428 2427
f 2365 2428 2421
f 2365 2369 2428
f 2366 2367 2422
f 2367 2423 2422
f 2422 2423 2430
f 2423 2431 2430
f 2366 2422 2430
f 2366 2430 2371
f 2366 2372 2367
f 2366 2371 2372
f 2430 2431 2372
f 2430 2372 2371
f 2367 2368 2423
f 2368 2424 2423
f 2423 2424 2431
f 2424 2432 2431
f 2431 2432 2373
f 2431 2373 2372
f 2432 2433 2374
f 2432 2374 2373
f 2433 2434 2375
f 2433 2375 2374
f 2434 2435 2376
f 2434 2376 2375
f 2427 2428 2435
f 2428 2436 2435
f 2435 2436 2377
f 2435 2377 2376
f 2369 2370 2428
f 2370 2429 2428
f 2428 2429 2436
f 2429 2437 2436
f 2369 2378 2370
f 2369 2377 2378
f 2436 2437 2378
f 2436 2378 2377
f 2370 2437 2429
f 2370 2378 2437
f 2381 2382 2438
f 2382 2439 2438
f 2438 2439 2440
f 2439 2441 2440
f 2381 2438 2440
f 2381 2440 2387
f 2440 2441 2388
f 2440 2388 2387
f 2382 2441 2439
f 2382 2388 2441
f 2392 2393 2442
f 2393 2443 2442
f 2442 2443 2448
f 2443 2449 2448
f 2392 2442 2448
f 2392 2448 2398
f 2393 2449 2443
f 2393 2399 2449
f 2394 2395 2444
f 2395 2445 2444
f 2394 2444 2451
f 2394 2451 2401
f 2395 2396 2445
f 2396 2446 2445
f 2396 2397 2446
f 2397 2447 2446
f 2397 2398 2447
f 2398 2448 2447
f 2399 2400 2449
f 2400 2450 2449
f 2452 2453 2404
f 2452 2404 2403
f 2400 2453 2450
f 2400 2404 2453
f 2401 2451 2454
f 2401 2454 2405
f 2401 2406 2402
f 2401 2405 2406
f 2454 2455 2406
f 2454 2406 2405
f 2455 2456 2407
f 2455 2407 2406
f 2456 2457 2408
f 2456 2408 2407
f 2457 2458 2409
f 2457 2409 2408
f 2458 2459 2410
f 2458 2410 2409
f 2403 2459 2452
f 2403 2410 2459
f 2424 2425 2461
f 2425 2462 2461
f 2461 2462 2465
f 2462 2466 2465
f 2424 2461 2465
f 2424 2465 2432
f 2465 2466 2433
f 2465 2433 2432
f 2425 2426 2462
f 2426 2463 2462
f 2462 2463 2466
f 2463 2467 2466
f 2466 2467 2434
f 2466 2434 2433
f 2426 2427 2463
f 2427 2464 2463
f 2463 2464 2467
f 2464 2468 2467
f 2467 2468 2435
f 2467 2435 2434
f 2427 2468 2464
f 2427 2435 2468
f 2444 2445 2469
f 2445 2470 2469
f 2469 2470 2476
f 2470 2477 2476
f 2444 2469 2476
f 2444 2476 2451
f 2445 2446 2470
f 2446 2471 2470
f 2446 2447 2471
f 2447 2472 2471
f 2447 2448 2472
f 2448 2473 2472
f 2448 2449 2473
f 2449 2474 2473
f 2449 2450 2474
f 2450 2475 2474
f 2474 2475 2478
f 2475 2479 2478
f 2450 2479 2475
f 2450 2453 2479
f 2451 2476 2480
f 2451 2480 2454
f 2480 2481 2455
f 2480 2455 2454
f 2481 2482 2456
f 2481 2456 2455
f 2482 2483 2457
f 2482 2457 2456
f 2483 2484 2458
f 2483 2458 2457
f 2484 2485 2459
f 2484 2459 2458
f 2478 2479 2485
f 2479 2486 2485
f 2452 2460 2453
f 2452 2459 2460
f 2485 2486 2460
f 2485 2460 2459
f 2453 2486 2479
f 2453 2460 2486
f 2470 2471 2487
f 2471 2488 2487
f 2487 2488 2493
f 2488 2494 2493
f 2470 2487 2493
f 2470 2493 2477
f 2471 2472 2488
f 2472 2489 2488
f 2488 2489 2494
f 2489 2495 2494
f 2472 2473 2489
f 2473 2490 2489
f 2489 2490 2495
f 2490 2496 2495
f 2473 2474 2490
f 2474 2491 2490
f 2490 2491 2496
f 2491 2497 2496
f 2474 2497 2491
f 2474 2478 2497
f 2476 2477 2492
f 2477 2493 2492
f 2492 2493 2498
f 2493 2499 2498
f 2476 2492 2498
f 2476 2498 2480
f 2498 2499 2481
f 2498 2481 2480
f 2493 2494 2499
f 2494 2500 2499
f 2499 2500 2482
f 2499 2482 2481
f 2494 2495 2500
f 2495 2501 2500
f 2500 2501 2483
f 2500 2483 2482
f 2495 2496 2501
f 2496 2502 2501
f 2501 2502 2484
f 2501 2484 2483
f 2496 2497 2502
f 2497 2503 2502
f 2502 2503 2485
f 2502 2485 2484
f 2478 2503 2497
f 2478 2485 2503