v 32.012058 118.019173 354.511169
v 38.172840 124.187004 366.540466
v 38.419353 135.215439 394.709930
v 38.910725 139.176346 411.222229
v 21.602898 119.149178 351.214844
v 25.285316 127.302765 370.397156
v 23.716753 137.839478 397.322571
v 23.587160 148.092773 426.875549
v 20.993904 150.540131 440.007141
v 1.702422 114.984383 339.536774
v 7.836380 117.735023 347.676575
v 8.992343 130.528214 374.295898
v 7.959251 141.306564 403.494965
v 5.736518 153.352859 429.454224
v 4.339456 159.770554 448.792480
v -9.538295 116.943161 341.720795
v -6.910948 124.287750 356.619507
v -8.133553 133.832581 379.813812
v -9.966651 144.908737 409.072693
v -12.636349 157.275116 435.559967
v -19.517935 168.995667 465.632965
v -24.304773 164.810760 468.101776
v -32.884659 110.967339 325.639923
v -21.396042 115.437889 335.866547
v -26.372925 126.259941 358.204071
v -28.255970 135.920792 383.439636
v -30.169559 147.073944 411.492615
v -34.483261 159.184830 439.238007
v -40.865589 170.506790 463.432007
v -45.576099 173.389877 475.177460
v -47.090336 110.841599 322.530823
v -44.797218 118.194267 337.859467
v -47.228443 126.748535 357.225250
v -49.814648 135.699356 381.151306
v -52.589092 147.487915 409.715240
v -57.105103 159.244247 437.069336
v -62.722878 168.986160 460.625183
v -56.090450 169.833862 468.349121
v -59.901199 93.167404 273.405273
v -56.540695 96.708260 282.440704
v -59.707516 102.402428 296.513641
v -56.907772 108.500404 312.026123
v -63.273472 117.279503 332.521271
v -66.158920 125.175919 352.594330
v -70.009293 133.881134 375.142365
v -75.685440 144.891113 402.005127
v -81.307381 155.848541 430.147552
v -78.689323 159.665359 440.505615
v -67.323959 91.694031 269.575165
v -66.370636 96.127281 279.512817
v -70.291069 101.815193 292.881653
v -74.759422 108.157471 308.763367
v -79.213837 114.863083 325.845123
v -83.349846 122.086357 345.088226
v -87.502151 130.886246 367.628326
v -94.626701 140.253647 391.938843
v -93.673988 145.137283 404.536926
v -76.882256 81.502464 245.668823
v -73.341057 84.727440 252.022018
v -73.566879 88.583107 261.502594
v -78.935371 94.374161 274.515930
v -82.832329 99.404137 287.836578
v -87.639809 105.217102 302.957916
v -92.115967 111.727585 319.357178
v -96.299774 116.760727 336.230377
v -98.040901 124.905083 355.927063
v -100.314240 129.374252 370.056274
v -90.590157 81.802505 243.976501
v -84.817894 82.885635 249.232208
v -85.020203 87.715988 257.677032
v -89.921013 92.142517 269.090149
v -94.147995 96.501114 281.935150
v -98.823784 101.997719 296.952637
v -103.023163 105.321854 310.823303
v -100.612747 109.531776 321.309998
v -100.169693 83.562531 248.685837
v -90.899879 83.727127 252.557861
v -94.944626 87.287865 262.711090
v -100.063171 91.189781 274.415588
v -104.671669 96.417526 288.360046
v -107.935944 100.361145 298.764801
v 72.644547 111.708992 354.674042
v 81.691925 116.737770 366.931976
v 81.116280 120.513710 382.223785
v 47.347462 96.866058 313.298187
v 55.047375 101.731590 324.491211
v 59.872597 107.260544 340.136566
v 65.216675 119.900436 367.473358
v 66.293571 126.246964 386.955566
v 67.085037 136.673065 413.542877
v 65.109077 136.267548 425.075043
v 28.935173 93.277618 299.879639
v 36.288731 94.314796 305.169983
v 42.466831 103.337585 323.436951
v 43.535034 109.398697 339.106812
v 47.716789 120.926521 364.439758
v 50.864410 131.647736 391.454285
v 46.782406 140.182510 417.879578
v 47.219570 147.051010 439.789673
v 46.377068 142.571198 447.810791
v 9.088017 91.732742 296.352142
v 23.061293 96.844925 305.082672
v 26.948826 104.805382 321.491455
v 31.767416 110.136505 335.683380
v 34.089130 146.505951 428.941864
v 25.140125 152.131973 448.092224
v 28.791931 150.089539 454.159668
v 3.139156 89.547798 289.315857
v 7.953012 93.010620 295.319885
v 10.711495 97.841263 306.096497
v 12.342204 105.425331 323.058105
v 17.260056 111.549194 335.347534
v 6.930541 156.853882 456.743469
v 4.931356 152.107956 458.543121
v -19.123270 87.560707 284.960815
v 1.233254 91.352539 293.418243
v -2.640708 100.434525 309.898773
v 2.425138 107.760681 323.523499
v -7.772128 160.521271 459.811493
v -16.843481 156.848511 464.524017
v -26.222017 87.122566 279.496155
v -20.842159 89.175110 286.429993
v -21.359564 95.104294 300.338928
v -14.222459 102.506470 313.149750
v -12.920801 109.219597 324.233032
v -41.109131 163.083054 472.415009
v -35.905903 87.395676 274.431396
v -33.336124 91.819031 285.506653
v -34.323135 97.213211 298.922363
v -31.654186 103.136307 311.680115
v -68.717697 160.687408 456.919617
v -57.332214 163.800140 468.804047
v -48.782887 75.414459 239.517334
v -45.695602 78.987640 248.624954
v -47.231953 83.237045 258.164215
v -45.344463 89.662811 269.657898
v -46.327358 94.782570 282.545746
v -48.292381 99.778938 296.497955
v -46.077293 103.734566 307.304138
v -88.021805 149.421021 427.261688
v -78.211136 156.051743 442.210938
v -57.830124 72.752861 228.789795
v -54.537041 76.380112 236.877335
v -54.623890 80.373062 245.893707
v -56.127419 83.816490 255.041458
v -56.066143 88.208488 264.431458
v -101.762215 136.986160 395.078064
v -95.569534 143.433823 410.532196
v -68.416557 69.006577 221.208267
v -63.823360 73.306686 228.599701
v -63.981369 76.962112 235.531860
v -64.295357 80.260460 243.197006
v -65.729889 84.409065 252.574738
v -68.626068 87.515572 259.995667
v -100.925293 114.929764 341.606934
v -102.660538 123.357658 360.193573
v -105.949913 131.578308 378.725494
v -84.337822 68.232117 219.166351
v -74.085022 71.564186 226.321640
v -72.809151 75.128571 233.244049
v -78.767097 78.824913 241.512482
v -88.693291 79.580818 242.716629
v -106.437431 103.047523 314.213959
v -103.432243 109.124039 326.806244
v -85.401634 68.362106 223.917679
v -82.241295 71.957344 229.890915
v -83.688858 75.052437 236.695328
v -91.177887 79.303886 245.921570
v -94.597885 81.572945 255.695679
v -99.471077 84.894951 266.994476
v -104.624466 89.607445 279.711975
v -112.359283 91.810036 289.235504
v -109.743332 98.301208 302.088776
v -102.833488 66.835648 221.459412
v -90.452644 68.057121 225.681442
v -95.276199 70.433502 233.399170
v -96.225525 75.440552 241.026749
v -100.885780 78.531563 250.917160
v -109.267883 79.403336 260.150116
v -109.139229 84.439438 270.495575
v -113.852608 87.621628 280.779785
v -113.302788 69.979851 229.990952
v -105.869064 72.125854 235.909622
v -111.197105 75.412956 245.704422
v -115.828056 77.895203 252.720535
v 60.231655 80.659859 285.089142
v 65.427483 83.991150 295.713654
v 71.035881 88.701973 309.502869
v 76.931824 93.953621 325.406372
v 81.695808 100.518280 342.071625
v 90.917618 108.158058 361.651276
v 88.100273 112.663963 377.065430
v 86.759132 116.162415 394.564758
v 42.787498 77.602631 271.810333
v 47.482159 79.811447 279.520721
v 53.846828 86.193146 292.635284
v 57.191086 90.757141 306.414276
v 66.271988 97.798981 322.901581
v 70.254547 103.153305 336.344940
v 76.854050 126.985550 397.341797
v 76.210243 123.901932 399.256714
v 70.917885 127.182724 413.346436
v 31.400593 77.809601 271.431213
v 36.814957 82.603004 280.240143
v 38.162327 86.612160 290.877441
v 45.632465 91.641472 300.717682
v 58.247772 137.835892 430.815765
v 48.610916 134.134521 437.860962
v 19.104277 78.427444 271.144318
v 24.000502 83.036133 279.120209
v 25.922058 89.582863 291.872253
v 7.470505 90.451843 294.249420
v 31.800852 140.025635 451.184509
v 4.225345 69.957779 252.716095
v 4.832103 74.402290 262.052246
v 9.143756 79.555092 269.994843
v 12.147554 84.559837 280.434875
v 16.337633 89.580048 288.994385
v 17.989668 93.719894 298.190613
v 10.215778 141.440887 456.980255
v -19.962677 67.644203 250.126572
v -2.807390 72.984665 260.880707
v -5.061972 80.882957 271.397614
v -0.973273 88.470100 285.298553
v -2.518187 91.684837 298.801147
v -20.740120 89.050636 298.700073
v -12.510729 143.894806 459.846802
v -23.502150 72.292564 255.124725
v -19.371304 75.195923 263.173431
v -13.758360 82.328697 273.541290
v -10.160825 86.732559 282.783020
v -9.634605 91.464226 296.595215
v -9.396298 94.925110 305.194733
v -37.193966 145.905426 461.780792
v -31.928648 73.604256 253.266449
v -28.640867 76.943428 260.447296
v -25.057697 80.872238 268.184631
v -67.241241 146.592255 451.740479
v -56.087185 146.997162 458.563873
v -44.249847 67.122780 228.335480
v -41.717735 71.645370 238.753677
v -39.709850 75.290161 248.653412
v -38.175682 80.019241 258.608826
v -37.646240 83.052605 265.643829
v -87.005630 138.949783 421.344513
v -78.915527 144.308990 437.022034
v -53.964436 66.003929 218.999985
v -49.623508 70.111069 227.509537
v -45.377491 71.440025 231.552261
v -103.771660 129.705261 392.102051
v -95.308365 134.621994 405.988831
v -62.105297 67.479156 221.370758
v -54.635773 69.453362 222.456146
v -105.063057 110.442108 342.249634
v -108.891411 115.319069 358.515747
v -108.142128 124.196083 376.171692
v -72.523384 66.283401 219.852432
v -81.304588 66.362717 218.493912
v -110.725395 100.856575 317.969604
v -111.653343 103.606644 328.778931
v -114.867294 105.629364 339.356018
v -88.796318 62.782059 215.303680
v -80.389702 65.209663 220.287338
v -117.883682 89.489143 290.738495
v -116.695778 93.872826 301.784149
v -119.390839 95.686539 315.661438
v -92.089828 63.347309 220.111725
v -93.838127 65.484261 225.397949
v -101.917557 66.102066 226.803619
v -116.203087 80.253471 267.056000
v -123.818848 81.837921 273.472107
v -122.434471 86.769768 282.805084
v -105.802162 60.117748 216.045837
v -100.680321 61.141258 220.168335
v -102.956177 64.895760 229.612778
v -113.902351 67.656761 236.755508
v -120.643036 70.932877 247.780136
v -123.473167 75.670746 258.641022
v -126.454445 76.120438 266.780060
v 47.399757 60.056507 237.555359
v 53.422405 61.887074 244.522034
v 56.352726 65.169189 253.801437
v 59.194672 68.768524 264.090393
v 63.499630 73.692154 277.955536
v 70.974907 78.666626 293.087250
v 75.742516 82.521179 307.794708
v 82.608284 87.389290 324.637360
v 89.463989 92.397385 340.163483
v 94.253311 97.225464 355.990173
v 95.532082 101.781708 370.135315
v 90.884605 103.503075 379.083405
v 40.467987 61.084709 238.304825
v 44.899517 64.456490 245.852356
v 47.205566 67.791237 254.626114
v 48.643402 72.091072 265.544769
v 57.601807 75.526871 273.549866
v 70.164047 113.171844 391.766144
v 67.863686 117.531158 406.890930
v 28.339933 61.618134 238.844269
v 32.967285 65.486244 246.138763
v 35.290115 68.950310 254.220062
v 39.266697 72.826508 263.104340
v 60.035038 115.070663 405.411682
v 58.161259 125.963005 421.635254
v 49.253159 123.948776 427.231140
v 9.222012 60.699089 236.453110
v 19.300852 64.718628 243.641708
v 22.617388 69.567772 254.004959
v 26.717873 73.360497 262.336456
v 39.915234 121.474442 426.325562
v 34.669960 124.433250 437.087769
v 8.016246 68.080765 250.973389
v 13.046506 71.652710 256.477936
v 17.993933 73.483345 259.093964
v 14.335725 127.753723 449.938293
v -1.528789 68.852371 254.520889
v -5.744958 70.902092 259.532013
v -18.677336 70.343117 262.741211
v -12.121482 127.642242 454.632568
v -21.697786 62.089180 241.620865
v -16.523996 67.659538 252.969116
v -12.123779 72.191780 261.471741
v -6.382637 74.624550 265.243073
v -48.250706 119.462730 443.952087
v -35.443726 128.642639 451.676300
v -29.663128 63.923145 241.981018
v -23.895096 68.426445 249.525528
v -63.659389 128.871231 444.162994
v -45.613636 134.443481 452.650452
v -42.025169 57.003944 212.036697
v -38.755806 59.758461 218.663574
v -38.139080 63.276810 228.445786
v -37.799572 66.242203 238.507324
v -33.605377 68.680695 243.466248
v -94.710991 108.400223 386.486237
v -88.279282 122.866249 407.384094
v -81.608124 128.426376 432.228546
v -59.710491 57.454563 211.774658
v -47.954994 61.070648 217.362625
v -42.691547 64.599899 222.013382
v -102.346008 118.488548 388.589508
v -91.341461 122.636719 397.153381
v -56.934410 62.748756 216.667465
v -115.827255 91.748749 336.919891
v -112.401749 104.264069 349.936646
v -113.173447 113.683434 372.863129
v -71.601509 61.112652 216.112305
v -124.677002 82.769150 315.482819
v -121.838432 98.099785 329.642548
v -116.507965 103.346916 343.861969
v -81.916878 58.841095 215.068939
v -89.066681 59.564632 216.260513
v -126.544235 82.629303 293.304443
v -126.378418 88.156143 307.361908
v -125.142242 94.827423 321.520905
v -96.026657 53.907398 212.470062
v -87.609329 59.648624 215.809982
v -130.883896 64.172112 263.601044
v -127.614777 74.344833 270.641724
v -129.863052 79.344536 282.483826
v -106.692619 52.549271 209.250824
v -103.756760 54.989635 211.660721
v -108.497864 56.612411 221.837830
v -113.707474 58.718056 228.376434
v -121.273071 61.321049 238.196060
v -128.266846 66.039162 249.545837
v -129.306580 70.427109 259.273499
v -129.376495 72.294189 269.320557
v -120.155228 53.692215 213.963470
v -117.159561 54.198399 215.394287
v 51.261303 47.240852 218.415726
v 57.274826 49.151760 224.666260
v 60.256950 51.445450 232.398849
v 63.164032 53.652557 240.946381
v 66.385017 56.237972 250.541138
v 70.272064 59.342403 261.702911
v 74.192635 62.959171 274.563324
v 78.540680 66.317558 288.128082
v 83.234200 69.373161 302.092834
v 90.010582 73.325897 315.981018
v 92.099495 73.662872 323.904694
v 40.058647 45.930649 209.298264
v 47.417709 48.114799 214.612320
v 50.636776 51.815876 223.823105
v 53.797825 55.518867 233.092712
v 59.422203 58.256447 241.703568
v 62.374920 61.019455 251.045532
v 66.092445 64.524933 262.368591
v 70.173302 68.790604 275.810211
v 74.548187 72.405716 290.192352
v 79.338051 75.689728 304.690277
v 85.854141 79.882050 320.482758
v 88.715576 81.654991 332.244995
v 91.871017 85.921021 347.199951
v 86.260643 87.671013 355.658142
v 80.795929 96.077248 371.664459
v 34.574718 46.603809 209.479446
v 39.009495 49.919529 215.806519
v 41.280663 53.055573 222.610580
v 45.870136 56.203205 230.335083
v 73.777321 91.830742 368.123505
v 72.105743 95.478806 371.928497
v 24.229309 46.215355 209.009872
v 28.648062 49.683079 214.620331
v 30.887646 53.639427 222.132751
v 35.276054 57.176579 229.930801
v 60.634361 106.278854 390.299835
v 52.323921 106.532921 405.109467
v 45.995892 101.988205 423.134247
v 5.311072 45.470165 206.260422
v 19.520718 47.394138 211.929276
v 19.370996 50.964214 219.688477
v 21.142181 58.078220 232.194565
v 7.025592 59.295780 237.134918
v 42.836590 119.503555 426.812714
v 36.496418 111.165482 433.502930
v 2.420029 48.667297 217.694504
v 8.426628 51.634525 223.023758
v 9.136051 56.806519 232.861206
v 12.513849 61.407509 241.359390
v 13.925686 112.270943 446.251129
v -5.994980 47.931797 218.731689
v -2.815113 51.965202 226.713318
v -2.017499 56.606857 236.162842
v -1.980377 62.903961 245.871017
v -17.239510 61.324123 250.996841
v -12.807591 109.005035 450.001373
v -20.623093 46.986706 209.846603
v -15.709639 48.971073 216.903961
v -13.866288 52.541706 227.037552
v -11.943798 58.800140 238.794388
v -9.937739 62.847656 248.584885
v -4.595519 64.926529 251.602158
v -39.656677 105.808762 438.948730
v -26.502226 108.875175 448.449982
v -27.098734 48.558556 210.605240
v -24.251808 51.383320 218.861694
v -23.966955 53.864838 226.774872
v -21.678961 57.819950 235.457199
v -57.927296 106.086601 431.485992
v -40.458424 48.225254 201.807648
v -34.175964 52.229576 209.604126
v -32.617928 55.315418 218.529266
v -32.304871 57.769966 227.478271
v -31.375513 58.873985 231.671127
v -91.818611 107.379585 395.072968
v -87.355415 104.794289 403.653625
v -76.329987 108.309196 423.988556
v -46.507835 48.167065 201.316330
v -44.875793 54.315121 209.756393
v -59.952187 56.704868 213.093185
v -98.387833 98.371544 378.939240
v -96.005821 96.782913 390.161896
v -66.055832 48.296577 202.118958
v -58.891445 50.161118 206.940079
v -52.261696 57.605427 213.261902
v -109.886047 92.053566 338.485260
v -113.339867 91.052559 350.007599
v -114.263634 98.417809 370.208679
v -77.857903 49.157005 211.737885
v -65.492889 56.366837 213.368774
v -120.634804 79.954483 314.674744
v -116.515366 84.010811 327.554443
v -114.002907 83.886818 336.059113
v -93.822655 47.994843 211.689529
v -84.264145 50.895580 212.490601
v -129.951752 74.259407 293.525757
v -122.878555 75.817924 301.464447
v -95.753059 50.160301 211.885162
v -131.975494 64.037888 262.789734
v -134.473404 67.746544 271.603058
v -132.808975 70.795319 281.664978
v -115.738556 43.629807 198.944351
v -113.385864 44.373203 203.585098
v -104.555779 48.115421 206.980850
v -107.844009 50.766071 209.071213
v -120.172752 54.540142 224.141357
v -125.483086 55.104218 230.489197
v -125.896492 55.960171 238.029617
v -132.517166 60.838364 248.133591
v -134.095551 62.548264 255.581940
v -128.614609 44.607571 197.894897
v -117.931091 44.309563 201.339279
v -118.241478 46.472813 205.094498
v -115.632317 50.228607 210.975937
v -119.761742 50.341526 218.120926
v -129.208130 50.889450 224.025665
v -132.128143 52.134350 230.521637
v -133.361603 47.155945 206.194153
v -129.307739 46.797043 208.948349
v -133.065079 48.752228 212.779068
v 43.018490 35.717751 189.218536
v 47.503445 36.146336 194.083221
v 49.585037 37.617928 200.127136
v 52.012119 39.297550 206.636139
v 56.808125 42.102890 214.507263
v 59.963043 44.385696 223.236176
v 62.491192 46.199749 230.865509
v 65.022102 48.082977 238.751114
v 68.573112 50.350231 248.677460
v 71.968910 52.795971 259.339203
v 75.633766 55.518387 270.722839
v 78.945152 58.255112 283.510681
v 84.811073 58.459335 294.664978
v 88.159149 66.787613 310.271423
v 88.475815 68.033249 318.892792
v 31.003935 35.213577 182.080811
v 39.817337 35.683865 186.443573
v 41.290180 37.931622 193.367523
v 43.766785 39.783066 199.286057
v 47.421139 42.202793 205.288712
v 49.449684 43.996933 212.035583
v 78.882324 60.974808 303.919952
v 78.643127 62.679192 309.210724
v 85.099670 67.539986 320.153046
v 88.412178 72.736450 338.531586
v 87.099030 73.135117 349.759491
v 84.216980 67.140068 361.113007
v 18.916769 33.313522 175.790558
v 27.416224 34.421448 178.738174
v 28.503416 36.720165 185.100632
v 31.855543 38.792377 191.799637
v 34.963852 40.646530 198.370773
v 39.302731 42.970005 204.034866
v 82.322243 88.059685 367.484497
v 75.767670 81.034836 366.788300
v 4.328420 32.985039 175.056198
v 17.153528 33.288544 176.995010
v 21.325684 36.271893 183.652451
v 21.663353 38.785545 190.778717
v 24.984735 40.910988 197.671722
v 29.862436 43.248486 202.918900
v 61.461437 94.157539 386.468536
v 57.013672 91.942604 404.943420
v 49.320107 81.512314 414.450592
v 1.417132 32.084652 175.080505
v 4.926368 33.096275 177.931992
v 11.123982 35.402283 183.429886
v 12.215795 37.950542 189.703552
v 14.555623 40.615112 197.770035
v 20.847527 42.470470 203.099228
v 16.628172 45.910595 213.490219
v 4.005369 46.333900 216.330688
v 33.816154 90.262985 431.281616
v -12.838993 32.093826 175.090485
v -0.748205 32.553997 177.017380
v 1.929572 33.983929 181.960907
v 2.141782 36.451668 189.768967
v 4.408141 39.882847 197.237564
v 7.114907 42.005348 204.523010
v 10.780375 45.615967 211.482101
v 13.641599 48.468624 217.392548
v 0.614406 44.369480 233.864380
v 5.518692 47.374207 239.609177
v 4.866673 49.949070 248.264725
v 4.398059 52.613659 258.822845
v 3.169291 53.235126 266.714081
v 12.115352 91.483429 439.655823
v -14.205638 34.390224 187.484924
v -6.727011 36.157055 189.783752
v -5.195917 39.567345 196.184509
v -3.042266 41.978802 205.220963
v 0.511377 44.273064 211.889252
v -2.163378 46.551575 235.779877
v -0.391990 48.739269 241.486465
v -0.868469 51.253124 251.058655
v -1.408202 53.764034 261.463806
v -5.827096 53.508999 264.551086
v -10.078156 89.499550 442.694275
v -30.836227 35.183559 187.819901
v -16.704227 35.633179 189.167328
v -16.774696 38.091095 195.784653
v -12.281389 43.317177 204.973602
v -7.390990 45.408279 210.299240
v -34.472469 86.035011 428.906372
v -23.718206 88.158295 438.642883
v -33.308018 37.614853 193.023514
v -26.702414 39.553501 197.555206
v -21.472559 43.404369 203.288345
v -51.633934 86.265388 421.658386
v -43.064915 35.328953 187.163910
v -37.028149 37.582859 190.887848
v -33.178047 43.147068 198.966370
v -30.566574 45.309799 202.459610
v -82.853981 74.492645 382.825592
v -81.276306 84.186493 393.529327
v -69.260307 86.745178 414.043915
v -56.746578 36.785301 188.990036
v -45.750484 38.057644 191.085312
v -40.765133 42.867580 195.053543
v -95.113754 81.757622 376.493347
v -88.933952 90.851257 392.688202
v -62.379604 39.861465 194.412628
v -52.384251 42.875938 197.336868
v -58.484749 40.644108 202.640656
v -110.196129 64.852066 331.957489
v -108.074295 75.502457 342.866150
v -108.694260 80.133995 364.540863
v -72.561050 42.882496 207.586121
v -118.450523 67.914001 312.528961
v -113.767586 70.633629 324.342529
v -114.838905 80.175720 341.090729
v -87.736374 42.317371 208.900299
v -97.134537 45.804707 212.969482
v -126.612579 63.043163 289.650085
v -120.601753 64.801208 298.727264
v -108.831253 37.554798 203.172989
v -103.561508 39.693325 208.445618
v -97.696754 44.953342 212.194931
v -132.782578 55.478191 260.616730
v -133.627823 57.929485 268.944916
v -132.415543 60.946625 279.119965
v -112.116463 38.107105 192.720810
v -108.948036 40.059383 199.636215
v -109.573524 41.926914 205.444824
v -103.916161 45.226177 209.624405
v -131.527557 53.400829 239.608047
v -132.115265 51.414494 244.889709
v -134.569931 54.716579 254.022278
v -118.244957 38.361809 192.005722
v -115.849899 41.519238 196.605682
v -120.041359 42.575481 201.609680
v -122.087097 44.082203 203.249847
v -132.693100 47.478413 219.946747
v -135.435532 47.611874 225.260818
v -130.088852 47.057220 230.430908
v -134.981262 47.286255 237.069550
v -131.910400 37.992554 191.276993
v -123.223991 39.177979 193.786896
v -124.300156 40.646286 198.596542
v -123.302933 42.857010 204.111572
v -131.933014 42.595455 208.632004
v -130.684250 43.683758 214.262665
v -135.748230 42.503765 218.330002
v -138.658783 42.748405 223.916962
v 57.311539 31.285053 201.552109
v 62.362156 32.646065 208.178207
v 64.946198 34.122307 215.537735
v 66.773560 35.084801 222.449875
v 68.460823 35.810261 229.436478
v 71.792976 36.474342 237.713181
v 75.179665 37.300213 246.980988
v 78.387169 37.841225 256.482422
v 81.875420 38.357498 266.744995
v 84.899178 35.591995 273.513153
v 40.215599 28.827192 175.345001
v 43.334385 29.462839 179.055832
v 48.389030 31.360579 186.188919
v 50.065094 32.421925 192.614792
v 54.231075 33.259369 199.858200
v 57.801170 36.284241 207.715179
v 60.479515 38.127365 214.657425
v 62.797497 39.558182 222.066055
v 64.837822 40.787174 229.152298
v 67.572823 42.296425 237.434433
v 71.062050 43.886360 246.967453
v 74.595207 45.456535 256.767578
v 77.157013 46.978287 267.088959
v 81.161743 47.485119 280.413574
v 79.006401 47.820278 288.531830
v 80.864754 45.047718 298.843964
v 85.866470 42.668282 309.987976
v 32.373547 26.520058 162.995087
v 31.892797 27.550852 166.169769
v 36.270508 28.641623 171.812943
v 39.651924 31.591024 179.312531
v 41.446041 33.646122 184.173904
v 78.696815 57.289318 297.859863
v 77.706268 56.190376 302.581421
v 81.059761 54.454758 312.825623
v 84.212532 56.703220 331.886017
v 87.484810 56.597569 349.499146
v 83.736031 52.842747 362.310059
v 23.681080 27.216429 160.870743
v 23.846964 28.704176 165.914322
v 27.386124 30.641621 171.642456
v 29.353371 32.856293 177.147354
v 74.858177 66.280907 377.415192
v 64.162651 53.720966 379.563385
v 14.898474 26.937174 160.213928
v 15.147095 28.682934 165.111206
v 19.658382 31.391014 172.041611
v 15.788714 31.992365 178.248459
v 6.874171 33.206665 182.558655
v 64.865768 80.247856 383.365723
v 59.702480 68.947845 393.286865
v 49.538486 61.453121 407.512695
v 5.285560 26.265608 160.722595
v 6.451864 28.165705 164.871384
v 9.638867 30.573915 170.342834
v 10.887851 32.032692 176.338562
v 13.173308 34.160614 182.454346
v 33.861069 67.316917 420.606201
v -3.797177 25.615475 161.680618
v -2.201429 27.569126 165.201263
v -0.100707 30.088140 171.717468
v -1.338828 30.872025 177.520782
v -0.504777 32.606056 184.764679
v -10.460621 33.577648 188.898163
v 5.477705 45.013683 237.039932
v 6.649226 46.764538 243.265076
v 6.496364 49.277039 253.320862
v 6.153567 51.233887 263.525879
v -1.272959 47.540897 264.072205
v 13.147154 68.629890 429.137726
v -13.199907 24.947847 162.336212
v -11.293805 27.022486 166.045105
v -10.691528 28.591513 171.231415
v -9.398092 29.980410 176.147644
v -5.765220 32.174751 183.177002
v -2.486723 34.129147 188.063431
v 1.490725 45.710148 236.020859
v 1.239152 46.559235 240.736389
v 0.812317 48.932858 250.393890
v 0.464605 51.100872 260.489014
v 2.920902 51.550224 265.835052
v -5.998190 68.941185 433.902313
v -29.179634 25.812893 165.230530
v -21.445686 26.501575 166.404816
v -20.233526 27.893812 171.326889
v -18.556063 29.738791 177.414566
v -17.689434 32.158344 184.322952
v -18.595001 34.243393 190.456329
v -31.176901 36.187195 196.296295
v -32.030491 67.483925 420.271362
v -20.626690 68.568115 430.548737
v -38.851009 26.852707 170.723373
v -30.027109 27.602043 172.403046
v -28.228306 29.722483 177.619125
v -27.022417 31.434359 182.659256
v -24.840897 33.996201 189.760086
v -22.098009 36.161324 194.421860
v -47.597443 67.807510 414.160980
v -43.786228 23.759853 169.706680
v -40.216637 26.522205 173.607712
v -37.716797 29.774744 177.700272
v -34.935261 32.325020 184.021744
v -33.412113 34.658363 188.657257
v -76.948601 70.947334 385.050751
v -74.856201 66.005119 390.685577
v -64.554146 68.252609 406.654358
v -53.588295 25.412899 172.607361
v -47.478703 25.941946 173.329361
v -45.840714 29.630312 178.003815
v -43.801472 33.016525 185.338440
v -55.327564 35.631725 191.197159
v -88.334419 62.830799 367.709290
v -81.031296 61.319489 378.208405
v -63.545311 27.053881 177.260544
v -54.024601 27.676096 177.254105
v -53.409443 29.867170 181.844925
v -54.993240 35.442974 189.602020
v -56.656387 36.107903 197.675095
v -71.278343 36.305016 203.964813
v -104.381287 63.047424 334.109894
v -107.053314 60.008495 341.444885
v -103.818718 64.003456 358.212677
v -71.844627 30.219532 194.151031
v -68.874588 33.415623 198.125412
v -64.473053 36.642994 203.520142
v -114.379654 54.579922 308.577515
v -109.172661 54.751545 318.186493
v -107.087158 53.919075 328.609283
v -88.648926 28.786470 198.439819
v -85.757629 30.944580 201.133469
v -82.154968 36.447742 205.825455
v -122.404556 51.852802 286.630890
v -116.599380 52.818459 295.930603
v -103.940613 33.566715 204.732178
v -95.744217 36.671177 207.097580
v -129.081451 46.369144 259.049622
v -129.592300 48.396412 267.457672
v -127.850533 50.694054 276.698669
v -110.770012 31.604769 188.674393
v -110.213120 33.593384 194.438766
v -112.305420 33.284069 199.580154
v -132.682068 44.355747 246.323746
v -131.000778 45.503521 252.516373
v -116.383446 32.836086 187.096298
v -113.399857 35.114475 190.271881
v -135.804230 40.409836 231.885025
v -133.642532 42.132698 238.759018
v -129.913895 31.933987 186.039001
v -119.798111 35.090061 189.675613
v -124.534401 35.913757 194.107147
v -126.948601 36.298634 199.062469
v -128.523941 36.166203 203.028336
v -131.272552 36.347996 207.465240
v -134.222168 36.833576 212.505981
v -136.714890 37.390476 218.137207
v -137.716156 38.982380 224.644562
v 82.213478 18.227190 204.785889
v 88.577248 18.909634 212.418823
v 90.435966 20.727753 220.160629
v 93.228249 21.750380 228.589325
v 97.000519 22.313015 237.023422
v 101.908073 21.964928 246.360504
v 104.900269 20.889952 255.069901
v 63.655182 20.375378 188.359558
v 68.315865 19.921698 193.986359
v 73.182274 21.078415 201.046738
v 77.972145 23.556906 210.295959
v 80.107727 24.728823 217.874588
v 82.259666 25.529661 225.616638
v 85.482880 26.062916 233.946640
v 88.803726 26.116621 242.259262
v 95.022079 25.491791 253.579407
v 95.819077 24.080204 263.228119
v 100.932617 23.611118 274.492493
v 105.541397 22.599361 282.857788
v 51.498947 22.328829 175.666000
v 54.508350 22.394672 180.582687
v 56.834717 22.716026 184.571548
v 60.302200 24.523109 192.872986
v 65.337204 26.617727 200.104630
v 68.178116 28.322630 208.018112
v 71.180077 29.553240 215.843430
v 73.226982 30.335270 222.973984
v 75.823997 30.795345 230.446808
v 78.892677 30.956152 238.889603
v 82.189819 31.308115 248.387268
v 86.434227 31.244404 258.288696
v 91.293556 30.716099 269.453796
v 91.444145 30.868530 282.760284
v 92.676453 27.801838 292.581635
v 98.105530 28.042719 305.744141
v 102.354393 28.387564 316.753876
v 44.887264 22.596579 168.598114
v 47.904247 23.792641 172.581833
v 48.951443 26.520214 178.953461
v 50.862514 27.271994 185.071503
v 53.114189 28.141993 191.847977
v 55.883358 28.607363 196.419922
v 84.547424 38.614967 281.235779
v 84.153702 36.474171 288.278015
v 89.373756 35.698360 300.798584
v 91.407593 34.767944 316.280426
v 90.476173 30.677761 325.282654
v 36.894367 23.795778 160.378708
v 41.331684 24.677935 165.514465
v 41.332069 26.219666 171.798782
v 86.373093 45.842175 319.961090
v 86.200089 39.559013 330.087189
v 85.900330 39.898968 347.784973
v 82.579872 37.005219 361.050629
v 30.584381 23.950006 157.604858
v 77.397675 48.551689 372.247711
v 67.556793 41.184326 379.768066
v 21.028063 24.100529 157.346909
v 61.522255 53.024521 394.708069
v 48.729347 45.161015 407.442108
v 10.968632 23.776295 157.675720
v 34.653534 49.142925 418.670929
v 0.698973 23.115360 158.613434
v 15.984482 49.339111 424.938507
v -9.374596 22.316504 159.460251
v -4.832949 48.241520 429.239258
v -20.226770 22.630476 161.401398
v -29.948847 24.445528 167.780487
v -31.847702 52.063065 423.220032
v -26.799295 44.505173 424.826080
v -31.749691 20.001150 162.495926
v -27.971682 24.344402 167.363449
v -40.238228 25.378164 173.514786
v -46.089909 52.484989 414.744049
v -49.617046 41.033009 424.500977
v -41.372440 18.894804 163.723801
v -38.269226 22.298512 167.327942
v -35.820396 24.519289 170.648865
v -73.932686 51.386150 392.115601
v -65.097122 50.056572 405.269806
v -61.292229 43.386124 419.239502
v -51.581833 19.777203 166.978622
v -47.559696 22.149717 167.503586
v -56.048573 24.056190 174.289291
v -90.816132 50.038609 367.280060
v -81.330582 51.533772 379.787750
v -61.753147 21.035715 171.375366
v -53.901424 22.709293 172.063248
v -56.918442 23.306498 177.648804
v -58.110958 24.287609 184.377090
v -65.082985 29.122581 191.944672
v -103.981239 39.884670 323.149750
v -100.042648 44.930561 332.355011
v -99.799973 50.485527 353.992828
v -70.636803 22.668827 187.783005
v -62.718933 27.667423 189.221649
v -109.931931 43.618549 306.114044
v -106.395020 41.999863 316.416565
v -106.988075 50.826569 331.988129
v -86.696007 21.204393 191.080215
v -77.789970 24.888062 194.199066
v -89.877556 23.796803 200.870941
v -118.482407 42.383286 286.563995
v -112.742149 42.720821 295.416138
v -107.661972 23.834370 198.704559
v -99.446968 26.794020 202.828491
v -125.013359 38.000130 258.421051
v -124.981659 39.879421 267.050720
v -123.725464 41.706005 276.554047
v -111.599121 27.643663 189.663864
v -110.416687 27.743893 195.854340
v -107.779518 28.998611 200.358246
v -128.975220 35.971298 245.908661
v -127.669212 37.197346 251.989685
v -115.191696 29.059465 186.619080
v -134.415558 33.670258 231.819672
v -131.064682 34.732700 238.743698
v -120.355278 31.500731 186.030533
v -123.121559 31.151752 189.403244
v -125.803017 31.011087 194.530136
v -128.315598 30.712116 199.227783
v -130.244400 30.479568 203.311157
v -131.475098 30.543985 207.301559
v -133.871399 31.008169 212.302582
v -136.988235 31.872225 218.467133
v -136.778076 32.944420 224.775986
v 119.928429 12.491885 208.537323
v 123.800476 13.243423 212.022095
v 126.409073 14.558461 219.697495
v 130.907669 15.102619 228.607559
v 132.832108 14.168778 234.837845
v 107.645317 12.017455 207.718216
v 111.352646 14.298317 213.481277
v 113.604721 15.879766 220.653854
v 117.364090 16.572573 229.954971
v 123.516907 15.864633 239.629257
v 126.544800 13.589641 250.676498
v 130.556183 11.720432 258.298767
v 85.277557 9.385951 198.312561
v 94.410774 11.556867 205.002884
v 98.226494 16.008234 212.662262
v 99.995445 17.938536 220.279678
v 103.704140 18.804979 229.070084
v 108.180458 18.914127 238.468658
v 114.682724 17.628099 249.154831
v 115.554276 15.810673 260.020660
v 120.310280 13.746380 271.262115
v 124.825958 13.690316 282.219086
v 129.011017 12.800922 290.968842
v 64.836647 16.828257 187.714828
v 71.073837 13.275530 193.080139
v 80.461327 15.028095 199.482361
v 103.574112 21.769527 259.918060
v 109.327034 18.598915 268.316803
v 114.902466 18.554874 279.482056
v 112.622932 18.581148 291.933624
v 114.496925 17.444765 303.189606
v 119.007378 16.593864 314.080963
v 53.021896 20.246737 176.867386
v 53.878174 18.792467 178.635498
v 57.726624 15.133682 183.104004
v 60.036179 11.358711 188.420761
v 104.763603 24.386944 290.228363
v 105.058937 22.124706 299.094482
v 106.742332 22.605061 311.566376
v 103.882339 19.894773 319.200745
v 48.339615 18.074335 167.513077
v 51.583324 18.140543 172.205139
v 50.185719 14.947947 177.767471
v 49.649143 13.811890 182.693497
v 98.353554 25.801725 323.300781
v 90.900696 20.664976 328.813507
v 39.045086 21.475344 161.739075
v 44.882492 19.313591 162.617661
v 87.130058 28.642849 336.921875
v 86.141113 27.064953 349.225555
v 84.310608 26.262888 360.509918
v 37.050591 20.441906 157.280930
v 35.710987 17.121830 162.720108
v 69.402695 32.760056 371.835083
v 61.056770 35.112198 377.697571
v 24.840693 19.431881 156.241989
v 54.380157 32.360920 378.315643
v 56.306004 34.850304 393.315857
v 49.380531 33.334423 408.915894
v 14.014741 19.235931 156.784943
v 34.562706 36.850422 421.020081
v 2.655063 18.930498 157.261108
v 13.942680 35.570229 426.260132
v -8.054340 18.663675 157.834900
v -6.731632 33.067223 428.955017
v -18.451851 18.112684 158.197144
v -27.522913 31.193785 428.755127
v -28.648397 17.224646 159.211334
v -49.692280 30.062563 429.142456
v -38.032692 15.758850 161.077972
v -73.623001 37.532433 392.894684
v -69.856171 35.948635 409.112671
v -66.041382 31.481327 423.772125
v -47.190952 16.305647 162.714966
v -53.911877 18.072117 168.766678
v -89.872635 41.916462 371.476227
v -84.672905 36.667900 380.494629
v -59.529697 14.016280 166.050766
v -53.989578 16.832518 166.179276
v -56.677399 16.122435 171.421509
v -58.592888 16.937872 178.922882
v -66.044220 18.856375 186.275284
v -100.675362 36.977951 327.320251
v -100.257507 35.883976 336.749573
v -96.042763 37.584320 354.064331
v -96.537628 34.645542 368.605621
v -74.465591 14.463582 183.413025
v -65.594833 16.992544 183.789246
v -107.689545 34.475998 305.592407
v -103.873802 33.060032 315.246002
v -104.671265 31.332455 324.669708
v -77.087738 19.277666 189.618149
v -83.884140 17.933825 196.478577
v -92.483940 18.759947 202.597763
v -115.993652 33.507484 287.405029
v -110.284027 33.896328 295.238037
v -100.193527 19.662203 198.675552
v -90.846474 21.042761 200.999451
v -122.967285 30.211149 260.300934
v -122.071777 31.738962 268.717163
v -120.721062 33.177826 278.245667
v -111.823448 23.074421 191.135895
v -112.029045 21.620010 195.020706
v -127.746254 28.991783 246.968765
v -125.340317 29.774218 253.207504
v -115.673973 23.459476 188.018051
v -118.280624 20.259752 191.147339
v -135.822525 27.345430 232.846191
v -130.474335 28.264643 239.755219
v -121.023163 27.326899 186.467667
v -124.368889 26.272150 190.387985
v -127.349869 25.742390 195.668655
v -130.390015 25.347115 200.377014
v -132.566711 25.024614 204.595062
v -134.295883 25.214956 208.804413
v -137.291092 25.553883 213.921265
v -140.789215 26.158123 220.204575
v -139.564255 26.961529 226.537491
v 135.077835 10.130139 210.711990
v 139.427505 11.059459 215.300690
v 143.853928 10.828302 223.722122
v 145.949219 8.394309 228.751511
v 124.515060 5.239292 198.848312
v 125.138748 7.892554 203.144745
v 128.261887 10.309641 209.247665
v 135.538879 13.204656 217.397141
v 139.058807 13.464984 225.620224
v 141.516281 10.189381 234.665894
v 144.893921 6.522282 243.147354
v 114.686562 4.328248 200.106750
v 119.665085 8.490294 203.445602
v 132.807800 14.134454 242.460022
v 139.166107 9.347628 248.582916
v 139.375183 6.722115 259.827118
v 143.629730 3.731590 266.947266
v 99.485229 3.756104 199.359634
v 105.954758 8.825185 203.680740
v 129.574554 11.948964 265.093994
v 132.662811 8.377026 271.290405
v 132.536087 8.930405 282.497040
v 132.084854 9.866368 294.669281
v 137.388428 8.727137 302.579132
v 74.111740 2.699860 191.892181
v 83.827873 3.080747 195.033813
v 127.050812 14.858652 299.119080
v 125.097832 12.964841 305.243439
v 120.977577 11.887432 313.093689
v 57.650333 5.555342 182.536118
v 64.268883 6.500525 186.564224
v 71.415520 8.384305 192.642380
v 113.211639 16.468143 317.548309
v 105.489967 13.609363 319.528961
v 48.695492 14.219965 169.250198
v 52.900600 10.843385 171.725937
v 55.415703 9.339150 179.623016
v 56.046959 11.106784 183.585068
v 100.311142 17.939985 324.646759
v 93.207962 14.216112 328.154480
v 48.987194 12.244081 166.063965
v 46.144299 7.807879 170.347229
v 89.366425 18.924030 337.370178
v 82.093704 17.916468 348.302032
v 76.907745 22.888123 359.166321
v 32.419018 15.455505 160.983109
v 37.761051 13.248234 162.697891
v 72.895065 20.134003 357.291473
v 69.900688 21.765093 366.902161
v 29.317413 15.664001 157.598129
v 24.463068 11.475922 161.887833
v 61.667789 26.490511 374.409363
v 50.945229 24.792007 395.999298
v 46.712887 28.002464 406.610535
v 15.505833 13.885064 158.387665
v 12.746309 10.600312 163.285995
v 41.100704 25.595953 406.264832
v 34.096401 24.434896 421.154633
v 5.164140 14.076761 157.763229
v -1.410535 10.325319 161.789139
v 16.134012 26.744635 423.715942
v -6.402750 13.422606 158.262482
v -9.234344 10.882358 162.338074
v -6.296504 24.684595 427.001740
v -16.905920 14.112968 157.341949
v -22.335878 11.272092 159.702789
v -28.317633 21.809891 427.969299
v -25.129072 13.235930 157.341110
v -26.662664 11.132409 160.544220
v -57.647560 18.899706 416.760895
v -47.820553 20.923128 423.174500
v -36.351189 12.341946 157.624115
v -71.844490 25.393440 396.378296
v -65.753922 22.402498 413.353394
v -57.515949 24.342199 425.117523
v -44.497204 11.533279 159.647064
v -47.574902 8.921133 161.991882
v -93.408150 22.720715 370.748962
v -85.316254 26.225925 380.328094
v -51.648071 11.892669 162.434830
v -53.600391 10.682183 166.377991
v -55.162445 9.692016 171.846313
v -58.164890 7.896774 176.129990
v -99.855965 21.743839 325.075348
v -98.505882 25.670918 334.735199
v -98.401276 26.644636 360.190735
v -95.432259 32.367874 378.601257
v -64.607262 11.709062 180.388565
v -69.101425 8.362786 184.538681
v -108.377098 25.593929 307.013428
v -103.958977 23.406147 317.972809
v -104.034966 31.234432 330.853394
v -75.878792 12.710711 189.593353
v -82.402725 9.189252 196.623016
v -88.355972 7.307716 202.172897
v -117.304886 24.597338 289.455627
v -111.275276 24.978291 296.983093
v -92.812126 13.790973 199.412857
v -101.736855 10.156466 202.475189
v -124.141106 22.187160 263.677216
v -123.028503 23.006166 272.393280
v -121.702103 24.130499 281.394928
v -111.202431 14.964001 198.025040
v -109.772812 9.315264 200.496857
v -130.630325 21.685228 248.704605
v -126.881996 22.157938 255.472992
v -120.658287 20.119747 189.122696
v -120.298058 18.087254 192.570908
v -137.939423 21.113779 234.745789
v -133.199158 21.479958 241.597717
v -122.305481 22.334106 188.303162
v -126.702751 21.090048 192.522995
v -130.757904 20.067636 197.127335
v -134.249725 19.837471 202.257050
v -136.578735 19.732470 206.969284
v -138.740082 19.814127 211.628510
v -141.718765 20.101439 217.069931
v -144.863159 20.618616 223.220718
v -142.477814 21.029860 228.565674
v 133.245926 3.543489 201.007736
v 135.780563 6.088887 206.622070
v 140.554474 7.664130 213.145981
v 146.349869 6.957444 220.710297
v 148.840179 4.015123 227.638214
v 127.598404 -2.075242 191.497345
v 128.829803 1.525004 195.644012
v 127.962563 4.097786 200.877228
v 132.914642 7.705262 205.527328
v 149.472610 7.096639 235.817001
v 146.759659 1.821856 242.043030
v 118.481903 -2.794791 193.297592
v 125.215607 1.688569 195.410263
v 145.838409 4.261281 250.802658
v 142.480774 0.183460 257.459259
v 143.383621 2.611862 263.412598
v 101.270958 -4.109575 194.553558
v 110.823387 -0.068286 197.433777
v 141.262283 0.353014 262.411774
v 136.169128 1.248920 269.889099
v 137.177216 3.785155 281.106079
v 137.273819 2.823942 292.497314
v 138.228622 6.457944 302.372742
v 73.789948 -3.439617 185.944763
v 86.869896 -4.055901 190.249725
v 95.824448 -0.316132 197.106216
v 137.454575 3.880264 302.324677
v 127.404732 4.329588 306.970795
v 123.213371 8.327012 314.468567
v 65.432373 -0.085158 182.980072
v 73.567719 0.803966 188.043884
v 120.775635 5.643027 314.272369
v 111.684425 5.713524 315.684082
v 107.153130 10.630466 320.732452
v 51.293354 1.328270 168.909348
v 55.454243 3.140103 172.144073
v 57.649231 1.723924 177.783203
v 102.730331 7.996087 320.265656
v 96.952995 6.712481 322.988464
v 91.755028 11.290447 327.866516
v 48.438183 4.069991 167.084900
v 48.756676 3.307008 169.564850
v 88.753922 8.632802 327.298065
v 84.882309 10.428161 337.707153
v 80.400726 13.831704 341.877411
v 40.637924 5.301835 166.457520
v 37.724571 2.377620 170.263855
v 67.706299 10.446890 337.940765
v 70.234406 15.845805 351.585938
v 67.176758 18.449141 362.681702
v 28.217760 6.342825 164.459229
v 57.574890 12.586739 344.509644
v 58.742420 13.456386 355.018707
v 55.625282 17.208891 380.841766
v 50.509384 20.113352 387.850403
v 9.823765 9.379626 161.349075
v 14.080233 6.820159 164.512314
v 43.639465 16.757626 388.169586
v 39.521946 18.937260 404.786163
v 31.287695 15.306457 419.165894
v 8.742464 9.687978 159.913010
v 2.670816 5.800889 163.588608
v 5.692529 12.936121 415.963593
v 16.075783 15.973731 421.988586
v -11.403679 9.853882 160.325974
v -7.010013 7.716415 162.284531
v 0.217050 15.161303 421.276642
v -3.454132 15.734486 425.003418
v -14.010543 10.399860 158.242645
v -19.719849 7.557117 160.476562
v -36.724739 10.007078 415.670349
v -23.970325 13.912496 423.072845
v -29.002523 8.705337 156.229660
v -25.119589 8.886184 159.289200
v -47.106361 11.967786 415.147980
v -36.244793 17.440836 425.119080
v -35.061028 8.653865 155.360245
v -68.983086 14.977307 397.160431
v -61.047680 13.909968 406.148804
v -41.151325 8.851014 157.507172
v -44.306984 6.065763 160.177582
v -86.366585 17.161978 370.620483
v -77.001122 16.929441 383.744507
v -50.816307 6.936931 165.186691
v -53.627914 4.524092 170.549713
v -57.063019 1.679495 175.565277
v -99.867302 19.768547 329.671295
v -97.704422 17.911348 341.382996
v -90.941162 18.473736 356.033905
v -63.584118 4.918812 180.135071
v -68.938690 1.052669 184.339233
v -109.551605 16.892904 309.291107
v -101.837410 16.192448 318.816772
v -103.819290 14.587085 327.733124
v -75.380630 4.953736 189.902939
v -88.356560 2.441979 196.802979
v -93.854103 3.623304 204.440384
v -119.557655 15.360428 293.270691
v -112.569099 15.761478 300.066681
v -103.064507 0.811727 200.897980
v -101.036438 4.010266 201.806870
v -128.446030 13.998747 266.957214
v -125.815742 14.203184 276.250000
v -124.768990 15.126996 285.208496
v -117.020088 9.191196 197.456375
v -111.345978 7.331668 201.916885
v -135.330872 14.581289 250.896729
v -131.988861 14.420253 258.551178
v -123.601692 12.421000 194.813843
v -141.022247 14.933051 237.273010
v -137.970993 15.037144 243.602539
v -129.090729 15.736303 194.475250
v -133.759293 14.549562 198.638947
v -136.812683 14.666279 204.204086
v -140.229172 14.581306 209.806229
v -143.061310 14.540444 214.951126
v -146.097946 14.688513 220.587463
v -148.779526 15.118665 226.135986
v -146.384216 15.241182 231.262100
v 132.039658 -3.304784 193.349762
v 132.762817 0.179173 199.044052
v 135.972824 1.266694 204.008865
v 140.017487 0.942892 210.944473
v 145.618805 -0.419900 218.469101
v 148.434769 -2.904198 227.258133
v 151.469101 -7.193294 231.887970
v 131.049088 -4.042921 190.411255
v 128.972458 -1.933856 194.306396
v 131.467804 0.664851 196.567841
v 149.137665 0.954692 233.220810
v 147.805237 -3.438010 239.832733
v 148.930222 -7.785362 245.382935
v 122.217155 -6.307194 190.976135
v 147.338120 -1.511569 248.544083
v 141.562927 -4.813424 250.820984
v 105.522972 -7.316912 192.266190
v 138.670319 -2.344383 259.786713
v 136.122360 -3.604941 267.119934
v 139.409088 -2.322973 277.443329
v 137.467285 -2.629909 284.443726
v 78.752151 -7.135588 185.557571
v 90.524734 -7.913828 190.224808
v 129.920593 -0.228319 294.243195
v 124.894119 0.500009 301.724823
v 67.933731 -5.010730 180.636185
v 118.861633 -2.259506 298.644653
v 116.951073 0.854757 302.109131
v 108.566017 0.393950 304.611084
v 54.163113 -0.781394 169.506363
v 57.206234 -2.590090 172.266205
v 59.017040 -3.231886 176.626617
v 100.970612 4.636928 311.326080
v 93.989021 1.357191 312.345032
v 49.105141 -1.050163 167.862610
v 48.960438 -2.064212 169.618179
v 83.324890 4.305023 320.582489
v 79.000679 4.993313 325.324402
v 38.803848 -0.784694 166.808456
v 43.749313 0.902800 169.695480
v 73.130333 2.779537 323.309296
v 67.385727 5.541413 330.051880
v 28.622993 0.465398 165.155762
v 51.991776 8.736700 341.285004
v 52.072773 10.581996 360.123596
v 50.337055 11.955965 370.959930
v 17.165134 0.804402 165.260422
v 42.019718 6.408072 348.240784
v 33.567070 7.005475 362.791473
v 38.824493 12.866386 386.834442
v 36.101875 11.478590 404.896393
v 28.273062 10.852909 415.673828
v 5.112648 0.950815 165.079269
v 24.351561 8.457536 376.639496
v 23.201027 7.440894 391.892761
v 16.812037 11.857330 421.362579
v 25.303692 13.375459 421.017609
v -7.014114 1.556448 163.808929
v 3.367340 10.125351 416.754913
v -9.926341 4.960284 425.009399
v -18.072557 2.705439 161.685425
v -30.929873 4.581259 414.646759
v -20.023794 6.998576 423.446686
v -28.856174 4.256104 156.025269
v -25.276035 3.829512 159.328125
v -54.075527 0.300118 395.374146
v -44.534584 4.418844 405.655457
v -33.423977 4.866593 154.335678
v -63.124077 -1.031060 349.288910
v -61.512539 2.379572 361.237823
v -65.969627 4.600470 390.046631
v -55.113403 9.848053 407.101807
v -38.731369 5.561747 155.631439
v -42.854458 2.214693 159.193771
v -77.375145 0.487502 330.254333
v -75.162903 4.162175 342.720795
v -78.824974 9.251599 367.801208
v -73.637657 11.367811 388.785339
v -49.130260 2.827690 163.588196
v -53.070103 -0.844608 169.306473
v -55.967834 -3.785339 175.449844
v -60.608429 -6.567424 180.763168
v -90.843071 2.552074 315.507843
v -89.761086 4.742571 325.932983
v -92.674484 10.418713 342.862518
v -87.761009 12.918503 360.012054
v -62.096394 -0.805198 179.845001
v -67.561066 -3.987356 184.510773
v -73.794319 -7.169321 189.459152
v -103.741257 7.133074 313.664581
v -102.495865 9.945642 326.070709
v -99.710739 12.575058 335.927368
v -75.141846 -1.320273 189.233582
v -82.688622 -4.049219 194.266144
v -92.210754 -6.165901 199.876953
v -121.973534 6.157997 296.723114
v -113.648079 6.794916 302.943207
v -93.174133 -0.438691 198.993652
v -105.228691 -1.271748 203.173889
v -131.652832 8.368929 270.062836
v -133.675049 5.279291 281.749329
v -127.931152 5.926381 289.414612
v -115.476494 4.666793 198.683548
v -119.121895 3.460147 203.398529
v -140.089828 9.638360 255.165787
v -137.893661 7.393925 263.278229
v -138.880325 3.960877 269.962616
v -124.325096 7.363994 196.949692
v -129.581863 6.655439 200.946991
v -133.810898 6.433615 205.316971
v -146.919754 10.186485 240.416946
v -143.401550 9.042672 247.011154
v -146.246521 5.912577 254.149979
v -131.186920 10.674689 196.313568
v -134.708603 10.722490 201.195999
v -137.993484 10.314858 206.621262
v -142.175827 9.633164 212.632523
v -145.238083 9.214366 218.351547
v -148.267868 9.082511 224.290695
v -150.882965 8.958394 229.709595
v -148.719315 8.882453 235.645065
v -153.397339 6.470747 241.208313
v 133.134979 -6.543788 193.019653
v 135.183731 -5.942185 197.183044
v 136.721039 -5.970845 203.191040
v 139.368912 -6.761913 209.468903
v 143.455795 -7.818974 216.952591
v 148.671906 -9.553154 223.624954
v 151.648315 -12.343326 231.043915
v 130.445740 -8.973709 190.620911
v 131.720657 -7.559351 191.805725
v 153.102081 -8.553876 238.250504
v 149.998154 -11.879371 243.419617
v 121.446907 -10.848434 191.391403
v 145.711853 -11.086084 249.842880
v 104.291428 -11.996170 190.852051
v 140.233032 -8.984279 256.498383
v 137.035019 -9.694019 263.019745
v 137.506500 -6.708365 274.346161
v 139.156219 -6.668207 277.998260
v 78.654114 -11.181829 184.389557
v 89.882484 -11.892582 189.319397
v 136.614456 -10.207101 267.686584
v 128.975647 -8.562184 273.851837
v 128.944855 -5.282731 284.475861
v 67.637199 -9.361050 178.332794
v 123.720146 -8.586036 279.713135
v 120.091385 -4.813676 289.028473
v 110.868065 -5.606765 295.074768
v 110.577888 -2.869712 300.426361
v 55.810925 -6.219786 171.662216
v 60.335472 -7.144175 175.111755
v 98.933228 -4.878312 294.125336
v 99.605621 -2.439310 304.371399
v 94.471519 -1.243566 307.892883
v 45.543022 -5.201194 168.001175
v 49.487152 -6.267136 170.672287
v 81.660477 -3.928351 294.162811
v 84.043480 -1.870598 302.134857
v 85.602539 -0.358068 311.871307
v 40.265179 -5.846752 166.611694
v 38.886013 -7.451012 168.220474
v 64.808472 -3.080813 294.596375
v 67.060493 -1.208521 303.975189
v 67.954033 0.748076 315.424255
v 63.228188 -0.052978 322.695587
v 30.314219 -4.018638 165.317856
v 24.448174 -5.989381 168.116760
v 56.182446 -3.169202 297.368835
v 48.905838 -2.025749 304.122589
v 51.616379 -0.328490 320.241364
v 52.328819 1.969059 329.999023
v 17.999655 -4.227993 167.364105
v 16.333281 -5.686045 168.522171
v 40.121006 -2.253798 312.513062
v 31.584070 -1.706249 321.345642
v 34.405861 2.851576 340.398132
v 28.721510 2.632945 351.922760
v 7.673706 -3.515969 165.965729
v -0.129119 -5.842226 168.723938
v 23.272341 -1.906566 331.374725
v 19.262327 -2.090992 343.619141
v 17.357416 1.767131 368.014801
v 13.635588 2.279917 390.858185
v 10.768408 3.281401 406.650391
v -3.033247 -3.414914 165.238678
v -6.987007 -5.332377 168.227798
v -5.614805 -3.746973 371.367493
v -8.291299 -3.367120 389.826324
v 0.706174 2.177485 411.333282
v -11.886293 -5.828817 423.176270
v -18.872065 -3.070352 162.342789
v -23.463249 -5.838957 371.648773
v -26.245546 -4.368085 387.753845
v -28.047245 -2.397364 407.276062
v -19.612476 -3.038761 423.043304
v -27.025677 0.380577 158.194122
v -26.315933 -2.326309 159.653259
v -46.452320 -10.134002 347.355530
v -41.032188 -7.896726 362.320557
v -43.140213 -2.981947 389.765259
v -34.910240 1.113685 406.564545
v -31.727774 0.972943 155.512085
v -35.986477 -2.474100 158.629608
v -61.567799 -9.546493 330.492981
v -58.723423 -5.944647 343.914398
v -53.197643 -1.965713 371.052277
v -52.522072 -0.139055 388.995544
v -37.079655 1.720536 155.740692
v -41.177666 -2.069055 160.382507
v -47.748989 -7.392660 166.065292
v -74.174263 -8.228333 317.030579
v -71.929466 -5.483199 328.551147
v -62.784565 -1.124366 338.910736
v -47.463116 -1.540358 163.512573
v -52.500904 -6.355573 169.949234
v -55.801071 -9.377327 176.220581
v -60.819675 -12.077347 181.929153
v -82.862000 -10.300935 290.915192
v -83.664993 -7.427997 298.493408
v -84.667137 -4.545495 312.416870
v -75.786385 0.498264 323.682648
v -66.472595 -9.113461 185.429596
v -74.984245 -12.926827 190.291428
v -88.797539 -8.283396 294.742371
v -97.234657 -7.155858 301.050720
v -98.457275 -1.119753 308.391876
v -82.000854 -9.572309 194.839188
v -94.082581 -12.770117 201.459427
v -115.533577 -2.402243 300.721252
v -108.800613 3.064161 305.181671
v -104.513626 -7.392239 205.426224
v -115.886932 -9.514829 210.917358
v -140.648972 -3.790759 285.362122
v -129.858185 -3.339706 291.867188
v -117.327553 -1.720430 206.486557
v -126.911736 -3.298723 210.250137
v -147.912109 -1.747826 266.442139
v -143.064362 -3.006553 275.371582
v -128.269897 3.462229 205.454178
v -135.141846 1.480825 208.708160
v -152.554565 0.346163 250.048538
v -150.244278 -0.272850 257.309875
v -140.690659 5.616528 209.470749
v -145.276703 3.812074 215.270035
v -148.233002 3.049922 222.207596
v -150.596817 2.351881 227.962784
v -153.330078 1.795085 233.403290
v -156.411911 1.096912 239.302765
v -157.056274 0.828276 244.694427
v 139.640808 -15.754919 201.981613
v 143.617081 -15.254043 207.480988
v 143.203934 -16.250902 210.461807
v 134.218048 -15.860015 189.836777
v 133.569382 -12.507582 193.159729
v 135.306870 -12.642516 196.422485
v 135.006439 -13.147246 202.583328
v 140.845078 -12.154556 208.670441
v 141.632080 -14.302959 215.066620
v 147.022125 -15.758690 223.085312
v 151.018448 -18.388958 231.067535
v 129.903656 -13.790252 192.178207
v 131.825226 -11.578438 190.802902
v 149.469284 -14.478401 238.297104
v 154.517654 -14.775250 242.022141
v 123.799217 -15.263453 192.414856
v 115.327942 -18.678194 196.200790
v 142.279617 -17.107750 241.499741
v 145.672195 -14.605917 246.104019
v 109.512184 -15.975843 191.698654
v 105.998451 -19.099813 196.591156
v 142.773209 -15.624593 245.199417
v 135.873566 -14.518396 249.053009
v 138.765213 -13.754648 256.952606
v 77.987076 -13.314308 183.840027
v 84.648232 -15.711320 185.963150
v 124.926743 -16.005228 253.822296
v 126.032097 -12.413462 262.170319
v 128.325424 -12.388588 266.887268
v 69.438667 -14.117402 178.843842
v 67.479263 -15.804128 183.606415
v 115.960457 -14.415525 255.418304
v 116.143105 -15.034048 261.652069
v 116.359207 -12.193889 269.880096
v 112.380920 -9.632798 280.959717
v 110.427475 -8.842704 284.889282
v 55.257565 -9.365148 171.859512
v 56.404297 -11.380027 173.171921
v 97.885101 -12.367246 270.144470
v 95.870430 -10.128187 277.194611
v 99.140152 -8.136608 285.775604
v 49.353832 -9.947273 169.660202
v 47.286118 -11.787024 171.236450
v 78.288963 -11.147976 268.354309
v 81.023102 -9.286216 276.610657
v 82.735680 -7.126019 285.958710
v 36.655361 -8.456527 164.825592
v 41.946243 -8.537021 167.391541
v 62.215919 -10.377971 268.243286
v 64.420746 -8.608358 277.090607
v 65.989632 -6.044781 285.578918
v 31.746622 -7.322271 165.053101
v 26.296589 -9.330503 167.294525
v 51.695469 -9.646908 270.679443
v 50.667175 -9.560429 276.161987
v 47.065598 -7.862483 289.672485
v 43.582520 -6.122916 296.668823
v 13.505651 -6.844984 166.885315
v 18.508947 -8.316565 169.265244
v 28.538193 -8.791344 294.442261
v 31.251883 -5.088444 304.802124
v 26.996813 -6.676939 311.562378
v 11.462671 -6.497020 166.862061
v 4.147205 -9.353086 167.914795
v 18.286158 -9.810956 297.347778
v 10.744428 -10.585990 303.548065
v 12.953863 -7.028099 322.113007
v 9.972663 -7.074261 340.623077
v 6.719577 -7.171475 349.948639
v -9.739423 -6.382559 165.993179
v -6.486748 -8.952447 167.385010
v -5.250661 -12.367537 310.462433
v -3.931128 -10.836341 323.018646
v -3.470551 -11.513898 338.299774
v -3.045325 -8.197753 353.446075
v -8.506932 -5.273207 402.886932
v -8.234997 -9.957813 408.731689
v -13.671028 -14.419838 413.819183
v -16.919258 -7.054638 163.835693
v -23.431850 -9.700010 166.443344
v -27.423912 -12.743632 170.668503
v -14.000623 -13.895588 313.248108
v -22.016474 -16.232824 321.331421
v -21.805468 -12.947891 337.149200
v -19.442665 -9.683028 353.257660
v -14.655203 -8.060569 397.872742
v -19.128296 -10.488785 411.298340
v -17.137522 -12.184316 418.416718
v -28.271673 -9.391419 161.621292
v -31.060503 -11.675876 167.011139
v -30.957699 -13.961584 171.624039
v -38.957546 -16.511463 325.571167
v -37.989998 -14.202280 340.744476
v -31.100534 -8.992332 356.835266
v -35.294964 -7.277757 161.140686
v -40.945126 -12.728382 166.471283
v -55.683716 -18.913984 298.581146
v -55.100876 -16.514961 307.124634
v -55.178967 -15.131859 324.517944
v -46.013294 -10.307515 336.869995
v -39.820660 -6.881408 163.022675
v -46.996037 -12.982221 168.979996
v -66.539894 -16.523760 303.201538
v -67.784279 -12.649055 312.848175
v -60.298042 -9.835122 323.223450
v -52.595028 -12.003604 171.686905
v -57.125278 -15.286358 177.278275
v -61.565525 -17.937077 183.018356
v -79.978104 -19.471479 265.836151
v -76.586601 -16.152180 275.223602
v -76.615845 -14.913496 286.568115
v -78.437943 -13.126331 299.502472
v -74.069847 -9.292452 309.994141
v -67.928001 -15.173214 186.186188
v -76.312943 -19.178480 191.758636
v -85.244362 -17.542295 268.624115
v -84.489235 -16.206528 280.077454
v -91.194397 -15.623766 287.290955
v -97.755623 -11.139043 292.739777
v -84.028946 -16.098846 195.879211
v -95.485565 -19.719561 202.928162
v -115.465324 -15.788671 290.507080
v -115.073761 -10.182444 294.804932
v -105.422577 -14.827235 207.593750
v -116.261246 -16.808273 213.345978
v -134.686249 -12.879824 286.869843
v -125.732315 -7.584818 292.746002
v -125.547920 -10.289823 215.114807
v -133.140472 -11.685432 218.391281
v -148.480743 -6.508014 269.379822
v -150.688705 -11.234280 279.417969
v -134.862152 -4.239043 213.514725
v -141.239899 -6.452189 217.342041
v -156.160950 -4.969829 254.810776
v -154.943420 -8.165795 260.385742
v -152.979553 -11.684916 268.058746
v -142.732895 0.043421 212.377914
v -147.773727 -2.008576 218.995270
v -151.172653 -3.750919 225.269775
v -152.942108 -4.743723 230.761673
v -154.755661 -5.856544 236.199936
v -158.347931 -6.698800 241.854477
v -158.598892 -6.760818 247.971817
v -161.275879 -9.788708 255.037567
v 141.536209 -18.694670 202.076706
v 145.618500 -19.122601 206.431610
v 146.056717 -20.422503 212.359390
v 135.238693 -19.299337 189.806213
v 135.093201 -18.477879 191.730713
v 134.469864 -18.792006 195.921432
v 136.365158 -18.714439 199.634033
v 144.888870 -18.503649 216.849060
v 147.444443 -21.678745 223.901871
v 150.784821 -23.534468 231.076736
v 130.192719 -20.302233 191.086502
v 148.391647 -21.524242 235.193817
v 122.229492 -20.294405 192.512482
v 109.164825 -20.421080 197.576767
v 141.853928 -20.564465 238.108658
v 103.129051 -20.782911 191.630905
v 114.010727 -19.493132 197.002563
v 132.213455 -17.810482 239.252625
v 131.022400 -17.595615 244.584702
v 70.874657 -21.265676 182.287308
v 84.456139 -20.198988 186.552994
v 123.256660 -19.088793 241.414352
v 121.713249 -18.226151 242.979187
v 66.258774 -18.709669 179.840897
v 73.166206 -17.727011 184.943710
v 114.651306 -17.801908 251.371002
v 108.051300 -17.757814 252.921204
v 108.610229 -16.348711 259.621857
v 56.732056 -15.824478 173.164185
v 94.368355 -18.562042 255.358337
v 98.551643 -15.357540 262.125061
v 45.188568 -13.034466 167.204300
v 50.234020 -13.916672 170.476318
v 75.267044 -18.773438 243.638916
v 77.452583 -17.556498 249.373886
v 81.478081 -14.373139 260.485962
v 35.584965 -11.374560 164.347626
v 37.540440 -12.814266 166.134399
v 69.642540 -16.604141 246.740509
v 62.023129 -17.205671 249.910370
v 63.827839 -13.327657 260.704376
v 32.881027 -10.299722 164.166672
v 28.295853 -12.394357 165.995499
v 44.984650 -16.203863 255.104462
v 43.633804 -12.134453 263.780121
v 41.208450 -12.341720 273.584473
v 39.175430 -12.169928 279.654327
v 19.148291 -12.136799 166.922958
v 32.228367 -14.876734 256.167145
v 23.975456 -15.841727 261.607300
v 26.518511 -14.076462 274.235931
v 28.476868 -12.415945 283.369720
v 8.370040 -12.021437 167.923492
v 0.158617 -15.168288 170.264252
v 13.998236 -16.380838 266.338440
v 7.557464 -17.118799 274.861664
v 10.701702 -13.964877 288.804993
v 6.331582 -14.978992 294.978760
v -4.290493 -13.600074 168.248245
v -6.314013 -15.700449 170.956039
v -6.163622 -18.544336 281.155975
v -3.857778 -16.818256 291.239441
v -3.758292 -15.482484 300.646027
v -18.899925 -12.494238 167.672501
v -24.920151 -16.351118 170.680969
v -14.689952 -20.066681 283.833405
v -21.217077 -20.604753 289.753601
v -19.988466 -18.147541 304.005493
v -23.717638 -19.126492 310.000000
v -33.232800 -14.970094 163.081482
v -32.103046 -16.530626 167.463867
v -30.335321 -16.372452 170.607239
v -34.882915 -22.335396 297.153198
v -34.794701 -20.897709 306.316345
v -34.583721 -19.373966 315.804718
v -35.730976 -13.181807 162.802292
v -39.865067 -18.276148 168.079025
v -52.126293 -25.177689 269.617493
v -48.503639 -22.126869 279.709961
v -50.183823 -21.555624 291.993103
v -46.780064 -19.675613 311.196259
v -42.828079 -18.166300 317.171753
v -46.085663 -18.331358 170.521423
v -60.291687 -21.864365 274.700500
v -60.272991 -20.188637 284.380371
v -61.825657 -18.824139 293.493195
v -53.268425 -17.907787 172.745102
v -57.109951 -20.800402 178.318573
v -61.116432 -23.485926 184.141937
v -78.508522 -25.946482 254.643341
v -72.569733 -21.818344 263.047791
v -69.537956 -20.423813 274.107330
v -72.531708 -17.832355 289.238739
v -71.784332 -18.933146 293.052277
v -68.561218 -21.028570 187.874222
v -77.523056 -25.073156 194.004593
v -83.203911 -24.538433 257.146393
v -82.450500 -21.501444 265.949371
v -89.495331 -22.631695 276.255829
v -93.892570 -20.821661 279.365234
v -86.062645 -22.530472 198.031601
v -95.655495 -25.672768 203.940277
v -102.694237 -25.686106 277.771027
v -110.935898 -24.301786 283.666687
v -106.286240 -21.803308 208.704926
v -116.366570 -23.711340 213.827530
v -135.133728 -20.916040 283.911133
v -125.791794 -17.707880 217.183487
v -133.236847 -18.578163 220.202438
v -151.408112 -19.791178 280.096619
v -140.590851 -13.203524 220.752167
v -158.961670 -17.497738 263.809204
v -156.116287 -18.748846 271.373444
v -148.463089 -8.392388 221.416412
v -151.483795 -10.654717 226.496628
v -152.797516 -11.946000 232.159149
v -155.082932 -13.029522 237.569092
v -158.991074 -13.728326 243.450226
v -161.686447 -14.822428 249.568741
v -162.786911 -15.762989 256.214600
v 138.029190 -24.026567 196.127838
v 142.166565 -23.382818 200.511932
v 146.698456 -23.849184 206.933365
v 143.414917 -24.441284 210.747314
v 134.437561 -27.588316 184.627914
v 136.111053 -24.190668 188.675034
v 133.783234 -23.022520 191.495117
v 135.600891 -23.271889 196.481766
v 136.573410 -21.121208 198.298721
v 140.570160 -25.771406 210.280807
v 145.381149 -24.337032 215.270569
v 149.442322 -26.713177 224.436005
v 152.889282 -26.889215 230.213638
v 126.027061 -27.481905 187.255371
v 129.527618 -26.184761 188.204041
v 144.608261 -27.757898 229.957214
v 147.168625 -24.935787 233.081055
v 117.126396 -25.628908 190.423676
v 137.416656 -26.869860 230.935867
v 139.381973 -24.093513 234.735092
v 85.828423 -27.375185 183.479660
v 103.029701 -25.540520 188.897888
v 127.679588 -25.978752 231.133636
v 131.968430 -23.316786 234.762390
v 77.274223 -24.721104 181.951447
v 88.430641 -23.617966 187.470490
v 115.276855 -25.471237 229.779694
v 117.423195 -21.763420 233.620178
v 115.192886 -22.584663 238.719391
v 66.829781 -23.292425 177.633209
v 106.457237 -24.884569 230.364563
v 98.426895 -24.977253 230.851135
v 106.470032 -21.903530 240.165756
v 103.540497 -21.415052 244.918106
v 57.079281 -20.765417 173.139496
v 92.695084 -26.095600 233.624466
v 93.191742 -23.387184 240.999481
v 95.767189 -21.444511 248.023544
v 44.133968 -16.329491 166.901367
v 43.645714 -17.816929 168.909729
v 85.673592 -24.069866 234.538223
v 76.892036 -21.312738 236.840408
v 89.556198 -19.793316 246.762100
v 37.545170 -16.198349 165.516357
v 37.525333 -18.423237 166.348175
v 62.839939 -21.557898 240.607162
v 56.824520 -18.512815 244.219116
v 31.942114 -15.422802 165.011536
v 26.714277 -17.760271 166.847397
v 52.375416 -21.422077 242.892365
v 45.438843 -21.168577 245.965454
v 21.586456 -15.215846 166.290710
v 18.315321 -16.314388 166.419296
v 24.609190 -19.866949 251.143280
v 18.790348 -18.934715 254.014252
v 10.954014 -15.371981 167.123703
v 3.483559 -19.089630 169.458313
v 13.449011 -21.734768 253.205276
v 6.347339 -20.360279 260.033173
v 2.868361 -21.012783 266.541565
v -9.734397 -17.074892 169.219818
v -7.256057 -19.091560 170.242981
v -7.567663 -25.291546 265.794830
v -4.491288 -21.598440 273.336487
v -15.485904 -16.648613 168.152313
v -21.221645 -20.297960 170.662720
v -21.185812 -26.484150 268.917511
v -19.523167 -22.782904 277.929535
v -23.029844 -24.719902 282.345642
v -32.804291 -20.201914 164.793671
v -32.281898 -22.025190 166.510269
v -27.913965 -20.954405 170.281723
v -32.965790 -27.467337 270.474548
v -31.901838 -25.804070 279.036163
v -32.654198 -24.604954 289.178558
v -35.060646 -18.881329 164.278503
v -37.157570 -22.546329 169.049698
v -39.740772 -26.766588 174.296646
v -50.330090 -29.711412 247.071442
v -43.729824 -28.543146 254.647690
v -47.979618 -25.626778 266.208252
v -41.716064 -24.744408 283.572998
v -41.197998 -24.643488 288.323425
v -43.176762 -22.534191 171.873398
v -47.844490 -26.815510 176.124161
v -55.795155 -29.080425 251.805603
v -53.070496 -27.472490 259.886597
v -55.213207 -24.507925 265.951599
v -51.624947 -22.659613 173.846237
v -54.850201 -25.425186 179.210663
v -60.137833 -28.680536 184.540649
v -68.345718 -26.567926 253.161819
v -64.765633 -25.266241 264.576782
v -65.498192 -25.117352 265.111725
v -68.361603 -26.573008 189.346542
v -77.251999 -30.290012 194.919861
v -79.150162 -26.859589 257.211853
v -89.300354 -28.222948 263.272675
v -92.299942 -29.416677 266.583893
v -85.937737 -27.762432 199.058121
v -94.915504 -30.591356 203.384689
v -101.042503 -32.341320 264.979584
v -106.110245 -30.194942 271.177399
v -114.547485 -30.521015 276.065948
v -105.763527 -27.404783 208.564713
v -114.994049 -29.406212 213.125580
v -124.024689 -33.952301 274.739716
v -132.641083 -31.241137 278.520996
v -125.543732 -24.243771 217.204727
v -132.783951 -24.778679 220.434357
v -150.745682 -27.803724 278.663940
v -140.352341 -19.392202 222.284058
v -144.679703 -20.636208 225.134155
v -158.959839 -24.342602 266.215698
v -161.050613 -27.054293 272.195740
v -147.776947 -15.088464 223.046829
v -150.320465 -16.807678 227.470917
v -152.270294 -18.408623 232.381104
v -154.974899 -19.527330 237.959412
v -158.618790 -20.480452 243.929672
v -162.231033 -21.763098 250.587708
v -165.828186 -23.337965 258.004456
v -162.874344 -29.018816 265.361816
v 141.309708 -26.619629 197.370728
v 142.814316 -27.370836 200.989868
v 141.676697 -28.149403 204.508621
v 131.728989 -29.087753 184.042816
v 132.469925 -27.584648 187.101334
v 133.174561 -27.355692 191.628723
v 138.464355 -27.942327 196.797226
v 138.563370 -29.215082 202.926514
v 142.938339 -28.207802 209.807343
v 144.495331 -30.008387 217.417313
v 144.658661 -31.480360 223.762329
v 127.205620 -30.295088 184.014389
v 123.088409 -30.759287 190.217789
v 140.441345 -33.300945 223.448288
v 143.260025 -31.002033 226.913223
v 111.121124 -31.682350 183.088516
v 119.992828 -29.453968 188.317352
v 136.445618 -30.677145 229.287323
v 95.870537 -29.772095 182.437546
v 108.902702 -29.794121 187.429306
v 127.651573 -29.732430 227.273270
v 80.281532 -28.911270 179.271805
v 117.265030 -29.168581 224.027969
v 67.877525 -27.585911 176.368408
v 96.813148 -28.401011 222.787521
v 95.600098 -27.613377 227.442810
v 57.613369 -25.849112 173.024918
v 83.726982 -30.549976 224.797012
v 88.798401 -28.246340 228.234406
v 47.436619 -24.059141 169.184204
v 77.833260 -29.421993 224.779251
v 73.698814 -27.988846 225.687286
v 75.524353 -26.316866 231.512070
v 35.492115 -18.556065 164.530609
v 36.542843 -21.165951 166.894226
v 44.976376 -30.187115 223.581024
v 57.486511 -28.996059 227.927383
v 65.906189 -28.204180 234.703964
v 34.315777 -18.636063 164.504776
v 29.203556 -21.826244 166.309235
v 42.892159 -28.282093 225.413834
v 49.444847 -31.653913 229.626678
v 43.249905 -26.729637 237.098495
v 39.084599 -24.918129 242.535110
v 15.521984 -17.511906 165.073532
v 18.794462 -20.203609 167.909149
v 26.166162 -30.192280 243.286957
v 27.590321 -25.892860 246.808243
v 13.132210 -19.144072 165.907425
v 6.860738 -22.874821 168.732269
v 9.240187 -30.895060 243.734024
v 7.238960 -26.394047 248.628174
v 3.165158 -26.926020 253.034683
v -4.929511 -23.674389 169.817017
v -5.214354 -31.398592 242.833389
v -5.956419 -29.123301 250.517380
v -5.513748 -27.478935 257.083649
v -17.845522 -25.372862 170.326645
v -19.313810 -31.736326 242.796143
v -19.219469 -30.105465 251.143753
v -19.080313 -28.477789 259.307129
v -31.014093 -27.890379 169.103104
v -25.898312 -26.906063 171.075470
v -31.045294 -32.211208 243.680389
v -30.330534 -30.888508 252.145218
v -32.165092 -29.024210 261.371979
v -34.054916 -27.171343 170.011169
v -37.794197 -31.523331 174.005417
v -50.518894 -34.920780 233.519241
v -48.387657 -30.327549 243.665268
v -38.591702 -30.051363 256.925323
v -40.384941 -29.557980 261.069153
v -44.770241 -30.755451 176.542847
v -57.398853 -33.989197 235.833542
v -54.851391 -31.111576 242.863190
v -52.811867 -29.800049 179.431320
v -58.861259 -32.690479 184.528351
v -64.663475 -34.535774 190.495605
v -69.765755 -34.062077 239.818359
v -71.709488 -32.454212 243.698883
v -67.084160 -30.827160 190.144516
v -75.433533 -33.864639 194.541016
v -79.533554 -33.694923 253.749954
v -93.319420 -37.038460 258.012543
v -84.896339 -32.246460 198.398651
v -92.230927 -34.382507 202.843979
v -97.846947 -35.521378 208.187729
v -101.027382 -34.897537 265.386047
v -116.037567 -37.077934 268.655762
v -102.399147 -31.657045 208.233337
v -109.788841 -33.232658 213.011810
v -116.572769 -34.510311 217.884186
v -126.749359 -34.579475 273.754303
v -139.330719 -36.349060 276.024994
v -122.265709 -29.742077 217.390518
v -128.681824 -29.997042 221.752731
v -134.214600 -30.618793 226.538528
v -151.928848 -34.202808 276.999054
v -138.852890 -24.666651 224.382263
v -143.384354 -26.172993 227.684509
v -160.431946 -38.956387 263.410797
v -163.463028 -33.830730 269.313019
v -149.533691 -22.466154 228.221619
v -152.274475 -24.672262 232.249725
v -154.772705 -26.122023 237.749390
v -158.232910 -27.492550 243.796173
v -163.559647 -29.061094 251.684357
v -171.610703 -31.382551 260.754364
v -165.152191 -32.924484 267.483521
v 129.264313 -31.515070 182.756088
v 131.660736 -31.137037 186.826675
v 134.067444 -32.093685 192.792633
v 135.372925 -32.352539 198.515305
v 137.719727 -32.349117 205.110703
v 143.559753 -33.794697 212.104187
v 145.649841 -36.722725 219.344284
v 125.869453 -32.626869 182.872299
v 119.967026 -33.881268 185.131699
v 143.660187 -35.148029 224.088989
v 141.518982 -37.649769 228.549728
v 117.731819 -32.803478 182.557404
v 110.610443 -33.412453 183.205902
v 135.408005 -35.706547 229.051056
v 103.931030 -32.405964 180.336502
v 95.615440 -33.428761 180.618912
v 126.422096 -34.620037 225.479507
v 87.408775 -31.960016 178.149750
v 81.404945 -32.890415 178.201157
v 100.398155 -35.648495 213.631851
v 110.265198 -33.075317 217.711044
v 73.161850 -30.845800 175.907455
v 70.440125 -31.881983 177.083771
v 68.620392 -32.398262 180.253952
v 100.199562 -34.322430 214.849152
v 95.126442 -34.022305 216.005630
v 61.833633 -29.901657 173.793549
v 60.544640 -30.942787 175.870728
v 58.715969 -32.053967 179.706238
v 84.707283 -34.608833 219.126358
v 51.488323 -28.817505 171.047043
v 48.149639 -30.346098 174.854095
v 51.739155 -32.248730 179.381149
v 74.962715 -33.544895 221.844070
v 65.802887 -36.890659 223.034500
v 41.367641 -27.204990 168.367172
v 36.641254 -30.169250 171.544891
v 50.699650 -35.742634 222.240555
v 60.519974 -35.727043 223.791321
v 32.343578 -25.728941 167.529129
v 26.861818 -29.272804 171.917694
v 44.951344 -33.503384 223.532761
v 38.327030 -36.170033 230.565781
v 37.407417 -32.994789 235.014877
v 23.023756 -25.433067 168.035645
v 16.176493 -29.950003 172.730789
v 15.737131 -40.096710 227.587234
v 20.734983 -38.214138 233.807816
v 27.514503 -35.043934 237.883926
v 11.923632 -25.920099 169.152344
v 4.520973 -31.277882 173.812973
v 13.204929 -38.497066 229.637039
v 4.158479 -39.040062 233.443359
v 10.373943 -34.949879 237.762451
v -0.104272 -27.363207 170.404984
v -8.246497 -33.294411 174.195984
v -15.659453 -39.761318 223.625046
v -11.356817 -38.056206 230.809509
v -4.030047 -34.760323 235.729095
v -14.665981 -31.224171 171.514404
v -18.100246 -35.195183 175.335983
v -18.594292 -37.783329 225.072479
v -25.320538 -38.017456 228.312561
v -17.313349 -34.337109 234.434967
v -31.920910 -32.488483 170.077957
v -27.170273 -32.975098 171.071060
v -31.703329 -38.473629 227.814697
v -29.782436 -33.945065 234.735901
v -32.215588 -32.134857 170.501984
v -36.371933 -35.373119 173.508362
v -46.598488 -35.640659 231.403564
v -38.830700 -34.187130 236.339676
v -43.231964 -34.669422 176.210648
v -49.331871 -37.164753 179.737671
v -70.111572 -39.703136 224.478302
v -60.059750 -35.855957 229.090134
v -51.204609 -33.916279 179.016785
v -56.359142 -35.712318 184.664001
v -62.813335 -37.421173 189.217056
v -73.092125 -38.843273 227.537064
v -72.873749 -35.955379 232.561371
v -80.925407 -39.880844 239.767273
v -71.841675 -36.490971 194.158722
v -79.818100 -38.803555 197.983490
v -93.834137 -37.946632 247.089279
v -99.399712 -39.675148 252.996033
v -82.951462 -35.774830 197.874298
v -88.381653 -37.071133 203.073380
v -94.681686 -38.693642 207.740143
v -109.416161 -41.697941 251.069992
v -112.728737 -39.384705 257.575317
v -123.407074 -41.711235 264.809479
v -104.582748 -36.461624 213.112015
v -112.158806 -38.735970 217.245575
v -131.643951 -39.344482 271.132843
v -142.212753 -42.169479 273.347473
v -123.715652 -34.999798 222.824539
v -131.076050 -37.166767 227.183884
v -152.874542 -40.806339 276.346039
v -157.549561 -48.165310 279.571747
v -141.120819 -32.308712 229.724686
v -144.699997 -34.959183 232.289948
v -159.192551 -40.103008 266.533875
v -166.358948 -40.707134 272.040863
v -161.093094 -47.079411 277.319153
v -148.686142 -28.474331 229.528503
v -151.571655 -30.851063 233.453125
v -154.836884 -33.196888 238.106033
v -157.974258 -34.653259 244.499954
v -163.259369 -36.870514 252.743973
v -166.067383 -38.986755 261.082275
v -165.298126 -44.275375 265.273865
v 129.455017 -34.413788 181.788147
v 131.667068 -34.886101 187.639053
v 136.479218 -37.941696 194.180359
v 137.226395 -37.529579 199.935028
v 140.459839 -38.452961 206.601700
v 144.237259 -38.974422 212.828140
v 141.639984 -41.013733 218.468369
v 127.036934 -34.020962 183.354050
v 128.000809 -36.088585 188.463257
v 125.591469 -38.179100 192.412979
v 138.925415 -42.606014 218.114380
v 142.439713 -40.570892 220.700592
v 137.354095 -40.165672 227.015976
v 117.302635 -36.349907 185.996536
v 116.849480 -39.025455 189.890381
v 134.126572 -41.228706 226.168121
v 135.587860 -39.956692 227.719498
v 103.824089 -35.660191 183.093933
v 96.745728 -37.489868 185.274689
v 125.663536 -40.238270 226.204193
v 91.003830 -34.889328 180.977264
v 85.674576 -36.955742 183.082657
v 105.340668 -39.148880 211.318771
v 114.302666 -39.350498 218.638184
v 79.714188 -33.828972 179.472122
v 75.222740 -36.356457 182.183456
v 96.980042 -37.011841 211.372009
v 89.727867 -41.093452 210.537323
v 64.407738 -35.648548 181.755173
v 80.392052 -39.765759 214.486618
v 48.817711 -33.767281 176.760864
v 50.901470 -34.821823 180.075546
v 71.129715 -39.089478 218.181107
v 60.511971 -42.453911 221.021255
v 41.327370 -34.046909 175.942902
v 42.403347 -37.086037 179.701035
v 48.799492 -42.351215 220.747406
v 55.435574 -41.252377 222.098587
v 29.418930 -34.917965 175.166382
v 37.738968 -42.270588 222.709137
v 32.791481 -40.073765 226.428711
v 19.114716 -35.518059 175.839233
v 18.910538 -43.997299 226.100784
v 30.462637 -38.949741 229.084946
v 7.875329 -36.347595 176.332443
v 2.338070 -43.418362 225.926346
v 2.407642 -41.657272 227.441681
v -4.876467 -38.135979 175.603897
v -17.485245 -45.754597 213.031799
v -18.065832 -41.939175 221.578125
v -1.112746 -39.892498 228.683136
v -20.659723 -37.079456 173.667709
v -15.511385 -39.237679 175.888580
v -20.541979 -44.492100 214.747147
v -31.691248 -42.128387 219.115021
v -25.729574 -40.564735 221.345581
v -24.020905 -38.556736 172.771042
v -27.397921 -41.737392 175.808090
v -37.072441 -43.638901 216.915283
v -33.766136 -40.051842 221.958664
v -33.093010 -38.782749 173.574570
v -37.376690 -41.371590 177.543411
v -49.632874 -43.592480 216.818604
v -45.082336 -40.286377 221.947617
v -39.847023 -37.654346 176.349365
v -46.257263 -39.946728 179.803955
v -63.491276 -41.525410 219.855713
v -54.294090 -40.015892 224.974060
v -54.894257 -38.487301 183.790833
v -61.146938 -40.584198 187.811447
v -66.602692 -42.170700 192.732040
v -77.932220 -40.159893 222.570755
v -80.004204 -40.726521 229.685852
v -87.243202 -41.703247 237.200256
v -68.821907 -38.883465 193.680161
v -75.503044 -40.727543 198.440994
v -81.748123 -42.424519 202.855072
v -92.936707 -43.123993 226.473251
v -95.066399 -42.887375 230.633041
v -93.302849 -41.354500 239.101425
v -84.909599 -39.317371 203.476639
v -91.321007 -40.897758 207.925613
v -96.522552 -42.529339 212.843292
v -100.686394 -43.952000 219.327774
v -110.995956 -43.910118 237.666809
v -113.543877 -42.853378 244.972534
v -120.644279 -44.833542 254.425461
v -122.422134 -44.206982 258.475555
v -101.444595 -39.732948 212.523972
v -107.040581 -41.489571 218.420090
v -113.336533 -43.426170 224.187897
v -120.334236 -45.747585 229.818588
v -130.565369 -46.570316 257.557648
v -138.150024 -46.382904 262.317444
v -139.843277 -46.111298 267.385834
v -119.962593 -40.093533 222.670334
v -126.858498 -42.023365 228.576141
v -133.369812 -44.928913 233.253891
v -149.485336 -48.996998 267.330353
v -152.511185 -47.085838 273.573883
v -158.616837 -53.643944 283.376129
v -138.609406 -38.898411 231.715179
v -142.272949 -41.493336 235.353745
v -145.641663 -45.020798 238.798141
v -166.040344 -51.778084 276.043427
v -163.460266 -53.192787 282.509949
v -150.312286 -37.411789 235.872696
v -154.691696 -40.447861 240.207733
v -158.184326 -42.768066 246.054398
v -162.975357 -45.181480 254.303085
v -167.754929 -47.775585 263.374359
v -169.735977 -49.455791 270.013367
v 136.482498 -41.929920 197.665268
v 137.629288 -42.021469 201.123993
v 141.183762 -43.084248 207.308044
v 140.354340 -46.026012 212.001648
v 132.870026 -41.200737 196.113022
v 135.920624 -45.065941 201.400894
v 136.761200 -45.291039 208.105011
v 142.864700 -44.847961 215.756973
v 142.981796 -46.250671 224.094208
v 139.309799 -52.920292 226.539032
v 112.777367 -40.467464 186.778366
v 122.415451 -40.749523 192.618530
v 121.505676 -42.598728 198.315094
v 120.152153 -44.978943 203.106125
v 135.114487 -44.640663 224.910721
v 135.090622 -46.317799 227.031219
v 109.966331 -38.562263 185.980179
v 108.255463 -40.089352 190.444092
v 108.423378 -41.677719 195.536484
v 107.419228 -44.522278 199.187820
v 122.421478 -45.521610 224.199432
v 121.834442 -45.977154 223.804535
v 95.362236 -39.755676 187.678406
v 94.073891 -42.249802 191.783356
v 94.688904 -43.972816 196.195587
v 95.903107 -45.682323 200.444305
v 99.428520 -44.867115 207.513626
v 111.632965 -45.426270 218.650299
v 82.737350 -39.934006 185.472580
v 81.440506 -42.086342 189.819992
v 84.352852 -43.768620 194.853653
v 84.775040 -45.617012 199.721359
v 91.030205 -43.965931 204.305222
v 86.367523 -46.989281 208.861923
v 84.006424 -49.101562 212.942764
v 70.815453 -39.733669 184.417816
v 69.629166 -42.307869 188.930191
v 69.126099 -44.603767 194.517303
v 72.676521 -46.523182 196.118042
v 76.653992 -46.919971 210.332657
v 81.933792 -48.558628 211.612076
v 58.663208 -39.987061 183.756958
v 55.294044 -43.083393 188.987656
v 59.802555 -45.565418 191.933060
v 63.130634 -46.191856 212.898972
v 57.765331 -46.340572 217.686432
v 39.590286 -38.611992 178.817154
v 43.562748 -39.799339 182.803543
v 41.492359 -44.435497 189.691803
v 48.534279 -47.893078 217.099304
v 55.230743 -44.672726 220.399719
v 33.589321 -39.480587 177.959106
v 28.573732 -43.354259 185.467728
v 33.278263 -45.748192 191.010910
v 36.413918 -49.137775 218.722733
v 19.166302 -41.615517 180.254181
v 18.291002 -45.983231 184.474228
v 13.408727 -53.740768 212.988159
v 19.031866 -50.607616 218.413269
v 8.769407 -42.697578 178.589661
v -0.222818 -47.771496 182.880936
v -2.845446 -53.592644 203.898666
v 1.635062 -52.228134 211.869736
v 4.380362 -49.311455 218.265564
v -2.777141 -43.342697 178.463425
v -11.265594 -48.926678 181.213852
v -11.257149 -52.074341 204.615921
v -13.950779 -48.613857 211.108521
v -3.550613 -46.951210 218.307907
v -14.632913 -44.836964 178.076447
v -19.538269 -50.199539 181.136139
v -23.556204 -51.173813 202.465408
v -27.339367 -46.528355 208.677856
v -27.908201 -46.009144 211.614410
v -29.922161 -43.057907 175.206284
v -23.983873 -44.583984 175.936737
v -34.513367 -49.735199 200.715820
v -35.757931 -47.511196 206.081726
v -36.500145 -46.339775 210.719055
v -29.339819 -42.735214 174.542603
v -34.364674 -45.239281 177.231110
v -43.296238 -48.329716 200.010803
v -51.448547 -48.093136 204.451050
v -48.789291 -45.915783 210.111740
v -42.776592 -43.190372 179.402939
v -49.255951 -45.504543 182.161255
v -52.414597 -46.658699 186.956406
v -56.585800 -48.504131 192.663101
v -65.983772 -49.431072 201.566818
v -65.994423 -48.005386 205.164078
v -61.774048 -45.377640 212.862167
v -52.905376 -41.807461 182.350922
v -57.555637 -43.059822 187.330399
v -62.313393 -44.602406 192.809204
v -68.004837 -46.776649 197.738144
v -74.532928 -47.624512 203.589844
v -74.281837 -46.453709 211.225250
v -75.593063 -44.758530 216.172455
v -71.555702 -43.013878 198.295975
v -78.037071 -45.043198 203.524490
v -82.551140 -45.669922 208.772049
v -85.075508 -45.825512 215.508255
v -91.458977 -44.229572 221.185638
v -99.897568 -45.531841 228.435455
v -86.846901 -43.169743 208.309448
v -91.351822 -44.379539 214.225540
v -95.845909 -45.396084 219.823929
v -100.476868 -46.341503 226.408157
v -109.199532 -45.952213 233.152557
v -112.520172 -46.718597 243.091537
v -118.045776 -47.695389 248.488800
v -107.614120 -45.653404 225.557129
v -115.369522 -47.508453 230.813538
v -120.674698 -48.773487 237.617844
v -124.205475 -49.832333 246.243134
v -133.478485 -49.863655 255.665558
v -138.554367 -49.984806 259.296387
v -130.038910 -48.519798 235.217087
v -135.463486 -50.353504 241.158096
v -143.462814 -52.492153 248.067276
v -140.820740 -53.881306 256.386078
v -150.544327 -52.586018 264.328522
v -154.960999 -56.761147 276.558411
v -160.141785 -66.479523 285.284424
v -141.103287 -47.650593 237.788391
v -145.111893 -49.999329 243.735229
v -150.411560 -54.059006 247.583755
v -174.054367 -62.677391 278.053253
v -172.305313 -64.021370 285.311829
v -153.050308 -47.693954 243.524475
v -158.370209 -51.091835 248.463501
v -164.497070 -54.117016 255.481049
v -171.116760 -56.517532 264.192505
v -176.362411 -58.846741 272.556213
v -181.203522 -70.256355 278.506836
v 134.938553 -51.705788 204.724091
v 134.553192 -48.702499 208.438110
v 138.559036 -51.460201 214.708359
v 144.841843 -56.879707 220.602997
v 141.404404 -61.997250 224.187866
v 131.146698 -46.920578 203.629181
v 130.289474 -49.111378 208.214813
v 127.256004 -51.449669 212.904205
v 130.970337 -52.265537 220.093979
v 135.905243 -55.188660 225.506836
v 118.127380 -47.936821 205.377533
v 116.737671 -50.175999 210.361557
v 120.272934 -49.490791 218.389755
v 113.309364 -50.023167 218.790344
v 105.651573 -47.103264 201.541626
v 106.929909 -48.916622 207.145981
v 108.580826 -49.294857 213.734192
v 110.741585 -48.661999 219.106613
v 83.265877 -48.580048 197.623734
v 85.151497 -50.053623 200.856796
v 86.692131 -51.413399 206.186401
v 83.718285 -51.249771 210.552887
v 70.065811 -48.356857 194.027893
v 73.438347 -49.320431 198.108643
v 75.884361 -52.557911 200.767593
v 74.796104 -51.181683 207.840286
v 81.381920 -49.947014 212.801498
v 56.287472 -47.139126 190.579590
v 60.125748 -48.640682 194.535034
v 61.673203 -51.954983 197.823349
v 62.933033 -53.043682 203.604279
v 64.866653 -52.193798 208.084732
v 50.278751 -47.903332 191.540543
v 48.341496 -51.155422 195.709869
v 49.467579 -52.685364 201.463821
v 50.026070 -53.764278 206.819778
v 50.667542 -52.765217 211.854050
v 29.614191 -48.517784 188.646103
v 34.494869 -50.614914 191.614365
v 39.276405 -53.138210 198.192108
v 35.383671 -55.735317 205.218216
v 36.929813 -55.297955 209.627762
v 36.992130 -53.560432 214.997681
v 14.775777 -48.036728 182.807297
v 19.329679 -50.295326 186.505646
v 21.400648 -53.327698 190.972977
v 21.908091 -57.597462 205.633835
v 20.057491 -55.763794 212.921722
v 28.712662 -53.244518 215.819321
v 11.545506 -47.756203 181.137756
v 6.325039 -51.749973 185.270859
v 4.664482 -55.042633 190.397797
v 5.242187 -56.545803 195.797318
v 6.413514 -57.573444 204.460281
v 11.905478 -54.532200 208.434464
v -3.375101 -52.024960 184.521790
v -5.165551 -54.530663 188.292847
v -5.389968 -54.828541 194.716248
v -6.823563 -53.721428 199.715363
v -21.617443 -51.470821 179.327164
v -16.276930 -54.110806 181.191727
v -15.951478 -54.617451 186.057724
v -17.680542 -53.668625 191.814056
v -19.055588 -52.343494 197.298187
v -23.161318 -50.039448 176.899551
v -25.909403 -52.147381 179.351105
v -25.446453 -52.297630 183.982117
v -27.707787 -52.297020 190.442230
v -30.616371 -51.288589 194.762253
v -30.228262 -48.360893 177.673767
v -33.141933 -49.817783 180.074295
v -35.628941 -51.166080 184.545105
v -38.842178 -52.053528 189.940857
v -47.584213 -50.569447 196.028473
v -49.100239 -51.063080 199.183792
v -39.237137 -46.845055 178.436462
v -42.848408 -48.360645 181.859894
v -45.860966 -50.116898 187.248535
v -50.994892 -52.067917 191.388123
v -61.482304 -51.029484 199.168198
v -53.593628 -49.934059 201.258026
v -61.677994 -50.507103 196.764343
v -65.909798 -49.770786 199.638718
v -146.554260 -61.100414 251.596741
v -145.944519 -59.209023 257.416443
v -151.380875 -61.488731 266.898193
v -155.489319 -68.285286 278.226044
v -165.477798 -85.341232 282.883636
v -150.212708 -59.241436 252.100769
v -156.211746 -62.900349 257.949677
v -162.294754 -66.433060 267.424744
v -168.442871 -73.013367 277.421234
v -172.112427 -75.154305 285.269196
v -161.053909 -58.746189 251.724487
v -167.384766 -61.761330 258.785339
v -174.357483 -65.271729 267.742310
v -181.467499 -72.168007 277.235687
v -184.966461 -85.478012 281.708252
v 140.431686 -65.849121 214.874969
v 140.789505 -65.332146 217.815277
v 138.181366 -72.774445 221.132004
v 135.713593 -58.838486 215.272461
v 134.376755 -62.592525 220.086609
v 135.609985 -69.684738 223.097565
v 33.304672 -55.771763 194.562729
v 33.657074 -57.323891 198.415268
v 31.395031 -59.180729 201.832077
v 16.904545 -55.653534 189.419388
v 21.680931 -55.528973 192.925827
v 23.097366 -60.027039 198.296417
v 23.862194 -58.811775 202.763626
v 14.563066 -55.678364 188.099609
v 14.130156 -58.468842 193.762589
v 13.082501 -59.788174 199.299789
v 12.974474 -59.281921 202.028152
v -21.192234 -59.580616 182.394974
v -22.896753 -61.000072 185.430939
v -21.272488 -56.789883 181.847610
v -25.068226 -58.417267 184.561920
f 1 2 95
f 2 96 95
f 1 95 104
f 1 104 5
f 1 6 2
f 1 5 6
f 2 3 96
f 3 97 96
f 2 7 3
f 2 6 7
f 3 4 97
f 4 98 97
f 3 8 4
f 3 7 8
f 4 105 98
f 4 8 105
f 5 104 112
f 5 112 11
f 5 12 6
f 5 11 12
f 6 13 7
f 6 12 13
f 7 14 8
f 7 13 14
f 8 9 105
f 9 106 105
f 8 15 9
f 8 14 15
f 9 113 106
f 9 15 113
f 10 11 111
f 11 112 111
f 10 111 118
f 10 118 16
f 10 17 11
f 10 16 17
f 11 18 12
f 11 17 18
f 12 19 13
f 12 18 19
f 13 20 14
f 13 19 20
f 14 21 15
f 14 20 21
f 15 119 113
f 15 21 119
f 16 118 125
f 16 125 24
f 16 25 17
f 16 24 25
f 17 26 18
f 17 25 26
f 18 27 19
f 18 26 27
f 19 28 20
f 19 27 28
f 20 29 21
f 20 28 29
f 21 22 119
f 22 120 119
f 21 30 22
f 21 29 30
f 22 126 120
f 22 30 126
f 23 24 124
f 24 125 124
f 23 124 130
f 23 130 31
f 23 32 24
f 23 31 32
f 24 33 25
f 24 32 33
f 25 34 26
f 25 33 34
f 26 35 27
f 26 34 35
f 27 36 28
f 27 35 36
f 28 37 29
f 28 36 37
f 29 38 30
f 29 37 38
f 131 132 38
f 131 38 37
f 30 132 126
f 30 38 132
f 31 130 139
f 31 139 42
f 31 43 32
f 31 42 43
f 32 44 33
f 32 43 44
f 33 45 34
f 33 44 45
f 34 46 35
f 34 45 46
f 35 47 36
f 35 46 47
f 36 48 37
f 36 47 48
f 140 141 48
f 140 48 47
f 37 141 131
f 37 48 141
f 39 40 136
f 40 137 136
f 39 136 146
f 39 146 49
f 39 50 40
f 39 49 50
f 40 41 137
f 41 138 137
f 40 51 41
f 40 50 51
f 41 42 138
f 42 139 138
f 41 52 42
f 41 51 52
f 42 53 43
f 42 52 53
f 43 54 44
f 43 53 54
f 44 55 45
f 44 54 55
f 45 56 46
f 45 55 56
f 46 57 47
f 46 56 57
f 147 148 57
f 147 57 56
f 47 148 140
f 47 57 148
f 49 146 154
f 49 154 60
f 49 61 50
f 49 60 61
f 50 62 51
f 50 61 62
f 51 63 52
f 51 62 63
f 52 64 53
f 52 63 64
f 53 65 54
f 53 64 65
f 54 66 55
f 54 65 66
f 155 156 66
f 155 66 65
f 55 67 56
f 55 66 67
f 156 157 67
f 156 67 66
f 56 157 147
f 56 67 157
f 58 59 152
f 59 153 152
f 58 152 161
f 58 161 68
f 58 69 59
f 58 68 69
f 161 162 69
f 161 69 68
f 59 60 153
f 60 154 153
f 59 70 60
f 59 69 70
f 60 71 61
f 60 70 71
f 61 72 62
f 61 71 72
f 62 73 63
f 62 72 73
f 63 74 64
f 63 73 74
f 64 75 65
f 64 74 75
f 163 164 75
f 163 75 74
f 65 164 155
f 65 75 164
f 69 162 168
f 69 168 76
f 69 77 70
f 69 76 77
f 168 169 77
f 168 77 76
f 70 78 71
f 70 77 78
f 169 170 78
f 169 78 77
f 71 79 72
f 71 78 79
f 170 171 79
f 170 79 78
f 72 80 73
f 72 79 80
f 171 172 80
f 171 80 79
f 73 81 74
f 73 80 81
f 172 173 81
f 172 81 80
f 74 173 163
f 74 81 173
f 82 83 190
f 83 191 190
f 82 190 199
f 82 199 87
f 82 88 83
f 82 87 88
f 83 84 191
f 84 192 191
f 83 89 84
f 83 88 89
f 84 200 192
f 84 89 200
f 85 86 197
f 86 198 197
f 85 197 206
f 85 206 93
f 85 94 86
f 85 93 94
f 86 87 198
f 87 199 198
f 86 95 87
f 86 94 95
f 87 96 88
f 87 95 96
f 88 97 89
f 88 96 97
f 89 90 200
f 90 201 200
f 89 98 90
f 89 97 98
f 90 91 201
f 91 202 201
f 90 99 91
f 90 98 99
f 91 207 202
f 91 99 207
f 92 93 205
f 93 206 205
f 92 205 211
f 92 211 101
f 92 102 93
f 92 101 102
f 211 212 102
f 211 102 101
f 93 103 94
f 93 102 103
f 94 104 95
f 94 103 104
f 98 106 99
f 98 105 106
f 99 100 207
f 100 208 207
f 99 107 100
f 99 106 107
f 100 213 208
f 100 107 213
f 102 212 219
f 102 219 110
f 102 111 103
f 102 110 111
f 103 112 104
f 103 111 112
f 106 114 107
f 106 113 114
f 107 220 213
f 107 114 220
f 108 109 217
f 109 218 217
f 108 217 224
f 108 224 115
f 108 116 109
f 108 115 116
f 224 225 116
f 224 116 115
f 109 110 218
f 110 219 218
f 109 117 110
f 109 116 117
f 225 226 117
f 225 117 116
f 110 118 111
f 110 117 118
f 113 120 114
f 113 119 120
f 114 227 220
f 114 120 227
f 117 226 233
f 117 233 124
f 117 125 118
f 117 124 125
f 120 234 227
f 120 126 234
f 121 122 230
f 122 231 230
f 121 230 237
f 121 237 127
f 121 128 122
f 121 127 128
f 122 123 231
f 123 232 231
f 122 129 123
f 122 128 129
f 123 124 232
f 124 233 232
f 123 130 124
f 123 129 130
f 238 239 132
f 238 132 131
f 126 239 234
f 126 132 239
f 127 237 244
f 127 244 136
f 127 137 128
f 127 136 137
f 128 138 129
f 128 137 138
f 129 139 130
f 129 138 139
f 245 246 141
f 245 141 140
f 131 246 238
f 131 141 246
f 133 134 241
f 134 242 241
f 133 241 249
f 133 249 143
f 133 144 134
f 133 143 144
f 134 135 242
f 135 243 242
f 134 145 135
f 134 144 145
f 135 136 243
f 136 244 243
f 135 146 136
f 135 145 146
f 250 251 148
f 250 148 147
f 140 251 245
f 140 148 251
f 142 143 248
f 143 249 248
f 142 248 253
f 142 253 150
f 142 151 143
f 142 150 151
f 143 152 144
f 143 151 152
f 144 153 145
f 144 152 153
f 145 154 146
f 145 153 154
f 254 255 156
f 254 156 155
f 255 256 157
f 255 157 156
f 147 256 250
f 147 157 256
f 149 150 252
f 150 253 252
f 149 252 257
f 149 257 158
f 149 159 150
f 149 158 159
f 257 258 159
f 257 159 158
f 150 160 151
f 150 159 160
f 151 161 152
f 151 160 161
f 259 260 164
f 259 164 163
f 155 260 254
f 155 164 260
f 159 258 263
f 159 263 165
f 159 166 160
f 159 165 166
f 160 167 161
f 160 166 167
f 161 168 162
f 161 167 168
f 264 265 173
f 264 173 172
f 163 265 259
f 163 173 265
f 165 263 267
f 165 267 174
f 165 175 166
f 165 174 175
f 267 268 175
f 267 175 174
f 166 176 167
f 166 175 176
f 268 269 176
f 268 176 175
f 167 177 168
f 167 176 177
f 168 178 169
f 168 177 178
f 169 179 170
f 169 178 179
f 170 180 171
f 170 179 180
f 270 271 180
f 270 180 179
f 171 181 172
f 171 180 181
f 271 272 181
f 271 181 180
f 172 272 264
f 172 181 272
f 176 269 275
f 176 275 182
f 176 183 177
f 176 182 183
f 275 276 183
f 275 183 182
f 177 184 178
f 177 183 184
f 276 277 184
f 276 184 183
f 178 185 179
f 178 184 185
f 277 278 185
f 277 185 184
f 179 278 270
f 179 185 278
f 186 187 284
f 187 285 284
f 186 284 296
f 186 296 195
f 186 196 187
f 186 195 196
f 187 188 285
f 188 286 285
f 187 197 188
f 187 196 197
f 188 189 286
f 189 287 286
f 188 198 189
f 188 197 198
f 189 190 287
f 190 288 287
f 189 199 190
f 189 198 199
f 190 191 288
f 191 289 288
f 191 192 289
f 192 290 289
f 192 193 290
f 193 291 290
f 192 201 193
f 192 200 201
f 193 297 291
f 193 201 297
f 194 195 295
f 195 296 295
f 194 295 302
f 194 302 203
f 194 204 195
f 194 203 204
f 195 205 196
f 195 204 205
f 196 206 197
f 196 205 206
f 201 202 297
f 202 298 297
f 297 298 303
f 298 304 303
f 202 304 298
f 202 207 304
f 203 302 309
f 203 309 209
f 203 210 204
f 203 209 210
f 204 211 205
f 204 210 211
f 207 208 304
f 208 305 304
f 304 305 310
f 305 311 310
f 208 311 305
f 208 213 311
f 209 309 314
f 209 314 216
f 209 217 210
f 209 216 217
f 210 218 211
f 210 217 218
f 211 219 212
f 211 218 219
f 213 315 311
f 213 220 315
f 214 215 312
f 215 313 312
f 214 312 316
f 214 316 221
f 214 222 215
f 214 221 222
f 316 317 222
f 316 222 221
f 215 216 313
f 216 314 313
f 215 223 216
f 215 222 223
f 317 318 223
f 317 223 222
f 216 224 217
f 216 223 224
f 220 319 315
f 220 227 319
f 223 318 323
f 223 323 230
f 223 231 224
f 223 230 231
f 224 232 225
f 224 231 232
f 225 233 226
f 225 232 233
f 227 325 319
f 227 234 325
f 228 229 321
f 229 322 321
f 228 321 327
f 228 327 235
f 228 236 229
f 228 235 236
f 229 230 322
f 230 323 322
f 229 237 230
f 229 236 237
f 324 325 328
f 325 329 328
f 328 329 239
f 328 239 238
f 234 329 325
f 234 239 329
f 235 327 334
f 235 334 242
f 235 243 236
f 235 242 243
f 236 244 237
f 236 243 244
f 336 337 246
f 336 246 245
f 238 337 328
f 238 246 337
f 240 241 332
f 241 333 332
f 240 332 340
f 240 340 248
f 240 249 241
f 240 248 249
f 241 242 333
f 242 334 333
f 335 336 341
f 336 342 341
f 341 342 251
f 341 251 250
f 245 342 336
f 245 251 342
f 247 248 339
f 248 340 339
f 247 339 343
f 247 343 252
f 247 253 248
f 247 252 253
f 345 346 256
f 345 256 255
f 250 346 341
f 250 256 346
f 252 343 347
f 252 347 257
f 344 345 349
f 345 350 349
f 254 261 255
f 254 260 261
f 349 350 261
f 349 261 260
f 255 350 345
f 255 261 350
f 257 347 351
f 257 351 262
f 257 263 258
f 257 262 263
f 351 352 263
f 351 263 262
f 353 354 265
f 353 265 264
f 348 349 354
f 349 355 354
f 259 266 260
f 259 265 266
f 354 355 266
f 354 266 265
f 260 355 349
f 260 266 355
f 263 352 357
f 263 357 267
f 359 360 272
f 359 272 271
f 264 360 353
f 264 272 360
f 267 357 362
f 267 362 273
f 267 274 268
f 267 273 274
f 362 363 274
f 362 274 273
f 268 275 269
f 268 274 275
f 363 364 275
f 363 275 274
f 364 365 276
f 364 276 275
f 365 366 277
f 365 277 276
f 366 367 278
f 366 278 277
f 358 359 367
f 359 368 367
f 270 279 271
f 270 278 279
f 367 368 279
f 367 279 278
f 271 368 359
f 271 279 368
f 280 281 385
f 281 386 385
f 280 385 400
f 280 400 292
f 280 293 281
f 280 292 293
f 281 282 386
f 282 387 386
f 281 294 282
f 281 293 294
f 282 283 387
f 283 388 387
f 282 295 283
f 282 294 295
f 283 284 388
f 284 389 388
f 283 296 284
f 283 295 296
f 284 285 389
f 285 390 389
f 285 286 390
f 286 391 390
f 286 287 391
f 287 392 391
f 287 288 392
f 288 393 392
f 288 289 393
f 289 394 393
f 289 290 394
f 290 395 394
f 290 291 395
f 291 396 395
f 395 396 401
f 396 402 401
f 291 402 396
f 291 297 402
f 292 400 406
f 292 406 299
f 292 300 293
f 292 299 300
f 293 301 294
f 293 300 301
f 294 302 295
f 294 301 302
f 297 407 402
f 297 303 407
f 299 406 413
f 299 413 306
f 299 307 300
f 299 306 307
f 413 414 307
f 413 307 306
f 300 308 301
f 300 307 308
f 301 309 302
f 301 308 309
f 303 304 407
f 304 408 407
f 304 415 408
f 304 310 415
f 307 414 420
f 307 420 312
f 307 313 308
f 307 312 313
f 308 314 309
f 308 313 314
f 310 311 415
f 311 416 415
f 311 421 416
f 311 315 421
f 312 420 425
f 312 425 316
f 425 426 317
f 425 317 316
f 315 427 421
f 315 319 427
f 317 426 433
f 317 433 322
f 317 323 318
f 317 322 323
f 434 435 325
f 434 325 324
f 319 435 427
f 319 325 435
f 320 321 431
f 321 432 431
f 320 431 439
f 320 439 326
f 320 327 321
f 320 326 327
f 321 322 432
f 322 433 432
f 324 440 434
f 324 328 440
f 326 439 445
f 326 445 333
f 326 334 327
f 326 333 334
f 446 447 336
f 446 336 335
f 447 448 337
f 447 337 336
f 328 448 440
f 328 337 448
f 330 331 442
f 331 443 442
f 330 442 450
f 330 450 338
f 330 339 331
f 330 338 339
f 450 451 339
f 450 339 338
f 331 332 443
f 332 444 443
f 331 340 332
f 331 339 340
f 332 333 444
f 333 445 444
f 335 452 446
f 335 341 452
f 339 451 456
f 339 456 343
f 457 458 345
f 457 345 344
f 458 459 346
f 458 346 345
f 341 459 452
f 341 346 459
f 343 456 461
f 343 461 347
f 462 463 349
f 462 349 348
f 344 463 457
f 344 349 463
f 347 461 466
f 347 466 351
f 467 468 354
f 467 354 353
f 348 468 462
f 348 354 468
f 351 466 469
f 351 469 356
f 351 357 352
f 351 356 357
f 470 471 359
f 470 359 358
f 471 472 360
f 471 360 359
f 353 472 467
f 353 360 472
f 356 469 475
f 356 475 361
f 356 362 357
f 356 361 362
f 475 476 362
f 475 362 361
f 477 478 364
f 477 364 363
f 478 479 365
f 478 365 364
f 479 480 366
f 479 366 365
f 480 481 367
f 480 367 366
f 358 481 470
f 358 367 481
f 362 476 485
f 362 485 369
f 362 370 363
f 362 369 370
f 485 486 370
f 485 370 369
f 363 486 477
f 363 370 486
f 371 372 496
f 372 497 496
f 371 496 512
f 371 512 383
f 371 384 372
f 371 383 384
f 372 373 497
f 373 498 497
f 372 385 373
f 372 384 385
f 373 374 498
f 374 499 498
f 373 386 374
f 373 385 386
f 374 375 499
f 375 500 499
f 374 387 375
f 374 386 387
f 375 376 500
f 376 501 500
f 375 388 376
f 375 387 388
f 376 377 501
f 377 502 501
f 376 389 377
f 376 388 389
f 377 378 502
f 378 503 502
f 377 390 378
f 377 389 390
f 378 379 503
f 379 504 503
f 378 391 379
f 378 390 391
f 379 380 504
f 380 505 504
f 504 505 513
f 505 514 513
f 379 392 380
f 379 391 392
f 380 381 505
f 381 506 505
f 505 506 514
f 506 515 514
f 380 393 381
f 380 392 393
f 381 515 506
f 381 393 515
f 382 383 511
f 383 512 511
f 382 511 524
f 382 524 397
f 382 398 383
f 382 397 398
f 383 399 384
f 383 398 399
f 384 400 385
f 384 399 400
f 393 394 515
f 394 516 515
f 394 395 516
f 395 517 516
f 395 525 517
f 395 401 525
f 397 524 532
f 397 532 403
f 397 404 398
f 397 403 404
f 398 405 399
f 398 404 405
f 399 406 400
f 399 405 406
f 401 402 525
f 402 526 525
f 402 533 526
f 402 407 533
f 403 532 541
f 403 541 410
f 403 411 404
f 403 410 411
f 541 542 411
f 541 411 410
f 404 412 405
f 404 411 412
f 542 543 412
f 542 412 411
f 405 413 406
f 405 412 413
f 407 408 533
f 408 534 533
f 408 409 534
f 409 535 534
f 408 416 409
f 408 415 416
f 409 544 535
f 409 416 544
f 412 543 552
f 412 552 418
f 412 419 413
f 412 418 419
f 413 420 414
f 413 419 420
f 416 558 544
f 416 421 558
f 417 418 551
f 418 552 551
f 417 551 563
f 417 563 422
f 417 423 418
f 417 422 423
f 418 424 419
f 418 423 424
f 553 554 564
f 554 565 564
f 419 425 420
f 419 424 425
f 554 555 565
f 555 566 565
f 555 556 566
f 556 567 566
f 556 557 567
f 557 568 567
f 421 569 558
f 421 427 569
f 422 563 574
f 422 574 429
f 422 430 423
f 422 429 430
f 423 431 424
f 423 430 431
f 424 432 425
f 424 431 432
f 425 433 426
f 425 432 433
f 575 576 435
f 575 435 434
f 427 576 569
f 427 435 576
f 428 429 573
f 429 574 573
f 428 573 579
f 428 579 436
f 428 437 429
f 428 436 437
f 429 438 430
f 429 437 438
f 430 439 431
f 430 438 439
f 434 580 575
f 434 440 580
f 436 579 584
f 436 584 442
f 436 443 437
f 436 442 443
f 437 444 438
f 437 443 444
f 438 445 439
f 438 444 445
f 586 587 448
f 586 448 447
f 440 587 580
f 440 448 587
f 441 442 583
f 442 584 583
f 441 583 590
f 441 590 449
f 441 450 442
f 441 449 450
f 585 586 591
f 586 592 591
f 446 453 447
f 446 452 453
f 591 592 453
f 591 453 452
f 447 592 586
f 447 453 592
f 449 590 594
f 449 594 454
f 449 455 450
f 449 454 455
f 594 595 455
f 594 455 454
f 450 456 451
f 450 455 456
f 597 598 459
f 597 459 458
f 452 598 591
f 452 459 598
f 455 595 599
f 455 599 460
f 455 461 456
f 455 460 461
f 600 601 463
f 600 463 462
f 596 597 601
f 597 602 601
f 457 464 458
f 457 463 464
f 601 602 464
f 601 464 463
f 458 602 597
f 458 464 602
f 460 599 603
f 460 603 465
f 460 466 461
f 460 465 466
f 603 604 466
f 603 466 465
f 605 606 468
f 605 468 467
f 462 606 600
f 462 468 606
f 466 604 609
f 466 609 469
f 610 611 471
f 610 471 470
f 611 612 472
f 611 472 471
f 467 612 605
f 467 472 612
f 469 609 616
f 469 616 475
f 617 618 480
f 617 480 479
f 618 619 481
f 618 481 480
f 470 619 610
f 470 481 619
f 473 474 614
f 474 615 614
f 473 614 621
f 473 621 482
f 473 483 474
f 473 482 483
f 621 622 483
f 621 483 482
f 474 475 615
f 475 616 615
f 474 484 475
f 474 483 484
f 622 623 484
f 622 484 483
f 475 485 476
f 475 484 485
f 477 487 478
f 477 486 487
f 624 625 487
f 624 487 486
f 478 488 479
f 478 487 488
f 625 626 488
f 625 488 487
f 479 626 617
f 479 488 626
f 484 623 631
f 484 631 489
f 484 490 485
f 484 489 490
f 631 632 490
f 631 490 489
f 485 491 486
f 485 490 491
f 632 633 491
f 632 491 490
f 486 633 624
f 486 491 633
f 492 493 648
f 493 649 648
f 492 648 667
f 492 667 508
f 492 509 493
f 492 508 509
f 493 494 649
f 494 650 649
f 493 510 494
f 493 509 510
f 494 495 650
f 495 651 650
f 494 511 495
f 494 510 511
f 495 496 651
f 496 652 651
f 495 512 496
f 495 511 512
f 496 497 652
f 497 653 652
f 497 498 653
f 498 654 653
f 498 499 654
f 499 655 654
f 499 500 655
f 500 656 655
f 500 501 656
f 501 657 656
f 501 502 657
f 502 658 657
f 502 503 658
f 503 659 658
f 503 504 659
f 504 660 659
f 504 668 660
f 504 513 668
f 507 508 666
f 508 667 666
f 507 666 677
f 507 677 520
f 507 521 508
f 507 520 521
f 508 522 509
f 508 521 522
f 509 523 510
f 509 522 523
f 510 524 511
f 510 523 524
f 513 514 668
f 514 669 668
f 514 515 669
f 515 670 669
f 515 516 670
f 516 671 670
f 516 517 671
f 517 672 671
f 517 518 672
f 518 673 672
f 517 526 518
f 517 525 526
f 518 678 673
f 518 526 678
f 519 520 676
f 520 677 676
f 519 676 682
f 519 682 527
f 519 528 520
f 519 527 528
f 682 683 528
f 682 528 527
f 520 529 521
f 520 528 529
f 683 684 529
f 683 529 528
f 521 530 522
f 521 529 530
f 522 531 523
f 522 530 531
f 523 532 524
f 523 531 532
f 526 685 678
f 526 533 685
f 529 684 692
f 529 692 538
f 529 539 530
f 529 538 539
f 530 540 531
f 530 539 540
f 531 541 532
f 531 540 541
f 533 534 685
f 534 686 685
f 534 535 686
f 535 687 686
f 535 693 687
f 535 544 693
f 536 537 690
f 537 691 690
f 536 690 696
f 536 696 545
f 536 546 537
f 536 545 546
f 696 697 546
f 696 546 545
f 537 538 691
f 538 692 691
f 537 547 538
f 537 546 547
f 697 698 547
f 697 547 546
f 538 548 539
f 538 547 548
f 698 699 548
f 698 548 547
f 539 549 540
f 539 548 549
f 540 550 541
f 540 549 550
f 541 551 542
f 541 550 551
f 542 552 543
f 542 551 552
f 700 701 554
f 700 554 553
f 701 702 555
f 701 555 554
f 702 703 556
f 702 556 555
f 703 704 557
f 703 557 556
f 544 705 693
f 544 558 705
f 548 699 711
f 548 711 560
f 548 561 549
f 548 560 561
f 549 562 550
f 549 561 562
f 550 563 551
f 550 562 563
f 553 712 700
f 553 564 712
f 557 704 716
f 557 716 568
f 558 717 705
f 558 569 717
f 559 560 710
f 560 711 710
f 559 710 722
f 559 722 570
f 559 571 560
f 559 570 571
f 722 723 571
f 722 571 570
f 560 572 561
f 560 571 572
f 723 724 572
f 723 572 571
f 561 573 562
f 561 572 573
f 562 574 563
f 562 573 574
f 564 565 712
f 565 713 712
f 565 566 713
f 566 714 713
f 566 567 714
f 567 715 714
f 567 568 715
f 568 716 715
f 725 726 576
f 725 576 575
f 569 726 717
f 569 576 726
f 572 724 732
f 572 732 578
f 572 579 573
f 572 578 579
f 575 733 725
f 575 580 733
f 577 578 731
f 578 732 731
f 577 731 738
f 577 738 582
f 577 583 578
f 577 582 583
f 578 584 579
f 578 583 584
f 739 740 586
f 739 586 585
f 740 741 587
f 740 587 586
f 580 741 733
f 580 587 741
f 581 582 737
f 582 738 737
f 581 737 745
f 581 745 588
f 581 589 582
f 581 588 589
f 745 746 589
f 745 589 588
f 582 590 583
f 582 589 590
f 585 747 739
f 585 591 747
f 589 746 752
f 589 752 593
f 589 594 590
f 589 593 594
f 752 753 594
f 752 594 593
f 753 754 595
f 753 595 594
f 755 756 597
f 755 597 596
f 756 757 598
f 756 598 597
f 591 757 747
f 591 598 757
f 595 754 760
f 595 760 599
f 761 762 601
f 761 601 600
f 596 762 755
f 596 601 762
f 599 760 766
f 599 766 603
f 767 768 606
f 767 606 605
f 600 768 761
f 600 606 768
f 603 766 770
f 603 770 608
f 603 609 604
f 603 608 609
f 771 772 611
f 771 611 610
f 772 773 612
f 772 612 611
f 605 773 767
f 605 612 773
f 607 608 769
f 608 770 769
f 607 769 776
f 607 776 614
f 607 615 608
f 607 614 615
f 608 616 609
f 608 615 616
f 777 778 619
f 777 619 618
f 610 778 771
f 610 619 778
f 613 614 775
f 614 776 775
f 613 775 780
f 613 780 620
f 613 621 614
f 613 620 621
f 617 627 618
f 617 626 627
f 781 782 627
f 781 627 626
f 618 782 777
f 618 627 782
f 620 780 784
f 620 784 628
f 620 629 621
f 620 628 629
f 784 785 629
f 784 629 628
f 621 630 622
f 621 629 630
f 785 786 630
f 785 630 629
f 622 631 623
f 622 630 631
f 786 787 631
f 786 631 630
f 787 788 632
f 787 632 631
f 788 789 633
f 788 633 632
f 624 634 625
f 624 633 634
f 789 790 634
f 789 634 633
f 625 635 626
f 625 634 635
f 790 791 635
f 790 635 634
f 626 791 781
f 626 635 791
f 636 637 815
f 637 816 815
f 636 815 833
f 636 833 650
f 636 651 637
f 636 650 651
f 637 638 816
f 638 817 816
f 637 652 638
f 637 651 652
f 638 639 817
f 639 818 817
f 638 653 639
f 638 652 653
f 639 640 818
f 640 819 818
f 639 654 640
f 639 653 654
f 640 641 819
f 641 820 819
f 640 655 641
f 640 654 655
f 641 642 820
f 642 821 820
f 641 656 642
f 641 655 656
f 642 643 821
f 643 822 821
f 642 657 643
f 642 656 657
f 643 644 822
f 644 823 822
f 643 658 644
f 643 657 658
f 644 645 823
f 645 824 823
f 644 659 645
f 644 658 659
f 645 834 824
f 645 659 834
f 646 647 829
f 647 830 829
f 646 829 841
f 646 841 665
f 646 666 647
f 646 665 666
f 647 648 830
f 648 831 830
f 647 667 648
f 647 666 667
f 648 649 831
f 649 832 831
f 649 650 832
f 650 833 832
f 659 660 834
f 660 835 834
f 660 661 835
f 661 836 835
f 660 669 661
f 660 668 669
f 661 662 836
f 662 837 836
f 661 670 662
f 661 669 670
f 662 842 837
f 662 670 842
f 663 664 839
f 664 840 839
f 663 839 846
f 663 846 674
f 663 675 664
f 663 674 675
f 664 665 840
f 665 841 840
f 664 676 665
f 664 675 676
f 665 677 666
f 665 676 677
f 670 671 842
f 671 843 842
f 671 672 843
f 672 844 843
f 672 673 844
f 673 845 844
f 673 847 845
f 673 678 847
f 674 846 849
f 674 849 680
f 674 681 675
f 674 680 681
f 675 682 676
f 675 681 682
f 678 679 847
f 679 848 847
f 678 686 679
f 678 685 686
f 679 850 848
f 679 686 850
f 680 849 852
f 680 852 688
f 680 689 681
f 680 688 689
f 681 690 682
f 681 689 690
f 682 691 683
f 682 690 691
f 683 692 684
f 683 691 692
f 686 687 850
f 687 851 850
f 687 853 851
f 687 693 853
f 688 852 854
f 688 854 694
f 688 695 689
f 688 694 695
f 689 696 690
f 689 695 696
f 693 855 853
f 693 705 855
f 694 854 856
f 694 856 706
f 694 707 695
f 694 706 707
f 695 708 696
f 695 707 708
f 696 709 697
f 696 708 709
f 697 710 698
f 697 709 710
f 698 711 699
f 698 710 711
f 700 713 701
f 700 712 713
f 701 714 702
f 701 713 714
f 702 715 703
f 702 714 715
f 703 716 704
f 703 715 716
f 705 857 855
f 705 717 857
f 706 856 858
f 706 858 718
f 706 719 707
f 706 718 719
f 858 859 719
f 858 719 718
f 707 720 708
f 707 719 720
f 708 721 709
f 708 720 721
f 709 722 710
f 709 721 722
f 860 861 726
f 860 726 725
f 717 861 857
f 717 726 861
f 719 859 863
f 719 863 727
f 719 728 720
f 719 727 728
f 863 864 728
f 863 728 727
f 720 729 721
f 720 728 729
f 721 730 722
f 721 729 730
f 722 731 723
f 722 730 731
f 723 732 724
f 723 731 732
f 725 865 860
f 725 733 865
f 728 864 869
f 728 869 735
f 728 736 729
f 728 735 736
f 729 737 730
f 729 736 737
f 730 738 731
f 730 737 738
f 870 871 741
f 870 741 740
f 733 871 865
f 733 741 871
f 734 735 868
f 735 869 868
f 734 868 874
f 734 874 742
f 734 743 735
f 734 742 743
f 874 875 743
f 874 743 742
f 735 744 736
f 735 743 744
f 736 745 737
f 736 744 745
f 739 748 740
f 739 747 748
f 876 877 748
f 876 748 747
f 740 877 870
f 740 748 877
f 743 875 879
f 743 879 749
f 743 750 744
f 743 749 750
f 879 880 750
f 879 750 749
f 744 751 745
f 744 750 751
f 880 881 751
f 880 751 750
f 745 752 746
f 745 751 752
f 881 882 752
f 881 752 751
f 884 885 757
f 884 757 756
f 747 885 876
f 747 757 885
f 752 882 887
f 752 887 758
f 752 759 753
f 752 758 759
f 753 760 754
f 753 759 760
f 888 889 762
f 888 762 761
f 883 884 889
f 884 890 889
f 755 763 756
f 755 762 763
f 889 890 763
f 889 763 762
f 756 890 884
f 756 763 890
f 758 887 892
f 758 892 764
f 758 765 759
f 758 764 765
f 892 893 765
f 892 765 764
f 759 766 760
f 759 765 766
f 894 895 768
f 894 768 767
f 761 895 888
f 761 768 895
f 765 893 897
f 765 897 769
f 765 770 766
f 765 769 770
f 898 899 772
f 898 772 771
f 899 900 773
f 899 773 772
f 767 900 894
f 767 773 900
f 769 897 903
f 769 903 776
f 904 905 778
f 904 778 777
f 771 905 898
f 771 778 905
f 774 775 901
f 775 902 901
f 774 901 906
f 774 906 779
f 774 780 775
f 774 779 780
f 775 776 902
f 776 903 902
f 907 908 782
f 907 782 781
f 777 908 904
f 777 782 908
f 779 906 909
f 779 909 783
f 779 784 780
f 779 783 784
f 909 910 784
f 909 784 783
f 910 911 785
f 910 785 784
f 911 912 786
f 911 786 785
f 912 913 787
f 912 787 786
f 913 914 788
f 913 788 787
f 914 915 789
f 914 789 788
f 915 916 790
f 915 790 789
f 916 917 791
f 916 791 790
f 781 917 907
f 781 791 917
f 792 793 931
f 793 932 931
f 792 931 943
f 792 943 801
f 792 802 793
f 792 801 802
f 793 794 932
f 794 933 932
f 793 803 794
f 793 802 803
f 794 795 933
f 795 934 933
f 794 804 795
f 794 803 804
f 795 796 934
f 796 935 934
f 795 805 796
f 795 804 805
f 796 797 935
f 797 936 935
f 796 806 797
f 796 805 806
f 797 798 936
f 798 937 936
f 797 807 798
f 797 806 807
f 798 944 937
f 798 807 944
f 799 800 941
f 800 942 941
f 941 942 952
f 942 953 952
f 799 941 952
f 799 952 813
f 799 814 800
f 799 813 814
f 800 801 942
f 801 943 942
f 800 815 801
f 800 814 815
f 801 816 802
f 801 815 816
f 802 817 803
f 802 816 817
f 803 818 804
f 803 817 818
f 804 819 805
f 804 818 819
f 805 820 806
f 805 819 820
f 806 821 807
f 806 820 821
f 807 808 944
f 808 945 944
f 807 822 808
f 807 821 822
f 808 809 945
f 809 946 945
f 808 823 809
f 808 822 823
f 809 810 946
f 810 947 946
f 809 824 810
f 809 823 824
f 810 954 947
f 810 824 954
f 811 812 950
f 812 951 950
f 950 951 959
f 951 960 959
f 811 950 959
f 811 959 829
f 811 830 812
f 811 829 830
f 812 813 951
f 813 952 951
f 951 952 960
f 952 961 960
f 812 831 813
f 812 830 831
f 813 832 814
f 813 831 832
f 814 833 815
f 814 832 833
f 824 825 954
f 825 955 954
f 824 835 825
f 824 834 835
f 825 826 955
f 826 956 955
f 825 836 826
f 825 835 836
f 826 827 956
f 827 957 956
f 826 837 827
f 826 836 837
f 827 962 957
f 827 837 962
f 828 829 958
f 829 959 958
f 828 958 965
f 828 965 840
f 828 841 829
f 828 840 841
f 837 838 962
f 838 963 962
f 837 843 838
f 837 842 843
f 838 966 963
f 838 843 966
f 839 840 964
f 840 965 964
f 964 965 969
f 965 970 969
f 839 964 969
f 839 969 846
f 843 844 966
f 844 967 966
f 844 845 967
f 845 968 967
f 845 971 968
f 845 847 971
f 846 969 973
f 846 973 849
f 847 848 971
f 848 972 971
f 971 972 974
f 972 975 974
f 848 975 972
f 848 850 975
f 849 973 977
f 849 977 852
f 850 851 975
f 851 976 975
f 851 978 976
f 851 853 978
f 852 977 979
f 852 979 854
f 853 980 978
f 853 855 980
f 854 979 981
f 854 981 856
f 855 982 980
f 855 857 982
f 856 981 983
f 856 983 858
f 857 984 982
f 857 861 984
f 858 983 985
f 858 985 862
f 858 863 859
f 858 862 863
f 860 866 861
f 860 865 866
f 861 986 984
f 861 866 986
f 862 985 987
f 862 987 867
f 862 868 863
f 862 867 868
f 863 869 864
f 863 868 869
f 988 989 871
f 988 871 870
f 865 872 866
f 865 871 872
f 989 990 872
f 989 872 871
f 866 990 986
f 866 872 990
f 867 987 991
f 867 991 873
f 867 874 868
f 867 873 874
f 991 992 874
f 991 874 873
f 993 994 877
f 993 877 876
f 870 994 988
f 870 877 994
f 874 992 996
f 874 996 878
f 874 879 875
f 874 878 879
f 996 997 879
f 996 879 878
f 997 998 880
f 997 880 879
f 998 999 881
f 998 881 880
f 1000 1001 884
f 1000 884 883
f 1001 1002 885
f 1001 885 884
f 876 1002 993
f 876 885 1002
f 881 999 1005
f 881 1005 886
f 881 887 882
f 881 886 887
f 1006 1007 889
f 1006 889 888
f 883 1007 1000
f 883 889 1007
f 886 1005 1009
f 886 1009 891
f 886 892 887
f 886 891 892
f 1009 1010 892
f 1009 892 891
f 1010 1011 893
f 1010 893 892
f 1012 1013 895
f 1012 895 894
f 888 1013 1006
f 888 895 1013
f 893 1011 1015
f 893 1015 897
f 1016 1017 899
f 1016 899 898
f 1017 1018 900
f 1017 900 899
f 894 1018 1012
f 894 900 1018
f 896 897 1014
f 897 1015 1014
f 896 1014 1020
f 896 1020 902
f 896 903 897
f 896 902 903
f 1021 1022 905
f 1021 905 904
f 898 1022 1016
f 898 905 1022
f 901 902 1019
f 902 1020 1019
f 1019 1020 1023
f 1020 1024 1023
f 901 1019 1023
f 901 1023 906
f 1025 1026 908
f 1025 908 907
f 904 1026 1021
f 904 908 1026
f 906 1023 1027
f 906 1027 909
f 1027 1028 910
f 1027 910 909
f 1028 1029 911
f 1028 911 910
f 1029 1030 912
f 1029 912 911
f 1030 1031 913
f 1030 913 912
f 1031 1032 914
f 1031 914 913
f 1032 1033 915
f 1032 915 914
f 1033 1034 916
f 1033 916 915
f 1034 1035 917
f 1034 917 916
f 907 1035 1025
f 907 917 1035
f 918 919 1041
f 919 1042 1041
f 918 1041 1048
f 918 1048 923
f 918 924 919
f 918 923 924
f 919 920 1042
f 920 1043 1042
f 919 925 920
f 919 924 925
f 920 921 1043
f 921 1044 1043
f 920 926 921
f 920 925 926
f 921 922 1044
f 922 1045 1044
f 921 927 922
f 921 926 927
f 922 1049 1045
f 922 927 1049
f 923 1048 1054
f 923 1054 931
f 923 932 924
f 923 931 932
f 924 933 925
f 924 932 933
f 925 934 926
f 925 933 934
f 926 935 927
f 926 934 935
f 927 928 1049
f 928 1050 1049
f 927 936 928
f 927 935 936
f 928 929 1050
f 929 1051 1050
f 928 937 929
f 928 936 937
f 929 1055 1051
f 929 937 1055
f 930 931 1053
f 931 1054 1053
f 930 1053 1061
f 930 1061 942
f 930 943 931
f 930 942 943
f 937 938 1055
f 938 1056 1055
f 937 945 938
f 937 944 945
f 938 939 1056
f 939 1057 1056
f 938 946 939
f 938 945 946
f 939 940 1057
f 940 1058 1057
f 939 947 940
f 939 946 947
f 940 1062 1058
f 940 947 1062
f 942 1061 1067
f 942 1067 953
f 947 948 1062
f 948 1063 1062
f 947 955 948
f 947 954 955
f 948 949 1063
f 949 1064 1063
f 948 956 949
f 948 955 956
f 949 1068 1064
f 949 956 1068
f 952 953 1066
f 953 1067 1066
f 952 1066 1073
f 952 1073 961
f 956 957 1068
f 957 1069 1068
f 957 1074 1069
f 957 962 1074
f 958 959 1070
f 959 1071 1070
f 1070 1071 1076
f 1071 1077 1076
f 958 1070 1076
f 958 1076 965
f 959 960 1071
f 960 1072 1071
f 960 961 1072
f 961 1073 1072
f 962 963 1074
f 963 1075 1074
f 963 1078 1075
f 963 966 1078
f 965 1076 1082
f 965 1082 970
f 966 967 1078
f 967 1079 1078
f 967 968 1079
f 968 1080 1079
f 1079 1080 1083
f 1080 1084 1083
f 968 1084 1080
f 968 971 1084
f 969 970 1081
f 970 1082 1081
f 1081 1082 1085
f 1082 1086 1085
f 969 1081 1085
f 969 1085 973
f 971 1087 1084
f 971 974 1087
f 1085 1086 1090
f 1086 1091 1090
f 973 1085 1090
f 973 1090 977
f 974 975 1087
f 975 1088 1087
f 975 976 1088
f 976 1089 1088
f 1088 1089 1092
f 1089 1093 1092
f 976 1093 1089
f 976 978 1093
f 977 1090 1094
f 977 1094 979
f 978 1096 1093
f 978 980 1096
f 1094 1095 1097
f 1095 1098 1097
f 979 1094 1097
f 979 1097 981
f 980 1099 1096
f 980 982 1099
f 981 1097 1100
f 981 1100 983
f 982 1102 1099
f 982 984 1102
f 1100 1101 1103
f 1101 1104 1103
f 983 1100 1103
f 983 1103 985
f 984 1106 1102
f 984 986 1106
f 985 1103 1107
f 985 1107 987
f 1108 1109 989
f 1108 989 988
f 1105 1106 1109
f 1106 1110 1109
f 1109 1110 990
f 1109 990 989
f 986 1110 1106
f 986 990 1110
f 987 1107 1111
f 987 1111 991
f 988 1114 1108
f 988 994 1114
f 1111 1112 1115
f 1112 1116 1115
f 991 1111 1115
f 991 1115 995
f 991 996 992
f 991 995 996
f 1115 1116 996
f 1115 996 995
f 1116 1117 997
f 1116 997 996
f 1117 1118 998
f 1117 998 997
f 1120 1121 1002
f 1120 1002 1001
f 1113 1114 1121
f 1114 1122 1121
f 993 1003 994
f 993 1002 1003
f 1121 1122 1003
f 1121 1003 1002
f 994 1122 1114
f 994 1003 1122
f 998 1118 1123
f 998 1123 1004
f 998 1005 999
f 998 1004 1005
f 1123 1124 1005
f 1123 1005 1004
f 1125 1126 1007
f 1125 1007 1006
f 1119 1120 1126
f 1120 1127 1126
f 1000 1008 1001
f 1000 1007 1008
f 1126 1127 1008
f 1126 1008 1007
f 1001 1127 1120
f 1001 1008 1127
f 1005 1124 1128
f 1005 1128 1009
f 1128 1129 1010
f 1128 1010 1009
f 1131 1132 1013
f 1131 1013 1012
f 1006 1132 1125
f 1006 1013 1132
f 1129 1130 1133
f 1130 1134 1133
f 1010 1129 1133
f 1010 1133 1014
f 1010 1015 1011
f 1010 1014 1015
f 1135 1136 1017
f 1135 1017 1016
f 1136 1137 1018
f 1136 1018 1017
f 1012 1137 1131
f 1012 1018 1137
f 1133 1134 1138
f 1134 1139 1138
f 1014 1133 1138
f 1014 1138 1020
f 1140 1141 1022
f 1140 1022 1021
f 1016 1141 1135
f 1016 1022 1141
f 1020 1138 1143
f 1020 1143 1024
f 1144 1145 1026
f 1144 1026 1025
f 1021 1145 1140
f 1021 1026 1145
f 1023 1024 1142
f 1024 1143 1142
f 1142 1143 1146
f 1143 1147 1146
f 1023 1142 1146
f 1023 1146 1027
f 1146 1147 1028
f 1146 1028 1027
f 1147 1148 1029
f 1147 1029 1028
f 1148 1149 1030
f 1148 1030 1029
f 1149 1150 1031
f 1149 1031 1030
f 1150 1151 1032
f 1150 1032 1031
f 1151 1152 1033
f 1151 1033 1032
f 1152 1153 1034
f 1152 1034 1033
f 1153 1154 1035
f 1153 1035 1034
f 1025 1154 1144
f 1025 1035 1154
f 1036 1037 1156
f 1037 1157 1156
f 1036 1156 1163
f 1036 1163 1042
f 1036 1043 1037
f 1036 1042 1043
f 1037 1038 1157
f 1038 1158 1157
f 1037 1044 1038
f 1037 1043 1044
f 1038 1039 1158
f 1039 1159 1158
f 1038 1045 1039
f 1038 1044 1045
f 1039 1164 1159
f 1039 1045 1164
f 1040 1041 1161
f 1041 1162 1161
f 1040 1161 1167
f 1040 1167 1047
f 1040 1048 1041
f 1040 1047 1048
f 1041 1042 1162
f 1042 1163 1162
f 1045 1046 1164
f 1046 1165 1164
f 1045 1050 1046
f 1045 1049 1050
f 1046 1168 1165
f 1046 1050 1168
f 1047 1167 1172
f 1047 1172 1053
f 1047 1054 1048
f 1047 1053 1054
f 1050 1051 1168
f 1051 1169 1168
f 1051 1052 1169
f 1052 1170 1169
f 1169 1170 1173
f 1170 1174 1173
f 1051 1056 1052
f 1051 1055 1056
f 1052 1174 1170
f 1052 1056 1174
f 1053 1172 1180
f 1053 1180 1061
f 1056 1057 1174
f 1057 1175 1174
f 1057 1058 1175
f 1058 1176 1175
f 1058 1059 1176
f 1059 1177 1176
f 1176 1177 1181
f 1177 1182 1181
f 1058 1063 1059
f 1058 1062 1063
f 1059 1182 1177
f 1059 1063 1182
f 1060 1061 1179
f 1061 1180 1179
f 1060 1179 1185
f 1060 1185 1066
f 1060 1067 1061
f 1060 1066 1067
f 1063 1064 1182
f 1064 1183 1182
f 1182 1183 1186
f 1183 1187 1186
f 1064 1187 1183
f 1064 1068 1187
f 1065 1066 1184
f 1066 1185 1184
f 1065 1184 1191
f 1065 1191 1072
f 1065 1073 1066
f 1065 1072 1073
f 1068 1069 1187
f 1069 1188 1187
f 1187 1188 1192
f 1188 1193 1192
f 1069 1193 1188
f 1069 1074 1193
f 1071 1072 1190
f 1072 1191 1190
f 1071 1190 1196
f 1071 1196 1077
f 1074 1075 1193
f 1075 1194 1193
f 1193 1194 1197
f 1194 1198 1197
f 1075 1198 1194
f 1075 1078 1198
f 1076 1077 1195
f 1077 1196 1195
f 1195 1196 1200
f 1196 1201 1200
f 1076 1195 1200
f 1076 1200 1082
f 1078 1079 1198
f 1079 1199 1198
f 1198 1199 1202
f 1199 1203 1202
f 1079 1203 1199
f 1079 1083 1203
f 1082 1200 1205
f 1082 1205 1086
f 1202 1203 1206
f 1203 1207 1206
f 1083 1084 1203
f 1084 1204 1203
f 1203 1204 1207
f 1204 1208 1207
f 1084 1208 1204
f 1084 1087 1208
f 1086 1205 1211
f 1086 1211 1091
f 1087 1088 1208
f 1088 1209 1208
f 1208 1209 1212
f 1209 1213 1212
f 1088 1213 1209
f 1088 1092 1213
f 1090 1091 1210
f 1091 1211 1210
f 1210 1211 1215
f 1211 1216 1215
f 1090 1210 1215
f 1090 1215 1094
f 1215 1216 1095
f 1215 1095 1094
f 1092 1093 1213
f 1093 1214 1213
f 1093 1218 1214
f 1093 1096 1218
f 1095 1216 1220
f 1095 1220 1098
f 1217 1218 1221
f 1218 1222 1221
f 1096 1222 1218
f 1096 1099 1222
f 1097 1098 1219
f 1098 1220 1219
f 1219 1220 1223
f 1220 1224 1223
f 1097 1219 1223
f 1097 1223 1100
f 1223 1224 1101
f 1223 1101 1100
f 1099 1226 1222
f 1099 1102 1226
f 1101 1224 1228
f 1101 1228 1104
f 1225 1226 1229
f 1226 1230 1229
f 1229 1230 1106
f 1229 1106 1105
f 1102 1230 1226
f 1102 1106 1230
f 1103 1104 1227
f 1104 1228 1227
f 1103 1227 1231
f 1103 1231 1107
f 1232 1233 1109
f 1232 1109 1108
f 1105 1233 1229
f 1105 1109 1233
f 1107 1231 1234
f 1107 1234 1111
f 1234 1235 1112
f 1234 1112 1111
f 1236 1237 1114
f 1236 1114 1113
f 1108 1237 1232
f 1108 1114 1237
f 1112 1235 1238
f 1112 1238 1116
f 1238 1239 1117
f 1238 1117 1116
f 1239 1240 1118
f 1239 1118 1117
f 1241 1242 1120
f 1241 1120 1119
f 1242 1243 1121
f 1242 1121 1120
f 1113 1243 1236
f 1113 1121 1243
f 1118 1240 1244
f 1118 1244 1123
f 1244 1245 1124
f 1244 1124 1123
f 1246 1247 1126
f 1246 1126 1125
f 1119 1247 1241
f 1119 1126 1247
f 1124 1245 1249
f 1124 1249 1128
f 1249 1250 1129
f 1249 1129 1128
f 1250 1251 1130
f 1250 1130 1129
f 1252 1253 1132
f 1252 1132 1131
f 1125 1253 1246
f 1125 1132 1253
f 1130 1251 1255
f 1130 1255 1134
f 1256 1257 1136
f 1256 1136 1135
f 1257 1258 1137
f 1257 1137 1136
f 1131 1258 1252
f 1131 1137 1258
f 1134 1255 1260
f 1134 1260 1139
f 1261 1262 1141
f 1261 1141 1140
f 1135 1262 1256
f 1135 1141 1262
f 1138 1139 1259
f 1139 1260 1259
f 1138 1259 1263
f 1138 1263 1143
f 1264 1265 1145
f 1264 1145 1144
f 1140 1265 1261
f 1140 1145 1265
f 1143 1263 1266
f 1143 1266 1147
f 1266 1267 1148
f 1266 1148 1147
f 1267 1268 1149
f 1267 1149 1148
f 1268 1269 1150
f 1268 1150 1149
f 1269 1270 1151
f 1269 1151 1150
f 1270 1271 1152
f 1270 1152 1151
f 1271 1272 1153
f 1271 1153 1152
f 1272 1273 1154
f 1272 1154 1153
f 1144 1273 1264
f 1144 1154 1273
f 1155 1156 1275
f 1156 1276 1275
f 1155 1275 1283
f 1155 1283 1162
f 1155 1163 1156
f 1155 1162 1163
f 1156 1157 1276
f 1157 1277 1276
f 1157 1158 1277
f 1158 1278 1277
f 1158 1159 1278
f 1159 1279 1278
f 1159 1284 1279
f 1159 1164 1284
f 1160 1161 1281
f 1161 1282 1281
f 1160 1281 1287
f 1160 1287 1166
f 1160 1167 1161
f 1160 1166 1167
f 1161 1162 1282
f 1162 1283 1282
f 1164 1165 1284
f 1165 1285 1284
f 1165 1288 1285
f 1165 1168 1288
f 1166 1287 1290
f 1166 1290 1171
f 1166 1172 1167
f 1166 1171 1172
f 1168 1169 1288
f 1169 1289 1288
f 1169 1291 1289
f 1169 1173 1291
f 1171 1290 1296
f 1171 1296 1179
f 1171 1180 1172
f 1171 1179 1180
f 1173 1174 1291
f 1174 1292 1291
f 1174 1175 1292
f 1175 1293 1292
f 1175 1176 1293
f 1176 1294 1293
f 1176 1297 1294
f 1176 1181 1297
f 1178 1179 1295
f 1179 1296 1295
f 1178 1295 1299
f 1178 1299 1184
f 1178 1185 1179
f 1178 1184 1185
f 1181 1182 1297
f 1182 1298 1297
f 1297 1298 1300
f 1298 1301 1300
f 1182 1301 1298
f 1182 1186 1301
f 1184 1299 1305
f 1184 1305 1191
f 1186 1187 1301
f 1187 1302 1301
f 1187 1306 1302
f 1187 1192 1306
f 1189 1190 1303
f 1190 1304 1303
f 1303 1304 1308
f 1304 1309 1308
f 1189 1303 1308
f 1189 1308 1195
f 1189 1196 1190
f 1189 1195 1196
f 1308 1309 1196
f 1308 1196 1195
f 1190 1191 1304
f 1191 1305 1304
f 1192 1193 1306
f 1193 1307 1306
f 1193 1310 1307
f 1193 1197 1310
f 1196 1309 1313
f 1196 1313 1201
f 1197 1198 1310
f 1198 1311 1310
f 1310 1311 1314
f 1311 1315 1314
f 1198 1315 1311
f 1198 1202 1315
f 1200 1201 1312
f 1201 1313 1312
f 1200 1312 1316
f 1200 1316 1205
f 1202 1317 1315
f 1202 1206 1317
f 1205 1316 1320
f 1205 1320 1211
f 1206 1207 1317
f 1207 1318 1317
f 1317 1318 1321
f 1318 1322 1321
f 1207 1208 1318
f 1208 1319 1318
f 1318 1319 1322
f 1319 1323 1322
f 1208 1323 1319
f 1208 1212 1323
f 1211 1320 1326
f 1211 1326 1216
f 1322 1323 1327
f 1323 1328 1327
f 1212 1213 1323
f 1213 1324 1323
f 1323 1324 1328
f 1324 1329 1328
f 1213 1214 1324
f 1214 1325 1324
f 1324 1325 1329
f 1325 1330 1329
f 1329 1330 1218
f 1329 1218 1217
f 1214 1330 1325
f 1214 1218 1330
f 1216 1326 1331
f 1216 1331 1220
f 1217 1332 1329
f 1217 1221 1332
f 1220 1331 1334
f 1220 1334 1224
f 1221 1222 1332
f 1222 1333 1332
f 1335 1336 1226
f 1335 1226 1225
f 1222 1336 1333
f 1222 1226 1336
f 1224 1334 1338
f 1224 1338 1228
f 1225 1340 1335
f 1225 1229 1340
f 1227 1228 1337
f 1228 1338 1337
f 1227 1337 1341
f 1227 1341 1231
f 1339 1340 1344
f 1340 1345 1344
f 1344 1345 1233
f 1344 1233 1232
f 1229 1345 1340
f 1229 1233 1345
f 1231 1341 1346
f 1231 1346 1234
f 1346 1347 1235
f 1346 1235 1234
f 1342 1343 1349
f 1343 1350 1349
f 1343 1344 1350
f 1344 1351 1350
f 1350 1351 1237
f 1350 1237 1236
f 1232 1351 1344
f 1232 1237 1351
f 1235 1347 1352
f 1235 1352 1238
f 1352 1353 1239
f 1352 1239 1238
f 1353 1354 1240
f 1353 1240 1239
f 1348 1349 1357
f 1349 1358 1357
f 1349 1350 1358
f 1350 1359 1358
f 1358 1359 1243
f 1358 1243 1242
f 1236 1359 1350
f 1236 1243 1359
f 1354 1355 1360
f 1355 1361 1360
f 1240 1354 1360
f 1240 1360 1244
f 1360 1361 1245
f 1360 1245 1244
f 1356 1357 1363
f 1357 1364 1363
f 1363 1364 1247
f 1363 1247 1246
f 1357 1358 1364
f 1358 1365 1364
f 1241 1248 1242
f 1241 1247 1248
f 1364 1365 1248
f 1364 1248 1247
f 1242 1365 1358
f 1242 1248 1365
f 1361 1362 1366
f 1362 1367 1366
f 1245 1361 1366
f 1245 1366 1249
f 1366 1367 1250
f 1366 1250 1249
f 1369 1370 1253
f 1369 1253 1252
f 1246 1370 1363
f 1246 1253 1370
f 1367 1368 1371
f 1368 1372 1371
f 1250 1367 1371
f 1250 1371 1254
f 1250 1255 1251
f 1250 1254 1255
f 1371 1372 1255
f 1371 1255 1254
f 1373 1374 1257
f 1373 1257 1256
f 1374 1375 1258
f 1374 1258 1257
f 1252 1375 1369
f 1252 1258 1375
f 1255 1372 1377
f 1255 1377 1260
f 1378 1379 1262
f 1378 1262 1261
f 1256 1379 1373
f 1256 1262 1379
f 1259 1260 1376
f 1260 1377 1376
f 1376 1377 1381
f 1377 1382 1381
f 1259 1376 1381
f 1259 1381 1263
f 1384 1385 1265
f 1384 1265 1264
f 1261 1385 1378
f 1261 1265 1385
f 1381 1382 1387
f 1382 1388 1387
f 1263 1381 1387
f 1263 1387 1266
f 1387 1388 1267
f 1387 1267 1266
f 1382 1383 1388
f 1383 1389 1388
f 1388 1389 1268
f 1388 1268 1267
f 1389 1390 1269
f 1389 1269 1268
f 1390 1391 1270
f 1390 1270 1269
f 1391 1392 1271
f 1391 1271 1270
f 1392 1393 1272
f 1392 1272 1271
f 1393 1394 1273
f 1393 1273 1272
f 1264 1394 1384
f 1264 1273 1394
f 1274 1275 1396
f 1275 1397 1396
f 1274 1396 1404
f 1274 1404 1282
f 1274 1283 1275
f 1274 1282 1283
f 1275 1276 1397
f 1276 1398 1397
f 1276 1277 1398
f 1277 1399 1398
f 1277 1278 1399
f 1278 1400 1399
f 1278 1279 1400
f 1279 1401 1400
f 1279 1280 1401
f 1280 1402 1401
f 1279 1285 1280
f 1279 1284 1285
f 1280 1405 1402
f 1280 1285 1405
f 1281 1282 1403
f 1282 1404 1403
f 1281 1403 1407
f 1281 1407 1287
f 1285 1286 1405
f 1286 1406 1405
f 1285 1289 1286
f 1285 1288 1289
f 1286 1408 1406
f 1286 1289 1408
f 1287 1407 1409
f 1287 1409 1290
f 1289 1410 1408
f 1289 1291 1410
f 1290 1409 1415
f 1290 1415 1296
f 1291 1292 1410
f 1292 1411 1410
f 1292 1293 1411
f 1293 1412 1411
f 1411 1412 1416
f 1412 1417 1416
f 1293 1294 1412
f 1294 1413 1412
f 1412 1413 1417
f 1413 1418 1417
f 1294 1418 1413
f 1294 1297 1418
f 1295 1296 1414
f 1296 1415 1414
f 1295 1414 1419
f 1295 1419 1299
f 1417 1418 1420
f 1418 1421 1420
f 1297 1421 1418
f 1297 1300 1421
f 1299 1419 1425
f 1299 1425 1305
f 1300 1301 1421
f 1301 1422 1421
f 1301 1302 1422
f 1302 1423 1422
f 1422 1423 1426
f 1423 1427 1426
f 1302 1427 1423
f 1302 1306 1427
f 1304 1305 1424
f 1305 1425 1424
f 1304 1424 1430
f 1304 1430 1309
f 1426 1427 1431
f 1427 1432 1431
f 1306 1307 1427
f 1307 1428 1427
f 1427 1428 1432
f 1428 1433 1432
f 1307 1433 1428
f 1307 1310 1433
f 1308 1309 1429
f 1309 1430 1429
f 1429 1430 1434
f 1430 1435 1434
f 1308 1429 1434
f 1308 1434 1312
f 1308 1313 1309
f 1308 1312 1313
f 1431 1432 1436
f 1432 1437 1436
f 1432 1433 1437
f 1433 1438 1437
f 1310 1438 1433
f 1310 1314 1438
f 1312 1434 1440
f 1312 1440 1316
f 1436 1437 1442
f 1437 1443 1442
f 1437 1438 1443
f 1438 1444 1443
f 1314 1315 1438
f 1315 1439 1438
f 1438 1439 1444
f 1439 1445 1444
f 1315 1445 1439
f 1315 1317 1445
f 1440 1441 1446
f 1441 1447 1446
f 1316 1440 1446
f 1316 1446 1320
f 1443 1444 1448
f 1444 1449 1448
f 1444 1445 1449
f 1445 1450 1449
f 1317 1450 1445
f 1317 1321 1450
f 1320 1446 1452
f 1320 1452 1326
f 1449 1450 1454
f 1450 1455 1454
f 1321 1322 1450
f 1322 1451 1450
f 1450 1451 1455
f 1451 1456 1455
f 1322 1456 1451
f 1322 1327 1456
f 1452 1453 1459
f 1453 1460 1459
f 1326 1452 1459
f 1326 1459 1331
f 1327 1328 1456
f 1328 1457 1456
f 1456 1457 1461
f 1457 1462 1461
f 1328 1329 1457
f 1329 1458 1457
f 1457 1458 1462
f 1458 1463 1462
f 1329 1463 1458
f 1329 1332 1463
f 1331 1459 1465
f 1331 1465 1334
f 1461 1462 1466
f 1462 1467 1466
f 1332 1333 1463
f 1333 1464 1463
f 1468 1469 1336
f 1468 1336 1335
f 1333 1469 1464
f 1333 1336 1469
f 1334 1465 1471
f 1334 1471 1338
f 1466 1467 1473
f 1467 1474 1473
f 1467 1468 1474
f 1468 1475 1474
f 1474 1475 1340
f 1474 1340 1339
f 1335 1475 1468
f 1335 1340 1475
f 1337 1338 1470
f 1338 1471 1470
f 1470 1471 1476
f 1471 1477 1476
f 1337 1470 1476
f 1337 1476 1341
f 1472 1473 1479
f 1473 1480 1479
f 1479 1480 1343
f 1479 1343 1342
f 1473 1474 1480
f 1474 1481 1480
f 1480 1481 1344
f 1480 1344 1343
f 1339 1481 1474
f 1339 1344 1481
f 1476 1477 1482
f 1477 1483 1482
f 1341 1476 1482
f 1341 1482 1346
f 1482 1483 1347
f 1482 1347 1346
f 1478 1479 1486
f 1479 1487 1486
f 1486 1487 1349
f 1486 1349 1348
f 1342 1487 1479
f 1342 1349 1487
f 1483 1484 1488
f 1484 1489 1488
f 1347 1483 1488
f 1347 1488 1352
f 1488 1489 1353
f 1488 1353 1352
f 1489 1490 1354
f 1489 1354 1353
f 1490 1491 1355
f 1490 1355 1354
f 1485 1486 1494
f 1486 1495 1494
f 1494 1495 1357
f 1494 1357 1356
f 1348 1495 1486
f 1348 1357 1495
f 1355 1491 1496
f 1355 1496 1361
f 1496 1497 1362
f 1496 1362 1361
f 1492 1493 1498
f 1493 1499 1498
f 1493 1494 1499
f 1494 1500 1499
f 1356 1500 1494
f 1356 1363 1500
f 1362 1497 1501
f 1362 1501 1367
f 1501 1502 1368
f 1501 1368 1367
f 1499 1500 1503
f 1500 1504 1503
f 1503 1504 1370
f 1503 1370 1369
f 1363 1504 1500
f 1363 1370 1504
f 1368 1502 1505
f 1368 1505 1372
f 1507 1508 1375
f 1507 1375 1374
f 1369 1508 1503
f 1369 1375 1508
f 1505 1506 1509
f 1506 1510 1509
f 1372 1505 1509
f 1372 1509 1377
f 1373 1380 1374
f 1373 1379 1380
f 1511 1512 1380
f 1511 1380 1379
f 1374 1512 1507
f 1374 1380 1512
f 1509 1510 1513
f 1510 1514 1513
f 1377 1509 1513
f 1377 1513 1382
f 1513 1514 1383
f 1513 1383 1382
f 1378 1386 1379
f 1378 1385 1386
f 1515 1516 1386
f 1515 1386 1385
f 1379 1516 1511
f 1379 1386 1516
f 1383 1514 1517
f 1383 1517 1389
f 1517 1518 1390
f 1517 1390 1389
f 1518 1519 1391
f 1518 1391 1390
f 1519 1520 1392
f 1519 1392 1391
f 1520 1521 1393
f 1520 1393 1392
f 1521 1522 1394
f 1521 1394 1393
f 1384 1395 1385
f 1384 1394 1395
f 1522 1523 1395
f 1522 1395 1394
f 1385 1523 1515
f 1385 1395 1523
f 1396 1397 1528
f 1397 1529 1528
f 1396 1528 1536
f 1396 1536 1404
f 1397 1398 1529
f 1398 1530 1529
f 1398 1399 1530
f 1399 1531 1530
f 1399 1400 1531
f 1400 1532 1531
f 1400 1401 1532
f 1401 1533 1532
f 1401 1402 1533
f 1402 1534 1533
f 1402 1537 1534
f 1402 1405 1537
f 1403 1404 1535
f 1404 1536 1535
f 1403 1535 1539
f 1403 1539 1407
f 1405 1406 1537
f 1406 1538 1537
f 1537 1538 1541
f 1538 1542 1541
f 1406 1542 1538
f 1406 1408 1542
f 1539 1540 1543
f 1540 1544 1543
f 1407 1539 1543
f 1407 1543 1409
f 1541 1542 1545
f 1542 1546 1545
f 1408 1546 1542
f 1408 1410 1546
f 1409 1543 1549
f 1409 1549 1415
f 1410 1411 1546
f 1411 1547 1546
f 1546 1547 1550
f 1547 1551 1550
f 1411 1551 1547
f 1411 1416 1551
f 1414 1415 1548
f 1415 1549 1548
f 1548 1549 1553
f 1549 1554 1553
f 1414 1548 1553
f 1414 1553 1419
f 1550 1551 1555
f 1551 1556 1555
f 1416 1417 1551
f 1417 1552 1551
f 1551 1552 1556
f 1552 1557 1556
f 1417 1557 1552
f 1417 1420 1557
f 1419 1553 1561
f 1419 1561 1425
f 1420 1421 1557
f 1421 1558 1557
f 1557 1558 1562
f 1558 1563 1562
f 1421 1422 1558
f 1422 1559 1558
f 1558 1559 1563
f 1559 1564 1563
f 1422 1564 1559
f 1422 1426 1564
f 1424 1425 1560
f 1425 1561 1560
f 1560 1561 1565
f 1561 1566 1565
f 1424 1560 1565
f 1424 1565 1430
f 1562 1563 1567
f 1563 1568 1567
f 1563 1564 1568
f 1564 1569 1568
f 1426 1569 1564
f 1426 1431 1569
f 1430 1565 1571
f 1430 1571 1435
f 1567 1568 1572
f 1568 1573 1572
f 1568 1569 1573
f 1569 1574 1573
f 1431 1574 1569
f 1431 1436 1574
f 1434 1435 1570
f 1435 1571 1570
f 1434 1570 1575
f 1434 1575 1440
f 1575 1576 1441
f 1575 1441 1440
f 1572 1573 1577
f 1573 1578 1577
f 1573 1574 1578
f 1574 1579 1578
f 1436 1579 1574
f 1436 1442 1579
f 1441 1576 1582
f 1441 1582 1447
f 1442 1443 1579
f 1443 1580 1579
f 1579 1580 1583
f 1580 1584 1583
f 1443 1584 1580
f 1443 1448 1584
f 1446 1447 1581
f 1447 1582 1581
f 1581 1582 1586
f 1582 1587 1586
f 1446 1581 1586
f 1446 1586 1452
f 1586 1587 1453
f 1586 1453 1452
f 1583 1584 1588
f 1584 1589 1588
f 1448 1449 1584
f 1449 1585 1584
f 1584 1585 1589
f 1585 1590 1589
f 1449 1590 1585
f 1449 1454 1590
f 1453 1587 1594
f 1453 1594 1460
f 1589 1590 1595
f 1590 1596 1595
f 1454 1455 1590
f 1455 1591 1590
f 1590 1591 1596
f 1591 1597 1596
f 1455 1456 1591
f 1456 1592 1591
f 1591 1592 1597
f 1592 1598 1597
f 1456 1598 1592
f 1456 1461 1598
f 1459 1460 1593
f 1460 1594 1593
f 1593 1594 1602
f 1594 1603 1602
f 1459 1593 1602
f 1459 1602 1465
f 1595 1596 1605
f 1596 1606 1605
f 1596 1597 1606
f 1597 1607 1606
f 1597 1598 1607
f 1598 1608 1607
f 1461 1608 1598
f 1461 1466 1608
f 1462 1463 1599
f 1463 1600 1599
f 1599 1600 1609
f 1600 1610 1609
f 1462 1599 1609
f 1462 1609 1467
f 1609 1610 1468
f 1609 1468 1467
f 1463 1464 1600
f 1464 1601 1600
f 1600 1601 1610
f 1601 1611 1610
f 1610 1611 1469
f 1610 1469 1468
f 1464 1611 1601
f 1464 1469 1611
f 1602 1603 1612
f 1603 1613 1612
f 1465 1602 1612
f 1465 1612 1471
f 1603 1604 1613
f 1604 1614 1613
f 1606 1607 1615
f 1607 1616 1615
f 1607 1608 1616
f 1608 1617 1616
f 1616 1617 1473
f 1616 1473 1472
f 1466 1617 1608
f 1466 1473 1617
f 1471 1612 1618
f 1471 1618 1477
f 1615 1616 1622
f 1616 1623 1622
f 1622 1623 1479
f 1622 1479 1478
f 1472 1623 1616
f 1472 1479 1623
f 1618 1619 1624
f 1619 1625 1624
f 1477 1618 1624
f 1477 1624 1483
f 1624 1625 1484
f 1624 1484 1483
f 1620 1621 1626
f 1621 1627 1626
f 1621 1622 1627
f 1622 1628 1627
f 1627 1628 1486
f 1627 1486 1485
f 1478 1628 1622
f 1478 1486 1628
f 1484 1625 1629
f 1484 1629 1489
f 1629 1630 1490
f 1629 1490 1489
f 1630 1631 1491
f 1630 1491 1490
f 1634 1635 1493
f 1634 1493 1492
f 1626 1627 1635
f 1627 1636 1635
f 1635 1636 1494
f 1635 1494 1493
f 1485 1636 1627
f 1485 1494 1636
f 1491 1631 1637
f 1491 1637 1496
f 1637 1638 1497
f 1637 1497 1496
f 1632 1633 1639
f 1633 1640 1639
f 1633 1634 1640
f 1634 1641 1640
f 1492 1641 1634
f 1492 1498 1641
f 1497 1638 1643
f 1497 1643 1501
f 1643 1644 1502
f 1643 1502 1501
f 1498 1499 1641
f 1499 1642 1641
f 1641 1642 1645
f 1642 1646 1645
f 1499 1646 1642
f 1499 1503 1646
f 1502 1644 1647
f 1502 1647 1505
f 1647 1648 1506
f 1647 1506 1505
f 1645 1646 1649
f 1646 1650 1649
f 1649 1650 1508
f 1649 1508 1507
f 1503 1650 1646
f 1503 1508 1650
f 1506 1648 1651
f 1506 1651 1510
f 1653 1654 1512
f 1653 1512 1511
f 1507 1654 1649
f 1507 1512 1654
f 1651 1652 1655
f 1652 1656 1655
f 1510 1651 1655
f 1510 1655 1514
f 1657 1658 1516
f 1657 1516 1515
f 1511 1658 1653
f 1511 1516 1658
f 1655 1656 1660
f 1656 1661 1660
f 1514 1655 1660
f 1514 1660 1517
f 1660 1661 1518
f 1660 1518 1517
f 1661 1662 1519
f 1661 1519 1518
f 1662 1663 1520
f 1662 1520 1519
f 1663 1664 1521
f 1663 1521 1520
f 1664 1665 1522
f 1664 1522 1521
f 1665 1666 1523
f 1665 1523 1522
f 1515 1666 1657
f 1515 1523 1666
f 1524 1525 1668
f 1525 1669 1668
f 1524 1668 1674
f 1524 1674 1530
f 1524 1531 1525
f 1524 1530 1531
f 1525 1526 1669
f 1526 1670 1669
f 1525 1532 1526
f 1525 1531 1532
f 1526 1675 1670
f 1526 1532 1675
f 1527 1528 1671
f 1528 1672 1671
f 1527 1671 1678
f 1527 1678 1535
f 1527 1536 1528
f 1527 1535 1536
f 1528 1529 1672
f 1529 1673 1672
f 1529 1530 1673
f 1530 1674 1673
f 1532 1533 1675
f 1533 1676 1675
f 1533 1534 1676
f 1534 1677 1676
f 1534 1679 1677
f 1534 1537 1679
f 1535 1678 1680
f 1535 1680 1539
f 1680 1681 1540
f 1680 1540 1539
f 1537 1682 1679
f 1537 1541 1682
f 1540 1681 1684
f 1540 1684 1544
f 1541 1685 1682
f 1541 1545 1685
f 1543 1544 1683
f 1544 1684 1683
f 1543 1683 1688
f 1543 1688 1549
f 1545 1546 1685
f 1546 1686 1685
f 1685 1686 1689
f 1686 1690 1689
f 1546 1690 1686
f 1546 1550 1690
f 1549 1688 1692
f 1549 1692 1554
f 1550 1693 1690
f 1550 1555 1693
f 1553 1554 1691
f 1554 1692 1691
f 1553 1691 1696
f 1553 1696 1561
f 1555 1556 1693
f 1556 1694 1693
f 1556 1557 1694
f 1557 1695 1694
f 1694 1695 1697
f 1695 1698 1697
f 1557 1698 1695
f 1557 1562 1698
f 1561 1696 1700
f 1561 1700 1566
f 1697 1698 1702
f 1698 1703 1702
f 1562 1703 1698
f 1562 1567 1703
f 1565 1566 1699
f 1566 1700 1699
f 1565 1699 1705
f 1565 1705 1571
f 1701 1702 1706
f 1702 1707 1706
f 1702 1703 1707
f 1703 1708 1707
f 1567 1708 1703
f 1567 1572 1708
f 1570 1571 1704
f 1571 1705 1704
f 1704 1705 1709
f 1705 1710 1709
f 1570 1704 1709
f 1570 1709 1575
f 1709 1710 1576
f 1709 1576 1575
f 1707 1708 1711
f 1708 1712 1711
f 1572 1712 1708
f 1572 1577 1712
f 1576 1710 1715
f 1576 1715 1582
f 1711 1712 1716
f 1712 1717 1716
f 1577 1578 1712
f 1578 1713 1712
f 1712 1713 1717
f 1713 1718 1717
f 1578 1579 1713
f 1579 1714 1713
f 1713 1714 1718
f 1714 1719 1718
f 1579 1719 1714
f 1579 1583 1719
f 1582 1715 1720
f 1582 1720 1587
f 1717 1718 1722
f 1718 1723 1722
f 1718 1719 1723
f 1719 1724 1723
f 1583 1724 1719
f 1583 1588 1724
f 1720 1721 1726
f 1721 1727 1726
f 1587 1720 1726
f 1587 1726 1594
f 1723 1724 1728
f 1724 1729 1728
f 1588 1589 1724
f 1589 1725 1724
f 1724 1725 1729
f 1725 1730 1729
f 1589 1730 1725
f 1589 1595 1730
f 1594 1726 1731
f 1594 1731 1603
f 1731 1732 1604
f 1731 1604 1603
f 1728 1729 1733
f 1729 1734 1733
f 1729 1730 1734
f 1730 1735 1734
f 1595 1735 1730
f 1595 1605 1735
f 1604 1732 1739
f 1604 1739 1614
f 1734 1735 1740
f 1735 1741 1740
f 1605 1606 1735
f 1606 1736 1735
f 1735 1736 1741
f 1736 1742 1741
f 1606 1742 1736
f 1606 1615 1742
f 1612 1613 1737
f 1613 1738 1737
f 1612 1737 1743
f 1612 1743 1618
f 1743 1744 1619
f 1743 1619 1618
f 1613 1614 1738
f 1614 1739 1738
f 1740 1741 1747
f 1741 1748 1747
f 1747 1748 1621
f 1747 1621 1620
f 1741 1742 1748
f 1742 1749 1748
f 1748 1749 1622
f 1748 1622 1621
f 1615 1749 1742
f 1615 1622 1749
f 1619 1744 1750
f 1619 1750 1625
f 1745 1746 1751
f 1746 1752 1751
f 1746 1747 1752
f 1747 1753 1752
f 1620 1753 1747
f 1620 1626 1753
f 1625 1750 1754
f 1625 1754 1629
f 1754 1755 1630
f 1754 1630 1629
f 1755 1756 1631
f 1755 1631 1630
f 1758 1759 1633
f 1758 1633 1632
f 1751 1752 1759
f 1752 1760 1759
f 1759 1760 1634
f 1759 1634 1633
f 1752 1753 1760
f 1753 1761 1760
f 1760 1761 1635
f 1760 1635 1634
f 1626 1761 1753
f 1626 1635 1761
f 1631 1756 1762
f 1631 1762 1637
f 1762 1763 1638
f 1762 1638 1637
f 1757 1758 1764
f 1758 1765 1764
f 1632 1765 1758
f 1632 1639 1765
f 1638 1763 1768
f 1638 1768 1643
f 1768 1769 1644
f 1768 1644 1643
f 1639 1640 1765
f 1640 1766 1765
f 1640 1641 1766
f 1641 1767 1766
f 1766 1767 1770
f 1767 1771 1770
f 1641 1771 1767
f 1641 1645 1771
f 1644 1769 1772
f 1644 1772 1647
f 1772 1773 1648
f 1772 1648 1647
f 1645 1774 1771
f 1645 1649 1774
f 1648 1773 1775
f 1648 1775 1651
f 1775 1776 1652
f 1775 1652 1651
f 1649 1777 1774
f 1649 1654 1777
f 1652 1776 1778
f 1652 1778 1656
f 1653 1659 1654
f 1653 1658 1659
f 1779 1780 1659
f 1779 1659 1658
f 1654 1780 1777
f 1654 1659 1780
f 1656 1778 1781
f 1656 1781 1661
f 1781 1782 1662
f 1781 1662 1661
f 1782 1783 1663
f 1782 1663 1662
f 1783 1784 1664
f 1783 1664 1663
f 1784 1785 1665
f 1784 1665 1664
f 1785 1786 1666
f 1785 1666 1665
f 1657 1667 1658
f 1657 1666 1667
f 1786 1787 1667
f 1786 1667 1666
f 1658 1787 1779
f 1658 1667 1787
f 1668 1669 1789
f 1669 1790 1789
f 1668 1789 1796
f 1668 1796 1674
f 1669 1670 1790
f 1670 1791 1790
f 1790 1791 1797
f 1791 1798 1797
f 1670 1798 1791
f 1670 1675 1798
f 1671 1672 1793
f 1672 1794 1793
f 1671 1793 1802
f 1671 1802 1678
f 1672 1673 1794
f 1673 1795 1794
f 1673 1674 1795
f 1674 1796 1795
f 1675 1676 1798
f 1676 1799 1798
f 1676 1677 1799
f 1677 1800 1799
f 1799 1800 1803
f 1800 1804 1803
f 1677 1804 1800
f 1677 1679 1804
f 1678 1802 1805
f 1678 1805 1680
f 1803 1804 1806
f 1804 1807 1806
f 1679 1807 1804
f 1679 1682 1807
f 1680 1805 1809
f 1680 1809 1683
f 1680 1684 1681
f 1680 1683 1684
f 1806 1807 1810
f 1807 1811 1810
f 1682 1811 1807
f 1682 1685 1811
f 1683 1809 1813
f 1683 1813 1688
f 1810 1811 1814
f 1811 1815 1814
f 1685 1815 1811
f 1685 1689 1815
f 1687 1688 1812
f 1688 1813 1812
f 1687 1812 1817
f 1687 1817 1691
f 1687 1692 1688
f 1687 1691 1692
f 1814 1815 1818
f 1815 1819 1818
f 1689 1690 1815
f 1690 1816 1815
f 1815 1816 1819
f 1816 1820 1819
f 1690 1820 1816
f 1690 1693 1820
f 1691 1817 1822
f 1691 1822 1696
f 1819 1820 1823
f 1820 1824 1823
f 1693 1694 1820
f 1694 1821 1820
f 1820 1821 1824
f 1821 1825 1824
f 1694 1825 1821
f 1694 1697 1825
f 1696 1822 1827
f 1696 1827 1700
f 1823 1824 1828
f 1824 1829 1828
f 1824 1825 1829
f 1825 1830 1829
f 1829 1830 1702
f 1829 1702 1701
f 1697 1830 1825
f 1697 1702 1830
f 1699 1700 1826
f 1700 1827 1826
f 1826 1827 1831
f 1827 1832 1831
f 1699 1826 1831
f 1699 1831 1705
f 1701 1833 1829
f 1701 1706 1833
f 1705 1831 1835
f 1705 1835 1710
f 1706 1707 1833
f 1707 1834 1833
f 1833 1834 1837
f 1834 1838 1837
f 1707 1838 1834
f 1707 1711 1838
f 1835 1836 1839
f 1836 1840 1839
f 1710 1835 1839
f 1710 1839 1715
f 1711 1841 1838
f 1711 1716 1841
f 1715 1839 1843
f 1715 1843 1720
f 1843 1844 1721
f 1843 1721 1720
f 1716 1717 1841
f 1717 1842 1841
f 1841 1842 1845
f 1842 1846 1845
f 1717 1846 1842
f 1717 1722 1846
f 1721 1844 1849
f 1721 1849 1727
f 1722 1723 1846
f 1723 1847 1846
f 1846 1847 1850
f 1847 1851 1850
f 1723 1851 1847
f 1723 1728 1851
f 1726 1727 1848
f 1727 1849 1848
f 1848 1849 1852
f 1849 1853 1852
f 1726 1848 1852
f 1726 1852 1731
f 1852 1853 1732
f 1852 1732 1731
f 1850 1851 1854
f 1851 1855 1854
f 1728 1855 1851
f 1728 1733 1855
f 1732 1853 1859
f 1732 1859 1739
f 1854 1855 1860
f 1855 1861 1860
f 1733 1734 1855
f 1734 1856 1855
f 1855 1856 1861
f 1856 1862 1861
f 1734 1862 1856
f 1734 1740 1862
f 1737 1738 1857
f 1738 1858 1857
f 1857 1858 1863
f 1858 1864 1863
f 1737 1857 1863
f 1737 1863 1743
f 1863 1864 1744
f 1863 1744 1743
f 1738 1739 1858
f 1739 1859 1858
f 1860 1861 1868
f 1861 1869 1868
f 1868 1869 1746
f 1868 1746 1745
f 1861 1862 1869
f 1862 1870 1869
f 1869 1870 1747
f 1869 1747 1746
f 1740 1870 1862
f 1740 1747 1870
f 1864 1865 1871
f 1865 1872 1871
f 1744 1864 1871
f 1744 1871 1750
f 1866 1867 1873
f 1867 1874 1873
f 1867 1868 1874
f 1868 1875 1874
f 1745 1875 1868
f 1745 1751 1875
f 1871 1872 1876
f 1872 1877 1876
f 1750 1871 1876
f 1750 1876 1754
f 1876 1877 1755
f 1876 1755 1754
f 1877 1878 1756
f 1877 1756 1755
f 1873 1874 1879
f 1874 1880 1879
f 1879 1880 1758
f 1879 1758 1757
f 1874 1875 1880
f 1875 1881 1880
f 1880 1881 1759
f 1880 1759 1758
f 1751 1881 1875
f 1751 1759 1881
f 1756 1878 1882
f 1756 1882 1762
f 1882 1883 1763
f 1882 1763 1762
f 1757 1884 1879
f 1757 1764 1884
f 1763 1883 1887
f 1763 1887 1768
f 1887 1888 1769
f 1887 1769 1768
f 1764 1765 1884
f 1765 1885 1884
f 1765 1766 1885
f 1766 1886 1885
f 1885 1886 1889
f 1886 1890 1889
f 1766 1890 1886
f 1766 1770 1890
f 1769 1888 1892
f 1769 1892 1772
f 1892 1893 1773
f 1892 1773 1772
f 1770 1771 1890
f 1771 1891 1890
f 1890 1891 1894
f 1891 1895 1894
f 1771 1895 1891
f 1771 1774 1895
f 1773 1893 1896
f 1773 1896 1775
f 1896 1897 1776
f 1896 1776 1775
f 1774 1898 1895
f 1774 1777 1898
f 1776 1897 1899
f 1776 1899 1778
f 1901 1902 1780
f 1901 1780 1779
f 1777 1902 1898
f 1777 1780 1902
f 1899 1900 1903
f 1900 1904 1903
f 1778 1899 1903
f 1778 1903 1781
f 1903 1904 1782
f 1903 1782 1781
f 1904 1905 1783
f 1904 1783 1782
f 1905 1906 1784
f 1905 1784 1783
f 1906 1907 1785
f 1906 1785 1784
f 1907 1908 1786
f 1907 1786 1785
f 1908 1909 1787
f 1908 1787 1786
f 1779 1909 1901
f 1779 1787 1909
f 1788 1789 1911
f 1789 1912 1911
f 1911 1912 1917
f 1912 1918 1917
f 1788 1911 1917
f 1788 1917 1795
f 1788 1796 1789
f 1788 1795 1796
f 1789 1790 1912
f 1790 1913 1912
f 1912 1913 1918
f 1913 1919 1918
f 1790 1919 1913
f 1790 1797 1919
f 1792 1793 1914
f 1793 1915 1914
f 1792 1914 1922
f 1792 1922 1801
f 1792 1802 1793
f 1792 1801 1802
f 1922 1923 1802
f 1922 1802 1801
f 1793 1794 1915
f 1794 1916 1915
f 1794 1795 1916
f 1795 1917 1916
f 1797 1798 1919
f 1798 1920 1919
f 1798 1799 1920
f 1799 1921 1920
f 1920 1921 1924
f 1921 1925 1924
f 1799 1925 1921
f 1799 1803 1925
f 1802 1923 1927
f 1802 1927 1805
f 1803 1928 1925
f 1803 1806 1928
f 1805 1927 1930
f 1805 1930 1809
f 1806 1931 1928
f 1806 1810 1931
f 1808 1809 1929
f 1809 1930 1929
f 1808 1929 1932
f 1808 1932 1812
f 1808 1813 1809
f 1808 1812 1813
f 1810 1933 1931
f 1810 1814 1933
f 1812 1932 1934
f 1812 1934 1817
f 1814 1935 1933
f 1814 1818 1935
f 1817 1934 1937
f 1817 1937 1822
f 1818 1819 1935
f 1819 1936 1935
f 1935 1936 1938
f 1936 1939 1938
f 1819 1939 1936
f 1819 1823 1939
f 1822 1937 1940
f 1822 1940 1827
f 1938 1939 1941
f 1939 1942 1941
f 1823 1942 1939
f 1823 1828 1942
f 1827 1940 1945
f 1827 1945 1832
f 1828 1829 1942
f 1829 1943 1942
f 1942 1943 1947
f 1943 1948 1947
f 1829 1948 1943
f 1829 1833 1948
f 1831 1832 1944
f 1832 1945 1944
f 1944 1945 1949
f 1945 1950 1949
f 1831 1944 1949
f 1831 1949 1835
f 1949 1950 1836
f 1949 1836 1835
f 1946 1947 1951
f 1947 1952 1951
f 1947 1948 1952
f 1948 1953 1952
f 1833 1953 1948
f 1833 1837 1953
f 1836 1950 1956
f 1836 1956 1840
f 1837 1838 1953
f 1838 1954 1953
f 1953 1954 1957
f 1954 1958 1957
f 1838 1958 1954
f 1838 1841 1958
f 1839 1840 1955
f 1840 1956 1955
f 1955 1956 1959
f 1956 1960 1959
f 1839 1955 1959
f 1839 1959 1843
f 1959 1960 1844
f 1959 1844 1843
f 1957 1958 1961
f 1958 1962 1961
f 1841 1962 1958
f 1841 1845 1962
f 1844 1960 1964
f 1844 1964 1849
f 1961 1962 1965
f 1962 1966 1965
f 1845 1846 1962
f 1846 1963 1962
f 1962 1963 1966
f 1963 1967 1966
f 1846 1967 1963
f 1846 1850 1967
f 1849 1964 1968
f 1849 1968 1853
f 1965 1966 1969
f 1966 1970 1969
f 1966 1967 1970
f 1967 1971 1970
f 1850 1971 1967
f 1850 1854 1971
f 1853 1968 1973
f 1853 1973 1859
f 1969 1970 1974
f 1970 1975 1974
f 1970 1971 1975
f 1971 1976 1975
f 1854 1976 1971
f 1854 1860 1976
f 1858 1859 1972
f 1859 1973 1972
f 1858 1972 1977
f 1858 1977 1864
f 1977 1978 1865
f 1977 1865 1864
f 1974 1975 1980
f 1975 1981 1980
f 1980 1981 1867
f 1980 1867 1866
f 1975 1976 1981
f 1976 1982 1981
f 1981 1982 1868
f 1981 1868 1867
f 1860 1982 1976
f 1860 1868 1982
f 1865 1978 1983
f 1865 1983 1872
f 1979 1980 1984
f 1980 1985 1984
f 1866 1985 1980
f 1866 1873 1985
f 1872 1983 1986
f 1872 1986 1877
f 1986 1987 1878
f 1986 1878 1877
f 1984 1985 1989
f 1985 1990 1989
f 1873 1990 1985
f 1873 1879 1990
f 1987 1988 1991
f 1988 1992 1991
f 1878 1987 1991
f 1878 1991 1882
f 1991 1992 1883
f 1991 1883 1882
f 1879 1993 1990
f 1879 1884 1993
f 1883 1992 1995
f 1883 1995 1887
f 1995 1996 1888
f 1995 1888 1887
f 1884 1885 1993
f 1885 1994 1993
f 1885 1998 1994
f 1885 1889 1998
f 1996 1997 2000
f 1997 2001 2000
f 1888 1996 2000
f 1888 2000 1892
f 2000 2001 1893
f 2000 1893 1892
f 1889 1890 1998
f 1890 1999 1998
f 1890 2003 1999
f 1890 1894 2003
f 2001 2002 2005
f 2002 2006 2005
f 1893 2001 2005
f 1893 2005 1896
f 2005 2006 1897
f 2005 1897 1896
f 1894 1895 2003
f 1895 2004 2003
f 1895 2008 2004
f 1895 1898 2008
f 2006 2007 2009
f 2007 2010 2009
f 1897 2006 2009
f 1897 2009 1899
f 2009 2010 1900
f 2009 1900 1899
f 1898 2012 2008
f 1898 1902 2012
f 1900 2010 2013
f 1900 2013 1904
f 2013 2014 1905
f 2013 1905 1904
f 2014 2015 1906
f 2014 1906 1905
f 2015 2016 1907
f 2015 1907 1906
f 2016 2017 1908
f 2016 1908 1907
f 2017 2018 1909
f 2017 1909 1908
f 2011 2012 2018
f 2012 2019 2018
f 1901 1910 1902
f 1901 1909 1910
f 2018 2019 1910
f 2018 1910 1909
f 1902 2019 2012
f 1902 1910 2019
f 1914 1915 2020
f 1915 2021 2020
f 1914 2020 2027
f 1914 2027 1922
f 1915 1916 2021
f 1916 2022 2021
f 1916 1917 2022
f 1917 2023 2022
f 1917 1918 2023
f 1918 2024 2023
f 1918 1919 2024
f 1919 2025 2024
f 1919 1920 2025
f 1920 2026 2025
f 1920 2029 2026
f 1920 1924 2029
f 2027 2028 2031
f 2028 2032 2031
f 1922 2027 2031
f 1922 2031 1926
f 1922 1927 1923
f 1922 1926 1927
f 1924 1925 2029
f 1925 2030 2029
f 1925 2033 2030
f 1925 1928 2033
f 2031 2032 2034
f 2032 2035 2034
f 1926 2031 2034
f 1926 2034 1929
f 1926 1930 1927
f 1926 1929 1930
f 1928 2036 2033
f 1928 1931 2036
f 2034 2035 2037
f 2035 2038 2037
f 1929 2034 2037
f 1929 2037 1932
f 1931 2040 2036
f 1931 1933 2040
f 2037 2038 2041
f 2038 2042 2041
f 1932 2037 2041
f 1932 2041 1934
f 2039 2040 2044
f 2040 2045 2044
f 1933 2045 2040
f 1933 1935 2045
f 2041 2042 2046
f 2042 2047 2046
f 1934 2041 2046
f 1934 2046 1937
f 2042 2043 2047
f 2043 2048 2047
f 1935 2049 2045
f 1935 1938 2049
f 2046 2047 2050
f 2047 2051 2050
f 1937 2046 2050
f 1937 2050 1940
f 2047 2048 2051
f 2048 2052 2051
f 1938 2053 2049
f 1938 1941 2053
f 2050 2051 2055
f 2051 2056 2055
f 1940 2050 2055
f 1940 2055 1945
f 1941 1942 2053
f 1942 2054 2053
f 2057 2058 1947
f 2057 1947 1946
f 1942 2058 2054
f 1942 1947 2058
f 2055 2056 2059
f 2056 2060 2059
f 1945 2055 2059
f 1945 2059 1950
f 1946 2061 2057
f 1946 1951 2061
f 2059 2060 2064
f 2060 2065 2064
f 1950 2059 2064
f 1950 2064 1956
f 1951 1952 2061
f 1952 2062 2061
f 1952 1953 2062
f 1953 2063 2062
f 2062 2063 2067
f 2063 2068 2067
f 1953 2068 2063
f 1953 1957 2068
f 2064 2065 2069
f 2065 2070 2069
f 1956 2064 2069
f 1956 2069 1960
f 2066 2067 2071
f 2067 2072 2071
f 2067 2068 2072
f 2068 2073 2072
f 1957 2073 2068
f 1957 1961 2073
f 2069 2070 2074
f 2070 2075 2074
f 1960 2069 2074
f 1960 2074 1964
f 2072 2073 2077
f 2073 2078 2077
f 1961 2078 2073
f 1961 1965 2078
f 2074 2075 2079
f 2075 2080 2079
f 1964 2074 2079
f 1964 2079 1968
f 2076 2077 2081
f 2077 2082 2081
f 2077 2078 2082
f 2078 2083 2082
f 1965 2083 2078
f 1965 1969 2083
f 1968 2079 2085
f 1968 2085 1973
f 2082 2083 2086
f 2083 2087 2086
f 1969 2087 2083
f 1969 1974 2087
f 1972 1973 2084
f 1973 2085 2084
f 2084 2085 2088
f 2085 2089 2088
f 1972 2084 2088
f 1972 2088 1977
f 2088 2089 1978
f 2088 1978 1977
f 2086 2087 2090
f 2087 2091 2090
f 2090 2091 1980
f 2090 1980 1979
f 1974 2091 2087
f 1974 1980 2091
f 1978 2089 2092
f 1978 2092 1983
f 1979 2095 2090
f 1979 1984 2095
f 2092 2093 2096
f 2093 2097 2096
f 1983 2092 2096
f 1983 2096 1986
f 2096 2097 1987
f 2096 1987 1986
f 2097 2098 1988
f 2097 1988 1987
f 2094 2095 2099
f 2095 2100 2099
f 1984 2100 2095
f 1984 1989 2100
f 1988 2098 2102
f 1988 2102 1992
f 1989 1990 2100
f 1990 2101 2100
f 1990 2104 2101
f 1990 1993 2104
f 2102 2103 2106
f 2103 2107 2106
f 1992 2102 2106
f 1992 2106 1995
f 2106 2107 1996
f 2106 1996 1995
f 2107 2108 1997
f 2107 1997 1996
f 1993 1994 2104
f 1994 2105 2104
f 2104 2105 2109
f 2105 2110 2109
f 1994 2110 2105
f 1994 1998 2110
f 1997 2108 2112
f 1997 2112 2001
f 2112 2113 2002
f 2112 2002 2001
f 1998 1999 2110
f 1999 2111 2110
f 1999 2114 2111
f 1999 2003 2114
f 2002 2113 2116
f 2002 2116 2006
f 2116 2117 2007
f 2116 2007 2006
f 2003 2004 2114
f 2004 2115 2114
f 2004 2118 2115
f 2004 2008 2118
f 2007 2117 2120
f 2007 2120 2010
f 2122 2123 2012
f 2122 2012 2011
f 2008 2123 2118
f 2008 2012 2123
f 2120 2121 2125
f 2121 2126 2125
f 2010 2120 2125
f 2010 2125 2013
f 2125 2126 2014
f 2125 2014 2013
f 2126 2127 2015
f 2126 2015 2014
f 2127 2128 2016
f 2127 2016 2015
f 2128 2129 2017
f 2128 2017 2016
f 2129 2130 2018
f 2129 2018 2017
f 2011 2130 2122
f 2011 2018 2130
f 2020 2021 2132
f 2021 2133 2132
f 2132 2133 2139
f 2133 2140 2139
f 2020 2132 2139
f 2020 2139 2027
f 2139 2140 2028
f 2139 2028 2027
f 2021 2022 2133
f 2022 2134 2133
f 2133 2134 2140
f 2134 2141 2140
f 2022 2023 2134
f 2023 2135 2134
f 2023 2024 2135
f 2024 2136 2135
f 2024 2025 2136
f 2025 2137 2136
f 2025 2026 2137
f 2026 2138 2137
f 2137 2138 2142
f 2138 2143 2142
f 2026 2143 2138
f 2026 2029 2143
f 2140 2141 2145
f 2141 2146 2145
f 2028 2140 2145
f 2028 2145 2032
f 2029 2030 2143
f 2030 2144 2143
f 2143 2144 2147
f 2144 2148 2147
f 2030 2148 2144
f 2030 2033 2148
f 2032 2145 2149
f 2032 2149 2035
f 2033 2151 2148
f 2033 2036 2151
f 2149 2150 2152
f 2150 2153 2152
f 2035 2149 2152
f 2035 2152 2038
f 2154 2155 2040
f 2154 2040 2039
f 2036 2155 2151
f 2036 2040 2155
f 2152 2153 2156
f 2153 2157 2156
f 2038 2152 2156
f 2038 2156 2042
f 2156 2157 2043
f 2156 2043 2042
f 2039 2158 2154
f 2039 2044 2158
f 2043 2157 2160
f 2043 2160 2048
f 2044 2045 2158
f 2045 2159 2158
f 2045 2161 2159
f 2045 2049 2161
f 2048 2160 2163
f 2048 2163 2052
f 2049 2164 2161
f 2049 2053 2164
f 2051 2052 2162
f 2052 2163 2162
f 2162 2163 2166
f 2163 2167 2166
f 2051 2162 2166
f 2051 2166 2056
f 2053 2054 2164
f 2054 2165 2164
f 2168 2169 2058
f 2168 2058 2057
f 2054 2169 2165
f 2054 2058 2169
f 2056 2166 2170
f 2056 2170 2060
f 2057 2171 2168
f 2057 2061 2171
f 2060 2170 2173
f 2060 2173 2065
f 2061 2062 2171
f 2062 2172 2171
f 2171 2172 2174
f 2172 2175 2174
f 2174 2175 2067
f 2174 2067 2066
f 2062 2175 2172
f 2062 2067 2175
f 2065 2173 2176
f 2065 2176 2070
f 2066 2177 2174
f 2066 2071 2177
f 2070 2176 2179
f 2070 2179 2075
f 2071 2072 2177
f 2072 2178 2177
f 2177 2178 2181
f 2178 2182 2181
f 2181 2182 2077
f 2181 2077 2076
f 2072 2182 2178
f 2072 2077 2182
f 2075 2179 2184
f 2075 2184 2080
f 2180 2181 2185
f 2181 2186 2185
f 2076 2186 2181
f 2076 2081 2186
f 2079 2080 2183
f 2080 2184 2183
f 2183 2184 2188
f 2184 2189 2188
f 2079 2183 2188
f 2079 2188 2085
f 2081 2082 2186
f 2082 2187 2186
f 2186 2187 2190
f 2187 2191 2190
f 2082 2191 2187
f 2082 2086 2191
f 2085 2188 2192
f 2085 2192 2089
f 2190 2191 2194
f 2191 2195 2194
f 2086 2195 2191
f 2086 2090 2195
f 2192 2193 2196
f 2193 2197 2196
f 2089 2192 2196
f 2089 2196 2092
f 2196 2197 2093
f 2196 2093 2092
f 2194 2195 2198
f 2195 2199 2198
f 2198 2199 2095
f 2198 2095 2094
f 2090 2199 2195
f 2090 2095 2199
f 2093 2197 2200
f 2093 2200 2097
f 2200 2201 2098
f 2200 2098 2097
f 2094 2203 2198
f 2094 2099 2203
f 2201 2202 2206
f 2202 2207 2206
f 2098 2201 2206
f 2098 2206 2102
f 2206 2207 2103
f 2206 2103 2102
f 2099 2100 2203
f 2100 2204 2203
f 2203 2204 2209
f 2204 2210 2209
f 2100 2101 2204
f 2101 2205 2204
f 2204 2205 2210
f 2205 2211 2210
f 2101 2211 2205
f 2101 2104 2211
f 2207 2208 2212
f 2208 2213 2212
f 2103 2207 2212
f 2103 2212 2107
f 2212 2213 2108
f 2212 2108 2107
f 2210 2211 2216
f 2211 2217 2216
f 2104 2217 2211
f 2104 2109 2217
f 2213 2214 2220
f 2214 2221 2220
f 2108 2213 2220
f 2108 2220 2112
f 2220 2221 2113
f 2220 2113 2112
f 2214 2215 2221
f 2215 2222 2221
f 2109 2110 2217
f 2110 2218 2217
f 2110 2111 2218
f 2111 2219 2218
f 2218 2219 2224
f 2219 2225 2224
f 2111 2225 2219
f 2111 2114 2225
f 2221 2222 2227
f 2222 2228 2227
f 2113 2221 2227
f 2113 2227 2116
f 2227 2228 2117
f 2227 2117 2116
f 2222 2223 2228
f 2223 2229 2228
f 2114 2115 2225
f 2115 2226 2225
f 2225 2226 2230
f 2226 2231 2230
f 2115 2231 2226
f 2115 2118 2231
f 2228 2229 2233
f 2229 2234 2233
f 2117 2228 2233
f 2117 2233 2120
f 2233 2234 2121
f 2233 2121 2120
f 2118 2119 2231
f 2119 2232 2231
f 2118 2124 2119
f 2118 2123 2124
f 2236 2237 2124
f 2236 2124 2123
f 2119 2237 2232
f 2119 2124 2237
f 2234 2235 2238
f 2235 2239 2238
f 2121 2234 2238
f 2121 2238 2126
f 2238 2239 2127
f 2238 2127 2126
f 2239 2240 2128
f 2239 2128 2127
f 2240 2241 2129
f 2240 2129 2128
f 2241 2242 2130
f 2241 2130 2129
f 2122 2131 2123
f 2122 2130 2131
f 2242 2243 2131
f 2242 2131 2130
f 2123 2243 2236
f 2123 2131 2243
f 2134 2135 2244
f 2135 2245 2244
f 2244 2245 2248
f 2245 2249 2248
f 2134 2244 2248
f 2134 2248 2141
f 2135 2136 2245
f 2136 2246 2245
f 2245 2246 2249
f 2246 2250 2249
f 2136 2137 2246
f 2137 2247 2246
f 2246 2247 2250
f 2247 2251 2250
f 2137 2251 2247
f 2137 2142 2251
f 2248 2249 2255
f 2249 2256 2255
f 2141 2248 2255
f 2141 2255 2146
f 2142 2143 2251
f 2143 2252 2251
f 2143 2258 2252
f 2143 2147 2258
f 2145 2146 2254
f 2146 2255 2254
f 2254 2255 2260
f 2255 2261 2260
f 2145 2254 2260
f 2145 2260 2149
f 2260 2261 2150
f 2260 2150 2149
f 2255 2256 2261
f 2256 2262 2261
f 2256 2257 2262
f 2257 2263 2262
f 2147 2148 2258
f 2148 2259 2258
f 2258 2259 2264
f 2259 2265 2264
f 2148 2265 2259
f 2148 2151 2265
f 2261 2262 2266
f 2262 2267 2266
f 2150 2261 2266
f 2150 2266 2153
f 2262 2263 2267
f 2263 2268 2267
f 2270 2271 2155
f 2270 2155 2154
f 2151 2271 2265
f 2151 2155 2271
f 2266 2267 2272
f 2267 2273 2272
f 2153 2266 2272
f 2153 2272 2157
f 2267 2268 2273
f 2268 2274 2273
f 2268 2269 2274
f 2269 2275 2274
f 2269 2270 2275
f 2270 2276 2275
f 2154 2276 2270
f 2154 2158 2276
f 2272 2273 2279
f 2273 2280 2279
f 2157 2272 2279
f 2157 2279 2160
f 2273 2274 2280
f 2274 2281 2280
f 2274 2275 2281
f 2275 2282 2281
f 2158 2159 2276
f 2159 2277 2276
f 2159 2283 2277
f 2159 2161 2283
f 2279 2280 2285
f 2280 2286 2285
f 2160 2279 2285
f 2160 2285 2163
f 2280 2281 2286
f 2281 2287 2286
f 2161 2288 2283
f 2161 2164 2288
f 2285 2286 2291
f 2286 2292 2291
f 2163 2285 2291
f 2163 2291 2167
f 2164 2165 2288
f 2165 2289 2288
f 2288 2289 2293
f 2289 2294 2293
f 2293 2294 2169
f 2293 2169 2168
f 2165 2294 2289
f 2165 2169 2294
f 2166 2167 2290
f 2167 2291 2290
f 2290 2291 2295
f 2291 2296 2295
f 2166 2290 2295
f 2166 2295 2170
f 2291 2292 2296
f 2292 2297 2296
f 2168 2298 2293
f 2168 2171 2298
f 2295 2296 2299
f 2296 2300 2299
f 2170 2295 2299
f 2170 2299 2173
f 2171 2302 2298
f 2171 2174 2302
f 2173 2299 2303
f 2173 2303 2176
f 2301 2302 2306
f 2302 2307 2306
f 2174 2307 2302
f 2174 2177 2307
f 2303 2304 2308
f 2304 2309 2308
f 2176 2303 2308
f 2176 2308 2179
f 2305 2306 2310
f 2306 2311 2310
f 2306 2307 2311
f 2307 2312 2311
f 2311 2312 2181
f 2311 2181 2180
f 2177 2312 2307
f 2177 2181 2312
f 2308 2309 2313
f 2309 2314 2313
f 2179 2308 2313
f 2179 2313 2184
f 2310 2311 2315
f 2311 2316 2315
f 2180 2316 2311
f 2180 2185 2316
f 2184 2313 2319
f 2184 2319 2189
f 2315 2316 2320
f 2316 2321 2320
f 2185 2186 2316
f 2186 2317 2316
f 2316 2317 2321
f 2317 2322 2321
f 2186 2322 2317
f 2186 2190 2322
f 2188 2189 2318
f 2189 2319 2318
f 2318 2319 2323
f 2319 2324 2323
f 2188 2318 2323
f 2188 2323 2192
f 2323 2324 2193
f 2323 2193 2192
f 2320 2321 2325
f 2321 2326 2325
f 2321 2322 2326
f 2322 2327 2326
f 2190 2327 2322
f 2190 2194 2327
f 2193 2324 2328
f 2193 2328 2197
f 2326 2327 2333
f 2327 2334 2333
f 2194 2334 2327
f 2194 2198 2334
f 2328 2329 2335
f 2329 2336 2335
f 2197 2328 2335
f 2197 2335 2200
f 2335 2336 2201
f 2335 2201 2200
f 2329 2330 2336
f 2330 2337 2336
f 2336 2337 2202
f 2336 2202 2201
f 2330 2331 2337
f 2331 2338 2337
f 2332 2333 2339
f 2333 2340 2339
f 2333 2334 2340
f 2334 2341 2340
f 2198 2341 2334
f 2198 2203 2341
f 2337 2338 2342
f 2338 2343 2342
f 2202 2337 2342
f 2202 2342 2207
f 2342 2343 2208
f 2342 2208 2207
f 2338 2339 2343
f 2339 2344 2343
f 2339 2340 2344
f 2340 2345 2344
f 2340 2341 2345
f 2341 2346 2345
f 2203 2346 2341
f 2203 2209 2346
f 2343 2344 2348
f 2344 2349 2348
f 2208 2343 2348
f 2208 2348 2213
f 2348 2349 2214
f 2348 2214 2213
f 2344 2345 2349
f 2345 2350 2349
f 2349 2350 2215
f 2349 2215 2214
f 2345 2346 2350
f 2346 2351 2350
f 2209 2210 2346
f 2210 2347 2346
f 2346 2347 2351
f 2347 2352 2351
f 2210 2352 2347
f 2210 2216 2352
f 2350 2351 2355
f 2351 2356 2355
f 2215 2350 2355
f 2215 2355 2222
f 2355 2356 2223
f 2355 2223 2222
f 2351 2352 2356
f 2352 2357 2356
f 2216 2217 2352
f 2217 2353 2352
f 2352 2353 2357
f 2353 2358 2357
f 2217 2218 2353
f 2218 2354 2353
f 2353 2354 2358
f 2354 2359 2358
f 2218 2359 2354
f 2218 2224 2359
f 2356 2357 2361
f 2357 2362 2361
f 2223 2356 2361
f 2223 2361 2229
f 2357 2358 2362
f 2358 2363 2362
f 2358 2359 2363
f 2359 2364 2363
f 2224 2225 2359
f 2225 2360 2359
f 2359 2360 2364
f 2360 2365 2364
f 2225 2365 2360
f 2225 2230 2365
f 2361 2362 2368
f 2362 2369 2368
f 2229 2361 2368
f 2229 2368 2234
f 2368 2369 2235
f 2368 2235 2234
f 2362 2363 2369
f 2363 2370 2369
f 2230 2231 2365
f 2231 2366 2365
f 2231 2232 2366
f 2232 2367 2366
f 2371 2372 2237
f 2371 2237 2236
f 2232 2372 2367
f 2232 2237 2372
f 2369 2370 2373
f 2370 2374 2373
f 2235 2369 2373
f 2235 2373 2239
f 2373 2374 2240
f 2373 2240 2239
f 2374 2375 2241
f 2374 2241 2240
f 2375 2376 2242
f 2375 2242 2241
f 2376 2377 2243
f 2376 2243 2242
f 2236 2377 2371
f 2236 2243 2377
f 2249 2250 2379
f 2250 2380 2379
f 2379 2380 2384
f 2380 2385 2384
f 2249 2379 2384
f 2249 2384 2256
f 2384 2385 2257
f 2384 2257 2256
f 2250 2251 2380
f 2251 2381 2380
f 2380 2381 2385
f 2381 2386 2385
f 2251 2252 2381
f 2252 2382 2381
f 2252 2253 2382
f 2253 2383 2382
f 2252 2259 2253
f 2252 2258 2259
f 2387 2388 2259
f 2387 2259 2258
f 2253 2388 2383
f 2253 2259 2388
f 2385 2386 2389
f 2386 2390 2389
f 2257 2385 2389
f 2257 2389 2263
f 2386 2387 2390
f 2387 2391 2390
f 2258 2391 2387
f 2258 2264 2391
f 2389 2390 2393
f 2390 2394 2393
f 2263 2389 2393
f 2263 2393 2268
f 2393 2394 2269
f 2393 2269 2268
f 2390 2391 2394
f 2391 2395 2394
f 2394 2395 2270
f 2394 2270 2269
f 2264 2265 2391
f 2265 2392 2391
f 2391 2392 2395
f 2392 2396 2395
f 2395 2396 2271
f 2395 2271 2270
f 2265 2396 2392
f 2265 2271 2396
f 2275 2276 2397
f 2276 2398 2397
f 2397 2398 2402
f 2398 2403 2402
f 2275 2397 2402
f 2275 2402 2282
f 2276 2277 2398
f 2277 2399 2398
f 2398 2399 2403
f 2399 2404 2403
f 2277 2278 2399
f 2278 2400 2399
f 2399 2400 2404
f 2400 2405 2404
f 2277 2284 2278
f 2277 2283 2284
f 2404 2405 2284
f 2404 2284 2283
f 2278 2405 2400
f 2278 2284 2405
f 2281 2282 2401
f 2282 2402 2401
f 2401 2402 2407
f 2402 2408 2407
f 2281 2401 2407
f 2281 2407 2287
f 2402 2403 2408
f 2403 2409 2408
f 2403 2404 2409
f 2404 2410 2409
f 2283 2410 2404
f 2283 2288 2410
f 2286 2287 2406
f 2287 2407 2406
f 2406 2407 2411
f 2407 2412 2411
f 2286 2406 2411
f 2286 2411 2292
f 2407 2408 2412
f 2408 2413 2412
f 2408 2409 2413
f 2409 2414 2413
f 2409 2410 2414
f 2410 2415 2414
f 2288 2415 2410
f 2288 2293 2415
f 2411 2412 2417
f 2412 2418 2417
f 2292 2411 2417
f 2292 2417 2297
f 2412 2413 2418
f 2413 2419 2418
f 2413 2414 2419
f 2414 2420 2419
f 2414 2415 2420
f 2415 2421 2420
f 2293 2421 2415
f 2293 2298 2421
f 2296 2297 2416
f 2297 2417 2416
f 2416 2417 2423
f 2417 2424 2423
f 2296 2416 2423
f 2296 2423 2300
f 2419 2420 2425
f 2420 2426 2425
f 2420 2421 2426
f 2421 2427 2426
f 2426 2427 2302
f 2426 2302 2301
f 2298 2427 2421
f 2298 2302 2427
f 2299 2300 2422
f 2300 2423 2422
f 2422 2423 2428
f 2423 2429 2428
f 2299 2422 2428
f 2299 2428 2303
f 2428 2429 2304
f 2428 2304 2303
f 2425 2426 2432
f 2426 2433 2432
f 2432 2433 2306
f 2432 2306 2305
f 2301 2433 2426
f 2301 2306 2433
f 2429 2430 2434
f 2430 2435 2434
f 2304 2429 2434
f 2304 2434 2309
f 2430 2431 2435
f 2431 2436 2435
f 2431 2432 2436
f 2432 2437 2436
f 2305 2437 2432
f 2305 2310 2437
f 2434 2435 2439
f 2435 2440 2439
f 2309 2434 2439
f 2309 2439 2314
f 2435 2436 2440
f 2436 2441 2440
f 2436 2437 2441
f 2437 2442 2441
f 2310 2442 2437
f 2310 2315 2442
f 2313 2314 2438
f 2314 2439 2438
f 2438 2439 2443
f 2439 2444 2443
f 2313 2438 2443
f 2313 2443 2319
f 2440 2441 2445
f 2441 2446 2445
f 2441 2442 2446
f 2442 2447 2446
f 2315 2447 2442
f 2315 2320 2447
f 2443 2444 2448
f 2444 2449 2448
f 2319 2443 2448
f 2319 2448 2324
f 2444 2445 2449
f 2445 2450 2449
f 2445 2446 2450
f 2446 2451 2450
f 2446 2447 2451
f 2447 2452 2451
f 2320 2452 2447
f 2320 2325 2452
f 2448 2449 2454
f 2449 2455 2454
f 2324 2448 2454
f 2324 2454 2328
f 2454 2455 2329
f 2454 2329 2328
f 2449 2450 2455
f 2450 2456 2455
f 2455 2456 2330
f 2455 2330 2329
f 2450 2451 2456
f 2451 2457 2456
f 2456 2457 2331
f 2456 2331 2330
f 2451 2452 2457
f 2452 2458 2457
f 2325 2326 2452
f 2326 2453 2452
f 2452 2453 2458
f 2453 2459 2458
f 2458 2459 2333
f 2458 2333 2332
f 2326 2459 2453
f 2326 2333 2459
f 2457 2458 2460
f 2458 2461 2460
f 2331 2457 2460
f 2331 2460 2338
f 2460 2461 2339
f 2460 2339 2338
f 2332 2461 2458
f 2332 2339 2461
f 2363 2364 2462
f 2364 2463 2462
f 2462 2463 2467
f 2463 2468 2467
f 2363 2462 2467
f 2363 2467 2370
f 2364 2365 2463
f 2365 2464 2463
f 2463 2464 2468
f 2464 2469 2468
f 2365 2366 2464
f 2366 2465 2464
f 2464 2465 2469
f 2465 2470 2469
f 2366 2367 2465
f 2367 2466 2465
f 2465 2466 2470
f 2466 2471 2470
f 2367 2471 2466
f 2367 2372 2471
f 2467 2468 2472
f 2468 2473 2472
f 2370 2467 2472
f 2370 2472 2374
f 2472 2473 2375
f 2472 2375 2374
f 2468 2469 2473
f 2469 2474 2473
f 2473 2474 2376
f 2473 2376 2375
f 2469 2470 2474
f 2470 2475 2474
f 2474 2475 2377
f 2474 2377 2376
f 2470 2471 2475
f 2471 2476 2475
f 2371 2378 2372
f 2371 2377 2378
f 2475 2476 2378
f 2475 2378 2377
f 2372 2476 2471
f 2372 2378 2476
f 2381 2382 2477
f 2382 2478 2477
f 2477 2478 2480
f 2478 2481 2480
f 2381 2477 2480
f 2381 2480 2386
f 2480 2481 2387
f 2480 2387 2386
f 2382 2383 2478
f 2383 2479 2478
f 2478 2479 2481
f 2479 2482 2481
f 2481 2482 2388
f 2481 2388 2387
f 2383 2482 2479
f 2383 2388 2482
f 2417 2418 2483
f 2418 2484 2483
f 2483 2484 2487
f 2484 2488 2487
f 2417 2483 2487
f 2417 2487 2424
f 2418 2419 2484
f 2419 2485 2484
f 2484 2485 2488
f 2485 2489 2488
f 2419 2489 2485
f 2419 2425 2489
f 2423 2424 2486
f 2424 2487 2486
f 2486 2487 2490
f 2487 2491 2490
f 2423 2486 2490
f 2423 2490 2429
f 2490 2491 2430
f 2490 2430 2429
f 2487 2488 2491
f 2488 2492 2491
f 2491 2492 2431
f 2491 2431 2430
f 2488 2489 2492
f 2489 2493 2492
f 2492 2493 2432
f 2492 2432 2431
f 2425 2493 2489
f 2425 2432 2493
f 2439 2440 2494
f 2440 2495 2494
f 2494 2495 2496
f 2495 2497 2496
f 2439 2494 2496
f 2439 2496 2444
f 2496 2497 2445
f 2496 2445 2444
f 2440 2497 2495
f 2440 2445 2497