v -20.698896 361.181335 696.022339
v -15.213546 379.522827 712.449707
v -17.333366 400.853455 736.632385
v -16.568939 400.812256 760.924805
v -40.145496 346.180817 665.574402
v -32.745846 363.613037 678.750488
v -27.725801 383.675293 693.451538
v -29.186401 398.788788 718.359436
v -33.624313 408.526031 745.069458
v -61.349812 332.054749 640.515564
v -52.258080 348.343842 656.117737
v -49.701672 366.130524 665.572388
v -48.585979 375.150726 682.934448
v -43.900543 388.051880 710.110046
v -44.933754 393.019012 727.884949
v -75.080399 337.608093 630.105164
v -69.681396 350.341919 641.192200
v -67.967834 360.111359 656.847473
v -67.627609 362.380890 676.264954
v -99.818932 324.597931 610.656555
v -90.364647 336.223602 622.111084
v -87.550552 346.387146 636.864990
v -82.863457 349.149261 649.746582
v -84.467339 351.699219 664.356567
v -110.510406 323.631012 604.237000
v -104.866455 331.359894 614.770996
v -102.620552 336.343292 623.026978
v -135.728516 313.998810 598.163452
v -119.634384 326.402039 605.066956
v 3.539521 298.434204 752.721680
v 6.224048 315.976593 766.597107
v 5.935133 334.253021 787.203796
v 9.392272 320.462738 796.266418
v -17.067127 280.720642 720.939148
v -9.062532 309.029755 722.720398
v -5.625248 362.119690 737.944153
v -4.676155 385.854156 766.850403
v -10.771681 367.989502 787.026855
v -37.473507 277.810638 690.639099
v -26.927351 300.464569 690.154297
v -19.350142 334.674957 697.065491
v -32.650829 367.213715 767.417114
v -60.794746 262.481537 663.951660
v -46.505424 288.390961 666.272156
v -40.055012 322.888000 667.204285
v -53.719040 367.058228 705.596985
v -52.947201 357.109039 729.668884
v -47.614624 359.906982 747.553345
v -76.316956 279.551941 642.144592
v -65.006630 312.563690 640.802246
v -65.159859 339.394958 696.274597
v -64.718025 329.647614 712.184448
v -100.061852 279.392548 613.795837
v -88.112358 295.592072 621.522400
v -79.581329 319.664612 622.871521
v -91.293015 337.553589 642.628784
v -90.726738 325.160645 660.963562
v -81.488014 329.682526 680.476685
v -118.695648 279.921051 589.549072
v -109.378693 287.557495 597.841248
v -102.555840 313.970459 602.472656
v -108.876602 327.991089 620.232971
v -102.852379 331.961884 635.437988
v -104.382820 311.861328 648.913879
v -133.955460 272.086182 565.142822
v -126.141182 284.326355 575.121155
v -122.667953 306.927765 583.665955
v -125.092041 309.122803 597.358521
v -119.698730 320.622284 611.808777
v -123.482582 303.302948 629.862427
v -115.642326 301.610107 639.175598
v -145.064850 264.384003 540.345703
v -139.877975 274.891052 553.238708
v -134.757095 292.397156 563.274170
v -135.514236 302.744141 575.306458
v -135.969757 309.286316 589.419373
v -137.861145 294.486816 607.297791
v -129.977707 290.995941 617.305298
v -155.761993 253.438705 521.382507
v -151.109070 266.109528 533.034668
v -146.878143 276.616089 541.857666
v -148.241531 286.575989 554.994812
v -150.487732 294.592285 570.293762
v -152.763748 281.854248 587.295105
v -147.311508 281.193054 597.551819
v -162.019714 256.270355 517.947815
v -158.345779 264.620911 527.021973
v -159.905975 272.343384 537.503967
v -162.235504 278.798309 549.788208
v -163.442871 270.432587 565.232544
v -162.789688 269.740601 576.710449
v -171.248230 257.188385 515.880798
v -170.060730 265.497681 524.576599
v -173.042587 269.416809 535.188843
v -172.520630 262.612335 546.746826
v -175.189224 259.458649 553.088379
v -177.694031 254.709656 513.899048
v -177.058334 258.981842 519.446106
v -179.855881 259.444733 529.351868
v -183.603958 256.685760 537.203613
v 8.598372 229.685944 761.728210
v 13.629527 248.921341 774.227844
v 12.928807 259.131134 788.113037
v 8.200760 244.283554 786.810913
v -11.480310 214.153534 734.041199
v -1.761369 223.879242 745.196472
v -3.698306 284.646454 784.771973
v -34.152676 245.800568 709.613098
v -26.240299 204.209686 720.456787
v -25.161417 296.458649 770.437683
v -53.785049 199.420868 683.641296
v -40.657440 201.504425 701.630493
v -40.291042 161.018127 713.543945
v -51.186672 224.057556 719.065430
v -52.226978 270.433838 727.274475
v -41.524914 292.451141 752.288147
v -79.533600 181.749161 658.687439
v -68.293190 198.481323 670.303101
v -67.122398 256.838257 709.150696
v -60.606064 316.248260 730.931519
v -100.112633 196.848740 626.835632
v -91.819038 215.929291 636.073730
v -79.105354 244.133682 646.229553
v -89.291756 205.319794 661.587708
v -90.305519 239.375809 669.887146
v -76.666649 256.425995 693.883423
v -119.660736 218.819565 597.985229
v -110.012093 225.637405 607.963074
v -99.735489 248.961044 617.104065
v -103.665962 220.617264 657.179077
v -103.340302 270.931976 654.858704
v -129.198837 236.898163 583.035339
v -119.413216 260.807739 588.183716
v -128.686325 204.335693 625.269470
v -117.708801 237.252182 636.821045
v -112.424278 279.607941 645.827393
v -150.862015 233.570526 538.989319
v -141.979782 244.538620 548.650513
v -137.474152 243.086304 565.495239
v -144.603851 200.005692 605.159302
v -133.663803 228.891479 617.667908
v -128.940887 265.949554 624.471741
v -159.893066 227.370865 516.415649
v -152.415894 239.181168 525.981323
v -145.268692 256.059509 533.557312
v -159.282837 198.448380 586.098083
v -147.615234 223.079346 599.302002
v -144.163086 260.652130 605.243896
v -163.222931 223.415115 497.888580
v -160.340134 227.645462 508.797394
v -156.206467 245.546219 513.596130
v -164.793762 226.889236 577.265564
v -160.069885 253.370926 583.539917
v -167.322083 226.431229 484.632904
v -163.252502 230.525360 490.594238
v -164.381744 239.889954 498.836395
v -161.330032 246.309265 507.761993
v -178.976898 231.502213 549.842346
v -175.971405 229.911606 559.826660
v -177.400467 254.606628 469.912262
v -170.774551 232.216904 483.708496
v -173.444000 235.014053 496.322754
v -172.800949 247.386566 508.131287
v -177.230621 237.532974 520.241028
v -181.631577 234.160294 531.072998
v -182.261887 232.645828 539.997742
v -184.692627 238.058395 496.978973
v -181.400711 233.845184 503.157715
v -184.960358 226.534943 511.142761
v 8.594896 162.055267 756.001343
v 13.245310 174.394196 763.443848
v 12.483286 180.365112 774.833740
v 8.594030 168.989944 775.514465
v -11.692108 149.862015 737.674927
v -1.417970 154.446762 745.901855
v -4.095394 202.152191 773.740173
v -24.918200 147.113342 730.608582
v -23.223845 212.835861 764.996521
v -46.045002 148.658661 692.130798
v -46.472469 133.657028 709.610168
v -37.191582 139.250259 722.416382
v -48.512894 187.530090 719.060730
v -42.403439 199.970688 732.890198
v -36.881168 212.341293 751.247864
v -66.963776 150.266449 665.822327
v -60.976048 134.052353 691.361694
v -56.105877 110.424294 688.324463
v -60.265579 184.519424 707.871033
v -87.837029 167.132721 638.233643
v -85.354225 144.088547 656.913147
v -77.406731 118.797234 664.711304
v -87.004303 180.274063 669.473938
v -80.268059 185.082809 681.067810
v -73.193779 186.513718 694.949524
v -109.948570 187.553070 610.416077
v -106.546715 161.128510 628.649597
v -98.028702 134.692917 639.556030
v -100.730743 176.524475 659.862549
v -125.259285 172.576813 605.881042
v -119.235840 148.675446 616.537292
v -125.298294 176.674118 634.502441
v -115.234795 180.604080 646.162109
v -148.225983 217.227264 548.628662
v -148.168121 190.896378 562.099976
v -141.480927 187.740509 582.632263
v -142.187088 177.482407 613.465759
v -134.323608 177.837769 623.401306
v -157.938095 215.044464 523.556030
v -161.623581 198.657043 536.419678
v -159.975479 175.051819 560.725891
v -156.308380 178.171661 588.863159
v -149.396378 178.171753 601.001831
v -161.605103 214.753296 504.001831
v -169.875443 200.101303 515.415100
v -169.683105 180.640823 533.917603
v -166.785843 179.646912 576.708740
v -162.718658 216.576096 487.145721
v -170.469666 210.738831 496.897797
v -173.738007 188.480713 508.407745
v -180.688934 190.165802 554.819336
v -177.359802 186.978073 565.007507
v -171.215729 222.788727 481.611450
v -173.498169 217.157761 489.522430
v -175.107666 206.537674 497.733521
v -184.311081 208.462936 525.104675
v -183.618591 198.170776 536.948303
v -185.323608 192.635925 544.500244
v -181.712173 221.641663 499.306030
v -184.855057 209.798538 507.369049
v -184.070877 204.588470 518.983398
v -189.566132 185.971954 526.540649
v 25.613651 119.089706 753.139709
v 28.873383 116.922501 753.875305
v 7.563713 120.298759 744.128784
v 11.636379 128.239044 754.857300
v 14.218275 134.438873 769.174622
v 9.013877 124.043182 766.453247
v -11.829400 113.188713 726.326599
v -2.111422 117.022110 734.961365
v -4.690676 141.747421 764.323303
v -23.563375 109.712692 719.403076
v -23.518759 149.392883 756.481140
v -55.436176 84.751694 685.155518
v -42.695934 100.708099 703.309204
v -35.112343 105.144936 712.752808
v -47.656086 134.370270 717.143127
v -41.913898 141.941895 731.017517
v -35.787926 150.504684 746.228149
v -62.980103 100.752594 684.032959
v -52.694183 102.029663 693.788330
v -59.820694 135.166748 705.897644
v -89.592987 112.231079 654.222168
v -76.205353 103.995705 669.768188
v -82.364029 145.983490 671.079651
v -83.084404 137.267776 683.426941
v -72.700661 137.931076 693.208008
v -112.060944 126.121552 630.245544
v -100.224083 118.574928 642.324890
v -97.466331 137.761322 663.642578
v -89.304863 122.236359 665.678772
v -130.971344 133.560913 608.664856
v -121.071564 131.293045 621.446472
v -123.111397 138.549484 639.284363
v -112.858261 138.756424 651.066589
v -149.380066 143.616287 581.950195
v -140.392212 139.266953 596.785156
v -138.981873 153.832626 616.507996
v -133.475220 142.225266 631.985779
v -163.259689 150.013290 554.585938
v -156.235519 145.326172 569.403625
v -154.701675 155.301132 593.473511
v -150.006485 141.269516 611.075317
v -144.181427 131.191849 616.573914
v -173.346664 159.986679 531.064087
v -168.811905 154.836411 542.472351
v -164.764221 149.823730 586.860229
v -159.557434 137.695557 594.179199
v -176.713394 177.628677 504.981293
v -176.756973 169.244888 517.486328
v -181.128403 164.454895 560.979797
v -178.091660 156.650177 572.178589
v -177.071503 193.139664 497.016571
v -182.107224 180.282928 506.455475
v -184.995575 168.108002 514.613342
v -189.941574 147.879791 528.474365
v -186.950302 167.041046 538.580994
v -187.176254 162.514496 550.973816
v -184.812714 150.809311 560.947266
v -183.815063 194.036026 504.796234
v -189.904343 180.360123 513.476929
v -192.639221 172.346130 526.629578
v -188.555008 173.055130 530.196594
v 27.778519 107.169594 744.729797
v 27.092922 103.988930 746.815308
v 7.259622 100.511726 729.865662
v 17.547657 103.624733 736.670349
v 19.010258 112.374428 762.459290
v 8.091951 98.522972 754.774414
v -10.385001 93.624702 709.395752
v -1.383688 96.876572 718.193909
v -6.230947 109.812103 754.496216
v -21.862556 90.671715 702.690735
v -23.158186 114.039589 747.446960
v -43.887871 80.992874 682.354309
v -45.046169 85.086479 691.750916
v -33.418346 87.722473 697.408691
v -48.086716 102.860359 712.736206
v -42.101688 109.656303 726.016113
v -35.781982 116.600456 738.809875
v -57.134945 81.148483 678.706970
v -54.044308 79.763939 671.777893
v -60.353073 103.393181 701.655884
v -85.597366 88.561806 653.402893
v -73.340057 83.112366 665.105408
v -85.383362 107.327049 679.234253
v -73.805740 106.362633 689.507263
v -108.073433 99.492661 631.534729
v -96.509857 94.751892 642.438293
v -103.668098 106.934334 662.675903
v -94.397575 106.860886 671.127930
v -128.181870 107.145477 611.602600
v -117.586807 103.564072 622.899109
v -122.140404 108.443039 642.744629
v -112.200386 109.454056 652.373596
v -145.413452 109.528580 590.644226
v -136.926025 109.439911 601.463135
v -133.823425 110.367844 632.472107
v -161.389389 115.122520 563.614746
v -153.578934 112.339951 578.023682
v -153.625870 110.595284 612.868408
v -145.165390 110.417717 623.175049
v -174.119003 125.229546 537.167053
v -167.346252 120.202255 549.718384
v -167.761887 118.414864 591.416443
v -160.897263 114.601334 602.850952
v -180.674042 145.509964 512.389771
v -178.235031 135.359756 524.537476
v -178.157410 128.093811 577.754211
v -183.349472 161.283295 505.149933
v -185.076401 152.043472 512.025818
v -182.841537 157.978149 511.296967
v -188.103638 148.347000 533.886475
v -190.705399 142.071396 543.092346
v -190.525421 140.866348 553.823242
v -187.557083 137.212997 565.967102
v -193.920807 150.350052 504.507568
v -191.063095 155.034149 516.244202
v -194.758148 146.398178 529.642151
v -193.827194 136.520584 534.934570
v 25.924946 97.347702 727.356934
v 26.255810 99.076752 735.200989
v 26.112137 91.946373 729.211243
v 9.222742 91.529892 709.625916
v 17.415113 95.082718 717.600281
v 22.394260 99.063087 748.857422
v 10.889451 99.668915 747.490234
v -7.719266 84.746208 689.976501
v 0.802269 87.566422 698.196106
v -4.742319 94.580681 742.825745
v -19.479143 82.417671 684.308777
v -23.991594 98.732483 736.564453
v -50.219933 70.747566 656.645020
v -39.072750 78.125610 672.951294
v -31.225704 81.210190 679.849670
v -48.919399 85.986656 706.435425
v -43.065781 93.203255 718.285828
v -37.049297 99.688622 728.801331
v -70.927124 65.810493 643.747742
v -56.292824 76.911186 661.154114
v -49.351776 77.048019 669.614929
v -61.146648 84.768234 696.307495
v -89.610779 63.215561 632.796143
v -76.042549 73.043480 649.586670
v -68.691719 71.616028 656.992981
v -85.675522 88.046577 676.556702
v -74.917114 88.211052 685.795776
v -99.916367 76.341339 633.816895
v -88.756386 75.065857 640.788757
v -103.418274 85.792603 660.326416
v -93.647087 88.014557 668.200806
v -126.379723 81.642860 613.367676
v -115.541634 79.192833 622.875183
v -117.583138 90.305740 644.314880
v -115.780800 86.049385 654.392700
v -143.519989 84.106323 593.966553
v -135.169601 84.000656 603.874573
v -133.424927 84.911407 638.055786
v -124.045303 76.894760 642.311646
v -160.985855 79.442665 556.169922
v -157.919769 90.824921 569.412537
v -151.980515 87.679512 583.002319
v -152.252747 81.754166 614.370300
v -143.742233 83.583664 625.311523
v -173.985977 97.662094 544.159302
v -162.246414 99.232758 557.690674
v -167.844421 85.737701 593.739502
v -160.317169 82.433853 604.151733
v -182.592850 113.835251 516.902161
v -179.096344 103.477364 530.337585
v -177.450806 96.407036 581.937378
v -185.549316 132.798996 510.941925
v -188.443527 122.839264 517.268494
v -189.308319 113.950546 524.437012
v -192.542740 118.243027 547.034485
v -189.723709 114.577438 556.986816
v -187.040985 109.095215 569.353943
v -193.888214 140.244400 516.393982
v -196.314087 130.476898 524.054138
v -198.014816 124.726471 533.625122
v -197.373886 122.135887 540.103394
v 20.741562 80.388962 683.582336
v 28.104483 87.369766 706.381592
v 30.868652 88.546364 713.540833
v 27.501713 84.621040 723.118896
v 10.647297 86.484077 692.741211
v 23.128969 86.274239 700.943909
v 12.235165 96.226326 739.583252
v 3.070333 82.108841 735.022888
v -6.249300 78.292740 673.798096
v 2.281205 81.961288 681.124817
v -4.276250 92.030182 736.546936
v -8.317990 89.055664 737.602844
v -18.420345 75.766129 668.896912
v -24.770483 90.824112 729.717468
v -21.371197 85.741432 728.315857
v -41.680466 70.930702 654.068726
v -40.837334 74.378693 658.113159
v -30.924767 73.900955 664.374084
v -47.213528 79.948814 704.601868
v -49.076900 82.451836 709.742188
v -38.287872 87.121666 717.786804
v -61.118042 69.204308 641.405945
v -54.062233 65.861328 648.348450
v -50.712021 69.203133 647.025696
v -62.532463 75.183777 694.097656
v -53.946926 75.353241 695.103760
v -79.691704 63.607658 630.849548
v -72.523071 60.855682 638.202698
v -68.936188 65.672142 634.311523
v -85.392235 73.531647 672.175903
v -74.757401 75.332779 681.613770
v -91.785187 63.130802 625.601074
v -88.251602 58.991604 621.881531
v -102.081627 70.083069 657.671936
v -92.933800 73.013290 664.299377
v -124.042992 60.791927 609.535522
v -112.309692 61.323448 617.175720
v -114.675323 69.196846 650.522827
v -141.596573 60.675484 593.578735
v -133.155640 61.609138 601.649231
v -134.883667 65.020950 635.524414
v -126.720070 68.941986 643.828430
v -158.252121 70.575607 563.077759
v -159.677338 64.920158 572.135315
v -149.501190 63.186745 583.971863
v -151.822983 55.150688 613.662537
v -142.791824 59.799362 624.717773
v -173.073395 71.362778 549.061829
v -168.142883 54.573376 562.036499
v -168.096634 56.692757 594.230713
v -159.866135 55.200905 603.686584
v -183.125397 83.923058 521.671326
v -180.627777 77.374908 534.002991
v -178.656921 63.908562 584.727173
v -186.481155 100.594841 513.588318
v -189.178864 95.401451 521.643372
v -191.167480 88.420700 529.357544
v -192.069855 91.448570 550.137878
v -190.461136 86.626221 558.806396
v -187.384186 77.717934 572.020508
v -195.787262 106.674690 529.819031
v -198.904068 98.734795 535.940918
v -196.552368 96.069183 543.471741
v 38.463570 74.269814 686.547729
v 42.273605 72.084740 693.655273
v 25.662081 77.936836 676.262878
v 32.321289 80.635544 690.400696
v 34.489738 81.174240 708.238403
v 27.408888 73.562477 716.848145
v 14.155260 77.702499 670.755554
v 18.283276 83.286522 732.166626
v 4.403513 73.208641 737.619568
v -5.825641 74.422218 660.440796
v 2.471689 77.115189 666.473572
v -18.721468 72.928963 733.038452
v -8.067683 82.817848 740.157288
v -17.345402 70.704163 656.051758
v -26.253839 80.208382 726.880188
v -18.507040 89.407005 739.604553
v -37.698685 65.800728 646.132629
v -29.292456 68.446121 650.986450
v -49.031410 74.043808 702.097290
v -39.025509 77.135185 710.770691
v -55.258335 62.530857 634.251099
v -46.183182 62.217007 639.789490
v -66.364105 68.171570 683.244202
v -56.337749 72.696587 691.307739
v -74.969650 56.332642 621.808899
v -64.409851 59.004524 628.180786
v -85.275749 61.113918 667.054138
v -74.290443 64.056808 675.170166
v -95.905762 50.194775 610.880981
v -84.995667 53.713131 615.446167
v -100.520340 61.631424 656.674194
v -95.782623 57.626842 660.816589
v -119.006042 46.417953 599.270264
v -107.324799 48.368603 606.010742
v -112.955078 55.077866 649.041138
v -107.648186 54.842941 651.221863
v -138.045517 44.452305 586.645264
v -128.354965 45.637920 593.152344
v -132.274979 49.714714 632.402588
v -124.549850 54.268574 640.084045
v -155.327545 44.564838 569.958435
v -146.063599 43.092159 580.040955
v -149.876770 35.755718 611.403687
v -140.380249 43.421825 622.067993
v -174.743896 48.006180 545.627563
v -164.374908 45.966145 558.841614
v -170.210220 36.979984 598.441284
v -165.819000 33.767231 603.513733
v -183.278915 66.121155 522.567505
v -189.285950 60.219879 530.178711
v -182.895172 38.980476 587.009460
v -177.019241 26.177998 593.404907
v -188.216446 75.770935 519.888794
v -191.080780 70.318260 526.803223
v -192.147705 65.551369 533.305908
v -192.960205 62.455997 539.283630
v -194.789551 68.047577 548.900391
v -191.625870 61.050892 561.126343
v -189.701157 51.010765 573.392029
v -196.248611 82.445374 533.508606
v -198.074463 78.432861 540.588379
v -196.138901 78.298477 545.045959
v 90.363800 54.114143 612.603577
v 93.778755 54.417603 622.269104
v 94.926147 54.541527 630.471924
v 75.366318 54.127155 614.175964
v 80.803871 56.932636 625.270325
v 83.285835 62.060360 639.517639
v 82.890205 61.470917 656.505859
v 90.361877 60.740654 669.130249
v 58.543221 53.369175 612.983032
v 63.323357 58.044662 623.709595
v 66.366470 61.685959 638.046814
v 70.942368 64.951576 658.164368
v 74.436325 66.856903 676.524353
v 78.950829 64.574928 693.608032
v 38.625843 57.095917 616.442322
v 47.720135 62.153294 616.962341
v 50.933521 63.342598 637.170959
v 54.375008 65.293594 656.789185
v 58.727795 68.331802 678.160400
v 64.308899 66.154137 692.228394
v 32.801247 59.182709 626.735962
v 37.028805 64.366226 638.894775
v 40.036884 66.779144 657.069763
v 47.953762 71.946419 681.635376
v 50.333237 71.606834 702.038818
v 44.813385 64.270348 717.401733
v 19.828575 59.959923 629.976929
v 24.262110 65.091927 642.356750
v 28.470230 72.590546 662.274475
v 38.244293 70.904549 672.519775
v 39.460583 75.633522 708.489136
v 33.931149 72.709114 726.143921
v 23.377613 66.219749 743.728149
v 6.660717 61.045898 631.856567
v 11.630614 66.349319 644.635376
v 17.260948 71.174637 657.843872
v 19.392311 75.162819 733.989624
v 12.262735 68.664078 744.549927
v -6.761275 61.154514 633.648804
v -4.109463 70.117104 647.398682
v 6.012348 70.372421 657.247375
v -14.345890 76.468491 735.100403
v -7.007348 71.223557 743.207458
v -21.215614 59.469898 633.362915
v -12.105792 66.293518 644.468872
v -27.331329 72.325447 723.570312
v -22.816347 71.181503 734.464172
v -38.287506 52.227844 624.291626
v -34.550457 62.973522 631.621948
v -22.759455 64.552139 644.823242
v -49.336792 67.830315 699.359436
v -39.153542 70.507027 710.410278
v -48.734829 57.454872 622.533752
v -38.624161 59.620861 634.239380
v -65.842506 59.801907 676.607178
v -56.139267 65.816841 687.242310
v -69.817818 48.707733 611.962158
v -60.031326 52.861328 618.276367
v -83.523949 57.407513 666.087708
v -76.898926 54.813110 669.450684
v -90.043945 42.058453 599.058044
v -79.620262 45.506088 605.133118
v -95.664574 48.905857 656.305298
v -90.132942 52.620316 659.136841
v -111.920929 36.629978 587.851196
v -101.038460 39.781849 593.068665
v -114.753105 46.461533 642.714417
v -107.606964 48.786976 648.346863
v -131.861679 33.442623 576.651306
v -121.994362 34.385925 582.287415
v -128.830002 37.400562 627.111023
v -121.333321 42.080982 634.445129
v -150.703293 33.119976 572.759094
v -150.513885 33.606632 574.827820
v -147.757935 22.629763 607.541260
v -136.475327 30.844120 616.871155
v -174.243561 31.202217 544.475159
v -167.966919 33.618629 559.597107
v -159.976074 28.941683 564.716370
v -162.438324 17.738209 597.810425
v -184.192307 38.093159 536.643555
v -191.819244 34.228432 537.746094
v -188.728424 24.100328 587.711853
v -181.931580 21.293081 592.249512
v -191.755920 50.465588 532.182373
v -194.037613 48.673988 538.287659
v -195.263565 48.102947 544.133728
v -195.054153 46.844601 552.413635
v -195.675491 42.131115 562.758240
v -194.408554 34.961823 575.142883
v -194.207260 22.736719 581.623718
v 156.747452 34.634377 538.391052
v 162.448090 37.907715 542.771179
v 167.181396 39.998795 554.566711
v 172.496674 39.439590 566.632874
v 173.619568 31.581379 575.546814
v 141.525543 36.871284 537.104370
v 148.501007 40.431122 546.281799
v 151.819733 40.053841 556.251404
v 156.943466 41.627239 568.493652
v 159.154022 41.139812 579.532837
v 160.963913 33.357960 590.407104
v 119.216179 32.234478 528.174438
v 125.988373 34.915264 534.231689
v 130.313934 38.538387 546.249146
v 135.307190 39.970383 558.956421
v 139.712723 40.551594 571.818909
v 143.097778 42.838314 585.244385
v 146.635513 42.923351 597.888916
v 150.212585 35.125412 608.668213
v 105.177544 32.181065 526.324707
v 111.210480 37.027172 536.927002
v 114.277184 38.718468 547.598083
v 118.385078 39.108624 560.264893
v 123.665207 40.441849 574.071594
v 126.959320 42.586346 587.618774
v 129.173004 44.023449 601.028931
v 135.213608 43.767735 610.310303
v 87.236511 30.949404 524.841858
v 94.534828 35.822079 536.090393
v 98.545631 38.880394 547.813293
v 102.170670 40.731022 559.701111
v 107.724625 41.656948 573.626770
v 111.539856 42.822590 588.118164
v 112.854187 43.329018 602.095642
v 116.015656 47.237354 615.554321
v 121.034958 42.621998 622.287170
v 70.522797 28.540617 523.535767
v 77.280472 33.275066 534.108948
v 82.296143 39.005768 546.917542
v 87.277077 40.865036 559.176147
v 91.888374 42.303688 573.114502
v 96.063446 43.403934 586.825134
v 98.085449 48.853279 603.650757
v 102.835770 49.056580 617.131287
v 102.709312 51.544098 627.304504
v 109.808098 46.613457 642.994873
v 53.657341 22.720150 517.652649
v 62.023388 32.251144 531.575378
v 65.695366 36.694897 545.326599
v 71.686249 39.742828 559.033386
v 76.283119 41.473984 573.312866
v 79.872261 43.780560 587.125122
v 85.648674 47.848064 600.213135
v 92.308578 59.073341 641.738342
v 94.716858 56.720203 646.248230
v 96.010849 50.181297 665.608459
v 44.324516 29.287975 534.819763
v 50.451565 34.316071 544.494690
v 55.934265 38.346054 558.223633
v 60.948570 40.819176 573.104187
v 62.287243 42.588718 588.564758
v 67.882980 47.409233 600.870789
v 88.133934 59.309361 680.314697
v 84.849373 53.599499 691.282410
v 28.572859 24.715948 533.418762
v 36.774918 34.549244 544.320435
v 41.801918 37.272072 556.942993
v 46.418568 39.879662 571.873291
v 48.275467 42.575058 588.511963
v 50.422279 53.327751 602.887451
v 37.445580 55.161289 616.753235
v 70.602219 61.496181 704.289917
v 69.297340 55.555527 718.323730
v 15.329876 25.636337 534.665771
v 21.090687 32.184376 542.739563
v 28.112906 36.742146 555.646973
v 32.451843 39.721031 570.305298
v 35.150307 43.728916 588.064392
v 36.396263 46.735115 602.465637
v 41.096436 51.534386 613.829590
v 58.498764 68.930084 710.231689
v 53.659504 57.331352 719.687622
v 1.477517 26.241407 535.829224
v 7.441563 32.499313 543.119263
v 14.557076 36.228497 554.844238
v 18.219803 39.324142 569.118469
v 21.642851 44.205097 587.210083
v 23.173685 48.340271 603.003723
v 27.701683 52.784260 614.765442
v 37.470741 61.552868 731.406372
v 26.447601 52.096855 745.725342
v -3.487733 30.781300 544.746704
v 2.372046 35.445469 554.369690
v 5.275030 39.130829 568.335510
v 7.892668 44.168934 586.177185
v 10.253265 48.895054 603.057800
v 14.926921 53.954472 616.512756
v 11.654918 56.975624 750.353760
v -15.790277 29.854403 547.159424
v -10.398995 33.850300 556.009216
v -7.953796 38.579380 568.816040
v -5.465798 43.183491 586.186646
v -2.775679 48.488850 603.663452
v 2.210467 54.150848 617.934753
v -7.199461 58.602512 745.600281
v -26.038052 29.443035 548.957520
v -20.663935 34.431923 557.538391
v -20.109304 38.565411 570.735413
v -18.533371 43.058067 588.255005
v -16.242373 48.504429 605.326233
v -10.998563 53.222984 619.786133
v -32.670158 64.544617 724.196716
v -22.243885 63.893276 736.155701
v -45.900181 34.269745 554.040039
v -37.860733 36.065517 562.182251
v -31.856766 39.208107 573.209229
v -31.496780 43.598484 590.287537
v -30.831284 52.739464 610.514343
v -22.113407 52.514179 620.229065
v -48.974800 63.206623 698.650146
v -39.327019 65.166260 710.414246
v -50.168465 32.213531 564.833618
v -45.121952 39.304199 577.150879
v -45.169453 43.281078 593.055786
v -40.423634 48.519424 610.035095
v -67.221901 56.502563 673.768188
v -57.017704 62.193546 685.183533
v -68.117554 30.586670 568.302917
v -62.635300 37.094231 581.226318
v -57.026138 46.399387 599.957214
v -52.897800 47.923805 609.316406
v -77.859001 50.426193 665.155823
v -85.904984 30.231878 571.283752
v -76.990845 38.739517 588.266235
v -71.900917 43.477783 595.089355
v -99.418510 45.276634 649.323608
v -90.633202 48.382008 655.904663
v -109.905571 23.476887 562.250732
v -100.868538 30.598503 577.428406
v -92.191757 37.918854 582.425659
v -111.213104 37.320637 635.025330
v -105.015137 41.272148 641.118713
v -131.072723 18.617956 554.080322
v -122.510490 24.277878 566.726074
v -113.049744 32.097088 572.843506
v -126.284882 25.326746 620.451050
v -117.530823 32.235519 628.118774
v -145.835587 16.833126 551.073181
v -135.465012 24.916674 562.415955
v -147.803650 10.402552 603.822632
v -134.246933 18.215279 611.375122
v -174.211227 21.053694 540.621704
v -165.552399 21.430317 548.979736
v -152.849197 27.607252 561.155396
v -163.162720 7.544980 595.588867
v -184.797775 26.524279 538.041443
v -192.292038 26.280382 538.536865
v -182.464600 10.745571 589.005798
v -196.154480 36.574791 540.416138
v -198.206741 34.564075 545.518555
v -198.016785 34.416462 553.408936
v -198.833771 30.085646 561.880981
v -199.183121 25.794514 571.018127
v -194.800705 18.992485 580.507568
v 160.949081 24.533602 522.901245
v 165.681046 29.602024 530.292786
v 169.971359 32.122173 539.955505
v 176.658768 32.990475 553.693298
v 182.888229 30.524075 565.093262
v 185.293747 27.369093 573.006470
v 146.117050 25.203011 520.666687
v 153.979004 32.423759 528.110291
v 175.615707 33.645760 580.123718
v 172.518250 27.319481 586.351685
v 125.598167 18.509195 510.690460
v 130.235489 22.845173 520.190186
v 137.146423 32.285107 529.561707
v 161.457886 33.420586 598.636230
v 160.394684 25.719931 603.456055
v 110.296295 19.283005 509.171417
v 116.046623 25.265587 518.395142
v 145.877747 33.058327 607.891418
v 89.211601 14.009709 490.973358
v 97.015175 18.238199 502.962799
v 99.120537 25.101532 515.299805
v 131.277710 39.192146 612.906677
v 129.410751 30.214716 619.142822
v 75.832863 13.645962 492.241028
v 77.595840 18.070757 503.427002
v 81.188416 23.836786 513.296936
v 115.033737 38.122658 628.609070
v 112.879082 41.506508 640.847900
v 55.029625 6.914261 476.351227
v 62.262676 14.491208 487.268219
v 61.289532 16.788433 502.179169
v 62.936394 24.870329 518.449280
v 49.603111 20.292946 519.488464
v 108.888947 35.949978 640.476501
v 104.703575 38.500801 648.445496
v 102.464058 43.032639 666.427673
v 42.737770 6.552034 479.253632
v 46.757294 12.452061 491.102753
v 47.154419 16.803896 503.044189
v 47.673809 19.883553 514.232178
v 51.991386 24.173815 523.998657
v 100.308479 38.817524 666.206421
v 91.489754 42.461933 675.532288
v 90.238213 47.775429 693.678711
v 28.584452 6.186718 479.945374
v 33.270123 12.057203 492.312439
v 34.152824 16.661619 504.369629
v 34.671040 19.524561 515.149109
v 37.784271 26.866430 530.967529
v 25.333622 22.888990 535.016846
v 88.935432 45.223083 694.360901
v 75.109322 46.760681 701.375916
v 71.883240 52.822964 722.678894
v 14.808267 6.479843 481.339752
v 19.779448 12.448899 493.533905
v 21.118689 16.712095 504.871429
v 21.240395 19.738085 515.297791
v 22.871408 25.433678 527.744324
v 31.643244 27.169247 534.941101
v 70.423561 50.767323 725.479797
v 57.080418 49.338352 733.322510
v 53.041553 39.037956 754.718872
v 1.161039 6.598082 482.443420
v 6.611966 12.952566 494.528198
v 8.818806 16.788620 505.324402
v 9.585064 19.818336 515.564819
v 9.061625 25.547485 530.521118
v -2.685989 24.854322 536.651184
v 44.686077 59.151115 741.187256
v 31.853743 45.902775 764.279175
v 29.101988 26.116274 788.558533
v -11.904577 6.374157 483.486542
v -6.606813 12.621424 495.446747
v -3.897440 16.046089 505.752441
v -1.845175 19.089148 516.331848
v -1.263298 22.731958 525.989746
v 3.666072 26.492275 535.392700
v 12.876703 45.955936 764.654846
v 12.039996 28.627123 788.504272
v -23.940397 5.791383 484.098083
v -19.065454 12.131962 495.824677
v -16.600868 15.729015 506.400238
v -14.604472 18.994181 516.728027
v -12.780665 22.018213 527.520935
v -7.858153 26.211348 536.501709
v -10.323127 48.992073 764.798828
v -3.695239 31.203333 780.982849
v -35.382793 5.711643 484.784851
v -31.267038 11.643769 496.319031
v -29.480110 15.529423 507.066223
v -27.725990 18.894567 518.038452
v -24.925104 21.836195 529.558838
v -19.430275 25.540813 538.248230
v -37.387955 55.410294 714.652161
v -32.443302 61.628265 721.143677
v -21.575247 53.966789 744.434021
v -48.162655 3.133953 484.855133
v -43.956390 9.814021 495.728516
v -42.078438 14.343949 507.809509
v -40.460827 17.388611 518.842346
v -37.330692 20.611921 531.330627
v -36.913410 28.330143 546.039124
v -48.181816 32.168896 555.070374
v -53.500084 52.951382 683.532288
v -41.908337 57.981880 698.678040
v -38.907272 65.822243 719.916565
v -71.739120 4.205473 484.417877
v -59.456459 5.892486 488.705475
v -54.439297 11.334242 506.712067
v -53.261307 14.707835 519.431030
v -50.627964 17.771561 531.841492
v -46.755341 20.542158 541.824341
v -41.308517 26.751629 552.132874
v -72.576431 45.140358 656.545898
v -59.880867 56.500225 672.367371
v -54.962780 63.912178 690.972107
v -72.913666 1.397232 497.301208
v -68.323387 7.494678 506.758453
v -67.123489 11.930112 519.611328
v -65.005745 15.583897 532.242859
v -62.260933 19.025434 543.342834
v -56.189434 25.040445 554.180908
v -80.579811 41.652817 653.579590
v -77.903671 46.872303 659.264771
v -91.570061 2.247755 496.960419
v -83.951836 5.221828 508.332367
v -82.178322 10.295441 520.858398
v -81.251152 14.745633 533.170044
v -79.187531 17.914852 545.109863
v -74.135933 22.537743 556.272400
v -97.073334 26.809347 630.060791
v -91.798302 36.493893 641.263855
v -87.743126 47.649567 655.531799
v -109.591171 5.747907 497.296356
v -106.251884 5.783451 502.249664
v -101.146576 10.687390 522.131470
v -97.120064 13.007368 536.351257
v -95.540253 19.797798 552.850525
v -87.643845 26.469961 559.218140
v -108.773956 29.255013 631.837402
v -100.834496 38.888691 638.186096
v -125.032257 8.953684 510.931152
v -129.528732 10.813623 519.600403
v -118.366791 15.271076 542.146606
v -108.131706 19.777796 551.141541
v -125.402733 15.220886 613.293762
v -113.845619 21.705839 623.399231
v -153.618469 14.867456 526.502686
v -135.976959 14.431367 540.005920
v -151.606079 5.254672 602.221558
v -144.340118 9.223483 604.428650
v -173.222336 14.346840 532.331604
v -158.363693 17.369795 541.602051
v -165.736526 0.940680 593.062866
v -161.356155 -0.052392 595.988037
v -185.390915 20.549690 534.198059
v -190.714645 20.090229 535.669128
v -185.062744 3.089984 583.538940
v -197.386307 27.902033 540.214355
v -198.367462 25.650665 544.934692
v -198.253143 25.771275 552.629089
v -199.508881 23.319115 560.672852
v -200.647919 19.836271 568.474670
v -196.902222 12.851220 576.329956
v 164.989304 23.007256 519.084900
v 168.079742 18.317457 526.988953
v 176.772705 23.246099 541.042297
v 183.258667 21.987700 552.944702
v 189.647629 19.270905 563.432007
v 191.149734 14.511718 569.353638
v 157.488174 15.921349 516.883789
v 160.941299 15.923120 516.296570
v 183.691635 22.722841 576.719666
v 181.438843 14.719441 579.172058
v 136.556839 14.727860 506.232513
v 144.241547 17.325228 509.874054
v 165.925369 18.191284 588.222168
v 162.570190 16.379877 596.073364
v 126.992218 11.854698 497.267639
v 155.469940 9.691337 587.396362
v 154.043869 16.751406 599.513855
v 102.984558 8.346563 486.456787
v 112.979218 10.189047 492.935577
v 131.323196 9.068987 569.702515
v 137.369400 15.229459 582.921692
v 136.945847 22.336964 603.316162
v 130.617828 23.825882 614.147278
v 81.567039 3.634033 466.554474
v 93.082649 6.855818 478.732971
v 119.560219 17.233429 572.510254
v 119.395493 22.508875 586.751465
v 121.511810 24.421782 604.743591
v 121.466446 28.209305 618.849792
v 60.699280 -2.820864 454.314331
v 71.990288 4.143826 465.874451
v 74.561317 10.428655 477.211395
v 99.256134 16.341358 556.813171
v 105.973244 20.067448 566.282654
v 102.447067 27.817390 587.797668
v 105.493637 29.603266 608.436890
v 106.442902 32.333244 628.725159
v 104.051682 32.129631 642.939453
v 41.178619 -9.396333 443.748352
v 49.456970 -5.023251 451.970001
v 53.169388 1.819671 465.503723
v 78.193146 11.249700 541.476135
v 86.335175 19.160545 551.748779
v 83.115471 25.509924 571.988342
v 84.922668 30.369892 590.522217
v 88.297356 33.592854 611.709656
v 92.489586 34.635414 632.813232
v 94.870979 39.687378 653.947266
v 94.588425 36.912628 670.112549
v 21.891663 -14.992480 433.678986
v 29.404221 -11.910605 440.496979
v 32.717083 -5.154165 453.519318
v 37.669140 0.494039 465.818756
v 63.618919 16.791515 545.726013
v 64.218849 22.923197 558.832458
v 64.931198 27.541527 576.085999
v 67.146355 32.445885 593.326904
v 71.422882 37.387459 613.477661
v 75.645691 39.681530 636.468018
v 79.643105 41.071507 658.786560
v 80.826019 44.415203 679.820007
v 80.194611 43.673622 699.118958
v 5.945939 -19.311979 424.863922
v 11.057260 -16.649448 429.457001
v 15.029341 -10.115868 442.666992
v 17.462276 -5.617026 454.444733
v 22.600428 0.110760 468.003448
v 45.355556 17.191648 547.218201
v 46.923580 23.491484 561.390625
v 48.151421 28.588476 578.139832
v 49.497967 33.816376 595.494934
v 52.552647 39.469604 616.117432
v 56.810112 44.211109 639.145508
v 60.493690 47.230904 661.921570
v 62.949265 46.843037 686.020508
v 62.146828 47.721676 708.733521
v 58.918167 42.600739 739.181885
v 53.966740 30.027863 766.139282
v -3.432962 -18.966749 421.959961
v -0.540267 -13.807194 432.579926
v 0.960554 -10.008485 443.574097
v 3.751732 -5.388962 456.640625
v 8.964703 0.101619 469.594574
v 27.117561 16.577372 547.856262
v 29.545837 23.458843 562.658081
v 29.595779 28.545927 579.339539
v 29.879416 33.902267 597.012695
v 32.222115 39.444820 617.702576
v 35.960342 44.918415 641.263916
v 38.444420 50.595203 664.531433
v 42.466930 52.896324 689.077271
v 44.022457 48.730782 715.197632
v 35.097084 38.408081 751.058594
v 36.934303 28.014187 779.023376
v 30.650623 3.068585 806.815247
v -16.390045 -20.117723 421.580597
v -13.863604 -14.411781 433.151276
v -11.709641 -10.373793 445.263123
v -9.400650 -6.256066 458.155121
v -3.987446 0.141271 470.909515
v 8.286340 15.140548 548.060120
v 10.425948 22.583685 562.693481
v 10.561050 28.308672 580.055115
v 10.232128 33.657444 597.595825
v 11.660988 38.798229 617.995911
v 14.160520 44.959854 642.232422
v 16.126930 51.748699 664.729309
v 19.542759 57.178417 689.832520
v 20.275696 55.126026 715.874207
v 12.819010 43.318829 739.003967
v 6.457398 -0.542814 819.461609
v 1.446666 -44.233631 842.067871
v -28.054920 -19.974894 421.735626
v -25.821417 -14.228134 433.792358
v -23.530176 -10.797469 445.991882
v -21.557692 -7.066485 458.958984
v -16.470228 -0.390617 471.848328
v -9.881361 14.443947 548.358398
v -7.840663 21.848963 562.528931
v -7.639422 27.950020 580.246948
v -7.956765 33.546673 598.242615
v -7.543407 38.764679 618.311279
v -6.531390 45.036694 641.982666
v -5.655614 51.178410 663.376404
v -3.393662 56.826237 688.175476
v -3.313095 57.855930 711.354309
v -10.997673 44.817570 733.444092
v -16.092278 29.279200 785.995850
v -21.529493 2.578226 812.782532
v -6.604540 -29.446802 832.206726
v -38.428566 -18.568390 422.629333
v -37.882988 -14.983279 431.504303
v -35.701599 -10.826151 444.627991
v -32.351849 -6.742277 459.918762
v -27.920816 -0.816366 472.475067
v -26.533255 14.291521 549.369568
v -24.825697 21.524740 563.409790
v -25.131403 27.264833 581.114380
v -25.663286 33.685230 599.235413
v -25.295193 39.875629 618.493042
v -25.668346 45.099850 640.816833
v -25.412670 49.898582 661.555725
v -25.143898 53.858723 684.593018
v -26.091270 55.787525 709.563354
v -23.124777 49.163040 737.873596
v -27.865797 35.893791 769.077576
v -26.868540 15.213343 795.298462
v -58.133438 -11.250087 425.579010
v -45.383804 -16.037020 426.174103
v -46.384228 -12.701523 440.749847
v -44.873177 -8.809047 457.582397
v -39.578526 -1.572483 472.520081
v -41.944645 14.788925 551.593506
v -40.512749 22.004477 565.348022
v -40.759014 27.717216 580.977661
v -41.035652 33.023388 598.619629
v -42.303242 40.105236 617.805847
v -42.542671 44.895733 638.479309
v -43.626904 47.903694 659.432312
v -42.852135 52.160862 682.021667
v -36.527176 56.711304 702.798889
v -60.119823 -12.040599 442.323090
v -56.767467 -9.221348 455.936096
v -57.805119 0.416659 476.352295
v -73.773514 2.165798 486.114410
v -52.994602 16.374575 555.764099
v -53.560863 19.515163 563.705078
v -54.485489 24.624041 580.338928
v -56.884125 32.343822 598.279297
v -59.209137 38.444485 617.181763
v -59.991394 42.826351 635.860779
v -61.098064 47.954941 653.601990
v -53.671814 52.814327 670.962524
v -71.294884 -10.010005 443.979950
v -69.689789 -9.466698 455.906647
v -68.516724 -5.566498 471.554962
v -64.253883 -2.958766 486.558014
v -74.240189 24.053980 582.888977
v -73.934624 30.682085 598.942688
v -75.432716 33.840340 614.967651
v -77.042717 35.471230 632.172485
v -76.624702 39.957550 644.989075
v -88.927147 -5.589967 458.742920
v -86.738503 -6.579465 471.268463
v -80.425148 -2.395734 485.901581
v -88.451393 22.806362 584.710083
v -93.455200 23.269705 595.492554
v -90.114113 29.206200 614.274109
v -91.325851 29.099016 626.572388
v -87.041298 35.913059 640.010071
v -103.785767 1.851921 459.918030
v -98.621498 -3.697640 467.327728
v -108.070732 -5.987635 481.799225
v -113.755836 4.486848 499.868378
v -112.587593 17.616835 598.931946
v -105.635963 20.365107 612.402771
v -101.718681 20.223690 623.366150
v -119.701202 -0.319507 490.296143
v -127.995163 0.682874 497.215607
v -130.054337 8.855491 513.352722
v -130.154419 8.098935 594.438538
v -125.793060 11.110240 610.304443
v -111.819565 19.217777 617.919922
v -136.222107 3.514251 503.774933
v -145.556900 7.134099 510.276733
v -146.974670 4.149054 592.308228
v -151.346252 4.446060 596.156860
v -169.211288 12.795538 521.298340
v -175.479645 -2.057577 591.739380
v -172.376831 1.187872 591.392456
v -183.781616 16.368307 529.254761
v -188.143799 13.605574 533.707397
v -188.041779 -0.037393 584.044495
v -189.769302 1.344096 585.709778
v -195.293274 19.986448 538.657349
v -197.343475 18.245657 543.796753
v -197.835846 18.663126 550.535522
v -199.633347 16.449717 558.966309
v -201.194931 13.143848 566.980957
v -199.104324 9.008416 576.952759
v -200.682343 8.397223 583.540527
v 173.318970 10.077986 527.236206
v 180.544556 15.847643 537.312256
v 186.894562 11.691700 550.554688
v 192.250824 9.060811 561.096924
v 188.166702 3.448505 564.687256
v 160.710876 13.967313 510.747437
v 170.966644 14.549334 520.121826
v 174.041809 13.387467 534.112976
v 179.521851 7.877907 548.260498
v 184.681198 4.047979 558.579163
v 182.620239 9.698980 565.229126
v 183.817001 6.151188 570.887634
v 142.091736 7.621166 499.509399
v 154.749451 4.767312 501.671722
v 155.529083 6.485223 507.656830
v 173.986176 8.552162 576.866699
v 142.343109 5.560283 491.765900
v 139.809784 2.112173 488.894165
v 152.175385 -3.050750 559.197083
v 155.007538 6.999570 571.067810
v 109.306931 3.891192 477.902618
v 121.891975 0.368001 481.200531
v 122.754227 -0.621083 489.037811
v 125.523506 -3.558378 517.118347
v 130.749649 0.541692 525.146851
v 131.589294 -1.135743 538.261169
v 143.320053 2.770016 557.275452
v 144.095596 7.368584 572.951355
v 93.741516 0.436468 458.822754
v 106.093506 0.488113 469.511993
v 105.716866 -3.099408 473.367798
v 117.954636 -2.024452 519.634521
v 117.493393 2.137249 529.096436
v 117.356934 2.216326 544.356934
v 119.238647 7.991927 558.362732
v 71.382484 -4.749344 445.591217
v 81.897400 -1.185562 452.453186
v 92.751923 -9.394382 497.512726
v 102.644699 -3.540062 512.171326
v 99.674210 2.123209 529.593018
v 107.679047 8.760851 549.959351
v 113.910194 14.961267 562.706909
v 51.783554 -11.170362 432.911591
v 61.493820 -6.046259 440.323883
v 74.346474 -13.943517 482.012115
v 84.190033 -6.735435 498.322235
v 82.563217 -1.234007 513.573792
v 88.258583 5.516685 534.290833
v 96.487091 13.553314 547.695557
v 33.336819 -17.637114 423.912079
v 41.979523 -13.324405 429.266235
v 65.102608 -14.349900 487.257690
v 64.889313 -7.090354 498.581665
v 65.230240 -1.432527 515.596802
v 65.558708 6.635422 530.194641
v 15.743055 -21.187819 415.180725
v 23.570244 -18.759455 419.874878
v 37.056259 -20.705971 468.074768
v 43.588890 -14.372004 481.685974
v 46.063381 -5.774149 500.914246
v 45.632980 -0.028461 516.707214
v 46.374222 7.089690 530.404114
v 4.769176 -21.759325 412.173492
v 27.085703 -15.308259 472.591400
v 27.843996 -9.577383 488.212799
v 27.253698 -4.472149 505.000336
v 27.114033 0.557286 518.378479
v 27.822418 7.317864 531.697510
v 38.062359 17.793558 779.361572
v 27.194895 -2.126538 795.767029
v 30.176071 -32.747726 821.295227
v -8.963903 -22.848166 412.540527
v 7.998091 -15.619356 475.416718
v 8.344760 -9.231044 492.163361
v 8.426967 -4.846876 506.766479
v 8.054470 -0.216812 520.177185
v 9.493762 6.401164 533.103638
v 24.689981 25.299747 769.143250
v 9.568787 6.780302 792.693909
v 18.630312 -28.285919 834.660461
v 1.975601 -55.215290 852.433289
v -21.467836 -23.276787 412.722534
v -9.817331 -15.062579 477.613007
v -9.105058 -9.502657 493.477661
v -9.219851 -5.511676 508.463501
v -9.711735 -1.108041 521.694092
v -8.514102 5.281556 533.718750
v 0.819159 30.195690 765.127625
v -15.393715 7.453304 786.552490
v -20.170786 -34.717854 838.285828
v -19.677595 -55.978893 856.143921
v -33.134644 -23.536844 413.268768
v -25.028254 -14.233785 479.316772
v -24.331192 -8.666492 493.145325
v -24.998589 -5.878664 507.774200
v -25.633768 -1.375375 522.721497
v -24.454350 5.328927 534.541199
v -18.949144 30.167233 762.685608
v -29.766983 11.007287 791.700562
v -35.610500 -14.902886 820.046082
v -30.963827 -58.236610 845.645386
v -41.606613 -19.798620 417.020325
v -43.126022 -20.294155 421.253357
v -51.668797 -16.100815 436.572205
v -34.123592 -13.405843 480.216614
v -38.648308 -7.701111 491.800446
v -39.110001 -4.047006 508.556152
v -40.341320 -0.486573 523.454529
v -39.140636 6.423460 536.458740
v -54.692490 -20.290758 425.041595
v -51.777035 -17.050636 432.636749
v -50.431660 -9.510438 494.871674
v -55.743057 -4.233975 508.521942
v -55.274002 -0.785697 526.317993
v -54.568916 9.371188 545.364624
v -60.158123 11.125395 558.772095
v -63.640762 12.184297 565.423889
v -65.554443 -10.761097 427.938599
v -70.433517 -13.564434 434.275818
v -73.071388 -11.099992 446.205170
v -70.855545 -5.837235 510.819183
v -71.174538 -1.945436 527.619080
v -74.626488 1.580950 542.580322
v -75.142502 3.978375 558.880127
v -73.691971 13.101888 568.442444
v -78.166626 -11.593036 439.402710
v -77.078735 -13.313164 447.470825
v -85.534927 -10.788443 455.418854
v -85.887764 -7.860698 512.903687
v -94.619904 -4.717398 524.977356
v -92.275826 -0.716377 542.415161
v -94.428658 2.559217 557.403137
v -93.993423 10.388268 573.320862
v -101.139900 8.130102 577.560242
v -93.572495 -2.966651 458.423523
v -99.103500 -7.053820 467.321320
v -105.776695 -10.161427 474.375641
v -107.659584 -7.872824 527.952820
v -108.703232 -4.706666 539.201965
v -114.868721 -5.403743 551.809509
v -117.225212 0.392854 571.848328
v -113.281136 6.403057 583.845337
v -117.829025 -3.236278 486.274384
v -127.006035 -4.872068 490.470673
v -132.396500 -10.105001 560.263062
v -137.932358 -6.491958 567.628174
v -135.309494 3.498447 581.561279
v -139.446732 5.165357 500.379242
v -149.921646 4.477095 508.135437
v -156.813004 3.280052 518.612122
v -154.346527 -9.207561 576.088562
v -161.770157 -2.556159 584.254883
v -164.522888 -2.174894 590.983032
v -163.258926 10.285814 517.456177
v -171.729614 5.091179 524.270447
v -174.013290 -3.661322 589.921021
v -180.389526 0.295792 587.543091
v -179.049973 12.037249 525.178467
v -183.814087 8.824367 532.449341
v -189.291489 5.234547 539.422119
v -199.838120 5.295168 583.948364
v -193.265884 2.674213 586.070923
v -192.096405 13.736252 538.408020
v -196.433060 11.469909 543.890625
v -199.104843 10.656541 549.283264
v -200.355316 10.449052 557.068726
v -203.740982 8.125684 565.625305
v -202.914841 4.981028 577.721802
v -200.186844 10.009235 591.076538
v 180.487610 2.118396 533.306641
v 187.364365 1.286904 544.233521
v 189.701447 -0.386534 552.113037
v 188.839767 -3.836847 556.009033
v 167.188171 10.771848 516.929626
v 172.749435 12.162071 531.742554
v 178.774979 5.364520 546.415405
v 181.990433 0.586921 555.168335
v 184.751465 2.450885 558.626282
v 180.911652 1.574071 562.211121
v 151.186890 4.384445 504.176331
v 155.667999 5.135047 506.373413
v 174.332245 1.814373 568.233826
v 149.256897 2.327881 496.941254
v 141.369720 -4.165542 499.438019
v 154.875534 -13.877679 542.851990
v 152.885391 -0.612270 552.021667
v 159.373184 0.417618 560.789734
v 118.650818 -4.030488 484.981018
v 130.401657 -1.140985 488.849762
v 126.778473 -6.721197 497.160858
v 129.809525 -3.441071 510.840332
v 136.170074 -4.873223 525.881165
v 143.268250 -4.619478 542.737366
v 150.610352 -2.815211 553.295776
v 98.237816 -7.780646 458.396454
v 100.567703 -6.418102 462.845306
v 110.464188 -4.335957 473.314697
v 109.329109 -9.329835 484.240173
v 112.274353 -8.389171 496.745483
v 116.044548 -5.792981 508.321228
v 78.753471 -9.206045 443.053864
v 88.604256 -9.233172 446.423737
v 87.788200 -10.379438 457.518555
v 90.513657 -13.438834 469.480225
v 92.798126 -13.286451 481.050446
v 100.351463 -9.954111 497.810272
v 107.681465 -7.064952 505.759399
v 60.377918 -13.157813 430.106995
v 68.979721 -13.191541 432.119110
v 68.160461 -10.603759 442.503326
v 71.534950 -16.254051 452.491699
v 74.991776 -19.238682 463.313690
v 82.802834 -15.961014 482.620056
v 89.048111 -9.679471 488.826630
v 42.009048 -19.351166 419.658142
v 45.158543 -21.798964 413.115784
v 54.000366 -16.153664 428.900360
v 57.642311 -20.586044 437.453827
v 55.648045 -28.166338 444.398285
v 61.373962 -23.564856 460.115479
v 64.326210 -18.278978 474.228912
v 22.891945 -21.625591 411.482361
v 29.323181 -24.335472 406.356903
v 37.212997 -22.682980 415.493652
v 42.215397 -29.485987 446.207031
v 43.047276 -24.165569 461.773254
v 53.731346 -18.897953 473.235535
v 14.033865 -27.022272 401.955292
v 18.704603 -22.835163 406.553711
v 16.400948 -33.259697 435.021454
v 24.543594 -32.724297 442.132935
v 27.515091 -22.274670 458.220581
v 31.053087 -54.387760 823.173706
v 26.986568 -69.079475 830.057800
v -2.416868 -26.622473 403.136566
v 7.839333 -29.502747 437.773712
v 9.735206 -26.111513 447.085114
v 10.536366 -21.899151 461.288300
v 10.384462 -41.357643 815.120544
v 13.018291 -64.216156 836.348938
v 7.430595 -78.503265 855.633545
v -16.667471 -28.021044 403.650055
v -8.914177 -28.032907 439.659576
v -6.858408 -24.700071 451.046051
v -6.464912 -21.257706 463.504822
v -8.971725 -25.490335 813.767700
v -14.316299 -82.728378 861.564880
v -27.156660 -27.467247 405.407684
v -31.090078 -28.587961 407.249512
v -25.405638 -26.129997 441.839325
v -23.164848 -24.113480 452.985260
v -22.953671 -21.604593 464.263977
v -27.476624 -23.144230 813.802795
v -36.741512 -59.459927 839.563110
v -32.261738 -79.232857 859.870667
v -35.519695 -26.239836 409.650269
v -37.719643 -26.421896 413.463806
v -41.006844 -25.765591 418.705383
v -34.026054 -25.334360 445.840881
v -37.497784 -26.330385 452.846405
v -37.252350 -16.854218 470.873718
v -44.023144 -18.332054 476.854095
v -45.045456 -21.423922 418.715027
v -48.572365 -20.327866 424.546326
v -51.982769 -21.833633 432.389435
v -53.068020 -25.359632 457.756073
v -52.110905 -20.822151 470.222595
v -51.538296 -12.224820 487.589691
v -60.155464 -16.351307 492.408112
v -55.754963 -17.418228 423.147736
v -57.366283 -18.671921 430.080627
v -61.485809 -16.972004 439.315338
v -64.635925 -19.051182 447.151306
v -64.719734 -21.440561 459.275757
v -67.745171 -18.411472 473.110382
v -68.247581 -16.571430 487.350433
v -68.295746 -10.963102 498.762390
v -69.246689 -15.165680 436.214600
v -72.544022 -12.291393 446.334991
v -76.475990 -12.273894 455.636505
v -80.280884 -14.398891 465.053864
v -84.052765 -14.147932 477.551239
v -87.778809 -14.442302 490.828735
v -91.938232 -9.614106 508.716431
v -97.319435 -11.773459 512.360291
v -91.870087 -8.653504 464.525177
v -97.580162 -11.141164 472.351990
v -101.920799 -11.352543 482.305023
v -105.759468 -10.509300 495.749115
v -108.744583 -10.504930 508.999756
v -112.831207 -9.096959 526.731079
v -117.563156 -8.970061 537.340088
v -118.401848 -15.412963 545.014038
v -113.222450 -6.624924 480.799133
v -119.365814 -8.076331 489.054016
v -124.303787 -8.280322 500.160339
v -127.726097 -7.227177 513.494141
v -130.702484 -4.935516 526.705566
v -133.110336 -7.131876 539.709045
v -133.371231 -9.484933 553.929871
v -141.562195 -13.509530 562.133362
v -136.640839 -2.380606 497.309509
v -141.440170 -1.902158 508.231354
v -146.914337 -2.033004 520.791443
v -155.528809 -5.368859 535.867310
v -150.247116 -6.870549 543.118225
v -154.661713 -6.844095 555.487488
v -158.323593 -6.269264 566.756104
v -170.828018 -2.746139 575.150818
v -164.268402 2.279083 526.562683
v -174.031464 -2.891137 535.116150
v -179.534698 1.148380 581.026062
v -191.388092 -1.170839 584.623108
v -179.491806 4.671348 533.776184
v -187.267273 2.896786 543.086365
v -193.582993 1.385719 547.927551
v -199.402252 1.098089 582.934387
v -196.362000 -2.595383 584.195801
v -195.182220 8.434387 546.159363
v -199.202652 5.367968 550.155701
v -201.566544 4.192989 555.941956
v -204.919373 3.443196 564.178772
v -201.654922 -2.894106 573.967712
v -205.222900 0.139711 582.018860
v 183.868301 -3.106607 529.246338
v 183.483261 -0.521437 538.613831
v 189.172089 -2.494003 549.306458
v 187.297134 -9.741226 549.876770
v 165.725388 1.606506 512.391418
v 179.328918 1.913046 523.020203
v 174.978348 0.861195 531.929504
v 179.370850 -2.725657 543.903442
v 185.493683 -3.388876 550.437744
v 183.627670 -1.902294 559.485229
v 185.409286 -9.950947 565.678955
v 159.443405 1.156883 507.158508
v 151.698883 -3.673969 508.383759
v 175.814224 0.692178 564.440979
v 178.335709 0.928798 567.776611
v 149.614685 -2.328352 506.713074
v 145.170944 -9.412142 512.396179
v 146.140778 -9.159794 521.722168
v 151.984985 -6.954498 534.673706
v 154.019608 -0.953591 543.334595
v 160.116104 0.508790 559.081543
v 165.897705 -2.379214 562.349854
v 138.875748 -7.542022 507.124298
v 138.504898 -7.940001 517.328613
v 141.373245 -9.119083 528.984924
v 148.868286 -20.426508 538.536743
v 49.069901 -24.045210 421.542206
v 47.934475 -25.967218 423.403412
v 50.521481 -31.177681 431.264099
v 47.997723 -31.665852 440.095276
v 31.888746 -25.367754 411.970856
v 33.558083 -29.339897 409.021179
v 34.259903 -36.833427 418.350739
v 38.405987 -37.691402 429.100128
v 41.341724 -35.229984 437.237213
v 14.800532 -28.580015 399.849274
v 22.749071 -31.094994 404.241760
v 21.537056 -26.684776 410.109344
v 27.329828 -34.318684 422.669159
v 24.925365 -40.801613 421.976013
v 32.072536 -32.769329 438.654358
v 32.058338 -116.022911 836.452026
v 31.717575 -117.384460 848.962402
v 30.903111 -128.136322 864.494080
v 3.783123 -30.694632 396.660553
v 8.103342 -35.174519 427.350220
v 13.232188 -79.591423 826.865479
v 23.354654 -83.480171 844.876282
v 12.088652 -118.751640 860.481323
v -9.084001 -28.987909 398.049042
v -13.572747 -30.314150 401.153076
v -8.122855 -32.651245 432.246704
v -8.549109 -64.889778 825.100586
v -9.277173 -109.771767 863.236572
v -19.701000 -27.863710 400.565125
v -23.205589 -29.257042 405.419220
v -28.243668 -32.040321 412.064453
v -25.851700 -32.416546 424.564392
v -22.654274 -32.402035 430.362000
v -27.193073 -66.192375 828.910583
v -34.321838 -95.131447 850.767761
v -28.994026 -107.917458 864.491089
v -31.018131 -26.114456 410.959229
v -35.780865 -31.306717 417.260895
v -35.688087 -33.242287 424.322968
v -36.143993 -29.879833 438.030823
v -43.598751 -30.795984 446.428741
v -42.885818 -26.304823 423.843628
v -47.376549 -32.124405 431.819855
v -50.334465 -33.341194 441.466400
v -49.769749 -29.578266 450.209442
v -55.508991 -24.106993 438.144806
v -59.193466 -27.473099 447.105499
v -60.310074 -25.287893 453.370514
v -152.270264 -12.038526 537.835327
v -161.080215 -7.598433 547.553406
v -167.683090 -6.161855 560.140381
v -167.762833 -6.332232 567.619812
v -175.966797 -9.286772 575.879456
v -168.384125 -6.603306 539.757324
v -178.941635 -6.192071 551.825012
v -172.959427 -3.519083 554.225159
v -183.463562 -3.612344 581.750305
v -191.799667 -11.731519 589.192810
v -197.789185 -9.989979 601.541382
v -184.841354 1.944445 546.454285
v -192.300598 -0.847988 549.619019
v -200.148270 -11.868323 586.794739
v -200.108246 -10.352103 598.633240
v -198.648575 -0.310593 550.354553
v -202.182892 -3.008143 554.873169
v -204.797729 -3.930475 563.852356
v -207.767395 -5.882897 573.944946
v -208.609680 -6.088127 581.220703
v 169.719284 -2.972834 511.279938
v 171.635361 -3.745528 513.749878
v 172.234985 -4.754752 525.395386
v 176.164398 -7.504409 536.837402
v 182.116714 -13.758021 549.220032
v 188.694534 -20.126640 560.762573
v 190.074982 -25.175432 568.581177
v 192.851700 -42.542343 575.823608
v 161.433472 -1.296154 506.940155
v 158.148392 -0.749093 508.711731
v 155.872482 -6.009446 514.543884
v 185.596481 -8.702532 572.123291
v 187.684875 -22.308182 577.427063
v 152.951385 -3.752563 515.043213
v 153.414017 -3.835803 522.779053
v 154.334000 -3.292502 531.007019
v 157.490952 -0.625601 541.937805
v 162.920380 1.585448 553.628052
v 170.824814 -0.453233 568.463684
v 174.167892 -16.757874 570.373779
v 32.725494 -34.660168 416.743622
v 29.363909 -35.850651 419.389374
v 13.810229 -29.739613 400.132874
v 17.441568 -37.754860 402.962616
v 23.350561 -37.822956 408.965118
v 19.951120 -42.725155 414.801025
v 17.801603 -42.149204 417.025360
v 30.876957 -154.179688 844.035400
v 33.081211 -135.281219 850.081360
v 30.641521 -153.394516 870.807434
v 9.838889 -32.241932 396.615448
v 6.688114 -32.869560 399.866791
v 9.916092 -42.212467 418.361023
v 22.069029 -113.287872 836.697266
v 9.631603 -148.386200 852.887573
v 6.492691 -170.320404 872.420105
v -2.087138 -203.160980 896.055176
v -1.732680 -31.262589 396.732849
v -4.599466 -32.295788 401.794128
v -8.025654 -33.149185 407.556244
v -5.698900 -38.092129 418.266174
v -3.967521 -39.302227 419.357880
v -1.444556 -100.000198 836.348572
v -14.386340 -127.493706 850.969666
v -11.281446 -166.006317 870.341614
v -8.796186 -180.511688 892.399170
v -14.863577 -30.786573 405.665649
v -18.638359 -35.268570 410.482941
v -16.687059 -36.915886 413.832367
v -11.230556 -34.721531 427.526245
v -23.675989 -101.535545 839.495728
v -30.024618 -126.386597 856.521057
v -26.342012 -141.707047 866.151672
v -28.395704 -35.579250 416.003021
v -26.514315 -30.984787 420.950226
v -173.948807 -16.138037 561.465210
v -172.419296 -18.997854 567.310547
v -179.472122 -19.301029 578.642639
v -187.663086 -17.719540 590.872742
v -183.230301 -13.890718 552.539246
v -177.310715 -14.036317 556.332458
v -189.164902 -10.644322 586.026611
v -189.304001 -19.488890 590.304077
v -201.279236 -27.774591 602.823364
v -189.224014 -7.062006 550.502136
v -191.607437 -12.986077 552.460693
v -205.138809 -16.663059 596.246521
v -204.836029 -27.254276 600.109924
v -196.808609 -5.828192 550.162231
v -199.898468 -9.013538 555.538452
v -203.993790 -11.694845 563.838074
v -208.425308 -13.467807 573.596008
v -207.772781 -18.070921 583.669739
v -209.742447 -21.170481 595.894531
v 171.098709 -16.808752 515.693665
v 175.037308 -17.087326 519.735779
v 178.765045 -28.769865 534.893005
v 185.406891 -38.991123 550.566833
v 191.710876 -48.492344 562.085388
v 197.197067 -59.207642 572.112976
v 198.391632 -67.252365 578.582825
v 162.776428 -9.022372 511.274719
v 161.365036 -15.973754 515.688843
v 192.438873 -41.164146 575.470459
v 157.347351 -10.585469 521.488586
v 157.588593 -11.577082 528.708618
v 165.946335 -3.527596 537.899658
v 172.358765 -3.725673 548.600525
v 174.507126 -15.679603 563.628174
v 181.227768 -25.399473 573.253174
v 19.552998 -37.035526 404.723267
v 20.824501 -39.868557 408.444916
v 18.903833 -40.751442 413.870605
v 15.942162 -43.708046 415.260498
v 12.811498 -35.080299 402.142456
v 9.877854 -44.059895 414.135468
v 6.709707 -181.925430 858.236328
v 8.612508 -206.155350 872.008179
v -1.247175 -250.392548 892.083008
v 4.006215 -33.799362 402.751556
v -0.543197 -35.908546 406.849762
v -2.949154 -41.382565 416.138489
v 0.985984 -43.245934 412.987061
v -8.458250 -167.706604 857.074341
v -17.190544 -202.316483 878.408569
v -11.891806 -232.606827 893.090332
v -9.695676 -38.140129 408.065369
v -9.997505 -40.332409 410.234955
v -5.181397 -41.190079 415.531219
v -26.065758 -161.633240 862.208679
v -26.716276 -186.795273 871.872925
v -174.836044 -35.430927 559.602234
v -175.993393 -35.424843 566.287781
v -182.454346 -30.684858 578.030457
v -187.947403 -42.070522 592.100525
v -195.199219 -69.414383 611.403015
v -178.391708 -22.770983 550.511169
v -179.022247 -27.520222 557.176514
v -194.609695 -25.101475 601.209167
v -201.509644 -55.853077 610.270996
v -209.170929 -100.493355 627.298340
v -185.992950 -19.226192 552.061096
v -190.964996 -23.092213 555.983826
v -212.501022 -47.335632 606.409363
v -210.124924 -74.375618 619.730713
v -197.240997 -17.314945 557.412170
v -202.642593 -22.544662 564.593506
v -207.469894 -25.158791 574.601562
v -211.940475 -30.706369 585.911743
v -214.410278 -36.767597 597.190918
v 175.678391 -48.879601 524.570129
v 184.068527 -61.638813 537.950500
v 189.164703 -70.743820 550.613464
v 194.487701 -85.904091 565.971436
v 199.090271 -97.723900 576.981384
v 201.218048 -108.431137 584.612854
v 165.437927 -36.829033 518.088684
v 191.653687 -76.944885 580.400024
v 195.299698 -109.998947 599.139771
v 158.885056 -26.444897 519.833557
v 164.624786 -23.210022 526.897461
v 173.720428 -21.053537 539.921265
v 175.988831 -19.631092 550.141418
v 178.272232 -30.865761 563.993347
v 182.199722 -45.695850 572.591370
v 190.090225 -78.579727 588.683411
v 144.195496 -81.991508 550.848877
v 166.427139 -32.894085 548.513855
v 172.379822 -34.208466 559.459045
v 171.448608 -48.284828 569.250366
v 20.144196 -42.568169 405.859528
v 20.457169 -43.714630 410.165131
v 19.601725 -46.500385 412.088898
v 13.453886 -52.508537 414.660095
v 15.582792 -56.778000 419.780609
v 14.365951 -38.084846 402.333313
v 10.400433 -49.298965 412.748291
v 8.926801 -51.363647 415.994843
v 2.640608 -243.998840 878.749023
v 4.613797 -249.940552 878.746094
v -5.995215 -301.848328 907.328979
v 7.119700 -37.153503 403.360413
v 2.937368 -39.671509 406.905670
v 3.201776 -47.224537 410.132538
v 6.417556 -48.664658 416.093811
v -4.345842 -213.345825 863.446350
v -13.057418 -249.031998 882.901978
v -14.577365 -296.772064 911.190918
v -4.366116 -41.529713 407.069305
v -7.010929 -44.156231 410.462250
v -4.855244 -42.754154 411.241150
v -22.901339 -205.312119 867.862183
v -30.951418 -249.940323 896.105164
v -175.281876 -48.768204 560.566162
v -178.510345 -54.926857 567.931152
v -186.782089 -57.867840 578.001953
v -192.328094 -77.526466 595.813599
v -198.177628 -117.841217 612.846497
v -182.892181 -42.222187 559.546875
v -190.651596 -45.971748 565.576416
v -205.231277 -104.307510 623.384949
v -211.862869 -137.388443 630.069275
v -190.258698 -34.576889 560.125305
v -194.687469 -41.582748 566.719421
v -198.785965 -48.638733 574.137329
v -216.918015 -85.616096 612.882324
v -213.348709 -112.704002 624.997620
v -197.588348 -31.124731 560.096741
v -201.600601 -33.469730 568.984558
v -206.791275 -38.076805 577.819092
v -213.017227 -47.490284 587.765625
v -216.102921 -60.769337 599.481262
v 180.127228 -76.986694 530.557312
v 186.814957 -82.357712 538.860962
v 194.110214 -112.180252 557.693909
v 196.342255 -132.029190 571.928711
v 201.324509 -143.513702 584.044250
v 205.945709 -154.733795 597.396729
v 209.868561 -186.746872 610.880432
v 174.214157 -63.840706 525.719482
v 175.747543 -75.037018 531.597534
v 202.043335 -122.247185 594.157776
v 201.964981 -149.732941 604.977661
v 164.620789 -47.044392 522.860779
v 171.518539 -48.896671 530.084412
v 174.506226 -63.230190 539.535034
v 179.124237 -113.384911 580.260986
v 188.325958 -81.929153 576.584717
v 194.708389 -115.283241 595.444702
v 167.717026 -48.542614 544.622009
v 171.371048 -53.472618 552.490784
v 178.244202 -61.912827 566.275146
v 171.247818 -77.206909 577.648438
v 18.233292 -46.182266 405.972717
v 16.162062 -45.269566 409.269348
v 17.072617 -59.901222 413.865173
v 14.401102 -69.887032 418.425323
v 11.532296 -74.029625 421.590088
v 12.164756 -42.595943 405.196289
v 10.688017 -48.791290 409.771088
v 10.097701 -54.016071 415.046051
v 8.672067 -39.972992 403.570740
v 3.046448 -42.968018 407.178467
v 4.498270 -52.926983 414.103455
v 2.116940 -52.821587 414.659943
v -1.772735 -43.227203 405.991425
v -4.769459 -45.063293 407.901123
v -2.926402 -48.487438 409.400024
v -0.952048 -55.766178 417.860016
v -190.517136 -81.228119 572.921692
v -189.610794 -107.017120 578.590454
v -195.632111 -135.627258 599.850647
v -202.322815 -171.605042 621.203247
v -205.941620 -206.095535 632.544922
v -191.068512 -88.295860 568.570557
v -200.113403 -136.934814 575.516968
v -211.023529 -163.777496 625.871094
v -213.041946 -181.762100 632.941833
v -197.347229 -61.657047 570.686890
v -200.529022 -82.773918 574.559570
v -217.331879 -132.184631 614.640320
v -218.181458 -153.400452 624.087585
v -208.546143 -63.747116 580.129333
v -215.597870 -81.792381 589.708435
v -216.478409 -107.132042 603.467529
v 193.664841 -142.718079 552.133301
v 196.932999 -165.557938 566.513489
v 199.543533 -177.643921 579.678650
v 204.856567 -187.108612 593.152100
v 211.330978 -202.349075 608.029175
v 214.361282 -224.959396 621.082520
v 185.498962 -121.552650 543.890686
v 206.675415 -200.126556 618.182495
v 176.172958 -94.697502 540.472473
v 178.320190 -119.535393 550.642456
v 189.136948 -126.873940 586.013977
v 193.372375 -140.870300 593.645447
v 198.950119 -165.744873 607.953186
v 172.057983 -84.870514 549.602539
v 176.869980 -95.513359 560.217468
v 184.679840 -117.822914 576.208923
v 183.520950 -163.742767 596.395752
v 15.579947 -69.491554 412.943604
v 14.071527 -88.426895 418.826385
v 12.780910 -98.852409 421.780609
v 10.659195 -110.312592 427.071320
v 13.500193 -129.329269 432.950378
v 8.990632 -54.048676 407.013977
v 10.490059 -50.162220 410.125854
v 9.152198 -71.334869 418.711945
v 6.435769 -100.148796 428.788971
v 9.194954 -48.987896 405.667480
v 5.525328 -48.975582 408.428375
v 3.196695 -48.668953 411.711823
v 6.910497 -42.599731 410.353210
v 3.530475 -52.280560 408.942596
v 7.959852 -69.942703 421.910583
v 0.037743 -48.289555 406.420898
v -0.703122 -48.253593 408.584442
v -1.935944 -50.480820 412.955872
v 1.412781 -57.631340 419.159210
v -192.723358 -171.332031 587.721680
v -193.363113 -186.665314 602.111084
v -199.416534 -209.417130 621.987549
v -202.592422 -231.847992 638.680542
v -194.821899 -141.403275 571.337524
v -193.820663 -161.008041 578.094849
v -214.605347 -221.711716 639.879028
v -226.961273 -262.820679 654.282532
v -199.266998 -110.000465 570.008667
v -200.787491 -132.784500 576.655945
v -205.988983 -148.165421 587.616821
v -216.607315 -163.691742 607.607239
v -222.482162 -205.275406 629.155090
v -231.256226 -249.528320 646.263062
v -209.562546 -103.451309 583.057068
v -216.475967 -128.291138 596.248596
v -224.636917 -173.375641 610.144165
v 193.447388 -200.471191 560.167053
v 197.496521 -210.211365 570.820190
v 201.815201 -213.913513 584.599121
v 206.793701 -222.107590 599.472839
v 214.633163 -237.271286 614.424194
v 218.426224 -259.552155 626.133972
v 185.809738 -178.083023 554.241943
v 207.873901 -250.048141 628.108887
v 181.494598 -151.570602 550.757507
v 180.079697 -174.256134 560.724304
v 186.411636 -219.157578 604.062805
v 198.236877 -189.503281 607.312500
v 198.828781 -217.566360 620.641968
v 177.618240 -140.672089 560.396545
v 181.015060 -156.735443 572.300842
v 185.205276 -181.311188 595.186096
v 181.609970 -189.675781 608.493652
v 13.861540 -99.458214 416.597076
v 13.586675 -115.060753 422.817383
v 12.289873 -136.598923 427.113953
v 11.005293 -150.575958 433.861969
v 9.666910 -162.832138 438.764740
v 10.565326 -81.997643 415.151093
v 6.923493 -125.932068 422.608459
v 7.477363 -134.057190 433.910583
v 6.954539 -59.663517 411.284821
v 10.145398 -55.916153 411.490540
v 4.267724 -60.727272 411.011353
v 6.482236 -72.746315 417.378174
v 5.604911 -102.863632 427.067810
v -1.927451 -86.029228 424.971771
v 2.256486 -74.615074 420.588196
v -196.392548 -227.968231 594.112000
v -198.483063 -231.194092 600.320923
v -200.785706 -245.719711 618.429138
v -209.612289 -274.322021 636.162292
v -194.634247 -201.647202 572.866028
v -196.672073 -212.094299 581.420227
v -203.334702 -255.143356 592.464355
v -218.937561 -277.514221 630.882141
v -216.848358 -249.737076 637.077026
v -220.275833 -288.556580 663.058411
v -198.468369 -172.549271 571.312012
v -201.813080 -185.209625 578.461975
v -206.287308 -194.240585 590.615540
v -214.662827 -217.820206 609.617493
v -225.953354 -251.508652 636.960693
v -230.916870 -281.631134 661.302246
v 189.617996 -236.630707 556.377869
v 197.475571 -233.754044 571.152405
v 202.019608 -235.791031 585.136536
v 206.219360 -242.457260 600.926086
v 216.206940 -258.806824 614.076172
v 218.762466 -290.898712 627.016235
v 189.425262 -224.018478 560.873474
v 185.918701 -232.538513 568.704956
v 193.763016 -248.361816 583.502869
v 201.672470 -254.562042 597.226257
v 205.854980 -271.789673 621.424133
v 211.318085 -269.523987 627.122131
v 183.692154 -200.709778 559.680420
v 182.344635 -214.885849 567.408752
v 184.016068 -224.892410 577.924133
v 192.755341 -228.422089 599.747314
v 201.069443 -251.169785 619.888550
v 196.421524 -272.992218 631.096863
v 179.816483 -190.035889 570.474548
v 184.421448 -205.941589 583.263733
v 180.072983 -229.562454 600.882324
v 9.905433 -161.492767 427.931915
v 10.386372 -174.443024 432.463257
v 10.323965 -186.118774 437.860077
v 9.499668 -191.796738 446.457367
v 9.394283 -212.389648 454.348175
v 7.199762 -121.315865 420.089539
v 7.224403 -148.130783 425.924652
v 7.216771 -169.249451 440.451874
v 6.154393 -194.512741 452.777374
v 8.675867 -86.830612 413.538818
v 6.541299 -88.239098 413.991272
v 10.003608 -91.290329 421.677185
v 6.624043 -120.467537 426.160126
v 5.015695 -147.218826 435.076782
v 0.879473 -174.285751 444.322449
v -2.984563 -108.284180 420.224792
v -1.438173 -91.414520 418.060638
v 4.078528 -103.311363 422.754211
v -199.153000 -281.551910 610.467407
v -200.421631 -285.031952 613.875854
v -200.495651 -261.643463 573.289795
v -195.769913 -239.333908 581.291626
v -201.061661 -244.524780 596.224182
v -213.064697 -254.536392 614.281189
v -214.426514 -282.908905 640.644836
v -229.788528 -343.977875 657.130371
v -198.840118 -222.547089 572.960449
v -204.126068 -226.893494 582.366028
v -209.668274 -235.980606 596.163757
v -217.143539 -257.442902 617.948242
v -227.650238 -297.473969 648.662842
v -240.332413 -352.468475 662.136292
v 188.380814 -263.352173 566.948364
v 191.818237 -260.109070 580.874329
v 199.565292 -269.131561 594.437561
v 199.195023 -295.833527 607.797852
v 185.664597 -248.185455 571.063110
v 190.902832 -253.855576 582.655518
v 193.990707 -266.962494 598.418335
v 196.424057 -286.943542 613.194153
v 10.326662 -200.909531 429.931824
v 10.336945 -210.120224 435.318634
v 11.377538 -214.893845 440.996887
v 12.762712 -222.944748 450.391205
v 12.556292 -238.799835 459.901306
v 6.582979 -164.975677 421.925934
v 7.805322 -187.554031 427.102020
v 7.898958 -223.930191 459.103699
v 9.438298 -126.120430 417.692017
v 8.013636 -135.248856 421.138733
v 3.737881 -161.331696 430.841064
v 0.800896 -181.861710 442.460754
v 3.484829 -201.597321 452.534821
v 5.384842 -118.194183 418.838470
v 3.596808 -131.270737 422.991089
v -0.392836 -150.932129 431.975433
v -4.370413 -183.444962 438.281555
v 7.872265 -234.991333 431.912628
v 12.364027 -228.440536 435.327728
v 12.955710 -232.182343 442.889008
v 14.466215 -242.841675 452.485260
v 10.358265 -269.265930 458.433746
v 3.821000 -208.125656 424.025787
v 12.455021 -208.373795 428.119232
v 9.550162 -217.123230 434.605591
v 9.814562 -224.667236 442.073608
v 10.618745 -234.246628 449.801025
v 10.910585 -241.703781 457.555389
v 7.032252 -173.529724 421.435089
v 5.894910 -180.639374 426.166595
v 3.820966 -191.052094 432.387848
v 4.714920 -201.712479 438.229095
v 1.763256 -213.491745 444.215790
v 1.437841 -235.863846 454.668640
v 3.130496 -156.209122 425.090027
v 1.496117 -170.612976 429.669922
v -0.752313 -188.507919 437.326111
v -3.301151 -202.496231 439.746857
f 1 2 35
f 2 36 35
f 1 35 41
f 1 41 6
f 1 7 2
f 1 6 7
f 2 3 36
f 3 37 36
f 2 8 3
f 2 7 8
f 3 4 37
f 4 38 37
f 3 9 4
f 3 8 9
f 4 42 38
f 4 9 42
f 5 6 40
f 6 41 40
f 5 40 45
f 5 45 11
f 5 12 6
f 5 11 12
f 6 13 7
f 6 12 13
f 7 14 8
f 7 13 14
f 46 47 14
f 46 14 13
f 8 15 9
f 8 14 15
f 47 48 15
f 47 15 14
f 9 48 42
f 9 15 48
f 10 11 44
f 11 45 44
f 10 44 50
f 10 50 16
f 10 17 11
f 10 16 17
f 11 18 12
f 11 17 18
f 12 19 13
f 12 18 19
f 13 51 46
f 13 19 51
f 16 50 55
f 16 55 21
f 16 22 17
f 16 21 22
f 17 23 18
f 17 22 23
f 56 57 23
f 56 23 22
f 18 24 19
f 18 23 24
f 57 58 24
f 57 24 23
f 19 58 51
f 19 24 58
f 20 21 54
f 21 55 54
f 20 54 61
f 20 61 25
f 20 26 21
f 20 25 26
f 21 27 22
f 21 26 27
f 62 63 27
f 62 27 26
f 22 63 56
f 22 27 63
f 25 61 68
f 25 68 28
f 25 29 26
f 25 28 29
f 68 69 29
f 68 29 28
f 26 69 62
f 26 29 69
f 30 31 101
f 31 102 101
f 30 101 106
f 30 106 35
f 30 36 31
f 30 35 36
f 31 32 102
f 32 103 102
f 31 37 32
f 31 36 37
f 32 33 103
f 33 104 103
f 32 38 33
f 32 37 38
f 33 107 104
f 33 38 107
f 34 35 105
f 35 106 105
f 34 105 109
f 34 109 40
f 34 41 35
f 34 40 41
f 38 110 107
f 38 42 110
f 39 40 108
f 40 109 108
f 108 109 112
f 109 113 112
f 39 108 112
f 39 112 44
f 39 45 40
f 39 44 45
f 115 116 48
f 115 48 47
f 42 116 110
f 42 48 116
f 43 44 111
f 44 112 111
f 43 111 118
f 43 118 49
f 43 50 44
f 43 49 50
f 114 115 119
f 115 120 119
f 46 52 47
f 46 51 52
f 119 120 52
f 119 52 51
f 47 120 115
f 47 52 120
f 49 118 123
f 49 123 54
f 49 55 50
f 49 54 55
f 125 126 58
f 125 58 57
f 51 126 119
f 51 58 126
f 53 54 122
f 54 123 122
f 53 122 129
f 53 129 60
f 53 61 54
f 53 60 61
f 124 125 130
f 125 131 130
f 56 64 57
f 56 63 64
f 57 131 125
f 57 64 131
f 59 60 128
f 60 129 128
f 59 128 133
f 59 133 66
f 59 67 60
f 59 66 67
f 60 68 61
f 60 67 68
f 62 70 63
f 62 69 70
f 130 131 135
f 131 136 135
f 63 71 64
f 63 70 71
f 135 136 71
f 135 71 70
f 64 136 131
f 64 71 136
f 65 66 132
f 66 133 132
f 65 132 139
f 65 139 73
f 65 74 66
f 65 73 74
f 66 75 67
f 66 74 75
f 67 76 68
f 67 75 76
f 68 77 69
f 68 76 77
f 134 135 141
f 135 142 141
f 69 78 70
f 69 77 78
f 141 142 78
f 141 78 77
f 70 142 135
f 70 78 142
f 72 73 138
f 73 139 138
f 72 138 145
f 72 145 80
f 72 81 73
f 72 80 81
f 73 82 74
f 73 81 82
f 74 83 75
f 74 82 83
f 75 84 76
f 75 83 84
f 140 141 147
f 141 148 147
f 76 85 77
f 76 84 85
f 147 148 85
f 147 85 84
f 77 148 141
f 77 85 148
f 79 80 144
f 80 145 144
f 79 144 151
f 79 151 86
f 79 87 80
f 79 86 87
f 80 88 81
f 80 87 88
f 81 89 82
f 81 88 89
f 82 90 83
f 82 89 90
f 146 147 152
f 147 153 152
f 83 91 84
f 83 90 91
f 152 153 91
f 152 91 90
f 84 153 147
f 84 91 153
f 86 151 157
f 86 157 92
f 86 93 87
f 86 92 93
f 87 94 88
f 87 93 94
f 88 95 89
f 88 94 95
f 89 96 90
f 89 95 96
f 158 159 96
f 158 96 95
f 90 159 152
f 90 96 159
f 92 157 163
f 92 163 97
f 92 98 93
f 92 97 98
f 163 164 98
f 163 98 97
f 93 99 94
f 93 98 99
f 164 165 99
f 164 99 98
f 94 100 95
f 94 99 100
f 165 166 100
f 165 100 99
f 95 166 158
f 95 100 166
f 101 102 170
f 102 171 170
f 101 170 175
f 101 175 106
f 102 103 171
f 103 172 171
f 103 104 172
f 104 173 172
f 104 176 173
f 104 107 176
f 105 106 174
f 106 175 174
f 105 174 177
f 105 177 109
f 107 178 176
f 107 110 178
f 109 177 181
f 109 181 113
f 182 183 115
f 182 115 114
f 183 184 116
f 183 116 115
f 110 184 178
f 110 116 184
f 111 112 179
f 112 180 179
f 179 180 186
f 180 187 186
f 111 179 186
f 111 186 118
f 112 113 180
f 113 181 180
f 114 188 182
f 114 119 188
f 117 118 185
f 118 186 185
f 185 186 190
f 186 191 190
f 117 185 190
f 117 190 122
f 117 123 118
f 117 122 123
f 192 193 125
f 192 125 124
f 193 194 126
f 193 126 125
f 119 194 188
f 119 126 194
f 121 122 189
f 122 190 189
f 189 190 196
f 190 197 196
f 121 189 196
f 121 196 128
f 121 129 122
f 121 128 129
f 124 198 192
f 124 130 198
f 127 128 195
f 128 196 195
f 195 196 199
f 196 200 199
f 127 195 199
f 127 199 132
f 127 133 128
f 127 132 133
f 201 202 135
f 201 135 134
f 130 202 198
f 130 135 202
f 132 199 205
f 132 205 139
f 206 207 141
f 206 141 140
f 134 207 201
f 134 141 207
f 137 138 203
f 138 204 203
f 203 204 209
f 204 210 209
f 137 203 209
f 137 209 144
f 137 145 138
f 137 144 145
f 138 139 204
f 139 205 204
f 211 212 147
f 211 147 146
f 140 212 206
f 140 147 212
f 143 144 208
f 144 209 208
f 208 209 214
f 209 215 214
f 143 208 214
f 143 214 150
f 143 151 144
f 143 150 151
f 146 216 211
f 146 152 216
f 149 150 213
f 150 214 213
f 213 214 218
f 214 219 218
f 149 213 218
f 149 218 155
f 149 156 150
f 149 155 156
f 150 157 151
f 150 156 157
f 220 221 159
f 220 159 158
f 152 221 216
f 152 159 221
f 154 155 217
f 155 218 217
f 217 218 222
f 218 223 222
f 154 217 222
f 154 222 160
f 154 161 155
f 154 160 161
f 222 223 161
f 222 161 160
f 155 162 156
f 155 161 162
f 223 224 162
f 223 162 161
f 156 163 157
f 156 162 163
f 225 226 165
f 225 165 164
f 226 227 166
f 226 166 165
f 158 227 220
f 158 166 227
f 162 224 228
f 162 228 167
f 162 168 163
f 162 167 168
f 228 229 168
f 228 168 167
f 163 169 164
f 163 168 169
f 229 230 169
f 229 169 168
f 164 230 225
f 164 169 230
f 170 171 234
f 171 235 234
f 170 234 239
f 170 239 175
f 171 172 235
f 172 236 235
f 172 173 236
f 173 237 236
f 173 240 237
f 173 176 240
f 174 175 238
f 175 239 238
f 174 238 241
f 174 241 177
f 176 242 240
f 176 178 242
f 177 241 245
f 177 245 181
f 246 247 183
f 246 183 182
f 247 248 184
f 247 184 183
f 178 248 242
f 178 184 248
f 180 181 244
f 181 245 244
f 180 244 250
f 180 250 187
f 182 251 246
f 182 188 251
f 186 187 249
f 187 250 249
f 186 249 253
f 186 253 191
f 254 255 193
f 254 193 192
f 255 256 194
f 255 194 193
f 188 256 251
f 188 194 256
f 190 191 252
f 191 253 252
f 190 252 258
f 190 258 197
f 192 259 254
f 192 198 259
f 196 197 257
f 197 258 257
f 196 257 262
f 196 262 200
f 263 264 202
f 263 202 201
f 198 264 259
f 198 202 264
f 199 200 261
f 200 262 261
f 199 261 266
f 199 266 205
f 267 268 207
f 267 207 206
f 201 268 263
f 201 207 268
f 204 205 265
f 205 266 265
f 204 265 270
f 204 270 210
f 271 272 212
f 271 212 211
f 206 272 267
f 206 212 272
f 209 210 269
f 210 270 269
f 209 269 275
f 209 275 215
f 211 276 271
f 211 216 276
f 214 215 274
f 215 275 274
f 214 274 279
f 214 279 219
f 280 281 221
f 280 221 220
f 216 281 276
f 216 221 281
f 218 219 278
f 219 279 278
f 218 278 282
f 218 282 223
f 282 283 224
f 282 224 223
f 286 287 227
f 286 227 226
f 220 287 280
f 220 227 287
f 283 284 289
f 284 290 289
f 224 283 289
f 224 289 228
f 289 290 229
f 289 229 228
f 290 291 230
f 290 230 229
f 285 286 291
f 286 292 291
f 225 231 226
f 225 230 231
f 291 292 231
f 291 231 230
f 226 292 286
f 226 231 292
f 232 233 293
f 233 294 293
f 232 293 296
f 232 296 235
f 232 236 233
f 232 235 236
f 233 297 294
f 233 236 297
f 234 235 295
f 235 296 295
f 234 295 300
f 234 300 239
f 236 237 297
f 237 298 297
f 237 301 298
f 237 240 301
f 238 239 299
f 239 300 299
f 238 299 302
f 238 302 241
f 240 303 301
f 240 242 303
f 241 302 306
f 241 306 245
f 307 308 247
f 307 247 246
f 308 309 248
f 308 248 247
f 242 309 303
f 242 248 309
f 243 244 304
f 244 305 304
f 304 305 310
f 305 311 310
f 243 304 310
f 243 310 249
f 243 250 244
f 243 249 250
f 244 245 305
f 245 306 305
f 246 312 307
f 246 251 312
f 249 310 314
f 249 314 253
f 315 316 256
f 315 256 255
f 251 316 312
f 251 256 316
f 252 253 313
f 253 314 313
f 252 313 318
f 252 318 258
f 254 260 255
f 254 259 260
f 319 320 260
f 319 260 259
f 255 320 315
f 255 260 320
f 257 258 317
f 258 318 317
f 257 317 322
f 257 322 262
f 323 324 264
f 323 264 263
f 259 324 319
f 259 264 324
f 261 262 321
f 262 322 321
f 261 321 326
f 261 326 266
f 263 327 323
f 263 268 327
f 265 266 325
f 266 326 325
f 265 325 329
f 265 329 270
f 267 273 268
f 267 272 273
f 330 331 273
f 330 273 272
f 268 331 327
f 268 273 331
f 269 270 328
f 270 329 328
f 269 328 333
f 269 333 275
f 271 277 272
f 271 276 277
f 334 335 277
f 334 277 276
f 272 335 330
f 272 277 335
f 274 275 332
f 275 333 332
f 274 332 337
f 274 337 279
f 276 338 334
f 276 281 338
f 278 279 336
f 279 337 336
f 278 336 339
f 278 339 282
f 339 340 283
f 339 283 282
f 340 341 284
f 340 284 283
f 342 343 286
f 342 286 285
f 343 344 287
f 343 287 286
f 280 288 281
f 280 287 288
f 344 345 288
f 344 288 287
f 281 345 338
f 281 288 345
f 284 341 347
f 284 347 290
f 347 348 291
f 347 291 290
f 285 348 342
f 285 291 348
f 293 294 350
f 294 351 350
f 293 350 354
f 293 354 296
f 294 355 351
f 294 297 355
f 295 296 353
f 296 354 353
f 295 353 358
f 295 358 300
f 297 298 355
f 298 356 355
f 298 359 356
f 298 301 359
f 299 300 357
f 300 358 357
f 299 357 360
f 299 360 302
f 301 361 359
f 301 303 361
f 302 360 364
f 302 364 306
f 365 366 308
f 365 308 307
f 366 367 309
f 366 309 308
f 303 367 361
f 303 309 367
f 305 306 363
f 306 364 363
f 305 363 370
f 305 370 311
f 307 371 365
f 307 312 371
f 310 311 369
f 311 370 369
f 310 369 374
f 310 374 314
f 375 376 316
f 375 316 315
f 312 376 371
f 312 316 376
f 313 314 373
f 314 374 373
f 313 373 378
f 313 378 318
f 379 380 320
f 379 320 319
f 315 380 375
f 315 320 380
f 317 318 377
f 318 378 377
f 317 377 382
f 317 382 322
f 383 384 324
f 383 324 323
f 319 384 379
f 319 324 384
f 321 322 381
f 322 382 381
f 321 381 386
f 321 386 326
f 323 387 383
f 323 327 387
f 325 326 385
f 326 386 385
f 325 385 391
f 325 391 329
f 392 393 331
f 392 331 330
f 327 393 387
f 327 331 393
f 328 329 390
f 329 391 390
f 328 390 395
f 328 395 333
f 396 397 335
f 396 335 334
f 330 397 392
f 330 335 397
f 332 333 394
f 333 395 394
f 332 394 399
f 332 399 337
f 334 400 396
f 334 338 400
f 336 337 398
f 337 399 398
f 336 398 401
f 336 401 339
f 401 402 340
f 401 340 339
f 404 405 344
f 404 344 343
f 405 406 345
f 405 345 344
f 338 406 400
f 338 345 406
f 402 403 407
f 403 408 407
f 340 402 407
f 340 407 346
f 340 347 341
f 340 346 347
f 407 408 347
f 407 347 346
f 408 409 348
f 408 348 347
f 342 349 343
f 342 348 349
f 409 410 349
f 409 349 348
f 343 410 404
f 343 349 410
f 350 351 412
f 351 413 412
f 350 412 416
f 350 416 354
f 351 352 413
f 352 414 413
f 351 356 352
f 351 355 356
f 352 417 414
f 352 356 417
f 353 354 415
f 354 416 415
f 353 415 420
f 353 420 358
f 356 421 417
f 356 359 421
f 357 358 419
f 358 420 419
f 357 419 423
f 357 423 360
f 359 424 421
f 359 361 424
f 360 423 428
f 360 428 364
f 429 430 366
f 429 366 365
f 430 431 367
f 430 367 366
f 361 431 424
f 361 367 431
f 362 363 426
f 363 427 426
f 426 427 433
f 427 434 433
f 362 426 433
f 362 433 369
f 362 370 363
f 362 369 370
f 363 364 427
f 364 428 427
f 365 435 429
f 365 371 435
f 368 369 432
f 369 433 432
f 432 433 438
f 433 439 438
f 368 432 438
f 368 438 373
f 368 374 369
f 368 373 374
f 440 441 376
f 440 376 375
f 371 441 435
f 371 376 441
f 372 373 437
f 373 438 437
f 437 438 442
f 438 443 442
f 372 437 442
f 372 442 377
f 372 378 373
f 372 377 378
f 444 445 380
f 444 380 379
f 375 445 440
f 375 380 445
f 377 442 447
f 377 447 382
f 379 448 444
f 379 384 448
f 381 382 446
f 382 447 446
f 381 446 450
f 381 450 386
f 383 388 384
f 383 387 388
f 451 452 388
f 451 388 387
f 384 452 448
f 384 388 452
f 385 386 449
f 386 450 449
f 385 449 455
f 385 455 391
f 456 457 393
f 456 393 392
f 387 457 451
f 387 393 457
f 389 390 453
f 390 454 453
f 453 454 458
f 454 459 458
f 389 453 458
f 389 458 394
f 389 395 390
f 389 394 395
f 390 391 454
f 391 455 454
f 460 461 397
f 460 397 396
f 392 461 456
f 392 397 461
f 394 458 463
f 394 463 399
f 396 464 460
f 396 400 464
f 398 399 462
f 399 463 462
f 398 462 465
f 398 465 401
f 465 466 402
f 465 402 401
f 466 467 403
f 466 403 402
f 468 469 405
f 468 405 404
f 469 470 406
f 469 406 405
f 400 470 464
f 400 406 470
f 403 467 471
f 403 471 408
f 471 472 409
f 471 409 408
f 472 473 410
f 472 410 409
f 404 473 468
f 404 410 473
f 411 412 476
f 412 477 476
f 411 476 480
f 411 480 415
f 411 416 412
f 411 415 416
f 412 413 477
f 413 478 477
f 413 414 478
f 414 479 478
f 414 481 479
f 414 417 481
f 415 480 484
f 415 484 420
f 417 418 481
f 418 482 481
f 417 422 418
f 417 421 422
f 418 486 482
f 418 422 486
f 419 420 483
f 420 484 483
f 419 483 487
f 419 487 423
f 485 486 488
f 486 489 488
f 421 425 422
f 421 424 425
f 488 489 425
f 488 425 424
f 422 489 486
f 422 425 489
f 423 487 491
f 423 491 428
f 492 493 431
f 492 431 430
f 424 493 488
f 424 431 493
f 427 428 490
f 428 491 490
f 427 490 495
f 427 495 434
f 429 436 430
f 429 435 436
f 496 497 436
f 496 436 435
f 430 497 492
f 430 436 497
f 433 434 494
f 434 495 494
f 433 494 499
f 433 499 439
f 500 501 441
f 500 441 440
f 435 501 496
f 435 441 501
f 438 439 498
f 439 499 498
f 438 498 503
f 438 503 443
f 504 505 445
f 504 445 444
f 440 505 500
f 440 445 505
f 442 443 502
f 443 503 502
f 442 502 507
f 442 507 447
f 444 508 504
f 444 448 508
f 446 447 506
f 447 507 506
f 446 506 511
f 446 511 450
f 512 513 452
f 512 452 451
f 448 513 508
f 448 452 513
f 449 450 510
f 450 511 510
f 449 510 515
f 449 515 455
f 516 517 457
f 516 457 456
f 451 517 512
f 451 457 517
f 454 455 514
f 455 515 514
f 454 514 519
f 454 519 459
f 520 521 461
f 520 461 460
f 456 521 516
f 456 461 521
f 458 459 518
f 459 519 518
f 458 518 523
f 458 523 463
f 460 524 520
f 460 464 524
f 462 463 522
f 463 523 522
f 522 523 526
f 523 527 526
f 462 522 526
f 462 526 465
f 526 527 466
f 526 466 465
f 527 528 467
f 527 467 466
f 530 531 469
f 530 469 468
f 531 532 470
f 531 470 469
f 464 532 524
f 464 470 532
f 528 529 533
f 529 534 533
f 467 528 533
f 467 533 471
f 533 534 472
f 533 472 471
f 529 530 534
f 530 535 534
f 534 535 473
f 534 473 472
f 468 535 530
f 468 473 535
f 474 475 559
f 475 560 559
f 474 559 565
f 474 565 477
f 474 478 475
f 474 477 478
f 475 566 560
f 475 478 566
f 476 477 564
f 477 565 564
f 476 564 571
f 476 571 480
f 478 479 566
f 479 567 566
f 479 572 567
f 479 481 572
f 480 571 576
f 480 576 484
f 481 482 572
f 482 573 572
f 577 578 486
f 577 486 485
f 482 578 573
f 482 486 578
f 483 484 575
f 484 576 575
f 483 575 580
f 483 580 487
f 485 581 577
f 485 488 581
f 487 580 585
f 487 585 491
f 586 587 493
f 586 493 492
f 488 587 581
f 488 493 587
f 490 491 584
f 491 585 584
f 490 584 589
f 490 589 495
f 590 591 497
f 590 497 496
f 492 591 586
f 492 497 591
f 494 495 588
f 495 589 588
f 494 588 593
f 494 593 499
f 594 595 501
f 594 501 500
f 496 595 590
f 496 501 595
f 498 499 592
f 499 593 592
f 498 592 597
f 498 597 503
f 500 598 594
f 500 505 598
f 502 503 596
f 503 597 596
f 502 596 601
f 502 601 507
f 504 509 505
f 504 508 509
f 602 603 509
f 602 509 508
f 505 603 598
f 505 509 603
f 506 507 600
f 507 601 600
f 506 600 605
f 506 605 511
f 606 607 513
f 606 513 512
f 508 607 602
f 508 513 607
f 510 511 604
f 511 605 604
f 510 604 609
f 510 609 515
f 610 611 517
f 610 517 516
f 512 611 606
f 512 517 611
f 514 515 608
f 515 609 608
f 608 609 613
f 609 614 613
f 514 608 613
f 514 613 519
f 516 615 610
f 516 521 615
f 518 519 612
f 519 613 612
f 518 612 616
f 518 616 523
f 520 525 521
f 520 524 525
f 618 619 525
f 618 525 524
f 521 619 615
f 521 525 619
f 616 617 620
f 617 621 620
f 523 616 620
f 523 620 527
f 620 621 528
f 620 528 527
f 621 622 529
f 621 529 528
f 622 623 530
f 622 530 529
f 623 624 531
f 623 531 530
f 624 625 532
f 624 532 531
f 524 625 618
f 524 532 625
f 536 537 669
f 537 670 669
f 536 669 679
f 536 679 539
f 536 540 537
f 536 539 540
f 537 538 670
f 538 671 670
f 537 541 538
f 537 540 541
f 538 680 671
f 538 541 680
f 539 679 688
f 539 688 544
f 539 545 540
f 539 544 545
f 540 546 541
f 540 545 546
f 541 542 680
f 542 681 680
f 541 547 542
f 541 546 547
f 542 543 681
f 543 682 681
f 542 548 543
f 542 547 548
f 543 689 682
f 543 548 689
f 544 688 696
f 544 696 550
f 544 551 545
f 544 550 551
f 696 697 551
f 696 551 550
f 545 552 546
f 545 551 552
f 546 553 547
f 546 552 553
f 547 554 548
f 547 553 554
f 548 549 689
f 549 690 689
f 548 555 549
f 548 554 555
f 549 698 690
f 549 555 698
f 551 697 706
f 551 706 556
f 551 557 552
f 551 556 557
f 552 558 553
f 552 557 558
f 553 559 554
f 553 558 559
f 554 560 555
f 554 559 560
f 555 707 698
f 555 560 707
f 556 706 715
f 556 715 562
f 556 563 557
f 556 562 563
f 557 564 558
f 557 563 564
f 558 565 559
f 558 564 565
f 560 561 707
f 561 708 707
f 560 567 561
f 560 566 567
f 561 716 708
f 561 567 716
f 562 715 723
f 562 723 569
f 562 570 563
f 562 569 570
f 563 571 564
f 563 570 571
f 567 568 716
f 568 717 716
f 567 573 568
f 567 572 573
f 568 724 717
f 568 573 724
f 569 723 730
f 569 730 574
f 569 575 570
f 569 574 575
f 570 576 571
f 570 575 576
f 573 731 724
f 573 578 731
f 574 730 737
f 574 737 579
f 574 580 575
f 574 579 580
f 577 582 578
f 577 581 582
f 738 739 582
f 738 582 581
f 578 739 731
f 578 582 739
f 579 737 745
f 579 745 584
f 579 585 580
f 579 584 585
f 746 747 587
f 746 587 586
f 581 747 738
f 581 587 747
f 583 584 744
f 584 745 744
f 583 744 751
f 583 751 588
f 583 589 584
f 583 588 589
f 752 753 591
f 752 591 590
f 586 753 746
f 586 591 753
f 588 751 757
f 588 757 593
f 590 758 752
f 590 595 758
f 592 593 756
f 593 757 756
f 592 756 761
f 592 761 597
f 594 599 595
f 594 598 599
f 762 763 599
f 762 599 598
f 595 763 758
f 595 599 763
f 596 597 760
f 597 761 760
f 596 760 766
f 596 766 601
f 767 768 603
f 767 603 602
f 598 768 762
f 598 603 768
f 600 601 765
f 601 766 765
f 600 765 771
f 600 771 605
f 772 773 607
f 772 607 606
f 602 773 767
f 602 607 773
f 604 605 770
f 605 771 770
f 604 770 775
f 604 775 609
f 776 777 611
f 776 611 610
f 606 777 772
f 606 611 777
f 609 775 780
f 609 780 614
f 610 781 776
f 610 615 781
f 612 613 778
f 613 779 778
f 612 778 782
f 612 782 616
f 782 783 617
f 782 617 616
f 613 614 779
f 614 780 779
f 615 784 781
f 615 619 784
f 617 783 785
f 617 785 621
f 785 786 622
f 785 622 621
f 786 787 623
f 786 623 622
f 787 788 624
f 787 624 623
f 788 789 625
f 788 625 624
f 618 626 619
f 618 625 626
f 789 790 626
f 789 626 625
f 619 790 784
f 619 626 790
f 627 628 792
f 628 793 792
f 627 792 798
f 627 798 632
f 627 633 628
f 627 632 633
f 628 629 793
f 629 794 793
f 628 634 629
f 628 633 634
f 629 630 794
f 630 795 794
f 629 635 630
f 629 634 635
f 630 631 795
f 631 796 795
f 630 636 631
f 630 635 636
f 631 799 796
f 631 636 799
f 632 798 803
f 632 803 639
f 632 640 633
f 632 639 640
f 633 641 634
f 633 640 641
f 634 642 635
f 634 641 642
f 635 643 636
f 635 642 643
f 636 637 799
f 637 800 799
f 636 644 637
f 636 643 644
f 637 804 800
f 637 644 804
f 638 639 802
f 639 803 802
f 638 802 807
f 638 807 646
f 638 647 639
f 638 646 647
f 639 648 640
f 639 647 648
f 640 649 641
f 640 648 649
f 641 650 642
f 641 649 650
f 642 651 643
f 642 650 651
f 643 652 644
f 643 651 652
f 644 645 804
f 645 805 804
f 644 653 645
f 644 652 653
f 645 808 805
f 645 653 808
f 646 807 811
f 646 811 654
f 646 655 647
f 646 654 655
f 647 656 648
f 647 655 656
f 648 657 649
f 648 656 657
f 649 658 650
f 649 657 658
f 650 659 651
f 650 658 659
f 651 660 652
f 651 659 660
f 652 661 653
f 652 660 661
f 653 812 808
f 653 661 812
f 654 811 816
f 654 816 663
f 654 664 655
f 654 663 664
f 655 665 656
f 655 664 665
f 656 666 657
f 656 665 666
f 657 667 658
f 657 666 667
f 658 668 659
f 658 667 668
f 659 669 660
f 659 668 669
f 660 670 661
f 660 669 670
f 661 662 812
f 662 813 812
f 661 671 662
f 661 670 671
f 662 817 813
f 662 671 817
f 663 816 822
f 663 822 673
f 663 674 664
f 663 673 674
f 822 823 674
f 822 674 673
f 664 675 665
f 664 674 675
f 665 676 666
f 665 675 676
f 666 677 667
f 666 676 677
f 667 678 668
f 667 677 678
f 668 679 669
f 668 678 679
f 671 672 817
f 672 818 817
f 817 818 824
f 818 825 824
f 671 681 672
f 671 680 681
f 672 825 818
f 672 681 825
f 674 823 831
f 674 831 683
f 674 684 675
f 674 683 684
f 675 685 676
f 675 684 685
f 676 686 677
f 676 685 686
f 677 687 678
f 677 686 687
f 678 688 679
f 678 687 688
f 681 682 825
f 682 826 825
f 825 826 832
f 826 833 832
f 682 833 826
f 682 689 833
f 683 831 839
f 683 839 691
f 683 692 684
f 683 691 692
f 839 840 692
f 839 692 691
f 684 693 685
f 684 692 693
f 685 694 686
f 685 693 694
f 686 695 687
f 686 694 695
f 687 696 688
f 687 695 696
f 689 690 833
f 690 834 833
f 833 834 841
f 834 842 841
f 690 842 834
f 690 698 842
f 692 840 849
f 692 849 701
f 692 702 693
f 692 701 702
f 693 703 694
f 693 702 703
f 694 704 695
f 694 703 704
f 695 705 696
f 695 704 705
f 696 706 697
f 696 705 706
f 698 699 842
f 699 843 842
f 842 843 850
f 843 851 850
f 698 708 699
f 698 707 708
f 699 851 843
f 699 708 851
f 700 701 848
f 701 849 848
f 700 848 857
f 700 857 709
f 700 710 701
f 700 709 710
f 857 858 710
f 857 710 709
f 701 711 702
f 701 710 711
f 702 712 703
f 702 711 712
f 703 713 704
f 703 712 713
f 704 714 705
f 704 713 714
f 705 715 706
f 705 714 715
f 708 859 851
f 708 716 859
f 710 858 867
f 710 867 718
f 710 719 711
f 710 718 719
f 711 720 712
f 711 719 720
f 712 721 713
f 712 720 721
f 713 722 714
f 713 721 722
f 714 723 715
f 714 722 723
f 716 717 859
f 717 860 859
f 717 868 860
f 717 724 868
f 718 867 875
f 718 875 725
f 718 726 719
f 718 725 726
f 719 727 720
f 719 726 727
f 720 728 721
f 720 727 728
f 721 729 722
f 721 728 729
f 722 730 723
f 722 729 730
f 724 876 868
f 724 731 876
f 725 875 883
f 725 883 732
f 725 733 726
f 725 732 733
f 726 734 727
f 726 733 734
f 727 735 728
f 727 734 735
f 728 736 729
f 728 735 736
f 729 737 730
f 729 736 737
f 885 886 739
f 885 739 738
f 731 886 876
f 731 739 886
f 732 883 892
f 732 892 740
f 732 741 733
f 732 740 741
f 892 893 741
f 892 741 740
f 733 742 734
f 733 741 742
f 734 743 735
f 734 742 743
f 735 744 736
f 735 743 744
f 736 745 737
f 736 744 745
f 884 885 895
f 885 896 895
f 895 896 747
f 895 747 746
f 738 896 885
f 738 747 896
f 741 893 903
f 741 903 748
f 741 749 742
f 741 748 749
f 742 750 743
f 742 749 750
f 743 751 744
f 743 750 751
f 894 895 905
f 895 906 905
f 905 906 753
f 905 753 752
f 746 906 895
f 746 753 906
f 748 903 912
f 748 912 754
f 748 755 749
f 748 754 755
f 749 756 750
f 749 755 756
f 750 757 751
f 750 756 757
f 904 905 913
f 905 914 913
f 752 914 905
f 752 758 914
f 754 912 920
f 754 920 759
f 754 760 755
f 754 759 760
f 755 761 756
f 755 760 761
f 913 914 922
f 914 923 922
f 922 923 763
f 922 763 762
f 758 923 914
f 758 763 923
f 759 920 929
f 759 929 765
f 759 766 760
f 759 765 766
f 921 922 930
f 922 931 930
f 930 931 768
f 930 768 767
f 762 931 922
f 762 768 931
f 764 765 928
f 765 929 928
f 764 928 935
f 764 935 770
f 764 771 765
f 764 770 771
f 936 937 773
f 936 773 772
f 767 937 930
f 767 773 937
f 769 770 934
f 770 935 934
f 769 934 939
f 769 939 774
f 769 775 770
f 769 774 775
f 940 941 777
f 940 777 776
f 772 941 936
f 772 777 941
f 774 939 943
f 774 943 779
f 774 780 775
f 774 779 780
f 776 944 940
f 776 781 944
f 778 779 942
f 779 943 942
f 778 942 946
f 778 946 782
f 946 947 783
f 946 783 782
f 781 948 944
f 781 784 948
f 783 947 949
f 783 949 785
f 949 950 786
f 949 786 785
f 950 951 787
f 950 787 786
f 951 952 788
f 951 788 787
f 952 953 789
f 952 789 788
f 953 954 790
f 953 790 789
f 784 954 948
f 784 790 954
f 791 792 955
f 792 956 955
f 955 956 961
f 956 962 961
f 791 955 961
f 791 961 797
f 791 798 792
f 791 797 798
f 792 793 956
f 793 957 956
f 793 794 957
f 794 958 957
f 794 795 958
f 795 959 958
f 795 796 959
f 796 960 959
f 796 963 960
f 796 799 963
f 797 961 966
f 797 966 802
f 797 803 798
f 797 802 803
f 799 800 963
f 800 964 963
f 800 967 964
f 800 804 967
f 801 802 965
f 802 966 965
f 801 965 969
f 801 969 806
f 801 807 802
f 801 806 807
f 804 805 967
f 805 968 967
f 967 968 970
f 968 971 970
f 805 971 968
f 805 808 971
f 806 969 973
f 806 973 810
f 806 811 807
f 806 810 811
f 970 971 975
f 971 976 975
f 808 976 971
f 808 812 976
f 809 810 972
f 810 973 972
f 809 972 979
f 809 979 814
f 809 815 810
f 809 814 815
f 810 816 811
f 810 815 816
f 974 975 980
f 975 981 980
f 975 976 981
f 976 982 981
f 812 813 976
f 813 977 976
f 976 977 982
f 977 983 982
f 813 983 977
f 813 817 983
f 814 979 986
f 814 986 820
f 814 821 815
f 814 820 821
f 815 822 816
f 815 821 822
f 980 981 988
f 981 989 988
f 981 982 989
f 982 990 989
f 982 983 990
f 983 991 990
f 817 991 983
f 817 824 991
f 819 820 985
f 820 986 985
f 819 985 995
f 819 995 827
f 819 828 820
f 819 827 828
f 820 829 821
f 820 828 829
f 821 830 822
f 821 829 830
f 822 831 823
f 822 830 831
f 987 988 997
f 988 998 997
f 988 989 998
f 989 999 998
f 989 990 999
f 990 1000 999
f 990 991 1000
f 991 1001 1000
f 824 825 991
f 825 992 991
f 991 992 1001
f 992 1002 1001
f 825 1002 992
f 825 832 1002
f 827 995 1007
f 827 1007 835
f 827 836 828
f 827 835 836
f 828 837 829
f 828 836 837
f 829 838 830
f 829 837 838
f 830 839 831
f 830 838 839
f 996 997 1008
f 997 1009 1008
f 997 998 1009
f 998 1010 1009
f 998 999 1010
f 999 1011 1010
f 999 1000 1011
f 1000 1012 1011
f 1000 1001 1012
f 1001 1013 1012
f 1001 1002 1013
f 1002 1014 1013
f 832 833 1002
f 833 1003 1002
f 1002 1003 1014
f 1003 1015 1014
f 833 1015 1003
f 833 841 1015
f 835 1007 1021
f 835 1021 844
f 835 845 836
f 835 844 845
f 836 846 837
f 836 845 846
f 837 847 838
f 837 846 847
f 838 848 839
f 838 847 848
f 839 849 840
f 839 848 849
f 1008 1009 1022
f 1009 1023 1022
f 1009 1010 1023
f 1010 1024 1023
f 1010 1011 1024
f 1011 1025 1024
f 1011 1012 1025
f 1012 1026 1025
f 1012 1013 1026
f 1013 1027 1026
f 1013 1014 1027
f 1014 1028 1027
f 1014 1015 1028
f 1015 1029 1028
f 841 842 1015
f 842 1016 1015
f 1015 1016 1029
f 1016 1030 1029
f 842 1030 1016
f 842 850 1030
f 844 1021 1037
f 844 1037 853
f 844 854 845
f 844 853 854
f 845 855 846
f 845 854 855
f 846 856 847
f 846 855 856
f 847 857 848
f 847 856 857
f 1022 1023 1038
f 1023 1039 1038
f 1023 1024 1039
f 1024 1040 1039
f 1024 1025 1040
f 1025 1041 1040
f 1025 1026 1041
f 1026 1042 1041
f 1026 1027 1042
f 1027 1043 1042
f 1027 1028 1043
f 1028 1044 1043
f 1028 1029 1044
f 1029 1045 1044
f 1029 1030 1045
f 1030 1046 1045
f 850 851 1030
f 851 1031 1030
f 1030 1031 1046
f 1031 1047 1046
f 851 852 1031
f 852 1032 1031
f 1031 1032 1047
f 1032 1048 1047
f 851 860 852
f 851 859 860
f 852 1048 1032
f 852 860 1048
f 853 1037 1054
f 853 1054 862
f 853 863 854
f 853 862 863
f 854 864 855
f 854 863 864
f 855 865 856
f 855 864 865
f 856 866 857
f 856 865 866
f 857 867 858
f 857 866 867
f 1038 1039 1055
f 1039 1056 1055
f 1039 1040 1056
f 1040 1057 1056
f 1040 1041 1057
f 1041 1058 1057
f 1041 1042 1058
f 1042 1059 1058
f 1042 1043 1059
f 1043 1060 1059
f 1043 1044 1060
f 1044 1061 1060
f 1044 1045 1061
f 1045 1062 1061
f 1045 1046 1062
f 1046 1063 1062
f 1046 1047 1063
f 1047 1064 1063
f 860 861 1048
f 861 1049 1048
f 860 869 861
f 860 868 869
f 861 1065 1049
f 861 869 1065
f 862 1054 1071
f 862 1071 870
f 862 871 863
f 862 870 871
f 863 872 864
f 863 871 872
f 864 873 865
f 864 872 873
f 865 874 866
f 865 873 874
f 866 875 867
f 866 874 875
f 1055 1056 1072
f 1056 1073 1072
f 1056 1057 1073
f 1057 1074 1073
f 1057 1058 1074
f 1058 1075 1074
f 1058 1059 1075
f 1059 1076 1075
f 1059 1060 1076
f 1060 1077 1076
f 1060 1061 1077
f 1061 1078 1077
f 1061 1062 1078
f 1062 1079 1078
f 1062 1063 1079
f 1063 1080 1079
f 1063 1064 1080
f 1064 1081 1080
f 868 877 869
f 868 876 877
f 1082 1083 877
f 1082 877 876
f 869 1083 1065
f 869 877 1083
f 870 1071 1089
f 870 1089 878
f 870 879 871
f 870 878 879
f 871 880 872
f 871 879 880
f 872 881 873
f 872 880 881
f 873 882 874
f 873 881 882
f 874 883 875
f 874 882 883
f 1072 1073 1090
f 1073 1091 1090
f 1073 1074 1091
f 1074 1092 1091
f 1074 1075 1092
f 1075 1093 1092
f 1075 1076 1093
f 1076 1094 1093
f 1076 1077 1094
f 1077 1095 1094
f 1077 1078 1095
f 1078 1096 1095
f 1078 1079 1096
f 1079 1097 1096
f 1079 1080 1097
f 1080 1098 1097
f 1080 1081 1098
f 1081 1099 1098
f 1098 1099 885
f 1098 885 884
f 1099 1100 886
f 1099 886 885
f 876 1100 1082
f 876 886 1100
f 878 1089 1106
f 878 1106 887
f 878 888 879
f 878 887 888
f 879 889 880
f 879 888 889
f 880 890 881
f 880 889 890
f 881 891 882
f 881 890 891
f 882 892 883
f 882 891 892
f 1090 1091 1107
f 1091 1108 1107
f 1091 1092 1108
f 1092 1109 1108
f 1092 1093 1109
f 1093 1110 1109
f 1093 1094 1110
f 1094 1111 1110
f 1094 1095 1111
f 1095 1112 1111
f 1095 1096 1112
f 1096 1113 1112
f 1096 1097 1113
f 1097 1114 1113
f 1097 1098 1114
f 1098 1115 1114
f 1114 1115 895
f 1114 895 894
f 884 1115 1098
f 884 895 1115
f 887 1106 1118
f 887 1118 897
f 887 898 888
f 887 897 898
f 1118 1119 898
f 1118 898 897
f 888 899 889
f 888 898 899
f 889 900 890
f 889 899 900
f 890 901 891
f 890 900 901
f 891 902 892
f 891 901 902
f 892 903 893
f 892 902 903
f 1107 1108 1120
f 1108 1121 1120
f 1108 1109 1121
f 1109 1122 1121
f 1109 1110 1122
f 1110 1123 1122
f 1110 1111 1123
f 1111 1124 1123
f 1111 1112 1124
f 1112 1125 1124
f 1112 1113 1125
f 1113 1126 1125
f 1113 1114 1126
f 1114 1127 1126
f 1126 1127 905
f 1126 905 904
f 894 1127 1114
f 894 905 1127
f 898 1119 1131
f 898 1131 907
f 898 908 899
f 898 907 908
f 899 909 900
f 899 908 909
f 900 910 901
f 900 909 910
f 901 911 902
f 901 910 911
f 902 912 903
f 902 911 912
f 1122 1123 1132
f 1123 1133 1132
f 1123 1124 1133
f 1124 1134 1133
f 1124 1125 1134
f 1125 1135 1134
f 1125 1126 1135
f 1126 1136 1135
f 904 1136 1126
f 904 913 1136
f 907 1131 1139
f 907 1139 915
f 907 916 908
f 907 915 916
f 908 917 909
f 908 916 917
f 909 918 910
f 909 917 918
f 910 919 911
f 910 918 919
f 911 920 912
f 911 919 920
f 1132 1133 1140
f 1133 1141 1140
f 1133 1134 1141
f 1134 1142 1141
f 1134 1135 1142
f 1135 1143 1142
f 1135 1136 1143
f 1136 1144 1143
f 1143 1144 922
f 1143 922 921
f 913 1144 1136
f 913 922 1144
f 915 1139 1147
f 915 1147 924
f 915 925 916
f 915 924 925
f 1147 1148 925
f 1147 925 924
f 916 926 917
f 916 925 926
f 917 927 918
f 917 926 927
f 918 928 919
f 918 927 928
f 919 929 920
f 919 928 929
f 1141 1142 1149
f 1142 1150 1149
f 1142 1143 1150
f 1143 1151 1150
f 921 1151 1143
f 921 930 1151
f 925 1148 1153
f 925 1153 932
f 925 933 926
f 925 932 933
f 1153 1154 933
f 1153 933 932
f 926 934 927
f 926 933 934
f 927 935 928
f 927 934 935
f 1149 1150 1155
f 1150 1156 1155
f 1150 1151 1156
f 1151 1157 1156
f 1156 1157 937
f 1156 937 936
f 930 1157 1151
f 930 937 1157
f 933 1154 1159
f 933 1159 938
f 933 939 934
f 933 938 939
f 1155 1156 1160
f 1156 1161 1160
f 936 1161 1156
f 936 941 1161
f 938 1159 1162
f 938 1162 942
f 938 943 939
f 938 942 943
f 940 945 941
f 940 944 945
f 1163 1164 945
f 1163 945 944
f 941 1164 1161
f 941 945 1164
f 942 1162 1165
f 942 1165 946
f 1165 1166 947
f 1165 947 946
f 944 1167 1163
f 944 948 1167
f 947 1166 1169
f 947 1169 949
f 1169 1170 950
f 1169 950 949
f 1170 1171 951
f 1170 951 950
f 1171 1172 952
f 1171 952 951
f 1172 1173 953
f 1172 953 952
f 1173 1174 954
f 1173 954 953
f 948 1174 1167
f 948 954 1174
f 956 957 1176
f 957 1177 1176
f 1176 1177 1182
f 1177 1183 1182
f 956 1176 1182
f 956 1182 962
f 957 958 1177
f 958 1178 1177
f 1177 1178 1183
f 1178 1184 1183
f 958 959 1178
f 959 1179 1178
f 1178 1179 1184
f 1179 1185 1184
f 959 960 1179
f 960 1180 1179
f 1179 1180 1185
f 1180 1186 1185
f 960 1186 1180
f 960 963 1186
f 961 962 1181
f 962 1182 1181
f 1181 1182 1189
f 1182 1190 1189
f 961 1181 1189
f 961 1189 966
f 963 964 1186
f 964 1187 1186
f 964 1191 1187
f 964 967 1191
f 965 966 1188
f 966 1189 1188
f 1188 1189 1192
f 1189 1193 1192
f 965 1188 1192
f 965 1192 969
f 967 1195 1191
f 967 970 1195
f 1192 1193 1197
f 1193 1198 1197
f 969 1192 1197
f 969 1197 973
f 1194 1195 1202
f 1195 1203 1202
f 1202 1203 975
f 1202 975 974
f 970 1203 1195
f 970 975 1203
f 972 973 1196
f 973 1197 1196
f 1196 1197 1205
f 1197 1206 1205
f 972 1196 1205
f 972 1205 979
f 1199 1200 1207
f 1200 1208 1207
f 1200 1201 1208
f 1201 1209 1208
f 1201 1202 1209
f 1202 1210 1209
f 974 1210 1202
f 974 980 1210
f 978 979 1204
f 979 1205 1204
f 978 1204 1212
f 978 1212 985
f 978 986 979
f 978 985 986
f 1207 1208 1214
f 1208 1215 1214
f 1208 1209 1215
f 1209 1216 1215
f 1209 1210 1216
f 1210 1217 1216
f 1216 1217 988
f 1216 988 987
f 980 1217 1210
f 980 988 1217
f 984 985 1211
f 985 1212 1211
f 984 1211 1219
f 984 1219 994
f 984 995 985
f 984 994 995
f 1213 1214 1221
f 1214 1222 1221
f 1214 1215 1222
f 1215 1223 1222
f 1215 1216 1223
f 1216 1224 1223
f 1223 1224 997
f 1223 997 996
f 987 1224 1216
f 987 997 1224
f 993 994 1218
f 994 1219 1218
f 993 1218 1226
f 993 1226 1005
f 993 1006 994
f 993 1005 1006
f 994 1007 995
f 994 1006 1007
f 1220 1221 1227
f 1221 1228 1227
f 1221 1222 1228
f 1222 1229 1228
f 1222 1223 1229
f 1223 1230 1229
f 996 1230 1223
f 996 1008 1230
f 1004 1005 1225
f 1005 1226 1225
f 1004 1225 1232
f 1004 1232 1018
f 1004 1019 1005
f 1004 1018 1019
f 1005 1020 1006
f 1005 1019 1020
f 1006 1021 1007
f 1006 1020 1021
f 1227 1228 1234
f 1228 1235 1234
f 1228 1229 1235
f 1229 1236 1235
f 1229 1230 1236
f 1230 1237 1236
f 1008 1237 1230
f 1008 1022 1237
f 1017 1018 1231
f 1018 1232 1231
f 1017 1231 1238
f 1017 1238 1033
f 1017 1034 1018
f 1017 1033 1034
f 1018 1035 1019
f 1018 1034 1035
f 1019 1036 1020
f 1019 1035 1036
f 1020 1037 1021
f 1020 1036 1037
f 1233 1234 1239
f 1234 1240 1239
f 1234 1235 1240
f 1235 1241 1240
f 1235 1236 1241
f 1236 1242 1241
f 1236 1237 1242
f 1237 1243 1242
f 1022 1243 1237
f 1022 1038 1243
f 1033 1238 1247
f 1033 1247 1050
f 1033 1051 1034
f 1033 1050 1051
f 1034 1052 1035
f 1034 1051 1052
f 1035 1053 1036
f 1035 1052 1053
f 1036 1054 1037
f 1036 1053 1054
f 1239 1240 1248
f 1240 1249 1248
f 1240 1241 1249
f 1241 1250 1249
f 1241 1242 1250
f 1242 1251 1250
f 1242 1243 1251
f 1243 1252 1251
f 1038 1252 1243
f 1038 1055 1252
f 1047 1048 1244
f 1048 1245 1244
f 1244 1245 1253
f 1245 1254 1253
f 1047 1244 1253
f 1047 1253 1064
f 1048 1049 1245
f 1049 1246 1245
f 1049 1255 1246
f 1049 1065 1255
f 1050 1247 1257
f 1050 1257 1067
f 1050 1068 1051
f 1050 1067 1068
f 1051 1069 1052
f 1051 1068 1069
f 1052 1070 1053
f 1052 1069 1070
f 1053 1071 1054
f 1053 1070 1071
f 1248 1249 1258
f 1249 1259 1258
f 1249 1250 1259
f 1250 1260 1259
f 1250 1251 1260
f 1251 1261 1260
f 1251 1252 1261
f 1252 1262 1261
f 1055 1262 1252
f 1055 1072 1262
f 1253 1254 1263
f 1254 1264 1263
f 1064 1253 1263
f 1064 1263 1081
f 1065 1066 1255
f 1066 1256 1255
f 1065 1084 1066
f 1065 1083 1084
f 1265 1266 1084
f 1265 1084 1083
f 1066 1266 1256
f 1066 1084 1266
f 1067 1257 1267
f 1067 1267 1085
f 1067 1086 1068
f 1067 1085 1086
f 1068 1087 1069
f 1068 1086 1087
f 1069 1088 1070
f 1069 1087 1088
f 1070 1089 1071
f 1070 1088 1089
f 1258 1259 1268
f 1259 1269 1268
f 1259 1260 1269
f 1260 1270 1269
f 1260 1261 1270
f 1261 1271 1270
f 1261 1262 1271
f 1262 1272 1271
f 1072 1272 1262
f 1072 1090 1272
f 1263 1264 1273
f 1264 1274 1273
f 1081 1263 1273
f 1081 1273 1099
f 1273 1274 1100
f 1273 1100 1099
f 1082 1101 1083
f 1082 1100 1101
f 1274 1275 1101
f 1274 1101 1100
f 1083 1275 1265
f 1083 1101 1275
f 1085 1267 1277
f 1085 1277 1102
f 1085 1103 1086
f 1085 1102 1103
f 1277 1278 1103
f 1277 1103 1102
f 1086 1104 1087
f 1086 1103 1104
f 1278 1279 1104
f 1278 1104 1103
f 1087 1105 1088
f 1087 1104 1105
f 1088 1106 1089
f 1088 1105 1106
f 1268 1269 1280
f 1269 1281 1280
f 1269 1270 1281
f 1270 1282 1281
f 1270 1271 1282
f 1271 1283 1282
f 1271 1272 1283
f 1272 1284 1283
f 1090 1284 1272
f 1090 1107 1284
f 1104 1279 1286
f 1104 1286 1116
f 1104 1117 1105
f 1104 1116 1117
f 1105 1118 1106
f 1105 1117 1118
f 1281 1282 1287
f 1282 1288 1287
f 1282 1283 1288
f 1283 1289 1288
f 1283 1284 1289
f 1284 1290 1289
f 1107 1290 1284
f 1107 1120 1290
f 1116 1286 1294
f 1116 1294 1128
f 1116 1129 1117
f 1116 1128 1129
f 1294 1295 1129
f 1294 1129 1128
f 1117 1130 1118
f 1117 1129 1130
f 1118 1131 1119
f 1118 1130 1131
f 1288 1289 1296
f 1289 1297 1296
f 1289 1290 1297
f 1290 1298 1297
f 1120 1121 1290
f 1121 1291 1290
f 1290 1291 1298
f 1291 1299 1298
f 1121 1122 1291
f 1122 1292 1291
f 1291 1292 1299
f 1292 1300 1299
f 1122 1300 1292
f 1122 1132 1300
f 1129 1295 1302
f 1129 1302 1137
f 1129 1138 1130
f 1129 1137 1138
f 1130 1139 1131
f 1130 1138 1139
f 1296 1297 1304
f 1297 1305 1304
f 1297 1298 1305
f 1298 1306 1305
f 1298 1299 1306
f 1299 1307 1306
f 1299 1300 1307
f 1300 1308 1307
f 1132 1308 1300
f 1132 1140 1308
f 1302 1303 1310
f 1303 1311 1310
f 1137 1302 1310
f 1137 1310 1145
f 1137 1146 1138
f 1137 1145 1146
f 1310 1311 1146
f 1310 1146 1145
f 1138 1147 1139
f 1138 1146 1147
f 1311 1312 1147
f 1311 1147 1146
f 1305 1306 1313
f 1306 1314 1313
f 1306 1307 1314
f 1307 1315 1314
f 1307 1308 1315
f 1308 1316 1315
f 1140 1141 1308
f 1141 1309 1308
f 1308 1309 1316
f 1309 1317 1316
f 1141 1317 1309
f 1141 1149 1317
f 1147 1312 1318
f 1147 1318 1152
f 1147 1153 1148
f 1147 1152 1153
f 1318 1319 1153
f 1318 1153 1152
f 1315 1316 1320
f 1316 1321 1320
f 1316 1317 1321
f 1317 1322 1321
f 1149 1322 1317
f 1149 1155 1322
f 1153 1319 1323
f 1153 1323 1158
f 1153 1159 1154
f 1153 1158 1159
f 1323 1324 1159
f 1323 1159 1158
f 1321 1322 1326
f 1322 1327 1326
f 1155 1327 1322
f 1155 1160 1327
f 1324 1325 1329
f 1325 1330 1329
f 1159 1324 1329
f 1159 1329 1162
f 1160 1161 1327
f 1161 1328 1327
f 1327 1328 1331
f 1328 1332 1331
f 1161 1332 1328
f 1161 1164 1332
f 1329 1330 1333
f 1330 1334 1333
f 1162 1329 1333
f 1162 1333 1165
f 1333 1334 1166
f 1333 1166 1165
f 1163 1168 1164
f 1163 1167 1168
f 1164 1337 1332
f 1164 1168 1337
f 1334 1335 1338
f 1335 1339 1338
f 1166 1334 1338
f 1166 1338 1169
f 1338 1339 1170
f 1338 1170 1169
f 1339 1340 1171
f 1339 1171 1170
f 1340 1341 1172
f 1340 1172 1171
f 1341 1342 1173
f 1341 1173 1172
f 1342 1343 1174
f 1342 1174 1173
f 1336 1337 1343
f 1337 1344 1343
f 1167 1175 1168
f 1167 1174 1175
f 1343 1344 1175
f 1343 1175 1174
f 1168 1344 1337
f 1168 1175 1344
f 1182 1183 1349
f 1183 1350 1349
f 1182 1349 1356
f 1182 1356 1190
f 1183 1184 1350
f 1184 1351 1350
f 1184 1185 1351
f 1185 1352 1351
f 1185 1186 1352
f 1186 1353 1352
f 1186 1187 1353
f 1187 1354 1353
f 1187 1357 1354
f 1187 1191 1357
f 1189 1190 1355
f 1190 1356 1355
f 1355 1356 1358
f 1356 1359 1358
f 1189 1355 1358
f 1189 1358 1193
f 1361 1362 1195
f 1361 1195 1194
f 1191 1362 1357
f 1191 1195 1362
f 1358 1359 1364
f 1359 1365 1364
f 1193 1358 1364
f 1193 1364 1198
f 1366 1367 1200
f 1366 1200 1199
f 1367 1368 1201
f 1367 1201 1200
f 1360 1361 1368
f 1361 1369 1368
f 1368 1369 1202
f 1368 1202 1201
f 1194 1369 1361
f 1194 1202 1369
f 1197 1198 1363
f 1198 1364 1363
f 1363 1364 1372
f 1364 1373 1372
f 1197 1363 1372
f 1197 1372 1206
f 1364 1365 1373
f 1365 1374 1373
f 1365 1366 1374
f 1366 1375 1374
f 1199 1375 1366
f 1199 1207 1375
f 1204 1205 1370
f 1205 1371 1370
f 1370 1371 1377
f 1371 1378 1377
f 1204 1370 1377
f 1204 1377 1212
f 1205 1206 1371
f 1206 1372 1371
f 1371 1372 1378
f 1372 1379 1378
f 1372 1373 1379
f 1373 1380 1379
f 1373 1374 1380
f 1374 1381 1380
f 1374 1375 1381
f 1375 1382 1381
f 1381 1382 1214
f 1381 1214 1213
f 1207 1382 1375
f 1207 1214 1382
f 1211 1212 1376
f 1212 1377 1376
f 1376 1377 1384
f 1377 1385 1384
f 1211 1376 1384
f 1211 1384 1219
f 1377 1378 1385
f 1378 1386 1385
f 1378 1379 1386
f 1379 1387 1386
f 1379 1380 1387
f 1380 1388 1387
f 1380 1381 1388
f 1381 1389 1388
f 1388 1389 1221
f 1388 1221 1220
f 1213 1389 1381
f 1213 1221 1389
f 1218 1219 1383
f 1219 1384 1383
f 1383 1384 1391
f 1384 1392 1391
f 1218 1383 1391
f 1218 1391 1226
f 1384 1385 1392
f 1385 1393 1392
f 1385 1386 1393
f 1386 1394 1393
f 1386 1387 1394
f 1387 1395 1394
f 1387 1388 1395
f 1388 1396 1395
f 1220 1396 1388
f 1220 1227 1396
f 1225 1226 1390
f 1226 1391 1390
f 1390 1391 1398
f 1391 1399 1398
f 1225 1390 1398
f 1225 1398 1232
f 1394 1395 1400
f 1395 1401 1400
f 1395 1396 1401
f 1396 1402 1401
f 1401 1402 1234
f 1401 1234 1233
f 1227 1402 1396
f 1227 1234 1402
f 1231 1232 1397
f 1232 1398 1397
f 1397 1398 1403
f 1398 1404 1403
f 1231 1397 1403
f 1231 1403 1238
f 1400 1401 1406
f 1401 1407 1406
f 1233 1407 1401
f 1233 1239 1407
f 1238 1403 1410
f 1238 1410 1247
f 1405 1406 1411
f 1406 1412 1411
f 1406 1407 1412
f 1407 1413 1412
f 1239 1413 1407
f 1239 1248 1413
f 1245 1246 1408
f 1246 1409 1408
f 1408 1409 1414
f 1409 1415 1414
f 1245 1408 1414
f 1245 1414 1254
f 1246 1415 1409
f 1246 1255 1415
f 1247 1410 1417
f 1247 1417 1257
f 1411 1412 1418
f 1412 1419 1418
f 1412 1413 1419
f 1413 1420 1419
f 1248 1420 1413
f 1248 1258 1420
f 1254 1414 1421
f 1254 1421 1264
f 1255 1256 1415
f 1256 1416 1415
f 1256 1422 1416
f 1256 1266 1422
f 1257 1417 1423
f 1257 1423 1267
f 1418 1419 1425
f 1419 1426 1425
f 1419 1420 1426
f 1420 1427 1426
f 1258 1427 1420
f 1258 1268 1427
f 1264 1421 1428
f 1264 1428 1274
f 1428 1429 1275
f 1428 1275 1274
f 1265 1276 1266
f 1265 1275 1276
f 1429 1430 1276
f 1429 1276 1275
f 1266 1430 1422
f 1266 1276 1430
f 1423 1424 1431
f 1424 1432 1431
f 1267 1423 1431
f 1267 1431 1277
f 1431 1432 1278
f 1431 1278 1277
f 1425 1426 1434
f 1426 1435 1434
f 1426 1427 1435
f 1427 1436 1435
f 1268 1436 1427
f 1268 1280 1436
f 1432 1433 1438
f 1433 1439 1438
f 1278 1432 1438
f 1278 1438 1285
f 1278 1286 1279
f 1278 1285 1286
f 1435 1436 1441
f 1436 1442 1441
f 1280 1281 1436
f 1281 1437 1436
f 1436 1437 1442
f 1437 1443 1442
f 1281 1443 1437
f 1281 1287 1443
f 1438 1439 1445
f 1439 1446 1445
f 1285 1438 1445
f 1285 1445 1293
f 1285 1294 1286
f 1285 1293 1294
f 1445 1446 1294
f 1445 1294 1293
f 1439 1440 1446
f 1440 1447 1446
f 1441 1442 1449
f 1442 1450 1449
f 1442 1443 1450
f 1443 1451 1450
f 1287 1288 1443
f 1288 1444 1443
f 1443 1444 1451
f 1444 1452 1451
f 1288 1452 1444
f 1288 1296 1452
f 1446 1447 1453
f 1447 1454 1453
f 1294 1446 1453
f 1294 1453 1301
f 1294 1302 1295
f 1294 1301 1302
f 1453 1454 1302
f 1453 1302 1301
f 1447 1448 1454
f 1448 1455 1454
f 1454 1455 1303
f 1454 1303 1302
f 1448 1449 1455
f 1449 1456 1455
f 1449 1450 1456
f 1450 1457 1456
f 1450 1451 1457
f 1451 1458 1457
f 1451 1452 1458
f 1452 1459 1458
f 1296 1459 1452
f 1296 1304 1459
f 1455 1456 1461
f 1456 1462 1461
f 1303 1455 1461
f 1303 1461 1311
f 1461 1462 1312
f 1461 1312 1311
f 1456 1457 1462
f 1457 1463 1462
f 1457 1458 1463
f 1458 1464 1463
f 1458 1459 1464
f 1459 1465 1464
f 1304 1305 1459
f 1305 1460 1459
f 1459 1460 1465
f 1460 1466 1465
f 1305 1466 1460
f 1305 1313 1466
f 1462 1463 1469
f 1463 1470 1469
f 1312 1462 1469
f 1312 1469 1318
f 1469 1470 1319
f 1469 1319 1318
f 1463 1464 1470
f 1464 1471 1470
f 1464 1465 1471
f 1465 1472 1471
f 1465 1466 1472
f 1466 1473 1472
f 1313 1314 1466
f 1314 1467 1466
f 1466 1467 1473
f 1467 1474 1473
f 1314 1315 1467
f 1315 1468 1467
f 1467 1468 1474
f 1468 1475 1474
f 1315 1475 1468
f 1315 1320 1475
f 1470 1471 1477
f 1471 1478 1477
f 1319 1470 1477
f 1319 1477 1323
f 1477 1478 1324
f 1477 1324 1323
f 1471 1472 1478
f 1472 1479 1478
f 1478 1479 1325
f 1478 1325 1324
f 1472 1473 1479
f 1473 1480 1479
f 1473 1474 1480
f 1474 1481 1480
f 1474 1475 1481
f 1475 1482 1481
f 1320 1321 1475
f 1321 1476 1475
f 1475 1476 1482
f 1476 1483 1482
f 1321 1483 1476
f 1321 1326 1483
f 1479 1480 1485
f 1480 1486 1485
f 1325 1479 1485
f 1325 1485 1330
f 1326 1327 1483
f 1327 1484 1483
f 1327 1487 1484
f 1327 1331 1487
f 1485 1486 1489
f 1486 1490 1489
f 1330 1485 1489
f 1330 1489 1334
f 1489 1490 1335
f 1489 1335 1334
f 1331 1332 1487
f 1332 1488 1487
f 1492 1493 1337
f 1492 1337 1336
f 1332 1493 1488
f 1332 1337 1493
f 1490 1491 1494
f 1491 1495 1494
f 1335 1490 1494
f 1335 1494 1339
f 1494 1495 1340
f 1494 1340 1339
f 1495 1496 1341
f 1495 1341 1340
f 1496 1497 1342
f 1496 1342 1341
f 1497 1498 1343
f 1497 1343 1342
f 1336 1498 1492
f 1336 1343 1498
f 1345 1346 1500
f 1346 1501 1500
f 1500 1501 1505
f 1501 1506 1505
f 1345 1500 1505
f 1345 1505 1350
f 1345 1351 1346
f 1345 1350 1351
f 1346 1347 1501
f 1347 1502 1501
f 1501 1502 1506
f 1502 1507 1506
f 1346 1352 1347
f 1346 1351 1352
f 1347 1348 1502
f 1348 1503 1502
f 1502 1503 1507
f 1503 1508 1507
f 1347 1353 1348
f 1347 1352 1353
f 1348 1508 1503
f 1348 1353 1508
f 1349 1350 1504
f 1350 1505 1504
f 1349 1504 1511
f 1349 1511 1356
f 1353 1354 1508
f 1354 1509 1508
f 1354 1513 1509
f 1354 1357 1513
f 1511 1512 1515
f 1512 1516 1515
f 1356 1511 1515
f 1356 1515 1359
f 1518 1519 1361
f 1518 1361 1360
f 1519 1520 1362
f 1519 1362 1361
f 1357 1520 1513
f 1357 1362 1520
f 1515 1516 1522
f 1516 1523 1522
f 1359 1515 1522
f 1359 1522 1365
f 1522 1523 1366
f 1522 1366 1365
f 1516 1517 1523
f 1517 1524 1523
f 1523 1524 1367
f 1523 1367 1366
f 1517 1518 1524
f 1518 1525 1524
f 1524 1525 1368
f 1524 1368 1367
f 1360 1525 1518
f 1360 1368 1525
f 1391 1392 1526
f 1392 1527 1526
f 1526 1527 1531
f 1527 1532 1531
f 1391 1526 1531
f 1391 1531 1399
f 1392 1393 1527
f 1393 1528 1527
f 1527 1528 1532
f 1528 1533 1532
f 1393 1394 1528
f 1394 1529 1528
f 1528 1529 1533
f 1529 1534 1533
f 1394 1534 1529
f 1394 1400 1534
f 1398 1399 1530
f 1399 1531 1530
f 1530 1531 1536
f 1531 1537 1536
f 1398 1530 1536
f 1398 1536 1404
f 1532 1533 1538
f 1533 1539 1538
f 1533 1534 1539
f 1534 1540 1539
f 1539 1540 1406
f 1539 1406 1405
f 1400 1540 1534
f 1400 1406 1540
f 1403 1404 1535
f 1404 1536 1535
f 1403 1535 1544
f 1403 1544 1410
f 1405 1545 1539
f 1405 1411 1545
f 1410 1544 1549
f 1410 1549 1417
f 1411 1551 1545
f 1411 1418 1551
f 1414 1415 1546
f 1415 1547 1546
f 1414 1546 1552
f 1414 1552 1421
f 1415 1416 1547
f 1416 1548 1547
f 1416 1553 1548
f 1416 1422 1553
f 1549 1550 1554
f 1550 1555 1554
f 1417 1549 1554
f 1417 1554 1423
f 1554 1555 1424
f 1554 1424 1423
f 1418 1558 1551
f 1418 1425 1558
f 1421 1552 1559
f 1421 1559 1428
f 1559 1560 1429
f 1559 1429 1428
f 1560 1561 1430
f 1560 1430 1429
f 1422 1561 1553
f 1422 1430 1561
f 1555 1556 1562
f 1556 1563 1562
f 1424 1555 1562
f 1424 1562 1432
f 1562 1563 1433
f 1562 1433 1432
f 1557 1558 1564
f 1558 1565 1564
f 1425 1565 1558
f 1425 1434 1565
f 1563 1564 1567
f 1564 1568 1567
f 1433 1563 1567
f 1433 1567 1439
f 1567 1568 1440
f 1567 1440 1439
f 1564 1565 1568
f 1565 1569 1568
f 1434 1435 1565
f 1435 1566 1565
f 1565 1566 1569
f 1566 1570 1569
f 1435 1570 1566
f 1435 1441 1570
f 1568 1569 1571
f 1569 1572 1571
f 1440 1568 1571
f 1440 1571 1447
f 1571 1572 1448
f 1571 1448 1447
f 1569 1570 1572
f 1570 1573 1572
f 1572 1573 1449
f 1572 1449 1448
f 1441 1573 1570
f 1441 1449 1573
f 1480 1481 1574
f 1481 1575 1574
f 1574 1575 1579
f 1575 1580 1579
f 1480 1574 1579
f 1480 1579 1486
f 1481 1482 1575
f 1482 1576 1575
f 1575 1576 1580
f 1576 1581 1580
f 1482 1483 1576
f 1483 1577 1576
f 1483 1484 1577
f 1484 1578 1577
f 1484 1582 1578
f 1484 1487 1582
f 1579 1580 1585
f 1580 1586 1585
f 1486 1579 1585
f 1486 1585 1490
f 1585 1586 1491
f 1585 1491 1490
f 1487 1488 1582
f 1488 1583 1582
f 1488 1587 1583
f 1488 1493 1587
f 1491 1586 1589
f 1491 1589 1495
f 1589 1590 1496
f 1589 1496 1495
f 1590 1591 1497
f 1590 1497 1496
f 1591 1592 1498
f 1591 1498 1497
f 1492 1499 1493
f 1492 1498 1499
f 1592 1593 1499
f 1592 1499 1498
f 1493 1593 1587
f 1493 1499 1593
f 1504 1505 1594
f 1505 1595 1594
f 1594 1595 1602
f 1595 1603 1602
f 1504 1594 1602
f 1504 1602 1511
f 1602 1603 1512
f 1602 1512 1511
f 1505 1506 1595
f 1506 1596 1595
f 1506 1507 1596
f 1507 1597 1596
f 1507 1508 1597
f 1508 1598 1597
f 1508 1509 1598
f 1509 1599 1598
f 1509 1510 1599
f 1510 1600 1599
f 1509 1514 1510
f 1509 1513 1514
f 1510 1605 1600
f 1510 1514 1605
f 1603 1604 1607
f 1604 1608 1607
f 1512 1603 1607
f 1512 1607 1516
f 1607 1608 1517
f 1607 1517 1516
f 1608 1609 1518
f 1608 1518 1517
f 1609 1610 1519
f 1609 1519 1518
f 1610 1611 1520
f 1610 1520 1519
f 1513 1521 1514
f 1513 1520 1521
f 1611 1612 1521
f 1611 1521 1520
f 1514 1612 1605
f 1514 1521 1612
f 1531 1532 1614
f 1532 1615 1614
f 1614 1615 1618
f 1615 1619 1618
f 1531 1614 1618
f 1531 1618 1537
f 1532 1619 1615
f 1532 1538 1619
f 1535 1536 1616
f 1536 1617 1616
f 1616 1617 1624
f 1617 1625 1624
f 1535 1616 1624
f 1535 1624 1544
f 1536 1537 1617
f 1537 1618 1617
f 1538 1539 1619
f 1539 1620 1619
f 1539 1626 1620
f 1539 1545 1626
f 1541 1542 1621
f 1542 1622 1621
f 1621 1622 1627
f 1622 1628 1627
f 1541 1621 1627
f 1541 1627 1546
f 1541 1547 1542
f 1541 1546 1547
f 1542 1543 1622
f 1543 1623 1622
f 1622 1623 1628
f 1623 1629 1628
f 1542 1548 1543
f 1542 1547 1548
f 1543 1629 1623
f 1543 1548 1629
f 1624 1625 1631
f 1625 1632 1631
f 1544 1624 1631
f 1544 1631 1549
f 1631 1632 1550
f 1631 1550 1549
f 1545 1635 1626
f 1545 1551 1635
f 1627 1628 1636
f 1628 1637 1636
f 1546 1627 1636
f 1546 1636 1552
f 1548 1638 1629
f 1548 1553 1638
f 1632 1633 1640
f 1633 1641 1640
f 1550 1632 1640
f 1550 1640 1555
f 1640 1641 1556
f 1640 1556 1555
f 1634 1635 1642
f 1635 1643 1642
f 1642 1643 1558
f 1642 1558 1557
f 1551 1643 1635
f 1551 1558 1643
f 1636 1637 1644
f 1637 1645 1644
f 1552 1636 1644
f 1552 1644 1559
f 1644 1645 1560
f 1644 1560 1559
f 1645 1646 1561
f 1645 1561 1560
f 1553 1646 1638
f 1553 1561 1646
f 1641 1642 1647
f 1642 1648 1647
f 1556 1641 1647
f 1556 1647 1563
f 1647 1648 1564
f 1647 1564 1563
f 1557 1648 1642
f 1557 1564 1648
f 1576 1577 1649
f 1577 1650 1649
f 1576 1649 1654
f 1576 1654 1581
f 1577 1578 1650
f 1578 1651 1650
f 1578 1655 1651
f 1578 1582 1655
f 1580 1581 1653
f 1581 1654 1653
f 1580 1653 1658
f 1580 1658 1586
f 1582 1583 1655
f 1583 1656 1655
f 1583 1584 1656
f 1584 1657 1656
f 1583 1588 1584
f 1583 1587 1588
f 1660 1661 1588
f 1660 1588 1587
f 1584 1661 1657
f 1584 1588 1661
f 1658 1659 1662
f 1659 1663 1662
f 1586 1658 1662
f 1586 1662 1589
f 1662 1663 1590
f 1662 1590 1589
f 1663 1664 1591
f 1663 1591 1590
f 1664 1665 1592
f 1664 1592 1591
f 1665 1666 1593
f 1665 1593 1592
f 1587 1666 1660
f 1587 1593 1666
f 1595 1596 1668
f 1596 1669 1668
f 1668 1669 1675
f 1669 1676 1675
f 1595 1668 1675
f 1595 1675 1603
f 1675 1676 1604
f 1675 1604 1603
f 1596 1597 1669
f 1597 1670 1669
f 1597 1598 1670
f 1598 1671 1670
f 1598 1599 1671
f 1599 1672 1671
f 1599 1600 1672
f 1600 1673 1672
f 1600 1601 1673
f 1601 1674 1673
f 1600 1606 1601
f 1600 1605 1606
f 1601 1677 1674
f 1601 1606 1677
f 1604 1676 1678
f 1604 1678 1608
f 1678 1679 1609
f 1678 1609 1608
f 1679 1680 1610
f 1679 1610 1609
f 1680 1681 1611
f 1680 1611 1610
f 1681 1682 1612
f 1681 1612 1611
f 1605 1613 1606
f 1605 1612 1613
f 1682 1683 1613
f 1682 1613 1612
f 1606 1683 1677
f 1606 1613 1683
f 1617 1618 1684
f 1618 1685 1684
f 1617 1684 1688
f 1617 1688 1625
f 1618 1619 1685
f 1619 1686 1685
f 1619 1620 1686
f 1620 1687 1686
f 1620 1689 1687
f 1620 1626 1689
f 1625 1688 1693
f 1625 1693 1632
f 1693 1694 1633
f 1693 1633 1632
f 1695 1696 1635
f 1695 1635 1634
f 1626 1696 1689
f 1626 1635 1696
f 1628 1629 1690
f 1629 1691 1690
f 1628 1690 1697
f 1628 1697 1637
f 1629 1630 1691
f 1630 1692 1691
f 1629 1639 1630
f 1629 1638 1639
f 1698 1699 1639
f 1698 1639 1638
f 1630 1699 1692
f 1630 1639 1699
f 1633 1694 1700
f 1633 1700 1641
f 1700 1701 1642
f 1700 1642 1641
f 1634 1701 1695
f 1634 1642 1701
f 1637 1697 1703
f 1637 1703 1645
f 1703 1704 1646
f 1703 1646 1645
f 1638 1704 1698
f 1638 1646 1704
f 1649 1650 1705
f 1650 1706 1705
f 1649 1705 1711
f 1649 1711 1654
f 1650 1651 1706
f 1651 1707 1706
f 1651 1652 1707
f 1652 1708 1707
f 1651 1656 1652
f 1651 1655 1656
f 1652 1712 1708
f 1652 1656 1712
f 1653 1654 1710
f 1654 1711 1710
f 1710 1711 1715
f 1711 1716 1715
f 1653 1710 1715
f 1653 1715 1658
f 1715 1716 1659
f 1715 1659 1658
f 1656 1657 1712
f 1657 1713 1712
f 1657 1717 1713
f 1657 1661 1717
f 1659 1716 1719
f 1659 1719 1663
f 1719 1720 1664
f 1719 1664 1663
f 1720 1721 1665
f 1720 1665 1664
f 1721 1722 1666
f 1721 1666 1665
f 1660 1667 1661
f 1660 1666 1667
f 1722 1723 1667
f 1722 1667 1666
f 1661 1723 1717
f 1661 1667 1723
f 1669 1670 1724
f 1670 1725 1724
f 1669 1724 1730
f 1669 1730 1676
f 1670 1671 1725
f 1671 1726 1725
f 1671 1672 1726
f 1672 1727 1726
f 1672 1673 1727
f 1673 1728 1727
f 1673 1674 1728
f 1674 1729 1728
f 1674 1731 1729
f 1674 1677 1731
f 1676 1730 1733
f 1676 1733 1678
f 1733 1734 1679
f 1733 1679 1678
f 1734 1735 1680
f 1734 1680 1679
f 1735 1736 1681
f 1735 1681 1680
f 1736 1737 1682
f 1736 1682 1681
f 1737 1738 1683
f 1737 1683 1682
f 1677 1738 1731
f 1677 1683 1738
f 1684 1685 1744
f 1685 1745 1744
f 1684 1744 1749
f 1684 1749 1688
f 1685 1686 1745
f 1686 1746 1745
f 1686 1687 1746
f 1687 1747 1746
f 1687 1750 1747
f 1687 1689 1750
f 1688 1749 1755
f 1688 1755 1693
f 1755 1756 1694
f 1755 1694 1693
f 1689 1757 1750
f 1689 1696 1757
f 1690 1691 1752
f 1691 1753 1752
f 1752 1753 1759
f 1753 1760 1759
f 1690 1752 1759
f 1690 1759 1697
f 1691 1692 1753
f 1692 1754 1753
f 1753 1754 1760
f 1754 1761 1760
f 1760 1761 1699
f 1760 1699 1698
f 1692 1761 1754
f 1692 1699 1761
f 1694 1756 1762
f 1694 1762 1700
f 1762 1763 1701
f 1762 1701 1700
f 1695 1702 1696
f 1695 1701 1702
f 1763 1764 1702
f 1763 1702 1701
f 1696 1764 1757
f 1696 1702 1764
f 1759 1760 1765
f 1760 1766 1765
f 1697 1759 1765
f 1697 1765 1703
f 1765 1766 1704
f 1765 1704 1703
f 1698 1766 1760
f 1698 1704 1766
f 1705 1706 1767
f 1706 1768 1767
f 1767 1768 1772
f 1768 1773 1772
f 1705 1767 1772
f 1705 1772 1711
f 1706 1707 1768
f 1707 1769 1768
f 1707 1708 1769
f 1708 1770 1769
f 1708 1709 1770
f 1709 1771 1770
f 1708 1713 1709
f 1708 1712 1713
f 1709 1774 1771
f 1709 1713 1774
f 1772 1773 1776
f 1773 1777 1776
f 1711 1772 1776
f 1711 1776 1716
f 1713 1714 1774
f 1714 1775 1774
f 1713 1718 1714
f 1713 1717 1718
f 1779 1780 1718
f 1779 1718 1717
f 1714 1780 1775
f 1714 1718 1780
f 1776 1777 1781
f 1777 1782 1781
f 1716 1776 1781
f 1716 1781 1719
f 1781 1782 1720
f 1781 1720 1719
f 1777 1778 1782
f 1778 1783 1782
f 1782 1783 1721
f 1782 1721 1720
f 1783 1784 1722
f 1783 1722 1721
f 1784 1785 1723
f 1784 1723 1722
f 1717 1785 1779
f 1717 1723 1785
f 1724 1725 1786
f 1725 1787 1786
f 1786 1787 1793
f 1787 1794 1793
f 1724 1786 1793
f 1724 1793 1730
f 1725 1726 1787
f 1726 1788 1787
f 1726 1727 1788
f 1727 1789 1788
f 1727 1728 1789
f 1728 1790 1789
f 1728 1729 1790
f 1729 1791 1790
f 1729 1795 1791
f 1729 1731 1795
f 1793 1794 1797
f 1794 1798 1797
f 1730 1793 1797
f 1730 1797 1733
f 1797 1798 1734
f 1797 1734 1733
f 1798 1799 1735
f 1798 1735 1734
f 1731 1732 1795
f 1732 1796 1795
f 1731 1739 1732
f 1731 1738 1739
f 1801 1802 1739
f 1801 1739 1738
f 1732 1802 1796
f 1732 1739 1802
f 1735 1799 1803
f 1735 1803 1740
f 1735 1741 1736
f 1735 1740 1741
f 1803 1804 1741
f 1803 1741 1740
f 1736 1742 1737
f 1736 1741 1742
f 1804 1805 1742
f 1804 1742 1741
f 1800 1801 1805
f 1801 1806 1805
f 1737 1743 1738
f 1737 1742 1743
f 1805 1806 1743
f 1805 1743 1742
f 1738 1806 1801
f 1738 1743 1806
f 1744 1745 1807
f 1745 1808 1807
f 1807 1808 1812
f 1808 1813 1812
f 1744 1807 1812
f 1744 1812 1749
f 1745 1746 1808
f 1746 1809 1808
f 1746 1747 1809
f 1747 1810 1809
f 1747 1748 1810
f 1748 1811 1810
f 1747 1751 1748
f 1747 1750 1751
f 1748 1814 1811
f 1748 1751 1814
f 1749 1812 1815
f 1749 1815 1755
f 1815 1816 1756
f 1815 1756 1755
f 1750 1758 1751
f 1750 1757 1758
f 1817 1818 1758
f 1817 1758 1757
f 1751 1818 1814
f 1751 1758 1818
f 1756 1816 1819
f 1756 1819 1762
f 1819 1820 1763
f 1819 1763 1762
f 1820 1821 1764
f 1820 1764 1763
f 1757 1821 1817
f 1757 1764 1821
f 1768 1769 1823
f 1769 1824 1823
f 1823 1824 1828
f 1824 1829 1828
f 1768 1823 1828
f 1768 1828 1773
f 1769 1770 1824
f 1770 1825 1824
f 1770 1771 1825
f 1771 1826 1825
f 1771 1830 1826
f 1771 1774 1830
f 1773 1828 1832
f 1773 1832 1777
f 1832 1833 1778
f 1832 1778 1777
f 1774 1775 1830
f 1775 1831 1830
f 1834 1835 1780
f 1834 1780 1779
f 1775 1835 1831
f 1775 1780 1835
f 1778 1833 1836
f 1778 1836 1783
f 1836 1837 1784
f 1836 1784 1783
f 1837 1838 1785
f 1837 1785 1784
f 1779 1838 1834
f 1779 1785 1838
f 1787 1788 1839
f 1788 1840 1839
f 1787 1839 1845
f 1787 1845 1794
f 1788 1789 1840
f 1789 1841 1840
f 1789 1790 1841
f 1790 1842 1841
f 1790 1791 1842
f 1791 1843 1842
f 1791 1792 1843
f 1792 1844 1843
f 1791 1796 1792
f 1791 1795 1796
f 1792 1846 1844
f 1792 1796 1846
f 1794 1845 1847
f 1794 1847 1798
f 1847 1848 1799
f 1847 1799 1798
f 1849 1850 1801
f 1849 1801 1800
f 1850 1851 1802
f 1850 1802 1801
f 1796 1851 1846
f 1796 1802 1851
f 1799 1848 1852
f 1799 1852 1803
f 1852 1853 1804
f 1852 1804 1803
f 1853 1854 1805
f 1853 1805 1804
f 1800 1854 1849
f 1800 1805 1854
f 1808 1809 1856
f 1809 1857 1856
f 1808 1856 1862
f 1808 1862 1813
f 1809 1810 1857
f 1810 1858 1857
f 1810 1811 1858
f 1811 1859 1858
f 1811 1863 1859
f 1811 1814 1863
f 1812 1813 1861
f 1813 1862 1861
f 1861 1862 1865
f 1862 1866 1865
f 1812 1861 1865
f 1812 1865 1815
f 1865 1866 1816
f 1865 1816 1815
f 1814 1869 1863
f 1814 1818 1869
f 1866 1867 1871
f 1867 1872 1871
f 1816 1866 1871
f 1816 1871 1819
f 1871 1872 1820
f 1871 1820 1819
f 1867 1868 1872
f 1868 1873 1872
f 1872 1873 1821
f 1872 1821 1820
f 1868 1869 1873
f 1869 1874 1873
f 1817 1822 1818
f 1817 1821 1822
f 1873 1874 1822
f 1873 1822 1821
f 1818 1874 1869
f 1818 1822 1874
f 1824 1825 1875
f 1825 1876 1875
f 1824 1875 1880
f 1824 1880 1829
f 1825 1826 1876
f 1826 1877 1876
f 1826 1827 1877
f 1827 1878 1877
f 1826 1831 1827
f 1826 1830 1831
f 1827 1881 1878
f 1827 1831 1881
f 1828 1829 1879
f 1829 1880 1879
f 1828 1879 1883
f 1828 1883 1832
f 1883 1884 1833
f 1883 1833 1832
f 1886 1887 1835
f 1886 1835 1834
f 1831 1887 1881
f 1831 1835 1887
f 1884 1885 1889
f 1885 1890 1889
f 1833 1884 1889
f 1833 1889 1836
f 1889 1890 1837
f 1889 1837 1836
f 1885 1886 1890
f 1886 1891 1890
f 1890 1891 1838
f 1890 1838 1837
f 1834 1891 1886
f 1834 1838 1891
f 1839 1840 1892
f 1840 1893 1892
f 1839 1892 1898
f 1839 1898 1845
f 1840 1841 1893
f 1841 1894 1893
f 1841 1842 1894
f 1842 1895 1894
f 1842 1843 1895
f 1843 1896 1895
f 1843 1844 1896
f 1844 1897 1896
f 1844 1899 1897
f 1844 1846 1899
f 1845 1898 1900
f 1845 1900 1847
f 1900 1901 1848
f 1900 1848 1847
f 1903 1904 1851
f 1903 1851 1850
f 1846 1904 1899
f 1846 1851 1904
f 1848 1901 1905
f 1848 1905 1852
f 1905 1906 1853
f 1905 1853 1852
f 1906 1907 1854
f 1906 1854 1853
f 1902 1903 1907
f 1903 1908 1907
f 1849 1855 1850
f 1849 1854 1855
f 1907 1908 1855
f 1907 1855 1854
f 1850 1908 1903
f 1850 1855 1908
f 1856 1857 1909
f 1857 1910 1909
f 1909 1910 1914
f 1910 1915 1914
f 1856 1909 1914
f 1856 1914 1862
f 1857 1858 1910
f 1858 1911 1910
f 1858 1859 1911
f 1859 1912 1911
f 1859 1860 1912
f 1860 1913 1912
f 1859 1864 1860
f 1859 1863 1864
f 1860 1916 1913
f 1860 1864 1916
f 1862 1914 1917
f 1862 1917 1866
f 1917 1918 1867
f 1917 1867 1866
f 1918 1919 1868
f 1918 1868 1867
f 1919 1920 1869
f 1919 1869 1868
f 1863 1870 1864
f 1863 1869 1870
f 1920 1921 1870
f 1920 1870 1869
f 1864 1921 1916
f 1864 1870 1921
f 1875 1876 1924
f 1876 1925 1924
f 1924 1925 1929
f 1925 1930 1929
f 1875 1924 1929
f 1875 1929 1880
f 1876 1877 1925
f 1877 1926 1925
f 1877 1878 1926
f 1878 1927 1926
f 1926 1927 1931
f 1927 1932 1931
f 1878 1932 1927
f 1878 1881 1932
f 1879 1880 1928
f 1880 1929 1928
f 1879 1928 1934
f 1879 1934 1883
f 1934 1935 1884
f 1934 1884 1883
f 1935 1936 1885
f 1935 1885 1884
f 1936 1937 1886
f 1936 1886 1885
f 1937 1938 1887
f 1937 1887 1886
f 1881 1882 1932
f 1882 1933 1932
f 1881 1888 1882
f 1881 1887 1888
f 1938 1939 1888
f 1938 1888 1887
f 1882 1939 1933
f 1882 1888 1939
f 1892 1893 1940
f 1893 1941 1940
f 1940 1941 1946
f 1941 1947 1946
f 1892 1940 1946
f 1892 1946 1898
f 1893 1894 1941
f 1894 1942 1941
f 1941 1942 1947
f 1942 1948 1947
f 1894 1895 1942
f 1895 1943 1942
f 1942 1943 1948
f 1943 1949 1948
f 1895 1896 1943
f 1896 1944 1943
f 1943 1944 1949
f 1944 1950 1949
f 1896 1897 1944
f 1897 1945 1944
f 1944 1945 1950
f 1945 1951 1950
f 1897 1951 1945
f 1897 1899 1951
f 1946 1947 1952
f 1947 1953 1952
f 1898 1946 1952
f 1898 1952 1900
f 1952 1953 1901
f 1952 1901 1900
f 1955 1956 1903
f 1955 1903 1902
f 1950 1951 1956
f 1951 1957 1956
f 1956 1957 1904
f 1956 1904 1903
f 1899 1957 1951
f 1899 1904 1957
f 1953 1954 1958
f 1954 1959 1958
f 1901 1953 1958
f 1901 1958 1905
f 1958 1959 1906
f 1958 1906 1905
f 1954 1955 1959
f 1955 1960 1959
f 1959 1960 1907
f 1959 1907 1906
f 1902 1960 1955
f 1902 1907 1960
f 1910 1911 1961
f 1911 1962 1961
f 1910 1961 1967
f 1910 1967 1915
f 1911 1912 1962
f 1912 1963 1962
f 1912 1913 1963
f 1913 1964 1963
f 1913 1968 1964
f 1913 1916 1968
f 1914 1915 1966
f 1915 1967 1966
f 1914 1966 1970
f 1914 1970 1917
f 1970 1971 1918
f 1970 1918 1917
f 1971 1972 1919
f 1971 1919 1918
f 1973 1974 1921
f 1973 1921 1920
f 1916 1974 1968
f 1916 1921 1974
f 1919 1972 1977
f 1919 1977 1922
f 1919 1923 1920
f 1919 1922 1923
f 1977 1978 1923
f 1977 1923 1922
f 1920 1978 1973
f 1920 1923 1978
f 1925 1926 1979
f 1926 1980 1979
f 1979 1980 1983
f 1980 1984 1983
f 1925 1979 1983
f 1925 1983 1930
f 1926 1984 1980
f 1926 1931 1984
f 1928 1929 1981
f 1929 1982 1981
f 1981 1982 1987
f 1982 1988 1987
f 1928 1981 1987
f 1928 1987 1934
f 1987 1988 1935
f 1987 1935 1934
f 1929 1930 1982
f 1930 1983 1982
f 1982 1983 1988
f 1983 1989 1988
f 1988 1989 1936
f 1988 1936 1935
f 1983 1984 1989
f 1984 1990 1989
f 1989 1990 1937
f 1989 1937 1936
f 1931 1932 1984
f 1932 1985 1984
f 1984 1985 1990
f 1985 1991 1990
f 1990 1991 1938
f 1990 1938 1937
f 1932 1933 1985
f 1933 1986 1985
f 1985 1986 1991
f 1986 1992 1991
f 1991 1992 1939
f 1991 1939 1938
f 1933 1992 1986
f 1933 1939 1992
f 1947 1948 1993
f 1948 1994 1993
f 1993 1994 1997
f 1994 1998 1997
f 1947 1993 1997
f 1947 1997 1953
f 1997 1998 1954
f 1997 1954 1953
f 1948 1949 1994
f 1949 1995 1994
f 1994 1995 1998
f 1995 1999 1998
f 1998 1999 1955
f 1998 1955 1954
f 1949 1950 1995
f 1950 1996 1995
f 1995 1996 1999
f 1996 2000 1999
f 1999 2000 1956
f 1999 1956 1955
f 1950 2000 1996
f 1950 1956 2000
f 1961 1962 2001
f 1962 2002 2001
f 1961 2001 2007
f 1961 2007 1967
f 1962 1963 2002
f 1963 2003 2002
f 1963 1964 2003
f 1964 2004 2003
f 1964 1965 2004
f 1965 2005 2004
f 1964 1969 1965
f 1964 1968 1969
f 1965 2008 2005
f 1965 1969 2008
f 1966 1967 2006
f 1967 2007 2006
f 1966 2006 2009
f 1966 2009 1970
f 2009 2010 1971
f 2009 1971 1970
f 2011 2012 1974
f 2011 1974 1973
f 1968 1975 1969
f 1968 1974 1975
f 2012 2013 1975
f 2012 1975 1974
f 1969 2013 2008
f 1969 1975 2013
f 1971 2010 2014
f 1971 2014 1976
f 1971 1977 1972
f 1971 1976 1977
f 2014 2015 1977
f 2014 1977 1976
f 2015 2016 1978
f 2015 1978 1977
f 1973 2016 2011
f 1973 1978 2016
f 2001 2002 2018
f 2002 2019 2018
f 2018 2019 2024
f 2019 2025 2024
f 2001 2018 2024
f 2001 2024 2007
f 2002 2003 2019
f 2003 2020 2019
f 2019 2020 2025
f 2020 2026 2025
f 2003 2004 2020
f 2004 2021 2020
f 2020 2021 2026
f 2021 2027 2026
f 2004 2005 2021
f 2005 2022 2021
f 2021 2022 2027
f 2022 2028 2027
f 2005 2028 2022
f 2005 2008 2028
f 2006 2007 2023
f 2007 2024 2023
f 2023 2024 2029
f 2024 2030 2029
f 2006 2023 2029
f 2006 2029 2009
f 2029 2030 2010
f 2029 2010 2009
f 2024 2025 2030
f 2025 2031 2030
f 2025 2026 2031
f 2026 2032 2031
f 2026 2027 2032
f 2027 2033 2032
f 2027 2028 2033
f 2028 2034 2033
f 2033 2034 2013
f 2033 2013 2012
f 2008 2034 2028
f 2008 2013 2034
f 2030 2031 2035
f 2031 2036 2035
f 2010 2030 2035
f 2010 2035 2014
f 2035 2036 2015
f 2035 2015 2014
f 2031 2032 2036
f 2032 2037 2036
f 2036 2037 2016
f 2036 2016 2015
f 2032 2033 2037
f 2033 2038 2037
f 2011 2017 2012
f 2011 2016 2017
f 2037 2038 2017
f 2037 2017 2016
f 2012 2038 2033
f 2012 2017 2038