v 107.398476 -111.115059 406.164551
v 107.583191 -111.225288 406.337646
v 106.765022 -111.361450 405.956024
v 107.260406 -111.142639 406.230286
v 105.406792 -110.485695 403.322083
v 105.740219 -110.529915 403.729523
v 106.008339 -110.641792 404.355927
v 106.240959 -110.880043 405.137299
v 106.252983 -110.949615 405.786194
v 106.254799 -111.247810 406.297363
v 104.434135 -110.330482 402.557281
v 104.652611 -110.357819 402.836975
v 104.897804 -110.520287 403.259247
v 105.228760 -110.430565 403.735962
v 105.496384 -110.555748 404.346558
v 105.733200 -110.800865 405.175354
v 105.809448 -110.794052 405.837006
v 105.823509 -111.005280 406.300415
v 103.621071 -110.216255 402.151062
v 103.917030 -110.309181 402.397705
v 104.064270 -110.214432 402.844574
v 104.243584 -110.314285 403.271637
v 104.480492 -110.399231 403.748749
v 104.787285 -110.553047 404.371857
v 105.053734 -110.773277 405.213928
v 105.113472 -110.785614 405.904114
v 105.026970 -110.932480 406.415710
v 104.936722 -111.363007 406.726624
v 102.731056 -110.099037 401.726898
v 103.120247 -110.162827 401.986145
v 103.214470 -110.086555 402.437714
v 103.303452 -110.156410 402.835175
v 103.456596 -110.260323 403.305420
v 103.675583 -110.342621 403.784241
v 103.987732 -110.523384 404.405914
v 104.255959 -110.712700 405.285156
v 104.283646 -110.735283 405.954620
v 104.321968 -110.915718 406.466553
v 104.649704 -111.216362 406.701691
v 101.881340 -109.964211 401.272583
v 102.297363 -109.998154 401.566528
v 102.383469 -109.952370 402.022095
v 102.476074 -109.997604 402.417938
v 102.563576 -110.084671 402.860107
v 102.707123 -110.199341 403.344330
v 102.915512 -110.284920 403.823120
v 103.170700 -110.483627 404.472900
v 103.388557 -110.644012 405.350586
v 103.394600 -110.667816 405.962708
v 103.436966 -110.881920 406.382172
v 101.136551 -109.791153 400.701599
v 101.542328 -109.861862 401.100098
v 101.564926 -109.837234 401.580078
v 101.637772 -109.879692 401.982666
v 101.716881 -109.944061 402.415863
v 101.805458 -110.040627 402.865173
v 101.960609 -110.163460 403.358978
v 102.173241 -110.251122 403.830383
v 102.307182 -110.419800 404.523499
v 102.642265 -110.685661 405.321503
v 102.764565 -110.707474 405.913422
v 102.994156 -110.873024 406.271912
v 100.337715 -109.695259 400.345551
v 100.867134 -109.717857 400.622772
v 100.819733 -109.709633 401.091125
v 100.871727 -109.779625 401.520844
v 100.938484 -109.843674 401.963501
v 100.999519 -109.916016 402.394379
v 101.085411 -110.013573 402.846863
v 101.254791 -110.141327 403.340668
v 101.450912 -110.222092 403.829132
v 101.475273 -110.370293 404.483032
v 101.659378 -110.559898 405.270447
v 101.200768 -110.690018 405.664734
v 99.598503 -109.607094 399.956512
v 100.200432 -109.579117 400.174194
v 100.156860 -109.608513 400.652069
v 100.146042 -109.668137 401.050415
v 100.168793 -109.744301 401.496552
v 100.206024 -109.808403 401.924561
v 100.263939 -109.879066 402.363953
v 100.374809 -109.981033 402.815552
v 100.539146 -110.111412 403.303070
v 100.716064 -110.187805 403.785553
v 100.793610 -110.440308 404.450836
v 100.807785 -110.504387 405.107422
v 100.819023 -110.515884 405.498260
v 98.188194 -109.303482 399.704590
v 99.398445 -109.505997 399.870239
v 99.581841 -109.581230 400.538452
v 99.476044 -109.654007 401.039215
v 99.476799 -109.727165 401.474030
v 99.504028 -109.794609 401.896942
v 99.571053 -109.867630 402.337219
v 99.689613 -109.964157 402.780823
v 99.832138 -110.091682 403.279053
v 99.990334 -110.153984 403.716492
v 99.929619 -110.348740 404.236725
v 98.213585 -109.624817 400.015930
v 99.092323 -109.562088 400.013641
v 99.096443 -109.606064 400.471649
v 98.906036 -109.694977 401.019897
v 98.833313 -109.750557 401.470886
v 98.844231 -109.827110 401.892853
v 98.913017 -109.899117 402.333710
v 99.012589 -110.008186 402.798035
v 99.128891 -110.102455 403.244995
v 99.156372 -110.320503 403.723938
v 99.305054 -110.229553 403.986206
v 96.275597 -109.588760 399.923248
v 98.273788 -109.643616 400.192749
v 98.270241 -109.764626 400.320648
v 98.335091 -109.784935 400.969757
v 98.232849 -109.831009 401.459625
v 98.196213 -109.908295 401.892639
v 98.207451 -109.991470 402.327789
v 98.246750 -110.076126 402.781403
v 98.308716 -110.365356 403.249542
v 98.416687 -110.237366 403.499939
v 95.729813 -109.724915 400.563171
v 97.664291 -109.916832 400.946045
v 97.661819 -110.030296 401.367249
v 97.596115 -110.119095 401.813873
v 97.556259 -110.208145 402.265594
v 97.578865 -110.279404 402.716827
v 97.573158 -110.287483 403.087982
v 108.505127 -110.747314 404.276855
v 108.807541 -110.785355 404.708618
v 108.949081 -110.955528 405.358978
v 109.062874 -111.158249 406.044922
v 108.990959 -111.409660 406.498657
v 108.939896 -111.838287 406.677307
v 107.712685 -110.798340 404.221008
v 108.121384 -110.823792 404.695374
v 108.352074 -110.969170 405.329163
v 108.528351 -111.126221 406.037109
v 108.517235 -111.331223 406.544800
v 108.427780 -111.626625 406.756958
v 106.264206 -110.777451 402.884644
v 106.500305 -110.712494 403.024109
v 106.690453 -110.732056 403.376923
v 106.924179 -110.822517 403.879639
v 107.404709 -110.876045 404.619446
v 107.719315 -111.021675 405.298798
v 107.855690 -111.096626 405.918823
v 107.837418 -111.360031 406.516357
v 107.839752 -111.624580 406.778839
v 105.353096 -110.878792 402.784241
v 106.127838 -110.743813 402.933350
v 106.155983 -110.769638 403.173553
v 106.430870 -110.710777 403.772095
v 106.759422 -110.872368 404.481323
v 107.071800 -111.075912 405.225250
v 107.186516 -111.134834 406.021362
v 107.207596 -111.314621 406.514496
v 107.249367 -111.654907 406.783936
v 105.112457 -110.762756 402.307343
v 105.346794 -110.772545 402.508881
v 105.445496 -110.762810 402.765289
v 105.600952 -110.832306 403.175903
v 106.001579 -110.647675 403.667572
v 106.282349 -110.793442 404.363159
v 106.541306 -111.038948 405.125916
v 106.683281 -111.153999 405.825836
v 106.501244 -111.377274 406.452576
v 106.582817 -111.704559 406.789032
v 104.597549 -110.681374 402.097107
v 104.803871 -110.649506 402.386719
v 105.061996 -110.542603 402.767761
v 105.306503 -110.537582 402.994873
v 105.957321 -111.364876 406.599915
v 105.909668 -111.711411 406.791595
v 103.640015 -110.589317 401.714355
v 104.129677 -110.644714 401.913940
v 104.408493 -110.411446 402.244171
v 105.471443 -111.302803 406.644562
v 105.145790 -111.530876 406.741852
v 102.808655 -110.504707 401.358826
v 103.280602 -110.500092 401.524872
v 103.574875 -110.323631 401.846100
v 104.178001 -111.467041 406.660980
v 104.586601 -111.552902 406.794647
v 102.374649 -110.319084 401.171234
v 102.696388 -110.220688 401.457489
v 103.583092 -111.343079 406.568359
v 101.103981 -110.167145 400.302979
v 101.571777 -110.104568 400.639496
v 101.797112 -110.212364 400.935944
v 102.264328 -110.877029 405.795227
v 102.460548 -111.066689 406.126434
v 102.922966 -111.237183 406.439514
v 100.829109 -109.921829 400.262848
v 100.802002 -109.923561 400.096130
v 101.796204 -110.691910 405.579285
v 101.744087 -111.052620 405.910004
v 99.970551 -109.873154 399.891113
v 100.427666 -109.880539 400.071777
v 100.249626 -110.069847 400.137268
v 100.357574 -110.818062 404.932251
v 100.676483 -110.832069 405.397949
v 100.987793 -110.906830 405.806244
v 99.453873 -109.708015 399.620087
v 98.626915 -109.446754 399.694427
v 99.823624 -110.756866 404.685333
v 99.494316 -110.993195 404.948853
v 99.041550 -109.719589 399.734589
v 98.813484 -109.671867 399.564819
v 98.968620 -110.735870 404.000946
v 99.329712 -110.763153 404.440552
v 99.228424 -110.857376 404.847626
v 98.367622 -109.688591 399.928833
v 98.536293 -109.847961 400.065308
v 98.285629 -110.218086 400.446350
v 97.894577 -110.466927 403.512787
v 98.395432 -110.775719 403.729431
v 97.682426 -110.087471 400.676300
v 97.532677 -110.336899 401.027557
v 97.534195 -110.455627 401.530182
v 97.555771 -110.566406 402.005249
v 97.552528 -110.664772 402.461517
v 97.620697 -110.737427 402.912415
v 97.868599 -110.811722 403.335693
v 97.455055 -110.745422 403.519226
v 109.409416 -110.961601 403.883942
v 109.586380 -110.942604 404.208374
v 109.718369 -111.042725 404.770721
v 109.891762 -111.294495 405.464264
v 109.819542 -111.615402 405.975159
v 109.677864 -112.065277 406.216370
v 108.555412 -111.050255 403.864960
v 108.709435 -110.957291 403.918915
v 109.286949 -110.896561 404.713867
v 109.429825 -111.077957 405.383026
v 109.474243 -111.344048 406.027039
v 109.290627 -111.721642 406.430878
v 108.999603 -112.184433 406.730499
v 107.323532 -111.183067 403.671814
v 107.830536 -111.076485 403.958466
v 108.473335 -112.100868 406.810181
v 106.284203 -110.794075 402.798492
v 106.584602 -110.865242 402.974884
v 106.748703 -110.992432 403.298218
v 107.319260 -110.924294 403.788330
v 107.845642 -112.036057 406.821442
v 106.188957 -110.824173 402.818573
v 106.257774 -110.892456 402.814240
v 106.196907 -111.015533 403.160461
v 107.203468 -112.018349 406.820557
v 105.161079 -110.826523 402.276978
v 105.462181 -110.942848 402.455536
v 105.617790 -111.059753 402.708649
v 105.920906 -110.778816 402.931793
v 106.571022 -112.027161 406.828644
v 105.009529 -110.892265 402.173096
v 104.984314 -111.001572 402.355774
v 105.025543 -111.301842 402.773346
v 105.914719 -112.072205 406.846954
v 103.923332 -110.640663 401.630554
v 104.342545 -110.945656 401.844025
v 104.359955 -111.097687 402.391510
v 104.378952 -111.420326 402.844849
v 105.251534 -112.073708 406.881653
v 103.052498 -110.604507 401.298798
v 103.482971 -110.850784 401.467285
v 103.520081 -110.992584 401.928741
v 103.790634 -111.324074 402.509186
v 103.671356 -111.375450 402.859283
v 104.214798 -111.965134 406.676514
v 104.684402 -112.025429 406.815430
v 102.619232 -110.674828 401.253296
v 102.634766 -110.863029 401.491577
v 102.828392 -111.043991 402.017517
v 102.884483 -111.330971 402.426331
v 103.610306 -111.852509 406.594818
v 101.198700 -110.333679 400.367584
v 101.468903 -110.440857 400.635071
v 101.835258 -110.608376 400.901794
v 101.982231 -110.870667 401.513519
v 102.246941 -111.189156 401.973724
v 102.058357 -111.222961 402.309418
v 102.515907 -111.695938 406.303802
v 102.982048 -111.774872 406.454865
v 101.067009 -110.244606 400.334442
v 101.099861 -110.421127 400.476685
v 101.186081 -110.678543 400.979919
v 101.377785 -110.905807 401.547729
v 101.429100 -111.166679 401.900116
v 101.870140 -111.599472 406.140717
v 99.748932 -110.065750 399.787079
v 100.126236 -110.308502 400.133850
v 100.549751 -110.416870 400.356598
v 100.576706 -110.730133 401.000031
v 100.657883 -111.045197 401.470673
v 100.362648 -111.093185 401.778412
v 100.442200 -111.297028 405.122101
v 100.739594 -111.360924 405.486115
v 101.108421 -111.473572 405.890656
v 99.682549 -110.143852 399.832733
v 99.688065 -110.377396 400.080902
v 99.809120 -110.565613 400.508423
v 99.924042 -110.760185 401.036865
v 99.955399 -110.947296 401.472076
v 99.849159 -111.166550 401.816833
v 99.787453 -111.229713 404.877563
v 99.447372 -111.136307 404.909454
v 99.306808 -109.990349 399.693726
v 99.214539 -110.262283 400.075165
v 99.164490 -110.567879 400.558685
v 99.211639 -110.752579 401.026276
v 99.252556 -110.899414 401.488892
v 99.102257 -111.117317 401.872833
v 98.419823 -111.517426 403.765015
v 99.066383 -111.294418 404.100250
v 99.178833 -111.261230 404.685730
v 99.282242 -110.927032 404.876038
v 98.712601 -110.189781 400.142578
v 98.516403 -110.545021 400.601410
v 98.416443 -110.759186 401.025269
v 98.392830 -110.909233 401.508179
v 98.327606 -111.104660 401.987946
v 98.323578 -111.312706 402.480469
v 98.424881 -111.443565 403.025879
v 98.736832 -111.441162 403.584167
v 98.405167 -111.154167 403.807037
v 97.826233 -110.499001 400.687195
v 97.715065 -110.684975 401.130157
v 97.764503 -110.820488 401.654083
v 97.809822 -110.948341 402.162994
v 97.857239 -111.070473 402.645203
v 97.929657 -111.145660 403.145660
v 97.817596 -111.081581 403.498047
v 97.285065 -110.879868 403.537292
v 110.387833 -111.321617 403.966034
v 110.557777 -111.329620 404.422119
v 110.658989 -111.520081 404.994843
v 110.699112 -111.952644 405.346863
v 109.319794 -111.358124 403.542755
v 109.567589 -111.172768 403.693329
v 109.994606 -111.108185 404.260040
v 110.200928 -111.223083 404.900848
v 110.320297 -111.547241 405.552094
v 110.066040 -111.931450 405.967041
v 109.713280 -112.407211 406.254944
v 108.308075 -111.558151 403.568787
v 108.667046 -111.203430 403.581360
v 108.313759 -111.269249 403.900024
v 109.414658 -112.274689 406.539520
v 109.038727 -112.748268 406.689636
v 107.479134 -111.647385 403.512543
v 107.739357 -111.384727 403.668396
v 108.394348 -111.173332 403.877747
v 108.545624 -112.641083 406.807129
v 106.732689 -111.663498 403.432007
v 107.035278 -111.382553 403.469269
v 107.859596 -112.604759 406.822723
v 106.092957 -111.495033 403.205658
v 106.510788 -111.273537 403.280365
v 107.220894 -112.540108 406.845367
v 105.774597 -111.474976 403.030151
v 106.569740 -112.521698 406.847473
v 104.920967 -111.828644 403.030212
v 105.284920 -111.633430 402.977722
v 105.887070 -112.577995 406.843323
v 103.728752 -111.891502 402.864380
v 104.807205 -111.811577 403.001038
v 105.220978 -112.618050 406.882660
v 103.700699 -111.778114 402.819977
v 104.139778 -111.804039 402.991119
v 104.253685 -112.468994 406.723541
v 104.502518 -112.511116 406.780945
v 103.366165 -111.727882 402.676361
v 103.577232 -112.328011 406.558899
v 103.829292 -112.791595 406.684509
v 101.690773 -111.695229 401.953033
v 102.332481 -111.611237 402.168152
v 102.802475 -111.685249 402.526459
v 102.440056 -112.212898 406.309906
v 102.986092 -112.255646 406.468750
v 100.425293 -111.658157 401.728180
v 101.845047 -111.596832 401.888031
v 101.810532 -112.163361 406.131317
v 100.636765 -111.368240 401.760468
v 101.165627 -111.457466 401.957764
v 100.466209 -111.808434 405.236786
v 100.718315 -111.964622 405.640350
v 101.200562 -112.062065 405.966217
v 100.334625 -111.236237 401.699097
v 100.126076 -111.551590 401.987488
v 99.992363 -111.823753 405.050018
v 100.254898 -112.135162 405.239624
v 99.497589 -111.417023 402.134186
v 99.202652 -111.749863 402.487457
v 98.807793 -111.678551 404.034821
v 98.913406 -111.795494 404.261383
v 99.324776 -111.754051 404.771545
v 98.770164 -111.356644 402.266449
v 98.664925 -111.606560 402.710632
v 98.633064 -111.711220 403.218018
v 98.606789 -111.797806 403.652435
v 98.547119 -112.008118 404.054077
v 110.186852 -111.771141 403.212433
v 110.327721 -111.772141 403.532593
v 110.536896 -111.731583 403.995361
v 110.726776 -111.870895 404.558655
v 110.589073 -111.896301 405.018524
v 110.626328 -112.410843 405.319733
v 109.446861 -111.899712 403.323578
v 109.655319 -111.699440 403.348938
v 109.643654 -111.723206 403.561920
v 110.309799 -112.214203 404.894684
v 110.249855 -112.156509 405.135468
v 110.318443 -112.268143 405.610260
v 109.922516 -112.373390 405.976776
v 109.842461 -112.903687 406.205566
v 108.771080 -111.898674 403.482147
v 108.861725 -111.964836 403.633972
v 109.831322 -112.732597 405.822845
v 109.169815 -112.876953 406.091888
v 109.238167 -112.804382 406.444275
v 109.046867 -113.274826 406.656403
v 107.851952 -111.965881 403.624359
v 107.742447 -112.332199 404.005371
v 107.721535 -112.625488 404.331543
v 108.967682 -113.131172 406.364929
v 108.435692 -113.133537 406.513702
v 108.583084 -113.018265 406.717865
v 107.216797 -111.984222 403.649353
v 107.187202 -112.453903 404.112030
v 107.415352 -112.535667 404.330597
v 107.834282 -113.109833 406.657654
v 107.913673 -112.968788 406.747223
v 106.568306 -111.987999 403.587402
v 106.426636 -112.408615 403.896606
v 107.116730 -113.145241 406.614410
v 107.255424 -112.927414 406.774109
v 106.011116 -111.983574 403.446991
v 105.853287 -112.416344 403.762878
v 106.470146 -113.349739 406.668365
v 106.451019 -113.049622 406.793152
v 104.854691 -111.854691 403.010986
v 105.429337 -112.077972 403.268036
v 105.351494 -112.494644 403.777222
v 105.854141 -113.092216 406.866119
v 104.936203 -112.038177 403.081024
v 105.006691 -112.300354 403.402832
v 104.703415 -112.574471 403.846588
v 105.118401 -113.152763 406.841919
v 103.657059 -111.959976 403.045105
v 104.348755 -112.272461 403.207184
v 104.443214 -113.148926 406.852356
v 103.650627 -112.114929 402.922180
v 103.420578 -112.441216 403.243683
v 103.313484 -112.957298 406.642670
v 103.830605 -113.081024 406.746490
v 101.768585 -111.778748 402.001770
v 102.538712 -111.945335 402.302734
v 102.933060 -112.202415 402.675629
v 102.648979 -112.492180 403.275787
v 102.419144 -112.759590 406.318085
v 102.931030 -112.803131 406.458466
v 101.945488 -111.821045 402.062439
v 102.291527 -111.935585 402.251312
v 102.170219 -112.236053 402.616699
v 101.827560 -112.697548 406.153168
v 100.299133 -111.606354 401.821960
v 101.352196 -111.894958 402.042023
v 101.365685 -112.176186 402.589722
v 100.596237 -112.917290 405.346649
v 100.868935 -112.637268 405.652039
v 101.214935 -112.641953 405.971649
v 100.578232 -111.636375 401.881714
v 100.675453 -111.869438 402.260803
v 100.486740 -112.166595 402.647430
v 100.222481 -112.576088 405.268372
v 100.574997 -112.495369 405.446198
v 99.962006 -111.770393 402.379211
v 99.731926 -112.062317 402.760223
v 99.492355 -112.254868 403.162384
v 99.325142 -112.375534 403.732910
v 99.154305 -112.340363 404.251801
v 99.538689 -112.412216 404.904114
v 99.018303 -111.874290 402.901337
v 98.847305 -112.012154 403.368225
v 98.682320 -112.148209 403.899902
v 98.421700 -112.186150 404.120544
v 110.082016 -112.210106 402.820496
v 110.224419 -112.090179 403.140839
v 110.602623 -112.161591 403.622498
v 110.783310 -112.234612 404.133728
v 110.598373 -112.478928 404.560913
v 109.437065 -112.302582 402.954163
v 109.937889 -111.985458 402.944122
v 109.540665 -112.046455 403.572723
v 109.084755 -112.264107 403.758667
v 110.251389 -112.274422 404.854584
v 110.224434 -112.508644 405.217896
v 110.082062 -112.822388 405.490936
v 108.574165 -112.428734 403.324524
v 108.825378 -112.245422 403.469025
v 109.131470 -112.079025 403.640472
v 109.754074 -112.663231 405.801605
v 109.298416 -113.092438 405.975006
v 107.787148 -112.662979 403.321472
v 108.163139 -112.499672 403.558319
v 107.976898 -112.620697 404.268250
v 107.481117 -113.006279 404.217377
v 108.893456 -113.011002 406.267883
v 108.429375 -113.445503 406.365784
v 107.188332 -112.759621 403.850037
v 107.436394 -112.836288 404.171814
v 107.607124 -112.682655 404.313721
v 107.922508 -113.403069 406.573608
v 106.242493 -113.001030 403.986816
v 106.799248 -112.807831 404.223206
v 107.092911 -113.446869 406.640137
v 106.813019 -113.935127 406.720032
v 105.780205 -113.005814 403.984192
v 106.204567 -112.736954 403.986359
v 106.738754 -113.244972 406.684692
v 106.389641 -113.684357 406.820160
v 105.253502 -113.030151 403.981842
v 105.659454 -112.777679 403.982147
v 105.773308 -113.655014 406.867126
v 104.921013 -112.825729 403.806610
v 104.914680 -113.085938 404.021729
v 105.053741 -113.709084 406.836426
v 104.434143 -112.828789 403.640472
v 104.073357 -113.144547 404.110260
v 104.373299 -113.708633 406.847321
v 103.702324 -112.836800 403.597778
v 103.320717 -113.540077 406.616699
v 103.823723 -113.646271 406.738159
v 102.710747 -112.748894 403.203827
v 103.063095 -112.891876 403.524200
v 102.478745 -113.177719 406.302795
v 102.765793 -113.397453 406.480011
v 102.331764 -112.582092 402.921692
v 101.858894 -113.278610 406.177216
v 102.225525 -113.488731 406.294861
v 100.701256 -112.764587 402.789062
v 101.600395 -112.582420 402.785614
v 100.729706 -112.934090 405.423584
v 100.863747 -113.211647 405.763092
v 101.289711 -113.200836 405.977600
v 99.535042 -112.869606 402.430634
v 100.698036 -112.576233 402.699036
v 100.212547 -113.147324 405.294464
v 100.476028 -113.224411 405.387726
v 100.079315 -112.378380 402.953583
v 99.770996 -112.670311 403.473206
v 99.559326 -112.760887 404.056854
v 99.451981 -112.882126 404.581451
v 99.646652 -112.967430 405.010193
v 110.216232 -112.380325 402.892120
v 110.306778 -112.442062 403.175598
v 110.499817 -112.608513 403.736725
v 110.520996 -112.769043 404.230499
v 110.496811 -112.876457 404.516968
v 109.842590 -112.335617 402.889862
v 109.869522 -112.519722 403.282471
v 109.852318 -112.813667 403.812805
v 109.948685 -112.960175 404.328156
v 110.072899 -112.958267 404.747070
v 109.972183 -113.042824 405.182587
v 109.866539 -113.313599 405.391022
v 109.062912 -112.567360 403.338531
v 109.012291 -112.914627 403.850250
v 109.171638 -113.056984 404.424713
v 109.296005 -113.142700 404.890167
v 109.341660 -113.273224 405.265930
v 109.386650 -113.312599 405.670044
v 109.084885 -113.517441 405.815277
v 108.337357 -112.667099 403.439331
v 108.351540 -112.884399 403.894287
v 108.314117 -113.205833 404.470337
v 108.403305 -113.316528 404.934052
v 108.537834 -113.370949 405.386353
v 108.625420 -113.450905 405.730042
v 108.625427 -113.553848 406.114349
v 108.219582 -113.833588 406.207642
v 107.774292 -112.906158 404.042206
v 107.686584 -113.186455 404.542969
v 107.598175 -113.436264 404.998291
v 107.555687 -113.751595 405.478973
v 107.948326 -113.645020 405.809692
v 107.829498 -113.893410 406.141876
v 107.943108 -113.742142 406.377838
v 106.341949 -113.121307 404.099609
v 106.907082 -113.248260 404.476349
v 106.806580 -113.588203 405.095947
v 106.610962 -113.904182 405.410370
v 107.155350 -114.036819 406.260651
v 107.134674 -113.881203 406.510895
v 106.728134 -114.311592 406.713531
v 106.157959 -113.169830 404.117554
v 106.053581 -113.440903 404.619812
v 106.061630 -113.827805 405.125732
v 106.164734 -113.968208 405.322021
v 106.508972 -114.270042 406.301392
v 106.565552 -114.247437 406.483704
v 106.395691 -114.343483 406.843292
v 105.509834 -113.233521 404.129944
v 105.383263 -113.536263 404.594635
v 105.238495 -113.871658 405.104980
v 105.695572 -114.311119 406.860748
v 105.085037 -113.177155 404.110077
v 104.979836 -113.438774 404.566956
v 104.673882 -113.877991 405.052368
v 105.020622 -114.323883 406.827179
v 103.771729 -113.262146 404.038422
v 104.372169 -113.533981 404.465607
v 104.078049 -113.914024 405.056488
v 104.364258 -114.321808 406.833710
v 103.850578 -113.300827 404.000183
v 103.659897 -113.631744 404.569946
v 103.309425 -113.957367 404.963287
v 103.370697 -114.023064 406.680298
v 103.702904 -114.308022 406.792969
v 102.374252 -113.132622 403.500153
v 103.023354 -113.381828 403.825928
v 102.843964 -113.813583 404.667542
v 102.742897 -113.979248 404.909576
v 102.831223 -113.918480 406.574738
v 102.877785 -114.396622 406.677521
v 102.462730 -113.148018 403.392517
v 102.261810 -113.431541 403.908783
v 101.864426 -113.748802 404.364441
v 101.762154 -113.661438 406.265411
v 102.144066 -113.943977 406.428558
v 102.437256 -114.288033 406.611176
v 100.797073 -112.893898 402.771637
v 101.490570 -113.018639 403.031403
v 101.372025 -113.383186 403.802734
v 101.029831 -113.616264 404.278931
v 100.917801 -113.710136 405.809265
v 101.354774 -113.827347 406.060150
v 101.520149 -113.953606 406.272125
v 100.841614 -112.870186 402.856354
v 100.805389 -113.024727 403.169769
v 100.544533 -113.308014 403.756744
v 100.317375 -113.464737 404.251587
v 100.027214 -113.689194 404.609222
v 100.075439 -113.620911 405.341034
v 100.507782 -113.632118 405.526337
v 100.202477 -112.872688 403.239868
v 99.909065 -113.100052 403.803741
v 99.783424 -113.225945 404.313782
v 99.621284 -113.385475 404.728455
v 99.702736 -113.521187 405.081726
v 109.809242 -113.062096 402.413605
v 110.151199 -113.082008 402.746887
v 110.301445 -113.241760 403.228363
v 110.118073 -113.508400 403.419678
v 109.083633 -113.092873 402.372009
v 109.689835 -113.060623 402.614594
v 109.865593 -113.177620 403.104004
v 109.874786 -113.362091 403.369263
v 108.766655 -114.025017 404.757233
v 108.879356 -114.137489 404.832886
v 108.122459 -113.996864 404.799255
v 108.401733 -113.982002 405.155945
v 108.273338 -114.153633 405.489655
v 108.275658 -114.423080 405.547729
v 107.279343 -114.268913 404.631561
v 107.781830 -114.047173 405.023285
v 107.756050 -114.065536 405.495361
v 107.766708 -114.160355 405.741547
v 107.422722 -114.184166 405.927551
v 106.265938 -114.426361 404.840942
v 106.471306 -114.370674 405.164795
v 106.957466 -114.167030 405.509155
v 107.090401 -114.403015 405.772095
v 107.061264 -114.436432 406.112976
v 106.646591 -114.889801 406.273468
v 105.680878 -114.388184 404.983978
v 106.097580 -114.169098 405.197113
v 106.510529 -114.152695 405.365906
v 106.610878 -114.262146 406.269989
v 106.460449 -114.609489 406.542267
v 106.185646 -114.945534 406.764465
v 105.024704 -114.570244 404.837769
v 105.262619 -114.283852 405.111237
v 105.747887 -114.948746 406.920624
v 105.419830 -115.533310 407.095551
v 104.120750 -114.574104 404.939087
v 104.707237 -114.311890 405.212128
v 105.045311 -114.863335 406.941681
v 105.030548 -115.341393 407.085083
v 103.699226 -114.651550 404.787415
v 103.978188 -114.399277 405.182556
v 104.399338 -114.871750 406.932556
v 104.372772 -115.316696 407.051819
v 102.938576 -114.423676 404.919373
v 103.594963 -114.299088 405.248932
v 103.724228 -114.858139 406.904572
v 103.701721 -115.319489 407.031738
v 102.647537 -114.238174 404.944305
v 102.997131 -114.115150 404.949097
v 103.019783 -114.989288 406.825409
v 103.292717 -115.258698 406.958466
v 101.996399 -114.122292 404.746277
v 101.964897 -114.452812 406.603027
v 102.275627 -114.862518 406.723053
v 100.367561 -114.115501 404.166138
v 101.264969 -114.037300 404.479431
v 100.942238 -114.026764 405.891937
v 101.124268 -114.189728 406.158508
v 101.386658 -114.477158 406.389740
v 101.699890 -114.826584 406.565094
v 99.562355 -114.349442 403.830872
v 100.701805 -113.919411 404.441864
v 100.137230 -114.191086 404.816833
v 100.061111 -113.966438 405.473145
v 100.484467 -114.126221 405.741180
v 100.571793 -114.388016 406.032318
v 100.762978 -114.461899 406.185242
v 99.752510 -113.896614 404.943237
v 99.819290 -114.118759 405.289185
v 99.880463 -114.302979 405.597626
v 99.995872 -114.322182 405.860992
v 110.065247 -113.051270 402.426117
v 110.200485 -113.247513 402.740417
v 110.317497 -113.442192 403.219666
v 110.145630 -113.573357 403.437469
v 109.778709 -113.128830 402.450806
v 109.864067 -113.258331 402.882874
v 109.944962 -113.474304 403.340332
v 109.980980 -113.530296 403.519592
v 108.911011 -114.145927 404.625427
v 108.841621 -114.184181 404.716400
v 108.644241 -114.128372 404.751099
v 108.423058 -114.312088 405.092560
v 108.289352 -114.450287 405.392761
v 108.000694 -114.714668 405.444611
v 107.980240 -114.111038 404.884583
v 107.911514 -114.258614 405.237946
v 107.928917 -114.400970 405.505829
v 107.924759 -114.470352 405.558380
v 106.523422 -114.484894 404.881622
v 106.507896 -114.604385 405.213379
v 106.484474 -114.820213 405.477417
v 106.900490 -114.894806 405.724121
v 106.738663 -115.057816 406.082123
v 106.493263 -115.171974 406.176117
v 106.062340 -114.570763 404.942566
v 105.717934 -114.895653 405.241882
v 106.114609 -115.101357 405.378845
v 106.268661 -115.330681 406.178925
v 106.393280 -115.175453 406.470886
v 106.163002 -115.522316 406.752411
v 105.493011 -114.553734 405.063293
v 105.138374 -114.911728 405.275055
v 105.911499 -115.463722 406.996948
v 105.553017 -115.902061 407.124817
v 104.392906 -114.604485 405.008362
v 104.396141 -114.844986 405.249207
v 105.073120 -115.816803 407.182892
v 104.133766 -114.662926 405.061554
v 103.914482 -114.947021 405.379669
v 104.414871 -115.796410 407.155609
v 103.213081 -114.546196 405.011169
v 103.496719 -114.818680 405.402924
v 103.160423 -115.218521 405.524292
v 103.744377 -115.798042 407.129028
v 102.869026 -114.593452 405.031219
v 102.793297 -115.005165 405.495941
v 102.831024 -115.190079 405.464661
v 102.922523 -115.471855 406.952087
v 103.161484 -115.812057 407.019958
v 102.198227 -114.501442 404.995911
v 101.956749 -114.797981 405.349365
v 101.735382 -114.998154 405.422760
v 102.410126 -115.512268 406.799683
v 102.651482 -115.807236 406.945038
v 100.710678 -114.334473 404.240265
v 101.397293 -114.494987 404.841125
v 101.273315 -114.861526 405.422668
v 101.359444 -115.072250 405.367065
v 101.276474 -115.053177 406.462219
v 101.754730 -115.298042 406.632416
v 100.579887 -114.230354 404.338806
v 100.607086 -114.366577 404.833282
v 100.278168 -114.694458 405.042694
v 100.334488 -114.641212 406.152313
v 100.735344 -114.881874 406.340332
v 99.759293 -114.454475 405.067688
v 99.705925 -114.631470 405.466888
v 99.703972 -114.823944 405.798004
v 99.926147 -114.740005 406.043640
v 100.074585 -114.967842 406.118744
v 98.904327 -115.241173 405.495911
v 99.294525 -114.819778 405.835052
v 109.348152 -113.979790 401.856537
v 109.555756 -114.105240 402.095306
v 109.591812 -114.312439 402.311768
v 108.722054 -113.941032 401.876831
v 109.178284 -113.998199 401.957092
v 109.317238 -114.159874 402.270050
v 106.241600 -115.550797 405.236481
v 106.557861 -115.346336 405.377014
v 106.787193 -115.385551 405.641113
v 106.688828 -115.565758 406.017426
v 106.526787 -115.819298 406.189941
v 105.737541 -115.414299 405.320343
v 106.369476 -115.235039 405.311157
v 106.487762 -115.322060 406.198517
v 106.393776 -115.603317 406.465546
v 106.163216 -116.010323 406.734711
v 105.143364 -115.440254 405.327545
v 105.926109 -115.944107 407.006958
v 105.574203 -116.331886 407.124084
v 104.513664 -115.454460 405.357361
v 105.105560 -116.284904 407.193512
v 103.968414 -115.461182 405.408722
v 104.440620 -116.306938 407.164886
v 103.386742 -115.368073 405.508698
v 103.097855 -115.375504 405.222260
v 103.779022 -116.319832 407.128693
v 102.704208 -115.395897 405.587006
v 103.110321 -115.300285 405.433807
v 103.115944 -116.310944 407.113617
v 102.137299 -115.298805 405.596527
v 101.680931 -115.375748 405.146820
v 102.240761 -116.058189 406.854645
v 102.634270 -116.215996 407.022095
v 101.291931 -115.180733 405.466064
v 101.696533 -115.102974 405.413177
v 101.284279 -115.612190 406.572815
v 101.758339 -115.885368 406.726593
v 100.435005 -115.090233 405.238251
v 100.837845 -115.471771 406.422363
v 101.030693 -115.918144 406.554565
v 99.834045 -114.956261 405.232330
v 99.606857 -115.227524 405.603333
v 99.555214 -115.331184 405.488922
v 99.723404 -115.195084 406.092010
v 100.167870 -115.293144 406.226624
v 98.737518 -115.225639 405.580963
v 99.250038 -115.113297 405.756592
v 99.202896 -115.061996 406.013641
v 97.998657 -115.772331 405.126129
v 98.456459 -115.194687 405.631348
v 98.571602 -115.209991 405.823975
v 109.552521 -113.978218 401.822296
v 109.608513 -114.227074 402.031036
v 109.519417 -114.408325 402.308105
v 108.510956 -114.209770 401.277496
v 109.012627 -114.151428 401.633911
v 109.289856 -114.219307 402.124207
v 109.378761 -114.356979 402.388397
v 107.615234 -114.319305 401.287384
v 108.347122 -114.194389 401.354797
v 106.481941 -115.659920 405.219177
v 106.415993 -115.696075 405.343597
v 106.406380 -115.800636 405.638794
v 106.587021 -115.940018 405.986267
v 106.366417 -116.059616 406.070679
v 105.714600 -115.822449 405.268280
v 105.935699 -115.973320 405.345490
v 106.007584 -116.045029 405.403961
v 106.141129 -116.197884 406.061432
v 106.266235 -116.008072 406.383728
v 106.119873 -116.416481 406.645386
v 105.200172 -115.878006 405.376221
v 104.819305 -116.148804 405.336060
v 105.924736 -116.385971 406.953186
v 105.563820 -116.737801 407.081329
v 104.458755 -115.886063 405.408081
v 104.553123 -116.138847 405.352966
v 105.082527 -116.684265 407.175812
v 103.952698 -115.972321 405.408936
v 104.422897 -116.725960 407.157928
v 103.485626 -115.920403 405.485565
v 103.170395 -116.188675 405.512512
v 103.769859 -116.768768 407.140045
v 102.992035 -115.798828 405.525604
v 102.674629 -116.063431 405.639740
v 103.137505 -116.772621 407.121094
v 102.334290 -115.641434 405.511963
v 101.994347 -115.902542 405.603668
v 102.220947 -116.507339 406.972229
v 102.564857 -116.714157 407.051910
v 101.587952 -115.491844 405.460693
v 101.156044 -115.761414 405.492554
v 101.812683 -116.324318 406.853912
v 101.865524 -116.703133 406.996796
v 100.686348 -115.439720 405.353149
v 100.246651 -115.714005 405.442780
v 100.558556 -116.007469 406.554779
v 101.037422 -116.258438 406.727661
v 101.230667 -116.641441 406.886292
v 99.954277 -115.357010 405.364166
v 99.575684 -115.616982 405.505737
v 99.668243 -115.658150 406.168213
v 100.201530 -115.734261 406.396454
v 100.177734 -116.146828 406.596069
v 98.249107 -115.767639 405.025757
v 99.080589 -115.484840 405.444366
v 99.140076 -115.450325 406.092316
v 99.244881 -115.790268 406.299347
v 99.584473 -116.125572 406.493530
v 97.797569 -116.191322 404.833679
v 98.300896 -115.522316 405.395142
v 98.151176 -115.588127 405.770599
v 98.395340 -115.427902 406.010406
v 98.397079 -115.747757 406.179993
v 97.028618 -115.721840 405.657562
v 97.469696 -115.663269 405.860992
v 97.859512 -115.879608 405.996765
v 95.862755 -116.828033 405.305206
v 96.627205 -115.927063 405.565369
v 108.976303 -114.804977 400.804749
v 109.260742 -114.945343 401.157227
v 109.394455 -115.060684 401.611755
v 109.543739 -115.196480 402.092621
v 109.663338 -115.339806 402.497253
v 109.819656 -115.538025 402.772766
v 107.999756 -114.628120 400.212524
v 108.304230 -114.564507 400.534424
v 108.672874 -114.431435 401.000366
v 108.717522 -114.643806 401.494507
v 108.973427 -114.913864 402.089233
v 109.115616 -115.156425 402.489288
v 109.538818 -115.296562 402.698334
v 107.318550 -114.654556 400.388702
v 107.678040 -114.609032 400.421478
v 107.981689 -114.429092 401.000702
v 108.085114 -114.551208 401.550262
v 108.201653 -114.845009 402.121063
v 108.364845 -115.067528 402.425262
v 106.850609 -114.673836 400.720642
v 107.281624 -114.607880 400.833710
v 107.472870 -114.791138 401.513763
v 107.713478 -115.008102 402.102020
v 107.971169 -115.084091 402.414734
v 106.088043 -116.377083 405.127136
v 106.207443 -116.359306 405.187164
v 106.580849 -116.219337 405.555420
v 106.549095 -116.369255 405.842712
v 106.493607 -116.645103 405.983215
v 105.584030 -116.294624 405.270081
v 105.964630 -116.138718 405.242096
v 106.330559 -116.029976 405.389404
v 106.415588 -116.140762 406.075409
v 106.347046 -116.420471 406.311859
v 106.040001 -116.799416 406.518951
v 104.941452 -116.264671 405.341949
v 104.772781 -116.184685 405.154022
v 105.882233 -116.775375 406.852234
v 105.515915 -117.121979 407.008026
v 104.281586 -116.375504 405.400024
v 104.850166 -116.154900 405.284546
v 105.061577 -117.070953 407.135681
v 103.928375 -116.409584 405.398193
v 104.406197 -117.112480 407.132019
v 103.265038 -116.302437 405.515839
v 103.065094 -116.225151 405.262024
v 103.753281 -117.161636 407.142365
v 102.633263 -116.501251 405.470551
v 103.038910 -116.310951 405.607300
v 103.159065 -117.181686 407.133209
v 101.968163 -116.510101 405.109192
v 102.130440 -116.380417 405.744751
v 102.585182 -117.121902 407.117096
v 101.461975 -116.160515 405.687805
v 101.925293 -117.037880 407.110748
v 100.524574 -116.068184 405.607147
v 100.894524 -116.727905 406.822693
v 101.379997 -116.931870 406.985199
v 99.619804 -116.023926 405.540070
v 100.282272 -116.483032 406.744293
v 98.577065 -115.896042 405.070770
v 98.853386 -115.965050 405.454254
v 99.093781 -116.291832 406.399445
v 99.641464 -116.409973 406.552917
v 98.292709 -115.724487 405.136810
v 98.009048 -115.940529 405.505829
v 98.001694 -116.300156 405.398346
v 98.373657 -116.135277 406.271057
v 97.376297 -116.497597 405.285309
v 97.610703 -116.103561 405.614166
v 97.242310 -116.142418 405.889130
v 97.769646 -116.153488 406.068604
v 96.570511 -115.949905 405.620758
v 96.666824 -116.055962 405.733337
v 109.138802 -115.269562 400.877716
v 109.456650 -115.352615 401.212311
v 109.599113 -115.507751 401.693787
v 109.739296 -115.623016 402.127899
v 109.893150 -115.758934 402.581757
v 109.905624 -115.995003 403.021027
v 108.106918 -115.003738 400.261902
v 108.613487 -115.129471 400.558777
v 109.131905 -115.574753 402.743561
v 109.570160 -115.765289 402.953949
v 107.624794 -114.982674 400.147949
v 107.218582 -114.792618 400.458130
v 108.374374 -115.761864 402.506042
v 108.631119 -115.515892 402.515594
v 106.732819 -115.101639 400.364716
v 107.256836 -114.975639 400.404785
v 107.275620 -115.166374 401.124725
v 107.564873 -115.387772 401.831451
v 107.962418 -115.520943 402.289032
v 108.269829 -115.265038 402.575806
v 106.307892 -116.479584 405.097473
v 106.147491 -116.681221 405.234161
v 106.553032 -116.660309 405.477753
v 106.417862 -116.828644 405.789795
v 106.257874 -116.845833 405.831970
v 105.651634 -116.684708 405.108917
v 105.850616 -116.804588 405.161591
v 106.039413 -116.969917 405.845490
v 106.177155 -116.889687 406.230591
v 105.948944 -117.185616 406.444885
v 104.970566 -116.703941 405.222260
v 105.810959 -117.123665 406.770844
v 105.455635 -117.453087 406.963409
v 104.434776 -116.778503 405.320892
v 105.032745 -117.421227 407.109344
v 103.918983 -116.823036 405.340027
v 104.403458 -117.574791 407.120483
v 104.116379 -117.882378 407.259125
v 103.430183 -116.849792 405.399902
v 103.822876 -117.603600 407.123535
v 103.948219 -117.721741 407.260101
v 102.970566 -116.789650 405.450500
v 102.656052 -117.012947 405.494781
v 103.189682 -117.635277 407.156036
v 102.848511 -117.937935 407.304443
v 102.429497 -116.592499 405.435547
v 102.211418 -116.875732 405.683777
v 102.591225 -117.524971 407.193817
v 102.529961 -117.853615 407.334442
v 101.529930 -116.663177 405.703522
v 101.987457 -117.512650 407.146667
v 101.993996 -117.860970 407.257111
v 100.661552 -116.547737 405.701355
v 100.889145 -117.101364 406.884247
v 101.313522 -117.350075 407.077545
v 99.674438 -116.494034 405.620728
v 100.330101 -116.997734 406.738190
v 100.668106 -117.266319 406.864136
v 98.798431 -116.428047 405.462463
v 99.174141 -116.662651 406.449890
v 99.452179 -116.793343 406.620636
v 98.027832 -116.311729 405.415405
v 98.450371 -116.578667 406.317444
v 98.528191 -116.819916 406.454651
v 97.357948 -116.452759 405.382690
v 96.987061 -116.856079 405.369507
v 97.308784 -116.527779 405.934631
v 97.625999 -116.603546 406.155487
v 97.755287 -116.943993 406.326538
v 96.199112 -117.193634 405.189331
v 96.895111 -116.519211 405.549469
v 96.828682 -116.541061 405.700012
v 96.851906 -116.756256 405.960632
v 97.189583 -116.930428 406.162445
v 108.607346 -115.880356 400.496918
v 109.097946 -115.760307 400.854309
v 109.393944 -115.900124 401.358429
v 109.598106 -116.036446 401.809845
v 109.759789 -116.142326 402.245697
v 110.017189 -116.278061 402.785583
v 110.023888 -116.544250 403.305786
v 110.042976 -116.908180 403.683685
v 107.728981 -115.837395 399.987396
v 108.311142 -115.602692 400.267426
v 108.713043 -115.436050 400.524139
v 109.203133 -116.063606 403.016937
v 109.655624 -116.419952 403.325256
v 109.861526 -116.765778 403.583832
v 107.291794 -115.790672 399.943542
v 107.662453 -115.310692 399.974365
v 108.391243 -115.944199 402.655060
v 108.646240 -116.031166 402.833099
v 108.821297 -116.516159 403.228088
v 106.475113 -115.875877 400.176941
v 107.165306 -115.535660 400.039673
v 107.126450 -115.581764 400.652344
v 107.405655 -115.846626 401.355469
v 107.721176 -115.979042 401.981934
v 108.045731 -116.125572 402.402130
v 108.134918 -116.388336 402.763428
v 108.238144 -116.545639 403.119385
v 106.143974 -117.236145 405.096619
v 106.304001 -117.090355 405.209808
v 106.535492 -117.093025 405.457367
v 106.409996 -117.271873 405.611359
v 105.375237 -117.206100 404.979980
v 105.577362 -117.045578 405.013092
v 106.146210 -116.889000 405.141571
v 106.218605 -117.116875 405.861725
v 105.907967 -117.483765 406.227142
v 105.713745 -117.484604 406.298218
v 104.709610 -117.151222 404.977539
v 105.126045 -116.942719 405.052521
v 105.497589 -117.642273 406.290527
v 105.595184 -117.559814 406.613068
v 105.379532 -117.883339 406.933350
v 104.237610 -117.242813 405.076782
v 104.576248 -116.991798 405.136993
v 104.987846 -117.826332 407.089111
v 103.669472 -117.237625 404.964447
v 103.895470 -117.240685 405.176178
v 104.445679 -117.950241 407.103210
v 104.086342 -118.105194 407.208130
v 103.523636 -117.260712 405.376495
v 103.778450 -118.055862 407.139435
v 103.898552 -118.150627 407.236877
v 102.627228 -117.294212 405.432220
v 102.481133 -117.195328 405.250610
v 103.212135 -118.058769 407.138733
v 102.886742 -118.199745 407.251770
v 101.974121 -117.419968 405.126068
v 102.072197 -117.341103 405.578400
v 102.420403 -118.067711 407.215454
v 102.611649 -118.050781 407.318604
v 101.569572 -117.183411 405.675476
v 101.942368 -118.104630 407.165314
v 102.024597 -118.236710 407.284912
v 100.854164 -117.028275 405.768555
v 100.426743 -117.353844 405.853851
v 101.196243 -117.700676 407.141113
v 99.890648 -116.958389 405.782227
v 99.767075 -117.421211 405.744019
v 100.140663 -117.456886 406.795715
v 100.681648 -117.575264 407.016296
v 98.797279 -116.890831 405.579376
v 99.366905 -117.151230 406.684326
v 97.946732 -116.814926 405.341003
v 98.006699 -117.612923 406.082092
v 98.648308 -117.084099 406.396790
v 97.163353 -116.745575 405.227203
v 97.514557 -117.232620 406.186523
v 97.766777 -117.087784 406.360779
v 96.580887 -116.674438 405.280548
v 96.340973 -116.889122 405.424438
v 96.483124 -117.015076 405.673767
v 96.962593 -117.125999 405.940491
v 96.960861 -117.455704 406.145355
v 111.280624 -116.992393 402.916779
v 111.613243 -117.146751 403.270874
v 111.701988 -117.296547 403.659882
v 109.875877 -116.761459 401.769989
v 110.237473 -116.776245 402.150757
v 110.682281 -116.902611 402.774536
v 110.954506 -117.072121 403.190094
v 111.349228 -117.158829 403.533264
v 108.827141 -116.251884 400.676788
v 109.157570 -116.323944 401.023560
v 109.548828 -116.470627 401.580017
v 109.841690 -116.431389 401.949341
v 110.067467 -116.540970 402.461700
v 110.292557 -116.803589 403.032227
v 110.309189 -117.020500 403.490997
v 110.277473 -117.350800 403.891388
v 108.024513 -116.150856 400.100555
v 108.378258 -116.145004 400.362823
v 108.951233 -117.405067 403.159637
v 109.502266 -117.146469 403.465179
v 109.930405 -117.220566 403.799133
v 107.558929 -116.184387 399.917938
v 108.932343 -117.177422 403.259003
v 109.037804 -117.160782 403.456787
v 107.086716 -115.995392 399.946167
v 107.062889 -116.152901 400.316528
v 107.219604 -116.386581 400.930786
v 107.472206 -116.351303 401.581116
v 107.687943 -116.509941 402.182709
v 107.978394 -116.789612 402.645630
v 108.055641 -116.912483 402.995209
v 108.385086 -117.038452 403.350677
v 106.615593 -116.523621 401.226532
v 107.018929 -116.637177 401.354950
v 107.193604 -116.778450 401.880493
v 107.386505 -116.918945 402.347229
v 106.128136 -117.618752 404.986511
v 106.228340 -117.473595 404.979980
v 106.525475 -117.553856 405.245300
v 106.431885 -117.744789 405.503479
v 106.315948 -117.580185 405.504028
v 105.358871 -117.465263 404.650940
v 105.624802 -117.401840 404.804382
v 106.073677 -117.295914 404.945496
v 106.134415 -117.778061 405.555298
v 106.120956 -117.716064 405.803772
v 105.954781 -118.011932 406.093719
v 104.834396 -117.319885 404.480469
v 105.104218 -117.431488 404.691437
v 105.717636 -117.786194 406.399628
v 105.611603 -118.068871 406.729797
v 105.400368 -118.387886 406.952240
v 104.219505 -117.630310 404.695068
v 104.514580 -117.444008 404.893219
v 105.026672 -118.306190 407.100311
v 103.565948 -117.548874 404.520020
v 103.872787 -117.632919 404.799011
v 103.582687 -117.384712 405.026337
v 104.398338 -118.400169 407.122131
v 104.041229 -118.755852 407.224976
v 103.345955 -117.674286 405.025208
v 103.690094 -117.483673 405.230652
v 103.794617 -118.394882 407.131622
v 103.877029 -118.557106 407.232697
v 102.492889 -117.806519 404.712067
v 102.706200 -117.769875 405.139923
v 103.152435 -118.415504 407.143433
v 102.852806 -118.709106 407.296783
v 102.418022 -117.548004 405.378601
v 102.064369 -117.811646 405.472687
v 102.490990 -118.296494 407.209381
v 102.497116 -118.587471 407.352783
v 101.579300 -117.647949 405.615143
v 101.873428 -118.241493 407.200531
v 101.871315 -118.521057 407.353302
v 101.002747 -117.493202 405.738586
v 100.587761 -117.726677 405.924286
v 101.209396 -118.127930 407.194672
v 101.182465 -118.524063 407.320312
v 99.548874 -117.590622 405.712677
v 100.099586 -117.633339 405.872101
v 100.265984 -117.795456 406.915894
v 100.610634 -118.140762 407.108612
v 100.834000 -118.275871 407.274719
v 98.934258 -117.387962 405.683411
v 98.472466 -117.772339 405.649933
v 99.456635 -117.664986 406.715576
v 99.992966 -118.075905 406.891174
v 97.701241 -117.342873 405.403503
v 97.847557 -118.047203 405.462128
v 98.387238 -117.425911 406.322235
v 98.644104 -117.530334 406.572815
v 98.665367 -118.169342 406.632660
v 97.053123 -117.246590 405.192932
v 97.731628 -117.562874 406.137482
v 97.736740 -117.680435 406.416443
v 98.256805 -117.972328 406.581512
v 96.459213 -117.159615 405.168610
v 96.294266 -117.442024 405.315125
v 96.530685 -117.516609 405.634094
v 96.886230 -117.557549 405.917267
v 97.267319 -117.829689 406.117004
v 111.410141 -117.202133 403.019684
v 111.668953 -117.370041 403.406464
v 111.777702 -117.659531 403.770386
v 110.065765 -117.054115 401.928467
v 110.470367 -117.110146 402.370270
v 111.043793 -117.161377 403.003906
v 110.848915 -117.331161 403.467072
v 111.146576 -117.549911 403.860016
v 111.067574 -117.934029 404.199829
v 108.879578 -116.726044 400.816284
v 109.192345 -116.831017 401.229797
v 109.558105 -116.921463 401.631897
v 110.491158 -117.118759 403.346344
v 110.608284 -117.400589 403.715698
v 110.471550 -117.813499 404.192871
v 110.321693 -118.273300 404.525818
v 108.100731 -116.645554 400.286011
v 108.466194 -116.613625 400.521851
v 109.334923 -117.455383 403.335846
v 109.587204 -117.628357 403.736053
v 109.734055 -117.897079 404.146301
v 110.097656 -118.146584 404.412872
v 107.628555 -116.663315 400.062347
v 109.017807 -117.335205 403.231750
v 109.132950 -117.706139 403.630585
v 109.136063 -118.064064 403.994171
v 107.215111 -116.545563 400.101807
v 107.238098 -116.756317 400.514160
v 107.409531 -116.941910 400.931976
v 107.370964 -117.197014 401.355621
v 107.870461 -117.267319 402.916504
v 108.040192 -117.414070 403.246552
v 108.474167 -117.602882 403.665283
v 108.411186 -118.056007 403.985229
v 107.111061 -116.739464 401.188019
v 107.195953 -116.961380 401.642609
v 107.265404 -117.133461 402.125214
v 107.605530 -117.291748 402.653351
v 107.656097 -117.605972 403.044861
v 107.773163 -117.809380 403.519409
v 107.855698 -117.948303 403.892242
v 106.205750 -117.965080 404.745209
v 106.306595 -117.910118 404.806152
v 106.555893 -117.980637 405.011566
v 106.700623 -118.120766 405.293610
v 106.533157 -118.340904 405.469940
v 105.605087 -117.700325 404.726715
v 105.761604 -117.843407 404.692291
v 106.243637 -118.054512 405.618500
v 105.911339 -118.399048 405.800232
v 105.733643 -118.326790 405.937988
v 105.109619 -117.752235 404.574890
v 105.037285 -117.794518 404.816284
v 105.596199 -118.522820 405.996704
v 105.583397 -118.461647 406.293884
v 105.383698 -118.722321 406.714691
v 105.334831 -118.677887 406.795319
v 104.388466 -117.788307 404.686066
v 104.933159 -117.600945 404.823639
v 105.122398 -118.866798 406.815155
v 105.004997 -118.856789 407.042755
v 104.071823 -117.766983 404.725861
v 103.957298 -118.002441 404.844025
v 104.485687 -118.843414 407.161957
v 104.176796 -118.964348 407.169617
v 103.660698 -117.986992 405.055237
v 103.745125 -118.962074 407.145966
v 103.907555 -119.025757 407.196716
v 103.086174 -117.929016 405.040131
v 102.888573 -118.247459 405.253296
v 103.273376 -118.776909 407.206726
v 102.951706 -119.169876 407.336487
v 102.480667 -118.031700 405.403076
v 102.112297 -118.335411 405.565125
v 102.545731 -119.016891 407.428009
v 101.652267 -118.128410 405.681488
v 101.370804 -118.394028 405.916107
v 101.558670 -119.109451 407.147461
v 102.037796 -118.940094 407.307648
v 101.122238 -117.928284 405.758392
v 100.865768 -118.148697 406.088348
v 100.587227 -118.448158 406.151428
v 101.117554 -118.759094 407.253540
v 101.275047 -118.658745 407.350464
v 99.443565 -117.933792 405.709167
v 99.870102 -118.124207 406.061554
v 99.976517 -118.551750 406.028625
v 99.957634 -118.695297 406.854614
v 100.571404 -118.535133 407.168091
v 100.766571 -118.683174 407.232239
v 99.215645 -117.835953 405.764984
v 98.751877 -118.110519 405.882965
v 99.573395 -118.346100 406.808563
v 99.975327 -118.245003 406.993927
v 97.591606 -117.975662 405.338715
v 98.138977 -118.136032 405.567169
v 98.653915 -118.075249 406.645386
v 98.386032 -118.487679 406.499023
v 96.951653 -117.788834 405.145874
v 97.859993 -118.175468 406.538452
v 98.120506 -118.723839 406.492523
v 96.411201 -117.712547 405.102112
v 96.326675 -117.994278 405.258179
v 96.556366 -118.065941 405.581757
v 96.841583 -118.143639 405.935822
v 97.184853 -118.100105 406.286652
v 111.135567 -117.851219 403.241150
v 111.772888 -117.786285 403.556793
v 111.890221 -118.009964 404.006012
v 111.915199 -118.306236 404.370422
v 110.076546 -117.232292 402.044128
v 110.290459 -117.401024 402.641663
v 110.818893 -117.590385 403.135895
v 111.305901 -117.582130 403.337738
v 111.626503 -117.842155 404.111847
v 111.273155 -118.250786 404.256195
v 108.913231 -116.903122 400.989441
v 109.160316 -117.128922 401.429840
v 109.816360 -117.269119 402.071259
v 109.574951 -117.518097 402.194336
v 110.781380 -118.249557 404.333344
v 110.416679 -118.749557 404.584595
v 108.185394 -117.089569 400.433838
v 108.674210 -116.991966 400.770325
v 108.507149 -117.275032 401.116852
v 109.660515 -118.623772 404.277527
v 110.046600 -118.722794 404.481140
v 107.813454 -117.052505 400.255859
v 107.612022 -117.414070 400.507202
v 109.227737 -118.567238 404.178345
v 107.421700 -116.978935 400.286377
v 107.481827 -117.207787 400.661346
v 107.380699 -117.326096 401.135742
v 107.226593 -117.345108 401.597198
v 108.541367 -118.552116 404.187439
v 106.742432 -117.561623 401.462280
v 107.170677 -117.345482 401.611511
v 107.362152 -117.606544 402.227631
v 107.578064 -117.870964 402.862213
v 107.630768 -118.085274 403.357849
v 107.638596 -118.241661 403.753510
v 107.986664 -118.424835 404.061035
v 106.352135 -118.298149 403.859955
v 106.577766 -118.395447 404.196014
v 106.506035 -118.335526 404.463074
v 106.673370 -118.386879 404.735748
v 106.787361 -118.569336 405.062347
v 106.602966 -118.790497 405.271973
v 106.511856 -118.634201 405.432495
v 105.537010 -118.149590 403.630310
v 105.766487 -118.307076 404.029144
v 105.920746 -118.152657 404.474304
v 105.461082 -117.888306 404.556885
v 106.038322 -118.906662 405.377594
v 105.984993 -118.631752 405.454529
v 105.879990 -118.694023 405.706360
v 105.093765 -118.353539 404.310974
v 105.276085 -118.112488 404.563843
v 105.562973 -117.991394 404.698181
v 105.590622 -118.888054 405.376617
v 105.587524 -118.942192 405.563232
v 105.504593 -118.851387 405.835358
v 105.648376 -119.112762 406.398010
v 105.526138 -119.334213 406.673492
v 104.593422 -118.383850 404.391479
v 104.767731 -118.068756 404.574341
v 105.243858 -119.093941 406.890839
v 104.965538 -119.358719 407.077087
v 104.024689 -118.391762 404.377869
v 103.973511 -118.258965 404.498596
v 103.576073 -118.131798 404.519470
v 104.488350 -119.301773 407.172852
v 103.002586 -118.323166 404.052887
v 103.224403 -118.489494 404.455383
v 103.845314 -118.260307 404.911682
v 103.804176 -119.349365 407.168640
v 102.645935 -118.485229 404.530548
v 102.616676 -118.596970 404.782349
v 102.618706 -118.474396 405.005646
v 103.324684 -119.308434 407.233612
v 103.042641 -119.645050 407.394379
v 102.096031 -118.696106 404.900177
v 101.981888 -118.786858 405.213562
v 101.884537 -118.695404 405.374298
v 102.553238 -119.503906 407.445526
v 101.354584 -118.919334 405.285400
v 101.360565 -118.872032 405.702087
v 101.149269 -118.738739 405.766235
v 101.747658 -119.173515 407.306732
v 101.940941 -119.382690 407.376373
v 100.653519 -118.956230 405.678680
v 100.670929 -118.860001 406.152893
v 100.260422 -119.021614 405.816895
v 101.171364 -119.198364 407.244446
v 101.245209 -119.525833 407.407379
v 99.215492 -119.033997 405.607758
v 100.035416 -118.675293 406.041077
v 100.568901 -118.702408 406.145233
v 100.159683 -118.845192 407.013275
v 100.419487 -118.998138 407.140015
v 100.698586 -119.394341 407.351929
v 98.391396 -119.573715 405.204285
v 98.806984 -118.749619 405.763641
v 99.542633 -118.838043 406.833832
v 99.603897 -119.081696 407.027466
v 97.506088 -118.530106 405.259430
v 98.075882 -118.587753 405.596100
v 98.729538 -118.574020 406.716980
v 98.783867 -119.081833 406.891937
v 96.901474 -118.370827 405.032593
v 97.898567 -118.512978 406.583069
v 98.071388 -119.058235 406.724701
v 96.382156 -118.250221 405.050049
v 96.332092 -118.478569 405.203583
v 96.557182 -118.584923 405.536469
v 96.855530 -118.603287 405.944550
v 97.129051 -118.547424 406.340027
v 97.425964 -119.050529 406.496246
v 111.435745 -117.963394 403.352875
v 111.660416 -118.091118 403.676941
v 112.033005 -118.407814 404.010223
v 111.930199 -118.652008 404.319977
v 110.293259 -117.701607 402.742401
v 110.459473 -117.952271 403.300781
v 110.853409 -118.199738 403.368347
v 111.431694 -118.646294 404.595032
v 111.149269 -119.089546 404.803558
v 109.303894 -117.671135 401.619202
v 109.558533 -117.743515 401.987030
v 109.880524 -117.766960 402.691833
v 109.760612 -117.976509 402.772858
v 110.909676 -118.576782 404.606995
v 110.643097 -119.097511 404.962769
v 110.453354 -119.625153 405.154907
v 108.135612 -117.276375 400.474976
v 108.354370 -117.507011 400.819672
v 108.895134 -117.594696 401.272919
v 109.728851 -119.121628 404.589142
v 109.948013 -119.335541 404.848175
v 110.156349 -119.582817 405.066895
v 108.114975 -117.382866 400.465942
v 107.899506 -117.698677 400.701843
v 109.240395 -119.096115 404.348602
v 109.310364 -119.460716 404.618317
v 107.696556 -117.605057 400.787354
v 107.486397 -117.922371 401.002747
v 108.630287 -119.020294 404.351898
v 108.693901 -119.402084 404.595428
v 107.289864 -117.749352 401.277374
v 107.350960 -117.962692 401.739868
v 107.534019 -118.194466 402.435394
v 107.336700 -118.346390 403.190521
v 107.622765 -118.536270 403.678284
v 107.499756 -118.797218 403.896088
v 107.980217 -119.001663 404.225250
v 108.267982 -119.268028 404.596436
v 107.063095 -118.643700 403.519257
v 106.878899 -118.576584 403.727692
v 106.995697 -118.667755 404.010773
v 106.825562 -118.787834 404.356598
v 106.912544 -118.970535 404.735016
v 107.033951 -119.163536 405.134766
v 106.823959 -119.414970 405.298645
v 106.267159 -118.515747 403.820374
v 105.835068 -118.775383 403.930176
v 106.212334 -119.258369 405.348999
v 105.371971 -118.655281 404.085266
v 105.627884 -119.155540 405.378906
v 105.553886 -119.358307 405.639496
v 105.604317 -119.559982 406.033447
v 105.371574 -119.727379 406.399811
v 105.357666 -119.623337 406.534119
v 104.445923 -118.828720 404.059937
v 104.844872 -118.702209 404.110535
v 105.169426 -119.781212 406.598724
v 104.990410 -119.756721 406.783081
v 104.882622 -119.678436 406.951355
v 103.623558 -118.681213 403.872040
v 103.942520 -118.761429 404.116241
v 104.561211 -119.838234 406.956543
v 104.468719 -119.807487 407.104858
v 103.839958 -118.634544 404.443420
v 103.565018 -118.931984 404.676361
v 103.815224 -119.820686 407.220612
v 103.243996 -118.767532 404.886353
v 102.964409 -119.008270 405.068512
v 102.527077 -119.268211 405.030151
v 103.336197 -119.814293 407.260620
v 103.047134 -120.083679 407.445984
v 102.556091 -118.865891 405.174988
v 102.203293 -119.204979 405.357605
v 102.540062 -119.975418 407.484528
v 101.803848 -119.080147 405.552979
v 101.485886 -119.365486 405.747711
v 101.158684 -119.679565 405.813232
v 101.893265 -119.889069 407.470306
v 101.158913 -119.124176 405.871704
v 100.751854 -119.396652 406.071320
v 100.368286 -119.759193 406.058441
v 101.257439 -119.867554 407.486206
v 99.466827 -119.303307 405.730194
v 100.157455 -119.368034 406.009705
v 99.676872 -119.836845 405.827271
v 100.248093 -119.633751 407.234558
v 100.733025 -119.860184 407.416565
v 98.868073 -119.186295 405.601868
v 98.433090 -119.419006 405.616486
v 98.931587 -119.852859 406.575317
v 99.535049 -119.503357 406.996979
v 97.467659 -119.064217 405.211182
v 98.013969 -119.186447 405.547241
v 98.628151 -119.569756 406.740417
v 98.853691 -119.311981 406.920074
v 96.696854 -118.905205 405.005676
v 97.837128 -119.422935 406.613312
v 98.046631 -119.282829 406.759399
v 96.206810 -118.738762 405.027924
v 96.155937 -118.919968 405.191589
v 96.556343 -119.044632 405.526215
v 96.841080 -119.060997 405.958405
v 97.101112 -119.271118 406.384766
v 97.403252 -119.374130 406.462067
v 111.717514 -118.560844 403.839172
v 111.835480 -118.690399 404.002075
v 111.693130 -118.826347 404.395508
v 110.507660 -118.248314 403.238495
v 111.023262 -118.377922 403.669373
v 111.023933 -118.797958 404.167816
v 111.170998 -119.110260 404.811676
v 110.952507 -119.294678 404.777405
v 109.224159 -117.869926 401.645996
v 109.346565 -118.130081 402.129517
v 109.744980 -118.215759 402.548187
v 110.056366 -118.296997 403.198029
v 110.344299 -118.626114 403.545990
v 110.132439 -118.884171 403.755554
v 110.740852 -119.319351 404.786438
v 110.688713 -119.470352 405.000336
v 110.618317 -119.994492 405.142944
v 108.453766 -117.826248 401.073029
v 108.595413 -117.996300 401.539490
v 108.781143 -118.217484 401.732880
v 109.808746 -119.972153 404.874878
v 110.173775 -119.999992 405.052979
v 108.317261 -117.913078 401.006256
v 108.065926 -118.221954 401.244446
v 109.337173 -119.899841 404.835846
v 109.294441 -120.245880 405.093781
v 107.815140 -117.959320 400.932404
v 107.587921 -118.238342 401.114960
v 108.792274 -119.766006 404.844391
v 108.765747 -120.046906 405.042419
v 107.387833 -118.192886 401.317596
v 107.161324 -118.294548 401.953949
v 107.579605 -118.655533 402.756622
v 107.251442 -118.656403 403.022034
v 107.607162 -119.110275 404.123260
v 107.821121 -119.406647 404.470062
v 108.062096 -119.701080 404.797943
v 108.463585 -119.901192 404.993164
v 106.251038 -118.584290 402.028381
v 107.131378 -118.771873 402.569153
v 106.935112 -118.889267 403.341309
v 106.844955 -118.845047 403.737610
v 107.214851 -118.884392 404.053497
v 107.197182 -119.203392 404.323364
v 107.339157 -119.527725 404.781097
v 107.166763 -119.726685 405.109955
v 106.909500 -119.936096 405.266724
v 106.248840 -119.120003 403.549255
v 106.187172 -118.860229 403.720062
v 105.487984 -118.810997 403.706787
v 106.306671 -119.810226 405.356964
v 105.256340 -119.112091 403.554962
v 105.547852 -119.069351 403.797180
v 105.565315 -118.929352 403.893585
v 105.756264 -119.660667 405.421722
v 105.573257 -119.979103 405.738007
v 105.709114 -120.147408 406.163025
v 105.555214 -120.347527 406.411102
v 104.504814 -119.064384 403.540710
v 104.571144 -119.104362 403.903473
v 105.180550 -118.858582 404.006470
v 104.984680 -120.156013 406.539917
v 104.802277 -120.053627 406.651398
v 103.923874 -119.130821 404.058289
v 103.763420 -118.947685 404.253204
v 104.363548 -120.265923 406.607422
v 104.606628 -120.198288 406.899231
v 104.230713 -120.383873 407.140320
v 103.278137 -119.194710 404.155853
v 103.157036 -119.297638 404.284485
v 103.157166 -119.075470 404.559570
v 103.844597 -120.229271 407.253387
v 102.749992 -119.346481 404.563568
v 102.554871 -119.506279 404.698364
v 102.699631 -119.357666 405.079285
v 101.915398 -119.771179 404.608521
v 103.365913 -120.163002 407.324005
v 103.046432 -120.426735 407.455780
v 101.822273 -119.513504 404.768677
v 101.911201 -119.530090 404.893677
v 102.300476 -119.436897 405.213806
v 102.556038 -120.340759 407.524536
v 100.536224 -119.723557 404.537842
v 101.082184 -119.649590 405.083740
v 101.444275 -119.548271 405.388153
v 101.178673 -119.839890 405.764832
v 100.559975 -120.164909 405.466431
v 101.874153 -120.230957 407.528076
v 99.584267 -119.792557 404.120178
v 100.291565 -119.768440 404.909241
v 100.182983 -119.859474 405.293640
v 100.498497 -119.898193 405.800232
v 100.725945 -119.910858 405.898712
v 99.862869 -120.380913 405.682068
v 101.201004 -120.296112 407.492828
v 98.612000 -119.804298 404.716705
v 99.072769 -119.897697 405.197723
v 99.642204 -119.779823 405.670532
v 100.051102 -119.865471 405.950470
v 100.150864 -119.994301 405.981720
v 100.255203 -120.027397 407.265869
v 100.668549 -120.174156 407.415131
v 97.762581 -119.614433 404.651794
v 98.185387 -119.591347 404.996979
v 98.474136 -119.722694 405.366028
v 98.007370 -120.398476 405.116455
v 99.167351 -119.970467 406.854065
v 99.542282 -120.041145 407.049713
v 96.866058 -119.573158 404.365479
v 96.979294 -119.699883 404.672760
v 97.512962 -119.493004 405.176392
v 98.126472 -119.700111 405.381317
v 98.676033 -120.009460 406.692078
v 98.732780 -120.328995 406.887665
v 96.194710 -119.540848 404.760254
v 96.758492 -119.297417 404.968964
v 97.777328 -119.930138 406.557129
v 98.020676 -120.237282 406.694031
v 95.513733 -120.228279 404.510925
v 95.802467 -119.478493 404.871094
v 96.000183 -119.438599 405.183441
v 96.361893 -119.606178 405.560028
v 96.699463 -119.684052 405.944763
v 97.102470 -119.759689 406.304932
v 110.938286 -119.171883 404.274628
v 110.790398 -119.296288 404.335785
v 109.348610 -118.387680 402.126892
v 109.440971 -118.719582 402.648743
v 109.925255 -118.826820 402.991852
v 110.136856 -119.068924 403.464081
v 110.388718 -119.233665 404.131683
v 110.649429 -119.484848 404.710419
v 110.791534 -120.027306 404.887573
v 110.593613 -120.519936 405.076141
v 108.630836 -118.348938 401.576569
v 108.656464 -118.617569 402.081146
v 108.869019 -118.808365 402.191803
v 109.885590 -120.433136 405.031006
v 110.136406 -120.471939 405.172302
v 108.323540 -118.570335 401.574097
v 108.189468 -118.738541 401.663177
v 109.614380 -120.324738 404.958740
v 109.518356 -120.503662 405.150177
v 107.851891 -118.530594 401.311615
v 107.509674 -118.815948 401.439758
v 108.867569 -120.485130 405.234589
v 108.654404 -120.709602 405.300934
v 107.520599 -118.529060 401.365173
v 107.331940 -118.767876 401.730591
v 107.129005 -119.063515 402.200104
v 108.078316 -120.175751 404.914032
v 108.353806 -120.330093 405.077301
v 108.470215 -120.488434 405.240479
v 107.047081 -118.789810 402.112030
v 106.775856 -118.965889 402.859436
v 106.856842 -119.151863 403.195374
v 107.631790 -119.999290 404.903137
v 107.337479 -120.185379 405.117249
v 106.979225 -120.370453 405.232147
v 105.928001 -119.257835 402.802887
v 106.318710 -119.171417 403.282227
v 106.504341 -120.275131 405.371307
v 105.686714 -119.314545 403.440643
v 105.905128 -120.206184 405.497925
v 105.890495 -120.465958 405.886383
v 105.550987 -120.737305 406.141846
v 105.310570 -120.453362 406.101929
v 104.605125 -119.339493 403.633728
v 104.495651 -119.237679 403.819031
v 104.915131 -120.783875 406.251984
v 104.946854 -120.601151 406.382874
v 104.169891 -119.532860 403.727173
v 104.163254 -119.520454 403.974060
v 104.292435 -120.656693 406.247009
v 104.559975 -120.648529 406.638062
v 104.382294 -120.774193 406.927307
v 104.014275 -120.645264 406.943146
v 103.286217 -119.491058 404.078766
v 103.128853 -119.364571 404.236389
v 103.536522 -120.883842 406.946075
v 103.693192 -120.627472 407.083496
v 102.440300 -119.450035 403.859955
v 102.795769 -119.588615 404.278717
v 102.782784 -119.761932 404.552582
v 103.037788 -120.738503 407.036926
v 103.304977 -120.860527 407.294556
v 102.837990 -120.635788 407.369781
v 101.843506 -119.721169 404.619446
v 101.352158 -119.597801 404.494110
v 102.334473 -120.758904 407.316742
v 102.519127 -120.724953 407.436066
v 100.918442 -119.889915 404.723389
v 101.626663 -119.728119 404.811798
v 101.655083 -120.773895 407.281555
v 101.873558 -120.696220 407.447601
v 100.241493 -119.937004 404.684906
v 99.799576 -120.180588 404.917206
v 99.622879 -119.877884 404.735901
v 100.423203 -120.704514 407.210663
v 101.202797 -120.603157 407.431396
v 98.222687 -120.115616 404.354187
v 98.944771 -120.134285 404.761780
v 99.591599 -120.056114 405.110626
v 99.515823 -120.691376 406.841095
v 100.286888 -120.637291 407.204681
v 100.449265 -120.442268 407.388458
v 97.549133 -120.000488 404.349762
v 98.122849 -119.865616 404.596130
v 99.270622 -120.560898 406.933563
v 99.593529 -120.361717 407.084656
v 96.619133 -119.758484 404.095490
v 96.461868 -120.155785 404.414368
v 96.587524 -119.664650 404.471985
v 98.470108 -120.542892 406.823090
v 98.789764 -120.498741 406.943420
v 95.979813 -119.923897 404.326630
v 96.008606 -120.116951 404.578156
v 97.595505 -120.434822 406.625275
v 98.034630 -120.564789 406.664612
v 95.630119 -119.803703 404.720642
v 95.469673 -119.951706 404.920959
v 95.713577 -120.050743 405.229248
v 96.106239 -120.198036 405.600922
v 96.450821 -120.303986 405.984192
v 96.968010 -120.388916 406.324921
v 109.471046 -119.027321 402.529602
v 109.810760 -119.267639 402.970459
v 109.884338 -119.570267 403.585724
v 110.392181 -119.876961 404.037384
v 110.442764 -120.247047 404.626587
v 110.639900 -120.544357 404.774780
v 110.312363 -120.799919 405.056488
v 108.699333 -118.963058 402.031403
v 108.965439 -119.312477 402.696259
v 109.375664 -119.550705 402.953827
v 109.091850 -119.800758 403.123383
v 110.019966 -120.522408 404.698486
v 110.129997 -120.805634 405.005280
v 110.244606 -120.762581 405.049835
v 108.105392 -119.031013 401.452606
v 108.454712 -119.133003 401.975189
v 108.307571 -119.321190 402.136139
v 109.514740 -120.792938 404.913330
v 109.652397 -120.693115 405.107605
v 107.961212 -118.917992 401.359314
v 107.626900 -119.201897 401.528564
v 108.864700 -120.759048 405.006897
v 109.404678 -120.975883 405.379761
v 108.524368 -120.798286 405.201874
v 107.473389 -119.082352 401.761810
v 107.171700 -119.401039 402.148987
v 106.923134 -120.637360 403.731934
v 107.530525 -120.401680 404.007904
v 108.262154 -120.572380 404.915466
v 108.529114 -120.800186 405.244507
v 108.117287 -120.944077 405.158081
v 106.980362 -119.441849 402.603394
v 106.769569 -119.745850 402.993744
v 106.725700 -119.970795 403.375549
v 106.878349 -120.490395 403.866791
v 107.383286 -120.410706 404.207245
v 107.673386 -120.506104 404.922089
v 107.215363 -120.720337 405.141357
v 106.729065 -120.502213 405.003021
v 106.570816 -119.487541 402.948059
v 106.204910 -119.691452 403.266235
v 106.147820 -119.911217 403.268219
v 106.269989 -120.820473 405.033142
v 106.380013 -120.620560 405.163483
v 105.910103 -119.668869 403.410553
v 105.650642 -120.709190 405.015930
v 105.899437 -120.810600 405.353760
v 105.733307 -121.064758 405.800476
v 105.359383 -120.757751 405.819855
v 104.135880 -119.888748 402.905792
v 105.076912 -119.622696 403.320099
v 104.763733 -121.143448 405.904327
v 104.957199 -120.941589 406.061279
v 103.663139 -119.859833 402.866852
v 103.936852 -119.955032 403.658234
v 103.987373 -119.669388 403.813019
v 104.149261 -120.979706 405.809204
v 104.557053 -121.086243 406.265381
v 104.374367 -121.226929 406.657379
v 103.862244 -120.955864 406.620026
v 103.538795 -119.948509 403.629211
v 103.676392 -119.878044 403.999756
v 103.449600 -121.277611 406.668518
v 103.580215 -121.079247 406.771576
v 103.210335 -119.761070 403.995819
v 102.471230 -119.990456 404.195709
v 102.091751 -119.783745 404.127014
v 102.857819 -121.198967 406.660126
v 103.256256 -121.161255 407.000732
v 102.795853 -121.217300 407.159821
v 101.753685 -120.217392 404.115570
v 102.267250 -119.993889 404.355560
v 102.403610 -121.069267 407.287476
v 100.648369 -120.321411 404.115540
v 101.383690 -120.157280 404.466400
v 101.768669 -121.069473 407.293884
v 101.296448 -121.021729 407.322144
v 99.401772 -120.398331 404.082092
v 100.015442 -120.294456 404.581055
v 99.447182 -120.170326 404.443237
v 100.904228 -121.061150 407.269684
v 101.069458 -120.934242 407.376038
v 98.274513 -120.426163 403.966217
v 98.837601 -120.315536 404.412872
v 99.358253 -120.347641 404.696259
v 99.817032 -120.940865 406.950531
v 100.282974 -120.951355 407.139069
v 97.139954 -120.409164 403.905579
v 97.969536 -120.192093 404.169098
v 98.386314 -121.065498 406.339111
v 99.155540 -120.911575 406.612793
v 96.402885 -120.023384 403.640381
v 96.677422 -120.341064 404.046478
v 96.400536 -120.490509 404.333282
v 98.166779 -120.985931 406.389221
v 98.282326 -120.900581 406.569977
v 96.114441 -120.284996 404.443665
v 95.555313 -120.545570 404.567047
v 96.770691 -121.021873 406.126984
v 97.394279 -120.831413 406.449249
v 95.279701 -120.334717 404.726837
v 95.114189 -120.520660 404.953247
v 95.398224 -120.661812 405.310364
v 95.843033 -120.743271 405.660614
v 96.508217 -120.800056 406.054749
v 96.966667 -120.703171 406.348053
v 109.803017 -120.114944 403.551270
v 110.289536 -120.396935 403.901459
v 109.951630 -120.587685 404.142456
v 108.845444 -119.618622 402.492310
v 109.236168 -119.832016 402.918945
v 109.622665 -120.067169 403.568848
v 109.915604 -120.519997 403.938629
v 110.061852 -120.693329 404.569824
v 109.695312 -120.809380 404.650909
v 108.000763 -119.465408 401.394775
v 108.295830 -119.481285 401.824677
v 108.688477 -119.850433 402.623138
v 109.020157 -120.121773 402.970673
v 109.211609 -120.368477 403.477142
v 109.479553 -120.660553 404.000458
v 109.651093 -120.908638 404.396301
v 109.648521 -121.132828 404.944977
v 108.012238 -119.356308 401.411835
v 108.024086 -119.550781 401.857513
v 107.846512 -119.803963 402.218445
v 109.282211 -121.010704 404.916046
v 108.748817 -121.202751 404.966797
v 107.593178 -119.435669 401.870453
v 107.398514 -119.737839 402.273346
v 107.375298 -120.054405 402.748413
v 107.414909 -120.316483 403.229553
v 107.479393 -120.512260 403.813080
v 107.910019 -120.656738 404.323853
v 108.327408 -120.967216 404.919830
v 108.573952 -121.095848 405.058746
v 107.152008 -119.761269 402.584320
v 107.133789 -120.018349 403.063721
v 106.991493 -120.292763 403.446930
v 107.105492 -120.467781 403.719543
v 107.451103 -120.593330 404.165955
v 107.751915 -120.865959 404.825745
v 107.151726 -121.057373 404.917328
v 106.075096 -120.058060 403.205841
v 106.261162 -120.233498 403.496704
v 106.586952 -121.078896 405.019531
v 105.661606 -120.086052 403.338440
v 105.575256 -120.405327 403.338593
v 105.889091 -121.051682 405.115692
v 105.876266 -121.267189 405.463837
v 105.414291 -121.494827 405.641846
v 104.341560 -119.934059 402.824219
v 104.960846 -120.008667 403.319946
v 105.028603 -121.438263 405.846680
v 104.298241 -119.919594 402.999390
v 104.725426 -120.035339 403.456940
v 104.183144 -120.147606 403.521332
v 104.434082 -121.374275 405.997284
v 104.208298 -121.659729 406.267670
v 103.780159 -121.315056 406.209229
v 103.552025 -120.169159 403.708618
v 104.017776 -120.098633 403.729187
v 103.295464 -121.651199 406.289795
v 103.469688 -121.455719 406.492828
v 102.549278 -120.242706 403.284546
v 103.055435 -120.138634 403.874084
v 102.731667 -120.356049 403.789703
v 102.767029 -121.544891 406.238464
v 102.763969 -121.704224 406.571136
v 102.724670 -121.485703 406.929657
v 102.388420 -121.441818 406.896118
v 102.014526 -120.378860 403.864594
v 102.061943 -121.618462 406.630646
v 101.912857 -121.723686 406.814941
v 102.214569 -121.439056 407.108826
v 100.992485 -120.485855 403.864899
v 100.581100 -121.581932 406.352081
v 101.274017 -121.640656 406.874298
v 101.562119 -121.382416 407.175171
v 99.804146 -120.515411 403.789734
v 100.340401 -121.564827 406.582581
v 100.579216 -121.459351 406.920288
v 100.831520 -121.331657 407.152374
v 98.455597 -120.621376 403.763855
v 99.586693 -121.494720 406.572174
v 99.914116 -121.362617 406.856812
v 100.079582 -121.283089 407.008423
v 96.293869 -120.743568 403.197205
v 97.275391 -120.630943 403.635193
v 97.941017 -121.412750 405.888000
v 98.588310 -121.420807 406.403656
v 99.156509 -121.189980 406.638397
v 96.122353 -120.604065 403.156647
v 96.294205 -120.636620 403.612518
v 96.291351 -120.754539 404.040131
v 96.053154 -120.866600 404.167542
v 97.777649 -121.362930 406.018066
v 97.582703 -121.379822 406.250977
v 97.761192 -121.196953 406.390503
v 95.751740 -120.706795 404.359375
v 95.295334 -120.970390 404.584778
v 95.257652 -121.152542 404.950134
v 95.576004 -121.257378 405.332550
v 96.024864 -121.273277 405.692596
v 96.600670 -121.359161 406.072113
v 97.550507 -121.162483 406.434448
v 95.024170 -120.824120 404.752991
v 95.085258 -121.013199 405.099579
v 95.477364 -121.093849 405.454651
v 95.948112 -121.127510 405.812897
v 96.465546 -121.092361 405.945129
v 108.258186 -120.192039 402.431335
v 108.714577 -120.373634 402.846344
v 109.021660 -120.650787 403.425568
v 109.222488 -120.928177 403.909607
v 109.372337 -121.138908 404.275879
v 109.062004 -121.296982 404.479034
v 108.300308 -120.195297 402.472961
v 108.245316 -120.489449 402.850647
v 108.474098 -120.752609 403.423706
v 108.646011 -121.008842 403.877625
v 108.749084 -121.178474 404.242035
v 109.040482 -121.378693 404.921173
v 108.305069 -121.444618 404.737244
v 107.762436 -120.123726 402.483948
v 107.808914 -120.424843 402.989349
v 107.875259 -120.710297 403.448242
v 107.948463 -120.936859 403.856323
v 108.196922 -121.131302 404.316589
v 108.324112 -121.350883 404.903900
v 108.031082 -121.414520 404.795929
v 107.295944 -120.638649 403.517639
v 107.206551 -120.839882 403.857330
v 107.409363 -121.027733 404.299042
v 107.529045 -121.203766 404.861298
v 106.706589 -121.238884 404.639313
v 106.820168 -120.655609 403.651825
v 106.551956 -120.819901 403.894440
v 106.517181 -120.993011 404.249084
v 106.427032 -121.198761 404.536194
v 106.389809 -121.299767 404.792450
v 105.338165 -120.509750 403.216888
v 105.761597 -120.759735 403.690033
v 105.845284 -120.934746 403.836975
v 105.677559 -121.159256 404.305847
v 105.626060 -121.269989 404.544159
v 105.890762 -121.429924 405.076080
v 105.529259 -121.600616 405.362640
v 105.188034 -121.568726 405.292908
v 105.151443 -120.483566 403.348602
v 104.696480 -120.817574 403.171600
v 104.748581 -121.232330 404.222626
v 104.990540 -121.372681 404.561340
v 105.121216 -121.617699 405.019379
v 104.942993 -121.874710 405.379517
v 104.982735 -121.710602 405.653412
v 104.420929 -120.446579 403.491272
v 103.704437 -120.388878 403.241364
v 104.205276 -121.869568 405.528931
v 104.297852 -121.829590 405.848022
v 103.747475 -121.677475 405.750732
v 103.876762 -120.365875 403.357544
v 103.581573 -120.577583 403.596283
v 103.375221 -121.873192 405.511139
v 103.351875 -121.865234 405.738617
v 103.447495 -121.829277 406.065308
v 103.300209 -120.301880 403.381531
v 103.085060 -120.493790 403.530273
v 102.402290 -120.746109 403.488525
v 102.536903 -121.852203 405.448578
v 102.630936 -121.843704 405.789246
v 102.602287 -121.898232 406.193634
v 102.334694 -121.809273 406.286102
v 101.944511 -120.737038 403.668213
v 101.689644 -121.839470 405.430145
v 101.860352 -121.822556 405.798035
v 101.894562 -121.879250 406.173340
v 101.906403 -121.904457 406.575714
v 101.531082 -121.806458 406.490662
v 99.978897 -121.042625 403.181244
v 100.983780 -120.787582 403.643768
v 100.800056 -121.855988 405.389191
v 100.935249 -121.827835 405.718323
v 101.126732 -121.877335 406.194214
v 101.006584 -121.897072 406.521057
v 101.344032 -121.711693 406.587311
v 99.509964 -120.956993 403.186981
v 99.725349 -120.839470 403.656097
v 99.830704 -121.858192 405.309662
v 100.028229 -121.802185 405.685089
v 100.213341 -121.852020 406.075653
v 100.355606 -121.750755 406.311249
v 98.557274 -120.925674 403.612335
v 98.002220 -121.638947 404.691772
v 98.756363 -121.734177 405.156555
v 99.037148 -121.768501 405.589478
v 99.249542 -121.800171 405.972748
v 99.512840 -121.714371 406.270630
v 96.503731 -120.836777 403.236023
v 97.141319 -120.930283 403.556427
v 96.690399 -121.238785 403.691071
v 97.437119 -121.639168 404.763550
v 97.604317 -121.597015 405.133392
v 97.958740 -121.710320 405.543732
v 98.403137 -121.671638 405.982391
v 98.724442 -121.567444 406.118622
v 96.245018 -120.971565 403.258026
v 96.240448 -121.031937 403.702087
v 96.181541 -121.107941 403.889618
v 95.889778 -121.282639 404.175201
v 96.342163 -121.486115 404.668610
v 96.500938 -121.561073 405.104767
v 96.899246 -121.643242 405.509857
v 97.495201 -121.584373 405.824860
v 97.315247 -121.581337 405.882935
v 95.452560 -121.138985 404.395752
v 95.453720 -121.329536 404.774078
v 95.754021 -121.487617 405.153534
v 96.167717 -121.535812 405.532593
v 96.606857 -121.574501 405.870392
v 97.117996 -121.520500 406.019897
v 105.222557 -121.047989 403.411469
v 105.283127 -121.160873 403.630432
v 104.961830 -121.257416 403.735229
v 104.240479 -120.872231 402.920288
v 104.949707 -120.966209 403.407288
v 104.721855 -121.235489 403.588867
v 104.934738 -121.321396 404.217346
v 104.646988 -121.564827 404.443756
v 104.597664 -121.842316 404.847290
v 104.329620 -121.937790 404.833008
v 104.371445 -120.839790 403.076904
v 103.993713 -121.035240 403.215942
v 103.960457 -121.202835 403.564087
v 103.984573 -121.403236 403.956543
v 103.935165 -121.639221 404.342377
v 103.917091 -121.920769 404.766754
v 104.118553 -121.978874 405.157349
v 103.871437 -120.738426 403.159912
v 103.486588 -120.967522 403.280304
v 103.161247 -121.169785 403.489807
v 103.144676 -121.384071 403.871613
v 103.178627 -121.615120 404.292114
v 103.256233 -121.863319 404.772949
v 103.382210 -121.940628 405.172333
v 103.017281 -120.902802 403.375977
v 102.542427 -121.134079 403.516418
v 102.397202 -121.335968 403.843964
v 102.416824 -121.564804 404.255829
v 102.483017 -121.826111 404.743683
v 102.598839 -121.909714 405.126099
v 101.968506 -121.098251 403.606415
v 101.683037 -121.315956 403.856323
v 101.585785 -121.550842 404.209717
v 101.620224 -121.815430 404.691925
v 101.739090 -121.895950 405.086456
v 100.265694 -121.131912 403.198761
v 100.842873 -121.115578 403.592285
v 100.761391 -121.350098 403.825867
v 100.624222 -121.602402 404.174957
v 100.673454 -121.825310 404.647156
v 100.806145 -121.906326 405.046661
v 99.994110 -121.128311 403.231323
v 99.951912 -121.236473 403.569305
v 99.624664 -121.414963 403.743713
v 99.558411 -121.655968 404.154877
v 99.654480 -121.846519 404.644440
v 99.817505 -121.920547 404.985840
v 98.859955 -121.229080 403.533813
v 98.392426 -121.504883 403.717499
v 98.399284 -121.685127 404.157410
v 98.622032 -121.822403 404.748596
v 99.060600 -121.764130 404.874176
v 97.543114 -121.289093 403.551514
v 97.256767 -121.520966 403.753754
v 97.190598 -121.722443 404.140137
v 97.453865 -121.775665 404.440460
v 96.333214 -121.484276 403.874451
v 96.367523 -121.666786 404.237305
v 96.660500 -121.559212 404.389252
f 1 2 145
f 2 146 145
f 1 145 154
f 1 154 3
f 1 4 2
f 1 3 4
f 154 155 4
f 154 4 3
f 2 155 146
f 2 4 155
f 5 6 160
f 6 161 160
f 5 160 170
f 5 170 13
f 5 14 6
f 5 13 14
f 6 7 161
f 7 162 161
f 6 15 7
f 6 14 15
f 7 8 162
f 8 163 162
f 7 16 8
f 7 15 16
f 8 9 163
f 9 164 163
f 8 17 9
f 8 16 17
f 9 10 164
f 10 165 164
f 9 18 10
f 9 17 18
f 10 171 165
f 10 18 171
f 11 12 168
f 12 169 168
f 11 168 175
f 11 175 20
f 11 21 12
f 11 20 21
f 12 13 169
f 13 170 169
f 12 22 13
f 12 21 22
f 13 23 14
f 13 22 23
f 14 24 15
f 14 23 24
f 15 25 16
f 15 24 25
f 16 26 17
f 16 25 26
f 17 27 18
f 17 26 27
f 18 176 171
f 18 27 176
f 19 20 174
f 20 175 174
f 19 174 180
f 19 180 30
f 19 31 20
f 19 30 31
f 20 32 21
f 20 31 32
f 21 33 22
f 21 32 33
f 22 34 23
f 22 33 34
f 23 35 24
f 23 34 35
f 24 36 25
f 24 35 36
f 25 37 26
f 25 36 37
f 26 38 27
f 26 37 38
f 27 28 176
f 28 177 176
f 27 39 28
f 27 38 39
f 181 182 39
f 181 39 38
f 28 182 177
f 28 39 182
f 29 30 179
f 30 180 179
f 29 179 184
f 29 184 41
f 29 42 30
f 29 41 42
f 30 43 31
f 30 42 43
f 31 44 32
f 31 43 44
f 32 45 33
f 32 44 45
f 33 46 34
f 33 45 46
f 34 47 35
f 34 46 47
f 35 48 36
f 35 47 48
f 36 49 37
f 36 48 49
f 37 50 38
f 37 49 50
f 38 185 181
f 38 50 185
f 40 41 183
f 41 184 183
f 40 183 188
f 40 188 52
f 40 53 41
f 40 52 53
f 41 54 42
f 41 53 54
f 42 55 43
f 42 54 55
f 43 56 44
f 43 55 56
f 44 57 45
f 44 56 57
f 45 58 46
f 45 57 58
f 46 59 47
f 46 58 59
f 47 60 48
f 47 59 60
f 48 61 49
f 48 60 61
f 189 190 61
f 189 61 60
f 49 62 50
f 49 61 62
f 190 191 62
f 190 62 61
f 50 191 185
f 50 62 191
f 51 52 187
f 52 188 187
f 51 187 193
f 51 193 64
f 51 65 52
f 51 64 65
f 52 66 53
f 52 65 66
f 53 67 54
f 53 66 67
f 54 68 55
f 54 67 68
f 55 69 56
f 55 68 69
f 56 70 57
f 56 69 70
f 57 71 58
f 57 70 71
f 58 72 59
f 58 71 72
f 59 73 60
f 59 72 73
f 60 194 189
f 60 73 194
f 63 64 192
f 64 193 192
f 192 193 197
f 193 198 197
f 63 192 197
f 63 197 76
f 63 77 64
f 63 76 77
f 64 78 65
f 64 77 78
f 65 79 66
f 65 78 79
f 66 80 67
f 66 79 80
f 67 81 68
f 67 80 81
f 68 82 69
f 68 81 82
f 69 83 70
f 69 82 83
f 70 84 71
f 70 83 84
f 71 85 72
f 71 84 85
f 72 86 73
f 72 85 86
f 199 200 86
f 199 86 85
f 73 74 194
f 74 195 194
f 73 87 74
f 73 86 87
f 200 201 87
f 200 87 86
f 74 201 195
f 74 87 201
f 75 76 196
f 76 197 196
f 75 196 202
f 75 202 88
f 75 89 76
f 75 88 89
f 202 203 89
f 202 89 88
f 76 90 77
f 76 89 90
f 77 91 78
f 77 90 91
f 78 92 79
f 78 91 92
f 79 93 80
f 79 92 93
f 80 94 81
f 80 93 94
f 81 95 82
f 81 94 95
f 82 96 83
f 82 95 96
f 83 97 84
f 83 96 97
f 84 98 85
f 84 97 98
f 85 204 199
f 85 98 204
f 89 203 207
f 89 207 100
f 89 101 90
f 89 100 101
f 90 102 91
f 90 101 102
f 91 103 92
f 91 102 103
f 92 104 93
f 92 103 104
f 93 105 94
f 93 104 105
f 94 106 95
f 94 105 106
f 95 107 96
f 95 106 107
f 96 108 97
f 96 107 108
f 97 109 98
f 97 108 109
f 208 209 109
f 208 109 108
f 98 209 204
f 98 109 209
f 99 100 206
f 100 207 206
f 206 207 211
f 207 212 211
f 99 206 211
f 99 211 110
f 99 111 100
f 99 110 111
f 211 212 111
f 211 111 110
f 100 112 101
f 100 111 112
f 212 213 112
f 212 112 111
f 101 113 102
f 101 112 113
f 102 114 103
f 102 113 114
f 103 115 104
f 103 114 115
f 104 116 105
f 104 115 116
f 105 117 106
f 105 116 117
f 106 118 107
f 106 117 118
f 107 119 108
f 107 118 119
f 214 215 119
f 214 119 118
f 108 215 208
f 108 119 215
f 112 213 216
f 112 216 120
f 112 121 113
f 112 120 121
f 216 217 121
f 216 121 120
f 113 122 114
f 113 121 122
f 217 218 122
f 217 122 121
f 114 123 115
f 114 122 123
f 218 219 123
f 218 123 122
f 115 124 116
f 115 123 124
f 219 220 124
f 219 124 123
f 116 125 117
f 116 124 125
f 220 221 125
f 220 125 124
f 117 126 118
f 117 125 126
f 221 222 126
f 221 126 125
f 118 222 214
f 118 126 222
f 127 128 231
f 128 232 231
f 127 231 238
f 127 238 133
f 127 134 128
f 127 133 134
f 128 129 232
f 129 233 232
f 128 135 129
f 128 134 135
f 129 130 233
f 130 234 233
f 129 136 130
f 129 135 136
f 130 131 234
f 131 235 234
f 130 137 131
f 130 136 137
f 131 132 235
f 132 236 235
f 131 138 132
f 131 137 138
f 132 239 236
f 132 138 239
f 133 238 243
f 133 243 142
f 133 143 134
f 133 142 143
f 134 144 135
f 134 143 144
f 135 145 136
f 135 144 145
f 136 146 137
f 136 145 146
f 137 147 138
f 137 146 147
f 138 244 239
f 138 147 244
f 139 140 240
f 140 241 240
f 240 241 245
f 241 246 245
f 139 240 245
f 139 245 148
f 139 149 140
f 139 148 149
f 245 246 149
f 245 149 148
f 140 141 241
f 141 242 241
f 241 242 246
f 242 247 246
f 140 150 141
f 140 149 150
f 246 247 150
f 246 150 149
f 141 142 242
f 142 243 242
f 141 151 142
f 141 150 151
f 142 152 143
f 142 151 152
f 143 153 144
f 143 152 153
f 144 154 145
f 144 153 154
f 146 156 147
f 146 155 156
f 147 248 244
f 147 156 248
f 150 247 252
f 150 252 160
f 150 161 151
f 150 160 161
f 151 162 152
f 151 161 162
f 152 163 153
f 152 162 163
f 153 164 154
f 153 163 164
f 154 165 155
f 154 164 165
f 155 166 156
f 155 165 166
f 156 253 248
f 156 166 253
f 157 158 249
f 158 250 249
f 249 250 254
f 250 255 254
f 157 249 254
f 157 254 167
f 157 168 158
f 157 167 168
f 158 159 250
f 159 251 250
f 250 251 255
f 251 256 255
f 158 169 159
f 158 168 169
f 159 160 251
f 160 252 251
f 159 170 160
f 159 169 170
f 165 172 166
f 165 171 172
f 166 257 253
f 166 172 257
f 254 255 259
f 255 260 259
f 167 254 259
f 167 259 174
f 167 175 168
f 167 174 175
f 255 256 260
f 256 261 260
f 171 177 172
f 171 176 177
f 172 262 257
f 172 177 262
f 173 174 258
f 174 259 258
f 258 259 264
f 259 265 264
f 173 258 264
f 173 264 179
f 173 180 174
f 173 179 180
f 259 260 265
f 260 266 265
f 260 261 266
f 261 267 266
f 268 269 182
f 268 182 181
f 177 269 262
f 177 182 269
f 178 179 263
f 179 264 263
f 263 264 270
f 264 271 270
f 178 263 270
f 178 270 183
f 178 184 179
f 178 183 184
f 264 265 271
f 265 272 271
f 265 266 272
f 266 273 272
f 181 274 268
f 181 185 274
f 270 271 277
f 271 278 277
f 183 270 277
f 183 277 188
f 271 272 278
f 272 279 278
f 272 273 279
f 273 280 279
f 281 282 191
f 281 191 190
f 185 282 274
f 185 191 282
f 186 187 275
f 187 276 275
f 275 276 283
f 276 284 283
f 186 275 283
f 186 283 192
f 186 193 187
f 186 192 193
f 283 284 193
f 283 193 192
f 187 188 276
f 188 277 276
f 276 277 284
f 277 285 284
f 277 278 285
f 278 286 285
f 278 279 286
f 279 287 286
f 189 195 190
f 189 194 195
f 190 288 281
f 190 195 288
f 284 285 291
f 285 292 291
f 193 284 291
f 193 291 198
f 285 286 292
f 286 293 292
f 286 287 293
f 287 294 293
f 295 296 200
f 295 200 199
f 296 297 201
f 296 201 200
f 195 297 288
f 195 201 297
f 196 197 289
f 197 290 289
f 289 290 298
f 290 299 298
f 196 289 298
f 196 298 202
f 197 198 290
f 198 291 290
f 290 291 299
f 291 300 299
f 291 292 300
f 292 301 300
f 292 293 301
f 293 302 301
f 199 304 295
f 199 204 304
f 298 299 306
f 299 307 306
f 202 298 306
f 202 306 206
f 202 207 203
f 202 206 207
f 306 307 207
f 306 207 206
f 299 300 307
f 300 308 307
f 300 301 308
f 301 309 308
f 301 302 309
f 302 310 309
f 302 303 310
f 303 311 310
f 313 314 209
f 313 209 208
f 204 205 304
f 205 305 304
f 304 305 314
f 305 315 314
f 204 210 205
f 204 209 210
f 314 315 210
f 314 210 209
f 205 315 305
f 205 210 315
f 307 308 316
f 308 317 316
f 207 307 316
f 207 316 212
f 316 317 213
f 316 213 212
f 308 309 317
f 309 318 317
f 309 310 318
f 310 319 318
f 310 311 319
f 311 320 319
f 312 313 323
f 313 324 323
f 208 324 313
f 208 215 324
f 317 318 325
f 318 326 325
f 213 317 325
f 213 325 216
f 325 326 217
f 325 217 216
f 318 319 326
f 319 327 326
f 326 327 218
f 326 218 217
f 319 320 327
f 320 328 327
f 327 328 219
f 327 219 218
f 320 321 328
f 321 329 328
f 328 329 220
f 328 220 219
f 321 322 329
f 322 330 329
f 329 330 221
f 329 221 220
f 322 323 330
f 323 331 330
f 330 331 222
f 330 222 221
f 323 324 331
f 324 332 331
f 214 223 215
f 214 222 223
f 331 332 223
f 331 223 222
f 215 332 324
f 215 223 332
f 224 225 338
f 225 339 338
f 224 338 345
f 224 345 230
f 224 231 225
f 224 230 231
f 345 346 231
f 345 231 230
f 225 226 339
f 226 340 339
f 225 232 226
f 225 231 232
f 226 227 340
f 227 341 340
f 226 233 227
f 226 232 233
f 227 228 341
f 228 342 341
f 227 234 228
f 227 233 234
f 228 229 342
f 229 343 342
f 228 235 229
f 228 234 235
f 229 347 343
f 229 235 347
f 231 346 351
f 231 351 238
f 235 236 347
f 236 348 347
f 236 352 348
f 236 239 352
f 237 238 350
f 238 351 350
f 237 350 354
f 237 354 242
f 237 243 238
f 237 242 243
f 239 355 352
f 239 244 355
f 242 354 357
f 242 357 247
f 244 358 355
f 244 248 358
f 246 247 356
f 247 357 356
f 246 356 359
f 246 359 251
f 246 252 247
f 246 251 252
f 248 360 358
f 248 253 360
f 251 359 362
f 251 362 256
f 253 363 360
f 253 257 363
f 256 362 365
f 256 365 261
f 257 366 363
f 257 262 366
f 261 365 368
f 261 368 267
f 369 370 269
f 369 269 268
f 262 370 366
f 262 269 370
f 266 267 367
f 267 368 367
f 266 367 371
f 266 371 273
f 268 372 369
f 268 274 372
f 273 371 376
f 273 376 280
f 377 378 282
f 377 282 281
f 274 378 372
f 274 282 378
f 279 280 375
f 280 376 375
f 279 375 380
f 279 380 287
f 281 381 377
f 281 288 381
f 287 380 383
f 287 383 294
f 384 385 296
f 384 296 295
f 385 386 297
f 385 297 296
f 288 386 381
f 288 297 386
f 293 294 382
f 294 383 382
f 293 382 387
f 293 387 302
f 387 388 303
f 387 303 302
f 295 389 384
f 295 304 389
f 303 388 391
f 303 391 311
f 393 394 313
f 393 313 312
f 394 395 314
f 394 314 313
f 304 395 389
f 304 314 395
f 391 392 396
f 392 397 396
f 311 391 396
f 311 396 320
f 396 397 321
f 396 321 320
f 397 398 322
f 397 322 321
f 398 399 323
f 398 323 322
f 312 399 393
f 312 323 399
f 333 334 403
f 334 404 403
f 333 403 409
f 333 409 338
f 333 339 334
f 333 338 339
f 334 335 404
f 335 405 404
f 404 405 410
f 405 411 410
f 334 340 335
f 334 339 340
f 335 336 405
f 336 406 405
f 405 406 411
f 406 412 411
f 335 341 336
f 335 340 341
f 336 412 406
f 336 341 412
f 337 338 408
f 338 409 408
f 408 409 415
f 409 416 415
f 337 408 415
f 337 415 344
f 337 345 338
f 337 344 345
f 341 342 412
f 342 413 412
f 412 413 417
f 413 418 417
f 342 343 413
f 343 414 413
f 413 414 418
f 414 419 418
f 343 419 414
f 343 347 419
f 344 415 421
f 344 421 349
f 344 350 345
f 344 349 350
f 345 351 346
f 345 350 351
f 418 419 424
f 419 425 424
f 347 348 419
f 348 420 419
f 419 420 425
f 420 426 425
f 348 426 420
f 348 352 426
f 421 422 427
f 422 428 427
f 349 421 427
f 349 427 353
f 349 354 350
f 349 353 354
f 422 423 428
f 423 429 428
f 425 426 430
f 426 431 430
f 352 431 426
f 352 355 431
f 427 428 432
f 428 433 432
f 353 427 432
f 353 432 356
f 353 357 354
f 353 356 357
f 430 431 434
f 431 435 434
f 355 435 431
f 355 358 435
f 432 433 436
f 433 437 436
f 356 432 436
f 356 436 359
f 434 435 438
f 435 439 438
f 358 439 435
f 358 360 439
f 436 437 441
f 437 442 441
f 359 436 441
f 359 441 362
f 360 443 439
f 360 363 443
f 361 362 440
f 362 441 440
f 440 441 444
f 441 445 444
f 361 440 444
f 361 444 364
f 361 365 362
f 361 364 365
f 444 445 365
f 444 365 364
f 441 442 445
f 442 446 445
f 363 447 443
f 363 366 447
f 365 445 449
f 365 449 368
f 366 450 447
f 366 370 450
f 367 368 448
f 368 449 448
f 448 449 451
f 449 452 451
f 367 448 451
f 367 451 371
f 369 373 370
f 369 372 373
f 453 454 373
f 453 373 372
f 370 454 450
f 370 373 454
f 451 452 457
f 452 458 457
f 371 451 457
f 371 457 376
f 459 460 378
f 459 378 377
f 372 460 453
f 372 378 460
f 374 375 455
f 375 456 455
f 455 456 461
f 456 462 461
f 374 455 461
f 374 461 379
f 374 380 375
f 374 379 380
f 461 462 380
f 461 380 379
f 375 376 456
f 376 457 456
f 456 457 462
f 457 463 462
f 377 464 459
f 377 381 464
f 462 463 466
f 463 467 466
f 380 462 466
f 380 466 383
f 469 470 386
f 469 386 385
f 381 470 464
f 381 386 470
f 382 383 465
f 383 466 465
f 465 466 471
f 466 472 471
f 382 465 471
f 382 471 387
f 471 472 388
f 471 388 387
f 466 467 472
f 467 473 472
f 468 469 474
f 469 475 474
f 384 390 385
f 384 389 390
f 474 475 390
f 474 390 389
f 385 475 469
f 385 390 475
f 472 473 476
f 473 477 476
f 388 472 476
f 388 476 391
f 476 477 392
f 476 392 391
f 480 481 395
f 480 395 394
f 389 481 474
f 389 395 481
f 477 478 482
f 478 483 482
f 392 477 482
f 392 482 397
f 482 483 398
f 482 398 397
f 478 479 483
f 479 484 483
f 483 484 399
f 483 399 398
f 479 480 484
f 480 485 484
f 393 400 394
f 393 399 400
f 484 485 400
f 484 400 399
f 394 485 480
f 394 400 485
f 401 402 487
f 402 488 487
f 401 487 492
f 401 492 407
f 401 408 402
f 401 407 408
f 492 493 408
f 492 408 407
f 402 403 488
f 403 489 488
f 402 409 403
f 402 408 409
f 493 494 409
f 493 409 408
f 403 404 489
f 404 490 489
f 404 495 490
f 404 410 495
f 409 494 500
f 409 500 416
f 410 411 495
f 411 496 495
f 411 412 496
f 412 497 496
f 412 501 497
f 412 417 501
f 415 416 499
f 416 500 499
f 415 499 504
f 415 504 421
f 504 505 422
f 504 422 421
f 505 506 423
f 505 423 422
f 417 418 501
f 418 502 501
f 418 507 502
f 418 424 507
f 423 506 511
f 423 511 429
f 424 425 507
f 425 508 507
f 425 512 508
f 425 430 512
f 428 429 510
f 429 511 510
f 428 510 514
f 428 514 433
f 430 515 512
f 430 434 515
f 433 514 518
f 433 518 437
f 434 519 515
f 434 438 519
f 437 518 522
f 437 522 442
f 438 439 519
f 439 520 519
f 439 523 520
f 439 443 523
f 442 522 525
f 442 525 446
f 443 526 523
f 443 447 526
f 445 446 524
f 446 525 524
f 524 525 527
f 525 528 527
f 445 524 527
f 445 527 449
f 447 529 526
f 447 450 529
f 449 527 530
f 449 530 452
f 531 532 454
f 531 454 453
f 450 532 529
f 450 454 532
f 452 530 534
f 452 534 458
f 535 536 460
f 535 460 459
f 453 536 531
f 453 460 536
f 457 458 533
f 458 534 533
f 457 533 537
f 457 537 463
f 459 538 535
f 459 464 538
f 463 537 541
f 463 541 467
f 542 543 469
f 542 469 468
f 543 544 470
f 543 470 469
f 464 544 538
f 464 470 544
f 467 541 546
f 467 546 473
f 468 547 542
f 468 474 547
f 473 546 549
f 473 549 477
f 549 550 478
f 549 478 477
f 550 551 479
f 550 479 478
f 551 552 480
f 551 480 479
f 552 553 481
f 552 481 480
f 474 553 547
f 474 481 553
f 486 487 554
f 487 555 554
f 554 555 559
f 555 560 559
f 486 554 559
f 486 559 491
f 486 492 487
f 486 491 492
f 559 560 492
f 559 492 491
f 487 488 555
f 488 556 555
f 555 556 560
f 556 561 560
f 488 489 556
f 489 557 556
f 556 557 561
f 557 562 561
f 489 490 557
f 490 558 557
f 557 558 562
f 558 563 562
f 490 563 558
f 490 495 563
f 560 561 566
f 561 567 566
f 492 560 566
f 492 566 498
f 492 499 493
f 492 498 499
f 561 562 567
f 562 568 567
f 493 500 494
f 493 499 500
f 562 563 568
f 563 569 568
f 495 496 563
f 496 564 563
f 563 564 569
f 564 570 569
f 496 497 564
f 497 565 564
f 564 565 570
f 565 571 570
f 497 571 565
f 497 501 571
f 566 567 573
f 567 574 573
f 498 566 573
f 498 573 503
f 498 504 499
f 498 503 504
f 573 574 504
f 573 504 503
f 567 568 574
f 568 575 574
f 568 569 575
f 569 576 575
f 569 570 576
f 570 577 576
f 570 571 577
f 571 578 577
f 501 502 571
f 502 572 571
f 571 572 578
f 572 579 578
f 502 579 572
f 502 507 579
f 574 575 581
f 575 582 581
f 504 574 581
f 504 581 509
f 504 510 505
f 504 509 510
f 581 582 510
f 581 510 509
f 575 576 582
f 576 583 582
f 505 511 506
f 505 510 511
f 576 577 583
f 577 584 583
f 577 578 584
f 578 585 584
f 578 579 585
f 579 586 585
f 507 508 579
f 508 580 579
f 579 580 586
f 580 587 586
f 508 587 580
f 508 512 587
f 582 583 589
f 583 590 589
f 510 582 589
f 510 589 514
f 583 584 590
f 584 591 590
f 586 587 592
f 587 593 592
f 512 593 587
f 512 515 593
f 513 514 588
f 514 589 588
f 588 589 595
f 589 596 595
f 513 588 595
f 513 595 517
f 513 518 514
f 513 517 518
f 589 590 596
f 590 597 596
f 590 591 597
f 591 598 597
f 592 593 599
f 593 600 599
f 515 516 593
f 516 594 593
f 593 594 600
f 594 601 600
f 515 520 516
f 515 519 520
f 516 601 594
f 516 520 601
f 595 596 602
f 596 603 602
f 517 595 602
f 517 602 521
f 517 522 518
f 517 521 522
f 596 597 603
f 597 604 603
f 520 605 601
f 520 523 605
f 602 603 606
f 603 607 606
f 521 602 606
f 521 606 524
f 521 525 522
f 521 524 525
f 606 607 525
f 606 525 524
f 603 604 607
f 604 608 607
f 523 609 605
f 523 526 609
f 607 608 611
f 608 612 611
f 525 607 611
f 525 611 528
f 526 613 609
f 526 529 613
f 527 528 610
f 528 611 610
f 610 611 614
f 611 615 614
f 527 610 614
f 527 614 530
f 611 612 615
f 612 616 615
f 617 618 532
f 617 532 531
f 529 618 613
f 529 532 618
f 614 615 620
f 615 621 620
f 530 614 620
f 530 620 534
f 615 616 621
f 616 622 621
f 531 623 617
f 531 536 623
f 533 534 619
f 534 620 619
f 619 620 625
f 620 626 625
f 533 619 625
f 533 625 537
f 620 621 626
f 621 627 626
f 535 539 536
f 535 538 539
f 628 629 539
f 628 539 538
f 536 629 623
f 536 539 629
f 625 626 632
f 626 633 632
f 537 625 632
f 537 632 541
f 626 627 633
f 627 634 633
f 635 636 544
f 635 544 543
f 538 636 628
f 538 544 636
f 540 541 631
f 541 632 631
f 631 632 638
f 632 639 638
f 540 631 638
f 540 638 545
f 540 546 541
f 540 545 546
f 638 639 546
f 638 546 545
f 632 633 639
f 633 640 639
f 633 634 640
f 634 641 640
f 542 548 543
f 542 547 548
f 643 644 548
f 643 548 547
f 543 644 635
f 543 548 644
f 639 640 645
f 640 646 645
f 546 639 645
f 546 645 549
f 645 646 550
f 645 550 549
f 640 641 646
f 641 647 646
f 646 647 551
f 646 551 550
f 641 642 647
f 642 648 647
f 647 648 552
f 647 552 551
f 648 649 553
f 648 553 552
f 547 649 643
f 547 553 649
f 584 585 666
f 585 667 666
f 666 667 671
f 667 672 671
f 584 666 671
f 584 671 591
f 585 586 667
f 586 668 667
f 667 668 672
f 668 673 672
f 586 673 668
f 586 592 673
f 591 671 677
f 591 677 598
f 592 678 673
f 592 599 678
f 597 598 676
f 598 677 676
f 597 676 682
f 597 682 604
f 599 600 678
f 600 679 678
f 600 601 679
f 601 680 679
f 601 683 680
f 601 605 683
f 604 682 686
f 604 686 608
f 605 687 683
f 605 609 687
f 608 686 690
f 608 690 612
f 609 691 687
f 609 613 691
f 612 690 694
f 612 694 616
f 613 695 691
f 613 618 695
f 616 694 698
f 616 698 622
f 617 624 618
f 617 623 624
f 618 699 695
f 618 624 699
f 621 622 697
f 622 698 697
f 621 697 701
f 621 701 627
f 623 630 624
f 623 629 630
f 702 703 630
f 702 630 629
f 624 703 699
f 624 630 703
f 627 701 705
f 627 705 634
f 706 707 636
f 706 636 635
f 628 637 629
f 628 636 637
f 707 708 637
f 707 637 636
f 629 708 702
f 629 637 708
f 634 705 711
f 634 711 641
f 711 712 642
f 711 642 641
f 713 714 644
f 713 644 643
f 635 714 706
f 635 644 714
f 642 712 717
f 642 717 648
f 717 718 649
f 717 649 648
f 643 718 713
f 643 649 718
f 650 651 721
f 651 722 721
f 721 722 725
f 722 726 725
f 650 721 725
f 650 725 654
f 650 655 651
f 650 654 655
f 725 726 655
f 725 655 654
f 651 652 722
f 652 723 722
f 722 723 726
f 723 727 726
f 651 656 652
f 651 655 656
f 726 727 656
f 726 656 655
f 652 653 723
f 653 724 723
f 723 724 727
f 724 728 727
f 652 657 653
f 652 656 657
f 727 728 657
f 727 657 656
f 653 728 724
f 653 657 728
f 658 659 729
f 659 730 729
f 729 730 731
f 730 732 731
f 658 729 731
f 658 731 660
f 658 661 659
f 658 660 661
f 659 732 730
f 659 661 732
f 731 732 735
f 732 736 735
f 660 731 735
f 660 735 664
f 660 665 661
f 660 664 665
f 735 736 665
f 735 665 664
f 661 662 732
f 662 733 732
f 732 733 736
f 733 737 736
f 661 666 662
f 661 665 666
f 736 737 666
f 736 666 665
f 662 663 733
f 663 734 733
f 733 734 737
f 734 738 737
f 662 667 663
f 662 666 667
f 737 738 667
f 737 667 666
f 663 738 734
f 663 667 738
f 669 670 739
f 670 740 739
f 739 740 745
f 740 746 745
f 669 739 745
f 669 745 675
f 669 676 670
f 669 675 676
f 670 671 740
f 671 741 740
f 740 741 746
f 741 747 746
f 670 677 671
f 670 676 677
f 671 672 741
f 672 742 741
f 672 673 742
f 673 743 742
f 673 674 743
f 674 744 743
f 743 744 748
f 744 749 748
f 673 679 674
f 673 678 679
f 674 749 744
f 674 679 749
f 745 746 751
f 746 752 751
f 675 745 751
f 675 751 681
f 675 682 676
f 675 681 682
f 751 752 682
f 751 682 681
f 679 680 749
f 680 750 749
f 680 753 750
f 680 683 753
f 682 752 756
f 682 756 686
f 683 684 753
f 684 754 753
f 683 688 684
f 683 687 688
f 684 757 754
f 684 688 757
f 685 686 755
f 686 756 755
f 755 756 758
f 756 759 758
f 685 755 758
f 685 758 689
f 685 690 686
f 685 689 690
f 758 759 690
f 758 690 689
f 687 692 688
f 687 691 692
f 688 760 757
f 688 692 760
f 690 759 762
f 690 762 694
f 691 696 692
f 691 695 696
f 692 764 760
f 692 696 764
f 693 694 761
f 694 762 761
f 761 762 765
f 762 766 765
f 693 761 765
f 693 765 697
f 693 698 694
f 693 697 698
f 762 763 766
f 763 767 766
f 695 700 696
f 695 699 700
f 768 769 700
f 768 700 699
f 696 769 764
f 696 700 769
f 765 766 770
f 766 771 770
f 697 765 770
f 697 770 701
f 699 773 768
f 699 703 773
f 770 771 776
f 771 777 776
f 701 770 776
f 701 776 705
f 771 772 777
f 772 778 777
f 702 709 703
f 702 708 709
f 779 780 709
f 779 709 708
f 703 780 773
f 703 709 780
f 704 705 775
f 705 776 775
f 775 776 781
f 776 782 781
f 704 775 781
f 704 781 710
f 704 711 705
f 704 710 711
f 781 782 711
f 781 711 710
f 776 777 782
f 777 783 782
f 782 783 712
f 782 712 711
f 706 715 707
f 706 714 715
f 707 716 708
f 707 715 716
f 784 785 716
f 784 716 715
f 708 785 779
f 708 716 785
f 712 783 786
f 712 786 717
f 786 787 718
f 786 718 717
f 713 719 714
f 713 718 719
f 787 788 719
f 787 719 718
f 714 720 715
f 714 719 720
f 788 789 720
f 788 720 719
f 715 789 784
f 715 720 789
f 741 742 800
f 742 801 800
f 741 800 805
f 741 805 747
f 742 743 801
f 743 802 801
f 743 806 802
f 743 748 806
f 746 747 804
f 747 805 804
f 746 804 809
f 746 809 752
f 748 749 806
f 749 807 806
f 749 750 807
f 750 808 807
f 750 810 808
f 750 753 810
f 752 809 812
f 752 812 756
f 753 754 810
f 754 811 810
f 754 813 811
f 754 757 813
f 756 812 814
f 756 814 759
f 757 815 813
f 757 760 815
f 759 814 816
f 759 816 762
f 816 817 763
f 816 763 762
f 760 818 815
f 760 764 818
f 763 817 820
f 763 820 767
f 764 821 818
f 764 769 821
f 766 767 819
f 767 820 819
f 766 819 822
f 766 822 771
f 822 823 772
f 822 772 771
f 768 774 769
f 768 773 774
f 824 825 774
f 824 774 773
f 769 825 821
f 769 774 825
f 772 823 827
f 772 827 778
f 828 829 780
f 828 780 779
f 773 829 824
f 773 780 829
f 777 778 826
f 778 827 826
f 777 826 830
f 777 830 783
f 779 831 828
f 779 785 831
f 783 830 833
f 783 833 786
f 833 834 787
f 833 787 786
f 834 835 788
f 834 788 787
f 784 790 785
f 784 789 790
f 836 837 790
f 836 790 789
f 785 837 831
f 785 790 837
f 788 835 839
f 788 839 791
f 788 792 789
f 788 791 792
f 839 840 792
f 839 792 791
f 789 840 836
f 789 792 840
f 793 794 844
f 794 845 844
f 844 845 848
f 845 849 848
f 793 844 848
f 793 848 796
f 793 797 794
f 793 796 797
f 848 849 797
f 848 797 796
f 794 795 845
f 795 846 845
f 845 846 849
f 846 850 849
f 794 798 795
f 794 797 798
f 849 850 798
f 849 798 797
f 795 850 846
f 795 798 850
f 799 800 853
f 800 854 853
f 853 854 858
f 854 859 858
f 799 853 858
f 799 858 804
f 799 805 800
f 799 804 805
f 800 801 854
f 801 855 854
f 854 855 859
f 855 860 859
f 801 802 855
f 802 856 855
f 802 803 856
f 803 857 856
f 856 857 861
f 857 862 861
f 802 807 803
f 802 806 807
f 803 862 857
f 803 807 862
f 804 858 864
f 804 864 809
f 807 808 862
f 808 863 862
f 808 866 863
f 808 810 866
f 864 865 868
f 865 869 868
f 809 864 868
f 809 868 812
f 810 811 866
f 811 867 866
f 811 870 867
f 811 813 870
f 812 868 871
f 812 871 814
f 813 872 870
f 813 815 872
f 814 871 873
f 814 873 816
f 815 875 872
f 815 818 875
f 873 874 876
f 874 877 876
f 816 873 876
f 816 876 819
f 816 820 817
f 816 819 820
f 818 878 875
f 818 821 878
f 876 877 879
f 877 880 879
f 819 876 879
f 819 879 822
f 881 882 825
f 881 825 824
f 821 882 878
f 821 825 882
f 879 880 883
f 880 884 883
f 822 879 883
f 822 883 826
f 822 827 823
f 822 826 827
f 824 885 881
f 824 829 885
f 883 884 887
f 884 888 887
f 826 883 887
f 826 887 830
f 828 832 829
f 828 831 832
f 889 890 832
f 889 832 831
f 829 890 885
f 829 832 890
f 887 888 892
f 888 893 892
f 830 887 892
f 830 892 833
f 892 893 834
f 892 834 833
f 894 895 837
f 894 837 836
f 831 895 889
f 831 837 895
f 834 893 898
f 834 898 838
f 834 839 835
f 834 838 839
f 836 899 894
f 836 840 899
f 838 898 903
f 838 903 841
f 838 842 839
f 838 841 842
f 903 904 842
f 903 842 841
f 839 843 840
f 839 842 843
f 904 905 843
f 904 843 842
f 840 905 899
f 840 843 905
f 847 848 920
f 848 921 920
f 847 920 927
f 847 927 851
f 847 852 848
f 847 851 852
f 927 928 852
f 927 852 851
f 848 928 921
f 848 852 928
f 855 856 938
f 856 939 938
f 855 938 943
f 855 943 860
f 856 944 939
f 856 861 944
f 858 859 941
f 859 942 941
f 858 941 947
f 858 947 864
f 947 948 865
f 947 865 864
f 859 860 942
f 860 943 942
f 861 862 944
f 862 945 944
f 862 863 945
f 863 946 945
f 863 949 946
f 863 866 949
f 865 948 952
f 865 952 869
f 866 867 949
f 867 950 949
f 867 953 950
f 867 870 953
f 868 869 951
f 869 952 951
f 868 951 954
f 868 954 871
f 870 955 953
f 870 872 955
f 871 954 956
f 871 956 873
f 956 957 874
f 956 874 873
f 872 958 955
f 872 875 958
f 874 957 960
f 874 960 877
f 875 961 958
f 875 878 961
f 877 960 963
f 877 963 880
f 878 964 961
f 878 882 964
f 880 963 965
f 880 965 884
f 881 886 882
f 881 885 886
f 882 966 964
f 882 886 966
f 884 965 967
f 884 967 888
f 885 891 886
f 885 890 891
f 968 969 891
f 968 891 890
f 886 969 966
f 886 891 969
f 888 967 970
f 888 970 893
f 889 896 890
f 889 895 896
f 890 971 968
f 890 896 971
f 893 970 973
f 893 973 898
f 894 900 895
f 894 899 900
f 895 901 896
f 895 900 901
f 974 975 901
f 974 901 900
f 896 975 971
f 896 901 975
f 897 898 972
f 898 973 972
f 972 973 976
f 973 977 976
f 897 972 976
f 897 976 902
f 897 903 898
f 897 902 903
f 976 977 903
f 976 903 902
f 977 978 904
f 977 904 903
f 899 906 900
f 899 905 906
f 900 979 974
f 900 906 979
f 904 978 981
f 904 981 907
f 904 908 905
f 904 907 908
f 905 909 906
f 905 908 909
f 982 983 909
f 982 909 908
f 906 983 979
f 906 909 983
f 907 981 984
f 907 984 910
f 907 911 908
f 907 910 911
f 984 985 911
f 984 911 910
f 908 985 982
f 908 911 985
f 912 913 986
f 913 987 986
f 912 986 993
f 912 993 919
f 912 920 913
f 912 919 920
f 913 914 987
f 914 988 987
f 913 921 914
f 913 920 921
f 914 915 988
f 915 989 988
f 914 922 915
f 914 921 922
f 915 916 989
f 916 990 989
f 915 923 916
f 915 922 923
f 916 917 990
f 917 991 990
f 916 924 917
f 916 923 924
f 994 995 924
f 994 924 923
f 917 995 991
f 917 924 995
f 918 919 992
f 919 993 992
f 918 992 996
f 918 996 925
f 918 926 919
f 918 925 926
f 996 997 926
f 996 926 925
f 919 927 920
f 919 926 927
f 921 929 922
f 921 928 929
f 922 930 923
f 922 929 930
f 923 999 994
f 923 930 999
f 926 997 1001
f 926 1001 931
f 926 932 927
f 926 931 932
f 1001 1002 932
f 1001 932 931
f 927 933 928
f 927 932 933
f 1002 1003 933
f 1002 933 932
f 928 934 929
f 928 933 934
f 1003 1004 934
f 1003 934 933
f 998 999 1004
f 999 1005 1004
f 929 935 930
f 929 934 935
f 1004 1005 935
f 1004 935 934
f 930 1005 999
f 930 935 1005
f 936 937 1006
f 937 1007 1006
f 1006 1007 1011
f 1007 1012 1011
f 936 1006 1011
f 936 1011 941
f 936 942 937
f 936 941 942
f 937 938 1007
f 938 1008 1007
f 937 943 938
f 937 942 943
f 938 939 1008
f 939 1009 1008
f 939 940 1009
f 940 1010 1009
f 1009 1010 1013
f 1010 1014 1013
f 939 945 940
f 939 944 945
f 940 1014 1010
f 940 945 1014
f 941 1011 1016
f 941 1016 947
f 945 946 1014
f 946 1015 1014
f 946 1017 1015
f 946 949 1017
f 947 1016 1019
f 947 1019 951
f 947 952 948
f 947 951 952
f 949 950 1017
f 950 1018 1017
f 950 1020 1018
f 950 953 1020
f 951 1019 1021
f 951 1021 954
f 953 1022 1020
f 953 955 1022
f 954 1021 1024
f 954 1024 956
f 955 1025 1022
f 955 958 1025
f 956 1024 1027
f 956 1027 959
f 956 960 957
f 956 959 960
f 958 1029 1025
f 958 961 1029
f 1027 1028 1031
f 1028 1032 1031
f 959 1027 1031
f 959 1031 962
f 959 963 960
f 959 962 963
f 1031 1032 963
f 1031 963 962
f 961 1033 1029
f 961 964 1033
f 963 1032 1035
f 963 1035 965
f 964 1036 1033
f 964 966 1036
f 965 1035 1038
f 965 1038 967
f 1039 1040 969
f 1039 969 968
f 966 1040 1036
f 966 969 1040
f 967 1038 1041
f 967 1041 970
f 968 1042 1039
f 968 971 1042
f 970 1041 1044
f 970 1044 973
f 1045 1046 975
f 1045 975 974
f 971 1046 1042
f 971 975 1046
f 973 1044 1047
f 973 1047 977
f 974 1048 1045
f 974 979 1048
f 977 1047 1050
f 977 1050 980
f 977 981 978
f 977 980 981
f 1050 1051 981
f 1050 981 980
f 1052 1053 983
f 1052 983 982
f 979 1053 1048
f 979 983 1053
f 981 1051 1056
f 981 1056 984
f 1056 1057 985
f 1056 985 984
f 982 1057 1052
f 982 985 1057
f 986 987 1061
f 987 1062 1061
f 986 1061 1070
f 986 1070 993
f 987 988 1062
f 988 1063 1062
f 988 989 1063
f 989 1064 1063
f 989 990 1064
f 990 1065 1064
f 990 991 1065
f 991 1066 1065
f 1071 1072 995
f 1071 995 994
f 991 1072 1066
f 991 995 1072
f 992 993 1069
f 993 1070 1069
f 992 1069 1075
f 992 1075 996
f 1076 1077 999
f 1076 999 998
f 994 1077 1071
f 994 999 1077
f 996 1075 1080
f 996 1080 1000
f 996 1001 997
f 996 1000 1001
f 1080 1081 1001
f 1080 1001 1000
f 1081 1082 1002
f 1081 1002 1001
f 1082 1083 1003
f 1082 1003 1002
f 1083 1084 1004
f 1083 1004 1003
f 998 1084 1076
f 998 1004 1084
f 1007 1008 1088
f 1008 1089 1088
f 1007 1088 1093
f 1007 1093 1012
f 1008 1009 1089
f 1009 1090 1089
f 1009 1094 1090
f 1009 1013 1094
f 1011 1012 1092
f 1012 1093 1092
f 1011 1092 1098
f 1011 1098 1016
f 1013 1014 1094
f 1014 1095 1094
f 1014 1015 1095
f 1015 1096 1095
f 1095 1096 1099
f 1096 1100 1099
f 1015 1100 1096
f 1015 1017 1100
f 1016 1098 1103
f 1016 1103 1019
f 1017 1018 1100
f 1018 1101 1100
f 1018 1104 1101
f 1018 1020 1104
f 1019 1103 1106
f 1019 1106 1021
f 1020 1107 1104
f 1020 1022 1107
f 1021 1106 1109
f 1021 1109 1024
f 1022 1023 1107
f 1023 1108 1107
f 1107 1108 1110
f 1108 1111 1110
f 1022 1026 1023
f 1022 1025 1026
f 1110 1111 1026
f 1110 1026 1025
f 1023 1111 1108
f 1023 1026 1111
f 1024 1109 1112
f 1024 1112 1027
f 1112 1113 1028
f 1112 1028 1027
f 1025 1114 1110
f 1025 1029 1114
f 1028 1113 1117
f 1028 1117 1032
f 1029 1030 1114
f 1030 1115 1114
f 1114 1115 1118
f 1115 1119 1118
f 1029 1034 1030
f 1029 1033 1034
f 1030 1119 1115
f 1030 1034 1119
f 1032 1117 1120
f 1032 1120 1035
f 1118 1119 1121
f 1119 1122 1121
f 1033 1037 1034
f 1033 1036 1037
f 1121 1122 1037
f 1121 1037 1036
f 1034 1122 1119
f 1034 1037 1122
f 1035 1120 1123
f 1035 1123 1038
f 1036 1125 1121
f 1036 1040 1125
f 1123 1124 1126
f 1124 1127 1126
f 1038 1123 1126
f 1038 1126 1041
f 1039 1043 1040
f 1039 1042 1043
f 1128 1129 1043
f 1128 1043 1042
f 1040 1129 1125
f 1040 1043 1129
f 1041 1126 1130
f 1041 1130 1044
f 1042 1131 1128
f 1042 1046 1131
f 1044 1130 1132
f 1044 1132 1047
f 1045 1049 1046
f 1045 1048 1049
f 1046 1134 1131
f 1046 1049 1134
f 1047 1132 1135
f 1047 1135 1050
f 1133 1134 1136
f 1134 1137 1136
f 1048 1054 1049
f 1048 1053 1054
f 1049 1137 1134
f 1049 1054 1137
f 1050 1135 1138
f 1050 1138 1055
f 1050 1056 1051
f 1050 1055 1056
f 1138 1139 1056
f 1138 1056 1055
f 1139 1140 1057
f 1139 1057 1056
f 1052 1058 1053
f 1052 1057 1058
f 1140 1141 1058
f 1140 1058 1057
f 1136 1137 1141
f 1137 1142 1141
f 1053 1059 1054
f 1053 1058 1059
f 1141 1142 1059
f 1141 1059 1058
f 1054 1142 1137
f 1054 1059 1142
f 1060 1061 1151
f 1061 1152 1151
f 1060 1151 1160
f 1060 1160 1069
f 1060 1070 1061
f 1060 1069 1070
f 1061 1062 1152
f 1062 1153 1152
f 1062 1063 1153
f 1063 1154 1153
f 1063 1064 1154
f 1064 1155 1154
f 1064 1065 1155
f 1065 1156 1155
f 1065 1066 1156
f 1066 1157 1156
f 1066 1067 1157
f 1067 1158 1157
f 1066 1073 1067
f 1066 1072 1073
f 1162 1163 1073
f 1162 1073 1072
f 1067 1163 1158
f 1067 1073 1163
f 1068 1069 1159
f 1069 1160 1159
f 1068 1159 1164
f 1068 1164 1074
f 1068 1075 1069
f 1068 1074 1075
f 1161 1162 1165
f 1162 1166 1165
f 1071 1078 1072
f 1071 1077 1078
f 1072 1166 1162
f 1072 1078 1166
f 1074 1164 1167
f 1074 1167 1079
f 1074 1080 1075
f 1074 1079 1080
f 1167 1168 1080
f 1167 1080 1079
f 1168 1169 1081
f 1168 1081 1080
f 1169 1170 1082
f 1169 1082 1081
f 1170 1171 1083
f 1170 1083 1082
f 1171 1172 1084
f 1171 1084 1083
f 1076 1085 1077
f 1076 1084 1085
f 1172 1173 1085
f 1172 1085 1084
f 1077 1086 1078
f 1077 1085 1086
f 1173 1174 1086
f 1173 1086 1085
f 1078 1174 1166
f 1078 1086 1174
f 1087 1088 1180
f 1088 1181 1180
f 1087 1180 1186
f 1087 1186 1092
f 1087 1093 1088
f 1087 1092 1093
f 1088 1089 1181
f 1089 1182 1181
f 1089 1090 1182
f 1090 1183 1182
f 1182 1183 1187
f 1183 1188 1187
f 1090 1188 1183
f 1090 1094 1188
f 1091 1092 1185
f 1092 1186 1185
f 1091 1185 1191
f 1091 1191 1097
f 1091 1098 1092
f 1091 1097 1098
f 1094 1095 1188
f 1095 1189 1188
f 1095 1192 1189
f 1095 1099 1192
f 1097 1191 1196
f 1097 1196 1102
f 1097 1103 1098
f 1097 1102 1103
f 1099 1100 1192
f 1100 1193 1192
f 1100 1101 1193
f 1101 1194 1193
f 1101 1197 1194
f 1101 1104 1197
f 1102 1196 1199
f 1102 1199 1105
f 1102 1106 1103
f 1102 1105 1106
f 1199 1200 1106
f 1199 1106 1105
f 1104 1201 1197
f 1104 1107 1201
f 1106 1200 1204
f 1106 1204 1109
f 1107 1205 1201
f 1107 1110 1205
f 1109 1204 1208
f 1109 1208 1112
f 1110 1209 1205
f 1110 1114 1209
f 1112 1208 1211
f 1112 1211 1116
f 1112 1117 1113
f 1112 1116 1117
f 1211 1212 1117
f 1211 1117 1116
f 1114 1213 1209
f 1114 1118 1213
f 1117 1212 1215
f 1117 1215 1120
f 1118 1216 1213
f 1118 1121 1216
f 1120 1215 1218
f 1120 1218 1123
f 1218 1219 1124
f 1218 1124 1123
f 1121 1220 1216
f 1121 1125 1220
f 1124 1219 1223
f 1124 1223 1127
f 1224 1225 1129
f 1224 1129 1128
f 1125 1225 1220
f 1125 1129 1225
f 1126 1127 1222
f 1127 1223 1222
f 1126 1222 1227
f 1126 1227 1130
f 1128 1229 1224
f 1128 1131 1229
f 1227 1228 1231
f 1228 1232 1231
f 1130 1227 1231
f 1130 1231 1132
f 1233 1234 1134
f 1233 1134 1133
f 1131 1234 1229
f 1131 1134 1234
f 1132 1231 1236
f 1132 1236 1135
f 1133 1237 1233
f 1133 1136 1237
f 1135 1236 1240
f 1135 1240 1138
f 1240 1241 1139
f 1240 1139 1138
f 1241 1242 1140
f 1241 1140 1139
f 1242 1243 1141
f 1242 1141 1140
f 1136 1243 1237
f 1136 1141 1243
f 1143 1144 1245
f 1144 1246 1245
f 1245 1246 1250
f 1246 1251 1250
f 1143 1245 1250
f 1143 1250 1148
f 1143 1149 1144
f 1143 1148 1149
f 1144 1145 1246
f 1145 1247 1246
f 1144 1150 1145
f 1144 1149 1150
f 1251 1252 1150
f 1251 1150 1149
f 1145 1252 1247
f 1145 1150 1252
f 1146 1147 1248
f 1147 1249 1248
f 1146 1248 1256
f 1146 1256 1153
f 1146 1154 1147
f 1146 1153 1154
f 1147 1148 1249
f 1148 1250 1249
f 1147 1155 1148
f 1147 1154 1155
f 1148 1156 1149
f 1148 1155 1156
f 1149 1257 1251
f 1149 1156 1257
f 1151 1152 1254
f 1152 1255 1254
f 1151 1254 1262
f 1151 1262 1160
f 1152 1153 1255
f 1153 1256 1255
f 1156 1157 1257
f 1157 1258 1257
f 1263 1264 1162
f 1263 1162 1161
f 1157 1158 1258
f 1158 1259 1258
f 1264 1265 1163
f 1264 1163 1162
f 1158 1265 1259
f 1158 1163 1265
f 1159 1160 1261
f 1160 1262 1261
f 1159 1261 1267
f 1159 1267 1164
f 1161 1268 1263
f 1161 1165 1268
f 1164 1267 1271
f 1164 1271 1167
f 1271 1272 1168
f 1271 1168 1167
f 1272 1273 1169
f 1272 1169 1168
f 1275 1276 1173
f 1275 1173 1172
f 1165 1166 1268
f 1166 1269 1268
f 1276 1277 1174
f 1276 1174 1173
f 1166 1277 1269
f 1166 1174 1277
f 1273 1274 1279
f 1274 1280 1279
f 1169 1273 1279
f 1169 1279 1175
f 1169 1176 1170
f 1169 1175 1176
f 1279 1280 1176
f 1279 1176 1175
f 1170 1177 1171
f 1170 1176 1177
f 1280 1281 1177
f 1280 1177 1176
f 1171 1178 1172
f 1171 1177 1178
f 1281 1282 1178
f 1281 1178 1177
f 1172 1282 1275
f 1172 1178 1282
f 1179 1180 1287
f 1180 1288 1287
f 1179 1287 1292
f 1179 1292 1185
f 1179 1186 1180
f 1179 1185 1186
f 1180 1181 1288
f 1181 1289 1288
f 1181 1182 1289
f 1182 1290 1289
f 1182 1293 1290
f 1182 1187 1293
f 1184 1185 1291
f 1185 1292 1291
f 1291 1292 1296
f 1292 1297 1296
f 1184 1291 1296
f 1184 1296 1190
f 1184 1191 1185
f 1184 1190 1191
f 1296 1297 1191
f 1296 1191 1190
f 1187 1188 1293
f 1188 1294 1293
f 1188 1189 1294
f 1189 1295 1294
f 1294 1295 1298
f 1295 1299 1298
f 1189 1299 1295
f 1189 1192 1299
f 1191 1297 1303
f 1191 1303 1196
f 1192 1193 1299
f 1193 1300 1299
f 1193 1194 1300
f 1194 1301 1300
f 1300 1301 1304
f 1301 1305 1304
f 1194 1305 1301
f 1194 1197 1305
f 1195 1196 1302
f 1196 1303 1302
f 1195 1302 1306
f 1195 1306 1198
f 1195 1199 1196
f 1195 1198 1199
f 1306 1307 1199
f 1306 1199 1198
f 1197 1308 1305
f 1197 1201 1308
f 1199 1307 1310
f 1199 1310 1203
f 1199 1204 1200
f 1199 1203 1204
f 1201 1202 1308
f 1202 1309 1308
f 1308 1309 1311
f 1309 1312 1311
f 1201 1206 1202
f 1201 1205 1206
f 1311 1312 1206
f 1311 1206 1205
f 1202 1312 1309
f 1202 1206 1312
f 1203 1310 1313
f 1203 1313 1207
f 1203 1208 1204
f 1203 1207 1208
f 1313 1314 1208
f 1313 1208 1207
f 1205 1315 1311
f 1205 1209 1315
f 1208 1314 1317
f 1208 1317 1211
f 1317 1318 1212
f 1317 1212 1211
f 1209 1210 1315
f 1210 1316 1315
f 1209 1214 1210
f 1209 1213 1214
f 1210 1319 1316
f 1210 1214 1319
f 1212 1318 1320
f 1212 1320 1215
f 1213 1217 1214
f 1213 1216 1217
f 1214 1323 1319
f 1214 1217 1323
f 1320 1321 1324
f 1321 1325 1324
f 1215 1320 1324
f 1215 1324 1218
f 1324 1325 1219
f 1324 1219 1218
f 1322 1323 1327
f 1323 1328 1327
f 1216 1221 1217
f 1216 1220 1221
f 1217 1328 1323
f 1217 1221 1328
f 1325 1326 1330
f 1326 1331 1330
f 1219 1325 1330
f 1219 1330 1223
f 1327 1328 1333
f 1328 1334 1333
f 1220 1226 1221
f 1220 1225 1226
f 1333 1334 1226
f 1333 1226 1225
f 1221 1334 1328
f 1221 1226 1334
f 1222 1223 1329
f 1223 1330 1329
f 1329 1330 1335
f 1330 1336 1335
f 1222 1329 1335
f 1222 1335 1227
f 1335 1336 1228
f 1335 1228 1227
f 1332 1333 1337
f 1333 1338 1337
f 1224 1230 1225
f 1224 1229 1230
f 1337 1338 1230
f 1337 1230 1229
f 1225 1338 1333
f 1225 1230 1338
f 1228 1336 1340
f 1228 1340 1232
f 1229 1341 1337
f 1229 1234 1341
f 1231 1232 1339
f 1232 1340 1339
f 1231 1339 1343
f 1231 1343 1236
f 1233 1238 1234
f 1233 1237 1238
f 1234 1235 1341
f 1235 1342 1341
f 1341 1342 1344
f 1342 1345 1344
f 1234 1239 1235
f 1234 1238 1239
f 1344 1345 1239
f 1344 1239 1238
f 1235 1345 1342
f 1235 1239 1345
f 1236 1343 1346
f 1236 1346 1240
f 1346 1347 1241
f 1346 1241 1240
f 1347 1348 1242
f 1347 1242 1241
f 1348 1349 1243
f 1348 1243 1242
f 1237 1244 1238
f 1237 1243 1244
f 1349 1350 1244
f 1349 1244 1243
f 1238 1350 1344
f 1238 1244 1350
f 1246 1247 1352
f 1247 1353 1352
f 1246 1352 1358
f 1246 1358 1251
f 1247 1359 1353
f 1247 1252 1359
f 1248 1249 1355
f 1249 1356 1355
f 1355 1356 1363
f 1356 1364 1363
f 1248 1355 1363
f 1248 1363 1256
f 1249 1250 1356
f 1250 1357 1356
f 1250 1251 1357
f 1251 1358 1357
f 1251 1258 1252
f 1251 1257 1258
f 1252 1253 1359
f 1253 1360 1359
f 1252 1259 1253
f 1252 1258 1259
f 1253 1365 1360
f 1253 1259 1365
f 1254 1255 1361
f 1255 1362 1361
f 1361 1362 1368
f 1362 1369 1368
f 1254 1361 1368
f 1254 1368 1262
f 1255 1256 1362
f 1256 1363 1362
f 1259 1260 1365
f 1260 1366 1365
f 1259 1266 1260
f 1259 1265 1266
f 1370 1371 1266
f 1370 1266 1265
f 1260 1371 1366
f 1260 1266 1371
f 1261 1262 1367
f 1262 1368 1367
f 1261 1367 1372
f 1261 1372 1267
f 1263 1269 1264
f 1263 1268 1269
f 1264 1270 1265
f 1264 1269 1270
f 1265 1374 1370
f 1265 1270 1374
f 1372 1373 1375
f 1373 1376 1375
f 1267 1372 1375
f 1267 1375 1271
f 1375 1376 1272
f 1375 1272 1271
f 1376 1377 1273
f 1376 1273 1272
f 1377 1378 1274
f 1377 1274 1273
f 1269 1278 1270
f 1269 1277 1278
f 1270 1379 1374
f 1270 1278 1379
f 1274 1378 1381
f 1274 1381 1280
f 1381 1382 1281
f 1381 1281 1280
f 1382 1383 1282
f 1382 1282 1281
f 1275 1283 1276
f 1275 1282 1283
f 1383 1384 1283
f 1383 1283 1282
f 1276 1284 1277
f 1276 1283 1284
f 1384 1385 1284
f 1384 1284 1283
f 1277 1285 1278
f 1277 1284 1285
f 1385 1386 1285
f 1385 1285 1284
f 1278 1386 1379
f 1278 1285 1386
f 1286 1287 1389
f 1287 1390 1389
f 1286 1389 1396
f 1286 1396 1291
f 1286 1292 1287
f 1286 1291 1292
f 1396 1397 1292
f 1396 1292 1291
f 1287 1288 1390
f 1288 1391 1390
f 1288 1289 1391
f 1289 1392 1391
f 1289 1290 1392
f 1290 1393 1392
f 1392 1393 1398
f 1393 1399 1398
f 1290 1399 1393
f 1290 1293 1399
f 1292 1397 1403
f 1292 1403 1297
f 1398 1399 1404
f 1399 1405 1404
f 1293 1294 1399
f 1294 1400 1399
f 1399 1400 1405
f 1400 1406 1405
f 1294 1406 1400
f 1294 1298 1406
f 1296 1297 1402
f 1297 1403 1402
f 1296 1402 1410
f 1296 1410 1302
f 1296 1303 1297
f 1296 1302 1303
f 1298 1299 1406
f 1299 1407 1406
f 1299 1300 1407
f 1300 1408 1407
f 1300 1411 1408
f 1300 1304 1411
f 1302 1410 1414
f 1302 1414 1306
f 1414 1415 1307
f 1414 1307 1306
f 1304 1305 1411
f 1305 1412 1411
f 1305 1416 1412
f 1305 1308 1416
f 1307 1415 1419
f 1307 1419 1310
f 1308 1420 1416
f 1308 1311 1420
f 1310 1419 1422
f 1310 1422 1313
f 1422 1423 1314
f 1422 1314 1313
f 1311 1424 1420
f 1311 1315 1424
f 1314 1423 1427
f 1314 1427 1317
f 1427 1428 1318
f 1427 1318 1317
f 1315 1316 1424
f 1316 1425 1424
f 1316 1429 1425
f 1316 1319 1429
f 1318 1428 1431
f 1318 1431 1320
f 1431 1432 1321
f 1431 1321 1320
f 1433 1434 1323
f 1433 1323 1322
f 1319 1434 1429
f 1319 1323 1434
f 1321 1432 1436
f 1321 1436 1325
f 1436 1437 1326
f 1436 1326 1325
f 1322 1438 1433
f 1322 1327 1438
f 1326 1437 1442
f 1326 1442 1331
f 1443 1444 1333
f 1443 1333 1332
f 1327 1444 1438
f 1327 1333 1444
f 1330 1331 1441
f 1331 1442 1441
f 1330 1441 1447
f 1330 1447 1336
f 1332 1448 1443
f 1332 1337 1448
f 1336 1447 1451
f 1336 1451 1340
f 1337 1452 1448
f 1337 1341 1452
f 1339 1340 1450
f 1340 1451 1450
f 1339 1450 1454
f 1339 1454 1343
f 1341 1455 1452
f 1341 1344 1455
f 1343 1454 1457
f 1343 1457 1346
f 1457 1458 1347
f 1457 1347 1346
f 1458 1459 1348
f 1458 1348 1347
f 1459 1460 1349
f 1459 1349 1348
f 1460 1461 1350
f 1460 1350 1349
f 1344 1461 1455
f 1344 1350 1461
f 1351 1352 1463
f 1352 1464 1463
f 1463 1464 1468
f 1464 1469 1468
f 1351 1463 1468
f 1351 1468 1357
f 1351 1358 1352
f 1351 1357 1358
f 1352 1353 1464
f 1353 1465 1464
f 1353 1354 1465
f 1354 1466 1465
f 1353 1360 1354
f 1353 1359 1360
f 1354 1470 1466
f 1354 1360 1470
f 1356 1357 1467
f 1357 1468 1467
f 1467 1468 1474
f 1468 1475 1474
f 1356 1467 1474
f 1356 1474 1364
f 1360 1476 1470
f 1360 1365 1476
f 1362 1363 1472
f 1363 1473 1472
f 1362 1472 1481
f 1362 1481 1369
f 1363 1364 1473
f 1364 1474 1473
f 1365 1366 1476
f 1366 1477 1476
f 1482 1483 1371
f 1482 1371 1370
f 1366 1483 1477
f 1366 1371 1483
f 1367 1368 1479
f 1368 1480 1479
f 1479 1480 1485
f 1480 1486 1485
f 1367 1479 1485
f 1367 1485 1372
f 1485 1486 1373
f 1485 1373 1372
f 1368 1369 1480
f 1369 1481 1480
f 1370 1487 1482
f 1370 1374 1487
f 1373 1486 1489
f 1373 1489 1376
f 1489 1490 1377
f 1489 1377 1376
f 1374 1491 1487
f 1374 1379 1491
f 1377 1490 1493
f 1377 1493 1380
f 1377 1381 1378
f 1377 1380 1381
f 1493 1494 1381
f 1493 1381 1380
f 1494 1495 1382
f 1494 1382 1381
f 1495 1496 1383
f 1495 1383 1382
f 1496 1497 1384
f 1496 1384 1383
f 1497 1498 1385
f 1497 1385 1384
f 1498 1499 1386
f 1498 1386 1385
f 1379 1499 1491
f 1379 1386 1499
f 1387 1388 1502
f 1388 1503 1502
f 1387 1502 1508
f 1387 1508 1394
f 1387 1395 1388
f 1387 1394 1395
f 1508 1509 1395
f 1508 1395 1394
f 1388 1389 1503
f 1389 1504 1503
f 1388 1396 1389
f 1388 1395 1396
f 1389 1390 1504
f 1390 1505 1504
f 1390 1391 1505
f 1391 1506 1505
f 1391 1392 1506
f 1392 1507 1506
f 1392 1510 1507
f 1392 1398 1510
f 1395 1509 1511
f 1395 1511 1401
f 1395 1402 1396
f 1395 1401 1402
f 1396 1403 1397
f 1396 1402 1403
f 1398 1512 1510
f 1398 1404 1512
f 1401 1511 1518
f 1401 1518 1409
f 1401 1410 1402
f 1401 1409 1410
f 1404 1405 1512
f 1405 1513 1512
f 1405 1406 1513
f 1406 1514 1513
f 1406 1407 1514
f 1407 1515 1514
f 1407 1408 1515
f 1408 1516 1515
f 1515 1516 1519
f 1516 1520 1519
f 1408 1520 1516
f 1408 1411 1520
f 1409 1518 1523
f 1409 1523 1413
f 1409 1414 1410
f 1409 1413 1414
f 1411 1412 1520
f 1412 1521 1520
f 1520 1521 1524
f 1521 1525 1524
f 1412 1525 1521
f 1412 1416 1525
f 1413 1523 1526
f 1413 1526 1417
f 1413 1418 1414
f 1413 1417 1418
f 1526 1527 1418
f 1526 1418 1417
f 1414 1419 1415
f 1414 1418 1419
f 1416 1528 1525
f 1416 1420 1528
f 1418 1527 1529
f 1418 1529 1421
f 1418 1422 1419
f 1418 1421 1422
f 1529 1530 1422
f 1529 1422 1421
f 1420 1532 1528
f 1420 1424 1532
f 1530 1531 1534
f 1531 1535 1534
f 1422 1530 1534
f 1422 1534 1426
f 1422 1427 1423
f 1422 1426 1427
f 1534 1535 1427
f 1534 1427 1426
f 1424 1425 1532
f 1425 1533 1532
f 1425 1536 1533
f 1425 1429 1536
f 1427 1535 1537
f 1427 1537 1430
f 1427 1431 1428
f 1427 1430 1431
f 1537 1538 1431
f 1537 1431 1430
f 1429 1540 1536
f 1429 1434 1540
f 1538 1539 1541
f 1539 1542 1541
f 1431 1538 1541
f 1431 1541 1435
f 1431 1436 1432
f 1431 1435 1436
f 1541 1542 1436
f 1541 1436 1435
f 1433 1439 1434
f 1433 1438 1439
f 1434 1544 1540
f 1434 1439 1544
f 1542 1543 1546
f 1543 1547 1546
f 1436 1542 1546
f 1436 1546 1441
f 1436 1442 1437
f 1436 1441 1442
f 1438 1445 1439
f 1438 1444 1445
f 1548 1549 1445
f 1548 1445 1444
f 1439 1549 1544
f 1439 1445 1549
f 1440 1441 1545
f 1441 1546 1545
f 1440 1545 1550
f 1440 1550 1446
f 1440 1447 1441
f 1440 1446 1447
f 1550 1551 1447
f 1550 1447 1446
f 1443 1449 1444
f 1443 1448 1449
f 1444 1553 1548
f 1444 1449 1553
f 1447 1551 1555
f 1447 1555 1451
f 1552 1553 1556
f 1553 1557 1556
f 1448 1453 1449
f 1448 1452 1453
f 1449 1557 1553
f 1449 1453 1557
f 1450 1451 1554
f 1451 1555 1554
f 1450 1554 1558
f 1450 1558 1454
f 1556 1557 1559
f 1557 1560 1559
f 1452 1456 1453
f 1452 1455 1456
f 1453 1560 1557
f 1453 1456 1560
f 1454 1558 1561
f 1454 1561 1457
f 1561 1562 1458
f 1561 1458 1457
f 1562 1563 1459
f 1562 1459 1458
f 1563 1564 1460
f 1563 1460 1459
f 1564 1565 1461
f 1564 1461 1460
f 1559 1560 1565
f 1560 1566 1565
f 1455 1462 1456
f 1455 1461 1462
f 1565 1566 1462
f 1565 1462 1461
f 1456 1566 1560
f 1456 1462 1566
f 1464 1465 1567
f 1465 1568 1567
f 1567 1568 1571
f 1568 1572 1571
f 1464 1567 1571
f 1464 1571 1469
f 1465 1466 1568
f 1466 1569 1568
f 1568 1569 1572
f 1569 1573 1572
f 1466 1573 1569
f 1466 1470 1573
f 1468 1469 1570
f 1469 1571 1570
f 1570 1571 1578
f 1571 1579 1578
f 1468 1570 1578
f 1468 1578 1475
f 1571 1572 1579
f 1572 1580 1579
f 1470 1471 1573
f 1471 1574 1573
f 1573 1574 1581
f 1574 1582 1581
f 1470 1477 1471
f 1470 1476 1477
f 1471 1582 1574
f 1471 1477 1582
f 1472 1473 1575
f 1473 1576 1575
f 1575 1576 1585
f 1576 1586 1585
f 1472 1575 1585
f 1472 1585 1481
f 1473 1474 1576
f 1474 1577 1576
f 1474 1475 1577
f 1475 1578 1577
f 1477 1478 1582
f 1478 1583 1582
f 1477 1484 1478
f 1477 1483 1484
f 1587 1588 1484
f 1587 1484 1483
f 1478 1588 1583
f 1478 1484 1588
f 1480 1481 1584
f 1481 1585 1584
f 1584 1585 1589
f 1585 1590 1589
f 1480 1584 1589
f 1480 1589 1486
f 1482 1488 1483
f 1482 1487 1488
f 1483 1591 1587
f 1483 1488 1591
f 1589 1590 1593
f 1590 1594 1593
f 1486 1589 1593
f 1486 1593 1489
f 1593 1594 1490
f 1593 1490 1489
f 1487 1492 1488
f 1487 1491 1492
f 1488 1595 1591
f 1488 1492 1595
f 1490 1594 1597
f 1490 1597 1493
f 1597 1598 1494
f 1597 1494 1493
f 1598 1599 1495
f 1598 1495 1494
f 1599 1600 1496
f 1599 1496 1495
f 1601 1602 1499
f 1601 1499 1498
f 1491 1500 1492
f 1491 1499 1500
f 1602 1603 1500
f 1602 1500 1499
f 1492 1603 1595
f 1492 1500 1603
f 1496 1600 1607
f 1496 1607 1501
f 1496 1502 1497
f 1496 1501 1502
f 1607 1608 1502
f 1607 1502 1501
f 1497 1503 1498
f 1497 1502 1503
f 1498 1609 1601
f 1498 1503 1609
f 1502 1608 1615
f 1502 1615 1508
f 1615 1616 1509
f 1615 1509 1508
f 1503 1504 1609
f 1504 1610 1609
f 1504 1505 1610
f 1505 1611 1610
f 1505 1506 1611
f 1506 1612 1611
f 1506 1507 1612
f 1507 1613 1612
f 1507 1617 1613
f 1507 1510 1617
f 1509 1616 1620
f 1509 1620 1511
f 1510 1621 1617
f 1510 1512 1621
f 1511 1620 1627
f 1511 1627 1518
f 1512 1513 1621
f 1513 1622 1621
f 1513 1514 1622
f 1514 1623 1622
f 1514 1515 1623
f 1515 1624 1623
f 1515 1628 1624
f 1515 1519 1628
f 1517 1518 1626
f 1518 1627 1626
f 1517 1626 1630
f 1517 1630 1522
f 1517 1523 1518
f 1517 1522 1523
f 1630 1631 1523
f 1630 1523 1522
f 1519 1520 1628
f 1520 1629 1628
f 1628 1629 1632
f 1629 1633 1632
f 1520 1633 1629
f 1520 1524 1633
f 1523 1631 1636
f 1523 1636 1526
f 1636 1637 1527
f 1636 1527 1526
f 1524 1525 1633
f 1525 1634 1633
f 1525 1638 1634
f 1525 1528 1638
f 1527 1637 1640
f 1527 1640 1529
f 1640 1641 1530
f 1640 1530 1529
f 1641 1642 1531
f 1641 1531 1530
f 1528 1643 1638
f 1528 1532 1643
f 1531 1642 1647
f 1531 1647 1535
f 1532 1533 1643
f 1533 1644 1643
f 1533 1648 1644
f 1533 1536 1648
f 1535 1647 1651
f 1535 1651 1537
f 1651 1652 1538
f 1651 1538 1537
f 1652 1653 1539
f 1652 1539 1538
f 1536 1654 1648
f 1536 1540 1654
f 1539 1653 1659
f 1539 1659 1542
f 1659 1660 1543
f 1659 1543 1542
f 1540 1661 1654
f 1540 1544 1661
f 1543 1660 1666
f 1543 1666 1547
f 1667 1668 1549
f 1667 1549 1548
f 1544 1668 1661
f 1544 1549 1668
f 1545 1546 1664
f 1546 1665 1664
f 1545 1664 1671
f 1545 1671 1550
f 1671 1672 1551
f 1671 1551 1550
f 1546 1547 1665
f 1547 1666 1665
f 1673 1674 1553
f 1673 1553 1552
f 1548 1674 1667
f 1548 1553 1674
f 1551 1672 1678
f 1551 1678 1555
f 1552 1679 1673
f 1552 1556 1679
f 1554 1555 1677
f 1555 1678 1677
f 1554 1677 1682
f 1554 1682 1558
f 1556 1683 1679
f 1556 1559 1683
f 1558 1682 1686
f 1558 1686 1561
f 1686 1687 1562
f 1686 1562 1561
f 1687 1688 1563
f 1687 1563 1562
f 1688 1689 1564
f 1688 1564 1563
f 1689 1690 1565
f 1689 1565 1564
f 1559 1690 1683
f 1559 1565 1690
f 1572 1573 1691
f 1573 1692 1691
f 1691 1692 1697
f 1692 1698 1697
f 1572 1691 1697
f 1572 1697 1580
f 1573 1698 1692
f 1573 1581 1698
f 1576 1577 1693
f 1577 1694 1693
f 1693 1694 1702
f 1694 1703 1702
f 1576 1693 1702
f 1576 1702 1586
f 1577 1578 1694
f 1578 1695 1694
f 1578 1579 1695
f 1579 1696 1695
f 1579 1580 1696
f 1580 1697 1696
f 1581 1582 1698
f 1582 1699 1698
f 1582 1583 1699
f 1583 1700 1699
f 1704 1705 1588
f 1704 1588 1587
f 1583 1705 1700
f 1583 1588 1705
f 1585 1586 1701
f 1586 1702 1701
f 1701 1702 1706
f 1702 1707 1706
f 1585 1701 1706
f 1585 1706 1590
f 1587 1708 1704
f 1587 1591 1708
f 1590 1706 1710
f 1590 1710 1594
f 1591 1592 1708
f 1592 1709 1708
f 1591 1596 1592
f 1591 1595 1596
f 1592 1712 1709
f 1592 1596 1712
f 1710 1711 1714
f 1711 1715 1714
f 1594 1710 1714
f 1594 1714 1597
f 1714 1715 1598
f 1714 1598 1597
f 1595 1604 1596
f 1595 1603 1604
f 1717 1718 1604
f 1717 1604 1603
f 1596 1718 1712
f 1596 1604 1718
f 1715 1716 1720
f 1716 1721 1720
f 1598 1715 1720
f 1598 1720 1605
f 1598 1606 1599
f 1598 1605 1606
f 1720 1721 1606
f 1720 1606 1605
f 1599 1607 1600
f 1599 1606 1607
f 1721 1722 1607
f 1721 1607 1606
f 1601 1610 1602
f 1601 1609 1610
f 1602 1611 1603
f 1602 1610 1611
f 1603 1723 1717
f 1603 1611 1723
f 1607 1722 1727
f 1607 1727 1614
f 1607 1615 1608
f 1607 1614 1615
f 1611 1612 1723
f 1612 1724 1723
f 1612 1613 1724
f 1613 1725 1724
f 1613 1728 1725
f 1613 1617 1728
f 1614 1727 1729
f 1614 1729 1618
f 1614 1619 1615
f 1614 1618 1619
f 1615 1620 1616
f 1615 1619 1620
f 1617 1730 1728
f 1617 1621 1730
f 1618 1729 1734
f 1618 1734 1625
f 1618 1626 1619
f 1618 1625 1626
f 1734 1735 1626
f 1734 1626 1625
f 1619 1627 1620
f 1619 1626 1627
f 1621 1622 1730
f 1622 1731 1730
f 1622 1623 1731
f 1623 1732 1731
f 1623 1624 1732
f 1624 1733 1732
f 1732 1733 1736
f 1733 1737 1736
f 1624 1737 1733
f 1624 1628 1737
f 1626 1735 1739
f 1626 1739 1630
f 1736 1737 1740
f 1737 1741 1740
f 1628 1741 1737
f 1628 1632 1741
f 1630 1739 1744
f 1630 1744 1635
f 1630 1636 1631
f 1630 1635 1636
f 1744 1745 1636
f 1744 1636 1635
f 1632 1633 1741
f 1633 1742 1741
f 1633 1634 1742
f 1634 1743 1742
f 1742 1743 1746
f 1743 1747 1746
f 1634 1747 1743
f 1634 1638 1747
f 1636 1745 1749
f 1636 1749 1639
f 1636 1640 1637
f 1636 1639 1640
f 1749 1750 1640
f 1749 1640 1639
f 1746 1747 1751
f 1747 1752 1751
f 1638 1752 1747
f 1638 1643 1752
f 1640 1750 1754
f 1640 1754 1645
f 1640 1646 1641
f 1640 1645 1646
f 1754 1755 1646
f 1754 1646 1645
f 1641 1647 1642
f 1641 1646 1647
f 1643 1644 1752
f 1644 1753 1752
f 1752 1753 1756
f 1753 1757 1756
f 1644 1757 1753
f 1644 1648 1757
f 1646 1755 1759
f 1646 1759 1650
f 1646 1651 1647
f 1646 1650 1651
f 1756 1757 1760
f 1757 1761 1760
f 1648 1761 1757
f 1648 1654 1761
f 1649 1650 1758
f 1650 1759 1758
f 1649 1758 1762
f 1649 1762 1655
f 1649 1656 1650
f 1649 1655 1656
f 1762 1763 1656
f 1762 1656 1655
f 1650 1657 1651
f 1650 1656 1657
f 1763 1764 1657
f 1763 1657 1656
f 1651 1658 1652
f 1651 1657 1658
f 1652 1659 1653
f 1652 1658 1659
f 1654 1766 1761
f 1654 1661 1766
f 1657 1764 1769
f 1657 1769 1663
f 1657 1664 1658
f 1657 1663 1664
f 1658 1665 1659
f 1658 1664 1665
f 1659 1666 1660
f 1659 1665 1666
f 1765 1766 1771
f 1766 1772 1771
f 1771 1772 1668
f 1771 1668 1667
f 1661 1772 1766
f 1661 1668 1772
f 1662 1663 1768
f 1663 1769 1768
f 1662 1768 1774
f 1662 1774 1669
f 1662 1670 1663
f 1662 1669 1670
f 1663 1671 1664
f 1663 1670 1671
f 1770 1771 1775
f 1771 1776 1775
f 1667 1776 1771
f 1667 1674 1776
f 1669 1774 1778
f 1669 1778 1675
f 1669 1676 1670
f 1669 1675 1676
f 1778 1779 1676
f 1778 1676 1675
f 1670 1677 1671
f 1670 1676 1677
f 1671 1678 1672
f 1671 1677 1678
f 1775 1776 1780
f 1776 1781 1780
f 1673 1680 1674
f 1673 1679 1680
f 1674 1781 1776
f 1674 1680 1781
f 1676 1779 1783
f 1676 1783 1681
f 1676 1682 1677
f 1676 1681 1682
f 1780 1781 1784
f 1781 1785 1784
f 1679 1684 1680
f 1679 1683 1684
f 1784 1785 1684
f 1784 1684 1683
f 1680 1785 1781
f 1680 1684 1785
f 1681 1783 1786
f 1681 1786 1685
f 1681 1686 1682
f 1681 1685 1686
f 1786 1787 1686
f 1786 1686 1685
f 1787 1788 1687
f 1787 1687 1686
f 1788 1789 1688
f 1788 1688 1687
f 1789 1790 1689
f 1789 1689 1688
f 1790 1791 1690
f 1790 1690 1689
f 1683 1791 1784
f 1683 1690 1791
f 1694 1695 1792
f 1695 1793 1792
f 1792 1793 1800
f 1793 1801 1800
f 1694 1792 1800
f 1694 1800 1703
f 1695 1696 1793
f 1696 1794 1793
f 1793 1794 1801
f 1794 1802 1801
f 1696 1697 1794
f 1697 1795 1794
f 1697 1698 1795
f 1698 1796 1795
f 1698 1699 1796
f 1699 1797 1796
f 1796 1797 1803
f 1797 1804 1803
f 1699 1700 1797
f 1700 1798 1797
f 1797 1798 1804
f 1798 1805 1804
f 1700 1805 1798
f 1700 1705 1805
f 1702 1703 1799
f 1703 1800 1799
f 1799 1800 1807
f 1800 1808 1807
f 1702 1799 1807
f 1702 1807 1707
f 1804 1805 1809
f 1805 1810 1809
f 1704 1709 1705
f 1704 1708 1709
f 1705 1810 1805
f 1705 1709 1810
f 1706 1707 1806
f 1707 1807 1806
f 1706 1806 1811
f 1706 1811 1710
f 1811 1812 1711
f 1811 1711 1710
f 1809 1810 1813
f 1810 1814 1813
f 1709 1814 1810
f 1709 1712 1814
f 1711 1812 1816
f 1711 1816 1715
f 1816 1817 1716
f 1816 1716 1715
f 1820 1821 1718
f 1820 1718 1717
f 1712 1713 1814
f 1713 1815 1814
f 1814 1815 1821
f 1815 1822 1821
f 1712 1719 1713
f 1712 1718 1719
f 1821 1822 1719
f 1821 1719 1718
f 1713 1822 1815
f 1713 1719 1822
f 1716 1817 1823
f 1716 1823 1721
f 1818 1819 1826
f 1819 1827 1826
f 1819 1820 1827
f 1820 1828 1827
f 1717 1828 1820
f 1717 1723 1828
f 1823 1824 1831
f 1824 1832 1831
f 1721 1823 1831
f 1721 1831 1726
f 1721 1727 1722
f 1721 1726 1727
f 1831 1832 1727
f 1831 1727 1726
f 1824 1825 1832
f 1825 1833 1832
f 1723 1724 1828
f 1724 1829 1828
f 1724 1725 1829
f 1725 1830 1829
f 1829 1830 1834
f 1830 1835 1834
f 1725 1835 1830
f 1725 1728 1835
f 1727 1832 1836
f 1727 1836 1729
f 1834 1835 1837
f 1835 1838 1837
f 1728 1838 1835
f 1728 1730 1838
f 1729 1836 1842
f 1729 1842 1734
f 1730 1731 1838
f 1731 1839 1838
f 1731 1732 1839
f 1732 1840 1839
f 1839 1840 1843
f 1840 1844 1843
f 1732 1844 1840
f 1732 1736 1844
f 1734 1842 1846
f 1734 1846 1738
f 1734 1739 1735
f 1734 1738 1739
f 1846 1847 1739
f 1846 1739 1738
f 1843 1844 1848
f 1844 1849 1848
f 1736 1849 1844
f 1736 1740 1849
f 1739 1847 1853
f 1739 1853 1744
f 1740 1741 1849
f 1741 1850 1849
f 1741 1742 1850
f 1742 1851 1850
f 1850 1851 1854
f 1851 1855 1854
f 1742 1855 1851
f 1742 1746 1855
f 1744 1853 1856
f 1744 1856 1748
f 1744 1749 1745
f 1744 1748 1749
f 1856 1857 1749
f 1856 1749 1748
f 1857 1858 1750
f 1857 1750 1749
f 1854 1855 1859
f 1855 1860 1859
f 1746 1860 1855
f 1746 1751 1860
f 1750 1858 1863
f 1750 1863 1754
f 1751 1752 1860
f 1752 1861 1860
f 1752 1864 1861
f 1752 1756 1864
f 1754 1863 1866
f 1754 1866 1758
f 1754 1759 1755
f 1754 1758 1759
f 1756 1867 1864
f 1756 1760 1867
f 1758 1866 1870
f 1758 1870 1762
f 1870 1871 1763
f 1870 1763 1762
f 1760 1761 1867
f 1761 1868 1867
f 1867 1868 1872
f 1868 1873 1872
f 1872 1873 1766
f 1872 1766 1765
f 1761 1873 1868
f 1761 1766 1873
f 1763 1871 1876
f 1763 1876 1768
f 1763 1769 1764
f 1763 1768 1769
f 1877 1878 1771
f 1877 1771 1770
f 1765 1878 1872
f 1765 1771 1878
f 1767 1768 1875
f 1768 1876 1875
f 1767 1875 1880
f 1767 1880 1773
f 1767 1774 1768
f 1767 1773 1774
f 1770 1882 1877
f 1770 1775 1882
f 1773 1880 1884
f 1773 1884 1777
f 1773 1778 1774
f 1773 1777 1778
f 1884 1885 1778
f 1884 1778 1777
f 1881 1882 1886
f 1882 1887 1886
f 1775 1887 1882
f 1775 1780 1887
f 1778 1885 1888
f 1778 1888 1782
f 1778 1783 1779
f 1778 1782 1783
f 1888 1889 1783
f 1888 1783 1782
f 1780 1891 1887
f 1780 1784 1891
f 1783 1889 1892
f 1783 1892 1786
f 1892 1893 1787
f 1892 1787 1786
f 1893 1894 1788
f 1893 1788 1787
f 1894 1895 1789
f 1894 1789 1788
f 1895 1896 1790
f 1895 1790 1789
f 1890 1891 1896
f 1891 1897 1896
f 1896 1897 1791
f 1896 1791 1790
f 1784 1897 1891
f 1784 1791 1897
f 1794 1795 1898
f 1795 1899 1898
f 1898 1899 1903
f 1899 1904 1903
f 1794 1898 1903
f 1794 1903 1802
f 1795 1796 1899
f 1796 1900 1899
f 1899 1900 1904
f 1900 1905 1904
f 1796 1905 1900
f 1796 1803 1905
f 1800 1801 1901
f 1801 1902 1901
f 1901 1902 1909
f 1902 1910 1909
f 1800 1901 1909
f 1800 1909 1808
f 1801 1802 1902
f 1802 1903 1902
f 1902 1903 1910
f 1903 1911 1910
f 1903 1904 1911
f 1904 1912 1911
f 1904 1905 1912
f 1905 1913 1912
f 1803 1804 1905
f 1804 1906 1905
f 1905 1906 1913
f 1906 1914 1913
f 1804 1914 1906
f 1804 1809 1914
f 1806 1807 1907
f 1807 1908 1907
f 1907 1908 1915
f 1908 1916 1915
f 1806 1907 1915
f 1806 1915 1811
f 1915 1916 1812
f 1915 1812 1811
f 1807 1808 1908
f 1808 1909 1908
f 1908 1909 1916
f 1909 1917 1916
f 1809 1918 1914
f 1809 1813 1918
f 1916 1917 1920
f 1917 1921 1920
f 1812 1916 1920
f 1812 1920 1816
f 1920 1921 1817
f 1920 1817 1816
f 1924 1925 1819
f 1924 1819 1818
f 1925 1926 1820
f 1925 1820 1819
f 1813 1814 1918
f 1814 1919 1918
f 1926 1927 1821
f 1926 1821 1820
f 1814 1927 1919
f 1814 1821 1927
f 1921 1922 1928
f 1922 1929 1928
f 1817 1921 1928
f 1817 1928 1823
f 1928 1929 1824
f 1928 1824 1823
f 1922 1923 1929
f 1923 1930 1929
f 1929 1930 1825
f 1929 1825 1824
f 1818 1931 1924
f 1818 1826 1931
f 1825 1930 1936
f 1825 1936 1833
f 1826 1827 1931
f 1827 1932 1931
f 1827 1828 1932
f 1828 1933 1932
f 1828 1829 1933
f 1829 1934 1933
f 1829 1937 1934
f 1829 1834 1937
f 1832 1833 1935
f 1833 1936 1935
f 1935 1936 1938
f 1936 1939 1938
f 1832 1935 1938
f 1832 1938 1836
f 1834 1940 1937
f 1834 1837 1940
f 1836 1938 1944
f 1836 1944 1842
f 1837 1838 1940
f 1838 1941 1940
f 1838 1839 1941
f 1839 1942 1941
f 1839 1945 1942
f 1839 1843 1945
f 1841 1842 1943
f 1842 1944 1943
f 1943 1944 1946
f 1944 1947 1946
f 1841 1943 1946
f 1841 1946 1845
f 1841 1846 1842
f 1841 1845 1846
f 1946 1947 1846
f 1946 1846 1845
f 1843 1949 1945
f 1843 1848 1949
f 1947 1948 1952
f 1948 1953 1952
f 1846 1947 1952
f 1846 1952 1852
f 1846 1853 1847
f 1846 1852 1853
f 1952 1953 1853
f 1952 1853 1852
f 1848 1849 1949
f 1849 1950 1949
f 1849 1850 1950
f 1850 1951 1950
f 1950 1951 1954
f 1951 1955 1954
f 1850 1955 1951
f 1850 1854 1955
f 1853 1953 1957
f 1853 1957 1856
f 1957 1958 1857
f 1957 1857 1856
f 1954 1955 1959
f 1955 1960 1959
f 1854 1960 1955
f 1854 1859 1960
f 1857 1958 1963
f 1857 1963 1862
f 1857 1863 1858
f 1857 1862 1863
f 1859 1860 1960
f 1860 1961 1960
f 1960 1961 1964
f 1961 1965 1964
f 1860 1861 1961
f 1861 1962 1961
f 1961 1962 1965
f 1962 1966 1965
f 1861 1966 1962
f 1861 1864 1966
f 1862 1963 1967
f 1862 1967 1865
f 1862 1866 1863
f 1862 1865 1866
f 1965 1966 1969
f 1966 1970 1969
f 1864 1970 1966
f 1864 1867 1970
f 1865 1967 1971
f 1865 1971 1869
f 1865 1870 1866
f 1865 1869 1870
f 1968 1969 1972
f 1969 1973 1972
f 1969 1970 1973
f 1970 1974 1973
f 1867 1974 1970
f 1867 1872 1974
f 1869 1971 1975
f 1869 1975 1874
f 1869 1875 1870
f 1869 1874 1875
f 1870 1876 1871
f 1870 1875 1876
f 1972 1973 1976
f 1973 1977 1976
f 1973 1974 1977
f 1974 1978 1977
f 1977 1978 1878
f 1977 1878 1877
f 1872 1978 1974
f 1872 1878 1978
f 1874 1975 1980
f 1874 1980 1879
f 1874 1880 1875
f 1874 1879 1880
f 1976 1977 1982
f 1977 1983 1982
f 1982 1983 1882
f 1982 1882 1881
f 1877 1983 1977
f 1877 1882 1983
f 1879 1980 1985
f 1879 1985 1883
f 1879 1884 1880
f 1879 1883 1884
f 1985 1986 1884
f 1985 1884 1883
f 1986 1987 1885
f 1986 1885 1884
f 1981 1982 1988
f 1982 1989 1988
f 1881 1989 1982
f 1881 1886 1989
f 1885 1987 1991
f 1885 1991 1888
f 1991 1992 1889
f 1991 1889 1888
f 1886 1887 1989
f 1887 1990 1989
f 1989 1990 1996
f 1990 1997 1996
f 1996 1997 1891
f 1996 1891 1890
f 1887 1997 1990
f 1887 1891 1997
f 1992 1993 1998
f 1993 1999 1998
f 1889 1992 1998
f 1889 1998 1892
f 1998 1999 1893
f 1998 1893 1892
f 1993 1994 1999
f 1994 2000 1999
f 1999 2000 1894
f 1999 1894 1893
f 1994 1995 2000
f 1995 2001 2000
f 2000 2001 1895
f 2000 1895 1894
f 1995 1996 2001
f 1996 2002 2001
f 2001 2002 1896
f 2001 1896 1895
f 1890 2002 1996
f 1890 1896 2002
f 1909 1910 2003
f 1910 2004 2003
f 2003 2004 2009
f 2004 2010 2009
f 1909 2003 2009
f 1909 2009 1917
f 1910 1911 2004
f 1911 2005 2004
f 2004 2005 2010
f 2005 2011 2010
f 1911 1912 2005
f 1912 2006 2005
f 2005 2006 2011
f 2006 2012 2011
f 1912 1913 2006
f 1913 2007 2006
f 2006 2007 2012
f 2007 2013 2012
f 1913 1914 2007
f 1914 2008 2007
f 2007 2008 2013
f 2008 2014 2013
f 1914 2014 2008
f 1914 1918 2014
f 2009 2010 2016
f 2010 2017 2016
f 1917 2009 2016
f 1917 2016 1921
f 2016 2017 1922
f 2016 1922 1921
f 2010 2011 2017
f 2011 2018 2017
f 2017 2018 1923
f 2017 1923 1922
f 2011 2012 2018
f 2012 2019 2018
f 2012 2013 2019
f 2013 2020 2019
f 2013 2014 2020
f 2014 2021 2020
f 1918 1919 2014
f 1919 2015 2014
f 2014 2015 2021
f 2015 2022 2021
f 2021 2022 1927
f 2021 1927 1926
f 1919 2022 2015
f 1919 1927 2022
f 2018 2019 2023
f 2019 2024 2023
f 1923 2018 2023
f 1923 2023 1930
f 2019 2020 2024
f 2020 2025 2024
f 1924 1932 1925
f 1924 1931 1932
f 2020 2021 2025
f 2021 2026 2025
f 1925 1933 1926
f 1925 1932 1933
f 1926 2026 2021
f 1926 1933 2026
f 2023 2024 2028
f 2024 2029 2028
f 1930 2023 2028
f 1930 2028 1936
f 2024 2025 2029
f 2025 2030 2029
f 2025 2026 2030
f 2026 2031 2030
f 1933 1934 2026
f 1934 2027 2026
f 2026 2027 2031
f 2027 2032 2031
f 1934 2032 2027
f 1934 1937 2032
f 2028 2029 2034
f 2029 2035 2034
f 1936 2028 2034
f 1936 2034 1939
f 2029 2030 2035
f 2030 2036 2035
f 2030 2031 2036
f 2031 2037 2036
f 2031 2032 2037
f 2032 2038 2037
f 1937 2038 2032
f 1937 1940 2038
f 1938 1939 2033
f 1939 2034 2033
f 2033 2034 2041
f 2034 2042 2041
f 1938 2033 2041
f 1938 2041 1944
f 2036 2037 2043
f 2037 2044 2043
f 2037 2038 2044
f 2038 2045 2044
f 1940 1941 2038
f 1941 2039 2038
f 2038 2039 2045
f 2039 2046 2045
f 1941 1942 2039
f 1942 2040 2039
f 2039 2040 2046
f 2040 2047 2046
f 1942 2047 2040
f 1942 1945 2047
f 1944 2041 2048
f 1944 2048 1947
f 2048 2049 1948
f 2048 1948 1947
f 2046 2047 2050
f 2047 2051 2050
f 1945 2051 2047
f 1945 1949 2051
f 1948 2049 2054
f 1948 2054 1953
f 2050 2051 2055
f 2051 2056 2055
f 1949 1950 2051
f 1950 2052 2051
f 2051 2052 2056
f 2052 2057 2056
f 1950 2057 2052
f 1950 1954 2057
f 1952 1953 2053
f 1953 2054 2053
f 2053 2054 2058
f 2054 2059 2058
f 1952 2053 2058
f 1952 2058 1956
f 1952 1957 1953
f 1952 1956 1957
f 2058 2059 1957
f 2058 1957 1956
f 2059 2060 1958
f 2059 1958 1957
f 2055 2056 2061
f 2056 2062 2061
f 2056 2057 2062
f 2057 2063 2062
f 1954 2063 2057
f 1954 1959 2063
f 1958 2060 2065
f 1958 2065 1963
f 2061 2062 2066
f 2062 2067 2066
f 2062 2063 2067
f 2063 2068 2067
f 1959 1960 2063
f 1960 2064 2063
f 2063 2064 2068
f 2064 2069 2068
f 1960 2069 2064
f 1960 1964 2069
f 1963 2065 2072
f 1963 2072 1967
f 2066 2067 2073
f 2067 2074 2073
f 2067 2068 2074
f 2068 2075 2074
f 2068 2069 2075
f 2069 2076 2075
f 1964 1965 2069
f 1965 2070 2069
f 2069 2070 2076
f 2070 2077 2076
f 2076 2077 1969
f 2076 1969 1968
f 1965 2077 2070
f 1965 1969 2077
f 1967 2072 2079
f 1967 2079 1971
f 2073 2074 2080
f 2074 2081 2080
f 2074 2075 2081
f 2075 2082 2081
f 2075 2076 2082
f 2076 2083 2082
f 1968 2083 2076
f 1968 1972 2083
f 1971 2079 2084
f 1971 2084 1975
f 2080 2081 2086
f 2081 2087 2086
f 2081 2082 2087
f 2082 2088 2087
f 2082 2083 2088
f 2083 2089 2088
f 1972 2089 2083
f 1972 1976 2089
f 1975 2084 2091
f 1975 2091 1980
f 2085 2086 2093
f 2086 2094 2093
f 2086 2087 2094
f 2087 2095 2094
f 2087 2088 2095
f 2088 2096 2095
f 2088 2089 2096
f 2089 2097 2096
f 2096 2097 1982
f 2096 1982 1981
f 1976 2097 2089
f 1976 1982 2097
f 1979 1980 2090
f 1980 2091 2090
f 2090 2091 2098
f 2091 2099 2098
f 1979 2090 2098
f 1979 2098 1984
f 1979 1985 1980
f 1979 1984 1985
f 2098 2099 1985
f 2098 1985 1984
f 2091 2092 2099
f 2092 2100 2099
f 2099 2100 1986
f 2099 1986 1985
f 2100 2101 1987
f 2100 1987 1986
f 2093 2094 2102
f 2094 2103 2102
f 2094 2095 2103
f 2095 2104 2103
f 2095 2096 2104
f 2096 2105 2104
f 1981 2105 2096
f 1981 1988 2105
f 2101 2102 2107
f 2102 2108 2107
f 1987 2101 2107
f 1987 2107 1991
f 2107 2108 1992
f 2107 1992 1991
f 2102 2103 2108
f 2103 2109 2108
f 2108 2109 1993
f 2108 1993 1992
f 2103 2104 2109
f 2104 2110 2109
f 2109 2110 1994
f 2109 1994 1993
f 2104 2105 2110
f 2105 2111 2110
f 2110 2111 1995
f 2110 1995 1994
f 1988 1989 2105
f 1989 2106 2105
f 2105 2106 2111
f 2106 2112 2111
f 2111 2112 1996
f 2111 1996 1995
f 1989 2112 2106
f 1989 1996 2112
f 2034 2035 2113
f 2035 2114 2113
f 2113 2114 2117
f 2114 2118 2117
f 2034 2113 2117
f 2034 2117 2042
f 2035 2036 2114
f 2036 2115 2114
f 2114 2115 2118
f 2115 2119 2118
f 2036 2119 2115
f 2036 2043 2119
f 2041 2042 2116
f 2042 2117 2116
f 2116 2117 2123
f 2117 2124 2123
f 2041 2116 2123
f 2041 2123 2048
f 2117 2118 2124
f 2118 2125 2124
f 2118 2119 2125
f 2119 2126 2125
f 2043 2044 2119
f 2044 2120 2119
f 2119 2120 2126
f 2120 2127 2126
f 2044 2045 2120
f 2045 2121 2120
f 2120 2121 2127
f 2121 2128 2127
f 2045 2046 2121
f 2046 2122 2121
f 2121 2122 2128
f 2122 2129 2128
f 2046 2129 2122
f 2046 2050 2129
f 2123 2124 2130
f 2124 2131 2130
f 2048 2123 2130
f 2048 2130 2053
f 2048 2054 2049
f 2048 2053 2054
f 2130 2131 2054
f 2130 2054 2053
f 2124 2125 2131
f 2125 2132 2131
f 2125 2126 2132
f 2126 2133 2132
f 2126 2127 2133
f 2127 2134 2133
f 2127 2128 2134
f 2128 2135 2134
f 2128 2129 2135
f 2129 2136 2135
f 2050 2136 2129
f 2050 2055 2136
f 2131 2132 2137
f 2132 2138 2137
f 2054 2131 2137
f 2054 2137 2059
f 2137 2138 2060
f 2137 2060 2059
f 2132 2133 2138
f 2133 2139 2138
f 2133 2134 2139
f 2134 2140 2139
f 2134 2135 2140
f 2135 2141 2140
f 2135 2136 2141
f 2136 2142 2141
f 2055 2142 2136
f 2055 2061 2142
f 2138 2139 2143
f 2139 2144 2143
f 2060 2138 2143
f 2060 2143 2065
f 2139 2140 2144
f 2140 2145 2144
f 2140 2141 2145
f 2141 2146 2145
f 2141 2142 2146
f 2142 2147 2146
f 2061 2147 2142
f 2061 2066 2147
f 2143 2144 2149
f 2144 2150 2149
f 2065 2143 2149
f 2065 2149 2072
f 2144 2145 2150
f 2145 2151 2150
f 2145 2146 2151
f 2146 2152 2151
f 2146 2147 2152
f 2147 2153 2152
f 2066 2153 2147
f 2066 2073 2153
f 2071 2072 2148
f 2072 2149 2148
f 2148 2149 2154
f 2149 2155 2154
f 2071 2148 2154
f 2071 2154 2078
f 2071 2079 2072
f 2071 2078 2079
f 2154 2155 2079
f 2154 2079 2078
f 2149 2150 2155
f 2150 2156 2155
f 2150 2151 2156
f 2151 2157 2156
f 2151 2152 2157
f 2152 2158 2157
f 2152 2153 2158
f 2153 2159 2158
f 2073 2159 2153
f 2073 2080 2159
f 2155 2156 2160
f 2156 2161 2160
f 2079 2155 2160
f 2079 2160 2084
f 2156 2157 2161
f 2157 2162 2161
f 2157 2158 2162
f 2158 2163 2162
f 2158 2159 2163
f 2159 2164 2163
f 2163 2164 2086
f 2163 2086 2085
f 2080 2164 2159
f 2080 2086 2164
f 2160 2161 2165
f 2161 2166 2165
f 2084 2160 2165
f 2084 2165 2091
f 2165 2166 2092
f 2165 2092 2091
f 2161 2162 2166
f 2162 2167 2166
f 2162 2163 2167
f 2163 2168 2167
f 2085 2168 2163
f 2085 2093 2168
f 2166 2167 2169
f 2167 2170 2169
f 2092 2166 2169
f 2092 2169 2100
f 2169 2170 2101
f 2169 2101 2100
f 2167 2168 2170
f 2168 2171 2170
f 2170 2171 2102
f 2170 2102 2101
f 2093 2171 2168
f 2093 2102 2171