v -100.794563 151.420776 381.648438
v -101.055786 151.556503 383.388123
v -101.501472 152.076904 385.682129
v -101.846550 151.970184 387.520935
v -101.138939 150.958740 379.160156
v -101.102982 151.010910 380.695526
v -101.636154 151.656204 382.488434
v -102.008263 152.378799 384.574951
v -102.441856 152.371964 386.665924
v -101.901718 151.427765 377.535889
v -101.682999 151.197342 378.932617
v -102.082855 151.019150 380.139923
v -102.579056 151.526016 381.799805
v -103.010231 152.210052 383.765167
v -103.554535 152.797897 386.355408
v -104.805260 152.624924 388.581940
v -102.397415 150.814957 377.235352
v -102.667534 151.210388 378.702209
v -103.059288 151.349808 379.903046
v -103.582100 151.634399 381.590179
v -104.178032 152.220200 383.503754
v -104.841141 152.656250 385.953583
v -105.162628 153.233414 387.808014
v -103.351517 150.636841 375.783081
v -103.157959 150.988876 377.035614
v -103.737762 151.214081 378.858795
v -104.067139 151.412521 379.878357
v -104.556229 151.564911 381.537140
v -105.263176 152.167191 383.569092
v -106.141747 152.865341 386.133942
v -107.549347 152.385315 388.337982
v -104.622986 151.447296 375.020294
v -104.618973 151.735123 377.179199
v -104.763016 150.797852 378.843292
v -105.107758 151.071259 380.013641
v -105.569885 151.348404 381.561188
v -106.179817 151.800049 383.546204
v -107.179840 152.277878 386.122803
v -107.697746 152.966217 387.811066
v -105.853165 150.630188 378.249023
v -105.782112 150.574631 379.005524
v -106.140083 150.629562 380.276184
v -106.579765 150.793213 381.583862
v -107.084045 151.367538 383.510132
v -107.886116 151.668488 385.445801
v -106.110191 149.715576 377.819885
v -107.243149 151.129974 378.924225
v -107.244011 150.459656 380.530792
v -107.876892 150.189651 382.043701
v -107.889763 150.510849 383.297424
v -108.285919 151.488571 384.669647
v -107.284714 150.095413 379.701233
v -108.130043 150.378067 380.668152
v -108.091362 149.903534 381.868469
v -100.616020 150.312424 385.447662
v -101.032021 149.695587 387.910797
v -101.673515 149.313599 390.678680
v -102.493118 149.135391 393.587799
v -103.021347 149.230057 395.319763
v -99.650002 150.441254 377.565399
v -99.939240 149.544891 378.925507
v -100.363556 150.331940 381.697601
v -100.800804 150.790375 384.433716
v -101.159027 151.551727 386.732086
v -101.772125 150.623596 389.090179
v -102.848381 150.703049 392.304932
v -103.503716 149.672546 394.364258
v -100.667747 149.876572 377.372223
v -100.319374 150.293213 378.947113
v -100.387917 150.960678 380.214447
v -102.858673 151.435837 388.688507
v -103.679153 150.722000 391.110413
v -104.450813 149.761017 393.244537
v -101.253265 150.352112 377.182159
v -100.912270 150.988434 378.091675
v -103.510262 152.948105 387.854980
v -104.885368 149.806000 390.090851
v -105.049118 149.794250 392.302979
v -102.116882 150.464355 376.868805
v -106.071747 151.964066 387.947998
v -106.490234 149.800781 389.598328
v -103.409119 150.470764 376.174591
v -102.921257 151.052856 376.415253
v -106.365501 152.751694 387.311768
v -107.835800 149.604446 389.573212
v -103.132118 150.547256 375.495911
v -104.000267 150.035187 376.752533
v -108.424675 151.837692 388.020172
v -108.883308 150.017563 389.375610
v -105.257118 150.204361 377.387085
v -108.664261 151.375641 387.360687
v -109.518738 150.101761 389.299011
v -106.997086 151.030518 378.031860
v -106.250076 148.996719 378.999268
v -108.161034 149.617111 382.904938
v -108.739372 150.121170 384.502655
v -109.431808 149.967743 386.409058
v -109.838654 150.098862 388.055481
v -107.273956 149.110947 377.660950
v -108.129845 150.446869 379.238739
v -108.654343 149.160980 381.368988
v -109.084045 148.894272 382.793427
v -109.269867 149.066391 384.156616
v -109.784210 149.582748 385.770813
v -100.508514 147.500748 385.615845
v -100.807297 146.703156 388.212158
v -101.540131 146.145493 390.954865
v -102.293854 146.430389 393.753998
v -102.852943 146.431351 394.861298
v -99.863220 152.107010 377.136078
v -100.268341 148.331329 379.783966
v -100.558784 148.471451 381.828186
v -100.743149 148.154465 383.726135
v -103.587997 147.676437 395.108551
v -104.143333 147.223907 395.743896
v -100.213730 149.954971 377.468933
v -101.218826 148.735779 378.740509
v -104.457970 147.417725 393.914642
v -104.380287 147.399628 394.990173
v -101.355400 149.814087 377.593231
v -102.164070 149.416595 378.392181
v -105.928665 147.416870 391.816986
v -105.795074 146.740189 393.328278
v -102.329498 149.970917 377.516785
v -103.011726 149.819885 378.090210
v -106.749443 145.662628 390.278198
v -106.490982 145.028275 391.656189
v -103.135857 150.061722 377.327515
v -104.052055 149.976425 378.050598
v -107.813698 145.545914 389.900574
v -104.017708 150.172394 377.298706
v -105.150490 149.833633 378.221649
v -108.921234 146.492844 390.215118
v -105.117836 150.306519 377.540131
v -106.307671 149.374557 378.753723
v -109.504379 146.340790 387.754059
v -109.879242 147.265945 389.068634
v -106.250282 149.464127 377.825256
v -107.328369 148.670547 379.569702
v -108.257515 147.795456 381.606842
v -108.894981 147.539856 383.631012
v -109.442581 147.540253 385.385498
v -110.004059 148.346695 386.962585
v -109.888405 149.376907 388.677032
v -107.415985 149.197159 378.444061
v -108.214836 148.580597 380.510040
v -108.729858 148.105499 382.231567
v -109.254669 148.260590 383.867828
v -109.818436 148.788788 385.640656
v -109.915451 149.425400 386.476501
v -100.310036 148.639221 384.409241
v -101.020630 143.700714 387.868561
v -101.812401 143.307373 390.745758
v -102.438072 144.110504 393.320435
v -102.512596 145.419617 393.344849
v -100.186203 147.380447 379.662628
v -100.374245 146.839417 381.360657
v -101.215912 144.836380 384.916718
v -101.611473 142.221436 387.185760
v -102.317192 141.998840 389.949371
v -102.825890 143.213516 392.099487
v -103.194092 144.580139 392.881226
v -103.859314 146.673264 394.337280
v -100.619202 148.532578 377.351349
v -100.621460 148.044571 378.851135
v -104.088432 143.906647 389.892944
v -104.071602 144.418213 392.302063
v -104.330254 148.966354 394.250519
v -101.492867 148.737717 376.786224
v -101.468826 149.064850 378.291412
v -104.804420 143.321045 389.894379
v -105.268608 144.150772 391.746399
v -102.524933 148.915802 376.734497
v -102.378120 149.438583 377.922455
v -106.290382 143.182159 389.579590
v -106.202156 145.849686 391.443176
v -103.585030 149.372269 376.572815
v -103.404427 149.784073 377.806763
v -107.114548 141.911484 386.731415
v -107.418938 143.182831 388.345245
v -104.509888 153.583633 374.884308
v -104.830757 148.936127 377.381592
v -107.596382 143.682007 384.713226
v -108.113548 144.047546 386.716522
v -108.566254 144.120667 389.196686
v -106.239799 148.693436 379.166992
v -107.237137 147.161469 380.679291
v -107.943146 146.174683 382.961670
v -108.602402 145.276520 385.151337
v -109.558685 145.275635 387.918671
v -109.024734 145.100082 389.135986
v -107.311752 148.371048 380.192932
v -108.093956 147.541260 382.245300
v -108.705948 146.960678 384.360474
v -109.282257 146.492020 386.150482
v -109.352921 146.353363 387.091034
v -100.047935 146.435425 379.542755
v -100.285912 144.997192 381.186951
v -100.943291 142.567154 383.798065
v -101.482445 140.416061 386.033600
v -101.997902 139.851669 387.924103
v -102.451073 141.706696 390.129791
v -102.869270 143.974625 391.575836
v -103.358109 143.757401 392.400818
v -100.626236 149.671310 376.663025
v -100.913338 145.612442 379.406036
v -103.948792 143.603561 390.315704
v -103.477524 143.839050 391.057281
v -103.631897 143.777328 391.788818
v -100.862099 148.059341 376.973694
v -101.690590 145.843735 378.806732
v -102.289665 144.629486 379.890167
v -104.499725 142.763794 389.382172
v -104.382195 142.784698 389.283417
v -101.911102 147.928329 376.995209
v -103.086128 145.325302 379.087402
v -102.625252 146.576523 378.424896
v -105.021088 142.275818 387.296051
v -104.739838 141.945541 387.532654
v -102.973824 148.079468 376.780396
v -103.893570 146.302582 378.091034
v -106.897545 141.433517 386.996460
v -106.452850 141.428192 387.168457
v -104.026924 148.818207 376.829193
v -104.983749 146.878357 378.460632
v -105.765289 145.565933 379.641815
v -107.513618 142.937836 385.005188
v -107.237671 142.542130 385.655975
v -106.850670 141.254745 386.000885
v -106.083542 147.275284 379.378387
v -106.840820 146.082153 380.898407
v -107.494835 144.861908 382.767761
v -107.758713 143.627548 383.965088
v -107.647636 142.357208 384.512787
v -99.954796 144.006622 379.524628
v -100.105644 142.137131 381.136169
v -100.676971 139.207611 383.207367
v -101.068207 136.984222 384.840790
v -101.611740 137.054489 387.084503
v -102.157959 140.224899 388.370605
v -102.777748 142.744431 390.432648
v -103.104057 143.627502 391.379059
v -100.579826 144.024979 379.295929
v -102.267822 137.131424 385.604218
v -102.845718 140.658615 387.635742
v -103.369514 142.652451 390.547241
v -103.483261 144.227234 391.910095
v -102.249596 142.804016 380.127106
v -102.450905 146.095505 377.741028
v -103.311348 138.171051 385.266998
v -103.720848 140.778168 386.992798
v -103.965668 142.192108 388.547821
v -103.049217 143.469482 379.533020
v -102.159103 144.037384 379.373505
v -104.177597 138.138184 385.040588
v -104.174194 140.316788 386.438477
v -104.635094 140.706909 388.231079
v -103.662682 143.987564 378.670441
v -105.750992 138.051437 384.729156
v -105.169548 139.979019 385.767609
v -105.349785 138.751785 386.887390
v -104.610741 145.104782 378.735260
v -105.331223 143.563629 379.798187
v -105.868034 142.329636 381.307129
v -106.109657 141.365570 382.478210
v -106.347595 141.169235 384.466339
v -106.450523 140.362518 386.095154
v -106.415222 144.462158 380.959015
v -106.858437 143.110901 382.289551
v -107.087746 142.512314 383.385010
v -107.176575 141.953384 384.325562
v -99.918686 139.367599 379.889618
v -100.087013 136.879440 381.597626
v -100.397186 134.562958 383.174805
v -100.579056 132.489716 384.213623
v -101.135628 131.772568 385.677887
v -101.389999 131.216461 386.444427
v -100.554153 140.914597 379.346680
v -101.873123 132.931351 385.181946
v -101.627708 131.765732 385.566895
v -101.553947 141.437531 379.815033
v -102.001381 139.355453 380.740326
v -102.321129 137.425735 381.775513
v -102.845116 134.057831 384.337311
v -102.399025 141.516388 379.696625
v -103.018639 139.160660 380.707397
v -102.638054 137.924377 381.383423
v -103.805779 136.782364 384.819275
v -103.854141 136.914368 386.303711
v -105.284027 135.794632 387.478271
v -103.351112 141.885925 379.167877
v -103.902077 139.677872 379.960022
v -104.283844 137.185440 380.896088
v -104.530945 135.779404 382.169708
v -104.675079 137.179916 384.787415
v -104.679779 137.399017 386.575592
v -105.818634 136.891159 388.193451
v -104.356216 142.677002 378.920746
v -104.855103 141.037399 380.237244
v -105.129753 139.596939 381.533142
v -105.465897 139.015564 382.999573
v -105.664230 138.195206 384.226013
v -103.403114 136.566406 405.845032
v -103.329414 136.656815 407.226318
v -103.837463 137.352676 409.253784
v -104.251755 137.447891 410.349579
v -97.609291 130.103973 378.566467
v -97.751007 129.661011 379.625793
v -98.172188 129.182816 381.412079
v -98.432037 128.592606 383.151306
v -98.756653 127.571899 384.311066
v -104.337997 135.683411 405.571259
v -103.675186 136.531113 406.517914
v -104.179413 137.198746 408.565491
v -104.459305 137.849457 409.862579
v -99.227364 132.239441 378.222534
v -98.872047 130.283920 380.239838
v -98.791870 130.366821 381.579865
v -99.041489 129.136078 383.116699
v -99.515518 128.516129 384.567352
v -99.967209 127.153732 385.597626
v -99.987190 132.972321 380.550079
v -99.689072 132.587585 381.824341
v -99.835747 130.966064 383.116425
v -100.479172 128.949203 384.357269
v -100.783081 129.422867 385.366760
v -101.306976 128.427719 386.646027
v -100.457909 136.167679 379.819580
v -100.918343 133.603577 380.912323
v -101.069290 131.411804 382.000885
v -101.458099 129.402405 384.088409
v -101.658745 130.690598 385.496735
v -101.798538 129.723907 387.311035
v -101.232689 138.298050 380.146088
v -102.125114 135.430542 381.333252
v -102.058441 132.862640 382.426300
v -101.900887 129.444443 382.979065
v -102.276009 130.055084 384.407654
v -102.826714 135.183762 380.865265
v -102.325546 136.466446 381.558289
v -103.512398 131.514359 384.533600
v -103.987366 131.016510 386.323242
v -104.649933 125.774727 386.777649
v -103.402939 135.891403 380.246368
v -103.891441 132.919235 381.015411
v -104.159668 131.270874 382.500854
v -104.417725 132.806061 384.850464
v -104.723465 133.621231 386.369080
v -105.352699 131.543747 388.274933
v -106.310005 127.899666 388.839539
v -106.463699 123.673218 386.708496
v -105.881523 130.392624 386.229645
v -106.360909 130.993774 388.060364
v -107.108078 129.286163 389.395996
v -94.816521 132.037476 395.469940
v -95.012863 133.052780 396.918915
v -95.539825 133.133057 398.827484
v -95.936836 131.690002 400.173279
v -95.546089 132.741623 394.365326
v -95.538368 133.811646 395.807709
v -96.102997 134.267166 397.946289
v -96.659660 134.282120 400.460999
v -97.258904 133.992523 402.409912
v -97.711365 132.106964 403.979767
v -96.454659 132.592819 393.976501
v -96.396988 133.715042 394.971313
v -96.905518 134.397324 397.073334
v -97.415657 134.715851 399.429596
v -97.922470 134.880569 401.950928
v -98.362946 134.140091 404.037994
v -97.731544 130.827988 394.499573
v -97.028641 132.845016 394.457428
v -97.382774 133.358231 396.040222
v -97.879555 133.796982 398.238739
v -98.459023 134.210480 400.888947
v -98.826553 133.567474 402.848450
v -97.332901 127.234215 379.756836
v -97.324776 127.624496 380.981903
v -97.764252 127.446472 382.578033
v -98.307709 127.186226 384.751434
v -98.493385 126.490509 385.565155
v -102.931618 135.873581 405.912872
v -103.191803 135.771149 407.437347
v -103.526665 135.637177 409.105133
v -104.254997 135.508804 410.216400
v -97.587120 129.368439 378.884460
v -98.033318 127.603882 380.146790
v -97.766930 128.440353 381.202484
v -98.096886 128.064880 382.989807
v -98.822960 127.182693 384.938690
v -99.077942 126.137657 385.841766
v -103.278038 135.838837 405.882324
v -103.697433 135.534058 407.176605
v -104.443291 135.756287 409.129517
v -104.696709 136.235901 410.332306
v -98.707275 128.409134 379.064789
v -98.596764 127.958412 379.491211
v -99.213814 127.492065 385.236664
v -99.978760 126.248596 385.873657
v -100.258072 128.902328 378.461060
v -99.762329 128.657455 380.374908
v -100.048347 127.039673 381.220276
v -100.391281 126.029449 382.683929
v -100.794678 126.110840 384.497650
v -100.373489 126.306374 385.217560
v -100.145981 131.218323 380.460144
v -100.525673 129.707626 381.764221
v -100.726517 128.441162 382.881866
v -100.556061 127.083733 383.883545
v -101.695923 131.302383 381.186249
v -102.307732 128.844208 382.275543
v -102.228836 126.970848 383.044159
v -102.702377 126.143379 384.501801
v -103.542366 123.945923 385.482758
v -102.328850 131.710037 380.745483
v -103.156418 128.066895 381.161377
v -103.425026 125.937386 384.234467
v -103.674690 127.408859 386.233002
v -104.334488 126.479340 387.902405
v -105.067810 124.122643 388.370056
v -103.292824 131.723572 380.496216
v -103.810364 128.703201 381.285645
v -104.190727 126.794456 382.710236
v -104.659828 126.122246 384.254822
v -105.115326 125.763481 385.829681
v -105.017868 128.779007 387.098022
v -105.441147 128.239029 389.041748
v -106.251076 126.759933 390.858887
v -107.062233 127.516495 393.060577
v -108.155190 127.409302 395.275360
v -105.584633 128.456894 385.419342
v -105.897812 128.456635 386.725128
v -106.359604 128.649200 388.235107
v -106.634705 129.502869 389.785309
v -107.116196 127.980095 390.968658
v -108.021515 128.569824 393.409149
v -108.998032 128.826935 396.002136
v -94.941109 130.294556 396.048370
v -95.031128 131.575089 396.912811
v -95.612793 131.538620 399.096954
v -96.154305 130.132568 400.551178
v -95.158211 131.605713 395.187317
v -95.857101 131.200592 396.227997
v -96.345375 131.443192 398.246246
v -96.784454 132.430450 400.478760
v -97.243301 132.464890 402.523163
v -97.837433 130.892654 404.234924
v -96.059372 131.632629 394.119965
v -96.812286 131.175888 395.546661
v -97.143692 131.506821 397.415253
v -97.521263 131.877106 399.663971
v -97.951073 132.279861 402.248993
v -98.272072 132.823959 404.048309
v -96.793617 132.032928 394.080933
v -97.247147 132.055603 395.335327
v -97.725441 132.423889 397.449890
v -98.211136 132.816269 399.914307
v -98.668594 133.413925 402.452820
v -99.015121 132.259781 404.304016
v -97.501442 126.221573 384.430023
v -97.396385 125.824562 385.054382
v -97.220947 127.222633 379.974823
v -97.364410 126.459663 381.011536
v -97.524071 126.898460 382.481659
v -97.771484 126.791557 384.428162
v -98.190399 126.186691 386.104584
v -98.867828 125.459366 388.160461
v -99.081429 124.562973 389.329346
v -103.200668 133.948044 407.631317
v -103.708878 133.987671 408.949615
v -104.131859 133.649750 409.811523
v -97.760651 125.763107 379.781433
v -97.890877 125.665817 380.237518
v -99.175911 124.943649 386.446594
v -99.260246 124.708321 387.668030
v -99.489937 124.474571 389.269958
v -103.662323 134.083664 407.909637
v -104.348015 134.411850 409.419495
v -104.516609 134.608215 410.322968
v -98.468842 127.069275 378.985291
v -98.932480 125.057747 379.766052
v -99.998695 124.606102 386.265198
v -100.764542 124.264313 388.284027
v -101.035400 123.458298 389.087952
v -98.757408 127.040840 378.603912
v -99.410065 125.369965 379.996368
v -100.828232 123.339401 381.997650
v -100.650909 124.258781 383.259094
v -100.877983 124.312141 384.686859
v -101.031197 123.905739 385.793365
v -101.008560 124.109543 387.430878
v -101.423424 123.946358 388.796967
v -101.857841 123.510155 381.949646
v -101.767616 122.893600 382.669403
v -101.728859 123.695885 384.122406
v -101.945175 123.378159 385.442841
v -102.658661 123.439072 387.172668
v -103.039978 123.135529 388.315796
v -102.476280 124.238045 382.626923
v -102.229675 124.697601 383.584351
v -102.470284 124.434998 384.659332
v -103.084381 124.271263 386.359741
v -103.617416 123.728722 387.903870
v -103.096886 125.271088 381.984619
v -103.970680 122.867661 382.750885
v -104.052383 123.680367 386.379272
v -104.153587 125.127785 387.835999
v -104.636711 124.664078 388.938812
v -105.154755 124.004601 390.573120
v -105.986649 124.838249 393.029083
v -106.698647 123.939857 394.971680
v -103.893883 125.610748 381.864441
v -104.416809 123.975189 383.060059
v -104.836319 123.678162 384.558807
v -105.022743 123.752396 386.149200
v -105.298752 123.421768 387.450012
v -105.445045 125.602951 388.471954
v -105.715286 125.434174 389.977753
v -106.312233 125.966553 392.346405
v -106.951256 126.510483 394.486328
v -105.903839 125.611885 388.125244
v -106.426918 125.726662 389.537720
v -107.012627 126.089432 391.542328
v -108.014259 126.947594 394.176086
v -109.131927 126.350761 396.948761
v -97.116570 125.525642 384.075684
v -97.088249 125.146286 385.212921
v -97.593674 124.442368 387.183075
v -98.124367 124.146713 389.120392
v -98.251877 123.379723 390.015717
v -97.264763 124.846573 380.867828
v -97.380920 125.241875 382.077087
v -97.387642 125.502785 383.194031
v -97.724113 125.807198 386.034180
v -98.194420 125.074516 387.779175
v -98.546539 124.063835 389.151276
v -99.066742 123.235550 390.358612
v -98.118454 125.104454 380.004089
v -98.160072 124.041527 380.669678
v -99.586983 122.990555 387.274658
v -99.666878 123.209099 388.333038
v -99.496941 122.690971 389.063263
v -99.690529 122.799332 390.232147
v -98.300819 124.067398 379.371704
v -99.100502 122.607941 380.483917
v -99.804970 123.327110 386.737701
v -100.199509 123.245537 388.252502
v -100.542625 122.329376 388.792419
v -101.218483 121.757118 390.172424
v -99.367805 123.532219 380.216736
v -100.132851 121.795509 381.039459
v -101.489166 122.640274 386.722321
v -101.599014 123.321457 388.298218
v -101.625259 123.117661 389.223053
v -101.783607 122.346153 390.026062
v -101.605370 121.685753 381.930542
v -102.210243 122.018669 382.901154
v -101.761551 122.866547 386.149994
v -102.146736 123.089790 387.786560
v -102.681671 122.873741 389.130157
v -102.943062 122.847252 390.502075
v -103.487556 122.409584 391.849945
v -103.903770 121.640717 392.827637
v -102.956543 121.551331 381.912079
v -102.437927 121.389229 382.314117
v -103.859367 123.298241 389.147156
v -104.014046 123.019539 390.301788
v -104.372314 123.296089 391.918518
v -104.508095 123.445221 393.354706
v -105.475105 123.539963 395.438110
v -106.645500 125.211433 399.098663
v -107.914268 126.823044 403.023132
v -108.809784 126.517471 405.733368
v -103.174026 122.610870 382.617859
v -104.007950 120.601631 383.282806
v -104.514938 122.768723 388.566315
v -104.789375 123.610771 389.821777
v -105.225227 124.159081 391.652496
v -105.673157 124.471008 393.602051
v -106.315392 125.070076 395.667480
v -107.401588 125.277740 399.191895
v -108.333458 126.954308 402.795532
v -108.726250 127.047951 404.919891
v -104.451065 121.616638 383.402344
v -104.861847 121.130943 384.608490
v -105.205833 121.595604 386.335083
v -105.439255 121.652298 387.955292
v -105.503326 121.631470 389.172882
v -105.636978 121.798775 390.764008
v -106.807022 122.787819 394.032990
v -107.297714 124.503387 395.976013
v -108.604309 124.754036 399.719330
v -109.917313 127.195114 403.868164
v -111.749573 128.526733 408.596344
v -112.970406 130.073380 412.416840
v -113.883774 127.466431 414.237610
v -110.022453 117.546654 397.997467
v -108.562851 122.296326 396.843781
v -109.486496 123.571220 399.797150
v -110.699638 125.579010 403.629883
v -112.042091 128.096588 407.754486
v -113.179916 130.043686 411.567047
v -114.028061 128.762878 413.648407
v -94.678474 125.243454 400.437592
v -94.969406 126.475098 402.086823
v -95.542130 127.298195 403.695618
v -95.992989 127.889297 405.734375
v -96.403755 128.317520 407.866913
v -96.848251 128.076401 409.455322
v -96.124527 123.088203 400.498444
v -95.430168 126.271202 401.606720
v -96.395828 127.295929 403.481232
v -96.842674 128.523529 405.277130
v -97.238220 128.376083 407.242523
v -97.218750 128.665375 408.889343
v -95.929527 123.816292 396.196472
v -96.058372 124.946930 397.194305
v -96.362106 124.276443 398.581604
v -98.457214 126.188309 404.341980
v -97.524925 127.671532 404.688232
v -97.814049 128.087982 406.336395
v -97.390816 122.787941 396.523315
v -96.479164 124.921471 396.597351
v -96.627930 124.899666 398.029755
v -96.232018 122.792023 383.513031
v -96.314682 123.086952 385.129700
v -96.497719 122.980392 386.271515
v -96.798538 122.865875 387.882202
v -97.103363 121.680061 389.047699
v -97.103554 123.198326 382.103241
v -96.461319 123.895241 382.901611
v -96.588959 124.041458 384.743439
v -96.960152 124.057686 386.699158
v -97.340935 123.914726 388.412964
v -97.783920 122.781784 389.351562
v -97.276176 123.209465 380.619934
v -97.077614 123.635452 381.459564
v -97.221283 124.711243 382.808990
v -98.945831 121.757629 389.856323
v -97.872253 122.666656 380.284149
v -100.151733 121.628616 390.038208
v -99.851822 120.585297 389.907410
v -98.890732 121.915298 380.413452
v -100.416962 121.989502 389.743286
v -100.871780 120.141792 389.821106
v -100.012154 120.943771 380.907990
v -101.892128 120.642761 390.248444
v -102.366745 119.153687 390.409576
v -100.960381 120.575157 381.231995
v -101.879128 119.273369 382.262451
v -102.569778 121.669327 390.512024
v -103.095917 120.296066 391.353973
v -104.172180 120.569832 393.021240
v -101.889664 121.009941 381.782776
v -102.643456 119.477936 382.419647
v -104.430283 119.760010 392.090240
v -104.575211 121.853462 393.510620
v -105.251671 122.245094 395.200867
v -106.566345 124.120110 399.149506
v -107.925591 125.691345 403.238373
v -109.111519 124.212578 405.733215
v -103.286583 120.127235 382.721466
v -104.043625 118.583679 383.756165
v -104.478867 117.811241 385.017151
v -105.553825 117.634666 393.045074
v -105.400795 119.740913 393.059784
v -106.083290 121.568748 395.538513
v -107.430733 123.353165 399.659851
v -108.766792 125.956703 403.977997
v -109.574112 124.684372 406.419800
v -104.471230 119.646523 383.984222
v -104.887596 119.203705 385.240021
v -105.283592 119.219276 386.790344
v -105.662827 119.263649 388.592224
v -106.042915 119.481224 390.411072
v -106.102646 119.379288 391.786377
v -106.135757 119.998550 393.314697
v -107.551247 120.827087 396.851990
v -108.732895 122.814682 400.686768
v -109.968102 126.375610 404.522919
v -111.975456 127.540321 409.304138
v -113.031509 128.697617 412.775543
v -114.013947 124.141991 414.292969
v -107.982162 120.861656 395.802429
v -109.098991 121.593834 398.820068
v -110.189362 123.378136 402.348328
v -111.536934 125.942368 406.378845
v -112.885765 128.219376 410.549072
v -113.733711 128.834457 413.445404
v -114.402580 124.671242 414.790894
v -94.542084 124.506248 400.827667
v -94.866211 125.724594 402.049988
v -95.352486 125.826523 403.861176
v -95.498184 126.164391 405.999023
v -95.906639 126.455246 407.997955
v -96.514885 126.034164 409.342255
v -94.820244 125.437553 400.786591
v -95.602104 125.969040 402.330078
v -96.274132 125.755768 403.703339
v -96.986534 125.337463 405.338531
v -97.491478 126.944405 407.753601
v -97.171303 126.953690 409.310242
v -95.788948 123.218330 396.316223
v -95.930923 124.114708 397.090698
v -96.544518 123.459030 398.838715
v -97.141464 126.937553 404.318634
v -97.671638 127.009300 405.883881
v -98.130249 127.619316 407.228058
v -96.024185 124.129112 396.020844
v -96.556572 124.560173 397.430573
v -96.902466 124.153397 399.315826
v -96.188034 121.740555 384.282288
v -96.119057 122.108070 384.508240
v -96.497795 121.749847 386.230133
v -96.665245 121.207451 388.112701
v -97.142960 120.146263 388.873901
v -96.569939 121.809143 381.291199
v -96.238953 121.932945 382.662231
v -96.743629 121.379158 384.205963
v -97.123177 119.107162 385.419312
v -97.821732 121.304749 388.974457
v -98.605087 118.562714 389.804962
v -97.252472 121.240425 379.942169
v -96.883171 121.653542 380.409363
v -98.751755 120.573128 389.324860
v -99.002510 119.883301 389.701416
v -97.979202 120.616386 379.828613
v -99.891968 119.742935 389.707428
v -99.973305 119.045799 389.389130
v -98.971375 120.005447 380.049805
v -100.856834 119.212914 389.714569
v -100.941071 118.025932 389.288208
v -100.004868 119.232666 380.386200
v -101.653358 119.664963 390.296661
v -102.012291 117.849167 389.909210
v -100.904953 119.286636 381.142456
v -101.878662 117.425850 382.151154
v -102.974350 118.181541 390.677643
v -104.167450 116.808250 392.319000
v -102.736153 117.439964 382.829102
v -103.817375 117.748909 390.814667
v -104.195335 117.093956 391.581390
v -103.483604 117.681168 383.156799
v -104.125313 116.547066 384.367767
v -104.651817 115.822388 385.831116
v -105.203941 118.680611 392.042969
v -105.723343 117.588463 392.624268
v -104.978386 117.247833 386.018707
v -105.455269 116.562294 387.549622
v -105.889915 116.365402 389.556580
v -106.268013 116.512543 391.281342
v -106.415222 116.828781 392.434052
v -106.145988 117.897362 392.847198
v -95.597504 123.808334 405.101562
v -95.675797 124.382111 406.191986
v -96.126297 124.703171 408.064575
v -96.934395 123.061554 409.694641
v -95.873154 124.563736 404.914856
v -96.496933 124.608604 406.762573
v -96.866440 125.108360 408.548523
v -97.370605 124.012177 410.089630
v -96.731468 117.809120 387.358276
v -97.052071 118.961617 388.164185
v -97.473801 117.050751 389.326904
v -96.799782 119.852524 382.158569
v -96.764732 120.099541 382.235443
v -97.250496 119.408325 383.821899
v -97.045364 119.355194 385.805450
v -97.579216 117.389755 387.188904
v -98.110100 118.719803 389.005096
v -98.828888 117.493057 390.594513
v -97.301247 118.960388 379.546356
v -96.893600 119.239059 380.530212
v -97.464928 118.764465 382.143402
v -98.096764 116.361137 383.875336
v -99.156898 116.492065 390.454651
v -99.321236 118.925995 389.569244
v -97.908691 118.765816 379.485443
v -98.810692 116.809097 380.210449
v -99.830048 117.462700 388.811829
v -99.186134 117.345772 379.773193
v -99.850861 115.833977 381.632477
v -102.492058 113.006401 390.888855
v -101.070633 116.855812 388.916046
v -100.036720 117.357422 380.197968
v -101.168091 115.488899 381.412659
v -102.563225 113.722397 390.637451
v -101.907806 115.714706 388.769958
v -100.988098 117.525055 381.088257
v -102.049072 115.498901 382.196777
v -103.145035 115.880234 390.181000
v -104.258430 114.992546 392.221191
v -102.837708 115.501648 382.946686
v -103.870613 113.848595 384.474304
v -104.150620 115.953659 390.936127
v -104.482567 115.858727 391.728149
v -103.531479 115.558022 383.426971
v -104.403824 114.693062 385.286987
v -105.060249 113.874252 387.111450
v -105.727051 112.627472 389.024628
v -105.016258 116.675735 391.701233
v -105.367111 115.261276 392.039520
v -105.299965 115.032585 387.172180
v -105.784470 114.084953 388.761047
v -106.223587 113.673378 390.494202
v -106.518723 113.884216 391.977020
v -106.649826 114.821762 392.948761
v -106.362701 115.943428 393.209900
v -97.652237 115.286598 385.144867
v -97.784866 116.413338 385.706604
v -98.329964 116.689461 386.929688
v -98.537819 115.577423 388.517273
v -99.369156 112.815620 390.684631
v -97.568954 116.489021 380.631714
v -97.585587 116.986961 380.328217
v -98.088127 116.035286 381.802002
v -97.886620 116.544540 383.551147
v -98.560242 114.923378 385.796173
v -99.279930 112.747437 387.699341
v -98.989235 115.860229 389.111877
v -99.428009 116.262634 389.022766
v -100.340446 115.985321 391.823700
v -101.268967 117.375259 396.383484
v -102.579094 116.806419 402.532043
v -104.106232 115.467514 408.522430
v -105.150528 110.020111 411.651703
v -97.744919 117.079178 379.639038
v -98.575012 115.359543 380.507751
v -99.255455 112.896515 382.988373
v -100.071686 115.980370 389.265137
v -100.744286 116.099014 391.155273
v -101.478523 117.249748 393.858459
v -102.430885 117.240494 399.945435
v -104.211899 116.283730 407.050690
v -105.275238 112.106895 410.924774
v -99.943192 114.840553 381.063538
v -99.753128 115.149445 380.477386
v -101.539101 113.316551 389.353149
v -100.841133 115.392876 388.345581
v -101.702965 115.298630 390.857941
v -102.211273 115.366302 392.570709
v -99.987091 115.646095 380.237701
v -101.069382 114.146606 381.374451
v -102.170265 113.790985 390.119507
v -101.912369 114.315536 388.717560
v -102.402725 114.061035 389.622131
v -102.692383 114.143196 391.776581
v -102.066963 113.968254 382.430237
v -103.121094 112.169846 383.839508
v -103.091820 114.025047 389.582520
v -103.579865 113.598587 390.587921
v -102.952652 114.058945 383.416290
v -103.965332 112.101128 384.840973
v -103.901283 114.291702 390.502258
v -104.904457 114.123665 392.038574
v -105.905563 114.288223 394.804657
v -104.653595 112.604538 385.942413
v -105.866112 111.555450 388.583099
v -107.245689 103.501610 391.991547
v -105.779716 114.493187 393.098663
v -106.551552 114.412750 395.141846
v -107.885857 102.921295 391.283386
v -106.556343 112.233208 390.390900
v -106.668640 111.345184 391.639893
v -106.725037 111.489014 392.650055
v -106.704910 113.105103 393.445343
v -106.725342 113.626717 393.753143
v -107.256660 113.975914 395.604370
v -98.845345 112.298958 389.043884
v -99.057724 113.193764 390.129303
v -99.740242 111.971184 391.585907
v -98.647804 112.133850 383.622406
v -98.723717 113.798523 384.178253
v -99.296295 113.513336 386.164398
v -99.308289 114.241325 387.286987
v -99.806763 112.009941 389.492645
v -99.868973 114.436859 390.212524
v -100.607368 114.543739 392.688507
v -101.254288 115.670822 396.623352
v -102.562737 115.362312 403.000275
v -104.176178 112.841782 409.126495
v -105.466896 103.969193 411.403778
v -99.549858 112.094185 382.902161
v -98.998062 113.864136 382.199554
v -99.683228 112.311226 384.031769
v -100.459930 112.625534 385.933136
v -100.465820 110.934219 388.248413
v -100.695740 110.480690 389.677399
v -100.898880 110.536850 390.830200
v -101.378151 111.505486 392.880493
v -101.735519 116.043907 395.742828
v -103.478905 115.461891 404.641632
v -105.100891 112.090767 410.432037
v -105.858871 104.794052 411.955994
v -99.535896 113.327377 381.031525
v -100.634735 112.408272 382.404785
v -100.862816 111.324890 385.172272
v -101.405739 108.171951 386.836365
v -103.241829 106.801109 392.331055
v -102.156662 111.029274 391.637787
v -102.024788 113.793518 391.720123
v -100.808640 112.984459 381.627441
v -101.886200 111.037796 383.000458
v -103.307610 109.217461 391.928162
v -102.858559 111.616112 390.514648
v -103.444923 112.152008 392.946930
v -101.931366 112.678940 382.631409
v -103.018692 110.792557 384.086853
v -103.852180 112.943443 391.558899
v -104.206596 111.506363 393.126160
v -104.733345 108.529282 384.814331
v -104.004028 109.882652 384.529572
v -104.929649 113.988838 393.201660
v -106.215652 113.210304 396.097107
v -107.220612 113.085190 399.453705
v -106.278618 107.412277 385.724213
v -105.245506 108.684845 385.624634
v -106.922501 106.964211 389.539673
v -107.201012 114.570992 397.575073
v -108.199913 114.475731 401.162018
v -109.732498 115.530792 405.568939
v -110.605362 115.339058 407.359497
v -107.704697 107.031357 388.643250
v -106.947426 108.461960 389.036713
v -107.045830 109.282295 391.152985
v -107.355743 109.319069 393.017090
v -107.371750 109.547981 394.023926
v -107.305527 111.376610 394.877014
v -107.759445 112.352448 396.391846
v -108.303177 113.354965 398.128601
v -109.272751 114.574196 401.385681
v -110.435837 115.950562 405.325928
v -111.344101 116.777809 408.803467
v -112.286484 117.111023 411.150940
v -112.891129 116.388466 412.218933
v -109.579758 99.584846 392.164581
v -107.866402 107.846382 390.970062
v -109.092636 109.679550 394.010529
v -108.669060 108.705437 394.921173
v -108.780418 109.157494 396.269714
v -108.924080 111.042358 397.462067
v -109.461800 112.113548 399.320648
v -110.291145 113.359291 401.996704
v -111.364868 114.960922 405.354401
v -112.258163 116.411324 408.317566
v -112.968163 116.913391 410.999603
v -113.116653 117.148643 411.975189
v -111.705864 98.836517 396.210480
v -109.875168 107.932732 395.524933
v -110.043663 108.800705 397.092865
v -110.163818 109.950005 398.394196
v -110.462135 111.612381 399.968170
v -111.056992 112.725449 402.093628
v -111.886971 113.727821 404.757446
v -112.823875 114.953880 407.518860
v -113.462692 115.446259 409.422974
v -100.996330 107.742188 387.975220
v -101.018234 108.395584 388.746277
v -101.276306 107.758644 390.347748
v -101.458138 107.151100 391.559235
v -102.681381 102.162857 394.450470
v -101.268944 108.100945 384.983063
v -101.425835 108.998543 385.426086
v -101.288979 109.428261 386.437592
v -101.817162 106.027054 388.726562
v -102.068703 106.019737 390.402771
v -102.101463 107.752632 391.359985
v -102.816025 103.175888 394.274963
v -101.791481 108.995361 383.452637
v -102.068443 106.565010 385.489960
v -102.460327 105.720520 387.463470
v -102.863449 105.945549 389.720703
v -102.695221 106.207184 389.892822
v -103.325073 108.842949 391.006744
v -103.349358 109.171867 391.748932
v -104.474213 109.509712 395.003571
v -102.944313 108.294662 384.049683
v -104.520905 107.460869 392.803558
v -105.254738 109.117958 394.896118
v -104.798477 110.619133 394.933044
v -104.431854 106.919113 384.345215
v -103.868164 107.962944 384.547119
v -106.082848 109.240784 396.188812
v -106.987465 111.368233 397.654480
v -107.749008 112.085556 400.317596
v -104.917450 107.665848 384.870453
v -105.827972 106.068146 386.190704
v -108.260277 110.972961 400.351257
v -109.118309 112.546608 402.578949
v -110.112930 114.121605 405.955933
v -110.949326 113.279083 407.521515
v -106.414787 107.456894 387.473602
v -107.040695 106.124550 388.856171
v -107.769981 105.766891 390.502899
v -110.605568 111.950729 404.662842
v -110.828178 112.647476 406.491638
v -111.301781 114.657280 408.895477
v -112.264915 114.941078 411.252228
v -113.087563 114.978722 412.020538
v -107.751213 106.675079 390.239929
v -108.256966 106.703308 391.562775
v -108.938156 106.088974 392.894104
v -113.219849 115.530708 411.987610
v -113.547447 115.292755 412.746887
v -109.782738 106.706436 394.656006
v -110.281517 107.030388 396.051514
v -110.525055 108.771378 397.883636
v -110.583672 110.071487 399.284210
v -110.942879 110.871712 400.792358
v -111.656647 111.494736 402.992584
v -112.540520 112.341667 405.944580
v -113.378006 113.578178 408.854370
v -113.690605 114.526276 410.819275
v -114.241554 114.345886 412.161926
v -102.647751 104.666740 385.508728
v -102.574783 105.893471 386.209747
v -102.979279 105.501953 388.188751
v -103.256927 105.887726 389.739990
v -103.364403 106.266068 390.625275
v -104.112915 104.987198 391.892548
v -103.070778 105.092651 384.489227
v -103.355698 104.098381 386.429413
v -103.755966 104.311577 388.633209
v -104.653343 104.530251 390.238556
v -104.747353 105.514748 391.938171
v -104.886383 106.944984 392.733002
v -105.661652 107.117432 394.753326
v -104.456879 103.778107 384.246063
v -103.936607 104.895164 384.569489
v -106.031204 102.848190 391.809784
v -105.894623 105.013145 392.776184
v -106.718651 106.269150 395.206940
v -106.598076 108.196388 396.416382
v -107.325012 108.574974 398.028931
v -105.641426 104.458237 385.083344
v -106.974731 103.484520 387.142273
v -109.020416 104.741829 395.475372
v -108.051956 106.562508 396.449585
v -108.106964 107.329895 397.966064
v -108.276100 109.337280 399.987457
v -109.445457 109.606606 402.017639
v -107.601173 101.198074 386.153137
v -106.782654 104.300552 386.941010
v -107.371964 103.856873 389.039948
v -107.975883 104.112846 390.919250
v -108.609909 104.131569 392.546173
v -108.818008 105.541710 395.012909
v -109.097755 106.520256 396.872650
v -109.303970 107.423378 398.802368
v -109.752419 108.501495 401.006073
v -110.206718 110.411354 403.639038
v -111.157478 111.232079 406.435516
v -111.786713 112.402504 408.872467
v -112.529442 111.612396 409.814697
v -108.435692 105.645340 391.934845
v -109.118881 105.710304 393.581390
v -109.627296 106.084908 395.416138
v -109.841492 106.962769 397.491028
v -110.006638 107.714012 399.183685
v -110.384659 108.379234 400.991455
v -111.118973 109.136459 403.558380
v -111.946091 110.148300 406.473633
v -112.486397 111.298248 408.890167
v -112.881721 113.051651 410.941772
v -114.055519 112.205978 411.925171
v -109.744118 105.877571 394.590515
v -110.193115 107.005089 396.422577
v -110.718925 107.855568 399.020203
v -110.767296 108.453323 400.059692
v -111.298103 109.431862 401.735657
v -111.919548 110.001099 404.028198
v -112.601341 110.734245 406.563812
v -113.162781 111.473877 408.719635
v -113.836830 112.198296 410.882355
v -114.574455 112.664764 413.040497
v -115.953133 110.532799 414.726807
v -112.816513 104.634933 399.860077
v -112.262894 108.751183 401.272827
v -112.436546 108.828125 401.912933
v -113.008263 109.346069 403.616028
v -113.800873 109.888031 406.006653
v -114.569366 110.823418 408.537659
v -115.195183 111.584885 410.680481
v -115.876785 111.279343 412.472565
v -116.213608 110.283607 413.914124
v -114.388260 105.102547 402.118469
v -113.703064 108.697464 402.701447
v -114.222542 109.070816 404.393616
v -114.890030 108.956352 406.196075
v -115.576820 109.206360 408.313141
v -116.151176 109.482361 410.448242
v -116.626968 108.984756 411.417603
v -100.931007 107.429604 410.995422
v -101.152534 107.668999 412.205109
v -101.659454 109.103043 414.879822
v -102.076454 109.952248 417.174164
v -100.975159 103.706009 404.339569
v -101.216454 105.696121 406.784241
v -101.610268 107.958000 410.238678
v -102.001083 107.957275 411.933594
v -102.473892 108.699677 414.392670
v -103.173477 109.962585 417.158661
v -104.093575 110.028374 419.683258
v -104.459351 109.441399 420.789948
v -102.824951 99.090988 404.559784
v -101.520287 105.824989 406.921997
v -102.581528 106.989479 409.161530
v -103.224762 107.400429 411.542236
v -103.721764 107.607590 414.002197
v -104.374596 108.535034 416.778931
v -104.998901 109.460892 419.315369
v -105.816551 109.346512 421.322845
v -106.635956 110.082794 423.369049
v -107.085617 111.044495 424.607758
v -101.645813 101.112602 398.306000
v -102.056175 102.308311 400.689911
v -102.377190 103.454445 403.186829
v -102.626221 105.460266 406.414062
v -103.485649 106.425362 408.858734
v -104.263176 106.923225 411.198975
v -104.858040 107.283897 413.717560
v -105.562881 108.010620 416.526581
v -106.273918 108.891563 419.132355
v -106.880211 109.804588 421.375885
v -107.479843 110.682922 423.352661
v -108.260078 111.612495 424.934723
v -109.135651 112.337921 425.981903
v -109.876450 109.943222 426.878967
v -100.944290 99.660660 391.101013
v -101.211189 100.365341 393.261597
v -101.644905 101.340622 395.862762
v -101.954147 102.466743 398.463257
v -102.684509 103.076363 400.877411
v -103.255196 103.891808 403.384521
v -103.866966 105.305771 406.087891
v -104.604706 106.360703 408.876587
v -105.300560 106.980789 411.225861
v -105.952644 107.724670 413.695923
v -106.652466 108.544029 416.534210
v -107.396675 109.516640 419.179657
v -108.129723 110.248085 421.464874
v -108.733192 110.786835 423.296356
v -109.305420 111.801277 425.034515
v -109.869896 112.575798 426.235626
v -110.063461 111.519791 427.048889
v -101.822205 99.477943 386.845917
v -101.711624 100.346123 388.254639
v -101.687019 100.707741 390.183044
v -102.054680 101.570869 393.226746
v -102.621544 102.105484 396.004089
v -102.997429 103.424713 398.679108
v -103.515297 104.167374 401.092834
v -104.220161 104.817635 403.644257
v -104.864708 106.149620 406.540131
v -105.666664 107.363655 409.351776
v -106.427025 108.043633 411.669800
v -107.150993 108.624260 414.049469
v -107.853622 108.921570 416.541199
v -108.526634 109.741058 418.995331
v -108.732101 110.818016 421.197083
v -109.486290 111.064072 423.023621
v -110.075821 111.451935 424.534546
v -110.565834 111.264046 425.674591
v -102.679955 100.773857 386.297302
v -102.613419 101.579544 388.076080
v -103.026299 101.996880 390.033691
v -103.479683 102.363853 392.723969
v -104.006073 102.867775 395.768707
v -104.307266 104.035805 398.594727
v -104.516342 104.838348 401.157196
v -104.710251 105.280624 403.273499
v -105.462944 106.215698 406.200073
v -106.998840 108.293938 410.209351
v -107.563492 109.437965 412.186218
v -108.135216 109.791351 414.441803
v -108.510170 109.350670 416.151367
v -109.029663 108.343735 417.533112
v -103.729561 100.185059 384.449677
v -103.402725 101.922188 385.172150
v -103.319038 102.701790 387.262878
v -103.794548 102.640251 389.166504
v -104.718483 103.027824 391.393311
v -105.335983 103.311859 394.936676
v -105.770714 104.491974 398.015167
v -106.262390 106.294296 401.335571
v -107.262131 107.432076 403.793060
v -108.051765 108.200508 406.713684
v -108.155441 109.579521 409.768738
v -108.798782 110.106331 412.001282
v -109.508224 110.446442 413.997192
v -110.495796 107.775345 414.201813
v -104.320930 101.662590 384.587891
v -103.603065 102.632477 384.332153
v -105.398003 103.883705 391.563965
v -106.038551 104.073555 393.766937
v -106.877129 105.218513 397.174255
v -107.682312 106.282661 400.468079
v -108.065865 107.529411 403.341492
v -108.346756 108.459488 405.820923
v -108.986649 108.868095 408.459015
v -109.644867 109.435623 410.843018
v -110.393684 109.422501 412.900482
v -110.712608 108.430412 413.810760
v -105.319374 100.878502 384.296265
v -108.735413 104.728180 396.444794
v -108.257256 104.931969 397.433929
v -108.928162 105.512337 399.985718
v -109.540451 106.846947 402.865753
v -110.451881 106.749397 405.172485
v -110.970062 107.581223 407.079285
v -111.419968 108.112274 409.146576
v -111.907921 107.599709 410.363098
v -106.290932 101.284103 385.197418
v -107.253586 100.629791 387.106415
v -108.058548 101.795982 389.696747
v -108.633194 102.465965 391.854706
v -109.172028 103.133194 394.028442
v -109.334663 103.680504 395.915222
v -109.879272 103.659012 397.853271
v -110.280312 104.674538 399.971619
v -110.833038 105.827423 402.461334
v -111.345146 106.798515 404.966431
v -111.783112 107.749687 407.131042
v -112.229317 108.462616 409.254669
v -112.437950 109.094002 411.113495
v -113.319092 107.506859 412.243744
v -109.434341 98.842064 389.137817
v -108.575089 100.517601 388.959778
v -109.133949 101.446068 391.667664
v -109.898880 102.648567 394.012238
v -110.248978 103.419746 396.075531
v -110.731850 104.134384 397.949768
v -111.241890 104.716331 399.779846
v -111.716743 105.564873 401.955841
v -112.214172 106.574577 404.589508
v -112.655426 107.542175 406.960052
v -113.119827 108.396362 409.253723
v -113.594925 109.202667 411.412231
v -113.978416 109.030334 412.756866
v -111.498123 101.780869 393.543304
v -110.583885 102.067986 393.842255
v -110.941879 104.506096 397.419220
v -110.741348 105.380333 398.269135
v -111.080444 105.965019 399.364868
v -111.744537 106.365005 401.259216
v -112.376999 107.092583 403.987518
v -112.940063 108.241234 406.676086
v -113.546837 109.299133 409.128174
v -114.192505 110.108749 411.262787
v -114.868065 110.253807 413.371460
v -116.020142 109.283943 415.496613
v -116.713577 106.788857 417.104462
v -112.688484 103.952652 398.406158
v -112.036385 107.002914 400.155579
v -113.381882 104.742050 400.960510
v -117.016129 108.497261 413.910522
v -116.912689 109.015854 415.638458
v -117.167931 107.189735 416.832153
v -114.487885 98.803741 399.511841
v -113.351173 104.668655 399.540253
v -113.525513 107.283920 402.041656
v -114.567612 106.778282 403.997040
v -115.217995 106.880020 405.753967
v -115.853699 106.967873 407.551788
v -116.411766 107.085350 409.575195
v -116.958527 107.415062 411.538361
v -117.205360 107.990204 413.002106
v -117.589043 106.965790 414.757172
v -118.208649 106.157349 416.200226
v -100.806068 106.628952 410.828278
v -100.673363 107.600815 412.405914
v -101.423286 108.804100 415.320953
v -101.870956 109.742180 418.404877
v -102.696617 108.770584 420.091522
v -102.972839 107.963425 421.039246
v -101.148567 101.355911 404.539246
v -100.910255 105.347458 407.140686
v -101.020927 107.076424 411.533875
v -101.335320 106.741043 412.858521
v -102.015396 108.333878 415.920532
v -102.433304 110.310112 418.433533
v -103.202126 110.184128 420.048492
v -103.861145 108.976418 421.765930
v -104.861565 109.016861 423.233246
v -101.157257 104.193100 405.104980
v -101.360634 105.653839 407.698181
v -102.079781 106.541206 410.008240
v -102.853859 106.032822 411.897705
v -103.708412 106.226616 414.144287
v -105.089325 109.359863 421.925201
v -105.911201 109.617973 423.609253
v -107.033997 109.970085 424.914490
v -107.958389 107.724152 425.955200
v -101.557022 100.936043 398.151398
v -101.615173 101.553886 400.160339
v -102.126228 103.459564 403.198181
v -102.129761 105.700020 407.307648
v -103.445107 106.503967 410.592987
v -103.818359 105.425751 412.200439
v -104.511551 104.351280 413.026459
v -107.772736 111.550301 425.201874
v -108.412506 109.900185 425.847900
v -109.914322 108.494591 427.294098
v -100.717621 99.400467 390.916260
v -100.752747 99.624969 392.559052
v -101.157448 100.591278 395.201599
v -101.499870 101.411346 397.730011
v -102.239647 102.270332 400.187378
v -103.038696 104.055969 403.634460
v -103.588982 105.344749 406.950500
v -104.372177 105.927254 409.395844
v -105.254089 106.285294 411.599121
v -106.128677 107.152832 414.183044
v -106.908257 108.083351 416.726532
v -107.581741 109.102806 419.336090
v -108.205704 109.567650 421.444672
v -108.956741 109.858597 423.267975
v -109.448540 111.245499 425.032013
v -109.731659 110.031281 426.287628
v -110.591034 108.172142 427.454620
v -101.645699 97.818344 386.805206
v -101.346695 99.238701 387.926178
v -101.345284 99.409286 390.423523
v -101.595688 100.276268 392.568604
v -102.066910 101.168526 395.145782
v -102.653320 102.196808 397.728333
v -103.323776 103.319458 400.751617
v -103.979675 104.326645 403.847168
v -104.806290 105.260216 406.985046
v -105.585205 106.289238 409.747833
v -106.407730 107.385567 412.191895
v -107.201981 108.334854 414.891083
v -107.908134 109.126785 417.544159
v -108.503296 109.416344 419.877045
v -109.068626 110.482048 422.329834
v -109.738922 110.825874 423.917938
v -110.254448 111.453033 425.442413
v -110.931412 110.560326 426.544617
v -101.855598 99.423378 386.597321
v -102.253677 99.559532 387.732117
v -102.636230 100.490921 390.427734
v -103.134850 101.459305 393.072205
v -103.450241 102.231270 395.495270
v -103.788673 102.887375 398.143829
v -104.558968 104.108459 401.606995
v -104.941872 104.839813 404.648682
v -105.764984 105.996925 407.852692
v -106.567932 107.224083 410.388458
v -107.546051 107.951126 412.558807
v -108.259453 108.981331 415.325470
v -108.949760 108.682747 417.748993
v -109.186447 107.852364 417.604767
v -103.622620 99.151466 384.320709
v -103.291710 99.609764 385.769318
v -103.799217 99.591347 388.228790
v -103.969421 100.643272 390.917358
v -104.304588 101.543846 393.200684
v -105.397667 102.712151 396.064697
v -105.345612 103.496277 398.546478
v -106.039116 105.031235 401.272797
v -106.997803 106.372314 403.830841
v -107.630508 107.363731 406.948090
v -107.999924 108.279099 410.188812
v -108.789017 108.047562 412.428375
v -109.525642 108.740623 414.265350
v -110.740715 104.905418 413.508362
v -103.992706 99.134705 384.191284
v -104.692802 98.829689 386.088165
v -104.964737 99.007179 387.290924
v -106.449730 102.657959 396.470306
v -106.665474 103.776245 398.423096
v -107.197563 104.889404 401.222809
v -108.466980 105.379486 404.112152
v -108.475304 107.633698 407.509674
v -109.272881 108.090179 410.059235
v -110.095856 108.240456 412.311554
v -110.805260 107.205055 413.811890
v -111.313286 103.638901 413.808350
v -105.343887 98.660004 384.815399
v -105.835106 97.430176 384.890533
v -109.582108 102.049278 398.448883
v -109.159286 103.256203 400.030914
v -109.550980 104.538315 402.831116
v -110.237373 105.675392 404.936127
v -110.757408 106.181061 406.877197
v -111.245682 106.704002 408.826416
v -112.090950 106.423820 409.836456
v -106.394859 98.770226 384.939392
v -107.182747 98.331772 386.315613
v -107.846313 98.255379 387.973572
v -110.135216 102.797684 398.881805
v -109.902191 103.190750 400.559509
v -110.414505 103.724373 402.694885
v -111.008598 104.208549 404.972839
v -111.470688 105.075859 406.993286
v -112.112144 106.041779 408.824524
v -112.295471 107.490723 410.893890
v -113.586205 106.392738 411.648193
v -108.081268 99.435326 387.710510
v -108.709679 98.881142 389.652008
v -110.342522 100.395172 391.724701
v -112.977676 104.769928 407.714325
v -113.195808 106.187897 408.982666
v -113.665756 106.485573 410.960968
v -113.873344 107.418785 412.547333
v -110.843819 97.751862 391.012299
v -109.682785 100.050407 391.850281
v -110.713707 101.015297 395.067078
v -112.211823 102.885513 396.966888
v -114.606262 104.796844 408.159088
v -114.142319 105.316742 409.255676
v -114.749603 105.876122 411.296539
v -115.114777 107.792030 413.212799
v -116.050415 106.380569 415.702667
v -117.108147 103.707329 416.053406
v -112.896027 99.564087 396.263397
v -111.867821 101.850708 397.168243
v -116.186340 105.010872 412.177399
v -116.587288 105.677147 413.687378
v -116.977310 104.631416 415.698853
v -117.178734 105.118942 417.022156
v -113.314583 102.814262 398.560944
v -113.861526 103.061501 400.276733
v -114.442596 103.687096 402.460419
v -115.021843 103.913391 404.294922
v -115.620712 104.054764 406.056091
v -116.127007 104.241753 407.996887
v -116.631699 104.248810 410.110596
v -117.245209 105.636513 411.852295
v -117.560402 105.457832 414.114380
v -117.956848 105.159645 416.026398
v -118.605316 103.421547 416.152802
v -102.075783 106.865013 418.121521
v -102.619652 106.837685 419.981140
v -103.231194 104.767937 420.441650
v -101.598709 103.371117 410.731567
v -101.860069 104.585930 412.927490
v -102.424408 106.891357 416.010071
v -102.442757 108.079285 418.625793
v -103.479813 107.203926 420.413147
v -103.931725 106.884186 422.125793
v -105.189110 106.142517 422.618500
v -101.744003 104.844635 411.183990
v -102.619514 105.124603 413.622040
v -103.392105 106.822327 416.309570
v -104.226418 107.395851 418.491180
v -104.960686 107.488342 420.625275
v -105.621307 107.422684 422.394653
v -105.911552 107.699944 423.900665
v -107.202667 107.999252 425.041534
v -108.456657 102.312904 425.900848
v -104.095978 102.412285 410.214081
v -104.309753 104.358864 412.348969
v -104.560692 106.901001 415.725220
v -105.566170 107.054085 418.148315
v -106.298485 107.143158 420.300232
v -106.860565 107.723442 422.297546
v -107.529579 108.084641 423.960693
v -108.268616 106.784538 425.033264
v -108.733734 107.292152 425.919861
v -104.271339 104.658958 410.899292
v -105.042130 105.709740 413.299194
v -105.861198 106.996887 415.961792
v -106.690582 107.422226 418.366608
v -107.340561 107.742088 420.501526
v -107.976501 108.330009 422.546417
v -108.601845 108.945740 424.166840
v -109.217033 109.096703 425.322906
v -109.828918 107.007652 426.373016
v -104.404495 99.166840 388.731323
v -104.478134 99.479469 390.536194
v -105.102478 100.698273 393.059235
v -105.557823 100.899963 393.904114
v -105.181534 97.383118 386.400787
v -104.852684 98.272095 388.288239
v -105.455132 99.143394 390.457336
v -106.115227 100.229149 393.038391
v -106.602341 101.823929 395.901581
v -107.044876 102.382553 397.790619
v -107.727264 103.058319 400.538422
v -108.709473 102.846794 401.699402
v -106.068687 96.230064 384.377563
v -105.562630 97.188560 386.191803
v -106.115700 97.776505 387.915680
v -106.726082 98.769035 390.636993
v -107.206436 99.658058 393.054749
v -107.660088 100.702133 395.501984
v -108.262100 101.674553 398.312469
v -108.643326 102.807571 400.947662
v -109.054718 103.262245 402.182953
v -106.135574 96.665794 384.475067
v -106.662941 97.209557 386.280304
v -107.262207 97.752182 388.522491
v -107.900070 98.002472 390.549286
v -108.457893 99.051453 393.123383
v -108.956802 99.868271 395.742218
v -109.451675 100.946037 398.043152
v -110.381416 101.504539 400.283783
v -110.921539 101.963272 402.702942
v -111.386856 102.335587 404.839722
v -112.396584 102.108742 405.813904
v -108.423103 97.507423 388.980682
v -109.111626 97.732819 390.953369
v -109.720108 98.889885 393.544220
v -110.336990 99.670677 396.088226
v -110.921600 100.376503 398.498199
v -111.476807 100.902573 401.009369
v -111.923759 101.241219 403.221771
v -112.315285 101.987045 405.224213
v -112.515274 102.963333 406.665863
v -109.532692 97.869141 390.005463
v -110.092781 98.185829 392.056976
v -110.758728 99.019409 394.466675
v -111.465317 99.714615 396.634277
v -112.056175 100.485817 399.229919
v -112.525566 100.168175 401.497894
v -112.900864 100.696136 403.694366
v -113.236107 101.219177 405.668243
v -113.753448 102.237228 407.658051
v -114.485893 103.696892 409.361847
v -115.445206 102.662331 410.224670
v -111.696388 99.769096 395.763336
v -112.436539 99.999901 397.545044
v -113.203911 100.727417 399.980682
v -113.897354 100.718971 402.051483
v -114.493690 100.772926 403.915741
v -114.930862 101.239365 406.007141
v -115.002151 101.999527 407.618042
v -115.589081 102.666756 409.781067
v -115.751221 102.809334 411.130341
v -113.377411 100.783760 398.642029
v -114.134842 101.303810 400.796783
v -114.820282 101.664085 402.940552
v -115.330582 102.051697 404.820923
v -115.797607 102.662468 406.893555
v -116.249741 102.804283 408.762115
v -116.643913 101.993324 410.467499
v -117.253265 100.999947 410.867920
v -113.598747 97.672745 402.251923
v -113.357895 99.231590 403.938293
v -113.661812 99.574173 405.697205
v -114.631088 98.335045 406.411530
v -113.702797 99.172745 402.656586
v -114.228737 99.290672 404.642090
v -114.636696 99.794090 406.512299
v -115.086426 99.103798 406.868225
f 1 2 62
f 2 63 62
f 1 62 70
f 1 70 6
f 1 7 2
f 1 6 7
f 2 3 63
f 3 64 63
f 2 8 3
f 2 7 8
f 3 4 64
f 4 65 64
f 3 9 4
f 3 8 9
f 4 71 65
f 4 9 71
f 5 6 69
f 6 70 69
f 5 69 75
f 5 75 11
f 5 12 6
f 5 11 12
f 6 13 7
f 6 12 13
f 7 14 8
f 7 13 14
f 8 15 9
f 8 14 15
f 9 76 71
f 9 15 76
f 10 11 74
f 11 75 74
f 10 74 79
f 10 79 17
f 10 18 11
f 10 17 18
f 11 19 12
f 11 18 19
f 12 20 13
f 12 19 20
f 13 21 14
f 13 20 21
f 14 22 15
f 14 21 22
f 15 16 76
f 16 77 76
f 15 23 16
f 15 22 23
f 80 81 23
f 80 23 22
f 16 81 77
f 16 23 81
f 17 79 83
f 17 83 25
f 17 26 18
f 17 25 26
f 18 27 19
f 18 26 27
f 19 28 20
f 19 27 28
f 20 29 21
f 20 28 29
f 21 30 22
f 21 29 30
f 22 84 80
f 22 30 84
f 24 25 82
f 25 83 82
f 82 83 86
f 83 87 86
f 24 82 86
f 24 86 32
f 24 33 25
f 24 32 33
f 86 87 33
f 86 33 32
f 25 34 26
f 25 33 34
f 26 35 27
f 26 34 35
f 27 36 28
f 27 35 36
f 28 37 29
f 28 36 37
f 29 38 30
f 29 37 38
f 30 31 84
f 31 85 84
f 30 39 31
f 30 38 39
f 88 89 39
f 88 39 38
f 31 89 85
f 31 39 89
f 33 87 90
f 33 90 40
f 33 41 34
f 33 40 41
f 34 42 35
f 34 41 42
f 35 43 36
f 35 42 43
f 36 44 37
f 36 43 44
f 37 45 38
f 37 44 45
f 38 91 88
f 38 45 91
f 40 90 93
f 40 93 46
f 40 47 41
f 40 46 47
f 93 94 47
f 93 47 46
f 41 48 42
f 41 47 48
f 42 49 43
f 42 48 49
f 43 50 44
f 43 49 50
f 95 96 50
f 95 50 49
f 44 51 45
f 44 50 51
f 96 97 51
f 96 51 50
f 45 97 91
f 45 51 97
f 47 94 100
f 47 100 52
f 47 53 48
f 47 52 53
f 100 101 53
f 100 53 52
f 48 54 49
f 48 53 54
f 101 102 54
f 101 54 53
f 49 102 95
f 49 54 102
f 55 56 105
f 56 106 105
f 55 105 113
f 55 113 63
f 55 64 56
f 55 63 64
f 56 57 106
f 57 107 106
f 56 65 57
f 56 64 65
f 57 58 107
f 58 108 107
f 57 66 58
f 57 65 66
f 58 59 108
f 59 109 108
f 58 67 59
f 58 66 67
f 59 114 109
f 59 67 114
f 60 61 110
f 61 111 110
f 110 111 116
f 111 117 116
f 60 110 116
f 60 116 68
f 60 69 61
f 60 68 69
f 61 62 111
f 62 112 111
f 61 70 62
f 61 69 70
f 62 63 112
f 63 113 112
f 65 72 66
f 65 71 72
f 66 73 67
f 66 72 73
f 67 118 114
f 67 73 118
f 116 117 120
f 117 121 120
f 68 116 120
f 68 120 74
f 68 75 69
f 68 74 75
f 71 77 72
f 71 76 77
f 72 78 73
f 72 77 78
f 122 123 78
f 122 78 77
f 73 123 118
f 73 78 123
f 120 121 124
f 121 125 124
f 74 120 124
f 74 124 79
f 77 126 122
f 77 81 126
f 124 125 128
f 125 129 128
f 79 124 128
f 79 128 83
f 80 85 81
f 80 84 85
f 81 130 126
f 81 85 130
f 128 129 131
f 129 132 131
f 83 128 131
f 83 131 87
f 85 133 130
f 85 89 133
f 131 132 134
f 132 135 134
f 87 131 134
f 87 134 90
f 88 92 89
f 88 91 92
f 89 137 133
f 89 92 137
f 134 135 138
f 135 139 138
f 90 134 138
f 90 138 93
f 136 137 143
f 137 144 143
f 91 98 92
f 91 97 98
f 143 144 98
f 143 98 97
f 92 144 137
f 92 98 144
f 138 139 145
f 139 146 145
f 93 138 145
f 93 145 99
f 93 100 94
f 93 99 100
f 145 146 100
f 145 100 99
f 139 140 146
f 140 147 146
f 146 147 101
f 146 101 100
f 140 141 147
f 141 148 147
f 147 148 102
f 147 102 101
f 141 142 148
f 142 149 148
f 95 103 96
f 95 102 103
f 148 149 103
f 148 103 102
f 142 143 149
f 143 150 149
f 96 104 97
f 96 103 104
f 149 150 104
f 149 104 103
f 97 150 143
f 97 104 150
f 105 106 151
f 106 152 151
f 151 152 158
f 152 159 158
f 105 151 158
f 105 158 113
f 106 107 152
f 107 153 152
f 152 153 159
f 153 160 159
f 107 108 153
f 108 154 153
f 153 154 160
f 154 161 160
f 108 109 154
f 109 155 154
f 154 155 161
f 155 162 161
f 109 162 155
f 109 114 162
f 111 112 156
f 112 157 156
f 111 156 165
f 111 165 117
f 112 113 157
f 113 158 157
f 114 115 162
f 115 163 162
f 162 163 167
f 163 168 167
f 114 119 115
f 114 118 119
f 167 168 119
f 167 119 118
f 115 168 163
f 115 119 168
f 117 165 170
f 117 170 121
f 166 167 171
f 167 172 171
f 118 172 167
f 118 123 172
f 121 170 174
f 121 174 125
f 171 172 175
f 172 176 175
f 122 127 123
f 122 126 127
f 175 176 127
f 175 127 126
f 123 176 172
f 123 127 176
f 125 174 178
f 125 178 129
f 126 180 175
f 126 130 180
f 129 178 182
f 129 182 132
f 179 180 184
f 180 185 184
f 130 185 180
f 130 133 185
f 132 182 186
f 132 186 135
f 183 184 189
f 184 190 189
f 184 185 190
f 185 191 190
f 190 191 137
f 190 137 136
f 133 191 185
f 133 137 191
f 186 187 192
f 187 193 192
f 135 186 192
f 135 192 139
f 192 193 140
f 192 140 139
f 187 188 193
f 188 194 193
f 193 194 141
f 193 141 140
f 188 189 194
f 189 195 194
f 194 195 142
f 194 142 141
f 189 190 195
f 190 196 195
f 195 196 143
f 195 143 142
f 136 196 190
f 136 143 196
f 156 157 197
f 157 198 197
f 156 197 206
f 156 206 165
f 157 158 198
f 158 199 198
f 158 159 199
f 159 200 199
f 159 160 200
f 160 201 200
f 160 161 201
f 161 202 201
f 161 162 202
f 162 203 202
f 207 208 167
f 207 167 166
f 162 208 203
f 162 167 208
f 164 165 205
f 165 206 205
f 205 206 210
f 206 211 210
f 164 205 210
f 164 210 169
f 164 170 165
f 164 169 170
f 166 213 207
f 166 171 213
f 210 211 215
f 211 216 215
f 169 210 215
f 169 215 173
f 169 174 170
f 169 173 174
f 211 212 216
f 212 217 216
f 171 218 213
f 171 175 218
f 215 216 220
f 216 221 220
f 173 215 220
f 173 220 177
f 173 178 174
f 173 177 178
f 222 223 180
f 222 180 179
f 175 223 218
f 175 180 223
f 220 221 224
f 221 225 224
f 177 220 224
f 177 224 181
f 177 182 178
f 177 181 182
f 224 225 182
f 224 182 181
f 227 228 184
f 227 184 183
f 179 228 222
f 179 184 228
f 225 226 230
f 226 231 230
f 182 225 230
f 182 230 186
f 230 231 187
f 230 187 186
f 231 232 188
f 231 188 187
f 232 233 189
f 232 189 188
f 183 233 227
f 183 189 233
f 197 198 235
f 198 236 235
f 197 235 243
f 197 243 206
f 198 199 236
f 199 237 236
f 199 200 237
f 200 238 237
f 200 201 238
f 201 239 238
f 201 202 239
f 202 240 239
f 239 240 244
f 240 245 244
f 202 203 240
f 203 241 240
f 240 241 245
f 241 246 245
f 203 204 241
f 204 242 241
f 241 242 246
f 242 247 246
f 203 209 204
f 203 208 209
f 246 247 209
f 246 209 208
f 204 247 242
f 204 209 247
f 206 243 248
f 206 248 211
f 248 249 212
f 248 212 211
f 244 245 250
f 245 251 250
f 245 246 251
f 246 252 251
f 207 214 208
f 207 213 214
f 208 252 246
f 208 214 252
f 212 249 254
f 212 254 217
f 250 251 255
f 251 256 255
f 251 252 256
f 252 257 256
f 213 219 214
f 213 218 219
f 256 257 219
f 256 219 218
f 214 257 252
f 214 219 257
f 216 217 253
f 217 254 253
f 216 253 258
f 216 258 221
f 218 260 256
f 218 223 260
f 221 258 262
f 221 262 225
f 262 263 226
f 262 226 225
f 259 260 266
f 260 267 266
f 222 229 223
f 222 228 229
f 266 267 229
f 266 229 228
f 223 267 260
f 223 229 267
f 263 264 268
f 264 269 268
f 226 263 268
f 226 268 231
f 268 269 232
f 268 232 231
f 264 265 269
f 265 270 269
f 269 270 233
f 269 233 232
f 265 266 270
f 266 271 270
f 227 234 228
f 227 233 234
f 270 271 234
f 270 234 233
f 228 271 266
f 228 234 271
f 235 236 272
f 236 273 272
f 235 272 278
f 235 278 243
f 236 237 273
f 237 274 273
f 237 238 274
f 238 275 274
f 238 239 275
f 239 276 275
f 239 279 276
f 239 244 279
f 243 278 281
f 243 281 248
f 244 284 279
f 244 250 284
f 281 282 285
f 282 286 285
f 248 281 285
f 248 285 253
f 248 254 249
f 248 253 254
f 282 283 286
f 283 287 286
f 250 288 284
f 250 255 288
f 285 286 291
f 286 292 291
f 253 285 291
f 253 291 258
f 255 256 288
f 256 289 288
f 295 296 260
f 295 260 259
f 256 257 289
f 257 290 289
f 289 290 296
f 290 297 296
f 256 261 257
f 256 260 261
f 296 297 261
f 296 261 260
f 257 297 290
f 257 261 297
f 291 292 298
f 292 299 298
f 258 291 298
f 258 298 262
f 298 299 263
f 298 263 262
f 292 293 299
f 293 300 299
f 299 300 264
f 299 264 263
f 293 294 300
f 294 301 300
f 300 301 265
f 300 265 264
f 294 295 301
f 295 302 301
f 301 302 266
f 301 266 265
f 259 302 295
f 259 266 302
f 272 273 322
f 273 323 322
f 272 322 328
f 272 328 278
f 273 274 323
f 274 324 323
f 274 275 324
f 275 325 324
f 275 276 325
f 276 326 325
f 325 326 331
f 326 332 331
f 276 277 326
f 277 327 326
f 326 327 332
f 327 333 332
f 276 280 277
f 276 279 280
f 332 333 280
f 332 280 279
f 277 333 327
f 277 280 333
f 328 329 334
f 329 335 334
f 278 328 334
f 278 334 281
f 334 335 282
f 334 282 281
f 329 330 335
f 330 336 335
f 335 336 283
f 335 283 282
f 330 331 336
f 331 337 336
f 331 332 337
f 332 338 337
f 279 338 332
f 279 284 338
f 283 336 340
f 283 340 287
f 284 341 338
f 284 288 341
f 286 287 339
f 287 340 339
f 286 339 344
f 286 344 292
f 344 345 293
f 344 293 292
f 345 346 294
f 345 294 293
f 346 347 295
f 346 295 294
f 288 289 341
f 289 342 341
f 347 348 296
f 347 296 295
f 289 348 342
f 289 296 348
f 303 304 382
f 304 383 382
f 382 383 392
f 383 393 392
f 303 382 392
f 303 392 312
f 303 313 304
f 303 312 313
f 392 393 313
f 392 313 312
f 304 305 383
f 305 384 383
f 304 314 305
f 304 313 314
f 393 394 314
f 393 314 313
f 305 306 384
f 306 385 384
f 305 315 306
f 305 314 315
f 394 395 315
f 394 315 314
f 306 395 385
f 306 315 395
f 307 308 386
f 308 387 386
f 386 387 396
f 387 397 396
f 307 386 396
f 307 396 316
f 307 317 308
f 307 316 317
f 396 397 317
f 396 317 316
f 308 309 387
f 309 388 387
f 308 318 309
f 308 317 318
f 309 310 388
f 310 389 388
f 309 319 310
f 309 318 319
f 310 311 389
f 311 390 389
f 310 320 311
f 310 319 320
f 311 398 390
f 311 320 398
f 317 397 401
f 317 401 322
f 317 323 318
f 317 322 323
f 318 324 319
f 318 323 324
f 319 325 320
f 319 324 325
f 320 321 398
f 321 399 398
f 320 326 321
f 320 325 326
f 404 405 326
f 404 326 325
f 321 405 399
f 321 326 405
f 401 402 406
f 402 407 406
f 322 401 406
f 322 406 328
f 406 407 329
f 406 329 328
f 402 403 407
f 403 408 407
f 407 408 330
f 407 330 329
f 403 404 408
f 404 409 408
f 408 409 331
f 408 331 330
f 325 409 404
f 325 331 409
f 335 336 410
f 336 411 410
f 410 411 415
f 411 416 415
f 335 410 415
f 335 415 339
f 335 340 336
f 335 339 340
f 336 337 411
f 337 412 411
f 337 338 412
f 338 413 412
f 338 417 413
f 338 341 417
f 415 416 421
f 416 422 421
f 339 415 421
f 339 421 344
f 421 422 345
f 421 345 344
f 422 423 346
f 422 346 345
f 423 424 347
f 423 347 346
f 341 342 417
f 342 418 417
f 342 343 418
f 343 419 418
f 342 349 343
f 342 348 349
f 343 426 419
f 343 349 426
f 424 425 431
f 425 432 431
f 347 424 431
f 347 431 351
f 347 352 348
f 347 351 352
f 431 432 352
f 431 352 351
f 425 426 432
f 426 433 432
f 348 353 349
f 348 352 353
f 432 433 353
f 432 353 352
f 349 350 426
f 350 427 426
f 349 354 350
f 349 353 354
f 433 434 354
f 433 354 353
f 350 434 427
f 350 354 434
f 355 356 438
f 356 439 438
f 438 439 442
f 439 443 442
f 355 438 442
f 355 442 359
f 355 360 356
f 355 359 360
f 356 357 439
f 357 440 439
f 439 440 443
f 440 444 443
f 356 361 357
f 356 360 361
f 357 358 440
f 358 441 440
f 440 441 444
f 441 445 444
f 357 362 358
f 357 361 362
f 358 445 441
f 358 362 445
f 442 443 448
f 443 449 448
f 359 442 448
f 359 448 365
f 359 366 360
f 359 365 366
f 443 444 449
f 444 450 449
f 360 367 361
f 360 366 367
f 444 445 450
f 445 451 450
f 361 368 362
f 361 367 368
f 362 363 445
f 363 446 445
f 445 446 451
f 446 452 451
f 362 369 363
f 362 368 369
f 363 364 446
f 364 447 446
f 446 447 452
f 447 453 452
f 363 370 364
f 363 369 370
f 364 453 447
f 364 370 453
f 448 449 454
f 449 455 454
f 365 448 454
f 365 454 371
f 365 372 366
f 365 371 372
f 454 455 372
f 454 372 371
f 449 450 455
f 450 456 455
f 366 373 367
f 366 372 373
f 455 456 373
f 455 373 372
f 450 451 456
f 451 457 456
f 367 374 368
f 367 373 374
f 456 457 374
f 456 374 373
f 451 452 457
f 452 458 457
f 368 375 369
f 368 374 375
f 457 458 375
f 457 375 374
f 452 453 458
f 453 459 458
f 369 376 370
f 369 375 376
f 458 459 376
f 458 376 375
f 370 459 453
f 370 376 459
f 377 378 462
f 378 463 462
f 462 463 472
f 463 473 472
f 377 462 472
f 377 472 387
f 377 388 378
f 377 387 388
f 378 379 463
f 379 464 463
f 378 389 379
f 378 388 389
f 379 380 464
f 380 465 464
f 379 390 380
f 379 389 390
f 380 381 465
f 381 466 465
f 380 391 381
f 380 390 391
f 381 474 466
f 381 391 474
f 383 384 469
f 384 470 469
f 469 470 477
f 470 478 477
f 383 469 477
f 383 477 393
f 477 478 394
f 477 394 393
f 384 385 470
f 385 471 470
f 470 471 478
f 471 479 478
f 478 479 395
f 478 395 394
f 385 479 471
f 385 395 479
f 387 472 481
f 387 481 397
f 390 399 391
f 390 398 399
f 391 482 474
f 391 399 482
f 396 397 480
f 397 481 480
f 480 481 485
f 481 486 485
f 396 480 485
f 396 485 400
f 396 401 397
f 396 400 401
f 485 486 401
f 485 401 400
f 486 487 402
f 486 402 401
f 487 488 403
f 487 403 402
f 488 489 404
f 488 404 403
f 489 490 405
f 489 405 404
f 399 490 482
f 399 405 490
f 411 412 499
f 412 500 499
f 411 499 504
f 411 504 416
f 412 413 500
f 413 501 500
f 413 414 501
f 414 502 501
f 413 418 414
f 413 417 418
f 414 506 502
f 414 418 506
f 504 505 512
f 505 513 512
f 416 504 512
f 416 512 422
f 512 513 423
f 512 423 422
f 513 514 424
f 513 424 423
f 514 515 425
f 514 425 424
f 418 419 506
f 419 507 506
f 515 516 426
f 515 426 425
f 419 420 507
f 420 508 507
f 419 427 420
f 419 426 427
f 420 517 508
f 420 427 517
f 516 517 521
f 517 522 521
f 426 516 521
f 426 521 433
f 521 522 434
f 521 434 433
f 427 428 517
f 428 518 517
f 517 518 522
f 518 523 522
f 427 435 428
f 427 434 435
f 522 523 435
f 522 435 434
f 428 429 518
f 429 519 518
f 518 519 523
f 519 524 523
f 428 436 429
f 428 435 436
f 523 524 436
f 523 436 435
f 429 430 519
f 430 520 519
f 519 520 524
f 520 525 524
f 429 437 430
f 429 436 437
f 524 525 437
f 524 437 436
f 430 525 520
f 430 437 525
f 460 461 526
f 461 527 526
f 460 526 533
f 460 533 465
f 460 466 461
f 460 465 466
f 461 534 527
f 461 466 534
f 463 464 531
f 464 532 531
f 463 531 539
f 463 539 473
f 464 465 532
f 465 533 532
f 466 467 534
f 467 535 534
f 466 475 467
f 466 474 475
f 540 541 475
f 540 475 474
f 467 468 535
f 468 536 535
f 467 476 468
f 467 475 476
f 541 542 476
f 541 476 475
f 468 542 536
f 468 476 542
f 472 473 538
f 473 539 538
f 538 539 544
f 539 545 544
f 472 538 544
f 472 544 481
f 474 546 540
f 474 482 546
f 544 545 550
f 545 551 550
f 481 544 550
f 481 550 486
f 550 551 487
f 550 487 486
f 482 483 546
f 483 547 546
f 482 491 483
f 482 490 491
f 552 553 491
f 552 491 490
f 483 484 547
f 484 548 547
f 483 492 484
f 483 491 492
f 553 554 492
f 553 492 491
f 484 554 548
f 484 492 554
f 487 551 556
f 487 556 493
f 487 494 488
f 487 493 494
f 556 557 494
f 556 494 493
f 488 495 489
f 488 494 495
f 489 496 490
f 489 495 496
f 490 558 552
f 490 496 558
f 494 557 565
f 494 565 499
f 494 500 495
f 494 499 500
f 495 501 496
f 495 500 501
f 496 497 558
f 497 559 558
f 496 502 497
f 496 501 502
f 497 498 559
f 498 560 559
f 497 503 498
f 497 502 503
f 498 566 560
f 498 503 566
f 499 565 574
f 499 574 504
f 574 575 505
f 574 505 504
f 502 507 503
f 502 506 507
f 503 576 566
f 503 507 576
f 505 575 584
f 505 584 513
f 584 585 514
f 584 514 513
f 585 586 515
f 585 515 514
f 586 587 516
f 586 516 515
f 507 508 576
f 508 577 576
f 587 588 517
f 587 517 516
f 508 509 577
f 509 578 577
f 508 518 509
f 508 517 518
f 588 589 518
f 588 518 517
f 509 510 578
f 510 579 578
f 509 519 510
f 509 518 519
f 589 590 519
f 589 519 518
f 510 511 579
f 511 580 579
f 510 520 511
f 510 519 520
f 590 591 520
f 590 520 519
f 511 591 580
f 511 520 591
f 526 527 631
f 527 632 631
f 526 631 638
f 526 638 533
f 527 528 632
f 528 633 632
f 527 535 528
f 527 534 535
f 528 529 633
f 529 634 633
f 528 536 529
f 528 535 536
f 529 530 634
f 530 635 634
f 529 537 530
f 529 536 537
f 530 639 635
f 530 537 639
f 531 532 636
f 532 637 636
f 531 636 640
f 531 640 539
f 532 533 637
f 533 638 637
f 536 543 537
f 536 542 543
f 641 642 543
f 641 543 542
f 537 642 639
f 537 543 642
f 539 640 643
f 539 643 545
f 540 547 541
f 540 546 547
f 541 548 542
f 541 547 548
f 542 644 641
f 542 548 644
f 545 643 646
f 545 646 551
f 548 549 644
f 549 645 644
f 548 555 549
f 548 554 555
f 549 647 645
f 549 555 647
f 551 646 649
f 551 649 556
f 552 559 553
f 552 558 559
f 553 560 554
f 553 559 560
f 554 561 555
f 554 560 561
f 555 651 647
f 555 561 651
f 649 650 654
f 650 655 654
f 556 649 654
f 556 654 564
f 556 565 557
f 556 564 565
f 654 655 565
f 654 565 564
f 560 567 561
f 560 566 567
f 561 562 651
f 562 652 651
f 561 568 562
f 561 567 568
f 562 563 652
f 563 653 652
f 652 653 656
f 653 657 656
f 562 569 563
f 562 568 569
f 563 657 653
f 563 569 657
f 565 655 662
f 565 662 574
f 662 663 575
f 662 575 574
f 566 577 567
f 566 576 577
f 567 578 568
f 567 577 578
f 656 657 665
f 657 666 665
f 568 579 569
f 568 578 579
f 569 570 657
f 570 658 657
f 657 658 666
f 658 667 666
f 569 580 570
f 569 579 580
f 570 571 658
f 571 659 658
f 658 659 667
f 659 668 667
f 570 581 571
f 570 580 581
f 571 572 659
f 572 660 659
f 659 660 668
f 660 669 668
f 571 582 572
f 571 581 582
f 572 573 660
f 573 661 660
f 660 661 669
f 661 670 669
f 572 583 573
f 572 582 583
f 669 670 583
f 669 583 582
f 573 670 661
f 573 583 670
f 663 664 671
f 664 672 671
f 575 663 671
f 575 671 584
f 671 672 585
f 671 585 584
f 672 673 586
f 672 586 585
f 673 674 587
f 673 587 586
f 674 675 588
f 674 588 587
f 675 676 589
f 675 589 588
f 676 677 590
f 676 590 589
f 666 667 677
f 667 678 677
f 667 668 678
f 668 679 678
f 580 592 581
f 580 591 592
f 668 669 679
f 669 680 679
f 581 593 582
f 581 592 593
f 582 680 669
f 582 593 680
f 677 678 684
f 678 685 684
f 590 677 684
f 590 684 597
f 590 598 591
f 590 597 598
f 684 685 598
f 684 598 597
f 678 679 685
f 679 686 685
f 591 599 592
f 591 598 599
f 685 686 599
f 685 599 598
f 679 680 686
f 680 687 686
f 592 600 593
f 592 599 600
f 686 687 600
f 686 600 599
f 593 594 680
f 594 681 680
f 680 681 687
f 681 688 687
f 593 601 594
f 593 600 601
f 687 688 601
f 687 601 600
f 594 595 681
f 595 682 681
f 681 682 688
f 682 689 688
f 594 602 595
f 594 601 602
f 688 689 602
f 688 602 601
f 595 596 682
f 596 683 682
f 682 683 689
f 683 690 689
f 595 603 596
f 595 602 603
f 689 690 603
f 689 603 602
f 596 690 683
f 596 603 690
f 604 605 691
f 605 692 691
f 691 692 697
f 692 698 697
f 604 691 697
f 604 697 610
f 604 611 605
f 604 610 611
f 697 698 611
f 697 611 610
f 605 606 692
f 606 693 692
f 692 693 698
f 693 699 698
f 605 612 606
f 605 611 612
f 698 699 612
f 698 612 611
f 606 607 693
f 607 694 693
f 606 613 607
f 606 612 613
f 607 608 694
f 608 695 694
f 607 614 608
f 607 613 614
f 608 609 695
f 609 696 695
f 608 615 609
f 608 614 615
f 701 702 615
f 701 615 614
f 609 702 696
f 609 615 702
f 699 700 706
f 700 707 706
f 612 699 706
f 612 706 619
f 612 620 613
f 612 619 620
f 706 707 620
f 706 620 619
f 700 701 707
f 701 708 707
f 613 621 614
f 613 620 621
f 707 708 621
f 707 621 620
f 614 708 701
f 614 621 708
f 616 617 703
f 617 704 703
f 703 704 709
f 704 710 709
f 616 703 709
f 616 709 622
f 616 623 617
f 616 622 623
f 709 710 623
f 709 623 622
f 617 618 704
f 618 705 704
f 704 705 710
f 705 711 710
f 617 624 618
f 617 623 624
f 710 711 624
f 710 624 623
f 618 711 705
f 618 624 711
f 625 626 712
f 626 713 712
f 712 713 718
f 713 719 718
f 625 712 718
f 625 718 631
f 625 632 626
f 625 631 632
f 626 627 713
f 627 714 713
f 713 714 719
f 714 720 719
f 626 633 627
f 626 632 633
f 627 628 714
f 628 715 714
f 627 634 628
f 627 633 634
f 628 629 715
f 629 716 715
f 628 635 629
f 628 634 635
f 629 721 716
f 629 635 721
f 630 631 717
f 631 718 717
f 630 717 724
f 630 724 637
f 630 638 631
f 630 637 638
f 635 725 721
f 635 639 725
f 636 637 723
f 637 724 723
f 636 723 727
f 636 727 640
f 639 728 725
f 639 642 728
f 640 727 730
f 640 730 643
f 641 645 642
f 641 644 645
f 642 731 728
f 642 645 731
f 643 730 733
f 643 733 646
f 645 734 731
f 645 647 734
f 646 733 736
f 646 736 649
f 736 737 650
f 736 650 649
f 647 648 734
f 648 735 734
f 647 652 648
f 647 651 652
f 648 738 735
f 648 652 738
f 650 737 740
f 650 740 655
f 652 741 738
f 652 656 741
f 655 740 743
f 655 743 662
f 743 744 663
f 743 663 662
f 744 745 664
f 744 664 663
f 656 746 741
f 656 665 746
f 664 745 748
f 664 748 672
f 748 749 673
f 748 673 672
f 749 750 674
f 749 674 673
f 750 751 675
f 750 675 674
f 751 752 676
f 751 676 675
f 665 666 746
f 666 747 746
f 752 753 677
f 752 677 676
f 666 753 747
f 666 677 753
f 693 694 754
f 694 755 754
f 754 755 758
f 755 759 758
f 693 754 758
f 693 758 699
f 758 759 700
f 758 700 699
f 694 695 755
f 695 756 755
f 755 756 759
f 756 760 759
f 759 760 701
f 759 701 700
f 695 696 756
f 696 757 756
f 756 757 760
f 757 761 760
f 760 761 702
f 760 702 701
f 696 761 757
f 696 702 761
f 714 715 762
f 715 763 762
f 762 763 768
f 763 769 768
f 714 762 768
f 714 768 720
f 715 716 763
f 716 764 763
f 763 764 769
f 764 770 769
f 716 770 764
f 716 721 770
f 717 718 765
f 718 766 765
f 765 766 773
f 766 774 773
f 717 765 773
f 717 773 724
f 718 719 766
f 719 767 766
f 766 767 774
f 767 775 774
f 719 720 767
f 720 768 767
f 721 722 770
f 722 771 770
f 770 771 776
f 771 777 776
f 721 726 722
f 721 725 726
f 722 777 771
f 722 726 777
f 723 724 772
f 724 773 772
f 723 772 778
f 723 778 727
f 725 729 726
f 725 728 729
f 726 780 777
f 726 729 780
f 778 779 781
f 779 782 781
f 727 778 781
f 727 781 730
f 728 732 729
f 728 731 732
f 729 784 780
f 729 732 784
f 730 781 785
f 730 785 733
f 783 784 787
f 784 788 787
f 731 735 732
f 731 734 735
f 732 788 784
f 732 735 788
f 785 786 789
f 786 790 789
f 733 785 789
f 733 789 736
f 789 790 737
f 789 737 736
f 735 791 788
f 735 738 791
f 737 790 793
f 737 793 740
f 738 739 791
f 739 792 791
f 791 792 795
f 792 796 795
f 738 742 739
f 738 741 742
f 795 796 742
f 795 742 741
f 739 796 792
f 739 742 796
f 793 794 797
f 794 798 797
f 740 793 797
f 740 797 743
f 797 798 744
f 797 744 743
f 798 799 745
f 798 745 744
f 741 801 795
f 741 746 801
f 799 800 803
f 800 804 803
f 745 799 803
f 745 803 748
f 803 804 749
f 803 749 748
f 804 805 750
f 804 750 749
f 805 806 751
f 805 751 750
f 806 807 752
f 806 752 751
f 746 747 801
f 747 802 801
f 807 808 753
f 807 753 752
f 747 808 802
f 747 753 808
f 767 768 809
f 768 810 809
f 809 810 817
f 810 818 817
f 767 809 817
f 767 817 775
f 768 769 810
f 769 811 810
f 810 811 818
f 811 819 818
f 769 770 811
f 770 812 811
f 770 820 812
f 770 776 820
f 772 773 814
f 773 815 814
f 814 815 827
f 815 828 827
f 772 814 827
f 772 827 778
f 827 828 779
f 827 779 778
f 773 774 815
f 774 816 815
f 815 816 828
f 816 829 828
f 774 775 816
f 775 817 816
f 776 777 820
f 777 821 820
f 777 830 821
f 777 780 830
f 779 828 837
f 779 837 782
f 838 839 784
f 838 784 783
f 780 839 830
f 780 784 839
f 781 782 836
f 782 837 836
f 836 837 842
f 837 843 842
f 781 836 842
f 781 842 785
f 842 843 786
f 842 786 785
f 783 844 838
f 783 787 844
f 786 843 848
f 786 848 790
f 787 788 844
f 788 845 844
f 788 850 845
f 788 791 850
f 848 849 852
f 849 853 852
f 790 848 852
f 790 852 793
f 852 853 794
f 852 794 793
f 791 854 850
f 791 795 854
f 794 853 857
f 794 857 798
f 857 858 799
f 857 799 798
f 858 859 800
f 858 800 799
f 795 796 854
f 796 855 854
f 795 802 796
f 795 801 802
f 796 860 855
f 796 802 860
f 800 859 863
f 800 863 804
f 863 864 805
f 863 805 804
f 864 865 806
f 864 806 805
f 865 866 807
f 865 807 806
f 866 867 808
f 866 808 807
f 802 867 860
f 802 808 867
f 811 812 869
f 812 870 869
f 869 870 875
f 870 876 875
f 811 869 875
f 811 875 819
f 812 813 870
f 813 871 870
f 870 871 876
f 871 877 876
f 812 821 813
f 812 820 821
f 813 877 871
f 813 821 877
f 816 817 872
f 817 873 872
f 872 873 884
f 873 885 884
f 816 872 884
f 816 884 829
f 817 818 873
f 818 874 873
f 873 874 885
f 874 886 885
f 818 819 874
f 819 875 874
f 874 875 886
f 875 887 886
f 875 876 887
f 876 888 887
f 876 877 888
f 877 889 888
f 821 822 877
f 822 878 877
f 877 878 889
f 878 890 889
f 821 831 822
f 821 830 831
f 822 823 878
f 823 879 878
f 878 879 890
f 879 891 890
f 822 832 823
f 822 831 832
f 823 824 879
f 824 880 879
f 879 880 891
f 880 892 891
f 823 833 824
f 823 832 833
f 891 892 833
f 891 833 832
f 824 825 880
f 825 881 880
f 880 881 892
f 881 893 892
f 824 834 825
f 824 833 834
f 892 893 834
f 892 834 833
f 825 826 881
f 826 882 881
f 881 882 893
f 882 894 893
f 825 835 826
f 825 834 835
f 893 894 835
f 893 835 834
f 826 894 882
f 826 835 894
f 828 829 883
f 829 884 883
f 883 884 895
f 884 896 895
f 828 883 895
f 828 895 837
f 884 885 896
f 885 897 896
f 885 886 897
f 886 898 897
f 830 840 831
f 830 839 840
f 890 891 900
f 891 901 900
f 831 841 832
f 831 840 841
f 832 901 891
f 832 841 901
f 895 896 902
f 896 903 902
f 837 895 902
f 837 902 843
f 838 845 839
f 838 844 845
f 899 900 904
f 900 905 904
f 839 846 840
f 839 845 846
f 900 901 905
f 901 906 905
f 840 847 841
f 840 846 847
f 905 906 847
f 905 847 846
f 841 906 901
f 841 847 906
f 902 903 907
f 903 908 907
f 843 902 907
f 843 907 848
f 907 908 849
f 907 849 848
f 845 851 846
f 845 850 851
f 846 909 905
f 846 851 909
f 849 908 912
f 849 912 853
f 850 855 851
f 850 854 855
f 851 913 909
f 851 855 913
f 853 912 917
f 853 917 857
f 917 918 858
f 917 858 857
f 855 856 913
f 856 914 913
f 855 861 856
f 855 860 861
f 856 919 914
f 856 861 919
f 858 918 924
f 858 924 862
f 858 863 859
f 858 862 863
f 924 925 863
f 924 863 862
f 925 926 864
f 925 864 863
f 926 927 865
f 926 865 864
f 927 928 866
f 927 866 865
f 928 929 867
f 928 867 866
f 860 868 861
f 860 867 868
f 929 930 868
f 929 868 867
f 861 930 919
f 861 868 930
f 886 887 957
f 887 958 957
f 957 958 964
f 958 965 964
f 886 957 964
f 886 964 898
f 887 888 958
f 888 959 958
f 958 959 965
f 959 966 965
f 888 889 959
f 889 960 959
f 959 960 966
f 960 967 966
f 889 890 960
f 890 961 960
f 960 961 967
f 961 968 967
f 967 968 900
f 967 900 899
f 890 968 961
f 890 900 968
f 896 897 962
f 897 963 962
f 962 963 969
f 963 970 969
f 896 962 969
f 896 969 903
f 897 898 963
f 898 964 963
f 963 964 970
f 964 971 970
f 964 965 971
f 965 972 971
f 965 966 972
f 966 973 972
f 966 967 973
f 967 974 973
f 899 974 967
f 899 904 974
f 903 969 977
f 903 977 908
f 904 905 974
f 905 975 974
f 974 975 978
f 975 979 978
f 905 906 975
f 906 976 975
f 975 976 979
f 976 980 979
f 905 910 906
f 905 909 910
f 906 980 976
f 906 910 980
f 908 977 982
f 908 982 912
f 979 980 983
f 980 984 983
f 909 914 910
f 909 913 914
f 910 984 980
f 910 914 984
f 911 912 981
f 912 982 981
f 911 981 986
f 911 986 916
f 911 917 912
f 911 916 917
f 986 987 917
f 986 917 916
f 914 915 984
f 915 985 984
f 984 985 988
f 985 989 988
f 914 920 915
f 914 919 920
f 915 989 985
f 915 920 989
f 917 987 992
f 917 992 923
f 917 924 918
f 917 923 924
f 992 993 924
f 992 924 923
f 919 931 920
f 919 930 931
f 920 921 989
f 921 990 989
f 989 990 995
f 990 996 995
f 920 932 921
f 920 931 932
f 921 922 990
f 922 991 990
f 990 991 996
f 991 997 996
f 921 933 922
f 921 932 933
f 922 997 991
f 922 933 997
f 993 994 1000
f 994 1001 1000
f 924 993 1000
f 924 1000 936
f 924 937 925
f 924 936 937
f 1000 1001 937
f 1000 937 936
f 925 938 926
f 925 937 938
f 1001 1002 938
f 1001 938 937
f 926 939 927
f 926 938 939
f 927 940 928
f 927 939 940
f 928 941 929
f 928 940 941
f 929 942 930
f 929 941 942
f 930 943 931
f 930 942 943
f 931 944 932
f 931 943 944
f 932 945 933
f 932 944 945
f 933 934 997
f 934 998 997
f 933 946 934
f 933 945 946
f 934 935 998
f 935 999 998
f 998 999 1003
f 999 1004 1003
f 934 947 935
f 934 946 947
f 1003 1004 947
f 1003 947 946
f 935 1004 999
f 935 947 1004
f 938 1002 1005
f 938 1005 948
f 938 949 939
f 938 948 949
f 1005 1006 949
f 1005 949 948
f 939 950 940
f 939 949 950
f 1006 1007 950
f 1006 950 949
f 940 951 941
f 940 950 951
f 1007 1008 951
f 1007 951 950
f 941 952 942
f 941 951 952
f 1008 1009 952
f 1008 952 951
f 942 953 943
f 942 952 953
f 1009 1010 953
f 1009 953 952
f 943 954 944
f 943 953 954
f 1010 1011 954
f 1010 954 953
f 944 955 945
f 944 954 955
f 1011 1012 955
f 1011 955 954
f 945 956 946
f 945 955 956
f 1012 1013 956
f 1012 956 955
f 946 1013 1003
f 946 956 1013
f 969 970 1015
f 970 1016 1015
f 1015 1016 1021
f 1016 1022 1021
f 969 1015 1021
f 969 1021 977
f 970 971 1016
f 971 1017 1016
f 1016 1017 1022
f 1017 1023 1022
f 971 972 1017
f 972 1018 1017
f 1017 1018 1023
f 1018 1024 1023
f 972 973 1018
f 973 1019 1018
f 1018 1019 1024
f 1019 1025 1024
f 973 974 1019
f 974 1020 1019
f 1019 1020 1025
f 1020 1026 1025
f 974 1026 1020
f 974 978 1026
f 977 1021 1029
f 977 1029 982
f 1024 1025 1030
f 1025 1031 1030
f 1025 1026 1031
f 1026 1032 1031
f 978 979 1026
f 979 1027 1026
f 1026 1027 1032
f 1027 1033 1032
f 979 1033 1027
f 979 983 1033
f 981 982 1028
f 982 1029 1028
f 981 1028 1035
f 981 1035 986
f 1035 1036 987
f 1035 987 986
f 1032 1033 1038
f 1033 1039 1038
f 983 984 1033
f 984 1034 1033
f 1033 1034 1039
f 1034 1040 1039
f 984 1040 1034
f 984 988 1040
f 987 1036 1043
f 987 1043 992
f 1043 1044 993
f 1043 993 992
f 1044 1045 994
f 1044 994 993
f 1037 1038 1047
f 1038 1048 1047
f 1038 1039 1048
f 1039 1049 1048
f 1039 1040 1049
f 1040 1050 1049
f 988 989 1040
f 989 1041 1040
f 1040 1041 1050
f 1041 1051 1050
f 989 1051 1041
f 989 995 1051
f 1045 1046 1055
f 1046 1056 1055
f 994 1045 1055
f 994 1055 1001
f 1055 1056 1002
f 1055 1002 1001
f 1046 1047 1056
f 1047 1057 1056
f 1047 1048 1057
f 1048 1058 1057
f 1048 1049 1058
f 1049 1059 1058
f 1049 1050 1059
f 1050 1060 1059
f 1050 1051 1060
f 1051 1061 1060
f 995 996 1051
f 996 1052 1051
f 1051 1052 1061
f 1052 1062 1061
f 996 997 1052
f 997 1053 1052
f 1052 1053 1062
f 1053 1063 1062
f 997 998 1053
f 998 1054 1053
f 1053 1054 1063
f 1054 1064 1063
f 998 1064 1054
f 998 1003 1064
f 1056 1057 1066
f 1057 1067 1066
f 1002 1056 1066
f 1002 1066 1005
f 1066 1067 1006
f 1066 1006 1005
f 1057 1058 1067
f 1058 1068 1067
f 1067 1068 1007
f 1067 1007 1006
f 1058 1059 1068
f 1059 1069 1068
f 1068 1069 1008
f 1068 1008 1007
f 1059 1060 1069
f 1060 1070 1069
f 1069 1070 1009
f 1069 1009 1008
f 1060 1061 1070
f 1061 1071 1070
f 1070 1071 1010
f 1070 1010 1009
f 1061 1062 1071
f 1062 1072 1071
f 1071 1072 1011
f 1071 1011 1010
f 1062 1063 1072
f 1063 1073 1072
f 1072 1073 1012
f 1072 1012 1011
f 1063 1064 1073
f 1064 1074 1073
f 1073 1074 1013
f 1073 1013 1012
f 1003 1004 1064
f 1004 1065 1064
f 1064 1065 1074
f 1065 1075 1074
f 1003 1014 1004
f 1003 1013 1014
f 1074 1075 1014
f 1074 1014 1013
f 1004 1075 1065
f 1004 1014 1075
f 1021 1022 1179
f 1022 1180 1179
f 1021 1179 1193
f 1021 1193 1029
f 1022 1023 1180
f 1023 1181 1180
f 1023 1024 1181
f 1024 1182 1181
f 1024 1194 1182
f 1024 1030 1194
f 1028 1029 1192
f 1029 1193 1192
f 1028 1192 1204
f 1028 1204 1035
f 1030 1031 1194
f 1031 1195 1194
f 1031 1032 1195
f 1032 1196 1195
f 1205 1206 1038
f 1205 1038 1037
f 1032 1206 1196
f 1032 1038 1206
f 1035 1204 1213
f 1035 1213 1042
f 1035 1043 1036
f 1035 1042 1043
f 1213 1214 1043
f 1213 1043 1042
f 1214 1215 1044
f 1214 1044 1043
f 1215 1216 1045
f 1215 1045 1044
f 1216 1217 1046
f 1216 1046 1045
f 1217 1218 1047
f 1217 1047 1046
f 1037 1218 1205
f 1037 1047 1218
f 1068 1069 1243
f 1069 1244 1243
f 1068 1243 1254
f 1068 1254 1077
f 1068 1078 1069
f 1068 1077 1078
f 1254 1255 1078
f 1254 1078 1077
f 1069 1070 1244
f 1070 1245 1244
f 1069 1079 1070
f 1069 1078 1079
f 1070 1071 1245
f 1071 1246 1245
f 1070 1080 1071
f 1070 1079 1080
f 1071 1072 1246
f 1072 1247 1246
f 1071 1081 1072
f 1071 1080 1081
f 1072 1073 1247
f 1073 1248 1247
f 1072 1082 1073
f 1072 1081 1082
f 1073 1074 1248
f 1074 1249 1248
f 1073 1083 1074
f 1073 1082 1083
f 1074 1075 1249
f 1075 1250 1249
f 1074 1084 1075
f 1074 1083 1084
f 1075 1076 1250
f 1076 1251 1250
f 1075 1085 1076
f 1075 1084 1085
f 1256 1257 1085
f 1256 1085 1084
f 1076 1257 1251
f 1076 1085 1257
f 1078 1255 1261
f 1078 1261 1086
f 1078 1087 1079
f 1078 1086 1087
f 1261 1262 1087
f 1261 1087 1086
f 1079 1088 1080
f 1079 1087 1088
f 1262 1263 1088
f 1262 1088 1087
f 1080 1089 1081
f 1080 1088 1089
f 1263 1264 1089
f 1263 1089 1088
f 1081 1090 1082
f 1081 1089 1090
f 1264 1265 1090
f 1264 1090 1089
f 1082 1091 1083
f 1082 1090 1091
f 1265 1266 1091
f 1265 1091 1090
f 1083 1092 1084
f 1083 1091 1092
f 1266 1267 1092
f 1266 1092 1091
f 1084 1267 1256
f 1084 1092 1267
f 1093 1094 1270
f 1094 1271 1270
f 1270 1271 1278
f 1271 1279 1278
f 1093 1270 1278
f 1093 1278 1099
f 1093 1100 1094
f 1093 1099 1100
f 1094 1095 1271
f 1095 1272 1271
f 1271 1272 1279
f 1272 1280 1279
f 1094 1101 1095
f 1094 1100 1101
f 1095 1096 1272
f 1096 1273 1272
f 1272 1273 1280
f 1273 1281 1280
f 1095 1102 1096
f 1095 1101 1102
f 1096 1281 1273
f 1096 1102 1281
f 1097 1098 1276
f 1098 1277 1276
f 1276 1277 1285
f 1277 1286 1285
f 1097 1276 1285
f 1097 1285 1105
f 1097 1106 1098
f 1097 1105 1106
f 1285 1286 1106
f 1285 1106 1105
f 1098 1099 1277
f 1099 1278 1277
f 1277 1278 1286
f 1278 1287 1286
f 1098 1107 1099
f 1098 1106 1107
f 1099 1108 1100
f 1099 1107 1108
f 1100 1109 1101
f 1100 1108 1109
f 1101 1110 1102
f 1101 1109 1110
f 1102 1103 1281
f 1103 1282 1281
f 1102 1111 1103
f 1102 1110 1111
f 1103 1104 1282
f 1104 1283 1282
f 1103 1112 1104
f 1103 1111 1112
f 1104 1290 1283
f 1104 1112 1290
f 1286 1287 1297
f 1287 1298 1297
f 1106 1286 1297
f 1106 1297 1118
f 1106 1119 1107
f 1106 1118 1119
f 1287 1288 1298
f 1288 1299 1298
f 1107 1120 1108
f 1107 1119 1120
f 1288 1289 1299
f 1289 1300 1299
f 1108 1121 1109
f 1108 1120 1121
f 1109 1122 1110
f 1109 1121 1122
f 1110 1123 1111
f 1110 1122 1123
f 1111 1124 1112
f 1111 1123 1124
f 1112 1113 1290
f 1113 1291 1290
f 1112 1125 1113
f 1112 1124 1125
f 1113 1114 1291
f 1114 1292 1291
f 1113 1126 1114
f 1113 1125 1126
f 1114 1301 1292
f 1114 1126 1301
f 1115 1116 1294
f 1116 1295 1294
f 1294 1295 1307
f 1295 1308 1307
f 1115 1294 1307
f 1115 1307 1132
f 1115 1133 1116
f 1115 1132 1133
f 1116 1117 1295
f 1117 1296 1295
f 1295 1296 1308
f 1296 1309 1308
f 1116 1134 1117
f 1116 1133 1134
f 1117 1118 1296
f 1118 1297 1296
f 1296 1297 1309
f 1297 1310 1309
f 1117 1135 1118
f 1117 1134 1135
f 1297 1298 1310
f 1298 1311 1310
f 1118 1136 1119
f 1118 1135 1136
f 1119 1137 1120
f 1119 1136 1137
f 1120 1138 1121
f 1120 1137 1138
f 1121 1139 1122
f 1121 1138 1139
f 1122 1140 1123
f 1122 1139 1140
f 1123 1141 1124
f 1123 1140 1141
f 1124 1142 1125
f 1124 1141 1142
f 1125 1143 1126
f 1125 1142 1143
f 1126 1127 1301
f 1127 1302 1301
f 1126 1144 1127
f 1126 1143 1144
f 1127 1128 1302
f 1128 1303 1302
f 1302 1303 1319
f 1303 1320 1319
f 1127 1145 1128
f 1127 1144 1145
f 1319 1320 1145
f 1319 1145 1144
f 1128 1320 1303
f 1128 1145 1320
f 1129 1130 1304
f 1130 1305 1304
f 1304 1305 1323
f 1305 1324 1323
f 1129 1304 1323
f 1129 1323 1148
f 1129 1149 1130
f 1129 1148 1149
f 1130 1131 1305
f 1131 1306 1305
f 1305 1306 1324
f 1306 1325 1324
f 1130 1150 1131
f 1130 1149 1150
f 1131 1132 1306
f 1132 1307 1306
f 1306 1307 1325
f 1307 1326 1325
f 1131 1151 1132
f 1131 1150 1151
f 1307 1308 1326
f 1308 1327 1326
f 1132 1152 1133
f 1132 1151 1152
f 1308 1309 1327
f 1309 1328 1327
f 1133 1153 1134
f 1133 1152 1153
f 1309 1310 1328
f 1310 1329 1328
f 1134 1154 1135
f 1134 1153 1154
f 1310 1311 1329
f 1311 1330 1329
f 1135 1155 1136
f 1135 1154 1155
f 1311 1312 1330
f 1312 1331 1330
f 1136 1156 1137
f 1136 1155 1156
f 1312 1313 1331
f 1313 1332 1331
f 1137 1157 1138
f 1137 1156 1157
f 1313 1314 1332
f 1314 1333 1332
f 1138 1158 1139
f 1138 1157 1158
f 1314 1315 1333
f 1315 1334 1333
f 1139 1159 1140
f 1139 1158 1159
f 1315 1316 1334
f 1316 1335 1334
f 1140 1160 1141
f 1140 1159 1160
f 1334 1335 1160
f 1334 1160 1159
f 1316 1317 1335
f 1317 1336 1335
f 1141 1161 1142
f 1141 1160 1161
f 1335 1336 1161
f 1335 1161 1160
f 1317 1318 1336
f 1318 1337 1336
f 1142 1162 1143
f 1142 1161 1162
f 1336 1337 1162
f 1336 1162 1161
f 1318 1319 1337
f 1319 1338 1337
f 1143 1163 1144
f 1143 1162 1163
f 1337 1338 1163
f 1337 1163 1162
f 1144 1338 1319
f 1144 1163 1338
f 1146 1147 1321
f 1147 1322 1321
f 1321 1322 1339
f 1322 1340 1339
f 1146 1321 1339
f 1146 1339 1164
f 1146 1165 1147
f 1146 1164 1165
f 1147 1148 1322
f 1148 1323 1322
f 1322 1323 1340
f 1323 1341 1340
f 1147 1166 1148
f 1147 1165 1166
f 1323 1324 1341
f 1324 1342 1341
f 1148 1167 1149
f 1148 1166 1167
f 1324 1325 1342
f 1325 1343 1342
f 1149 1168 1150
f 1149 1167 1168
f 1325 1326 1343
f 1326 1344 1343
f 1150 1169 1151
f 1150 1168 1169
f 1326 1327 1344
f 1327 1345 1344
f 1151 1170 1152
f 1151 1169 1170
f 1327 1328 1345
f 1328 1346 1345
f 1152 1171 1153
f 1152 1170 1171
f 1345 1346 1171
f 1345 1171 1170
f 1328 1329 1346
f 1329 1347 1346
f 1153 1172 1154
f 1153 1171 1172
f 1346 1347 1172
f 1346 1172 1171
f 1329 1330 1347
f 1330 1348 1347
f 1154 1173 1155
f 1154 1172 1173
f 1347 1348 1173
f 1347 1173 1172
f 1330 1331 1348
f 1331 1349 1348
f 1155 1174 1156
f 1155 1173 1174
f 1331 1332 1349
f 1332 1350 1349
f 1156 1175 1157
f 1156 1174 1175
f 1332 1333 1350
f 1333 1351 1350
f 1157 1176 1158
f 1157 1175 1176
f 1350 1351 1176
f 1350 1176 1175
f 1333 1334 1351
f 1334 1352 1351
f 1158 1177 1159
f 1158 1176 1177
f 1351 1352 1177
f 1351 1177 1176
f 1159 1352 1334
f 1159 1177 1352
f 1339 1340 1354
f 1340 1355 1354
f 1164 1339 1354
f 1164 1354 1179
f 1164 1180 1165
f 1164 1179 1180
f 1340 1341 1355
f 1341 1356 1355
f 1165 1181 1166
f 1165 1180 1181
f 1341 1342 1356
f 1342 1357 1356
f 1166 1182 1167
f 1166 1181 1182
f 1342 1343 1357
f 1343 1358 1357
f 1167 1183 1168
f 1167 1182 1183
f 1343 1344 1358
f 1344 1359 1358
f 1168 1184 1169
f 1168 1183 1184
f 1344 1345 1359
f 1345 1360 1359
f 1169 1185 1170
f 1169 1184 1185
f 1170 1360 1345
f 1170 1185 1360
f 1348 1349 1363
f 1349 1364 1363
f 1173 1348 1363
f 1173 1363 1188
f 1173 1189 1174
f 1173 1188 1189
f 1349 1350 1364
f 1350 1365 1364
f 1174 1190 1175
f 1174 1189 1190
f 1175 1365 1350
f 1175 1190 1365
f 1178 1179 1353
f 1179 1354 1353
f 1353 1354 1367
f 1354 1368 1367
f 1178 1353 1367
f 1178 1367 1192
f 1178 1193 1179
f 1178 1192 1193
f 1354 1355 1368
f 1355 1369 1368
f 1182 1195 1183
f 1182 1194 1195
f 1358 1359 1370
f 1359 1371 1370
f 1183 1196 1184
f 1183 1195 1196
f 1359 1360 1371
f 1360 1372 1371
f 1184 1197 1185
f 1184 1196 1197
f 1185 1186 1360
f 1186 1361 1360
f 1360 1361 1372
f 1361 1373 1372
f 1185 1198 1186
f 1185 1197 1198
f 1186 1187 1361
f 1187 1362 1361
f 1361 1362 1373
f 1362 1374 1373
f 1186 1199 1187
f 1186 1198 1199
f 1373 1374 1199
f 1373 1199 1198
f 1187 1188 1362
f 1188 1363 1362
f 1362 1363 1374
f 1363 1375 1374
f 1187 1200 1188
f 1187 1199 1200
f 1374 1375 1200
f 1374 1200 1199
f 1363 1364 1375
f 1364 1376 1375
f 1188 1201 1189
f 1188 1200 1201
f 1375 1376 1201
f 1375 1201 1200
f 1364 1365 1376
f 1365 1377 1376
f 1189 1202 1190
f 1189 1201 1202
f 1376 1377 1202
f 1376 1202 1201
f 1190 1191 1365
f 1191 1366 1365
f 1365 1366 1377
f 1366 1378 1377
f 1190 1203 1191
f 1190 1202 1203
f 1377 1378 1203
f 1377 1203 1202
f 1191 1378 1366
f 1191 1203 1378
f 1367 1368 1379
f 1368 1380 1379
f 1192 1367 1379
f 1192 1379 1204
f 1196 1207 1197
f 1196 1206 1207
f 1197 1208 1198
f 1197 1207 1208
f 1198 1383 1373
f 1198 1208 1383
f 1204 1379 1388
f 1204 1388 1213
f 1388 1389 1214
f 1388 1214 1213
f 1205 1219 1206
f 1205 1218 1219
f 1381 1382 1391
f 1382 1392 1391
f 1206 1220 1207
f 1206 1219 1220
f 1382 1383 1392
f 1383 1393 1392
f 1207 1221 1208
f 1207 1220 1221
f 1208 1209 1383
f 1209 1384 1383
f 1383 1384 1393
f 1384 1394 1393
f 1208 1222 1209
f 1208 1221 1222
f 1209 1210 1384
f 1210 1385 1384
f 1384 1385 1394
f 1385 1395 1394
f 1209 1223 1210
f 1209 1222 1223
f 1210 1211 1385
f 1211 1386 1385
f 1385 1386 1395
f 1386 1396 1395
f 1210 1224 1211
f 1210 1223 1224
f 1211 1212 1386
f 1212 1387 1386
f 1386 1387 1396
f 1387 1397 1396
f 1211 1225 1212
f 1211 1224 1225
f 1212 1397 1387
f 1212 1225 1397
f 1389 1390 1399
f 1390 1400 1399
f 1214 1389 1399
f 1214 1399 1227
f 1214 1228 1215
f 1214 1227 1228
f 1399 1400 1228
f 1399 1228 1227
f 1215 1229 1216
f 1215 1228 1229
f 1400 1401 1229
f 1400 1229 1228
f 1216 1230 1217
f 1216 1229 1230
f 1217 1231 1218
f 1217 1230 1231
f 1218 1232 1219
f 1218 1231 1232
f 1219 1233 1220
f 1219 1232 1233
f 1220 1234 1221
f 1220 1233 1234
f 1221 1235 1222
f 1221 1234 1235
f 1222 1236 1223
f 1222 1235 1236
f 1395 1396 1402
f 1396 1403 1402
f 1223 1237 1224
f 1223 1236 1237
f 1396 1397 1403
f 1397 1404 1403
f 1224 1238 1225
f 1224 1237 1238
f 1225 1226 1397
f 1226 1398 1397
f 1397 1398 1404
f 1398 1405 1404
f 1225 1239 1226
f 1225 1238 1239
f 1226 1405 1398
f 1226 1239 1405
f 1229 1401 1407
f 1229 1407 1240
f 1229 1241 1230
f 1229 1240 1241
f 1407 1408 1241
f 1407 1241 1240
f 1230 1242 1231
f 1230 1241 1242
f 1408 1409 1242
f 1408 1242 1241
f 1231 1243 1232
f 1231 1242 1243
f 1232 1244 1233
f 1232 1243 1244
f 1233 1245 1234
f 1233 1244 1245
f 1234 1246 1235
f 1234 1245 1246
f 1235 1247 1236
f 1235 1246 1247
f 1402 1403 1410
f 1403 1411 1410
f 1236 1248 1237
f 1236 1247 1248
f 1403 1404 1411
f 1404 1412 1411
f 1237 1249 1238
f 1237 1248 1249
f 1404 1405 1412
f 1405 1413 1412
f 1238 1250 1239
f 1238 1249 1250
f 1239 1413 1405
f 1239 1250 1413
f 1242 1409 1417
f 1242 1417 1253
f 1242 1254 1243
f 1242 1253 1254
f 1412 1413 1418
f 1413 1419 1418
f 1250 1251 1413
f 1251 1414 1413
f 1413 1414 1419
f 1414 1420 1419
f 1251 1252 1414
f 1252 1415 1414
f 1414 1415 1420
f 1415 1421 1420
f 1251 1258 1252
f 1251 1257 1258
f 1252 1421 1415
f 1252 1258 1421
f 1253 1417 1422
f 1253 1422 1259
f 1253 1260 1254
f 1253 1259 1260
f 1422 1423 1260
f 1422 1260 1259
f 1254 1261 1255
f 1254 1260 1261
f 1423 1424 1261
f 1423 1261 1260
f 1424 1425 1262
f 1424 1262 1261
f 1425 1426 1263
f 1425 1263 1262
f 1426 1427 1264
f 1426 1264 1263
f 1427 1428 1265
f 1427 1265 1264
f 1428 1429 1266
f 1428 1266 1265
f 1418 1419 1429
f 1419 1430 1429
f 1429 1430 1267
f 1429 1267 1266
f 1419 1420 1430
f 1420 1431 1430
f 1256 1268 1257
f 1256 1267 1268
f 1430 1431 1268
f 1430 1268 1267
f 1420 1421 1431
f 1421 1432 1431
f 1257 1269 1258
f 1257 1268 1269
f 1431 1432 1269
f 1431 1269 1268
f 1258 1432 1421
f 1258 1269 1432
f 1273 1274 1433
f 1274 1434 1433
f 1433 1434 1439
f 1434 1440 1439
f 1273 1433 1439
f 1273 1439 1281
f 1273 1282 1274
f 1273 1281 1282
f 1274 1275 1434
f 1275 1435 1434
f 1434 1435 1440
f 1435 1441 1440
f 1274 1283 1275
f 1274 1282 1283
f 1275 1441 1435
f 1275 1283 1441
f 1278 1279 1436
f 1279 1437 1436
f 1436 1437 1443
f 1437 1444 1443
f 1278 1436 1443
f 1278 1443 1287
f 1443 1444 1288
f 1443 1288 1287
f 1279 1280 1437
f 1280 1438 1437
f 1437 1438 1444
f 1438 1445 1444
f 1444 1445 1289
f 1444 1289 1288
f 1280 1281 1438
f 1281 1439 1438
f 1438 1439 1445
f 1439 1446 1445
f 1439 1440 1446
f 1440 1447 1446
f 1440 1441 1447
f 1441 1448 1447
f 1283 1284 1441
f 1284 1442 1441
f 1441 1442 1448
f 1442 1449 1448
f 1283 1291 1284
f 1283 1290 1291
f 1284 1449 1442
f 1284 1291 1449
f 1445 1446 1454
f 1446 1455 1454
f 1289 1445 1454
f 1289 1454 1300
f 1446 1447 1455
f 1447 1456 1455
f 1447 1448 1456
f 1448 1457 1456
f 1448 1449 1457
f 1449 1458 1457
f 1291 1292 1449
f 1292 1450 1449
f 1449 1450 1458
f 1450 1459 1458
f 1292 1293 1450
f 1293 1451 1450
f 1450 1451 1459
f 1451 1460 1459
f 1292 1302 1293
f 1292 1301 1302
f 1293 1460 1451
f 1293 1302 1460
f 1298 1299 1452
f 1299 1453 1452
f 1452 1453 1461
f 1453 1462 1461
f 1298 1452 1461
f 1298 1461 1311
f 1461 1462 1312
f 1461 1312 1311
f 1299 1300 1453
f 1300 1454 1453
f 1453 1454 1462
f 1454 1463 1462
f 1462 1463 1313
f 1462 1313 1312
f 1454 1455 1463
f 1455 1464 1463
f 1463 1464 1314
f 1463 1314 1313
f 1455 1456 1464
f 1456 1465 1464
f 1464 1465 1315
f 1464 1315 1314
f 1456 1457 1465
f 1457 1466 1465
f 1465 1466 1316
f 1465 1316 1315
f 1457 1458 1466
f 1458 1467 1466
f 1466 1467 1317
f 1466 1317 1316
f 1458 1459 1467
f 1459 1468 1467
f 1467 1468 1318
f 1467 1318 1317
f 1459 1460 1468
f 1460 1469 1468
f 1468 1469 1319
f 1468 1319 1318
f 1302 1469 1460
f 1302 1319 1469
f 1355 1356 1470
f 1356 1471 1470
f 1470 1471 1475
f 1471 1476 1475
f 1355 1470 1475
f 1355 1475 1369
f 1356 1357 1471
f 1357 1472 1471
f 1471 1472 1476
f 1472 1477 1476
f 1357 1358 1472
f 1358 1473 1472
f 1472 1473 1477
f 1473 1478 1477
f 1358 1478 1473
f 1358 1370 1478
f 1368 1369 1474
f 1369 1475 1474
f 1474 1475 1483
f 1475 1484 1483
f 1368 1474 1483
f 1368 1483 1380
f 1475 1476 1484
f 1476 1485 1484
f 1476 1477 1485
f 1477 1486 1485
f 1477 1478 1486
f 1478 1487 1486
f 1370 1371 1478
f 1371 1479 1478
f 1478 1479 1487
f 1479 1488 1487
f 1371 1372 1479
f 1372 1480 1479
f 1479 1480 1488
f 1480 1489 1488
f 1488 1489 1382
f 1488 1382 1381
f 1372 1373 1480
f 1373 1481 1480
f 1480 1481 1489
f 1481 1490 1489
f 1489 1490 1383
f 1489 1383 1382
f 1373 1490 1481
f 1373 1383 1490
f 1379 1380 1482
f 1380 1483 1482
f 1482 1483 1491
f 1483 1492 1491
f 1379 1482 1491
f 1379 1491 1388
f 1491 1492 1389
f 1491 1389 1388
f 1483 1484 1492
f 1484 1493 1492
f 1492 1493 1390
f 1492 1390 1389
f 1484 1485 1493
f 1485 1494 1493
f 1485 1486 1494
f 1486 1495 1494
f 1486 1487 1495
f 1487 1496 1495
f 1487 1488 1496
f 1488 1497 1496
f 1381 1497 1488
f 1381 1391 1497
f 1493 1494 1502
f 1494 1503 1502
f 1390 1493 1502
f 1390 1502 1400
f 1494 1495 1503
f 1495 1504 1503
f 1495 1496 1504
f 1496 1505 1504
f 1496 1497 1505
f 1497 1506 1505
f 1391 1392 1497
f 1392 1498 1497
f 1497 1498 1506
f 1498 1507 1506
f 1392 1393 1498
f 1393 1499 1498
f 1498 1499 1507
f 1499 1508 1507
f 1393 1394 1499
f 1394 1500 1499
f 1499 1500 1508
f 1500 1509 1508
f 1394 1395 1500
f 1395 1501 1500
f 1500 1501 1509
f 1501 1510 1509
f 1395 1510 1501
f 1395 1402 1510
f 1502 1503 1511
f 1503 1512 1511
f 1400 1502 1511
f 1400 1511 1406
f 1400 1407 1401
f 1400 1406 1407
f 1511 1512 1407
f 1511 1407 1406
f 1503 1504 1512
f 1504 1513 1512
f 1512 1513 1408
f 1512 1408 1407
f 1504 1505 1513
f 1505 1514 1513
f 1505 1506 1514
f 1506 1515 1514
f 1506 1507 1515
f 1507 1516 1515
f 1507 1508 1516
f 1508 1517 1516
f 1508 1509 1517
f 1509 1518 1517
f 1509 1510 1518
f 1510 1519 1518
f 1402 1519 1510
f 1402 1410 1519
f 1513 1514 1522
f 1514 1523 1522
f 1408 1513 1522
f 1408 1522 1416
f 1408 1417 1409
f 1408 1416 1417
f 1522 1523 1417
f 1522 1417 1416
f 1514 1515 1523
f 1515 1524 1523
f 1515 1516 1524
f 1516 1525 1524
f 1410 1411 1519
f 1411 1520 1519
f 1519 1520 1528
f 1520 1529 1528
f 1411 1412 1520
f 1412 1521 1520
f 1520 1521 1529
f 1521 1530 1529
f 1412 1530 1521
f 1412 1418 1530
f 1523 1524 1531
f 1524 1532 1531
f 1417 1523 1531
f 1417 1531 1422
f 1531 1532 1423
f 1531 1423 1422
f 1524 1525 1532
f 1525 1533 1532
f 1532 1533 1424
f 1532 1424 1423
f 1525 1526 1533
f 1526 1534 1533
f 1533 1534 1425
f 1533 1425 1424
f 1526 1527 1534
f 1527 1535 1534
f 1534 1535 1426
f 1534 1426 1425
f 1527 1528 1535
f 1528 1536 1535
f 1535 1536 1427
f 1535 1427 1426
f 1528 1529 1536
f 1529 1537 1536
f 1536 1537 1428
f 1536 1428 1427
f 1529 1530 1537
f 1530 1538 1537
f 1537 1538 1429
f 1537 1429 1428
f 1418 1538 1530
f 1418 1429 1538
f 1516 1517 1539
f 1517 1540 1539
f 1539 1540 1543
f 1540 1544 1543
f 1516 1539 1543
f 1516 1543 1525
f 1543 1544 1526
f 1543 1526 1525
f 1517 1518 1540
f 1518 1541 1540
f 1540 1541 1544
f 1541 1545 1544
f 1544 1545 1527
f 1544 1527 1526
f 1518 1519 1541
f 1519 1542 1541
f 1541 1542 1545
f 1542 1546 1545
f 1545 1546 1528
f 1545 1528 1527
f 1519 1546 1542
f 1519 1528 1546