v -3.132565 166.927475 406.819824
v -2.994496 167.640320 407.719025
v -3.181456 168.484177 408.726624
v -3.237572 168.929489 409.531403
v -3.224746 168.780701 410.191528
v -4.623498 166.100754 405.453918
v -4.030701 166.738403 406.410065
v -3.985313 167.807297 407.610840
v -4.235427 168.661713 408.679504
v -4.304418 169.213715 409.486786
v -4.038356 169.112076 410.154480
v -6.150939 165.011688 403.645477
v -5.712880 165.440933 404.033264
v -5.452191 165.967010 404.868073
v -5.176918 166.747849 406.060730
v -5.277981 167.612885 407.370819
v -5.487804 168.331100 408.524902
v -5.571732 168.838593 409.420502
v -5.200317 168.903275 409.917206
v -7.830579 164.973999 403.261841
v -7.113908 165.444061 404.250366
v -6.713989 166.222626 404.913879
v -6.506564 166.712921 405.883789
v -6.509296 167.442307 407.191406
v -6.661546 167.944443 408.337830
v -6.977736 168.496582 409.089569
v -8.497472 165.271713 404.200012
v -8.059076 165.984665 405.099976
v -7.798310 166.803329 405.961121
v -7.645361 167.304993 407.067261
v -8.053713 167.480087 408.086517
v -7.728878 167.702698 408.791382
v -9.346402 165.806442 405.134125
v -8.818849 166.556824 405.965332
v -8.699177 167.034576 406.874451
v -8.475000 167.411072 407.698334
v -1.741908 165.136826 406.312561
v -1.241310 165.663696 406.952271
v -1.237282 166.254913 407.739410
v -1.309987 167.004562 408.645996
v -1.365671 167.560440 409.583405
v -1.473105 167.255142 410.108215
v -3.310712 164.608810 405.173798
v -2.536758 165.124451 405.865997
v -2.080183 166.358246 406.671631
v -2.035122 167.118103 407.653900
v -2.181361 167.935242 408.666443
v -2.195350 168.452881 409.637878
v -2.432518 168.152237 410.409973
v -2.557241 167.296188 410.771973
v -4.594059 164.129089 404.040588
v -3.968215 164.435471 404.721588
v -3.492475 165.578888 405.510162
v -3.132327 166.204987 406.055206
v -3.548806 168.589874 410.580414
v -3.406760 167.822418 410.812225
v -6.493122 163.414169 403.012115
v -5.794817 163.694412 403.085724
v -5.488884 164.111176 403.531830
v -4.768372 164.990219 404.073395
v -4.424474 165.389145 404.684265
v -5.733605 168.489395 409.968872
v -5.167491 168.113083 410.338867
v -4.279031 167.697769 410.653290
v -7.694380 163.467773 403.105042
v -7.040903 164.007797 403.186310
v -6.908967 164.590652 403.589844
v -7.649099 164.666763 403.691406
v -6.652016 168.387421 409.516724
v -6.305235 167.848877 410.083954
v -9.407968 163.629562 402.639954
v -8.566445 163.893127 403.894531
v -8.367146 164.594925 403.996063
v -7.935703 165.180267 404.516449
v -8.389539 165.165176 404.775696
v -8.131245 167.100342 408.796509
v -7.863085 168.130432 409.188477
v -7.601487 167.799545 409.744659
v -10.042426 164.001801 403.435699
v -9.544008 164.197479 404.336945
v -9.453649 164.956650 405.172729
v -8.903896 165.892288 405.535187
v -9.108130 166.560410 406.640930
v -8.954412 166.923218 407.483612
v -8.765690 166.965302 408.296875
v -8.835025 167.224930 409.022308
v -8.706304 167.788574 409.507812
v -10.039492 164.778915 405.218414
v -10.011518 165.598022 405.891113
v -9.769264 166.145218 406.574951
v -9.620019 166.404739 407.258270
v -9.484654 166.791306 408.002838
v -9.447852 166.817749 408.818848
v -9.287669 167.078430 409.197693
v -0.140965 164.497864 407.518585
v 0.336102 164.882950 407.986969
v 0.176459 165.342773 408.537750
v -0.028901 165.321381 408.929749
v -1.106325 164.204071 406.471466
v -0.436330 164.617142 407.052124
v -0.335412 165.544052 407.827728
v -0.417415 166.193939 408.579163
v -0.581980 166.460815 409.339661
v -0.973551 166.275238 409.986969
v -3.086290 164.493149 405.535767
v -2.437432 163.985947 405.874023
v -1.646467 167.036560 410.421875
v -2.020022 166.394135 410.643829
v -4.505354 163.983704 404.508453
v -3.834279 163.766861 405.241699
v -3.651912 163.596909 405.754242
v -3.086520 166.766663 410.859894
v -5.946403 162.745575 403.157471
v -5.322845 162.962677 403.457062
v -4.998193 163.175064 404.362457
v -5.106215 163.058548 405.077454
v -4.874797 167.208557 410.607727
v -4.391365 166.873703 410.764984
v -6.917882 162.849457 403.242065
v -7.788325 162.377548 404.247284
v -5.910941 166.803284 410.158447
v -5.199554 166.327744 410.449829
v -8.127778 163.217896 403.494812
v -8.847383 162.844391 404.307617
v -7.194715 166.736053 409.975983
v -9.608000 163.515121 404.343750
v -9.646006 163.791000 405.279144
v -9.218411 164.095032 405.152374
v -8.353753 166.901108 409.768311
v -10.188026 163.620590 404.999817
v -10.075981 164.420227 405.688354
v -10.330926 165.002365 406.497467
v -10.030257 165.849716 407.061249
v -9.792021 166.167435 407.702911
v -9.739697 166.391159 408.387329
v -9.712646 166.689484 409.085266
v -9.414492 167.035507 409.481323
v -11.132810 164.534378 406.140625
v -10.696952 165.050797 406.895569
v -10.465817 165.472290 407.493500
v -10.311823 165.915787 408.128143
v -10.261231 166.355331 408.742157
v -10.136491 166.315582 409.072540
v 4.790213 162.691162 407.273987
v 4.904480 162.640350 407.411713
v 3.819402 162.386719 407.192505
v 4.556151 162.733231 407.330536
v 1.165129 162.545471 407.089661
v 1.535490 162.887909 407.539429
v 1.597855 163.322067 408.040527
v 1.487822 163.256165 408.147003
v 0.318095 162.675919 406.956940
v 0.899676 163.410385 407.375793
v 1.125613 164.181351 408.071930
v 0.790590 164.286652 408.499023
v 0.220128 164.669632 409.123993
v 0.081172 164.488770 409.647064
v -0.839247 162.978668 406.618164
v 0.029183 163.626221 407.049622
v -0.372261 165.675583 409.543945
v -0.753435 165.448471 410.038177
v -0.814994 164.848038 410.420227
v -2.593515 162.415771 405.861023
v -1.825790 162.935837 406.133972
v -1.429389 165.991531 410.400635
v -1.837217 165.610382 410.777100
v -1.828298 164.841797 410.907593
v -3.540089 162.554550 405.621979
v -2.644526 163.133591 405.821869
v -2.739361 165.884689 410.874847
v -2.648875 165.253281 411.038818
v -5.888518 161.910522 403.664917
v -5.346056 162.086029 404.154297
v -4.980784 162.218323 405.015533
v -4.382320 162.443039 405.536987
v -4.168466 165.710617 410.849670
v -3.585926 165.169785 410.907745
v -6.640882 162.058838 403.795929
v -7.114882 161.680115 404.818024
v -7.052793 161.510818 405.595673
v -5.841213 165.850052 410.378296
v -5.688872 165.654266 410.614075
v -7.929224 161.835724 405.323547
v -7.835986 161.478668 405.580902
v -7.055748 165.823975 410.142517
v -7.062053 165.261215 410.396149
v -9.323936 162.483795 404.964203
v -9.430405 162.293671 405.549500
v -9.433298 162.275894 406.120300
v -8.097400 165.904984 409.990051
v -8.088802 165.240387 410.261993
v -9.997305 163.349396 405.603271
v -10.061862 163.661865 406.225006
v -10.223617 163.547882 406.717651
v -9.172994 165.904343 409.741669
v -8.801926 165.241043 409.973633
v -10.663390 164.400070 406.800201
v -10.661302 164.483154 407.256531
v -10.414184 164.859009 407.854645
v -10.345582 165.288773 408.412506
v -10.282264 165.683502 408.969360
v -10.024693 166.018814 409.463165
v 14.509402 161.312119 402.993530
v 14.918459 161.545319 403.317719
v 14.918419 161.818649 403.941193
v 14.960380 162.053406 404.574036
v 14.731137 162.063110 405.146515
v 13.733812 161.093887 403.075836
v 14.196142 161.427734 403.181183
v 14.204886 161.759552 403.838013
v 14.071112 162.072998 404.406219
v 14.109179 162.386795 405.268677
v 13.608603 162.299591 405.923706
v 12.390227 161.861191 405.013397
v 13.136201 162.263504 405.199066
v 13.041349 162.381485 405.845490
v 6.705817 162.500641 407.314331
v 6.804665 162.520737 407.513947
v 5.785292 162.240158 407.189941
v 6.422936 162.537582 407.438171
v 4.907515 162.214554 407.237274
v 5.066381 162.456024 407.588593
v 4.907969 162.323639 407.741394
v 4.435664 162.397202 407.297485
v 4.496866 162.438232 407.644684
v 4.586926 162.300034 407.720795
v 1.494718 162.282379 407.189972
v 1.714821 162.318405 407.478058
v 1.743813 162.577469 407.916016
v 1.560414 162.862396 408.174316
v 1.090449 162.107162 407.055420
v 0.734746 161.702774 407.314697
v 1.183048 162.250763 407.854034
v 0.809809 163.066101 408.372009
v 0.626266 163.689407 408.977631
v 0.428002 163.914322 409.763153
v 0.270147 163.826355 410.260956
v -0.143084 162.104706 406.770782
v -0.584262 161.746017 406.895508
v -0.101758 164.675079 410.164917
v -0.319533 164.266052 410.441681
v -2.041006 162.208771 406.083435
v -1.318704 161.911621 406.584930
v -1.334535 161.656265 406.725555
v -1.048072 164.717636 410.753510
v -1.668525 164.221039 410.943268
v -2.643934 161.978699 405.970886
v -3.113228 161.531723 406.288818
v -2.634587 164.585129 411.138306
v -5.966576 161.239426 403.963318
v -5.562931 161.370987 404.706299
v -4.856750 161.126862 405.551849
v -3.931226 161.443863 405.881897
v -3.950440 161.248077 406.173004
v -4.480697 164.608826 410.791840
v -3.566530 164.629745 410.978607
v -6.289792 161.430695 404.292633
v -6.127446 161.262131 405.208679
v -6.097291 161.128265 405.853333
v -6.352916 161.023254 406.214417
v -5.720066 164.739090 410.697388
v -8.263421 161.347534 405.491791
v -7.280995 161.081741 406.111816
v -7.147806 160.968231 406.042847
v -7.036020 164.707565 410.602142
v -8.806906 161.535858 405.482056
v -8.845813 161.443665 406.037323
v -8.953665 161.359039 406.471039
v -8.114238 164.702484 410.506714
v -9.704174 162.485458 406.659485
v -10.038326 162.380203 406.999603
v -9.483332 164.905151 409.941345
v -8.825070 164.753693 410.297638
v -10.490413 163.432434 407.107788
v -10.463034 163.483826 407.554352
v -10.321981 163.843887 408.125824
v -10.200386 164.281662 408.666046
v -10.213902 164.720184 409.168060
v -9.981703 164.992310 409.605957
v 14.807904 159.173462 400.252777
v 15.013181 159.631470 400.848022
v 15.120269 160.113373 401.619812
v 15.364338 160.715271 402.442841
v 15.356891 161.105423 403.140167
v 15.310349 161.380020 403.840790
v 15.376339 161.587524 404.451538
v 15.350568 161.682358 405.042023
v 15.188908 161.642410 405.697266
v 13.973444 159.294357 400.586060
v 14.004684 159.858444 400.975220
v 14.078584 160.123291 401.569183
v 14.347165 160.984009 402.517456
v 13.745358 161.317535 403.455872
v 13.693891 161.624512 404.230347
v 13.084151 161.403336 404.558289
v 14.376029 162.254150 405.632599
v 14.384789 162.079987 405.856232
v 14.054007 161.842636 406.632019
v 12.518786 159.685638 401.258484
v 12.782704 160.180359 401.694336
v 12.996941 160.460632 402.249207
v 12.886206 160.988937 403.172668
v 12.831497 161.399887 404.076538
v 13.212721 161.717560 404.500885
v 12.796611 162.080887 405.551239
v 13.135402 162.217819 406.142761
v 13.252583 162.097733 406.601776
v 11.423337 160.021194 402.136871
v 12.190240 160.116013 402.087708
v 12.150002 160.641510 402.965179
v 12.127683 161.128983 403.848846
v 12.086123 161.468063 404.585205
v 12.129187 161.690140 405.225433
v 12.177963 161.844315 405.876068
v 12.251205 161.820786 406.514038
v 9.851184 161.013000 404.433289
v 10.268888 161.363205 404.869904
v 10.203147 161.581207 405.500977
v 10.200760 161.719650 406.156036
v 10.344419 161.505081 406.612610
v 8.792687 160.854599 404.507416
v 9.645310 161.260300 404.722687
v 9.592489 161.517120 405.336914
v 9.086984 161.768539 406.187469
v 9.415051 161.983353 406.917877
v 9.172129 161.695953 407.369263
v 7.463875 161.125702 405.183960
v 7.798188 161.475266 405.644043
v 8.009679 161.765259 406.274414
v 8.189649 162.124161 406.867706
v 8.267203 162.100067 407.419983
v 6.248170 161.076965 405.236938
v 6.907926 161.505203 405.550110
v 6.991914 161.868927 406.328918
v 7.126740 162.278595 407.100769
v 7.112703 162.526047 407.844421
v 6.900305 162.509659 408.434875
v 6.986556 162.387238 408.842194
v 5.753019 161.399261 405.915131
v 5.978631 161.841293 406.484100
v 6.203358 162.478973 407.275085
v 6.230225 162.702728 407.925049
v 6.182240 162.640518 408.475677
v 6.604474 162.519562 408.794312
v 4.632245 161.188416 406.236481
v 5.299382 161.821167 406.740601
v 5.395538 162.257767 407.266327
v 5.352293 162.548477 407.956299
v 5.193734 162.693130 408.653503
v 5.019337 162.448654 408.996521
v 3.740735 160.924942 406.445770
v 4.117692 161.670990 407.038574
v 3.925228 162.029312 407.728119
v 4.247370 162.391495 408.274811
v 4.232251 162.636841 408.727936
v 4.272340 162.628891 409.123413
v 2.476461 160.716782 406.504333
v 2.898355 161.065277 407.042542
v 3.124207 161.710098 407.565826
v 3.034632 162.229874 408.244751
v 3.078574 162.471375 408.776917
v 3.504738 162.480560 409.015564
v 1.922758 160.955093 407.282959
v 2.129894 161.630615 407.616943
v 1.963336 162.263672 408.265350
v 1.905176 162.618530 408.889771
v 1.520906 162.581268 409.298950
v 0.950529 161.062408 407.327362
v 1.323755 161.915176 407.776306
v 1.198534 162.559189 408.293762
v 1.063999 163.020798 408.918335
v 0.994171 163.141693 409.575256
v 0.510161 163.194504 410.262085
v -0.795157 160.640472 406.654297
v 0.080819 160.982101 406.988617
v -0.254129 163.618240 410.633698
v -0.674920 163.182617 410.814545
v -1.534912 161.019608 406.500000
v -0.737131 161.216721 406.757599
v -0.880395 163.983566 410.761780
v -1.333445 163.577026 410.970612
v -2.642477 161.097046 406.453888
v -2.668512 163.751129 411.102875
v -5.027461 159.945831 405.175079
v -4.418842 160.520508 405.606842
v -4.108820 160.736008 406.137268
v -3.616235 160.853424 406.450745
v -4.293173 164.018509 410.802185
v -3.934700 163.855377 411.035095
v -5.736352 159.853561 404.998505
v -5.255089 160.350937 405.701141
v -5.735640 160.497833 406.236542
v -5.579995 163.980637 410.653046
v -5.504087 163.576767 410.811127
v -7.587359 160.842438 405.964783
v -6.978903 160.661484 406.448730
v -6.917260 163.886902 410.587189
v -6.533872 163.579620 410.634399
v -8.145507 160.980164 406.204132
v -8.279667 160.965546 406.596130
v -8.521713 161.037140 407.021210
v -8.126634 164.040070 410.535522
v -9.299994 161.559830 406.892181
v -9.675465 161.614304 407.234558
v -9.548092 164.216415 410.022736
v -9.296493 163.971085 410.365204
v -10.402039 162.422119 407.351135
v -10.553901 162.565811 407.806915
v -10.502514 162.993805 408.371429
v -10.393951 163.414322 408.838409
v -10.391955 163.822128 409.310242
v -10.186349 163.972427 409.738373
v -10.079411 163.765900 410.001465
v 15.499944 158.129486 399.059052
v 15.451198 158.785995 399.901917
v 15.878870 159.224182 400.505096
v 15.892143 159.668274 401.300690
v 15.844620 160.110626 402.144470
v 15.811374 160.481400 402.971619
v 15.855256 160.741211 403.659546
v 15.934799 160.931015 404.275482
v 16.044298 161.117661 404.959106
v 16.061255 161.272308 405.769348
v 16.380163 161.169113 406.395966
v 14.863570 157.517685 398.305969
v 14.603845 158.102264 398.880463
v 14.451693 159.169296 400.169800
v 13.492384 159.225555 400.670715
v 14.886974 161.817139 406.277039
v 15.155796 161.629471 406.716125
v 15.044677 161.366440 407.538330
v 14.025640 157.572495 398.404785
v 13.777186 158.079727 399.085175
v 13.361390 158.589294 399.805511
v 13.178324 159.577194 400.990936
v 12.146867 159.568787 401.510529
v 13.598598 161.910828 407.116425
v 14.006909 161.655090 407.590607
v 12.790608 157.557373 398.474945
v 12.814086 158.008652 399.107666
v 12.479217 158.498413 399.886444
v 12.284032 158.952179 400.636536
v 11.936866 159.844742 401.687500
v 11.877212 160.053207 402.444550
v 11.763162 160.590988 403.444275
v 11.740281 161.021255 404.268951
v 11.714010 161.281525 404.954559
v 11.697487 161.431717 405.584686
v 11.754424 161.588516 406.306885
v 12.056660 161.767761 407.022797
v 12.451211 161.641739 407.540863
v 11.442491 157.530579 398.522034
v 11.703238 157.985458 399.131744
v 11.587383 158.362350 399.800476
v 11.399641 158.825027 400.591949
v 11.198616 159.344025 401.416595
v 11.001679 159.801239 402.245148
v 10.804304 160.287170 403.172302
v 10.821548 160.745178 403.990082
v 11.089189 161.196503 404.760406
v 11.068881 161.378113 405.416962
v 11.082140 161.480072 406.094238
v 10.801864 161.592804 406.933472
v 10.971938 161.550323 407.412415
v 9.740988 157.471863 398.712555
v 10.739511 157.745193 398.942841
v 10.716518 158.146835 399.619019
v 9.501796 158.774475 400.683838
v 10.060830 159.196930 401.428833
v 9.751800 159.745819 402.355988
v 9.570198 160.236649 403.183502
v 9.306810 160.861572 404.153839
v 9.171691 161.175095 404.959625
v 9.298576 161.314667 405.625549
v 8.594289 160.972778 405.770447
v 10.041417 161.697968 407.149658
v 9.601584 161.630249 407.469604
v 8.290685 158.877930 401.231750
v 9.138186 158.962906 401.341339
v 8.273996 159.695816 402.499817
v 8.383736 160.156525 403.251495
v 8.077766 160.518982 404.045166
v 8.103148 160.956177 404.809235
v 8.651049 161.306046 405.479401
v 8.851585 161.254105 405.706848
v 8.390007 161.890305 407.879883
v 8.129796 161.545044 408.165558
v 6.496172 159.717926 402.996033
v 7.391689 159.792664 403.213928
v 7.215456 160.178391 403.992950
v 7.314568 160.950867 404.808868
v 6.033666 160.912613 405.236176
v 7.641785 162.119736 407.988403
v 7.327248 162.041290 408.481506
v 6.883122 162.229279 408.643097
v 5.800059 160.517075 405.064697
v 6.372945 160.965332 405.348114
v 6.410150 162.066605 408.593475
v 6.500929 162.368622 408.628723
v 4.732648 160.377106 405.288910
v 5.347576 160.850357 405.557556
v 5.622823 162.338028 408.803833
v 5.156009 162.033371 409.102203
v 3.308929 160.298401 405.417908
v 4.076844 160.650299 405.824402
v 3.516235 161.697159 408.862244
v 4.291263 162.040527 409.164368
v 3.380525 160.516434 406.341919
v 2.942234 160.166443 406.599426
v 3.099644 162.009323 408.958984
v 3.024996 161.917557 409.205902
v 2.282508 160.341721 406.934235
v 2.458759 162.467667 409.058746
v 1.942050 162.107452 409.332977
v 0.563834 159.788132 406.575165
v 1.259949 160.252701 406.971527
v 1.174802 162.623093 409.759979
v 0.577958 162.454956 410.232239
v -0.090341 160.111908 406.636353
v 0.587513 160.420242 406.802460
v -0.265373 162.727753 410.584076
v -0.717692 162.761063 410.721588
v -1.328371 160.124222 406.474762
v -1.202708 162.553635 410.674957
v -1.365741 162.837357 411.015045
v -2.517495 160.200882 406.489288
v -2.662042 163.050308 411.101410
v -4.725276 159.778122 405.104584
v -4.430147 159.959305 405.723206
v -4.169755 159.975281 406.130188
v -3.412184 160.167496 406.432953
v -4.024569 163.113754 411.069702
v -5.250715 159.942657 405.326294
v -5.065297 160.087494 405.871521
v -5.293808 159.953598 406.281464
v -5.382446 163.261841 411.031799
v -6.350379 160.431122 406.521362
v -6.832685 160.300766 406.751587
v -7.199487 163.193329 410.624603
v -6.413583 163.224777 410.807068
v -7.474146 160.750275 406.739624
v -8.098803 160.778610 407.047302
v -8.190345 163.311783 410.554260
v -9.295479 161.237885 407.386566
v -10.059075 161.277634 407.691528
v -9.425975 163.397415 410.513397
v -10.223164 161.700333 407.547485
v -10.765231 162.066208 407.946503
v -11.761472 162.224106 408.264740
v -10.931471 162.836365 408.931580
v -10.870866 162.969604 409.355591
v -10.615837 163.231339 409.894073
v -10.318141 163.411331 410.327972
v -12.237338 161.864853 408.205536
v -11.864191 162.256241 408.745575
v -11.698274 162.504822 409.043243
v 16.371487 157.780640 398.744568
v 16.623941 158.114212 399.331970
v 16.643047 158.566742 400.148773
v 16.655304 159.005219 401.074646
v 16.601355 159.369614 401.912537
v 16.617943 159.672348 402.714386
v 16.675442 159.943512 403.456238
v 16.735527 160.153671 404.110413
v 16.932045 160.371964 404.813416
v 17.162460 160.554153 405.636108
v 16.953646 160.463623 406.317383
v 15.905809 156.412399 397.143158
v 15.539337 157.202545 397.819153
v 15.737947 157.494553 398.335815
v 16.049400 161.118011 407.037506
v 15.460453 161.027359 407.730438
v 15.178282 160.699768 407.914612
v 15.041284 156.583832 397.269745
v 15.083639 157.058411 397.831421
v 14.316961 161.459976 408.128571
v 14.526603 161.096054 408.298096
v 13.208591 155.868408 396.528473
v 13.369214 156.516281 397.174225
v 13.760324 157.037521 397.862885
v 12.788327 161.509842 408.115356
v 12.920849 161.163528 408.328796
v 11.741735 155.914154 396.566010
v 11.911398 156.506241 397.182434
v 12.185196 157.032028 397.864960
v 11.189833 161.421112 407.987396
v 11.342351 161.200592 408.276642
v 10.156081 155.894806 396.717499
v 10.355437 155.930222 396.943085
v 10.533077 156.827484 398.069855
v 10.377212 157.599655 399.080292
v 10.267190 158.010117 399.948517
v 9.244297 158.376648 400.702026
v 9.778065 161.401489 407.876404
v 9.901656 161.207184 408.211975
v 8.966533 156.216324 397.301178
v 9.048976 156.324966 397.847870
v 9.530569 157.170135 398.727051
v 9.466184 157.685852 399.771179
v 8.747709 158.472855 400.875214
v 8.550486 158.854370 401.805237
v 7.402907 159.251648 402.491089
v 8.967724 161.481583 407.964386
v 8.628901 161.325424 408.277771
v 7.890244 156.633896 398.369568
v 8.642955 156.721268 398.595551
v 8.679805 157.240387 399.690643
v 8.481548 157.772446 400.625061
v 8.073271 158.354385 401.529541
v 7.680987 159.215652 402.640106
v 7.138665 159.582642 403.556763
v 6.943697 160.032379 404.394470
v 6.039119 160.104568 404.588898
v 7.436120 161.623505 408.600922
v 7.170722 161.255707 408.791443
v 5.867929 159.345139 403.908112
v 6.162538 159.795074 404.308929
v 6.467732 160.173096 404.688873
v 6.431827 161.795242 408.705414
v 6.501808 161.488297 408.917816
v 4.786900 159.157654 404.117462
v 5.055614 159.636566 404.483978
v 5.394625 160.050095 404.826324
v 5.902915 161.888031 408.800262
v 5.356231 161.581223 409.083252
v 3.059501 159.201462 404.360321
v 3.827621 159.344238 404.639618
v 4.054126 160.041656 405.259033
v 3.041958 160.085205 405.640900
v 4.069413 161.740372 409.058838
v 4.247286 161.603287 409.302826
v 2.132330 159.230743 405.220947
v 2.921736 159.421951 405.458710
v 3.224979 160.117142 406.039703
v 2.287713 159.910385 406.368530
v 3.684976 161.834915 409.001221
v 3.120067 161.475510 409.268402
v 1.841348 158.985031 405.906708
v 2.226164 159.471603 406.203735
v 2.594244 159.823502 406.531494
v 2.059229 161.687653 409.606903
v 1.496568 161.498764 409.990967
v 0.662284 159.002930 406.076569
v 1.168650 159.393845 406.470947
v 1.763373 159.711639 406.542755
v 1.229429 162.238571 409.880310
v 0.899074 161.867157 410.353851
v 0.393146 161.615601 410.759369
v 0.110908 159.247894 406.405243
v -0.156078 162.235626 410.604797
v -0.296357 161.906693 410.895355
v -1.743072 158.909851 406.182281
v -0.879798 159.359070 406.321960
v -0.854065 162.475128 410.681091
v -1.326025 162.203201 410.991333
v -2.763355 159.029617 406.216980
v -2.082629 159.495911 406.354065
v -2.594902 162.498871 411.233826
v -3.111516 161.929276 411.285950
v -5.479379 157.460495 403.715515
v -4.993578 157.898590 404.284241
v -4.635466 158.300751 404.976685
v -4.172851 158.673157 405.613312
v -3.706188 159.310440 406.050659
v -2.833008 159.613525 406.385498
v -3.911553 162.580231 411.233063
v -3.492775 162.157867 411.269531
v -6.084483 157.611618 403.709229
v -5.821366 157.796494 403.976166
v -5.420594 158.285248 404.763611
v -4.975335 158.660004 405.476196
v -5.107304 159.242584 406.111389
v -5.258115 162.683945 411.057770
v -6.575068 159.607819 406.338593
v -6.570719 160.049240 406.603485
v -7.368975 162.729309 410.635925
v -6.696308 162.694580 410.994568
v -7.571367 159.723938 406.508820
v -7.905547 159.903534 406.638458
v -8.123224 162.752930 410.630066
v -8.117035 162.558975 410.885834
v -9.889452 160.585632 406.994354
v -9.847527 161.053802 407.564423
v -9.325424 162.651962 410.579834
v -9.096116 162.492111 410.697906
v -10.920733 160.571106 407.254364
v -11.432057 161.220932 407.546570
v -11.736349 161.397766 408.075592
v -11.156545 162.547623 409.566559
v -10.915353 162.366684 409.907043
v -10.483158 162.621231 410.359161
v -12.233053 161.801178 408.391510
v -12.470245 161.836395 408.732452
v -11.865020 161.963120 409.185913
v -11.843628 161.993225 409.489777
v 16.837896 156.610916 397.820709
v 17.080942 157.195160 398.426453
v 17.337673 157.584885 399.147186
v 17.355118 158.053650 400.197357
v 17.431314 158.367371 401.058350
v 17.426794 158.611786 401.830811
v 17.463194 158.858200 402.609009
v 17.507860 159.084641 403.382080
v 17.528709 159.266235 404.106262
v 17.618036 159.433914 404.816437
v 17.208267 159.408325 405.493561
v 16.850439 160.111023 406.151978
v 16.475420 156.368118 397.076324
v 16.273193 156.769241 397.570435
v 16.446318 157.007202 397.943481
v 16.022751 159.382370 405.965668
v 15.908060 160.107162 406.666016
v 15.674227 160.386520 407.530243
v 15.105512 160.385864 407.775177
v 15.421741 155.644363 396.351196
v 15.882592 156.076157 396.877838
v 14.881056 159.614319 406.342834
v 14.794163 159.607651 406.751801
v 14.034141 159.925064 407.491455
v 14.598990 160.678513 408.131348
v 13.996140 155.005814 395.512207
v 14.061794 155.599655 396.124054
v 14.953671 156.001434 396.708832
v 12.873570 160.161301 407.774231
v 13.130843 160.803604 408.209412
v 12.532224 154.843323 395.421600
v 13.022962 155.463806 395.955597
v 11.380545 160.223206 407.805054
v 11.607619 160.883316 408.210907
v 10.953235 154.539627 395.310089
v 10.846580 155.273178 396.058563
v 9.893868 155.744415 396.667969
v 10.286911 160.279694 407.928497
v 9.910526 160.751236 408.289856
v 9.433372 154.285110 395.413483
v 9.772703 154.936951 395.867035
v 9.408463 155.569687 396.893402
v 8.814580 156.129211 397.590973
v 8.750445 160.790161 408.293732
v 7.998025 154.144897 395.509857
v 8.582479 154.658661 396.103485
v 8.565761 155.258072 396.761444
v 8.262369 156.013992 398.011810
v 8.283528 156.524185 399.183136
v 8.127501 157.100571 400.448029
v 7.887430 157.691101 401.408875
v 7.514244 158.289154 402.198975
v 7.270985 158.749847 402.975616
v 6.345475 158.749664 403.209320
v 7.986026 161.084412 408.483337
v 7.429191 160.720932 408.776306
v 6.609958 153.991714 395.500702
v 7.260605 154.462051 396.180389
v 7.421361 154.879227 396.995453
v 7.456101 155.442413 397.884949
v 7.403732 156.091187 399.053131
v 7.224047 156.731018 400.372681
v 7.000431 157.347778 401.406769
v 6.758390 157.878113 402.238068
v 6.501855 158.377060 402.934875
v 6.681133 158.852371 403.412231
v 6.611331 161.024887 409.046539
v 5.246744 154.288849 396.045685
v 6.105893 154.181915 396.041412
v 6.419838 154.551025 396.991791
v 6.041140 155.165314 398.353668
v 6.145148 155.836716 399.285126
v 5.941216 156.522324 400.474152
v 5.750710 157.182556 401.464661
v 5.583893 157.771927 402.343414
v 5.327598 158.300964 403.094635
v 5.505491 158.770630 403.551941
v 5.535526 161.097733 409.229797
v 4.266494 155.446869 399.093658
v 5.126527 155.451019 399.343018
v 4.936090 156.130157 400.428986
v 4.776765 156.821365 401.354187
v 4.699638 157.447739 402.202515
v 4.543834 157.957718 403.004364
v 3.970546 158.439484 403.879364
v 2.825800 158.930893 404.694885
v 4.358820 161.090027 409.362823
v 2.188887 158.387970 404.652954
v 3.217019 158.633987 404.771698
v 1.947381 158.899277 405.406860
v 3.234970 161.095993 409.515778
v 2.667437 160.866714 409.895721
v 1.784132 157.977936 405.143890
v 2.513572 158.609955 405.371704
v 2.458655 161.480759 409.733154
v 2.139479 161.109375 410.061005
v 0.702658 157.845703 405.510254
v 1.268703 158.586792 405.863678
v 0.528360 158.817032 406.128418
v 1.220505 161.455673 410.492157
v 0.603550 161.122437 410.844116
v -0.292892 157.929596 405.707886
v 0.060567 158.131622 405.789825
v 0.515883 158.687057 406.169525
v -0.268532 161.443115 411.071808
v -1.746872 157.947464 405.650391
v -0.971122 158.390823 405.832397
v -0.364218 158.673752 406.188171
v -1.521211 161.681168 411.144562
v -3.251990 157.673447 405.033203
v -2.613730 158.041611 405.482269
v -2.028071 158.431671 405.903564
v -2.595859 161.982132 411.340179
v -3.048568 161.731689 411.223480
v -5.739298 155.556305 401.689178
v -5.214591 155.895172 402.318665
v -4.904763 156.902817 403.386505
v -4.418873 157.358795 404.194305
v -3.954126 157.834534 404.909393
v -3.403792 158.326050 405.589172
v -2.890856 158.615219 405.871735
v -4.004381 161.977768 411.387268
v -3.289317 161.850815 411.314453
v -6.289960 155.686813 401.547119
v -6.076017 155.771927 401.947266
v -6.606518 156.691299 403.254425
v -6.297769 157.764435 404.260712
v -5.808539 158.268936 405.120178
v -5.416210 158.654144 405.723145
v -5.361636 158.750809 405.752808
v -5.140141 162.174408 411.181396
v -7.506419 156.969421 403.462921
v -7.162642 157.156662 403.796295
v -6.712119 157.725250 404.649841
v -7.052030 158.350922 405.394073
v -6.092599 158.985641 405.973114
v -6.629775 162.209366 411.075409
v -8.234012 158.774063 405.684418
v -8.279005 159.006058 406.046326
v -8.084128 159.713470 406.589966
v -8.093866 162.194962 411.031555
v -9.851077 159.214279 406.161682
v -9.806834 159.521881 406.458374
v -9.869562 161.982132 410.668121
v -9.103703 162.093887 410.903473
v -11.078768 160.404037 407.015869
v -12.222831 160.541809 407.437500
v -12.271664 160.724380 407.709259
v -11.161263 161.712601 410.064117
v -10.541295 161.946426 410.405273
v -14.089723 160.094650 407.261475
v -12.802560 160.881393 407.996460
v -12.953011 161.066177 408.553009
v -12.766751 161.282379 409.194641
v -12.155979 161.578827 409.707092
v 16.908018 156.643341 398.020477
v 17.418821 156.723251 398.417999
v 17.863422 157.057800 399.234589
v 17.938053 157.428894 400.197540
v 17.960621 157.657898 401.106628
v 17.938915 157.824875 401.894409
v 17.882498 158.014099 402.723328
v 17.825483 158.226608 403.538666
v 17.704147 158.415344 404.200745
v 17.688725 158.569229 404.821838
v 17.085226 158.410217 405.223694
v 16.779669 155.996872 397.147217
v 16.902761 156.376053 397.753204
v 16.513083 156.434875 398.311951
v 15.987604 158.639191 405.537415
v 16.004480 155.514145 396.505676
v 16.474419 155.775131 396.881378
v 14.680286 158.850662 405.987549
v 13.577878 158.814560 406.498749
v 13.071352 159.281662 407.021484
v 14.721466 154.832153 395.487152
v 15.479260 155.233078 396.025513
v 12.220478 158.766937 406.684998
v 12.620703 159.458466 407.206848
v 13.577361 154.498505 395.257782
v 11.032116 158.915619 406.838470
v 11.305309 159.620819 407.324127
v 12.042862 154.290543 395.233032
v 11.463251 154.090698 395.748138
v 10.155555 159.145844 407.154785
v 10.206222 159.792175 407.602264
v 9.557628 159.553391 407.856873
v 10.157367 154.023773 395.274475
v 10.343151 154.165009 395.850800
v 8.869520 160.021286 408.260925
v 8.435048 153.760117 395.147614
v 8.147216 160.374603 408.529602
v 7.508009 160.003754 408.755768
v 6.029769 153.281281 394.939972
v 6.966428 153.513367 394.882355
v 5.996118 155.685349 400.276794
v 6.475365 155.885849 400.690796
v 6.432273 156.357986 401.461395
v 6.383800 156.806732 402.290344
v 6.231174 157.004868 402.928436
v 6.731561 160.354874 409.033661
v 5.002824 153.488892 395.295929
v 5.255397 153.303391 395.126434
v 5.722219 153.971024 396.448639
v 5.914523 154.466797 397.727692
v 5.138003 154.951187 398.534668
v 5.657142 155.863586 400.470612
v 5.658030 156.006592 401.022095
v 5.569071 156.607193 401.674042
v 5.528664 157.093262 402.489288
v 5.232930 157.186218 403.036224
v 5.590370 160.406372 409.252319
v 4.014874 153.749359 396.218536
v 4.876684 153.681839 396.415314
v 5.145267 154.086365 397.529938
v 5.160367 154.773544 398.661652
v 4.670343 155.287140 399.820801
v 4.780224 156.118713 401.020325
v 4.763892 156.942856 401.834320
v 4.753654 157.423126 402.660309
v 4.470510 157.657455 403.330750
v 3.991712 157.405197 403.795013
v 4.424999 160.396713 409.376129
v 2.315700 156.801865 403.957825
v 3.060814 157.669846 404.158386
v 1.892979 157.947906 404.923523
v 3.524876 160.683624 409.628723
v 2.835497 160.344971 409.958527
v 1.136484 156.893906 403.843536
v 2.321859 156.988388 404.237000
v 2.134040 157.495911 404.746094
v 1.978393 160.688736 410.254456
v 0.160828 156.433823 404.359772
v 0.640205 156.725601 404.762238
v 1.336199 157.200729 405.054047
v 1.230620 160.862198 410.512756
v 0.549981 160.562073 410.893372
v -0.887531 156.661850 404.359680
v -0.102637 156.725021 404.777191
v 0.245828 157.382629 405.316040
v -0.447282 157.815598 405.721039
v -0.306104 160.870453 411.117371
v -2.671091 155.204971 402.243256
v -2.431461 155.356934 402.490692
v -2.111091 155.837906 403.268646
v -1.800925 156.373627 404.032135
v -1.292438 156.897232 404.700378
v -0.782348 157.485016 405.274231
v -0.375562 157.724045 405.667572
v -1.519847 161.067184 411.173370
v -3.420468 155.363022 402.108490
v -3.447219 155.472885 402.608459
v -3.117687 156.014206 403.240906
v -2.837076 156.577576 404.066162
v -2.332175 157.258820 404.772491
v -1.709274 157.483902 405.144989
v -2.662666 161.277023 411.329193
v -3.288298 160.707001 411.416168
v -5.932179 154.574738 400.726410
v -5.291698 154.881760 401.176697
v -4.512269 155.491135 402.288910
v -4.090506 156.207794 403.199951
v -3.861021 156.810303 404.081390
v -3.301252 157.209991 404.503876
v -3.999484 161.498962 411.399872
v -3.651285 161.008484 411.434753
v -6.519012 154.675354 400.551514
v -7.232654 155.078293 401.110535
v -6.740727 155.874161 402.197296
v -6.529799 156.427567 403.020752
v -5.314114 161.533981 411.453674
v -6.051646 160.766937 411.543427
v -8.582678 155.206711 401.047699
v -8.084949 155.675552 401.810944
v -7.810613 156.536575 403.025330
v -7.722205 157.226822 404.018463
v -7.396872 157.765594 404.802032
v -7.650367 158.155899 405.112061
v -6.616024 161.514816 411.344482
v -6.484884 161.057724 411.521698
v -10.772374 155.499893 400.341034
v -9.160855 155.652924 401.521912
v -9.124063 156.133118 402.425781
v -8.846032 156.685623 403.350555
v -8.727533 157.362442 404.359528
v -8.810398 157.933548 405.114624
v -9.055695 158.781570 405.750427
v -8.108777 161.574890 411.098358
v -10.910391 158.120331 405.247986
v -10.381830 158.557907 405.736969
v -10.846799 159.127335 406.248352
v -9.952832 161.504517 410.680969
v -9.279595 161.411301 411.033508
v -12.637318 158.515762 405.817169
v -11.680547 159.401031 406.548584
v -12.357183 159.600662 407.089966
v -11.559981 161.321411 410.143494
v -10.706545 161.263947 410.568939
v -10.563445 161.157242 410.679169
v -13.083939 160.006912 407.412140
v -13.718038 160.137650 407.864288
v -13.644299 160.353729 408.605286
v -13.414497 160.737015 409.195099
v -12.512155 160.945206 409.794281
v -12.445340 160.993088 410.061829
v 17.754919 156.279877 398.598175
v 17.984602 156.514694 399.378540
v 17.944059 156.804611 400.282379
v 17.881443 157.022247 401.212189
v 17.788593 157.172607 402.088013
v 17.683069 157.297531 402.902374
v 17.556313 157.480713 403.616821
v 17.504475 157.631058 404.242401
v 17.381868 157.401459 404.756836
v 16.702860 157.814896 405.190247
v 16.723650 156.012268 397.748169
v 16.840366 155.714966 397.854736
v 17.348778 156.086365 398.218262
v 15.649497 157.275665 404.849060
v 15.722816 157.807053 405.224579
v 15.888275 155.620544 397.040314
v 16.406452 155.278015 397.341370
v 16.375055 155.451767 398.120087
v 14.050197 157.284622 404.952362
v 13.983745 157.883850 405.602112
v 12.939722 158.106644 406.074585
v 14.457851 155.009995 395.974731
v 15.398022 154.766968 396.276093
v 15.231343 154.872345 397.147491
v 12.836639 157.509567 405.320618
v 12.794445 157.605301 405.514618
v 12.375364 158.011551 406.128052
v 14.361794 154.482178 395.508240
v 14.089251 154.565094 396.324219
v 13.726151 154.720200 397.374939
v 13.170666 154.702316 398.117889
v 11.128120 158.255753 406.467407
v 12.941264 154.277100 395.530823
v 12.624894 154.338745 396.360840
v 12.336823 154.551224 397.384552
v 11.781868 154.806747 398.430847
v 11.252036 155.043198 399.318787
v 10.725801 155.267151 400.160736
v 10.298002 158.724930 406.884125
v 9.840387 158.825653 407.458038
v 9.439252 159.047256 407.667084
v 9.846463 153.987610 395.632446
v 10.848468 153.972641 396.234192
v 10.479897 154.415161 397.508453
v 10.221212 154.835114 398.635010
v 9.980082 155.256729 399.598236
v 9.598079 155.571213 400.494263
v 9.326732 155.823151 401.269623
v 9.228326 156.151611 402.042572
v 8.899752 156.340927 402.692932
v 8.921557 158.752136 407.658295
v 8.979410 159.268326 407.965240
v 9.157699 153.604889 395.372070
v 8.842106 153.817657 396.373627
v 8.690804 154.314270 397.706604
v 8.543442 154.770737 398.731750
v 8.411658 155.246811 399.684479
v 8.319763 155.699661 400.657562
v 8.256458 156.122025 401.613831
v 8.172514 156.437149 402.370667
v 7.668063 156.518402 402.990631
v 8.146168 159.018723 407.955231
v 7.907197 159.417068 408.528931
v 7.203403 159.629929 408.736267
v 6.519508 153.437027 394.947876
v 7.181754 153.415710 395.192871
v 7.261334 153.761093 396.633240
v 7.201096 154.184616 397.821411
v 7.125205 154.689011 398.850739
v 7.287888 155.420135 400.115326
v 7.274161 155.994705 400.953461
v 7.235707 156.428375 401.878113
v 7.129825 156.749481 402.660828
v 6.786949 156.798782 403.220215
v 6.275201 156.636215 403.633606
v 6.511630 159.170364 408.663055
v 6.725322 159.714722 408.884064
v 6.131251 153.172760 394.863525
v 6.051654 153.239578 395.466339
v 5.883327 153.693970 396.931458
v 5.954545 154.087860 397.952362
v 5.877673 154.556778 398.942474
v 5.818110 155.245346 400.119843
v 4.891410 155.543381 400.513489
v 5.934377 157.033035 403.413361
v 5.353741 156.739380 403.743591
v 5.371590 159.145676 408.779663
v 5.679428 159.754303 409.047974
v 5.030480 153.454193 396.040649
v 5.119166 153.751999 397.162262
v 5.148463 154.157990 398.137360
v 5.013315 154.657745 399.156647
v 4.837991 155.202042 400.124084
v 4.644937 155.776688 400.709747
v 4.925063 157.161530 403.565216
v 4.453707 156.909546 403.973541
v 3.973310 156.631729 404.350983
v 4.434241 159.398819 409.080109
v 4.326511 159.634491 409.320923
v 2.580825 156.862183 403.922913
v 3.132066 156.764389 404.050659
v 2.977142 156.644394 404.542297
v 3.545862 159.988037 409.649872
v 2.798396 159.714325 410.006592
v 2.460042 156.722946 403.971039
v 2.432785 156.850754 404.403076
v 2.020611 156.665543 404.744598
v 1.965166 160.080185 410.285767
v 0.407029 156.312943 404.290894
v 0.829185 156.302231 404.558350
v 1.354515 156.613724 404.823761
v 1.235947 160.241776 410.540619
v 0.454964 160.084045 410.985321
v 0.178205 156.447571 404.399933
v -0.231211 156.202530 404.501923
v -0.390082 160.375641 411.200165
v -2.294520 155.148758 402.251129
v -2.114166 155.008560 402.517822
v -1.722878 155.441177 403.098297
v -1.423347 155.935287 403.865967
v -0.887558 156.221039 404.399902
v -1.497023 160.525284 411.225647
v -2.924857 154.950348 402.002197
v -3.390603 154.783966 402.111603
v -2.754775 160.699631 411.411865
v -3.137071 160.474762 411.355377
v -5.310738 154.043182 400.567505
v -4.799567 154.386414 401.246033
v -4.244949 154.749619 401.923248
v -4.217594 160.740921 411.519958
v -3.442967 160.468399 411.441284
v -6.115523 154.206879 400.410004
v -6.977732 154.177322 400.541138
v -5.615175 160.927917 411.524780
v -5.817672 160.468124 411.507446
v -8.194477 154.711731 400.762939
v -8.915439 154.762711 401.109833
v -6.975008 160.788498 411.517578
v -6.211045 160.326950 411.606720
v -9.088655 155.288666 401.112671
v -9.810527 155.505417 401.607788
v -9.727156 155.870102 402.441772
v -9.411987 156.371994 403.397278
v -9.789820 157.040863 404.392975
v -10.057027 157.484146 404.630920
v -8.225167 160.907562 411.262268
v -11.731147 156.648285 403.999481
v -10.468972 157.591858 405.023468
v -10.739114 157.715973 405.524353
v -11.130048 157.823624 406.149872
v -9.569343 160.883469 411.122162
v -11.531598 158.462891 405.976685
v -12.429504 158.853973 406.643677
v -14.677441 158.397293 406.603302
v -11.596251 160.721176 410.635010
v -10.527326 160.809937 410.922607
v -16.720650 157.770462 406.241638
v -13.520950 159.252884 407.252991
v -14.665461 159.528809 407.954132
v -14.409832 159.832870 408.651611
v -13.972629 160.233246 409.243530
v -13.469864 160.534271 409.874023
v -12.682018 160.720474 410.336151
v 17.700909 155.661163 398.812561
v 17.914600 155.934601 399.543091
v 17.810442 156.209610 400.489166
v 17.654030 156.369812 401.387146
v 17.544031 156.461868 402.250031
v 17.446495 156.553040 402.954559
v 17.377607 156.710480 403.623932
v 17.426985 156.837769 404.173370
v 16.964268 156.677917 404.486023
v 17.126993 155.268463 397.983276
v 17.274292 155.412445 398.287384
v 15.787659 156.820694 404.598816
v 16.045843 155.235107 398.034027
v 16.231354 154.858566 397.958557
v 13.608481 156.356812 404.141968
v 14.325860 156.586349 404.334137
v 15.782870 154.901962 397.612457
v 14.898519 154.585999 398.079712
v 13.246205 156.587814 404.335999
v 13.122749 156.856140 404.672607
v 12.403924 157.189194 405.432281
v 11.834124 157.546295 405.912231
v 14.537674 154.799652 397.884430
v 13.839928 154.598083 398.405518
v 12.929814 154.429413 398.952087
v 11.553062 157.359741 405.863312
v 11.347815 157.590805 406.183990
v 12.718734 154.831573 398.863708
v 11.893584 154.866425 399.564789
v 11.145628 154.925781 400.208557
v 10.862054 155.107376 400.854614
v 10.557231 155.371674 401.491150
v 10.439770 157.974930 406.660706
v 9.862779 157.799881 407.011810
v 10.401294 155.505615 400.797455
v 10.103173 155.777084 401.521179
v 9.891237 155.952271 402.075928
v 9.179928 155.917007 402.497986
v 9.061714 158.186691 407.380768
v 7.990022 156.169357 403.028229
v 8.255632 158.590561 407.798065
v 7.484850 158.313873 408.094177
v 7.078553 156.388779 403.339050
v 6.343724 156.091934 403.601929
v 6.616663 158.547592 408.441772
v 5.594607 156.304688 403.852051
v 5.362558 158.491928 408.577606
v 4.775717 156.503906 404.082794
v 4.082803 156.097931 404.377350
v 4.677563 158.815521 408.880951
v 4.021718 158.540955 409.203339
v 3.430254 156.385437 404.674622
v 2.751170 156.086029 404.916718
v 3.483363 159.242920 409.675690
v 2.728758 159.010788 410.052734
v 2.472454 156.448639 404.857361
v 1.840525 156.143234 405.090454
v 1.763247 159.551086 410.516052
v 1.431043 159.275681 410.893372
v 0.763150 155.834991 404.567810
v 1.318271 156.108856 404.739441
v 0.948411 156.000931 405.015167
v 1.270319 159.861877 410.691376
v 0.662050 159.722000 411.053528
v 0.055287 155.861801 404.559845
v -0.553667 155.761169 404.672150
v -0.450104 159.948441 411.301422
v -2.855026 154.017105 401.905975
v -2.118728 154.406372 402.235016
v -1.784012 154.928864 402.932800
v -1.506339 155.390808 403.674225
v -0.810238 155.736633 404.353119
v -1.402855 155.675522 404.478363
v -1.474832 160.043335 411.356384
v -2.102601 159.713806 411.710724
v -3.952824 154.191345 401.752716
v -3.335251 154.317764 402.129089
v -2.670651 160.246643 411.456787
v -2.824034 160.168777 411.882690
v -5.308599 153.587921 400.486328
v -4.797263 153.898788 401.139435
v -4.244536 154.212524 401.745667
v -3.992369 160.290527 411.530029
v -4.199214 160.177002 411.948212
v -5.936347 153.703430 400.342346
v -6.736426 153.595001 400.497314
v -5.386237 160.268845 411.560333
v -5.549496 160.075989 411.978302
v -8.665620 154.191391 400.832611
v -9.403944 154.448166 400.873230
v -6.778775 160.250229 411.566315
v -6.908056 159.972015 411.990631
v -10.448085 153.930664 400.491821
v -9.833214 154.697174 401.305573
v -9.831066 155.161774 402.296692
v -9.676536 155.604324 403.182648
v -10.032353 155.689331 403.742889
v -8.182284 160.205246 411.520020
v -8.237201 159.793991 411.914246
v -10.568167 156.428879 404.232391
v -10.814911 156.500168 404.714386
v -10.750443 156.799896 405.472961
v -11.038360 157.025955 406.224884
v -9.667242 160.256073 411.385101
v -8.951444 159.757874 411.612030
v -12.451345 157.958740 406.759338
v -13.752676 157.881256 407.336121
v -11.683641 160.117081 410.627472
v -10.692926 160.231934 411.001465
v -14.330084 158.469727 406.935242
v -15.174505 158.720612 407.546265
v -15.444855 158.793228 408.130310
v -15.246204 159.207138 408.769592
v -14.685318 159.586212 409.258972
v -13.887815 159.877792 409.800049
v -12.756085 160.071182 410.247314
v 17.586708 154.972488 398.996887
v 17.776308 155.226547 399.764496
v 17.600313 155.446106 400.677307
v 17.459181 155.554688 401.504700
v 17.359148 155.690140 402.308502
v 17.302551 155.794785 402.947998
v 17.300665 155.982742 403.590027
v 17.313765 156.139465 404.118408
v 16.882877 156.029236 404.460022
v 16.708174 154.554764 398.079468
v 17.076118 154.701172 398.387695
v 15.771165 156.197952 404.526215
v 16.205631 154.467438 398.016998
v 14.163383 156.033173 404.038422
v 14.687336 156.109818 404.273804
v 15.315189 154.455307 398.265167
v 14.202457 154.131653 398.672546
v 13.516838 156.286469 404.173218
v 13.019115 156.348816 404.591980
v 12.597606 156.581772 405.294098
v 12.570024 156.366974 405.825775
v 14.220797 154.475021 398.656708
v 13.104846 154.175400 399.036560
v 12.101430 157.114380 405.744202
v 11.538092 156.905563 406.043030
v 12.070439 154.411545 399.551056
v 11.421309 154.419739 400.105133
v 11.447340 154.629181 400.837158
v 10.865474 155.229187 401.432434
v 10.705791 157.341904 406.527435
v 10.058146 157.165512 406.932190
v 9.373270 154.769211 401.275635
v 10.176113 155.207535 401.735809
v 8.987988 155.638824 402.227295
v 9.175939 157.573029 407.335876
v 7.993703 154.825592 401.478333
v 8.132754 154.962555 401.976624
v 8.519043 155.633469 402.519714
v 7.835004 157.898804 407.848389
v 7.317452 157.978653 407.987396
v 6.488468 155.117493 402.687073
v 6.733138 155.567291 402.999237
v 5.825008 155.759674 403.562622
v 6.992481 157.729202 407.993958
v 6.517858 157.837296 408.415833
v 5.185912 155.308136 403.494781
v 5.394500 155.439789 403.461090
v 5.359225 157.802307 408.505035
v 4.742297 155.792084 403.990051
v 4.012117 155.373413 404.248260
v 4.571982 158.060349 408.810425
v 3.905007 157.765274 409.160767
v 2.967323 155.704575 404.609253
v 2.229500 156.068619 405.112427
v 3.025023 158.325851 409.603516
v 2.539734 158.630753 410.021088
v 1.356463 155.535950 404.902466
v 2.116201 155.724396 404.922974
v 2.131733 158.345886 409.965027
v 2.093994 158.601303 410.423065
v 1.331180 158.853180 410.792816
v 0.126511 154.814209 403.805298
v 0.920103 155.234009 404.249634
v 0.986650 155.586594 404.761993
v 1.303285 155.780090 405.089539
v 0.939393 158.604645 410.733948
v 0.693428 159.037064 411.121918
v -1.275150 154.843826 403.948914
v -0.575556 155.192322 404.308228
v -1.155314 155.607681 404.613831
v -0.451285 159.446594 411.386963
v -2.658879 153.629654 401.537292
v -2.181824 153.940338 402.059448
v -1.926400 154.373047 402.769409
v -1.585537 154.830994 403.523132
v -1.174785 155.183472 404.205688
v -0.677900 155.599442 404.516205
v -1.481311 159.264847 411.415497
v -1.959909 159.314423 411.495331
v -3.232168 153.740692 401.510284
v -3.751982 153.501297 401.558044
v -2.473213 159.059967 411.441254
v -2.918576 159.456131 411.921661
v -5.314644 153.034210 400.352386
v -4.817309 153.335831 400.941162
v -4.326215 153.620377 401.483307
v -4.973977 158.560120 411.454834
v -4.281225 159.593079 411.966492
v -5.969755 153.163010 400.236542
v -6.631902 152.954163 400.446686
v -5.321357 158.952118 411.653870
v -5.741519 159.513596 412.101898
v -7.858688 153.451599 400.604279
v -8.497252 153.359955 401.065948
v -8.940464 153.536377 401.616028
v -6.974968 159.546661 412.156097
v -9.194242 153.906769 400.794861
v -9.446232 154.155624 401.473511
v -9.679979 154.371521 402.251190
v -9.913940 154.561996 402.901337
v -10.051501 154.769577 403.587738
v -10.389997 154.886612 404.169617
v -9.194125 158.482376 411.425812
v -8.226930 159.377167 412.031921
v -10.675782 155.593674 404.131561
v -10.959728 155.691391 404.712708
v -10.937947 156.002472 405.470154
v -10.859861 156.380676 406.344879
v -11.238768 156.620956 407.132233
v -9.697778 159.568329 411.671997
v -9.200467 158.938034 411.689880
v -12.026854 157.300323 407.020172
v -13.424191 157.347275 407.617920
v -11.715025 159.515610 410.689362
v -10.735264 159.662170 411.139587
v -15.649534 157.973145 407.813629
v -16.128248 158.052292 408.320679
v -15.827587 158.436905 408.833252
v -15.084078 158.830887 409.188965
v -14.072493 159.170303 409.720337
v -12.905118 159.422440 410.238220
v 17.415466 154.155899 399.082672
v 17.568195 154.361465 399.836304
v 17.377020 154.519455 400.698975
v 17.231300 154.704147 401.527130
v 17.206394 154.848343 402.255066
v 17.222889 155.013474 402.897614
v 17.247145 155.253647 403.557098
v 17.257000 155.437012 404.108093
v 16.791779 155.329742 404.433777
v 16.654514 153.674210 397.969543
v 16.919493 153.870132 398.456573
v 15.799629 155.525299 404.492371
v 16.134346 153.818115 397.998993
v 15.408755 153.439850 398.317169
v 14.117176 155.635513 404.137177
v 14.480132 155.452042 404.255005
v 14.876909 153.686264 398.440094
v 14.764150 153.691284 398.539307
v 13.670734 155.770386 404.046539
v 13.443553 155.719238 404.401184
v 13.126077 155.869476 405.199310
v 12.731806 155.895996 405.818481
v 12.818472 153.776276 398.915955
v 13.684270 153.504562 398.803833
v 11.803133 156.308609 406.126343
v 12.134037 153.867920 399.326050
v 11.654284 153.840256 399.881531
v 11.361114 153.973053 400.458771
v 10.883474 153.988129 400.926178
v 10.903660 156.711594 406.466675
v 10.164057 156.524567 406.874420
v 10.344092 154.385193 400.921326
v 9.601356 154.200119 401.175476
v 9.226382 156.914230 407.287689
v 8.352554 154.329636 401.330627
v 8.432558 154.364426 401.489716
v 7.970278 157.015930 407.481171
v 6.836276 154.202072 401.680847
v 6.923932 154.586823 402.161652
v 6.082325 154.918060 403.016968
v 7.021998 157.300125 407.868073
v 6.188478 156.916718 408.145172
v 5.196692 154.382217 402.694153
v 5.509515 154.811325 403.025543
v 4.686005 155.075500 403.626953
v 5.360971 157.104019 408.422729
v 3.714422 154.503723 403.353088
v 4.463497 154.826828 403.522308
v 4.088611 154.668900 404.024567
v 4.537032 157.341492 408.739807
v 3.887224 157.001724 409.099121
v 2.445460 154.093796 403.336182
v 2.760314 154.388321 403.819855
v 3.263438 154.924652 404.241364
v 2.886479 157.542847 409.628357
v 2.786726 157.301971 410.031097
v 0.752953 154.112030 403.347168
v 1.727192 154.491653 403.804169
v 2.094057 155.117325 404.452606
v 0.984750 155.413742 404.946320
v 2.531293 158.129639 409.961761
v 1.851667 157.950348 410.423065
v 1.296307 157.943329 410.938110
v -0.872435 152.877563 401.426300
v -0.408033 153.140625 401.771057
v -0.076184 153.630722 402.579681
v 0.586924 154.237518 403.372772
v 0.971378 154.624329 403.978882
v 1.296109 155.095200 404.594299
v 1.780470 155.362335 404.806488
v 1.147941 158.655289 410.800079
v 0.542882 158.474075 411.242340
v -2.204035 152.981964 401.276215
v -1.087479 153.021240 401.625275
v -0.959733 153.657272 402.628113
v -0.177484 154.501984 403.576904
v -1.447182 154.746094 403.988373
v -0.556589 158.883667 411.580383
v -1.125669 158.252441 411.764893
v -2.822228 152.941925 401.199646
v -2.275860 153.370270 401.845490
v -1.882280 153.700363 402.566803
v -1.358890 154.390686 403.390106
v -0.849180 154.789185 403.832458
v -1.572015 159.093094 411.610016
v -1.779592 158.845795 411.982758
v -3.376997 153.037064 401.160492
v -3.942761 152.832855 401.258484
v -2.420195 159.136337 411.665192
v -2.925157 159.067444 411.988220
v -5.389187 152.389191 400.169647
v -4.890204 152.690857 400.711945
v -4.420431 152.999008 401.273071
v -4.673228 158.981079 411.907013
v -4.250428 159.156097 412.124969
v -5.971305 152.539200 400.107849
v -6.529990 152.353378 400.430084
v -7.213567 152.326141 400.828094
v -5.029330 158.928284 411.793274
v -5.744525 158.789398 412.129639
v -7.455482 152.960068 400.800140
v -8.502588 152.699844 401.168915
v -9.262549 152.981369 401.428528
v -7.006812 158.807022 412.237244
v -10.315371 152.456284 401.108765
v -9.279209 153.186386 401.728455
v -10.056273 153.702820 402.742584
v -9.951104 154.047607 403.595886
v -10.016670 154.294861 404.313629
v -10.146523 154.462021 404.949493
v -8.517886 158.679459 411.790436
v -8.412172 158.543610 412.149384
v -10.662531 155.125565 404.879456
v -10.750051 155.315811 405.556183
v -10.766556 155.651947 406.385223
v -10.943793 156.007248 407.174225
v -11.516236 156.248947 407.839935
v -9.667939 158.856689 411.619232
v -9.128082 158.144241 411.755341
v -12.658450 156.823715 407.777069
v -14.062926 156.673401 408.220490
v -12.401233 158.630814 410.668640
v -11.067885 159.045319 411.396118
v -15.404053 157.215897 408.010345
v -16.048523 157.382156 408.420715
v -15.875482 157.674545 408.743286
v -15.101830 158.042389 409.183655
v -14.150984 158.490677 409.784027
v -12.817935 158.974380 410.574066
v -13.129849 158.090210 410.634796
v 16.981403 153.428726 399.074463
v 16.943796 153.316742 399.574249
v 17.178129 153.528229 400.566010
v 17.095415 153.790237 401.391937
v 17.047760 154.054504 402.140961
v 17.093105 154.273102 402.811401
v 17.122581 154.547119 403.480743
v 17.119741 154.685959 404.002258
v 16.701744 154.510132 404.332947
v 16.486879 152.740891 397.840881
v 16.490875 152.983215 398.652863
v 15.862660 152.558167 398.855255
v 15.813442 154.741074 404.459137
v 15.619925 152.945724 398.057953
v 14.596587 153.497620 398.903748
v 13.798066 154.285324 403.957733
v 14.508274 154.741440 404.212677
v 14.861880 153.017883 398.037964
v 14.703203 152.846268 398.498413
v 13.515234 154.594101 404.069122
v 13.556849 154.948349 404.333649
v 13.216534 155.147720 405.257935
v 12.816017 155.173569 405.896484
v 13.943626 153.296143 398.327759
v 13.267067 152.922226 398.635071
v 11.732626 155.746323 406.406738
v 11.507556 155.525208 406.822144
v 12.419410 153.005875 399.029083
v 11.378392 153.418671 399.911560
v 11.324482 153.684860 400.601166
v 10.903019 153.824600 400.869812
v 11.113715 156.188766 406.549438
v 10.427244 155.919662 406.950775
v 10.198843 152.653610 399.053040
v 10.340773 153.163437 399.757233
v 10.313220 153.497665 400.441071
v 10.605769 153.838394 400.885162
v 9.218523 156.240356 407.267090
v 7.936364 150.797287 396.279144
v 8.502707 151.179169 396.835754
v 8.638520 151.749924 397.751526
v 8.937881 152.416641 398.869446
v 8.858687 153.068970 399.938354
v 8.949711 153.713226 400.735199
v 9.395693 153.930771 401.051483
v 7.986395 156.480026 407.617249
v 7.441178 156.081512 408.015137
v 6.840680 150.789963 396.597198
v 7.296821 151.319626 397.197784
v 7.344289 151.861008 398.127960
v 7.410508 152.355606 399.131195
v 7.356986 152.910019 400.187256
v 7.138229 153.706833 401.295990
v 6.101620 154.035324 402.032104
v 7.230319 156.750198 407.907562
v 6.562799 156.406006 408.148041
v 5.222598 150.825363 396.895416
v 5.465592 151.112564 397.395721
v 5.654526 151.747787 398.455292
v 5.685696 152.206436 399.420868
v 5.749349 152.644928 400.358215
v 5.683080 153.180511 401.286774
v 5.579026 153.991318 402.294495
v 4.617224 154.135452 402.847137
v 5.341079 156.427078 408.375153
v 3.331046 151.110718 398.087189
v 3.849164 151.679733 398.763458
v 4.039708 152.115570 399.638550
v 4.205323 152.477249 400.478271
v 4.301312 152.909683 401.328918
v 4.293503 153.431885 402.164062
v 4.371420 154.084747 402.957947
v 4.152500 154.279251 403.672821
v 3.258966 154.409943 403.843414
v 4.493210 156.672211 408.703583
v 3.873316 156.291260 409.099304
v 1.652854 151.126602 398.431824
v 2.096464 151.514465 398.940948
v 2.472630 152.005020 399.738037
v 2.729471 152.374069 400.540710
v 2.921036 152.767044 401.346161
v 3.028933 153.194992 402.161530
v 3.155139 153.839783 402.971375
v 3.573347 154.176285 403.575104
v 3.834631 154.374573 403.812561
v 2.877179 156.759705 409.484161
v 2.514503 157.010101 409.926788
v 0.302940 151.377197 399.186859
v 0.956905 151.930984 399.897278
v 1.282799 152.378647 400.658081
v 1.556880 152.721924 401.423767
v 1.735249 153.117920 402.209656
v 1.942684 153.869629 403.104919
v 0.477003 154.045761 403.468811
v 2.141309 156.755249 409.913971
v 1.768203 157.247726 410.360687
v 1.359526 157.439911 410.822266
v -1.319734 151.514694 399.491577
v -0.637049 151.741516 399.924500
v -0.038960 152.505280 400.858948
v 0.537464 152.929367 401.569885
v 0.804509 153.330429 402.349792
v 0.981607 153.707199 403.056976
v 1.423075 154.069031 403.454651
v 0.971802 157.188583 410.818115
v 0.333962 157.663193 411.109741
v -2.162381 151.754913 400.061249
v -1.258361 152.490112 401.058594
v -1.442906 152.960571 401.791626
v -2.202778 153.260895 402.229980
v -0.729143 158.241791 411.620667
v -0.969638 157.846115 411.577362
v -3.283557 151.670715 400.045715
v -2.593461 152.351685 400.860535
v -2.042629 152.911469 401.618500
v -1.549941 153.270325 402.291840
v -2.038374 157.785004 411.696259
v -1.744252 158.191208 411.924011
v -4.822431 151.545670 400.138519
v -4.183218 152.109818 400.846466
v -4.713344 152.565491 401.233124
v -2.732636 157.718185 411.596405
v -3.137613 158.348160 411.971344
v -5.366399 151.685089 399.959442
v -4.916433 151.981155 400.479462
v -4.251786 152.588364 401.226685
v -4.548510 158.510727 412.242004
v -6.047752 151.802170 399.924164
v -7.012310 151.531876 400.356415
v -7.442218 151.936447 400.785400
v -5.839611 158.203629 412.290955
v -8.458616 151.364059 400.428528
v -7.968286 151.755814 400.754761
v -8.878035 151.768295 401.268494
v -7.068439 157.910400 412.286743
v -9.407755 152.521698 401.293488
v -9.798257 152.577698 401.899811
v -9.849117 152.829346 402.694885
v -9.808312 153.282639 403.579437
v -9.695315 153.676376 404.370911
v -9.911961 153.835464 404.953918
v -8.208323 157.852982 412.244324
v -10.639348 154.644928 405.595947
v -10.833690 154.856812 406.225311
v -10.821287 155.347626 407.092834
v -11.120882 155.593735 407.832031
v -9.802437 158.181686 411.696533
v -9.022141 157.934677 412.085144
v -13.023330 156.210815 408.324097
v -13.877507 156.191940 408.614227
v -13.111057 156.956299 410.463806
v -10.839972 158.421295 411.428558
v -15.329537 156.758575 408.468323
v -15.364158 156.973740 408.791321
v -14.916840 157.315430 409.341064
v -14.191546 157.910156 409.901428
v -12.769396 158.391815 410.961151
v -13.263544 157.523697 410.667603
v 16.790358 152.304337 399.567749
v 16.987757 152.612778 400.349854
v 16.885958 152.826523 401.117371
v 16.827217 153.184769 401.917603
v 16.861685 153.562973 402.712219
v 16.891825 153.700287 403.247681
v 16.687538 153.900726 403.938324
v 16.217596 153.587006 404.491577
v 15.943835 152.169434 397.797241
v 15.907818 151.904114 398.192932
v 16.227610 152.061554 398.868378
v 15.802720 153.316223 404.354340
v 15.813196 153.999420 404.583649
v 15.256699 153.488251 405.068604
v 15.898793 151.980530 397.654816
v 15.112145 151.448227 397.821777
v 14.190511 153.807968 403.934662
v 14.708947 153.868240 404.388580
v 14.799333 153.753235 404.923798
v 15.096487 152.247574 397.939667
v 14.337564 151.870209 398.188660
v 13.688826 154.119064 403.970093
v 13.320698 154.109756 404.515503
v 13.259002 154.375443 405.360107
v 12.821598 154.438507 406.058685
v 13.561953 152.221390 398.477631
v 12.365875 155.202209 406.505127
v 11.622249 154.987595 407.014191
v 12.367919 152.403046 398.760590
v 11.930100 152.150818 399.130280
v 11.566236 152.214706 399.806335
v 10.594953 155.496552 407.434784
v 10.180243 155.198349 408.055939
v 11.157338 152.434784 398.891113
v 10.912827 152.348633 399.356445
v 10.563575 152.301239 399.903778
v 9.298768 155.800934 407.539062
v 9.194129 155.437653 407.963257
v 8.681472 150.259476 395.753906
v 9.153192 150.708206 396.410553
v 9.365966 151.281158 397.337616
v 10.145619 152.098160 398.536407
v 9.972982 152.096924 399.250275
v 9.631313 152.025360 399.603363
v 8.510937 156.023895 407.746460
v 7.980978 155.642578 408.079559
v 7.551100 150.174774 395.803497
v 6.555495 155.812210 408.352112
v 5.722874 150.270416 396.323120
v 4.647450 150.656555 397.198517
v 5.209877 155.901932 408.577332
v 4.831228 155.503754 409.038116
v 3.737233 149.959518 396.625458
v 4.241784 150.319977 397.013275
v 4.730606 156.143829 408.772797
v 3.973782 155.686676 409.092285
v 2.202688 150.655640 397.905426
v 1.156809 150.997543 398.585510
v 2.885086 155.974380 409.568146
v 2.496783 155.717041 410.047882
v 0.232954 150.196884 397.923248
v 1.156783 150.892593 398.586548
v 2.524694 156.548080 409.878937
v 1.718549 156.152191 410.152252
v -1.196323 150.074585 398.055939
v -0.663845 151.005936 398.947510
v -1.747205 151.328690 399.585297
v 0.912194 156.855270 410.725769
v 0.080154 156.747116 411.300049
v -2.473749 150.235214 398.146057
v -1.821417 150.286362 398.510101
v -2.055168 150.914261 399.307953
v -0.695286 157.341003 411.662079
v -1.388213 156.455948 411.790955
v -3.768278 150.233917 398.859253
v -3.144549 150.954895 399.455902
v -1.800448 157.453781 411.691071
v -1.794836 156.894943 411.834534
v -4.830606 150.373138 398.902863
v -4.525840 150.763184 399.665985
v -5.021538 151.471512 400.174866
v -2.914337 157.689377 411.803833
v -3.728464 157.515625 412.162231
v -5.248010 150.985001 399.670074
v -4.465182 151.473526 400.100677
v -5.183692 156.639908 411.551483
v -4.418730 157.666595 412.021545
v -6.034461 151.040024 399.703583
v -6.810824 150.621887 399.878723
v -5.598615 156.720840 411.667053
v -6.013133 157.328400 412.090820
v -7.679397 151.174652 400.273315
v -8.218850 151.086823 400.674561
v -8.531219 151.147385 401.356293
v -7.108543 157.138870 412.329895
v -9.421973 151.898590 401.951141
v -9.738114 152.096085 402.610077
v -9.560783 152.587311 403.466705
v -9.433124 153.075165 404.295502
v -9.592215 153.370728 404.986603
v -9.942742 153.564270 405.595184
v -8.165397 157.004944 412.284668
v -10.431316 154.054932 405.595764
v -10.697376 154.285599 406.211578
v -10.805925 154.675888 407.029175
v -10.892516 154.984024 407.887573
v -11.040583 155.237701 408.740967
v -11.114861 155.716904 409.455109
v -9.769711 157.271255 411.832367
v -9.077051 157.215424 412.146942
v -12.046121 155.683151 408.528839
v -12.545319 155.903946 409.078766
v -13.068521 156.222595 409.474182
v -11.871050 157.487473 411.050232
v -10.543163 157.579620 411.432922
v -14.526852 156.470978 409.096161
v -14.470579 156.776550 409.607941
v -14.190820 157.215591 410.168671
v -13.158516 157.328690 410.682281
v 16.360966 151.569046 399.619781
v 16.566921 151.694717 399.959167
v 16.450510 152.092270 400.790009
v 16.630150 152.305603 401.783539
v 16.590794 152.615250 402.509613
v 16.622225 152.866760 403.088867
v 15.996485 152.445267 403.647888
v 15.521823 150.119705 397.060242
v 15.911785 150.882446 397.857269
v 16.046530 151.398804 398.959198
v 15.634722 151.116669 399.764038
v 15.001936 150.787888 400.291168
v 15.681983 152.071945 403.616699
v 16.001152 153.115402 403.787811
v 15.727392 152.871674 404.344330
v 15.274978 152.707352 405.130035
v 14.767103 150.150162 396.895874
v 15.408539 150.845322 397.517029
v 14.237609 152.923386 403.945923
v 14.472989 152.997009 404.538300
v 14.751051 153.053543 405.200409
v 13.986955 150.338058 397.038971
v 14.504032 150.938934 397.620056
v 13.736968 153.269897 403.951874
v 13.330487 153.247635 404.578888
v 13.254797 153.559952 405.529846
v 12.819088 153.732834 406.491974
v 12.708579 153.640182 407.214569
v 13.155884 150.514557 397.299072
v 13.825652 151.239792 397.888092
v 12.573785 154.584625 406.729279
v 11.917408 154.285843 407.392395
v 11.582350 154.038589 408.155182
v 11.951093 150.450073 397.296661
v 12.963757 151.712387 398.615906
v 12.035149 151.908051 399.448730
v 11.281949 151.965759 399.864014
v 11.337368 155.050278 407.731689
v 10.776142 154.480469 408.107697
v 10.577716 150.370789 397.181824
v 11.217777 151.130112 398.137421
v 11.242507 151.596390 399.139313
v 11.275811 152.024841 399.816772
v 9.243115 154.850296 408.443665
v 8.775287 149.544617 395.295715
v 9.252911 149.944565 396.012604
v 9.737397 150.520493 396.973389
v 10.188723 151.261566 398.072876
v 10.106107 151.764832 399.171783
v 10.223764 151.910324 399.643585
v 7.948534 154.995392 408.375641
v 6.921620 148.747833 394.593140
v 7.850942 149.265625 394.884918
v 6.548861 155.047699 408.584747
v 5.996457 154.609116 408.975739
v 5.675121 148.735947 395.021667
v 6.602989 149.461639 395.417053
v 5.898543 155.530945 408.780060
v 5.115041 154.845596 409.022095
v 4.029038 148.552795 395.284943
v 4.488203 149.396698 395.947571
v 3.137153 149.917145 396.989471
v 4.169756 155.052094 409.372131
v 2.250602 148.510864 395.460724
v 2.480616 148.694138 395.747040
v 3.178436 149.776489 396.989929
v 2.722438 155.130630 409.429749
v 2.399181 155.208282 409.846893
v 0.598404 148.830933 396.607056
v 1.341649 149.608444 397.195801
v 2.042570 154.963211 409.878387
v 1.410789 155.216629 410.163879
v -1.091558 148.932022 396.824921
v -0.835667 149.149658 397.062042
v -1.451387 149.183945 397.918640
v 0.783353 155.991577 410.799377
v -0.037121 155.804733 411.249298
v -1.569910 149.710495 397.966400
v -2.666584 149.776825 398.534668
v -2.901371 150.485199 399.150177
v -0.921928 156.430511 411.637451
v -1.118155 156.154663 411.652557
v -3.367194 149.830215 398.726776
v -2.425789 150.325027 398.993713
v -2.052260 156.568802 411.715271
v -1.648364 155.915436 411.745819
v -3.912869 149.893188 398.782623
v -4.358938 149.701126 399.082520
v -3.141022 156.886169 411.773743
v -3.750896 156.869263 411.878326
v -5.114580 149.999985 399.288391
v -4.694985 156.827942 411.849609
v -4.794180 156.835373 412.160461
v -5.913853 150.228897 399.459869
v -6.693158 149.826996 399.687256
v -5.561730 156.821869 411.889069
v -6.145315 156.722244 412.146210
v -7.566156 150.372345 400.092590
v -7.951896 150.380905 400.690735
v -7.984934 150.737198 401.438416
v -8.239762 151.098892 402.213104
v -8.353661 151.445618 402.933014
v -7.144511 156.439774 412.379089
v -8.999403 151.380066 401.994568
v -8.961710 151.747391 402.787170
v -9.149653 152.137650 403.471588
v -9.308558 152.511673 404.230713
v -9.297877 152.993973 405.069611
v -9.566660 153.264755 405.858185
v -9.840843 153.410629 406.598907
v -8.223506 156.193710 412.330383
v -10.278751 153.907578 406.437866
v -10.551710 154.074158 407.154480
v -10.703259 154.441422 408.059296
v -10.694060 154.865433 409.026703
v -10.783788 155.285233 409.716400
v -10.690610 155.736404 410.391571
v -10.182646 156.358856 411.151398
v -9.850590 156.482040 411.782135
v -9.176806 156.335266 412.206543
v -11.702876 155.992386 409.981689
v -11.744411 156.356033 410.479980
v -10.955273 156.832825 411.234253
v -10.787561 156.185501 411.202209
v -13.623302 156.357849 409.915955
v -13.384419 156.644562 410.484070
v -13.486510 155.704834 410.355316
v 15.908524 150.979416 401.085938
v 16.302032 151.621521 401.606323
v 16.364790 151.647339 402.480835
v 15.952697 151.405212 402.916504
v 15.499760 149.442642 396.878723
v 15.511508 149.811951 397.774506
v 15.297712 150.065781 398.762909
v 15.201573 150.405457 399.800842
v 15.725954 151.167389 400.789307
v 14.747555 150.123001 401.186493
v 15.847890 152.077682 403.285614
v 15.545543 151.870911 403.712952
v 15.695176 151.887787 404.470947
v 15.210622 151.901688 405.276001
v 14.726470 149.353729 396.492706
v 14.176468 152.367416 404.367432
v 14.175097 152.546951 404.984528
v 14.443114 152.528336 405.802216
v 13.681412 152.262772 406.474548
v 13.924085 149.522491 396.457245
v 13.789401 152.618820 404.162750
v 13.667528 152.595840 404.702423
v 13.495452 152.967392 405.737885
v 13.318914 152.957214 406.651642
v 12.609995 152.911423 407.445740
v 13.125468 149.684250 396.585815
v 12.342299 153.602097 407.819641
v 11.591781 153.243896 408.249390
v 12.075269 149.719681 396.635101
v 10.685446 153.789536 408.562775
v 10.782321 149.612259 396.575317
v 9.370204 153.995651 408.600708
v 8.252486 148.036453 393.933594
v 8.924239 148.622833 394.615204
v 9.248729 149.068848 395.575470
v 9.767613 149.437790 396.293427
v 7.983044 154.095276 408.614044
v 7.490937 148.118362 393.986969
v 8.302700 148.846359 394.530365
v 6.428162 154.039398 408.581940
v 5.933625 153.976929 408.674103
v 6.282268 147.896805 394.136353
v 5.177225 153.726425 408.769135
v 5.269570 154.303406 409.009888
v 4.945205 147.926666 394.579773
v 4.002904 147.642471 394.976654
v 4.327052 153.641708 408.744232
v 3.849686 153.915436 409.111206
v 3.677581 148.213058 395.249298
v 2.830256 147.894485 395.517181
v 2.977238 154.186737 409.554321
v 1.335567 147.964676 395.891571
v 2.102244 154.514252 409.805359
v 1.266753 154.262878 410.322998
v -0.182369 148.240616 396.434052
v -1.461269 148.091278 396.968811
v -1.823913 149.032135 397.953918
v 0.219466 154.831375 410.643280
v 0.091085 154.992935 411.020050
v -2.714067 148.339676 397.593231
v -2.252505 148.481689 397.969482
v -0.515864 154.756775 410.997650
v -1.007573 155.138016 411.212524
v -3.245318 148.758804 398.274109
v -2.124546 155.558670 411.602417
v -3.849554 149.045761 398.551239
v -4.220851 148.761490 398.920898
v -3.504255 155.744308 411.696564
v -4.944646 149.104706 399.118286
v -4.787480 156.021179 411.850311
v -5.240614 155.762497 411.851135
v -5.878020 149.409988 399.311462
v -6.453322 149.187973 399.728546
v -6.861448 149.311508 400.303040
v -6.091430 155.384918 411.744629
v -6.410488 155.787781 412.249420
v -7.199866 149.821304 400.148438
v -7.619939 149.907394 400.741577
v -7.859304 150.266754 401.510986
v -8.102225 150.771896 402.541504
v -8.931261 149.841293 403.195221
v -7.245147 155.641998 412.403748
v -9.878087 149.329254 402.938110
v -8.953300 151.347321 403.366394
v -9.228487 151.936035 404.206970
v -9.301818 152.397034 405.102997
v -9.301265 152.805527 406.129883
v -9.613232 153.146423 407.108398
v -9.957196 153.279388 407.831848
v -8.335797 155.347336 412.366364
v -10.212977 153.679611 407.518799
v -10.764687 153.936218 408.364685
v -10.983004 154.249603 409.134705
v -10.781332 154.602203 409.884338
v -10.394836 155.127350 410.695007
v -9.848390 155.566116 411.405762
v -9.564164 155.585754 411.933777
v -9.189868 155.397446 412.273895
v 15.796897 150.330994 402.049744
v 16.389439 150.912003 402.614929
v 16.055122 150.427338 403.106873
v 15.234257 148.631256 396.927979
v 15.345299 148.912277 397.859528
v 15.216380 149.292664 398.964355
v 15.140733 149.641205 399.969177
v 15.047056 150.047256 400.945465
v 15.713621 150.690140 401.757660
v 14.628809 149.617325 402.224976
v 15.575262 151.002914 403.256836
v 15.314118 150.869034 403.767365
v 15.597795 150.986984 404.568634
v 15.092470 151.097931 405.378418
v 14.303501 147.971252 395.670288
v 14.770786 148.547729 396.415192
v 14.492779 151.918350 406.093231
v 13.600229 151.709045 406.616791
v 13.582152 148.226700 395.580750
v 13.917236 148.767075 396.124146
v 13.203770 152.359085 407.183289
v 12.583181 152.125824 407.563354
v 12.398117 147.701370 394.906464
v 12.838734 148.180389 395.399933
v 13.192285 148.906113 396.096161
v 12.273391 152.715134 407.954681
v 11.562780 152.423599 408.280121
v 11.248665 147.780548 395.360809
v 11.743625 147.929886 395.303772
v 12.306261 148.888611 396.087891
v 10.750101 152.792908 408.605835
v 9.587710 147.471878 394.664429
v 10.312602 147.989471 395.335541
v 11.097908 148.794968 396.029999
v 9.322549 153.020752 408.756134
v 8.753249 152.495071 409.035309
v 8.077538 146.748306 392.814972
v 8.759379 147.394226 393.496918
v 9.176476 147.762268 394.331207
v 9.572436 148.410797 395.353058
v 9.887073 148.877319 396.036041
v 7.972891 153.343735 408.968506
v 7.856642 152.749680 409.231720
v 6.949625 146.700119 392.919647
v 7.964932 147.420700 393.401428
v 6.678363 153.388336 408.938446
v 6.540704 152.799011 409.275848
v 5.550629 146.561462 393.108124
v 6.657967 147.262253 393.556274
v 5.407857 153.327896 408.926361
v 5.206835 152.844513 409.308044
v 3.921184 146.454498 393.343079
v 4.735155 146.870621 393.609070
v 3.439125 147.508118 395.131195
v 4.496581 153.511307 408.932068
v 3.953641 152.962189 409.237335
v 2.101177 146.590164 393.792175
v 2.578701 146.259781 393.659088
v 3.569179 147.291061 394.818726
v 2.816071 153.166458 409.583832
v 0.735780 146.407623 394.600922
v 1.896552 147.113312 395.059814
v 1.874878 153.510513 409.852997
v 1.034790 153.265640 410.197449
v -0.903865 146.680008 395.109863
v -0.315401 146.632477 395.297882
v -1.125131 146.948059 396.511688
v 0.272061 153.830597 410.576263
v -1.707803 147.657913 397.322357
v -2.383830 147.344467 397.716248
v -0.971058 154.144028 410.707733
v -1.247176 154.354111 410.995850
v -2.970890 147.868301 398.133179
v -3.346939 147.651520 398.619873
v -2.425042 153.861496 410.808533
v -2.181323 154.559570 411.189545
v -3.607340 148.239166 398.453644
v -3.988377 147.985748 398.901917
v -3.337426 154.099319 410.902405
v -3.640034 154.491852 411.269592
v -4.839854 148.270340 399.037994
v -6.154964 154.101730 410.882385
v -4.990526 154.785828 411.383484
v -5.823685 148.593826 399.224396
v -6.518808 148.687256 399.903259
v -7.627845 149.388138 400.601013
v -6.540299 154.349503 411.130890
v -6.793655 154.877411 411.892548
v -6.908359 154.622559 411.919220
v -8.572904 148.914520 400.320679
v -7.232834 149.150040 400.510864
v -7.924406 149.698425 401.484589
v -8.309177 149.937042 402.131866
v -7.704587 154.164246 411.746307
v -7.600494 154.601654 412.393524
v -8.920923 150.596848 402.713379
v -9.316715 150.777328 403.331177
v -9.311699 151.234940 404.269531
v -9.387403 151.656509 405.221008
v -9.509468 152.231003 406.426727
v -10.417557 152.632401 407.391663
v -10.408916 151.216171 407.513977
v -8.378436 154.522919 412.414856
v -11.293447 150.868256 407.343811
v -11.177211 153.091690 408.129761
v -11.209182 153.400955 409.222809
v -10.985277 153.723694 409.947723
v -10.522004 154.232285 410.749115
v -9.992969 154.558426 411.439911
v -9.639058 154.642609 412.004242
v -9.230739 154.541031 412.318695
v 16.086266 149.102234 403.112885
v 15.762202 149.024536 403.180939
v 15.263587 147.796082 397.168701
v 15.411637 148.160019 398.094177
v 15.188739 148.613556 399.187378
v 15.124808 149.166046 400.316925
v 15.095380 149.423935 401.189667
v 15.057655 149.647125 401.952667
v 15.788806 150.006775 402.760223
v 15.735050 150.148254 403.334961
v 15.272719 150.080521 403.859528
v 15.489458 150.189713 404.646790
v 15.030475 150.232117 405.332062
v 14.307919 147.655472 395.902588
v 14.568672 147.717316 396.496338
v 14.041712 150.962387 406.104279
v 13.445362 150.850174 406.354919
v 13.445439 146.950180 394.859772
v 13.816561 147.584015 395.397461
v 13.103273 150.825104 406.358185
v 13.015863 151.285324 406.786163
v 12.530448 151.339966 407.413452
v 12.873178 147.259186 394.645905
v 13.500356 147.679489 395.120453
v 12.238857 151.914490 407.910522
v 11.531469 151.649124 408.103668
v 12.229314 147.402191 394.710663
v 11.385025 147.165421 395.075439
v 10.705635 151.978195 408.458954
v 10.060420 146.985474 394.549622
v 10.891421 147.280151 395.022522
v 9.277678 152.013931 408.510345
v 8.801877 152.009460 408.653259
v 8.336588 146.242645 392.698914
v 8.919714 146.575699 393.328827
v 9.231457 146.897888 394.056793
v 7.921280 151.898773 408.800934
v 7.966025 152.247803 409.112122
v 7.227931 146.142944 392.592010
v 6.636170 151.888870 408.848969
v 6.754748 152.322617 409.215912
v 5.817355 146.111282 392.740601
v 5.199482 151.815536 408.856995
v 5.409586 152.316025 409.238708
v 4.284876 145.950775 392.859314
v 3.767191 151.770279 408.866089
v 3.960388 152.321182 409.269257
v 3.177445 146.038666 393.166412
v 2.290020 145.790588 393.583557
v 3.051816 152.070801 408.852722
v 2.698560 152.151398 409.139435
v 1.142217 145.732681 393.918823
v 1.453389 152.540771 409.595642
v 0.907069 152.843506 409.879120
v -0.152097 145.935074 394.491760
v -0.760018 145.945633 395.175690
v -1.254111 146.039352 396.210663
v 0.249828 152.643005 409.876740
v 0.025517 152.691193 410.099396
v -1.709105 146.656326 396.986420
v -2.435505 146.446945 397.473969
v -1.085351 153.031097 410.428101
v -2.758547 147.053665 398.052704
v -3.215230 146.901428 398.446320
v -2.332767 153.227036 410.520966
v -3.634207 147.382599 398.901245
v -4.043484 147.251541 399.278503
v -3.834523 153.575958 410.736328
v -4.271308 153.872818 410.928802
v -4.656758 147.786484 399.345947
v -5.600915 147.188232 399.114746
v -6.433903 152.852936 409.954895
v -5.505635 153.571075 410.863739
v -4.678562 154.150040 411.124725
v -5.758709 147.817444 399.144043
v -6.429005 147.902924 399.642334
v -6.908526 148.086243 400.200500
v -6.847199 153.124527 410.223938
v -7.176840 153.599304 411.076263
v -7.227838 153.777435 411.252808
v -7.347161 148.496536 400.126892
v -7.842314 148.674530 400.665833
v -8.036862 149.069626 401.406342
v -8.393554 149.329910 402.159943
v -8.810635 149.449982 402.863922
v -8.035541 153.139297 411.024597
v -7.638699 153.928223 411.868805
v -7.666853 153.542282 412.359924
v -8.958353 150.058487 402.773682
v -9.440384 150.132324 403.484497
v -9.698111 150.414490 404.350616
v -9.637469 150.879517 405.339661
v -9.714615 151.427292 406.528412
v -10.007839 151.615173 407.373627
v -10.222938 151.657669 408.095093
v -10.351113 151.924698 408.946289
v -10.288495 152.253891 409.702545
v -10.092814 152.616608 410.439056
v -8.466876 153.588272 412.426636
v -10.716331 152.307281 407.966431
v -11.062222 152.451767 408.716797
v -10.972975 152.645782 409.456024
v -10.742896 153.072601 410.190491
v -10.421085 153.457748 410.868378
v -10.123127 153.698105 411.469116
v -9.726022 153.769699 412.035767
v -9.331041 153.616730 412.317719
v 15.312930 146.723541 397.237122
v 15.247705 147.730179 398.342773
v 15.351893 148.154083 399.484497
v 15.292586 148.461517 400.508240
v 15.308745 148.760025 401.422699
v 15.225738 148.913757 402.120422
v 15.144465 149.069778 402.737427
v 15.094979 149.215195 403.308929
v 15.210753 149.295883 404.129303
v 15.223692 149.601974 404.739441
v 14.824583 148.943359 405.137299
v 14.186449 146.846985 396.110535
v 14.924541 147.330292 397.217102
v 14.283612 146.863419 397.755676
v 13.840775 149.327820 404.387878
v 13.990197 149.611252 404.902557
v 14.085242 150.083359 405.557281
v 13.423470 146.493515 394.972351
v 13.727475 146.832108 395.538849
v 12.899682 149.171112 404.607727
v 12.883414 149.686340 405.112915
v 12.996389 149.979645 405.842987
v 12.582012 150.659622 406.709351
v 12.535175 150.767090 406.986084
v 12.104108 145.691391 393.909424
v 13.040963 146.242706 394.421387
v 12.116817 150.192886 406.301483
v 11.568615 150.340729 406.630432
v 11.870876 150.991348 407.413879
v 11.342185 151.038574 407.559967
v 11.265384 145.697372 393.877594
v 11.945063 146.357025 394.296448
v 10.775505 146.633087 395.628998
v 10.589599 150.425186 406.873474
v 10.674434 150.859894 407.403076
v 10.766474 151.306351 408.003326
v 9.818436 145.758881 393.702667
v 10.664785 146.419662 394.286804
v 10.938891 146.811813 394.973663
v 9.794233 150.572693 407.008942
v 9.167555 150.652954 407.428406
v 9.583346 151.356247 408.180206
v 7.871196 145.024475 391.914520
v 8.496972 145.537247 392.425476
v 8.964252 145.910583 393.302704
v 9.569220 146.324615 393.921112
v 8.067858 150.877533 407.771912
v 8.217554 151.398193 408.286041
v 6.833254 145.089508 391.945862
v 7.636649 145.649307 392.336761
v 6.188557 150.409958 406.846924
v 6.613187 150.723648 407.381531
v 6.876780 151.388916 408.307190
v 5.328392 145.090744 392.028961
v 6.233162 145.640884 392.444855
v 5.909531 150.688461 407.068329
v 5.239639 150.628067 407.404663
v 5.418320 151.327484 408.330383
v 3.711929 144.886292 392.109863
v 4.666177 145.412308 392.513123
v 3.804501 150.737564 407.847473
v 3.948479 151.251984 408.354828
v 1.890481 144.786285 392.510468
v 2.742811 144.496414 392.289093
v 1.532117 145.497955 393.749939
v 2.445429 150.735626 407.872620
v 2.736602 151.293915 408.345764
v 2.175594 151.716537 408.817596
v 0.573756 144.618011 393.038971
v 1.472598 145.287369 393.505280
v 1.096136 150.803772 407.929352
v 1.187490 151.241165 408.600067
v 1.342678 151.720428 409.257690
v -0.996087 144.526062 393.546722
v -0.269406 144.770996 393.713562
v -0.989100 145.126816 394.929413
v -1.266526 145.382202 396.025482
v -1.636456 145.546066 396.803009
v 0.112944 151.039398 408.003448
v -0.036885 151.073761 408.378937
v 0.247600 151.945053 409.428284
v -0.543261 152.247849 409.774506
v -1.755344 145.895157 396.791992
v -2.364576 145.768997 397.238464
v -1.477450 151.367447 408.881012
v -1.375915 151.809464 409.490387
v -1.191296 152.181580 409.996063
v -2.821861 146.174240 397.751434
v -3.125200 146.189392 398.220062
v -3.130137 146.545166 398.930084
v -3.160367 146.893082 399.606537
v -3.690819 151.106750 407.796295
v -2.776761 151.303192 408.489166
v -2.656521 151.947571 409.510803
v -2.462273 152.363113 410.083893
v -3.354823 146.944717 398.926453
v -3.473643 146.934952 399.350769
v -4.014227 146.937119 399.676788
v -4.069956 151.368469 408.053894
v -4.361941 151.436279 408.674103
v -3.982834 152.190796 409.653534
v -3.729579 152.651199 410.250336
v -6.004871 146.863861 398.807617
v -4.765692 147.210388 399.608551
v -5.789961 146.842346 399.509338
v -6.804913 150.820343 407.249329
v -5.823045 151.334045 407.912506
v -5.888370 151.721573 408.862427
v -5.737490 152.581009 409.977295
v -4.976857 153.047852 410.309082
v -5.605079 147.139923 399.060394
v -6.108521 147.344574 399.622162
v -6.634755 147.714172 400.266907
v -7.152071 147.922821 400.792938
v -7.123663 150.995590 407.662231
v -7.083279 151.596542 408.327148
v -7.008376 152.031525 409.164703
v -7.144401 152.640076 410.134979
v -7.653827 152.578766 410.342377
v -7.685895 148.255524 400.773682
v -8.114148 148.450974 401.354889
v -8.324252 148.754745 402.133118
v -8.552638 149.044479 402.950806
v -8.806360 149.295456 403.796112
v -8.891470 149.679871 404.851318
v -8.990629 150.072021 405.880341
v -9.171333 150.568878 406.924316
v -8.860774 151.072067 407.662842
v -8.746818 151.543503 408.583099
v -8.591818 151.867950 409.457123
v -8.278548 152.213089 410.334412
v -8.086658 153.101593 411.221222
v -7.812547 153.034988 411.922516
v -8.308325 151.911285 412.001740
v -9.401124 149.630127 403.685150
v -9.613755 149.920288 404.578369
v -9.598633 150.356110 405.615997
v -9.632397 150.750076 406.624847
v -9.778539 151.150116 407.579285
v -9.873015 151.398407 408.354950
v -9.779423 151.624191 409.166473
v -9.557942 151.980774 409.971558
v -9.422939 152.403656 410.719299
v -9.033421 152.744812 411.420868
v -8.705061 152.674255 411.941742
v -8.457195 152.822250 412.285919
v -10.084940 152.836960 411.025970
v -9.785950 153.012466 411.620850
v -9.549181 152.943741 412.090485
v -9.671744 152.219162 412.215637
v 15.141396 146.812454 398.608643
v 15.264395 147.591217 399.712708
v 15.590298 147.702072 400.711792
v 15.532351 147.932648 401.565704
v 15.415302 148.155426 402.262268
v 15.261177 148.343674 402.866943
v 15.283795 148.233047 403.464874
v 14.575178 148.193832 403.827637
v 14.197829 146.025848 396.271149
v 14.146353 146.765152 397.137146
v 14.509988 146.922806 398.157959
v 14.281805 146.435562 399.117371
v 13.537817 147.667557 403.094604
v 14.035533 148.364334 403.587036
v 14.049039 148.923920 403.989197
v 13.680497 145.670319 395.069427
v 13.937158 145.814819 395.722443
v 13.590664 146.506607 397.156586
v 13.448920 146.241867 397.789398
v 13.232868 148.035141 403.159454
v 12.937964 148.424942 403.447876
v 12.682950 149.053406 404.218170
v 12.343167 149.301559 404.980347
v 12.333762 149.414490 405.359955
v 12.638950 145.377045 394.114166
v 13.085471 145.200195 394.556396
v 12.733147 145.206955 395.443542
v 11.461128 148.455276 403.409851
v 11.357951 148.904617 404.104492
v 11.345231 149.156555 404.854889
v 11.529681 149.644211 405.712921
v 11.273084 149.745285 406.097443
v 11.758437 145.372131 394.046570
v 11.051847 145.090881 394.529022
v 10.746358 148.461868 403.351349
v 10.049081 148.653122 403.734680
v 10.168804 149.113556 404.753632
v 10.309205 149.445908 405.585114
v 10.590074 149.867477 406.296082
v 10.373000 145.071472 393.689880
v 10.113241 144.922562 394.383759
v 9.537718 148.679825 404.032196
v 8.806477 148.923141 404.502594
v 9.229423 149.385162 405.497375
v 9.145080 149.947159 406.478241
v 9.005925 150.065109 406.840942
v 8.262062 144.849091 391.977814
v 8.771826 144.731018 392.521423
v 9.165731 145.058517 393.267334
v 7.210157 148.343903 403.423431
v 7.770270 148.796570 404.237823
v 8.034644 149.433411 405.503601
v 8.225219 149.779160 406.399384
v 8.283120 150.259247 407.126373
v 7.614414 144.495056 391.819061
v 7.265395 144.484238 392.311829
v 5.909437 147.861816 402.364044
v 6.479876 148.407852 403.221893
v 6.700022 148.867554 404.269318
v 6.770745 149.348572 405.449890
v 6.718246 149.897049 406.523956
v 7.514535 150.423920 407.119690
v 5.906642 144.423981 391.759674
v 5.573770 148.219070 402.686768
v 5.548969 148.221603 403.150360
v 5.240893 148.675827 404.264526
v 5.456027 149.231796 405.376709
v 5.295256 149.914185 406.440552
v 4.941406 150.114929 406.858002
v 4.252832 144.315994 391.767975
v 3.171418 147.831467 402.292389
v 3.470845 148.062500 402.887878
v 3.926824 148.609024 404.128571
v 3.911915 149.200897 405.332489
v 3.876212 149.615448 406.404663
v 3.954304 150.085190 407.141693
v 3.041948 144.386032 391.997223
v 2.220402 144.034927 392.432831
v 2.725980 148.169495 402.661163
v 2.723442 148.082901 403.075378
v 2.401587 148.637711 404.212524
v 2.388257 149.185806 405.328949
v 2.433397 149.540970 406.362549
v 2.542000 150.077637 407.164185
v 1.093664 144.082489 392.634949
v 0.801660 148.689926 404.455963
v 1.011441 149.198746 405.420319
v 1.086432 149.594208 406.349884
v 1.218371 150.165451 407.169220
v -0.217466 144.165527 393.100342
v -0.790745 144.026016 393.650452
v -0.938984 144.323486 394.779694
v -1.066519 144.744751 395.822327
v -1.403253 144.870148 396.417450
v -0.162774 148.953583 404.890137
v -0.085102 149.041672 405.236389
v -0.175193 149.446869 406.213745
v 0.002981 150.304703 407.350342
v -0.654921 150.633301 407.807281
v -2.110780 145.197769 396.878784
v -2.598391 145.027283 397.221466
v -1.534948 149.757355 406.691376
v -1.482129 150.339447 407.473816
v -1.320207 150.774002 408.232178
v -2.737285 145.567703 397.507660
v -2.921845 145.687851 398.059601
v -3.017667 146.011429 398.778229
v -3.159418 146.327148 399.419312
v -3.338690 146.696198 400.027588
v -3.428069 147.232132 400.793182
v -3.560080 147.655869 401.502197
v -3.756196 149.011536 404.830780
v -3.064139 149.334534 405.301514
v -2.802324 149.791672 406.373535
v -2.771484 150.536575 407.557526
v -2.341560 151.037003 408.116760
v -3.591430 146.780777 399.890869
v -3.971587 147.000458 400.432465
v -4.064277 147.544067 401.195831
v -4.195725 147.991653 401.914459
v -4.167354 148.357147 402.662842
v -4.219506 148.649429 403.505981
v -4.121159 149.308701 405.167450
v -4.160655 149.532501 405.688965
v -4.136514 150.423157 406.763672
v -4.183815 150.776688 407.713074
v -4.937442 150.909348 407.847717
v -6.195040 146.535721 399.247986
v -4.677510 147.028793 399.999817
v -5.224964 147.099503 400.527496
v -5.203190 147.567734 401.274872
v -5.157308 148.250504 402.281464
v -5.068040 148.732483 403.154602
v -5.196299 149.072266 404.115173
v -5.485928 149.408218 405.045715
v -5.646032 149.780457 405.936798
v -5.690729 150.534256 407.076233
v -4.971185 151.037109 408.046112
v -5.337812 151.198486 408.133423
v -5.863624 146.774597 399.513031
v -6.096068 147.238922 400.249939
v -6.565992 147.563751 400.947266
v -6.687282 147.806885 401.481262
v -6.548973 148.509155 402.650879
v -6.587518 148.910721 403.551514
v -6.720295 149.311462 404.602295
v -7.052369 149.746429 405.602478
v -7.229095 150.122726 406.467682
v -6.985143 150.463181 407.109039
v -7.716144 148.115707 401.428894
v -7.922036 148.441055 402.171478
v -7.991142 148.818054 403.045593
v -8.100606 149.190170 404.088379
v -8.271831 149.553589 405.176910
v -8.460930 149.904190 406.115723
v -8.488619 150.245880 406.942627
v -8.657081 150.180054 407.076599
v 15.146946 145.996353 399.825623
v 15.412951 147.025406 400.745117
v 15.290918 147.310867 401.537323
v 15.184000 147.515900 402.171295
v 15.195510 147.592621 402.780151
v 14.665328 146.860413 403.136383
v 14.230356 146.123657 398.724213
v 14.622194 146.974457 399.615173
v 14.451743 147.012573 400.578674
v 14.415642 147.205872 401.326843
v 14.343875 147.442352 402.144196
v 14.365809 147.737610 402.972168
v 14.516814 147.269379 403.308990
v 13.509810 145.269958 396.214844
v 13.284354 146.070343 397.064240
v 13.505278 146.533340 398.268799
v 13.561241 146.769257 399.385254
v 13.562126 147.048096 400.282043
v 13.398735 147.373993 401.231903
v 13.404485 147.593002 402.028778
v 13.178614 147.941040 402.661896
v 12.677662 147.779831 402.634949
v 12.496181 144.880157 395.164520
v 12.660227 145.332809 395.894928
v 12.507347 145.733109 396.949646
v 12.534144 146.264053 398.050446
v 12.558958 146.587219 398.957733
v 12.559985 146.857498 399.864197
v 12.394819 147.207199 400.757141
v 12.307599 147.351410 401.427612
v 12.053803 147.567627 402.029846
v 11.868680 147.876038 402.644440
v 11.872860 144.599731 394.949646
v 11.503489 144.912552 395.843597
v 11.555984 145.384766 396.801880
v 11.702260 145.773071 397.687561
v 11.715127 146.098373 398.602814
v 11.640478 146.394012 399.475433
v 11.117629 146.693619 400.085907
v 10.904865 147.113113 400.935333
v 10.687707 147.330276 401.638824
v 10.382160 147.943802 402.631439
v 10.073849 147.801804 402.881714
v 9.918044 144.398422 393.926056
v 10.078905 144.404770 394.438538
v 9.642831 146.608536 400.078491
v 9.526884 147.016113 400.679504
v 9.383299 147.106308 401.326813
v 9.031674 147.529083 402.256409
v 9.040889 148.110931 403.293427
v 8.702930 148.131500 403.620209
v 8.314362 144.027573 392.744934
v 9.132176 144.082642 393.483093
v 8.865271 143.890091 394.220337
v 8.835702 146.641800 400.055450
v 8.300275 146.610504 400.230408
v 8.166059 146.978363 401.076202
v 8.003440 147.267105 401.967163
v 7.799408 148.016708 403.234131
v 8.438983 148.414078 403.889740
v 6.893420 144.026642 392.018799
v 7.379117 143.740128 392.368561
v 6.590528 145.904556 399.240051
v 7.219507 146.252640 399.819214
v 6.820536 146.811630 400.922516
v 6.792211 147.400894 402.059906
v 7.140242 148.007446 402.819550
v 6.072917 143.559052 391.812592
v 5.663942 143.349716 392.249176
v 5.714673 145.936462 399.204254
v 5.718207 146.207657 399.771393
v 5.390533 146.587265 400.747711
v 5.466373 147.400223 401.971924
v 5.002221 147.600220 402.800293
v 4.695026 148.136414 403.620667
v 4.383866 143.517242 391.692139
v 3.555017 145.362381 398.165741
v 4.214033 145.639633 398.642639
v 4.086982 146.188873 399.743195
v 3.963227 146.485001 400.685455
v 4.100821 147.255249 401.931488
v 4.266729 147.836227 403.160583
v 4.397332 148.361832 403.897003
v 2.925692 143.279877 391.862030
v 1.627043 143.717453 392.828156
v 2.476230 145.463760 398.241333
v 2.534671 145.846817 398.873077
v 2.419896 146.262756 399.813782
v 2.478060 146.491959 400.694611
v 2.578572 147.401611 401.899841
v 2.096532 147.602051 402.763275
v 1.845427 148.011200 403.432343
v 0.808377 142.960327 392.350708
v 1.595482 143.111938 392.346832
v 0.829354 145.534225 398.411865
v 0.866851 145.933746 399.017944
v 0.850509 146.348602 399.896423
v 0.945989 146.621597 400.808105
v 0.932902 146.999741 401.719574
v 0.877600 147.531631 402.776306
v 0.948924 147.967560 403.567444
v -0.063356 143.356430 392.731079
v -0.613119 143.186325 393.512848
v -0.808845 143.455612 394.506683
v -1.248673 144.090775 395.666382
v -1.163234 144.241348 396.123688
v -0.977520 144.355713 396.495178
v -0.992218 144.964508 397.445129
v -0.713298 145.464478 398.313690
v -0.621073 146.030075 399.204407
v -0.628265 146.436035 400.018463
v -0.559548 146.821442 400.964813
v -0.525257 147.173798 401.907959
v -0.545762 147.514282 402.851593
v -0.396826 148.279709 404.079681
v -0.600535 148.600204 404.947083
v -0.796074 148.845215 405.666779
v -1.973670 143.774109 395.331970
v -1.803934 143.651932 395.302948
v -1.793029 144.180038 396.275787
v -1.899640 144.837601 397.205444
v -1.960191 145.250885 398.003265
v -1.934355 145.680710 398.714783
v -1.969236 146.158905 399.499451
v -1.949743 146.565399 400.255493
v -1.927014 146.985367 401.137543
v -1.944037 147.383148 402.140320
v -1.819235 147.655975 403.041565
v -1.680858 148.063400 403.972107
v -1.527725 148.543594 405.001740
v -1.346074 149.001068 405.926331
v -2.733924 145.227509 397.883179
v -2.830646 145.561890 398.567047
v -2.831345 146.019470 399.261658
v -2.864167 146.512299 400.011932
v -2.900642 146.992371 400.825714
v -3.042186 147.318039 401.559174
v -3.062719 147.572861 402.326263
v -2.905355 147.885040 403.276031
v -2.953632 148.487762 404.439667
v -2.393687 148.937515 405.441284
v -2.430426 149.260315 406.067780
v -3.761114 147.751236 402.040314
v -3.760699 147.996368 402.821655
v -3.730205 148.275543 403.719604
v -4.121181 148.763290 404.645355
v -4.898633 148.815460 405.148010
v -6.278473 146.785538 400.842255
v -6.480620 146.817551 401.039368
v -4.551995 148.789368 404.310883
v -4.891947 148.983765 405.172699
v -5.317998 149.134384 405.484497
v -6.024965 147.195236 401.007721
v -6.821058 147.083496 401.228027
v 11.058165 143.912964 395.105286
v 11.016817 144.237198 395.637238
v 11.145281 144.655823 396.459930
v 11.207432 145.057068 397.320862
v 11.195068 145.447632 398.236511
v 11.098786 145.794037 399.093109
v 10.682491 145.957794 399.388031
v 10.301635 143.955917 394.794495
v 9.984488 143.999741 395.451630
v 10.126349 144.433517 396.341949
v 10.168148 144.769714 397.123077
v 10.167579 145.102707 397.951599
v 10.036168 145.580750 398.814941
v 10.043523 145.964218 399.461670
v 8.300247 143.160812 392.832489
v 8.247889 143.397324 393.449707
v 8.964901 143.704330 394.447876
v 8.686252 143.962006 395.277161
v 8.837537 144.284836 396.081879
v 8.871866 144.611481 396.852051
v 8.873123 144.946625 397.649658
v 8.891267 145.337479 398.517700
v 8.775519 145.820633 399.152130
v 8.083724 145.946411 399.632874
v 7.542371 143.191635 392.636017
v 7.204037 143.150040 393.416901
v 7.247026 143.529572 394.279510
v 7.314516 143.787811 395.005463
v 7.487428 144.063690 395.748840
v 7.622227 144.392853 396.514557
v 7.620864 144.785400 397.310974
v 7.671503 145.064087 398.145508
v 7.457726 145.513123 398.905212
v 7.773190 146.143845 399.797150
v 5.155121 142.909515 391.983826
v 6.077196 142.949219 392.436798
v 5.655149 143.011871 393.262787
v 5.691887 143.267242 394.025757
v 5.850937 143.499008 394.727051
v 6.013276 143.793091 395.444702
v 6.083936 144.133636 396.194916
v 6.074843 144.565765 397.013123
v 6.164272 144.803986 397.809540
v 6.021482 145.337372 398.496735
v 4.668917 142.842987 391.804260
v 4.200115 142.593521 392.369659
v 4.148474 142.734558 393.118805
v 4.236922 143.036423 393.872742
v 4.406263 143.283127 394.553925
v 4.434075 143.598419 395.232635
v 4.455276 143.969406 396.000793
v 4.496743 144.329895 396.809540
v 4.453366 144.729019 397.611389
v 5.063533 145.435730 398.485565
v 3.033995 142.630920 391.712982
v 2.653396 142.387924 392.330841
v 2.748717 142.515976 393.057770
v 2.827905 142.875488 393.817078
v 2.832186 143.148056 394.444489
v 2.818967 143.504730 395.173401
v 2.821327 143.933472 395.987823
v 2.816312 144.280365 396.800354
v 2.692705 144.840515 397.551605
v 1.699193 142.547073 391.797516
v 1.423915 142.324051 392.321747
v 1.366595 142.408691 393.107300
v 1.300597 142.801392 393.911011
v 1.175173 143.152893 394.596954
v 1.241863 143.436371 395.237122
v 1.233200 143.884979 396.078827
v 1.117583 144.372192 396.988251
v 1.067024 144.930389 397.723938
v 0.324809 142.535965 392.564056
v 0.059844 142.583054 393.451904
v -0.157405 142.817566 394.212891
v -0.365053 143.117203 394.839996
v -0.328770 143.663361 395.637421
v -0.040360 144.236954 396.571777
v -0.124500 144.717148 397.491180
v 0.175387 145.140686 398.035248
v -1.383060 143.215408 394.769745
v -1.591632 143.336655 395.285553
v -1.530916 143.646179 395.782501
f 1 2 45
f 2 46 45
f 1 45 54
f 1 54 7
f 1 8 2
f 1 7 8
f 2 3 46
f 3 47 46
f 2 9 3
f 2 8 9
f 3 4 47
f 4 48 47
f 3 10 4
f 3 9 10
f 4 5 48
f 5 49 48
f 4 11 5
f 4 10 11
f 5 55 49
f 5 11 55
f 6 7 53
f 7 54 53
f 6 53 61
f 6 61 14
f 6 15 7
f 6 14 15
f 7 16 8
f 7 15 16
f 8 17 9
f 8 16 17
f 9 18 10
f 9 17 18
f 10 19 11
f 10 18 19
f 62 63 19
f 62 19 18
f 11 63 55
f 11 19 63
f 12 13 59
f 13 60 59
f 12 59 67
f 12 67 20
f 12 21 13
f 12 20 21
f 67 68 21
f 67 21 20
f 13 14 60
f 14 61 60
f 13 22 14
f 13 21 22
f 14 23 15
f 14 22 23
f 15 24 16
f 15 23 24
f 16 25 17
f 16 24 25
f 17 26 18
f 17 25 26
f 18 69 62
f 18 26 69
f 21 68 74
f 21 74 27
f 21 28 22
f 21 27 28
f 74 75 28
f 74 28 27
f 22 29 23
f 22 28 29
f 23 30 24
f 23 29 30
f 24 31 25
f 24 30 31
f 25 32 26
f 25 31 32
f 76 77 32
f 76 32 31
f 26 77 69
f 26 32 77
f 28 75 82
f 28 82 33
f 28 34 29
f 28 33 34
f 82 83 34
f 82 34 33
f 29 35 30
f 29 34 35
f 83 84 35
f 83 35 34
f 30 36 31
f 30 35 36
f 84 85 36
f 84 36 35
f 31 85 76
f 31 36 85
f 37 38 99
f 38 100 99
f 37 99 106
f 37 106 44
f 37 45 38
f 37 44 45
f 38 39 100
f 39 101 100
f 38 46 39
f 38 45 46
f 39 40 101
f 40 102 101
f 39 47 40
f 39 46 47
f 40 41 102
f 41 103 102
f 40 48 41
f 40 47 48
f 41 42 103
f 42 104 103
f 41 49 42
f 41 48 49
f 42 107 104
f 42 49 107
f 43 44 105
f 44 106 105
f 105 106 110
f 106 111 110
f 43 105 110
f 43 110 52
f 43 53 44
f 43 52 53
f 44 54 45
f 44 53 54
f 49 50 107
f 50 108 107
f 49 56 50
f 49 55 56
f 50 112 108
f 50 56 112
f 51 52 109
f 52 110 109
f 109 110 115
f 110 116 115
f 51 109 115
f 51 115 59
f 51 60 52
f 51 59 60
f 52 61 53
f 52 60 61
f 55 64 56
f 55 63 64
f 117 118 64
f 117 64 63
f 56 118 112
f 56 64 118
f 57 58 113
f 58 114 113
f 57 113 119
f 57 119 65
f 57 66 58
f 57 65 66
f 58 59 114
f 59 115 114
f 58 67 59
f 58 66 67
f 62 70 63
f 62 69 70
f 63 121 117
f 63 70 121
f 119 120 123
f 120 124 123
f 65 119 123
f 65 123 71
f 65 72 66
f 65 71 72
f 123 124 72
f 123 72 71
f 66 73 67
f 66 72 73
f 67 74 68
f 67 73 74
f 69 78 70
f 69 77 78
f 70 125 121
f 70 78 125
f 72 124 126
f 72 126 79
f 72 80 73
f 72 79 80
f 126 127 80
f 126 80 79
f 73 81 74
f 73 80 81
f 127 128 81
f 127 81 80
f 74 82 75
f 74 81 82
f 76 86 77
f 76 85 86
f 77 87 78
f 77 86 87
f 78 129 125
f 78 87 129
f 81 128 131
f 81 131 88
f 81 89 82
f 81 88 89
f 131 132 89
f 131 89 88
f 82 90 83
f 82 89 90
f 132 133 90
f 132 90 89
f 83 91 84
f 83 90 91
f 133 134 91
f 133 91 90
f 84 92 85
f 84 91 92
f 134 135 92
f 134 92 91
f 85 93 86
f 85 92 93
f 135 136 93
f 135 93 92
f 86 94 87
f 86 93 94
f 136 137 94
f 136 94 93
f 87 137 129
f 87 94 137
f 95 96 153
f 96 154 153
f 95 153 159
f 95 159 100
f 95 101 96
f 95 100 101
f 96 97 154
f 97 155 154
f 96 102 97
f 96 101 102
f 97 98 155
f 98 156 155
f 97 103 98
f 97 102 103
f 98 160 156
f 98 103 160
f 99 100 158
f 100 159 158
f 99 158 164
f 99 164 106
f 103 104 160
f 104 161 160
f 104 165 161
f 104 107 165
f 106 164 169
f 106 169 111
f 107 108 165
f 108 166 165
f 108 170 166
f 108 112 170
f 110 111 168
f 111 169 168
f 110 168 175
f 110 175 116
f 112 176 170
f 112 118 176
f 113 114 172
f 114 173 172
f 113 172 178
f 113 178 119
f 178 179 120
f 178 120 119
f 114 115 173
f 115 174 173
f 115 116 174
f 116 175 174
f 117 122 118
f 117 121 122
f 181 182 122
f 181 122 121
f 118 182 176
f 118 122 182
f 179 180 183
f 180 184 183
f 120 179 183
f 120 183 124
f 121 185 181
f 121 125 185
f 124 183 187
f 124 187 126
f 187 188 127
f 187 127 126
f 125 190 185
f 125 129 190
f 188 189 192
f 189 193 192
f 127 188 192
f 127 192 130
f 127 131 128
f 127 130 131
f 192 193 131
f 192 131 130
f 193 194 132
f 193 132 131
f 129 195 190
f 129 137 195
f 132 194 197
f 132 197 138
f 132 139 133
f 132 138 139
f 197 198 139
f 197 139 138
f 133 140 134
f 133 139 140
f 198 199 140
f 198 140 139
f 134 141 135
f 134 140 141
f 199 200 141
f 199 141 140
f 135 142 136
f 135 141 142
f 200 201 142
f 200 142 141
f 136 143 137
f 136 142 143
f 201 202 143
f 201 143 142
f 137 202 195
f 137 143 202
f 144 145 221
f 145 222 221
f 144 221 224
f 144 224 146
f 144 147 145
f 144 146 147
f 224 225 147
f 224 147 146
f 145 225 222
f 145 147 225
f 148 149 227
f 149 228 227
f 227 228 231
f 228 232 231
f 148 227 231
f 148 231 152
f 148 153 149
f 148 152 153
f 149 150 228
f 150 229 228
f 228 229 232
f 229 233 232
f 149 154 150
f 149 153 154
f 150 151 229
f 151 230 229
f 229 230 233
f 230 234 233
f 150 155 151
f 150 154 155
f 151 234 230
f 151 155 234
f 231 232 238
f 232 239 238
f 152 231 238
f 152 238 158
f 152 159 153
f 152 158 159
f 155 156 234
f 156 235 234
f 156 157 235
f 157 236 235
f 156 161 157
f 156 160 161
f 157 240 236
f 157 161 240
f 238 239 243
f 239 244 243
f 158 238 243
f 158 243 164
f 161 162 240
f 162 241 240
f 161 166 162
f 161 165 166
f 162 245 241
f 162 166 245
f 163 164 242
f 164 243 242
f 242 243 247
f 243 248 247
f 163 242 247
f 163 247 168
f 163 169 164
f 163 168 169
f 166 167 245
f 167 246 245
f 166 171 167
f 166 170 171
f 167 249 246
f 167 171 249
f 247 248 253
f 248 254 253
f 168 247 253
f 168 253 175
f 170 177 171
f 170 176 177
f 255 256 177
f 255 177 176
f 171 256 249
f 171 177 256
f 172 173 250
f 173 251 250
f 250 251 257
f 251 258 257
f 172 250 257
f 172 257 178
f 257 258 179
f 257 179 178
f 173 174 251
f 174 252 251
f 251 252 258
f 252 259 258
f 258 259 180
f 258 180 179
f 174 175 252
f 175 253 252
f 176 261 255
f 176 182 261
f 259 260 263
f 260 264 263
f 180 259 263
f 180 263 184
f 181 186 182
f 181 185 186
f 182 265 261
f 182 186 265
f 183 184 262
f 184 263 262
f 262 263 266
f 263 267 266
f 183 262 266
f 183 266 187
f 266 267 188
f 266 188 187
f 267 268 189
f 267 189 188
f 185 191 186
f 185 190 191
f 186 269 265
f 186 191 269
f 189 268 270
f 189 270 193
f 270 271 194
f 270 194 193
f 190 196 191
f 190 195 196
f 272 273 196
f 272 196 195
f 191 273 269
f 191 196 273
f 194 271 274
f 194 274 197
f 274 275 198
f 274 198 197
f 275 276 199
f 275 199 198
f 276 277 200
f 276 200 199
f 277 278 201
f 277 201 200
f 278 279 202
f 278 202 201
f 195 279 272
f 195 202 279
f 203 204 283
f 204 284 283
f 203 283 292
f 203 292 208
f 203 209 204
f 203 208 209
f 292 293 209
f 292 209 208
f 204 205 284
f 205 285 284
f 204 210 205
f 204 209 210
f 293 294 210
f 293 210 209
f 205 206 285
f 206 286 285
f 205 211 206
f 205 210 211
f 294 295 211
f 294 211 210
f 206 207 286
f 207 287 286
f 206 212 207
f 206 211 212
f 207 296 287
f 207 212 296
f 211 295 304
f 211 304 214
f 211 215 212
f 211 214 215
f 304 305 215
f 304 215 214
f 212 213 296
f 213 297 296
f 212 216 213
f 212 215 216
f 305 306 216
f 305 216 215
f 213 306 297
f 213 216 306
f 217 218 335
f 218 336 335
f 217 335 341
f 217 341 219
f 217 220 218
f 217 219 220
f 341 342 220
f 341 220 219
f 218 342 336
f 218 220 342
f 221 222 346
f 222 347 346
f 221 346 352
f 221 352 224
f 352 353 225
f 352 225 224
f 222 223 347
f 223 348 347
f 222 226 223
f 222 225 226
f 353 354 226
f 353 226 225
f 223 354 348
f 223 226 354
f 232 233 368
f 233 369 368
f 232 368 375
f 232 375 239
f 233 234 369
f 234 370 369
f 234 235 370
f 235 371 370
f 235 236 371
f 236 372 371
f 236 237 372
f 237 373 372
f 236 241 237
f 236 240 241
f 237 376 373
f 237 241 376
f 239 375 379
f 239 379 244
f 241 380 376
f 241 245 380
f 243 244 378
f 244 379 378
f 243 378 382
f 243 382 248
f 245 246 380
f 246 381 380
f 246 383 381
f 246 249 383
f 248 382 387
f 248 387 254
f 388 389 256
f 388 256 255
f 249 389 383
f 249 256 389
f 252 253 385
f 253 386 385
f 252 385 391
f 252 391 259
f 391 392 260
f 391 260 259
f 253 254 386
f 254 387 386
f 255 393 388
f 255 261 393
f 260 392 396
f 260 396 264
f 261 397 393
f 261 265 397
f 263 264 395
f 264 396 395
f 395 396 399
f 396 400 399
f 263 395 399
f 263 399 267
f 399 400 268
f 399 268 267
f 265 402 397
f 265 269 402
f 400 401 403
f 401 404 403
f 268 400 403
f 268 403 270
f 403 404 271
f 403 271 270
f 405 406 273
f 405 273 272
f 269 406 402
f 269 273 406
f 271 404 407
f 271 407 274
f 407 408 275
f 407 275 274
f 408 409 276
f 408 276 275
f 409 410 277
f 409 277 276
f 410 411 278
f 410 278 277
f 411 412 279
f 411 279 278
f 272 412 405
f 272 279 412
f 280 281 415
f 281 416 415
f 280 415 427
f 280 427 289
f 280 290 281
f 280 289 290
f 427 428 290
f 427 290 289
f 281 282 416
f 282 417 416
f 281 291 282
f 281 290 291
f 282 283 417
f 283 418 417
f 282 292 283
f 282 291 292
f 283 284 418
f 284 419 418
f 284 285 419
f 285 420 419
f 285 286 420
f 286 421 420
f 286 287 421
f 287 422 421
f 287 288 422
f 288 423 422
f 287 297 288
f 287 296 297
f 288 429 423
f 288 297 429
f 290 428 435
f 290 435 299
f 290 300 291
f 290 299 300
f 435 436 300
f 435 300 299
f 291 301 292
f 291 300 301
f 292 302 293
f 292 301 302
f 293 303 294
f 293 302 303
f 294 304 295
f 294 303 304
f 297 298 429
f 298 430 429
f 297 307 298
f 297 306 307
f 298 437 430
f 298 307 437
f 300 436 443
f 300 443 308
f 300 309 301
f 300 308 309
f 443 444 309
f 443 309 308
f 301 310 302
f 301 309 310
f 444 445 310
f 444 310 309
f 302 311 303
f 302 310 311
f 445 446 311
f 445 311 310
f 303 312 304
f 303 311 312
f 446 447 312
f 446 312 311
f 304 313 305
f 304 312 313
f 447 448 313
f 447 313 312
f 305 314 306
f 305 313 314
f 448 449 314
f 448 314 313
f 306 315 307
f 306 314 315
f 449 450 315
f 449 315 314
f 307 450 437
f 307 315 450
f 316 317 459
f 317 460 459
f 316 459 472
f 316 472 321
f 316 322 317
f 316 321 322
f 472 473 322
f 472 322 321
f 317 318 460
f 318 461 460
f 317 323 318
f 317 322 323
f 473 474 323
f 473 323 322
f 318 319 461
f 319 462 461
f 318 324 319
f 318 323 324
f 474 475 324
f 474 324 323
f 319 320 462
f 320 463 462
f 319 325 320
f 319 324 325
f 320 476 463
f 320 325 476
f 324 475 485
f 324 485 329
f 324 330 325
f 324 329 330
f 325 326 476
f 326 477 476
f 325 331 326
f 325 330 331
f 326 486 477
f 326 331 486
f 327 328 483
f 328 484 483
f 327 483 491
f 327 491 332
f 327 333 328
f 327 332 333
f 491 492 333
f 491 333 332
f 328 329 484
f 329 485 484
f 328 334 329
f 328 333 334
f 329 335 330
f 329 334 335
f 330 336 331
f 330 335 336
f 331 493 486
f 331 336 493
f 333 492 497
f 333 497 339
f 333 340 334
f 333 339 340
f 334 341 335
f 334 340 341
f 336 337 493
f 337 494 493
f 336 343 337
f 336 342 343
f 337 338 494
f 338 495 494
f 494 495 498
f 495 499 498
f 337 344 338
f 337 343 344
f 498 499 344
f 498 344 343
f 338 499 495
f 338 344 499
f 339 497 501
f 339 501 345
f 339 346 340
f 339 345 346
f 340 347 341
f 340 346 347
f 341 348 342
f 341 347 348
f 342 349 343
f 342 348 349
f 343 502 498
f 343 349 502
f 345 501 505
f 345 505 351
f 345 352 346
f 345 351 352
f 348 355 349
f 348 354 355
f 349 350 502
f 350 503 502
f 349 356 350
f 349 355 356
f 350 507 503
f 350 356 507
f 351 505 508
f 351 508 357
f 351 358 352
f 351 357 358
f 508 509 358
f 508 358 357
f 352 359 353
f 352 358 359
f 353 360 354
f 353 359 360
f 354 361 355
f 354 360 361
f 506 507 510
f 507 511 510
f 355 362 356
f 355 361 362
f 510 511 362
f 510 362 361
f 356 511 507
f 356 362 511
f 358 509 512
f 358 512 363
f 358 364 359
f 358 363 364
f 359 365 360
f 359 364 365
f 360 366 361
f 360 365 366
f 361 513 510
f 361 366 513
f 363 512 516
f 363 516 368
f 363 369 364
f 363 368 369
f 364 370 365
f 364 369 370
f 365 371 366
f 365 370 371
f 366 367 513
f 367 514 513
f 366 372 367
f 366 371 372
f 367 517 514
f 367 372 517
f 368 516 520
f 368 520 375
f 372 373 517
f 373 518 517
f 373 521 518
f 373 376 521
f 374 375 519
f 375 520 519
f 374 519 523
f 374 523 378
f 374 379 375
f 374 378 379
f 376 377 521
f 377 522 521
f 521 522 524
f 522 525 524
f 376 381 377
f 376 380 381
f 377 525 522
f 377 381 525
f 378 523 526
f 378 526 382
f 381 527 525
f 381 383 527
f 382 526 531
f 382 531 387
f 383 532 527
f 383 389 532
f 384 385 528
f 385 529 528
f 528 529 533
f 529 534 533
f 384 528 533
f 384 533 390
f 384 391 385
f 384 390 391
f 533 534 391
f 533 391 390
f 385 386 529
f 386 530 529
f 529 530 534
f 530 535 534
f 534 535 392
f 534 392 391
f 386 387 530
f 387 531 530
f 388 394 389
f 388 393 394
f 389 536 532
f 389 394 536
f 392 535 537
f 392 537 396
f 393 398 394
f 393 397 398
f 539 540 398
f 539 398 397
f 394 540 536
f 394 398 540
f 537 538 541
f 538 542 541
f 396 537 541
f 396 541 400
f 541 542 401
f 541 401 400
f 397 543 539
f 397 402 543
f 401 542 544
f 401 544 404
f 402 546 543
f 402 406 546
f 544 545 547
f 545 548 547
f 404 544 547
f 404 547 407
f 547 548 408
f 547 408 407
f 548 549 409
f 548 409 408
f 549 550 410
f 549 410 409
f 550 551 411
f 550 411 410
f 551 552 412
f 551 412 411
f 405 413 406
f 405 412 413
f 552 553 413
f 552 413 412
f 406 553 546
f 406 413 553
f 414 415 557
f 415 558 557
f 414 557 570
f 414 570 426
f 414 427 415
f 414 426 427
f 415 416 558
f 416 559 558
f 416 417 559
f 417 560 559
f 417 418 560
f 418 561 560
f 418 419 561
f 419 562 561
f 419 420 562
f 420 563 562
f 420 421 563
f 421 564 563
f 421 422 564
f 422 565 564
f 422 423 565
f 423 566 565
f 423 424 566
f 424 567 566
f 423 430 424
f 423 429 430
f 424 571 567
f 424 430 571
f 425 426 569
f 426 570 569
f 425 569 575
f 425 575 432
f 425 433 426
f 425 432 433
f 426 434 427
f 426 433 434
f 427 435 428
f 427 434 435
f 430 431 571
f 431 572 571
f 430 438 431
f 430 437 438
f 431 576 572
f 431 438 576
f 432 575 580
f 432 580 439
f 432 440 433
f 432 439 440
f 433 441 434
f 433 440 441
f 434 442 435
f 434 441 442
f 435 443 436
f 435 442 443
f 437 451 438
f 437 450 451
f 438 581 576
f 438 451 581
f 439 580 585
f 439 585 452
f 439 453 440
f 439 452 453
f 440 454 441
f 440 453 454
f 441 455 442
f 441 454 455
f 442 456 443
f 442 455 456
f 443 457 444
f 443 456 457
f 444 458 445
f 444 457 458
f 445 459 446
f 445 458 459
f 446 460 447
f 446 459 460
f 447 461 448
f 447 460 461
f 448 462 449
f 448 461 462
f 449 463 450
f 449 462 463
f 450 464 451
f 450 463 464
f 451 586 581
f 451 464 586
f 452 585 590
f 452 590 465
f 452 466 453
f 452 465 466
f 590 591 466
f 590 466 465
f 453 467 454
f 453 466 467
f 591 592 467
f 591 467 466
f 454 468 455
f 454 467 468
f 592 593 468
f 592 468 467
f 455 469 456
f 455 468 469
f 456 470 457
f 456 469 470
f 457 471 458
f 457 470 471
f 458 472 459
f 458 471 472
f 463 477 464
f 463 476 477
f 464 594 586
f 464 477 594
f 468 593 600
f 468 600 478
f 468 479 469
f 468 478 479
f 600 601 479
f 600 479 478
f 469 480 470
f 469 479 480
f 601 602 480
f 601 480 479
f 470 481 471
f 470 480 481
f 471 482 472
f 471 481 482
f 472 483 473
f 472 482 483
f 473 484 474
f 473 483 484
f 474 485 475
f 474 484 485
f 477 603 594
f 477 486 603
f 480 602 610
f 480 610 488
f 480 489 481
f 480 488 489
f 610 611 489
f 610 489 488
f 481 490 482
f 481 489 490
f 611 612 490
f 611 490 489
f 482 491 483
f 482 490 491
f 612 613 491
f 612 491 490
f 486 487 603
f 487 604 603
f 486 494 487
f 486 493 494
f 487 614 604
f 487 494 614
f 491 613 618
f 491 618 496
f 491 497 492
f 491 496 497
f 494 619 614
f 494 498 619
f 496 618 623
f 496 623 500
f 496 501 497
f 496 500 501
f 498 624 619
f 498 502 624
f 500 623 628
f 500 628 504
f 500 505 501
f 500 504 505
f 628 629 505
f 628 505 504
f 502 503 624
f 503 625 624
f 630 631 507
f 630 507 506
f 503 631 625
f 503 507 631
f 505 629 634
f 505 634 508
f 634 635 509
f 634 509 508
f 506 636 630
f 506 510 636
f 509 635 640
f 509 640 512
f 510 511 636
f 511 637 636
f 510 514 511
f 510 513 514
f 511 641 637
f 511 514 641
f 512 640 645
f 512 645 516
f 514 646 641
f 514 517 646
f 515 516 644
f 516 645 644
f 515 644 649
f 515 649 519
f 515 520 516
f 515 519 520
f 517 518 646
f 518 647 646
f 518 650 647
f 518 521 650
f 519 649 653
f 519 653 523
f 521 654 650
f 521 524 654
f 523 653 657
f 523 657 526
f 524 525 654
f 525 655 654
f 525 658 655
f 525 527 658
f 526 657 665
f 526 665 531
f 527 666 658
f 527 532 666
f 530 531 664
f 531 665 664
f 530 664 672
f 530 672 535
f 532 673 666
f 532 536 673
f 535 672 674
f 535 674 537
f 674 675 538
f 674 538 537
f 676 677 540
f 676 540 539
f 536 677 673
f 536 540 677
f 538 675 679
f 538 679 542
f 539 680 676
f 539 543 680
f 542 679 682
f 542 682 544
f 682 683 545
f 682 545 544
f 543 684 680
f 543 546 684
f 545 683 687
f 545 687 548
f 687 688 549
f 687 549 548
f 689 690 552
f 689 552 551
f 690 691 553
f 690 553 552
f 546 691 684
f 546 553 691
f 549 688 692
f 549 692 554
f 549 555 550
f 549 554 555
f 692 693 555
f 692 555 554
f 550 556 551
f 550 555 556
f 693 694 556
f 693 556 555
f 551 694 689
f 551 556 694
f 557 558 697
f 558 698 697
f 557 697 710
f 557 710 570
f 558 559 698
f 559 699 698
f 559 560 699
f 560 700 699
f 560 561 700
f 561 701 700
f 561 562 701
f 562 702 701
f 562 563 702
f 563 703 702
f 563 564 703
f 564 704 703
f 564 565 704
f 565 705 704
f 565 566 705
f 566 706 705
f 566 567 706
f 567 707 706
f 706 707 711
f 707 712 711
f 567 712 707
f 567 571 712
f 568 569 708
f 569 709 708
f 568 708 716
f 568 716 574
f 568 575 569
f 568 574 575
f 569 570 709
f 570 710 709
f 711 712 717
f 712 718 717
f 571 572 712
f 572 713 712
f 712 713 718
f 713 719 718
f 572 573 713
f 573 714 713
f 713 714 719
f 714 720 719
f 572 577 573
f 572 576 577
f 573 720 714
f 573 577 720
f 574 716 723
f 574 723 579
f 574 580 575
f 574 579 580
f 719 720 724
f 720 725 724
f 576 582 577
f 576 581 582
f 577 725 720
f 577 582 725
f 578 579 722
f 579 723 722
f 578 722 727
f 578 727 583
f 578 584 579
f 578 583 584
f 579 585 580
f 579 584 585
f 724 725 728
f 725 729 728
f 581 587 582
f 581 586 587
f 582 729 725
f 582 587 729
f 583 727 731
f 583 731 588
f 583 589 584
f 583 588 589
f 731 732 589
f 731 589 588
f 584 590 585
f 584 589 590
f 728 729 733
f 729 734 733
f 586 595 587
f 586 594 595
f 587 734 729
f 587 595 734
f 589 732 737
f 589 737 596
f 589 597 590
f 589 596 597
f 737 738 597
f 737 597 596
f 590 598 591
f 590 597 598
f 591 599 592
f 591 598 599
f 592 600 593
f 592 599 600
f 594 604 595
f 594 603 604
f 595 739 734
f 595 604 739
f 597 738 743
f 597 743 605
f 597 606 598
f 597 605 606
f 743 744 606
f 743 606 605
f 598 607 599
f 598 606 607
f 744 745 607
f 744 607 606
f 599 608 600
f 599 607 608
f 745 746 608
f 745 608 607
f 600 609 601
f 600 608 609
f 746 747 609
f 746 609 608
f 601 610 602
f 601 609 610
f 747 748 610
f 747 610 609
f 748 749 611
f 748 611 610
f 604 750 739
f 604 614 750
f 611 749 761
f 611 761 616
f 611 617 612
f 611 616 617
f 612 618 613
f 612 617 618
f 614 615 750
f 615 751 750
f 614 620 615
f 614 619 620
f 615 762 751
f 615 620 762
f 616 761 772
f 616 772 621
f 616 622 617
f 616 621 622
f 617 623 618
f 617 622 623
f 619 625 620
f 619 624 625
f 620 773 762
f 620 625 773
f 621 772 780
f 621 780 626
f 621 627 622
f 621 626 627
f 780 781 627
f 780 627 626
f 622 628 623
f 622 627 628
f 625 782 773
f 625 631 782
f 627 781 784
f 627 784 632
f 627 633 628
f 627 632 633
f 784 785 633
f 784 633 632
f 628 634 629
f 628 633 634
f 630 637 631
f 630 636 637
f 631 786 782
f 631 637 786
f 633 785 789
f 633 789 638
f 633 639 634
f 633 638 639
f 634 640 635
f 634 639 640
f 637 790 786
f 637 641 790
f 638 789 793
f 638 793 643
f 638 644 639
f 638 643 644
f 793 794 644
f 793 644 643
f 639 645 640
f 639 644 645
f 641 642 790
f 642 791 790
f 641 647 642
f 641 646 647
f 642 795 791
f 642 647 795
f 644 794 799
f 644 799 649
f 647 648 795
f 648 796 795
f 647 651 648
f 647 650 651
f 648 800 796
f 648 651 800
f 649 799 803
f 649 803 653
f 650 655 651
f 650 654 655
f 651 804 800
f 651 655 804
f 652 653 802
f 653 803 802
f 652 802 807
f 652 807 656
f 652 657 653
f 652 656 657
f 655 808 804
f 655 658 808
f 656 807 816
f 656 816 664
f 656 665 657
f 656 664 665
f 658 659 808
f 659 809 808
f 808 809 817
f 809 818 817
f 658 667 659
f 658 666 667
f 817 818 667
f 817 667 666
f 659 818 809
f 659 667 818
f 660 661 812
f 661 813 812
f 660 812 821
f 660 821 668
f 660 669 661
f 660 668 669
f 821 822 669
f 821 669 668
f 661 662 813
f 662 814 813
f 661 670 662
f 661 669 670
f 822 823 670
f 822 670 669
f 662 663 814
f 663 815 814
f 662 671 663
f 662 670 671
f 823 824 671
f 823 671 670
f 663 664 815
f 664 816 815
f 663 672 664
f 663 671 672
f 824 825 672
f 824 672 671
f 666 826 817
f 666 673 826
f 672 825 831
f 672 831 674
f 673 832 826
f 673 677 832
f 674 831 834
f 674 834 678
f 674 679 675
f 674 678 679
f 834 835 679
f 834 679 678
f 676 681 677
f 676 680 681
f 677 836 832
f 677 681 836
f 679 835 838
f 679 838 682
f 680 685 681
f 680 684 685
f 839 840 685
f 839 685 684
f 681 840 836
f 681 685 840
f 682 838 841
f 682 841 686
f 682 687 683
f 682 686 687
f 841 842 687
f 841 687 686
f 842 843 688
f 842 688 687
f 844 845 691
f 844 691 690
f 684 845 839
f 684 691 845
f 688 843 847
f 688 847 692
f 847 848 693
f 847 693 692
f 848 849 694
f 848 694 693
f 689 695 690
f 689 694 695
f 849 850 695
f 849 695 694
f 690 850 844
f 690 695 850
f 696 697 851
f 697 852 851
f 851 852 863
f 852 864 863
f 696 851 863
f 696 863 709
f 696 710 697
f 696 709 710
f 697 698 852
f 698 853 852
f 698 699 853
f 699 854 853
f 699 700 854
f 700 855 854
f 700 701 855
f 701 856 855
f 701 702 856
f 702 857 856
f 702 703 857
f 703 858 857
f 703 704 858
f 704 859 858
f 704 705 859
f 705 860 859
f 705 706 860
f 706 861 860
f 706 865 861
f 706 711 865
f 708 709 862
f 709 863 862
f 708 862 867
f 708 867 716
f 711 868 865
f 711 717 868
f 715 716 866
f 716 867 866
f 715 866 872
f 715 872 722
f 715 723 716
f 715 722 723
f 717 718 868
f 718 869 868
f 718 719 869
f 719 870 869
f 869 870 873
f 870 874 873
f 719 874 870
f 719 724 874
f 721 722 871
f 722 872 871
f 721 871 875
f 721 875 726
f 721 727 722
f 721 726 727
f 873 874 876
f 874 877 876
f 724 877 874
f 724 728 877
f 726 875 878
f 726 878 730
f 726 731 727
f 726 730 731
f 876 877 880
f 877 881 880
f 728 881 877
f 728 733 881
f 878 879 883
f 879 884 883
f 730 878 883
f 730 883 735
f 730 736 731
f 730 735 736
f 731 737 732
f 731 736 737
f 733 734 881
f 734 882 881
f 734 885 882
f 734 739 885
f 735 883 886
f 735 886 740
f 735 741 736
f 735 740 741
f 736 742 737
f 736 741 742
f 737 743 738
f 737 742 743
f 739 887 885
f 739 750 887
f 740 886 890
f 740 890 752
f 740 753 741
f 740 752 753
f 741 754 742
f 741 753 754
f 742 755 743
f 742 754 755
f 743 756 744
f 743 755 756
f 744 757 745
f 744 756 757
f 745 758 746
f 745 757 758
f 746 759 747
f 746 758 759
f 747 760 748
f 747 759 760
f 748 761 749
f 748 760 761
f 750 751 887
f 751 888 887
f 751 896 888
f 751 762 896
f 752 890 898
f 752 898 763
f 752 764 753
f 752 763 764
f 898 899 764
f 898 764 763
f 753 765 754
f 753 764 765
f 899 900 765
f 899 765 764
f 754 766 755
f 754 765 766
f 900 901 766
f 900 766 765
f 755 767 756
f 755 766 767
f 891 892 902
f 892 903 902
f 756 768 757
f 756 767 768
f 892 893 903
f 893 904 903
f 757 769 758
f 757 768 769
f 893 894 904
f 894 905 904
f 758 770 759
f 758 769 770
f 894 895 905
f 895 906 905
f 759 771 760
f 759 770 771
f 760 772 761
f 760 771 772
f 762 907 896
f 762 773 907
f 766 901 911
f 766 911 774
f 766 775 767
f 766 774 775
f 911 912 775
f 911 775 774
f 767 776 768
f 767 775 776
f 912 913 776
f 912 776 775
f 903 904 913
f 904 914 913
f 768 777 769
f 768 776 777
f 913 914 777
f 913 777 776
f 904 905 914
f 905 915 914
f 769 778 770
f 769 777 778
f 914 915 778
f 914 778 777
f 905 906 915
f 906 916 915
f 770 779 771
f 770 778 779
f 915 916 779
f 915 779 778
f 771 780 772
f 771 779 780
f 916 917 780
f 916 780 779
f 773 918 907
f 773 782 918
f 780 917 920
f 780 920 783
f 780 784 781
f 780 783 784
f 920 921 784
f 920 784 783
f 782 922 918
f 782 786 922
f 784 921 926
f 784 926 788
f 784 789 785
f 784 788 789
f 786 787 922
f 787 923 922
f 786 791 787
f 786 790 791
f 787 927 923
f 787 791 927
f 788 926 930
f 788 930 792
f 788 793 789
f 788 792 793
f 791 931 927
f 791 795 931
f 792 930 935
f 792 935 797
f 792 798 793
f 792 797 798
f 935 936 798
f 935 798 797
f 793 799 794
f 793 798 799
f 795 796 931
f 796 932 931
f 796 937 932
f 796 800 937
f 798 936 944
f 798 944 802
f 798 803 799
f 798 802 803
f 800 945 937
f 800 804 945
f 801 802 943
f 802 944 943
f 801 943 951
f 801 951 806
f 801 807 802
f 801 806 807
f 804 952 945
f 804 808 952
f 805 806 950
f 806 951 950
f 805 950 959
f 805 959 814
f 805 815 806
f 805 814 815
f 806 816 807
f 806 815 816
f 808 960 952
f 808 817 960
f 810 811 955
f 811 956 955
f 810 955 963
f 810 963 819
f 810 820 811
f 810 819 820
f 963 964 820
f 963 820 819
f 811 812 956
f 812 957 956
f 811 821 812
f 811 820 821
f 964 965 821
f 964 821 820
f 812 813 957
f 813 958 957
f 813 814 958
f 814 959 958
f 817 966 960
f 817 826 966
f 821 965 970
f 821 970 827
f 821 828 822
f 821 827 828
f 970 971 828
f 970 828 827
f 822 829 823
f 822 828 829
f 971 972 829
f 971 829 828
f 823 830 824
f 823 829 830
f 972 973 830
f 972 830 829
f 824 831 825
f 824 830 831
f 826 974 966
f 826 832 974
f 830 973 981
f 830 981 833
f 830 834 831
f 830 833 834
f 981 982 834
f 981 834 833
f 832 983 974
f 832 836 983
f 834 982 985
f 834 985 837
f 834 838 835
f 834 837 838
f 985 986 838
f 985 838 837
f 987 988 840
f 987 840 839
f 836 988 983
f 836 840 988
f 838 986 990
f 838 990 841
f 990 991 842
f 990 842 841
f 992 993 845
f 992 845 844
f 839 993 987
f 839 845 993
f 842 991 995
f 842 995 846
f 842 847 843
f 842 846 847
f 995 996 847
f 995 847 846
f 996 997 848
f 996 848 847
f 997 998 849
f 997 849 848
f 998 999 850
f 998 850 849
f 844 999 992
f 844 850 999
f 852 853 1001
f 853 1002 1001
f 852 1001 1013
f 852 1013 864
f 853 854 1002
f 854 1003 1002
f 854 855 1003
f 855 1004 1003
f 855 856 1004
f 856 1005 1004
f 856 857 1005
f 857 1006 1005
f 857 858 1006
f 858 1007 1006
f 858 859 1007
f 859 1008 1007
f 859 860 1008
f 860 1009 1008
f 860 861 1009
f 861 1010 1009
f 1009 1010 1014
f 1010 1015 1014
f 861 1015 1010
f 861 865 1015
f 862 863 1011
f 863 1012 1011
f 1011 1012 1017
f 1012 1018 1017
f 862 1011 1017
f 862 1017 867
f 863 864 1012
f 864 1013 1012
f 1014 1015 1019
f 1015 1020 1019
f 865 1020 1015
f 865 868 1020
f 866 867 1016
f 867 1017 1016
f 1016 1017 1023
f 1017 1024 1023
f 866 1016 1023
f 866 1023 872
f 1019 1020 1025
f 1020 1026 1025
f 868 869 1020
f 869 1021 1020
f 1020 1021 1026
f 1021 1027 1026
f 869 1027 1021
f 869 873 1027
f 871 872 1022
f 872 1023 1022
f 1022 1023 1028
f 1023 1029 1028
f 871 1022 1028
f 871 1028 875
f 1023 1024 1029
f 1024 1030 1029
f 873 1032 1027
f 873 876 1032
f 1028 1029 1033
f 1029 1034 1033
f 875 1028 1033
f 875 1033 878
f 1033 1034 879
f 1033 879 878
f 1029 1030 1034
f 1030 1035 1034
f 1030 1031 1035
f 1031 1036 1035
f 876 1039 1032
f 876 880 1039
f 1034 1035 1043
f 1035 1044 1043
f 879 1034 1043
f 879 1043 884
f 1035 1036 1044
f 1036 1045 1044
f 1036 1037 1045
f 1037 1046 1045
f 1037 1038 1046
f 1038 1047 1046
f 880 881 1039
f 881 1040 1039
f 881 882 1040
f 882 1041 1040
f 1040 1041 1051
f 1041 1052 1051
f 882 1052 1041
f 882 885 1052
f 883 884 1042
f 884 1043 1042
f 1042 1043 1053
f 1043 1054 1053
f 883 1042 1053
f 883 1053 886
f 1043 1044 1054
f 1044 1055 1054
f 1044 1045 1055
f 1045 1056 1055
f 1045 1046 1056
f 1046 1057 1056
f 1046 1047 1057
f 1047 1058 1057
f 1047 1048 1058
f 1048 1059 1058
f 1048 1049 1059
f 1049 1060 1059
f 1049 1050 1060
f 1050 1061 1060
f 1051 1052 1062
f 1052 1063 1062
f 885 1063 1052
f 885 887 1063
f 1053 1054 1066
f 1054 1067 1066
f 886 1053 1066
f 886 1066 890
f 1054 1055 1067
f 1055 1068 1067
f 1055 1056 1068
f 1056 1069 1068
f 1056 1057 1069
f 1057 1070 1069
f 1057 1058 1070
f 1058 1071 1070
f 1070 1071 892
f 1070 892 891
f 1058 1059 1071
f 1059 1072 1071
f 1071 1072 893
f 1071 893 892
f 1059 1060 1072
f 1060 1073 1072
f 1072 1073 894
f 1072 894 893
f 1060 1061 1073
f 1061 1074 1073
f 1073 1074 895
f 1073 895 894
f 887 888 1063
f 888 1064 1063
f 1063 1064 1076
f 1064 1077 1076
f 888 1077 1064
f 888 896 1077
f 889 890 1065
f 890 1066 1065
f 1065 1066 1078
f 1066 1079 1078
f 889 1065 1078
f 889 1078 897
f 889 898 890
f 889 897 898
f 1078 1079 898
f 1078 898 897
f 1066 1067 1079
f 1067 1080 1079
f 1067 1068 1080
f 1068 1081 1080
f 1068 1069 1081
f 1069 1082 1081
f 1069 1070 1082
f 1070 1083 1082
f 891 1083 1070
f 891 902 1083
f 1074 1075 1085
f 1075 1086 1085
f 895 1074 1085
f 895 1085 906
f 1076 1077 1087
f 1077 1088 1087
f 896 1088 1077
f 896 907 1088
f 1079 1080 1089
f 1080 1090 1089
f 898 1079 1089
f 898 1089 908
f 898 909 899
f 898 908 909
f 1089 1090 909
f 1089 909 908
f 1080 1081 1090
f 1081 1091 1090
f 899 910 900
f 899 909 910
f 1090 1091 910
f 1090 910 909
f 1081 1082 1091
f 1082 1092 1091
f 900 911 901
f 900 910 911
f 1091 1092 911
f 1091 911 910
f 1082 1083 1092
f 1083 1093 1092
f 1092 1093 912
f 1092 912 911
f 902 903 1083
f 903 1084 1083
f 1083 1084 1093
f 1084 1094 1093
f 1093 1094 913
f 1093 913 912
f 903 1094 1084
f 903 913 1094
f 1085 1086 1095
f 1086 1096 1095
f 906 1085 1095
f 906 1095 916
f 1095 1096 917
f 1095 917 916
f 1087 1088 1098
f 1088 1099 1098
f 907 1099 1088
f 907 918 1099
f 1096 1097 1101
f 1097 1102 1101
f 917 1096 1101
f 917 1101 920
f 918 1103 1099
f 918 922 1103
f 919 920 1100
f 920 1101 1100
f 1100 1101 1105
f 1101 1106 1105
f 919 1100 1105
f 919 1105 924
f 919 925 920
f 919 924 925
f 1105 1106 925
f 1105 925 924
f 1101 1102 1106
f 1102 1107 1106
f 920 926 921
f 920 925 926
f 1106 1107 926
f 1106 926 925
f 922 923 1103
f 923 1104 1103
f 923 1108 1104
f 923 927 1108
f 926 1107 1111
f 926 1111 930
f 927 1112 1108
f 927 931 1112
f 928 929 1109
f 929 1110 1109
f 1109 1110 1114
f 1110 1115 1114
f 928 1109 1114
f 928 1114 933
f 928 934 929
f 928 933 934
f 1114 1115 934
f 1114 934 933
f 929 930 1110
f 930 1111 1110
f 929 935 930
f 929 934 935
f 931 932 1112
f 932 1113 1112
f 932 1116 1113
f 932 937 1116
f 934 1115 1121
f 934 1121 942
f 934 943 935
f 934 942 943
f 935 944 936
f 935 943 944
f 937 1122 1116
f 937 945 1122
f 938 939 1117
f 939 1118 1117
f 1117 1118 1123
f 1118 1124 1123
f 938 1117 1123
f 938 1123 946
f 938 947 939
f 938 946 947
f 1123 1124 947
f 1123 947 946
f 939 940 1118
f 940 1119 1118
f 939 948 940
f 939 947 948
f 940 941 1119
f 941 1120 1119
f 940 949 941
f 940 948 949
f 941 942 1120
f 942 1121 1120
f 941 950 942
f 941 949 950
f 942 951 943
f 942 950 951
f 945 1125 1122
f 945 952 1125
f 947 1124 1129
f 947 1129 956
f 947 957 948
f 947 956 957
f 948 958 949
f 948 957 958
f 949 959 950
f 949 958 959
f 952 953 1125
f 953 1126 1125
f 1125 1126 1130
f 1126 1131 1130
f 952 961 953
f 952 960 961
f 1130 1131 961
f 1130 961 960
f 953 1131 1126
f 953 961 1131
f 954 955 1127
f 955 1128 1127
f 954 1127 1132
f 954 1132 962
f 954 963 955
f 954 962 963
f 1132 1133 963
f 1132 963 962
f 955 956 1128
f 956 1129 1128
f 960 1134 1130
f 960 966 1134
f 963 1133 1136
f 963 1136 968
f 963 969 964
f 963 968 969
f 964 970 965
f 964 969 970
f 966 967 1134
f 967 1135 1134
f 1134 1135 1138
f 1135 1139 1138
f 966 975 967
f 966 974 975
f 1138 1139 975
f 1138 975 974
f 967 1139 1135
f 967 975 1139
f 1136 1137 1140
f 1137 1141 1140
f 968 1136 1140
f 968 1140 976
f 968 977 969
f 968 976 977
f 1140 1141 977
f 1140 977 976
f 969 978 970
f 969 977 978
f 1141 1142 978
f 1141 978 977
f 970 979 971
f 970 978 979
f 1142 1143 979
f 1142 979 978
f 971 980 972
f 971 979 980
f 1143 1144 980
f 1143 980 979
f 972 981 973
f 972 980 981
f 1144 1145 981
f 1144 981 980
f 974 1146 1138
f 974 983 1146
f 981 1145 1148
f 981 1148 984
f 981 985 982
f 981 984 985
f 1148 1149 985
f 1148 985 984
f 983 1151 1146
f 983 988 1151
f 1149 1150 1152
f 1150 1153 1152
f 985 1149 1152
f 985 1152 989
f 985 990 986
f 985 989 990
f 1152 1153 990
f 1152 990 989
f 1153 1154 991
f 1153 991 990
f 987 994 988
f 987 993 994
f 1155 1156 994
f 1155 994 993
f 988 1156 1151
f 988 994 1156
f 991 1154 1158
f 991 1158 995
f 1158 1159 996
f 1158 996 995
f 1159 1160 997
f 1159 997 996
f 1160 1161 998
f 1160 998 997
f 1161 1162 999
f 1161 999 998
f 992 1000 993
f 992 999 1000
f 1162 1163 1000
f 1162 1000 999
f 993 1163 1155
f 993 1000 1163
f 1001 1002 1164
f 1002 1165 1164
f 1001 1164 1174
f 1001 1174 1013
f 1002 1003 1165
f 1003 1166 1165
f 1003 1004 1166
f 1004 1167 1166
f 1004 1005 1167
f 1005 1168 1167
f 1005 1006 1168
f 1006 1169 1168
f 1006 1007 1169
f 1007 1170 1169
f 1007 1008 1170
f 1008 1171 1170
f 1008 1009 1171
f 1009 1172 1171
f 1009 1175 1172
f 1009 1014 1175
f 1012 1013 1173
f 1013 1174 1173
f 1012 1173 1177
f 1012 1177 1018
f 1014 1179 1175
f 1014 1019 1179
f 1017 1018 1176
f 1018 1177 1176
f 1176 1177 1180
f 1177 1181 1180
f 1017 1176 1180
f 1017 1180 1024
f 1178 1179 1182
f 1179 1183 1182
f 1019 1183 1179
f 1019 1025 1183
f 1180 1181 1186
f 1181 1187 1186
f 1024 1180 1186
f 1024 1186 1030
f 1186 1187 1031
f 1186 1031 1030
f 1025 1026 1183
f 1026 1184 1183
f 1026 1027 1184
f 1027 1185 1184
f 1184 1185 1189
f 1185 1190 1189
f 1027 1190 1185
f 1027 1032 1190
f 1187 1188 1191
f 1188 1192 1191
f 1031 1187 1191
f 1031 1191 1036
f 1191 1192 1037
f 1191 1037 1036
f 1192 1193 1038
f 1192 1038 1037
f 1032 1196 1190
f 1032 1039 1196
f 1193 1194 1198
f 1194 1199 1198
f 1038 1193 1198
f 1038 1198 1047
f 1198 1199 1048
f 1198 1048 1047
f 1194 1195 1199
f 1195 1200 1199
f 1199 1200 1049
f 1199 1049 1048
f 1200 1201 1050
f 1200 1050 1049
f 1039 1040 1196
f 1040 1197 1196
f 1040 1202 1197
f 1040 1051 1202
f 1050 1201 1203
f 1050 1203 1061
f 1051 1204 1202
f 1051 1062 1204
f 1061 1203 1206
f 1061 1206 1074
f 1206 1207 1075
f 1206 1075 1074
f 1062 1063 1204
f 1063 1205 1204
f 1063 1208 1205
f 1063 1076 1208
f 1075 1207 1209
f 1075 1209 1086
f 1076 1210 1208
f 1076 1087 1210
f 1086 1209 1211
f 1086 1211 1096
f 1211 1212 1097
f 1211 1097 1096
f 1087 1213 1210
f 1087 1098 1213
f 1097 1212 1215
f 1097 1215 1102
f 1098 1099 1213
f 1099 1214 1213
f 1099 1217 1214
f 1099 1103 1217
f 1215 1216 1219
f 1216 1220 1219
f 1102 1215 1219
f 1102 1219 1107
f 1103 1104 1217
f 1104 1218 1217
f 1104 1221 1218
f 1104 1108 1221
f 1219 1220 1224
f 1220 1225 1224
f 1107 1219 1224
f 1107 1224 1111
f 1108 1226 1221
f 1108 1112 1226
f 1110 1111 1223
f 1111 1224 1223
f 1110 1223 1228
f 1110 1228 1115
f 1112 1113 1226
f 1113 1227 1226
f 1113 1230 1227
f 1113 1116 1230
f 1228 1229 1235
f 1229 1236 1235
f 1115 1228 1235
f 1115 1235 1121
f 1116 1237 1230
f 1116 1122 1237
f 1118 1119 1232
f 1119 1233 1232
f 1118 1232 1240
f 1118 1240 1124
f 1119 1120 1233
f 1120 1234 1233
f 1120 1121 1234
f 1121 1235 1234
f 1122 1241 1237
f 1122 1125 1241
f 1124 1240 1245
f 1124 1245 1129
f 1125 1246 1241
f 1125 1130 1246
f 1127 1128 1243
f 1128 1244 1243
f 1127 1243 1248
f 1127 1248 1132
f 1248 1249 1133
f 1248 1133 1132
f 1128 1129 1244
f 1129 1245 1244
f 1130 1250 1246
f 1130 1134 1250
f 1133 1249 1252
f 1133 1252 1136
f 1252 1253 1137
f 1252 1137 1136
f 1134 1254 1250
f 1134 1138 1254
f 1137 1253 1257
f 1137 1257 1141
f 1257 1258 1142
f 1257 1142 1141
f 1258 1259 1143
f 1258 1143 1142
f 1259 1260 1144
f 1259 1144 1143
f 1138 1261 1254
f 1138 1146 1261
f 1144 1260 1263
f 1144 1263 1147
f 1144 1148 1145
f 1144 1147 1148
f 1263 1264 1148
f 1263 1148 1147
f 1264 1265 1149
f 1264 1149 1148
f 1265 1266 1150
f 1265 1150 1149
f 1146 1267 1261
f 1146 1151 1267
f 1150 1266 1269
f 1150 1269 1153
f 1271 1272 1156
f 1271 1156 1155
f 1151 1272 1267
f 1151 1156 1272
f 1269 1270 1273
f 1270 1274 1273
f 1153 1269 1273
f 1153 1273 1157
f 1153 1158 1154
f 1153 1157 1158
f 1273 1274 1158
f 1273 1158 1157
f 1274 1275 1159
f 1274 1159 1158
f 1275 1276 1160
f 1275 1160 1159
f 1276 1277 1161
f 1276 1161 1160
f 1277 1278 1162
f 1277 1162 1161
f 1278 1279 1163
f 1278 1163 1162
f 1155 1279 1271
f 1155 1163 1279
f 1164 1165 1280
f 1165 1281 1280
f 1164 1280 1290
f 1164 1290 1174
f 1165 1166 1281
f 1166 1282 1281
f 1166 1167 1282
f 1167 1283 1282
f 1167 1168 1283
f 1168 1284 1283
f 1168 1169 1284
f 1169 1285 1284
f 1169 1170 1285
f 1170 1286 1285
f 1170 1171 1286
f 1171 1287 1286
f 1171 1172 1287
f 1172 1288 1287
f 1172 1291 1288
f 1172 1175 1291
f 1173 1174 1289
f 1174 1290 1289
f 1173 1289 1292
f 1173 1292 1177
f 1293 1294 1179
f 1293 1179 1178
f 1175 1294 1291
f 1175 1179 1294
f 1177 1292 1295
f 1177 1295 1181
f 1178 1297 1293
f 1178 1182 1297
f 1295 1296 1301
f 1296 1302 1301
f 1181 1295 1301
f 1181 1301 1187
f 1301 1302 1188
f 1301 1188 1187
f 1182 1183 1297
f 1183 1298 1297
f 1183 1184 1298
f 1184 1299 1298
f 1184 1303 1299
f 1184 1189 1303
f 1188 1302 1305
f 1188 1305 1192
f 1305 1306 1193
f 1305 1193 1192
f 1306 1307 1194
f 1306 1194 1193
f 1307 1308 1195
f 1307 1195 1194
f 1189 1190 1303
f 1190 1304 1303
f 1190 1309 1304
f 1190 1196 1309
f 1195 1308 1312
f 1195 1312 1200
f 1312 1313 1201
f 1312 1201 1200
f 1196 1197 1309
f 1197 1310 1309
f 1197 1314 1310
f 1197 1202 1314
f 1201 1313 1317
f 1201 1317 1203
f 1202 1318 1314
f 1202 1204 1318
f 1203 1317 1321
f 1203 1321 1206
f 1321 1322 1207
f 1321 1207 1206
f 1204 1205 1318
f 1205 1319 1318
f 1318 1319 1323
f 1319 1324 1323
f 1205 1324 1319
f 1205 1208 1324
f 1207 1322 1326
f 1207 1326 1209
f 1208 1327 1324
f 1208 1210 1327
f 1209 1326 1328
f 1209 1328 1211
f 1328 1329 1212
f 1328 1212 1211
f 1210 1330 1327
f 1210 1213 1330
f 1212 1329 1332
f 1212 1332 1215
f 1332 1333 1216
f 1332 1216 1215
f 1213 1214 1330
f 1214 1331 1330
f 1214 1334 1331
f 1214 1217 1334
f 1216 1333 1337
f 1216 1337 1220
f 1217 1218 1334
f 1218 1335 1334
f 1334 1335 1338
f 1335 1339 1338
f 1218 1339 1335
f 1218 1221 1339
f 1220 1337 1344
f 1220 1344 1225
f 1221 1222 1339
f 1222 1340 1339
f 1339 1340 1345
f 1340 1346 1345
f 1221 1227 1222
f 1221 1226 1227
f 1222 1346 1340
f 1222 1227 1346
f 1223 1224 1342
f 1224 1343 1342
f 1223 1342 1348
f 1223 1348 1228
f 1348 1349 1229
f 1348 1229 1228
f 1224 1225 1343
f 1225 1344 1343
f 1227 1350 1346
f 1227 1230 1350
f 1229 1349 1356
f 1229 1356 1236
f 1230 1357 1350
f 1230 1237 1357
f 1231 1232 1351
f 1232 1352 1351
f 1231 1351 1359
f 1231 1359 1239
f 1231 1240 1232
f 1231 1239 1240
f 1359 1360 1240
f 1359 1240 1239
f 1232 1233 1352
f 1233 1353 1352
f 1233 1234 1353
f 1234 1354 1353
f 1234 1235 1354
f 1235 1355 1354
f 1235 1236 1355
f 1236 1356 1355
f 1237 1238 1357
f 1238 1358 1357
f 1357 1358 1361
f 1358 1362 1361
f 1237 1242 1238
f 1237 1241 1242
f 1238 1362 1358
f 1238 1242 1362
f 1240 1360 1365
f 1240 1365 1245
f 1241 1247 1242
f 1241 1246 1247
f 1242 1367 1362
f 1242 1247 1367
f 1243 1244 1363
f 1244 1364 1363
f 1243 1363 1368
f 1243 1368 1248
f 1368 1369 1249
f 1368 1249 1248
f 1244 1245 1364
f 1245 1365 1364
f 1366 1367 1370
f 1367 1371 1370
f 1246 1251 1247
f 1246 1250 1251
f 1247 1371 1367
f 1247 1251 1371
f 1249 1369 1372
f 1249 1372 1252
f 1250 1255 1251
f 1250 1254 1255
f 1251 1375 1371
f 1251 1255 1375
f 1372 1373 1376
f 1373 1377 1376
f 1252 1372 1376
f 1252 1376 1256
f 1252 1257 1253
f 1252 1256 1257
f 1376 1377 1257
f 1376 1257 1256
f 1373 1374 1377
f 1374 1378 1377
f 1377 1378 1258
f 1377 1258 1257
f 1378 1379 1259
f 1378 1259 1258
f 1379 1380 1260
f 1379 1260 1259
f 1254 1262 1255
f 1254 1261 1262
f 1255 1383 1375
f 1255 1262 1383
f 1380 1381 1384
f 1381 1385 1384
f 1260 1380 1384
f 1260 1384 1263
f 1384 1385 1264
f 1384 1264 1263
f 1385 1386 1265
f 1385 1265 1264
f 1386 1387 1266
f 1386 1266 1265
f 1382 1383 1389
f 1383 1390 1389
f 1261 1268 1262
f 1261 1267 1268
f 1389 1390 1268
f 1389 1268 1267
f 1262 1390 1383
f 1262 1268 1390
f 1387 1388 1391
f 1388 1392 1391
f 1266 1387 1391
f 1266 1391 1269
f 1391 1392 1270
f 1391 1270 1269
f 1393 1394 1272
f 1393 1272 1271
f 1267 1394 1389
f 1267 1272 1394
f 1270 1392 1395
f 1270 1395 1274
f 1395 1396 1275
f 1395 1275 1274
f 1396 1397 1276
f 1396 1276 1275
f 1397 1398 1277
f 1397 1277 1276
f 1398 1399 1278
f 1398 1278 1277
f 1399 1400 1279
f 1399 1279 1278
f 1271 1400 1393
f 1271 1279 1400
f 1280 1281 1401
f 1281 1402 1401
f 1280 1401 1411
f 1280 1411 1290
f 1281 1282 1402
f 1282 1403 1402
f 1282 1283 1403
f 1283 1404 1403
f 1283 1284 1404
f 1284 1405 1404
f 1284 1285 1405
f 1285 1406 1405
f 1285 1286 1406
f 1286 1407 1406
f 1286 1287 1407
f 1287 1408 1407
f 1287 1288 1408
f 1288 1409 1408
f 1288 1412 1409
f 1288 1291 1412
f 1289 1290 1410
f 1290 1411 1410
f 1289 1410 1413
f 1289 1413 1292
f 1415 1416 1294
f 1415 1294 1293
f 1291 1416 1412
f 1291 1294 1416
f 1413 1414 1417
f 1414 1418 1417
f 1292 1413 1417
f 1292 1417 1295
f 1417 1418 1296
f 1417 1296 1295
f 1293 1419 1415
f 1293 1297 1419
f 1296 1418 1424
f 1296 1424 1302
f 1297 1298 1419
f 1298 1420 1419
f 1298 1299 1420
f 1299 1421 1420
f 1299 1300 1421
f 1300 1422 1421
f 1299 1304 1300
f 1299 1303 1304
f 1300 1425 1422
f 1300 1304 1425
f 1302 1424 1426
f 1302 1426 1305
f 1426 1427 1306
f 1426 1306 1305
f 1427 1428 1307
f 1427 1307 1306
f 1304 1430 1425
f 1304 1309 1430
f 1428 1429 1432
f 1429 1433 1432
f 1307 1428 1432
f 1307 1432 1311
f 1307 1312 1308
f 1307 1311 1312
f 1309 1310 1430
f 1310 1431 1430
f 1310 1434 1431
f 1310 1314 1434
f 1432 1433 1435
f 1433 1436 1435
f 1311 1432 1435
f 1311 1435 1315
f 1311 1316 1312
f 1311 1315 1316
f 1435 1436 1316
f 1435 1316 1315
f 1312 1317 1313
f 1312 1316 1317
f 1314 1437 1434
f 1314 1318 1437
f 1316 1436 1439
f 1316 1439 1320
f 1316 1321 1317
f 1316 1320 1321
f 1439 1440 1321
f 1439 1321 1320
f 1318 1441 1437
f 1318 1323 1441
f 1321 1440 1444
f 1321 1444 1325
f 1321 1326 1322
f 1321 1325 1326
f 1444 1445 1326
f 1444 1326 1325
f 1323 1324 1441
f 1324 1442 1441
f 1324 1446 1442
f 1324 1327 1446
f 1326 1445 1448
f 1326 1448 1328
f 1448 1449 1329
f 1448 1329 1328
f 1327 1450 1446
f 1327 1330 1450
f 1329 1449 1454
f 1329 1454 1332
f 1330 1331 1450
f 1331 1451 1450
f 1331 1455 1451
f 1331 1334 1455
f 1332 1454 1459
f 1332 1459 1336
f 1332 1337 1333
f 1332 1336 1337
f 1459 1460 1337
f 1459 1337 1336
f 1334 1461 1455
f 1334 1338 1461
f 1337 1460 1470
f 1337 1470 1344
f 1338 1339 1461
f 1339 1462 1461
f 1339 1471 1462
f 1339 1345 1471
f 1341 1342 1467
f 1342 1468 1467
f 1341 1467 1476
f 1341 1476 1347
f 1341 1348 1342
f 1341 1347 1348
f 1476 1477 1348
f 1476 1348 1347
f 1342 1343 1468
f 1343 1469 1468
f 1343 1344 1469
f 1344 1470 1469
f 1345 1346 1471
f 1346 1472 1471
f 1346 1478 1472
f 1346 1350 1478
f 1348 1477 1484
f 1348 1484 1355
f 1348 1356 1349
f 1348 1355 1356
f 1350 1485 1478
f 1350 1357 1485
f 1351 1352 1480
f 1352 1481 1480
f 1351 1480 1487
f 1351 1487 1359
f 1487 1488 1360
f 1487 1360 1359
f 1352 1353 1481
f 1353 1482 1481
f 1353 1354 1482
f 1354 1483 1482
f 1354 1355 1483
f 1355 1484 1483
f 1357 1489 1485
f 1357 1361 1489
f 1360 1488 1493
f 1360 1493 1365
f 1361 1362 1489
f 1362 1490 1489
f 1494 1495 1367
f 1494 1367 1366
f 1362 1495 1490
f 1362 1367 1495
f 1363 1364 1491
f 1364 1492 1491
f 1363 1491 1496
f 1363 1496 1368
f 1496 1497 1369
f 1496 1369 1368
f 1364 1365 1492
f 1365 1493 1492
f 1366 1499 1494
f 1366 1370 1499
f 1497 1498 1501
f 1498 1502 1501
f 1369 1497 1501
f 1369 1501 1372
f 1501 1502 1373
f 1501 1373 1372
f 1502 1503 1374
f 1502 1374 1373
f 1370 1371 1499
f 1371 1500 1499
f 1371 1504 1500
f 1371 1375 1504
f 1374 1503 1506
f 1374 1506 1378
f 1506 1507 1379
f 1506 1379 1378
f 1507 1508 1380
f 1507 1380 1379
f 1508 1509 1381
f 1508 1381 1380
f 1511 1512 1383
f 1511 1383 1382
f 1375 1512 1504
f 1375 1383 1512
f 1509 1510 1513
f 1510 1514 1513
f 1381 1509 1513
f 1381 1513 1385
f 1513 1514 1386
f 1513 1386 1385
f 1514 1515 1387
f 1514 1387 1386
f 1515 1516 1388
f 1515 1388 1387
f 1382 1518 1511
f 1382 1389 1518
f 1516 1517 1520
f 1517 1521 1520
f 1388 1516 1520
f 1388 1520 1392
f 1522 1523 1394
f 1522 1394 1393
f 1389 1523 1518
f 1389 1394 1523
f 1520 1521 1524
f 1521 1525 1524
f 1392 1520 1524
f 1392 1524 1395
f 1524 1525 1396
f 1524 1396 1395
f 1525 1526 1397
f 1525 1397 1396
f 1526 1527 1398
f 1526 1398 1397
f 1527 1528 1399
f 1527 1399 1398
f 1528 1529 1400
f 1528 1400 1399
f 1393 1529 1522
f 1393 1400 1529
f 1401 1402 1531
f 1402 1532 1531
f 1531 1532 1541
f 1532 1542 1541
f 1401 1531 1541
f 1401 1541 1411
f 1402 1403 1532
f 1403 1533 1532
f 1403 1404 1533
f 1404 1534 1533
f 1404 1405 1534
f 1405 1535 1534
f 1405 1406 1535
f 1406 1536 1535
f 1406 1407 1536
f 1407 1537 1536
f 1407 1408 1537
f 1408 1538 1537
f 1408 1409 1538
f 1409 1539 1538
f 1409 1543 1539
f 1409 1412 1543
f 1410 1411 1540
f 1411 1541 1540
f 1410 1540 1544
f 1410 1544 1413
f 1544 1545 1414
f 1544 1414 1413
f 1412 1547 1543
f 1412 1416 1547
f 1414 1545 1549
f 1414 1549 1418
f 1546 1547 1550
f 1547 1551 1550
f 1415 1420 1416
f 1415 1419 1420
f 1416 1551 1547
f 1416 1420 1551
f 1417 1418 1548
f 1418 1549 1548
f 1548 1549 1554
f 1549 1555 1554
f 1417 1548 1554
f 1417 1554 1423
f 1417 1424 1418
f 1417 1423 1424
f 1554 1555 1424
f 1554 1424 1423
f 1420 1421 1551
f 1421 1552 1551
f 1421 1422 1552
f 1422 1553 1552
f 1422 1556 1553
f 1422 1425 1556
f 1424 1555 1558
f 1424 1558 1426
f 1558 1559 1427
f 1558 1427 1426
f 1559 1560 1428
f 1559 1428 1427
f 1560 1561 1429
f 1560 1429 1428
f 1425 1562 1556
f 1425 1430 1562
f 1429 1561 1567
f 1429 1567 1433
f 1430 1431 1562
f 1431 1563 1562
f 1431 1568 1563
f 1431 1434 1568
f 1433 1567 1575
f 1433 1575 1436
f 1434 1576 1568
f 1434 1437 1576
f 1435 1436 1574
f 1436 1575 1574
f 1435 1574 1583
f 1435 1583 1438
f 1435 1439 1436
f 1435 1438 1439
f 1583 1584 1439
f 1583 1439 1438
f 1437 1585 1576
f 1437 1441 1585
f 1439 1584 1593
f 1439 1593 1443
f 1439 1444 1440
f 1439 1443 1444
f 1593 1594 1444
f 1593 1444 1443
f 1441 1442 1585
f 1442 1586 1585
f 1442 1595 1586
f 1442 1446 1595
f 1444 1594 1602
f 1444 1602 1447
f 1444 1448 1445
f 1444 1447 1448
f 1602 1603 1448
f 1602 1448 1447
f 1603 1604 1449
f 1603 1449 1448
f 1446 1605 1595
f 1446 1450 1605
f 1449 1604 1615
f 1449 1615 1454
f 1450 1451 1605
f 1451 1606 1605
f 1451 1616 1606
f 1451 1455 1616
f 1452 1453 1613
f 1453 1614 1613
f 1452 1613 1623
f 1452 1623 1457
f 1452 1458 1453
f 1452 1457 1458
f 1623 1624 1458
f 1623 1458 1457
f 1453 1454 1614
f 1454 1615 1614
f 1453 1459 1454
f 1453 1458 1459
f 1455 1456 1616
f 1456 1617 1616
f 1616 1617 1625
f 1617 1626 1625
f 1455 1462 1456
f 1455 1461 1462
f 1456 1626 1617
f 1456 1462 1626
f 1458 1624 1634
f 1458 1634 1468
f 1458 1469 1459
f 1458 1468 1469
f 1459 1470 1460
f 1459 1469 1470
f 1462 1463 1626
f 1463 1627 1626
f 1626 1627 1635
f 1627 1636 1635
f 1462 1472 1463
f 1462 1471 1472
f 1463 1636 1627
f 1463 1472 1636
f 1464 1465 1630
f 1465 1631 1630
f 1464 1630 1638
f 1464 1638 1473
f 1464 1474 1465
f 1464 1473 1474
f 1638 1639 1474
f 1638 1474 1473
f 1465 1466 1631
f 1466 1632 1631
f 1465 1475 1466
f 1465 1474 1475
f 1639 1640 1475
f 1639 1475 1474
f 1466 1467 1632
f 1467 1633 1632
f 1466 1476 1467
f 1466 1475 1476
f 1467 1468 1633
f 1468 1634 1633
f 1472 1641 1636
f 1472 1478 1641
f 1475 1640 1646
f 1475 1646 1482
f 1475 1483 1476
f 1475 1482 1483
f 1476 1484 1477
f 1476 1483 1484
f 1478 1479 1641
f 1479 1642 1641
f 1641 1642 1647
f 1642 1648 1647
f 1478 1486 1479
f 1478 1485 1486
f 1479 1648 1642
f 1479 1486 1648
f 1480 1481 1644
f 1481 1645 1644
f 1480 1644 1650
f 1480 1650 1487
f 1650 1651 1488
f 1650 1488 1487
f 1481 1482 1645
f 1482 1646 1645
f 1647 1648 1652
f 1648 1653 1652
f 1485 1490 1486
f 1485 1489 1490
f 1486 1653 1648
f 1486 1490 1653
f 1488 1651 1656
f 1488 1656 1493
f 1490 1657 1653
f 1490 1495 1657
f 1491 1492 1654
f 1492 1655 1654
f 1491 1654 1658
f 1491 1658 1496
f 1658 1659 1497
f 1658 1497 1496
f 1492 1493 1655
f 1493 1656 1655
f 1659 1660 1498
f 1659 1498 1497
f 1494 1500 1495
f 1494 1499 1500
f 1495 1661 1657
f 1495 1500 1661
f 1498 1660 1663
f 1498 1663 1502
f 1500 1665 1661
f 1500 1504 1665
f 1663 1664 1666
f 1664 1667 1666
f 1502 1663 1666
f 1502 1666 1505
f 1502 1506 1503
f 1502 1505 1506
f 1666 1667 1506
f 1666 1506 1505
f 1667 1668 1507
f 1667 1507 1506
f 1668 1669 1508
f 1668 1508 1507
f 1669 1670 1509
f 1669 1509 1508
f 1670 1671 1510
f 1670 1510 1509
f 1504 1672 1665
f 1504 1512 1672
f 1510 1671 1673
f 1510 1673 1514
f 1673 1674 1515
f 1673 1515 1514
f 1674 1675 1516
f 1674 1516 1515
f 1675 1676 1517
f 1675 1517 1516
f 1511 1519 1512
f 1511 1518 1519
f 1677 1678 1519
f 1677 1519 1518
f 1512 1678 1672
f 1512 1519 1678
f 1517 1676 1679
f 1517 1679 1521
f 1518 1682 1677
f 1518 1523 1682
f 1679 1680 1683
f 1680 1684 1683
f 1521 1679 1683
f 1521 1683 1525
f 1683 1684 1526
f 1683 1526 1525
f 1684 1685 1527
f 1684 1527 1526
f 1685 1686 1528
f 1685 1528 1527
f 1686 1687 1529
f 1686 1529 1528
f 1681 1682 1687
f 1682 1688 1687
f 1522 1530 1523
f 1522 1529 1530
f 1687 1688 1530
f 1687 1530 1529
f 1523 1688 1682
f 1523 1530 1688
f 1532 1533 1689
f 1533 1690 1689
f 1532 1689 1699
f 1532 1699 1542
f 1533 1534 1690
f 1534 1691 1690
f 1534 1535 1691
f 1535 1692 1691
f 1535 1536 1692
f 1536 1693 1692
f 1536 1537 1693
f 1537 1694 1693
f 1537 1538 1694
f 1538 1695 1694
f 1538 1539 1695
f 1539 1696 1695
f 1695 1696 1700
f 1696 1701 1700
f 1539 1701 1696
f 1539 1543 1701
f 1540 1541 1697
f 1541 1698 1697
f 1697 1698 1703
f 1698 1704 1703
f 1540 1697 1703
f 1540 1703 1544
f 1541 1542 1698
f 1542 1699 1698
f 1705 1706 1547
f 1705 1547 1546
f 1543 1706 1701
f 1543 1547 1706
f 1703 1704 1708
f 1704 1709 1708
f 1544 1703 1708
f 1544 1708 1548
f 1544 1549 1545
f 1544 1548 1549
f 1708 1709 1549
f 1708 1549 1548
f 1546 1710 1705
f 1546 1550 1710
f 1549 1709 1714
f 1549 1714 1555
f 1550 1551 1710
f 1551 1711 1710
f 1551 1552 1711
f 1552 1712 1711
f 1552 1553 1712
f 1553 1713 1712
f 1553 1715 1713
f 1553 1556 1715
f 1555 1714 1717
f 1555 1717 1558
f 1556 1557 1715
f 1557 1716 1715
f 1556 1563 1557
f 1556 1562 1563
f 1557 1720 1716
f 1557 1563 1720
f 1717 1718 1722
f 1718 1723 1722
f 1558 1717 1722
f 1558 1722 1564
f 1558 1565 1559
f 1558 1564 1565
f 1718 1719 1723
f 1719 1724 1723
f 1559 1566 1560
f 1559 1565 1566
f 1560 1567 1561
f 1560 1566 1567
f 1563 1725 1720
f 1563 1568 1725
f 1722 1723 1730
f 1723 1731 1730
f 1564 1722 1730
f 1564 1730 1572
f 1564 1573 1565
f 1564 1572 1573
f 1723 1724 1731
f 1724 1732 1731
f 1565 1574 1566
f 1565 1573 1574
f 1566 1575 1567
f 1566 1574 1575
f 1568 1733 1725
f 1568 1576 1733
f 1569 1570 1727
f 1570 1728 1727
f 1569 1727 1735
f 1569 1735 1578
f 1569 1579 1570
f 1569 1578 1579
f 1570 1571 1728
f 1571 1729 1728
f 1570 1580 1571
f 1570 1579 1580
f 1571 1572 1729
f 1572 1730 1729
f 1571 1581 1572
f 1571 1580 1581
f 1572 1582 1573
f 1572 1581 1582
f 1573 1583 1574
f 1573 1582 1583
f 1576 1577 1733
f 1577 1734 1733
f 1576 1586 1577
f 1576 1585 1586
f 1577 1736 1734
f 1577 1586 1736
f 1578 1735 1737
f 1578 1737 1587
f 1578 1588 1579
f 1578 1587 1588
f 1737 1738 1588
f 1737 1588 1587
f 1579 1589 1580
f 1579 1588 1589
f 1580 1590 1581
f 1580 1589 1590
f 1581 1591 1582
f 1581 1590 1591
f 1582 1592 1583
f 1582 1591 1592
f 1583 1593 1584
f 1583 1592 1593
f 1586 1739 1736
f 1586 1595 1739
f 1588 1738 1742
f 1588 1742 1596
f 1588 1597 1589
f 1588 1596 1597
f 1589 1598 1590
f 1589 1597 1598
f 1590 1599 1591
f 1590 1598 1599
f 1591 1600 1592
f 1591 1599 1600
f 1592 1601 1593
f 1592 1600 1601
f 1593 1602 1594
f 1593 1601 1602
f 1595 1743 1739
f 1595 1605 1743
f 1596 1742 1745
f 1596 1745 1607
f 1596 1608 1597
f 1596 1607 1608
f 1745 1746 1608
f 1745 1608 1607
f 1597 1609 1598
f 1597 1608 1609
f 1598 1610 1599
f 1598 1609 1610
f 1599 1611 1600
f 1599 1610 1611
f 1600 1612 1601
f 1600 1611 1612
f 1601 1613 1602
f 1601 1612 1613
f 1602 1614 1603
f 1602 1613 1614
f 1603 1615 1604
f 1603 1614 1615
f 1605 1606 1743
f 1606 1744 1743
f 1606 1747 1744
f 1606 1616 1747
f 1608 1746 1750
f 1608 1750 1618
f 1608 1619 1609
f 1608 1618 1619
f 1609 1620 1610
f 1609 1619 1620
f 1610 1621 1611
f 1610 1620 1621
f 1611 1622 1612
f 1611 1621 1622
f 1612 1623 1613
f 1612 1622 1623
f 1616 1751 1747
f 1616 1625 1751
f 1618 1750 1754
f 1618 1754 1628
f 1618 1629 1619
f 1618 1628 1629
f 1754 1755 1629
f 1754 1629 1628
f 1619 1630 1620
f 1619 1629 1630
f 1620 1631 1621
f 1620 1630 1631
f 1621 1632 1622
f 1621 1631 1632
f 1622 1633 1623
f 1622 1632 1633
f 1623 1634 1624
f 1623 1633 1634
f 1625 1626 1751
f 1626 1752 1751
f 1626 1756 1752
f 1626 1635 1756
f 1629 1755 1760
f 1629 1760 1637
f 1629 1638 1630
f 1629 1637 1638
f 1635 1636 1756
f 1636 1757 1756
f 1636 1761 1757
f 1636 1641 1761
f 1637 1760 1764
f 1637 1764 1643
f 1637 1644 1638
f 1637 1643 1644
f 1638 1645 1639
f 1638 1644 1645
f 1639 1646 1640
f 1639 1645 1646
f 1641 1765 1761
f 1641 1647 1765
f 1643 1764 1768
f 1643 1768 1649
f 1643 1650 1644
f 1643 1649 1650
f 1768 1769 1650
f 1768 1650 1649
f 1647 1770 1765
f 1647 1652 1770
f 1650 1769 1773
f 1650 1773 1655
f 1650 1656 1651
f 1650 1655 1656
f 1652 1653 1770
f 1653 1771 1770
f 1653 1775 1771
f 1653 1657 1775
f 1654 1655 1772
f 1655 1773 1772
f 1654 1772 1776
f 1654 1776 1658
f 1776 1777 1659
f 1776 1659 1658
f 1774 1775 1778
f 1775 1779 1778
f 1657 1779 1775
f 1657 1661 1779
f 1659 1777 1780
f 1659 1780 1662
f 1659 1663 1660
f 1659 1662 1663
f 1780 1781 1663
f 1780 1663 1662
f 1781 1782 1664
f 1781 1664 1663
f 1661 1783 1779
f 1661 1665 1783
f 1664 1782 1784
f 1664 1784 1667
f 1784 1785 1668
f 1784 1668 1667
f 1785 1786 1669
f 1785 1669 1668
f 1786 1787 1670
f 1786 1670 1669
f 1787 1788 1671
f 1787 1671 1670
f 1665 1790 1783
f 1665 1672 1790
f 1788 1789 1791
f 1789 1792 1791
f 1671 1788 1791
f 1671 1791 1673
f 1791 1792 1674
f 1791 1674 1673
f 1792 1793 1675
f 1792 1675 1674
f 1793 1794 1676
f 1793 1676 1675
f 1797 1798 1678
f 1797 1678 1677
f 1672 1798 1790
f 1672 1678 1798
f 1794 1795 1799
f 1795 1800 1799
f 1676 1794 1799
f 1676 1799 1679
f 1799 1800 1680
f 1799 1680 1679
f 1795 1796 1800
f 1796 1801 1800
f 1802 1803 1682
f 1802 1682 1681
f 1677 1803 1797
f 1677 1682 1803
f 1800 1801 1804
f 1801 1805 1804
f 1680 1800 1804
f 1680 1804 1684
f 1804 1805 1685
f 1804 1685 1684
f 1805 1806 1686
f 1805 1686 1685
f 1806 1807 1687
f 1806 1687 1686
f 1681 1807 1802
f 1681 1687 1807
f 1689 1690 1808
f 1690 1809 1808
f 1808 1809 1817
f 1809 1818 1817
f 1689 1808 1817
f 1689 1817 1699
f 1690 1691 1809
f 1691 1810 1809
f 1809 1810 1818
f 1810 1819 1818
f 1691 1692 1810
f 1692 1811 1810
f 1692 1693 1811
f 1693 1812 1811
f 1693 1694 1812
f 1694 1813 1812
f 1694 1695 1813
f 1695 1814 1813
f 1813 1814 1820
f 1814 1821 1820
f 1695 1821 1814
f 1695 1700 1821
f 1698 1699 1816
f 1699 1817 1816
f 1698 1816 1825
f 1698 1825 1704
f 1700 1701 1821
f 1701 1822 1821
f 1826 1827 1706
f 1826 1706 1705
f 1701 1702 1822
f 1702 1823 1822
f 1701 1707 1702
f 1701 1706 1707
f 1827 1828 1707
f 1827 1707 1706
f 1702 1828 1823
f 1702 1707 1828
f 1704 1825 1830
f 1704 1830 1709
f 1705 1831 1826
f 1705 1710 1831
f 1709 1830 1837
f 1709 1837 1714
f 1710 1711 1831
f 1711 1832 1831
f 1711 1712 1832
f 1712 1833 1832
f 1712 1713 1833
f 1713 1834 1833
f 1713 1838 1834
f 1713 1715 1838
f 1714 1837 1842
f 1714 1842 1717
f 1842 1843 1718
f 1842 1718 1717
f 1843 1844 1719
f 1843 1719 1718
f 1715 1716 1838
f 1716 1839 1838
f 1716 1845 1839
f 1716 1720 1845
f 1719 1844 1850
f 1719 1850 1724
f 1720 1721 1845
f 1721 1846 1845
f 1720 1726 1721
f 1720 1725 1726
f 1721 1851 1846
f 1721 1726 1851
f 1724 1850 1857
f 1724 1857 1732
f 1725 1734 1726
f 1725 1733 1734
f 1726 1858 1851
f 1726 1734 1858
f 1727 1728 1852
f 1728 1853 1852
f 1727 1852 1860
f 1727 1860 1735
f 1728 1729 1853
f 1729 1854 1853
f 1729 1730 1854
f 1730 1855 1854
f 1730 1731 1855
f 1731 1856 1855
f 1731 1732 1856
f 1732 1857 1856
f 1734 1861 1858
f 1734 1736 1861
f 1735 1860 1864
f 1735 1864 1737
f 1736 1865 1861
f 1736 1739 1865
f 1737 1864 1868
f 1737 1868 1741
f 1737 1742 1738
f 1737 1741 1742
f 1868 1869 1742
f 1868 1742 1741
f 1739 1740 1865
f 1740 1866 1865
f 1739 1744 1740
f 1739 1743 1744
f 1740 1870 1866
f 1740 1744 1870
f 1742 1869 1873
f 1742 1873 1745
f 1744 1874 1870
f 1744 1747 1874
f 1745 1873 1877
f 1745 1877 1749
f 1745 1750 1746
f 1745 1749 1750
f 1747 1748 1874
f 1748 1875 1874
f 1874 1875 1878
f 1875 1879 1878
f 1747 1752 1748
f 1747 1751 1752
f 1748 1879 1875
f 1748 1752 1879
f 1749 1877 1881
f 1749 1881 1753
f 1749 1754 1750
f 1749 1753 1754
f 1752 1883 1879
f 1752 1756 1883
f 1881 1882 1885
f 1882 1886 1885
f 1753 1881 1885
f 1753 1885 1758
f 1753 1759 1754
f 1753 1758 1759
f 1885 1886 1759
f 1885 1759 1758
f 1754 1760 1755
f 1754 1759 1760
f 1886 1887 1760
f 1886 1760 1759
f 1756 1757 1883
f 1757 1884 1883
f 1757 1888 1884
f 1757 1761 1888
f 1760 1887 1891
f 1760 1891 1764
f 1761 1762 1888
f 1762 1889 1888
f 1888 1889 1892
f 1889 1893 1892
f 1761 1766 1762
f 1761 1765 1766
f 1892 1893 1766
f 1892 1766 1765
f 1762 1893 1889
f 1762 1766 1893
f 1763 1764 1890
f 1764 1891 1890
f 1763 1890 1894
f 1763 1894 1767
f 1763 1768 1764
f 1763 1767 1768
f 1894 1895 1768
f 1894 1768 1767
f 1765 1896 1892
f 1765 1770 1896
f 1768 1895 1898
f 1768 1898 1772
f 1768 1773 1769
f 1768 1772 1773
f 1770 1771 1896
f 1771 1897 1896
f 1896 1897 1899
f 1897 1900 1899
f 1899 1900 1775
f 1899 1775 1774
f 1771 1900 1897
f 1771 1775 1900
f 1772 1898 1901
f 1772 1901 1776
f 1901 1902 1777
f 1901 1777 1776
f 1774 1903 1899
f 1774 1778 1903
f 1777 1902 1905
f 1777 1905 1780
f 1905 1906 1781
f 1905 1781 1780
f 1906 1907 1782
f 1906 1782 1781
f 1778 1779 1903
f 1779 1904 1903
f 1779 1910 1904
f 1779 1783 1910
f 1907 1908 1911
f 1908 1912 1911
f 1782 1907 1911
f 1782 1911 1784
f 1911 1912 1785
f 1911 1785 1784
f 1908 1909 1912
f 1909 1913 1912
f 1912 1913 1786
f 1912 1786 1785
f 1913 1914 1787
f 1913 1787 1786
f 1914 1915 1788
f 1914 1788 1787
f 1915 1916 1789
f 1915 1789 1788
f 1783 1918 1910
f 1783 1790 1918
f 1916 1917 1919
f 1917 1920 1919
f 1789 1916 1919
f 1789 1919 1792
f 1919 1920 1793
f 1919 1793 1792
f 1920 1921 1794
f 1920 1794 1793
f 1921 1922 1795
f 1921 1795 1794
f 1922 1923 1796
f 1922 1796 1795
f 1926 1927 1798
f 1926 1798 1797
f 1790 1927 1918
f 1790 1798 1927
f 1923 1924 1928
f 1924 1929 1928
f 1796 1923 1928
f 1796 1928 1801
f 1924 1925 1929
f 1925 1930 1929
f 1925 1926 1930
f 1926 1931 1930
f 1930 1931 1803
f 1930 1803 1802
f 1797 1931 1926
f 1797 1803 1931
f 1928 1929 1932
f 1929 1933 1932
f 1801 1928 1932
f 1801 1932 1805
f 1932 1933 1806
f 1932 1806 1805
f 1929 1930 1933
f 1930 1934 1933
f 1933 1934 1807
f 1933 1807 1806
f 1802 1934 1930
f 1802 1807 1934
f 1810 1811 1935
f 1811 1936 1935
f 1935 1936 1943
f 1936 1944 1943
f 1810 1935 1943
f 1810 1943 1819
f 1811 1812 1936
f 1812 1937 1936
f 1812 1813 1937
f 1813 1938 1937
f 1813 1945 1938
f 1813 1820 1945
f 1815 1816 1939
f 1816 1940 1939
f 1815 1939 1949
f 1815 1949 1824
f 1815 1825 1816
f 1815 1824 1825
f 1816 1817 1940
f 1817 1941 1940
f 1817 1818 1941
f 1818 1942 1941
f 1818 1819 1942
f 1819 1943 1942
f 1820 1821 1945
f 1821 1946 1945
f 1821 1822 1946
f 1822 1947 1946
f 1950 1951 1827
f 1950 1827 1826
f 1822 1823 1947
f 1823 1948 1947
f 1951 1952 1828
f 1951 1828 1827
f 1823 1952 1948
f 1823 1828 1952
f 1824 1949 1954
f 1824 1954 1829
f 1824 1830 1825
f 1824 1829 1830
f 1826 1955 1950
f 1826 1831 1955
f 1829 1954 1960
f 1829 1960 1836
f 1829 1837 1830
f 1829 1836 1837
f 1831 1832 1955
f 1832 1956 1955
f 1832 1833 1956
f 1833 1957 1956
f 1833 1834 1957
f 1834 1958 1957
f 1834 1835 1958
f 1835 1959 1958
f 1834 1839 1835
f 1834 1838 1839
f 1835 1961 1959
f 1835 1839 1961
f 1836 1960 1963
f 1836 1963 1841
f 1836 1842 1837
f 1836 1841 1842
f 1839 1840 1961
f 1840 1962 1961
f 1839 1846 1840
f 1839 1845 1846
f 1840 1964 1962
f 1840 1846 1964
f 1841 1963 1965
f 1841 1965 1847
f 1841 1848 1842
f 1841 1847 1848
f 1842 1849 1843
f 1842 1848 1849
f 1843 1850 1844
f 1843 1849 1850
f 1846 1966 1964
f 1846 1851 1966
f 1847 1965 1970
f 1847 1970 1854
f 1847 1855 1848
f 1847 1854 1855
f 1848 1856 1849
f 1848 1855 1856
f 1849 1857 1850
f 1849 1856 1857
f 1851 1971 1966
f 1851 1858 1971
f 1852 1853 1968
f 1853 1969 1968
f 1852 1968 1973
f 1852 1973 1860
f 1853 1854 1969
f 1854 1970 1969
f 1858 1974 1971
f 1858 1861 1974
f 1859 1860 1972
f 1860 1973 1972
f 1859 1972 1976
f 1859 1976 1863
f 1859 1864 1860
f 1859 1863 1864
f 1861 1862 1974
f 1862 1975 1974
f 1974 1975 1977
f 1975 1978 1977
f 1861 1866 1862
f 1861 1865 1866
f 1862 1978 1975
f 1862 1866 1978
f 1863 1976 1979
f 1863 1979 1867
f 1863 1868 1864
f 1863 1867 1868
f 1977 1978 1981
f 1978 1982 1981
f 1866 1982 1978
f 1866 1870 1982
f 1979 1980 1983
f 1980 1984 1983
f 1867 1979 1983
f 1867 1983 1871
f 1867 1872 1868
f 1867 1871 1872
f 1983 1984 1872
f 1983 1872 1871
f 1868 1873 1869
f 1868 1872 1873
f 1870 1985 1982
f 1870 1874 1985
f 1872 1984 1986
f 1872 1986 1876
f 1872 1877 1873
f 1872 1876 1877
f 1874 1987 1985
f 1874 1878 1987
f 1876 1986 1989
f 1876 1989 1880
f 1876 1881 1877
f 1876 1880 1881
f 1989 1990 1881
f 1989 1881 1880
f 1990 1991 1882
f 1990 1882 1881
f 1878 1879 1987
f 1879 1988 1987
f 1879 1992 1988
f 1879 1883 1992
f 1882 1991 1995
f 1882 1995 1886
f 1883 1884 1992
f 1884 1993 1992
f 1992 1993 1996
f 1993 1997 1996
f 1884 1997 1993
f 1884 1888 1997
f 1886 1995 1998
f 1886 1998 1890
f 1886 1891 1887
f 1886 1890 1891
f 1888 1999 1997
f 1888 1892 1999
f 1890 1998 2000
f 1890 2000 1894
f 2000 2001 1895
f 2000 1895 1894
f 1892 2002 1999
f 1892 1896 2002
f 1895 2001 2003
f 1895 2003 1898
f 1896 2004 2002
f 1896 1899 2004
f 1898 2003 2006
f 1898 2006 1901
f 2006 2007 1902
f 2006 1902 1901
f 1899 1900 2004
f 1900 2005 2004
f 2004 2005 2009
f 2005 2010 2009
f 1899 1904 1900
f 1899 1903 1904
f 1900 2010 2005
f 1900 1904 2010
f 2007 2008 2011
f 2008 2012 2011
f 1902 2007 2011
f 1902 2011 1905
f 2011 2012 1906
f 2011 1906 1905
f 2012 2013 1907
f 2012 1907 1906
f 2013 2014 1908
f 2013 1908 1907
f 2014 2015 1909
f 2014 1909 1908
f 1904 2016 2010
f 1904 1910 2016
f 1909 2015 2018
f 1909 2018 1913
f 2018 2019 1914
f 2018 1914 1913
f 2019 2020 1915
f 2019 1915 1914
f 2020 2021 1916
f 2020 1916 1915
f 2021 2022 1917
f 2021 1917 1916
f 1910 2024 2016
f 1910 1918 2024
f 2022 2023 2025
f 2023 2026 2025
f 1917 2022 2025
f 1917 2025 1920
f 2025 2026 1921
f 2025 1921 1920
f 2026 2027 1922
f 2026 1922 1921
f 2027 2028 1923
f 2027 1923 1922
f 2028 2029 1924
f 2028 1924 1923
f 2029 2030 1925
f 2029 1925 1924
f 2030 2031 1926
f 2030 1926 1925
f 2031 2032 1927
f 2031 1927 1926
f 1918 2032 2024
f 1918 1927 2032
f 1936 1937 2033
f 1937 2034 2033
f 2033 2034 2041
f 2034 2042 2041
f 1936 2033 2041
f 1936 2041 1944
f 1937 1938 2034
f 1938 2035 2034
f 1938 2043 2035
f 1938 1945 2043
f 1939 1940 2036
f 1940 2037 2036
f 1939 2036 2048
f 1939 2048 1949
f 1940 1941 2037
f 1941 2038 2037
f 1941 1942 2038
f 1942 2039 2038
f 1942 1943 2039
f 1943 2040 2039
f 1943 1944 2040
f 1944 2041 2040
f 1945 1946 2043
f 1946 2044 2043
f 1946 1947 2044
f 1947 2045 2044
f 1947 1948 2045
f 1948 2046 2045
f 1948 2049 2046
f 1948 1952 2049
f 1949 2048 2052
f 1949 2052 1954
f 1950 1956 1951
f 1950 1955 1956
f 1951 1957 1952
f 1951 1956 1957
f 1952 1953 2049
f 1953 2050 2049
f 1952 1958 1953
f 1952 1957 1958
f 1953 2053 2050
f 1953 1958 2053
f 1954 2052 2057
f 1954 2057 1960
f 1958 1959 2053
f 1959 2054 2053
f 1959 2058 2054
f 1959 1961 2058
f 1960 2057 2062
f 1960 2062 1963
f 1961 1962 2058
f 1962 2059 2058
f 1962 2063 2059
f 1962 1964 2063
f 1963 2062 2066
f 1963 2066 1965
f 1964 2067 2063
f 1964 1966 2067
f 1965 2066 2073
f 1965 2073 1970
f 1966 2074 2067
f 1966 1971 2074
f 1967 1968 2070
f 1968 2071 2070
f 1967 2070 2077
f 1967 2077 1972
f 1967 1973 1968
f 1967 1972 1973
f 1968 1969 2071
f 1969 2072 2071
f 1969 1970 2072
f 1970 2073 2072
f 1971 2078 2074
f 1971 1974 2078
f 1972 2077 2081
f 1972 2081 1976
f 1974 2082 2078
f 1974 1977 2082
f 1976 2081 2085
f 1976 2085 1979
f 2085 2086 1980
f 2085 1980 1979
f 1977 2087 2082
f 1977 1981 2087
f 1980 2086 2091
f 1980 2091 1984
f 1981 1982 2087
f 1982 2088 2087
f 1982 2092 2088
f 1982 1985 2092
f 1984 2091 2094
f 1984 2094 1986
f 1985 2095 2092
f 1985 1987 2095
f 1986 2094 2098
f 1986 2098 1989
f 2098 2099 1990
f 2098 1990 1989
f 1987 1988 2095
f 1988 2096 2095
f 1988 2100 2096
f 1988 1992 2100
f 1990 2099 2101
f 1990 2101 1994
f 1990 1995 1991
f 1990 1994 1995
f 2101 2102 1995
f 2101 1995 1994
f 1992 2103 2100
f 1992 1996 2103
f 1995 2102 2105
f 1995 2105 1998
f 1996 1997 2103
f 1997 2104 2103
f 2103 2104 2107
f 2104 2108 2107
f 1997 2108 2104
f 1997 1999 2108
f 2105 2106 2109
f 2106 2110 2109
f 1998 2105 2109
f 1998 2109 2000
f 2109 2110 2001
f 2109 2001 2000
f 2107 2108 2111
f 2108 2112 2111
f 1999 2112 2108
f 1999 2002 2112
f 2001 2110 2113
f 2001 2113 2003
f 2002 2115 2112
f 2002 2004 2115
f 2003 2113 2116
f 2003 2116 2006
f 2116 2117 2007
f 2116 2007 2006
f 2117 2118 2008
f 2117 2008 2007
f 2114 2115 2119
f 2115 2120 2119
f 2004 2120 2115
f 2004 2009 2120
f 2008 2118 2123
f 2008 2123 2012
f 2123 2124 2013
f 2123 2013 2012
f 2124 2125 2014
f 2124 2014 2013
f 2009 2010 2120
f 2010 2121 2120
f 2120 2121 2126
f 2121 2127 2126
f 2010 2127 2121
f 2010 2016 2127
f 2014 2125 2128
f 2014 2128 2017
f 2014 2018 2015
f 2014 2017 2018
f 2128 2129 2018
f 2128 2018 2017
f 2129 2130 2019
f 2129 2019 2018
f 2130 2131 2020
f 2130 2020 2019
f 2131 2132 2021
f 2131 2021 2020
f 2132 2133 2022
f 2132 2022 2021
f 2133 2134 2023
f 2133 2023 2022
f 2016 2135 2127
f 2016 2024 2135
f 2023 2134 2137
f 2023 2137 2026
f 2137 2138 2027
f 2137 2027 2026
f 2138 2139 2028
f 2138 2028 2027
f 2139 2140 2029
f 2139 2029 2028
f 2140 2141 2030
f 2140 2030 2029
f 2141 2142 2031
f 2141 2031 2030
f 2142 2143 2032
f 2142 2032 2031
f 2024 2143 2135
f 2024 2032 2143
f 2034 2035 2144
f 2035 2145 2144
f 2144 2145 2152
f 2145 2153 2152
f 2034 2144 2152
f 2034 2152 2042
f 2035 2153 2145
f 2035 2043 2153
f 2036 2037 2146
f 2037 2147 2146
f 2036 2146 2158
f 2036 2158 2048
f 2037 2038 2147
f 2038 2148 2147
f 2038 2039 2148
f 2039 2149 2148
f 2039 2040 2149
f 2040 2150 2149
f 2040 2041 2150
f 2041 2151 2150
f 2041 2042 2151
f 2042 2152 2151
f 2043 2044 2153
f 2044 2154 2153
f 2044 2045 2154
f 2045 2155 2154
f 2045 2046 2155
f 2046 2156 2155
f 2046 2159 2156
f 2046 2049 2159
f 2047 2048 2157
f 2048 2158 2157
f 2047 2157 2162
f 2047 2162 2051
f 2047 2052 2048
f 2047 2051 2052
f 2049 2050 2159
f 2050 2160 2159
f 2159 2160 2163
f 2160 2164 2163
f 2050 2164 2160
f 2050 2053 2164
f 2051 2162 2167
f 2051 2167 2056
f 2051 2057 2052
f 2051 2056 2057
f 2053 2054 2164
f 2054 2165 2164
f 2054 2168 2165
f 2054 2058 2168
f 2055 2056 2166
f 2056 2167 2166
f 2055 2166 2170
f 2055 2170 2060
f 2055 2061 2056
f 2055 2060 2061
f 2170 2171 2061
f 2170 2061 2060
f 2056 2062 2057
f 2056 2061 2062
f 2058 2059 2168
f 2059 2169 2168
f 2059 2172 2169
f 2059 2063 2172
f 2061 2171 2174
f 2061 2174 2065
f 2061 2066 2062
f 2061 2065 2066
f 2063 2175 2172
f 2063 2067 2175
f 2064 2065 2173
f 2065 2174 2173
f 2064 2173 2179
f 2064 2179 2071
f 2064 2072 2065
f 2064 2071 2072
f 2065 2073 2066
f 2065 2072 2073
f 2067 2068 2175
f 2068 2176 2175
f 2175 2176 2180
f 2176 2181 2180
f 2067 2075 2068
f 2067 2074 2075
f 2068 2181 2176
f 2068 2075 2181
f 2069 2070 2177
f 2070 2178 2177
f 2069 2177 2182
f 2069 2182 2076
f 2069 2077 2070
f 2069 2076 2077
f 2070 2071 2178
f 2071 2179 2178
f 2180 2181 2183
f 2181 2184 2183
f 2074 2079 2075
f 2074 2078 2079
f 2075 2184 2181
f 2075 2079 2184
f 2076 2182 2185
f 2076 2185 2080
f 2076 2081 2077
f 2076 2080 2081
f 2183 2184 2186
f 2184 2187 2186
f 2078 2083 2079
f 2078 2082 2083
f 2079 2187 2184
f 2079 2083 2187
f 2080 2185 2188
f 2080 2188 2084
f 2080 2085 2081
f 2080 2084 2085
f 2186 2187 2189
f 2187 2190 2189
f 2082 2088 2083
f 2082 2087 2088
f 2083 2190 2187
f 2083 2088 2190
f 2084 2188 2191
f 2084 2191 2089
f 2084 2090 2085
f 2084 2089 2090
f 2191 2192 2090
f 2191 2090 2089
f 2085 2091 2086
f 2085 2090 2091
f 2189 2190 2193
f 2190 2194 2193
f 2088 2194 2190
f 2088 2092 2194
f 2090 2192 2195
f 2090 2195 2093
f 2090 2094 2091
f 2090 2093 2094
f 2092 2196 2194
f 2092 2095 2196
f 2093 2195 2198
f 2093 2198 2097
f 2093 2098 2094
f 2093 2097 2098
f 2198 2199 2098
f 2198 2098 2097
f 2199 2200 2099
f 2199 2099 2098
f 2095 2096 2196
f 2096 2197 2196
f 2196 2197 2201
f 2197 2202 2201
f 2096 2202 2197
f 2096 2100 2202
f 2099 2200 2203
f 2099 2203 2101
f 2203 2204 2102
f 2203 2102 2101
f 2100 2205 2202
f 2100 2103 2205
f 2102 2204 2206
f 2102 2206 2105
f 2206 2207 2106
f 2206 2106 2105
f 2103 2208 2205
f 2103 2107 2208
f 2106 2207 2209
f 2106 2209 2110
f 2107 2211 2208
f 2107 2111 2211
f 2209 2210 2213
f 2210 2214 2213
f 2110 2209 2213
f 2110 2213 2113
f 2111 2112 2211
f 2112 2212 2211
f 2211 2212 2216
f 2212 2217 2216
f 2216 2217 2115
f 2216 2115 2114
f 2112 2217 2212
f 2112 2115 2217
f 2113 2213 2218
f 2113 2218 2116
f 2218 2219 2117
f 2218 2117 2116
f 2215 2216 2221
f 2216 2222 2221
f 2114 2222 2216
f 2114 2119 2222
f 2219 2220 2224
f 2220 2225 2224
f 2117 2219 2224
f 2117 2224 2122
f 2117 2123 2118
f 2117 2122 2123
f 2224 2225 2123
f 2224 2123 2122
f 2225 2226 2124
f 2225 2124 2123
f 2226 2227 2125
f 2226 2125 2124
f 2119 2120 2222
f 2120 2223 2222
f 2222 2223 2229
f 2223 2230 2229
f 2120 2230 2223
f 2120 2126 2230
f 2227 2228 2232
f 2228 2233 2232
f 2125 2227 2232
f 2125 2232 2128
f 2232 2233 2129
f 2232 2129 2128
f 2233 2234 2130
f 2233 2130 2129
f 2234 2235 2131
f 2234 2131 2130
f 2235 2236 2132
f 2235 2132 2131
f 2236 2237 2133
f 2236 2133 2132
f 2126 2127 2230
f 2127 2231 2230
f 2127 2242 2231
f 2127 2135 2242
f 2237 2238 2243
f 2238 2244 2243
f 2133 2237 2243
f 2133 2243 2136
f 2133 2137 2134
f 2133 2136 2137
f 2243 2244 2137
f 2243 2137 2136
f 2238 2239 2244
f 2239 2245 2244
f 2244 2245 2138
f 2244 2138 2137
f 2239 2240 2245
f 2240 2246 2245
f 2245 2246 2139
f 2245 2139 2138
f 2240 2241 2246
f 2241 2247 2246
f 2246 2247 2140
f 2246 2140 2139
f 2247 2248 2141
f 2247 2141 2140
f 2248 2249 2142
f 2248 2142 2141
f 2249 2250 2143
f 2249 2143 2142
f 2135 2250 2242
f 2135 2143 2250
f 2146 2147 2251
f 2147 2252 2251
f 2251 2252 2263
f 2252 2264 2263
f 2146 2251 2263
f 2146 2263 2158
f 2147 2148 2252
f 2148 2253 2252
f 2148 2149 2253
f 2149 2254 2253
f 2149 2150 2254
f 2150 2255 2254
f 2150 2151 2255
f 2151 2256 2255
f 2151 2152 2256
f 2152 2257 2256
f 2152 2153 2257
f 2153 2258 2257
f 2153 2154 2258
f 2154 2259 2258
f 2154 2155 2259
f 2155 2260 2259
f 2259 2260 2265
f 2260 2266 2265
f 2155 2156 2260
f 2156 2261 2260
f 2260 2261 2266
f 2261 2267 2266
f 2156 2267 2261
f 2156 2159 2267
f 2157 2158 2262
f 2158 2263 2262
f 2157 2262 2269
f 2157 2269 2162
f 2265 2266 2270
f 2266 2271 2270
f 2266 2267 2271
f 2267 2272 2271
f 2159 2272 2267
f 2159 2163 2272
f 2161 2162 2268
f 2162 2269 2268
f 2161 2268 2276
f 2161 2276 2166
f 2161 2167 2162
f 2161 2166 2167
f 2163 2164 2272
f 2164 2273 2272
f 2272 2273 2277
f 2273 2278 2277
f 2164 2165 2273
f 2165 2274 2273
f 2273 2274 2278
f 2274 2279 2278
f 2165 2279 2274
f 2165 2168 2279
f 2166 2276 2282
f 2166 2282 2170
f 2282 2283 2171
f 2282 2171 2170
f 2278 2279 2284
f 2279 2285 2284
f 2168 2169 2279
f 2169 2280 2279
f 2279 2280 2285
f 2280 2286 2285
f 2169 2286 2280
f 2169 2172 2286
f 2171 2283 2289
f 2171 2289 2174
f 2284 2285 2290
f 2285 2291 2290
f 2285 2286 2291
f 2286 2292 2291
f 2172 2292 2286
f 2172 2175 2292
f 2173 2174 2288
f 2174 2289 2288
f 2173 2288 2296
f 2173 2296 2179
f 2291 2292 2297
f 2292 2298 2297
f 2175 2298 2292
f 2175 2180 2298
f 2177 2178 2294
f 2178 2295 2294
f 2177 2294 2300
f 2177 2300 2182
f 2178 2179 2295
f 2179 2296 2295
f 2297 2298 2302
f 2298 2303 2302
f 2180 2303 2298
f 2180 2183 2303
f 2182 2300 2305
f 2182 2305 2185
f 2301 2302 2306
f 2302 2307 2306
f 2302 2303 2307
f 2303 2308 2307
f 2183 2308 2303
f 2183 2186 2308
f 2185 2305 2310
f 2185 2310 2188
f 2307 2308 2311
f 2308 2312 2311
f 2186 2312 2308
f 2186 2189 2312
f 2188 2310 2314
f 2188 2314 2191
f 2314 2315 2192
f 2314 2192 2191
f 2311 2312 2316
f 2312 2317 2316
f 2189 2317 2312
f 2189 2193 2317
f 2192 2315 2320
f 2192 2320 2195
f 2316 2317 2321
f 2317 2322 2321
f 2193 2194 2317
f 2194 2318 2317
f 2317 2318 2322
f 2318 2323 2322
f 2194 2323 2318
f 2194 2196 2323
f 2195 2320 2325
f 2195 2325 2198
f 2325 2326 2199
f 2325 2199 2198
f 2326 2327 2200
f 2326 2200 2199
f 2321 2322 2329
f 2322 2330 2329
f 2322 2323 2330
f 2323 2331 2330
f 2196 2331 2323
f 2196 2201 2331
f 2327 2328 2333
f 2328 2334 2333
f 2200 2327 2333
f 2200 2333 2203
f 2333 2334 2204
f 2333 2204 2203
f 2330 2331 2335
f 2331 2336 2335
f 2201 2202 2331
f 2202 2332 2331
f 2331 2332 2336
f 2332 2337 2336
f 2202 2337 2332
f 2202 2205 2337
f 2204 2334 2338
f 2204 2338 2206
f 2338 2339 2207
f 2338 2207 2206
f 2335 2336 2343
f 2336 2344 2343
f 2336 2337 2344
f 2337 2345 2344
f 2205 2345 2337
f 2205 2208 2345
f 2339 2340 2346
f 2340 2347 2346
f 2207 2339 2346
f 2207 2346 2209
f 2346 2347 2210
f 2346 2210 2209
f 2340 2341 2347
f 2341 2348 2347
f 2342 2343 2349
f 2343 2350 2349
f 2343 2344 2350
f 2344 2351 2350
f 2344 2345 2351
f 2345 2352 2351
f 2208 2352 2345
f 2208 2211 2352
f 2347 2348 2354
f 2348 2355 2354
f 2210 2347 2354
f 2210 2354 2214
f 2350 2351 2358
f 2351 2359 2358
f 2351 2352 2359
f 2352 2360 2359
f 2359 2360 2216
f 2359 2216 2215
f 2211 2360 2352
f 2211 2216 2360
f 2213 2214 2353
f 2214 2354 2353
f 2353 2354 2361
f 2354 2362 2361
f 2213 2353 2361
f 2213 2361 2218
f 2361 2362 2219
f 2361 2219 2218
f 2362 2363 2220
f 2362 2220 2219
f 2356 2357 2365
f 2357 2366 2365
f 2357 2358 2366
f 2358 2367 2366
f 2358 2359 2367
f 2359 2368 2367
f 2215 2368 2359
f 2215 2221 2368
f 2363 2364 2370
f 2364 2371 2370
f 2220 2363 2370
f 2220 2370 2225
f 2370 2371 2226
f 2370 2226 2225
f 2371 2372 2227
f 2371 2227 2226
f 2372 2373 2228
f 2372 2228 2227
f 2365 2366 2378
f 2366 2379 2378
f 2366 2367 2379
f 2367 2380 2379
f 2367 2368 2380
f 2368 2381 2380
f 2221 2222 2368
f 2222 2369 2368
f 2368 2369 2381
f 2369 2382 2381
f 2222 2382 2369
f 2222 2229 2382
f 2373 2374 2385
f 2374 2386 2385
f 2228 2373 2385
f 2228 2385 2233
f 2385 2386 2234
f 2385 2234 2233
f 2374 2375 2386
f 2375 2387 2386
f 2386 2387 2235
f 2386 2235 2234
f 2375 2376 2387
f 2376 2388 2387
f 2387 2388 2236
f 2387 2236 2235
f 2376 2377 2388
f 2377 2389 2388
f 2388 2389 2237
f 2388 2237 2236
f 2377 2378 2389
f 2378 2390 2389
f 2389 2390 2238
f 2389 2238 2237
f 2378 2379 2390
f 2379 2391 2390
f 2390 2391 2239
f 2390 2239 2238
f 2379 2380 2391
f 2380 2392 2391
f 2391 2392 2240
f 2391 2240 2239
f 2380 2381 2392
f 2381 2393 2392
f 2392 2393 2241
f 2392 2241 2240
f 2381 2382 2393
f 2382 2394 2393
f 2229 2230 2382
f 2230 2383 2382
f 2382 2383 2394
f 2383 2395 2394
f 2230 2231 2383
f 2231 2384 2383
f 2383 2384 2395
f 2384 2396 2395
f 2231 2396 2384
f 2231 2242 2396
f 2393 2394 2397
f 2394 2398 2397
f 2241 2393 2397
f 2241 2397 2247
f 2397 2398 2248
f 2397 2248 2247
f 2394 2395 2398
f 2395 2399 2398
f 2398 2399 2249
f 2398 2249 2248
f 2395 2396 2399
f 2396 2400 2399
f 2399 2400 2250
f 2399 2250 2249
f 2242 2400 2396
f 2242 2250 2400
f 2252 2253 2401
f 2253 2402 2401
f 2401 2402 2411
f 2402 2412 2411
f 2252 2401 2411
f 2252 2411 2264
f 2253 2254 2402
f 2254 2403 2402
f 2254 2255 2403
f 2255 2404 2403
f 2255 2256 2404
f 2256 2405 2404
f 2256 2257 2405
f 2257 2406 2405
f 2257 2258 2406
f 2258 2407 2406
f 2258 2259 2407
f 2259 2408 2407
f 2407 2408 2414
f 2408 2415 2414
f 2259 2415 2408
f 2259 2265 2415
f 2262 2263 2409
f 2263 2410 2409
f 2409 2410 2417
f 2410 2418 2417
f 2262 2409 2417
f 2262 2417 2269
f 2263 2264 2410
f 2264 2411 2410
f 2410 2411 2418
f 2411 2419 2418
f 2413 2414 2420
f 2414 2421 2420
f 2414 2415 2421
f 2415 2422 2421
f 2265 2422 2415
f 2265 2270 2422
f 2268 2269 2416
f 2269 2417 2416
f 2416 2417 2426
f 2417 2427 2426
f 2268 2416 2426
f 2268 2426 2276
f 2421 2422 2428
f 2422 2429 2428
f 2270 2271 2422
f 2271 2423 2422
f 2422 2423 2429
f 2423 2430 2429
f 2271 2272 2423
f 2272 2424 2423
f 2423 2424 2430
f 2424 2431 2430
f 2272 2431 2424
f 2272 2277 2431
f 2275 2276 2425
f 2276 2426 2425
f 2425 2426 2433
f 2426 2434 2433
f 2275 2425 2433
f 2275 2433 2281
f 2275 2282 2276
f 2275 2281 2282
f 2428 2429 2435
f 2429 2436 2435
f 2429 2430 2436
f 2430 2437 2436
f 2430 2431 2437
f 2431 2438 2437
f 2277 2278 2431
f 2278 2432 2431
f 2431 2432 2438
f 2432 2439 2438
f 2278 2439 2432
f 2278 2284 2439
f 2433 2434 2440
f 2434 2441 2440
f 2281 2433 2440
f 2281 2440 2287
f 2281 2288 2282
f 2281 2287 2288
f 2282 2289 2283
f 2282 2288 2289
f 2436 2437 2442
f 2437 2443 2442
f 2437 2438 2443
f 2438 2444 2443
f 2438 2439 2444
f 2439 2445 2444
f 2284 2445 2439
f 2284 2290 2445
f 2287 2440 2449
f 2287 2449 2295
f 2287 2296 2288
f 2287 2295 2296
f 2443 2444 2451
f 2444 2452 2451
f 2444 2445 2452
f 2445 2453 2452
f 2290 2291 2445
f 2291 2446 2445
f 2445 2446 2453
f 2446 2454 2453
f 2291 2454 2446
f 2291 2297 2454
f 2293 2294 2447
f 2294 2448 2447
f 2447 2448 2455
f 2448 2456 2455
f 2293 2447 2455
f 2293 2455 2299
f 2293 2300 2294
f 2293 2299 2300
f 2294 2295 2448
f 2295 2449 2448
f 2450 2451 2458
f 2451 2459 2458
f 2451 2452 2459
f 2452 2460 2459
f 2452 2453 2460
f 2453 2461 2460
f 2453 2454 2461
f 2454 2462 2461
f 2461 2462 2302
f 2461 2302 2301
f 2297 2462 2454
f 2297 2302 2462
f 2299 2455 2463
f 2299 2463 2304
f 2299 2305 2300
f 2299 2304 2305
f 2457 2458 2464
f 2458 2465 2464
f 2458 2459 2465
f 2459 2466 2465
f 2459 2460 2466
f 2460 2467 2466
f 2460 2461 2467
f 2461 2468 2467
f 2301 2468 2461
f 2301 2306 2468
f 2304 2463 2470
f 2304 2470 2309
f 2304 2310 2305
f 2304 2309 2310
f 2466 2467 2473
f 2467 2474 2473
f 2467 2468 2474
f 2468 2475 2474
f 2306 2307 2468
f 2307 2469 2468
f 2468 2469 2475
f 2469 2476 2475
f 2307 2476 2469
f 2307 2311 2476
f 2309 2470 2477
f 2309 2477 2313
f 2309 2314 2310
f 2309 2313 2314
f 2477 2478 2314
f 2477 2314 2313
f 2471 2472 2479
f 2472 2480 2479
f 2472 2473 2480
f 2473 2481 2480
f 2473 2474 2481
f 2474 2482 2481
f 2474 2475 2482
f 2475 2483 2482
f 2475 2476 2483
f 2476 2484 2483
f 2311 2484 2476
f 2311 2316 2484
f 2314 2478 2485
f 2314 2485 2319
f 2314 2320 2315
f 2314 2319 2320
f 2481 2482 2486
f 2482 2487 2486
f 2482 2483 2487
f 2483 2488 2487
f 2483 2484 2488
f 2484 2489 2488
f 2316 2489 2484
f 2316 2321 2489
f 2319 2485 2490
f 2319 2490 2324
f 2319 2325 2320
f 2319 2324 2325
f 2490 2491 2325
f 2490 2325 2324
f 2491 2492 2326
f 2491 2326 2325
f 2492 2493 2327
f 2492 2327 2326
f 2493 2494 2328
f 2493 2328 2327
f 2486 2487 2495
f 2487 2496 2495
f 2487 2488 2496
f 2488 2497 2496
f 2488 2489 2497
f 2489 2498 2497
f 2321 2498 2489
f 2321 2329 2498
f 2328 2494 2500
f 2328 2500 2334
f 2497 2498 2502
f 2498 2503 2502
f 2329 2330 2498
f 2330 2499 2498
f 2498 2499 2503
f 2499 2504 2503
f 2330 2504 2499
f 2330 2335 2504
f 2500 2501 2505
f 2501 2506 2505
f 2334 2500 2505
f 2334 2505 2338
f 2505 2506 2339
f 2505 2339 2338
f 2506 2507 2340
f 2506 2340 2339
f 2507 2508 2341
f 2507 2341 2340
f 2502 2503 2514
f 2503 2515 2514
f 2503 2504 2515
f 2504 2516 2515
f 2515 2516 2343
f 2515 2343 2342
f 2335 2516 2504
f 2335 2343 2516
f 2508 2509 2517
f 2509 2518 2517
f 2341 2508 2517
f 2341 2517 2348
f 2509 2510 2518
f 2510 2519 2518
f 2510 2511 2519
f 2511 2520 2519
f 2512 2513 2523
f 2513 2524 2523
f 2513 2514 2524
f 2514 2525 2524
f 2514 2515 2525
f 2515 2526 2525
f 2342 2526 2515
f 2342 2349 2526
f 2517 2518 2529
f 2518 2530 2529
f 2348 2517 2529
f 2348 2529 2355
f 2518 2519 2530
f 2519 2531 2530
f 2519 2520 2531
f 2520 2532 2531
f 2520 2521 2532
f 2521 2533 2532
f 2521 2522 2533
f 2522 2534 2533
f 2524 2525 2536
f 2525 2537 2536
f 2525 2526 2537
f 2526 2538 2537
f 2537 2538 2357
f 2537 2357 2356
f 2349 2350 2526
f 2350 2527 2526
f 2526 2527 2538
f 2527 2539 2538
f 2538 2539 2358
f 2538 2358 2357
f 2350 2539 2527
f 2350 2358 2539
f 2354 2355 2528
f 2355 2529 2528
f 2528 2529 2540
f 2529 2541 2540
f 2354 2528 2540
f 2354 2540 2362
f 2540 2541 2363
f 2540 2363 2362
f 2529 2530 2541
f 2530 2542 2541
f 2541 2542 2364
f 2541 2364 2363
f 2531 2532 2543
f 2532 2544 2543
f 2532 2533 2544
f 2533 2545 2544
f 2533 2534 2545
f 2534 2546 2545
f 2534 2535 2546
f 2535 2547 2546
f 2535 2536 2547
f 2536 2548 2547
f 2536 2537 2548
f 2537 2549 2548
f 2356 2549 2537
f 2356 2365 2549
f 2542 2543 2550
f 2543 2551 2550
f 2364 2542 2550
f 2364 2550 2371
f 2550 2551 2372
f 2550 2372 2371
f 2543 2544 2551
f 2544 2552 2551
f 2551 2552 2373
f 2551 2373 2372
f 2544 2545 2552
f 2545 2553 2552
f 2552 2553 2374
f 2552 2374 2373
f 2545 2546 2553
f 2546 2554 2553
f 2553 2554 2375
f 2553 2375 2374
f 2546 2547 2554
f 2547 2555 2554
f 2554 2555 2376
f 2554 2376 2375
f 2547 2548 2555
f 2548 2556 2555
f 2555 2556 2377
f 2555 2377 2376
f 2548 2549 2556
f 2549 2557 2556
f 2556 2557 2378
f 2556 2378 2377
f 2365 2557 2549
f 2365 2378 2557
f 2402 2403 2558
f 2403 2559 2558
f 2558 2559 2565
f 2559 2566 2565
f 2402 2558 2565
f 2402 2565 2412
f 2403 2404 2559
f 2404 2560 2559
f 2559 2560 2566
f 2560 2567 2566
f 2404 2405 2560
f 2405 2561 2560
f 2560 2561 2567
f 2561 2568 2567
f 2405 2406 2561
f 2406 2562 2561
f 2561 2562 2568
f 2562 2569 2568
f 2406 2407 2562
f 2407 2563 2562
f 2562 2563 2569
f 2563 2570 2569
f 2569 2570 2414
f 2569 2414 2413
f 2407 2570 2563
f 2407 2414 2570
f 2411 2412 2564
f 2412 2565 2564
f 2564 2565 2573
f 2565 2574 2573
f 2411 2564 2573
f 2411 2573 2419
f 2565 2566 2574
f 2566 2575 2574
f 2566 2567 2575
f 2567 2576 2575
f 2567 2568 2576
f 2568 2577 2576
f 2568 2569 2577
f 2569 2578 2577
f 2413 2578 2569
f 2413 2420 2578
f 2417 2418 2571
f 2418 2572 2571
f 2571 2572 2581
f 2572 2582 2581
f 2417 2571 2581
f 2417 2581 2427
f 2418 2419 2572
f 2419 2573 2572
f 2572 2573 2582
f 2573 2583 2582
f 2573 2574 2583
f 2574 2584 2583
f 2574 2575 2584
f 2575 2585 2584
f 2575 2576 2585
f 2576 2586 2585
f 2576 2577 2586
f 2577 2587 2586
f 2577 2578 2587
f 2578 2588 2587
f 2420 2421 2578
f 2421 2579 2578
f 2578 2579 2588
f 2579 2589 2588
f 2421 2589 2579
f 2421 2428 2589
f 2426 2427 2580
f 2427 2581 2580
f 2580 2581 2590
f 2581 2591 2590
f 2426 2580 2590
f 2426 2590 2434
f 2581 2582 2591
f 2582 2592 2591
f 2582 2583 2592
f 2583 2593 2592
f 2583 2584 2593
f 2584 2594 2593
f 2584 2585 2594
f 2585 2595 2594
f 2585 2586 2595
f 2586 2596 2595
f 2586 2587 2596
f 2587 2597 2596
f 2587 2588 2597
f 2588 2598 2597
f 2588 2589 2598
f 2589 2599 2598
f 2428 2599 2589
f 2428 2435 2599
f 2434 2590 2602
f 2434 2602 2441
f 2596 2597 2603
f 2597 2604 2603
f 2597 2598 2604
f 2598 2605 2604
f 2598 2599 2605
f 2599 2606 2605
f 2435 2436 2599
f 2436 2600 2599
f 2599 2600 2606
f 2600 2607 2606
f 2436 2607 2600
f 2436 2442 2607
f 2440 2441 2601
f 2441 2602 2601
f 2601 2602 2610
f 2602 2611 2610
f 2440 2601 2610
f 2440 2610 2449
f 2603 2604 2612
f 2604 2613 2612
f 2604 2605 2613
f 2605 2614 2613
f 2605 2606 2614
f 2606 2615 2614
f 2606 2607 2615
f 2607 2616 2615
f 2442 2443 2607
f 2443 2608 2607
f 2607 2608 2616
f 2608 2617 2616
f 2616 2617 2451
f 2616 2451 2450
f 2443 2617 2608
f 2443 2451 2617
f 2448 2449 2609
f 2449 2610 2609
f 2448 2609 2619
f 2448 2619 2456
f 2613 2614 2621
f 2614 2622 2621
f 2614 2615 2622
f 2615 2623 2622
f 2615 2616 2623
f 2616 2624 2623
f 2623 2624 2458
f 2623 2458 2457
f 2450 2624 2616
f 2450 2458 2624
f 2455 2456 2618
f 2456 2619 2618
f 2618 2619 2625
f 2619 2626 2625
f 2455 2618 2625
f 2455 2625 2463
f 2620 2621 2627
f 2621 2628 2627
f 2621 2622 2628
f 2622 2629 2628
f 2622 2623 2629
f 2623 2630 2629
f 2457 2630 2623
f 2457 2464 2630
f 2463 2625 2633
f 2463 2633 2470
f 2627 2628 2635
f 2628 2636 2635
f 2628 2629 2636
f 2629 2637 2636
f 2629 2630 2637
f 2630 2638 2637
f 2464 2465 2630
f 2465 2631 2630
f 2630 2631 2638
f 2631 2639 2638
f 2638 2639 2472
f 2638 2472 2471
f 2465 2466 2631
f 2466 2632 2631
f 2631 2632 2639
f 2632 2640 2639
f 2639 2640 2473
f 2639 2473 2472
f 2466 2640 2632
f 2466 2473 2640
f 2470 2633 2641
f 2470 2641 2477
f 2641 2642 2478
f 2641 2478 2477
f 2634 2635 2643
f 2635 2644 2643
f 2635 2636 2644
f 2636 2645 2644
f 2636 2637 2645
f 2637 2646 2645
f 2637 2638 2646
f 2638 2647 2646
f 2471 2647 2638
f 2471 2479 2647
f 2478 2642 2651
f 2478 2651 2485
f 2643 2644 2652
f 2644 2653 2652
f 2644 2645 2653
f 2645 2654 2653
f 2645 2646 2654
f 2646 2655 2654
f 2646 2647 2655
f 2647 2656 2655
f 2479 2480 2647
f 2480 2648 2647
f 2647 2648 2656
f 2648 2657 2656
f 2480 2481 2648
f 2481 2649 2648
f 2648 2649 2657
f 2649 2658 2657
f 2481 2658 2649
f 2481 2486 2658
f 2485 2651 2659
f 2485 2659 2490
f 2659 2660 2491
f 2659 2491 2490
f 2660 2661 2492
f 2660 2492 2491
f 2661 2662 2493
f 2661 2493 2492
f 2662 2663 2494
f 2662 2494 2493
f 2652 2653 2666
f 2653 2667 2666
f 2653 2654 2667
f 2654 2668 2667
f 2654 2655 2668
f 2655 2669 2668
f 2655 2656 2669
f 2656 2670 2669
f 2656 2657 2670
f 2657 2671 2670
f 2657 2658 2671
f 2658 2672 2671
f 2486 2672 2658
f 2486 2495 2672
f 2663 2664 2677
f 2664 2678 2677
f 2494 2663 2677
f 2494 2677 2500
f 2677 2678 2501
f 2677 2501 2500
f 2664 2665 2678
f 2665 2679 2678
f 2665 2666 2679
f 2666 2680 2679
f 2666 2667 2680
f 2667 2681 2680
f 2667 2668 2681
f 2668 2682 2681
f 2668 2669 2682
f 2669 2683 2682
f 2669 2670 2683
f 2670 2684 2683
f 2670 2671 2684
f 2671 2685 2684
f 2671 2672 2685
f 2672 2686 2685
f 2495 2496 2672
f 2496 2673 2672
f 2672 2673 2686
f 2673 2687 2686
f 2496 2497 2673
f 2497 2674 2673
f 2673 2674 2687
f 2674 2688 2687
f 2497 2688 2674
f 2497 2502 2688
f 2678 2679 2689
f 2679 2690 2689
f 2501 2678 2689
f 2501 2689 2506
f 2689 2690 2507
f 2689 2507 2506
f 2679 2680 2690
f 2680 2691 2690
f 2690 2691 2508
f 2690 2508 2507
f 2680 2681 2691
f 2681 2692 2691
f 2691 2692 2509
f 2691 2509 2508
f 2681 2682 2692
f 2682 2693 2692
f 2692 2693 2510
f 2692 2510 2509
f 2682 2683 2693
f 2683 2694 2693
f 2693 2694 2511
f 2693 2511 2510
f 2683 2684 2694
f 2684 2695 2694
f 2684 2685 2695
f 2685 2696 2695
f 2685 2686 2696
f 2686 2697 2696
f 2686 2687 2697
f 2687 2698 2697
f 2697 2698 2513
f 2697 2513 2512
f 2687 2688 2698
f 2688 2699 2698
f 2698 2699 2514
f 2698 2514 2513
f 2502 2699 2688
f 2502 2514 2699
f 2694 2695 2700
f 2695 2701 2700
f 2511 2694 2700
f 2511 2700 2520
f 2700 2701 2521
f 2700 2521 2520
f 2695 2696 2701
f 2696 2702 2701
f 2701 2702 2522
f 2701 2522 2521
f 2696 2697 2702
f 2697 2703 2702
f 2512 2703 2697
f 2512 2523 2703
f 2702 2703 2707
f 2703 2708 2707
f 2522 2702 2707
f 2522 2707 2534
f 2707 2708 2535
f 2707 2535 2534
f 2523 2524 2703
f 2524 2704 2703
f 2703 2704 2708
f 2704 2709 2708
f 2708 2709 2536
f 2708 2536 2535
f 2524 2709 2704
f 2524 2536 2709
f 2530 2531 2705
f 2531 2706 2705
f 2705 2706 2710
f 2706 2711 2710
f 2530 2705 2710
f 2530 2710 2542
f 2710 2711 2543
f 2710 2543 2542
f 2531 2711 2706
f 2531 2543 2711
f 2590 2591 2712
f 2591 2713 2712
f 2712 2713 2719
f 2713 2720 2719
f 2590 2712 2719
f 2590 2719 2602
f 2591 2592 2713
f 2592 2714 2713
f 2713 2714 2720
f 2714 2721 2720
f 2592 2593 2714
f 2593 2715 2714
f 2714 2715 2721
f 2715 2722 2721
f 2593 2594 2715
f 2594 2716 2715
f 2715 2716 2722
f 2716 2723 2722
f 2594 2595 2716
f 2595 2717 2716
f 2716 2717 2723
f 2717 2724 2723
f 2595 2596 2717
f 2596 2718 2717
f 2717 2718 2724
f 2718 2725 2724
f 2596 2725 2718
f 2596 2603 2725
f 2719 2720 2728
f 2720 2729 2728
f 2602 2719 2728
f 2602 2728 2611
f 2720 2721 2729
f 2721 2730 2729
f 2721 2722 2730
f 2722 2731 2730
f 2722 2723 2731
f 2723 2732 2731
f 2723 2724 2732
f 2724 2733 2732
f 2724 2725 2733
f 2725 2734 2733
f 2603 2734 2725
f 2603 2612 2734
f 2609 2610 2726
f 2610 2727 2726
f 2726 2727 2736
f 2727 2737 2736
f 2609 2726 2736
f 2609 2736 2619
f 2610 2611 2727
f 2611 2728 2727
f 2727 2728 2737
f 2728 2738 2737
f 2728 2729 2738
f 2729 2739 2738
f 2729 2730 2739
f 2730 2740 2739
f 2730 2731 2740
f 2731 2741 2740
f 2731 2732 2741
f 2732 2742 2741
f 2732 2733 2742
f 2733 2743 2742
f 2733 2734 2743
f 2734 2744 2743
f 2612 2613 2734
f 2613 2735 2734
f 2734 2735 2744
f 2735 2745 2744
f 2744 2745 2621
f 2744 2621 2620
f 2613 2745 2735
f 2613 2621 2745
f 2736 2737 2747
f 2737 2748 2747
f 2619 2736 2747
f 2619 2747 2626
f 2737 2738 2748
f 2738 2749 2748
f 2738 2739 2749
f 2739 2750 2749
f 2739 2740 2750
f 2740 2751 2750
f 2740 2741 2751
f 2741 2752 2751
f 2741 2742 2752
f 2742 2753 2752
f 2742 2743 2753
f 2743 2754 2753
f 2743 2744 2754
f 2744 2755 2754
f 2620 2755 2744
f 2620 2627 2755
f 2625 2626 2746
f 2626 2747 2746
f 2746 2747 2756
f 2747 2757 2756
f 2625 2746 2756
f 2625 2756 2633
f 2747 2748 2757
f 2748 2758 2757
f 2748 2749 2758
f 2749 2759 2758
f 2749 2750 2759
f 2750 2760 2759
f 2750 2751 2760
f 2751 2761 2760
f 2751 2752 2761
f 2752 2762 2761
f 2752 2753 2762
f 2753 2763 2762
f 2753 2754 2763
f 2754 2764 2763
f 2754 2755 2764
f 2755 2765 2764
f 2764 2765 2635
f 2764 2635 2634
f 2627 2765 2755
f 2627 2635 2765
f 2756 2757 2766
f 2757 2767 2766
f 2633 2756 2766
f 2633 2766 2641
f 2757 2758 2767
f 2758 2768 2767
f 2758 2759 2768
f 2759 2769 2768
f 2759 2760 2769
f 2760 2770 2769
f 2760 2761 2770
f 2761 2771 2770
f 2761 2762 2771
f 2762 2772 2771
f 2762 2763 2772
f 2763 2773 2772
f 2763 2764 2773
f 2764 2774 2773
f 2634 2774 2764
f 2634 2643 2774
f 2766 2767 2775
f 2767 2776 2775
f 2641 2766 2775
f 2641 2775 2650
f 2641 2651 2642
f 2641 2650 2651
f 2775 2776 2651
f 2775 2651 2650
f 2767 2768 2776
f 2768 2777 2776
f 2768 2769 2777
f 2769 2778 2777
f 2769 2770 2778
f 2770 2779 2778
f 2770 2771 2779
f 2771 2780 2779
f 2771 2772 2780
f 2772 2781 2780
f 2772 2773 2781
f 2773 2782 2781
f 2773 2774 2782
f 2774 2783 2782
f 2643 2783 2774
f 2643 2652 2783
f 2776 2777 2784
f 2777 2785 2784
f 2651 2776 2784
f 2651 2784 2659
f 2784 2785 2660
f 2784 2660 2659
f 2777 2778 2785
f 2778 2786 2785
f 2785 2786 2661
f 2785 2661 2660
f 2778 2779 2786
f 2779 2787 2786
f 2779 2780 2787
f 2780 2788 2787
f 2780 2781 2788
f 2781 2789 2788
f 2788 2789 2664
f 2788 2664 2663
f 2781 2782 2789
f 2782 2790 2789
f 2789 2790 2665
f 2789 2665 2664
f 2782 2783 2790
f 2783 2791 2790
f 2790 2791 2666
f 2790 2666 2665
f 2652 2791 2783
f 2652 2666 2791
f 2786 2787 2792
f 2787 2793 2792
f 2661 2786 2792
f 2661 2792 2675
f 2661 2676 2662
f 2661 2675 2676
f 2792 2793 2676
f 2792 2676 2675
f 2787 2788 2793
f 2788 2794 2793
f 2662 2677 2663
f 2662 2676 2677
f 2793 2794 2677
f 2793 2677 2676
f 2663 2794 2788
f 2663 2677 2794