v 169.398575 41.911129 460.035706
v 173.736725 41.350430 461.754944
v 151.088898 33.939087 456.374695
v 166.100189 42.427380 460.461304
v 19.483780 40.076061 417.701447
v 23.119503 41.051365 421.699280
v 24.540985 42.718300 427.545532
v 19.752432 42.983543 430.858337
v 6.313272 41.384659 409.398438
v 7.988665 42.673531 413.715057
v 11.954422 45.750496 420.421265
v 12.115418 47.142628 426.886566
v 13.666415 46.480484 430.564240
v -6.101583 38.767143 407.228180
v 0.626408 43.874020 410.119293
v -0.450984 45.670010 416.233124
v -0.371033 46.666840 422.973877
v 1.501472 45.874191 427.711609
v 202.110657 29.834877 452.043549
v 206.623093 30.931236 455.912018
v 208.192276 29.767410 457.355591
v 187.680634 32.127796 452.843262
v 196.340256 35.007175 458.126678
v 200.286774 33.292995 462.482971
v 192.713974 30.982576 463.070862
v 168.859390 33.395180 452.813782
v 180.801834 37.105694 458.379761
v 183.880890 36.786087 464.064209
v 183.947632 33.935356 466.485046
v 150.096527 32.682747 452.090546
v 161.998734 37.812778 458.880035
v 166.815414 38.469501 464.612579
v 166.253601 34.127407 465.985535
v 132.119522 28.527977 450.074524
v 143.046860 33.526958 455.275818
v 148.300247 35.754929 462.488403
v 151.985107 36.093731 463.867249
v 31.966988 31.150183 406.247925
v 35.217045 30.111023 410.424408
v 37.111168 29.455851 414.960907
v 39.646080 29.701813 420.858582
v 39.654377 31.305937 428.204681
v 36.349495 31.723873 431.941711
v 19.589289 33.416508 399.540253
v 22.829317 33.383392 403.273285
v 26.863464 34.283226 409.333221
v 28.608164 34.880215 414.804932
v 32.915997 35.696079 420.740143
v 33.906445 37.752674 427.480194
v 31.755899 37.308018 432.236816
v 9.194694 34.011353 397.602234
v 12.877359 36.768234 402.483704
v 12.022142 38.483582 408.039124
v 21.843599 38.054291 412.554321
v 14.584283 40.959881 432.622772
v -5.143931 32.797825 396.218689
v 1.071025 35.308834 399.229706
v -0.439603 38.331097 404.701477
v -4.756994 40.144257 409.467651
v -4.769457 40.921650 416.254089
v -2.567307 41.102306 423.221344
v 3.906319 41.512222 428.969513
v 203.161789 28.145010 451.328461
v 207.416321 27.334875 453.570190
v 200.419205 26.532753 455.171295
v 181.777542 22.199005 442.576721
v 193.512878 24.868092 446.697998
v 199.462936 25.336731 453.042542
v 201.494278 26.288441 458.711517
v 196.672623 25.784147 463.432953
v 164.854248 24.327944 441.804199
v 176.952057 28.687546 446.985870
v 184.387970 27.549322 466.223602
v 146.315475 20.346605 440.628357
v 156.805771 27.205576 446.879791
v 148.171341 24.843691 450.941498
v 148.250885 23.722717 460.667236
v 167.427139 27.497185 465.346344
v 121.751579 18.398294 424.604279
v 127.282158 20.418081 429.680359
v 128.363785 22.349293 438.057098
v 138.752060 28.000725 450.566376
v 140.341293 28.744608 455.059662
v 147.027374 28.332361 462.785767
v 150.783249 31.756538 463.941620
v 111.184265 17.040066 424.170013
v 117.085999 19.895569 429.147827
v 120.144958 21.847866 436.336182
v 120.011787 21.712042 443.457733
v 127.538155 24.975605 451.286346
v 131.764572 26.686626 457.163025
v 92.281174 11.196689 422.981781
v 105.748199 16.468346 426.218262
v 108.444374 17.961597 432.277588
v 110.975456 19.081650 439.565796
v 46.022781 21.927485 405.963867
v 53.389977 21.092751 409.861084
v 55.199268 20.263905 415.646423
v 56.829388 19.905455 422.414520
v 58.629555 19.498213 429.587799
v 60.526398 18.748632 435.124084
v 31.294823 25.505384 399.463501
v 39.871052 24.644030 403.076324
v 44.761536 25.767128 409.746826
v 46.937092 25.059208 415.294006
v 49.146580 24.974628 421.501862
v 49.892551 25.871325 428.345642
v 51.439560 25.062578 434.034271
v 16.779211 28.243935 389.045532
v 21.270042 27.572388 392.680542
v 24.518263 27.504118 395.987244
v 32.707455 30.232216 401.960297
v 34.268890 30.964216 434.841248
v 29.614233 26.071287 437.884003
v 6.986807 28.705858 388.212952
v 11.707746 30.107115 391.788574
v 17.220093 32.077457 395.729248
v 16.383173 32.185654 432.377472
v 23.792509 28.943171 435.888702
v -7.758534 28.544464 387.399414
v -3.409044 30.262253 390.536530
v 0.461669 31.939140 393.203339
v -6.974289 32.896866 399.083496
v -7.559318 33.986103 403.400055
v -5.803905 34.351295 409.455688
v -4.333481 32.831490 414.333679
v -1.130799 33.933590 421.834412
v 5.745295 33.441967 428.612396
v -19.818605 27.277935 385.928772
v -14.030376 28.485632 388.179688
v -14.631581 28.384186 391.477661
v -14.440948 28.999304 394.711823
v -12.772918 29.111366 398.647247
v -12.395844 30.785383 404.358063
v -6.899315 31.299702 409.370728
v 195.295837 12.356741 417.696228
v 202.162277 14.026047 423.124237
v 206.533890 16.069372 428.812164
v 211.417633 17.160597 435.065704
v 211.975464 16.141378 439.825134
v 170.965118 8.865174 400.872070
v 176.068573 10.877411 405.877625
v 179.246384 12.619092 411.092712
v 187.255341 14.321639 417.158295
v 192.513443 15.922269 423.341827
v 197.430069 17.764528 429.426056
v 202.090714 19.324596 436.292450
v 205.574631 18.774731 441.443878
v 206.035370 19.600565 449.095978
v 206.301300 16.848686 451.900513
v 157.511734 6.939037 398.997681
v 169.065536 10.685447 403.929077
v 171.774216 14.774701 410.949219
v 173.827179 15.643488 417.018219
v 178.277023 16.349592 423.030396
v 182.689957 17.326611 429.595276
v 189.413162 19.885050 436.694794
v 196.170837 22.019566 444.760010
v 200.420715 22.789530 451.481506
v 205.465210 21.168085 457.387817
v 201.015701 20.355881 464.716095
v 192.583603 13.313979 465.595825
v 152.552780 12.180979 411.868652
v 159.621124 15.291384 416.827087
v 163.117813 15.901258 423.039703
v 165.949005 17.375319 429.835602
v 173.322037 20.104418 435.821472
v 184.186371 21.771551 465.957001
v 179.979370 15.123158 466.441864
v 137.154816 11.941297 410.991333
v 144.166443 14.993391 416.590393
v 147.389404 16.470398 422.865906
v 149.513565 17.623928 429.778351
v 156.264801 20.107950 438.511475
v 152.223572 22.525209 447.554016
v 137.593353 13.936731 444.466675
v 155.766418 22.388552 462.260223
v 167.258072 20.878273 466.783630
v 168.555435 14.962326 467.002594
v 111.422119 9.439374 404.524384
v 122.671455 13.022057 409.353882
v 127.279175 15.211858 415.450562
v 135.180252 18.019829 423.056030
v 137.289780 19.401524 429.614899
v 137.884933 21.390940 438.386841
v 141.316574 22.889040 446.412994
v 149.553528 22.899115 450.438232
v 144.932770 21.929176 460.688477
v 142.451981 17.307009 462.368378
v 95.745239 8.192673 403.512817
v 107.892250 12.006151 406.591339
v 111.724037 14.303098 414.264252
v 118.964531 16.154062 419.961823
v 120.834885 19.946030 447.715912
v 123.554794 19.893322 452.235718
v 125.282494 17.671606 458.102264
v 127.742058 14.877927 460.352753
v 80.294090 6.080780 396.949402
v 86.668953 9.063572 400.796417
v 91.774582 10.912242 406.981354
v 96.351486 13.248057 413.183136
v 105.293465 13.636035 420.350586
v 101.047684 13.287265 428.168762
v 102.451065 13.548039 435.623688
v 106.288025 13.153127 441.792419
v 111.123459 12.701176 446.178894
v 110.252823 14.047540 452.620850
v 65.996178 4.268900 394.812988
v 72.484940 10.445517 397.481873
v 77.196060 13.127542 404.730255
v 79.818665 13.803373 411.600616
v 83.321884 12.921686 418.060425
v 86.174614 11.677241 424.751465
v 86.055588 10.899777 432.289917
v 87.146751 9.896071 437.789978
v 47.116043 17.164127 384.318481
v 54.390221 16.775738 389.437927
v 57.274555 15.358206 396.453766
v 61.466484 17.110275 403.258850
v 65.752747 17.220915 409.982758
v 67.593353 16.268148 416.255280
v 69.918694 14.778729 423.138000
v 71.897438 14.081079 430.834625
v 67.774872 14.016050 438.755676
v 62.075333 12.856569 442.592407
v 36.114418 20.962122 386.189972
v 41.405697 21.101660 390.286041
v 42.724609 20.757959 396.217651
v 48.840439 20.244936 400.546997
v 51.745922 18.185158 438.351379
v 50.149277 15.730541 441.837402
v 15.529926 23.779133 381.497528
v 21.201975 22.835342 385.628693
v 28.985960 24.341028 391.920197
v 33.424103 24.286730 394.659851
v 39.447498 24.453793 437.139008
v 34.425789 19.405783 439.255859
v 5.747324 24.213827 382.475708
v 14.606294 26.813139 385.964325
v 15.890466 27.085335 434.839355
v 20.187780 22.398291 437.462067
v -9.003046 23.560854 383.115784
v 0.870478 26.974165 385.669800
v -5.405462 22.178236 408.957336
v 1.751017 25.887310 411.744293
v 2.049659 26.335714 421.831207
v 4.711081 25.846361 429.042236
v 9.697290 21.751398 434.023010
v -17.100565 22.954344 382.351562
v -12.872218 25.440092 382.907104
v -17.177298 24.090542 388.047333
v -17.001194 24.070271 390.857025
v -15.570561 24.319969 394.326935
v -13.498444 25.401575 399.628754
v -6.542528 26.605875 405.099213
v -6.093477 28.464869 411.442139
v 185.904312 4.516955 405.001404
v 193.441696 4.452472 409.388184
v 201.929016 8.897901 416.302277
v 206.305099 10.119722 421.434387
v 210.467667 11.984035 427.712799
v 214.347565 12.652075 433.802063
v 215.980301 13.230303 438.538788
v 214.853058 9.988954 442.490601
v 173.283005 8.456401 401.546906
v 180.439468 9.133500 405.044403
v 186.657806 9.427336 409.918701
v 191.232452 9.711433 411.900238
v 202.023880 14.331823 439.954498
v 207.304947 12.245976 443.899384
v 198.522675 14.178433 450.256561
v 171.242722 8.985125 401.754608
v 168.254303 9.923886 405.420685
v 155.501480 7.063303 406.353699
v 192.512192 14.123004 444.570038
v 197.483353 13.454109 447.649323
v 203.365479 14.457932 455.769806
v 197.938766 13.794810 464.076630
v 187.843704 8.967747 464.691437
v 139.394424 2.482109 393.497467
v 143.883850 2.757962 397.567444
v 151.290237 5.516300 404.112732
v 158.452042 8.831915 407.736938
v 180.783478 12.292841 466.131256
v 181.405807 11.589044 466.988495
v 128.057037 2.804740 392.678253
v 133.491104 4.989637 397.296356
v 137.049561 6.428917 402.302490
v 144.531631 8.176839 406.925446
v 164.685181 14.128181 466.789642
v 167.426987 9.661128 467.097595
v 101.938148 -0.416449 380.626038
v 107.612671 0.226158 384.789246
v 114.860039 3.353723 390.628632
v 118.150345 5.416332 396.540527
v 124.779083 8.796866 402.902710
v 130.608597 9.268522 405.053070
v 143.504211 12.197996 464.896179
v 89.186882 -1.081163 379.634308
v 96.821518 1.836642 383.727325
v 99.057373 3.523910 389.336548
v 103.403694 5.321290 395.530701
v 109.677032 8.626974 401.594025
v 91.943428 6.669628 403.925781
v 116.233238 10.048803 459.144440
v 126.764923 9.587132 461.433075
v 79.952225 1.028041 373.506958
v 84.087990 1.216825 380.048218
v 84.988174 3.174006 387.418121
v 90.131973 5.567263 394.478088
v 95.863564 7.585459 400.368500
v 99.042740 8.012939 403.805511
v 101.545898 9.004145 445.911652
v 100.564507 9.639009 449.624634
v 105.057426 8.065280 454.801331
v 68.699860 0.824241 372.143677
v 73.474358 5.106495 375.060242
v 73.706940 6.283735 383.614746
v 76.462463 6.998816 392.380432
v 62.636456 4.373114 394.577240
v 87.548630 8.847430 442.696808
v 86.900787 5.661825 447.896027
v 92.441635 3.556947 452.436218
v 51.923229 12.728889 369.189209
v 59.511204 11.124395 374.043793
v 62.284241 12.448258 381.630798
v 66.240570 10.563699 388.608276
v 68.809082 8.076508 394.059418
v 76.689842 11.222994 441.487152
v 67.852371 7.832832 445.053925
v 38.101597 16.623486 371.532745
v 44.371811 17.277163 374.668213
v 49.264450 16.940422 379.199219
v 40.124241 7.096526 441.455933
v 50.765102 10.969731 443.642303
v 20.221901 18.480059 372.685028
v 26.886700 20.374043 377.807281
v 32.230709 20.765511 379.558716
v 31.758560 10.448364 439.884003
v 35.946205 14.609328 440.350800
v 5.558683 18.757915 372.991333
v 14.552915 22.209320 376.897583
v 15.822017 12.757119 436.659943
v 21.186941 16.991590 437.508179
v -9.715449 17.900730 373.989777
v -0.716430 21.786108 378.521698
v -0.266953 20.927301 410.751678
v 0.909702 20.446672 416.572205
v -0.638959 18.741207 423.577332
v 5.080617 17.573103 431.914795
v 10.617655 18.351337 436.587708
v -14.796370 17.471252 374.590576
v -16.419573 18.788260 375.716644
v -20.169401 20.731964 384.830963
v -20.801792 19.705431 388.131866
v -19.407070 19.976236 390.996124
v -15.629975 20.411991 395.206024
v -13.822887 20.774048 400.784180
v -10.735062 19.421425 405.602325
v -8.295607 17.888109 411.277344
v -6.639678 15.118575 417.352448
v -28.654953 17.630587 379.487457
v -28.929562 17.951132 381.230774
v -29.223145 16.903753 385.067810
v -27.807661 16.970654 388.432526
v -25.289055 17.594500 392.134644
v -22.276636 17.553774 396.910431
v -18.170950 16.556978 401.592041
v 205.259979 -3.546839 383.494476
v 212.660751 -3.242537 385.693726
v 219.547119 -4.204258 390.859100
v 221.668930 -5.653213 394.487762
v 189.628754 -5.114868 384.597534
v 199.174118 -2.645495 388.386963
v 201.760010 -2.068207 392.066467
v 211.609512 -2.803039 397.460510
v 209.148911 -3.682465 403.133789
v 211.352478 -2.497579 408.744141
v 213.385010 -0.982036 414.323120
v 215.823044 0.169502 419.389160
v 216.527084 -0.058402 422.177490
v 175.097733 -4.807476 390.082336
v 187.076202 -1.075964 394.313232
v 189.911209 -1.241674 397.970551
v 199.048859 0.579340 404.236786
v 203.769150 1.390583 408.771362
v 207.138657 3.402260 414.310516
v 211.165787 5.307593 420.867584
v 211.227386 6.965558 424.402466
v 213.428772 7.066931 431.458893
v 212.256454 5.482319 435.218842
v 208.317474 5.571927 439.311951
v 169.272003 -4.842968 395.289581
v 174.704849 -1.646649 398.619019
v 181.559250 1.423983 401.992432
v 190.782059 2.388030 433.503784
v 203.024796 6.563438 436.590118
v 207.689392 9.064103 442.265686
v 152.197906 -5.292612 394.041626
v 161.386185 0.242891 398.341553
v 167.120728 1.976587 401.955505
v 188.360580 5.111176 435.854248
v 189.806091 8.394145 438.901093
v 189.711243 8.535863 446.806702
v 200.255341 8.031678 454.663788
v 192.457703 5.179772 458.267212
v 137.371689 -3.944103 387.356689
v 144.930466 -1.269966 391.037567
v 150.012970 0.456496 397.535553
v 156.912903 2.526496 400.772552
v 175.281921 6.264746 442.230316
v 173.240601 4.442715 442.719299
v 182.243088 9.095417 464.163239
v 126.458435 -4.042569 385.234467
v 135.905396 -0.604747 389.066315
v 162.751160 8.372601 465.238739
v 102.698196 -5.501351 372.067810
v 111.520981 -3.502881 378.017853
v 117.163361 -1.698462 384.045135
v 123.787102 0.742267 388.097870
v 142.340378 4.281073 464.256073
v 91.138222 -6.117826 372.505341
v 103.149467 -1.737844 377.224884
v 98.433998 -4.311842 378.230499
v 116.380150 1.539414 459.350677
v 127.061043 1.247251 461.840881
v 83.412949 -2.601784 368.058838
v 88.911980 -2.034371 372.936462
v 92.540443 -2.467242 378.012482
v 96.863510 -3.636615 455.084564
v 102.459206 1.887078 456.045074
v 71.695580 -3.647475 368.100769
v 77.288330 1.646368 369.226166
v 66.914650 0.213205 372.251923
v 85.984253 -0.279045 451.790497
v 95.800629 1.056929 456.311615
v 62.333607 6.129306 369.672760
v 69.558426 4.768280 370.689331
v 61.902710 -2.322577 447.955170
v 71.189453 0.821889 448.413116
v 46.402534 10.209119 369.004608
v 51.334698 2.494778 444.381836
v 59.090069 6.020914 446.174683
v 26.142618 13.243014 370.375458
v 33.137138 4.316159 440.149536
v 9.488405 14.145061 370.133240
v 17.567541 5.242458 436.781311
v -8.433269 11.392548 365.408630
v -2.191189 13.830957 368.576416
v -8.105704 7.374484 411.857300
v -3.929314 10.401013 415.290100
v -1.022492 9.755399 423.973236
v 6.359272 8.418696 432.285126
v -18.181988 9.435572 366.406219
v -18.702755 12.236091 368.056030
v -20.042208 15.558131 375.165497
v -22.172340 9.847984 395.185608
v -18.736902 11.737633 398.927551
v -12.873244 12.234490 405.864868
v -8.706516 14.831215 416.101929
v -2.743093 13.538359 421.312286
v -27.577549 11.413136 371.723145
v -32.913197 11.564792 372.114624
v -35.600666 11.995776 380.851562
v -32.638596 11.344599 384.650757
v -31.674299 12.587791 388.873505
v -27.549837 13.876120 392.658234
v -21.798389 15.191489 400.329926
v -18.201893 14.877260 404.029419
v -54.519737 0.951787 370.167877
v -47.723095 9.464705 374.206879
v -46.256237 9.643345 378.953278
v -50.226406 -1.643478 382.225159
v -67.539024 -13.140922 371.192535
v -58.544823 2.712761 371.847839
v -56.794281 2.982452 376.551544
v -56.258289 -1.997833 380.793823
v 210.857956 -13.347475 370.915710
v 211.712830 -11.584970 373.862946
v 214.227707 -8.925728 378.967926
v 223.936066 -10.063693 384.878540
v 228.475723 -11.010403 390.265656
v 228.421143 -11.180424 396.436768
v 225.098343 -13.321191 398.883118
v 191.615463 -13.318395 371.075653
v 202.632507 -11.202042 372.692200
v 206.512466 -7.634690 381.876343
v 184.230499 -6.736481 385.978485
v 219.194763 -4.756733 398.590942
v 220.250458 -7.626298 402.808014
v 210.670181 -6.879252 407.374268
v 212.467819 -3.554893 413.648926
v 214.678574 -2.939701 417.536896
v 212.179977 -2.244284 419.255676
v 177.782516 -10.400128 383.988342
v 192.668488 -6.284395 388.353973
v 172.078094 -7.290905 391.107086
v 203.590805 -6.871918 409.398499
v 203.025116 -6.379044 412.121490
v 205.321762 -4.899622 416.594910
v 208.629166 -0.288991 421.263519
v 209.271896 1.737092 429.252899
v 204.608566 -1.750517 431.805054
v 166.924103 -10.901310 389.027771
v 178.585358 -7.110364 392.672089
v 173.721832 -10.076406 394.584442
v 176.850357 -8.237485 398.930939
v 180.202805 -5.863043 404.067841
v 182.308426 -4.390841 408.765656
v 185.573792 -3.749154 414.905273
v 193.735916 -0.527396 422.207672
v 197.804016 2.549202 430.241028
v 204.874893 1.728339 434.491730
v 166.116058 -6.041516 395.108276
v 165.737762 -6.269436 397.213654
v 164.663757 -4.315217 399.735382
v 173.821213 -4.197185 404.722443
v 176.367035 -2.876719 409.949371
v 180.251251 -2.122729 417.010223
v 180.887039 0.845391 424.054749
v 184.171234 4.355751 431.491150
v 179.876801 3.691332 435.174835
v 187.464066 2.995099 449.099609
v 190.903976 2.570948 451.267212
v 183.691772 -4.151993 454.936035
v 141.020447 -5.196155 386.547943
v 142.027252 -6.031943 389.983276
v 147.040787 -2.250493 394.652863
v 156.895279 -6.341053 395.541412
v 173.320297 0.543300 428.087219
v 169.422852 2.586282 431.595795
v 173.367584 5.973023 439.080444
v 177.952057 5.261349 446.405090
v 177.833603 2.664845 451.956787
v 180.225815 2.130859 458.650452
v 134.302505 -6.437659 385.261200
v 130.096527 -6.873314 387.905151
v 137.329712 -8.369598 389.127716
v 160.169861 1.567621 435.063477
v 161.498230 4.250119 439.607483
v 165.127411 3.976507 446.652649
v 166.140305 2.321018 454.088684
v 160.700592 3.431687 463.219208
v 104.324318 -12.365576 365.001923
v 112.441238 -10.360241 369.765015
v 114.901306 -9.578875 375.780701
v 120.774887 -6.810060 382.816345
v 119.283401 -9.488604 383.844086
v 132.335022 -11.538982 459.635590
v 139.562881 -0.718324 462.155334
v 96.741943 -11.336411 364.431732
v 102.798637 -6.093921 369.276459
v 100.419289 -6.649781 374.580688
v 93.772675 -9.041276 378.238403
v 120.136826 -5.384127 460.062805
v 131.676788 -3.970340 462.713043
v 85.973442 -9.648370 363.870880
v 93.120018 -6.890605 367.384644
v 95.168701 -6.447730 372.428558
v 98.930344 -6.673113 377.076599
v 98.341148 -13.242899 451.408386
v 99.872162 -5.924251 453.089233
v 109.014168 -4.829892 457.100952
v 69.134209 -9.400698 363.853241
v 82.230957 -5.464620 365.598694
v 79.171959 -4.953198 370.518402
v 79.084717 -5.980059 377.555084
v 80.584572 -5.844342 387.093079
v 80.808006 -6.673625 398.423828
v 78.602448 -9.272295 412.148621
v 78.529221 -14.159070 423.233582
v 77.902138 -20.574377 429.930237
v 82.203773 -23.354389 445.450195
v 88.940521 -17.823420 445.987427
v 89.840317 -8.277642 450.387665
v 90.853020 -4.461451 451.641205
v 70.370056 0.319622 371.600159
v 66.922981 -0.351026 378.449463
v 66.434471 -0.358391 389.251038
v 64.021507 -1.329653 403.032104
v 61.166599 -8.504032 417.645569
v 69.323250 -17.837440 425.394928
v 67.978119 -22.250824 428.863464
v 73.330368 -22.009586 443.872070
v 76.023109 -13.122531 447.692963
v 73.436249 -4.814988 449.494232
v 81.675507 -3.037137 452.493042
v 52.963448 3.867002 371.015289
v 45.936245 3.474729 379.119720
v 43.305714 3.361077 391.387451
v 40.048321 0.850791 405.365051
v 35.655056 -6.855535 417.133423
v 35.579460 -15.860675 424.414917
v 41.132694 -21.910833 430.890991
v 46.303593 -23.909550 436.674683
v 54.046089 -18.413338 443.216553
v 55.578182 -11.183983 444.583160
v 54.681797 -3.779566 443.861633
v 30.726267 7.791905 372.614655
v 18.591030 2.940056 381.370605
v 21.594345 0.580356 395.647644
v 21.128122 -4.331135 407.774170
v 22.427984 -11.164989 418.212097
v 27.152431 -18.247572 425.512146
v 33.173058 -22.633312 431.259918
v 37.365425 -22.476749 435.775146
v 33.633724 -15.492005 436.734741
v 34.120495 -6.862119 438.169067
v 35.631371 -1.527791 439.941040
v 0.305843 0.633298 359.016724
v 2.523008 2.152692 364.510284
v 7.242772 4.662327 371.700562
v 3.458403 2.194908 377.136383
v 4.164569 -9.767257 421.599091
v 13.709746 -8.345424 428.321930
v 17.213207 -2.636266 432.270813
v 18.934233 -0.462801 435.819397
v -7.972918 0.588088 348.491119
v -6.256869 0.689731 351.533783
v -4.682922 1.477265 357.298950
v -2.432757 6.970325 363.009521
v 4.240547 10.297486 367.121857
v -19.717402 0.887668 402.115143
v -13.307996 1.787246 407.764587
v -4.444549 0.071420 414.825348
v 2.955541 4.325373 423.688660
v 5.484818 2.240293 430.238892
v 8.549196 -0.368326 434.181946
v -20.878979 2.882320 349.426666
v -17.593578 4.337992 352.202484
v -16.677719 4.266999 356.705292
v -15.352938 7.565412 363.633514
v -17.930927 7.595208 368.114136
v -31.765585 1.842493 393.604889
v -22.063560 4.683856 395.763519
v -13.507355 9.090432 405.560486
v -9.029850 7.680551 408.696198
v -27.897583 6.297107 346.931396
v -31.734379 3.573892 354.496063
v -30.705814 5.897424 357.480072
v -30.618290 5.727586 362.186218
v -28.416290 7.971252 368.538666
v -33.710423 3.942159 373.592621
v -35.723244 4.678848 382.007751
v -35.853004 5.569396 385.723297
v -34.848824 4.352942 388.705566
v -23.733597 9.325950 393.198090
v -35.171227 8.721662 353.374878
v -43.723068 3.896096 359.495331
v -44.596756 5.408784 363.186554
v -43.637871 6.525590 368.695312
v -35.325142 8.789472 371.548523
v -40.187771 5.036753 380.821289
v -46.120502 1.275582 383.296875
v -44.768147 -0.563105 387.281738
v -51.260288 2.164824 358.785187
v -54.053154 4.435027 361.699829
v -54.071743 2.440003 367.552673
v -61.697308 -1.737381 372.319763
v -60.498280 -4.963896 378.296936
v -58.347633 -3.327485 382.498810
v -56.265896 -7.953887 386.884094
v 214.254044 -17.865377 368.259308
v 220.787354 -18.646341 372.984436
v 224.093719 -18.992264 378.760223
v 227.975739 -19.084017 384.854706
v 225.838593 -20.213326 390.272430
v 225.638947 -16.498524 395.408234
v 223.789703 -15.602765 398.825928
v 205.616379 -15.204387 368.643646
v 199.362244 -15.500591 372.235443
v 197.471283 -16.898169 378.718567
v 200.016205 -19.201609 384.587921
v 210.102890 -19.133158 389.914764
v 211.356293 -17.009922 395.853333
v 213.158249 -13.653864 401.093231
v 207.228058 -11.997375 403.540314
v 190.635208 -12.501854 383.444641
v 191.230316 -15.232278 386.889893
v 192.625336 -16.436878 391.442810
v 195.814606 -15.432342 395.951538
v 197.134811 -13.858594 400.661682
v 198.605057 -9.856733 405.644135
v 197.308105 -8.240710 410.950562
v 200.118790 -7.464653 415.801300
v 197.943237 -8.080668 417.846710
v 180.649673 -12.720371 388.809509
v 182.161713 -13.213592 391.991364
v 185.042282 -11.630922 396.759705
v 187.912857 -9.846002 402.008240
v 189.190369 -7.884584 406.877289
v 191.781662 -6.703184 411.917847
v 194.433884 -6.659749 417.034363
v 195.555084 -5.765015 419.948822
v 170.178940 -6.383901 400.022369
v 168.844330 -6.382561 403.328003
v 172.126923 -5.330854 409.388275
v 176.196991 -4.320340 415.901886
v 176.145615 -4.435932 419.518097
v 146.791199 -10.622650 391.579193
v 158.724289 -8.309532 396.240570
v 161.841324 -9.154778 401.708862
v 162.060074 -7.980612 408.601440
v 165.548584 -5.349541 415.833069
v 167.465881 -1.670552 423.205811
v 163.820282 -2.297602 426.797180
v 123.438843 -16.328531 381.195892
v 131.270981 -12.511028 383.427429
v 137.223343 -11.862069 387.386169
v 156.240204 -7.266603 412.581909
v 149.210587 -6.723170 416.862885
v 151.168427 -3.531250 423.507812
v 155.146881 0.468098 432.132874
v 151.260620 0.526515 440.159668
v 161.929962 0.831717 446.691193
v 162.683548 -1.761472 454.544373
v 154.926422 -9.940612 457.963348
v 109.265541 -17.403751 363.857330
v 114.521667 -16.931908 368.009918
v 115.665390 -16.412071 374.393616
v 119.012360 -15.229763 379.402191
v 124.361984 -10.990389 383.568268
v 141.460632 -6.088339 419.148712
v 138.924606 -5.220206 423.525360
v 141.803726 -3.794309 431.007019
v 139.977112 -4.397747 434.973541
v 136.694443 -10.145909 458.179413
v 146.891769 -7.003396 460.108307
v 100.690651 -16.638792 362.838898
v 109.800941 -18.153870 397.845947
v 111.554062 -16.801115 400.806610
v 110.912598 -16.176607 409.140594
v 111.978371 -15.982589 416.697113
v 113.795746 -16.483278 424.055817
v 113.620255 -18.795391 430.785370
v 122.919563 -16.321604 456.920013
v 91.349594 -14.067672 363.444519
v 87.878700 -16.783703 366.552216
v 91.161377 -16.594175 371.908691
v 95.175598 -16.372341 379.569641
v 98.357750 -16.756191 388.350342
v 97.682060 -17.166414 397.805328
v 101.373283 -15.784510 408.549835
v 100.982376 -16.643316 417.720642
v 101.765320 -18.478907 425.910461
v 103.363289 -21.161093 433.726959
v 103.984261 -23.031012 439.971313
v 103.864044 -21.645136 443.869293
v 104.527931 -15.123981 448.514038
v 106.946289 -14.388130 452.979309
v 111.658157 -16.398195 456.176331
v 82.927940 -10.561805 364.072601
v 83.285301 -11.057353 368.316833
v 86.494598 -10.863190 375.092407
v 89.761360 -10.630127 384.160156
v 91.367805 -11.372081 394.032501
v 90.487724 -12.477967 404.820007
v 88.841354 -14.788574 416.210968
v 89.263977 -18.177263 425.472717
v 87.916687 -22.460203 432.860046
v 87.970078 -25.419790 439.092865
v 91.341629 -22.790836 444.132080
v 98.436714 -17.279106 447.595917
v 98.120216 -15.947156 448.773682
v 59.373661 -18.752750 420.887268
v 62.823257 -24.352884 426.364807
v 72.777542 -25.568937 433.629608
v 72.538757 -28.662073 439.941803
v 75.101387 -27.332390 442.148743
v 51.630463 -17.430889 423.000031
v 52.085869 -24.555141 429.921265
v 56.527336 -27.547192 435.725677
v 59.751102 -28.014780 440.195526
v 62.422527 -25.607048 442.542603
v 3.390429 -13.959803 382.875275
v 12.503262 -9.645705 388.376251
v 14.393593 -11.727549 400.366882
v 15.773705 -17.129967 410.258392
v 20.332432 -22.836199 418.511017
v 26.898563 -27.544971 424.978577
v 26.162306 -29.202642 428.117523
v 29.286781 -23.741127 430.639404
v 27.125891 -22.937044 430.495941
v -0.315322 -12.331261 352.562561
v 3.918245 -8.959316 359.485504
v -0.074469 -6.964246 366.909393
v -0.249995 -8.415277 377.603821
v 9.050472 -3.366777 381.308838
v 12.584366 -25.807438 424.612488
v 12.616537 -18.530527 425.442352
v 23.300390 -18.037228 430.276154
v -5.082364 -6.044905 348.291779
v -0.075539 -7.326773 351.941589
v 3.183858 -3.634300 354.556519
v -32.051228 -14.174406 403.731140
v -20.820026 -9.685202 407.077820
v -9.763792 -14.070113 417.275635
v 2.104547 -10.361868 419.099335
v -16.116680 -3.191880 348.237122
v -34.567829 -6.881417 398.302979
v -23.004730 0.677751 399.794067
v -26.780476 0.523511 349.958221
v -32.124599 -2.091863 352.981018
v -37.600666 -5.503629 392.797424
v -42.878464 -0.051433 356.486511
v -36.460007 1.052359 356.835571
v -46.359764 -7.635376 390.529022
v -47.503578 -3.371927 354.770020
v -52.095230 -0.034502 359.032043
v -57.633911 -1.694965 362.953674
v -59.915668 -6.031247 368.167297
v -61.245869 -10.081243 374.173737
v -61.791172 -13.659850 380.351227
v -61.115479 -15.325210 385.589905
v -54.634953 -13.101383 388.954041
v 212.886276 -31.367382 362.503754
v 216.525955 -27.332222 366.612457
v 222.326401 -27.689510 372.237244
v 220.533890 -29.467123 378.638062
v 223.254669 -25.167471 384.382507
v 221.503876 -24.220242 387.997345
v 195.796051 -29.801861 363.329834
v 205.628845 -26.966471 366.277832
v 202.105026 -25.012705 371.899963
v 208.727081 -26.064026 378.829895
v 214.896957 -24.182365 386.236206
v 218.037109 -22.084179 389.253265
v 163.732315 -15.656670 393.479004
v 170.436493 -15.157152 399.178345
v 174.343277 -13.492860 405.579071
v 177.347183 -11.549344 413.046417
v 178.452469 -10.209740 420.049774
v 178.449188 -10.894686 424.510834
v 153.655640 -12.772214 389.985748
v 152.929214 -14.579773 391.008453
v 163.092422 -11.654490 400.160431
v 162.779709 -11.758419 407.597015
v 165.529800 -10.040378 414.599121
v 167.561508 -7.919510 422.335327
v 167.973602 -7.846151 429.277496
v 167.943237 -8.274797 436.296539
v 166.329773 -11.804763 440.428589
v 130.886612 -16.049200 380.597931
v 131.069992 -17.009655 381.763489
v 136.107544 -15.609176 387.537170
v 141.906876 -17.789272 387.472412
v 154.580841 -8.032844 411.032074
v 149.959335 -10.665532 416.009308
v 151.674103 -9.130943 423.324768
v 155.147766 -6.781390 430.511414
v 158.532425 -4.078979 438.753540
v 160.657974 -5.327454 445.759949
v 153.673691 -8.782738 453.220490
v 153.458527 -16.601072 456.106689
v 100.277542 -29.871799 358.233276
v 110.387222 -25.231955 361.708099
v 113.849586 -24.415777 367.949158
v 112.187752 -26.728073 373.875092
v 119.113770 -20.084894 378.400635
v 122.713646 -19.103367 382.727173
v 123.567299 -19.784018 388.188873
v 123.792244 -20.222145 393.911377
v 125.630409 -19.384491 400.324127
v 128.142761 -17.769693 406.983948
v 135.672409 -12.669274 416.116455
v 136.808060 -10.916718 423.293518
v 137.779175 -10.572342 430.440460
v 139.536057 -10.041256 437.652405
v 138.160080 -14.713081 443.775665
v 140.229538 -14.149320 455.730042
v 148.785843 -17.543015 457.503296
v 89.190742 -29.597506 359.423798
v 99.937866 -26.474403 359.657990
v 99.640266 -27.621628 366.892395
v 103.109764 -26.305525 372.926178
v 108.891914 -20.956099 378.868439
v 113.173767 -19.916424 385.960815
v 110.742462 -19.906872 394.018524
v 118.863548 -17.795023 400.809052
v 119.618187 -16.124113 407.456421
v 121.840553 -14.254163 414.303680
v 124.257210 -13.067749 421.806824
v 123.681717 -14.546020 428.764465
v 123.446106 -14.936691 434.226166
v 125.158638 -15.522953 441.371735
v 125.269279 -16.855560 448.339111
v 126.258774 -18.281071 453.992767
v 95.191940 -19.945465 364.223511
v 96.623177 -21.207970 369.339783
v 100.639809 -20.472761 375.520020
v 103.942818 -19.451969 382.933380
v 106.301369 -19.190588 390.349213
v 109.127022 -18.389261 394.700775
v 112.808365 -19.682379 436.482819
v 113.242676 -19.590416 441.567139
v 113.428116 -19.065422 447.140625
v 112.114235 -21.890154 451.527802
v 113.941505 -29.301928 457.045746
v 10.700806 -20.516462 384.027740
v 8.572206 -23.148619 393.706940
v 10.097018 -27.612247 403.272461
v 12.001800 -31.309103 411.183075
v 17.132376 -33.674778 417.489655
v 24.078074 -34.718666 421.858887
v 20.811350 -35.239857 423.039368
v -4.156708 -29.191111 349.743561
v 3.793877 -25.249931 354.995422
v -0.065766 -24.549099 362.182068
v -3.414582 -25.776485 372.970947
v -1.208023 -28.946566 385.671875
v -1.588916 -37.693001 396.559143
v -0.020483 -39.764133 404.482452
v -4.369291 -40.455608 408.736450
v 1.445102 -34.621277 414.672455
v 9.477698 -33.123329 418.167572
v 14.822339 -31.423122 421.938873
v -14.110352 -24.023964 346.029938
v -2.005439 -20.085487 349.016846
v 1.188329 -17.119965 349.558319
v -22.649364 -35.886436 407.536713
v -21.807673 -25.379601 408.047028
v -5.576716 -23.229675 415.755890
v 2.018738 -25.816668 419.544617
v -24.500919 -18.260426 347.000397
v -11.942851 -11.759051 347.532532
v -35.512577 -30.449942 404.003693
v -40.119930 -25.402803 401.474365
v -36.427498 -13.016364 345.141968
v -34.689014 -11.972871 347.751678
v -30.688782 -4.815903 351.744324
v -44.923973 -19.863949 396.650177
v -46.797531 -9.830680 351.446289
v -37.940048 -4.467790 352.908722
v -50.728844 -22.566866 394.167572
v -56.065117 -18.948620 351.682373
v -53.469387 -8.278353 354.903625
v -56.226482 -7.864649 359.018616
v -60.008793 -14.689244 364.611542
v -62.508389 -20.052637 370.924774
v -63.398975 -23.744087 377.345306
v -63.416389 -27.196787 383.177856
v -63.489094 -28.801861 388.616791
v -58.440453 -26.174856 392.207886
v 212.248795 -40.315010 356.165863
v 216.319473 -36.854073 361.331848
v 216.702850 -37.729744 367.012634
v 218.849167 -33.516655 371.773346
v 216.846588 -33.351456 375.186798
v 196.361664 -39.583851 356.027222
v 206.949966 -36.277145 360.355927
v 208.678284 -35.844433 366.871979
v 210.746780 -31.934084 373.282532
v 214.370895 -31.026264 376.751862
v 183.049774 -23.240242 399.645996
v 188.499283 -22.335785 404.549591
v 188.749817 -21.382736 410.436798
v 187.965073 -23.617285 414.900513
v 167.676575 -20.469875 392.140503
v 175.863235 -19.499638 397.240509
v 183.671539 -16.823080 404.899963
v 185.049911 -15.178669 411.746643
v 181.457245 -15.798573 418.415405
v 174.128265 -16.386681 425.861908
v 178.528107 -18.056259 433.351532
v 177.348297 -23.611252 438.428284
v 155.601700 -20.031479 389.008270
v 175.972412 -10.161496 430.464447
v 174.096298 -12.384340 434.519684
v 167.909149 -16.424950 442.677856
v 166.877930 -25.265505 445.182648
v 137.486099 -19.229586 387.002411
v 137.808426 -22.086388 388.464752
v 164.987106 -11.385596 446.561554
v 156.830551 -18.219007 449.157745
v 98.333763 -41.655487 354.938049
v 107.681877 -35.454411 357.372559
v 110.468567 -33.042637 362.388611
v 113.143623 -33.527679 368.585663
v 111.799080 -37.922501 373.004669
v 132.382401 -20.334335 388.347748
v 131.095078 -22.790159 393.670898
v 130.443649 -25.074390 400.864380
v 132.211823 -24.372574 408.318573
v 134.944565 -23.139261 415.824432
v 136.268616 -22.938309 422.517059
v 138.795273 -22.119997 428.784851
v 141.327850 -22.420542 435.994232
v 143.619095 -21.944876 444.520325
v 148.427521 -18.781645 449.731964
v 87.393227 -40.652336 356.020081
v 98.475563 -36.447929 356.443634
v 98.295761 -34.285290 362.722900
v 101.890320 -35.539532 369.475098
v 106.237106 -35.107361 373.228149
v -4.847067 -41.856052 353.991089
v -1.630894 -41.844620 359.102753
v -3.883402 -44.814880 368.565826
v -6.375867 -47.004131 379.979828
v -5.827033 -48.811012 389.572357
v -5.231359 -52.789360 397.422028
v -5.801244 -46.602394 402.285645
v -9.765639 -46.964676 402.384644
v -15.412485 -35.606865 347.511749
v -11.035204 -40.286205 350.065460
v -11.849493 -53.882198 397.202515
v -13.061060 -51.321056 401.021667
v -22.063889 -49.563030 403.849091
v -25.869623 -30.933149 346.715118
v -35.220154 -38.797215 403.064789
v -43.956882 -43.923622 402.081329
v -34.705746 -22.332565 347.544800
v -41.806671 -25.602646 350.544067
v -50.161690 -37.605644 399.910645
v -45.837818 -17.914627 351.665863
v -53.548519 -28.212690 354.757568
v -56.093487 -37.470715 397.460327
v -53.322514 -14.455740 352.249786
v -56.352032 -17.714602 355.719025
v -60.855610 -26.106131 361.195343
v -62.494438 -30.952581 367.210449
v -64.048264 -33.983185 373.576996
v -64.440125 -36.819225 379.792175
v -64.850082 -39.689816 385.384918
v -64.874420 -41.897316 391.170532
v -62.061028 -41.133133 395.390900
v 206.764221 -47.993652 339.531586
v 208.434311 -48.487202 345.187561
v 209.833405 -48.102001 350.324646
v 213.575684 -44.128361 356.133789
v 215.409103 -45.120743 360.444061
v 210.634384 -48.766388 362.862366
v 193.952713 -47.976303 340.972687
v 202.365845 -48.522480 343.269806
v 202.972336 -48.984081 348.548157
v 206.682449 -45.005657 354.276215
v 202.997345 -45.364090 359.616058
v 205.949646 -45.737335 363.622162
v 166.875580 -35.975719 371.966522
v 172.306229 -34.624603 377.104279
v 175.802628 -34.005684 383.672852
v 179.634094 -33.189526 390.509583
v 184.881058 -29.906815 397.389526
v 190.175186 -30.310513 404.041748
v 190.846863 -31.178362 409.878662
v 185.469864 -32.449520 416.849274
v 187.089371 -38.071819 421.872589
v 157.836624 -33.812962 370.610748
v 164.297653 -31.315210 375.280457
v 167.648193 -29.290104 381.717834
v 171.160110 -25.847977 389.079224
v 180.441360 -26.217718 394.426575
v 185.437698 -21.526077 420.307648
v 180.052551 -26.327139 424.943115
v 181.227600 -28.683262 433.601654
v 179.015198 -33.441753 439.757721
v 145.847443 -32.390686 370.684479
v 153.358078 -32.931545 372.346130
v 151.298111 -31.611992 379.220490
v 159.480576 -25.109013 385.805359
v 167.979172 -29.240925 444.451874
v 162.913361 -32.137814 444.454468
v 128.899475 -39.815891 381.445801
v 137.745850 -34.423721 382.634064
v 146.111862 -26.548042 386.035645
v 158.621872 -35.271690 444.778381
v 153.220459 -33.542168 448.463531
v 102.869614 -42.349323 354.460785
v 105.453850 -41.607338 358.472107
v 108.091812 -40.965797 363.717682
v 110.979286 -42.314861 369.331390
v 108.003120 -43.548824 372.004120
v 118.111420 -39.501244 382.275055
v 128.163330 -39.391548 385.542114
v 132.048782 -35.299778 390.630737
v 125.061012 -41.824558 403.039398
v 129.270355 -38.661934 411.028870
v 130.250381 -37.363262 417.038025
v 132.385132 -37.358059 422.406647
v 134.669479 -36.692814 428.592590
v 136.692322 -37.964779 435.280029
v 143.693253 -34.433731 443.234253
v 148.011520 -31.296728 447.724152
v 99.504082 -42.110519 356.208618
v 98.836113 -41.163067 359.761353
v 102.682877 -42.010506 365.830780
v 105.724274 -42.724915 371.251221
v 105.586906 -41.122684 373.066345
v 114.758987 -50.224960 405.962738
v 113.636734 -51.245689 410.590515
v 118.706642 -48.929291 415.408936
v 120.114021 -48.008701 420.055267
v 117.692665 -51.387409 424.867615
v 128.752991 -48.735813 429.119202
v 96.669418 -56.179562 412.445007
v 106.007149 -57.265686 413.783539
v 106.701172 -57.382935 419.104126
v 111.716965 -57.522167 423.015930
v 66.195114 -71.506805 419.704498
v 69.385017 -71.767372 420.550659
v 55.779110 -71.010933 420.636536
v 59.503109 -70.451515 422.514557
v 36.379345 -70.877602 418.891235
v 42.425220 -70.101418 420.654510
v 46.145176 -69.817924 423.617767
v -9.122640 -53.003494 357.974030
v -10.563889 -55.621887 364.659302
v -9.982575 -58.141891 375.200226
v -6.961697 -58.247402 383.277313
v -4.222953 -58.384304 390.002716
v -4.097812 -61.101418 392.769257
v 11.979959 -66.977531 410.306152
v 21.201187 -67.036621 412.725708
v 25.538820 -68.172157 417.105042
v 27.724762 -66.413254 421.611816
v 28.882048 -67.972679 424.081299
v -30.706596 -55.238998 346.903748
v -21.715754 -52.117847 350.790710
v -18.190378 -56.880878 358.908081
v -20.501402 -62.317810 369.639618
v -16.437328 -63.089470 377.763977
v -11.902987 -63.205532 383.568207
v -8.516363 -62.669708 389.110291
v -8.169520 -62.076565 395.906006
v -11.695985 -58.765530 400.775604
v -15.618719 -60.965214 403.288788
v -5.628537 -63.944664 407.473053
v 1.322299 -64.189964 411.446960
v 10.145091 -65.194305 415.587921
v 12.870029 -65.637489 419.499023
v 17.295895 -67.717545 422.832703
v -38.898750 -49.229912 345.792511
v -28.526054 -45.368992 346.599304
v -35.412064 -50.065815 403.900970
v -33.743198 -55.285583 405.535461
v -28.049416 -59.408020 409.350464
v -51.606373 -45.643833 343.358643
v -47.485550 -40.217636 344.578735
v -46.086651 -36.215271 350.595551
v -50.964172 -49.732201 402.876251
v -48.564480 -55.899761 406.123871
v -59.061726 -41.682465 347.941528
v -52.739841 -36.924751 351.267120
v -55.991924 -42.826271 355.988556
v -59.575855 -50.074074 399.767944
v -55.099442 -53.016914 403.772156
v -60.090736 -35.725315 358.232819
v -63.398064 -41.734215 362.494843
v -63.747101 -43.641132 368.281281
v -64.359535 -44.909573 374.288605
v -64.692383 -46.690056 380.444336
v -64.783333 -49.122379 386.364532
v -65.318817 -51.258827 392.460327
v -63.505611 -50.962978 397.031677
v 214.581863 -53.156097 346.625336
v 215.604523 -52.153233 351.114471
v 215.527756 -52.853565 355.205811
v 214.775528 -55.179096 357.038757
v 207.336578 -52.725262 341.442596
v 211.024490 -51.113766 346.197693
v 213.862259 -49.930477 350.941498
v 214.304535 -50.131275 355.452118
v 213.280273 -51.671520 360.046509
v 205.695694 -56.144394 360.575073
v 202.407059 -51.087265 340.633392
v 199.503036 -53.739555 344.032379
v 198.237076 -53.222301 348.398987
v 197.897797 -53.436600 354.164276
v 196.852081 -52.760036 358.667053
v 199.704041 -51.087910 363.328796
v 192.098236 -55.507446 364.439972
v 189.481552 -57.074001 367.508331
v 184.057114 -58.257782 348.501038
v 187.738678 -56.428478 351.086090
v 187.758041 -56.322342 355.002289
v 187.721710 -55.373287 359.034271
v 181.321259 -51.228596 363.495056
v 181.704346 -50.234993 367.502594
v 180.492783 -51.391289 372.572968
v 180.850296 -52.953964 375.670471
v 160.220001 -50.613186 354.992218
v 168.749298 -48.139679 360.399200
v 170.294540 -46.122429 364.869324
v 173.976196 -42.292271 371.426147
v 178.472183 -43.801369 378.143463
v 179.681213 -42.892517 384.472198
v 183.154617 -41.800571 391.242249
v 187.219467 -42.163330 397.937469
v 188.318588 -43.230312 404.100372
v 189.602753 -44.315727 410.445282
v 191.235565 -46.238567 417.065308
v 188.108688 -49.842793 422.499664
v 150.165985 -47.835331 354.076813
v 154.532715 -45.317993 357.082397
v 157.604370 -43.307110 361.250000
v 162.883698 -38.823185 366.851654
v 184.344864 -39.432327 427.826141
v 182.853653 -42.753746 433.802307
v 182.420914 -47.341255 442.320099
v 181.551254 -59.361042 445.464233
v 141.903366 -47.656788 354.840637
v 143.723572 -46.462196 355.354431
v 143.803177 -44.843433 362.004425
v 153.224274 -39.926506 368.543976
v 149.467255 -36.212013 374.504852
v 143.425278 -33.444202 377.974335
v 172.176651 -42.028954 444.337097
v 178.657440 -52.636383 445.815460
v 112.314026 -54.183800 356.149475
v 118.607536 -51.677769 359.037811
v 121.547073 -49.633034 362.736542
v 127.045570 -47.575840 365.543274
v 134.719757 -45.190781 369.013763
v 138.314423 -40.070126 375.656555
v 144.026138 -36.012356 378.052795
v 161.092316 -38.683472 445.015533
v 154.089294 -50.017208 447.246277
v 89.685387 -59.661354 346.522308
v 93.898552 -57.893612 348.847656
v 98.152191 -57.380085 353.268860
v 102.807480 -54.894154 357.709625
v 108.124313 -53.879864 363.179199
v 111.167664 -53.057228 367.854218
v 113.945221 -52.082661 372.058533
v 117.508018 -51.174786 376.256531
v 121.845444 -47.278465 381.776947
v 122.398476 -48.483345 390.952209
v 123.901169 -48.738129 397.844727
v 122.283112 -49.103905 400.709229
v 137.869461 -50.227795 435.718079
v 145.156403 -45.814678 442.690765
v 148.677017 -46.686897 447.067017
v 77.497437 -60.876415 347.153107
v 79.614372 -62.134441 348.829681
v 85.229324 -59.272842 355.680908
v 89.125313 -58.748608 360.886597
v 92.145538 -58.234360 365.861877
v 95.438560 -58.881638 371.174347
v 98.964928 -59.083019 375.848450
v 103.857155 -58.679359 381.362457
v 107.390656 -58.275978 386.081207
v 109.605217 -58.052216 391.657654
v 111.795799 -58.617531 397.948700
v 115.215256 -54.244423 404.822388
v 108.020988 -57.557934 408.216522
v 116.693985 -58.617016 428.446320
v 117.775162 -56.433430 430.406830
v 63.628937 -63.332333 353.325317
v 72.325134 -62.885674 356.015106
v 74.921318 -63.287807 361.300598
v 78.109299 -63.170727 366.245636
v 81.914406 -63.599392 371.683624
v 80.639084 -65.578682 377.948395
v 87.271858 -64.329384 383.410065
v 92.646843 -63.823895 388.951721
v 95.526909 -63.698635 393.655090
v 97.261436 -63.707520 398.515625
v 99.953613 -64.190697 404.186127
v 101.612083 -60.513943 411.226776
v 99.489532 -65.394424 416.764648
v 99.385178 -66.199257 421.886261
v 101.570938 -66.653458 425.872681
v 109.212753 -65.033272 427.358490
v 58.446514 -68.034927 382.096527
v 68.133339 -69.180824 384.467163
v 76.052849 -67.282738 389.968262
v 80.598778 -67.446213 395.333221
v 83.624748 -67.714699 399.970734
v 85.636635 -67.749382 404.839355
v 87.200325 -68.568085 409.889465
v 88.498299 -69.899734 415.567841
v 88.516182 -71.549408 420.822601
v 87.278946 -72.311470 425.974915
v 81.512100 -75.437630 429.035736
v 56.273697 -71.163033 388.167053
v 62.407032 -69.806404 391.959229
v 66.769836 -69.808708 396.941132
v 70.143608 -70.470451 401.639160
v 72.472107 -70.763908 406.285156
v 74.080620 -71.479034 411.212372
v 73.524414 -70.904922 416.586823
v 72.571114 -72.805641 421.793701
v 75.815338 -73.258621 425.607330
v 74.533440 -75.565300 428.821442
v 34.003056 -73.228455 387.035919
v 42.936192 -71.611504 389.669586
v 51.568871 -71.110237 394.251709
v 55.244884 -71.291672 398.693939
v 58.006939 -71.864395 403.344696
v 60.636742 -72.310265 408.023529
v 61.740623 -72.724617 412.578217
v 65.314316 -71.928154 416.108978
v 60.652096 -72.821304 424.124451
v 60.571438 -74.440704 426.841370
v 58.597713 -75.838577 432.476044
v 52.050430 -80.463531 436.809326
v 25.812979 -71.972694 387.487518
v 34.250736 -71.293571 391.619751
v 38.261440 -71.320007 395.647675
v 42.055305 -71.929527 400.238861
v 44.919712 -72.385864 404.867340
v 46.735489 -72.822678 409.288513
v 47.039387 -71.934052 414.048981
v 53.899384 -72.374695 417.605957
v 45.339508 -73.837463 424.705414
v 48.458580 -74.747215 426.537018
v 48.960426 -76.279182 431.104980
v 48.538738 -77.983963 435.891510
v -8.227850 -69.691132 372.989990
v -0.327141 -69.237633 376.963409
v 4.784728 -69.397095 381.622559
v 11.037656 -69.991325 387.314148
v 18.699923 -70.353241 392.216064
v 22.341988 -71.035660 397.283569
v 25.825171 -71.746735 401.897736
v 29.646252 -71.378883 406.257721
v 34.832355 -70.777634 411.370056
v 37.983032 -70.938377 415.225555
v 30.766443 -71.772423 425.754120
v 23.055788 -73.908211 426.224243
v -29.924597 -61.119125 349.449951
v -26.110683 -63.453495 355.686188
v -23.938728 -66.136467 364.232300
v -15.499386 -67.342018 372.224640
v -10.108640 -65.916008 377.578552
v -5.032181 -65.607552 382.518646
v -1.835545 -65.762825 387.721497
v 0.926140 -65.994179 393.213928
v 3.678881 -66.694817 399.045410
v 6.381049 -67.680550 403.651581
v 13.565277 -68.190735 406.398773
v -4.338698 -66.167618 412.915039
v 0.753784 -68.029930 415.463226
v 7.799400 -68.067688 419.650726
v 14.649761 -69.577728 423.647369
v 18.519848 -72.194061 425.842834
v -36.267838 -57.307323 346.602386
v -21.951069 -62.480591 411.251465
v -19.188915 -65.820847 412.497803
v -43.385445 -50.816715 345.805847
v -47.676292 -53.070091 347.912140
v -43.377102 -59.461346 409.126587
v -39.074341 -61.954651 410.622986
v -53.852993 -45.856812 349.322632
v -55.036907 -48.262749 352.660065
v -56.452404 -51.413280 356.330414
v -58.196606 -56.940990 401.667450
v -54.762672 -57.977928 405.269287
v -47.900772 -59.528019 408.072174
v -61.827702 -47.914562 358.529449
v -63.986824 -50.671108 362.421814
v -63.597885 -51.238068 367.830475
v -63.778496 -52.113441 373.741913
v -63.901875 -53.016083 379.592255
v -63.626633 -54.969112 386.155487
v -64.400650 -56.625881 392.723236
v -62.234341 -56.655106 397.573212
v 212.441574 -60.645741 336.310577
v 212.739807 -58.952518 341.828003
v 215.442123 -56.166321 346.956879
v 216.036285 -56.476036 351.207275
v 215.928009 -56.969589 355.044861
v 211.697754 -59.562786 357.370056
v 202.499435 -58.666317 328.041595
v 207.007751 -58.576454 334.272247
v 208.490097 -56.576660 341.221985
v 211.197876 -55.681400 344.313263
v 208.800659 -58.147995 358.624786
v 203.944809 -61.062553 360.785828
v 201.515350 -64.696732 361.509033
v 191.288010 -59.102997 330.331299
v 195.030212 -59.393848 330.499359
v 198.945923 -57.250610 337.519501
v 196.793472 -58.921116 343.766754
v 190.830185 -60.058136 345.962830
v 202.346786 -57.243958 361.764984
v 197.150009 -60.551685 364.253113
v 189.476242 -63.707394 367.248291
v 177.874817 -57.811886 330.002411
v 184.162704 -57.410717 335.641846
v 185.122147 -59.150467 340.988434
v 187.154922 -56.986626 346.244781
v 182.266418 -59.142097 350.133118
v 181.745544 -58.302887 354.117615
v 181.203262 -57.087349 358.952942
v 175.734268 -60.818790 363.657135
v 185.453644 -58.070606 369.586304
v 180.685928 -58.447247 372.837952
v 182.250427 -57.452217 376.746429
v 158.398880 -57.182686 328.071533
v 165.736481 -55.981533 332.061981
v 169.502258 -56.865284 337.864563
v 170.016769 -58.261829 342.718811
v 169.829559 -58.495625 347.119049
v 169.718292 -57.632652 351.092163
v 172.893326 -54.198673 356.510956
v 176.453857 -54.747181 359.959839
v 178.141251 -59.844650 376.628784
v 176.702805 -53.166313 378.128845
v 179.481537 -53.329960 384.461212
v 182.496567 -54.142395 391.348907
v 184.976166 -55.742325 397.881256
v 186.807510 -56.835163 404.200409
v 189.009506 -57.985634 410.941925
v 189.063492 -62.333649 418.103210
v 187.366226 -59.527519 421.943634
v 137.227692 -57.209682 329.909576
v 142.129578 -56.421158 329.537872
v 149.188751 -56.019604 335.675964
v 152.536331 -56.838696 340.750977
v 154.015167 -56.871124 345.168182
v 154.313553 -56.114483 348.639008
v 158.717407 -53.595551 351.785217
v 183.449493 -62.726322 422.125000
v 179.414154 -57.223743 427.734650
v 182.875595 -52.260864 435.235718
v 185.169357 -56.922729 442.681427
v 178.307846 -65.863266 443.616669
v 116.580345 -59.289921 331.007416
v 123.064430 -56.845844 332.819092
v 128.272934 -56.363552 336.964020
v 132.606842 -56.856796 341.178619
v 135.457123 -56.324543 345.074158
v 138.053223 -54.888371 348.332245
v 140.811005 -50.264793 353.351990
v 137.916504 -48.919353 356.768158
v 136.550858 -46.921673 361.091034
v 170.653976 -59.420578 430.723114
v 173.963318 -56.319916 437.021088
v 174.975052 -55.888874 444.493317
v 173.955521 -65.500153 445.140564
v 97.160225 -58.515320 332.410522
v 106.855385 -58.817425 333.060364
v 111.777954 -57.361229 338.845642
v 115.753441 -57.430828 343.523834
v 118.994324 -56.895725 347.225189
v 124.680016 -53.595116 351.051025
v 128.437454 -51.466713 353.854126
v 130.092819 -49.767879 357.572418
v 133.320465 -48.192188 360.548340
v 159.317963 -60.328110 430.989136
v 157.522568 -60.861351 436.605927
v 160.430099 -53.085880 443.769836
v 148.290100 -59.834175 443.819763
v 89.638336 -61.017128 338.145447
v 97.503479 -58.362133 340.808380
v 105.317368 -57.071655 345.786072
v 108.087936 -56.793808 349.926086
v 111.581505 -55.165272 352.283752
v 126.525391 -65.437874 426.264587
v 142.356979 -60.869911 435.937622
v 148.657394 -53.838829 444.207916
v 143.427261 -62.808170 445.121765
v 75.926575 -65.070099 341.147949
v 79.882782 -63.954052 343.110229
v 72.419411 -64.825233 348.950378
v 117.525963 -67.603920 426.537933
v 122.324409 -62.648220 429.485168
v 58.507816 -67.588463 342.876648
v 68.730560 -67.288368 344.372314
v 70.223427 -67.433167 348.207733
v 69.271431 -68.617157 357.256958
v 68.992538 -70.393608 362.717072
v 72.559669 -68.918716 369.528259
v 75.267616 -69.641335 374.613556
v 67.817879 -67.645576 377.874939
v 98.932594 -72.447975 426.310120
v 108.090759 -64.715683 428.209381
v 51.750015 -75.079842 361.752258
v 55.887966 -72.596886 364.935974
v 61.290417 -71.268372 369.799377
v 63.991821 -72.070572 374.644684
v 67.286034 -71.264130 379.240265
v 55.144173 -70.167618 383.761719
v 85.154816 -76.550186 426.594238
v 80.910065 -78.310402 428.044312
v 35.722862 -73.509628 362.586609
v 41.881306 -74.825203 365.477417
v 49.224552 -72.284271 371.371613
v 51.982605 -72.825500 376.116943
v 54.854591 -73.470245 379.795258
v 60.831959 -72.351837 382.923157
v 74.755203 -80.966705 427.714294
v 69.720222 -80.269516 430.086975
v 29.749683 -73.990685 368.667206
v 35.979923 -73.175568 372.973633
v 38.870892 -73.378174 377.597809
v 42.552219 -73.480797 383.160217
v 51.341267 -73.114746 385.120026
v 57.553726 -81.625931 433.371704
v 53.935368 -81.599045 435.221893
v 9.517602 -74.214897 368.807495
v 16.725403 -75.243759 373.025848
v 24.198910 -73.563293 378.451355
v 31.879658 -73.719566 382.505310
v 41.967785 -77.187828 424.246704
v 46.337532 -78.216347 427.339355
v 45.594742 -80.816879 433.719482
v 47.651745 -81.561226 436.614807
v -8.981308 -74.016373 364.251617
v -0.691135 -71.479797 369.960052
v 6.621349 -72.084061 375.013702
v 13.967402 -72.163940 379.825195
v 20.121675 -72.264275 383.329193
v 28.837915 -76.783386 423.873566
v 21.546680 -73.586617 425.503143
v -26.498077 -69.560806 344.713654
v -21.825857 -67.558617 350.258698
v -20.802456 -70.363739 357.649506
v -15.862372 -71.161499 363.963348
v -9.153822 -70.728722 368.466766
v -0.700286 -70.956413 415.951630
v 0.947713 -72.486603 418.191315
v 13.931530 -74.955444 422.901794
v 15.960409 -71.553665 426.120117
v -34.545918 -66.858086 344.403687
v -32.682625 -66.041916 345.374908
v -16.145334 -68.096992 414.382812
v -12.891430 -70.682037 415.658752
v -42.950806 -58.176170 346.875427
v -43.289173 -58.746746 349.143402
v -45.300690 -59.632877 352.552582
v -38.030216 -66.712959 412.366882
v -26.792255 -69.331367 413.455780
v -50.699814 -53.363346 350.580261
v -52.055714 -55.377060 354.239655
v -53.554958 -57.054398 357.842804
v -53.575909 -57.576504 361.955017
v -54.092430 -58.328266 366.265747
v -54.751579 -61.730560 401.408295
v -51.289261 -61.170216 405.226807
v -46.366432 -62.144913 408.771881
v -59.712471 -53.007103 359.066986
v -60.131020 -54.066265 363.427521
v -60.799454 -55.079693 368.015411
v -61.969654 -56.187130 372.992126
v -62.369465 -56.710720 378.745972
v -62.026680 -58.089264 385.389252
v -63.370083 -59.964863 392.219574
v -59.655258 -61.191788 397.253632
v 213.804764 -63.976158 336.406586
v 215.394882 -63.570965 341.362732
v 216.014099 -63.269661 346.377106
v 215.386734 -62.557045 350.635132
v 215.263794 -63.834908 353.827057
v 211.290054 -66.235962 355.543060
v 204.597778 -61.108253 328.505493
v 206.439743 -63.379601 332.135590
v 206.602203 -64.137688 357.144470
v 200.829559 -67.335526 359.244904
v 198.956116 -67.960709 361.361542
v 199.548309 -59.871033 328.145447
v 194.694977 -63.132771 329.769897
v 195.170654 -70.109245 360.438934
v 193.680908 -66.838638 363.405884
v 189.083359 -68.901237 367.329895
v 189.849243 -71.902916 371.189117
v 182.201462 -61.759365 328.529785
v 185.873672 -63.823948 369.233307
v 182.230576 -66.848999 372.338165
v 185.806702 -69.327911 378.073669
v 186.586426 -70.127525 381.396973
v 151.743362 -64.087715 323.929688
v 165.960968 -61.489830 326.459717
v 177.015182 -61.733391 373.686798
v 178.880951 -62.454319 378.081604
v 181.106796 -63.672306 383.931793
v 182.393082 -65.308708 390.594452
v 185.146744 -67.012650 397.533356
v 187.221619 -67.964760 404.063324
v 189.878906 -69.112915 410.755035
v 188.815079 -72.068436 415.617462
v 137.755096 -62.206818 323.992828
v 147.792923 -58.997364 325.833801
v 132.324554 -59.231709 331.802185
v 185.839859 -66.406906 421.218872
v 179.845718 -70.361649 423.471100
v 122.018089 -62.367283 324.554810
v 128.561066 -59.410503 327.538696
v 135.797394 -58.989113 330.293030
v 171.344696 -67.106216 426.625916
v 106.432236 -62.736748 325.038177
v 113.635696 -60.738304 327.578033
v 95.970222 -60.907051 334.218445
v 155.650528 -68.198524 428.638397
v 148.628677 -65.739189 428.666901
v 84.769081 -61.315258 327.478943
v 99.025482 -63.823601 327.429901
v 98.682732 -60.541451 333.099640
v 123.574944 -72.291557 412.838867
v 129.011230 -71.476868 416.275452
v 136.465012 -70.112511 425.777618
v 146.066147 -62.742088 430.484375
v 75.822426 -67.536140 332.613068
v 82.601723 -63.733261 335.585052
v 113.277924 -72.741608 412.790070
v 116.823967 -71.370277 417.190186
v 117.448418 -69.858559 421.741882
v 55.575119 -70.927582 335.364075
v 62.259090 -75.055840 335.866974
v 64.552864 -71.732277 346.607330
v 66.371765 -72.948830 353.228271
v 67.822792 -73.027237 358.590546
v 61.037594 -70.248459 360.701355
v 91.729721 -75.421936 407.795959
v 94.911911 -75.150322 411.031586
v 99.338120 -74.561348 416.850128
v 101.107208 -74.403618 421.263611
v 50.728855 -73.389145 341.960999
v 55.095917 -72.812225 346.733185
v 57.610992 -74.309349 353.349335
v 57.730911 -73.914818 357.990295
v 66.423828 -72.010139 360.952057
v 81.895317 -77.023857 408.875000
v 84.457870 -76.406372 412.688446
v 83.676338 -77.875557 418.017059
v 87.819313 -78.738708 421.728882
v 31.006638 -75.058868 343.240723
v 39.310184 -74.719574 345.113617
v 45.180553 -74.542931 353.521973
v 43.090370 -76.380775 358.789001
v 33.485977 -74.456131 363.368164
v 68.361771 -79.134346 409.538788
v 69.954910 -78.166710 413.425781
v 70.777740 -79.886635 418.645172
v 71.076225 -81.833527 424.872375
v 65.873154 -85.517830 427.302795
v 23.050632 -75.873665 349.729950
v 29.800219 -74.874359 354.220184
v 32.628403 -76.084099 359.578552
v 37.911049 -75.510292 364.223907
v 53.288231 -79.764038 410.357819
v 55.203262 -78.463318 414.475250
v 57.937313 -80.024551 419.721588
v 57.484158 -82.456619 424.989410
v 58.456871 -83.557816 429.049805
v 6.062563 -76.838257 349.257538
v 12.641762 -76.047829 354.699402
v 15.733298 -76.406006 360.178192
v 18.604538 -77.524666 367.026855
v 6.364355 -75.278526 369.659821
v 37.404995 -79.550217 411.834930
v 40.501286 -78.043350 416.050934
v 43.139599 -79.687325 420.990662
v 48.431232 -82.150513 427.836670
v 49.179749 -85.385803 430.323822
v -12.625543 -76.016251 342.578125
v -6.343346 -74.981163 348.106750
v -3.211333 -76.017242 354.341187
v 0.782823 -74.213432 360.936218
v 6.761490 -75.737473 366.672668
v 12.861803 -75.657631 370.078918
v 18.683750 -78.171944 412.803772
v 22.986706 -76.645790 416.908447
v 28.472332 -77.149483 420.786041
v -21.129105 -71.641350 343.199799
v -15.969660 -73.313255 349.482788
v -14.814207 -74.135818 355.446960
v -9.128228 -74.254097 359.132507
v -13.987128 -77.232704 406.678131
v 1.328176 -77.706123 410.869873
v 5.046260 -77.277580 416.661163
v 16.971720 -76.610336 421.123688
v -29.716049 -69.540565 342.908569
v -35.023598 -68.464348 344.369476
v -17.809067 -75.447975 408.441315
v -19.495707 -76.714165 411.309143
v -15.189392 -72.239258 416.013641
v -40.694424 -63.638084 346.790802
v -40.607948 -63.488026 349.744324
v -42.204102 -65.096298 354.041962
v -35.072861 -73.556358 412.450073
v -29.468683 -71.502464 413.671326
v -48.632030 -60.961777 356.082611
v -50.257538 -62.151745 359.868652
v -48.607502 -62.036083 364.322540
v -49.986885 -63.515659 367.777466
v -54.953476 -71.716202 390.986908
v -52.790901 -66.394615 397.780762
v -48.423283 -66.726959 404.360016
v -46.006432 -68.163345 408.623749
v -57.659443 -59.963352 369.577667
v -59.770210 -61.585327 373.361938
v -59.483242 -61.349060 378.782104
v -60.954346 -63.069073 385.310608
v -63.120922 -64.680168 392.335419
v -58.645954 -68.512154 395.876984
v 211.531693 -67.493874 335.241852
v 215.628708 -70.085495 338.797211
v 215.439316 -68.950905 344.924988
v 215.759079 -69.540833 348.979065
v 215.582748 -71.246101 352.516113
v 207.947357 -70.875648 354.822296
v 208.713470 -69.765587 333.654633
v 205.045334 -72.706123 335.047516
v 204.558090 -73.142250 353.379303
v 205.554672 -71.527252 355.553162
v 200.985077 -73.098610 357.823792
v 198.821335 -76.913727 359.979309
v 195.517792 -68.785751 329.796753
v 195.209229 -70.040703 359.337952
v 193.463455 -73.068871 362.460815
v 190.991013 -75.864655 367.500916
v 191.699615 -73.704086 371.821014
v 170.886612 -68.745331 322.680237
v 184.029678 -67.776833 326.288391
v 188.529053 -76.920685 370.378876
v 184.850449 -75.306343 372.451660
v 187.798035 -72.506775 378.643127
v 188.128113 -72.718315 382.056915
v 161.845490 -67.129395 322.312225
v 171.146820 -65.182472 325.460663
v 182.672882 -75.521561 375.647278
v 182.508041 -75.940987 378.740356
v 182.167236 -72.511322 383.638702
v 183.348969 -75.089928 389.698608
v 181.650864 -76.231903 396.176758
v 186.078613 -74.672920 403.920837
v 188.636154 -75.641632 410.104675
v 187.455917 -77.145638 413.370789
v 144.292053 -65.822060 321.966583
v 179.310654 -76.097664 399.964874
v 175.688187 -79.354225 403.630219
v 179.993317 -77.432518 410.843323
v 183.073044 -77.004021 417.897247
v 177.090836 -76.796524 419.834442
v 129.176254 -64.628014 322.145660
v 163.206589 -78.121368 406.650604
v 166.589371 -76.267159 411.659424
v 168.409500 -76.715706 417.576965
v 170.287628 -74.913002 423.031158
v 114.527611 -64.739601 322.495972
v 139.448334 -75.615654 401.613647
v 146.502151 -76.079498 404.342499
v 151.196259 -75.184845 411.644104
v 153.965851 -75.785507 417.900848
v 155.814987 -73.247322 423.585510
v 102.228401 -64.310005 324.363586
v 95.992264 -67.890381 326.384949
v 120.890320 -75.369339 396.029175
v 125.068085 -74.782921 398.089691
v 131.800583 -74.167740 405.730225
v 131.516052 -75.178711 412.041260
v 142.692703 -73.424255 420.202850
v 145.288712 -71.583183 422.502838
v 82.773605 -68.904945 328.624817
v 102.760712 -75.719437 390.984833
v 105.747726 -75.015770 393.531403
v 113.302185 -74.548157 399.781555
v 114.163452 -75.560989 405.618134
v 115.597725 -74.485573 409.540710
v 66.784897 -72.279861 332.775604
v 52.420151 -72.887817 337.164398
v 98.581436 -74.437080 392.557037
v 99.517662 -76.650429 394.518829
v 90.159889 -78.945297 398.669006
v 93.837822 -77.473259 404.830109
v 106.925240 -73.931709 409.761780
v 50.286873 -75.832489 334.085754
v 56.327221 -74.160423 337.481598
v 70.544716 -80.321342 396.222260
v 76.688416 -80.576187 398.608124
v 83.141373 -78.039680 404.934814
v 32.570782 -76.723381 335.252350
v 40.764328 -79.869522 336.751770
v 28.237524 -76.083450 343.716034
v 63.422142 -80.946007 397.073608
v 67.017220 -80.064529 401.380768
v 69.425514 -79.776833 405.398987
v 19.207586 -79.619408 334.389099
v 26.330791 -76.706795 339.856262
v 32.210789 -76.532501 344.621796
v 50.247509 -81.506050 397.090118
v 52.953903 -80.700363 401.557831
v 54.805431 -80.737442 406.042450
v 7.580987 -77.857773 334.081329
v 11.551037 -78.262985 339.826447
v 17.031141 -77.309669 345.310883
v 18.085840 -81.632751 391.633179
v 34.812691 -81.694733 395.346558
v 35.285133 -80.794136 401.815399
v 37.573311 -81.002357 407.303558
v -5.756968 -77.056389 333.744629
v -0.906364 -76.339401 340.122406
v 2.430391 -77.681358 343.360657
v 13.265448 -80.759590 393.319366
v 15.394388 -82.241730 395.681152
v 15.686794 -80.698677 403.494598
v 18.361948 -79.923706 408.252441
v -20.548773 -76.438553 333.978210
v -13.157181 -75.684059 337.769104
v -4.346060 -81.052025 399.618805
v -1.430122 -80.789909 405.350800
v 3.430745 -78.964645 408.942780
v -27.650414 -74.118988 335.920441
v -37.011684 -76.357292 335.991455
v -31.644657 -69.086937 343.869507
v -20.138475 -79.884232 400.849182
v -17.921078 -78.947449 405.747467
v -25.489267 -76.806877 406.297699
v -40.667351 -69.748802 340.422394
v -37.396687 -70.730690 343.795227
v -38.786678 -69.770256 350.044556
v -40.698734 -72.189819 353.812408
v -33.902332 -79.610718 401.133514
v -35.099476 -80.654900 404.343170
v -33.376499 -74.395447 408.365845
v -47.161926 -67.305511 356.547394
v -47.753365 -68.664581 359.696442
v -45.717690 -68.267593 363.932465
v -45.415092 -68.847031 367.696381
v -47.606468 -70.246841 370.949799
v -51.683132 -75.183891 383.384888
v -50.412567 -72.556679 390.061157
v -46.702152 -73.643044 397.311951
v -46.337982 -77.208313 404.796722
v -45.257893 -74.301704 407.193787
v -53.317886 -64.782387 370.645264
v -55.284241 -65.934425 373.847107
v -59.288582 -67.476669 378.597870
v -59.613987 -69.496300 385.074371
v -55.204945 -70.944702 387.376099
v 213.495132 -75.270988 339.178467
v 213.452957 -74.328667 342.835571
v 213.025620 -74.285728 347.210205
v 208.790909 -76.056252 349.299683
v 202.234955 -73.284889 332.186707
v 207.673401 -77.055672 334.233551
v 206.972046 -77.842377 341.274567
v 206.193130 -77.278862 346.100128
v 207.786011 -77.487938 350.524872
v 203.949158 -79.759712 353.185608
v 201.534439 -77.179977 356.765350
v 200.432907 -80.260757 359.808868
v 198.308273 -73.481804 330.829163
v 192.633087 -77.130974 331.883881
v 195.638626 -81.341423 354.779297
v 196.588669 -81.117516 356.518402
v 193.153778 -82.251854 361.361603
v 190.447128 -80.795586 365.425018
v 175.224152 -71.644196 323.114319
v 188.564529 -77.211258 324.575684
v 181.832123 -77.678696 329.977692
v 186.594803 -83.005859 364.836792
v 184.287842 -82.235306 367.951752
v 184.805359 -80.109528 370.895844
v 168.131760 -71.304482 321.995361
v 161.833740 -74.323685 324.197510
v 180.230392 -83.088936 370.549194
v 176.011749 -81.496674 372.987183
v 177.538315 -79.729851 377.928436
v 179.100189 -80.331314 382.802582
v 181.382416 -80.828461 388.596008
v 180.460678 -78.939392 392.523804
v 150.983536 -70.403374 321.875854
v 143.735153 -72.227325 323.847717
v 171.341858 -81.728020 375.236176
v 170.213516 -82.636261 378.371338
v 168.591431 -81.740692 382.549347
v 172.537231 -81.919510 388.738068
v 173.689209 -80.412384 396.032440
v 171.051254 -79.906509 400.354950
v 134.819366 -68.568764 322.031677
v 128.271362 -70.217003 324.008087
v 149.726974 -81.844963 380.368805
v 157.490311 -80.212357 383.177795
v 160.012161 -81.277931 390.668121
v 162.144348 -82.533821 397.304321
v 164.093216 -80.904915 402.256958
v 120.314125 -67.334648 322.173035
v 113.565109 -69.339470 324.186615
v 132.129074 -81.483269 374.783661
v 139.971985 -78.613403 379.257477
v 144.616943 -79.443932 385.965729
v 145.971008 -80.606407 392.653412
v 145.492599 -79.710793 398.582306
v 155.445633 -77.301674 403.678406
v 107.332878 -67.340004 322.853851
v 100.164917 -69.757111 324.964630
v 123.087051 -79.839760 376.193817
v 125.791428 -78.673553 380.599091
v 126.736649 -79.009689 387.268158
v 125.296822 -78.250664 393.156586
v 137.365173 -75.719521 398.765778
v 86.654289 -71.591560 326.815582
v 95.559700 -81.295326 370.524200
v 100.387566 -79.776764 375.292206
v 106.251091 -79.569168 381.288788
v 105.963669 -78.539406 388.016022
v 118.914543 -75.531509 393.124786
v 70.859009 -73.662300 328.193146
v 91.791222 -80.041534 372.534241
v 81.782211 -81.420441 375.085999
v 90.363312 -80.361763 381.216034
v 89.307663 -78.919456 388.239868
v 90.606750 -80.875999 393.115143
v 89.059280 -80.739250 397.083221
v 55.441231 -75.836952 329.485046
v 70.088737 -82.037117 376.269592
v 73.777191 -80.925949 380.850220
v 76.921196 -82.382492 387.131622
v 76.179794 -83.591324 393.850922
v 85.833015 -79.808891 398.449341
v 43.680470 -78.421684 332.494446
v 30.938835 -78.367477 336.535950
v 45.398052 -83.158829 369.535126
v 51.441219 -81.853004 374.217865
v 58.489223 -81.896156 380.712708
v 61.647758 -83.175835 386.690765
v 63.490715 -82.353836 391.699158
v 18.662430 -81.307884 327.151031
v 29.756399 -77.889984 331.698914
v 35.214542 -79.655296 335.495941
v 36.051838 -83.106964 370.867798
v 39.585796 -82.425392 375.145844
v 42.847549 -82.778984 380.943817
v 46.804058 -84.047348 386.721069
v 50.146484 -83.131844 391.937408
v 5.689060 -78.497711 327.574036
v 15.214700 -79.143585 329.014221
v 19.425900 -83.384697 371.103241
v 22.938179 -82.758797 375.604675
v 27.449009 -83.979759 380.819672
v 31.433132 -84.211113 389.087036
v 36.581486 -82.095749 393.638855
v -12.371610 -79.869759 326.402222
v 1.052669 -78.596176 329.706940
v 2.792637 -83.326317 371.580109
v 6.792686 -82.596291 375.795013
v 9.525627 -84.411865 380.662445
v 13.858219 -83.380013 388.970215
v 1.672452 -83.297890 391.737579
v -19.269203 -78.309212 327.739868
v -17.488323 -78.393791 329.010406
v -11.957803 -82.932442 372.348755
v -11.504767 -83.435501 376.210541
v -6.507390 -83.001205 381.086517
v -5.238642 -83.122284 387.428711
v -2.644972 -82.317284 393.614716
v -31.671350 -76.629562 333.415802
v -29.786430 -75.409737 337.971436
v -24.931849 -83.278580 379.561646
v -23.463326 -83.959442 382.993042
v -19.700674 -82.926384 389.172974
v -18.722057 -81.802612 395.003723
v -40.333496 -72.100960 334.415985
v -37.597630 -75.404129 337.935150
v -38.414772 -76.798828 344.268463
v -36.551693 -77.290939 349.534912
v -38.318623 -70.383965 354.319580
v -37.086056 -84.077148 387.148621
v -35.205002 -84.738876 391.042694
v -33.648777 -82.510063 398.096619
v -37.625599 -82.660500 399.075012
v -45.137466 -72.492020 350.687012
v -42.758553 -76.665268 353.492523
v -44.900494 -76.598213 358.383301
v -43.483868 -76.545738 362.657440
v -45.183254 -77.832115 367.950104
v -42.933399 -70.063599 369.888977
v -50.833706 -82.117020 377.137299
v -48.241592 -79.981117 382.434631
v -45.859554 -82.203682 391.508453
v -39.831760 -80.474861 398.318085
v -42.643764 -81.168869 400.344452
v -51.553558 -71.884552 367.603668
v -52.555443 -75.559288 372.624512
v -55.672813 -77.496964 378.001282
v -52.338600 -75.080757 380.403748
v 202.815826 -80.930786 336.303864
v 202.414780 -80.955040 339.442627
v 203.764023 -82.846458 344.175262
v 201.823837 -82.883835 348.382385
v 199.728256 -84.963020 350.837585
v 198.873184 -81.556442 334.140808
v 193.272049 -85.724655 336.146790
v 196.474670 -86.669205 342.911438
v 196.312622 -86.893196 347.327454
v 197.227325 -84.596809 351.837372
v 196.423416 -87.007103 355.588409
v 193.499496 -89.397659 359.561340
v 177.939941 -79.811821 327.430725
v 185.601227 -84.126968 327.797760
v 179.506866 -88.043602 333.806488
v 189.905930 -87.153130 363.348785
v 185.322311 -91.317825 365.580750
v 170.795593 -78.317749 326.090668
v 161.444733 -81.926620 328.205780
v 177.506668 -88.215523 367.818695
v 175.602463 -87.183311 369.833069
v 153.275208 -75.989540 325.000763
v 144.854935 -78.102180 326.981018
v 166.389053 -89.505516 367.721039
v 168.922852 -85.223877 371.647339
v 168.794144 -87.031113 376.911865
v 164.507339 -84.888741 380.031097
v 137.609192 -73.916344 324.803894
v 129.168243 -75.176445 326.850861
v 156.180069 -88.676132 366.849884
v 161.428574 -88.295670 371.065247
v 156.325027 -83.943008 377.733002
v 163.558548 -83.396156 381.607513
v 122.104805 -71.896141 324.956360
v 114.275681 -73.635460 327.010284
v 132.638641 -87.975540 358.510223
v 142.256821 -86.050797 364.182343
v 144.132706 -83.729263 372.027802
v 148.694717 -82.341431 377.230804
v 107.117126 -71.495926 325.106445
v 99.108467 -73.945053 327.319427
v 122.905144 -85.882133 360.014587
v 126.645576 -85.564690 364.749115
v 123.697762 -81.985924 371.259094
v 91.872231 -72.856148 325.603424
v 82.428497 -75.706017 328.098175
v 97.392822 -87.461266 351.646332
v 102.596436 -85.126534 357.445099
v 101.832397 -83.857002 367.082001
v 113.127678 -81.461441 372.303741
v 75.444275 -74.894974 326.756195
v 65.839714 -77.373901 328.668762
v 85.058510 -85.984657 353.185181
v 86.928482 -85.306755 359.712067
v 80.635551 -83.598030 367.395813
v 81.878502 -83.614655 370.724884
v 59.520264 -76.698120 327.911469
v 52.183838 -78.996162 328.856506
v 68.211365 -86.320534 353.717102
v 68.215317 -84.878250 360.208160
v 67.441772 -85.332268 366.350189
v 69.221863 -83.903557 371.577179
v 45.210495 -78.576912 327.636993
v 43.307678 -79.997719 328.876862
v 51.680569 -86.564804 354.550232
v 51.562027 -85.477081 359.963074
v 50.339729 -84.757668 366.897858
v 61.928783 -83.145111 372.211945
v 21.497263 -81.706390 326.369110
v 29.515989 -80.267097 326.787842
v 29.184835 -87.620941 347.671204
v 35.905945 -85.151817 352.608704
v 35.205231 -85.383766 360.170258
v 36.007526 -84.191734 366.052551
v 19.674805 -79.148193 325.975555
v 14.018081 -80.757057 327.060699
v 19.920174 -86.135468 349.763458
v 19.601122 -84.956131 354.594910
v 19.404196 -84.861351 360.904510
v 19.311035 -84.480263 366.410126
v -8.119784 -81.579437 325.848175
v -0.552069 -80.119362 326.614777
v 4.834046 -85.992538 350.437683
v 3.658704 -85.260529 355.802338
v 1.106700 -85.793259 361.317230
v 2.404507 -84.689156 366.585114
v -9.769624 -79.128349 325.268890
v -14.992838 -80.580055 326.903381
v -8.297899 -87.211014 351.402130
v -14.925550 -86.164055 355.927887
v -14.360536 -86.503502 362.357147
v -13.790405 -85.239403 368.824036
v -19.073248 -85.335899 372.580872
v -25.999243 -80.647743 328.630890
v -25.524336 -88.478683 358.082764
v -30.119417 -88.114418 363.985046
v -24.623863 -87.607307 369.875397
v -24.977863 -86.033920 375.636230
v -29.276201 -85.757240 379.974487
v -34.175030 -79.884270 332.357788
v -35.800350 -81.605202 337.100952
v -35.193924 -83.482063 342.143616
v -35.265892 -76.989311 347.760193
v -37.061581 -88.733315 365.498962
v -38.757187 -89.382317 370.542999
v -33.229012 -88.124268 376.046387
v -34.426300 -86.666039 383.121979
v -38.891647 -86.843758 386.023376
v -44.035992 -79.754593 344.348663
v -40.444302 -83.410370 346.832520
v -43.067612 -84.913857 352.448761
v -43.015263 -84.800262 356.321869
v -43.053661 -85.261703 360.735443
v -44.676064 -86.344315 364.470001
v -46.680016 -87.309860 369.827820
v -46.294697 -85.589455 377.097473
v -38.052528 -85.656357 383.970306
v -41.476429 -85.244881 387.455475
v -49.824455 -80.383171 367.716156
v -51.666218 -82.318878 372.227631
v -51.346485 -81.821526 374.319427
v 190.113098 -91.204498 337.973114
v 191.540497 -91.735161 341.309875
v 192.512161 -92.204010 346.408661
v 192.995209 -91.949837 351.282898
v 193.941528 -92.734856 355.832153
v 191.847977 -96.680069 359.006744
v 175.421188 -89.915565 331.313843
v 181.989609 -91.061752 334.533752
v 178.841080 -95.909462 340.164642
v 183.503189 -96.769661 346.458160
v 186.168900 -97.730019 351.453033
v 185.850174 -98.475021 355.252777
v 187.953064 -92.897163 360.610382
v 183.365280 -97.549438 364.041046
v 168.860123 -87.540146 330.306335
v 164.296448 -89.581200 333.974731
v 163.210556 -91.092865 337.987671
v 160.378098 -93.660385 341.495728
v 175.232056 -98.842331 356.459137
v 177.099548 -97.309235 360.305054
v 179.456635 -95.237518 363.719604
v 152.510284 -84.137672 329.491791
v 149.843307 -85.835655 332.772583
v 151.054260 -88.542488 338.116943
v 154.837738 -95.095329 342.028778
v 168.471344 -99.155418 357.423035
v 166.470169 -97.487419 359.546234
v 170.450272 -94.129143 362.623688
v 137.728088 -80.425377 328.504425
v 135.134491 -83.798180 332.803680
v 140.121094 -90.182388 336.390472
v 147.232346 -97.011719 353.186432
v 156.784286 -95.724937 356.535553
v 157.487427 -91.810204 361.680450
v 123.262054 -77.934219 328.309937
v 119.018600 -80.952324 331.947540
v 119.710365 -83.088562 336.025391
v 124.478706 -85.965363 340.148529
v 130.707367 -89.359581 344.540131
v 136.921036 -91.812111 350.879761
v 142.732147 -90.720497 356.759216
v 149.025284 -89.157295 361.763153
v 108.461098 -76.746597 328.720917
v 106.473419 -80.161057 332.896118
v 110.885994 -82.319046 336.848114
v 115.876472 -84.852539 341.001770
v 120.579353 -87.996964 345.320282
v 124.496689 -90.511757 348.960266
v 124.484856 -88.645737 354.486755
v 93.491867 -78.031570 329.388123
v 91.648743 -81.444702 332.927032
v 95.911926 -83.741302 336.555359
v 99.988495 -86.499458 340.534210
v 102.536201 -88.938774 344.035065
v 103.200584 -88.468658 349.694885
v 113.184334 -87.598907 354.438629
v 77.108696 -79.626656 329.809509
v 75.900818 -83.215538 332.457947
v 80.222267 -85.679161 336.022217
v 83.874191 -88.112534 339.632660
v 85.411301 -89.635376 342.746063
v 86.207047 -88.518654 347.241364
v 61.308231 -81.556442 329.443329
v 61.366802 -85.005562 331.811096
v 65.241791 -87.259743 335.522614
v 67.904648 -88.976265 338.680511
v 69.290962 -89.914276 342.514984
v 69.885033 -88.904053 347.214020
v 39.657360 -81.842911 327.488800
v 47.487064 -81.971764 328.302307
v 48.000664 -86.052444 331.498505
v 50.800434 -88.279869 335.138000
v 51.896843 -89.465843 338.492920
v 52.561260 -90.572906 342.626038
v 53.630100 -89.019676 348.103546
v 33.662388 -82.276779 326.386322
v 31.110514 -84.585632 328.523621
v 34.444344 -86.578880 331.702057
v 36.138912 -88.652908 335.154114
v 36.564041 -89.960915 338.811920
v 37.580185 -88.239914 345.282104
v 45.034615 -87.994530 349.249756
v 20.782398 -82.240501 326.713562
v 17.798187 -84.910553 328.903900
v 20.316179 -86.674828 331.955719
v 21.932047 -88.299484 335.682861
v 22.071138 -89.618752 339.684082
v 22.403234 -88.263687 344.552643
v 7.362737 -82.678482 326.697144
v 4.434350 -84.718712 329.333618
v 6.377447 -86.061684 332.278748
v 7.546871 -87.896919 335.729370
v 7.656337 -88.657768 340.438354
v 7.419008 -88.255928 345.240692
v -6.779123 -82.630989 326.824005
v -8.867013 -84.559563 329.757294
v -9.950605 -86.272766 332.575409
v -10.145501 -88.216331 336.530731
v -7.676716 -89.146080 341.423767
v -12.755084 -87.688110 348.169434
v -16.439430 -90.902443 351.712830
v -20.188326 -83.189140 327.556915
v -22.179953 -85.630913 331.038818
v -23.431225 -88.331024 334.057129
v -19.348656 -91.808441 338.911865
v -26.702118 -90.421280 342.788544
v -23.583853 -90.852875 349.207947
v -26.776794 -89.646126 356.849854
v -31.025665 -91.828735 359.100647
v -30.798540 -83.699890 330.190155
v -29.523327 -85.620438 335.263336
v -31.331268 -88.517578 338.770508
v -34.443405 -91.116043 341.771912
v -35.766907 -91.773872 345.505005
v -34.132626 -92.371300 351.994324
v -35.197330 -93.452843 357.564789
v -37.786366 -91.943024 363.816589
v -40.401798 -91.895996 365.930969
v -36.879635 -87.181618 342.956726
v -38.815807 -89.047333 346.520752
v -41.045601 -90.420921 350.804565
v -42.035816 -91.728218 355.669922
v -43.113472 -92.455589 360.270508
v -42.720448 -92.759033 365.613525
v -42.703815 -89.846367 367.432739
v 176.835358 -104.403610 342.491516
v 178.745361 -103.524017 345.346222
v 181.116501 -104.092537 350.206329
v 179.698288 -108.680473 353.426636
v 172.407852 -98.460075 340.642120
v 170.562561 -101.549957 344.259277
v 170.970764 -103.839645 349.153625
v 174.205917 -101.978157 353.266327
v 152.118301 -96.102905 339.723846
v 157.140060 -96.834015 343.113739
v 159.357040 -100.771408 347.857117
v 164.540039 -99.789604 352.923584
v 163.051834 -103.227814 356.030365
v 136.064484 -92.534492 335.124359
v 141.364944 -91.553558 337.736145
v 142.648407 -95.623154 341.704529
v 149.121368 -99.228394 346.622742
v 150.879242 -98.995842 352.828674
v 161.493301 -100.527512 357.066132
v 129.482559 -86.448853 333.919189
v 130.836197 -89.076103 337.504517
v 135.996140 -92.155289 342.773224
v 141.647003 -95.869820 346.939392
v 143.590576 -97.204750 350.695374
v -10.492131 -92.881119 334.268677
v -13.126851 -94.212036 335.256561
v -17.822796 -92.612595 333.213043
v -24.689960 -92.683571 336.794861
v -28.569786 -95.889427 340.847778
v -28.442043 -93.137856 335.771545
v -31.155993 -95.373566 339.880035
v -32.245548 -95.112099 342.770599
f 1 2 27
f 2 28 27
f 1 27 31
f 1 31 3
f 1 4 2
f 1 3 4
f 31 32 4
f 31 4 3
f 2 32 28
f 2 4 32
f 5 6 47
f 6 48 47
f 5 47 54
f 5 54 10
f 5 11 6
f 5 10 11
f 6 7 48
f 7 49 48
f 6 12 7
f 6 11 12
f 7 8 49
f 8 50 49
f 7 13 8
f 7 12 13
f 8 55 50
f 8 13 55
f 9 10 53
f 10 54 53
f 9 53 58
f 9 58 14
f 9 15 10
f 9 14 15
f 58 59 15
f 58 15 14
f 10 16 11
f 10 15 16
f 59 60 16
f 59 16 15
f 11 17 12
f 11 16 17
f 60 61 17
f 60 17 16
f 12 18 13
f 12 17 18
f 61 62 18
f 61 18 17
f 13 62 55
f 13 18 62
f 19 20 63
f 20 64 63
f 63 64 67
f 64 68 67
f 19 63 67
f 19 67 22
f 19 23 20
f 19 22 23
f 20 21 64
f 21 65 64
f 64 65 68
f 65 69 68
f 20 24 21
f 20 23 24
f 21 69 65
f 21 24 69
f 22 67 72
f 22 72 26
f 22 27 23
f 22 26 27
f 23 28 24
f 23 27 28
f 24 25 69
f 25 70 69
f 24 29 25
f 24 28 29
f 25 73 70
f 25 29 73
f 26 72 75
f 26 75 30
f 26 31 27
f 26 30 31
f 28 33 29
f 28 32 33
f 29 78 73
f 29 33 78
f 75 76 82
f 76 83 82
f 30 75 82
f 30 82 34
f 30 35 31
f 30 34 35
f 82 83 35
f 82 35 34
f 31 36 32
f 31 35 36
f 83 84 36
f 83 36 35
f 77 78 84
f 78 85 84
f 32 37 33
f 32 36 37
f 84 85 37
f 84 37 36
f 33 85 78
f 33 37 85
f 38 39 103
f 39 104 103
f 38 103 112
f 38 112 45
f 38 46 39
f 38 45 46
f 39 40 104
f 40 105 104
f 39 47 40
f 39 46 47
f 40 41 105
f 41 106 105
f 40 48 41
f 40 47 48
f 41 42 106
f 42 107 106
f 41 49 42
f 41 48 49
f 42 43 107
f 43 108 107
f 42 50 43
f 42 49 50
f 43 113 108
f 43 50 113
f 44 45 111
f 45 112 111
f 44 111 117
f 44 117 51
f 44 52 45
f 44 51 52
f 45 53 46
f 45 52 53
f 46 54 47
f 46 53 54
f 50 118 113
f 50 55 118
f 51 117 122
f 51 122 56
f 51 57 52
f 51 56 57
f 122 123 57
f 122 57 56
f 52 58 53
f 52 57 58
f 123 124 58
f 123 58 57
f 124 125 59
f 124 59 58
f 125 126 60
f 125 60 59
f 126 127 61
f 126 61 60
f 127 128 62
f 127 62 61
f 55 128 118
f 55 62 128
f 66 67 157
f 67 158 157
f 66 157 167
f 66 167 71
f 66 72 67
f 66 71 72
f 67 68 158
f 68 159 158
f 68 69 159
f 69 160 159
f 69 70 160
f 70 161 160
f 70 168 161
f 70 73 168
f 71 167 174
f 71 174 74
f 71 75 72
f 71 74 75
f 174 175 75
f 174 75 74
f 175 176 76
f 175 76 75
f 177 178 78
f 177 78 77
f 73 178 168
f 73 78 178
f 76 176 187
f 76 187 83
f 77 188 177
f 77 84 188
f 79 80 183
f 80 184 183
f 79 183 193
f 79 193 86
f 79 87 80
f 79 86 87
f 80 81 184
f 81 185 184
f 80 88 81
f 80 87 88
f 81 82 185
f 82 186 185
f 81 89 82
f 81 88 89
f 82 83 186
f 83 187 186
f 82 90 83
f 82 89 90
f 194 195 90
f 194 90 89
f 83 91 84
f 83 90 91
f 195 196 91
f 195 91 90
f 84 196 188
f 84 91 196
f 86 193 202
f 86 202 92
f 86 93 87
f 86 92 93
f 202 203 93
f 202 93 92
f 87 94 88
f 87 93 94
f 203 204 94
f 203 94 93
f 88 95 89
f 88 94 95
f 204 205 95
f 204 95 94
f 89 205 194
f 89 95 205
f 96 97 219
f 97 220 219
f 96 219 229
f 96 229 103
f 96 104 97
f 96 103 104
f 97 98 220
f 98 221 220
f 97 105 98
f 97 104 105
f 98 99 221
f 99 222 221
f 98 106 99
f 98 105 106
f 99 100 222
f 100 223 222
f 99 107 100
f 99 106 107
f 100 101 223
f 101 224 223
f 100 108 101
f 100 107 108
f 101 230 224
f 101 108 230
f 102 103 228
f 103 229 228
f 102 228 235
f 102 235 111
f 102 112 103
f 102 111 112
f 108 236 230
f 108 113 236
f 109 110 233
f 110 234 233
f 109 233 239
f 109 239 115
f 109 116 110
f 109 115 116
f 110 111 234
f 111 235 234
f 110 117 111
f 110 116 117
f 113 114 236
f 114 237 236
f 113 119 114
f 113 118 119
f 240 241 119
f 240 119 118
f 114 241 237
f 114 119 241
f 115 239 243
f 115 243 120
f 115 121 116
f 115 120 121
f 116 122 117
f 116 121 122
f 245 246 127
f 245 127 126
f 246 247 128
f 246 128 127
f 118 247 240
f 118 128 247
f 120 243 250
f 120 250 129
f 120 130 121
f 120 129 130
f 250 251 130
f 250 130 129
f 121 131 122
f 121 130 131
f 251 252 131
f 251 131 130
f 122 132 123
f 122 131 132
f 252 253 132
f 252 132 131
f 123 133 124
f 123 132 133
f 253 254 133
f 253 133 132
f 124 134 125
f 124 133 134
f 254 255 134
f 254 134 133
f 244 245 255
f 245 256 255
f 125 135 126
f 125 134 135
f 255 256 135
f 255 135 134
f 126 256 245
f 126 135 256
f 136 137 259
f 137 260 259
f 136 259 268
f 136 268 144
f 136 145 137
f 136 144 145
f 137 138 260
f 138 261 260
f 137 146 138
f 137 145 146
f 138 139 261
f 139 262 261
f 138 147 139
f 138 146 147
f 139 140 262
f 140 263 262
f 139 148 140
f 139 147 148
f 140 269 263
f 140 148 269
f 141 142 265
f 142 266 265
f 265 266 272
f 266 273 272
f 141 265 272
f 141 272 151
f 141 152 142
f 141 151 152
f 272 273 152
f 272 152 151
f 142 143 266
f 143 267 266
f 142 153 143
f 142 152 153
f 273 274 153
f 273 153 152
f 143 144 267
f 144 268 267
f 143 154 144
f 143 153 154
f 144 155 145
f 144 154 155
f 145 156 146
f 145 155 156
f 146 157 147
f 146 156 157
f 147 158 148
f 147 157 158
f 148 149 269
f 149 270 269
f 269 270 275
f 270 276 275
f 148 159 149
f 148 158 159
f 149 150 270
f 150 271 270
f 270 271 276
f 271 277 276
f 149 160 150
f 149 159 160
f 150 277 271
f 150 160 277
f 153 274 283
f 153 283 163
f 153 164 154
f 153 163 164
f 154 165 155
f 154 164 165
f 155 166 156
f 155 165 166
f 156 167 157
f 156 166 167
f 160 161 277
f 161 278 277
f 161 162 278
f 162 279 278
f 278 279 284
f 279 285 284
f 161 169 162
f 161 168 169
f 162 285 279
f 162 169 285
f 163 283 289
f 163 289 170
f 163 171 164
f 163 170 171
f 164 172 165
f 164 171 172
f 165 173 166
f 165 172 173
f 166 174 167
f 166 173 174
f 284 285 290
f 285 291 290
f 168 179 169
f 168 178 179
f 290 291 179
f 290 179 178
f 169 291 285
f 169 179 291
f 170 289 297
f 170 297 181
f 170 182 171
f 170 181 182
f 171 183 172
f 171 182 183
f 172 184 173
f 172 183 184
f 173 185 174
f 173 184 185
f 174 186 175
f 174 185 186
f 175 187 176
f 175 186 187
f 177 189 178
f 177 188 189
f 178 298 290
f 178 189 298
f 180 181 296
f 181 297 296
f 180 296 303
f 180 303 190
f 180 191 181
f 180 190 191
f 303 304 191
f 303 191 190
f 181 192 182
f 181 191 192
f 182 193 183
f 182 192 193
f 188 197 189
f 188 196 197
f 305 306 197
f 305 197 196
f 189 306 298
f 189 197 306
f 191 304 312
f 191 312 200
f 191 201 192
f 191 200 201
f 192 202 193
f 192 201 202
f 194 206 195
f 194 205 206
f 313 314 206
f 313 206 205
f 195 207 196
f 195 206 207
f 314 315 207
f 314 207 206
f 196 315 305
f 196 207 315
f 198 199 310
f 199 311 310
f 198 310 319
f 198 319 208
f 198 209 199
f 198 208 209
f 319 320 209
f 319 209 208
f 199 200 311
f 200 312 311
f 199 210 200
f 199 209 210
f 200 211 201
f 200 210 211
f 201 212 202
f 201 211 212
f 202 213 203
f 202 212 213
f 203 214 204
f 203 213 214
f 204 215 205
f 204 214 215
f 205 321 313
f 205 215 321
f 209 320 328
f 209 328 218
f 209 219 210
f 209 218 219
f 210 220 211
f 210 219 220
f 211 221 212
f 211 220 221
f 212 222 213
f 212 221 222
f 213 223 214
f 213 222 223
f 214 224 215
f 214 223 224
f 215 329 321
f 215 224 329
f 216 217 326
f 217 327 326
f 216 326 333
f 216 333 226
f 216 227 217
f 216 226 227
f 217 218 327
f 218 328 327
f 217 228 218
f 217 227 228
f 218 229 219
f 218 228 229
f 224 225 329
f 225 330 329
f 224 231 225
f 224 230 231
f 225 335 330
f 225 231 335
f 226 333 338
f 226 338 233
f 226 234 227
f 226 233 234
f 227 235 228
f 227 234 235
f 334 335 339
f 335 340 339
f 230 237 231
f 230 236 237
f 231 340 335
f 231 237 340
f 232 233 337
f 233 338 337
f 232 337 342
f 232 342 238
f 232 239 233
f 232 238 239
f 339 340 343
f 340 344 343
f 237 344 340
f 237 241 344
f 238 342 346
f 238 346 242
f 238 243 239
f 238 242 243
f 347 348 245
f 347 245 244
f 348 349 246
f 348 246 245
f 349 350 247
f 349 247 246
f 343 344 350
f 344 351 350
f 240 248 241
f 240 247 248
f 350 351 248
f 350 248 247
f 241 351 344
f 241 248 351
f 242 346 353
f 242 353 249
f 242 250 243
f 242 249 250
f 353 354 250
f 353 250 249
f 354 355 251
f 354 251 250
f 355 356 252
f 355 252 251
f 356 357 253
f 356 253 252
f 357 358 254
f 357 254 253
f 358 359 255
f 358 255 254
f 244 359 347
f 244 255 359
f 257 258 385
f 258 386 385
f 257 385 395
f 257 395 266
f 257 267 258
f 257 266 267
f 258 259 386
f 259 387 386
f 258 268 259
f 258 267 268
f 259 260 387
f 260 388 387
f 260 261 388
f 261 389 388
f 261 262 389
f 262 390 389
f 262 263 390
f 263 391 390
f 263 264 391
f 264 392 391
f 391 392 397
f 392 398 397
f 263 270 264
f 263 269 270
f 397 398 270
f 397 270 269
f 264 398 392
f 264 270 398
f 266 395 401
f 266 401 273
f 396 397 402
f 397 403 402
f 269 403 397
f 269 275 403
f 273 401 410
f 273 410 282
f 273 283 274
f 273 282 283
f 275 276 403
f 276 404 403
f 403 404 411
f 404 412 411
f 276 277 404
f 277 405 404
f 277 278 405
f 278 406 405
f 278 413 406
f 278 284 413
f 280 281 408
f 281 409 408
f 280 408 415
f 280 415 286
f 280 287 281
f 280 286 287
f 281 282 409
f 282 410 409
f 281 288 282
f 281 287 288
f 282 289 283
f 282 288 289
f 284 416 413
f 284 290 416
f 286 415 420
f 286 420 294
f 286 295 287
f 286 294 295
f 287 296 288
f 287 295 296
f 288 297 289
f 288 296 297
f 290 421 416
f 290 298 421
f 292 293 418
f 293 419 418
f 292 418 423
f 292 423 299
f 292 300 293
f 292 299 300
f 423 424 300
f 423 300 299
f 293 294 419
f 294 420 419
f 293 301 294
f 293 300 301
f 294 302 295
f 294 301 302
f 295 303 296
f 295 302 303
f 425 426 306
f 425 306 305
f 298 426 421
f 298 306 426
f 300 424 429
f 300 429 308
f 300 309 301
f 300 308 309
f 301 310 302
f 301 309 310
f 302 311 303
f 302 310 311
f 303 312 304
f 303 311 312
f 305 431 425
f 305 315 431
f 307 308 428
f 308 429 428
f 307 428 433
f 307 433 316
f 307 317 308
f 307 316 317
f 433 434 317
f 433 317 316
f 308 318 309
f 308 317 318
f 309 319 310
f 309 318 319
f 313 322 314
f 313 321 322
f 430 431 435
f 431 436 435
f 314 323 315
f 314 322 323
f 435 436 323
f 435 323 322
f 315 436 431
f 315 323 436
f 317 434 438
f 317 438 325
f 317 326 318
f 317 325 326
f 318 327 319
f 318 326 327
f 319 328 320
f 319 327 328
f 321 330 322
f 321 329 330
f 322 440 435
f 322 330 440
f 324 325 437
f 325 438 437
f 324 437 441
f 324 441 331
f 324 332 325
f 324 331 332
f 325 333 326
f 325 332 333
f 439 440 442
f 440 443 442
f 442 443 335
f 442 335 334
f 330 443 440
f 330 335 443
f 331 441 444
f 331 444 336
f 331 337 332
f 331 336 337
f 332 338 333
f 332 337 338
f 334 445 442
f 334 339 445
f 336 444 446
f 336 446 341
f 336 342 337
f 336 341 342
f 339 447 445
f 339 343 447
f 341 446 449
f 341 449 345
f 341 346 342
f 341 345 346
f 452 453 350
f 452 350 349
f 343 453 447
f 343 350 453
f 345 449 455
f 345 455 352
f 345 353 346
f 345 352 353
f 455 456 353
f 455 353 352
f 450 451 459
f 451 460 459
f 347 360 348
f 347 359 360
f 459 460 360
f 459 360 359
f 451 452 460
f 452 461 460
f 348 361 349
f 348 360 361
f 460 461 361
f 460 361 360
f 349 461 452
f 349 361 461
f 353 456 463
f 353 463 362
f 353 363 354
f 353 362 363
f 463 464 363
f 463 363 362
f 354 364 355
f 354 363 364
f 464 465 364
f 464 364 363
f 355 365 356
f 355 364 365
f 465 466 365
f 465 365 364
f 356 366 357
f 356 365 366
f 466 467 366
f 466 366 365
f 457 458 467
f 458 468 467
f 357 367 358
f 357 366 367
f 467 468 367
f 467 367 366
f 458 459 468
f 459 469 468
f 358 368 359
f 358 367 368
f 468 469 368
f 468 368 367
f 359 469 459
f 359 368 469
f 369 370 480
f 370 481 480
f 369 480 487
f 369 487 373
f 369 374 370
f 369 373 374
f 487 488 374
f 487 374 373
f 370 371 481
f 371 482 481
f 370 375 371
f 370 374 375
f 371 372 482
f 372 483 482
f 371 376 372
f 371 375 376
f 372 489 483
f 372 376 489
f 374 488 496
f 374 496 382
f 374 383 375
f 374 382 383
f 496 497 383
f 496 383 382
f 375 384 376
f 375 383 384
f 376 377 489
f 377 490 489
f 376 385 377
f 376 384 385
f 377 378 490
f 378 491 490
f 377 386 378
f 377 385 386
f 378 379 491
f 379 492 491
f 491 492 498
f 492 499 498
f 378 387 379
f 378 386 387
f 379 380 492
f 380 493 492
f 492 493 499
f 493 500 499
f 379 388 380
f 379 387 388
f 380 381 493
f 381 494 493
f 493 494 500
f 494 501 500
f 380 389 381
f 380 388 389
f 381 501 494
f 381 389 501
f 383 497 505
f 383 505 393
f 383 394 384
f 383 393 394
f 384 395 385
f 384 394 395
f 389 390 501
f 390 502 501
f 501 502 511
f 502 512 511
f 390 391 502
f 391 503 502
f 502 503 512
f 503 513 512
f 512 513 397
f 512 397 396
f 391 513 503
f 391 397 513
f 505 506 514
f 506 515 514
f 393 505 514
f 393 514 399
f 393 400 394
f 393 399 400
f 514 515 400
f 514 400 399
f 506 507 515
f 507 516 515
f 394 401 395
f 394 400 401
f 507 508 516
f 508 517 516
f 508 509 517
f 509 518 517
f 509 510 518
f 510 519 518
f 510 511 519
f 511 520 519
f 511 512 520
f 512 521 520
f 396 521 512
f 396 402 521
f 515 516 528
f 516 529 528
f 400 515 528
f 400 528 409
f 400 410 401
f 400 409 410
f 520 521 530
f 521 531 530
f 402 403 521
f 403 522 521
f 521 522 531
f 522 532 531
f 403 532 522
f 403 411 532
f 404 405 523
f 405 524 523
f 523 524 533
f 524 534 533
f 404 523 533
f 404 533 412
f 405 406 524
f 406 525 524
f 524 525 534
f 525 535 534
f 406 535 525
f 406 413 535
f 407 408 526
f 408 527 526
f 526 527 536
f 527 537 536
f 407 526 536
f 407 536 414
f 407 415 408
f 407 414 415
f 408 409 527
f 409 528 527
f 527 528 537
f 528 538 537
f 531 532 539
f 532 540 539
f 411 412 532
f 412 533 532
f 532 533 540
f 533 541 540
f 533 534 541
f 534 542 541
f 534 535 542
f 535 543 542
f 413 543 535
f 413 416 543
f 536 537 547
f 537 548 547
f 414 536 547
f 414 547 419
f 414 420 415
f 414 419 420
f 416 550 543
f 416 421 550
f 417 418 545
f 418 546 545
f 417 545 552
f 417 552 422
f 417 423 418
f 417 422 423
f 552 553 423
f 552 423 422
f 418 419 546
f 419 547 546
f 553 554 424
f 553 424 423
f 549 550 555
f 550 556 555
f 555 556 426
f 555 426 425
f 421 556 550
f 421 426 556
f 424 554 560
f 424 560 429
f 562 563 431
f 562 431 430
f 425 563 555
f 425 431 563
f 427 428 558
f 428 559 558
f 427 558 565
f 427 565 432
f 427 433 428
f 427 432 433
f 565 566 433
f 565 433 432
f 428 429 559
f 429 560 559
f 561 562 575
f 562 576 575
f 430 576 562
f 430 435 576
f 566 567 577
f 567 578 577
f 433 566 577
f 433 577 437
f 433 438 434
f 433 437 438
f 567 568 578
f 568 579 578
f 568 569 579
f 569 580 579
f 569 570 580
f 570 581 580
f 570 571 581
f 571 582 581
f 571 572 582
f 572 583 582
f 573 574 584
f 574 585 584
f 574 575 585
f 575 586 585
f 575 576 586
f 576 587 586
f 586 587 440
f 586 440 439
f 435 587 576
f 435 440 587
f 577 578 588
f 578 589 588
f 437 577 588
f 437 588 441
f 578 579 589
f 579 590 589
f 579 580 590
f 580 591 590
f 580 581 591
f 581 592 591
f 584 585 596
f 585 597 596
f 585 586 597
f 586 598 597
f 439 598 586
f 439 442 598
f 588 589 599
f 589 600 599
f 441 588 599
f 441 599 444
f 589 590 600
f 590 601 600
f 590 591 601
f 591 602 601
f 591 592 602
f 592 603 602
f 592 593 603
f 593 604 603
f 593 594 604
f 594 605 604
f 594 595 605
f 595 606 605
f 595 596 606
f 596 607 606
f 596 597 607
f 597 608 607
f 597 598 608
f 598 609 608
f 442 609 598
f 442 445 609
f 599 600 612
f 600 613 612
f 444 599 612
f 444 612 446
f 607 608 615
f 608 616 615
f 608 609 616
f 609 617 616
f 445 617 609
f 445 447 617
f 446 612 622
f 446 622 449
f 614 615 625
f 615 626 625
f 625 626 451
f 625 451 450
f 615 616 626
f 616 627 626
f 626 627 452
f 626 452 451
f 616 617 627
f 617 628 627
f 627 628 453
f 627 453 452
f 447 628 617
f 447 453 628
f 448 449 621
f 449 622 621
f 448 621 632
f 448 632 454
f 448 455 449
f 448 454 455
f 632 633 455
f 632 455 454
f 623 624 635
f 624 636 635
f 635 636 458
f 635 458 457
f 624 625 636
f 625 637 636
f 636 637 459
f 636 459 458
f 450 637 625
f 450 459 637
f 455 633 642
f 455 642 462
f 455 463 456
f 455 462 463
f 642 643 463
f 642 463 462
f 644 645 465
f 644 465 464
f 645 646 466
f 645 466 465
f 634 635 646
f 635 647 646
f 646 647 467
f 646 467 466
f 457 647 635
f 457 467 647
f 463 643 652
f 463 652 471
f 463 472 464
f 463 471 472
f 464 653 644
f 464 472 653
f 470 471 651
f 471 652 651
f 470 651 658
f 470 658 474
f 470 475 471
f 470 474 475
f 658 659 475
f 658 475 474
f 471 476 472
f 471 475 476
f 659 660 476
f 659 476 475
f 472 473 653
f 473 654 653
f 472 477 473
f 472 476 477
f 660 661 477
f 660 477 476
f 473 661 654
f 473 477 661
f 478 479 663
f 479 664 663
f 478 663 670
f 478 670 485
f 478 486 479
f 478 485 486
f 670 671 486
f 670 486 485
f 479 480 664
f 480 665 664
f 479 487 480
f 479 486 487
f 671 672 487
f 671 487 486
f 480 481 665
f 481 666 665
f 481 482 666
f 482 667 666
f 482 483 667
f 483 668 667
f 667 668 674
f 668 675 674
f 483 484 668
f 484 669 668
f 668 669 675
f 669 676 675
f 483 490 484
f 483 489 490
f 484 676 669
f 484 490 676
f 672 673 678
f 673 679 678
f 487 672 678
f 487 678 495
f 487 496 488
f 487 495 496
f 678 679 496
f 678 496 495
f 673 674 679
f 674 680 679
f 674 675 680
f 675 681 680
f 675 676 681
f 676 682 681
f 490 491 676
f 491 677 676
f 676 677 682
f 677 683 682
f 491 683 677
f 491 498 683
f 679 680 687
f 680 688 687
f 496 679 687
f 496 687 504
f 496 505 497
f 496 504 505
f 687 688 505
f 687 505 504
f 680 681 688
f 681 689 688
f 688 689 506
f 688 506 505
f 681 682 689
f 682 690 689
f 689 690 507
f 689 507 506
f 682 683 690
f 683 691 690
f 690 691 508
f 690 508 507
f 498 499 683
f 499 684 683
f 683 684 691
f 684 692 691
f 691 692 509
f 691 509 508
f 499 500 684
f 500 685 684
f 684 685 692
f 685 693 692
f 692 693 510
f 692 510 509
f 500 501 685
f 501 686 685
f 685 686 693
f 686 694 693
f 693 694 511
f 693 511 510
f 501 694 686
f 501 511 694
f 516 517 695
f 517 696 695
f 695 696 701
f 696 702 701
f 516 695 701
f 516 701 529
f 517 518 696
f 518 697 696
f 696 697 702
f 697 703 702
f 518 519 697
f 519 698 697
f 697 698 703
f 698 704 703
f 519 520 698
f 520 699 698
f 698 699 704
f 699 705 704
f 520 705 699
f 520 530 705
f 528 529 700
f 529 701 700
f 528 700 709
f 528 709 538
f 703 704 710
f 704 711 710
f 704 705 711
f 705 712 711
f 530 531 705
f 531 706 705
f 705 706 712
f 706 713 712
f 531 713 706
f 531 539 713
f 537 538 708
f 538 709 708
f 537 708 722
f 537 722 548
f 711 712 723
f 712 724 723
f 712 713 724
f 713 725 724
f 539 540 713
f 540 714 713
f 713 714 725
f 714 726 725
f 540 541 714
f 541 715 714
f 541 542 715
f 542 716 715
f 542 543 716
f 543 717 716
f 727 728 550
f 727 550 549
f 543 728 717
f 543 550 728
f 544 545 718
f 545 719 718
f 544 718 729
f 544 729 551
f 544 552 545
f 544 551 552
f 545 546 719
f 546 720 719
f 546 547 720
f 547 721 720
f 547 548 721
f 548 722 721
f 549 736 727
f 549 555 736
f 551 729 737
f 551 737 557
f 551 558 552
f 551 557 558
f 552 559 553
f 552 558 559
f 553 560 554
f 553 559 560
f 730 731 742
f 731 743 742
f 731 732 743
f 732 744 743
f 732 733 744
f 733 745 744
f 733 734 745
f 734 746 745
f 734 735 746
f 735 747 746
f 749 750 562
f 749 562 561
f 750 751 563
f 750 563 562
f 555 751 736
f 555 563 751
f 737 738 752
f 738 753 752
f 557 737 752
f 557 752 564
f 557 565 558
f 557 564 565
f 752 753 565
f 752 565 564
f 738 739 753
f 739 754 753
f 753 754 566
f 753 566 565
f 739 740 754
f 740 755 754
f 754 755 567
f 754 567 566
f 740 741 755
f 741 756 755
f 755 756 568
f 755 568 567
f 741 742 756
f 742 757 756
f 756 757 569
f 756 569 568
f 742 743 757
f 743 758 757
f 757 758 570
f 757 570 569
f 743 744 758
f 744 759 758
f 758 759 571
f 758 571 570
f 744 745 759
f 745 760 759
f 759 760 572
f 759 572 571
f 745 746 760
f 746 761 760
f 746 747 761
f 747 762 761
f 747 748 762
f 748 763 762
f 762 763 574
f 762 574 573
f 748 749 763
f 749 764 763
f 763 764 575
f 763 575 574
f 561 764 749
f 561 575 764
f 760 761 767
f 761 768 767
f 572 760 767
f 572 767 583
f 761 762 768
f 762 769 768
f 573 769 762
f 573 584 769
f 581 582 765
f 582 766 765
f 765 766 770
f 766 771 770
f 581 765 770
f 581 770 592
f 770 771 593
f 770 593 592
f 582 583 766
f 583 767 766
f 766 767 771
f 767 772 771
f 771 772 594
f 771 594 593
f 767 768 772
f 768 773 772
f 772 773 595
f 772 595 594
f 768 769 773
f 769 774 773
f 773 774 596
f 773 596 595
f 584 774 769
f 584 596 774
f 600 601 776
f 601 777 776
f 600 776 788
f 600 788 613
f 601 602 777
f 602 778 777
f 602 603 778
f 603 779 778
f 603 604 779
f 604 780 779
f 604 605 780
f 605 781 780
f 605 606 781
f 606 782 781
f 781 782 789
f 782 790 789
f 606 607 782
f 607 783 782
f 782 783 790
f 783 791 790
f 790 791 615
f 790 615 614
f 607 791 783
f 607 615 791
f 610 611 785
f 611 786 785
f 610 785 794
f 610 794 620
f 610 621 611
f 610 620 621
f 611 612 786
f 612 787 786
f 611 622 612
f 611 621 622
f 612 613 787
f 613 788 787
f 796 797 624
f 796 624 623
f 789 790 797
f 790 798 797
f 797 798 625
f 797 625 624
f 614 798 790
f 614 625 798
f 618 619 792
f 619 793 792
f 618 792 799
f 618 799 629
f 618 630 619
f 618 629 630
f 619 620 793
f 620 794 793
f 619 631 620
f 619 630 631
f 620 632 621
f 620 631 632
f 795 796 800
f 796 801 800
f 800 801 635
f 800 635 634
f 623 801 796
f 623 635 801
f 629 799 802
f 629 802 638
f 629 639 630
f 629 638 639
f 802 803 639
f 802 639 638
f 630 640 631
f 630 639 640
f 631 641 632
f 631 640 641
f 632 642 633
f 632 641 642
f 634 804 800
f 634 646 804
f 639 803 805
f 639 805 648
f 639 649 640
f 639 648 649
f 805 806 649
f 805 649 648
f 640 650 641
f 640 649 650
f 641 651 642
f 641 650 651
f 642 652 643
f 642 651 652
f 644 654 645
f 644 653 654
f 645 655 646
f 645 654 655
f 646 807 804
f 646 655 807
f 649 806 809
f 649 809 656
f 649 657 650
f 649 656 657
f 809 810 657
f 809 657 656
f 650 658 651
f 650 657 658
f 810 811 658
f 810 658 657
f 811 812 659
f 811 659 658
f 812 813 660
f 812 660 659
f 813 814 661
f 813 661 660
f 654 662 655
f 654 661 662
f 814 815 662
f 814 662 661
f 655 815 807
f 655 662 815
f 663 664 817
f 664 818 817
f 663 817 823
f 663 823 670
f 823 824 671
f 823 671 670
f 664 665 818
f 665 819 818
f 824 825 672
f 824 672 671
f 665 666 819
f 666 820 819
f 819 820 825
f 820 826 825
f 825 826 673
f 825 673 672
f 666 667 820
f 667 821 820
f 820 821 826
f 821 827 826
f 826 827 674
f 826 674 673
f 667 827 821
f 667 674 827
f 700 701 834
f 701 835 834
f 834 835 845
f 835 846 845
f 700 834 845
f 700 845 709
f 701 702 835
f 702 836 835
f 702 703 836
f 703 837 836
f 703 847 837
f 703 710 847
f 707 708 843
f 708 844 843
f 843 844 859
f 844 860 859
f 707 843 859
f 707 859 721
f 707 722 708
f 707 721 722
f 708 709 844
f 709 845 844
f 844 845 860
f 845 861 860
f 710 711 847
f 711 848 847
f 711 865 848
f 711 723 865
f 714 715 851
f 715 852 851
f 714 851 868
f 714 868 726
f 715 716 852
f 716 853 852
f 716 717 853
f 717 854 853
f 853 854 870
f 854 871 870
f 870 871 728
f 870 728 727
f 717 871 854
f 717 728 871
f 718 719 856
f 719 857 856
f 718 856 873
f 718 873 729
f 719 720 857
f 720 858 857
f 720 721 858
f 721 859 858
f 858 859 875
f 859 876 875
f 859 860 876
f 860 877 876
f 860 861 877
f 861 878 877
f 861 862 878
f 862 879 878
f 878 879 731
f 878 731 730
f 862 863 879
f 863 880 879
f 879 880 732
f 879 732 731
f 863 864 880
f 864 881 880
f 880 881 733
f 880 733 732
f 864 865 881
f 865 882 881
f 881 882 734
f 881 734 733
f 723 724 865
f 724 866 865
f 865 866 882
f 866 883 882
f 882 883 735
f 882 735 734
f 724 725 866
f 725 867 866
f 866 867 883
f 867 884 883
f 725 726 867
f 726 868 867
f 867 868 884
f 868 885 884
f 868 869 885
f 869 886 885
f 869 870 886
f 870 887 886
f 727 887 870
f 727 736 887
f 873 874 888
f 874 889 888
f 729 873 888
f 729 888 737
f 888 889 738
f 888 738 737
f 874 875 889
f 875 890 889
f 889 890 739
f 889 739 738
f 875 876 890
f 876 891 890
f 890 891 740
f 890 740 739
f 876 877 891
f 877 892 891
f 891 892 741
f 891 741 740
f 877 878 892
f 878 893 892
f 892 893 742
f 892 742 741
f 730 893 878
f 730 742 893
f 883 884 894
f 884 895 894
f 735 883 894
f 735 894 747
f 894 895 748
f 894 748 747
f 884 885 895
f 885 896 895
f 895 896 749
f 895 749 748
f 885 886 896
f 886 897 896
f 896 897 750
f 896 750 749
f 886 887 897
f 887 898 897
f 897 898 751
f 897 751 750
f 736 898 887
f 736 751 898
f 775 776 899
f 776 900 899
f 899 900 910
f 900 911 910
f 775 899 910
f 775 910 787
f 775 788 776
f 775 787 788
f 776 777 900
f 777 901 900
f 900 901 911
f 901 912 911
f 777 778 901
f 778 902 901
f 901 902 912
f 902 913 912
f 778 779 902
f 779 903 902
f 902 903 913
f 903 914 913
f 779 780 903
f 780 904 903
f 903 904 914
f 904 915 914
f 780 781 904
f 781 905 904
f 904 905 915
f 905 916 915
f 781 916 905
f 781 789 916
f 784 785 907
f 785 908 907
f 784 907 919
f 784 919 793
f 784 794 785
f 784 793 794
f 785 786 908
f 786 909 908
f 786 787 909
f 787 910 909
f 913 914 920
f 914 921 920
f 914 915 921
f 915 922 921
f 921 922 796
f 921 796 795
f 915 916 922
f 916 923 922
f 922 923 797
f 922 797 796
f 789 923 916
f 789 797 923
f 792 793 918
f 793 919 918
f 792 918 925
f 792 925 799
f 920 921 926
f 921 927 926
f 795 927 921
f 795 800 927
f 799 925 929
f 799 929 802
f 929 930 803
f 929 803 802
f 800 931 927
f 800 804 931
f 803 930 933
f 803 933 805
f 804 934 931
f 804 807 934
f 805 933 936
f 805 936 808
f 805 809 806
f 805 808 809
f 936 937 809
f 936 809 808
f 937 938 810
f 937 810 809
f 938 939 811
f 938 811 810
f 939 940 812
f 939 812 811
f 940 941 813
f 940 813 812
f 941 942 814
f 941 814 813
f 942 943 815
f 942 815 814
f 807 943 934
f 807 815 943
f 816 817 945
f 817 946 945
f 816 945 950
f 816 950 822
f 816 823 817
f 816 822 823
f 950 951 823
f 950 823 822
f 817 818 946
f 818 947 946
f 946 947 951
f 947 952 951
f 951 952 824
f 951 824 823
f 818 819 947
f 819 948 947
f 947 948 952
f 948 953 952
f 952 953 825
f 952 825 824
f 819 953 948
f 819 825 953
f 828 829 958
f 829 959 958
f 828 958 966
f 828 966 835
f 828 836 829
f 828 835 836
f 829 830 959
f 830 960 959
f 829 837 830
f 829 836 837
f 830 831 960
f 831 961 960
f 830 838 831
f 830 837 838
f 831 832 961
f 832 962 961
f 831 839 832
f 831 838 839
f 832 833 962
f 833 963 962
f 832 840 833
f 832 839 840
f 833 967 963
f 833 840 967
f 835 966 972
f 835 972 846
f 837 848 838
f 837 847 848
f 838 849 839
f 838 848 849
f 839 850 840
f 839 849 850
f 840 841 967
f 841 968 967
f 840 851 841
f 840 850 851
f 841 842 968
f 842 969 968
f 841 852 842
f 841 851 852
f 842 973 969
f 842 852 973
f 845 846 971
f 846 972 971
f 971 972 980
f 972 981 980
f 845 971 980
f 845 980 861
f 980 981 862
f 980 862 861
f 981 982 863
f 981 863 862
f 982 983 864
f 982 864 863
f 983 984 865
f 983 865 864
f 848 866 849
f 848 865 866
f 984 985 866
f 984 866 865
f 849 867 850
f 849 866 867
f 985 986 867
f 985 867 866
f 850 868 851
f 850 867 868
f 986 987 868
f 986 868 867
f 987 988 869
f 987 869 868
f 852 853 973
f 853 974 973
f 988 989 870
f 988 870 869
f 853 989 974
f 853 870 989
f 855 856 976
f 856 977 976
f 855 976 991
f 855 991 872
f 855 873 856
f 855 872 873
f 991 992 873
f 991 873 872
f 856 857 977
f 857 978 977
f 992 993 874
f 992 874 873
f 857 858 978
f 858 979 978
f 993 994 875
f 993 875 874
f 858 994 979
f 858 875 994
f 906 907 995
f 907 996 995
f 906 995 1004
f 906 1004 918
f 906 919 907
f 906 918 919
f 907 908 996
f 908 997 996
f 908 909 997
f 909 998 997
f 909 910 998
f 910 999 998
f 910 911 999
f 911 1000 999
f 911 912 1000
f 912 1001 1000
f 1000 1001 1005
f 1001 1006 1005
f 912 913 1001
f 913 1002 1001
f 1001 1002 1006
f 1002 1007 1006
f 913 1007 1002
f 913 920 1007
f 917 918 1003
f 918 1004 1003
f 917 1003 1008
f 917 1008 924
f 917 925 918
f 917 924 925
f 920 1009 1007
f 920 926 1009
f 924 1008 1011
f 924 1011 928
f 924 929 925
f 924 928 929
f 1011 1012 929
f 1011 929 928
f 926 927 1009
f 927 1010 1009
f 927 1013 1010
f 927 931 1013
f 929 1012 1014
f 929 1014 932
f 929 933 930
f 929 932 933
f 931 1016 1013
f 931 934 1016
f 1014 1015 1017
f 1015 1018 1017
f 932 1014 1017
f 932 1017 935
f 932 936 933
f 932 935 936
f 1017 1018 936
f 1017 936 935
f 1018 1019 937
f 1018 937 936
f 1019 1020 938
f 1019 938 937
f 1020 1021 939
f 1020 939 938
f 1021 1022 940
f 1021 940 939
f 1022 1023 941
f 1022 941 940
f 1023 1024 942
f 1023 942 941
f 1024 1025 943
f 1024 943 942
f 934 1025 1016
f 934 943 1025
f 944 945 1029
f 945 1030 1029
f 944 1029 1035
f 944 1035 949
f 944 950 945
f 944 949 950
f 1035 1036 950
f 1035 950 949
f 945 946 1030
f 946 1031 1030
f 1036 1037 951
f 1036 951 950
f 946 1037 1031
f 946 951 1037
f 954 955 1042
f 955 1043 1042
f 954 1042 1051
f 954 1051 959
f 954 960 955
f 954 959 960
f 955 956 1043
f 956 1044 1043
f 955 961 956
f 955 960 961
f 956 957 1044
f 957 1045 1044
f 956 962 957
f 956 961 962
f 957 1052 1045
f 957 962 1052
f 958 959 1050
f 959 1051 1050
f 958 1050 1059
f 958 1059 966
f 962 963 1052
f 963 1053 1052
f 963 964 1053
f 964 1054 1053
f 963 968 964
f 963 967 968
f 964 965 1054
f 965 1055 1054
f 964 969 965
f 964 968 969
f 965 1060 1055
f 965 969 1060
f 966 1059 1064
f 966 1064 972
f 969 970 1060
f 970 1061 1060
f 1060 1061 1065
f 1061 1066 1065
f 969 974 970
f 969 973 974
f 970 1066 1061
f 970 974 1066
f 972 1064 1074
f 972 1074 981
f 1074 1075 982
f 1074 982 981
f 1075 1076 983
f 1075 983 982
f 1076 1077 984
f 1076 984 983
f 1077 1078 985
f 1077 985 984
f 1078 1079 986
f 1078 986 985
f 1079 1080 987
f 1079 987 986
f 1080 1081 988
f 1080 988 987
f 1081 1082 989
f 1081 989 988
f 974 1082 1066
f 974 989 1082
f 975 976 1067
f 976 1068 1067
f 1067 1068 1083
f 1068 1084 1083
f 975 1067 1083
f 975 1083 990
f 975 991 976
f 975 990 991
f 1083 1084 991
f 1083 991 990
f 976 977 1068
f 977 1069 1068
f 1068 1069 1084
f 1069 1085 1084
f 1084 1085 992
f 1084 992 991
f 977 978 1069
f 978 1070 1069
f 1069 1070 1085
f 1070 1086 1085
f 1085 1086 993
f 1085 993 992
f 978 979 1070
f 979 1071 1070
f 1070 1071 1086
f 1071 1087 1086
f 1086 1087 994
f 1086 994 993
f 979 1087 1071
f 979 994 1087
f 995 996 1105
f 996 1106 1105
f 1105 1106 1118
f 1106 1119 1118
f 995 1105 1118
f 995 1118 1004
f 996 997 1106
f 997 1107 1106
f 1106 1107 1119
f 1107 1120 1119
f 997 998 1107
f 998 1108 1107
f 1107 1108 1120
f 1108 1121 1120
f 998 999 1108
f 999 1109 1108
f 1108 1109 1121
f 1109 1122 1121
f 999 1000 1109
f 1000 1110 1109
f 1109 1110 1122
f 1110 1123 1122
f 1000 1123 1110
f 1000 1005 1123
f 1003 1004 1117
f 1004 1118 1117
f 1003 1117 1132
f 1003 1132 1008
f 1005 1006 1123
f 1006 1124 1123
f 1006 1007 1124
f 1007 1125 1124
f 1007 1133 1125
f 1007 1009 1133
f 1008 1132 1137
f 1008 1137 1011
f 1137 1138 1012
f 1137 1012 1011
f 1009 1010 1133
f 1010 1134 1133
f 1010 1139 1134
f 1010 1013 1139
f 1012 1138 1142
f 1012 1142 1014
f 1142 1143 1015
f 1142 1015 1014
f 1013 1144 1139
f 1013 1016 1144
f 1015 1143 1146
f 1015 1146 1018
f 1146 1147 1019
f 1146 1019 1018
f 1147 1148 1020
f 1147 1020 1019
f 1148 1149 1021
f 1148 1021 1020
f 1149 1150 1022
f 1149 1022 1021
f 1150 1151 1023
f 1150 1023 1022
f 1151 1152 1024
f 1151 1024 1023
f 1152 1153 1025
f 1152 1025 1024
f 1016 1153 1144
f 1016 1025 1153
f 1026 1027 1158
f 1027 1159 1158
f 1026 1158 1164
f 1026 1164 1032
f 1026 1033 1027
f 1026 1032 1033
f 1164 1165 1033
f 1164 1033 1032
f 1027 1028 1159
f 1028 1160 1159
f 1027 1034 1028
f 1027 1033 1034
f 1165 1166 1034
f 1165 1034 1033
f 1028 1029 1160
f 1029 1161 1160
f 1028 1035 1029
f 1028 1034 1035
f 1166 1167 1035
f 1166 1035 1034
f 1029 1030 1161
f 1030 1162 1161
f 1167 1168 1036
f 1167 1036 1035
f 1030 1031 1162
f 1031 1163 1162
f 1168 1169 1037
f 1168 1037 1036
f 1031 1169 1163
f 1031 1037 1169
f 1038 1039 1183
f 1039 1184 1183
f 1038 1183 1195
f 1038 1195 1047
f 1038 1048 1039
f 1038 1047 1048
f 1039 1040 1184
f 1040 1185 1184
f 1039 1049 1040
f 1039 1048 1049
f 1040 1041 1185
f 1041 1186 1185
f 1040 1050 1041
f 1040 1049 1050
f 1041 1042 1186
f 1042 1187 1186
f 1041 1051 1042
f 1041 1050 1051
f 1042 1043 1187
f 1043 1188 1187
f 1043 1044 1188
f 1044 1189 1188
f 1044 1045 1189
f 1045 1190 1189
f 1045 1046 1190
f 1046 1191 1190
f 1045 1053 1046
f 1045 1052 1053
f 1046 1196 1191
f 1046 1053 1196
f 1047 1195 1203
f 1047 1203 1056
f 1047 1057 1048
f 1047 1056 1057
f 1203 1204 1057
f 1203 1057 1056
f 1048 1058 1049
f 1048 1057 1058
f 1204 1205 1058
f 1204 1058 1057
f 1049 1059 1050
f 1049 1058 1059
f 1053 1054 1196
f 1054 1197 1196
f 1054 1055 1197
f 1055 1198 1197
f 1055 1206 1198
f 1055 1060 1206
f 1058 1205 1214
f 1058 1214 1063
f 1058 1064 1059
f 1058 1063 1064
f 1060 1215 1206
f 1060 1065 1215
f 1062 1063 1213
f 1063 1214 1213
f 1062 1213 1225
f 1062 1225 1072
f 1062 1073 1063
f 1062 1072 1073
f 1225 1226 1073
f 1225 1073 1072
f 1063 1074 1064
f 1063 1073 1074
f 1226 1227 1074
f 1226 1074 1073
f 1227 1228 1075
f 1227 1075 1074
f 1229 1230 1081
f 1229 1081 1080
f 1065 1066 1215
f 1066 1216 1215
f 1230 1231 1082
f 1230 1082 1081
f 1066 1231 1216
f 1066 1082 1231
f 1075 1228 1243
f 1075 1243 1088
f 1075 1089 1076
f 1075 1088 1089
f 1243 1244 1089
f 1243 1089 1088
f 1076 1090 1077
f 1076 1089 1090
f 1077 1091 1078
f 1077 1090 1091
f 1078 1092 1079
f 1078 1091 1092
f 1079 1093 1080
f 1079 1092 1093
f 1245 1246 1093
f 1245 1093 1092
f 1080 1246 1229
f 1080 1093 1246
f 1089 1244 1258
f 1089 1258 1094
f 1089 1095 1090
f 1089 1094 1095
f 1258 1259 1095
f 1258 1095 1094
f 1090 1096 1091
f 1090 1095 1096
f 1259 1260 1096
f 1259 1096 1095
f 1091 1097 1092
f 1091 1096 1097
f 1260 1261 1097
f 1260 1097 1096
f 1092 1261 1245
f 1092 1097 1261
f 1098 1099 1280
f 1099 1281 1280
f 1098 1280 1291
f 1098 1291 1100
f 1098 1101 1099
f 1098 1100 1101
f 1099 1292 1281
f 1099 1101 1292
f 1100 1291 1303
f 1100 1303 1103
f 1100 1104 1101
f 1100 1103 1104
f 1101 1304 1292
f 1101 1104 1304
f 1102 1103 1302
f 1103 1303 1302
f 1102 1302 1317
f 1102 1317 1113
f 1102 1114 1103
f 1102 1113 1114
f 1103 1115 1104
f 1103 1114 1115
f 1104 1318 1304
f 1104 1115 1318
f 1111 1112 1315
f 1112 1316 1315
f 1111 1315 1330
f 1111 1330 1126
f 1111 1127 1112
f 1111 1126 1127
f 1112 1113 1316
f 1113 1317 1316
f 1112 1128 1113
f 1112 1127 1128
f 1331 1332 1128
f 1331 1128 1127
f 1113 1129 1114
f 1113 1128 1129
f 1332 1333 1129
f 1332 1129 1128
f 1114 1130 1115
f 1114 1129 1130
f 1333 1334 1130
f 1333 1130 1129
f 1115 1334 1318
f 1115 1130 1334
f 1116 1117 1320
f 1117 1321 1320
f 1116 1320 1336
f 1116 1336 1131
f 1116 1132 1117
f 1116 1131 1132
f 1117 1118 1321
f 1118 1322 1321
f 1118 1119 1322
f 1119 1323 1322
f 1119 1120 1323
f 1120 1324 1323
f 1120 1121 1324
f 1121 1325 1324
f 1121 1122 1325
f 1122 1326 1325
f 1122 1123 1326
f 1123 1327 1326
f 1123 1124 1327
f 1124 1328 1327
f 1124 1125 1328
f 1125 1329 1328
f 1125 1126 1329
f 1126 1330 1329
f 1125 1134 1126
f 1125 1133 1134
f 1126 1135 1127
f 1126 1134 1135
f 1127 1337 1331
f 1127 1135 1337
f 1131 1336 1339
f 1131 1339 1136
f 1131 1137 1132
f 1131 1136 1137
f 1339 1340 1137
f 1339 1137 1136
f 1134 1140 1135
f 1134 1139 1140
f 1135 1341 1337
f 1135 1140 1341
f 1137 1340 1343
f 1137 1343 1141
f 1137 1142 1138
f 1137 1141 1142
f 1343 1344 1142
f 1343 1142 1141
f 1344 1345 1143
f 1344 1143 1142
f 1139 1145 1140
f 1139 1144 1145
f 1346 1347 1145
f 1346 1145 1144
f 1140 1347 1341
f 1140 1145 1347
f 1143 1345 1349
f 1143 1349 1146
f 1349 1350 1147
f 1349 1147 1146
f 1350 1351 1148
f 1350 1148 1147
f 1351 1352 1149
f 1351 1149 1148
f 1352 1353 1150
f 1352 1150 1149
f 1353 1354 1151
f 1353 1151 1150
f 1354 1355 1152
f 1354 1152 1151
f 1355 1356 1153
f 1355 1153 1152
f 1144 1356 1346
f 1144 1153 1356
f 1154 1155 1359
f 1155 1360 1359
f 1154 1359 1366
f 1154 1366 1159
f 1154 1160 1155
f 1154 1159 1160
f 1155 1156 1360
f 1156 1361 1360
f 1155 1161 1156
f 1155 1160 1161
f 1156 1157 1361
f 1157 1362 1361
f 1156 1162 1157
f 1156 1161 1162
f 1157 1367 1362
f 1157 1162 1367
f 1158 1159 1365
f 1159 1366 1365
f 1158 1365 1372
f 1158 1372 1164
f 1372 1373 1165
f 1372 1165 1164
f 1373 1374 1166
f 1373 1166 1165
f 1162 1163 1367
f 1163 1368 1367
f 1163 1375 1368
f 1163 1169 1375
f 1166 1374 1381
f 1166 1381 1172
f 1166 1173 1167
f 1166 1172 1173
f 1381 1382 1173
f 1381 1173 1172
f 1167 1174 1168
f 1167 1173 1174
f 1382 1383 1174
f 1382 1174 1173
f 1168 1175 1169
f 1168 1174 1175
f 1383 1384 1175
f 1383 1175 1174
f 1169 1170 1375
f 1170 1376 1375
f 1169 1176 1170
f 1169 1175 1176
f 1384 1385 1176
f 1384 1176 1175
f 1170 1171 1376
f 1171 1377 1376
f 1170 1177 1171
f 1170 1176 1177
f 1171 1386 1377
f 1171 1177 1386
f 1176 1385 1396
f 1176 1396 1181
f 1176 1182 1177
f 1176 1181 1182
f 1177 1178 1386
f 1178 1387 1386
f 1177 1183 1178
f 1177 1182 1183
f 1178 1179 1387
f 1179 1388 1387
f 1387 1388 1397
f 1388 1398 1397
f 1178 1184 1179
f 1178 1183 1184
f 1179 1398 1388
f 1179 1184 1398
f 1180 1181 1395
f 1181 1396 1395
f 1180 1395 1412
f 1180 1412 1192
f 1180 1193 1181
f 1180 1192 1193
f 1181 1194 1182
f 1181 1193 1194
f 1182 1195 1183
f 1182 1194 1195
f 1184 1185 1398
f 1185 1399 1398
f 1185 1186 1399
f 1186 1400 1399
f 1186 1187 1400
f 1187 1401 1400
f 1187 1188 1401
f 1188 1402 1401
f 1188 1189 1402
f 1189 1403 1402
f 1189 1190 1403
f 1190 1404 1403
f 1190 1191 1404
f 1191 1405 1404
f 1404 1405 1413
f 1405 1414 1413
f 1191 1414 1405
f 1191 1196 1414
f 1192 1412 1424
f 1192 1424 1200
f 1192 1201 1193
f 1192 1200 1201
f 1424 1425 1201
f 1424 1201 1200
f 1193 1202 1194
f 1193 1201 1202
f 1425 1426 1202
f 1425 1202 1201
f 1194 1203 1195
f 1194 1202 1203
f 1196 1197 1414
f 1197 1415 1414
f 1414 1415 1427
f 1415 1428 1427
f 1197 1198 1415
f 1198 1416 1415
f 1415 1416 1428
f 1416 1429 1428
f 1198 1199 1416
f 1199 1417 1416
f 1416 1417 1429
f 1417 1430 1429
f 1198 1207 1199
f 1198 1206 1207
f 1429 1430 1207
f 1429 1207 1206
f 1199 1430 1417
f 1199 1207 1430
f 1202 1426 1439
f 1202 1439 1211
f 1202 1212 1203
f 1202 1211 1212
f 1203 1213 1204
f 1203 1212 1213
f 1204 1214 1205
f 1204 1213 1214
f 1427 1428 1440
f 1428 1441 1440
f 1428 1429 1441
f 1429 1442 1441
f 1206 1442 1429
f 1206 1215 1442
f 1208 1209 1436
f 1209 1437 1436
f 1208 1436 1448
f 1208 1448 1220
f 1208 1221 1209
f 1208 1220 1221
f 1209 1210 1437
f 1210 1438 1437
f 1209 1222 1210
f 1209 1221 1222
f 1210 1211 1438
f 1211 1439 1438
f 1210 1223 1211
f 1210 1222 1223
f 1211 1224 1212
f 1211 1223 1224
f 1212 1225 1213
f 1212 1224 1225
f 1441 1442 1450
f 1442 1451 1450
f 1450 1451 1230
f 1450 1230 1229
f 1215 1216 1442
f 1216 1443 1442
f 1442 1443 1451
f 1443 1452 1451
f 1451 1452 1231
f 1451 1231 1230
f 1216 1452 1443
f 1216 1231 1452
f 1217 1218 1445
f 1218 1446 1445
f 1217 1445 1454
f 1217 1454 1232
f 1217 1233 1218
f 1217 1232 1233
f 1454 1455 1233
f 1454 1233 1232
f 1218 1219 1446
f 1219 1447 1446
f 1218 1234 1219
f 1218 1233 1234
f 1219 1220 1447
f 1220 1448 1447
f 1219 1235 1220
f 1219 1234 1235
f 1220 1236 1221
f 1220 1235 1236
f 1221 1237 1222
f 1221 1236 1237
f 1222 1238 1223
f 1222 1237 1238
f 1223 1239 1224
f 1223 1238 1239
f 1224 1240 1225
f 1224 1239 1240
f 1225 1241 1226
f 1225 1240 1241
f 1226 1242 1227
f 1226 1241 1242
f 1227 1243 1228
f 1227 1242 1243
f 1449 1450 1456
f 1450 1457 1456
f 1229 1457 1450
f 1229 1246 1457
f 1233 1455 1460
f 1233 1460 1247
f 1233 1248 1234
f 1233 1247 1248
f 1460 1461 1248
f 1460 1248 1247
f 1234 1249 1235
f 1234 1248 1249
f 1461 1462 1249
f 1461 1249 1248
f 1235 1250 1236
f 1235 1249 1250
f 1462 1463 1250
f 1462 1250 1249
f 1236 1251 1237
f 1236 1250 1251
f 1463 1464 1251
f 1463 1251 1250
f 1237 1252 1238
f 1237 1251 1252
f 1464 1465 1252
f 1464 1252 1251
f 1238 1253 1239
f 1238 1252 1253
f 1239 1254 1240
f 1239 1253 1254
f 1240 1255 1241
f 1240 1254 1255
f 1241 1256 1242
f 1241 1255 1256
f 1242 1257 1243
f 1242 1256 1257
f 1243 1258 1244
f 1243 1257 1258
f 1456 1457 1466
f 1457 1467 1466
f 1245 1262 1246
f 1245 1261 1262
f 1466 1467 1262
f 1466 1262 1261
f 1246 1467 1457
f 1246 1262 1467
f 1252 1465 1472
f 1252 1472 1263
f 1252 1264 1253
f 1252 1263 1264
f 1472 1473 1264
f 1472 1264 1263
f 1253 1265 1254
f 1253 1264 1265
f 1254 1266 1255
f 1254 1265 1266
f 1255 1267 1256
f 1255 1266 1267
f 1256 1268 1257
f 1256 1267 1268
f 1257 1269 1258
f 1257 1268 1269
f 1258 1270 1259
f 1258 1269 1270
f 1259 1271 1260
f 1259 1270 1271
f 1260 1272 1261
f 1260 1271 1272
f 1261 1474 1466
f 1261 1272 1474
f 1264 1473 1481
f 1264 1481 1274
f 1264 1275 1265
f 1264 1274 1275
f 1265 1276 1266
f 1265 1275 1276
f 1266 1277 1267
f 1266 1276 1277
f 1267 1278 1268
f 1267 1277 1278
f 1268 1279 1269
f 1268 1278 1279
f 1269 1280 1270
f 1269 1279 1280
f 1270 1281 1271
f 1270 1280 1281
f 1271 1282 1272
f 1271 1281 1282
f 1272 1273 1474
f 1273 1475 1474
f 1474 1475 1482
f 1475 1483 1482
f 1272 1283 1273
f 1272 1282 1283
f 1273 1483 1475
f 1273 1283 1483
f 1274 1481 1488
f 1274 1488 1285
f 1274 1286 1275
f 1274 1285 1286
f 1275 1287 1276
f 1275 1286 1287
f 1276 1288 1277
f 1276 1287 1288
f 1277 1289 1278
f 1277 1288 1289
f 1278 1290 1279
f 1278 1289 1290
f 1279 1291 1280
f 1279 1290 1291
f 1281 1293 1282
f 1281 1292 1293
f 1282 1294 1283
f 1282 1293 1294
f 1283 1489 1483
f 1283 1294 1489
f 1284 1285 1487
f 1285 1488 1487
f 1284 1487 1494
f 1284 1494 1296
f 1284 1297 1285
f 1284 1296 1297
f 1285 1298 1286
f 1285 1297 1298
f 1286 1299 1287
f 1286 1298 1299
f 1287 1300 1288
f 1287 1299 1300
f 1288 1301 1289
f 1288 1300 1301
f 1289 1302 1290
f 1289 1301 1302
f 1290 1303 1291
f 1290 1302 1303
f 1292 1305 1293
f 1292 1304 1305
f 1495 1496 1305
f 1495 1305 1304
f 1293 1306 1294
f 1293 1305 1306
f 1496 1497 1306
f 1496 1306 1305
f 1294 1295 1489
f 1295 1490 1489
f 1489 1490 1497
f 1490 1498 1497
f 1294 1307 1295
f 1294 1306 1307
f 1497 1498 1307
f 1497 1307 1306
f 1295 1498 1490
f 1295 1307 1498
f 1296 1494 1503
f 1296 1503 1311
f 1296 1312 1297
f 1296 1311 1312
f 1297 1313 1298
f 1297 1312 1313
f 1298 1314 1299
f 1298 1313 1314
f 1299 1315 1300
f 1299 1314 1315
f 1300 1316 1301
f 1300 1315 1316
f 1301 1317 1302
f 1301 1316 1317
f 1304 1504 1495
f 1304 1318 1504
f 1308 1309 1500
f 1309 1501 1500
f 1308 1500 1510
f 1308 1510 1323
f 1308 1324 1309
f 1308 1323 1324
f 1309 1310 1501
f 1310 1502 1501
f 1309 1325 1310
f 1309 1324 1325
f 1310 1311 1502
f 1311 1503 1502
f 1310 1326 1311
f 1310 1325 1326
f 1311 1327 1312
f 1311 1326 1327
f 1312 1328 1313
f 1312 1327 1328
f 1313 1329 1314
f 1313 1328 1329
f 1314 1330 1315
f 1314 1329 1330
f 1511 1512 1333
f 1511 1333 1332
f 1512 1513 1334
f 1512 1334 1333
f 1318 1319 1504
f 1319 1505 1504
f 1504 1505 1513
f 1505 1514 1513
f 1318 1335 1319
f 1318 1334 1335
f 1513 1514 1335
f 1513 1335 1334
f 1319 1514 1505
f 1319 1335 1514
f 1320 1321 1507
f 1321 1508 1507
f 1320 1507 1516
f 1320 1516 1336
f 1321 1322 1508
f 1322 1509 1508
f 1322 1323 1509
f 1323 1510 1509
f 1331 1338 1332
f 1331 1337 1338
f 1332 1517 1511
f 1332 1338 1517
f 1336 1516 1519
f 1336 1519 1339
f 1519 1520 1340
f 1519 1340 1339
f 1337 1342 1338
f 1337 1341 1342
f 1338 1522 1517
f 1338 1342 1522
f 1520 1521 1524
f 1521 1525 1524
f 1340 1520 1524
f 1340 1524 1343
f 1524 1525 1344
f 1524 1344 1343
f 1525 1526 1345
f 1525 1345 1344
f 1529 1530 1347
f 1529 1347 1346
f 1341 1348 1342
f 1341 1347 1348
f 1530 1531 1348
f 1530 1348 1347
f 1342 1531 1522
f 1342 1348 1531
f 1526 1527 1532
f 1527 1533 1532
f 1345 1526 1532
f 1345 1532 1349
f 1532 1533 1350
f 1532 1350 1349
f 1527 1528 1533
f 1528 1534 1533
f 1533 1534 1351
f 1533 1351 1350
f 1534 1535 1352
f 1534 1352 1351
f 1535 1536 1353
f 1535 1353 1352
f 1536 1537 1354
f 1536 1354 1353
f 1537 1538 1355
f 1537 1355 1354
f 1538 1539 1356
f 1538 1356 1355
f 1346 1539 1529
f 1346 1356 1539
f 1357 1358 1540
f 1358 1541 1540
f 1357 1540 1547
f 1357 1547 1364
f 1357 1365 1358
f 1357 1364 1365
f 1358 1359 1541
f 1359 1542 1541
f 1358 1366 1359
f 1358 1365 1366
f 1359 1360 1542
f 1360 1543 1542
f 1360 1361 1543
f 1361 1544 1543
f 1361 1362 1544
f 1362 1545 1544
f 1362 1548 1545
f 1362 1367 1548
f 1363 1364 1546
f 1364 1547 1546
f 1546 1547 1551
f 1547 1552 1551
f 1363 1546 1551
f 1363 1551 1370
f 1363 1371 1364
f 1363 1370 1371
f 1551 1552 1371
f 1551 1371 1370
f 1364 1372 1365
f 1364 1371 1372
f 1367 1368 1548
f 1368 1549 1548
f 1368 1369 1549
f 1369 1550 1549
f 1549 1550 1553
f 1550 1554 1553
f 1368 1376 1369
f 1368 1375 1376
f 1369 1554 1550
f 1369 1376 1554
f 1371 1552 1557
f 1371 1557 1378
f 1371 1379 1372
f 1371 1378 1379
f 1372 1380 1373
f 1372 1379 1380
f 1373 1381 1374
f 1373 1380 1381
f 1376 1377 1554
f 1377 1555 1554
f 1377 1558 1555
f 1377 1386 1558
f 1378 1557 1563
f 1378 1563 1389
f 1378 1390 1379
f 1378 1389 1390
f 1379 1391 1380
f 1379 1390 1391
f 1380 1392 1381
f 1380 1391 1392
f 1381 1393 1382
f 1381 1392 1393
f 1382 1394 1383
f 1382 1393 1394
f 1383 1395 1384
f 1383 1394 1395
f 1384 1396 1385
f 1384 1395 1396
f 1386 1387 1558
f 1387 1559 1558
f 1387 1564 1559
f 1387 1397 1564
f 1389 1563 1573
f 1389 1573 1406
f 1389 1407 1390
f 1389 1406 1407
f 1573 1574 1407
f 1573 1407 1406
f 1390 1408 1391
f 1390 1407 1408
f 1391 1409 1392
f 1391 1408 1409
f 1392 1410 1393
f 1392 1409 1410
f 1393 1411 1394
f 1393 1410 1411
f 1394 1412 1395
f 1394 1411 1412
f 1397 1398 1564
f 1398 1565 1564
f 1398 1399 1565
f 1399 1566 1565
f 1399 1400 1566
f 1400 1567 1566
f 1400 1401 1567
f 1401 1568 1567
f 1401 1402 1568
f 1402 1569 1568
f 1402 1403 1569
f 1403 1570 1569
f 1403 1404 1570
f 1404 1571 1570
f 1404 1575 1571
f 1404 1413 1575
f 1407 1574 1579
f 1407 1579 1419
f 1407 1420 1408
f 1407 1419 1420
f 1408 1421 1409
f 1408 1420 1421
f 1409 1422 1410
f 1409 1421 1422
f 1410 1423 1411
f 1410 1422 1423
f 1411 1424 1412
f 1411 1423 1424
f 1413 1414 1575
f 1414 1576 1575
f 1414 1580 1576
f 1414 1427 1580
f 1418 1419 1578
f 1419 1579 1578
f 1418 1578 1582
f 1418 1582 1431
f 1418 1432 1419
f 1418 1431 1432
f 1582 1583 1432
f 1582 1432 1431
f 1419 1433 1420
f 1419 1432 1433
f 1420 1434 1421
f 1420 1433 1434
f 1421 1435 1422
f 1421 1434 1435
f 1422 1436 1423
f 1422 1435 1436
f 1423 1437 1424
f 1423 1436 1437
f 1424 1438 1425
f 1424 1437 1438
f 1425 1439 1426
f 1425 1438 1439
f 1427 1584 1580
f 1427 1440 1584
f 1432 1583 1588
f 1432 1588 1444
f 1432 1445 1433
f 1432 1444 1445
f 1433 1446 1434
f 1433 1445 1446
f 1434 1447 1435
f 1434 1446 1447
f 1435 1448 1436
f 1435 1447 1448
f 1440 1441 1584
f 1441 1585 1584
f 1584 1585 1591
f 1585 1592 1591
f 1591 1592 1450
f 1591 1450 1449
f 1441 1592 1585
f 1441 1450 1592
f 1444 1588 1594
f 1444 1594 1453
f 1444 1454 1445
f 1444 1453 1454
f 1589 1590 1595
f 1590 1596 1595
f 1590 1591 1596
f 1591 1597 1596
f 1449 1597 1591
f 1449 1456 1597
f 1453 1594 1599
f 1453 1599 1458
f 1453 1459 1454
f 1453 1458 1459
f 1599 1600 1459
f 1599 1459 1458
f 1454 1460 1455
f 1454 1459 1460
f 1600 1601 1460
f 1600 1460 1459
f 1601 1602 1461
f 1601 1461 1460
f 1602 1603 1462
f 1602 1462 1461
f 1595 1596 1605
f 1596 1606 1605
f 1596 1597 1606
f 1597 1607 1606
f 1456 1607 1597
f 1456 1466 1607
f 1462 1603 1612
f 1462 1612 1469
f 1462 1470 1463
f 1462 1469 1470
f 1463 1471 1464
f 1463 1470 1471
f 1464 1472 1465
f 1464 1471 1472
f 1604 1605 1613
f 1605 1614 1613
f 1605 1606 1614
f 1606 1615 1614
f 1606 1607 1615
f 1607 1616 1615
f 1466 1616 1607
f 1466 1474 1616
f 1468 1469 1611
f 1469 1612 1611
f 1468 1611 1620
f 1468 1620 1476
f 1468 1477 1469
f 1468 1476 1477
f 1620 1621 1477
f 1620 1477 1476
f 1469 1478 1470
f 1469 1477 1478
f 1470 1479 1471
f 1470 1478 1479
f 1471 1480 1472
f 1471 1479 1480
f 1472 1481 1473
f 1472 1480 1481
f 1613 1614 1622
f 1614 1623 1622
f 1614 1615 1623
f 1615 1624 1623
f 1615 1616 1624
f 1616 1625 1624
f 1474 1625 1616
f 1474 1482 1625
f 1477 1621 1630
f 1477 1630 1484
f 1477 1485 1478
f 1477 1484 1485
f 1478 1486 1479
f 1478 1485 1486
f 1479 1487 1480
f 1479 1486 1487
f 1480 1488 1481
f 1480 1487 1488
f 1622 1623 1631
f 1623 1632 1631
f 1623 1624 1632
f 1624 1633 1632
f 1624 1625 1633
f 1625 1634 1633
f 1482 1483 1625
f 1483 1626 1625
f 1625 1626 1634
f 1626 1635 1634
f 1483 1635 1626
f 1483 1489 1635
f 1484 1630 1639
f 1484 1639 1491
f 1484 1492 1485
f 1484 1491 1492
f 1639 1640 1492
f 1639 1492 1491
f 1485 1493 1486
f 1485 1492 1493
f 1486 1494 1487
f 1486 1493 1494
f 1631 1632 1641
f 1632 1642 1641
f 1632 1633 1642
f 1633 1643 1642
f 1633 1634 1643
f 1634 1644 1643
f 1643 1644 1496
f 1643 1496 1495
f 1634 1635 1644
f 1635 1645 1644
f 1644 1645 1497
f 1644 1497 1496
f 1489 1645 1635
f 1489 1497 1645
f 1492 1640 1651
f 1492 1651 1501
f 1492 1502 1493
f 1492 1501 1502
f 1493 1503 1494
f 1493 1502 1503
f 1641 1642 1652
f 1642 1653 1652
f 1642 1643 1653
f 1643 1654 1653
f 1495 1654 1643
f 1495 1504 1654
f 1499 1500 1649
f 1500 1650 1649
f 1499 1649 1658
f 1499 1658 1509
f 1499 1510 1500
f 1499 1509 1510
f 1500 1501 1650
f 1501 1651 1650
f 1652 1653 1660
f 1653 1661 1660
f 1653 1654 1661
f 1654 1662 1661
f 1661 1662 1513
f 1661 1513 1512
f 1504 1662 1654
f 1504 1513 1662
f 1506 1507 1655
f 1507 1656 1655
f 1506 1655 1663
f 1506 1663 1515
f 1506 1516 1507
f 1506 1515 1516
f 1663 1664 1516
f 1663 1516 1515
f 1507 1508 1656
f 1508 1657 1656
f 1508 1509 1657
f 1509 1658 1657
f 1659 1660 1665
f 1660 1666 1665
f 1660 1661 1666
f 1661 1667 1666
f 1511 1518 1512
f 1511 1517 1518
f 1512 1667 1661
f 1512 1518 1667
f 1516 1664 1668
f 1516 1668 1519
f 1668 1669 1520
f 1668 1520 1519
f 1669 1670 1521
f 1669 1521 1520
f 1666 1667 1671
f 1667 1672 1671
f 1517 1523 1518
f 1517 1522 1523
f 1671 1672 1523
f 1671 1523 1522
f 1518 1672 1667
f 1518 1523 1672
f 1521 1670 1673
f 1521 1673 1525
f 1673 1674 1526
f 1673 1526 1525
f 1674 1675 1527
f 1674 1527 1526
f 1675 1676 1528
f 1675 1528 1527
f 1678 1679 1530
f 1678 1530 1529
f 1679 1680 1531
f 1679 1531 1530
f 1522 1680 1671
f 1522 1531 1680
f 1528 1676 1681
f 1528 1681 1534
f 1681 1682 1535
f 1681 1535 1534
f 1682 1683 1536
f 1682 1536 1535
f 1683 1684 1537
f 1683 1537 1536
f 1684 1685 1538
f 1684 1538 1537
f 1677 1678 1685
f 1678 1686 1685
f 1685 1686 1539
f 1685 1539 1538
f 1529 1686 1678
f 1529 1539 1686
f 1540 1541 1687
f 1541 1688 1687
f 1687 1688 1693
f 1688 1694 1693
f 1540 1687 1693
f 1540 1693 1547
f 1541 1542 1688
f 1542 1689 1688
f 1542 1543 1689
f 1543 1690 1689
f 1543 1544 1690
f 1544 1691 1690
f 1544 1545 1691
f 1545 1692 1691
f 1691 1692 1695
f 1692 1696 1695
f 1545 1696 1692
f 1545 1548 1696
f 1547 1693 1699
f 1547 1699 1552
f 1548 1549 1696
f 1549 1697 1696
f 1549 1700 1697
f 1549 1553 1700
f 1552 1699 1705
f 1552 1705 1557
f 1553 1554 1700
f 1554 1701 1700
f 1554 1555 1701
f 1555 1702 1701
f 1555 1556 1702
f 1556 1703 1702
f 1702 1703 1706
f 1703 1707 1706
f 1555 1559 1556
f 1555 1558 1559
f 1556 1707 1703
f 1556 1559 1707
f 1557 1705 1711
f 1557 1711 1563
f 1559 1560 1707
f 1560 1708 1707
f 1707 1708 1712
f 1708 1713 1712
f 1559 1565 1560
f 1559 1564 1565
f 1560 1561 1708
f 1561 1709 1708
f 1708 1709 1713
f 1709 1714 1713
f 1560 1566 1561
f 1560 1565 1566
f 1561 1714 1709
f 1561 1566 1714
f 1562 1563 1710
f 1563 1711 1710
f 1562 1710 1720
f 1562 1720 1572
f 1562 1573 1563
f 1562 1572 1573
f 1566 1567 1714
f 1567 1715 1714
f 1567 1568 1715
f 1568 1716 1715
f 1568 1569 1716
f 1569 1717 1716
f 1716 1717 1721
f 1717 1722 1721
f 1569 1570 1717
f 1570 1718 1717
f 1717 1718 1722
f 1718 1723 1722
f 1570 1571 1718
f 1571 1719 1718
f 1718 1719 1723
f 1719 1724 1723
f 1571 1724 1719
f 1571 1575 1724
f 1572 1720 1726
f 1572 1726 1577
f 1572 1578 1573
f 1572 1577 1578
f 1573 1579 1574
f 1573 1578 1579
f 1722 1723 1727
f 1723 1728 1727
f 1723 1724 1728
f 1724 1729 1728
f 1575 1576 1724
f 1576 1725 1724
f 1724 1725 1729
f 1725 1730 1729
f 1576 1730 1725
f 1576 1580 1730
f 1577 1726 1731
f 1577 1731 1581
f 1577 1582 1578
f 1577 1581 1582
f 1727 1728 1733
f 1728 1734 1733
f 1728 1729 1734
f 1729 1735 1734
f 1729 1730 1735
f 1730 1736 1735
f 1580 1736 1730
f 1580 1584 1736
f 1581 1731 1737
f 1581 1737 1586
f 1581 1587 1582
f 1581 1586 1587
f 1737 1738 1587
f 1737 1587 1586
f 1582 1588 1583
f 1582 1587 1588
f 1732 1733 1740
f 1733 1741 1740
f 1733 1734 1741
f 1734 1742 1741
f 1734 1735 1742
f 1735 1743 1742
f 1742 1743 1590
f 1742 1590 1589
f 1735 1736 1743
f 1736 1744 1743
f 1743 1744 1591
f 1743 1591 1590
f 1584 1744 1736
f 1584 1591 1744
f 1587 1738 1745
f 1587 1745 1593
f 1587 1594 1588
f 1587 1593 1594
f 1739 1740 1747
f 1740 1748 1747
f 1740 1741 1748
f 1741 1749 1748
f 1741 1742 1749
f 1742 1750 1749
f 1589 1750 1742
f 1589 1595 1750
f 1593 1745 1751
f 1593 1751 1598
f 1593 1599 1594
f 1593 1598 1599
f 1751 1752 1599
f 1751 1599 1598
f 1746 1747 1753
f 1747 1754 1753
f 1747 1748 1754
f 1748 1755 1754
f 1748 1749 1755
f 1749 1756 1755
f 1749 1750 1756
f 1750 1757 1756
f 1756 1757 1605
f 1756 1605 1604
f 1595 1757 1750
f 1595 1605 1757
f 1599 1752 1759
f 1599 1759 1608
f 1599 1609 1600
f 1599 1608 1609
f 1600 1610 1601
f 1600 1609 1610
f 1601 1611 1602
f 1601 1610 1611
f 1602 1612 1603
f 1602 1611 1612
f 1755 1756 1761
f 1756 1762 1761
f 1604 1762 1756
f 1604 1613 1762
f 1608 1759 1764
f 1608 1764 1617
f 1608 1618 1609
f 1608 1617 1618
f 1764 1765 1618
f 1764 1618 1617
f 1609 1619 1610
f 1609 1618 1619
f 1610 1620 1611
f 1610 1619 1620
f 1760 1761 1766
f 1761 1767 1766
f 1761 1762 1767
f 1762 1768 1767
f 1613 1768 1762
f 1613 1622 1768
f 1618 1765 1771
f 1618 1771 1627
f 1618 1628 1619
f 1618 1627 1628
f 1619 1629 1620
f 1619 1628 1629
f 1620 1630 1621
f 1620 1629 1630
f 1766 1767 1772
f 1767 1773 1772
f 1767 1768 1773
f 1768 1774 1773
f 1622 1774 1768
f 1622 1631 1774
f 1627 1771 1777
f 1627 1777 1636
f 1627 1637 1628
f 1627 1636 1637
f 1628 1638 1629
f 1628 1637 1638
f 1629 1639 1630
f 1629 1638 1639
f 1772 1773 1779
f 1773 1780 1779
f 1773 1774 1780
f 1774 1781 1780
f 1631 1781 1774
f 1631 1641 1781
f 1636 1777 1784
f 1636 1784 1647
f 1636 1648 1637
f 1636 1647 1648
f 1637 1649 1638
f 1637 1648 1649
f 1638 1650 1639
f 1638 1649 1650
f 1639 1651 1640
f 1639 1650 1651
f 1778 1779 1785
f 1779 1786 1785
f 1779 1780 1786
f 1780 1787 1786
f 1780 1781 1787
f 1781 1788 1787
f 1641 1788 1781
f 1641 1652 1788
f 1646 1647 1783
f 1647 1784 1783
f 1646 1783 1790
f 1646 1790 1655
f 1646 1656 1647
f 1646 1655 1656
f 1647 1657 1648
f 1647 1656 1657
f 1648 1658 1649
f 1648 1657 1658
f 1786 1787 1791
f 1787 1792 1791
f 1787 1788 1792
f 1788 1793 1792
f 1792 1793 1660
f 1792 1660 1659
f 1652 1793 1788
f 1652 1660 1793
f 1655 1790 1795
f 1655 1795 1663
f 1795 1796 1664
f 1795 1664 1663
f 1791 1792 1797
f 1792 1798 1797
f 1659 1798 1792
f 1659 1665 1798
f 1664 1796 1801
f 1664 1801 1668
f 1801 1802 1669
f 1801 1669 1668
f 1802 1803 1670
f 1802 1670 1669
f 1797 1798 1804
f 1798 1805 1804
f 1665 1666 1798
f 1666 1799 1798
f 1798 1799 1805
f 1799 1806 1805
f 1666 1806 1799
f 1666 1671 1806
f 1670 1803 1807
f 1670 1807 1673
f 1807 1808 1674
f 1807 1674 1673
f 1808 1809 1675
f 1808 1675 1674
f 1809 1810 1676
f 1809 1676 1675
f 1813 1814 1678
f 1813 1678 1677
f 1814 1815 1679
f 1814 1679 1678
f 1805 1806 1815
f 1806 1816 1815
f 1815 1816 1680
f 1815 1680 1679
f 1671 1816 1806
f 1671 1680 1816
f 1810 1811 1817
f 1811 1818 1817
f 1676 1810 1817
f 1676 1817 1681
f 1817 1818 1682
f 1817 1682 1681
f 1818 1819 1683
f 1818 1683 1682
f 1819 1820 1684
f 1819 1684 1683
f 1812 1813 1820
f 1813 1821 1820
f 1820 1821 1685
f 1820 1685 1684
f 1677 1821 1813
f 1677 1685 1821
f 1688 1689 1822
f 1689 1823 1822
f 1822 1823 1827
f 1823 1828 1827
f 1688 1822 1827
f 1688 1827 1694
f 1689 1690 1823
f 1690 1824 1823
f 1823 1824 1828
f 1824 1829 1828
f 1690 1691 1824
f 1691 1825 1824
f 1824 1825 1829
f 1825 1830 1829
f 1691 1830 1825
f 1691 1695 1830
f 1693 1694 1826
f 1694 1827 1826
f 1826 1827 1834
f 1827 1835 1834
f 1693 1826 1834
f 1693 1834 1699
f 1695 1696 1830
f 1696 1831 1830
f 1696 1697 1831
f 1697 1832 1831
f 1831 1832 1836
f 1832 1837 1836
f 1697 1698 1832
f 1698 1833 1832
f 1832 1833 1837
f 1833 1838 1837
f 1697 1701 1698
f 1697 1700 1701
f 1698 1838 1833
f 1698 1701 1838
f 1834 1835 1841
f 1835 1842 1841
f 1699 1834 1841
f 1699 1841 1705
f 1701 1702 1838
f 1702 1839 1838
f 1838 1839 1843
f 1839 1844 1843
f 1702 1844 1839
f 1702 1706 1844
f 1704 1705 1840
f 1705 1841 1840
f 1840 1841 1846
f 1841 1847 1846
f 1704 1840 1846
f 1704 1846 1710
f 1704 1711 1705
f 1704 1710 1711
f 1706 1707 1844
f 1707 1845 1844
f 1844 1845 1848
f 1845 1849 1848
f 1707 1849 1845
f 1707 1712 1849
f 1846 1847 1854
f 1847 1855 1854
f 1710 1846 1854
f 1710 1854 1720
f 1712 1713 1849
f 1713 1850 1849
f 1849 1850 1856
f 1850 1857 1856
f 1713 1714 1850
f 1714 1851 1850
f 1850 1851 1857
f 1851 1858 1857
f 1714 1715 1851
f 1715 1852 1851
f 1851 1852 1858
f 1852 1859 1858
f 1715 1716 1852
f 1716 1853 1852
f 1852 1853 1859
f 1853 1860 1859
f 1716 1860 1853
f 1716 1721 1860
f 1854 1855 1862
f 1855 1863 1862
f 1720 1854 1862
f 1720 1862 1726
f 1858 1859 1865
f 1859 1866 1865
f 1859 1860 1866
f 1860 1867 1866
f 1721 1722 1860
f 1722 1861 1860
f 1860 1861 1867
f 1861 1868 1867
f 1722 1868 1861
f 1722 1727 1868
f 1862 1863 1869
f 1863 1870 1869
f 1726 1862 1869
f 1726 1869 1731
f 1864 1865 1872
f 1865 1873 1872
f 1865 1866 1873
f 1866 1874 1873
f 1866 1867 1874
f 1867 1875 1874
f 1867 1868 1875
f 1868 1876 1875
f 1875 1876 1733
f 1875 1733 1732
f 1727 1876 1868
f 1727 1733 1876
f 1869 1870 1877
f 1870 1878 1877
f 1731 1869 1877
f 1731 1877 1737
f 1877 1878 1738
f 1877 1738 1737
f 1871 1872 1879
f 1872 1880 1879
f 1872 1873 1880
f 1873 1881 1880
f 1873 1874 1881
f 1874 1882 1881
f 1874 1875 1882
f 1875 1883 1882
f 1882 1883 1740
f 1882 1740 1739
f 1732 1883 1875
f 1732 1740 1883
f 1738 1878 1884
f 1738 1884 1745
f 1879 1880 1886
f 1880 1887 1886
f 1880 1881 1887
f 1881 1888 1887
f 1881 1882 1888
f 1882 1889 1888
f 1888 1889 1747
f 1888 1747 1746
f 1739 1889 1882
f 1739 1747 1889
f 1745 1884 1890
f 1745 1890 1751
f 1885 1886 1891
f 1886 1892 1891
f 1886 1887 1892
f 1887 1893 1892
f 1887 1888 1893
f 1888 1894 1893
f 1746 1894 1888
f 1746 1753 1894
f 1751 1890 1897
f 1751 1897 1758
f 1751 1759 1752
f 1751 1758 1759
f 1892 1893 1898
f 1893 1899 1898
f 1893 1894 1899
f 1894 1900 1899
f 1753 1754 1894
f 1754 1895 1894
f 1894 1895 1900
f 1895 1901 1900
f 1754 1755 1895
f 1755 1896 1895
f 1895 1896 1901
f 1896 1902 1901
f 1901 1902 1761
f 1901 1761 1760
f 1755 1902 1896
f 1755 1761 1902
f 1758 1897 1903
f 1758 1903 1763
f 1758 1764 1759
f 1758 1763 1764
f 1903 1904 1764
f 1903 1764 1763
f 1898 1899 1906
f 1899 1907 1906
f 1899 1900 1907
f 1900 1908 1907
f 1900 1901 1908
f 1901 1909 1908
f 1760 1909 1901
f 1760 1766 1909
f 1764 1904 1912
f 1764 1912 1770
f 1764 1771 1765
f 1764 1770 1771
f 1905 1906 1913
f 1906 1914 1913
f 1906 1907 1914
f 1907 1915 1914
f 1907 1908 1915
f 1908 1916 1915
f 1908 1909 1916
f 1909 1917 1916
f 1766 1917 1909
f 1766 1772 1917
f 1769 1770 1911
f 1770 1912 1911
f 1769 1911 1919
f 1769 1919 1775
f 1769 1776 1770
f 1769 1775 1776
f 1770 1777 1771
f 1770 1776 1777
f 1913 1914 1920
f 1914 1921 1920
f 1914 1915 1921
f 1915 1922 1921
f 1915 1916 1922
f 1916 1923 1922
f 1916 1917 1923
f 1917 1924 1923
f 1923 1924 1779
f 1923 1779 1778
f 1772 1924 1917
f 1772 1779 1924
f 1775 1919 1926
f 1775 1926 1782
f 1775 1783 1776
f 1775 1782 1783
f 1776 1784 1777
f 1776 1783 1784
f 1920 1921 1927
f 1921 1928 1927
f 1921 1922 1928
f 1922 1929 1928
f 1922 1923 1929
f 1923 1930 1929
f 1778 1930 1923
f 1778 1785 1930
f 1782 1926 1933
f 1782 1933 1789
f 1782 1790 1783
f 1782 1789 1790
f 1927 1928 1934
f 1928 1935 1934
f 1928 1929 1935
f 1929 1936 1935
f 1929 1930 1936
f 1930 1937 1936
f 1785 1786 1930
f 1786 1931 1930
f 1930 1931 1937
f 1931 1938 1937
f 1786 1938 1931
f 1786 1791 1938
f 1789 1933 1939
f 1789 1939 1794
f 1789 1795 1790
f 1789 1794 1795
f 1939 1940 1795
f 1939 1795 1794
f 1935 1936 1941
f 1936 1942 1941
f 1936 1937 1942
f 1937 1943 1942
f 1937 1938 1943
f 1938 1944 1943
f 1791 1944 1938
f 1791 1797 1944
f 1795 1940 1946
f 1795 1946 1800
f 1795 1801 1796
f 1795 1800 1801
f 1946 1947 1801
f 1946 1801 1800
f 1947 1948 1802
f 1947 1802 1801
f 1948 1949 1803
f 1948 1803 1802
f 1942 1943 1950
f 1943 1951 1950
f 1943 1944 1951
f 1944 1952 1951
f 1797 1952 1944
f 1797 1804 1952
f 1803 1949 1955
f 1803 1955 1807
f 1955 1956 1808
f 1955 1808 1807
f 1956 1957 1809
f 1956 1809 1808
f 1957 1958 1810
f 1957 1810 1809
f 1958 1959 1811
f 1958 1811 1810
f 1961 1962 1813
f 1961 1813 1812
f 1951 1952 1962
f 1952 1963 1962
f 1962 1963 1814
f 1962 1814 1813
f 1804 1805 1952
f 1805 1953 1952
f 1952 1953 1963
f 1953 1964 1963
f 1963 1964 1815
f 1963 1815 1814
f 1805 1964 1953
f 1805 1815 1964
f 1811 1959 1966
f 1811 1966 1818
f 1966 1967 1819
f 1966 1819 1818
f 1960 1961 1967
f 1961 1968 1967
f 1967 1968 1820
f 1967 1820 1819
f 1812 1968 1961
f 1812 1820 1968
f 1827 1828 1969
f 1828 1970 1969
f 1969 1970 1974
f 1970 1975 1974
f 1827 1969 1974
f 1827 1974 1835
f 1828 1829 1970
f 1829 1971 1970
f 1970 1971 1975
f 1971 1976 1975
f 1829 1830 1971
f 1830 1972 1971
f 1971 1972 1976
f 1972 1977 1976
f 1830 1831 1972
f 1831 1973 1972
f 1972 1973 1977
f 1973 1978 1977
f 1831 1978 1973
f 1831 1836 1978
f 1974 1975 1982
f 1975 1983 1982
f 1835 1974 1982
f 1835 1982 1842
f 1836 1837 1978
f 1837 1979 1978
f 1837 1838 1979
f 1838 1980 1979
f 1838 1984 1980
f 1838 1843 1984
f 1841 1842 1981
f 1842 1982 1981
f 1981 1982 1986
f 1982 1987 1986
f 1841 1981 1986
f 1841 1986 1847
f 1843 1844 1984
f 1844 1985 1984
f 1844 1988 1985
f 1844 1848 1988
f 1986 1987 1990
f 1987 1991 1990
f 1847 1986 1990
f 1847 1990 1855
f 1848 1849 1988
f 1849 1989 1988
f 1988 1989 1992
f 1989 1993 1992
f 1849 1993 1989
f 1849 1856 1993
f 1990 1991 1996
f 1991 1997 1996
f 1855 1990 1996
f 1855 1996 1863
f 1992 1993 1998
f 1993 1999 1998
f 1856 1857 1993
f 1857 1994 1993
f 1993 1994 1999
f 1994 2000 1999
f 1857 1858 1994
f 1858 1995 1994
f 1994 1995 2000
f 1995 2001 2000
f 2000 2001 1865
f 2000 1865 1864
f 1858 2001 1995
f 1858 1865 2001
f 1996 1997 2002
f 1997 2003 2002
f 1863 1996 2002
f 1863 2002 1870
f 1998 1999 2005
f 1999 2006 2005
f 1999 2000 2006
f 2000 2007 2006
f 2006 2007 1872
f 2006 1872 1871
f 1864 2007 2000
f 1864 1872 2007
f 2002 2003 2008
f 2003 2009 2008
f 1870 2002 2008
f 1870 2008 1878
f 2004 2005 2010
f 2005 2011 2010
f 2005 2006 2011
f 2006 2012 2011
f 1871 2012 2006
f 1871 1879 2012
f 2008 2009 2013
f 2009 2014 2013
f 1878 2008 2013
f 1878 2013 1884
f 2010 2011 2016
f 2011 2017 2016
f 2011 2012 2017
f 2012 2018 2017
f 2017 2018 1886
f 2017 1886 1885
f 1879 2018 2012
f 1879 1886 2018
f 2013 2014 2019
f 2014 2020 2019
f 1884 2013 2019
f 1884 2019 1890
f 2015 2016 2021
f 2016 2022 2021
f 2016 2017 2022
f 2017 2023 2022
f 1885 2023 2017
f 1885 1891 2023
f 2019 2020 2025
f 2020 2026 2025
f 1890 2019 2025
f 1890 2025 1897
f 2021 2022 2027
f 2022 2028 2027
f 2022 2023 2028
f 2023 2029 2028
f 1891 1892 2023
f 1892 2024 2023
f 2023 2024 2029
f 2024 2030 2029
f 1892 2030 2024
f 1892 1898 2030
f 2025 2026 2031
f 2026 2032 2031
f 1897 2025 2031
f 1897 2031 1903
f 2027 2028 2033
f 2028 2034 2033
f 2028 2029 2034
f 2029 2035 2034
f 2029 2030 2035
f 2030 2036 2035
f 2035 2036 1906
f 2035 1906 1905
f 1898 2036 2030
f 1898 1906 2036
f 1903 2031 2038
f 1903 2038 1911
f 1903 1912 1904
f 1903 1911 1912
f 2033 2034 2040
f 2034 2041 2040
f 2034 2035 2041
f 2035 2042 2041
f 1905 2042 2035
f 1905 1913 2042
f 1910 1911 2037
f 1911 2038 2037
f 2037 2038 2043
f 2038 2044 2043
f 1910 2037 2043
f 1910 2043 1918
f 1910 1919 1911
f 1910 1918 1919
f 2043 2044 1919
f 2043 1919 1918
f 2039 2040 2045
f 2040 2046 2045
f 2040 2041 2046
f 2041 2047 2046
f 2041 2042 2047
f 2042 2048 2047
f 1913 2048 2042
f 1913 1920 2048
f 1919 2044 2050
f 1919 2050 1926
f 2045 2046 2051
f 2046 2052 2051
f 2046 2047 2052
f 2047 2053 2052
f 2047 2048 2053
f 2048 2054 2053
f 1920 2054 2048
f 1920 1927 2054
f 1925 1926 2049
f 1926 2050 2049
f 2049 2050 2055
f 2050 2056 2055
f 1925 2049 2055
f 1925 2055 1932
f 1925 1933 1926
f 1925 1932 1933
f 2055 2056 1933
f 2055 1933 1932
f 2051 2052 2057
f 2052 2058 2057
f 2052 2053 2058
f 2053 2059 2058
f 2053 2054 2059
f 2054 2060 2059
f 1927 2060 2054
f 1927 1934 2060
f 1933 2056 2062
f 1933 2062 1939
f 2058 2059 2063
f 2059 2064 2063
f 2059 2060 2064
f 2060 2065 2064
f 1934 1935 2060
f 1935 2061 2060
f 2060 2061 2065
f 2061 2066 2065
f 1935 2066 2061
f 1935 1941 2066
f 1939 2062 2068
f 1939 2068 1945
f 1939 1946 1940
f 1939 1945 1946
f 2068 2069 1946
f 2068 1946 1945
f 2069 2070 1947
f 2069 1947 1946
f 2070 2071 1948
f 2070 1948 1947
f 2064 2065 2072
f 2065 2073 2072
f 2065 2066 2073
f 2066 2074 2073
f 1941 1942 2066
f 1942 2067 2066
f 2066 2067 2074
f 2067 2075 2074
f 1942 2075 2067
f 1942 1950 2075
f 1948 2071 2078
f 1948 2078 1954
f 1948 1955 1949
f 1948 1954 1955
f 2078 2079 1955
f 2078 1955 1954
f 2079 2080 1956
f 2079 1956 1955
f 2080 2081 1957
f 2080 1957 1956
f 2081 2082 1958
f 2081 1958 1957
f 2073 2074 2083
f 2074 2084 2083
f 2074 2075 2084
f 2075 2085 2084
f 2084 2085 1961
f 2084 1961 1960
f 1950 1951 2075
f 1951 2076 2075
f 2075 2076 2085
f 2076 2086 2085
f 2085 2086 1962
f 2085 1962 1961
f 1951 2086 2076
f 1951 1962 2086
f 2082 2083 2087
f 2083 2088 2087
f 1958 2082 2087
f 1958 2087 1965
f 1958 1966 1959
f 1958 1965 1966
f 2087 2088 1966
f 2087 1966 1965
f 2083 2084 2088
f 2084 2089 2088
f 2088 2089 1967
f 2088 1967 1966
f 1960 2089 2084
f 1960 1967 2089
f 1975 1976 2090
f 1976 2091 2090
f 2090 2091 2097
f 2091 2098 2097
f 1975 2090 2097
f 1975 2097 1983
f 1976 1977 2091
f 1977 2092 2091
f 2091 2092 2098
f 2092 2099 2098
f 1977 1978 2092
f 1978 2093 2092
f 2092 2093 2099
f 2093 2100 2099
f 1978 1979 2093
f 1979 2094 2093
f 2093 2094 2100
f 2094 2101 2100
f 1979 1980 2094
f 1980 2095 2094
f 2094 2095 2101
f 2095 2102 2101
f 1980 2102 2095
f 1980 1984 2102
f 1982 1983 2096
f 1983 2097 2096
f 2096 2097 2104
f 2097 2105 2104
f 1982 2096 2104
f 1982 2104 1987
f 2097 2098 2105
f 2098 2106 2105
f 2101 2102 2108
f 2102 2109 2108
f 1984 1985 2102
f 1985 2103 2102
f 2102 2103 2109
f 2103 2110 2109
f 1985 2110 2103
f 1985 1988 2110
f 2104 2105 2111
f 2105 2112 2111
f 1987 2104 2111
f 1987 2111 1991
f 2105 2106 2112
f 2106 2113 2112
f 2106 2107 2113
f 2107 2114 2113
f 2108 2109 2115
f 2109 2116 2115
f 2109 2110 2116
f 2110 2117 2116
f 1988 2117 2110
f 1988 1992 2117
f 2111 2112 2118
f 2112 2119 2118
f 1991 2111 2118
f 1991 2118 1997
f 2112 2113 2119
f 2113 2120 2119
f 2116 2117 2122
f 2117 2123 2122
f 1992 2123 2117
f 1992 1998 2123
f 2118 2119 2124
f 2119 2125 2124
f 1997 2118 2124
f 1997 2124 2003
f 2121 2122 2129
f 2122 2130 2129
f 2122 2123 2130
f 2123 2131 2130
f 2130 2131 2005
f 2130 2005 2004
f 1998 2131 2123
f 1998 2005 2131
f 2124 2125 2132
f 2125 2133 2132
f 2003 2124 2132
f 2003 2132 2009
f 2125 2126 2133
f 2126 2134 2133
f 2126 2127 2134
f 2127 2135 2134
f 2127 2128 2135
f 2128 2136 2135
f 2128 2129 2136
f 2129 2137 2136
f 2129 2130 2137
f 2130 2138 2137
f 2004 2138 2130
f 2004 2010 2138
f 2132 2133 2139
f 2133 2140 2139
f 2009 2132 2139
f 2009 2139 2014
f 2133 2134 2140
f 2134 2141 2140
f 2134 2135 2141
f 2135 2142 2141
f 2135 2136 2142
f 2136 2143 2142
f 2136 2137 2143
f 2137 2144 2143
f 2137 2138 2144
f 2138 2145 2144
f 2144 2145 2016
f 2144 2016 2015
f 2010 2145 2138
f 2010 2016 2145
f 2139 2140 2146
f 2140 2147 2146
f 2014 2139 2146
f 2014 2146 2020
f 2140 2141 2147
f 2141 2148 2147
f 2141 2142 2148
f 2142 2149 2148
f 2142 2143 2149
f 2143 2150 2149
f 2143 2144 2150
f 2144 2151 2150
f 2015 2151 2144
f 2015 2021 2151
f 2146 2147 2152
f 2147 2153 2152
f 2020 2146 2152
f 2020 2152 2026
f 2147 2148 2153
f 2148 2154 2153
f 2148 2149 2154
f 2149 2155 2154
f 2149 2150 2155
f 2150 2156 2155
f 2150 2151 2156
f 2151 2157 2156
f 2021 2157 2151
f 2021 2027 2157
f 2152 2153 2159
f 2153 2160 2159
f 2026 2152 2159
f 2026 2159 2032
f 2153 2154 2160
f 2154 2161 2160
f 2154 2155 2161
f 2155 2162 2161
f 2155 2156 2162
f 2156 2163 2162
f 2156 2157 2163
f 2157 2164 2163
f 2027 2164 2157
f 2027 2033 2164
f 2031 2032 2158
f 2032 2159 2158
f 2158 2159 2165
f 2159 2166 2165
f 2031 2158 2165
f 2031 2165 2038
f 2159 2160 2166
f 2160 2167 2166
f 2160 2161 2167
f 2161 2168 2167
f 2161 2162 2168
f 2162 2169 2168
f 2162 2163 2169
f 2163 2170 2169
f 2163 2164 2170
f 2164 2171 2170
f 2170 2171 2040
f 2170 2040 2039
f 2033 2171 2164
f 2033 2040 2171
f 2165 2166 2172
f 2166 2173 2172
f 2038 2165 2172
f 2038 2172 2044
f 2166 2167 2173
f 2167 2174 2173
f 2167 2168 2174
f 2168 2175 2174
f 2168 2169 2175
f 2169 2176 2175
f 2169 2170 2176
f 2170 2177 2176
f 2039 2177 2170
f 2039 2045 2177
f 2172 2173 2178
f 2173 2179 2178
f 2044 2172 2178
f 2044 2178 2050
f 2173 2174 2179
f 2174 2180 2179
f 2174 2175 2180
f 2175 2181 2180
f 2175 2176 2181
f 2176 2182 2181
f 2176 2177 2182
f 2177 2183 2182
f 2045 2183 2177
f 2045 2051 2183
f 2178 2179 2184
f 2179 2185 2184
f 2050 2178 2184
f 2050 2184 2056
f 2179 2180 2185
f 2180 2186 2185
f 2180 2181 2186
f 2181 2187 2186
f 2181 2182 2187
f 2182 2188 2187
f 2182 2183 2188
f 2183 2189 2188
f 2051 2189 2183
f 2051 2057 2189
f 2184 2185 2191
f 2185 2192 2191
f 2056 2184 2191
f 2056 2191 2062
f 2185 2186 2192
f 2186 2193 2192
f 2187 2188 2194
f 2188 2195 2194
f 2188 2189 2195
f 2189 2196 2195
f 2057 2058 2189
f 2058 2190 2189
f 2189 2190 2196
f 2190 2197 2196
f 2058 2197 2190
f 2058 2063 2197
f 2191 2192 2199
f 2192 2200 2199
f 2062 2191 2199
f 2062 2199 2068
f 2199 2200 2069
f 2199 2069 2068
f 2192 2193 2200
f 2193 2201 2200
f 2200 2201 2070
f 2200 2070 2069
f 2195 2196 2203
f 2196 2204 2203
f 2196 2197 2204
f 2197 2205 2204
f 2063 2064 2197
f 2064 2198 2197
f 2197 2198 2205
f 2198 2206 2205
f 2064 2206 2198
f 2064 2072 2206
f 2201 2202 2208
f 2202 2209 2208
f 2070 2201 2208
f 2070 2208 2077
f 2070 2078 2071
f 2070 2077 2078
f 2208 2209 2078
f 2208 2078 2077
f 2202 2203 2209
f 2203 2210 2209
f 2209 2210 2079
f 2209 2079 2078
f 2203 2204 2210
f 2204 2211 2210
f 2210 2211 2080
f 2210 2080 2079
f 2204 2205 2211
f 2205 2212 2211
f 2211 2212 2081
f 2211 2081 2080
f 2205 2206 2212
f 2206 2213 2212
f 2212 2213 2082
f 2212 2082 2081
f 2072 2073 2206
f 2073 2207 2206
f 2206 2207 2213
f 2207 2214 2213
f 2213 2214 2083
f 2213 2083 2082
f 2073 2214 2207
f 2073 2083 2214
f 2098 2099 2215
f 2099 2216 2215
f 2215 2216 2219
f 2216 2220 2219
f 2098 2215 2219
f 2098 2219 2106
f 2219 2220 2107
f 2219 2107 2106
f 2099 2100 2216
f 2100 2217 2216
f 2216 2217 2220
f 2217 2221 2220
f 2100 2101 2217
f 2101 2218 2217
f 2217 2218 2221
f 2218 2222 2221
f 2101 2222 2218
f 2101 2108 2222
f 2220 2221 2224
f 2221 2225 2224
f 2107 2220 2224
f 2107 2224 2114
f 2221 2222 2225
f 2222 2226 2225
f 2108 2226 2222
f 2108 2115 2226
f 2113 2114 2223
f 2114 2224 2223
f 2223 2224 2229
f 2224 2230 2229
f 2113 2223 2229
f 2113 2229 2120
f 2224 2225 2230
f 2225 2231 2230
f 2225 2226 2231
f 2226 2232 2231
f 2115 2116 2226
f 2116 2227 2226
f 2226 2227 2232
f 2227 2233 2232
f 2232 2233 2122
f 2232 2122 2121
f 2116 2233 2227
f 2116 2122 2233
f 2119 2120 2228
f 2120 2229 2228
f 2228 2229 2234
f 2229 2235 2234
f 2119 2228 2234
f 2119 2234 2125
f 2234 2235 2126
f 2234 2126 2125
f 2229 2230 2235
f 2230 2236 2235
f 2235 2236 2127
f 2235 2127 2126
f 2230 2231 2236
f 2231 2237 2236
f 2236 2237 2128
f 2236 2128 2127
f 2231 2232 2237
f 2232 2238 2237
f 2237 2238 2129
f 2237 2129 2128
f 2121 2238 2232
f 2121 2129 2238
f 2186 2187 2239
f 2187 2240 2239
f 2239 2240 2241
f 2240 2242 2241
f 2186 2239 2241
f 2186 2241 2193
f 2187 2242 2240
f 2187 2194 2242
f 2241 2242 2244
f 2242 2245 2244
f 2193 2241 2244
f 2193 2244 2201
f 2244 2245 2202
f 2244 2202 2201
f 2194 2195 2242
f 2195 2243 2242
f 2242 2243 2245
f 2243 2246 2245
f 2245 2246 2203
f 2245 2203 2202
f 2195 2246 2243
f 2195 2203 2246