v -167.917328 48.974834 401.242523
v -167.929642 48.969177 401.404938
v -167.977844 48.932598 401.510437
v -168.219986 48.900776 401.043060
v -168.171738 48.960800 401.205139
v -168.198013 49.093758 401.384094
v -168.300323 49.055737 401.579987
v -168.415527 48.889362 401.648468
v -168.366455 48.780334 400.846161
v -168.409210 48.863033 401.012299
v -168.461288 49.025127 401.192200
v -168.524673 49.079334 401.365387
v -168.617554 48.975250 401.542023
v -168.559326 48.956123 401.602814
v -168.739014 48.761478 400.895203
v -168.682343 48.920059 401.021942
v -168.769165 49.002346 401.193573
v -168.856857 49.053665 401.390015
v -168.881012 48.941296 401.518158
v -169.258484 48.621700 400.939117
v -168.930832 48.791874 400.973053
v -168.941803 48.850208 401.135559
v -169.064041 48.913204 401.351837
v -169.058273 48.941303 401.440979
v -167.518478 48.518299 401.276337
v -167.525513 48.524849 401.443207
v -167.573425 48.543404 401.572571
v -167.597778 48.465794 401.699127
v -167.777908 48.391003 400.877991
v -167.765427 48.481750 400.999084
v -167.800140 48.726730 401.097748
v -167.709091 48.761749 401.390442
v -167.872208 48.721073 401.539154
v -167.955048 48.627823 401.736267
v -168.060532 48.437984 401.866058
v -168.074982 48.444122 400.826385
v -168.021255 48.682838 401.011108
v -167.885620 48.798981 401.084442
v -168.158997 48.923740 401.579865
v -168.331345 48.706654 401.697021
v -168.313232 48.506649 401.847595
v -168.429321 48.308758 400.677002
v -168.244507 48.543541 400.722748
v -168.132721 48.726772 400.903839
v -168.660172 48.748135 401.592377
v -168.674545 48.675957 401.725983
v -168.668503 48.465351 401.835083
v -168.851486 48.286324 400.699219
v -168.493195 48.537823 400.693390
v -168.866531 48.710545 401.618195
v -168.973450 48.445454 401.729950
v -168.915710 48.439522 401.788269
v -168.773224 48.565746 400.833008
v -168.891953 48.616730 400.978149
v -169.065796 48.649460 401.253113
v -169.175888 48.543915 401.439545
v -169.136734 48.555786 401.556946
v -169.072144 48.461308 401.609955
v -169.089828 48.246719 401.077728
v -169.270981 48.425053 401.166016
v -169.246277 48.492859 401.305298
v -167.431015 48.428745 401.319855
v -167.458008 48.326012 401.390167
v -167.558289 48.288795 401.535858
v -167.607483 48.223045 401.733398
v -167.658966 47.997913 401.924774
v -167.681229 48.337868 400.889404
v -167.802155 48.301044 400.873199
v -167.703064 48.372540 401.080383
v -167.743607 48.157063 401.357666
v -167.882401 48.103012 401.548798
v -167.790359 48.452991 401.792542
v -168.001251 48.266083 401.891327
v -168.126419 47.951626 402.097687
v -168.018921 48.197922 400.773560
v -168.038467 48.061832 400.866760
v -168.343155 48.312946 401.943573
v -168.426346 48.057354 402.057922
v -168.349594 48.029385 400.636444
v -168.203217 48.112511 400.704437
v -168.782852 48.202190 401.919159
v -168.669876 48.015671 402.052704
v -168.514557 48.105370 400.668335
v -168.574585 47.892105 400.745880
v -169.057159 48.071693 401.812683
v -168.969757 48.118469 401.879608
v -168.771393 48.280815 400.795837
v -168.563675 48.102135 400.962463
v -169.144272 48.292809 401.449188
v -169.239761 48.119286 401.618286
v -169.128174 48.072765 401.726013
v -169.095840 47.890903 400.906403
v -169.134720 48.236641 400.981018
v -169.320969 48.117790 401.209625
v -169.371735 48.127674 401.420319
v -169.366516 47.997116 401.486877
v -163.944962 46.864639 399.658630
v -163.917038 46.833530 399.774384
v -164.379333 46.882881 399.434479
v -164.128098 46.880573 399.597565
v -164.180389 47.015026 399.887543
v -164.495438 47.047951 400.148926
v -164.595093 47.084293 400.314819
v -165.092361 46.795914 399.472412
v -164.532913 46.911453 399.548309
v -164.603378 46.973957 399.753052
v -164.718094 47.054016 400.033630
v -164.777969 47.141495 400.274567
v -167.560944 47.596584 401.020508
v -167.446732 47.640572 401.195099
v -167.468964 47.679646 401.432800
v -167.504089 47.864567 401.570099
v -167.444443 47.776241 401.828552
v -167.603714 47.595760 402.006226
v -167.923721 47.541809 400.771942
v -167.732910 47.870258 400.899353
v -167.633484 47.912010 401.155579
v -167.677582 47.927856 401.426239
v -167.664352 47.989956 401.539917
v -167.871552 47.885731 402.032410
v -168.190125 47.741383 402.208557
v -168.309845 47.521549 402.385162
v -168.164413 47.523781 400.559784
v -168.045242 47.758335 400.748749
v -167.858337 47.865921 400.863281
v -168.497772 47.862659 402.201202
v -168.617645 47.662304 402.366669
v -168.345398 47.689095 400.594299
v -168.123779 47.842094 400.657532
v -168.902481 47.835510 402.051758
v -168.879196 47.833508 402.161102
v -168.873276 47.661705 402.309357
v -168.535233 47.709366 400.609161
v -168.725143 47.457500 400.767914
v -169.116791 47.772667 401.863159
v -169.156357 47.841461 401.981903
v -169.292419 47.613693 402.127655
v -168.831879 47.614956 400.778107
v -169.273438 47.782921 401.669250
v -169.271973 47.719337 401.773651
v -169.434280 47.550117 401.958160
v -169.563049 47.542408 402.103790
v -169.084839 47.748482 400.831726
v -169.186035 47.675259 400.968689
v -169.323578 47.682526 401.223175
v -169.418457 47.665333 401.416626
v -169.449463 47.709435 401.589172
v -169.528305 47.492149 401.699127
v -163.308578 46.366802 399.124054
v -163.220840 46.336006 399.246918
v -163.269974 46.386333 399.471039
v -163.353607 46.448933 399.728455
v -163.469055 46.414257 399.968201
v -163.745453 46.395218 399.141541
v -163.576019 46.468315 399.302277
v -163.495605 46.602085 399.549316
v -163.630325 46.685314 399.811188
v -163.724625 46.768158 400.120239
v -164.099731 46.779026 400.365601
v -164.218033 46.670948 400.477570
v -164.262695 46.513550 399.149200
v -163.937424 46.622974 399.330109
v -163.854385 46.733444 399.462616
v -164.088699 46.923710 399.899597
v -164.193069 46.891285 400.086273
v -164.321228 47.029305 400.430756
v -164.515701 46.997025 400.683563
v -164.845016 46.745441 400.776459
v -164.759064 46.587547 399.197113
v -164.599396 46.725151 399.449066
v -164.774597 46.865841 399.653015
v -164.905960 46.896130 399.953888
v -165.034454 46.960663 400.202972
v -164.898911 47.103790 400.500824
v -165.104111 47.058094 400.666412
v -165.172668 47.031952 401.020325
v -165.507629 46.735874 401.130188
v -165.614441 46.503922 399.357391
v -165.065552 46.694542 399.343872
v -165.335312 46.829597 399.723999
v -165.301605 46.929146 399.910614
v -165.443939 46.961712 400.194092
v -165.563858 47.040638 400.430756
v -165.623245 47.073265 400.670319
v -165.589737 46.960762 400.919586
v -165.653351 46.849518 401.096008
v -166.018982 46.864571 399.785614
v -165.863556 46.994511 400.061249
v -165.960724 47.060181 400.171631
v -166.078064 47.124996 400.442230
v -166.179367 47.229015 400.735138
v -166.419662 47.105129 400.989319
v -166.480377 46.984608 401.310028
v -166.752304 46.808861 401.458099
v -166.738449 46.932571 400.067810
v -166.317368 46.999760 400.112061
v -166.529205 47.157654 400.415070
v -166.696426 47.298504 400.671631
v -166.814468 47.279102 400.897614
v -166.720520 47.076874 401.185852
v -166.913498 46.938343 401.390076
v -167.328064 47.072788 400.492920
v -167.187714 47.322483 400.675537
v -167.214264 47.454315 400.921204
v -167.327469 47.347141 401.164917
v -167.330856 47.349720 401.463593
v -167.379929 47.351612 401.698883
v -167.468216 47.286182 401.927734
v -167.656235 47.203598 402.135529
v -167.766266 47.059330 402.395782
v -167.807770 46.857399 402.611237
v -167.785416 47.091873 400.520630
v -167.616562 47.393757 400.756836
v -167.467117 47.465046 400.814453
v -167.879761 47.540157 402.108063
v -167.932739 47.399307 402.266113
v -168.178604 47.287926 402.578766
v -168.428940 47.036648 402.806976
v -168.262512 47.046398 400.399109
v -168.002487 47.297535 400.496307
v -167.895004 47.381073 400.615143
v -168.718674 47.491650 402.549744
v -168.880112 47.270653 402.758209
v -168.515289 47.115353 400.468567
v -168.239731 47.323490 400.440552
v -169.131958 47.493176 402.321350
v -169.142944 47.448673 402.533295
v -169.098160 47.269112 402.669464
v -168.610870 47.385143 400.521515
v -168.866928 47.278526 400.815460
v -169.436722 47.410194 402.283203
v -169.461090 47.220684 402.393005
v -169.218826 47.048618 400.596252
v -168.921173 47.267670 400.696259
v -169.599533 47.285572 401.926971
v -169.685089 47.300194 402.111328
v -169.699417 47.310631 402.181915
v -169.619354 46.955578 400.711121
v -169.153610 47.281410 400.734985
v -169.318909 47.223522 400.961914
v -169.417419 47.221127 401.180817
v -169.457291 47.226566 401.389191
v -169.578400 47.202972 401.632019
v -169.611115 47.269638 401.816895
v -169.882477 46.957024 401.972534
v -162.112915 45.874920 399.062653
v -162.030945 45.878174 399.169647
v -161.990692 45.800991 399.390137
v -162.688446 45.951530 399.000549
v -162.457550 46.019779 399.192017
v -162.438416 46.028435 399.406891
v -162.666687 45.846786 399.608124
v -164.041077 46.218235 403.411835
v -164.048370 46.236427 403.654907
v -164.159882 46.293262 404.012329
v -164.296143 46.276276 404.289490
v -164.326172 46.041965 404.486267
v -163.374298 46.029324 398.922302
v -162.975281 45.950695 398.947906
v -162.930786 46.191669 399.211670
v -162.960312 46.202274 399.417114
v -162.961365 46.221073 399.721771
v -163.285904 46.245644 400.026825
v -163.553055 46.044365 400.135620
v -164.445496 46.115871 403.078979
v -164.313950 46.261177 403.310303
v -164.400665 46.437832 403.621735
v -164.513275 46.491589 403.968658
v -164.632462 46.487659 404.271210
v -164.733505 46.222706 404.460693
v -164.118347 45.966221 398.960632
v -163.532364 45.970070 398.945770
v -163.707565 46.557564 400.090454
v -163.824524 46.452690 400.433472
v -164.289291 46.432514 400.426147
v -164.809891 46.135120 403.034241
v -164.743698 46.337719 403.257599
v -164.852570 46.464279 403.556366
v -164.997681 46.498947 403.905518
v -165.109558 46.511349 404.200623
v -165.164688 46.282215 404.412231
v -164.571350 46.132114 399.031006
v -164.030655 46.197067 399.022430
v -164.466461 46.330482 400.355225
v -164.552643 46.642960 400.751495
v -164.912460 46.589394 400.700378
v -165.226364 46.156170 402.986298
v -165.192459 46.326210 403.189636
v -165.335251 46.439980 403.494965
v -165.496201 46.492893 403.825562
v -165.660492 46.412624 404.156555
v -165.443298 46.255745 404.326752
v -165.120789 46.046623 399.038574
v -164.643112 46.127014 399.010834
v -165.209671 46.459751 400.700806
v -165.083420 46.831795 401.054535
v -165.491714 46.597359 401.066528
v -165.797516 46.001045 402.793365
v -165.529465 46.130272 402.907593
v -165.627029 46.308018 403.145233
v -165.774841 46.385433 403.434265
v -165.943008 46.472130 403.729523
v -166.097427 46.381596 403.989288
v -165.031021 46.480759 399.175201
v -165.341415 46.404957 399.422272
v -165.617310 46.610359 399.690247
v -165.623032 46.739750 400.727509
v -165.559189 46.714783 401.058258
v -165.610764 46.681126 401.172058
v -166.222229 46.013515 402.795776
v -165.948853 46.170982 402.884521
v -166.080994 46.331982 403.105042
v -166.246002 46.239540 403.389221
v -166.291321 46.295593 403.632599
v -166.347977 46.288288 403.857422
v -165.936935 46.396748 399.472260
v -165.869873 46.743820 399.665466
v -166.169067 46.748775 399.864532
v -166.184982 46.870239 400.725433
v -166.382568 46.827988 400.980225
v -166.430664 46.777122 401.268372
v -166.665802 46.610588 401.399719
v -166.795609 46.151276 402.814209
v -166.536728 46.243073 402.892731
v -166.569717 46.402985 403.102295
v -166.745956 46.336891 403.393951
v -167.089783 46.194065 403.540283
v -166.489792 46.525501 399.722778
v -166.187668 46.733273 399.942169
v -166.405548 46.640842 400.024231
v -166.615768 46.423439 400.265717
v -166.760956 46.585915 400.795990
v -166.835938 46.928917 400.997589
v -166.696640 46.841709 401.329529
v -166.789856 46.704269 401.458496
v -167.218002 46.417431 402.751984
v -167.103180 46.508026 402.901764
v -167.155472 46.509373 403.105927
v -167.300812 46.410843 403.349670
v -167.247803 46.320408 403.482300
v -167.047241 46.606583 400.292542
v -167.205414 46.591618 400.734894
v -167.271530 46.959351 400.915375
v -167.283569 46.830566 401.206787
v -167.396408 46.819809 401.546387
v -167.453156 46.801765 401.810760
v -167.496033 46.763165 402.060577
v -167.529022 46.678085 402.315033
v -167.544769 46.612644 402.600739
v -167.679306 46.717968 402.811523
v -167.747742 46.657650 403.057068
v -167.910187 46.507439 403.293274
v -167.582932 46.645844 400.376282
v -168.018265 46.968964 402.760498
v -168.275192 46.858250 402.989166
v -168.452347 46.638748 403.248688
v -168.150299 46.784386 400.302490
v -167.948166 46.729446 400.344055
v -168.907791 46.964611 402.996521
v -168.744873 46.675949 403.142914
v -168.314362 46.869717 400.311798
v -168.433762 47.064293 400.497681
v -169.406281 47.133842 402.681946
v -169.393143 47.063824 402.887726
v -168.871185 46.834347 400.331818
v -168.745117 46.943821 400.406250
v -169.723892 47.043907 402.406464
v -169.647903 47.027576 402.614105
v -169.692200 46.832031 402.748444
v -169.092819 46.909946 400.493958
v -169.359573 46.645020 400.659668
v -169.965683 46.914429 402.154510
v -169.874039 46.917969 402.356140
v -170.004822 46.738735 402.452972
v -169.451080 46.887058 400.625397
v -169.434143 46.837700 400.720917
v -169.500549 46.805271 400.921356
v -169.523880 46.724159 401.090790
v -169.677399 46.852509 401.450348
v -169.822433 46.819115 401.705383
v -170.021957 46.803715 401.922272
v -170.028870 46.778572 402.117340
v -170.214874 46.611702 402.188812
v -170.104538 46.458447 401.356323
v -170.045303 46.570526 401.322784
v -170.127930 46.571117 401.581970
v -170.276016 46.554470 401.808807
v -170.342026 46.507126 401.970215
v -163.143616 45.686821 403.834106
v -163.086395 45.691334 403.999939
v -163.216522 45.634144 404.249115
v -163.373550 45.495506 404.484985
v -163.511475 45.294689 404.634430
v -161.971695 45.486626 398.829193
v -161.873642 45.598660 398.854004
v -161.871567 45.602692 399.086151
v -161.943680 45.546616 399.357727
v -162.004272 45.400356 399.570770
v -163.657990 45.282104 403.897003
v -163.458145 45.723103 403.909058
v -163.596695 45.759590 404.195068
v -163.625412 45.582932 404.452454
v -163.682434 45.423489 404.612518
v -162.852966 45.456104 398.892883
v -162.342728 45.550224 398.796051
v -162.207291 45.824837 399.471710
v -162.420868 45.697182 399.679382
v -162.777573 45.564102 399.920959
v -162.913818 45.432026 400.125305
v -163.921371 45.681808 403.125977
v -163.805481 45.845203 403.349335
v -163.859344 45.890182 403.672699
v -163.928696 45.944790 403.983185
v -163.949768 45.927082 404.224915
v -164.285614 45.670956 404.476227
v -164.415649 45.413593 404.654083
v -163.202209 45.815777 398.851776
v -162.950790 45.764618 398.920837
v -162.935089 45.930729 399.738403
v -163.059814 45.904770 399.971069
v -163.221909 45.757969 400.236755
v -164.175705 45.831333 403.091858
v -163.936874 46.049553 403.190613
v -164.637390 45.756802 404.496735
v -164.580612 45.547466 404.626678
v -163.554916 45.708599 398.783508
v -164.229446 45.871166 399.086945
v -163.853760 45.946777 400.364563
v -164.269333 45.489098 400.452698
v -164.826553 45.441635 402.718262
v -164.635559 45.521168 402.763153
v -164.471069 45.741817 402.926666
v -165.402832 45.716019 404.406036
v -165.052307 45.920177 404.384674
v -164.056885 45.828323 398.816345
v -163.973557 46.046364 399.025146
v -164.314117 46.180576 400.292236
v -164.483597 45.884182 400.525208
v -165.347183 45.486034 402.700256
v -165.069611 45.647076 402.727020
v -164.871902 45.890766 402.846100
v -165.603943 45.980991 404.249390
v -165.445419 46.019665 404.484863
v -164.503448 46.007797 398.905396
v -164.733871 45.805248 398.950684
v -165.107468 46.061035 400.696411
v -165.353210 45.783375 401.046387
v -165.496170 45.515362 401.242859
v -165.815094 45.448128 402.613220
v -165.479950 45.579281 402.594055
v -165.407700 45.820038 402.714447
v -165.306686 45.989143 402.808075
v -166.163818 46.114601 404.155365
v -165.138687 45.937435 399.044952
v -165.542236 46.099037 399.383698
v -165.659988 46.110523 400.731079
v -165.564346 45.866192 400.948822
v -165.669601 45.636810 401.151428
v -166.180023 45.359901 402.489532
v -165.660324 45.544575 402.569031
v -165.704681 45.868919 402.725555
v -166.306458 45.926895 402.808167
v -166.547668 46.068710 403.565918
v -166.635452 46.050724 403.787140
v -166.483017 46.102650 403.983948
v -165.861954 45.897411 399.184784
v -165.716385 46.142097 399.251434
v -166.053558 46.256950 399.526245
v -166.196381 46.279564 400.740417
v -166.413391 45.975620 401.070343
v -166.487183 45.959450 401.439026
v -166.523972 45.968193 401.789764
v -166.520279 45.899788 402.115448
v -166.482239 45.784126 402.406036
v -166.453934 45.748478 402.606079
v -166.303070 45.848503 402.729889
v -166.148880 45.976139 402.803253
v -166.691956 46.160229 403.487823
v -166.940002 45.990772 403.713379
v -167.232635 45.864162 403.874847
v -166.407578 46.001144 399.380554
v -166.001968 46.190174 399.488556
v -166.304306 46.126129 399.724670
v -166.515778 46.152649 400.083710
v -167.119064 46.123470 400.365387
v -166.688324 46.356514 400.760437
v -166.756912 46.077271 400.955994
v -166.668289 45.999439 401.292023
v -166.728928 46.003098 401.685547
v -166.742081 45.953072 402.016266
v -166.726196 45.836407 402.328400
v -166.864258 45.809082 402.546326
v -166.763763 46.079208 402.689056
v -167.569809 46.270618 403.500793
v -167.363510 46.043579 403.686737
v -167.390976 45.969398 403.811218
v -167.060791 45.897583 399.733795
v -166.905487 46.025719 399.930267
v -166.808044 46.161049 400.217896
v -167.104416 46.424698 400.726593
v -167.161240 46.372322 400.940613
v -167.310165 46.234909 401.256134
v -167.436035 46.219311 401.614624
v -167.501511 46.194542 401.943481
v -167.496521 46.124313 402.246277
v -167.347427 46.067570 402.494385
v -167.207458 46.176426 402.628296
v -167.956314 46.302734 403.467377
v -168.071640 46.073353 403.614563
v -167.684586 45.904625 399.791504
v -167.466339 46.047089 399.985840
v -167.329208 46.215858 400.183807
v -168.441589 46.285938 403.402496
v -168.304291 46.092667 403.529541
v -168.278778 46.043514 399.903046
v -167.947327 46.340488 400.150269
v -167.683716 46.323494 400.155548
v -169.073669 46.573292 403.175964
v -168.996307 46.395313 403.321167
v -168.791290 46.151390 399.987274
v -168.409348 46.429054 400.084167
v -169.484924 46.551773 403.075745
v -169.358566 46.215233 403.262939
v -169.160538 46.162804 400.112610
v -168.981827 46.485710 400.079224
v -168.929214 46.654312 400.384979
v -169.993423 46.603363 402.728424
v -169.836945 46.589062 402.924957
v -169.455994 46.416759 400.300201
v -169.316574 46.516098 400.331207
v -169.462250 46.592159 400.698151
v -170.232422 46.552502 402.450684
v -170.285400 46.563450 402.620453
v -169.834671 46.392811 400.604401
v -169.467239 46.468540 400.662628
v -169.777496 46.418060 400.937317
v -169.970856 46.268661 401.136993
v -170.408463 46.432312 402.179413
v -170.486450 46.305813 402.386902
v -170.563782 46.231480 402.478577
v -170.120316 46.422409 401.230103
v -170.300217 46.294376 401.422516
v -170.431549 46.268227 401.663849
v -170.562210 46.266750 401.869202
v -170.628906 46.251518 402.079285
v -170.762390 46.137917 402.184357
v -162.759888 45.052101 404.057495
v -162.665649 45.095150 404.204529
v -162.835190 44.858326 404.399994
v -163.013489 45.095291 403.479797
v -162.851608 45.297707 403.656403
v -162.884232 45.396545 403.917358
v -162.901688 45.399006 404.237122
v -163.112396 45.174641 404.441772
v -163.463791 44.950882 404.622284
v -161.904617 45.363750 398.859772
v -161.886978 45.202374 398.865570
v -161.804947 45.206879 399.094879
v -161.819168 45.148460 399.350067
v -161.946808 45.008366 399.605621
v -163.411346 45.124146 403.182007
v -163.297470 45.152210 403.339172
v -163.264725 45.491543 403.658112
v -163.851578 45.101307 403.933502
v -163.802307 45.425850 404.453979
v -163.856262 45.250359 404.551361
v -163.719223 45.036831 404.625580
v -162.104843 45.429623 398.749725
v -162.495789 45.243298 398.857391
v -162.288681 45.336903 399.706024
v -162.533005 45.190228 400.016388
v -162.909195 45.275311 400.156769
v -163.844833 45.006363 402.905304
v -163.578781 45.313419 403.103394
v -163.524139 45.483620 403.333893
v -163.650757 45.533634 403.665710
v -163.605637 45.641521 403.875427
v -163.946701 45.598511 404.422729
v -164.102066 45.341270 404.522278
v -164.157440 45.077728 404.606201
v -163.152649 45.569923 398.970764
v -162.928741 45.355595 398.871460
v -163.034775 45.135105 400.109070
v -163.219635 45.279808 400.272736
v -164.167007 44.918991 402.875183
v -163.921173 45.372452 402.985382
v -164.830460 45.448986 404.617004
v -164.671326 45.198174 404.617493
v -163.415527 45.566742 398.800598
v -163.651917 45.292183 398.956818
v -163.822876 45.392658 400.405975
v -164.269135 45.339127 400.492889
v -164.743805 45.394661 402.696045
v -164.581345 45.196941 402.739777
v -164.311554 45.433365 402.903015
v -165.241409 45.648521 404.396088
v -165.082825 45.492088 404.469269
v -165.148560 45.225636 404.604584
v -163.906326 45.549202 398.789124
v -164.152985 45.275871 398.946136
v -164.426926 45.197323 400.444977
v -164.526489 45.277611 400.687134
v -164.846024 45.188194 402.619934
v -164.875427 45.026062 402.705597
v -165.611115 45.796124 404.298218
v -165.648315 45.493374 404.402130
v -165.502777 45.307343 404.536469
v -164.369888 45.643650 398.853668
v -164.599991 45.425068 399.031494
v -164.781067 45.157295 399.160065
v -165.071259 45.472763 400.718475
v -165.287079 45.565071 401.045197
v -165.530060 45.462643 401.214020
v -165.669388 45.419868 402.549042
v -165.336899 45.263294 402.574585
v -165.213028 45.381786 402.658569
v -166.140289 45.862885 404.234558
v -166.150009 45.644230 404.302795
v -164.976837 45.639359 399.056061
v -165.250549 45.319530 399.185669
v -165.641022 45.518200 400.790558
v -165.539322 45.607323 401.110535
v -165.639008 45.536865 401.274353
v -165.573517 45.388405 402.545197
v -165.744415 45.283825 402.605408
v -166.246948 45.386852 402.697937
v -166.686768 45.800812 403.939697
v -166.641602 45.798885 404.108093
v -166.683228 45.667542 404.236328
v -165.400650 45.765942 399.045563
v -165.597321 45.561100 399.146637
v -165.776352 45.404636 399.376526
v -165.893692 45.308029 399.550293
v -166.191940 45.633247 400.707092
v -166.323166 45.728130 401.035400
v -166.393799 45.788097 401.423920
v -166.435135 45.798233 401.805664
v -166.416855 45.676487 402.144592
v -166.327148 45.398239 402.441895
v -166.206421 45.316460 402.625519
v -166.035660 45.455219 402.692047
v -166.847198 45.856697 403.844238
v -167.153427 45.747700 404.028046
v -167.193024 45.689301 404.198730
v -165.923019 45.843014 399.253632
v -166.019562 45.764469 399.457825
v -166.225754 45.557999 399.601685
v -166.448761 45.375397 399.781494
v -166.567352 45.361507 400.131012
v -166.645065 45.444641 400.578125
v -166.682709 45.731636 401.021912
v -166.639069 45.837784 401.491821
v -166.684174 45.829514 401.876007
v -166.669601 45.682312 402.212372
v -166.721344 45.508877 402.460907
v -167.001389 45.232639 402.564789
v -167.691025 45.881828 403.827179
v -167.539520 45.693329 403.963623
v -167.456528 45.706379 404.110352
v -166.699020 45.717957 399.677307
v -166.848160 45.426060 399.929718
v -166.837723 45.392017 400.175629
v -166.956970 45.431816 400.574402
v -167.128479 45.714077 400.930420
v -167.404327 45.581261 401.381927
v -167.462082 45.561321 401.731293
v -167.457886 45.581551 402.078766
v -167.436676 45.483849 402.369751
v -167.268539 45.432465 402.538239
v -168.097153 45.873058 403.770172
v -168.135406 45.672916 403.929871
v -167.269943 45.576385 399.748291
v -167.424530 45.329792 399.799164
v -167.946838 45.403412 401.580292
v -167.966583 45.249237 401.636749
v -168.679382 45.961720 403.557831
v -168.467896 45.684124 403.708923
v -168.423752 45.604214 403.843231
v -168.095856 45.663071 399.720032
v -169.054855 46.079453 403.490051
v -169.049271 45.795181 403.649597
v -168.675232 45.754620 399.812500
v -169.702820 46.019039 403.267944
v -169.513687 45.898270 403.401855
v -169.399307 45.697311 403.598053
v -169.068787 46.002884 399.950867
v -169.275421 45.895771 400.127777
v -169.487198 45.742737 400.414886
v -170.099503 46.129913 402.862122
v -169.973862 46.000244 403.059082
v -169.961929 45.674587 403.317535
v -169.432068 46.205837 400.280151
v -169.695648 46.043568 400.491730
v -169.916336 45.805813 400.717499
v -170.420822 46.196751 402.741425
v -170.529938 45.927650 402.969147
v -169.871841 46.246414 400.590454
v -170.017197 46.107170 400.808502
v -170.104263 45.982632 401.030579
v -170.262650 45.818695 401.216492
v -170.866211 46.036270 402.450226
v -170.738831 45.919083 402.670990
v -170.836929 45.755878 402.767700
v -170.332153 46.051491 401.277863
v -170.527222 45.899666 401.463715
v -170.637344 45.877510 401.685913
v -170.753708 45.890694 401.888550
v -170.889725 45.936657 402.112885
v -170.988571 45.900253 402.365479
v -171.126022 45.773472 402.456696
v -162.164200 44.463398 403.961639
v -162.150589 44.338707 404.084137
v -162.527267 44.581944 403.407288
v -162.459641 44.678226 403.563232
v -162.452133 44.909588 403.870148
v -162.446136 44.849716 404.159546
v -162.799744 44.579983 404.361328
v -161.543564 44.557648 399.527252
v -161.432755 44.515881 399.729462
v -161.582153 44.503681 399.882812
v -162.919876 44.621250 403.144470
v -162.727249 44.827965 403.283905
v -162.638931 44.990383 403.587128
v -162.596588 44.994576 403.797546
v -163.122635 44.795418 404.503113
v -163.464142 44.525738 404.599640
v -161.842911 44.991444 399.055054
v -161.904938 44.735027 399.158966
v -161.782150 44.686127 399.359070
v -161.811829 44.682835 399.661163
v -161.919418 44.612495 399.956482
v -162.281082 44.512253 400.194275
v -163.297089 44.535244 402.880554
v -163.053833 44.800175 403.045563
v -162.906387 44.979233 403.256836
v -164.011719 44.564018 404.554352
v -163.702942 44.586800 404.585297
v -162.202423 44.989498 398.994232
v -162.469116 44.742142 399.147064
v -162.192841 45.031063 399.713898
v -162.462463 44.805416 399.964081
v -162.749008 44.570473 400.279022
v -163.586899 44.604427 402.873871
v -163.300797 44.991409 402.964569
v -164.139053 44.695404 404.612274
v -164.160645 44.635262 404.604614
v -162.755280 44.962978 399.021667
v -162.796783 44.816570 399.215942
v -163.018478 44.977612 400.035431
v -163.296799 44.780529 400.363831
v -163.782074 44.376575 400.620605
v -163.985931 44.488895 402.815704
v -164.975876 44.745506 404.547150
v -164.645752 44.725479 404.584930
v -163.379761 45.033279 399.004425
v -163.616470 44.690273 399.195892
v -163.863480 44.841667 400.441376
v -164.013382 44.462929 400.666016
v -164.777893 44.158985 402.674042
v -164.422165 44.433048 402.743958
v -165.235321 44.919949 404.497589
v -165.074570 45.071232 404.584595
v -163.930908 44.899635 399.007446
v -164.012100 44.706432 399.164917
v -164.385696 44.937748 400.409637
v -164.528305 44.652256 400.679779
v -165.202026 44.217255 402.470337
v -164.945053 44.443729 402.576172
v -164.753189 44.613434 402.710083
v -165.702911 45.032856 404.430847
v -165.516891 45.166576 404.622711
v -164.365784 45.050797 399.027283
v -164.608658 44.764622 399.177399
v -165.121658 44.845371 400.799194
v -165.344757 44.393948 401.133484
v -165.419510 44.300411 401.495270
v -165.442810 44.304474 401.843781
v -165.444763 44.330570 402.142761
v -165.352753 44.397514 402.421326
v -165.129532 44.672894 402.556580
v -166.124863 45.318520 404.361877
v -165.028091 44.921207 399.210724
v -165.628448 44.912796 400.792877
v -165.515274 44.531460 401.007843
v -165.612778 44.425346 401.394958
v -165.665863 44.393494 401.761505
v -165.701645 44.390842 402.078430
v -165.745590 44.534225 402.429565
v -165.581711 44.768871 402.552734
v -166.649048 45.362118 404.293854
v -165.438782 45.145103 399.218689
v -165.524063 44.918308 399.393372
v -165.906372 45.083401 399.578156
v -166.126389 45.016430 400.792450
v -166.307495 44.693523 401.134338
v -166.393997 44.632107 401.543427
v -166.410828 44.614010 401.917572
v -166.380920 44.632305 402.239136
v -166.169357 44.842480 402.468170
v -165.993698 44.829964 402.564240
v -167.174652 45.415707 404.279205
v -166.130280 44.881874 399.464539
v -166.100586 45.082947 399.515198
v -166.429703 45.179016 399.892578
v -166.567444 45.154781 400.298615
v -166.597244 45.040092 400.641510
v -166.530075 44.770466 401.003052
v -166.633209 44.697891 401.442566
v -166.656479 44.679905 401.825500
v -166.727554 44.782600 402.243958
v -166.630951 44.997089 402.471863
v -167.146515 44.913673 402.560455
v -167.790405 45.599236 404.120728
v -167.650375 45.394535 404.235901
v -166.949097 44.942749 399.670654
v -166.685165 45.146679 399.829590
v -166.750336 45.200169 400.204315
v -166.954712 45.119972 400.613037
v -167.260254 45.114922 401.055054
v -167.409119 45.023083 401.449524
v -167.350418 45.065968 401.812897
v -167.199509 45.025757 402.174652
v -167.149231 45.068443 402.410797
v -167.106995 45.024391 402.589874
v -168.140747 45.560528 404.074738
v -168.127686 45.394283 404.180786
v -167.665665 44.862587 399.556824
v -167.207733 45.091560 399.708344
v -166.987015 45.227821 399.788849
v -167.763916 45.321098 401.576324
v -167.696884 45.272449 401.680939
v -168.722900 45.414856 403.858948
v -168.491791 45.368118 403.985016
v -168.552124 45.341877 404.109039
v -168.174744 45.022274 399.612335
v -167.877045 45.302250 399.647522
v -169.097229 45.477627 403.786896
v -168.659561 45.012173 399.719757
v -168.448227 45.205269 399.765594
v -169.689117 45.524944 403.581512
v -169.391998 45.506721 403.699310
v -169.133774 45.528439 399.920044
v -169.352554 45.393284 400.201508
v -169.548660 45.267586 400.451324
v -170.305771 45.484119 403.266388
v -170.035233 45.505089 403.419128
v -169.808517 45.607410 400.589020
v -169.987930 45.447201 400.788147
v -170.089417 45.356720 400.991150
v -170.558014 45.566120 403.061310
v -170.533081 45.252949 403.251617
v -170.171417 45.712643 400.899109
v -170.278946 45.589493 401.097290
v -170.394653 45.496490 401.284119
v -170.517609 45.396927 401.460571
v -171.096054 45.606655 402.733643
v -170.956207 45.582432 402.909393
v -170.540253 45.719700 401.353516
v -170.687088 45.595791 401.528290
v -170.822647 45.527084 401.716339
v -170.897690 45.522591 401.929718
v -171.040085 45.579308 402.163574
v -171.153564 45.615715 402.404816
v -171.166138 45.538136 402.643219
v -171.318863 45.387032 402.741669
v -161.976074 44.013645 403.069580
v -161.941940 44.110516 403.221466
v -162.021606 44.181877 403.516785
v -162.015961 44.318855 403.829651
v -162.190262 44.199596 404.109283
v -162.246735 43.900295 404.300781
v -162.212891 43.986588 402.548798
v -162.178528 44.081604 402.698883
v -162.244659 44.171650 402.905029
v -162.195328 44.376099 403.222260
v -162.186600 44.456615 403.542145
v -162.082581 44.400368 403.746521
v -162.418610 44.389301 404.279297
v -162.657822 44.172695 404.338989
v -161.414429 44.355515 399.574249
v -161.424347 44.340221 399.728455
v -161.655487 44.330181 399.904449
v -162.515808 44.031895 402.574432
v -162.459473 44.278641 402.737274
v -162.549667 44.405621 402.946228
v -162.429047 44.498093 403.179810
v -163.096542 44.359291 404.483673
v -163.418121 44.067707 404.527557
v -161.874634 44.266830 399.233917
v -161.659943 44.204231 399.474243
v -161.915070 44.107491 399.688538
v -161.880280 44.376183 399.998077
v -162.219421 44.329304 400.194916
v -163.149277 43.622719 402.451904
v -162.999634 43.866043 402.556519
v -162.894852 44.284340 402.757629
v -162.796219 44.494991 402.919708
v -163.810303 44.334702 404.479065
v -163.642670 44.272411 404.568085
v -162.242310 44.415600 399.225769
v -162.497467 44.184883 399.448944
v -162.438660 44.112091 399.752869
v -162.629471 44.198738 400.094788
v -162.728989 44.302147 400.353333
v -163.714935 43.700115 402.526489
v -163.506241 43.755028 402.563141
v -163.306824 44.171516 402.730408
v -164.167877 44.320671 404.431000
v -164.390060 44.519611 404.600769
v -162.870438 44.743114 399.113464
v -162.847382 44.348679 399.158508
v -162.844818 44.185116 399.564972
v -162.994644 44.082500 399.887268
v -163.273117 44.015743 400.129578
v -163.371063 44.337364 400.406982
v -163.758545 44.211292 400.608307
v -164.107178 43.753250 402.635773
v -163.802307 44.104156 402.731842
v -164.694473 44.364819 404.433990
v -164.546066 44.599781 404.640625
v -163.160110 44.690292 399.106140
v -163.378265 44.427628 399.244873
v -163.638504 44.199314 399.515869
v -163.832123 44.069984 399.870605
v -163.869781 44.062279 400.130737
v -163.948212 44.122612 400.521301
v -163.963776 44.179722 400.722046
v -164.506622 43.868526 402.630737
v -164.271118 44.125542 402.702301
v -165.172684 44.630531 404.387390
v -164.111984 44.619495 399.050476
v -163.812180 44.428570 399.118469
v -163.931122 44.216625 399.576477
v -164.134171 44.117882 399.895996
v -164.292938 44.055443 400.220581
v -164.400925 43.987785 400.517822
v -164.522568 44.082279 400.838440
v -164.847900 43.865322 401.169708
v -164.925430 43.829437 401.548676
v -164.967651 43.833275 401.843994
v -164.982101 43.833035 402.113098
v -164.895981 43.935349 402.365021
v -164.726425 43.897102 402.528595
v -165.653915 44.806557 404.348297
v -164.186157 44.680073 399.022858
v -164.396561 44.454666 399.202698
v -164.633850 44.262993 399.464539
v -164.811844 44.167721 399.704285
v -165.028778 44.416664 400.793640
v -165.029816 44.136784 401.131714
v -165.098999 44.090862 401.516022
v -165.127197 44.107937 401.832306
v -165.157516 44.109768 402.116516
v -165.165878 44.089825 402.281372
v -166.140884 44.852573 404.314667
v -164.823730 44.577312 399.280579
v -165.021347 44.427937 399.484192
v -165.239487 44.275009 399.686218
v -165.736618 44.502438 400.880066
v -165.767578 44.362801 401.237030
v -165.854553 44.322720 401.606201
v -165.910187 44.285538 401.930267
v -165.958481 44.276875 402.213074
v -166.214828 44.292873 402.299683
v -166.628265 44.891315 404.289612
v -165.285400 44.709694 399.245636
v -165.482330 44.564278 399.452515
v -165.688385 44.416130 399.691956
v -165.920288 44.256329 399.864868
v -165.882767 44.655418 400.807129
v -165.964844 44.445141 401.163269
v -166.062347 44.409161 401.539917
v -166.110840 44.386810 401.884979
v -166.143051 44.348316 402.171143
v -166.118927 44.362339 402.321320
v -167.136383 44.980312 404.290558
v -165.908600 44.757694 399.471619
v -166.118683 44.629074 399.669678
v -166.410278 44.358677 399.881287
v -166.718262 44.668106 400.872101
v -166.846207 44.562191 401.269653
v -166.888794 44.541363 401.644409
v -166.926727 44.548923 401.970215
v -167.032394 44.484413 402.115479
v -167.675674 45.040916 404.301361
v -166.635391 44.695518 399.685089
v -166.917801 44.384201 399.892548
v -166.885239 44.829884 400.749664
v -167.064957 44.644474 401.153473
v -167.148285 44.633923 401.516541
v -167.157349 44.629753 401.868866
v -167.037933 44.610710 402.132111
v -168.134644 45.089783 404.272736
v -167.571747 44.260735 399.308472
v -167.308548 44.542526 399.464722
v -167.047379 44.608814 399.706116
v -167.269623 44.233345 399.818817
v -168.861069 45.069893 403.924408
v -168.742035 44.931805 404.060699
v -168.478027 45.102474 404.191284
v -168.014130 44.304905 399.370575
v -167.768860 44.575180 399.463593
v -169.097748 44.913982 403.836212
v -169.041656 44.799652 403.934692
v -168.400085 44.831459 399.613770
v -168.695160 44.648716 399.795715
v -169.772415 45.121857 403.652710
v -169.586960 45.022209 403.781769
v -169.118011 45.015442 399.947937
v -169.335052 44.914326 400.221588
v -169.480179 44.899059 400.472931
v -169.663879 44.829975 400.692780
v -170.150803 45.275364 403.552368
v -170.150436 45.020519 403.684479
v -169.795822 45.226555 400.633484
v -169.915924 45.163254 400.841064
v -170.095428 45.058353 401.005859
v -170.857925 45.211597 403.168427
v -170.570999 45.284790 403.376251
v -170.677643 45.134933 403.547943
v -170.287659 45.315037 401.136902
v -170.439240 45.232887 401.328125
v -170.515045 45.215134 401.525146
v -170.623962 45.118328 401.693939
v -171.089020 45.376266 403.039185
v -171.028961 45.223957 403.208405
v -171.055389 45.091812 403.369781
v -170.751465 45.385529 401.602692
v -170.901489 45.262962 401.777863
v -171.018570 45.204483 401.972656
v -171.118484 45.211430 402.206879
v -171.240768 45.238071 402.453796
v -171.356232 45.255421 402.676636
v -171.297867 45.234928 402.870880
v -171.422089 45.093674 403.002167
v -159.095779 43.389355 400.120453
v -159.087402 43.735744 400.194550
v -159.222336 43.753300 400.420349
v -159.349670 43.671410 400.714996
v -159.566498 43.319088 400.984955
v -159.665161 42.744884 400.399811
v -159.335358 43.687614 400.171417
v -159.505386 43.785542 400.356384
v -159.565781 43.778347 400.654053
v -159.681564 43.416332 400.934479
v -161.919128 43.527390 402.739868
v -161.793533 43.830566 402.889404
v -161.813126 43.782406 403.193604
v -161.901871 43.839508 403.513489
v -161.976486 43.850464 403.834564
v -162.039398 43.798622 404.076904
v -162.258499 43.554554 404.222198
v -161.302475 43.433052 400.230133
v -161.346268 43.572842 400.452271
v -161.479294 43.637169 400.739716
v -161.595428 43.621147 401.057892
v -161.698746 43.575802 401.399902
v -161.777939 43.476341 401.694946
v -161.919830 43.392952 401.943756
v -162.025726 43.455475 402.176575
v -161.963257 43.717636 402.409760
v -162.001160 43.830013 402.616272
v -161.893356 43.919022 402.845612
v -162.843384 43.351654 404.246704
v -162.570831 43.726276 404.265167
v -161.905197 43.361126 400.373352
v -161.524429 43.536156 400.375092
v -161.695374 43.643810 400.663422
v -161.785690 43.650452 400.984619
v -161.862701 43.608974 401.315552
v -161.963058 43.525146 401.627838
v -162.100494 43.434059 401.906860
v -162.314697 43.447281 402.232422
v -162.220963 43.789616 402.383545
v -162.984787 43.566303 404.320099
v -163.125870 43.661461 404.355774
v -163.379990 43.853622 404.525909
v -161.739990 44.025616 399.318665
v -161.907852 43.882851 399.484436
v -162.035629 43.600113 399.829346
v -162.168610 43.518703 400.211212
v -162.333527 43.529297 400.571655
v -162.501038 43.543503 400.936432
v -162.583771 43.526390 401.283325
v -162.637405 43.489449 401.636719
v -162.741653 43.436203 401.944641
v -162.858810 43.348225 402.181061
v -162.809753 43.474552 402.337738
v -162.602005 43.734100 402.402405
v -163.788788 43.664257 404.219269
v -163.657257 43.730816 404.350952
v -163.604187 43.885208 404.566864
v -162.035400 44.023865 399.389923
v -162.213043 43.894775 399.600220
v -162.290115 43.804035 399.828491
v -162.386185 43.573547 400.115570
v -162.520187 43.557068 400.491608
v -162.690414 43.557346 400.848175
v -162.788895 43.548855 401.189514
v -162.848846 43.515907 401.553894
v -162.919815 43.473640 401.868225
v -163.083527 43.396973 402.139435
v -163.356506 43.440514 402.399353
v -163.871414 43.523960 402.563660
v -164.256668 43.683510 403.895905
v -164.029175 43.836857 404.029846
v -164.038452 44.118214 404.311157
v -162.973145 44.147793 399.364014
v -163.096542 43.945267 399.645050
v -163.252731 43.848713 399.903290
v -163.415527 43.764011 400.034149
v -164.218292 43.198154 402.246124
v -163.920868 43.286793 402.369476
v -163.728134 43.525925 402.514130
v -164.387573 43.832088 403.977234
v -164.563416 43.781391 404.001251
v -164.544876 44.235390 404.274078
v -163.194870 44.142570 399.401123
v -163.432846 43.933582 399.685516
v -163.581863 43.872986 399.988586
v -163.611420 43.898647 400.078094
v -164.728165 43.285290 401.996887
v -164.409348 43.348499 402.164673
v -164.374115 43.446075 402.383698
v -164.251114 43.557976 402.537567
v -165.267670 43.730354 403.766846
v -165.066467 43.827541 403.958008
v -165.064331 44.353695 404.236786
v -164.111816 44.136433 399.312744
v -164.133301 44.024658 399.585815
v -164.227325 43.873634 399.786530
v -164.317520 43.752213 400.204498
v -164.490860 43.707405 400.501556
v -164.613937 43.660866 400.853699
v -164.708801 43.581886 401.240204
v -164.830139 43.562717 401.583038
v -164.712921 43.508438 401.922150
v -164.697220 43.602081 402.136932
v -164.687698 43.613647 402.356812
v -164.666183 43.586212 402.483917
v -165.399078 43.928619 403.878876
v -165.435654 43.960709 403.935760
v -165.622604 44.176231 404.185120
v -164.212799 44.181435 399.339294
v -164.404358 44.052692 399.601135
v -164.644241 43.913551 399.815704
v -164.887573 43.687210 400.006927
v -166.301361 44.061039 404.035248
v -166.041031 44.264015 404.170044
v -164.995636 44.076199 399.856720
v -165.300369 43.815002 399.995270
v -166.416168 44.240757 404.120026
v -166.531281 44.262836 404.162231
v -165.423492 44.192299 399.841248
v -165.694595 43.981979 399.991180
v -165.938141 43.761261 400.157532
v -167.131516 44.480770 404.278168
v -166.032562 44.069405 400.050476
v -166.205475 43.720791 400.118988
v -167.650635 44.562359 404.337219
v -167.898712 44.307255 404.379211
v -166.747208 44.046169 399.946381
v -168.145523 44.564999 404.312317
v -168.039261 44.456146 404.369995
v -167.307892 44.028519 399.260925
v -167.194992 44.042885 399.441193
v -167.253326 44.039127 399.717163
v -167.148849 44.046452 399.921844
v -168.834427 44.611187 404.136322
v -168.482544 44.631195 404.221619
v -167.620605 44.154694 399.277161
v -167.866852 43.956120 399.441376
v -169.328171 44.641857 403.928223
v -169.079498 44.512463 404.000397
v -168.300308 44.323486 399.611481
v -168.592743 44.188080 399.835510
v -168.861832 44.089478 400.082275
v -169.610397 44.582253 403.836548
v -169.484314 44.389252 403.903320
v -168.994354 44.578976 399.995422
v -169.274445 44.495216 400.251434
v -169.446854 44.483376 400.505768
v -169.637375 44.409855 400.734650
v -170.177399 44.693394 403.766296
v -169.901184 44.820419 400.864899
v -170.082794 44.719494 401.034637
v -170.191208 44.651428 401.230011
v -170.676422 44.796741 403.616028
v -170.287308 45.030346 401.155243
v -170.422516 44.961769 401.351013
v -170.503372 44.924347 401.563049
v -170.632919 44.809315 401.734009
v -171.246017 44.913601 403.287170
v -171.021530 44.871243 403.446198
v -170.914917 45.016499 401.824799
v -171.065262 44.882641 402.001923
v -171.162613 44.856106 402.226746
v -171.265503 44.855591 402.462738
v -171.384018 44.866699 402.691772
v -171.440140 44.879822 402.925323
v -171.402145 44.929447 403.120239
v -159.139603 43.417675 400.040344
v -159.049515 43.490929 400.208130
v -159.180969 43.498978 400.455261
v -159.399841 43.492207 400.765472
v -159.798843 43.626881 401.025848
v -159.941650 43.432549 401.307281
v -160.029907 43.258701 401.545105
v -159.369827 43.489342 400.070770
v -159.849014 43.491768 400.391724
v -159.866165 43.614666 400.562714
v -159.960831 43.597820 400.862732
v -160.114792 43.596397 401.073212
v -160.294006 43.477699 401.291504
v -160.198746 43.199593 401.514130
v -160.601517 43.271896 400.514404
v -160.436539 43.435959 400.617218
v -160.456009 43.431889 400.895905
v -160.584885 43.379990 401.157410
v -160.747040 43.387802 401.432007
v -161.089752 43.167629 401.761353
v -161.194916 43.196487 402.024200
v -161.267227 43.228607 402.319977
v -161.378204 42.977104 402.510925
v -161.153671 42.865234 400.697723
v -160.924438 43.234070 400.688141
v -160.990799 43.232681 401.087616
v -161.122604 43.307419 401.263947
v -161.247513 43.206253 401.554779
v -161.385452 43.149788 401.807220
v -161.471039 43.212135 402.059082
v -161.555130 43.297237 402.323761
v -161.526688 43.484356 402.562439
v -161.766800 43.362675 402.880859
v -161.836700 43.344727 403.174896
v -161.916260 43.354527 403.482941
v -162.009476 43.237690 403.719391
v -162.076645 43.496246 404.043060
v -162.346954 43.055290 404.249939
v -161.277328 43.269714 400.247253
v -161.265686 43.322926 400.518646
v -161.424606 43.374348 400.807922
v -161.431274 43.390144 401.073975
v -161.482101 43.400513 401.339996
v -161.537216 43.298763 401.645050
v -161.647720 43.201355 401.883392
v -161.753281 43.278652 402.105286
v -161.824326 43.416206 402.348328
v -161.840897 43.390266 402.526123
v -162.556519 42.984673 403.199615
v -162.452545 43.178406 403.315765
v -162.334137 43.272640 403.691010
v -162.430222 43.421722 404.049011
v -162.446411 43.197941 404.319397
v -161.464355 43.356472 400.239532
v -161.743530 43.345863 400.467773
v -161.907578 43.363201 400.846802
v -161.959671 43.340752 401.153778
v -161.985382 43.266449 401.487946
v -162.071365 43.190193 401.752808
v -162.218124 43.105122 402.019989
v -162.426743 42.983715 402.240631
v -162.699600 42.877003 402.445251
v -162.921753 42.929585 402.999329
v -162.715851 43.092663 403.069702
v -162.756424 43.327084 403.408264
v -162.799454 43.489571 403.743896
v -162.908356 43.519077 404.055756
v -163.255325 43.382744 404.303558
v -161.912735 43.316689 399.971252
v -162.093277 43.326603 400.238770
v -162.288727 43.370323 400.586456
v -162.443100 43.368572 400.946259
v -162.519714 43.345551 401.300110
v -162.582489 43.319466 401.642792
v -162.759949 43.147408 401.938049
v -162.738968 43.113224 402.149109
v -162.748169 43.091599 402.339935
v -162.830811 42.853420 402.488037
v -163.396149 42.770287 402.885345
v -163.221054 42.944939 402.930145
v -163.248779 43.167305 403.126251
v -163.269272 43.334877 403.420197
v -163.290787 43.462120 403.723846
v -163.456573 43.489792 404.047577
v -163.365051 43.610752 404.359131
v -162.197418 43.436005 399.991943
v -162.392044 43.390095 400.304443
v -162.586029 43.395493 400.680023
v -162.710693 43.384247 401.027100
v -162.783615 43.361130 401.405853
v -162.847549 43.325203 401.733185
v -163.049072 43.223606 402.001404
v -163.254501 43.062344 402.219727
v -163.475494 42.922256 402.390686
v -163.710373 42.825237 402.580414
v -163.708649 42.895988 402.805542
v -163.738480 43.040813 402.970642
v -163.778381 43.158974 403.155212
v -163.825211 43.249424 403.393494
v -163.835678 43.402893 403.757385
v -163.795502 43.561779 404.089478
v -164.030945 43.121105 402.259521
v -163.899948 43.054722 402.370880
v -164.131424 43.047806 402.608734
v -164.227875 43.071457 402.808716
v -164.298599 43.108639 402.991272
v -164.333282 43.140213 403.175171
v -164.367737 43.204689 403.382721
v -164.422897 43.394714 403.691223
v -164.697739 43.622440 403.842682
v -164.550568 43.174778 402.003510
v -164.319809 43.121094 402.173737
v -164.601364 43.096329 402.391937
v -164.736404 43.155918 402.609039
v -164.826157 43.158070 402.816803
v -164.892059 43.149956 403.012878
v -164.937622 43.172401 403.191467
v -164.955276 43.201118 403.384460
v -164.988892 43.398647 403.669830
v -164.830872 43.787022 403.934875
v -164.288864 43.604511 399.893799
v -164.376892 43.473400 400.201263
v -164.541916 43.443611 400.522400
v -164.698288 43.408054 400.883881
v -164.868637 43.361885 401.265991
v -164.990753 43.326866 401.596863
v -164.692871 43.211182 401.973267
v -165.124023 43.167351 402.163422
v -165.131500 43.017986 402.392303
v -165.244293 43.132553 402.635376
v -165.322571 43.112991 402.837463
v -165.380325 43.096088 403.039490
v -165.399994 43.084812 403.208038
v -165.467896 43.132378 403.364746
v -165.422806 43.523422 403.637634
v -165.616455 43.719753 403.877960
v -165.786301 43.905338 404.104126
v -164.458542 43.614147 399.946960
v -164.710236 43.480679 400.195251
v -164.922882 43.404610 400.507629
v -165.100357 43.371246 400.874115
v -165.319214 43.353413 401.272644
v -165.475647 43.321156 401.594910
v -165.581177 43.298935 401.906097
v -165.738449 43.283985 402.164001
v -165.928452 43.191677 402.316833
v -165.758377 43.258156 403.497406
v -165.961502 43.327915 403.633423
v -165.961761 43.757248 403.926575
v -165.889328 44.087742 404.178497
v -165.110733 43.575375 400.185120
v -165.340912 43.447411 400.450165
v -165.538193 43.416458 400.834869
v -165.685654 43.397152 401.290649
v -165.946533 43.303444 401.616180
v -166.040497 43.268494 401.886963
v -166.129837 43.247456 402.128204
v -166.150589 43.120094 402.201813
v -166.276108 43.501408 403.747620
v -166.395508 43.684063 403.905060
v -166.696747 44.015476 404.063599
v -165.482208 43.712322 400.162750
v -165.735519 43.560093 400.393280
v -165.964340 43.470829 400.740906
v -166.237030 43.411827 401.110809
v -166.515015 43.292278 401.368042
v -167.181580 43.528217 403.755920
v -166.948654 43.671715 403.895172
v -166.988251 44.048195 404.140167
v -166.361786 43.666389 400.073822
v -166.097885 43.666222 400.338684
v -166.442932 43.486233 400.711121
v -166.740799 43.454762 401.190308
v -166.714096 43.252712 401.299042
v -167.308716 43.704662 403.848633
v -167.309570 43.759396 403.973846
v -167.589798 43.858429 404.254303
v -167.882614 44.226406 404.393066
v -166.584412 43.710724 400.038330
v -166.755203 43.544308 400.339172
v -166.918732 43.447323 400.753235
v -167.175461 43.265350 401.030823
v -168.382339 43.880135 404.184113
v -168.180756 43.902985 404.283203
v -168.046829 44.271011 404.419342
v -167.220612 43.670898 399.252960
v -167.267792 43.672661 399.486267
v -167.405319 43.554489 399.846497
v -167.112854 43.598461 400.074829
v -167.172897 43.360241 400.425232
v -167.294937 43.278809 400.799255
v -167.498352 43.171696 400.967224
v -168.823441 43.748646 403.910797
v -168.617706 43.873360 404.056976
v -168.441208 44.429699 404.299683
v -167.478317 43.768539 399.296021
v -167.665588 43.643433 399.549438
v -167.921768 43.512203 399.806610
v -168.234360 43.373226 400.087402
v -169.231247 43.865948 403.897247
v -169.167465 44.239044 404.012878
v -168.168365 43.857975 399.655487
v -168.393326 43.826805 399.938995
v -168.701965 43.750694 400.218597
v -169.055405 43.590961 400.462189
v -169.563477 44.047848 403.829498
v -169.380371 44.331921 403.955872
v -169.171631 44.113228 400.342316
v -169.407898 44.020252 400.581573
v -169.609985 43.941505 400.815979
v -169.784744 43.885796 401.031677
v -170.222183 44.214878 403.761536
v -169.882538 44.399258 400.916809
v -170.021683 44.349045 401.125732
v -170.134583 44.266670 401.328857
v -170.287994 44.171303 401.543793
v -170.712753 44.326908 403.631805
v -170.355530 44.649544 401.421997
v -170.504471 44.538029 401.623016
v -170.640518 44.409611 401.798706
v -170.791840 44.272778 401.967224
v -171.209625 44.463676 403.312866
v -171.041458 44.419712 403.477783
v -170.912231 44.701710 401.874390
v -171.053253 44.558311 402.042877
v -171.183334 44.463734 402.241028
v -171.278519 44.442009 402.475861
v -171.352051 44.421440 402.707367
v -171.411057 44.439812 402.960052
v -171.371033 44.478596 403.148895
v -159.311722 43.102612 400.095184
v -159.245300 43.202087 400.292023
v -159.455292 43.388561 400.598053
v -159.698502 43.469318 400.951599
v -159.859344 43.473705 401.214294
v -160.004807 43.488392 401.469543
v -160.245270 43.235859 401.633636
v -159.823364 43.172516 400.234558
v -160.274429 42.579155 400.434906
v -160.443283 43.019508 401.556824
v -160.511673 43.274761 401.616058
v -160.564423 42.821899 400.289246
v -160.292358 43.106560 400.326050
v -160.610092 43.029472 401.556122
v -160.813965 43.244217 401.713074
v -161.131683 43.033054 402.030914
v -161.185059 42.997101 402.340210
v -161.394150 42.868454 402.566650
v -161.073257 42.464928 400.457977
v -160.939621 42.863300 400.684570
v -161.172546 43.024784 400.827179
v -161.508881 42.329819 401.133026
v -161.593307 43.082550 402.694244
v -161.806580 42.916573 402.882629
v -161.947159 42.793297 403.097351
v -162.011139 42.997265 403.421356
v -162.139114 42.635880 403.629395
v -161.189331 42.506908 399.998260
v -161.206802 42.859791 400.277649
v -161.334274 42.970142 400.595795
v -161.379944 43.077854 400.778137
v -161.198013 43.032742 400.969177
v -162.462509 42.542290 402.953918
v -162.169601 42.822998 403.103363
v -162.234116 43.058147 403.473663
v -162.231888 42.812099 403.713501
v -161.665848 42.497627 400.148499
v -161.451935 42.888340 400.225616
v -161.768860 42.890629 400.582672
v -161.895935 42.826637 401.070312
v -162.084091 42.969006 401.374664
v -162.129578 42.907490 401.656921
v -162.224426 42.846115 401.884308
v -162.381561 42.780518 402.122009
v -162.566284 42.754406 402.368042
v -162.950668 42.525700 402.559174
v -162.880188 42.424072 402.833130
v -162.683121 42.767357 402.938721
v -162.513870 42.988300 403.057068
v -162.551224 42.599804 401.212341
v -162.475174 42.779297 401.394470
v -162.554565 42.784966 401.699371
v -162.530518 42.862709 401.920715
v -162.578247 42.813358 402.094330
v -162.752060 42.754612 402.320770
v -163.102524 42.631702 402.594025
v -163.232178 42.616405 402.829254
v -162.926468 42.873844 402.914062
v -163.034821 42.503700 401.254578
v -162.804443 42.563049 401.401459
v -162.934479 42.639751 401.707611
v -163.069931 42.804146 401.942841
v -163.343201 42.617683 402.253754
v -163.503021 42.537075 402.471893
v -163.525284 42.554955 402.675293
v -163.389404 42.742142 402.813080
v -165.455612 42.913929 402.464783
v -165.555466 42.948624 402.648346
v -165.627945 42.950985 402.860504
v -165.658432 42.908978 403.055664
v -165.614883 42.928585 403.212402
v -165.638550 42.994125 403.293457
v -165.958542 42.713947 401.994110
v -165.955795 42.817177 402.178436
v -165.596527 42.757492 402.406616
v -165.892853 42.770802 402.663025
v -165.951431 42.760002 402.886902
v -165.976151 42.682835 403.064758
v -165.991913 42.895313 403.233704
v -165.864883 43.029716 403.351227
v -166.052032 43.094025 403.490723
v -165.959534 43.172646 401.324127
v -166.042450 43.044865 401.679657
v -166.064941 42.950039 401.894501
v -166.097122 43.043255 402.120270
v -165.995041 43.048374 402.258881
v -166.407532 42.786320 403.165680
v -166.356903 42.831985 403.255310
v -166.303818 42.866932 403.398712
v -166.369644 43.070427 403.646545
v -166.571960 43.371639 403.748993
v -166.180817 43.273689 401.374542
v -166.536636 43.052521 401.516815
v -166.880829 43.185307 403.709320
v -166.708191 43.557354 403.824677
v -166.868744 43.011208 401.286255
v -166.709290 43.030903 401.459595
v -167.251923 43.428188 403.764709
v -167.454529 43.435417 403.957764
v -167.624603 43.348228 404.100006
v -167.370056 42.736256 401.034088
v -167.114975 42.998623 401.173615
v -168.321869 43.707935 404.170563
v -168.040100 43.566212 404.226990
v -167.420380 42.994392 399.909698
v -167.247787 42.988850 400.148041
v -167.327652 42.964409 400.545502
v -167.488846 42.942966 400.917755
v -167.333282 43.131397 401.052460
v -168.809860 43.638416 403.915741
v -168.576813 43.463596 404.019440
v -168.471558 43.339264 404.103943
v -167.765686 43.152859 399.930420
v -168.181046 42.871021 400.168793
v -169.046249 43.534107 403.829346
v -169.029999 43.295555 403.883606
v -168.609055 43.299740 400.337524
v -169.006851 43.060116 400.568817
v -169.665298 43.578617 403.758911
v -169.419312 43.347996 403.822266
v -169.363922 43.510128 400.678253
v -169.569809 43.415268 400.914429
v -169.744125 43.330982 401.141632
v -170.207138 43.691219 403.713776
v -170.006805 43.828217 401.216888
v -170.136978 43.739510 401.426636
v -170.276962 43.643497 401.632111
v -170.664566 43.833477 403.673920
v -170.734055 43.443100 403.678223
v -170.505219 44.080078 401.711182
v -170.638870 43.952576 401.884460
v -170.798218 43.812508 402.057251
v -171.185059 43.952778 403.350983
v -171.026932 43.893070 403.565277
v -170.928986 43.636509 403.617065
v -171.071915 44.144493 402.114685
v -171.212708 43.972504 402.290497
v -171.285049 43.941208 402.511932
v -171.334106 43.933105 402.762665
v -171.385376 43.951981 403.009094
v -171.339905 43.975403 403.190033
v -159.328262 42.436749 400.231659
v -159.901031 43.365189 400.691132
v -159.923447 43.702080 401.011322
v -160.210022 43.793621 401.317993
v -160.483276 43.873268 401.524506
v -160.612320 43.692997 401.762909
v -160.243073 42.689690 401.765564
v -159.780014 42.916252 400.197357
v -160.199646 42.782684 400.446320
v -160.539581 42.724201 401.820496
v -160.766144 43.095501 401.825317
v -160.500671 42.765602 400.393402
v -160.410202 42.399300 400.342804
v -161.084595 42.825787 401.819427
v -161.270248 42.668636 402.116486
v -161.326477 42.587955 402.397614
v -161.496292 42.424656 402.597931
v -160.781372 42.602177 400.398438
v -161.109680 42.298439 400.575562
v -161.826660 42.628387 402.707764
v -161.872406 42.601250 402.870941
v -161.971512 42.337086 402.988556
v -161.036789 42.272396 400.105865
v -161.136017 42.364193 400.371277
v -161.273026 42.420078 400.550873
v -162.293472 42.304306 402.766998
v -162.214996 42.523624 402.870239
v -162.099335 42.495747 403.034515
v -161.232056 42.386875 400.046936
v -161.504364 42.363571 400.292999
v -161.704941 42.385979 400.662231
v -161.909592 42.316319 400.954865
v -162.087509 42.237232 401.284363
v -162.214371 42.233818 401.607300
v -162.319733 42.226055 401.888214
v -162.429565 42.172047 402.088196
v -162.582428 42.119724 402.315399
v -162.764038 42.031155 402.549591
v -162.725830 42.327190 402.762726
v -162.444473 42.534588 402.858398
v -162.265961 42.495331 401.159058
v -162.477936 42.337440 401.439880
v -162.598648 42.337498 401.747040
v -162.706390 42.308659 401.983185
v -162.844254 42.222118 402.186188
v -163.025757 42.146427 402.440796
v -163.114441 42.267719 402.632660
v -162.881073 42.402943 402.770050
v -162.666733 42.452759 401.293793
v -162.849365 42.422924 401.561646
v -162.969009 42.440216 401.853241
v -163.084595 42.364822 402.071869
v -163.247253 42.281158 402.291962
v -163.408569 42.245987 402.525970
v -163.257645 42.315346 402.622955
v -165.835632 42.560253 401.987793
v -165.951279 42.634769 402.182068
v -166.024078 42.630421 402.443298
v -166.096176 42.660858 402.695312
v -166.127853 42.654140 402.906097
v -166.244843 42.543213 402.986786
v -166.207214 42.690361 401.696442
v -166.039993 42.623707 401.986053
v -166.309494 42.608761 402.186310
v -166.397903 42.624985 402.478546
v -166.460999 42.622746 402.728210
v -166.475998 42.618912 402.944244
v -166.392105 42.574223 403.067963
v -166.558411 42.695751 403.286102
v -166.518295 42.740639 403.432709
v -166.596115 42.824165 403.516876
v -166.449997 42.780785 401.693817
v -166.632721 42.652428 401.902557
v -166.734955 42.689274 402.229065
v -166.845108 42.674801 402.528137
v -166.894760 42.674557 402.778168
v -166.922607 42.650433 402.990906
v -166.938171 42.639545 403.171967
v -166.947098 42.649605 403.326904
v -166.912766 42.704418 403.463531
v -166.812286 42.845585 403.576660
v -166.889771 42.732243 401.334534
v -166.864777 42.721878 401.626923
v -167.091827 42.704163 401.947601
v -167.202774 42.677811 402.270111
v -167.231842 42.433998 402.533386
v -167.186005 42.595356 402.828613
v -167.228256 42.565166 403.025909
v -167.288071 42.541454 403.213348
v -167.321198 42.549805 403.362579
v -167.292923 42.590748 403.506378
v -167.357635 42.694016 403.707458
v -167.542969 43.000851 403.895325
v -167.702179 43.077198 404.040161
v -167.183868 42.635101 401.092346
v -167.168381 42.665462 401.329926
v -167.347656 42.649090 401.646088
v -167.541656 42.648159 402.005035
v -167.629730 42.379417 402.301697
v -167.538635 42.326710 402.397156
v -167.963394 42.690952 403.774323
v -167.962677 42.860439 403.905975
v -167.961624 43.085102 404.073975
v -167.487106 42.631172 399.994263
v -167.459122 42.597511 400.254303
v -167.735107 42.428360 400.675354
v -167.478317 42.419167 401.019836
v -167.545990 42.420368 401.331329
v -167.726852 42.442642 401.702606
v -167.927628 42.449299 402.013763
v -168.007248 42.273075 402.152924
v -168.543823 42.687027 403.789551
v -168.485092 42.987717 403.978394
v -168.323029 43.311600 404.152863
v -167.692169 42.680698 400.017609
v -167.957626 42.566090 400.345367
v -168.291946 42.373154 400.656525
v -169.124039 42.767384 403.766266
v -169.043060 43.090996 403.876953
v -168.530090 42.767952 400.454620
v -168.879501 42.609161 400.721832
v -169.204758 42.420891 400.935791
v -169.552292 43.029034 403.723816
v -169.356415 43.209446 403.849640
v -169.323441 42.952888 400.793671
v -169.529083 42.848194 401.022552
v -169.675873 42.758442 401.225555
v -169.794617 42.662392 401.430420
v -170.147842 43.155655 403.654510
v -169.951019 43.267971 401.316986
v -170.069168 43.172985 401.518677
v -170.222198 43.078190 401.722046
v -170.379623 42.985950 401.929993
v -170.515335 43.351772 403.659576
v -170.736206 43.074764 403.714478
v -170.506134 43.567966 401.808472
v -170.637314 43.451969 401.984467
v -170.786911 43.294296 402.169617
v -170.917603 43.127167 402.333191
v -171.157959 43.388569 403.370575
v -171.097565 43.349171 403.538788
v -170.949493 43.239109 403.687469
v -171.051865 43.670742 402.209412
v -171.216690 43.494049 402.382965
v -171.281921 43.382725 402.596588
v -171.328964 43.383488 402.845490
v -171.393082 43.402863 403.082428
v -171.298584 43.396564 403.234863
v -160.479553 43.903156 401.224640
v -160.862061 44.184856 401.548553
v -161.273972 44.304405 401.803619
v -161.713196 44.438644 402.041443
v -161.745193 44.226601 402.138947
v -160.289276 42.288422 400.499664
v -160.387497 43.123035 400.895569
v -161.109039 43.581139 401.934875
v -161.432938 43.186153 402.096100
v -160.611710 42.347652 400.515472
v -160.288620 42.480511 400.441895
v -161.209869 42.574608 402.036163
v -161.366898 42.272915 402.251617
v -161.485367 42.308411 402.494415
v -161.491989 41.850407 402.634888
v -160.888779 42.215828 400.473907
v -161.024979 41.830875 400.645172
v -161.664474 41.627361 402.660461
v -161.903564 42.163490 402.719818
v -161.131378 41.882339 400.209900
v -161.168594 41.926762 400.463684
v -161.160263 41.927216 400.639221
v -162.342621 41.518185 402.686890
v -162.304169 42.064075 402.708557
v -161.273178 41.978714 400.142090
v -161.502945 41.866650 400.375793
v -161.669952 41.854713 400.682678
v -161.826752 41.871655 401.008179
v -161.967438 41.901970 401.359558
v -162.097687 41.943005 401.677612
v -162.213394 41.929482 401.939423
v -162.314468 41.867435 402.147461
v -162.467377 41.818123 402.390686
v -162.631943 41.980835 402.617615
v -162.403458 42.043182 402.717621
v -167.295639 42.287827 402.596344
v -167.222198 42.066212 402.758270
v -167.261566 42.232346 403.042175
v -167.310150 42.200539 403.234558
v -167.365768 42.243660 403.382233
v -167.331467 42.232014 403.543396
v -167.432968 42.111649 403.661896
v -167.699417 42.124081 402.380463
v -167.411591 42.078110 402.557770
v -167.484421 41.860474 402.651825
v -167.829300 42.293301 403.718384
v -167.703461 41.928818 400.842072
v -167.581635 41.954075 401.063843
v -167.684738 42.003948 401.390594
v -167.829788 42.028198 401.724823
v -167.960190 42.041531 402.014069
v -167.894318 42.086349 402.217804
v -168.408035 42.323265 403.769592
v -168.516312 42.029003 403.846649
v -168.129868 41.979610 400.779968
v -168.992325 42.298714 403.715363
v -168.745285 42.122009 403.791870
v -168.711044 42.195347 400.858826
v -169.085999 41.954502 401.028564
v -169.596756 42.474285 403.689514
v -169.612625 42.147587 403.807587
v -169.454239 42.319397 401.105164
v -169.610611 42.216751 401.301117
v -169.734467 42.125893 401.495667
v -170.148666 42.751087 403.679688
v -170.127121 42.396088 403.765991
v -169.992737 42.587753 401.595490
v -170.146545 42.490807 401.806763
v -170.248886 42.475410 402.049988
v -170.402634 42.364361 402.243256
v -170.387833 42.943047 403.682159
v -170.669144 42.660786 403.742615
v -170.550049 42.946072 402.119629
v -170.698120 42.803238 402.312195
v -170.809937 42.645496 402.482422
v -170.891937 42.576763 402.679352
v -170.942093 42.559975 402.909027
v -171.019547 42.600765 403.132507
v -171.022675 42.774017 403.326965
v -171.091339 42.790070 403.560669
v -171.001083 42.730129 403.717468
v -171.103424 43.025791 402.531647
v -171.198364 42.925808 402.736633
v -171.264282 42.931263 402.974548
v -171.328064 42.973541 403.182159
v -171.196167 43.056446 403.213470
v -161.572983 44.476044 401.758270
v -161.867996 44.557606 401.964508
v -162.426819 44.868633 402.251831
v -162.596069 44.783600 402.389557
v -161.840790 44.154961 402.159241
v -160.534332 42.734928 400.963440
v -161.273453 43.959259 401.510040
v -162.279724 44.425983 402.261139
v -162.380432 44.125278 402.278290
v -162.066177 43.483589 402.285278
v -160.781723 42.140148 400.711853
v -161.493805 42.572556 402.233765
v -161.607315 42.178829 402.414703
v -161.668152 41.773853 402.593933
v -160.947769 41.258705 400.307800
v -161.133652 41.682480 400.662720
v -161.270737 41.303696 400.648712
v -161.936111 41.795788 402.676056
v -161.913086 41.345699 402.737885
v -161.144943 41.132748 400.000122
v -161.173767 41.503826 400.248474
v -161.132721 41.653912 400.502197
v -161.146851 41.660976 400.587708
v -162.335373 41.661945 402.736664
v -162.387314 41.606392 402.817413
v -161.618500 41.005127 400.071991
v -161.453018 41.460659 400.157715
v -161.557159 41.375580 400.452454
v -161.702164 41.327068 400.726349
v -161.848740 41.359844 401.074036
v -162.002350 41.413895 401.422974
v -162.127426 41.449886 401.722076
v -162.232925 41.452271 401.959381
v -162.326691 41.407608 402.191772
v -162.454941 41.369411 402.419464
v -162.503860 41.474220 402.621796
v -162.561905 41.334919 402.760681
v -167.259918 41.837986 402.864960
v -167.189087 41.667328 402.955933
v -167.213867 41.726635 403.236420
v -167.267731 41.728035 403.407410
v -167.390060 41.650707 403.543762
v -167.454086 41.937626 403.616943
v -167.700943 41.752411 402.383850
v -167.538193 41.767075 402.570892
v -167.439346 41.625786 402.700348
v -167.520035 41.421528 402.860046
v -167.717270 41.692451 403.624695
v -167.772324 41.685425 403.715424
v -167.743607 41.567799 400.920715
v -167.742325 41.589832 401.091187
v -167.851059 41.428043 401.458710
v -167.800232 41.408924 401.744202
v -167.881729 41.472927 402.017181
v -167.740005 41.567577 402.300751
v -167.747910 41.458912 402.548553
v -167.967346 41.361607 402.613129
v -168.210968 41.936935 403.777924
v -168.509232 41.668812 403.903351
v -168.002472 41.596806 400.871948
v -168.202911 41.499825 401.101196
v -168.372894 41.307465 401.323639
v -169.069290 41.961681 403.807800
v -168.962646 41.746166 403.905396
v -168.571030 41.750099 400.919922
v -168.798523 41.627762 401.141541
v -169.062851 41.372765 401.300812
v -169.286270 42.096989 403.760193
v -169.522888 41.773678 403.843781
v -169.343170 41.830658 401.187897
v -169.513794 41.702614 401.373230
v -169.647415 41.585129 401.566376
v -169.790237 41.498234 401.795929
v -170.094879 41.937744 403.862000
v -169.934036 42.039494 401.676910
v -170.087143 41.972652 401.899109
v -170.176666 41.943562 402.165955
v -170.332535 41.826763 402.361115
v -170.634476 42.070587 403.835968
v -170.607925 42.236961 402.436371
v -170.763733 42.146034 402.617371
v -170.807312 42.139992 402.849060
v -170.859421 42.150494 403.057953
v -170.949829 42.178558 403.236755
v -171.007965 42.216576 403.417542
v -171.023575 42.181606 403.610779
v -170.953201 42.155308 403.758331
v -161.835739 44.468365 401.809753
v -162.623947 44.926907 402.232330
v -162.665070 44.902050 402.363007
v -162.325668 44.687675 402.365662
v -161.075287 43.251785 401.177612
v -162.468399 44.571861 402.100861
v -163.045166 44.939407 402.289490
v -162.972183 44.844479 402.391724
v -163.167786 44.899502 402.607025
v -162.871765 44.296577 402.518433
v -162.565598 43.551308 402.447876
v -161.291931 42.820831 401.358978
v -161.610764 43.099716 401.372925
v -162.065628 42.880741 402.335693
v -162.131409 42.352867 402.510284
v -161.868942 41.608418 402.675385
v -160.881332 41.164734 400.304932
v -161.259201 41.518257 400.823792
v -161.950058 41.287277 402.764587
v -162.024719 40.863937 402.855316
v -161.010437 40.920898 399.987640
v -161.263992 40.954121 400.365082
v -161.254135 40.783501 400.430359
v -162.137375 41.276928 402.760834
v -162.378616 41.131516 402.895203
v -161.123856 41.073982 400.069244
v -161.420959 41.000408 400.270020
v -161.614334 40.853069 400.540100
v -161.768036 40.830158 400.796661
v -161.927658 40.908905 401.150574
v -162.233627 40.986004 401.535217
v -162.283478 41.055695 401.815369
v -162.399063 41.080128 402.053589
v -162.520477 41.083870 402.298767
v -162.654724 41.082573 402.512207
v -162.829712 41.071739 402.715729
v -162.613846 41.086636 402.838562
v -162.715225 40.599003 401.518585
v -162.509109 40.824429 401.679413
v -162.655502 40.874500 401.955872
v -162.826813 40.880733 402.241516
v -162.970596 40.925167 402.481934
v -163.000687 40.922440 402.639282
v -167.232162 41.168037 403.081512
v -167.188599 41.223976 403.228485
v -167.236298 41.211990 403.407654
v -167.377151 41.108208 403.538849
v -167.566788 41.149338 402.834961
v -167.399963 41.199406 402.965942
v -167.640335 41.388454 403.612457
v -167.890991 41.165916 403.720459
v -167.842697 40.748558 401.538055
v -167.756805 40.804935 401.743195
v -167.779037 40.880550 402.017212
v -167.783615 40.983852 402.277832
v -167.843872 41.079849 402.481720
v -167.725937 41.127316 402.691864
v -168.178955 41.428345 403.796844
v -168.502594 41.209854 403.973785
v -168.532227 41.120510 404.167145
v -168.190720 40.789734 401.446075
v -168.902359 41.242893 403.974640
v -168.742233 41.210442 404.121246
v -168.791473 40.886005 401.416443
v -169.459412 41.291714 403.967712
v -169.698563 41.114277 404.135651
v -169.355820 41.144928 401.445984
v -169.508606 41.034836 401.678284
v -169.676239 40.971359 401.928894
v -170.036011 41.498646 403.953522
v -170.056763 41.222858 404.100159
v -170.006226 41.439877 402.037903
v -170.162186 41.358707 402.259247
v -170.264389 41.317158 402.480957
v -170.409958 41.328403 402.703674
v -170.547516 41.364723 402.917297
v -170.594635 41.377541 403.888794
v -170.501343 41.237244 404.056274
v -170.564041 41.728592 402.551849
v -170.670609 41.733246 402.771545
v -170.786591 41.698162 402.970886
v -170.903976 41.646114 403.149811
v -170.970871 41.632744 403.330444
v -171.018753 41.625290 403.499847
v -171.081894 41.580624 403.695435
v -170.928146 41.544945 403.824280
v -162.279831 44.161015 401.844330
v -162.662918 44.299465 402.154572
v -162.953125 44.499714 402.403564
v -162.989655 44.307014 402.476013
v -162.758606 43.720108 402.441986
v -162.524017 43.466206 402.409088
v -161.113937 42.052261 401.026642
v -162.116409 43.522163 401.873291
v -162.197205 43.382050 402.054474
v -162.764023 43.787796 402.241638
v -162.924881 43.722084 402.368652
v -162.983597 43.517269 402.467987
v -162.834091 43.187702 402.604340
v -162.351425 42.099468 402.691345
v -161.900223 41.019203 402.620789
v -161.457001 41.681484 401.249908
v -161.472565 41.892170 401.464325
v -161.501648 41.449974 401.357544
v -161.924896 41.050148 402.601257
v -161.918152 40.919601 402.753296
v -162.015518 40.598621 402.839355
v -161.148407 40.416950 400.377319
v -161.322556 40.653572 400.716736
v -162.139145 40.334404 402.605865
v -162.137329 40.618469 402.760681
v -162.504105 40.741566 403.015808
v -162.511444 40.457787 403.095612
v -161.361160 40.498329 400.342987
v -161.645920 40.334377 400.574280
v -161.826965 40.378265 400.868927
v -161.978043 40.427635 401.192169
v -162.177765 40.427029 401.480103
v -162.372131 40.398441 401.747009
v -162.524994 40.454636 401.999817
v -162.681458 40.493073 402.252106
v -162.782333 40.523567 402.476410
v -162.921844 40.713795 402.696564
v -162.740479 40.736214 402.907013
v -162.654678 40.567890 403.041260
v -162.371719 40.662811 401.592102
v -162.577469 40.644047 401.841309
v -162.750214 40.665703 402.136169
v -163.177109 40.665268 402.353180
v -163.220276 40.611881 402.550262
v -163.282181 40.644444 402.670593
v -163.685532 40.440220 402.319061
v -163.481827 40.527241 402.478790
v -163.438293 40.565262 402.626831
v -167.215820 40.664089 403.056793
v -167.163803 40.727215 403.202911
v -167.228577 40.734489 403.388275
v -167.414169 40.696014 403.568970
v -167.456467 40.542587 403.754272
v -167.543808 40.598850 402.818115
v -167.375229 40.653038 402.943390
v -167.608505 41.057335 403.679504
v -167.834961 40.801647 403.752655
v -167.945297 40.586483 403.971985
v -167.969879 40.443932 401.605225
v -167.820831 40.375633 401.754944
v -167.842026 40.503605 402.016663
v -167.757584 40.442444 402.247223
v -167.789703 40.537441 402.489960
v -167.696121 40.612411 402.686218
v -168.109558 41.114872 403.879425
v -168.301102 40.854603 403.964081
v -168.507614 40.654427 404.136688
v -168.054260 40.337490 401.550995
v -168.213852 40.218636 401.790131
v -168.398956 40.186478 402.018707
v -168.965668 40.794930 404.051971
v -168.773956 40.810760 404.159912
v -168.579269 40.395878 401.554169
v -168.777725 40.304314 401.789368
v -169.021393 40.288643 402.032959
v -169.271973 40.963223 404.034058
v -169.557281 40.691387 404.161713
v -169.177917 40.596687 401.567474
v -169.321274 40.602356 401.851044
v -169.539001 40.580830 402.103943
v -169.791016 40.517975 402.298431
v -170.463730 40.576279 404.098480
v -170.015472 40.782948 404.104065
v -169.922577 40.944778 402.181458
v -170.119400 40.876362 402.393463
v -170.258514 40.883129 402.612946
v -170.352295 40.981815 402.859955
v -170.541733 40.938251 403.037323
v -171.006668 40.655846 403.866974
v -170.740356 40.794212 403.936737
v -170.512070 41.017654 404.123413
v -170.808426 41.258068 403.096771
v -170.983017 41.131866 403.250397
v -171.034988 41.108189 403.424805
v -171.078979 41.056007 403.584259
v -171.026779 40.925522 403.732819
v -171.046783 41.141541 403.888062
v -161.710648 42.369869 401.827515
v -162.113510 42.750389 402.023651
v -162.520599 42.945625 402.243103
v -162.734650 42.940430 402.398254
v -162.675919 42.587410 402.511047
v -162.331329 41.668369 402.680023
v -162.097916 40.837181 402.662354
v -161.248352 40.503555 400.829041
v -161.336426 40.596375 401.326294
v -161.440964 41.451782 401.601746
v -162.151596 41.116467 402.643250
v -162.239471 40.863037 402.863281
v -162.152878 40.289680 403.029755
v -162.036438 39.911064 403.101349
v -161.330719 39.968098 400.370514
v -161.364212 40.112392 400.843964
v -161.491653 39.814556 400.845947
v -162.035751 40.456448 402.589325
v -162.174362 40.581135 402.790436
v -162.263443 40.484787 403.003662
v -162.444351 40.230896 403.154663
v -161.353012 40.053963 400.430817
v -161.660904 39.953373 400.675568
v -161.875854 39.928795 400.916321
v -162.018555 39.976574 401.218353
v -162.145187 40.021305 401.536163
v -162.435287 40.041893 401.834869
v -162.557312 40.218967 402.104034
v -162.689194 40.287235 402.341919
v -162.758698 40.291687 402.543060
v -162.951767 40.231670 402.724091
v -162.793701 40.232738 402.909363
v -162.708572 40.242786 403.071198
v -162.934189 39.686459 401.766693
v -162.803528 40.035042 401.988098
v -162.976532 40.197365 402.273315
v -163.180374 40.173344 402.483063
v -163.257812 40.229481 402.619080
v -163.328094 40.325146 402.387787
v -163.433121 40.314461 402.542053
v -163.468094 40.464020 402.662811
v -167.164078 40.203075 403.037201
v -167.122772 40.261284 403.188904
v -167.220932 40.281433 403.361237
v -167.295898 40.278778 403.556152
v -167.449997 40.207203 403.708710
v -167.508560 40.110916 402.784546
v -167.343170 40.184921 402.901123
v -167.855637 40.335819 403.775055
v -168.106827 40.359421 403.892700
v -167.864807 39.910400 402.055237
v -167.742966 39.972153 402.231934
v -167.752899 40.051056 402.483185
v -167.673798 40.136616 402.663361
v -168.403717 40.179123 403.887299
v -168.412079 40.209122 403.995270
v -168.672928 40.460217 404.118073
v -168.272675 39.921619 402.062408
v -168.902344 40.353863 404.040436
v -168.855606 40.497177 404.112823
v -168.869537 39.989914 402.127289
v -169.238159 40.535942 404.058777
v -169.560699 40.264675 404.194916
v -169.411346 40.238052 402.231140
v -169.682983 40.196419 402.402466
v -169.838943 40.240456 402.627838
v -169.980576 40.244637 402.862915
v -170.196609 40.339638 404.090454
v -169.886505 40.363331 404.165955
v -170.031586 40.529987 402.526184
v -170.177963 40.561581 402.747894
v -170.335602 40.576805 402.968140
v -170.512329 40.516064 403.148682
v -170.657852 40.459091 403.332581
v -170.774078 40.419590 403.504150
v -170.803009 40.366970 403.678345
v -170.720551 40.361485 403.810028
v -170.493195 40.356277 403.991272
v -170.809586 40.805836 403.203705
v -170.982468 40.702301 403.363098
v -171.052444 40.656826 403.528259
v -171.054123 40.576973 403.693451
v -171.100494 40.530098 403.752441
v -161.521667 41.426109 401.575195
v -161.689880 41.749512 401.924652
v -162.041397 41.963737 402.138062
v -162.175201 41.873871 402.255371
v -162.216644 41.579388 402.415955
v -162.040268 41.054985 402.548828
v -161.961517 40.352985 402.556274
v -161.298111 40.122070 401.129395
v -161.364502 40.964226 401.755157
v -161.501816 40.728920 401.952911
v -161.741837 40.887260 401.982544
v -161.930878 40.900265 402.177826
v -161.955093 40.658745 402.470612
v -161.994202 40.501686 402.557220
v -161.973526 40.348572 402.828217
v -161.959381 39.941021 402.973846
v -162.142899 39.659355 403.063934
v -161.570496 39.635567 400.706726
v -161.560562 39.944046 401.269257
v -161.676270 40.009644 401.450470
v -161.846619 39.811600 401.599030
v -161.998917 39.639351 401.750946
v -162.079117 39.690266 401.950134
v -162.087280 40.072487 402.341217
v -162.264435 39.990219 402.545135
v -162.281876 39.875950 402.758057
v -162.298691 39.755268 402.939056
v -162.290863 39.801933 403.075562
v -161.713684 39.692001 400.807770
v -161.885529 39.686649 401.066193
v -162.018600 39.754238 401.365570
v -162.093552 39.741543 401.606720
v -162.251038 39.723427 401.795624
v -162.441467 39.742870 402.014099
v -162.549225 39.790901 402.264099
v -162.654541 39.805428 402.512207
v -162.729294 39.881500 402.748566
v -162.637009 39.860580 402.953461
v -162.681519 39.867275 403.098724
v -162.558548 39.837963 401.858795
v -162.795547 39.842701 402.083313
v -162.933411 39.878143 402.313995
v -162.994186 39.896568 402.523651
v -162.938843 39.956238 402.618103
v -166.431290 39.483776 403.018036
v -166.339844 39.564671 403.128845
v -166.416885 39.437965 403.277008
v -166.834991 39.483608 402.806641
v -166.557938 39.600571 402.946289
v -166.672119 39.743256 403.159454
v -166.675751 39.731922 403.325897
v -166.841263 39.619095 403.479523
v -167.383957 39.486660 402.739502
v -166.954651 39.686192 402.885681
v -166.977676 39.907398 403.170227
v -167.076920 39.939003 403.341187
v -167.103607 39.925083 403.525574
v -167.389786 39.773235 403.658752
v -167.511093 39.701427 402.750244
v -167.301636 39.767227 402.876404
v -167.778107 39.880207 403.739594
v -168.188293 39.676319 402.167053
v -167.871521 39.634739 402.233276
v -167.751770 39.672234 402.460571
v -167.691437 39.727161 402.637604
v -168.158081 39.978752 403.819763
v -168.366409 39.823933 403.900055
v -168.146927 39.628029 402.079681
v -168.452789 39.570507 402.241516
v -169.369507 39.635876 403.912933
v -168.837952 39.953327 403.920441
v -168.742203 39.701702 402.156067
v -169.042419 39.720985 402.348450
v -169.257797 39.747543 402.568756
v -169.558426 39.739620 403.958984
v -169.518204 39.818634 403.975586
v -169.895889 39.984909 404.169495
v -169.317963 39.875278 402.264404
v -169.507416 39.950237 402.506805
v -169.672653 39.982464 402.752136
v -169.898422 39.935684 402.975891
v -170.105789 39.899239 403.189575
v -170.618515 39.678703 403.989960
v -170.199203 39.753826 403.982483
v -170.110031 40.037697 404.169373
v -170.272003 40.201344 403.090271
v -170.462784 40.117680 403.258667
v -170.636581 40.049187 403.409607
v -170.723938 40.022263 403.578857
v -170.744720 39.991871 403.751373
v -170.582123 39.871319 403.889343
v -170.658554 40.067970 404.058441
v -161.545853 39.820255 401.611420
v -161.464005 39.898865 401.823853
v -161.560226 39.926128 402.007416
v -161.830490 39.516407 402.050964
v -161.561066 39.700089 401.648407
v -161.676743 39.574089 401.798065
v -161.821747 39.570564 402.017273
v -161.898361 39.643776 402.096436
v -166.432983 39.295876 403.014679
v -166.252914 39.355007 403.080231
v -166.498840 39.301842 403.216888
v -166.854950 39.354813 402.799072
v -166.393967 39.375187 402.901611
v -166.590729 39.348194 403.101257
v -166.580460 39.543396 403.243896
v -166.944687 39.447056 403.404083
v -166.812149 39.397713 402.792114
v -166.809402 39.299671 402.897827
v -166.908066 39.322662 403.100677
v -166.955399 39.334984 403.261810
v -167.100281 39.361244 403.412720
v -167.485825 39.445911 403.592834
v -167.498672 39.323135 402.717010
v -167.214020 39.361156 402.855011
v -167.647263 39.337666 403.509338
v -167.767090 39.565861 403.652344
v -168.237976 39.333363 402.344360
v -167.921661 39.343300 402.463593
v -167.678146 39.317142 402.600128
v -168.254395 39.194744 403.630981
v -168.320816 39.298698 403.685394
v -168.654694 39.410492 403.867584
v -168.177780 39.400085 402.300079
v -168.491776 39.350193 402.461304
v -168.839188 39.528976 403.785706
v -168.870590 39.531487 403.895782
v -168.789230 39.532780 402.407867
v -169.082657 39.519165 402.622131
v -169.307175 39.494671 402.862518
v -169.480667 39.493660 403.127808
v -170.066620 39.212032 403.796082
v -169.554977 39.362614 403.737091
v -169.879730 39.581741 403.988403
v -169.579254 39.664207 402.799042
v -169.747955 39.690735 403.065552
v -169.954758 39.629238 403.251587
v -170.175797 39.525585 403.393555
v -170.247665 39.497593 403.559448
v -170.098999 39.495159 403.669830
v -170.052155 39.564331 403.857849
v -170.119354 39.655128 404.029297
v -170.404617 39.760746 403.322357
v -170.578674 39.675041 403.479187
v -170.648041 39.646999 403.639038
v -170.673248 39.576736 403.780731
v -170.737640 39.554653 403.894501
v -166.830887 38.522606 402.826904
v -166.791077 38.296299 402.898102
v -166.904114 38.966343 402.892517
v -166.906662 38.858467 402.961609
v -167.089264 39.110413 403.212006
v -167.377655 38.932175 403.321411
v -167.451614 38.890087 402.668640
v -167.200638 38.939880 402.798706
v -167.291046 38.870991 403.006714
v -167.480408 38.912006 403.186096
v -167.540512 38.898567 403.344543
v -167.932663 38.892773 402.473724
v -167.672775 38.887802 402.564514
v -168.585846 38.535088 403.398438
v -168.202667 38.878616 403.429474
v -168.529190 38.956512 403.669128
v -168.335648 39.034229 402.490204
v -168.666153 38.936348 402.661896
v -168.831360 38.937801 403.438263
v -168.788193 39.093884 403.560822
v -168.803833 39.199764 403.686401
v -168.916519 39.269127 402.631073
v -169.136215 39.228008 402.878693
v -169.363953 39.140942 403.120667
v -169.497879 39.075790 403.313354
v -169.354141 39.075558 403.409454
v -169.410004 39.216278 403.619446
v -169.473495 39.053345 403.813232
v -169.816086 39.342472 403.279633
v -169.946930 39.278088 403.439453
v -169.995438 39.191555 403.583038
v -170.157440 39.157635 403.679871
v -166.881683 38.075985 402.782928
v -166.968933 37.956558 402.809479
v -166.782623 38.469498 402.785126
v -167.008347 38.213413 402.855011
v -167.703644 38.336861 402.592651
v -167.435349 38.609417 402.769714
v -167.547104 38.636497 402.981812
v -167.598648 38.631516 403.188660
v -167.947784 38.347878 403.280640
v -168.315567 38.279400 402.437592
v -167.862335 38.545624 402.587128
v -167.955658 38.512310 402.818573
v -168.037018 38.532394 403.048523
v -168.086273 38.584881 403.212585
v -168.085190 38.456978 403.367645
v -168.263489 38.622589 402.504974
v -168.426468 38.584572 402.701843
v -168.615784 38.611877 402.932404
v -168.680267 38.570808 403.160492
v -168.746582 38.640766 403.329041
v -169.013443 38.826252 402.874573
v -169.184570 38.777893 403.118256
v -169.264465 38.733196 403.320801
v -169.441956 38.550400 403.377502
f 1 2 31
f 2 32 31
f 1 31 38
f 1 38 5
f 1 6 2
f 1 5 6
f 2 3 32
f 3 33 32
f 2 7 3
f 2 6 7
f 3 39 33
f 3 7 39
f 4 5 37
f 5 38 37
f 4 37 44
f 4 44 10
f 4 11 5
f 4 10 11
f 5 12 6
f 5 11 12
f 6 13 7
f 6 12 13
f 7 8 39
f 8 40 39
f 7 14 8
f 7 13 14
f 45 46 14
f 45 14 13
f 8 46 40
f 8 14 46
f 9 10 43
f 10 44 43
f 9 43 49
f 9 49 15
f 9 16 10
f 9 15 16
f 10 17 11
f 10 16 17
f 11 18 12
f 11 17 18
f 12 19 13
f 12 18 19
f 13 50 45
f 13 19 50
f 15 49 53
f 15 53 20
f 15 21 16
f 15 20 21
f 53 54 21
f 53 21 20
f 16 22 17
f 16 21 22
f 54 55 22
f 54 22 21
f 17 23 18
f 17 22 23
f 55 56 23
f 55 23 22
f 18 24 19
f 18 23 24
f 56 57 24
f 56 24 23
f 19 57 50
f 19 24 57
f 25 26 62
f 26 63 62
f 62 63 69
f 63 70 69
f 25 62 69
f 25 69 31
f 25 32 26
f 25 31 32
f 26 27 63
f 27 64 63
f 63 64 70
f 64 71 70
f 26 33 27
f 26 32 33
f 27 28 64
f 28 65 64
f 27 34 28
f 27 33 34
f 28 72 65
f 28 34 72
f 29 30 67
f 30 68 67
f 67 68 75
f 68 76 75
f 29 67 75
f 29 75 36
f 29 37 30
f 29 36 37
f 30 31 68
f 31 69 68
f 30 38 31
f 30 37 38
f 33 40 34
f 33 39 40
f 34 35 72
f 35 73 72
f 34 41 35
f 34 40 41
f 35 77 73
f 35 41 77
f 36 75 80
f 36 80 43
f 36 44 37
f 36 43 44
f 40 47 41
f 40 46 47
f 41 81 77
f 41 47 81
f 42 43 79
f 43 80 79
f 42 79 83
f 42 83 48
f 42 49 43
f 42 48 49
f 83 84 49
f 83 49 48
f 45 51 46
f 45 50 51
f 46 52 47
f 46 51 52
f 85 86 52
f 85 52 51
f 47 86 81
f 47 52 86
f 49 84 87
f 49 87 53
f 87 88 54
f 87 54 53
f 89 90 57
f 89 57 56
f 50 58 51
f 50 57 58
f 90 91 58
f 90 58 57
f 51 91 85
f 51 58 91
f 54 88 93
f 54 93 59
f 54 60 55
f 54 59 60
f 93 94 60
f 93 60 59
f 55 61 56
f 55 60 61
f 94 95 61
f 94 61 60
f 56 95 89
f 56 61 95
f 64 65 112
f 65 113 112
f 64 112 119
f 64 119 71
f 65 66 113
f 66 114 113
f 65 73 66
f 65 72 73
f 66 120 114
f 66 73 120
f 68 69 116
f 69 117 116
f 68 116 125
f 68 125 76
f 69 70 117
f 70 118 117
f 70 71 118
f 71 119 118
f 73 74 120
f 74 121 120
f 73 78 74
f 73 77 78
f 74 126 121
f 74 78 126
f 75 76 124
f 76 125 124
f 75 124 129
f 75 129 80
f 77 82 78
f 77 81 82
f 130 131 82
f 130 82 81
f 78 131 126
f 78 82 131
f 79 80 128
f 80 129 128
f 79 128 133
f 79 133 83
f 133 134 84
f 133 84 83
f 135 136 86
f 135 86 85
f 81 136 130
f 81 86 136
f 84 134 138
f 84 138 87
f 139 140 91
f 139 91 90
f 85 140 135
f 85 91 140
f 87 138 143
f 87 143 92
f 87 93 88
f 87 92 93
f 143 144 93
f 143 93 92
f 144 145 94
f 144 94 93
f 145 146 95
f 145 95 94
f 89 96 90
f 89 95 96
f 146 147 96
f 146 96 95
f 90 147 139
f 90 96 147
f 97 98 156
f 98 157 156
f 97 156 163
f 97 163 100
f 97 101 98
f 97 100 101
f 98 164 157
f 98 101 164
f 99 100 162
f 100 163 162
f 99 162 170
f 99 170 104
f 99 105 100
f 99 104 105
f 170 171 105
f 170 105 104
f 100 106 101
f 100 105 106
f 171 172 106
f 171 106 105
f 101 102 164
f 102 165 164
f 101 107 102
f 101 106 107
f 172 173 107
f 172 107 106
f 102 103 165
f 103 166 165
f 102 108 103
f 102 107 108
f 173 174 108
f 173 108 107
f 103 174 166
f 103 108 174
f 109 110 204
f 110 205 204
f 109 204 214
f 109 214 116
f 109 117 110
f 109 116 117
f 110 111 205
f 111 206 205
f 110 118 111
f 110 117 118
f 111 112 206
f 112 207 206
f 111 119 112
f 111 118 119
f 112 113 207
f 113 208 207
f 113 114 208
f 114 209 208
f 114 215 209
f 114 120 215
f 115 116 213
f 116 214 213
f 115 213 221
f 115 221 124
f 115 125 116
f 115 124 125
f 120 121 215
f 121 216 215
f 121 122 216
f 122 217 216
f 121 127 122
f 121 126 127
f 122 222 217
f 122 127 222
f 123 124 220
f 124 221 220
f 123 220 225
f 123 225 128
f 123 129 124
f 123 128 129
f 126 132 127
f 126 131 132
f 226 227 132
f 226 132 131
f 127 227 222
f 127 132 227
f 128 225 229
f 128 229 133
f 229 230 134
f 229 134 133
f 130 137 131
f 130 136 137
f 131 231 226
f 131 137 231
f 134 230 234
f 134 234 138
f 135 141 136
f 135 140 141
f 235 236 141
f 235 141 140
f 136 142 137
f 136 141 142
f 236 237 142
f 236 142 141
f 137 237 231
f 137 142 237
f 138 234 239
f 138 239 143
f 239 240 144
f 239 144 143
f 240 241 145
f 240 145 144
f 241 242 146
f 241 146 145
f 242 243 147
f 242 147 146
f 139 148 140
f 139 147 148
f 243 244 148
f 243 148 147
f 140 244 235
f 140 148 244
f 149 150 259
f 150 260 259
f 149 259 272
f 149 272 154
f 149 155 150
f 149 154 155
f 150 151 260
f 151 261 260
f 150 156 151
f 150 155 156
f 151 152 261
f 152 262 261
f 151 157 152
f 151 156 157
f 152 153 262
f 153 263 262
f 152 158 153
f 152 157 158
f 153 273 263
f 153 158 273
f 154 272 283
f 154 283 161
f 154 162 155
f 154 161 162
f 155 163 156
f 155 162 163
f 157 165 158
f 157 164 165
f 158 159 273
f 159 274 273
f 158 166 159
f 158 165 166
f 159 160 274
f 160 275 274
f 274 275 284
f 275 285 284
f 159 167 160
f 159 166 167
f 160 285 275
f 160 167 285
f 161 283 294
f 161 294 169
f 161 170 162
f 161 169 170
f 166 175 167
f 166 174 175
f 167 168 285
f 168 286 285
f 285 286 295
f 286 296 295
f 167 176 168
f 167 175 176
f 168 296 286
f 168 176 296
f 169 294 304
f 169 304 178
f 169 179 170
f 169 178 179
f 304 305 179
f 304 179 178
f 170 180 171
f 170 179 180
f 305 306 180
f 305 180 179
f 171 181 172
f 171 180 181
f 172 182 173
f 172 181 182
f 173 183 174
f 173 182 183
f 174 184 175
f 174 183 184
f 295 296 307
f 296 308 307
f 175 185 176
f 175 184 185
f 307 308 185
f 307 185 184
f 176 177 296
f 177 297 296
f 296 297 308
f 297 309 308
f 176 186 177
f 176 185 186
f 308 309 186
f 308 186 185
f 177 309 297
f 177 186 309
f 180 306 317
f 180 317 187
f 180 188 181
f 180 187 188
f 317 318 188
f 317 188 187
f 181 189 182
f 181 188 189
f 182 190 183
f 182 189 190
f 183 191 184
f 183 190 191
f 184 319 307
f 184 191 319
f 188 318 329
f 188 329 195
f 188 196 189
f 188 195 196
f 329 330 196
f 329 196 195
f 189 197 190
f 189 196 197
f 330 331 197
f 330 197 196
f 190 198 191
f 190 197 198
f 191 192 319
f 192 320 319
f 319 320 332
f 320 333 332
f 191 199 192
f 191 198 199
f 192 193 320
f 193 321 320
f 320 321 333
f 321 334 333
f 192 200 193
f 192 199 200
f 333 334 200
f 333 200 199
f 193 194 321
f 194 322 321
f 321 322 334
f 322 335 334
f 193 201 194
f 193 200 201
f 334 335 201
f 334 201 200
f 194 335 322
f 194 201 335
f 197 331 341
f 197 341 202
f 197 203 198
f 197 202 203
f 332 333 342
f 333 343 342
f 198 204 199
f 198 203 204
f 199 343 333
f 199 204 343
f 202 341 353
f 202 353 212
f 202 213 203
f 202 212 213
f 203 214 204
f 203 213 214
f 204 205 343
f 205 344 343
f 205 206 344
f 206 345 344
f 206 207 345
f 207 346 345
f 207 208 346
f 208 347 346
f 208 209 347
f 209 348 347
f 209 210 348
f 210 349 348
f 209 216 210
f 209 215 216
f 210 211 349
f 211 350 349
f 210 217 211
f 210 216 217
f 211 354 350
f 211 217 354
f 212 353 358
f 212 358 220
f 212 221 213
f 212 220 221
f 217 218 354
f 218 355 354
f 217 223 218
f 217 222 223
f 218 359 355
f 218 223 359
f 219 220 357
f 220 358 357
f 219 357 361
f 219 361 224
f 219 225 220
f 219 224 225
f 361 362 225
f 361 225 224
f 222 228 223
f 222 227 228
f 363 364 228
f 363 228 227
f 223 364 359
f 223 228 364
f 225 362 366
f 225 366 229
f 226 232 227
f 226 231 232
f 367 368 232
f 367 232 231
f 227 368 363
f 227 232 368
f 229 366 370
f 229 370 233
f 229 234 230
f 229 233 234
f 372 373 237
f 372 237 236
f 231 373 367
f 231 237 373
f 370 371 375
f 371 376 375
f 233 370 375
f 233 375 238
f 233 239 234
f 233 238 239
f 375 376 239
f 375 239 238
f 376 377 240
f 376 240 239
f 377 378 241
f 377 241 240
f 378 379 242
f 378 242 241
f 379 380 243
f 379 243 242
f 380 381 244
f 380 244 243
f 235 245 236
f 235 244 245
f 381 382 245
f 381 245 244
f 236 382 372
f 236 245 382
f 246 247 395
f 247 396 395
f 246 395 405
f 246 405 249
f 246 250 247
f 246 249 250
f 247 248 396
f 248 397 396
f 247 251 248
f 247 250 251
f 248 406 397
f 248 251 406
f 249 405 418
f 249 418 259
f 249 260 250
f 249 259 260
f 250 261 251
f 250 260 261
f 251 252 406
f 252 407 406
f 251 262 252
f 251 261 262
f 252 419 407
f 252 262 419
f 253 254 411
f 254 412 411
f 253 411 423
f 253 423 266
f 253 267 254
f 253 266 267
f 254 255 412
f 255 413 412
f 254 268 255
f 254 267 268
f 255 256 413
f 256 414 413
f 255 269 256
f 255 268 269
f 256 257 414
f 257 415 414
f 256 270 257
f 256 269 270
f 257 424 415
f 257 270 424
f 258 259 417
f 259 418 417
f 258 417 426
f 258 426 271
f 258 272 259
f 258 271 272
f 426 427 272
f 426 272 271
f 262 263 419
f 263 420 419
f 263 264 420
f 264 421 420
f 263 274 264
f 263 273 274
f 264 428 421
f 264 274 428
f 265 266 422
f 266 423 422
f 265 422 432
f 265 432 276
f 265 277 266
f 265 276 277
f 266 278 267
f 266 277 278
f 267 279 268
f 267 278 279
f 268 280 269
f 268 279 280
f 269 281 270
f 269 280 281
f 270 434 424
f 270 281 434
f 272 427 436
f 272 436 283
f 274 437 428
f 274 284 437
f 276 432 441
f 276 441 287
f 276 288 277
f 276 287 288
f 277 289 278
f 277 288 289
f 278 290 279
f 278 289 290
f 279 291 280
f 279 290 291
f 433 434 442
f 434 443 442
f 280 292 281
f 280 291 292
f 442 443 292
f 442 292 291
f 281 443 434
f 281 292 443
f 282 283 435
f 283 436 435
f 282 435 444
f 282 444 293
f 282 294 283
f 282 293 294
f 444 445 294
f 444 294 293
f 284 285 437
f 285 438 437
f 285 446 438
f 285 295 446
f 287 441 452
f 287 452 299
f 287 300 288
f 287 299 300
f 288 301 289
f 288 300 301
f 289 302 290
f 289 301 302
f 290 303 291
f 290 302 303
f 291 453 442
f 291 303 453
f 294 445 454
f 294 454 304
f 454 455 305
f 454 305 304
f 295 456 446
f 295 307 456
f 298 299 451
f 299 452 451
f 298 451 461
f 298 461 310
f 298 311 299
f 298 310 311
f 461 462 311
f 461 311 310
f 299 312 300
f 299 311 312
f 300 313 301
f 300 312 313
f 301 314 302
f 301 313 314
f 463 464 314
f 463 314 313
f 302 315 303
f 302 314 315
f 464 465 315
f 464 315 314
f 303 465 453
f 303 315 465
f 305 455 467
f 305 467 316
f 305 317 306
f 305 316 317
f 467 468 317
f 467 317 316
f 307 469 456
f 307 319 469
f 311 462 477
f 311 477 324
f 311 325 312
f 311 324 325
f 312 326 313
f 312 325 326
f 313 478 463
f 313 326 478
f 317 468 482
f 317 482 328
f 317 329 318
f 317 328 329
f 482 483 329
f 482 329 328
f 483 484 330
f 483 330 329
f 484 485 331
f 484 331 330
f 319 486 469
f 319 332 486
f 323 324 476
f 324 477 476
f 323 476 493
f 323 493 336
f 323 337 324
f 323 336 337
f 324 338 325
f 324 337 338
f 325 339 326
f 325 338 339
f 326 327 478
f 327 479 478
f 326 340 327
f 326 339 340
f 494 495 340
f 494 340 339
f 327 495 479
f 327 340 495
f 331 485 499
f 331 499 341
f 332 500 486
f 332 342 500
f 336 493 507
f 336 507 349
f 336 350 337
f 336 349 350
f 337 351 338
f 337 350 351
f 338 352 339
f 338 351 352
f 339 508 494
f 339 352 508
f 341 499 512
f 341 512 353
f 342 343 500
f 343 501 500
f 343 344 501
f 344 502 501
f 344 345 502
f 345 503 502
f 345 346 503
f 346 504 503
f 346 347 504
f 347 505 504
f 347 348 505
f 348 506 505
f 348 349 506
f 349 507 506
f 350 355 351
f 350 354 355
f 351 356 352
f 351 355 356
f 352 513 508
f 352 356 513
f 353 512 517
f 353 517 358
f 355 360 356
f 355 359 360
f 518 519 360
f 518 360 359
f 356 519 513
f 356 360 519
f 357 358 516
f 358 517 516
f 357 516 521
f 357 521 361
f 359 522 518
f 359 364 522
f 361 521 525
f 361 525 365
f 361 366 362
f 361 365 366
f 525 526 366
f 525 366 365
f 363 369 364
f 363 368 369
f 527 528 369
f 527 369 368
f 364 528 522
f 364 369 528
f 366 526 530
f 366 530 370
f 530 531 371
f 530 371 370
f 367 374 368
f 367 373 374
f 532 533 374
f 532 374 373
f 368 533 527
f 368 374 533
f 371 531 535
f 371 535 376
f 535 536 377
f 535 377 376
f 536 537 378
f 536 378 377
f 372 383 373
f 372 382 383
f 538 539 383
f 538 383 382
f 373 539 532
f 373 383 539
f 378 537 541
f 378 541 384
f 378 385 379
f 378 384 385
f 541 542 385
f 541 385 384
f 379 386 380
f 379 385 386
f 542 543 386
f 542 386 385
f 380 387 381
f 380 386 387
f 543 544 387
f 543 387 386
f 381 388 382
f 381 387 388
f 544 545 388
f 544 388 387
f 382 545 538
f 382 388 545
f 389 390 551
f 390 552 551
f 389 551 563
f 389 563 399
f 389 400 390
f 389 399 400
f 563 564 400
f 563 400 399
f 390 391 552
f 391 553 552
f 390 401 391
f 390 400 401
f 391 392 553
f 392 554 553
f 391 402 392
f 391 401 402
f 565 566 402
f 565 402 401
f 392 393 554
f 393 555 554
f 392 403 393
f 392 402 403
f 566 567 403
f 566 403 402
f 393 567 555
f 393 403 567
f 394 395 556
f 395 557 556
f 556 557 568
f 557 569 568
f 394 556 568
f 394 568 404
f 394 405 395
f 394 404 405
f 568 569 405
f 568 405 404
f 395 396 557
f 396 558 557
f 396 397 558
f 397 559 558
f 397 398 559
f 398 560 559
f 397 407 398
f 397 406 407
f 398 570 560
f 398 407 570
f 400 564 577
f 400 577 413
f 400 414 401
f 400 413 414
f 401 578 565
f 401 414 578
f 405 569 582
f 405 582 418
f 407 408 570
f 408 571 570
f 407 420 408
f 407 419 420
f 408 409 571
f 409 572 571
f 571 572 583
f 572 584 583
f 408 421 409
f 408 420 421
f 409 584 572
f 409 421 584
f 410 411 574
f 411 575 574
f 410 574 586
f 410 586 422
f 410 423 411
f 410 422 423
f 411 412 575
f 412 576 575
f 412 413 576
f 413 577 576
f 414 415 578
f 415 579 578
f 415 416 579
f 416 580 579
f 415 425 416
f 415 424 425
f 587 588 425
f 587 425 424
f 416 588 580
f 416 425 588
f 417 418 581
f 418 582 581
f 581 582 589
f 582 590 589
f 417 581 589
f 417 589 426
f 421 591 584
f 421 428 591
f 422 586 595
f 422 595 432
f 596 597 434
f 596 434 433
f 424 597 587
f 424 434 597
f 589 590 599
f 590 600 599
f 426 589 599
f 426 599 435
f 426 436 427
f 426 435 436
f 428 429 591
f 429 592 591
f 591 592 601
f 592 602 601
f 428 438 429
f 428 437 438
f 429 602 592
f 429 438 602
f 430 431 593
f 431 594 593
f 593 594 603
f 594 604 603
f 430 593 603
f 430 603 439
f 430 440 431
f 430 439 440
f 603 604 440
f 603 440 439
f 431 432 594
f 432 595 594
f 431 441 432
f 431 440 441
f 433 605 596
f 433 442 605
f 599 600 608
f 600 609 608
f 435 599 608
f 435 608 444
f 608 609 445
f 608 445 444
f 438 611 602
f 438 446 611
f 440 604 616
f 440 616 451
f 440 452 441
f 440 451 452
f 442 617 605
f 442 453 617
f 609 610 619
f 610 620 619
f 445 609 619
f 445 619 454
f 446 447 611
f 447 612 611
f 611 612 621
f 612 622 621
f 446 457 447
f 446 456 457
f 621 622 457
f 621 457 456
f 447 448 612
f 448 613 612
f 612 613 622
f 613 623 622
f 447 458 448
f 447 457 458
f 622 623 458
f 622 458 457
f 448 623 613
f 448 458 623
f 449 450 614
f 450 615 614
f 614 615 624
f 615 625 624
f 449 614 624
f 449 624 459
f 449 460 450
f 449 459 460
f 624 625 460
f 624 460 459
f 450 451 615
f 451 616 615
f 450 461 451
f 450 460 461
f 625 626 461
f 625 461 460
f 627 628 465
f 627 465 464
f 453 628 617
f 453 465 628
f 619 620 630
f 620 631 630
f 454 619 630
f 454 630 466
f 454 467 455
f 454 466 467
f 630 631 467
f 630 467 466
f 456 634 621
f 456 469 634
f 461 626 641
f 461 641 476
f 461 477 462
f 461 476 477
f 463 479 464
f 463 478 479
f 464 642 627
f 464 479 642
f 631 632 645
f 632 646 645
f 467 631 645
f 467 645 481
f 467 482 468
f 467 481 482
f 645 646 482
f 645 482 481
f 632 633 646
f 633 647 646
f 646 647 483
f 646 483 482
f 469 470 634
f 470 635 634
f 634 635 650
f 635 651 650
f 469 487 470
f 469 486 487
f 470 471 635
f 471 636 635
f 635 636 651
f 636 652 651
f 470 488 471
f 470 487 488
f 651 652 488
f 651 488 487
f 471 472 636
f 472 637 636
f 636 637 652
f 637 653 652
f 471 489 472
f 471 488 489
f 652 653 489
f 652 489 488
f 472 473 637
f 473 638 637
f 637 638 653
f 638 654 653
f 472 490 473
f 472 489 490
f 653 654 490
f 653 490 489
f 473 474 638
f 474 639 638
f 638 639 654
f 639 655 654
f 473 491 474
f 473 490 491
f 654 655 491
f 654 491 490
f 474 475 639
f 475 640 639
f 474 492 475
f 474 491 492
f 655 656 492
f 655 492 491
f 475 476 640
f 476 641 640
f 475 493 476
f 475 492 493
f 479 480 642
f 480 643 642
f 479 496 480
f 479 495 496
f 657 658 496
f 657 496 495
f 480 658 643
f 480 496 658
f 647 648 660
f 648 661 660
f 483 647 660
f 483 660 497
f 483 498 484
f 483 497 498
f 648 649 661
f 649 662 661
f 484 499 485
f 484 498 499
f 649 650 662
f 650 663 662
f 650 651 663
f 651 664 663
f 486 501 487
f 486 500 501
f 487 664 651
f 487 501 664
f 492 656 669
f 492 669 506
f 492 507 493
f 492 506 507
f 494 509 495
f 494 508 509
f 495 670 657
f 495 509 670
f 660 661 672
f 661 673 672
f 497 660 672
f 497 672 510
f 497 511 498
f 497 510 511
f 498 512 499
f 498 511 512
f 501 502 664
f 502 665 664
f 502 503 665
f 503 666 665
f 665 666 674
f 666 675 674
f 503 504 666
f 504 667 666
f 504 505 667
f 505 668 667
f 505 506 668
f 506 669 668
f 508 514 509
f 508 513 514
f 676 677 514
f 676 514 513
f 509 677 670
f 509 514 677
f 510 672 679
f 510 679 515
f 510 516 511
f 510 515 516
f 511 517 512
f 511 516 517
f 513 680 676
f 513 519 680
f 515 679 682
f 515 682 520
f 515 521 516
f 515 520 521
f 518 523 519
f 518 522 523
f 683 684 523
f 683 523 522
f 519 684 680
f 519 523 684
f 520 682 686
f 520 686 524
f 520 525 521
f 520 524 525
f 686 687 525
f 686 525 524
f 689 690 528
f 689 528 527
f 522 690 683
f 522 528 690
f 687 688 692
f 688 693 692
f 525 687 692
f 525 692 529
f 525 530 526
f 525 529 530
f 692 693 530
f 692 530 529
f 527 695 689
f 527 533 695
f 693 694 697
f 694 698 697
f 530 693 697
f 530 697 534
f 530 535 531
f 530 534 535
f 697 698 535
f 697 535 534
f 698 699 536
f 698 536 535
f 699 700 537
f 699 537 536
f 532 540 533
f 532 539 540
f 701 702 540
f 701 540 539
f 533 702 695
f 533 540 702
f 537 700 704
f 537 704 541
f 704 705 542
f 704 542 541
f 705 706 543
f 705 543 542
f 706 707 544
f 706 544 543
f 707 708 545
f 707 545 544
f 538 546 539
f 538 545 546
f 708 709 546
f 708 546 545
f 539 709 701
f 539 546 709
f 547 548 715
f 548 716 715
f 547 715 724
f 547 724 552
f 547 553 548
f 547 552 553
f 548 549 716
f 549 717 716
f 548 554 549
f 548 553 554
f 549 725 717
f 549 554 725
f 550 551 722
f 551 723 722
f 550 722 735
f 550 735 562
f 550 563 551
f 550 562 563
f 551 552 723
f 552 724 723
f 554 555 725
f 555 726 725
f 555 737 726
f 555 567 737
f 557 558 727
f 558 728 727
f 727 728 738
f 728 739 738
f 557 727 738
f 557 738 569
f 558 559 728
f 559 729 728
f 559 560 729
f 560 730 729
f 560 740 730
f 560 570 740
f 561 562 734
f 562 735 734
f 561 734 744
f 561 744 574
f 561 575 562
f 561 574 575
f 562 576 563
f 562 575 576
f 563 577 564
f 563 576 577
f 565 579 566
f 565 578 579
f 736 737 745
f 737 746 745
f 566 580 567
f 566 579 580
f 567 746 737
f 567 580 746
f 738 739 747
f 739 748 747
f 569 738 747
f 569 747 582
f 570 571 740
f 571 741 740
f 571 749 741
f 571 583 749
f 573 574 743
f 574 744 743
f 573 743 752
f 573 752 585
f 573 586 574
f 573 585 586
f 580 754 746
f 580 588 754
f 582 747 755
f 582 755 590
f 583 584 749
f 584 750 749
f 584 757 750
f 584 591 757
f 585 752 760
f 585 760 594
f 585 595 586
f 585 594 595
f 753 754 761
f 754 762 761
f 587 598 588
f 587 597 598
f 588 762 754
f 588 598 762
f 755 756 763
f 756 764 763
f 590 755 763
f 590 763 600
f 591 765 757
f 591 601 765
f 594 760 769
f 594 769 604
f 596 606 597
f 596 605 606
f 761 762 770
f 762 771 770
f 597 607 598
f 597 606 607
f 770 771 607
f 770 607 606
f 598 771 762
f 598 607 771
f 600 763 772
f 600 772 609
f 772 773 610
f 772 610 609
f 601 602 765
f 602 766 765
f 602 774 766
f 602 611 774
f 603 604 768
f 604 769 768
f 603 768 780
f 603 780 615
f 603 616 604
f 603 615 616
f 605 618 606
f 605 617 618
f 606 781 770
f 606 618 781
f 610 773 782
f 610 782 620
f 611 783 774
f 611 621 783
f 615 780 789
f 615 789 625
f 617 629 618
f 617 628 629
f 618 790 781
f 618 629 790
f 620 782 791
f 620 791 631
f 791 792 632
f 791 632 631
f 792 793 633
f 792 633 632
f 621 794 783
f 621 634 794
f 625 789 800
f 625 800 640
f 625 641 626
f 625 640 641
f 627 643 628
f 627 642 643
f 628 644 629
f 628 643 644
f 629 801 790
f 629 644 801
f 633 793 803
f 633 803 647
f 803 804 648
f 803 648 647
f 804 805 649
f 804 649 648
f 805 806 650
f 805 650 649
f 634 806 794
f 634 650 806
f 639 640 799
f 640 800 799
f 639 799 811
f 639 811 655
f 811 812 656
f 811 656 655
f 643 659 644
f 643 658 659
f 813 814 659
f 813 659 658
f 644 814 801
f 644 659 814
f 656 812 824
f 656 824 669
f 657 671 658
f 657 670 671
f 658 825 813
f 658 671 825
f 661 662 816
f 662 817 816
f 661 816 829
f 661 829 673
f 662 663 817
f 663 818 817
f 663 664 818
f 664 819 818
f 664 665 819
f 665 820 819
f 665 830 820
f 665 674 830
f 666 667 821
f 667 822 821
f 666 821 831
f 666 831 675
f 667 668 822
f 668 823 822
f 668 669 823
f 669 824 823
f 670 678 671
f 670 677 678
f 832 833 678
f 832 678 677
f 671 833 825
f 671 678 833
f 672 673 828
f 673 829 828
f 672 828 836
f 672 836 679
f 674 675 830
f 675 831 830
f 676 681 677
f 676 680 681
f 677 837 832
f 677 681 837
f 679 836 839
f 679 839 682
f 680 685 681
f 680 684 685
f 840 841 685
f 840 685 684
f 681 841 837
f 681 685 841
f 682 839 842
f 682 842 686
f 842 843 687
f 842 687 686
f 843 844 688
f 843 688 687
f 683 691 684
f 683 690 691
f 845 846 691
f 845 691 690
f 684 846 840
f 684 691 846
f 688 844 847
f 688 847 693
f 847 848 694
f 847 694 693
f 689 696 690
f 689 695 696
f 690 850 845
f 690 696 850
f 848 849 852
f 849 853 852
f 694 848 852
f 694 852 698
f 852 853 699
f 852 699 698
f 853 854 700
f 853 700 699
f 695 703 696
f 695 702 703
f 856 857 703
f 856 703 702
f 696 857 850
f 696 703 857
f 854 855 858
f 855 859 858
f 700 854 858
f 700 858 704
f 858 859 705
f 858 705 704
f 859 860 706
f 859 706 705
f 860 861 707
f 860 707 706
f 861 862 708
f 861 708 707
f 862 863 709
f 862 709 708
f 701 710 702
f 701 709 710
f 863 864 710
f 863 710 709
f 702 864 856
f 702 710 864
f 711 712 869
f 712 870 869
f 711 869 877
f 711 877 715
f 711 716 712
f 711 715 716
f 712 878 870
f 712 716 878
f 713 714 875
f 714 876 875
f 713 875 886
f 713 886 722
f 713 723 714
f 713 722 723
f 714 715 876
f 715 877 876
f 714 724 715
f 714 723 724
f 716 717 878
f 717 879 878
f 717 887 879
f 717 725 887
f 718 719 880
f 719 881 880
f 880 881 890
f 881 891 890
f 718 880 890
f 718 890 729
f 718 730 719
f 718 729 730
f 719 720 881
f 720 882 881
f 881 882 891
f 882 892 891
f 719 731 720
f 719 730 731
f 720 892 882
f 720 731 892
f 721 722 885
f 722 886 885
f 721 885 897
f 721 897 734
f 721 735 722
f 721 734 735
f 725 726 887
f 726 888 887
f 898 899 737
f 898 737 736
f 726 899 888
f 726 737 899
f 728 729 889
f 729 890 889
f 728 889 900
f 728 900 739
f 891 892 902
f 892 903 902
f 730 741 731
f 730 740 741
f 731 732 892
f 732 893 892
f 892 893 903
f 893 904 903
f 731 742 732
f 731 741 742
f 732 904 893
f 732 742 904
f 733 734 896
f 734 897 896
f 733 896 907
f 733 907 743
f 733 744 734
f 733 743 744
f 736 908 898
f 736 745 908
f 900 901 911
f 901 912 911
f 739 900 911
f 739 911 748
f 901 902 912
f 902 913 912
f 902 903 913
f 903 914 913
f 903 904 914
f 904 915 914
f 741 750 742
f 741 749 750
f 742 915 904
f 742 750 915
f 743 907 918
f 743 918 752
f 745 746 908
f 746 909 908
f 908 909 919
f 909 920 919
f 919 920 754
f 919 754 753
f 746 920 909
f 746 754 920
f 747 748 910
f 748 911 910
f 910 911 921
f 911 922 921
f 747 910 921
f 747 921 755
f 921 922 756
f 921 756 755
f 914 915 925
f 915 926 925
f 750 751 915
f 751 916 915
f 915 916 926
f 916 927 926
f 750 758 751
f 750 757 758
f 751 927 916
f 751 758 927
f 752 918 929
f 752 929 760
f 753 930 919
f 753 761 930
f 922 923 932
f 923 933 932
f 756 922 932
f 756 932 764
f 923 924 933
f 924 934 933
f 924 925 934
f 925 935 934
f 925 926 935
f 926 936 935
f 926 927 936
f 927 937 936
f 757 766 758
f 757 765 766
f 758 937 927
f 758 766 937
f 759 760 928
f 760 929 928
f 759 928 943
f 759 943 768
f 759 769 760
f 759 768 769
f 761 944 930
f 761 770 944
f 763 764 931
f 764 932 931
f 931 932 945
f 932 946 945
f 763 931 945
f 763 945 772
f 945 946 773
f 945 773 772
f 766 949 937
f 766 774 949
f 767 768 942
f 768 943 942
f 767 942 954
f 767 954 779
f 767 780 768
f 767 779 780
f 770 955 944
f 770 781 955
f 946 947 956
f 947 957 956
f 773 946 956
f 773 956 782
f 947 948 957
f 948 958 957
f 774 775 949
f 775 950 949
f 774 784 775
f 774 783 784
f 959 960 784
f 959 784 783
f 775 776 950
f 776 951 950
f 775 785 776
f 775 784 785
f 960 961 785
f 960 785 784
f 776 777 951
f 777 952 951
f 776 786 777
f 776 785 786
f 961 962 786
f 961 786 785
f 777 778 952
f 778 953 952
f 777 787 778
f 777 786 787
f 962 963 787
f 962 787 786
f 778 779 953
f 779 954 953
f 778 788 779
f 778 787 788
f 963 964 788
f 963 788 787
f 779 789 780
f 779 788 789
f 781 965 955
f 781 790 965
f 956 957 966
f 957 967 966
f 782 956 966
f 782 966 791
f 966 967 792
f 966 792 791
f 957 958 967
f 958 968 967
f 783 970 959
f 783 794 970
f 788 964 975
f 788 975 799
f 788 800 789
f 788 799 800
f 790 976 965
f 790 801 976
f 967 968 977
f 968 978 977
f 792 967 977
f 792 977 802
f 792 803 793
f 792 802 803
f 977 978 803
f 977 803 802
f 968 969 978
f 969 979 978
f 794 795 970
f 795 971 970
f 794 807 795
f 794 806 807
f 980 981 807
f 980 807 806
f 795 796 971
f 796 972 971
f 795 808 796
f 795 807 808
f 981 982 808
f 981 808 807
f 796 797 972
f 797 973 972
f 796 809 797
f 796 808 809
f 982 983 809
f 982 809 808
f 797 798 973
f 798 974 973
f 797 810 798
f 797 809 810
f 983 984 810
f 983 810 809
f 798 799 974
f 799 975 974
f 798 811 799
f 798 810 811
f 801 985 976
f 801 814 985
f 978 979 986
f 979 987 986
f 803 978 986
f 803 986 815
f 803 816 804
f 803 815 816
f 804 817 805
f 804 816 817
f 805 818 806
f 805 817 818
f 806 988 980
f 806 818 988
f 810 984 992
f 810 992 822
f 810 823 811
f 810 822 823
f 811 824 812
f 811 823 824
f 813 826 814
f 813 825 826
f 814 993 985
f 814 826 993
f 986 987 996
f 987 997 996
f 815 986 996
f 815 996 828
f 815 829 816
f 815 828 829
f 818 819 988
f 819 989 988
f 819 820 989
f 820 990 989
f 820 821 990
f 821 991 990
f 820 831 821
f 820 830 831
f 821 822 991
f 822 992 991
f 998 999 833
f 998 833 832
f 825 834 826
f 825 833 834
f 999 1000 834
f 999 834 833
f 826 1000 993
f 826 834 1000
f 827 828 995
f 828 996 995
f 827 995 1002
f 827 1002 835
f 827 836 828
f 827 835 836
f 832 1003 998
f 832 837 1003
f 835 1002 1005
f 835 1005 838
f 835 839 836
f 835 838 839
f 1005 1006 839
f 1005 839 838
f 1007 1008 841
f 1007 841 840
f 837 1008 1003
f 837 841 1008
f 839 1006 1009
f 839 1009 842
f 1009 1010 843
f 1009 843 842
f 1010 1011 844
f 1010 844 843
f 840 1013 1007
f 840 846 1013
f 1011 1012 1015
f 1012 1016 1015
f 844 1011 1015
f 844 1015 847
f 1015 1016 848
f 1015 848 847
f 1016 1017 849
f 1016 849 848
f 845 851 846
f 845 850 851
f 1018 1019 851
f 1018 851 850
f 846 1019 1013
f 846 851 1019
f 849 1017 1021
f 849 1021 853
f 1021 1022 854
f 1021 854 853
f 1022 1023 855
f 1022 855 854
f 850 1025 1018
f 850 857 1025
f 1023 1024 1028
f 1024 1029 1028
f 855 1023 1028
f 855 1028 859
f 1028 1029 860
f 1028 860 859
f 1029 1030 861
f 1029 861 860
f 1030 1031 862
f 1030 862 861
f 1031 1032 863
f 1031 863 862
f 1032 1033 864
f 1032 864 863
f 856 865 857
f 856 864 865
f 1033 1034 865
f 1033 865 864
f 857 1034 1025
f 857 865 1034
f 866 867 1047
f 867 1048 1047
f 866 1047 1063
f 866 1063 874
f 866 875 867
f 866 874 875
f 867 868 1048
f 868 1049 1048
f 867 876 868
f 867 875 876
f 868 869 1049
f 869 1050 1049
f 868 877 869
f 868 876 877
f 869 870 1050
f 870 1051 1050
f 870 871 1051
f 871 1052 1051
f 870 879 871
f 870 878 879
f 871 1065 1052
f 871 879 1065
f 872 873 1061
f 873 1062 1061
f 872 1061 1074
f 872 1074 883
f 872 884 873
f 872 883 884
f 873 874 1062
f 874 1063 1062
f 873 885 874
f 873 884 885
f 874 886 875
f 874 885 886
f 1064 1065 1075
f 1065 1076 1075
f 879 1076 1065
f 879 887 1076
f 883 1074 1089
f 883 1089 895
f 883 896 884
f 883 895 896
f 884 897 885
f 884 896 897
f 887 888 1076
f 888 1077 1076
f 1076 1077 1091
f 1077 1092 1091
f 1091 1092 899
f 1091 899 898
f 888 1092 1077
f 888 899 1092
f 889 890 1078
f 890 1079 1078
f 1078 1079 1093
f 1079 1094 1093
f 889 1078 1093
f 889 1093 900
f 1093 1094 901
f 1093 901 900
f 890 891 1079
f 891 1080 1079
f 1079 1080 1094
f 1080 1095 1094
f 1094 1095 902
f 1094 902 901
f 891 1095 1080
f 891 902 1095
f 894 895 1088
f 895 1089 1088
f 894 1088 1103
f 894 1103 905
f 894 906 895
f 894 905 906
f 1103 1104 906
f 1103 906 905
f 895 907 896
f 895 906 907
f 1090 1091 1106
f 1091 1107 1106
f 898 1107 1091
f 898 908 1107
f 906 1104 1114
f 906 1114 917
f 906 918 907
f 906 917 918
f 1105 1106 1115
f 1106 1116 1115
f 1106 1107 1116
f 1107 1117 1116
f 908 1117 1107
f 908 919 1117
f 911 912 1108
f 912 1109 1108
f 1108 1109 1118
f 1109 1119 1118
f 911 1108 1118
f 911 1118 922
f 1118 1119 923
f 1118 923 922
f 912 913 1109
f 913 1110 1109
f 1109 1110 1119
f 1110 1120 1119
f 1119 1120 924
f 1119 924 923
f 913 914 1110
f 914 1111 1110
f 1110 1111 1120
f 1111 1121 1120
f 1120 1121 925
f 1120 925 924
f 914 1121 1111
f 914 925 1121
f 917 1114 1125
f 917 1125 928
f 917 929 918
f 917 928 929
f 1116 1117 1127
f 1117 1128 1127
f 919 1128 1117
f 919 930 1128
f 928 1125 1140
f 928 1140 943
f 1126 1127 1141
f 1127 1142 1141
f 1127 1128 1142
f 1128 1143 1142
f 930 1143 1128
f 930 944 1143
f 932 933 1129
f 933 1130 1129
f 1129 1130 1144
f 1130 1145 1144
f 932 1129 1144
f 932 1144 946
f 1144 1145 947
f 1144 947 946
f 933 934 1130
f 934 1131 1130
f 1130 1131 1145
f 1131 1146 1145
f 1145 1146 948
f 1145 948 947
f 934 935 1131
f 935 1132 1131
f 935 936 1132
f 936 1133 1132
f 936 937 1133
f 937 1134 1133
f 937 938 1134
f 938 1135 1134
f 937 950 938
f 937 949 950
f 938 939 1135
f 939 1136 1135
f 938 951 939
f 938 950 951
f 939 940 1136
f 940 1137 1136
f 939 952 940
f 939 951 952
f 940 941 1137
f 941 1138 1137
f 940 953 941
f 940 952 953
f 941 942 1138
f 942 1139 1138
f 941 954 942
f 941 953 954
f 942 943 1139
f 943 1140 1139
f 944 1149 1143
f 944 955 1149
f 1146 1147 1150
f 1147 1151 1150
f 948 1146 1150
f 948 1150 958
f 1148 1149 1152
f 1149 1153 1152
f 955 1153 1149
f 955 965 1153
f 1150 1151 1154
f 1151 1155 1154
f 958 1150 1154
f 958 1154 968
f 1154 1155 969
f 1154 969 968
f 959 971 960
f 959 970 971
f 960 972 961
f 960 971 972
f 961 973 962
f 961 972 973
f 962 974 963
f 962 973 974
f 963 975 964
f 963 974 975
f 965 1157 1153
f 965 976 1157
f 1155 1156 1158
f 1156 1159 1158
f 969 1155 1158
f 969 1158 979
f 976 1160 1157
f 976 985 1160
f 979 1158 1162
f 979 1162 987
f 980 989 981
f 980 988 989
f 981 990 982
f 981 989 990
f 982 991 983
f 982 990 991
f 983 992 984
f 983 991 992
f 985 1163 1160
f 985 993 1163
f 987 1162 1168
f 987 1168 997
f 1169 1170 1000
f 1169 1000 999
f 993 1170 1163
f 993 1000 1170
f 994 995 1165
f 995 1166 1165
f 994 1165 1171
f 994 1171 1001
f 994 1002 995
f 994 1001 1002
f 1171 1172 1002
f 1171 1002 1001
f 995 996 1166
f 996 1167 1166
f 996 997 1167
f 997 1168 1167
f 998 1004 999
f 998 1003 1004
f 1173 1174 1004
f 1173 1004 1003
f 999 1174 1169
f 999 1004 1174
f 1002 1172 1175
f 1002 1175 1005
f 1175 1176 1006
f 1175 1006 1005
f 1003 1178 1173
f 1003 1008 1178
f 1176 1177 1180
f 1177 1181 1180
f 1006 1176 1180
f 1006 1180 1009
f 1180 1181 1010
f 1180 1010 1009
f 1181 1182 1011
f 1181 1011 1010
f 1182 1183 1012
f 1182 1012 1011
f 1007 1014 1008
f 1007 1013 1014
f 1008 1184 1178
f 1008 1014 1184
f 1012 1183 1185
f 1012 1185 1016
f 1185 1186 1017
f 1185 1017 1016
f 1013 1020 1014
f 1013 1019 1020
f 1014 1188 1184
f 1014 1020 1188
f 1186 1187 1189
f 1187 1190 1189
f 1017 1186 1189
f 1017 1189 1021
f 1189 1190 1022
f 1189 1022 1021
f 1190 1191 1023
f 1190 1023 1022
f 1191 1192 1024
f 1191 1024 1023
f 1018 1026 1019
f 1018 1025 1026
f 1019 1027 1020
f 1019 1026 1027
f 1193 1194 1027
f 1193 1027 1026
f 1020 1194 1188
f 1020 1027 1194
f 1024 1192 1195
f 1024 1195 1029
f 1195 1196 1030
f 1195 1030 1029
f 1196 1197 1031
f 1196 1031 1030
f 1197 1198 1032
f 1197 1032 1031
f 1198 1199 1033
f 1198 1033 1032
f 1199 1200 1034
f 1199 1034 1033
f 1025 1035 1026
f 1025 1034 1035
f 1200 1201 1035
f 1200 1035 1034
f 1026 1201 1193
f 1026 1035 1201
f 1036 1037 1202
f 1037 1203 1202
f 1036 1202 1209
f 1036 1209 1041
f 1036 1042 1037
f 1036 1041 1042
f 1209 1210 1042
f 1209 1042 1041
f 1037 1038 1203
f 1038 1204 1203
f 1037 1043 1038
f 1037 1042 1043
f 1210 1211 1043
f 1210 1043 1042
f 1038 1039 1204
f 1039 1205 1204
f 1038 1044 1039
f 1038 1043 1044
f 1211 1212 1044
f 1211 1044 1043
f 1039 1040 1205
f 1040 1206 1205
f 1039 1045 1040
f 1039 1044 1045
f 1212 1213 1045
f 1212 1045 1044
f 1040 1213 1206
f 1040 1045 1213
f 1046 1047 1233
f 1047 1234 1233
f 1046 1233 1249
f 1046 1249 1062
f 1046 1063 1047
f 1046 1062 1063
f 1047 1048 1234
f 1048 1235 1234
f 1048 1049 1235
f 1049 1236 1235
f 1049 1050 1236
f 1050 1237 1236
f 1050 1051 1237
f 1051 1238 1237
f 1237 1238 1252
f 1238 1253 1252
f 1051 1052 1238
f 1052 1239 1238
f 1238 1239 1253
f 1239 1254 1253
f 1253 1254 1065
f 1253 1065 1064
f 1052 1254 1239
f 1052 1065 1254
f 1053 1054 1240
f 1054 1241 1240
f 1053 1240 1255
f 1053 1255 1066
f 1053 1067 1054
f 1053 1066 1067
f 1255 1256 1067
f 1255 1067 1066
f 1054 1055 1241
f 1055 1242 1241
f 1054 1068 1055
f 1054 1067 1068
f 1256 1257 1068
f 1256 1068 1067
f 1055 1056 1242
f 1056 1243 1242
f 1055 1069 1056
f 1055 1068 1069
f 1257 1258 1069
f 1257 1069 1068
f 1056 1057 1243
f 1057 1244 1243
f 1056 1070 1057
f 1056 1069 1070
f 1258 1259 1070
f 1258 1070 1069
f 1057 1058 1244
f 1058 1245 1244
f 1057 1071 1058
f 1057 1070 1071
f 1259 1260 1071
f 1259 1071 1070
f 1058 1059 1245
f 1059 1246 1245
f 1058 1072 1059
f 1058 1071 1072
f 1260 1261 1072
f 1260 1072 1071
f 1059 1060 1246
f 1060 1247 1246
f 1059 1073 1060
f 1059 1072 1073
f 1261 1262 1073
f 1261 1073 1072
f 1060 1061 1247
f 1061 1248 1247
f 1060 1074 1061
f 1060 1073 1074
f 1061 1062 1248
f 1062 1249 1248
f 1250 1251 1265
f 1251 1266 1265
f 1251 1252 1266
f 1252 1267 1266
f 1252 1253 1267
f 1253 1268 1267
f 1064 1268 1253
f 1064 1075 1268
f 1262 1263 1278
f 1263 1279 1278
f 1073 1262 1278
f 1073 1278 1088
f 1073 1089 1074
f 1073 1088 1089
f 1264 1265 1281
f 1265 1282 1281
f 1265 1266 1282
f 1266 1283 1282
f 1266 1267 1283
f 1267 1284 1283
f 1267 1268 1284
f 1268 1285 1284
f 1075 1076 1268
f 1076 1269 1268
f 1268 1269 1285
f 1269 1286 1285
f 1285 1286 1091
f 1285 1091 1090
f 1076 1286 1269
f 1076 1091 1286
f 1080 1081 1270
f 1081 1271 1270
f 1270 1271 1287
f 1271 1288 1287
f 1080 1270 1287
f 1080 1287 1095
f 1080 1096 1081
f 1080 1095 1096
f 1287 1288 1096
f 1287 1096 1095
f 1081 1082 1271
f 1082 1272 1271
f 1271 1272 1288
f 1272 1289 1288
f 1081 1097 1082
f 1081 1096 1097
f 1288 1289 1097
f 1288 1097 1096
f 1082 1083 1272
f 1083 1273 1272
f 1272 1273 1289
f 1273 1290 1289
f 1082 1098 1083
f 1082 1097 1098
f 1289 1290 1098
f 1289 1098 1097
f 1083 1084 1273
f 1084 1274 1273
f 1273 1274 1290
f 1274 1291 1290
f 1083 1099 1084
f 1083 1098 1099
f 1290 1291 1099
f 1290 1099 1098
f 1084 1085 1274
f 1085 1275 1274
f 1274 1275 1291
f 1275 1292 1291
f 1084 1100 1085
f 1084 1099 1100
f 1291 1292 1100
f 1291 1100 1099
f 1085 1086 1275
f 1086 1276 1275
f 1275 1276 1292
f 1276 1293 1292
f 1085 1101 1086
f 1085 1100 1101
f 1292 1293 1101
f 1292 1101 1100
f 1086 1087 1276
f 1087 1277 1276
f 1086 1102 1087
f 1086 1101 1102
f 1293 1294 1102
f 1293 1102 1101
f 1087 1088 1277
f 1088 1278 1277
f 1087 1103 1088
f 1087 1102 1103
f 1294 1295 1103
f 1294 1103 1102
f 1280 1281 1297
f 1281 1298 1297
f 1281 1282 1298
f 1282 1299 1298
f 1282 1283 1299
f 1283 1300 1299
f 1283 1284 1300
f 1284 1301 1300
f 1284 1285 1301
f 1285 1302 1301
f 1301 1302 1106
f 1301 1106 1105
f 1090 1302 1285
f 1090 1106 1302
f 1295 1296 1304
f 1296 1305 1304
f 1103 1295 1304
f 1103 1304 1113
f 1103 1114 1104
f 1103 1113 1114
f 1296 1297 1305
f 1297 1306 1305
f 1297 1298 1306
f 1298 1307 1306
f 1298 1299 1307
f 1299 1308 1307
f 1299 1300 1308
f 1300 1309 1308
f 1300 1301 1309
f 1301 1310 1309
f 1105 1310 1301
f 1105 1115 1310
f 1112 1113 1303
f 1113 1304 1303
f 1303 1304 1313
f 1304 1314 1313
f 1112 1303 1313
f 1112 1313 1123
f 1112 1124 1113
f 1112 1123 1124
f 1304 1305 1314
f 1305 1315 1314
f 1113 1125 1114
f 1113 1124 1125
f 1305 1306 1315
f 1306 1316 1315
f 1306 1307 1316
f 1307 1317 1316
f 1307 1308 1317
f 1308 1318 1317
f 1308 1309 1318
f 1309 1319 1318
f 1309 1310 1319
f 1310 1320 1319
f 1115 1116 1310
f 1116 1311 1310
f 1310 1311 1320
f 1311 1321 1320
f 1320 1321 1127
f 1320 1127 1126
f 1116 1321 1311
f 1116 1127 1321
f 1122 1123 1312
f 1123 1313 1312
f 1312 1313 1328
f 1313 1329 1328
f 1122 1312 1328
f 1122 1328 1137
f 1122 1138 1123
f 1122 1137 1138
f 1313 1314 1329
f 1314 1330 1329
f 1123 1139 1124
f 1123 1138 1139
f 1314 1315 1330
f 1315 1331 1330
f 1124 1140 1125
f 1124 1139 1140
f 1315 1316 1331
f 1316 1332 1331
f 1316 1317 1332
f 1317 1333 1332
f 1317 1318 1333
f 1318 1334 1333
f 1318 1319 1334
f 1319 1335 1334
f 1319 1320 1335
f 1320 1336 1335
f 1126 1336 1320
f 1126 1141 1336
f 1131 1132 1322
f 1132 1323 1322
f 1322 1323 1339
f 1323 1340 1339
f 1131 1322 1339
f 1131 1339 1146
f 1339 1340 1147
f 1339 1147 1146
f 1132 1133 1323
f 1133 1324 1323
f 1323 1324 1340
f 1324 1341 1340
f 1133 1134 1324
f 1134 1325 1324
f 1324 1325 1341
f 1325 1342 1341
f 1134 1135 1325
f 1135 1326 1325
f 1325 1326 1342
f 1326 1343 1342
f 1135 1136 1326
f 1136 1327 1326
f 1326 1327 1343
f 1327 1344 1343
f 1136 1137 1327
f 1137 1328 1327
f 1327 1328 1344
f 1328 1345 1344
f 1328 1329 1345
f 1329 1346 1345
f 1329 1330 1346
f 1330 1347 1346
f 1335 1336 1348
f 1336 1349 1348
f 1141 1142 1336
f 1142 1337 1336
f 1336 1337 1349
f 1337 1350 1349
f 1142 1143 1337
f 1143 1338 1337
f 1337 1338 1350
f 1338 1351 1350
f 1350 1351 1149
f 1350 1149 1148
f 1143 1351 1338
f 1143 1149 1351
f 1340 1341 1352
f 1341 1353 1352
f 1147 1340 1352
f 1147 1352 1151
f 1341 1342 1353
f 1342 1354 1353
f 1342 1343 1354
f 1343 1355 1354
f 1343 1344 1355
f 1344 1356 1355
f 1344 1345 1356
f 1345 1357 1356
f 1345 1346 1357
f 1346 1358 1357
f 1346 1347 1358
f 1347 1359 1358
f 1349 1350 1360
f 1350 1361 1360
f 1148 1361 1350
f 1148 1152 1361
f 1352 1353 1363
f 1353 1364 1363
f 1151 1352 1363
f 1151 1363 1155
f 1363 1364 1156
f 1363 1156 1155
f 1353 1354 1364
f 1354 1365 1364
f 1354 1355 1365
f 1355 1366 1365
f 1152 1153 1361
f 1153 1362 1361
f 1361 1362 1369
f 1362 1370 1369
f 1153 1370 1362
f 1153 1157 1370
f 1364 1365 1372
f 1365 1373 1372
f 1156 1364 1372
f 1156 1372 1159
f 1365 1366 1373
f 1366 1374 1373
f 1366 1367 1374
f 1367 1375 1374
f 1368 1369 1376
f 1369 1377 1376
f 1369 1370 1377
f 1370 1378 1377
f 1157 1378 1370
f 1157 1160 1378
f 1158 1159 1371
f 1159 1372 1371
f 1371 1372 1380
f 1372 1381 1380
f 1158 1371 1380
f 1158 1380 1162
f 1372 1373 1381
f 1373 1382 1381
f 1373 1374 1382
f 1374 1383 1382
f 1160 1161 1378
f 1161 1379 1378
f 1378 1379 1385
f 1379 1386 1385
f 1160 1164 1161
f 1160 1163 1164
f 1385 1386 1164
f 1385 1164 1163
f 1161 1386 1379
f 1161 1164 1386
f 1380 1381 1390
f 1381 1391 1390
f 1162 1380 1390
f 1162 1390 1168
f 1381 1382 1391
f 1382 1392 1391
f 1382 1383 1392
f 1383 1393 1392
f 1384 1385 1395
f 1385 1396 1395
f 1395 1396 1170
f 1395 1170 1169
f 1163 1396 1385
f 1163 1170 1396
f 1165 1166 1387
f 1166 1388 1387
f 1387 1388 1397
f 1388 1398 1397
f 1165 1387 1397
f 1165 1397 1171
f 1397 1398 1172
f 1397 1172 1171
f 1166 1167 1388
f 1167 1389 1388
f 1388 1389 1398
f 1389 1399 1398
f 1167 1168 1389
f 1168 1390 1389
f 1394 1395 1401
f 1395 1402 1401
f 1169 1402 1395
f 1169 1174 1402
f 1398 1399 1403
f 1399 1404 1403
f 1172 1398 1403
f 1172 1403 1175
f 1403 1404 1176
f 1403 1176 1175
f 1399 1400 1404
f 1400 1405 1404
f 1404 1405 1177
f 1404 1177 1176
f 1401 1402 1407
f 1402 1408 1407
f 1173 1179 1174
f 1173 1178 1179
f 1407 1408 1179
f 1407 1179 1178
f 1174 1408 1402
f 1174 1179 1408
f 1405 1406 1409
f 1406 1410 1409
f 1177 1405 1409
f 1177 1409 1181
f 1409 1410 1182
f 1409 1182 1181
f 1410 1411 1183
f 1410 1183 1182
f 1178 1413 1407
f 1178 1184 1413
f 1411 1412 1414
f 1412 1415 1414
f 1183 1411 1414
f 1183 1414 1185
f 1414 1415 1186
f 1414 1186 1185
f 1415 1416 1187
f 1415 1187 1186
f 1184 1418 1413
f 1184 1188 1418
f 1416 1417 1419
f 1417 1420 1419
f 1187 1416 1419
f 1187 1419 1190
f 1419 1420 1191
f 1419 1191 1190
f 1420 1421 1192
f 1420 1192 1191
f 1423 1424 1194
f 1423 1194 1193
f 1188 1424 1418
f 1188 1194 1424
f 1421 1422 1425
f 1422 1426 1425
f 1192 1421 1425
f 1192 1425 1195
f 1425 1426 1196
f 1425 1196 1195
f 1426 1427 1197
f 1426 1197 1196
f 1427 1428 1198
f 1427 1198 1197
f 1428 1429 1199
f 1428 1199 1198
f 1429 1430 1200
f 1429 1200 1199
f 1430 1431 1201
f 1430 1201 1200
f 1193 1431 1423
f 1193 1201 1431
f 1202 1203 1432
f 1203 1433 1432
f 1202 1432 1439
f 1202 1439 1209
f 1439 1440 1210
f 1439 1210 1209
f 1203 1204 1433
f 1204 1434 1433
f 1204 1205 1434
f 1205 1435 1434
f 1205 1206 1435
f 1206 1436 1435
f 1206 1207 1436
f 1207 1437 1436
f 1206 1214 1207
f 1206 1213 1214
f 1207 1208 1437
f 1208 1438 1437
f 1207 1215 1208
f 1207 1214 1215
f 1441 1442 1215
f 1441 1215 1214
f 1208 1442 1438
f 1208 1215 1442
f 1210 1440 1444
f 1210 1444 1216
f 1210 1217 1211
f 1210 1216 1217
f 1211 1218 1212
f 1211 1217 1218
f 1212 1219 1213
f 1212 1218 1219
f 1213 1220 1214
f 1213 1219 1220
f 1214 1445 1441
f 1214 1220 1445
f 1216 1444 1451
f 1216 1451 1225
f 1216 1226 1217
f 1216 1225 1226
f 1451 1452 1226
f 1451 1226 1225
f 1217 1227 1218
f 1217 1226 1227
f 1452 1453 1227
f 1452 1227 1226
f 1218 1228 1219
f 1218 1227 1228
f 1219 1229 1220
f 1219 1228 1229
f 1220 1221 1445
f 1221 1446 1445
f 1220 1230 1221
f 1220 1229 1230
f 1221 1222 1446
f 1222 1447 1446
f 1221 1231 1222
f 1221 1230 1231
f 1222 1223 1447
f 1223 1448 1447
f 1222 1232 1223
f 1222 1231 1232
f 1223 1224 1448
f 1224 1449 1448
f 1223 1233 1224
f 1223 1232 1233
f 1224 1454 1449
f 1224 1233 1454
f 1227 1453 1463
f 1227 1463 1243
f 1227 1244 1228
f 1227 1243 1244
f 1228 1245 1229
f 1228 1244 1245
f 1229 1246 1230
f 1229 1245 1246
f 1230 1247 1231
f 1230 1246 1247
f 1231 1248 1232
f 1231 1247 1248
f 1232 1249 1233
f 1232 1248 1249
f 1233 1234 1454
f 1234 1455 1454
f 1234 1235 1455
f 1235 1456 1455
f 1235 1236 1456
f 1236 1457 1456
f 1456 1457 1465
f 1457 1466 1465
f 1465 1466 1251
f 1465 1251 1250
f 1236 1237 1457
f 1237 1458 1457
f 1457 1458 1466
f 1458 1467 1466
f 1466 1467 1252
f 1466 1252 1251
f 1237 1467 1458
f 1237 1252 1467
f 1240 1241 1460
f 1241 1461 1460
f 1240 1460 1469
f 1240 1469 1255
f 1469 1470 1256
f 1469 1256 1255
f 1241 1242 1461
f 1242 1462 1461
f 1470 1471 1257
f 1470 1257 1256
f 1242 1243 1462
f 1243 1463 1462
f 1471 1472 1258
f 1471 1258 1257
f 1472 1473 1259
f 1472 1259 1258
f 1473 1474 1260
f 1473 1260 1259
f 1474 1475 1261
f 1474 1261 1260
f 1475 1476 1262
f 1475 1262 1261
f 1476 1477 1263
f 1476 1263 1262
f 1464 1465 1479
f 1465 1480 1479
f 1479 1480 1265
f 1479 1265 1264
f 1250 1480 1465
f 1250 1265 1480
f 1263 1477 1487
f 1263 1487 1279
f 1478 1479 1488
f 1479 1489 1488
f 1488 1489 1281
f 1488 1281 1280
f 1264 1489 1479
f 1264 1281 1489
f 1276 1277 1484
f 1277 1485 1484
f 1276 1484 1493
f 1276 1493 1293
f 1493 1494 1294
f 1493 1294 1293
f 1277 1278 1485
f 1278 1486 1485
f 1494 1495 1295
f 1494 1295 1294
f 1278 1279 1486
f 1279 1487 1486
f 1495 1496 1296
f 1495 1296 1295
f 1487 1488 1496
f 1488 1497 1496
f 1496 1497 1297
f 1496 1297 1296
f 1280 1497 1488
f 1280 1297 1497
f 1330 1331 1498
f 1331 1499 1498
f 1498 1499 1506
f 1499 1507 1506
f 1330 1498 1506
f 1330 1506 1347
f 1331 1332 1499
f 1332 1500 1499
f 1499 1500 1507
f 1500 1508 1507
f 1332 1333 1500
f 1333 1501 1500
f 1500 1501 1508
f 1501 1509 1508
f 1333 1334 1501
f 1334 1502 1501
f 1501 1502 1509
f 1502 1510 1509
f 1334 1335 1502
f 1335 1503 1502
f 1502 1503 1510
f 1503 1511 1510
f 1335 1511 1503
f 1335 1348 1511
f 1347 1506 1517
f 1347 1517 1359
f 1509 1510 1518
f 1510 1519 1518
f 1510 1511 1519
f 1511 1520 1519
f 1348 1349 1511
f 1349 1512 1511
f 1511 1512 1520
f 1512 1521 1520
f 1349 1521 1512
f 1349 1360 1521
f 1355 1356 1513
f 1356 1514 1513
f 1513 1514 1523
f 1514 1524 1523
f 1355 1513 1523
f 1355 1523 1366
f 1523 1524 1367
f 1523 1367 1366
f 1356 1357 1514
f 1357 1515 1514
f 1357 1358 1515
f 1358 1516 1515
f 1358 1359 1516
f 1359 1517 1516
f 1360 1361 1521
f 1361 1522 1521
f 1521 1522 1525
f 1522 1526 1525
f 1525 1526 1369
f 1525 1369 1368
f 1361 1526 1522
f 1361 1369 1526
f 1367 1524 1528
f 1367 1528 1375
f 1368 1529 1525
f 1368 1376 1529
f 1374 1375 1527
f 1375 1528 1527
f 1374 1527 1533
f 1374 1533 1383
f 1376 1377 1529
f 1377 1530 1529
f 1377 1378 1530
f 1378 1531 1530
f 1534 1535 1385
f 1534 1385 1384
f 1378 1535 1531
f 1378 1385 1535
f 1383 1533 1540
f 1383 1540 1393
f 1541 1542 1395
f 1541 1395 1394
f 1384 1542 1534
f 1384 1395 1542
f 1389 1390 1536
f 1390 1537 1536
f 1389 1536 1544
f 1389 1544 1399
f 1544 1545 1400
f 1544 1400 1399
f 1390 1391 1537
f 1391 1538 1537
f 1391 1392 1538
f 1392 1539 1538
f 1392 1393 1539
f 1393 1540 1539
f 1394 1546 1541
f 1394 1401 1546
f 1400 1545 1548
f 1400 1548 1405
f 1548 1549 1406
f 1548 1406 1405
f 1401 1550 1546
f 1401 1407 1550
f 1406 1549 1552
f 1406 1552 1410
f 1552 1553 1411
f 1552 1411 1410
f 1553 1554 1412
f 1553 1412 1411
f 1407 1555 1550
f 1407 1413 1555
f 1412 1554 1556
f 1412 1556 1415
f 1556 1557 1416
f 1556 1416 1415
f 1557 1558 1417
f 1557 1417 1416
f 1413 1559 1555
f 1413 1418 1559
f 1417 1558 1561
f 1417 1561 1420
f 1561 1562 1421
f 1561 1421 1420
f 1562 1563 1422
f 1562 1422 1421
f 1564 1565 1424
f 1564 1424 1423
f 1418 1565 1559
f 1418 1424 1565
f 1422 1563 1567
f 1422 1567 1426
f 1567 1568 1427
f 1567 1427 1426
f 1568 1569 1428
f 1568 1428 1427
f 1569 1570 1429
f 1569 1429 1428
f 1570 1571 1430
f 1570 1430 1429
f 1571 1572 1431
f 1571 1431 1430
f 1423 1572 1564
f 1423 1431 1572
f 1432 1433 1573
f 1433 1574 1573
f 1573 1574 1580
f 1574 1581 1580
f 1432 1573 1580
f 1432 1580 1439
f 1433 1434 1574
f 1434 1575 1574
f 1434 1435 1575
f 1435 1576 1575
f 1435 1436 1576
f 1436 1577 1576
f 1436 1437 1577
f 1437 1578 1577
f 1437 1438 1578
f 1438 1579 1578
f 1578 1579 1582
f 1579 1583 1582
f 1438 1583 1579
f 1438 1442 1583
f 1580 1581 1584
f 1581 1585 1584
f 1439 1580 1584
f 1439 1584 1443
f 1439 1444 1440
f 1439 1443 1444
f 1441 1446 1442
f 1441 1445 1446
f 1442 1586 1583
f 1442 1446 1586
f 1443 1584 1590
f 1443 1590 1450
f 1443 1451 1444
f 1443 1450 1451
f 1590 1591 1451
f 1590 1451 1450
f 1446 1447 1586
f 1447 1587 1586
f 1447 1448 1587
f 1448 1588 1587
f 1448 1449 1588
f 1449 1589 1588
f 1449 1592 1589
f 1449 1454 1592
f 1451 1591 1597
f 1451 1597 1461
f 1451 1462 1452
f 1451 1461 1462
f 1452 1463 1453
f 1452 1462 1463
f 1454 1455 1592
f 1455 1593 1592
f 1592 1593 1598
f 1593 1599 1598
f 1455 1456 1593
f 1456 1594 1593
f 1593 1594 1599
f 1594 1600 1599
f 1599 1600 1465
f 1599 1465 1464
f 1456 1600 1594
f 1456 1465 1600
f 1459 1460 1595
f 1460 1596 1595
f 1459 1595 1601
f 1459 1601 1468
f 1459 1469 1460
f 1459 1468 1469
f 1601 1602 1469
f 1601 1469 1468
f 1460 1461 1596
f 1461 1597 1596
f 1602 1603 1470
f 1602 1470 1469
f 1603 1604 1471
f 1603 1471 1470
f 1598 1599 1611
f 1599 1612 1611
f 1611 1612 1479
f 1611 1479 1478
f 1464 1612 1599
f 1464 1479 1612
f 1604 1605 1613
f 1605 1614 1613
f 1471 1604 1613
f 1471 1613 1481
f 1471 1482 1472
f 1471 1481 1482
f 1605 1606 1614
f 1606 1615 1614
f 1472 1483 1473
f 1472 1482 1483
f 1606 1607 1615
f 1607 1616 1615
f 1473 1484 1474
f 1473 1483 1484
f 1607 1608 1616
f 1608 1617 1616
f 1474 1485 1475
f 1474 1484 1485
f 1608 1609 1617
f 1609 1618 1617
f 1475 1486 1476
f 1475 1485 1486
f 1609 1610 1618
f 1610 1619 1618
f 1476 1487 1477
f 1476 1486 1487
f 1610 1611 1619
f 1611 1620 1619
f 1619 1620 1488
f 1619 1488 1487
f 1478 1620 1611
f 1478 1488 1620
f 1613 1614 1621
f 1614 1622 1621
f 1481 1613 1621
f 1481 1621 1490
f 1481 1491 1482
f 1481 1490 1491
f 1621 1622 1491
f 1621 1491 1490
f 1614 1615 1622
f 1615 1623 1622
f 1482 1492 1483
f 1482 1491 1492
f 1622 1623 1492
f 1622 1492 1491
f 1615 1616 1623
f 1616 1624 1623
f 1483 1493 1484
f 1483 1492 1493
f 1623 1624 1493
f 1623 1493 1492
f 1616 1617 1624
f 1617 1625 1624
f 1624 1625 1494
f 1624 1494 1493
f 1617 1618 1625
f 1618 1626 1625
f 1625 1626 1495
f 1625 1495 1494
f 1618 1619 1626
f 1619 1627 1626
f 1626 1627 1496
f 1626 1496 1495
f 1487 1627 1619
f 1487 1496 1627
f 1504 1505 1628
f 1505 1629 1628
f 1628 1629 1635
f 1629 1636 1635
f 1504 1628 1635
f 1504 1635 1515
f 1504 1516 1505
f 1504 1515 1516
f 1505 1506 1629
f 1506 1630 1629
f 1629 1630 1636
f 1630 1637 1636
f 1505 1517 1506
f 1505 1516 1517
f 1506 1507 1630
f 1507 1631 1630
f 1630 1631 1637
f 1631 1638 1637
f 1507 1508 1631
f 1508 1632 1631
f 1631 1632 1638
f 1632 1639 1638
f 1508 1509 1632
f 1509 1633 1632
f 1632 1633 1639
f 1633 1640 1639
f 1509 1640 1633
f 1509 1518 1640
f 1514 1515 1634
f 1515 1635 1634
f 1634 1635 1644
f 1635 1645 1644
f 1514 1634 1644
f 1514 1644 1524
f 1635 1636 1645
f 1636 1646 1645
f 1636 1637 1646
f 1637 1647 1646
f 1637 1638 1647
f 1638 1648 1647
f 1638 1639 1648
f 1639 1649 1648
f 1639 1640 1649
f 1640 1650 1649
f 1518 1519 1640
f 1519 1641 1640
f 1640 1641 1650
f 1641 1651 1650
f 1519 1520 1641
f 1520 1642 1641
f 1641 1642 1651
f 1642 1652 1651
f 1520 1521 1642
f 1521 1643 1642
f 1642 1643 1652
f 1643 1653 1652
f 1521 1653 1643
f 1521 1525 1653
f 1644 1645 1655
f 1645 1656 1655
f 1524 1644 1655
f 1524 1655 1528
f 1645 1646 1656
f 1646 1657 1656
f 1646 1647 1657
f 1647 1658 1657
f 1647 1648 1658
f 1648 1659 1658
f 1648 1649 1659
f 1649 1660 1659
f 1649 1650 1660
f 1650 1661 1660
f 1650 1651 1661
f 1651 1662 1661
f 1651 1652 1662
f 1652 1663 1662
f 1652 1653 1663
f 1653 1664 1663
f 1525 1664 1653
f 1525 1529 1664
f 1527 1528 1654
f 1528 1655 1654
f 1654 1655 1668
f 1655 1669 1668
f 1527 1654 1668
f 1527 1668 1533
f 1655 1656 1669
f 1656 1670 1669
f 1656 1657 1670
f 1657 1671 1670
f 1657 1658 1671
f 1658 1672 1671
f 1529 1530 1664
f 1530 1665 1664
f 1664 1665 1673
f 1665 1674 1673
f 1530 1531 1665
f 1531 1666 1665
f 1665 1666 1674
f 1666 1675 1674
f 1531 1675 1666
f 1531 1535 1675
f 1532 1533 1667
f 1533 1668 1667
f 1667 1668 1679
f 1668 1680 1679
f 1532 1667 1679
f 1532 1679 1539
f 1532 1540 1533
f 1532 1539 1540
f 1668 1669 1680
f 1669 1681 1680
f 1669 1670 1681
f 1670 1682 1681
f 1670 1671 1682
f 1671 1683 1682
f 1673 1674 1684
f 1674 1685 1684
f 1674 1675 1685
f 1675 1686 1685
f 1534 1543 1535
f 1534 1542 1543
f 1685 1686 1543
f 1685 1543 1542
f 1535 1686 1675
f 1535 1543 1686
f 1536 1537 1676
f 1537 1677 1676
f 1676 1677 1687
f 1677 1688 1687
f 1536 1676 1687
f 1536 1687 1544
f 1687 1688 1545
f 1687 1545 1544
f 1537 1538 1677
f 1538 1678 1677
f 1677 1678 1688
f 1678 1689 1688
f 1538 1539 1678
f 1539 1679 1678
f 1684 1685 1690
f 1685 1691 1690
f 1541 1547 1542
f 1541 1546 1547
f 1542 1691 1685
f 1542 1547 1691
f 1688 1689 1692
f 1689 1693 1692
f 1545 1688 1692
f 1545 1692 1548
f 1692 1693 1549
f 1692 1549 1548
f 1690 1691 1695
f 1691 1696 1695
f 1546 1551 1547
f 1546 1550 1551
f 1695 1696 1551
f 1695 1551 1550
f 1547 1696 1691
f 1547 1551 1696
f 1693 1694 1697
f 1694 1698 1697
f 1549 1693 1697
f 1549 1697 1552
f 1697 1698 1553
f 1697 1553 1552
f 1698 1699 1554
f 1698 1554 1553
f 1550 1701 1695
f 1550 1555 1701
f 1699 1700 1702
f 1700 1703 1702
f 1554 1699 1702
f 1554 1702 1556
f 1702 1703 1557
f 1702 1557 1556
f 1703 1704 1558
f 1703 1558 1557
f 1555 1706 1701
f 1555 1559 1706
f 1704 1705 1708
f 1705 1709 1708
f 1558 1704 1708
f 1558 1708 1561
f 1708 1709 1562
f 1708 1562 1561
f 1709 1710 1563
f 1709 1563 1562
f 1712 1713 1565
f 1712 1565 1564
f 1559 1560 1706
f 1560 1707 1706
f 1559 1566 1560
f 1559 1565 1566
f 1713 1714 1566
f 1713 1566 1565
f 1560 1714 1707
f 1560 1566 1714
f 1710 1711 1715
f 1711 1716 1715
f 1563 1710 1715
f 1563 1715 1567
f 1715 1716 1568
f 1715 1568 1567
f 1716 1717 1569
f 1716 1569 1568
f 1717 1718 1570
f 1717 1570 1569
f 1718 1719 1571
f 1718 1571 1570
f 1719 1720 1572
f 1719 1572 1571
f 1564 1720 1712
f 1564 1572 1720
f 1574 1575 1721
f 1575 1722 1721
f 1574 1721 1727
f 1574 1727 1581
f 1575 1576 1722
f 1576 1723 1722
f 1576 1577 1723
f 1577 1724 1723
f 1577 1578 1724
f 1578 1725 1724
f 1578 1728 1725
f 1578 1582 1728
f 1581 1727 1731
f 1581 1731 1585
f 1582 1583 1728
f 1583 1729 1728
f 1583 1732 1729
f 1583 1586 1732
f 1584 1585 1730
f 1585 1731 1730
f 1584 1730 1736
f 1584 1736 1590
f 1736 1737 1591
f 1736 1591 1590
f 1586 1587 1732
f 1587 1733 1732
f 1587 1588 1733
f 1588 1734 1733
f 1588 1589 1734
f 1589 1735 1734
f 1734 1735 1738
f 1735 1739 1738
f 1589 1739 1735
f 1589 1592 1739
f 1591 1737 1742
f 1591 1742 1597
f 1592 1744 1739
f 1592 1598 1744
f 1595 1596 1740
f 1596 1741 1740
f 1595 1740 1745
f 1595 1745 1601
f 1745 1746 1602
f 1745 1602 1601
f 1596 1597 1741
f 1597 1742 1741
f 1746 1747 1603
f 1746 1603 1602
f 1747 1748 1604
f 1747 1604 1603
f 1748 1749 1605
f 1748 1605 1604
f 1749 1750 1606
f 1749 1606 1605
f 1750 1751 1607
f 1750 1607 1606
f 1751 1752 1608
f 1751 1608 1607
f 1752 1753 1609
f 1752 1609 1608
f 1753 1754 1610
f 1753 1610 1609
f 1743 1744 1754
f 1744 1755 1754
f 1754 1755 1611
f 1754 1611 1610
f 1598 1755 1744
f 1598 1611 1755
f 1658 1659 1756
f 1659 1757 1756
f 1756 1757 1764
f 1757 1765 1764
f 1658 1756 1764
f 1658 1764 1672
f 1659 1660 1757
f 1660 1758 1757
f 1660 1661 1758
f 1661 1759 1758
f 1661 1662 1759
f 1662 1760 1759
f 1662 1663 1760
f 1663 1761 1760
f 1663 1664 1761
f 1664 1762 1761
f 1664 1766 1762
f 1664 1673 1766
f 1671 1672 1763
f 1672 1764 1763
f 1671 1763 1772
f 1671 1772 1683
f 1673 1773 1766
f 1673 1684 1773
f 1678 1679 1767
f 1679 1768 1767
f 1678 1767 1775
f 1678 1775 1689
f 1679 1680 1768
f 1680 1769 1768
f 1680 1681 1769
f 1681 1770 1769
f 1681 1682 1770
f 1682 1771 1770
f 1682 1683 1771
f 1683 1772 1771
f 1684 1776 1773
f 1684 1690 1776
f 1689 1775 1778
f 1689 1778 1693
f 1778 1779 1694
f 1778 1694 1693
f 1690 1780 1776
f 1690 1695 1780
f 1694 1779 1782
f 1694 1782 1698
f 1782 1783 1699
f 1782 1699 1698
f 1783 1784 1700
f 1783 1700 1699
f 1695 1785 1780
f 1695 1701 1785
f 1700 1784 1787
f 1700 1787 1703
f 1787 1788 1704
f 1787 1704 1703
f 1788 1789 1705
f 1788 1705 1704
f 1701 1791 1785
f 1701 1706 1791
f 1789 1790 1793
f 1790 1794 1793
f 1705 1789 1793
f 1705 1793 1709
f 1793 1794 1710
f 1793 1710 1709
f 1794 1795 1711
f 1794 1711 1710
f 1799 1800 1713
f 1799 1713 1712
f 1706 1707 1791
f 1707 1792 1791
f 1800 1801 1714
f 1800 1714 1713
f 1707 1801 1792
f 1707 1714 1801
f 1795 1796 1802
f 1796 1803 1802
f 1711 1795 1802
f 1711 1802 1716
f 1802 1803 1717
f 1802 1717 1716
f 1796 1797 1803
f 1797 1804 1803
f 1803 1804 1718
f 1803 1718 1717
f 1797 1798 1804
f 1798 1805 1804
f 1804 1805 1719
f 1804 1719 1718
f 1798 1799 1805
f 1799 1806 1805
f 1805 1806 1720
f 1805 1720 1719
f 1712 1806 1799
f 1712 1720 1806
f 1721 1722 1807
f 1722 1808 1807
f 1721 1807 1813
f 1721 1813 1727
f 1722 1723 1808
f 1723 1809 1808
f 1723 1724 1809
f 1724 1810 1809
f 1724 1725 1810
f 1725 1811 1810
f 1810 1811 1814
f 1811 1815 1814
f 1725 1815 1811
f 1725 1728 1815
f 1726 1727 1812
f 1727 1813 1812
f 1726 1812 1817
f 1726 1817 1730
f 1726 1731 1727
f 1726 1730 1731
f 1728 1729 1815
f 1729 1816 1815
f 1729 1818 1816
f 1729 1732 1818
f 1730 1817 1822
f 1730 1822 1736
f 1822 1823 1737
f 1822 1737 1736
f 1732 1733 1818
f 1733 1819 1818
f 1733 1734 1819
f 1734 1820 1819
f 1734 1824 1820
f 1734 1738 1824
f 1737 1823 1829
f 1737 1829 1742
f 1738 1739 1824
f 1739 1825 1824
f 1824 1825 1830
f 1825 1831 1830
f 1830 1831 1744
f 1830 1744 1743
f 1739 1831 1825
f 1739 1744 1831
f 1740 1741 1827
f 1741 1828 1827
f 1740 1827 1833
f 1740 1833 1745
f 1833 1834 1746
f 1833 1746 1745
f 1741 1742 1828
f 1742 1829 1828
f 1834 1835 1747
f 1834 1747 1746
f 1835 1836 1748
f 1835 1748 1747
f 1836 1837 1749
f 1836 1749 1748
f 1837 1838 1750
f 1837 1750 1749
f 1838 1839 1751
f 1838 1751 1750
f 1839 1840 1752
f 1839 1752 1751
f 1840 1841 1753
f 1840 1753 1752
f 1841 1842 1754
f 1841 1754 1753
f 1743 1842 1830
f 1743 1754 1842
f 1757 1758 1844
f 1758 1845 1844
f 1844 1845 1852
f 1845 1853 1852
f 1757 1844 1852
f 1757 1852 1765
f 1758 1759 1845
f 1759 1846 1845
f 1759 1760 1846
f 1760 1847 1846
f 1760 1761 1847
f 1761 1848 1847
f 1761 1762 1848
f 1762 1849 1848
f 1848 1849 1854
f 1849 1855 1854
f 1762 1855 1849
f 1762 1766 1855
f 1763 1764 1850
f 1764 1851 1850
f 1850 1851 1861
f 1851 1862 1861
f 1763 1850 1861
f 1763 1861 1772
f 1764 1765 1851
f 1765 1852 1851
f 1851 1852 1862
f 1852 1863 1862
f 1766 1864 1855
f 1766 1773 1864
f 1767 1768 1856
f 1768 1857 1856
f 1856 1857 1866
f 1857 1867 1866
f 1767 1856 1866
f 1767 1866 1775
f 1768 1769 1857
f 1769 1858 1857
f 1857 1858 1867
f 1858 1868 1867
f 1769 1770 1858
f 1770 1859 1858
f 1770 1771 1859
f 1771 1860 1859
f 1771 1772 1860
f 1772 1861 1860
f 1773 1774 1864
f 1774 1865 1864
f 1773 1777 1774
f 1773 1776 1777
f 1869 1870 1777
f 1869 1777 1776
f 1774 1870 1865
f 1774 1777 1870
f 1866 1867 1871
f 1867 1872 1871
f 1775 1866 1871
f 1775 1871 1778
f 1871 1872 1779
f 1871 1779 1778
f 1867 1868 1872
f 1868 1873 1872
f 1776 1874 1869
f 1776 1780 1874
f 1872 1873 1876
f 1873 1877 1876
f 1779 1872 1876
f 1779 1876 1782
f 1876 1877 1783
f 1876 1783 1782
f 1877 1878 1784
f 1877 1784 1783
f 1780 1781 1874
f 1781 1875 1874
f 1780 1786 1781
f 1780 1785 1786
f 1781 1880 1875
f 1781 1786 1880
f 1878 1879 1881
f 1879 1882 1881
f 1784 1878 1881
f 1784 1881 1787
f 1881 1882 1788
f 1881 1788 1787
f 1882 1883 1789
f 1882 1789 1788
f 1883 1884 1790
f 1883 1790 1789
f 1785 1792 1786
f 1785 1791 1792
f 1786 1885 1880
f 1786 1792 1885
f 1790 1884 1886
f 1790 1886 1794
f 1886 1887 1795
f 1886 1795 1794
f 1887 1888 1796
f 1887 1796 1795
f 1888 1889 1797
f 1888 1797 1796
f 1889 1890 1798
f 1889 1798 1797
f 1890 1891 1799
f 1890 1799 1798
f 1891 1892 1800
f 1891 1800 1799
f 1892 1893 1801
f 1892 1801 1800
f 1792 1893 1885
f 1792 1801 1893
f 1807 1808 1894
f 1808 1895 1894
f 1894 1895 1899
f 1895 1900 1899
f 1807 1894 1899
f 1807 1899 1813
f 1808 1809 1895
f 1809 1896 1895
f 1895 1896 1900
f 1896 1901 1900
f 1809 1810 1896
f 1810 1897 1896
f 1896 1897 1901
f 1897 1902 1901
f 1810 1902 1897
f 1810 1814 1902
f 1812 1813 1898
f 1813 1899 1898
f 1898 1899 1905
f 1899 1906 1905
f 1812 1898 1905
f 1812 1905 1817
f 1814 1815 1902
f 1815 1903 1902
f 1815 1816 1903
f 1816 1904 1903
f 1816 1907 1904
f 1816 1818 1907
f 1817 1905 1911
f 1817 1911 1822
f 1818 1819 1907
f 1819 1908 1907
f 1819 1820 1908
f 1820 1909 1908
f 1820 1912 1909
f 1820 1824 1912
f 1821 1822 1910
f 1822 1911 1910
f 1910 1911 1915
f 1911 1916 1915
f 1821 1910 1915
f 1821 1915 1827
f 1821 1828 1822
f 1821 1827 1828
f 1822 1829 1823
f 1822 1828 1829
f 1824 1917 1912
f 1824 1830 1917
f 1826 1827 1914
f 1827 1915 1914
f 1914 1915 1919
f 1915 1920 1919
f 1826 1914 1919
f 1826 1919 1832
f 1826 1833 1827
f 1826 1832 1833
f 1919 1920 1833
f 1919 1833 1832
f 1920 1921 1834
f 1920 1834 1833
f 1921 1922 1835
f 1921 1835 1834
f 1922 1923 1836
f 1922 1836 1835
f 1923 1924 1837
f 1923 1837 1836
f 1924 1925 1838
f 1924 1838 1837
f 1925 1926 1839
f 1925 1839 1838
f 1926 1927 1840
f 1926 1840 1839
f 1927 1928 1841
f 1927 1841 1840
f 1928 1929 1842
f 1928 1842 1841
f 1830 1831 1917
f 1831 1918 1917
f 1830 1843 1831
f 1830 1842 1843
f 1929 1930 1843
f 1929 1843 1842
f 1831 1930 1918
f 1831 1843 1930
f 1845 1846 1937
f 1846 1938 1937
f 1845 1937 1942
f 1845 1942 1853
f 1846 1847 1938
f 1847 1939 1938
f 1847 1848 1939
f 1848 1940 1939
f 1848 1943 1940
f 1848 1854 1943
f 1852 1853 1941
f 1853 1942 1941
f 1852 1941 1950
f 1852 1950 1863
f 1854 1855 1943
f 1855 1944 1943
f 1855 1951 1944
f 1855 1864 1951
f 1858 1859 1945
f 1859 1946 1945
f 1858 1945 1954
f 1858 1954 1868
f 1859 1860 1946
f 1860 1947 1946
f 1860 1861 1947
f 1861 1948 1947
f 1861 1862 1948
f 1862 1949 1948
f 1862 1863 1949
f 1863 1950 1949
f 1864 1865 1951
f 1865 1952 1951
f 1865 1955 1952
f 1865 1870 1955
f 1868 1954 1957
f 1868 1957 1873
f 1869 1875 1870
f 1869 1874 1875
f 1870 1958 1955
f 1870 1875 1958
f 1873 1957 1960
f 1873 1960 1877
f 1960 1961 1878
f 1960 1878 1877
f 1961 1962 1879
f 1961 1879 1878
f 1875 1963 1958
f 1875 1880 1963
f 1879 1962 1965
f 1879 1965 1882
f 1965 1966 1883
f 1965 1883 1882
f 1966 1967 1884
f 1966 1884 1883
f 1880 1970 1963
f 1880 1885 1970
f 1967 1968 1972
f 1968 1973 1972
f 1884 1967 1972
f 1884 1972 1886
f 1972 1973 1887
f 1972 1887 1886
f 1968 1969 1973
f 1969 1974 1973
f 1973 1974 1888
f 1973 1888 1887
f 1974 1975 1889
f 1974 1889 1888
f 1975 1976 1890
f 1975 1890 1889
f 1976 1977 1891
f 1976 1891 1890
f 1977 1978 1892
f 1977 1892 1891
f 1978 1979 1893
f 1978 1893 1892
f 1885 1979 1970
f 1885 1893 1979
f 1899 1900 1980
f 1900 1981 1980
f 1980 1981 1987
f 1981 1988 1987
f 1899 1980 1987
f 1899 1987 1906
f 1900 1901 1981
f 1901 1982 1981
f 1981 1982 1988
f 1982 1989 1988
f 1901 1902 1982
f 1902 1983 1982
f 1982 1983 1989
f 1983 1990 1989
f 1902 1903 1983
f 1903 1984 1983
f 1983 1984 1990
f 1984 1991 1990
f 1903 1904 1984
f 1904 1985 1984
f 1984 1985 1991
f 1985 1992 1991
f 1904 1992 1985
f 1904 1907 1992
f 1905 1906 1986
f 1906 1987 1986
f 1986 1987 1995
f 1987 1996 1995
f 1905 1986 1995
f 1905 1995 1911
f 1987 1988 1996
f 1988 1997 1996
f 1907 1908 1992
f 1908 1993 1992
f 1908 1909 1993
f 1909 1994 1993
f 1993 1994 1998
f 1994 1999 1998
f 1909 1999 1994
f 1909 1912 1999
f 1911 1995 2002
f 1911 2002 1916
f 1998 1999 2003
f 1999 2004 2003
f 1912 1913 1999
f 1913 2000 1999
f 1999 2000 2004
f 2000 2005 2004
f 1912 1918 1913
f 1912 1917 1918
f 1913 2005 2000
f 1913 1918 2005
f 1915 1916 2001
f 1916 2002 2001
f 1915 2001 2007
f 1915 2007 1920
f 2007 2008 1921
f 2007 1921 1920
f 2008 2009 1922
f 2008 1922 1921
f 2009 2010 1923
f 2009 1923 1922
f 2010 2011 1924
f 2010 1924 1923
f 2016 2017 1930
f 2016 1930 1929
f 1918 2017 2005
f 1918 1930 2017
f 2011 2012 2019
f 2012 2020 2019
f 1924 2011 2019
f 1924 2019 1931
f 1924 1932 1925
f 1924 1931 1932
f 2019 2020 1932
f 2019 1932 1931
f 2012 2013 2020
f 2013 2021 2020
f 1925 1933 1926
f 1925 1932 1933
f 2020 2021 1933
f 2020 1933 1932
f 2013 2014 2021
f 2014 2022 2021
f 1926 1934 1927
f 1926 1933 1934
f 2021 2022 1934
f 2021 1934 1933
f 2014 2015 2022
f 2015 2023 2022
f 1927 1935 1928
f 1927 1934 1935
f 2022 2023 1935
f 2022 1935 1934
f 2015 2016 2023
f 2016 2024 2023
f 1928 1936 1929
f 1928 1935 1936
f 2023 2024 1936
f 2023 1936 1935
f 1929 2024 2016
f 1929 1936 2024
f 1937 1938 2028
f 1938 2029 2028
f 1937 2028 2034
f 1937 2034 1942
f 1938 1939 2029
f 1939 2030 2029
f 1939 1940 2030
f 1940 2031 2030
f 1940 2035 2031
f 1940 1943 2035
f 1941 1942 2033
f 1942 2034 2033
f 1941 2033 2043
f 1941 2043 1950
f 1943 1944 2035
f 1944 2036 2035
f 1944 2044 2036
f 1944 1951 2044
f 1945 1946 2038
f 1946 2039 2038
f 2038 2039 2047
f 2039 2048 2047
f 1945 2038 2047
f 1945 2047 1954
f 1946 1947 2039
f 1947 2040 2039
f 2039 2040 2048
f 2040 2049 2048
f 1947 1948 2040
f 1948 2041 2040
f 1948 1949 2041
f 1949 2042 2041
f 1949 1950 2042
f 1950 2043 2042
f 1951 1952 2044
f 1952 2045 2044
f 1952 1953 2045
f 1953 2046 2045
f 1952 1956 1953
f 1952 1955 1956
f 2050 2051 1956
f 2050 1956 1955
f 1953 2051 2046
f 1953 1956 2051
f 2047 2048 2052
f 2048 2053 2052
f 1954 2047 2052
f 1954 2052 1957
f 2048 2049 2053
f 2049 2054 2053
f 1955 2055 2050
f 1955 1958 2055
f 2052 2053 2057
f 2053 2058 2057
f 1957 2052 2057
f 1957 2057 1960
f 2057 2058 1961
f 2057 1961 1960
f 2053 2054 2058
f 2054 2059 2058
f 2058 2059 1962
f 2058 1962 1961
f 1958 1959 2055
f 1959 2056 2055
f 1958 1964 1959
f 1958 1963 1964
f 1959 2062 2056
f 1959 1964 2062
f 2059 2060 2063
f 2060 2064 2063
f 1962 2059 2063
f 1962 2063 1965
f 2063 2064 1966
f 2063 1966 1965
f 2064 2065 1967
f 2064 1967 1966
f 2065 2066 1968
f 2065 1968 1967
f 2066 2067 1969
f 2066 1969 1968
f 2061 2062 2069
f 2062 2070 2069
f 1963 1971 1964
f 1963 1970 1971
f 2069 2070 1971
f 2069 1971 1970
f 1964 2070 2062
f 1964 1971 2070
f 1969 2067 2071
f 1969 2071 1974
f 2071 2072 1975
f 2071 1975 1974
f 2072 2073 1976
f 2072 1976 1975
f 2073 2074 1977
f 2073 1977 1976
f 2074 2075 1978
f 2074 1978 1977
f 2068 2069 2075
f 2069 2076 2075
f 2075 2076 1979
f 2075 1979 1978
f 1970 2076 2069
f 1970 1979 2076
f 1988 1989 2077
f 1989 2078 2077
f 1988 2077 2086
f 1988 2086 1997
f 1989 1990 2078
f 1990 2079 2078
f 1990 1991 2079
f 1991 2080 2079
f 1991 1992 2080
f 1992 2081 2080
f 1992 1993 2081
f 1993 2082 2081
f 1993 2087 2082
f 1993 1998 2087
f 1995 1996 2084
f 1996 2085 2084
f 2084 2085 2092
f 2085 2093 2092
f 1995 2084 2092
f 1995 2092 2002
f 1996 1997 2085
f 1997 2086 2085
f 1998 2094 2087
f 1998 2003 2094
f 2001 2002 2091
f 2002 2092 2091
f 2091 2092 2098
f 2092 2099 2098
f 2001 2091 2098
f 2001 2098 2007
f 2098 2099 2008
f 2098 2008 2007
f 2099 2100 2009
f 2099 2009 2008
f 2100 2101 2010
f 2100 2010 2009
f 2101 2102 2011
f 2101 2011 2010
f 2102 2103 2012
f 2102 2012 2011
f 2103 2104 2013
f 2103 2013 2012
f 2104 2105 2014
f 2104 2014 2013
f 2105 2106 2015
f 2105 2015 2014
f 2003 2004 2094
f 2004 2095 2094
f 2106 2107 2016
f 2106 2016 2015
f 2004 2005 2095
f 2005 2096 2095
f 2107 2108 2017
f 2107 2017 2016
f 2005 2006 2096
f 2006 2097 2096
f 2005 2018 2006
f 2005 2017 2018
f 2108 2109 2018
f 2108 2018 2017
f 2006 2109 2097
f 2006 2018 2109
f 2022 2023 2112
f 2023 2113 2112
f 2112 2113 2115
f 2113 2116 2115
f 2022 2112 2115
f 2022 2115 2025
f 2022 2026 2023
f 2022 2025 2026
f 2115 2116 2026
f 2115 2026 2025
f 2023 2024 2113
f 2024 2114 2113
f 2113 2114 2116
f 2114 2117 2116
f 2023 2027 2024
f 2023 2026 2027
f 2116 2117 2027
f 2116 2027 2026
f 2024 2117 2114
f 2024 2027 2117
f 2028 2029 2118
f 2029 2119 2118
f 2028 2118 2124
f 2028 2124 2034
f 2029 2030 2119
f 2030 2120 2119
f 2030 2031 2120
f 2031 2121 2120
f 2031 2032 2121
f 2032 2122 2121
f 2031 2036 2032
f 2031 2035 2036
f 2032 2125 2122
f 2032 2036 2125
f 2033 2034 2123
f 2034 2124 2123
f 2033 2123 2130
f 2033 2130 2043
f 2036 2037 2125
f 2037 2126 2125
f 2125 2126 2131
f 2126 2132 2131
f 2036 2045 2037
f 2036 2044 2045
f 2037 2132 2126
f 2037 2045 2132
f 2040 2041 2127
f 2041 2128 2127
f 2040 2127 2134
f 2040 2134 2049
f 2041 2042 2128
f 2042 2129 2128
f 2042 2043 2129
f 2043 2130 2129
f 2045 2046 2132
f 2046 2133 2132
f 2132 2133 2135
f 2133 2136 2135
f 2135 2136 2051
f 2135 2051 2050
f 2046 2136 2133
f 2046 2051 2136
f 2049 2134 2137
f 2049 2137 2054
f 2050 2138 2135
f 2050 2055 2138
f 2054 2137 2140
f 2054 2140 2059
f 2140 2141 2060
f 2140 2060 2059
f 2055 2056 2138
f 2056 2139 2138
f 2144 2145 2062
f 2144 2062 2061
f 2056 2145 2139
f 2056 2062 2145
f 2141 2142 2146
f 2142 2147 2146
f 2060 2141 2146
f 2060 2146 2064
f 2146 2147 2065
f 2146 2065 2064
f 2142 2143 2147
f 2143 2148 2147
f 2147 2148 2066
f 2147 2066 2065
f 2148 2149 2067
f 2148 2067 2066
f 2153 2154 2069
f 2153 2069 2068
f 2061 2154 2144
f 2061 2069 2154
f 2149 2150 2155
f 2150 2156 2155
f 2067 2149 2155
f 2067 2155 2071
f 2155 2156 2072
f 2155 2072 2071
f 2150 2151 2156
f 2151 2157 2156
f 2156 2157 2073
f 2156 2073 2072
f 2151 2152 2157
f 2152 2158 2157
f 2157 2158 2074
f 2157 2074 2073
f 2152 2153 2158
f 2153 2159 2158
f 2158 2159 2075
f 2158 2075 2074
f 2068 2159 2153
f 2068 2075 2159
f 2077 2078 2160
f 2078 2161 2160
f 2160 2161 2168
f 2161 2169 2168
f 2077 2160 2168
f 2077 2168 2086
f 2078 2079 2161
f 2079 2162 2161
f 2161 2162 2169
f 2162 2170 2169
f 2079 2080 2162
f 2080 2163 2162
f 2162 2163 2170
f 2163 2171 2170
f 2080 2081 2163
f 2081 2164 2163
f 2163 2164 2171
f 2164 2172 2171
f 2081 2082 2164
f 2082 2165 2164
f 2164 2165 2172
f 2165 2173 2172
f 2082 2083 2165
f 2083 2166 2165
f 2165 2166 2173
f 2166 2174 2173
f 2082 2088 2083
f 2082 2087 2088
f 2083 2174 2166
f 2083 2088 2174
f 2085 2086 2167
f 2086 2168 2167
f 2167 2168 2178
f 2168 2179 2178
f 2085 2167 2178
f 2085 2178 2093
f 2168 2169 2179
f 2169 2180 2179
f 2172 2173 2183
f 2173 2184 2183
f 2173 2174 2184
f 2174 2185 2184
f 2087 2095 2088
f 2087 2094 2095
f 2088 2089 2174
f 2089 2175 2174
f 2174 2175 2185
f 2175 2186 2185
f 2088 2096 2089
f 2088 2095 2096
f 2089 2090 2175
f 2090 2176 2175
f 2175 2176 2186
f 2176 2187 2186
f 2089 2097 2090
f 2089 2096 2097
f 2090 2187 2176
f 2090 2097 2187
f 2092 2093 2177
f 2093 2178 2177
f 2177 2178 2188
f 2178 2189 2188
f 2092 2177 2188
f 2092 2188 2099
f 2188 2189 2100
f 2188 2100 2099
f 2178 2179 2189
f 2179 2190 2189
f 2189 2190 2101
f 2189 2101 2100
f 2179 2180 2190
f 2180 2191 2190
f 2190 2191 2102
f 2190 2102 2101
f 2180 2181 2191
f 2181 2192 2191
f 2191 2192 2103
f 2191 2103 2102
f 2181 2182 2192
f 2182 2193 2192
f 2182 2183 2193
f 2183 2194 2193
f 2183 2184 2194
f 2184 2195 2194
f 2184 2185 2195
f 2185 2196 2195
f 2185 2186 2196
f 2186 2197 2196
f 2196 2197 2108
f 2196 2108 2107
f 2186 2187 2197
f 2187 2198 2197
f 2197 2198 2109
f 2197 2109 2108
f 2097 2198 2187
f 2097 2109 2198
f 2192 2193 2199
f 2193 2200 2199
f 2103 2192 2199
f 2103 2199 2110
f 2103 2111 2104
f 2103 2110 2111
f 2199 2200 2111
f 2199 2111 2110
f 2193 2194 2200
f 2194 2201 2200
f 2104 2112 2105
f 2104 2111 2112
f 2200 2201 2112
f 2200 2112 2111
f 2194 2195 2201
f 2195 2202 2201
f 2105 2113 2106
f 2105 2112 2113
f 2201 2202 2113
f 2201 2113 2112
f 2195 2196 2202
f 2196 2203 2202
f 2106 2114 2107
f 2106 2113 2114
f 2202 2203 2114
f 2202 2114 2113
f 2107 2203 2196
f 2107 2114 2203
f 2118 2119 2213
f 2119 2214 2213
f 2118 2213 2219
f 2118 2219 2124
f 2119 2120 2214
f 2120 2215 2214
f 2120 2121 2215
f 2121 2216 2215
f 2121 2122 2216
f 2122 2217 2216
f 2122 2220 2217
f 2122 2125 2220
f 2123 2124 2218
f 2124 2219 2218
f 2123 2218 2224
f 2123 2224 2130
f 2125 2225 2220
f 2125 2131 2225
f 2127 2128 2221
f 2128 2222 2221
f 2221 2222 2227
f 2222 2228 2227
f 2127 2221 2227
f 2127 2227 2134
f 2128 2129 2222
f 2129 2223 2222
f 2129 2130 2223
f 2130 2224 2223
f 2131 2132 2225
f 2132 2226 2225
f 2132 2230 2226
f 2132 2135 2230
f 2227 2228 2231
f 2228 2232 2231
f 2134 2227 2231
f 2134 2231 2137
f 2229 2230 2234
f 2230 2235 2234
f 2135 2235 2230
f 2135 2138 2235
f 2231 2232 2237
f 2232 2238 2237
f 2137 2231 2237
f 2137 2237 2140
f 2237 2238 2141
f 2237 2141 2140
f 2232 2233 2238
f 2233 2239 2238
f 2238 2239 2142
f 2238 2142 2141
f 2239 2240 2143
f 2239 2143 2142
f 2138 2139 2235
f 2139 2236 2235
f 2235 2236 2243
f 2236 2244 2243
f 2243 2244 2145
f 2243 2145 2144
f 2139 2244 2236
f 2139 2145 2244
f 2240 2241 2245
f 2241 2246 2245
f 2143 2240 2245
f 2143 2245 2148
f 2245 2246 2149
f 2245 2149 2148
f 2246 2247 2150
f 2246 2150 2149
f 2247 2248 2151
f 2247 2151 2150
f 2248 2249 2152
f 2248 2152 2151
f 2249 2250 2153
f 2249 2153 2152
f 2242 2243 2250
f 2243 2251 2250
f 2250 2251 2154
f 2250 2154 2153
f 2144 2251 2243
f 2144 2154 2251
f 2169 2170 2252
f 2170 2253 2252
f 2252 2253 2256
f 2253 2257 2256
f 2169 2252 2256
f 2169 2256 2180
f 2256 2257 2181
f 2256 2181 2180
f 2170 2171 2253
f 2171 2254 2253
f 2253 2254 2257
f 2254 2258 2257
f 2257 2258 2182
f 2257 2182 2181
f 2171 2172 2254
f 2172 2255 2254
f 2254 2255 2258
f 2255 2259 2258
f 2258 2259 2183
f 2258 2183 2182
f 2172 2259 2255
f 2172 2183 2259
f 2204 2205 2260
f 2205 2261 2260
f 2260 2261 2264
f 2261 2265 2264
f 2204 2260 2264
f 2204 2264 2208
f 2204 2209 2205
f 2204 2208 2209
f 2205 2206 2261
f 2206 2262 2261
f 2261 2262 2265
f 2262 2266 2265
f 2205 2210 2206
f 2205 2209 2210
f 2206 2266 2262
f 2206 2210 2266
f 2207 2208 2263
f 2208 2264 2263
f 2263 2264 2268
f 2264 2269 2268
f 2207 2263 2268
f 2207 2268 2212
f 2207 2213 2208
f 2207 2212 2213
f 2268 2269 2213
f 2268 2213 2212
f 2264 2265 2269
f 2265 2270 2269
f 2208 2214 2209
f 2208 2213 2214
f 2265 2266 2270
f 2266 2271 2270
f 2209 2215 2210
f 2209 2214 2215
f 2210 2211 2266
f 2211 2267 2266
f 2266 2267 2271
f 2267 2272 2271
f 2210 2216 2211
f 2210 2215 2216
f 2211 2272 2267
f 2211 2216 2272
f 2213 2269 2275
f 2213 2275 2219
f 2216 2217 2272
f 2217 2273 2272
f 2272 2273 2276
f 2273 2277 2276
f 2217 2277 2273
f 2217 2220 2277
f 2218 2219 2274
f 2219 2275 2274
f 2218 2274 2280
f 2218 2280 2224
f 2276 2277 2281
f 2277 2282 2281
f 2220 2282 2277
f 2220 2225 2282
f 2222 2223 2278
f 2223 2279 2278
f 2278 2279 2284
f 2279 2285 2284
f 2222 2278 2284
f 2222 2284 2228
f 2223 2224 2279
f 2224 2280 2279
f 2225 2226 2282
f 2226 2283 2282
f 2282 2283 2286
f 2283 2287 2286
f 2286 2287 2230
f 2286 2230 2229
f 2226 2287 2283
f 2226 2230 2287
f 2284 2285 2288
f 2285 2289 2288
f 2228 2284 2288
f 2228 2288 2232
f 2288 2289 2233
f 2288 2233 2232
f 2229 2293 2286
f 2229 2234 2293
f 2289 2290 2295
f 2290 2296 2295
f 2233 2289 2295
f 2233 2295 2239
f 2295 2296 2240
f 2295 2240 2239
f 2290 2291 2296
f 2291 2297 2296
f 2296 2297 2241
f 2296 2241 2240
f 2292 2293 2300
f 2293 2301 2300
f 2234 2235 2293
f 2235 2294 2293
f 2293 2294 2301
f 2294 2302 2301
f 2301 2302 2243
f 2301 2243 2242
f 2235 2302 2294
f 2235 2243 2302
f 2297 2298 2303
f 2298 2304 2303
f 2241 2297 2303
f 2241 2303 2246
f 2303 2304 2247
f 2303 2247 2246
f 2298 2299 2304
f 2299 2305 2304
f 2304 2305 2248
f 2304 2248 2247
f 2299 2300 2305
f 2300 2306 2305
f 2305 2306 2249
f 2305 2249 2248
f 2300 2301 2306
f 2301 2307 2306
f 2306 2307 2250
f 2306 2250 2249
f 2242 2307 2301
f 2242 2250 2307
f 2269 2270 2310
f 2270 2311 2310
f 2310 2311 2315
f 2311 2316 2315
f 2269 2310 2315
f 2269 2315 2275
f 2270 2271 2311
f 2271 2312 2311
f 2311 2312 2316
f 2312 2317 2316
f 2271 2272 2312
f 2272 2313 2312
f 2312 2313 2317
f 2313 2318 2317
f 2272 2318 2313
f 2272 2276 2318
f 2274 2275 2314
f 2275 2315 2314
f 2274 2314 2320
f 2274 2320 2280
f 2276 2322 2318
f 2276 2281 2322
f 2279 2280 2319
f 2280 2320 2319
f 2279 2319 2324
f 2279 2324 2285
f 2321 2322 2326
f 2322 2327 2326
f 2281 2282 2322
f 2282 2323 2322
f 2322 2323 2327
f 2323 2328 2327
f 2282 2328 2323
f 2282 2286 2328
f 2324 2325 2329
f 2325 2330 2329
f 2285 2324 2329
f 2285 2329 2289
f 2329 2330 2290
f 2329 2290 2289
f 2330 2331 2291
f 2330 2291 2290
f 2326 2327 2333
f 2327 2334 2333
f 2327 2328 2334
f 2328 2335 2334
f 2334 2335 2293
f 2334 2293 2292
f 2286 2335 2328
f 2286 2293 2335
f 2331 2332 2336
f 2332 2337 2336
f 2291 2331 2336
f 2291 2336 2297
f 2336 2337 2298
f 2336 2298 2297
f 2332 2333 2337
f 2333 2338 2337
f 2337 2338 2299
f 2337 2299 2298
f 2333 2334 2338
f 2334 2339 2338
f 2338 2339 2300
f 2338 2300 2299
f 2292 2339 2334
f 2292 2300 2339
f 2308 2309 2340
f 2309 2341 2340
f 2340 2341 2342
f 2341 2343 2342
f 2308 2340 2342
f 2308 2342 2310
f 2308 2311 2309
f 2308 2310 2311
f 2342 2343 2311
f 2342 2311 2310
f 2309 2343 2341
f 2309 2311 2343
f 2314 2315 2344
f 2315 2345 2344
f 2344 2345 2350
f 2345 2351 2350
f 2314 2344 2350
f 2314 2350 2320
f 2315 2316 2345
f 2316 2346 2345
f 2345 2346 2351
f 2346 2352 2351
f 2316 2317 2346
f 2317 2347 2346
f 2346 2347 2352
f 2347 2353 2352
f 2317 2318 2347
f 2318 2348 2347
f 2347 2348 2353
f 2348 2354 2353
f 2353 2354 2322
f 2353 2322 2321
f 2318 2354 2348
f 2318 2322 2354
f 2319 2320 2349
f 2320 2350 2349
f 2349 2350 2355
f 2350 2356 2355
f 2319 2349 2355
f 2319 2355 2324
f 2355 2356 2325
f 2355 2325 2324
f 2350 2351 2356
f 2351 2357 2356
f 2351 2352 2357
f 2352 2358 2357
f 2352 2353 2358
f 2353 2359 2358
f 2321 2359 2353
f 2321 2326 2359
f 2356 2357 2360
f 2357 2361 2360
f 2325 2356 2360
f 2325 2360 2330
f 2360 2361 2331
f 2360 2331 2330
f 2357 2358 2361
f 2358 2362 2361
f 2361 2362 2332
f 2361 2332 2331
f 2358 2359 2362
f 2359 2363 2362
f 2362 2363 2333
f 2362 2333 2332
f 2326 2363 2359
f 2326 2333 2363