v 181.555313 42.509880 455.393372
v 185.821777 42.279835 456.777313
v 166.837891 38.832890 453.987091
v 178.571655 42.793518 455.791138
v 137.815567 42.238594 447.048187
v 143.049942 44.834484 450.552795
v 142.574097 43.490589 455.029449
v 124.095505 39.492310 444.595093
v 134.816406 44.258327 448.210785
v 136.228302 44.773567 453.181427
v 194.713913 35.383717 450.160675
v 203.548874 37.725574 453.651520
v 201.137283 35.965218 454.596191
v 187.506714 35.800381 450.639557
v 194.387344 39.667450 454.747803
v 193.788620 38.704826 458.392853
v 188.487000 32.882851 458.502716
v 173.651108 35.699314 449.646423
v 177.295120 42.444267 454.998169
v 181.078369 40.872257 459.615509
v 179.591599 36.236439 461.384155
v 171.925247 30.132948 461.092804
v 158.045303 35.798382 447.553680
v 164.566681 39.182018 453.445618
v 166.650620 40.178692 458.589844
v 164.523590 35.908157 460.981232
v 166.831970 33.322517 460.902374
v 136.367783 33.285847 441.202820
v 143.141098 36.756233 445.126251
v 151.844101 41.321358 451.234558
v 149.248383 40.705151 457.145233
v 150.583389 37.372967 459.743011
v 123.209846 30.825453 438.953888
v 132.935349 36.923012 444.163239
v 132.512161 39.952862 448.866333
v 137.535248 39.550228 454.740326
v 138.888916 37.450783 457.170624
v 27.473404 36.350311 412.140503
v 31.351143 35.828659 416.328705
v 33.394146 36.188210 420.424774
v 34.454227 37.689369 426.185944
v 30.484331 36.941227 429.673553
v 16.862766 37.231319 406.013702
v 20.559347 37.915157 410.555634
v 23.462683 39.837837 415.247437
v 24.636547 40.785568 420.131805
v 24.738037 42.003101 425.913940
v 24.392441 41.629494 430.452942
v 6.914783 36.693565 400.929535
v 9.598134 37.669422 404.131073
v 12.371761 40.575699 409.103424
v 11.245401 42.116638 413.420624
v 11.408127 42.946075 418.584930
v 12.523716 43.719761 424.485321
v 12.952322 43.450150 428.590179
v -1.447681 37.018826 400.066711
v 1.299780 39.772331 403.531250
v 1.502196 41.327484 407.013458
v 0.846345 42.442795 410.644562
v -5.117375 41.724281 414.493927
v 1.077468 43.075661 421.411713
v 1.110784 41.431515 425.930450
v -18.690577 35.352039 397.781799
v -7.065761 37.633953 400.995667
v -7.225559 39.325939 404.359436
v -8.368765 39.980003 407.548950
v -9.662376 39.038380 411.323975
v 204.343445 28.566059 441.455475
v 212.903839 31.430960 445.193726
v 215.451370 31.523031 449.777710
v 211.478363 27.787853 450.334717
v 192.104340 23.476959 439.571594
v 205.422211 32.499054 445.426605
v 207.421432 35.982513 451.587311
v 207.939331 30.003311 453.654114
v 194.336395 32.939323 448.634186
v 187.513031 28.847792 448.534729
v 195.318268 32.246696 456.720215
v 190.063675 26.392273 457.657532
v 174.464203 30.118572 446.209778
v 172.534653 25.426064 445.863831
v 181.927780 28.830610 459.958008
v 174.982086 24.463413 461.557098
v 163.077042 31.603230 445.353943
v 153.708466 27.204575 445.153351
v 160.177567 28.868420 459.485992
v 166.497345 26.993380 461.281342
v 132.523895 26.516586 432.232666
v 139.730072 28.789072 436.357635
v 147.139984 30.436766 443.035309
v 144.092911 26.753599 444.652954
v 149.844116 30.156750 459.075256
v 120.952370 25.210201 429.619568
v 129.427902 29.350010 437.021332
v 126.932701 31.737234 442.822266
v 129.770325 30.299438 448.157013
v 134.648010 31.685253 454.028900
v 139.030899 30.797146 457.130585
v 104.500015 20.164873 427.385071
v 115.603615 24.764597 431.528381
v 117.804298 26.038631 437.735046
v 120.933327 28.118729 444.381927
v 40.241905 26.224922 416.476715
v 47.378712 25.043787 420.098785
v 45.759014 24.294043 422.826141
v 28.163162 30.567154 406.123596
v 34.520206 31.005552 410.656616
v 38.420990 29.693928 415.146606
v 41.409008 30.971489 420.034027
v 44.549702 30.265825 425.268921
v 37.148701 31.647926 430.491425
v 18.933018 32.048794 400.377045
v 23.897465 33.040642 404.187347
v 28.482706 34.745598 408.039917
v 29.351620 37.062916 432.317902
v 23.198771 31.770998 434.500275
v 11.567681 33.437145 399.135315
v 18.636021 35.803890 402.222137
v 14.467403 39.723660 431.532227
v 16.031357 35.041920 433.906708
v 1.782027 34.465115 398.357178
v -5.327276 37.377911 418.229767
v -1.982043 37.245193 421.829071
v 2.996819 38.127148 427.275391
v 7.674750 34.385914 431.197784
v -6.716716 35.312687 398.638550
v -10.743488 34.231590 400.388092
v -12.120049 34.030636 403.232300
v -13.103143 35.095150 407.408234
v -12.687103 36.765182 412.341003
v -6.868561 33.770432 416.993774
v 195.323349 20.483173 413.700256
v 204.508484 21.613838 417.379639
v 208.679565 22.287186 422.605255
v 212.900406 23.157084 428.435425
v 218.558731 23.563147 434.716888
v 218.133057 22.414894 438.519806
v 181.756943 19.182356 409.189789
v 191.919739 19.930136 412.199768
v 197.817459 22.257824 418.233673
v 202.615494 23.080067 423.895691
v 207.428360 24.354160 430.358887
v 212.646484 25.740896 436.140442
v 216.034058 25.665590 440.771362
v 214.920990 24.936329 446.755554
v 214.400833 22.378521 450.291382
v 168.626328 15.760498 404.825592
v 177.113632 18.264330 408.145325
v 183.502060 20.560280 413.570862
v 188.701538 21.582945 419.460571
v 193.150040 22.818485 424.712250
v 197.181549 23.315012 430.830475
v 202.151489 25.400238 437.437836
v 201.377731 26.519587 445.903625
v 187.671921 21.330330 444.573792
v 208.059998 22.696085 454.098114
v 201.145203 18.027325 455.252350
v 159.119553 12.093998 403.916077
v 168.882950 17.118042 407.033875
v 174.097031 18.332766 412.328735
v 172.358200 17.526585 419.005798
v 180.961807 21.982185 425.902039
v 184.312454 22.064791 430.823364
v 187.600464 23.066189 437.371979
v 189.133926 23.766539 442.884949
v 192.620148 25.362005 447.243500
v 198.071777 27.013716 455.151245
v 193.848328 21.583952 457.919067
v 186.785934 15.035604 460.332062
v 158.781799 15.740847 421.007843
v 163.205063 18.355902 423.735138
v 170.300873 22.250959 430.820557
v 172.984665 23.108694 436.675964
v 175.805420 24.106874 442.158569
v 180.087158 24.110508 445.326477
v 183.710907 23.258972 459.945404
v 178.144211 18.475624 461.374695
v 148.453476 20.572765 425.328583
v 155.509476 22.747946 430.015564
v 157.885376 23.432451 436.141266
v 160.494629 25.476879 442.972748
v 143.928009 20.101385 441.638489
v 156.046967 21.943825 459.907288
v 162.416153 18.891533 461.300446
v 119.876152 15.929932 411.345123
v 126.329224 18.295362 416.280792
v 134.085068 20.082678 422.283966
v 141.023300 23.409767 428.855011
v 147.523026 25.833403 435.694092
v 149.097824 26.330654 441.255524
v 150.782776 25.138243 444.538513
v 146.565231 20.556036 458.092010
v 147.009995 16.746273 459.148102
v 105.846733 14.546955 409.834381
v 115.508110 17.278006 413.858032
v 120.462296 20.830618 421.052643
v 127.447433 23.557449 425.844727
v 128.865829 27.313177 450.233643
v 130.214096 24.911219 453.373169
v 133.055969 20.903837 456.163849
v 101.103905 15.456070 415.840271
v 106.933617 18.337502 420.036987
v 113.757675 20.367220 425.615295
v 111.763184 20.997175 433.366394
v 115.051292 22.546074 440.883606
v 116.765755 20.860806 445.032349
v 120.586197 20.820684 449.846405
v 119.025955 19.537941 452.478302
v 85.039635 9.089178 414.997620
v 96.496597 14.006229 418.379486
v 98.781036 13.949777 422.783936
v 101.404076 16.079206 429.943237
v 102.269371 15.049538 436.006744
v 108.531212 18.207804 441.874359
v 70.375275 15.265710 413.341949
v 76.163902 12.294053 416.938385
v 84.016495 11.966218 423.320435
v 86.453011 13.783360 427.833984
v 88.677666 13.346172 433.402893
v 60.772339 16.379467 411.939758
v 66.479752 16.177717 415.729126
v 68.621468 15.434277 420.982483
v 70.754974 15.165785 426.802216
v 73.124207 14.390018 432.937683
v 40.410694 23.039585 401.531891
v 45.139030 21.474087 404.823853
v 48.763508 19.639194 409.513763
v 53.817142 20.535028 414.710022
v 56.830048 19.784422 419.829742
v 58.190903 19.316294 426.645172
v 58.607033 19.172142 433.024292
v 52.701069 19.097559 436.018097
v 28.479086 25.117229 396.636017
v 33.722172 23.740158 399.866791
v 37.590332 25.804056 404.988525
v 39.323391 25.130087 409.653503
v 41.423145 24.819633 412.463409
v 42.267445 26.271179 427.088287
v 46.137421 25.026703 431.930481
v 44.429939 22.118496 436.143616
v 16.580242 25.646984 392.309357
v 22.068817 25.232151 395.086182
v 25.497793 27.799187 399.378174
v 29.897785 29.304209 402.747528
v 31.449879 31.095125 433.743103
v 31.124487 26.198092 435.189392
v 8.832064 26.203428 392.009766
v 13.996172 28.116283 394.742279
v 17.637491 30.315342 397.640625
v 18.358477 28.541914 434.931885
v -3.221713 26.033958 391.034973
v 1.165823 28.169651 393.693726
v 6.482603 30.716021 396.648499
v -2.242931 23.851660 416.462372
v -1.322943 29.119663 419.214142
v 2.539722 30.628923 427.310760
v 9.362106 29.752728 432.117065
v -16.832905 24.529097 389.476685
v -8.800486 26.202152 391.840179
v -8.688155 28.350851 394.328064
v -12.507781 27.457209 398.419861
v -12.249310 27.965611 401.872131
v -12.754697 29.660364 407.401917
v -9.074002 29.528700 412.726776
v -5.608377 30.040833 418.925476
v -51.577782 19.574898 375.646637
v -48.528118 19.834753 378.267761
v -48.284416 19.869053 381.690186
v -48.046818 18.316006 383.727325
v -64.444885 23.834455 371.276825
v -53.488075 20.476292 376.874756
v -53.340408 20.328283 380.210419
v -52.465080 19.506971 383.025757
v 190.286087 14.755871 407.384186
v 201.888077 16.607275 410.663086
v 206.468994 18.542456 415.572174
v 211.481186 18.953932 421.038055
v 217.242371 18.850529 427.341797
v 222.026138 18.490137 433.248779
v 221.468353 17.109745 437.020813
v 187.693130 15.644878 407.017914
v 190.957214 18.108477 409.514648
v 216.384598 20.457907 441.353119
v 213.959427 17.658527 445.035400
v 214.490005 15.633860 449.063110
v 170.239426 13.015745 404.191437
v 177.214066 14.875770 404.742249
v 210.437012 18.904099 453.405731
v 203.390244 13.608651 455.357666
v 161.159851 11.765421 404.161865
v 165.560776 14.713738 409.302124
v 170.647049 14.976471 415.377930
v 163.727341 11.807802 416.823059
v 197.565735 15.246984 458.577087
v 187.851990 10.770170 460.291290
v 145.222885 10.461526 403.054688
v 152.123047 12.733895 407.121063
v 157.760696 13.207236 413.179413
v 163.146790 13.684521 418.841003
v 153.282257 12.534541 421.056061
v 175.279160 10.447531 461.059540
v 132.074646 9.458225 401.942627
v 137.908051 12.261536 405.908936
v 142.211868 13.445336 411.164764
v 147.318665 14.419930 417.462219
v 154.455887 16.474525 422.272247
v 162.221222 11.808868 461.292053
v 118.175003 9.083032 401.500732
v 123.105705 11.925097 405.185303
v 129.335876 14.321391 411.077820
v 135.301300 16.464790 416.072510
v 141.263489 16.165913 419.533447
v 139.233521 13.675293 457.570404
v 148.265182 11.952445 460.016571
v 103.834152 7.549551 401.257294
v 109.227852 10.812918 404.434479
v 115.779594 13.683317 408.716522
v 101.662689 13.533652 410.230042
v 115.148239 9.649817 451.810272
v 126.849174 13.683541 454.711395
v 86.781548 6.565498 400.242065
v 99.199715 8.609531 403.297577
v 98.870651 10.964275 407.898468
v 105.367599 13.684286 411.801422
v 112.202759 18.085409 448.307434
v 114.252480 13.335043 451.480133
v 117.010529 15.150837 453.569763
v 83.881042 8.101911 404.472412
v 87.701881 9.669237 407.935364
v 95.458649 12.193687 412.865479
v 92.956085 9.977894 419.995972
v 85.080940 3.977400 421.159729
v 99.636047 13.452724 440.866089
v 102.792465 11.950815 444.306824
v 104.536667 11.911057 447.446350
v 73.462929 9.898450 402.842499
v 76.608665 10.558489 407.094879
v 81.355278 11.229809 412.424103
v 85.209572 10.059166 417.554382
v 89.029167 10.235750 421.246338
v 90.385086 11.459867 437.862061
v 88.424187 8.920688 441.253204
v 57.152344 14.491040 394.773407
v 62.374855 13.133276 399.757080
v 65.629799 12.804587 404.819580
v 69.205734 12.757794 409.019775
v 73.382278 10.471434 437.242737
v 78.368332 8.956282 439.145294
v 42.118793 19.414646 388.752228
v 49.959450 17.786795 393.300354
v 52.850487 18.285236 398.683868
v 54.579609 16.831633 403.647186
v 58.042145 17.106857 407.546844
v 57.635853 13.974621 435.994690
v 52.697498 15.203519 435.140198
v 27.024332 21.524815 385.299408
v 36.153645 20.682297 389.172729
v 38.883400 21.202494 393.915497
v 42.551579 22.082308 396.765259
v 43.813541 14.522190 435.970947
v 46.652641 18.577297 436.203094
v 20.122292 22.728455 385.864532
v 25.040415 23.228384 390.377747
v 29.561777 24.056837 392.342682
v 34.464710 15.073613 436.137085
v 29.242527 18.493397 436.442108
v 3.639873 21.958723 381.430756
v 7.209260 22.404322 385.026764
v 15.685530 24.960943 389.531250
v 10.284115 15.485083 432.846344
v 17.056124 21.006800 433.827118
v -4.558319 21.006788 381.133911
v -4.348934 21.290316 384.241241
v 2.890878 25.138527 389.411316
v 2.337217 24.358660 417.864594
v 0.136276 22.247137 421.051331
v 6.634373 22.930172 428.126221
v 12.298221 22.756569 433.494751
v -17.135715 20.825104 386.269409
v -11.158605 23.616980 387.961975
v -14.071955 23.124458 391.982666
v -14.204630 22.908503 394.471680
v -14.216838 23.241983 397.592804
v -12.154538 24.037556 402.626678
v -11.750123 25.025442 408.508118
v -5.969796 22.686626 412.407745
v -1.785570 20.996096 417.278412
v -28.359785 17.844578 384.888306
v -22.227695 20.439135 387.641968
v -21.243998 20.429176 390.280975
v -20.953604 20.442764 392.447266
v -20.225985 20.921751 395.020813
v -18.880648 21.665094 398.598907
v -16.484859 21.573290 404.298431
v -12.863811 21.437635 409.739960
v -40.165298 14.693479 378.840027
v -38.459095 15.551783 381.610199
v -37.672150 16.359354 384.944611
v -36.438038 14.535294 387.370880
v -48.300896 17.253561 374.150696
v -43.576874 17.856812 377.480804
v -43.562836 17.977352 381.485107
v -44.022720 17.669624 384.521729
v -44.607708 15.796750 388.096924
v -48.060043 9.628280 390.059723
v -53.532581 18.978453 374.021149
v -55.528812 17.600002 376.094147
v -55.375111 16.663118 379.848969
v -52.992996 16.050657 382.896851
v -52.508881 12.989244 386.016693
v -51.861950 10.465621 388.682343
v 206.611618 9.556832 405.971436
v 217.229721 10.969828 409.700958
v 223.109421 10.365559 415.238251
v 223.252823 7.276786 418.959106
v 185.434998 6.712160 402.820068
v 200.364883 10.795238 404.844696
v 205.874939 13.812381 409.534668
v 210.688675 14.627777 414.601440
v 216.426697 11.939429 419.525909
v 220.419434 12.662389 426.908539
v 224.639618 12.995033 432.142273
v 223.230835 10.927330 435.666138
v 179.293747 6.233036 403.007996
v 188.211243 11.340956 403.782501
v 216.940384 13.953757 439.797760
v 215.656143 11.887249 443.181488
v 213.194305 9.004797 447.321747
v 162.579514 2.114038 398.968079
v 170.297394 5.996304 402.358307
v 175.088943 11.114098 403.264069
v 207.314545 11.301414 451.703400
v 194.664230 6.695959 452.972107
v 150.442017 -0.183960 397.644897
v 160.246902 5.358421 402.417419
v 193.309464 7.272902 453.449402
v 194.841232 10.462708 456.678528
v 186.157074 5.024477 459.394897
v 140.215088 0.874357 397.633881
v 148.227371 4.320215 400.622314
v 175.424789 5.348507 460.877533
v 130.133743 1.569700 396.319427
v 138.417282 5.807820 399.003479
v 160.664490 5.475673 460.929474
v 116.892479 1.769810 395.859497
v 125.360710 5.860529 398.257294
v 136.194977 6.714639 458.450958
v 143.404663 4.769421 459.281616
v 103.359406 0.982573 396.267609
v 110.507256 4.881085 398.311432
v 120.392410 8.523585 453.298309
v 124.722412 7.461464 455.559082
v 129.996323 0.889503 457.735413
v 88.107208 0.429232 395.328278
v 96.885025 3.401371 397.873627
v 83.818130 4.986814 400.850067
v 104.864021 -0.742532 448.677704
v 112.644287 7.204005 450.541016
v 114.839447 3.068903 453.239166
v 83.951714 2.976518 398.817474
v 89.565979 4.695973 401.502716
v 100.585701 5.059958 447.352234
v 103.754944 9.285772 449.569641
v 75.406273 4.958431 397.014740
v 80.552834 6.164643 401.045319
v 87.166977 6.016838 444.926208
v 60.742138 10.329058 387.258240
v 66.546524 10.148958 392.820374
v 73.838226 8.106826 398.701385
v 70.155167 8.474438 439.413727
v 73.901886 4.796468 442.152527
v 47.018280 14.695167 382.166107
v 54.895023 14.849330 386.285950
v 59.720432 14.326430 389.415833
v 58.942883 7.927543 438.125885
v 64.597931 5.366781 441.026306
v 36.839634 17.076622 383.674591
v 45.241787 18.529552 384.004913
v 43.463043 9.179097 436.256226
v 15.443376 17.292109 378.444885
v 25.197577 18.239100 381.604706
v 34.130638 11.997543 436.863495
v 25.755518 6.053238 438.126526
v 5.925279 18.070890 379.429443
v 16.731024 20.968996 380.934357
v 13.794384 10.005675 434.153198
v 20.595594 9.863429 437.362183
v -4.934514 17.727476 379.982452
v -5.567351 18.407780 382.693146
v -4.940005 12.812028 410.533234
v -2.466401 14.095392 413.817993
v 0.020610 16.064274 421.460388
v 7.606163 12.808946 429.510986
v -13.848028 16.203032 379.816193
v -13.300196 17.147909 381.911804
v -16.314041 13.453071 402.646790
v -10.113303 16.034458 406.426392
v -7.159306 17.848335 413.726135
v -0.616342 18.741423 419.660461
v -22.602575 18.370363 385.265503
v -25.061394 16.627369 387.317505
v -24.901384 16.553482 390.420654
v -24.453403 17.056555 392.706635
v -23.274536 17.416307 395.569763
v -19.679758 18.097885 399.852356
v -16.054361 18.971104 407.653687
v -12.283896 18.669018 412.160492
v -35.938442 13.877801 377.879791
v -35.953487 13.837587 379.775238
v -35.658936 14.136673 384.801514
v -37.965500 12.236354 387.466675
v -50.333015 12.908900 367.840424
v -45.773327 13.966393 371.760376
v -42.230919 13.799334 375.989105
v -44.470539 10.463251 377.174744
v -43.056206 12.332978 389.564270
v -47.610340 6.286994 389.834900
v -59.354118 10.994802 365.993011
v -54.394527 14.878929 369.880219
v -56.046513 13.024517 374.028259
v -56.579723 9.765787 377.961365
v -56.567341 7.524863 381.696960
v -56.562508 5.770565 385.502014
v -53.945484 5.245414 388.774567
v 197.587067 -2.589221 388.662231
v 204.656876 -1.052803 391.163605
v 208.130081 0.186976 395.177887
v 213.355621 1.778359 399.090973
v 221.150848 4.240771 404.776642
v 228.008377 4.615982 410.161560
v 225.616440 3.056423 413.009369
v 222.130966 2.540842 416.321747
v 184.720749 -4.913339 388.832062
v 194.702606 -2.126639 390.803101
v 193.245682 -0.858603 396.834137
v 198.734375 3.420485 400.445648
v 203.846085 6.810882 402.029785
v 221.112320 1.208194 416.162720
v 218.231766 5.038657 417.498901
v 223.195679 6.394895 425.597870
v 218.798798 3.863008 427.588165
v 217.108627 5.112359 431.463684
v 174.398972 -3.298608 398.769745
v 182.874619 -0.063526 401.518433
v 214.734375 3.434332 431.284821
v 213.413559 5.733147 434.590271
v 209.925980 3.455184 440.237122
v 206.852676 2.789927 444.188171
v 164.957962 2.044309 399.174957
v 169.482529 0.095268 402.442566
v 165.315536 -5.153600 403.668060
v 184.785446 -0.461683 425.243256
v 189.403534 1.538258 428.962524
v 194.174561 2.799725 434.951019
v 198.646576 3.114666 440.602600
v 206.361618 7.520307 448.614624
v 162.488434 1.079121 399.515656
v 158.103394 0.180852 402.147461
v 154.496277 -3.864383 403.035706
v 181.861374 0.889817 426.498444
v 185.068710 3.447455 431.097534
v 188.468704 4.478272 437.571503
v 193.868927 5.704662 444.941376
v 190.953400 6.270556 450.666290
v 188.802887 5.935151 456.280945
v 182.072205 -3.974758 457.580292
v 140.173065 -0.305216 397.858002
v 148.538498 0.565528 401.050079
v 144.866730 -4.203244 400.947388
v 160.724136 2.967151 425.322327
v 164.284866 6.089742 429.047852
v 168.120682 7.690421 435.934448
v 168.161560 6.974074 440.630402
v 180.995300 2.249176 453.806702
v 170.722397 1.409593 455.570587
v 175.394333 0.185214 459.099945
v 136.041321 -0.910622 396.239349
v 129.200012 -3.466786 395.671570
v 157.096573 3.720320 426.223724
v 158.432434 6.694389 430.607910
v 160.347672 7.622311 436.631470
v 156.481384 3.740359 438.141571
v 162.281158 -6.401975 457.188751
v 157.516357 -1.875368 458.265930
v 111.197266 -6.803377 384.730927
v 115.659241 -5.985953 388.112091
v 123.639275 -1.220671 393.774689
v 121.816010 -3.851745 393.384491
v 133.109650 -10.145532 456.571533
v 142.400894 -1.421449 457.963318
v 100.808914 -7.813098 383.233734
v 106.629379 -4.203007 387.628082
v 110.728218 -1.642190 392.415985
v 126.586975 -1.499401 456.300354
v 131.939407 -3.093557 459.131805
v 95.973747 -6.381369 377.611908
v 95.976250 -5.606632 380.265869
v 97.631195 -4.387807 385.727173
v 100.288895 -1.395091 393.521515
v 85.873840 -0.698899 395.863678
v 109.976639 -0.068521 449.440643
v 108.067757 0.232909 451.740479
v 115.690620 -0.702817 454.581299
v 81.237198 -7.271860 376.678314
v 91.710411 -3.033132 378.324341
v 88.831093 -0.984542 383.897064
v 89.144882 -1.003611 390.482697
v 90.254684 -0.082035 395.852234
v 101.781212 0.552772 447.795929
v 101.038895 -5.482959 450.167816
v 74.137199 -4.778266 380.364685
v 80.468987 0.405236 381.268372
v 80.461609 1.184390 388.066528
v 82.937477 1.234714 393.929352
v 87.740555 -1.729357 447.846558
v 93.469856 -7.667815 450.867065
v 66.455261 3.437068 383.252686
v 70.437454 5.608361 386.719635
v 75.727722 3.668220 391.734131
v 70.164246 -6.587295 446.248108
v 73.986046 -3.292413 445.414062
v 56.323185 8.344201 382.748138
v 54.664753 8.273892 384.502747
v 53.455524 -7.172662 440.603821
v 60.244118 -2.059027 442.841858
v 67.579353 2.750669 444.158203
v 40.558369 10.634540 383.160400
v 42.324623 9.756889 385.974854
v 43.902260 -3.808615 438.280701
v 44.667526 4.593876 437.283905
v 20.893406 15.371348 379.087067
v 19.672758 11.743672 381.608612
v 27.415642 -1.278972 435.320038
v 29.144302 5.592038 436.501373
v 23.122972 1.476522 437.621857
v 8.715975 12.166662 377.905121
v 9.360828 10.714697 380.104492
v 12.228892 1.108602 433.213745
v 15.948244 4.316647 435.278656
v 21.508919 0.817140 438.308441
v -5.889688 9.246811 372.710022
v -3.225113 12.218715 376.049255
v -2.928272 9.012613 412.663269
v -1.045055 8.002151 418.776703
v 3.912436 5.491642 427.675934
v 8.677367 7.981238 432.313599
v -16.917320 8.888354 372.061676
v -14.365299 13.016100 377.498169
v -14.276545 12.692996 381.322693
v -14.663031 10.537031 404.086365
v -8.617392 10.509388 407.633514
v -26.676876 5.950787 372.826904
v -26.356230 9.141054 375.589172
v -23.652218 12.694284 381.180786
v -28.253824 12.696402 387.121948
v -29.048342 11.686415 389.313965
v -26.186077 11.918691 392.383148
v -24.554893 11.674554 395.999023
v -20.062017 11.176143 399.494934
v -40.354919 7.544048 367.031555
v -38.677715 7.685848 370.619324
v -35.612904 8.346510 375.074554
v -32.509132 11.448953 380.815796
v -33.506592 12.252712 384.980591
v -35.635323 9.994308 387.317841
v -38.231628 4.307777 389.604126
v -46.364094 9.866070 367.302551
v -43.505474 10.758393 370.978668
v -44.005669 9.953006 375.142120
v -38.741169 10.939218 378.161407
v -41.998646 9.170245 389.155548
v -46.090855 4.190064 389.306366
v -53.689137 11.704561 366.485657
v -59.439430 8.174008 368.132965
v -60.760685 6.032108 373.239716
v -61.676105 2.325477 376.848633
v -61.316868 0.052570 381.248291
v -61.004555 -1.700455 384.658234
v -55.116131 -0.094579 388.259003
v -65.532593 1.075722 369.548309
v -66.766937 3.576913 370.490662
v -67.404572 0.092929 374.154846
v -67.952370 -3.019036 378.286652
v -68.771378 -6.384697 382.254242
v 198.732239 -9.182901 382.274292
v 207.571793 -6.093363 384.841125
v 214.780884 -5.229188 389.395294
v 219.598083 -5.682674 394.414795
v 224.889847 -5.053459 398.933044
v 228.833679 -4.199877 403.881317
v 226.509781 -4.562086 408.065094
v 222.617432 -4.123802 411.046173
v 185.487854 -10.483539 383.045532
v 194.824936 -6.775522 385.848358
v 191.610626 -7.197519 392.918091
v 181.987274 -6.453399 395.935120
v 218.130676 -7.244055 409.605865
v 217.365784 -2.441085 412.385010
v 219.791916 -2.117988 418.435852
v 213.672089 -2.754484 421.729889
v 215.654617 -1.147633 425.495300
v 180.613159 -10.441116 394.232727
v 189.375229 -5.012988 397.500793
v 172.088333 -5.867504 400.046539
v 210.547089 -4.535672 424.673096
v 207.688797 -2.583312 427.152557
v 210.199142 0.521197 435.193054
v 202.420792 -5.523073 436.136749
v 169.123550 -10.211660 398.382538
v 178.036484 -3.671480 401.244171
v 163.204361 -6.846065 403.464752
v 183.226181 -5.438151 418.167511
v 187.116058 -2.093165 422.622528
v 194.859360 -2.098681 428.700195
v 200.774567 -1.241898 436.307251
v 202.018097 -2.777698 437.866333
v 159.226288 -9.096185 401.733337
v 162.355850 -4.661471 402.243103
v 176.709473 -1.767255 419.371429
v 178.426453 0.382296 424.124878
v 181.113907 3.641554 431.306824
v 184.164459 4.018457 438.574829
v 188.288361 4.858459 445.073975
v 184.293945 1.174725 447.653900
v 141.680664 -9.723139 392.875092
v 145.183823 -7.447338 396.483887
v 151.546112 -6.423726 399.696198
v 170.025726 -1.273719 420.979584
v 168.919571 0.843241 424.118805
v 175.198685 5.458285 433.260284
v 173.632950 4.249462 439.104553
v 173.652100 1.713914 443.068878
v 177.952560 2.360956 450.707428
v 171.637238 -4.770483 455.125031
v 165.775452 -17.780458 454.900879
v 129.644043 -9.624707 390.964722
v 135.819016 -6.226766 395.088593
v 152.567612 1.792477 424.835510
v 152.833359 4.384949 430.340179
v 156.277313 3.785534 436.071655
v 167.199753 5.975737 440.666290
v 164.391632 -4.976251 456.536774
v 156.850525 -11.881552 457.265961
v 109.436325 -12.499180 378.470184
v 116.795212 -10.358140 382.420166
v 119.402214 -9.756016 386.151276
v 122.759575 -7.797955 389.772552
v 128.347137 -5.569754 394.066956
v 144.757889 -0.796117 425.714630
v 143.967712 0.760829 429.366089
v 143.785690 -0.908483 432.703430
v 138.414459 -10.648728 455.877930
v 147.745270 -9.681383 458.052032
v 100.273567 -13.318862 377.690826
v 105.239464 -8.803024 381.010651
v 97.676056 -8.588436 383.354462
v 126.478958 -12.253256 454.802826
v 97.395348 -10.589118 376.847260
v 99.972664 -8.928810 379.768005
v 102.012314 -5.905376 383.304810
v 110.536049 -14.426632 450.397430
v 110.986046 -5.920645 452.100403
v 117.098015 -9.728376 454.638458
v 93.815117 -8.022140 376.599182
v 89.601067 -8.857422 378.841492
v 89.146431 -10.000711 383.126495
v 101.959221 -10.433912 450.543213
v 102.650688 -6.275174 451.991394
v 84.715530 -3.578723 380.736450
v 82.821533 -4.876016 384.505920
v 82.598946 -7.207642 390.685272
v 81.910637 -9.520373 399.329712
v 88.089371 -10.193979 450.767334
v 95.727211 -12.442584 453.363983
v 74.395554 -1.271752 385.148590
v 73.208130 -2.885431 392.259125
v 70.124763 -5.332511 402.677582
v 64.706032 -12.324056 413.014557
v 73.565880 -14.516606 446.397217
v 80.972366 -11.584897 448.659424
v 63.445721 2.688571 384.863281
v 58.466824 2.312481 392.749084
v 50.148632 -4.279098 405.282318
v 55.340126 -14.829703 411.480225
v 59.346348 -16.079700 441.912079
v 67.831696 -15.238647 443.909576
v 35.279217 8.864491 386.445068
v 36.479801 1.849825 392.817322
v 37.626514 -3.611927 400.684113
v 40.409840 -28.324221 436.898621
v 47.997105 -17.347256 438.432343
v 21.281349 4.862541 386.781494
v 19.734299 0.653007 392.543213
v 36.672894 -22.793459 436.126373
v 33.577015 -15.953584 435.644196
v 3.134560 4.764126 379.086090
v 10.196160 5.043034 383.015747
v 16.901064 -8.751863 431.320374
v -6.017735 3.909676 371.912659
v -1.057222 5.556390 374.870789
v -11.180523 -4.094207 410.782532
v -5.440995 -0.690149 415.209717
v 0.768462 -3.685042 422.805359
v 6.943392 -5.544947 427.345367
v -13.999310 3.809937 369.938232
v -15.331200 3.137926 407.035797
v -8.115872 5.417758 409.418243
v -25.203918 4.365628 371.820312
v -28.583553 2.563953 374.145325
v -31.263634 -1.465974 386.869843
v -30.931965 4.806593 387.990112
v -29.919254 5.426111 393.317902
v -27.211102 5.188846 397.851288
v -21.759750 4.984413 401.583984
v -37.875687 4.250602 366.604034
v -34.935036 4.195824 371.082275
v -25.202854 7.117864 372.831482
v -33.542561 1.932058 387.106628
v -37.357067 5.114859 387.975922
v -39.703880 -1.033836 390.597015
v -44.979336 4.602042 365.222748
v -46.641342 -2.437478 390.362457
v -57.234573 5.647148 365.280426
v -53.432102 1.241356 367.395111
v -62.709408 -9.351941 388.096466
v -57.348328 -7.129348 388.941315
v -60.418056 4.669518 364.703522
v -66.499260 3.064943 367.462311
v -68.441811 -1.532925 371.961914
v -69.389610 -6.558405 376.637329
v -69.270317 -8.816849 380.907593
v -68.045692 -8.302169 384.157288
v -66.915138 -15.052253 388.957336
v 196.629944 -20.649876 363.310089
v 203.039490 -19.448502 366.720367
v 204.846863 -17.725798 371.940063
v 207.625687 -14.914470 378.036499
v 215.427765 -14.569385 383.297211
v 221.230881 -15.161551 388.848358
v 224.951691 -14.998563 393.991089
v 224.427628 -15.432810 399.020416
v 224.172516 -12.497251 403.024780
v 220.217117 -12.861964 404.352966
v 181.203156 -19.873302 364.394318
v 196.488510 -19.111986 365.206146
v 197.155396 -17.551659 370.226624
v 195.748672 -14.809216 379.305176
v 193.325287 -12.905605 386.399231
v 187.181076 -13.349631 390.839722
v 215.992233 -16.870178 399.412323
v 216.935822 -16.205091 401.795044
v 213.200089 -11.684733 405.955017
v 211.385468 -9.039524 411.534058
v 212.452438 -8.234241 415.904663
v 211.955521 -8.734967 418.185913
v 178.890244 -17.208771 381.088257
v 187.878250 -16.899036 383.113983
v 191.343399 -13.891651 390.415649
v 179.411972 -12.952637 394.885101
v 203.998474 -13.335057 406.574402
v 196.233307 -12.469486 408.303894
v 201.122147 -9.867881 415.375092
v 201.410950 -7.066783 421.183258
v 199.380508 -8.927425 424.189514
v 174.242264 -16.989037 392.356262
v 178.700348 -13.583698 394.349762
v 175.825821 -14.054845 396.036804
v 177.876816 -12.640918 397.698364
v 181.633118 -11.688720 401.486420
v 186.436020 -11.229658 407.668427
v 187.916565 -7.429474 416.090851
v 194.863174 -7.358524 423.654358
v 197.090866 -7.332821 426.183075
v 170.084030 -9.495601 399.568756
v 169.065536 -10.825832 399.370819
v 176.656235 -10.845894 403.352661
v 175.222351 -10.630248 408.092499
v 177.162979 -5.518072 414.152466
v 145.607147 -11.035768 391.930878
v 146.335815 -10.609774 394.015289
v 153.499130 -9.551808 398.428223
v 155.432281 -11.134593 401.153931
v 162.177811 -9.358891 407.262817
v 165.005203 -5.009894 416.130493
v 161.065979 -4.282883 418.854004
v 169.957626 -2.900133 439.780304
v 170.602661 -2.465597 442.695648
v 172.386932 -5.809540 448.752014
v 169.802185 -14.457721 452.571655
v 159.446472 -29.377487 453.976440
v 136.976425 -12.172876 389.441193
v 140.269547 -12.967280 392.309540
v 143.628418 -11.499998 396.188019
v 147.516006 -10.385510 401.351196
v 151.066238 -8.890855 407.402069
v 149.821838 -7.737084 414.058685
v 153.906693 -2.872179 420.465912
v 163.674850 0.195109 438.823303
v 160.255615 -3.312250 441.878967
v 160.433777 -9.526574 447.447113
v 158.613419 -16.260227 452.964417
v 157.164795 -19.546232 455.759003
v 113.131294 -13.310988 377.948212
v 116.271881 -14.747463 379.921539
v 119.211418 -16.449942 383.943665
v 124.374557 -15.095902 386.742432
v 144.518188 -7.373319 417.577728
v 142.341248 -3.573045 422.351746
v 141.977478 -3.296204 428.976318
v 147.158234 -2.649790 436.350739
v 147.192154 -4.307939 442.281250
v 146.976608 -9.683378 448.895386
v 145.101837 -15.294269 453.948578
v 145.827408 -22.889629 456.538361
v 107.022957 -14.461423 376.728912
v 105.891495 -17.164564 377.635681
v 133.152588 -7.662445 438.250610
v 133.750778 -7.505507 444.301453
v 131.419586 -10.888127 450.553040
v 129.854843 -15.421522 453.705017
v 98.222855 -16.390337 375.549713
v 100.305367 -11.928705 377.285553
v 111.136436 -21.187790 433.807983
v 114.779388 -17.382631 435.068939
v 116.141106 -11.325519 440.699310
v 117.123741 -9.440412 447.690338
v 119.246933 -12.760921 452.207916
v 120.799171 -23.018852 454.501678
v 93.473122 -14.693328 376.718536
v 92.821678 -16.387608 380.640045
v 95.343597 -16.989389 386.555725
v 97.621521 -18.627087 393.097443
v 99.249077 -19.347727 400.707886
v 99.183685 -20.385942 409.477448
v 98.002335 -22.130745 418.498535
v 97.924385 -24.015408 425.478912
v 99.165276 -24.691898 431.122284
v 99.510956 -21.889200 435.541046
v 105.562653 -19.013824 439.705658
v 106.143883 -16.587036 444.185730
v 105.801025 -14.813393 446.940491
v 90.375748 -10.250119 389.062714
v 91.262726 -12.401978 396.575745
v 90.588821 -14.984929 405.319763
v 87.311722 -18.704838 414.966827
v 86.618515 -22.982927 423.371857
v 86.934624 -26.859495 429.443756
v 88.619949 -28.672451 434.469635
v 90.533089 -28.425844 438.456360
v 92.014328 -26.212528 441.966858
v 93.480850 -22.576019 446.388489
v 93.041267 -17.378431 449.014313
v 78.704399 -12.821491 409.623383
v 73.339142 -19.593676 419.269165
v 72.140144 -27.563768 426.147949
v 72.953850 -33.345692 431.067566
v 75.373238 -36.456291 435.838226
v 77.246826 -35.844959 439.763031
v 80.000717 -30.894209 444.052155
v 78.266998 -21.919462 447.974609
v 85.032516 -19.265396 451.376373
v 49.534798 -14.418220 411.345245
v 57.758476 -20.672318 420.189148
v 58.256527 -32.877728 427.659760
v 60.635414 -41.186295 432.058258
v 61.850883 -43.915382 436.123077
v 65.058708 -38.363174 440.801056
v 65.314705 -26.985849 444.728790
v 72.705818 -22.577312 446.823425
v 31.538210 -4.810841 400.315765
v 41.313980 -13.043469 411.413483
v 39.304146 -26.446180 421.922089
v 44.461033 -36.468323 427.254120
v 44.764927 -42.267445 430.253876
v 48.794041 -42.934155 436.137787
v 50.209221 -32.458271 439.760773
v 56.052837 -25.853102 441.490387
v 11.548138 -8.329237 395.162872
v 23.769064 -9.854498 401.848022
v 22.533705 -22.316643 414.406677
v 28.935526 -31.934711 421.217224
v 32.952511 -37.883125 425.706085
v 35.632961 -41.359646 429.396912
v 37.552711 -39.974518 433.349182
v 36.581055 -32.322308 435.258118
v 27.324520 -25.629440 432.994141
v 1.765842 -12.806190 361.781982
v 1.660863 -11.474144 366.442230
v -0.579305 -10.130076 372.851105
v 0.350665 -6.385703 381.405334
v 2.998098 -5.784831 388.851166
v 10.142685 -31.281788 425.991241
v 17.095552 -28.923153 430.608368
v 20.502865 -18.558126 430.324982
v -3.714327 -12.608290 353.284485
v -2.157242 -11.800879 356.339935
v -1.162126 -11.049934 360.946442
v -2.994942 -7.444124 365.500427
v -3.550457 -3.067294 371.550842
v -1.411703 -1.124233 375.395721
v -20.974134 -16.412714 403.296814
v -16.336029 -14.414767 406.511658
v -14.128060 -13.215257 411.135590
v -10.219558 -12.556231 415.046448
v 1.554081 -19.779612 423.194336
v 8.688485 -15.610236 427.310516
v 10.801165 -13.734556 428.477112
v -12.833169 -9.525843 354.318268
v -9.914171 -6.656823 356.723297
v -10.546919 -6.599429 360.723145
v -12.497841 -5.895379 364.916931
v -10.133453 -2.357922 368.432800
v -24.730675 -12.186604 403.515228
v -30.108551 -11.857588 404.371857
v -21.839138 -5.361202 406.934570
v -15.998678 -2.942599 407.352905
v -26.155806 -7.134016 351.903625
v -23.047754 -7.595568 357.109100
v -21.517937 -3.819593 361.341125
v -22.242573 -4.318903 365.150787
v -20.810339 -1.863729 368.163940
v -33.434666 -1.416004 388.215912
v -38.518150 -3.373454 392.101349
v -36.410072 -4.947628 398.163574
v -25.422413 -0.530257 402.220459
v -20.484503 -0.357994 403.419556
v -36.956188 -2.032002 358.717041
v -33.340565 -0.982261 361.528320
v -34.191532 -0.545778 366.685638
v -27.224344 1.233524 367.607544
v -35.502789 -0.897161 387.097717
v -41.979649 -5.323863 388.458618
v -40.968513 -7.369685 391.961670
v -47.318195 -0.974542 358.463257
v -44.182278 0.677651 361.125244
v -40.766014 0.985442 364.153900
v -47.137363 -11.683556 392.438202
v -48.117001 -12.491407 391.312561
v -52.670509 0.965980 356.859467
v -58.434265 -1.181219 360.924683
v -51.494003 3.307374 363.045410
v -64.031700 -23.400988 392.026581
v -58.330601 -15.042970 390.531921
v -59.953640 0.938048 361.138550
v -65.995293 0.145792 364.215912
v -65.139687 -3.233482 369.202789
v -67.091339 -9.288293 374.653900
v -67.414421 -12.403827 379.061035
v -68.466042 -13.672465 383.300140
v -67.358826 -15.398545 387.681824
v -66.714729 -16.704683 391.180389
v 198.394012 -30.433346 358.613129
v 206.151596 -26.147057 361.560699
v 207.878937 -25.228027 366.471222
v 209.707077 -24.488073 371.461884
v 213.512466 -24.661148 376.828583
v 218.686035 -25.394608 383.039215
v 216.511078 -26.576714 388.467529
v 221.938065 -21.883558 393.113556
v 218.501892 -20.897198 395.076996
v 183.844238 -28.834013 359.807800
v 194.866211 -26.826555 359.902344
v 195.207260 -23.686325 365.754425
v 196.785172 -23.025728 371.274872
v 198.159866 -23.927895 376.507111
v 199.480255 -25.043501 381.266083
v 204.387207 -25.283115 388.041748
v 209.278152 -22.097351 392.228760
v 208.296829 -20.601206 396.422241
v 209.588196 -18.654526 400.002197
v 207.712952 -17.804718 401.384033
v 189.820374 -19.484312 379.744751
v 192.614273 -20.082251 384.623016
v 193.064468 -20.548899 388.544739
v 194.104294 -20.497461 391.696045
v 196.798782 -19.726772 395.000275
v 196.495865 -19.009426 398.047119
v 196.318115 -16.539238 402.548676
v 193.626221 -16.362291 404.288757
v 181.720535 -18.816383 389.682281
v 182.253922 -18.301153 392.196991
v 185.033524 -16.632616 395.052887
v 187.961426 -15.481184 398.813019
v 187.791382 -14.227924 403.254913
v 190.915695 -14.231848 405.735107
v 170.388794 -12.889569 400.514313
v 171.247421 -13.523149 402.868896
v 170.031235 -14.112161 404.668976
v 164.779953 -12.430521 400.163513
v 164.224365 -12.830681 403.416016
v 167.522675 -12.168765 405.971252
v 158.720108 -12.220040 433.440216
v 162.323196 -13.023216 436.453491
v 160.583023 -20.451817 438.548004
v 136.935867 -16.438612 388.958923
v 134.529602 -16.668365 390.437408
v 137.865845 -14.927091 394.897888
v 141.500977 -13.640363 400.254913
v 144.131714 -12.444691 405.651276
v 145.889755 -12.895130 409.499359
v 140.693130 -20.463200 431.170776
v 156.339188 -12.035868 435.551147
v 158.154922 -16.340380 438.577301
v 112.372231 -27.948483 377.314606
v 118.239006 -23.938692 379.313812
v 119.700577 -22.850908 382.644043
v 124.349716 -20.358620 387.378967
v 126.273834 -20.067514 390.574890
v 129.705841 -17.959749 395.939575
v 133.119553 -16.568417 401.171082
v 135.130234 -14.924179 406.723175
v 139.022614 -12.489690 414.368042
v 139.967117 -10.516804 420.746002
v 142.579391 -9.364853 428.576385
v 140.494843 -12.531155 431.963745
v 106.743927 -24.661615 375.830383
v 111.667267 -20.875994 378.136658
v 110.283966 -29.146347 387.767303
v 116.199509 -25.286491 388.785400
v 118.626427 -22.555885 393.789459
v 121.243538 -20.546738 398.759430
v 123.477875 -19.047356 404.322937
v 124.846336 -17.751680 410.326904
v 124.230499 -18.579597 415.640625
v 124.057854 -20.182108 421.335754
v 126.237045 -20.262085 427.194397
v 130.877625 -14.134583 433.191620
v 95.774261 -31.134701 373.636841
v 100.931122 -25.376696 374.089600
v 109.271950 -27.875097 389.621887
v 107.386864 -28.453524 391.734802
v 111.427361 -24.322264 397.635345
v 112.795433 -22.717089 403.741638
v 113.639320 -22.080837 410.573669
v 113.661659 -21.562620 416.888550
v 115.251663 -21.052980 422.729095
v 115.402557 -19.191727 428.658569
v 122.258461 -15.517271 433.403656
v 123.423996 -12.993131 435.191254
v 82.880844 -33.122402 373.947510
v 95.222343 -25.522409 374.998016
v 95.641380 -26.437252 382.076111
v 100.402672 -26.728455 389.333466
v 101.311493 -26.197746 394.485626
v 105.894562 -23.219322 403.040710
v 105.802299 -22.870874 410.908295
v 105.537186 -23.075424 418.803711
v 105.622726 -23.393047 424.632507
v 107.459465 -22.610817 429.860260
v 110.075554 -22.096878 431.718445
v 57.482216 -45.850674 431.720093
v 55.515095 -47.434864 430.735748
v 52.486317 -46.743038 431.615784
v 53.494328 -45.813160 433.016479
v 12.869876 -18.364103 396.975891
v 11.723879 -23.419634 406.359467
v 16.660948 -31.204784 413.912994
v 21.205048 -35.674206 419.561249
v 25.439352 -38.614635 423.586609
v 28.557085 -40.298347 427.038940
v 30.693905 -40.114243 429.997711
v 29.135756 -39.432465 430.404480
v 1.521846 -26.734497 358.124695
v 7.150208 -21.815928 362.390350
v 3.227870 -21.225746 367.942902
v 0.146691 -20.337997 375.815674
v -3.465172 -20.074553 385.931396
v 2.052856 -23.752651 396.288025
v 2.457569 -33.093224 406.561890
v 7.101685 -37.552628 412.918335
v 6.927022 -38.118618 416.606506
v 12.381350 -35.410206 420.812744
v 16.483400 -36.482719 423.947540
v 18.632883 -35.611561 427.877594
v 26.071497 -36.523533 430.960205
v -2.064291 -20.290401 354.095886
v 1.842399 -21.754896 357.078888
v 4.423007 -17.229324 358.714233
v -21.515903 -24.880081 406.590637
v -10.798202 -28.051157 412.555573
v -0.002171 -24.806952 418.218048
v 4.820169 -27.558657 422.318726
v 9.088036 -30.147209 423.609497
v -10.707013 -17.803867 353.552368
v -25.979959 -18.496273 403.501373
v -30.492855 -23.229050 402.935913
v -19.212185 -12.218770 354.497803
v -27.442139 -13.917552 356.936523
v -42.534439 -32.140366 393.442352
v -42.819355 -18.462791 393.957581
v -37.456009 -18.095991 400.075317
v -35.984135 -8.368994 357.918854
v -45.246670 -27.367762 393.172241
v -49.522079 -18.049900 390.677856
v -44.879814 -6.885952 357.914490
v -50.526939 -13.889874 390.444672
v -55.989838 -22.836607 393.192108
v -52.506275 -3.189444 358.374756
v -56.390587 -7.088495 360.912781
v -62.277313 -24.530100 392.864075
v -59.533348 -21.434057 393.848267
v -62.170471 -3.799667 362.669495
v -64.159416 -7.911761 366.652496
v -65.014336 -12.659046 372.005920
v -65.530014 -16.359154 376.942749
v -65.877960 -18.734352 381.754669
v -67.419250 -19.862587 386.029236
v -65.200790 -21.620193 390.420654
v -66.459007 -29.002150 393.774689
v 202.551590 -41.511669 348.700317
v 206.037796 -39.412552 353.645386
v 206.162659 -35.690960 357.543915
v 209.011490 -34.031834 361.832977
v 210.724091 -34.013515 366.239014
v 212.283585 -34.086636 371.180023
v 212.753357 -37.139130 377.532166
v 216.902527 -31.685764 382.581360
v 215.870544 -31.071985 386.052307
v 191.260315 -40.512623 350.885468
v 198.268555 -40.252373 352.892426
v 198.293732 -35.879314 355.771362
v 197.106903 -32.560658 361.326355
v 198.058380 -31.661285 366.000610
v 200.315811 -32.007820 370.957001
v 205.647736 -34.528637 378.240326
v 210.908630 -30.305786 383.571075
v 214.380096 -28.610292 387.187012
v 167.779617 -20.793966 401.416107
v 171.621948 -19.903063 405.618134
v 172.286758 -18.895456 411.383148
v 172.912994 -18.100512 417.637299
v 171.015625 -18.951513 421.341248
v 156.257416 -20.864124 401.276459
v 162.481064 -18.189327 406.096191
v 164.005402 -16.434826 412.057831
v 164.596680 -15.122725 419.067932
v 163.185028 -15.092203 425.383850
v 162.403061 -14.237163 431.978424
v 161.379349 -16.882217 437.975372
v 159.549271 -21.094046 439.027222
v 144.736237 -22.920319 401.459869
v 149.181549 -19.067799 406.099640
v 151.558273 -16.884558 412.496368
v 152.455032 -15.537029 419.509399
v 152.451096 -14.093799 426.492065
v 153.683273 -12.987339 433.018799
v 153.044891 -16.376007 439.306793
v 156.181656 -22.815279 439.727814
v 115.505623 -29.341240 376.190552
v 117.321899 -29.518696 379.048920
v 119.444237 -28.539816 382.603302
v 121.148476 -26.868113 385.713318
v 138.435287 -24.886906 401.802307
v 138.276840 -24.837425 405.604614
v 139.993362 -17.838671 413.494202
v 143.950806 -14.520045 420.296814
v 144.881668 -13.849030 427.318817
v 140.607849 -18.314545 431.972534
v 147.148270 -18.734091 435.384094
v 111.834991 -31.109026 376.648132
v 111.197762 -32.743294 379.875549
v 114.964874 -31.343027 385.251129
v 119.604500 -25.397469 386.950592
v 121.905304 -29.593433 410.411469
v 129.905518 -22.364796 414.741455
v 125.667671 -25.671995 422.296936
v 127.663780 -28.197439 427.034790
v 134.970276 -22.816689 430.683868
v 97.577881 -32.921154 373.689850
v 102.500610 -33.313297 376.071259
v 104.497276 -34.378033 381.623474
v 107.596703 -33.889393 387.369537
v 105.378082 -33.305767 390.879517
v 109.031830 -34.465271 412.025269
v 115.946243 -32.774456 414.145020
v 117.643608 -33.447765 418.945465
v 120.951950 -36.161221 423.964813
v 95.453323 -32.728840 374.132721
v 96.686638 -33.009209 377.947235
v 100.647522 -33.469543 384.819458
v 103.518440 -32.688473 390.278259
v 104.755096 -31.296280 392.794373
v 58.073616 -65.205017 422.120178
v 59.442478 -65.651520 423.817108
v 61.723938 -67.687080 425.677094
v 47.265316 -62.871857 423.295532
v 51.301102 -62.694725 426.189819
v 52.863667 -65.246223 428.136963
v 32.778938 -60.096939 419.910522
v 36.891468 -61.735298 423.121979
v 39.073856 -60.059212 426.852692
v 40.744270 -62.764709 428.819794
v 4.485830 -30.974171 358.935547
v 0.865106 -31.808867 363.292969
v -2.483512 -32.559105 370.460205
v -6.461947 -32.988667 379.149048
v -9.284389 -34.463562 390.039520
v -7.601924 -37.548714 398.770264
v -2.996634 -40.902176 405.813385
v -2.143464 -41.527985 410.727203
v -3.499789 -40.168861 410.722168
v 20.566158 -59.154938 419.167236
v 29.339031 -58.386250 421.649231
v 29.811674 -59.699905 425.751465
v 31.657578 -62.261387 427.985840
v -7.085124 -33.904594 355.443390
v -0.659532 -36.532593 359.790283
v -10.269418 -42.383018 366.037598
v -14.243384 -43.679489 374.245331
v -16.479824 -44.820850 383.711090
v -15.630878 -46.080284 392.143585
v -12.383025 -47.368717 399.108124
v -11.479505 -47.210045 404.932831
v -17.110472 -42.658779 407.341187
v -7.141399 -36.148354 411.819733
v -14.366770 -29.657867 354.194733
v -34.895470 -35.439537 403.568359
v -33.798294 -32.712292 402.934448
v -28.419127 -23.758562 355.161499
v -30.643253 -23.075218 356.945740
v -44.553741 -29.970457 394.188782
v -46.178902 -32.677937 398.208771
v -34.793777 -29.033886 402.021362
v -44.469730 -27.058361 354.968506
v -41.082432 -23.984907 357.997131
v -46.068401 -30.690456 392.600250
v -51.146091 -33.553951 393.514801
v -48.150349 -15.874964 358.500458
v -55.055477 -27.150202 392.071625
v -56.047764 -36.323830 396.931000
v -57.006092 -49.043114 402.116455
v -53.950550 -11.621094 359.247955
v -57.507080 -17.055130 363.102051
v -59.814598 -22.657562 367.703949
v -64.424881 -40.362743 395.977173
v -61.513264 -31.824450 396.561798
v -61.314873 -44.126835 400.720764
v -61.849785 -12.312117 365.088562
v -63.904915 -16.799429 369.386597
v -65.490082 -21.510845 374.475616
v -65.756493 -24.874838 379.629913
v -65.996292 -27.337505 383.997620
v -68.018791 -28.891029 388.163818
v -66.765388 -29.880373 393.370117
v -66.341255 -31.660957 396.488800
v 214.630890 -44.926048 348.825653
v 218.560333 -43.903175 353.506653
v 218.216248 -44.158775 357.258057
v 214.610458 -46.552967 359.048492
v 200.365112 -47.477180 344.477783
v 208.292984 -44.922989 348.429199
v 213.385315 -41.405384 353.560181
v 213.025085 -40.198521 357.625336
v 211.676392 -42.111168 361.783386
v 210.809784 -42.368992 365.619781
v 211.365463 -43.684788 370.300385
v 208.101486 -45.868355 373.112183
v 189.212204 -46.401482 346.106873
v 200.531326 -45.936069 347.239471
v 195.505234 -44.989452 352.993195
v 196.484360 -41.996220 357.353119
v 199.574799 -40.750931 361.254395
v 201.217422 -40.713291 365.476044
v 201.127197 -41.746887 370.900055
v 204.060043 -42.753155 374.239380
v 177.860718 -30.123629 396.102142
v 180.437164 -29.887806 399.875977
v 180.403305 -29.550507 404.998962
v 180.763962 -29.283760 410.183868
v 181.651535 -29.817959 416.114838
v 181.631531 -32.761105 420.457062
v 167.177795 -28.701649 395.330414
v 173.605164 -23.880920 399.485443
v 177.384415 -23.456182 405.100220
v 178.093094 -22.836294 410.574341
v 178.295639 -22.593142 416.349518
v 173.575119 -24.760252 422.985840
v 172.834610 -28.056099 431.006226
v 171.958969 -33.626022 434.925354
v 154.459396 -28.724880 394.744812
v 162.641663 -24.293516 397.794586
v 168.360077 -17.570742 426.702362
v 166.964600 -20.301081 431.442932
v 163.378372 -27.583408 437.826904
v 162.205719 -36.782471 439.601837
v 144.564102 -30.864031 395.496613
v 151.150818 -25.548817 397.446198
v 154.140732 -23.614273 439.201233
v 152.948563 -33.822239 440.347382
v 138.327530 -33.825809 396.236877
v 140.497330 -32.671696 398.399475
v 136.162155 -31.027664 403.290558
v 141.588623 -29.972227 433.625824
v 144.772888 -27.411156 437.896301
v 147.520401 -34.387844 439.872406
v 128.569656 -37.973499 402.285400
v 126.739250 -37.885513 406.117523
v 125.520470 -39.627674 426.729553
v 134.308868 -33.395199 429.505402
v 116.328087 -38.504929 411.957062
v 113.548019 -44.715935 416.232422
v 113.992554 -46.149963 420.816162
v 118.893204 -44.049801 423.754120
v 70.020325 -70.704025 425.085571
v 72.088654 -70.804581 425.896820
v 56.055893 -68.398148 411.496338
v 60.221172 -68.487259 413.560638
v 60.981770 -68.069962 417.217529
v 63.424789 -69.280342 420.775604
v 60.353771 -69.473465 425.132202
v 63.574574 -70.127800 427.184113
v 43.437016 -68.450394 413.350830
v 49.619888 -69.088814 414.200165
v 55.214176 -66.210800 418.420197
v 53.867867 -68.090385 428.676483
v 53.989323 -69.848099 428.407623
v 30.327778 -65.459648 409.477509
v 37.948841 -65.369118 412.939606
v 41.846176 -66.614052 416.827850
v 48.479164 -64.123840 420.157959
v 35.183060 -70.490501 426.348816
v 39.993145 -69.638405 428.389618
v 45.790596 -70.512772 428.610901
v 19.689558 -64.956001 409.210541
v 31.808037 -64.713326 411.541718
v 30.672098 -65.756134 417.083344
v 27.951582 -63.202850 421.759857
v 29.352055 -67.616333 426.228516
v 34.214874 -64.942772 429.469604
v -23.445593 -52.591434 354.595428
v -13.463630 -49.157883 357.551605
v -15.270991 -52.214394 363.273560
v -17.593307 -53.929462 371.269806
v -19.086691 -54.945396 379.545654
v -17.028231 -55.043583 386.581390
v -13.723215 -55.213207 392.570984
v -10.078213 -55.450886 398.500519
v -8.337945 -54.688938 403.699829
v -9.768728 -56.798176 405.807495
v -30.589483 -48.140984 353.447174
v -17.901918 -42.186401 354.468872
v -30.163858 -50.690285 404.344666
v -41.655365 -46.544460 351.767731
v -34.904552 -40.695934 354.107574
v -45.243237 -47.397339 399.306274
v -40.983463 -31.008373 356.209656
v -48.330349 -35.951931 359.261292
v -52.730995 -44.280895 396.784332
v -53.457798 -50.760773 399.051514
v -52.096947 -28.744600 360.278656
v -57.015167 -37.262554 363.517700
v -57.419498 -40.357262 396.262177
v -58.390324 -45.306721 398.624390
v -55.024208 -54.347084 402.965637
v -56.262966 -23.089212 361.046539
v -59.088573 -29.413662 365.471832
v -61.703648 -35.090382 369.639435
v -62.905994 -38.416084 374.082336
v -63.103561 -40.872055 378.364075
v -65.850456 -43.719418 393.996002
v -61.601555 -43.982552 398.618744
v -57.868961 -57.112839 403.767517
v -63.974430 -27.386999 372.142853
v -65.128502 -31.060518 376.870514
v -66.045586 -34.522278 381.284637
v -67.451828 -37.506752 384.903381
v -69.546715 -39.802162 388.671692
v -67.527809 -42.961384 391.252258
v 211.240402 -50.555069 344.048004
v 214.229935 -47.901566 348.667938
v 216.983612 -48.292236 353.350464
v 216.023331 -49.007908 356.892853
v 212.030670 -51.464123 359.229034
v 199.006927 -51.977528 338.697357
v 205.393585 -49.667278 342.828430
v 211.561539 -46.777092 346.273743
v 210.843567 -47.764339 361.506287
v 206.793961 -50.804443 364.461700
v 204.337662 -52.089222 369.341248
v 205.607101 -51.383816 369.912872
v 187.575699 -50.558792 341.492615
v 199.727737 -51.673912 342.172394
v 194.362030 -53.728653 346.295197
v 193.956711 -50.030720 352.553284
v 195.712753 -48.110291 356.430878
v 197.424927 -47.831917 360.538544
v 196.227432 -48.467915 365.386230
v 197.059158 -50.265724 370.129303
v 203.761551 -49.178082 371.658417
v 176.651199 -53.405224 347.688965
v 181.160507 -52.021263 348.855499
v 183.471283 -50.311386 353.448151
v 188.144165 -51.661762 357.294006
v 187.871231 -52.002689 361.393982
v 187.748611 -52.972996 364.543121
v 164.289185 -52.912109 350.739685
v 174.759888 -51.873829 351.287476
v 172.097778 -42.313263 376.866425
v 173.422775 -41.880848 381.667084
v 175.361526 -40.464188 387.906647
v 179.005157 -37.767616 393.439697
v 182.019302 -38.007950 399.705536
v 182.259186 -38.702862 405.112885
v 183.222427 -39.376240 410.513000
v 180.886368 -41.788536 417.217529
v 176.361435 -40.375950 419.576324
v 162.035538 -41.568573 376.173004
v 168.012939 -38.975121 380.681854
v 169.656006 -36.741531 386.824615
v 172.423111 -33.674843 392.004578
v 173.877930 -43.344707 419.936188
v 175.240997 -36.539139 423.853851
v 173.685364 -40.399830 431.323120
v 171.118500 -39.773277 433.312744
v 152.558914 -39.927662 376.969543
v 158.450348 -40.994560 378.136078
v 156.658264 -38.996502 384.435913
v 162.159012 -33.118450 390.877380
v 167.724884 -41.518078 433.950775
v 165.377716 -37.076317 437.900299
v 161.961929 -39.989819 439.122528
v 143.146317 -41.635895 389.052094
v 150.997833 -34.484150 391.410278
v 158.133560 -42.856644 434.805267
v 155.864761 -42.903511 439.044617
v 157.059769 -39.151340 440.915558
v 128.123260 -46.898277 392.359070
v 136.160675 -39.510334 394.870819
v 135.717987 -39.343174 398.096741
v 142.983658 -40.559746 433.651520
v 146.935791 -39.532661 439.712097
v 147.288589 -40.615055 440.927490
v 108.999466 -57.412689 391.417206
v 114.197800 -54.944202 393.098358
v 120.416214 -50.305470 398.285309
v 125.636826 -44.745358 402.366760
v 120.085632 -45.888603 406.212189
v 127.389069 -48.188496 427.708069
v 129.408249 -46.202641 431.283630
v 125.081573 -55.653522 432.065186
v 101.048454 -56.772404 392.494934
v 107.881393 -59.540512 394.483948
v 103.522491 -58.650372 399.571045
v 109.390945 -56.197330 404.551544
v 112.632141 -51.565674 410.717560
v 110.078133 -56.029816 417.084259
v 110.889473 -56.274765 421.249207
v 113.378990 -57.137600 424.839508
v 117.115669 -56.842545 427.301361
v 119.414360 -56.605305 431.048157
v 91.747490 -62.018570 403.369446
v 97.917198 -62.773766 403.720490
v 99.636520 -62.483364 408.286133
v 102.056496 -63.394066 413.339600
v 102.038582 -63.935036 418.387756
v 105.466202 -63.875332 421.737061
v 80.522552 -71.106773 412.782684
v 81.593254 -71.531914 415.896942
v 82.898392 -72.622505 420.400208
v 83.401405 -72.649223 424.887360
v 82.686363 -73.184868 428.348358
v 68.394104 -72.447815 409.906494
v 71.031059 -70.543610 412.995422
v 74.081032 -71.486038 417.089417
v 75.058334 -70.162254 422.083588
v 74.879524 -72.017654 426.853668
v 75.539734 -73.710167 428.372894
v 59.718937 -71.214516 408.895721
v 61.976635 -70.552071 411.007782
v 65.646385 -71.125954 414.659485
v 66.936142 -71.645546 418.454956
v 72.211075 -70.470360 421.128510
v 64.359833 -71.391586 428.322235
v 63.096409 -73.756790 431.344696
v 59.816586 -75.078331 434.163513
v 48.948105 -72.334709 409.549896
v 41.802563 -69.881454 414.061920
v 53.490444 -71.092682 429.619385
v 51.719685 -73.562042 431.399231
v 56.393814 -73.731850 433.758636
v 37.850681 -67.905266 409.346039
v 39.923241 -72.600372 410.935974
v 48.052914 -68.682625 413.464111
v 36.900906 -70.951675 425.156342
v 39.483139 -70.194466 427.336090
v 39.909145 -72.677673 429.593994
v 44.806866 -73.315445 430.301300
v 27.351788 -71.437309 408.823242
v 27.432280 -71.197845 411.468445
v 26.117178 -66.586510 416.498657
v 23.482592 -67.643272 420.596649
v 27.245216 -68.868797 422.820007
v 28.300499 -69.059204 425.131134
v 29.667141 -70.243721 427.107819
v -22.619335 -59.647511 357.502716
v -18.122854 -61.036106 362.525208
v -18.922882 -62.763924 369.144379
v -18.488087 -63.530861 375.945831
v -16.350615 -63.050491 381.879456
v -11.977526 -63.102032 386.806183
v -7.160566 -63.537773 391.519562
v -2.561301 -63.841599 396.728607
v 1.912452 -64.539909 402.064178
v 4.315460 -68.508392 404.594849
v 12.759050 -67.089943 409.356628
v 11.833603 -66.803391 413.081635
v 10.961262 -66.591225 416.896759
v 11.580592 -67.979599 419.872833
v 16.677317 -68.575996 422.942535
v 19.252209 -70.258217 425.775238
v -30.684111 -56.882328 354.993561
v -20.494314 -60.177906 405.225128
v -11.927069 -63.606503 407.623718
v -8.260469 -64.124428 411.253265
v -6.393143 -65.488388 414.452972
v 0.066892 -66.900085 416.611664
v -36.402378 -51.000305 354.039795
v -41.969521 -52.724190 356.751190
v -41.976379 -56.861958 400.824646
v -36.203487 -60.031151 404.195007
v -27.913847 -62.013905 408.015289
v -21.596939 -63.779198 410.435150
v -45.173828 -43.974506 357.492706
v -50.720810 -47.403030 359.741425
v -50.013248 -51.059246 398.656921
v -48.317425 -56.912342 399.764191
v -41.800968 -59.160240 403.938171
v -54.649143 -41.766666 361.579529
v -57.203526 -46.607399 364.473999
v -57.973721 -49.072010 368.206299
v -57.792049 -50.265236 371.887939
v -57.127907 -54.653809 398.986938
v -60.613701 -41.278454 366.905548
v -61.113968 -44.058899 370.948242
v -61.178062 -45.646584 374.781006
v -62.359898 -47.953838 378.433472
v -62.879375 -49.654732 382.563354
v -63.851612 -50.937305 386.695496
v -62.231701 -48.964142 392.127716
v -63.929222 -51.323505 396.205170
v -65.878784 -42.810261 381.942200
v -67.231110 -45.543015 385.265411
v -68.567322 -47.656624 389.072662
v -67.530807 -51.878056 392.979126
v 212.014755 -53.184704 344.687103
v 212.600128 -53.784710 348.953796
v 211.530334 -54.550938 353.036774
v 210.666870 -55.603783 356.204956
v 207.151001 -57.456001 359.378845
v 203.162308 -60.673317 360.166687
v 202.001617 -54.779274 338.175385
v 206.371704 -53.504982 341.806915
v 206.065582 -53.318565 360.288635
v 203.412827 -57.637173 363.255676
v 197.996353 -61.269539 364.352600
v 196.305054 -53.957638 338.167725
v 193.209244 -57.802280 341.194214
v 183.528687 -55.577297 345.471558
v 192.760117 -58.007038 367.587189
v 187.084656 -61.712479 367.244629
v 177.376465 -57.284241 340.790680
v 184.249191 -55.510136 344.580780
v 171.881912 -55.823891 348.029388
v 182.880508 -54.721481 353.559174
v 181.913040 -55.200871 356.780182
v 181.184647 -55.103447 360.992065
v 181.575363 -55.731258 366.585510
v 182.998306 -59.804642 366.851776
v 161.412476 -57.090282 342.002777
v 170.653152 -56.807854 342.490936
v 171.148010 -55.233452 346.079742
v 172.378891 -54.564056 350.881531
v 173.290543 -57.295895 353.599304
v 169.226837 -55.645790 358.524475
v 171.433228 -54.090305 363.283722
v 167.599014 -54.346985 365.738129
v 169.480148 -53.650894 369.990051
v 174.279404 -50.576168 375.348511
v 175.146912 -49.985256 381.677185
v 177.838104 -49.016972 388.116791
v 180.076370 -48.809631 393.786041
v 181.236725 -50.248470 399.552673
v 181.877426 -51.209396 405.246948
v 184.006348 -52.357521 410.956726
v 182.936493 -54.915207 415.580139
v 154.357742 -56.278103 356.939728
v 158.213623 -53.600803 360.055847
v 160.243881 -51.703430 363.994843
v 162.886536 -49.966934 367.682465
v 166.806610 -46.388348 372.314026
v 179.210815 -46.886726 420.190704
v 178.742386 -48.758427 424.748505
v 177.372528 -52.584469 429.029358
v 145.120789 -55.649273 358.678284
v 147.938568 -54.201225 359.156219
v 150.001511 -52.780476 362.797852
v 149.671417 -51.485451 368.171173
v 156.704086 -46.609634 373.789673
v 153.687424 -44.233040 380.112091
v 149.950821 -41.322250 383.845337
v 170.682159 -47.997013 431.972198
v 125.437645 -55.450081 369.200317
v 133.244263 -52.660099 370.681396
v 139.549408 -49.969189 373.617096
v 142.296646 -47.548569 379.347809
v 146.920456 -43.978889 384.099792
v 161.986588 -46.128056 434.794189
v 154.261597 -53.753353 436.306122
v 96.464966 -60.588860 349.536530
v 102.930931 -60.235027 351.595093
v 105.505051 -60.322990 355.403198
v 108.111206 -60.175678 359.489349
v 110.569313 -59.562546 363.580688
v 113.049660 -58.344398 367.353973
v 118.383934 -55.934273 371.306671
v 121.776794 -53.938076 375.015656
v 124.825737 -53.059494 378.607391
v 127.991936 -50.814835 382.656982
v 133.852829 -46.581093 386.021790
v 143.614670 -51.222000 434.184937
v 150.898682 -49.482620 436.545258
v 87.540443 -61.728291 350.167908
v 93.460083 -60.808872 353.582520
v 96.335228 -60.558983 357.491974
v 99.033371 -60.792660 361.640076
v 101.641708 -60.208908 366.043671
v 104.076332 -59.565609 370.540222
v 106.730232 -59.003826 374.664642
v 109.406326 -58.370533 378.798981
v 112.818085 -58.535385 382.837769
v 116.530998 -57.063419 387.263519
v 121.999969 -50.805164 388.034851
v 135.529724 -52.450676 432.475647
v 124.189751 -63.009529 432.216370
v 75.871445 -63.940483 350.908783
v 76.770432 -66.692635 351.827698
v 81.721451 -64.062820 359.071655
v 85.804871 -63.735035 364.106323
v 87.841469 -63.697052 368.457123
v 90.440254 -63.356571 372.941528
v 93.250633 -62.913563 377.210022
v 96.432297 -63.272224 381.861053
v 100.112595 -63.750061 386.121063
v 103.041313 -60.703762 390.150909
v 102.809525 -64.783768 396.589447
v 99.313141 -63.464382 400.379791
v 109.362328 -65.279694 426.579224
v 106.880585 -67.516708 428.463837
v 116.303291 -63.755604 431.345184
v 66.621597 -68.765945 357.764191
v 68.518555 -69.003517 358.127563
v 70.904236 -66.750748 365.763367
v 73.642952 -66.775970 370.406586
v 76.451065 -66.699326 374.652832
v 79.086189 -67.295509 379.283630
v 82.311188 -67.395668 383.238220
v 86.582184 -67.331032 387.662231
v 90.038307 -67.590614 392.069458
v 91.665764 -68.023750 395.952209
v 95.135139 -65.372749 401.288177
v 92.708595 -68.519585 405.647003
v 94.272682 -69.405800 410.668335
v 95.680283 -70.223160 415.648621
v 96.706329 -70.117188 420.371185
v 98.311218 -69.829391 424.788666
v 97.483299 -73.442299 426.437164
v 55.214684 -69.722878 363.448700
v 61.388065 -69.278236 365.681061
v 63.140434 -70.197678 370.291504
v 65.178604 -70.296486 374.728943
v 67.791725 -70.733360 379.326965
v 67.634483 -71.825050 383.913483
v 72.175461 -70.347504 388.586273
v 76.565178 -70.619850 393.295837
v 78.945732 -70.634567 397.252167
v 80.771477 -71.003044 401.011169
v 83.554100 -71.187187 404.869232
v 85.019592 -70.362526 410.367889
v 88.967072 -72.140106 414.512878
v 90.003067 -72.471298 419.516144
v 90.876534 -72.411316 424.176880
v 85.791061 -76.001862 427.833466
v 51.396526 -75.489258 384.615326
v 55.267517 -73.330353 386.367950
v 60.162407 -72.512993 389.736969
v 64.492599 -72.954788 394.441559
v 67.370613 -73.135635 398.587433
v 69.869431 -73.019524 402.256317
v 72.539757 -71.581627 407.191376
v 81.809265 -70.882690 409.011871
v 74.412796 -76.994637 430.987793
v 70.868797 -79.823044 433.870941
v 44.177444 -74.330978 385.125946
v 48.570522 -73.657654 388.305420
v 51.423027 -73.607407 391.841187
v 54.537212 -73.964867 395.830170
v 57.651257 -74.271408 399.884735
v 60.385601 -73.146950 404.471741
v 67.923820 -72.543259 406.348999
v 63.042347 -78.847107 431.707275
v 63.347210 -79.365440 433.529236
v 32.951183 -73.718086 385.731415
v 39.220131 -73.098633 389.358734
v 42.694824 -73.454216 393.277588
v 45.827080 -73.993553 397.130890
v 48.779247 -74.225319 400.925171
v 54.072716 -73.812431 404.782135
v 52.466187 -78.656319 433.066193
v 51.540443 -77.568375 434.910675
v 20.401932 -72.858788 386.025513
v 27.350210 -72.548210 389.875336
v 31.426874 -73.008507 394.088715
v 35.503090 -73.447845 398.389099
v 38.794197 -73.775543 402.057251
v 45.060795 -73.283302 406.228699
v 38.222298 -74.462578 428.795410
v 44.754829 -74.503731 431.170593
v 44.770432 -77.390038 433.613708
v -0.137834 -72.302475 382.629578
v 8.557911 -71.526779 386.129517
v 14.613607 -71.869377 390.111389
v 19.277611 -72.735916 394.429077
v 23.615623 -73.023872 398.986328
v 29.001339 -72.797356 403.873566
v 35.227928 -72.281151 407.061005
v 29.774759 -73.555237 427.713593
v -23.292130 -69.802780 355.564972
v -17.524939 -67.610329 359.601959
v -17.132160 -69.088799 365.496582
v -15.913496 -69.856033 371.506561
v -14.411261 -69.754761 376.827515
v -7.234425 -69.527985 381.960419
v -1.268688 -68.692780 386.185883
v 3.600339 -68.992203 390.412506
v 7.925396 -69.558350 395.018524
v 12.338455 -70.144028 400.166534
v 19.651428 -71.096703 403.945892
v 8.257441 -70.022408 420.946045
v 9.326122 -69.978203 423.024811
v 18.254311 -71.061783 425.831329
v -28.230909 -67.914200 355.377563
v -28.211782 -66.190941 355.315033
v -11.582878 -66.477203 415.034668
v -4.647856 -69.076065 418.011536
v 1.118374 -70.731361 419.680664
v -38.340008 -59.618366 356.194366
v -40.920139 -59.711788 358.001434
v -30.840675 -62.697155 408.954559
v -23.409428 -66.015968 412.588501
v -18.546320 -67.848953 414.418610
v -46.727043 -53.050823 358.162659
v -49.712593 -54.610718 359.848846
v -47.656162 -59.193047 403.333527
v -42.102966 -61.408024 405.788269
v -34.504097 -63.414902 408.129639
v -55.235359 -49.917324 361.335052
v -56.535015 -52.032604 364.511230
v -54.966862 -52.422241 368.692078
v -55.935482 -54.132847 371.985565
v -55.006413 -59.318367 401.090393
v -54.366322 -59.908295 404.302704
v -51.673351 -61.641602 406.681030
v -60.511063 -51.696865 374.589600
v -61.766949 -53.625397 378.300842
v -61.332668 -54.478268 383.334229
v -62.122707 -55.666168 388.086731
v -62.525898 -57.026535 393.000702
v -61.868870 -58.757763 397.157349
v -59.547157 -61.183205 402.747162
v -55.260044 -64.005859 406.719269
v 208.290619 -62.173637 337.777740
v 208.313095 -59.724945 343.233276
v 209.082825 -61.092491 348.640137
v 207.806351 -62.129562 352.160583
v 206.940521 -63.146290 355.186005
v 206.532669 -63.795002 358.216309
v 203.239487 -65.359535 359.914185
v 201.154449 -58.970852 336.902496
v 206.935242 -58.458687 340.788422
v 200.821793 -62.902119 361.510162
v 195.623169 -65.944290 363.663757
v 194.715500 -69.794724 365.787872
v 193.181442 -60.753731 335.319183
v 182.599167 -59.359173 340.419464
v 193.696228 -62.010162 365.530914
v 188.074799 -66.092712 367.311646
v 173.558105 -61.586906 335.085114
v 182.978241 -59.103859 338.465027
v 179.803207 -60.861691 365.513580
v 179.021545 -63.251701 368.138794
v 177.580643 -67.264519 371.900909
v 158.012024 -61.799122 334.870728
v 167.794998 -59.121468 336.888672
v 164.114975 -59.623474 342.304443
v 165.803543 -60.154182 346.208038
v 167.102005 -60.478966 350.040009
v 167.650848 -60.353569 353.517731
v 164.096771 -60.704166 356.993622
v 175.631424 -58.082546 363.916779
v 173.235916 -60.150589 367.095184
v 174.301941 -60.472149 370.870972
v 173.901108 -60.854279 376.568268
v 175.605743 -61.052452 382.277771
v 178.041656 -60.532745 387.801331
v 180.791855 -61.427616 393.516815
v 181.832321 -62.775822 399.028534
v 183.577896 -63.509773 405.009766
v 181.866791 -66.910599 411.185364
v 180.691864 -65.223999 415.068359
v 141.295090 -61.605469 337.571655
v 148.169846 -61.335049 336.232025
v 149.338898 -60.588997 340.776672
v 152.454407 -60.664967 344.754211
v 155.022415 -61.466457 348.514404
v 156.165573 -61.395149 351.948395
v 160.682404 -59.534451 355.064667
v 177.922333 -68.515244 414.892181
v 176.793304 -63.075962 418.732544
v 178.594604 -58.899628 424.179382
v 172.257935 -69.716827 426.532104
v 123.797516 -63.092846 337.343750
v 128.676880 -60.917286 338.871216
v 133.131409 -60.592087 342.161652
v 136.384155 -60.774326 345.650024
v 139.887589 -61.360477 348.959167
v 141.754471 -61.270088 352.298889
v 144.820526 -57.038574 356.895905
v 143.208405 -56.917583 360.332886
v 143.925034 -54.739483 364.793457
v 142.374771 -53.512737 368.311523
v 168.965134 -64.512505 420.888123
v 170.148727 -63.782616 424.879791
v 172.744232 -58.257942 429.364136
v 111.517990 -62.250557 337.177338
v 114.002380 -61.031895 340.325623
v 117.425270 -61.065243 344.230530
v 121.234604 -61.625477 347.576416
v 124.034691 -61.762039 350.823212
v 126.716454 -61.158562 354.262177
v 129.651001 -60.016571 357.148193
v 132.077667 -58.556736 360.715759
v 134.393066 -55.670208 365.787445
v 141.057602 -54.230633 366.870605
v 159.954376 -68.450668 421.667572
v 160.036041 -65.743240 426.013062
v 161.201523 -57.906967 432.588715
v 151.877991 -64.327232 432.535797
v 94.671448 -63.233574 339.181000
v 102.298569 -63.224113 338.703094
v 103.832123 -60.993065 344.936646
v 110.907532 -61.052448 349.245148
v 113.658287 -61.001675 352.975739
v 116.024452 -60.618473 356.688812
v 118.609215 -59.624443 360.306702
v 121.277412 -57.985157 363.757050
v 124.315125 -56.985554 365.735229
v 152.309113 -63.646709 427.675903
v 147.063309 -64.626755 433.873932
v 148.309204 -62.553776 433.766449
v 85.730446 -63.963318 342.622955
v 92.943764 -61.825787 345.390137
v 136.163086 -63.064686 432.203552
v 123.011414 -71.656837 431.870575
v 72.301659 -66.231110 344.701019
v 80.069115 -66.665794 345.355438
v 76.857979 -68.769348 351.543732
v 101.596077 -75.737404 423.572235
v 106.714638 -74.181358 427.253998
v 116.162376 -70.753166 431.084381
v 67.368759 -71.946739 353.438782
v 63.748745 -71.853104 360.268280
v 97.957275 -74.984497 424.773956
v 94.814514 -77.423012 426.685333
v 54.641254 -75.265900 357.450256
v 60.868397 -73.458778 357.840088
v 60.276661 -74.100456 366.383881
v 59.181980 -76.072914 371.242432
v 61.729149 -74.829926 377.219971
v 63.647118 -74.471321 381.046356
v 58.636971 -71.577850 383.423645
v 77.843201 -83.110161 424.722565
v 84.151855 -80.089966 427.327820
v 49.918575 -77.098801 373.400787
v 53.381542 -76.338593 377.093323
v 56.229134 -75.319672 381.751282
v 63.512810 -74.152328 383.525208
v 75.962242 -82.292267 426.503357
v 75.209831 -81.711761 429.404480
v 71.999588 -83.972824 435.347961
v 68.392845 -90.002502 438.815765
v 39.634708 -76.996574 374.226074
v 44.358406 -76.243835 377.923126
v 48.317322 -75.712540 381.345581
v 62.051472 -82.204475 431.288910
v 66.566284 -82.907814 434.709198
v 66.323372 -87.350822 438.559662
v 27.201580 -77.139977 374.740173
v 32.813850 -76.333153 378.558075
v 38.802559 -75.322685 382.054382
v 52.201088 -81.503166 431.703430
v 48.529369 -80.619743 432.705963
v 11.170530 -76.882477 374.637756
v 16.596947 -77.343727 378.007904
v 26.229589 -74.701492 382.333069
v 38.366123 -78.714767 427.747406
v 41.678280 -79.722908 431.739227
v 43.850266 -79.925758 433.916840
v -1.724868 -76.269394 375.393921
v 5.522119 -74.760651 379.557098
v 15.265705 -73.963348 382.431580
v 28.439892 -77.456940 426.825256
v -20.303127 -71.991829 354.752106
v -16.012676 -72.871727 359.253784
v -14.364504 -73.540039 364.775177
v -13.370478 -74.045120 370.025757
v -9.229002 -73.604790 374.872986
v -1.314313 -73.043312 378.890411
v 0.102117 -75.565269 418.074646
v 7.954920 -75.216942 420.978790
v 17.948551 -75.884048 425.207611
v -25.818083 -69.498581 354.254517
v -29.757158 -69.816948 355.590424
v -7.676307 -73.659218 418.230286
v 1.600586 -71.510147 420.865784
v -36.233147 -65.613106 357.007904
v -38.304066 -64.209999 357.483337
v -27.128428 -67.631989 413.376740
v -23.220972 -70.673653 416.468384
v -44.718517 -59.098324 358.533813
v -46.548168 -59.208740 360.996582
v -47.616402 -60.130829 364.458496
v -42.612347 -62.526104 406.808258
v -40.020325 -66.536606 410.165436
v -31.844608 -68.962822 412.443359
v -52.673698 -55.503719 362.187775
v -53.767120 -56.929184 365.547150
v -53.636169 -57.640213 369.492767
v -52.814003 -58.639088 373.318878
v -52.620636 -59.706154 377.694946
v -52.235733 -60.176392 382.794189
v -52.614674 -61.283924 387.455261
v -52.523876 -62.602547 392.442078
v -53.110306 -63.223698 397.617828
v -55.504879 -62.887417 402.800018
v -51.432938 -63.837460 406.663849
v -58.730785 -55.559772 375.027069
v -59.019344 -56.903122 379.626312
v -58.790897 -58.059856 384.699554
v -57.998013 -59.922256 390.045013
v -57.992016 -60.657749 395.316162
v -59.860298 -62.023312 400.433044
v -59.181057 -63.120010 405.128876
v -57.253311 -69.324432 407.770782
v 209.173843 -64.994736 337.346771
v 208.982834 -66.322105 342.514374
v 208.144699 -68.119255 347.362000
v 206.238693 -69.132202 351.208221
v 205.494629 -69.750237 354.185638
v 205.356339 -69.996422 356.942627
v 201.544434 -71.415833 358.635925
v 201.573074 -64.378387 334.887939
v 198.414078 -69.325256 360.441559
v 194.460922 -71.053024 362.853424
v 194.282623 -72.379555 366.163330
v 189.551743 -64.417694 334.211945
v 191.293137 -74.256927 365.417328
v 187.152588 -72.169746 367.949402
v 186.926941 -76.206421 371.976593
v 175.750320 -65.046570 333.903748
v 183.551956 -69.636932 369.456360
v 181.986145 -71.843124 372.766663
v 180.942123 -75.427956 377.573212
v 161.270752 -65.315933 333.652252
v 176.162674 -66.949669 374.052063
v 177.690842 -69.775642 377.441010
v 177.413620 -70.787247 382.928040
v 179.326157 -70.605766 387.498260
v 181.600342 -71.784492 393.006897
v 183.785416 -72.905678 398.613342
v 186.295090 -73.472130 404.091919
v 184.497849 -75.298859 408.408051
v 149.726212 -64.594994 333.810699
v 136.560318 -63.678841 339.410614
v 182.564301 -69.953522 413.437683
v 177.281403 -73.759926 415.489380
v 132.301285 -64.053360 334.587463
v 139.527527 -63.754818 337.193176
v 170.154358 -70.710648 418.138885
v 119.165451 -64.770416 334.659088
v 158.501358 -71.602814 420.556763
v 152.633606 -69.673874 421.265106
v 107.095757 -65.599022 334.741058
v 92.567642 -65.047951 340.817963
v 148.856506 -72.390968 420.679474
v 144.997894 -73.816322 425.586487
v 140.223236 -71.547493 426.284058
v 89.110367 -67.950607 336.726196
v 94.202423 -65.387650 339.113251
v 127.734573 -76.761833 425.444763
v 127.882973 -74.852402 428.619476
v 120.299194 -77.735306 429.155853
v 72.304115 -67.588272 339.145172
v 83.773056 -69.015381 338.896606
v 77.301872 -71.846710 345.328461
v 73.340225 -69.104942 351.889435
v 101.544731 -78.233582 413.086151
v 104.815361 -78.458015 415.641724
v 108.313568 -78.741631 422.596619
v 116.155418 -75.997513 429.153229
v 115.888649 -78.452919 429.974518
v 61.791763 -75.945320 345.833893
v 66.397705 -73.416420 347.878845
v 72.073112 -72.521950 351.677795
v 89.947487 -78.539154 408.894714
v 92.176643 -78.620491 411.794678
v 95.642914 -78.363152 417.273560
v 94.455170 -79.920929 422.324585
v 90.571297 -82.006676 424.275696
v 51.444176 -74.128357 346.736908
v 60.191425 -75.745789 348.750671
v 54.311493 -80.361816 348.533905
v 58.484375 -77.311737 360.899567
v 59.225548 -77.659401 367.217651
v 53.451210 -76.238579 369.425415
v 82.554916 -78.794579 409.744171
v 83.610413 -78.302185 413.187744
v 83.673477 -80.297073 417.561005
v 83.288277 -83.174339 423.535950
v 88.940636 -82.037086 425.819611
v 42.168667 -80.097252 353.035278
v 48.039894 -77.332596 354.840546
v 51.162498 -77.246841 360.471008
v 52.073685 -77.934967 366.100037
v 54.979492 -77.935921 369.730804
v 75.558212 -78.853233 410.408630
v 69.882240 -81.955849 412.517822
v 73.380600 -81.902267 417.828033
v 72.730438 -83.730988 424.050964
v 72.792961 -85.270271 428.971069
v 72.432274 -88.445602 435.310760
v 66.933952 -95.102768 437.069305
v 29.374968 -78.615936 353.478516
v 35.642132 -78.753479 354.393372
v 40.563484 -77.334015 361.715240
v 41.880455 -77.904442 366.416016
v 45.796680 -77.980194 370.150787
v 52.618732 -82.423347 411.105225
v 58.616821 -82.048561 412.538055
v 60.722458 -81.582001 418.654755
v 61.010330 -83.662727 423.904205
v 62.384457 -85.494194 430.382599
v 65.370735 -89.424408 436.890167
v 64.084694 -95.304497 438.360870
v 21.432634 -79.280792 357.789368
v 27.256575 -78.117767 361.903625
v 29.772844 -78.737480 366.747101
v 34.794708 -78.508614 370.721893
v 46.657303 -81.228256 411.637482
v 48.718159 -80.084572 414.945526
v 48.884937 -81.219803 419.941467
v 49.753384 -82.972504 424.795013
v 51.774059 -83.249504 428.400238
v 7.021492 -79.490883 357.346344
v 12.806680 -78.656044 361.995575
v 15.761120 -79.152824 366.713470
v 17.883093 -79.722824 372.697693
v 9.128480 -77.134644 375.337646
v 35.880310 -80.886826 413.890259
v 34.751938 -81.547211 414.417053
v 37.367195 -79.991966 420.466644
v 38.933804 -82.148193 425.939026
v 44.504269 -82.755096 428.840881
v -10.195390 -79.338402 351.283661
v -3.810043 -77.762466 356.215515
v -0.737757 -78.421822 361.461304
v 1.867993 -78.276955 366.521393
v 5.911931 -77.060562 372.154541
v 13.012083 -77.666985 375.182129
v 7.321260 -80.676369 412.499786
v 20.257721 -80.463066 414.878540
v 23.761093 -79.125412 421.077789
v 27.976915 -79.854324 424.944489
v -15.542223 -75.371017 351.974426
v -11.713665 -76.400490 357.295868
v -10.350598 -76.631584 362.405182
v -7.906750 -76.745239 367.564911
v -2.234653 -76.606277 370.880646
v 2.085311 -78.767769 413.732391
v 6.680257 -78.766869 416.878052
v 14.814737 -78.209526 422.728271
v 15.819362 -78.982666 424.191193
v -27.199085 -73.873337 350.741211
v -27.273653 -71.654236 354.978668
v -11.671081 -77.376213 413.534821
v -8.861406 -74.615829 416.027161
v -34.277267 -73.228409 352.057648
v -32.935547 -71.306786 353.183685
v -36.603935 -68.429146 356.783661
v -24.507034 -75.373520 412.492950
v -24.300304 -72.611855 414.961578
v -42.732960 -63.817455 359.019257
v -43.804615 -64.055130 362.485718
v -44.145805 -64.856857 365.866760
v -42.213379 -74.118317 403.807922
v -38.488838 -72.941093 408.148743
v -32.024075 -71.732803 412.948242
v -50.010414 -61.036274 367.387299
v -50.354839 -62.209034 370.533234
v -48.159843 -62.461327 374.897705
v -48.108856 -63.244320 379.990936
v -49.218296 -63.757450 384.832062
v -51.750572 -64.570045 390.644897
v -50.949448 -65.475708 395.134033
v -53.828060 -67.832024 398.517609
v -49.663731 -69.696114 403.735870
v -45.686066 -67.820602 406.445679
v -53.816906 -63.240154 387.425751
v -55.631828 -66.999100 392.278870
v -52.014622 -69.662872 395.897491
v 208.296646 -69.307945 337.303955
v 207.416412 -72.395943 340.225677
v 207.726059 -74.265297 346.322845
v 206.065506 -75.462479 350.118958
v 204.105713 -75.528809 353.492035
v 203.978241 -76.156052 355.991516
v 201.432037 -77.650719 357.729889
v 203.057343 -70.198967 334.566315
v 199.369370 -72.169289 338.231781
v 197.897873 -75.241562 359.422424
v 194.677826 -77.676697 362.035583
v 195.569214 -81.289970 365.320282
v 189.067230 -69.627563 333.317291
v 191.392212 -75.162628 364.333221
v 190.717026 -77.304230 368.156128
v 187.980713 -81.525803 372.917786
v 175.711075 -70.696922 333.097809
v 186.603882 -78.185486 375.335388
v 184.850250 -81.346413 378.088898
v 161.294632 -70.500931 333.275238
v 180.539230 -77.082916 380.234436
v 179.897308 -78.481583 382.986298
v 181.023376 -78.826233 387.261505
v 183.149124 -80.383621 392.366608
v 182.348587 -80.838097 397.590027
v 183.964462 -78.919220 403.638733
v 182.765396 -78.153351 407.088074
v 147.685349 -70.209862 333.529968
v 178.292877 -79.717438 401.313599
v 176.328522 -82.511742 404.301758
v 179.086456 -79.429199 410.532471
v 173.304398 -79.832222 413.193024
v 134.794037 -69.034302 333.475098
v 167.805923 -81.518120 407.206512
v 169.609253 -79.291718 411.073090
v 170.146667 -77.293655 415.092224
v 122.183296 -68.054939 333.525391
v 146.360123 -78.474884 403.647675
v 154.273026 -78.937027 405.835602
v 157.100311 -78.018761 411.677673
v 159.299164 -75.889030 416.294586
v 109.762611 -69.129280 333.680542
v 131.584412 -77.220505 398.629608
v 137.764969 -77.008324 401.053101
v 141.314713 -76.681030 407.136475
v 142.361404 -77.842331 412.636932
v 144.923065 -77.870575 418.524658
v 138.331177 -77.629555 419.825134
v 97.926872 -69.784294 334.808655
v 91.994980 -72.699615 336.868774
v 114.474022 -78.270607 393.388031
v 119.726471 -76.722054 396.363464
v 124.850342 -76.539169 402.109406
v 124.516418 -77.829262 407.377502
v 127.640991 -79.186783 412.677216
v 127.080109 -80.272217 417.549561
v 128.022980 -78.645889 421.648407
v 86.638016 -69.822922 336.683319
v 83.182594 -73.980515 338.404907
v 72.536552 -72.121223 344.965485
v 104.868942 -78.588081 393.551056
v 107.869583 -77.480591 397.048920
v 108.306496 -77.704674 402.455505
v 110.768692 -79.453972 407.441681
v 107.429756 -80.510536 412.654205
v 115.239082 -80.073868 418.669891
v 117.797035 -78.743401 420.762085
v 68.018539 -74.748047 342.057495
v 76.474533 -73.035164 344.090393
v 82.632301 -79.242386 389.266693
v 88.344505 -78.820877 391.938141
v 93.975655 -78.438759 397.088745
v 95.251488 -79.317375 402.824554
v 92.728752 -80.550385 406.919006
v 102.227821 -78.031807 410.829895
v 57.745144 -77.070381 344.549988
v 58.333298 -78.412796 350.236694
v 50.876755 -77.517349 353.791077
v 80.485008 -78.028000 390.513062
v 76.224953 -80.300995 391.945435
v 82.495026 -79.591743 397.803528
v 83.447739 -80.693283 403.049622
v 84.309807 -80.349991 406.427795
v 45.157116 -79.553024 344.310028
v 48.964077 -77.735046 350.053070
v 56.134892 -78.595810 352.967468
v 69.409164 -81.834419 394.018738
v 70.419518 -80.846046 398.310638
v 71.117485 -82.169479 403.309692
v 69.602898 -83.071243 406.769531
v 67.968651 -83.084488 409.752625
v 33.303951 -80.383545 344.731079
v 37.710423 -79.380745 350.079865
v 26.945597 -79.432747 353.771606
v 57.138985 -82.899353 394.568390
v 58.932919 -81.913162 398.903259
v 60.506454 -83.236954 403.820099
v 58.857727 -84.457458 407.722717
v 64.395241 -82.543182 411.390259
v 20.933735 -80.999924 344.871704
v 24.923838 -80.916740 349.440735
v 29.612621 -80.070930 354.185425
v 44.866428 -83.678581 394.767853
v 46.533947 -82.512924 399.228607
v 47.342781 -83.223534 404.187653
v 47.945465 -82.691772 408.093903
v 8.236282 -81.953598 344.376251
v 11.319657 -81.216309 349.001831
v 16.324703 -80.293114 353.853058
v 30.011547 -83.391251 394.729187
v 31.761929 -82.116890 399.498291
v 32.099613 -82.639732 405.001587
v 34.481991 -83.483406 409.396545
v 26.936594 -83.289619 413.182678
v -2.993998 -81.157204 343.678955
v -0.082866 -79.510902 349.087708
v 4.126123 -80.315460 352.273926
v 14.035184 -82.593010 394.704285
v 15.148623 -81.469727 399.732147
v 15.841179 -82.445152 405.663361
v 19.071796 -83.251678 410.542419
v 23.154226 -81.844368 414.404785
v -14.127883 -79.721344 342.999146
v -8.953663 -79.103012 347.210632
v -1.319129 -82.121048 395.777924
v 0.010872 -82.986763 398.793121
v -0.270216 -81.511284 405.688507
v 1.584865 -80.336769 409.689758
v -25.947878 -78.453316 343.759430
v -21.257450 -77.134689 346.748383
v -14.101258 -81.813728 401.409485
v -13.194936 -80.646233 405.802216
v -12.320992 -79.225815 409.721985
v -36.793571 -72.434792 345.140808
v -33.930973 -75.412071 347.971344
v -34.803921 -72.609009 352.780518
v -35.174816 -65.235809 357.565491
v -25.369516 -82.538940 402.256134
v -27.061424 -82.317352 405.052826
v -24.082609 -77.722588 409.200592
v -41.044003 -64.267128 355.047150
v -38.894020 -71.238586 356.818726
v -40.528732 -71.365143 362.341827
v -38.999519 -62.808861 365.852814
v -40.324783 -80.648216 398.172729
v -38.082325 -79.075752 402.503540
v -33.064236 -76.623215 406.979492
v -45.277836 -62.894169 363.124481
v -45.305420 -69.894722 366.273254
v -46.784336 -68.634460 370.982788
v -45.851471 -68.710457 375.185089
v -47.501640 -70.638359 380.742462
v -50.176338 -67.846077 385.725830
v -45.190434 -65.797791 385.123810
v -49.062290 -76.804932 399.766998
v -42.138962 -75.032967 401.231689
v -48.825748 -62.607155 377.483765
v -52.903011 -69.846977 382.443512
v -54.605728 -70.095284 388.898438
v -57.050838 -72.568947 392.554504
v -53.904320 -74.394897 396.103271
v 205.725372 -76.186760 341.560089
v 205.322739 -81.003258 344.210114
v 204.625931 -80.862534 349.267120
v 203.923203 -81.879662 352.780365
v 204.343735 -83.450287 354.935699
v 200.575974 -80.421005 358.422424
v 195.714569 -74.344604 334.126038
v 202.144867 -77.863815 338.591583
v 199.123413 -80.120796 342.312439
v 198.439697 -83.626495 357.563019
v 197.720840 -82.241127 357.858337
v 195.568268 -83.187637 361.891693
v 195.586807 -84.221146 365.740173
v 191.052063 -74.354897 333.071014
v 184.088409 -79.072456 335.205933
v 191.633667 -86.308830 365.345367
v 189.548691 -85.539452 367.894867
v 186.785309 -85.431023 371.757324
v 180.723511 -78.669655 332.257019
v 176.239517 -80.827332 335.839661
v 184.353134 -87.615204 370.958862
v 185.274078 -85.991920 373.433960
v 181.660919 -83.871353 377.032928
v 165.318527 -76.222626 333.049927
v 158.363144 -79.026825 335.060760
v 178.992538 -86.528458 376.016388
v 181.553345 -84.223663 378.615417
v 178.977051 -85.404541 381.807220
v 179.549973 -84.488228 387.093933
v 181.875198 -85.278580 391.549988
v 179.411713 -82.713943 395.139618
v 151.785706 -74.547096 333.717865
v 146.921173 -76.359291 335.387512
v 175.008804 -85.778587 384.324585
v 171.442856 -85.848999 386.380829
v 173.935242 -85.924355 392.024231
v 175.973343 -83.827644 398.097198
v 171.351822 -83.044731 402.069000
v 138.713791 -72.635391 333.775665
v 133.706665 -73.991074 335.242035
v 162.504669 -86.334358 389.318085
v 164.959656 -84.953545 393.674774
v 166.106613 -85.699905 399.304108
v 167.056793 -84.233383 403.434143
v 126.563423 -70.875603 333.437622
v 121.121994 -72.511131 335.174744
v 145.032043 -84.101074 385.771698
v 151.269287 -81.923050 388.724640
v 153.867844 -83.452698 395.365723
v 153.422195 -82.219803 401.133484
v 158.571045 -80.293472 405.270081
v 114.478722 -70.420837 333.350006
v 108.582314 -72.399521 335.288940
v 128.192642 -83.336159 380.454437
v 137.411407 -81.475967 384.356934
v 140.319534 -82.570526 390.377411
v 137.471268 -80.091896 396.602600
v 144.759506 -78.396866 401.196442
v 103.564400 -71.081902 334.007507
v 97.157990 -73.558884 336.045135
v 110.373520 -84.303421 375.334381
v 121.137444 -82.208832 379.805603
v 123.008591 -82.186142 385.825317
v 120.376305 -80.094162 391.943787
v 129.789032 -77.548203 395.978119
v 85.614090 -75.983444 337.497620
v 100.260139 -83.600845 377.168182
v 102.522972 -82.575027 381.568665
v 104.858032 -82.919998 386.557831
v 105.467857 -80.901215 390.026825
v 73.235840 -77.319702 338.772736
v 85.102577 -84.085983 377.769135
v 86.912964 -83.763817 381.702271
v 87.946831 -82.375984 387.070312
v 96.195580 -79.246117 390.586487
v 60.850067 -78.779442 339.335632
v 66.330437 -84.473518 371.088135
v 69.324608 -83.885109 375.842285
v 75.892174 -84.515968 380.879395
v 74.917137 -82.081352 386.946259
v 74.041962 -81.350113 389.344757
v 43.682381 -81.818047 337.491547
v 51.158310 -79.776917 339.696045
v 63.218876 -83.534386 372.729187
v 56.896015 -84.734703 375.349304
v 63.469170 -84.137581 380.772858
v 64.480721 -84.495323 385.746460
v 67.688934 -83.522766 389.629181
v 30.297586 -79.697044 338.057037
v 41.312927 -80.804741 339.808990
v 47.351963 -85.448074 376.615143
v 50.322571 -84.669777 381.077911
v 52.936371 -85.373436 385.628021
v 56.294167 -84.524147 389.822083
v 17.660547 -84.967125 337.577850
v 28.578804 -80.753258 340.409424
v 33.252781 -85.776299 376.855133
v 36.414734 -85.183342 380.968414
v 39.966591 -85.934937 385.590973
v 43.917427 -85.301476 389.906891
v 10.062798 -82.952232 337.201508
v 16.529936 -82.290916 341.089294
v 19.015846 -85.807724 376.796082
v 21.985943 -85.188423 380.842682
v 25.852976 -86.082985 385.405304
v 29.710779 -85.279572 389.760681
v -2.447864 -82.441025 336.797058
v 4.565635 -82.087280 340.824188
v 4.426937 -85.571342 376.866730
v 7.919659 -84.880760 380.735199
v 10.709534 -85.672195 384.869598
v 14.903813 -84.797142 389.485657
v -14.230361 -81.080925 336.445618
v -7.502514 -81.149559 340.253632
v -7.560863 -85.373444 377.297455
v -8.578731 -85.840004 380.329132
v -4.014172 -85.407524 384.659363
v -1.168268 -84.636490 392.095428
v -9.595257 -84.472801 394.932190
v -23.806429 -79.627197 338.442474
v -25.439720 -79.797577 339.544617
v -18.763401 -85.742760 381.564972
v -15.783150 -84.623978 385.724579
v -14.703067 -84.704185 391.018341
v -13.452139 -83.588600 396.067749
v -31.318634 -77.890434 343.242584
v -33.500565 -77.041496 347.891449
v -32.714603 -68.664131 352.812439
v -29.719189 -85.435478 383.505676
v -24.892845 -85.896278 386.209198
v -28.808628 -86.131042 392.158478
v -26.415897 -84.566330 398.433807
v -27.109503 -84.355766 400.206207
v -38.474464 -69.395386 349.691345
v -37.113873 -75.671120 351.727814
v -39.556278 -77.945473 356.486694
v -37.345009 -66.210892 361.441681
v -39.430244 -84.769142 386.589691
v -37.175949 -85.720238 391.713043
v -36.035896 -84.004280 398.403625
v -31.451408 -82.779488 401.034180
v -43.433193 -69.223953 358.308990
v -43.591152 -76.740799 360.429932
v -44.494286 -76.785027 366.094635
v -44.543900 -79.219276 369.314362
v -45.385513 -74.433533 375.277100
v -40.722149 -66.884361 375.473633
v -41.934120 -83.697334 387.617401
v -46.896996 -85.531754 391.211700
v -42.440502 -81.187103 394.796906
v -47.587536 -72.509384 369.282928
v -48.072994 -78.849686 372.223145
v -50.298180 -76.750015 377.876617
v -53.363834 -76.424011 382.068420
v -54.526875 -78.744270 386.948944
v -55.680222 -82.223160 391.976196
v -52.364712 -80.951210 395.013733
v 204.160721 -84.009613 345.384949
v 202.751648 -85.721375 348.237396
v 202.754929 -86.984879 352.215088
v 201.023071 -88.093208 354.712311
v 195.430542 -79.065361 335.448608
v 197.364105 -85.019516 337.139496
v 200.515182 -86.776047 342.327271
v 197.858215 -89.596703 347.502106
v 197.121307 -90.347137 351.990143
v 199.106140 -89.896698 354.767792
v 196.059906 -90.320694 358.549713
v 195.331467 -91.559273 362.256073
v 191.376541 -78.349663 333.775635
v 186.248978 -84.444870 336.305267
v 192.073624 -89.214493 364.955963
v 188.176285 -93.167755 367.923248
v 172.572571 -83.392036 334.058350
v 177.890182 -86.429176 334.899384
v 184.104141 -89.711494 370.429504
v 180.436752 -91.757057 372.277710
v 169.140427 -81.266808 333.292908
v 165.317841 -83.963959 336.006622
v 159.628754 -85.788353 338.476776
v 174.250076 -94.575348 372.325775
v 178.922302 -90.537643 373.966644
v 178.293045 -93.043243 376.565674
v 177.218613 -90.722221 379.876617
v 155.265320 -80.281273 336.409302
v 148.939804 -82.026527 338.156830
v 171.927887 -94.208961 378.150604
v 172.369431 -89.044586 381.170563
v 169.927582 -88.857986 384.310638
v 142.480072 -77.729111 336.160400
v 135.822205 -79.077660 337.849976
v 163.800751 -93.475883 378.222443
v 165.815857 -91.847351 381.937744
v 163.174713 -89.207436 386.086487
v 129.050827 -75.281616 336.105743
v 125.452599 -76.873184 338.130005
v 122.559860 -78.465775 340.917786
v 143.988556 -91.755470 371.547272
v 154.745926 -90.174591 375.445190
v 153.567780 -86.911407 382.571106
v 157.405243 -85.928963 387.474426
v 116.702835 -74.384941 336.056152
v 114.476059 -76.914436 338.900024
v 116.142288 -77.193344 341.130646
v 137.128555 -90.305435 372.663361
v 142.076553 -86.475876 377.644531
v 143.201874 -84.522049 382.791199
v 104.010193 -75.062706 336.214935
v 97.816193 -77.767792 338.206635
v 112.017403 -90.058105 366.206818
v 123.842293 -87.370880 370.978394
v 127.219337 -84.248032 377.077972
v 90.398415 -76.679909 336.805939
v 83.526428 -79.601273 338.879822
v 95.611870 -89.920235 360.553375
v 103.028954 -88.071800 365.600006
v 103.203133 -85.721275 371.869171
v 77.274895 -78.700325 337.738617
v 69.585884 -80.679909 339.495514
v 87.067406 -88.275551 362.050842
v 87.592529 -87.294983 367.586182
v 86.467865 -85.206528 373.038055
v 64.371216 -80.077774 338.221405
v 57.759472 -82.072105 339.289276
v 72.269539 -88.743629 362.811584
v 69.148865 -87.231903 368.789764
v 79.350266 -84.628342 373.690704
v 43.825130 -83.136719 336.195984
v 53.318192 -82.556602 336.410614
v 50.130440 -82.613945 338.785126
v 53.582134 -89.316467 355.942535
v 56.561073 -88.138107 360.793182
v 55.816319 -86.495598 368.516724
v 56.124668 -86.297905 371.196198
v 42.169128 -81.061424 336.219757
v 37.310837 -83.083771 337.417297
v 44.263779 -88.415977 357.733948
v 44.973637 -87.434616 362.529816
v 45.273964 -87.210762 368.243927
v 46.748886 -86.437416 372.709473
v 20.220211 -84.847198 336.666901
v 27.164932 -82.945137 337.129791
v 31.343054 -88.291389 358.087067
v 32.020061 -87.047707 362.954193
v 31.899916 -87.572227 368.069946
v 32.842453 -86.849083 372.567566
v 17.196470 -82.870338 335.591827
v 12.608209 -83.110825 336.500763
v 18.671295 -88.408569 358.172058
v 18.847878 -87.446587 362.776794
v 18.444677 -87.578926 367.687408
v 18.905640 -86.867523 372.421600
v 4.993724 -82.896324 335.303589
v -0.227040 -83.538773 336.141846
v 5.958138 -88.478836 358.343628
v 4.994246 -87.611984 362.840698
v 3.142411 -87.871155 367.458466
v 3.740819 -86.910408 372.153137
v -10.168398 -81.571472 334.044678
v -9.374233 -85.111870 336.512085
v -4.358500 -89.236237 358.958893
v -10.129063 -88.328186 362.451416
v -10.946438 -88.469681 367.933044
v -9.644706 -87.344444 373.922302
v -14.257187 -87.420334 376.434631
v -18.740074 -81.514412 335.347015
v -23.264200 -82.568886 337.691162
v -20.398323 -89.619438 364.897125
v -20.726475 -88.831154 369.236816
v -19.689016 -88.891800 374.004517
v -17.319075 -87.619774 377.935730
v -34.324223 -81.225983 342.025848
v -30.883247 -74.557533 346.978821
v -29.205566 -89.988113 366.169495
v -32.840714 -90.019333 370.546753
v -29.071014 -89.041870 375.186676
v -30.260212 -87.989731 380.165253
v -27.805128 -88.199631 384.781738
v -29.586620 -87.560028 388.451324
v -40.182140 -76.724472 343.606354
v -36.810555 -80.828751 346.506836
v -38.459900 -84.038147 350.682281
v -34.981518 -73.632942 356.386749
v -37.737625 -89.853180 372.031036
v -40.281055 -90.355042 375.695251
v -34.483814 -88.877136 380.138336
v -35.913662 -88.073532 385.901184
v -32.257626 -85.999405 389.693207
v -42.202408 -77.839073 353.164856
v -41.950077 -83.773842 354.887665
v -43.092213 -84.811028 360.273956
v -41.447826 -85.367584 364.206299
v -41.723797 -86.983894 366.991730
v -43.686100 -88.531631 370.169495
v -45.331467 -88.209274 374.952728
v -42.131344 -87.437500 380.459717
v -44.860619 -87.343758 384.946869
v -45.765057 -88.142433 387.092865
v -46.015030 -81.693787 369.781006
v -47.639313 -82.855377 373.036316
v -48.339275 -82.845337 377.307892
v -48.983131 -84.481606 382.258545
v -50.465012 -86.997543 386.915802
v -49.769890 -86.936447 388.684906
v 193.922134 -89.310387 339.239960
v 193.559341 -91.486954 341.726135
v 194.319443 -94.131798 346.421814
v 194.151505 -95.459885 351.136719
v 194.127655 -95.637718 355.531433
v 194.749039 -95.362854 359.806793
v 194.661697 -101.119186 363.984039
v 188.019180 -89.512947 337.978363
v 186.485870 -96.876213 340.017212
v 187.315063 -99.346680 345.703735
v 188.548309 -100.986076 350.803864
v 189.502365 -101.233009 356.090363
v 191.820374 -101.405701 360.931213
v 192.292191 -99.316391 362.947174
v 184.332733 -99.315079 368.460968
v 178.069733 -90.334129 337.475098
v 171.493805 -95.690559 339.576263
v 182.012894 -102.121483 367.366211
v 182.051880 -97.080475 367.779236
v 168.908630 -89.192535 337.503479
v 163.272552 -91.584564 340.087402
v 160.175873 -93.705032 343.275909
v 159.084259 -95.197197 347.235107
v 177.942429 -96.850197 369.633698
v 174.212418 -98.926582 372.136536
v 173.363861 -98.290092 374.561798
v 155.038315 -87.662567 340.128174
v 152.009247 -90.502480 343.333588
v 152.813553 -96.571960 347.462860
v 168.252625 -100.499710 372.118622
v 172.839386 -97.367783 374.315277
v 142.823273 -84.425293 339.375275
v 137.847321 -86.278809 342.240112
v 135.223663 -87.666405 346.273895
v 153.879791 -101.330719 366.788361
v 162.272110 -99.156448 370.079376
v 164.770203 -96.312347 373.935486
v 131.310089 -80.662064 339.538849
v 129.925079 -82.951591 342.426361
v 126.632133 -85.876633 345.705627
v 149.650223 -98.568169 364.977478
v 155.009781 -94.946365 369.647644
v 157.616241 -93.001808 374.123413
v 112.596878 -79.355972 339.751678
v 117.788925 -81.822723 342.856628
v 115.296173 -86.195877 345.775879
v 122.538506 -95.115196 356.170624
v 129.407898 -94.824310 357.479218
v 136.309967 -95.922615 362.928131
v 136.573120 -92.879623 367.393036
v 105.773750 -80.143158 339.163116
v 104.229988 -83.555641 342.849274
v 105.630013 -86.501976 346.830688
v 109.134430 -89.662788 349.608582
v 114.058968 -91.261787 354.458679
v 121.004562 -93.090469 357.524506
v 121.987556 -92.139244 364.059540
v 127.295059 -90.809914 368.308624
v 92.445496 -81.434380 340.012939
v 91.599792 -84.832558 343.394043
v 95.166771 -86.952782 346.975128
v 100.091362 -89.234802 350.303253
v 102.988281 -91.226532 353.481750
v 103.934738 -91.687767 358.892853
v 108.721573 -90.043755 362.855286
v 78.550606 -83.131126 340.471771
v 78.323021 -86.006660 343.018890
v 82.697998 -88.026527 346.309692
v 86.037178 -90.455406 349.663849
v 87.471344 -91.954254 352.625916
v 88.434181 -90.763634 356.853394
v 65.330971 -84.063904 340.092224
v 65.415123 -87.247932 342.192444
v 69.297455 -89.588745 345.612152
v 72.057312 -91.483673 348.786835
v 73.090210 -92.614166 352.071716
v 73.942505 -91.208122 357.012573
v 46.787628 -84.680656 337.332397
v 53.814499 -84.908752 338.809814
v 53.762058 -88.385735 341.837250
v 56.881912 -90.561302 345.308929
v 58.702744 -92.065170 348.310303
v 58.923874 -90.771255 353.691589
v 66.199074 -89.763451 357.889404
v 41.632774 -84.533096 336.955017
v 39.749268 -87.158630 338.712372
v 43.187225 -89.102333 341.689117
v 45.257149 -91.277977 344.826294
v 45.616402 -92.295212 348.013763
v 45.916969 -90.814606 352.771240
v 31.074089 -84.895226 337.140533
v 29.726349 -87.507950 338.418854
v 34.821510 -91.209763 341.223816
v 34.771461 -91.178749 343.548523
v 33.355762 -92.129295 348.171387
v 33.285599 -90.738579 353.207886
v 19.769234 -85.398468 336.991394
v 15.112437 -88.214180 338.327148
v 16.908743 -92.779419 342.106201
v 22.731253 -90.404243 343.504425
v 21.307568 -91.941170 348.642426
v 20.941568 -90.362434 353.536530
v 7.881268 -85.064667 336.970947
v 3.256168 -87.820068 338.466766
v 13.706309 -91.876740 342.840210
v 8.778249 -90.783173 344.228210
v 9.204300 -91.464142 349.439392
v 8.177066 -90.602036 353.785370
v -12.699304 -86.561386 335.156219
v -11.738280 -86.471886 335.255859
v -4.927153 -89.685783 338.414886
v -2.362819 -92.437599 346.173462
v -3.307989 -91.660828 350.198883
v -7.754174 -90.281105 355.468719
v -10.238193 -92.302689 358.670532
v -15.990507 -84.560310 334.553009
v -19.827494 -86.170403 336.392303
v -12.643177 -94.214874 348.074615
v -20.440275 -92.951141 350.578125
v -16.986328 -92.641594 356.449768
v -19.252987 -92.126549 360.489594
v -27.971226 -85.701797 338.853180
v -31.914234 -90.004196 341.099243
v -26.357634 -95.503914 353.311371
v -31.763483 -94.740814 357.152740
v -31.601799 -92.319611 363.499359
v -31.777550 -92.811020 366.747314
v -33.983654 -84.711082 342.170349
v -33.746281 -87.311447 346.163147
v -34.574051 -90.813141 348.703369
v -36.441872 -93.458908 351.356506
v -38.062515 -95.137054 355.255371
v -39.310497 -95.662430 358.873444
v -38.046242 -95.075142 365.075958
v -39.234997 -93.447433 370.249756
v -40.644184 -93.195351 372.610107
v -38.454052 -87.976280 352.441040
v -40.086475 -90.410889 355.327850
v -41.501980 -91.932640 359.190918
v -42.676929 -93.019661 363.036224
v -43.690746 -93.887886 367.384277
v -43.485996 -94.299164 371.988098
v -42.116344 -91.181541 373.741058
v 181.516373 -102.761780 341.979736
v 183.010223 -105.365311 344.809509
v 185.455597 -106.445656 350.414551
v 186.863632 -106.126366 356.001984
v 188.382828 -105.282242 361.247375
v 185.033112 -109.138435 364.522308
v 176.743713 -102.906235 341.057068
v 174.739868 -106.528770 344.640381
v 177.664078 -106.843765 350.222870
v 179.481430 -108.628273 355.513763
v 183.024841 -110.230858 361.088135
v 181.799011 -107.489174 363.634888
v 173.936295 -105.006973 366.835815
v 167.376724 -99.531738 341.401520
v 166.280746 -100.809616 345.486908
v 167.463791 -101.911087 350.045502
v 164.310562 -105.321594 353.439484
v 171.137512 -107.848740 366.157593
v 172.512436 -105.449478 366.327789
v 169.876282 -104.426239 369.123566
v 149.811035 -97.970924 345.893066
v 156.733475 -97.549675 349.075043
v 153.964859 -100.411743 352.876526
v 152.652008 -103.955627 356.594818
v 157.846436 -109.014915 364.106873
v 164.488266 -106.248779 366.337006
v 167.117035 -103.158638 369.624939
v 145.278671 -92.505135 344.853607
v 144.353241 -94.827065 348.535553
v 144.693497 -99.303360 353.355835
v 147.150925 -105.848656 356.767700
v 153.734848 -105.450134 362.895142
v 159.614700 -103.330261 365.952972
v 163.457642 -102.798912 369.762146
v 134.947311 -91.770973 348.502380
v 133.451370 -96.527275 351.693878
v 135.944641 -99.802490 355.036469
v 143.858948 -103.678192 359.999969
v 146.364960 -100.680862 363.116577
v 124.409775 -90.882553 348.255463
v 126.266243 -95.505394 351.213257
v 129.438477 -97.476791 355.821167
v 138.740540 -99.383812 359.475128
v 138.444748 -98.746307 362.591858
v 116.373322 -90.655701 348.238037
v 120.107300 -94.506065 351.463898
v 121.262138 -95.232315 354.284607
v 29.684978 -92.379257 339.778473
v 31.082802 -94.630402 340.437958
v 30.330257 -94.059166 342.842133
v 23.432220 -92.821472 338.035736
v 23.800671 -93.521347 340.110107
v 27.493904 -93.445969 343.184509
v 11.807096 -92.292053 337.685730
v 10.596504 -92.282249 340.207581
v 6.362994 -94.403282 342.830597
v -7.803221 -91.477859 337.239899
v -2.369478 -89.952583 338.237244
v -1.763573 -94.193085 340.575928
v -0.829248 -94.316528 343.407532
v -14.419230 -90.524467 336.227173
v -15.471581 -93.338387 338.308289
v -14.630727 -95.376373 341.083801
v -16.995344 -94.375084 345.695557
v -20.072048 -97.670883 348.393921
v -24.348927 -90.715988 337.821198
v -25.958458 -94.570450 340.014862
v -26.958969 -97.108246 342.511810
v -26.917086 -98.406578 346.636078
v -29.524292 -96.907990 351.589233
v -32.500851 -99.297493 355.121674
v -32.429478 -93.796982 343.566620
v -33.618931 -96.382774 346.230286
v -35.268246 -98.128311 349.872101
v -36.091373 -99.167923 354.691772
v -34.272175 -98.021141 356.955353
v 175.052170 -120.577164 358.938782
v 178.195923 -115.533615 360.163727
v 173.904709 -116.923569 362.948456
v 172.536270 -115.044441 356.291748
v 168.863785 -114.336914 359.342346
v 170.811478 -110.308327 363.015869
v 164.869980 -112.001076 365.257111
v 162.229568 -108.550011 356.222565
v 160.552505 -109.532249 358.592163
v 162.343826 -110.205574 362.474274
v 165.066986 -109.739082 365.877258
v 144.581039 -107.374687 355.351868
v 151.167419 -108.001320 357.408325
v 150.876160 -107.734268 360.739960
v 141.878998 -103.100189 354.349792
v 142.805862 -105.832825 357.886169
v 145.781967 -107.753082 361.301422
f 1 2 15
f 2 16 15
f 1 15 19
f 1 19 3
f 1 4 2
f 1 3 4
f 19 20 4
f 19 4 3
f 2 20 16
f 2 4 20
f 5 6 29
f 6 30 29
f 5 29 34
f 5 34 8
f 5 9 6
f 5 8 9
f 34 35 9
f 34 9 8
f 6 7 30
f 7 31 30
f 6 10 7
f 6 9 10
f 35 36 10
f 35 10 9
f 7 36 31
f 7 10 36
f 11 12 73
f 12 74 73
f 73 74 76
f 74 77 76
f 11 73 76
f 11 76 14
f 11 15 12
f 11 14 15
f 12 13 74
f 13 75 74
f 12 16 13
f 12 15 16
f 13 78 75
f 13 16 78
f 76 77 80
f 77 81 80
f 14 76 80
f 14 80 18
f 14 19 15
f 14 18 19
f 16 17 78
f 17 79 78
f 16 21 17
f 16 20 21
f 17 82 79
f 17 21 82
f 18 80 84
f 18 84 23
f 18 24 19
f 18 23 24
f 19 25 20
f 19 24 25
f 20 26 21
f 20 25 26
f 21 22 82
f 22 83 82
f 21 27 22
f 21 26 27
f 86 87 27
f 86 27 26
f 22 87 83
f 22 27 87
f 84 85 90
f 85 91 90
f 23 84 90
f 23 90 29
f 23 30 24
f 23 29 30
f 24 31 25
f 24 30 31
f 25 32 26
f 25 31 32
f 26 92 86
f 26 32 92
f 28 29 89
f 29 90 89
f 28 89 94
f 28 94 33
f 28 34 29
f 28 33 34
f 94 95 34
f 94 34 33
f 95 96 35
f 95 35 34
f 96 97 36
f 96 36 35
f 31 37 32
f 31 36 37
f 97 98 37
f 97 37 36
f 32 98 92
f 32 37 98
f 38 39 107
f 39 108 107
f 38 107 114
f 38 114 44
f 38 45 39
f 38 44 45
f 39 40 108
f 40 109 108
f 39 46 40
f 39 45 46
f 40 41 109
f 41 110 109
f 40 47 41
f 40 46 47
f 41 42 110
f 42 111 110
f 41 48 42
f 41 47 48
f 42 115 111
f 42 48 115
f 43 44 113
f 44 114 113
f 43 113 118
f 43 118 50
f 43 51 44
f 43 50 51
f 44 52 45
f 44 51 52
f 45 53 46
f 45 52 53
f 46 54 47
f 46 53 54
f 47 55 48
f 47 54 55
f 48 119 115
f 48 55 119
f 49 50 117
f 50 118 117
f 49 117 121
f 49 121 56
f 49 57 50
f 49 56 57
f 50 58 51
f 50 57 58
f 51 59 52
f 51 58 59
f 52 60 53
f 52 59 60
f 53 61 54
f 53 60 61
f 122 123 61
f 122 61 60
f 54 62 55
f 54 61 62
f 123 124 62
f 123 62 61
f 55 124 119
f 55 62 124
f 56 121 126
f 56 126 63
f 56 64 57
f 56 63 64
f 126 127 64
f 126 64 63
f 57 65 58
f 57 64 65
f 127 128 65
f 127 65 64
f 58 66 59
f 58 65 66
f 128 129 66
f 128 66 65
f 59 67 60
f 59 66 67
f 129 130 67
f 129 67 66
f 60 130 122
f 60 67 130
f 68 69 143
f 69 144 143
f 68 143 153
f 68 153 72
f 68 73 69
f 68 72 73
f 153 154 73
f 153 73 72
f 69 70 144
f 70 145 144
f 69 74 70
f 69 73 74
f 154 155 74
f 154 74 73
f 70 71 145
f 71 146 145
f 70 75 71
f 70 74 75
f 71 156 146
f 71 75 156
f 74 155 166
f 74 166 77
f 75 167 156
f 75 78 167
f 77 166 175
f 77 175 81
f 78 79 167
f 79 168 167
f 79 176 168
f 79 82 176
f 80 81 174
f 81 175 174
f 80 174 181
f 80 181 84
f 181 182 85
f 181 85 84
f 82 83 176
f 83 177 176
f 183 184 87
f 183 87 86
f 83 184 177
f 83 87 184
f 85 182 191
f 85 191 91
f 86 192 183
f 86 92 192
f 88 89 188
f 89 189 188
f 88 188 197
f 88 197 93
f 88 94 89
f 88 93 94
f 89 90 189
f 90 190 189
f 90 91 190
f 91 191 190
f 198 199 97
f 198 97 96
f 199 200 98
f 199 98 97
f 92 200 192
f 92 98 200
f 93 197 203
f 93 203 99
f 93 100 94
f 93 99 100
f 203 204 100
f 203 100 99
f 94 101 95
f 94 100 101
f 204 205 101
f 204 101 100
f 95 102 96
f 95 101 102
f 205 206 102
f 205 102 101
f 96 206 198
f 96 102 206
f 103 104 228
f 104 229 228
f 103 228 237
f 103 237 108
f 103 109 104
f 103 108 109
f 104 105 229
f 105 230 229
f 104 110 105
f 104 109 110
f 105 238 230
f 105 110 238
f 106 107 235
f 107 236 235
f 106 235 244
f 106 244 113
f 106 114 107
f 106 113 114
f 107 108 236
f 108 237 236
f 110 111 238
f 111 239 238
f 111 245 239
f 111 115 245
f 112 113 243
f 113 244 243
f 112 243 249
f 112 249 117
f 112 118 113
f 112 117 118
f 115 116 245
f 116 246 245
f 115 120 116
f 115 119 120
f 116 250 246
f 116 120 250
f 117 249 253
f 117 253 121
f 255 256 124
f 255 124 123
f 119 125 120
f 119 124 125
f 256 257 125
f 256 125 124
f 120 257 250
f 120 125 257
f 121 253 260
f 121 260 126
f 260 261 127
f 260 127 126
f 261 262 128
f 261 128 127
f 262 263 129
f 262 129 128
f 263 264 130
f 263 130 129
f 254 255 264
f 255 265 264
f 122 131 123
f 122 130 131
f 264 265 131
f 264 131 130
f 123 265 255
f 123 131 265
f 132 133 275
f 133 276 275
f 132 275 282
f 132 282 139
f 132 140 133
f 132 139 140
f 133 134 276
f 134 277 276
f 133 141 134
f 133 140 141
f 134 135 277
f 135 278 277
f 134 142 135
f 134 141 142
f 135 136 278
f 136 279 278
f 135 143 136
f 135 142 143
f 136 137 279
f 137 280 279
f 136 144 137
f 136 143 144
f 137 283 280
f 137 144 283
f 138 139 281
f 139 282 281
f 138 281 287
f 138 287 148
f 138 149 139
f 138 148 149
f 139 150 140
f 139 149 150
f 140 151 141
f 140 150 151
f 141 152 142
f 141 151 152
f 142 153 143
f 142 152 153
f 144 145 283
f 145 284 283
f 145 146 284
f 146 285 284
f 146 288 285
f 146 156 288
f 147 148 286
f 148 287 286
f 147 286 290
f 147 290 158
f 147 159 148
f 147 158 159
f 290 291 159
f 290 159 158
f 148 160 149
f 148 159 160
f 291 292 160
f 291 160 159
f 149 161 150
f 149 160 161
f 292 293 161
f 292 161 160
f 150 162 151
f 150 161 162
f 151 163 152
f 151 162 163
f 152 164 153
f 152 163 164
f 153 165 154
f 153 164 165
f 154 166 155
f 154 165 166
f 156 157 288
f 157 289 288
f 156 168 157
f 156 167 168
f 157 294 289
f 157 168 294
f 161 293 299
f 161 299 170
f 161 171 162
f 161 170 171
f 299 300 171
f 299 171 170
f 162 172 163
f 162 171 172
f 163 173 164
f 163 172 173
f 164 174 165
f 164 173 174
f 165 175 166
f 165 174 175
f 168 169 294
f 169 295 294
f 168 177 169
f 168 176 177
f 169 301 295
f 169 177 301
f 171 300 306
f 171 306 178
f 171 179 172
f 171 178 179
f 172 180 173
f 172 179 180
f 173 181 174
f 173 180 181
f 177 307 301
f 177 184 307
f 178 306 312
f 178 312 187
f 178 188 179
f 178 187 188
f 179 189 180
f 179 188 189
f 180 190 181
f 180 189 190
f 181 191 182
f 181 190 191
f 183 193 184
f 183 192 193
f 313 314 193
f 313 193 192
f 184 314 307
f 184 193 314
f 185 186 310
f 186 311 310
f 185 310 317
f 185 317 194
f 185 195 186
f 185 194 195
f 317 318 195
f 317 195 194
f 186 187 311
f 187 312 311
f 186 196 187
f 186 195 196
f 187 197 188
f 187 196 197
f 192 320 313
f 192 200 320
f 195 318 324
f 195 324 201
f 195 202 196
f 195 201 202
f 196 203 197
f 196 202 203
f 198 207 199
f 198 206 207
f 325 326 207
f 325 207 206
f 319 320 326
f 320 327 326
f 199 208 200
f 199 207 208
f 326 327 208
f 326 208 207
f 200 327 320
f 200 208 327
f 201 324 330
f 201 330 209
f 201 210 202
f 201 209 210
f 330 331 210
f 330 210 209
f 202 211 203
f 202 210 211
f 331 332 211
f 331 211 210
f 203 212 204
f 203 211 212
f 204 213 205
f 204 212 213
f 205 214 206
f 205 213 214
f 333 334 214
f 333 214 213
f 206 334 325
f 206 214 334
f 211 332 340
f 211 340 217
f 211 218 212
f 211 217 218
f 212 219 213
f 212 218 219
f 213 341 333
f 213 219 341
f 215 216 338
f 216 339 338
f 215 338 346
f 215 346 220
f 215 221 216
f 215 220 221
f 216 217 339
f 217 340 339
f 216 222 217
f 216 221 222
f 217 223 218
f 217 222 223
f 218 224 219
f 218 223 224
f 219 347 341
f 219 224 347
f 220 346 353
f 220 353 227
f 220 228 221
f 220 227 228
f 221 229 222
f 221 228 229
f 222 230 223
f 222 229 230
f 223 231 224
f 223 230 231
f 224 354 347
f 224 231 354
f 225 226 351
f 226 352 351
f 225 351 359
f 225 359 234
f 225 235 226
f 225 234 235
f 226 227 352
f 227 353 352
f 226 236 227
f 226 235 236
f 227 237 228
f 227 236 237
f 230 239 231
f 230 238 239
f 231 232 354
f 232 355 354
f 354 355 360
f 355 361 360
f 231 240 232
f 231 239 240
f 232 361 355
f 232 240 361
f 233 234 358
f 234 359 358
f 233 358 364
f 233 364 242
f 233 243 234
f 233 242 243
f 234 244 235
f 234 243 244
f 360 361 365
f 361 366 365
f 239 246 240
f 239 245 246
f 240 366 361
f 240 246 366
f 241 242 363
f 242 364 363
f 241 363 369
f 241 369 247
f 241 248 242
f 241 247 248
f 242 249 243
f 242 248 249
f 246 371 366
f 246 250 371
f 247 369 374
f 247 374 251
f 247 252 248
f 247 251 252
f 248 253 249
f 248 252 253
f 375 376 255
f 375 255 254
f 376 377 256
f 376 256 255
f 370 371 377
f 371 378 377
f 377 378 257
f 377 257 256
f 250 378 371
f 250 257 378
f 251 374 380
f 251 380 258
f 251 259 252
f 251 258 259
f 380 381 259
f 380 259 258
f 252 260 253
f 252 259 260
f 381 382 260
f 381 260 259
f 382 383 261
f 382 261 260
f 383 384 262
f 383 262 261
f 384 385 263
f 384 263 262
f 385 386 264
f 385 264 263
f 254 386 375
f 254 264 386
f 266 267 400
f 267 401 400
f 266 400 406
f 266 406 270
f 266 271 267
f 266 270 271
f 406 407 271
f 406 271 270
f 267 268 401
f 268 402 401
f 267 272 268
f 267 271 272
f 407 408 272
f 407 272 271
f 268 269 402
f 269 403 402
f 268 273 269
f 268 272 273
f 408 409 273
f 408 273 272
f 269 409 403
f 269 273 409
f 274 275 417
f 275 418 417
f 274 417 425
f 274 425 281
f 274 282 275
f 274 281 282
f 275 276 418
f 276 419 418
f 276 277 419
f 277 420 419
f 277 278 420
f 278 421 420
f 278 279 421
f 279 422 421
f 279 280 422
f 280 423 422
f 280 426 423
f 280 283 426
f 281 425 431
f 281 431 287
f 283 284 426
f 284 427 426
f 284 285 427
f 285 428 427
f 285 432 428
f 285 288 432
f 286 287 430
f 287 431 430
f 286 430 435
f 286 435 290
f 288 289 432
f 289 433 432
f 432 433 436
f 433 437 436
f 289 437 433
f 289 294 437
f 290 435 440
f 290 440 296
f 290 297 291
f 290 296 297
f 291 298 292
f 291 297 298
f 292 299 293
f 292 298 299
f 294 295 437
f 295 438 437
f 295 441 438
f 295 301 441
f 296 440 443
f 296 443 302
f 296 303 297
f 296 302 303
f 297 304 298
f 297 303 304
f 298 305 299
f 298 304 305
f 299 306 300
f 299 305 306
f 301 444 441
f 301 307 444
f 302 443 446
f 302 446 308
f 302 309 303
f 302 308 309
f 303 310 304
f 303 309 310
f 304 311 305
f 304 310 311
f 305 312 306
f 305 311 312
f 447 448 314
f 447 314 313
f 307 448 444
f 307 314 448
f 308 446 450
f 308 450 315
f 308 316 309
f 308 315 316
f 309 317 310
f 309 316 317
f 451 452 320
f 451 320 319
f 313 452 447
f 313 320 452
f 315 450 455
f 315 455 321
f 315 322 316
f 315 321 322
f 455 456 322
f 455 322 321
f 316 323 317
f 316 322 323
f 317 324 318
f 317 323 324
f 319 458 451
f 319 326 458
f 322 456 461
f 322 461 328
f 322 329 323
f 322 328 329
f 323 330 324
f 323 329 330
f 457 458 462
f 458 463 462
f 325 335 326
f 325 334 335
f 462 463 335
f 462 335 334
f 326 463 458
f 326 335 463
f 328 461 465
f 328 465 336
f 328 337 329
f 328 336 337
f 329 338 330
f 329 337 338
f 330 339 331
f 330 338 339
f 331 340 332
f 331 339 340
f 333 342 334
f 333 341 342
f 334 466 462
f 334 342 466
f 336 465 469
f 336 469 344
f 336 345 337
f 336 344 345
f 337 346 338
f 337 345 346
f 341 348 342
f 341 347 348
f 470 471 348
f 470 348 347
f 342 471 466
f 342 348 471
f 343 344 468
f 344 469 468
f 343 468 474
f 343 474 350
f 343 351 344
f 343 350 351
f 344 352 345
f 344 351 352
f 345 353 346
f 345 352 353
f 347 475 470
f 347 354 475
f 349 350 473
f 350 474 473
f 349 473 478
f 349 478 357
f 349 358 350
f 349 357 358
f 350 359 351
f 350 358 359
f 354 479 475
f 354 360 479
f 356 357 477
f 357 478 477
f 356 477 481
f 356 481 362
f 356 363 357
f 356 362 363
f 357 364 358
f 357 363 364
f 360 482 479
f 360 365 482
f 362 481 485
f 362 485 368
f 362 369 363
f 362 368 369
f 365 366 482
f 366 483 482
f 486 487 371
f 486 371 370
f 366 487 483
f 366 371 487
f 367 368 484
f 368 485 484
f 367 484 488
f 367 488 372
f 367 373 368
f 367 372 373
f 488 489 373
f 488 373 372
f 368 374 369
f 368 373 374
f 492 493 377
f 492 377 376
f 370 493 486
f 370 377 493
f 373 489 495
f 373 495 379
f 373 380 374
f 373 379 380
f 490 491 497
f 491 498 497
f 491 492 498
f 492 499 498
f 375 387 376
f 375 386 387
f 498 499 387
f 498 387 386
f 376 499 492
f 376 387 499
f 379 495 500
f 379 500 388
f 379 389 380
f 379 388 389
f 500 501 389
f 500 389 388
f 380 390 381
f 380 389 390
f 501 502 390
f 501 390 389
f 381 391 382
f 381 390 391
f 502 503 391
f 502 391 390
f 382 392 383
f 382 391 392
f 503 504 392
f 503 392 391
f 383 393 384
f 383 392 393
f 504 505 393
f 504 393 392
f 496 497 505
f 497 506 505
f 384 394 385
f 384 393 394
f 505 506 394
f 505 394 393
f 497 498 506
f 498 507 506
f 385 395 386
f 385 394 395
f 506 507 395
f 506 395 394
f 386 507 498
f 386 395 507
f 396 397 508
f 397 509 508
f 508 509 514
f 509 515 514
f 396 508 514
f 396 514 401
f 396 402 397
f 396 401 402
f 397 398 509
f 398 510 509
f 397 403 398
f 397 402 403
f 398 399 510
f 399 511 510
f 398 404 399
f 398 403 404
f 399 516 511
f 399 404 516
f 400 401 513
f 401 514 513
f 400 513 519
f 400 519 406
f 519 520 407
f 519 407 406
f 520 521 408
f 520 408 407
f 521 522 409
f 521 409 408
f 403 410 404
f 403 409 410
f 522 523 410
f 522 410 409
f 404 405 516
f 405 517 516
f 404 411 405
f 404 410 411
f 523 524 411
f 523 411 410
f 405 524 517
f 405 411 524
f 412 413 529
f 413 530 529
f 412 529 537
f 412 537 417
f 412 418 413
f 412 417 418
f 413 414 530
f 414 531 530
f 413 419 414
f 413 418 419
f 414 415 531
f 415 532 531
f 531 532 538
f 532 539 538
f 414 420 415
f 414 419 420
f 415 539 532
f 415 420 539
f 416 417 536
f 417 537 536
f 416 536 544
f 416 544 424
f 416 425 417
f 416 424 425
f 420 421 539
f 421 540 539
f 421 422 540
f 422 541 540
f 422 423 541
f 423 542 541
f 541 542 545
f 542 546 545
f 423 546 542
f 423 426 546
f 424 544 550
f 424 550 430
f 424 431 425
f 424 430 431
f 426 427 546
f 427 547 546
f 427 428 547
f 428 548 547
f 547 548 555
f 548 556 555
f 428 556 548
f 428 432 556
f 429 430 549
f 430 550 549
f 549 550 557
f 550 558 557
f 429 549 557
f 429 557 434
f 429 435 430
f 429 434 435
f 557 558 435
f 557 435 434
f 550 551 558
f 551 559 558
f 552 553 560
f 553 561 560
f 553 554 561
f 554 562 561
f 554 555 562
f 555 563 562
f 555 556 563
f 556 564 563
f 432 564 556
f 432 436 564
f 558 559 568
f 559 569 568
f 435 558 568
f 435 568 440
f 436 437 564
f 437 565 564
f 564 565 574
f 565 575 574
f 437 438 565
f 438 566 565
f 565 566 575
f 566 576 575
f 438 576 566
f 438 441 576
f 439 440 567
f 440 568 567
f 567 568 577
f 568 578 577
f 439 567 577
f 439 577 442
f 439 443 440
f 439 442 443
f 570 571 579
f 571 580 579
f 571 572 580
f 572 581 580
f 572 573 581
f 573 582 581
f 575 576 583
f 576 584 583
f 441 584 576
f 441 444 584
f 577 578 587
f 578 588 587
f 442 577 587
f 442 587 445
f 442 446 443
f 442 445 446
f 444 590 584
f 444 448 590
f 445 587 593
f 445 593 449
f 445 450 446
f 445 449 450
f 589 590 594
f 590 595 594
f 447 453 448
f 447 452 453
f 594 595 453
f 594 453 452
f 448 595 590
f 448 453 595
f 449 593 599
f 449 599 454
f 449 455 450
f 449 454 455
f 599 600 455
f 599 455 454
f 601 602 458
f 601 458 457
f 451 459 452
f 451 458 459
f 602 603 459
f 602 459 458
f 452 603 594
f 452 459 603
f 455 600 608
f 455 608 460
f 455 461 456
f 455 460 461
f 457 609 601
f 457 462 609
f 460 608 614
f 460 614 464
f 460 465 461
f 460 464 465
f 462 615 609
f 462 466 615
f 464 614 619
f 464 619 468
f 464 469 465
f 464 468 469
f 466 621 615
f 466 471 621
f 467 468 618
f 468 619 618
f 467 618 623
f 467 623 473
f 467 474 468
f 467 473 474
f 620 621 625
f 621 626 625
f 470 476 471
f 470 475 476
f 625 626 476
f 625 476 475
f 471 626 621
f 471 476 626
f 472 473 622
f 473 623 622
f 622 623 627
f 623 628 627
f 472 622 627
f 472 627 477
f 472 478 473
f 472 477 478
f 624 625 629
f 625 630 629
f 475 630 625
f 475 479 630
f 477 627 632
f 477 632 481
f 629 630 633
f 630 634 633
f 479 634 630
f 479 482 634
f 480 481 631
f 481 632 631
f 631 632 636
f 632 637 636
f 480 631 636
f 480 636 484
f 480 485 481
f 480 484 485
f 633 634 638
f 634 639 638
f 482 483 634
f 483 635 634
f 634 635 639
f 635 640 639
f 639 640 487
f 639 487 486
f 483 640 635
f 483 487 640
f 484 636 642
f 484 642 488
f 643 644 491
f 643 491 490
f 644 645 492
f 644 492 491
f 638 639 645
f 639 646 645
f 645 646 493
f 645 493 492
f 486 646 639
f 486 493 646
f 488 642 648
f 488 648 494
f 488 495 489
f 488 494 495
f 648 649 495
f 648 495 494
f 650 651 497
f 650 497 496
f 490 651 643
f 490 497 651
f 495 649 654
f 495 654 500
f 654 655 501
f 654 501 500
f 655 656 502
f 655 502 501
f 656 657 503
f 656 503 502
f 657 658 504
f 657 504 503
f 658 659 505
f 658 505 504
f 496 659 650
f 496 505 659
f 509 510 663
f 510 664 663
f 509 663 670
f 509 670 515
f 510 511 664
f 511 665 664
f 511 671 665
f 511 516 671
f 512 513 667
f 513 668 667
f 512 667 673
f 512 673 518
f 512 519 513
f 512 518 519
f 673 674 519
f 673 519 518
f 513 514 668
f 514 669 668
f 674 675 520
f 674 520 519
f 514 515 669
f 515 670 669
f 675 676 521
f 675 521 520
f 676 677 522
f 676 522 521
f 677 678 523
f 677 523 522
f 516 517 671
f 517 672 671
f 678 679 524
f 678 524 523
f 517 679 672
f 517 524 679
f 525 526 686
f 526 687 686
f 525 686 694
f 525 694 533
f 525 534 526
f 525 533 534
f 694 695 534
f 694 534 533
f 526 527 687
f 527 688 687
f 526 535 527
f 526 534 535
f 695 696 535
f 695 535 534
f 527 528 688
f 528 689 688
f 527 536 528
f 527 535 536
f 528 529 689
f 529 690 689
f 528 537 529
f 528 536 537
f 529 530 690
f 530 691 690
f 530 531 691
f 531 692 691
f 691 692 697
f 692 698 697
f 531 698 692
f 531 538 698
f 535 696 703
f 535 703 543
f 535 544 536
f 535 543 544
f 703 704 544
f 703 544 543
f 538 539 698
f 539 699 698
f 539 540 699
f 540 700 699
f 540 541 700
f 541 701 700
f 700 701 705
f 701 706 705
f 541 706 701
f 541 545 706
f 544 704 710
f 544 710 550
f 710 711 551
f 710 551 550
f 713 714 553
f 713 553 552
f 545 546 706
f 546 707 706
f 706 707 714
f 707 715 714
f 714 715 554
f 714 554 553
f 546 547 707
f 547 708 707
f 707 708 715
f 708 716 715
f 715 716 555
f 715 555 554
f 547 716 708
f 547 555 716
f 551 711 718
f 551 718 559
f 712 713 719
f 713 720 719
f 552 720 713
f 552 560 720
f 559 718 727
f 559 727 569
f 719 720 728
f 720 729 728
f 560 561 720
f 561 721 720
f 720 721 729
f 721 730 729
f 729 730 571
f 729 571 570
f 561 562 721
f 562 722 721
f 721 722 730
f 722 731 730
f 730 731 572
f 730 572 571
f 562 563 722
f 563 723 722
f 722 723 731
f 723 732 731
f 731 732 573
f 731 573 572
f 563 564 723
f 564 724 723
f 723 724 732
f 724 733 732
f 564 733 724
f 564 574 733
f 568 569 726
f 569 727 726
f 568 726 737
f 568 737 578
f 570 738 729
f 570 579 738
f 573 732 741
f 573 741 582
f 574 575 733
f 575 734 733
f 575 742 734
f 575 583 742
f 578 737 748
f 578 748 588
f 579 580 738
f 580 739 738
f 738 739 749
f 739 750 749
f 580 581 739
f 581 740 739
f 739 740 750
f 740 751 750
f 581 582 740
f 582 741 740
f 583 584 742
f 584 743 742
f 752 753 590
f 752 590 589
f 584 753 743
f 584 590 753
f 585 586 745
f 586 746 745
f 585 745 755
f 585 755 591
f 585 592 586
f 585 591 592
f 755 756 592
f 755 592 591
f 586 587 746
f 587 747 746
f 586 593 587
f 586 592 593
f 587 588 747
f 588 748 747
f 589 757 752
f 589 594 757
f 592 756 760
f 592 760 598
f 592 599 593
f 592 598 599
f 762 763 603
f 762 603 602
f 594 763 757
f 594 603 763
f 596 597 758
f 597 759 758
f 596 758 764
f 596 764 604
f 596 605 597
f 596 604 605
f 764 765 605
f 764 605 604
f 597 598 759
f 598 760 759
f 597 606 598
f 597 605 606
f 598 607 599
f 598 606 607
f 599 608 600
f 599 607 608
f 761 762 767
f 762 768 767
f 601 610 602
f 601 609 610
f 602 768 762
f 602 610 768
f 765 766 769
f 766 770 769
f 605 765 769
f 605 769 611
f 605 612 606
f 605 611 612
f 769 770 612
f 769 612 611
f 606 613 607
f 606 612 613
f 607 614 608
f 607 613 614
f 767 768 773
f 768 774 773
f 609 616 610
f 609 615 616
f 773 774 616
f 773 616 615
f 610 774 768
f 610 616 774
f 770 771 775
f 771 776 775
f 612 770 775
f 612 775 617
f 612 618 613
f 612 617 618
f 771 772 776
f 772 777 776
f 613 619 614
f 613 618 619
f 779 780 621
f 779 621 620
f 615 780 773
f 615 621 780
f 775 776 781
f 776 782 781
f 617 775 781
f 617 781 622
f 617 623 618
f 617 622 623
f 781 782 623
f 781 623 622
f 776 777 782
f 777 783 782
f 777 778 783
f 778 784 783
f 785 786 625
f 785 625 624
f 620 786 779
f 620 625 786
f 782 783 788
f 783 789 788
f 623 782 788
f 623 788 628
f 624 791 785
f 624 629 791
f 627 628 787
f 628 788 787
f 787 788 792
f 788 793 792
f 627 787 792
f 627 792 632
f 790 791 794
f 791 795 794
f 629 795 791
f 629 633 795
f 632 792 797
f 632 797 637
f 633 798 795
f 633 638 798
f 636 637 796
f 637 797 796
f 636 796 800
f 636 800 642
f 802 803 644
f 802 644 643
f 803 804 645
f 803 645 644
f 638 804 798
f 638 645 804
f 641 642 799
f 642 800 799
f 641 799 805
f 641 805 647
f 641 648 642
f 641 647 648
f 801 802 806
f 802 807 806
f 806 807 651
f 806 651 650
f 643 807 802
f 643 651 807
f 647 805 808
f 647 808 652
f 647 653 648
f 647 652 653
f 808 809 653
f 808 653 652
f 648 654 649
f 648 653 654
f 811 812 657
f 811 657 656
f 812 813 658
f 812 658 657
f 813 814 659
f 813 659 658
f 650 814 806
f 650 659 814
f 653 809 817
f 653 817 662
f 653 663 654
f 653 662 663
f 654 664 655
f 654 663 664
f 810 811 818
f 811 819 818
f 655 665 656
f 655 664 665
f 656 819 811
f 656 665 819
f 660 661 815
f 661 816 815
f 660 815 821
f 660 821 667
f 660 668 661
f 660 667 668
f 661 662 816
f 662 817 816
f 661 669 662
f 661 668 669
f 662 670 663
f 662 669 670
f 665 666 819
f 666 820 819
f 665 672 666
f 665 671 672
f 666 822 820
f 666 672 822
f 667 821 823
f 667 823 673
f 823 824 674
f 823 674 673
f 825 826 679
f 825 679 678
f 672 826 822
f 672 679 826
f 674 824 828
f 674 828 680
f 674 681 675
f 674 680 681
f 828 829 681
f 828 681 680
f 675 682 676
f 675 681 682
f 829 830 682
f 829 682 681
f 676 683 677
f 676 682 683
f 830 831 683
f 830 683 682
f 677 684 678
f 677 683 684
f 831 832 684
f 831 684 683
f 678 832 825
f 678 684 832
f 685 686 837
f 686 838 837
f 685 837 847
f 685 847 693
f 685 694 686
f 685 693 694
f 847 848 694
f 847 694 693
f 686 687 838
f 687 839 838
f 848 849 695
f 848 695 694
f 687 688 839
f 688 840 839
f 688 689 840
f 689 841 840
f 689 690 841
f 690 842 841
f 841 842 850
f 842 851 850
f 690 691 842
f 691 843 842
f 842 843 851
f 843 852 851
f 691 852 843
f 691 697 852
f 695 849 858
f 695 858 702
f 695 703 696
f 695 702 703
f 858 859 703
f 858 703 702
f 697 698 852
f 698 853 852
f 852 853 860
f 853 861 860
f 698 699 853
f 699 854 853
f 853 854 861
f 854 862 861
f 699 700 854
f 700 855 854
f 854 855 862
f 855 863 862
f 700 863 855
f 700 705 863
f 703 859 866
f 703 866 709
f 703 710 704
f 703 709 710
f 866 867 710
f 866 710 709
f 861 862 870
f 862 871 870
f 862 863 871
f 863 872 871
f 871 872 713
f 871 713 712
f 705 706 863
f 706 864 863
f 863 864 872
f 864 873 872
f 872 873 714
f 872 714 713
f 706 873 864
f 706 714 873
f 867 868 874
f 868 875 874
f 710 867 874
f 710 874 717
f 710 718 711
f 710 717 718
f 874 875 718
f 874 718 717
f 868 869 875
f 869 876 875
f 869 870 876
f 870 877 876
f 870 871 877
f 871 878 877
f 712 878 871
f 712 719 878
f 718 875 881
f 718 881 727
f 877 878 883
f 878 884 883
f 719 884 878
f 719 728 884
f 725 726 879
f 726 880 879
f 879 880 891
f 880 892 891
f 725 879 891
f 725 891 736
f 725 737 726
f 725 736 737
f 726 727 880
f 727 881 880
f 880 881 892
f 881 893 892
f 881 882 893
f 882 894 893
f 882 883 894
f 883 895 894
f 883 884 895
f 884 896 895
f 728 729 884
f 729 885 884
f 884 885 896
f 885 897 896
f 729 897 885
f 729 738 897
f 731 732 886
f 732 887 886
f 886 887 898
f 887 899 898
f 731 886 898
f 731 898 740
f 731 741 732
f 731 740 741
f 732 733 887
f 733 888 887
f 887 888 899
f 888 900 899
f 733 734 888
f 734 889 888
f 888 889 900
f 889 901 900
f 734 735 889
f 735 890 889
f 889 890 901
f 890 902 901
f 734 743 735
f 734 742 743
f 735 902 890
f 735 743 902
f 736 891 906
f 736 906 747
f 736 748 737
f 736 747 748
f 896 897 907
f 897 908 907
f 738 908 897
f 738 749 908
f 898 899 910
f 899 911 910
f 740 898 910
f 740 910 751
f 899 900 911
f 900 912 911
f 900 901 912
f 901 913 912
f 901 902 913
f 902 914 913
f 913 914 753
f 913 753 752
f 743 914 902
f 743 753 914
f 744 745 903
f 745 904 903
f 903 904 915
f 904 916 915
f 744 903 915
f 744 915 754
f 744 755 745
f 744 754 755
f 915 916 755
f 915 755 754
f 745 746 904
f 746 905 904
f 746 747 905
f 747 906 905
f 749 750 908
f 750 909 908
f 750 751 909
f 751 910 909
f 910 911 917
f 911 918 917
f 911 912 918
f 912 919 918
f 912 913 919
f 913 920 919
f 752 920 913
f 752 757 920
f 755 916 922
f 755 922 759
f 755 760 756
f 755 759 760
f 917 918 925
f 918 926 925
f 918 919 926
f 919 927 926
f 926 927 762
f 926 762 761
f 919 920 927
f 920 928 927
f 927 928 763
f 927 763 762
f 757 928 920
f 757 763 928
f 758 759 921
f 759 922 921
f 758 921 929
f 758 929 764
f 929 930 765
f 929 765 764
f 930 931 766
f 930 766 765
f 923 924 938
f 924 939 938
f 924 925 939
f 925 940 939
f 925 926 940
f 926 941 940
f 761 941 926
f 761 767 941
f 931 932 942
f 932 943 942
f 766 931 942
f 766 942 770
f 942 943 771
f 942 771 770
f 932 933 943
f 933 944 943
f 943 944 772
f 943 772 771
f 933 934 944
f 934 945 944
f 934 935 945
f 935 946 945
f 935 936 946
f 936 947 946
f 936 937 947
f 937 948 947
f 937 938 948
f 938 949 948
f 938 939 949
f 939 950 949
f 939 940 950
f 940 951 950
f 940 941 951
f 941 952 951
f 767 952 941
f 767 773 952
f 944 945 953
f 945 954 953
f 772 944 953
f 772 953 777
f 953 954 778
f 953 778 777
f 945 946 954
f 946 955 954
f 946 947 955
f 947 956 955
f 947 948 956
f 948 957 956
f 948 949 957
f 949 958 957
f 949 950 958
f 950 959 958
f 950 951 959
f 951 960 959
f 951 952 960
f 952 961 960
f 960 961 780
f 960 780 779
f 773 961 952
f 773 780 961
f 954 955 963
f 955 964 963
f 778 954 963
f 778 963 784
f 955 956 964
f 956 965 964
f 956 957 965
f 957 966 965
f 957 958 966
f 958 967 966
f 958 959 967
f 959 968 967
f 959 960 968
f 960 969 968
f 968 969 786
f 968 786 785
f 779 969 960
f 779 786 969
f 783 784 962
f 784 963 962
f 962 963 971
f 963 972 971
f 783 962 971
f 783 971 789
f 963 964 972
f 964 973 972
f 964 965 973
f 965 974 973
f 966 967 975
f 967 976 975
f 967 968 976
f 968 977 976
f 976 977 791
f 976 791 790
f 785 977 968
f 785 791 977
f 788 789 970
f 789 971 970
f 970 971 979
f 971 980 979
f 788 970 979
f 788 979 793
f 971 972 980
f 972 981 980
f 972 973 981
f 973 982 981
f 973 974 982
f 974 983 982
f 974 975 983
f 975 984 983
f 975 976 984
f 976 985 984
f 790 985 976
f 790 794 985
f 792 793 978
f 793 979 978
f 792 978 991
f 792 991 797
f 794 795 985
f 795 986 985
f 985 986 993
f 986 994 993
f 795 994 986
f 795 798 994
f 796 797 990
f 797 991 990
f 796 990 1000
f 796 1000 800
f 1004 1005 802
f 1004 802 801
f 992 993 1005
f 993 1006 1005
f 1005 1006 803
f 1005 803 802
f 993 994 1006
f 994 1007 1006
f 1006 1007 804
f 1006 804 803
f 798 1007 994
f 798 804 1007
f 799 800 999
f 800 1000 999
f 799 999 1012
f 799 1012 805
f 1001 1002 1013
f 1002 1014 1013
f 1002 1003 1014
f 1003 1015 1014
f 1003 1004 1015
f 1004 1016 1015
f 801 1016 1004
f 801 806 1016
f 805 1012 1021
f 805 1021 808
f 1022 1023 811
f 1022 811 810
f 1023 1024 812
f 1023 812 811
f 1014 1015 1024
f 1015 1025 1024
f 1024 1025 813
f 1024 813 812
f 1015 1016 1025
f 1016 1026 1025
f 1025 1026 814
f 1025 814 813
f 806 1026 1016
f 806 814 1026
f 808 1021 1030
f 808 1030 816
f 808 817 809
f 808 816 817
f 810 1031 1022
f 810 818 1031
f 815 816 1029
f 816 1030 1029
f 815 1029 1036
f 815 1036 821
f 818 819 1031
f 819 1032 1031
f 819 820 1032
f 820 1033 1032
f 1032 1033 1037
f 1033 1038 1037
f 820 1038 1033
f 820 822 1038
f 821 1036 1041
f 821 1041 823
f 822 1043 1038
f 822 826 1043
f 823 1041 1045
f 823 1045 827
f 823 828 824
f 823 827 828
f 1045 1046 828
f 1045 828 827
f 1046 1047 829
f 1046 829 828
f 1047 1048 830
f 1047 830 829
f 1048 1049 831
f 1048 831 830
f 1049 1050 832
f 1049 832 831
f 1042 1043 1050
f 1043 1051 1050
f 825 833 826
f 825 832 833
f 1050 1051 833
f 1050 833 832
f 826 1051 1043
f 826 833 1051
f 834 835 1053
f 835 1054 1053
f 834 1053 1062
f 834 1062 844
f 834 845 835
f 834 844 845
f 1062 1063 845
f 1062 845 844
f 835 836 1054
f 836 1055 1054
f 835 846 836
f 835 845 846
f 1063 1064 846
f 1063 846 845
f 836 837 1055
f 837 1056 1055
f 836 847 837
f 836 846 847
f 1064 1065 847
f 1064 847 846
f 837 838 1056
f 838 1057 1056
f 838 839 1057
f 839 1058 1057
f 839 840 1058
f 840 1059 1058
f 1058 1059 1067
f 1059 1068 1067
f 840 841 1059
f 841 1060 1059
f 1059 1060 1068
f 1060 1069 1068
f 841 1069 1060
f 841 850 1069
f 1065 1066 1072
f 1066 1073 1072
f 847 1065 1072
f 847 1072 856
f 847 857 848
f 847 856 857
f 1072 1073 857
f 1072 857 856
f 1066 1067 1073
f 1067 1074 1073
f 848 858 849
f 848 857 858
f 1073 1074 858
f 1073 858 857
f 1067 1068 1074
f 1068 1075 1074
f 1068 1069 1075
f 1069 1076 1075
f 850 851 1069
f 851 1070 1069
f 1069 1070 1076
f 1070 1077 1076
f 851 852 1070
f 852 1071 1070
f 1070 1071 1077
f 1071 1078 1077
f 852 1078 1071
f 852 860 1078
f 1074 1075 1080
f 1075 1081 1080
f 858 1074 1080
f 858 1080 865
f 858 866 859
f 858 865 866
f 1080 1081 866
f 1080 866 865
f 1075 1076 1081
f 1076 1082 1081
f 1081 1082 867
f 1081 867 866
f 1076 1077 1082
f 1077 1083 1082
f 1082 1083 868
f 1082 868 867
f 1077 1078 1083
f 1078 1084 1083
f 1083 1084 869
f 1083 869 868
f 860 861 1078
f 861 1079 1078
f 1078 1079 1084
f 1079 1085 1084
f 1084 1085 870
f 1084 870 869
f 861 1085 1079
f 861 870 1085
f 875 876 1086
f 876 1087 1086
f 1086 1087 1089
f 1087 1090 1089
f 875 1086 1089
f 875 1089 881
f 1089 1090 882
f 1089 882 881
f 876 877 1087
f 877 1088 1087
f 1087 1088 1090
f 1088 1091 1090
f 1090 1091 883
f 1090 883 882
f 877 1091 1088
f 877 883 1091
f 891 892 1095
f 892 1096 1095
f 1095 1096 1107
f 1096 1108 1107
f 891 1095 1107
f 891 1107 906
f 892 893 1096
f 893 1097 1096
f 1096 1097 1108
f 1097 1109 1108
f 893 894 1097
f 894 1098 1097
f 1097 1098 1109
f 1098 1110 1109
f 894 895 1098
f 895 1099 1098
f 1098 1099 1110
f 1099 1111 1110
f 895 896 1099
f 896 1100 1099
f 1099 1100 1111
f 1100 1112 1111
f 896 1112 1100
f 896 907 1112
f 904 905 1105
f 905 1106 1105
f 904 1105 1117
f 904 1117 916
f 905 906 1106
f 906 1107 1106
f 1107 1108 1119
f 1108 1120 1119
f 1108 1109 1120
f 1109 1121 1120
f 1109 1110 1121
f 1110 1122 1121
f 1110 1111 1122
f 1111 1123 1122
f 1111 1112 1123
f 1112 1124 1123
f 907 908 1112
f 908 1113 1112
f 908 909 1113
f 909 1114 1113
f 909 910 1114
f 910 1115 1114
f 910 1127 1115
f 910 917 1127
f 915 916 1116
f 916 1117 1116
f 915 1116 1129
f 915 1129 921
f 915 922 916
f 915 921 922
f 1118 1119 1130
f 1119 1131 1130
f 1119 1120 1131
f 1120 1132 1131
f 1120 1121 1132
f 1121 1133 1132
f 1121 1122 1133
f 1122 1134 1133
f 1122 1123 1134
f 1123 1135 1134
f 1123 1124 1135
f 1124 1136 1135
f 1124 1125 1136
f 1125 1137 1136
f 1125 1126 1137
f 1126 1138 1137
f 1137 1138 924
f 1137 924 923
f 1126 1127 1138
f 1127 1139 1138
f 1138 1139 925
f 1138 925 924
f 917 1139 1127
f 917 925 1139
f 921 1129 1141
f 921 1141 929
f 1141 1142 930
f 1141 930 929
f 1142 1143 931
f 1142 931 930
f 1143 1144 932
f 1143 932 931
f 1131 1132 1144
f 1132 1145 1144
f 1144 1145 933
f 1144 933 932
f 1132 1133 1145
f 1133 1146 1145
f 1145 1146 934
f 1145 934 933
f 1133 1134 1146
f 1134 1147 1146
f 1146 1147 935
f 1146 935 934
f 1134 1135 1147
f 1135 1148 1147
f 1147 1148 936
f 1147 936 935
f 1135 1136 1148
f 1136 1149 1148
f 1148 1149 937
f 1148 937 936
f 1136 1137 1149
f 1137 1150 1149
f 1149 1150 938
f 1149 938 937
f 923 1150 1137
f 923 938 1150
f 965 966 1151
f 966 1152 1151
f 1151 1152 1153
f 1152 1154 1153
f 965 1151 1153
f 965 1153 974
f 1153 1154 975
f 1153 975 974
f 966 1154 1152
f 966 975 1154
f 978 979 1155
f 979 1156 1155
f 1155 1156 1168
f 1156 1169 1168
f 978 1155 1168
f 978 1168 991
f 979 980 1156
f 980 1157 1156
f 1156 1157 1169
f 1157 1170 1169
f 980 981 1157
f 981 1158 1157
f 1157 1158 1170
f 1158 1171 1170
f 981 982 1158
f 982 1159 1158
f 1158 1159 1171
f 1159 1172 1171
f 982 983 1159
f 983 1160 1159
f 1159 1160 1172
f 1160 1173 1172
f 983 984 1160
f 984 1161 1160
f 1160 1161 1173
f 1161 1174 1173
f 984 985 1161
f 985 1162 1161
f 1161 1162 1174
f 1162 1175 1174
f 1174 1175 993
f 1174 993 992
f 985 1175 1162
f 985 993 1175
f 987 988 1164
f 988 1165 1164
f 987 1164 1178
f 987 1178 997
f 987 998 988
f 987 997 998
f 988 989 1165
f 989 1166 1165
f 988 999 989
f 988 998 999
f 989 990 1166
f 990 1167 1166
f 989 1000 990
f 989 999 1000
f 990 991 1167
f 991 1168 1167
f 1179 1180 1002
f 1179 1002 1001
f 1171 1172 1180
f 1172 1181 1180
f 1180 1181 1003
f 1180 1003 1002
f 1172 1173 1181
f 1173 1182 1181
f 1181 1182 1004
f 1181 1004 1003
f 1173 1174 1182
f 1174 1183 1182
f 1182 1183 1005
f 1182 1005 1004
f 992 1183 1174
f 992 1005 1183
f 995 996 1176
f 996 1177 1176
f 995 1176 1184
f 995 1184 1008
f 995 1009 996
f 995 1008 1009
f 996 997 1177
f 997 1178 1177
f 996 1010 997
f 996 1009 1010
f 997 1011 998
f 997 1010 1011
f 998 1012 999
f 998 1011 1012
f 1001 1185 1179
f 1001 1013 1185
f 1008 1184 1187
f 1008 1187 1017
f 1008 1018 1009
f 1008 1017 1018
f 1187 1188 1018
f 1187 1018 1017
f 1009 1019 1010
f 1009 1018 1019
f 1010 1020 1011
f 1010 1019 1020
f 1011 1021 1012
f 1011 1020 1021
f 1013 1014 1185
f 1014 1186 1185
f 1190 1191 1024
f 1190 1024 1023
f 1014 1191 1186
f 1014 1024 1191
f 1018 1188 1192
f 1018 1192 1027
f 1018 1028 1019
f 1018 1027 1028
f 1019 1029 1020
f 1019 1028 1029
f 1020 1030 1021
f 1020 1029 1030
f 1189 1190 1193
f 1190 1194 1193
f 1022 1032 1023
f 1022 1031 1032
f 1023 1194 1190
f 1023 1032 1194
f 1027 1192 1195
f 1027 1195 1034
f 1027 1035 1028
f 1027 1034 1035
f 1028 1036 1029
f 1028 1035 1036
f 1032 1196 1194
f 1032 1037 1196
f 1034 1195 1198
f 1034 1198 1039
f 1034 1040 1035
f 1034 1039 1040
f 1198 1199 1040
f 1198 1040 1039
f 1035 1041 1036
f 1035 1040 1041
f 1037 1038 1196
f 1038 1197 1196
f 1200 1201 1043
f 1200 1043 1042
f 1038 1201 1197
f 1038 1043 1201
f 1040 1199 1202
f 1040 1202 1044
f 1040 1045 1041
f 1040 1044 1045
f 1202 1203 1045
f 1202 1045 1044
f 1203 1204 1046
f 1203 1046 1045
f 1204 1205 1047
f 1204 1047 1046
f 1205 1206 1048
f 1205 1048 1047
f 1206 1207 1049
f 1206 1049 1048
f 1207 1208 1050
f 1207 1050 1049
f 1042 1208 1200
f 1042 1050 1208
f 1052 1053 1212
f 1053 1213 1212
f 1052 1212 1221
f 1052 1221 1061
f 1052 1062 1053
f 1052 1061 1062
f 1221 1222 1062
f 1221 1062 1061
f 1053 1054 1213
f 1054 1214 1213
f 1222 1223 1063
f 1222 1063 1062
f 1054 1055 1214
f 1055 1215 1214
f 1223 1224 1064
f 1223 1064 1063
f 1055 1056 1215
f 1056 1216 1215
f 1224 1225 1065
f 1224 1065 1064
f 1056 1057 1216
f 1057 1217 1216
f 1216 1217 1225
f 1217 1226 1225
f 1225 1226 1066
f 1225 1066 1065
f 1057 1058 1217
f 1058 1218 1217
f 1217 1218 1226
f 1218 1227 1226
f 1226 1227 1067
f 1226 1067 1066
f 1058 1227 1218
f 1058 1067 1227
f 1092 1093 1238
f 1093 1239 1238
f 1092 1238 1246
f 1092 1246 1101
f 1092 1102 1093
f 1092 1101 1102
f 1246 1247 1102
f 1246 1102 1101
f 1093 1094 1239
f 1094 1240 1239
f 1239 1240 1247
f 1240 1248 1247
f 1093 1103 1094
f 1093 1102 1103
f 1247 1248 1103
f 1247 1103 1102
f 1094 1248 1240
f 1094 1103 1248
f 1104 1105 1249
f 1105 1250 1249
f 1249 1250 1260
f 1250 1261 1260
f 1104 1249 1260
f 1104 1260 1116
f 1104 1117 1105
f 1104 1116 1117
f 1105 1106 1250
f 1106 1251 1250
f 1250 1251 1261
f 1251 1262 1261
f 1106 1107 1251
f 1107 1252 1251
f 1251 1252 1262
f 1252 1263 1262
f 1262 1263 1119
f 1262 1119 1118
f 1107 1263 1252
f 1107 1119 1263
f 1112 1113 1255
f 1113 1256 1255
f 1112 1255 1265
f 1112 1265 1124
f 1265 1266 1125
f 1265 1125 1124
f 1113 1114 1256
f 1114 1257 1256
f 1266 1267 1126
f 1266 1126 1125
f 1114 1115 1257
f 1115 1258 1257
f 1267 1268 1127
f 1267 1127 1126
f 1115 1268 1258
f 1115 1127 1268
f 1260 1261 1270
f 1261 1271 1270
f 1116 1260 1270
f 1116 1270 1129
f 1261 1262 1271
f 1262 1272 1271
f 1118 1272 1262
f 1118 1130 1272
f 1128 1129 1269
f 1129 1270 1269
f 1269 1270 1278
f 1270 1279 1278
f 1128 1269 1278
f 1128 1278 1140
f 1128 1141 1129
f 1128 1140 1141
f 1278 1279 1141
f 1278 1141 1140
f 1270 1271 1279
f 1271 1280 1279
f 1279 1280 1142
f 1279 1142 1141
f 1271 1272 1280
f 1272 1281 1280
f 1280 1281 1143
f 1280 1143 1142
f 1130 1131 1272
f 1131 1273 1272
f 1272 1273 1281
f 1273 1282 1281
f 1281 1282 1144
f 1281 1144 1143
f 1131 1282 1273
f 1131 1144 1282
f 1163 1164 1293
f 1164 1294 1293
f 1293 1294 1307
f 1294 1308 1307
f 1163 1293 1307
f 1163 1307 1177
f 1163 1178 1164
f 1163 1177 1178
f 1164 1165 1294
f 1165 1295 1294
f 1294 1295 1308
f 1295 1309 1308
f 1165 1166 1295
f 1166 1296 1295
f 1295 1296 1309
f 1296 1310 1309
f 1166 1167 1296
f 1167 1297 1296
f 1296 1297 1310
f 1297 1311 1310
f 1167 1168 1297
f 1168 1298 1297
f 1297 1298 1311
f 1298 1312 1311
f 1168 1169 1298
f 1169 1299 1298
f 1298 1299 1312
f 1299 1313 1312
f 1169 1170 1299
f 1170 1300 1299
f 1299 1300 1313
f 1300 1314 1313
f 1170 1171 1300
f 1171 1301 1300
f 1300 1301 1314
f 1301 1315 1314
f 1314 1315 1180
f 1314 1180 1179
f 1171 1315 1301
f 1171 1180 1315
f 1176 1177 1306
f 1177 1307 1306
f 1176 1306 1316
f 1176 1316 1184
f 1179 1317 1314
f 1179 1185 1317
f 1184 1316 1319
f 1184 1319 1187
f 1319 1320 1188
f 1319 1188 1187
f 1321 1322 1190
f 1321 1190 1189
f 1185 1186 1317
f 1186 1318 1317
f 1317 1318 1322
f 1318 1323 1322
f 1322 1323 1191
f 1322 1191 1190
f 1186 1323 1318
f 1186 1191 1323
f 1188 1320 1325
f 1188 1325 1192
f 1189 1326 1321
f 1189 1193 1326
f 1192 1325 1328
f 1192 1328 1195
f 1193 1194 1326
f 1194 1327 1326
f 1194 1329 1327
f 1194 1196 1329
f 1195 1328 1332
f 1195 1332 1198
f 1332 1333 1199
f 1332 1199 1198
f 1196 1197 1329
f 1197 1330 1329
f 1197 1336 1330
f 1197 1201 1336
f 1333 1334 1338
f 1334 1339 1338
f 1199 1333 1338
f 1199 1338 1202
f 1338 1339 1203
f 1338 1203 1202
f 1339 1340 1204
f 1339 1204 1203
f 1340 1341 1205
f 1340 1205 1204
f 1341 1342 1206
f 1341 1206 1205
f 1342 1343 1207
f 1342 1207 1206
f 1343 1344 1208
f 1343 1208 1207
f 1335 1336 1344
f 1336 1345 1344
f 1200 1209 1201
f 1200 1208 1209
f 1344 1345 1209
f 1344 1209 1208
f 1201 1345 1336
f 1201 1209 1345
f 1210 1211 1351
f 1211 1352 1351
f 1210 1351 1359
f 1210 1359 1219
f 1210 1220 1211
f 1210 1219 1220
f 1359 1360 1220
f 1359 1220 1219
f 1211 1212 1352
f 1212 1353 1352
f 1211 1221 1212
f 1211 1220 1221
f 1360 1361 1221
f 1360 1221 1220
f 1212 1213 1353
f 1213 1354 1353
f 1361 1362 1222
f 1361 1222 1221
f 1213 1214 1354
f 1214 1355 1354
f 1362 1363 1223
f 1362 1223 1222
f 1214 1215 1355
f 1215 1356 1355
f 1363 1364 1224
f 1363 1224 1223
f 1215 1216 1356
f 1216 1357 1356
f 1364 1365 1225
f 1364 1225 1224
f 1216 1365 1357
f 1216 1225 1365
f 1228 1229 1373
f 1229 1374 1373
f 1228 1373 1381
f 1228 1381 1233
f 1228 1234 1229
f 1228 1233 1234
f 1229 1230 1374
f 1230 1375 1374
f 1229 1235 1230
f 1229 1234 1235
f 1230 1231 1375
f 1231 1376 1375
f 1230 1236 1231
f 1230 1235 1236
f 1231 1232 1376
f 1232 1377 1376
f 1231 1237 1232
f 1231 1236 1237
f 1232 1382 1377
f 1232 1237 1382
f 1233 1381 1387
f 1233 1387 1241
f 1233 1242 1234
f 1233 1241 1242
f 1234 1243 1235
f 1234 1242 1243
f 1235 1244 1236
f 1235 1243 1244
f 1236 1245 1237
f 1236 1244 1245
f 1237 1238 1382
f 1238 1383 1382
f 1237 1246 1238
f 1237 1245 1246
f 1238 1239 1383
f 1239 1384 1383
f 1239 1388 1384
f 1239 1247 1388
f 1241 1387 1391
f 1241 1391 1253
f 1241 1254 1242
f 1241 1253 1254
f 1391 1392 1254
f 1391 1254 1253
f 1242 1255 1243
f 1242 1254 1255
f 1243 1256 1244
f 1243 1255 1256
f 1244 1257 1245
f 1244 1256 1257
f 1245 1258 1246
f 1245 1257 1258
f 1246 1259 1247
f 1246 1258 1259
f 1393 1394 1259
f 1393 1259 1258
f 1247 1394 1388
f 1247 1259 1394
f 1254 1392 1397
f 1254 1397 1264
f 1254 1265 1255
f 1254 1264 1265
f 1398 1399 1268
f 1398 1268 1267
f 1258 1399 1393
f 1258 1268 1399
f 1264 1397 1400
f 1264 1400 1274
f 1264 1275 1265
f 1264 1274 1275
f 1400 1401 1275
f 1400 1275 1274
f 1265 1276 1266
f 1265 1275 1276
f 1401 1402 1276
f 1401 1276 1275
f 1266 1277 1267
f 1266 1276 1277
f 1402 1403 1277
f 1402 1277 1276
f 1267 1403 1398
f 1267 1277 1403
f 1283 1284 1408
f 1284 1409 1408
f 1283 1408 1414
f 1283 1414 1286
f 1283 1287 1284
f 1283 1286 1287
f 1284 1285 1409
f 1285 1410 1409
f 1284 1288 1285
f 1284 1287 1288
f 1285 1415 1410
f 1285 1288 1415
f 1286 1414 1420
f 1286 1420 1290
f 1286 1291 1287
f 1286 1290 1291
f 1287 1292 1288
f 1287 1291 1292
f 1288 1422 1415
f 1288 1292 1422
f 1289 1290 1419
f 1290 1420 1419
f 1289 1419 1426
f 1289 1426 1302
f 1289 1303 1290
f 1289 1302 1303
f 1426 1427 1303
f 1426 1303 1302
f 1290 1304 1291
f 1290 1303 1304
f 1427 1428 1304
f 1427 1304 1303
f 1421 1422 1428
f 1422 1429 1428
f 1291 1305 1292
f 1291 1304 1305
f 1428 1429 1305
f 1428 1305 1304
f 1292 1429 1422
f 1292 1305 1429
f 1306 1307 1431
f 1307 1432 1431
f 1306 1431 1441
f 1306 1441 1316
f 1307 1308 1432
f 1308 1433 1432
f 1308 1309 1433
f 1309 1434 1433
f 1309 1310 1434
f 1310 1435 1434
f 1310 1311 1435
f 1311 1436 1435
f 1311 1312 1436
f 1312 1437 1436
f 1312 1313 1437
f 1313 1438 1437
f 1313 1314 1438
f 1314 1439 1438
f 1314 1442 1439
f 1314 1317 1442
f 1316 1441 1444
f 1316 1444 1319
f 1317 1445 1442
f 1317 1322 1445
f 1319 1444 1446
f 1319 1446 1324
f 1319 1325 1320
f 1319 1324 1325
f 1446 1447 1325
f 1446 1325 1324
f 1321 1327 1322
f 1321 1326 1327
f 1322 1448 1445
f 1322 1327 1448
f 1325 1447 1450
f 1325 1450 1328
f 1327 1452 1448
f 1327 1329 1452
f 1450 1451 1455
f 1451 1456 1455
f 1328 1450 1455
f 1328 1455 1332
f 1455 1456 1333
f 1455 1333 1332
f 1456 1457 1334
f 1456 1334 1333
f 1329 1330 1452
f 1330 1453 1452
f 1460 1461 1336
f 1460 1336 1335
f 1330 1331 1453
f 1331 1454 1453
f 1453 1454 1461
f 1454 1462 1461
f 1330 1337 1331
f 1330 1336 1337
f 1461 1462 1337
f 1461 1337 1336
f 1331 1462 1454
f 1331 1337 1462
f 1457 1458 1463
f 1458 1464 1463
f 1334 1457 1463
f 1334 1463 1339
f 1463 1464 1340
f 1463 1340 1339
f 1458 1459 1464
f 1459 1465 1464
f 1464 1465 1341
f 1464 1341 1340
f 1465 1466 1342
f 1465 1342 1341
f 1466 1467 1343
f 1466 1343 1342
f 1467 1468 1344
f 1467 1344 1343
f 1335 1468 1460
f 1335 1344 1468
f 1346 1347 1470
f 1347 1471 1470
f 1346 1470 1476
f 1346 1476 1351
f 1346 1352 1347
f 1346 1351 1352
f 1347 1348 1471
f 1348 1472 1471
f 1347 1353 1348
f 1347 1352 1353
f 1348 1349 1472
f 1349 1473 1472
f 1348 1354 1349
f 1348 1353 1354
f 1349 1477 1473
f 1349 1354 1477
f 1350 1351 1475
f 1351 1476 1475
f 1350 1475 1482
f 1350 1482 1358
f 1350 1359 1351
f 1350 1358 1359
f 1482 1483 1359
f 1482 1359 1358
f 1483 1484 1360
f 1483 1360 1359
f 1484 1485 1361
f 1484 1361 1360
f 1485 1486 1362
f 1485 1362 1361
f 1354 1355 1477
f 1355 1478 1477
f 1486 1487 1363
f 1486 1363 1362
f 1355 1356 1478
f 1356 1479 1478
f 1487 1488 1364
f 1487 1364 1363
f 1356 1357 1479
f 1357 1480 1479
f 1479 1480 1488
f 1480 1489 1488
f 1488 1489 1365
f 1488 1365 1364
f 1357 1489 1480
f 1357 1365 1489
f 1366 1367 1501
f 1367 1502 1501
f 1366 1501 1510
f 1366 1510 1372
f 1366 1373 1367
f 1366 1372 1373
f 1367 1368 1502
f 1368 1503 1502
f 1367 1374 1368
f 1367 1373 1374
f 1368 1369 1503
f 1369 1504 1503
f 1368 1375 1369
f 1368 1374 1375
f 1369 1370 1504
f 1370 1505 1504
f 1369 1376 1370
f 1369 1375 1376
f 1370 1371 1505
f 1371 1506 1505
f 1505 1506 1511
f 1506 1512 1511
f 1370 1377 1371
f 1370 1376 1377
f 1371 1512 1506
f 1371 1377 1512
f 1372 1510 1518
f 1372 1518 1380
f 1372 1381 1373
f 1372 1380 1381
f 1377 1378 1512
f 1378 1513 1512
f 1377 1383 1378
f 1377 1382 1383
f 1378 1379 1513
f 1379 1514 1513
f 1513 1514 1519
f 1514 1520 1519
f 1378 1384 1379
f 1378 1383 1384
f 1379 1520 1514
f 1379 1384 1520
f 1380 1518 1523
f 1380 1523 1386
f 1380 1387 1381
f 1380 1386 1387
f 1519 1520 1524
f 1520 1525 1524
f 1384 1385 1520
f 1385 1521 1520
f 1520 1521 1525
f 1521 1526 1525
f 1384 1389 1385
f 1384 1388 1389
f 1385 1526 1521
f 1385 1389 1526
f 1386 1523 1528
f 1386 1528 1390
f 1386 1391 1387
f 1386 1390 1391
f 1528 1529 1391
f 1528 1391 1390
f 1530 1531 1394
f 1530 1394 1393
f 1525 1526 1531
f 1526 1532 1531
f 1388 1395 1389
f 1388 1394 1395
f 1531 1532 1395
f 1531 1395 1394
f 1389 1532 1526
f 1389 1395 1532
f 1391 1529 1536
f 1391 1536 1396
f 1391 1397 1392
f 1391 1396 1397
f 1536 1537 1397
f 1536 1397 1396
f 1538 1539 1399
f 1538 1399 1398
f 1393 1539 1530
f 1393 1399 1539
f 1397 1537 1545
f 1397 1545 1400
f 1545 1546 1401
f 1545 1401 1400
f 1546 1547 1402
f 1546 1402 1401
f 1547 1548 1403
f 1547 1403 1402
f 1398 1548 1538
f 1398 1403 1548
f 1404 1405 1565
f 1405 1566 1565
f 1404 1565 1572
f 1404 1572 1410
f 1404 1411 1405
f 1404 1410 1411
f 1405 1573 1566
f 1405 1411 1573
f 1406 1407 1568
f 1407 1569 1568
f 1406 1568 1576
f 1406 1576 1412
f 1406 1413 1407
f 1406 1412 1413
f 1576 1577 1413
f 1576 1413 1412
f 1407 1408 1569
f 1408 1570 1569
f 1407 1414 1408
f 1407 1413 1414
f 1408 1409 1570
f 1409 1571 1570
f 1409 1410 1571
f 1410 1572 1571
f 1410 1416 1411
f 1410 1415 1416
f 1411 1578 1573
f 1411 1416 1578
f 1413 1577 1583
f 1413 1583 1419
f 1413 1420 1414
f 1413 1419 1420
f 1584 1585 1422
f 1584 1422 1421
f 1415 1423 1416
f 1415 1422 1423
f 1585 1586 1423
f 1585 1423 1422
f 1416 1586 1578
f 1416 1423 1586
f 1417 1418 1581
f 1418 1582 1581
f 1581 1582 1588
f 1582 1589 1588
f 1417 1581 1588
f 1417 1588 1424
f 1417 1425 1418
f 1417 1424 1425
f 1588 1589 1425
f 1588 1425 1424
f 1418 1419 1582
f 1419 1583 1582
f 1418 1426 1419
f 1418 1425 1426
f 1589 1590 1426
f 1589 1426 1425
f 1590 1591 1427
f 1590 1427 1426
f 1591 1592 1428
f 1591 1428 1427
f 1421 1592 1584
f 1421 1428 1592
f 1430 1431 1595
f 1431 1596 1595
f 1430 1595 1611
f 1430 1611 1440
f 1430 1441 1431
f 1430 1440 1441
f 1431 1432 1596
f 1432 1597 1596
f 1432 1433 1597
f 1433 1598 1597
f 1433 1434 1598
f 1434 1599 1598
f 1434 1435 1599
f 1435 1600 1599
f 1435 1436 1600
f 1436 1601 1600
f 1436 1437 1601
f 1437 1602 1601
f 1437 1438 1602
f 1438 1603 1602
f 1438 1439 1603
f 1439 1604 1603
f 1439 1612 1604
f 1439 1442 1612
f 1440 1611 1617
f 1440 1617 1443
f 1440 1444 1441
f 1440 1443 1444
f 1617 1618 1444
f 1617 1444 1443
f 1442 1619 1612
f 1442 1445 1619
f 1444 1618 1623
f 1444 1623 1446
f 1623 1624 1447
f 1623 1447 1446
f 1445 1625 1619
f 1445 1448 1625
f 1447 1624 1628
f 1447 1628 1450
f 1628 1629 1451
f 1628 1451 1450
f 1448 1449 1625
f 1449 1626 1625
f 1448 1453 1449
f 1448 1452 1453
f 1449 1632 1626
f 1449 1453 1632
f 1629 1630 1633
f 1630 1634 1633
f 1451 1629 1633
f 1451 1633 1456
f 1633 1634 1457
f 1633 1457 1456
f 1630 1631 1634
f 1631 1635 1634
f 1634 1635 1458
f 1634 1458 1457
f 1635 1636 1459
f 1635 1459 1458
f 1639 1640 1461
f 1639 1461 1460
f 1453 1640 1632
f 1453 1461 1640
f 1636 1637 1641
f 1637 1642 1641
f 1459 1636 1641
f 1459 1641 1465
f 1641 1642 1466
f 1641 1466 1465
f 1637 1638 1642
f 1638 1643 1642
f 1642 1643 1467
f 1642 1467 1466
f 1638 1639 1643
f 1639 1644 1643
f 1643 1644 1468
f 1643 1468 1467
f 1460 1644 1639
f 1460 1468 1644
f 1469 1470 1645
f 1470 1646 1645
f 1469 1645 1652
f 1469 1652 1475
f 1469 1476 1470
f 1469 1475 1476
f 1470 1471 1646
f 1471 1647 1646
f 1471 1472 1647
f 1472 1648 1647
f 1472 1473 1648
f 1473 1649 1648
f 1473 1653 1649
f 1473 1477 1653
f 1474 1475 1651
f 1475 1652 1651
f 1474 1651 1656
f 1474 1656 1481
f 1474 1482 1475
f 1474 1481 1482
f 1656 1657 1482
f 1656 1482 1481
f 1657 1658 1483
f 1657 1483 1482
f 1477 1478 1653
f 1478 1654 1653
f 1478 1479 1654
f 1479 1655 1654
f 1479 1659 1655
f 1479 1488 1659
f 1483 1658 1662
f 1483 1662 1490
f 1483 1491 1484
f 1483 1490 1491
f 1662 1663 1491
f 1662 1491 1490
f 1484 1492 1485
f 1484 1491 1492
f 1485 1493 1486
f 1485 1492 1493
f 1664 1665 1493
f 1664 1493 1492
f 1486 1494 1487
f 1486 1493 1494
f 1665 1666 1494
f 1665 1494 1493
f 1487 1495 1488
f 1487 1494 1495
f 1666 1667 1495
f 1666 1495 1494
f 1488 1667 1659
f 1488 1495 1667
f 1491 1663 1671
f 1491 1671 1496
f 1491 1497 1492
f 1491 1496 1497
f 1671 1672 1497
f 1671 1497 1496
f 1492 1672 1664
f 1492 1497 1672
f 1498 1499 1678
f 1499 1679 1678
f 1498 1678 1690
f 1498 1690 1507
f 1498 1508 1499
f 1498 1507 1508
f 1499 1500 1679
f 1500 1680 1679
f 1499 1509 1500
f 1499 1508 1509
f 1500 1501 1680
f 1501 1681 1680
f 1500 1510 1501
f 1500 1509 1510
f 1501 1502 1681
f 1502 1682 1681
f 1502 1503 1682
f 1503 1683 1682
f 1503 1504 1683
f 1504 1684 1683
f 1504 1505 1684
f 1505 1685 1684
f 1505 1691 1685
f 1505 1511 1691
f 1507 1690 1698
f 1507 1698 1515
f 1507 1516 1508
f 1507 1515 1516
f 1698 1699 1516
f 1698 1516 1515
f 1508 1517 1509
f 1508 1516 1517
f 1699 1700 1517
f 1699 1517 1516
f 1509 1518 1510
f 1509 1517 1518
f 1511 1512 1691
f 1512 1692 1691
f 1512 1513 1692
f 1513 1693 1692
f 1513 1701 1693
f 1513 1519 1701
f 1517 1700 1706
f 1517 1706 1522
f 1517 1523 1518
f 1517 1522 1523
f 1519 1707 1701
f 1519 1524 1707
f 1522 1706 1719
f 1522 1719 1527
f 1522 1528 1523
f 1522 1527 1528
f 1524 1525 1707
f 1525 1708 1707
f 1720 1721 1531
f 1720 1531 1530
f 1525 1721 1708
f 1525 1531 1721
f 1527 1719 1732
f 1527 1732 1534
f 1527 1535 1528
f 1527 1534 1535
f 1528 1536 1529
f 1528 1535 1536
f 1530 1733 1720
f 1530 1539 1733
f 1533 1534 1731
f 1534 1732 1731
f 1533 1731 1744
f 1533 1744 1541
f 1533 1542 1534
f 1533 1541 1542
f 1744 1745 1542
f 1744 1542 1541
f 1534 1543 1535
f 1534 1542 1543
f 1745 1746 1543
f 1745 1543 1542
f 1535 1544 1536
f 1535 1543 1544
f 1536 1545 1537
f 1536 1544 1545
f 1538 1549 1539
f 1538 1548 1549
f 1747 1748 1549
f 1747 1549 1548
f 1539 1540 1733
f 1540 1734 1733
f 1539 1550 1540
f 1539 1549 1550
f 1748 1749 1550
f 1748 1550 1549
f 1540 1749 1734
f 1540 1550 1749
f 1543 1746 1760
f 1543 1760 1551
f 1543 1552 1544
f 1543 1551 1552
f 1760 1761 1552
f 1760 1552 1551
f 1544 1553 1545
f 1544 1552 1553
f 1761 1762 1553
f 1761 1553 1552
f 1545 1554 1546
f 1545 1553 1554
f 1762 1763 1554
f 1762 1554 1553
f 1546 1555 1547
f 1546 1554 1555
f 1763 1764 1555
f 1763 1555 1554
f 1547 1556 1548
f 1547 1555 1556
f 1764 1765 1556
f 1764 1556 1555
f 1548 1765 1747
f 1548 1556 1765
f 1557 1558 1778
f 1558 1779 1778
f 1557 1778 1790
f 1557 1790 1563
f 1557 1564 1558
f 1557 1563 1564
f 1558 1559 1779
f 1559 1780 1779
f 1558 1565 1559
f 1558 1564 1565
f 1559 1560 1780
f 1560 1781 1780
f 1559 1566 1560
f 1559 1565 1566
f 1560 1561 1781
f 1561 1782 1781
f 1560 1567 1561
f 1560 1566 1567
f 1561 1791 1782
f 1561 1567 1791
f 1562 1563 1789
f 1563 1790 1789
f 1562 1789 1799
f 1562 1799 1569
f 1562 1570 1563
f 1562 1569 1570
f 1563 1571 1564
f 1563 1570 1571
f 1564 1572 1565
f 1564 1571 1572
f 1566 1574 1567
f 1566 1573 1574
f 1567 1800 1791
f 1567 1574 1800
f 1568 1569 1798
f 1569 1799 1798
f 1568 1798 1807
f 1568 1807 1576
f 1573 1579 1574
f 1573 1578 1579
f 1574 1575 1800
f 1575 1801 1800
f 1800 1801 1808
f 1801 1809 1808
f 1574 1580 1575
f 1574 1579 1580
f 1808 1809 1580
f 1808 1580 1579
f 1575 1809 1801
f 1575 1580 1809
f 1576 1807 1815
f 1576 1815 1582
f 1576 1583 1577
f 1576 1582 1583
f 1578 1587 1579
f 1578 1586 1587
f 1816 1817 1587
f 1816 1587 1586
f 1579 1817 1808
f 1579 1587 1817
f 1582 1815 1825
f 1582 1825 1589
f 1584 1593 1585
f 1584 1592 1593
f 1585 1594 1586
f 1585 1593 1594
f 1586 1826 1816
f 1586 1594 1826
f 1588 1589 1824
f 1589 1825 1824
f 1588 1824 1837
f 1588 1837 1604
f 1588 1605 1589
f 1588 1604 1605
f 1589 1606 1590
f 1589 1605 1606
f 1590 1607 1591
f 1590 1606 1607
f 1591 1608 1592
f 1591 1607 1608
f 1592 1609 1593
f 1592 1608 1609
f 1838 1839 1609
f 1838 1609 1608
f 1593 1610 1594
f 1593 1609 1610
f 1839 1840 1610
f 1839 1610 1609
f 1594 1840 1826
f 1594 1610 1840
f 1595 1596 1828
f 1596 1829 1828
f 1595 1828 1842
f 1595 1842 1611
f 1596 1597 1829
f 1597 1830 1829
f 1597 1598 1830
f 1598 1831 1830
f 1598 1599 1831
f 1599 1832 1831
f 1599 1600 1832
f 1600 1833 1832
f 1600 1601 1833
f 1601 1834 1833
f 1601 1602 1834
f 1602 1835 1834
f 1602 1603 1835
f 1603 1836 1835
f 1603 1604 1836
f 1604 1837 1836
f 1604 1613 1605
f 1604 1612 1613
f 1605 1614 1606
f 1605 1613 1614
f 1606 1615 1607
f 1606 1614 1615
f 1607 1616 1608
f 1607 1615 1616
f 1843 1844 1616
f 1843 1616 1615
f 1608 1844 1838
f 1608 1616 1844
f 1611 1842 1846
f 1611 1846 1617
f 1846 1847 1618
f 1846 1618 1617
f 1612 1620 1613
f 1612 1619 1620
f 1613 1621 1614
f 1613 1620 1621
f 1614 1622 1615
f 1614 1621 1622
f 1848 1849 1622
f 1848 1622 1621
f 1615 1849 1843
f 1615 1622 1849
f 1618 1847 1851
f 1618 1851 1623
f 1851 1852 1624
f 1851 1624 1623
f 1619 1626 1620
f 1619 1625 1626
f 1620 1627 1621
f 1620 1626 1627
f 1853 1854 1627
f 1853 1627 1626
f 1621 1854 1848
f 1621 1627 1854
f 1624 1852 1856
f 1624 1856 1628
f 1856 1857 1629
f 1856 1629 1628
f 1857 1858 1630
f 1857 1630 1629
f 1858 1859 1631
f 1858 1631 1630
f 1626 1860 1853
f 1626 1632 1860
f 1631 1859 1863
f 1631 1863 1635
f 1863 1864 1636
f 1863 1636 1635
f 1864 1865 1637
f 1864 1637 1636
f 1865 1866 1638
f 1865 1638 1637
f 1866 1867 1639
f 1866 1639 1638
f 1867 1868 1640
f 1867 1640 1639
f 1632 1868 1860
f 1632 1640 1868
f 1645 1646 1872
f 1646 1873 1872
f 1645 1872 1879
f 1645 1879 1652
f 1646 1647 1873
f 1647 1874 1873
f 1647 1648 1874
f 1648 1875 1874
f 1648 1649 1875
f 1649 1876 1875
f 1649 1650 1876
f 1650 1877 1876
f 1649 1654 1650
f 1649 1653 1654
f 1650 1880 1877
f 1650 1654 1880
f 1651 1652 1878
f 1652 1879 1878
f 1651 1878 1883
f 1651 1883 1656
f 1883 1884 1657
f 1883 1657 1656
f 1654 1655 1880
f 1655 1881 1880
f 1655 1885 1881
f 1655 1659 1885
f 1657 1884 1888
f 1657 1888 1661
f 1657 1662 1658
f 1657 1661 1662
f 1659 1660 1885
f 1660 1886 1885
f 1659 1668 1660
f 1659 1667 1668
f 1889 1890 1668
f 1889 1668 1667
f 1660 1890 1886
f 1660 1668 1890
f 1661 1888 1893
f 1661 1893 1669
f 1661 1670 1662
f 1661 1669 1670
f 1893 1894 1670
f 1893 1670 1669
f 1662 1671 1663
f 1662 1670 1671
f 1894 1895 1671
f 1894 1671 1670
f 1895 1896 1672
f 1895 1672 1671
f 1664 1673 1665
f 1664 1672 1673
f 1896 1897 1673
f 1896 1673 1672
f 1665 1674 1666
f 1665 1673 1674
f 1897 1898 1674
f 1897 1674 1673
f 1666 1675 1667
f 1666 1674 1675
f 1667 1899 1889
f 1667 1675 1899
f 1674 1898 1916
f 1674 1916 1686
f 1674 1687 1675
f 1674 1686 1687
f 1675 1676 1899
f 1676 1900 1899
f 1675 1688 1676
f 1675 1687 1688
f 1676 1677 1900
f 1677 1901 1900
f 1676 1689 1677
f 1676 1688 1689
f 1677 1678 1901
f 1678 1902 1901
f 1677 1690 1678
f 1677 1689 1690
f 1678 1679 1902
f 1679 1903 1902
f 1679 1680 1903
f 1680 1904 1903
f 1680 1681 1904
f 1681 1905 1904
f 1681 1682 1905
f 1682 1906 1905
f 1682 1683 1906
f 1683 1907 1906
f 1683 1684 1907
f 1684 1908 1907
f 1684 1685 1908
f 1685 1909 1908
f 1908 1909 1917
f 1909 1918 1917
f 1685 1918 1909
f 1685 1691 1918
f 1686 1916 1927
f 1686 1927 1694
f 1686 1695 1687
f 1686 1694 1695
f 1927 1928 1695
f 1927 1695 1694
f 1687 1696 1688
f 1687 1695 1696
f 1928 1929 1696
f 1928 1696 1695
f 1688 1697 1689
f 1688 1696 1697
f 1929 1930 1697
f 1929 1697 1696
f 1689 1698 1690
f 1689 1697 1698
f 1691 1692 1918
f 1692 1919 1918
f 1918 1919 1931
f 1919 1932 1931
f 1692 1693 1919
f 1693 1920 1919
f 1919 1920 1932
f 1920 1933 1932
f 1693 1933 1920
f 1693 1701 1933
f 1697 1930 1943
f 1697 1943 1703
f 1697 1704 1698
f 1697 1703 1704
f 1698 1705 1699
f 1698 1704 1705
f 1699 1706 1700
f 1699 1705 1706
f 1931 1932 1944
f 1932 1945 1944
f 1932 1933 1945
f 1933 1946 1945
f 1701 1946 1933
f 1701 1707 1946
f 1702 1703 1942
f 1703 1943 1942
f 1702 1942 1956
f 1702 1956 1715
f 1702 1716 1703
f 1702 1715 1716
f 1703 1717 1704
f 1703 1716 1717
f 1704 1718 1705
f 1704 1717 1718
f 1705 1719 1706
f 1705 1718 1719
f 1945 1946 1957
f 1946 1958 1957
f 1707 1708 1946
f 1708 1947 1946
f 1946 1947 1958
f 1947 1959 1958
f 1958 1959 1721
f 1958 1721 1720
f 1708 1959 1947
f 1708 1721 1959
f 1709 1710 1950
f 1710 1951 1950
f 1709 1950 1961
f 1709 1961 1722
f 1709 1723 1710
f 1709 1722 1723
f 1710 1711 1951
f 1711 1952 1951
f 1710 1724 1711
f 1710 1723 1724
f 1711 1712 1952
f 1712 1953 1952
f 1711 1725 1712
f 1711 1724 1725
f 1712 1713 1953
f 1713 1954 1953
f 1712 1726 1713
f 1712 1725 1726
f 1713 1714 1954
f 1714 1955 1954
f 1713 1727 1714
f 1713 1726 1727
f 1714 1715 1955
f 1715 1956 1955
f 1714 1728 1715
f 1714 1727 1728
f 1715 1729 1716
f 1715 1728 1729
f 1716 1730 1717
f 1716 1729 1730
f 1717 1731 1718
f 1717 1730 1731
f 1718 1732 1719
f 1718 1731 1732
f 1720 1962 1958
f 1720 1733 1962
f 1722 1961 1965
f 1722 1965 1735
f 1722 1736 1723
f 1722 1735 1736
f 1965 1966 1736
f 1965 1736 1735
f 1723 1737 1724
f 1723 1736 1737
f 1724 1738 1725
f 1724 1737 1738
f 1725 1739 1726
f 1725 1738 1739
f 1726 1740 1727
f 1726 1739 1740
f 1727 1741 1728
f 1727 1740 1741
f 1728 1742 1729
f 1728 1741 1742
f 1729 1743 1730
f 1729 1742 1743
f 1730 1744 1731
f 1730 1743 1744
f 1733 1734 1962
f 1734 1963 1962
f 1968 1969 1749
f 1968 1749 1748
f 1734 1969 1963
f 1734 1749 1969
f 1736 1966 1970
f 1736 1970 1750
f 1736 1751 1737
f 1736 1750 1751
f 1970 1971 1751
f 1970 1751 1750
f 1737 1752 1738
f 1737 1751 1752
f 1738 1753 1739
f 1738 1752 1753
f 1739 1754 1740
f 1739 1753 1754
f 1740 1755 1741
f 1740 1754 1755
f 1741 1756 1742
f 1741 1755 1756
f 1742 1757 1743
f 1742 1756 1757
f 1743 1758 1744
f 1743 1757 1758
f 1744 1759 1745
f 1744 1758 1759
f 1745 1760 1746
f 1745 1759 1760
f 1967 1968 1972
f 1968 1973 1972
f 1747 1766 1748
f 1747 1765 1766
f 1748 1973 1968
f 1748 1766 1973
f 1751 1971 1975
f 1751 1975 1767
f 1751 1768 1752
f 1751 1767 1768
f 1975 1976 1768
f 1975 1768 1767
f 1752 1769 1753
f 1752 1768 1769
f 1976 1977 1769
f 1976 1769 1768
f 1753 1770 1754
f 1753 1769 1770
f 1977 1978 1770
f 1977 1770 1769
f 1754 1771 1755
f 1754 1770 1771
f 1978 1979 1771
f 1978 1771 1770
f 1755 1772 1756
f 1755 1771 1772
f 1979 1980 1772
f 1979 1772 1771
f 1756 1773 1757
f 1756 1772 1773
f 1757 1774 1758
f 1757 1773 1774
f 1758 1775 1759
f 1758 1774 1775
f 1759 1776 1760
f 1759 1775 1776
f 1760 1777 1761
f 1760 1776 1777
f 1761 1778 1762
f 1761 1777 1778
f 1762 1779 1763
f 1762 1778 1779
f 1763 1780 1764
f 1763 1779 1780
f 1764 1781 1765
f 1764 1780 1781
f 1765 1782 1766
f 1765 1781 1782
f 1766 1982 1973
f 1766 1782 1982
f 1772 1980 1986
f 1772 1986 1784
f 1772 1785 1773
f 1772 1784 1785
f 1773 1786 1774
f 1773 1785 1786
f 1774 1787 1775
f 1774 1786 1787
f 1775 1788 1776
f 1775 1787 1788
f 1776 1789 1777
f 1776 1788 1789
f 1777 1790 1778
f 1777 1789 1790
f 1981 1982 1987
f 1982 1988 1987
f 1782 1988 1982
f 1782 1791 1988
f 1783 1784 1985
f 1784 1986 1985
f 1783 1985 1993
f 1783 1993 1793
f 1783 1794 1784
f 1783 1793 1794
f 1784 1795 1785
f 1784 1794 1795
f 1785 1796 1786
f 1785 1795 1796
f 1786 1797 1787
f 1786 1796 1797
f 1787 1798 1788
f 1787 1797 1798
f 1788 1799 1789
f 1788 1798 1799
f 1791 1792 1988
f 1792 1989 1988
f 1791 1801 1792
f 1791 1800 1801
f 1994 1995 1801
f 1994 1801 1800
f 1792 1995 1989
f 1792 1801 1995
f 1793 1993 1999
f 1793 1999 1802
f 1793 1803 1794
f 1793 1802 1803
f 1794 1804 1795
f 1794 1803 1804
f 1795 1805 1796
f 1795 1804 1805
f 1796 1806 1797
f 1796 1805 1806
f 1797 1807 1798
f 1797 1806 1807
f 1800 2000 1994
f 1800 1808 2000
f 1802 1999 2004
f 1802 2004 1810
f 1802 1811 1803
f 1802 1810 1811
f 1803 1812 1804
f 1803 1811 1812
f 1804 1813 1805
f 1804 1812 1813
f 1805 1814 1806
f 1805 1813 1814
f 1806 1815 1807
f 1806 1814 1815
f 2005 2006 1817
f 2005 1817 1816
f 1808 1809 2000
f 1809 2001 2000
f 2000 2001 2006
f 2001 2007 2006
f 1808 1818 1809
f 1808 1817 1818
f 2006 2007 1818
f 2006 1818 1817
f 1809 2007 2001
f 1809 1818 2007
f 1810 2004 2010
f 1810 2010 1820
f 1810 1821 1811
f 1810 1820 1821
f 1811 1822 1812
f 1811 1821 1822
f 1812 1823 1813
f 1812 1822 1823
f 1813 1824 1814
f 1813 1823 1824
f 1814 1825 1815
f 1814 1824 1825
f 1816 2011 2005
f 1816 1826 2011
f 1819 1820 2009
f 1820 2010 2009
f 1819 2009 2017
f 1819 2017 1832
f 1819 1833 1820
f 1819 1832 1833
f 1820 1834 1821
f 1820 1833 1834
f 1821 1835 1822
f 1821 1834 1835
f 1822 1836 1823
f 1822 1835 1836
f 1823 1837 1824
f 1823 1836 1837
f 2019 2020 1840
f 2019 1840 1839
f 1826 2020 2011
f 1826 1840 2020
f 1827 1828 2012
f 1828 2013 2012
f 1827 2012 2021
f 1827 2021 1841
f 1827 1842 1828
f 1827 1841 1842
f 2021 2022 1842
f 2021 1842 1841
f 1828 1829 2013
f 1829 2014 2013
f 1829 1830 2014
f 1830 2015 2014
f 1830 1831 2015
f 1831 2016 2015
f 1831 1832 2016
f 1832 2017 2016
f 2018 2019 2023
f 2019 2024 2023
f 1838 1845 1839
f 1838 1844 1845
f 2023 2024 1845
f 2023 1845 1844
f 1839 2024 2019
f 1839 1845 2024
f 1842 2022 2025
f 1842 2025 1846
f 2025 2026 1847
f 2025 1847 1846
f 1843 1850 1844
f 1843 1849 1850
f 2027 2028 1850
f 2027 1850 1849
f 1844 2028 2023
f 1844 1850 2028
f 1847 2026 2029
f 1847 2029 1851
f 2029 2030 1852
f 2029 1852 1851
f 1848 1855 1849
f 1848 1854 1855
f 2032 2033 1855
f 2032 1855 1854
f 1849 2033 2027
f 1849 1855 2033
f 2030 2031 2035
f 2031 2036 2035
f 1852 2030 2035
f 1852 2035 1856
f 2035 2036 1857
f 2035 1857 1856
f 2036 2037 1858
f 2036 1858 1857
f 2037 2038 1859
f 2037 1859 1858
f 1853 1861 1854
f 1853 1860 1861
f 1854 2044 2032
f 1854 1861 2044
f 2038 2039 2046
f 2039 2047 2046
f 1859 2038 2046
f 1859 2046 1863
f 2046 2047 1864
f 2046 1864 1863
f 2039 2040 2047
f 2040 2048 2047
f 2047 2048 1865
f 2047 1865 1864
f 2040 2041 2048
f 2041 2049 2048
f 2048 2049 1866
f 2048 1866 1865
f 2041 2042 2049
f 2042 2050 2049
f 2049 2050 1867
f 2049 1867 1866
f 2042 2043 2050
f 2043 2051 2050
f 2050 2051 1868
f 2050 1868 1867
f 2043 2044 2051
f 2044 2052 2051
f 1860 1869 1861
f 1860 1868 1869
f 2051 2052 1869
f 2051 1869 1868
f 1861 1862 2044
f 1862 2045 2044
f 2044 2045 2052
f 2045 2053 2052
f 1861 1870 1862
f 1861 1869 1870
f 2052 2053 1870
f 2052 1870 1869
f 1862 2053 2045
f 1862 1870 2053
f 1871 1872 2054
f 1872 2055 2054
f 1871 2054 2061
f 1871 2061 1878
f 1871 1879 1872
f 1871 1878 1879
f 1872 1873 2055
f 1873 2056 2055
f 1873 1874 2056
f 1874 2057 2056
f 1874 1875 2057
f 1875 2058 2057
f 1875 1876 2058
f 1876 2059 2058
f 1876 1877 2059
f 1877 2060 2059
f 1877 2062 2060
f 1877 1880 2062
f 1878 2061 2065
f 1878 2065 1883
f 1880 1881 2062
f 1881 2063 2062
f 1881 1882 2063
f 1882 2064 2063
f 2063 2064 2066
f 2064 2067 2066
f 1881 1886 1882
f 1881 1885 1886
f 1882 2067 2064
f 1882 1886 2067
f 1883 2065 2069
f 1883 2069 1887
f 1883 1888 1884
f 1883 1887 1888
f 1886 2070 2067
f 1886 1890 2070
f 1887 2069 2073
f 1887 2073 1892
f 1887 1893 1888
f 1887 1892 1893
f 1889 1900 1890
f 1889 1899 1900
f 1890 1891 2070
f 1891 2071 2070
f 1890 1901 1891
f 1890 1900 1901
f 1891 2074 2071
f 1891 1901 2074
f 1892 2073 2082
f 1892 2082 1910
f 1892 1911 1893
f 1892 1910 1911
f 2082 2083 1911
f 2082 1911 1910
f 1893 1912 1894
f 1893 1911 1912
f 1894 1913 1895
f 1894 1912 1913
f 1895 1914 1896
f 1895 1913 1914
f 1896 1915 1897
f 1896 1914 1915
f 1897 1916 1898
f 1897 1915 1916
f 1901 1902 2074
f 1902 2075 2074
f 1902 1903 2075
f 1903 2076 2075
f 1903 1904 2076
f 1904 2077 2076
f 1904 1905 2077
f 1905 2078 2077
f 1905 1906 2078
f 1906 2079 2078
f 1906 1907 2079
f 1907 2080 2079
f 1907 1908 2080
f 1908 2081 2080
f 1908 2084 2081
f 1908 1917 2084
f 1911 2083 2087
f 1911 2087 1922
f 1911 1923 1912
f 1911 1922 1923
f 1912 1924 1913
f 1912 1923 1924
f 1913 1925 1914
f 1913 1924 1925
f 1914 1926 1915
f 1914 1925 1926
f 1915 1927 1916
f 1915 1926 1927
f 1917 1918 2084
f 1918 2085 2084
f 1918 2088 2085
f 1918 1931 2088
f 1921 1922 2086
f 1922 2087 2086
f 1921 2086 2089
f 1921 2089 1934
f 1921 1935 1922
f 1921 1934 1935
f 1922 1936 1923
f 1922 1935 1936
f 1923 1937 1924
f 1923 1936 1937
f 1924 1938 1925
f 1924 1937 1938
f 1925 1939 1926
f 1925 1938 1939
f 1926 1940 1927
f 1926 1939 1940
f 1927 1941 1928
f 1927 1940 1941
f 1928 1942 1929
f 1928 1941 1942
f 1929 1943 1930
f 1929 1942 1943
f 1931 2090 2088
f 1931 1944 2090
f 1934 2089 2092
f 1934 2092 1948
f 1934 1949 1935
f 1934 1948 1949
f 2092 2093 1949
f 2092 1949 1948
f 1935 1950 1936
f 1935 1949 1950
f 1936 1951 1937
f 1936 1950 1951
f 1937 1952 1938
f 1937 1951 1952
f 1938 1953 1939
f 1938 1952 1953
f 1939 1954 1940
f 1939 1953 1954
f 1940 1955 1941
f 1940 1954 1955
f 1941 1956 1942
f 1941 1955 1956
f 1944 1945 2090
f 1945 2091 2090
f 2090 2091 2094
f 2091 2095 2094
f 1945 2095 2091
f 1945 1957 2095
f 1949 2093 2098
f 1949 2098 1960
f 1949 1961 1950
f 1949 1960 1961
f 1957 1958 2095
f 1958 2096 2095
f 2095 2096 2099
f 2096 2100 2099
f 1958 2100 2096
f 1958 1962 2100
f 1960 2098 2103
f 1960 2103 1964
f 1960 1965 1961
f 1960 1964 1965
f 2103 2104 1965
f 2103 1965 1964
f 2104 2105 1966
f 2104 1966 1965
f 2099 2100 2108
f 2100 2109 2108
f 2108 2109 1968
f 2108 1968 1967
f 1962 1963 2100
f 1963 2101 2100
f 2100 2101 2109
f 2101 2110 2109
f 2109 2110 1969
f 2109 1969 1968
f 1963 2110 2101
f 1963 1969 2110
f 1966 2105 2113
f 1966 2113 1970
f 2106 2107 2115
f 2107 2116 2115
f 2107 2108 2116
f 2108 2117 2116
f 1967 2117 2108
f 1967 1972 2117
f 1970 2113 2121
f 1970 2121 1974
f 1970 1975 1971
f 1970 1974 1975
f 2121 2122 1975
f 2121 1975 1974
f 2122 2123 1976
f 2122 1976 1975
f 2123 2124 1977
f 2123 1977 1976
f 2114 2115 2125
f 2115 2126 2125
f 2115 2116 2126
f 2116 2127 2126
f 2116 2117 2127
f 2117 2128 2127
f 1972 1973 2117
f 1973 2118 2117
f 2117 2118 2128
f 2118 2129 2128
f 2128 2129 1982
f 2128 1982 1981
f 1973 2129 2118
f 1973 1982 2129
f 1977 2124 2134
f 1977 2134 1983
f 1977 1984 1978
f 1977 1983 1984
f 1978 1985 1979
f 1978 1984 1985
f 1979 1986 1980
f 1979 1985 1986
f 2125 2126 2135
f 2126 2136 2135
f 2126 2127 2136
f 2127 2137 2136
f 2127 2128 2137
f 2128 2138 2137
f 1981 2138 2128
f 1981 1987 2138
f 1983 2134 2146
f 1983 2146 1991
f 1983 1992 1984
f 1983 1991 1992
f 1984 1993 1985
f 1984 1992 1993
f 2136 2137 2148
f 2137 2149 2148
f 2137 2138 2149
f 2138 2150 2149
f 1987 1988 2138
f 1988 2139 2138
f 2138 2139 2150
f 2139 2151 2150
f 1988 1989 2139
f 1989 2140 2139
f 2139 2140 2151
f 2140 2152 2151
f 2151 2152 1995
f 2151 1995 1994
f 1989 1990 2140
f 1990 2141 2140
f 2140 2141 2152
f 2141 2153 2152
f 1989 1996 1990
f 1989 1995 1996
f 2152 2153 1996
f 2152 1996 1995
f 1990 2153 2141
f 1990 1996 2153
f 1991 2146 2157
f 1991 2157 1997
f 1991 1998 1992
f 1991 1997 1998
f 1992 1999 1993
f 1992 1998 1999
f 2147 2148 2158
f 2148 2159 2158
f 2148 2149 2159
f 2149 2160 2159
f 2149 2150 2160
f 2150 2161 2160
f 2150 2151 2161
f 2151 2162 2161
f 1994 2162 2151
f 1994 2000 2162
f 1997 2157 2166
f 1997 2166 2002
f 1997 2003 1998
f 1997 2002 2003
f 2166 2167 2003
f 2166 2003 2002
f 1998 2004 1999
f 1998 2003 2004
f 2158 2159 2168
f 2159 2169 2168
f 2159 2160 2169
f 2160 2170 2169
f 2160 2161 2170
f 2161 2171 2170
f 2161 2162 2171
f 2162 2172 2171
f 2171 2172 2006
f 2171 2006 2005
f 2000 2172 2162
f 2000 2006 2172
f 2003 2167 2178
f 2003 2178 2009
f 2003 2010 2004
f 2003 2009 2010
f 2169 2170 2180
f 2170 2181 2180
f 2170 2171 2181
f 2171 2182 2181
f 2005 2182 2171
f 2005 2011 2182
f 2008 2009 2177
f 2009 2178 2177
f 2008 2177 2187
f 2008 2187 2016
f 2008 2017 2009
f 2008 2016 2017
f 2179 2180 2188
f 2180 2189 2188
f 2180 2181 2189
f 2181 2190 2189
f 2189 2190 2019
f 2189 2019 2018
f 2181 2182 2190
f 2182 2191 2190
f 2190 2191 2020
f 2190 2020 2019
f 2011 2191 2182
f 2011 2020 2191
f 2012 2013 2183
f 2013 2184 2183
f 2012 2183 2192
f 2012 2192 2021
f 2192 2193 2022
f 2192 2022 2021
f 2013 2014 2184
f 2014 2185 2184
f 2014 2015 2185
f 2015 2186 2185
f 2015 2016 2186
f 2016 2187 2186
f 2188 2189 2194
f 2189 2195 2194
f 2018 2195 2189
f 2018 2023 2195
f 2022 2193 2197
f 2022 2197 2025
f 2197 2198 2026
f 2197 2026 2025
f 2194 2195 2199
f 2195 2200 2199
f 2023 2200 2195
f 2023 2028 2200
f 2026 2198 2201
f 2026 2201 2029
f 2201 2202 2030
f 2201 2030 2029
f 2202 2203 2031
f 2202 2031 2030
f 2199 2200 2205
f 2200 2206 2205
f 2027 2034 2028
f 2027 2033 2034
f 2205 2206 2034
f 2205 2034 2033
f 2028 2206 2200
f 2028 2034 2206
f 2031 2203 2207
f 2031 2207 2036
f 2207 2208 2037
f 2207 2037 2036
f 2208 2209 2038
f 2208 2038 2037
f 2209 2210 2039
f 2209 2039 2038
f 2210 2211 2040
f 2210 2040 2039
f 2211 2212 2041
f 2211 2041 2040
f 2212 2213 2042
f 2212 2042 2041
f 2213 2214 2043
f 2213 2043 2042
f 2214 2215 2044
f 2214 2044 2043
f 2204 2205 2215
f 2205 2216 2215
f 2032 2045 2033
f 2032 2044 2045
f 2215 2216 2045
f 2215 2045 2044
f 2033 2216 2205
f 2033 2045 2216
f 2054 2055 2220
f 2055 2221 2220
f 2220 2221 2227
f 2221 2228 2227
f 2054 2220 2227
f 2054 2227 2061
f 2055 2056 2221
f 2056 2222 2221
f 2056 2057 2222
f 2057 2223 2222
f 2057 2058 2223
f 2058 2224 2223
f 2058 2059 2224
f 2059 2225 2224
f 2059 2060 2225
f 2060 2226 2225
f 2060 2229 2226
f 2060 2062 2229
f 2061 2227 2232
f 2061 2232 2065
f 2062 2063 2229
f 2063 2230 2229
f 2063 2233 2230
f 2063 2066 2233
f 2065 2232 2236
f 2065 2236 2069
f 2066 2067 2233
f 2067 2234 2233
f 2067 2068 2234
f 2068 2235 2234
f 2067 2071 2068
f 2067 2070 2071
f 2068 2237 2235
f 2068 2071 2237
f 2069 2236 2239
f 2069 2239 2073
f 2071 2072 2237
f 2072 2238 2237
f 2071 2075 2072
f 2071 2074 2075
f 2072 2240 2238
f 2072 2075 2240
f 2073 2239 2247
f 2073 2247 2082
f 2075 2076 2240
f 2076 2241 2240
f 2076 2077 2241
f 2077 2242 2241
f 2077 2078 2242
f 2078 2243 2242
f 2078 2079 2243
f 2079 2244 2243
f 2079 2080 2244
f 2080 2245 2244
f 2244 2245 2248
f 2245 2249 2248
f 2080 2081 2245
f 2081 2246 2245
f 2245 2246 2249
f 2246 2250 2249
f 2081 2250 2246
f 2081 2084 2250
f 2082 2247 2252
f 2082 2252 2086
f 2082 2087 2083
f 2082 2086 2087
f 2249 2250 2253
f 2250 2254 2253
f 2084 2085 2250
f 2085 2251 2250
f 2250 2251 2254
f 2251 2255 2254
f 2085 2255 2251
f 2085 2088 2255
f 2086 2252 2256
f 2086 2256 2089
f 2253 2254 2258
f 2254 2259 2258
f 2254 2255 2259
f 2255 2260 2259
f 2088 2260 2255
f 2088 2090 2260
f 2089 2256 2261
f 2089 2261 2092
f 2257 2258 2263
f 2258 2264 2263
f 2258 2259 2264
f 2259 2265 2264
f 2259 2260 2265
f 2260 2266 2265
f 2090 2266 2260
f 2090 2094 2266
f 2092 2261 2268
f 2092 2268 2097
f 2092 2098 2093
f 2092 2097 2098
f 2262 2263 2271
f 2263 2272 2271
f 2263 2264 2272
f 2264 2273 2272
f 2264 2265 2273
f 2265 2274 2273
f 2265 2266 2274
f 2266 2275 2274
f 2094 2095 2266
f 2095 2267 2266
f 2266 2267 2275
f 2267 2276 2275
f 2095 2276 2267
f 2095 2099 2276
f 2268 2269 2277
f 2269 2278 2277
f 2097 2268 2277
f 2097 2277 2102
f 2097 2103 2098
f 2097 2102 2103
f 2277 2278 2103
f 2277 2103 2102
f 2278 2279 2104
f 2278 2104 2103
f 2270 2271 2280
f 2271 2281 2280
f 2271 2272 2281
f 2272 2282 2281
f 2272 2273 2282
f 2273 2283 2282
f 2273 2274 2283
f 2274 2284 2283
f 2274 2275 2284
f 2275 2285 2284
f 2284 2285 2107
f 2284 2107 2106
f 2275 2276 2285
f 2276 2286 2285
f 2285 2286 2108
f 2285 2108 2107
f 2099 2286 2276
f 2099 2108 2286
f 2104 2279 2288
f 2104 2288 2112
f 2104 2113 2105
f 2104 2112 2113
f 2280 2281 2290
f 2281 2291 2290
f 2281 2282 2291
f 2282 2292 2291
f 2282 2283 2292
f 2283 2293 2292
f 2283 2284 2293
f 2284 2294 2293
f 2293 2294 2115
f 2293 2115 2114
f 2106 2294 2284
f 2106 2115 2294
f 2111 2112 2287
f 2112 2288 2287
f 2111 2287 2295
f 2111 2295 2119
f 2111 2120 2112
f 2111 2119 2120
f 2295 2296 2120
f 2295 2120 2119
f 2112 2121 2113
f 2112 2120 2121
f 2296 2297 2121
f 2296 2121 2120
f 2289 2290 2298
f 2290 2299 2298
f 2290 2291 2299
f 2291 2300 2299
f 2291 2292 2300
f 2292 2301 2300
f 2292 2293 2301
f 2293 2302 2301
f 2114 2302 2293
f 2114 2125 2302
f 2121 2297 2305
f 2121 2305 2131
f 2121 2132 2122
f 2121 2131 2132
f 2122 2133 2123
f 2122 2132 2133
f 2123 2134 2124
f 2123 2133 2134
f 2299 2300 2306
f 2300 2307 2306
f 2300 2301 2307
f 2301 2308 2307
f 2301 2302 2308
f 2302 2309 2308
f 2125 2309 2302
f 2125 2135 2309
f 2130 2131 2304
f 2131 2305 2304
f 2130 2304 2312
f 2130 2312 2142
f 2130 2143 2131
f 2130 2142 2143
f 2312 2313 2143
f 2312 2143 2142
f 2131 2144 2132
f 2131 2143 2144
f 2132 2145 2133
f 2132 2144 2145
f 2133 2146 2134
f 2133 2145 2146
f 2306 2307 2314
f 2307 2315 2314
f 2307 2308 2315
f 2308 2316 2315
f 2308 2309 2316
f 2309 2317 2316
f 2135 2136 2309
f 2136 2310 2309
f 2309 2310 2317
f 2310 2318 2317
f 2317 2318 2148
f 2317 2148 2147
f 2136 2318 2310
f 2136 2148 2318
f 2143 2313 2321
f 2143 2321 2154
f 2143 2155 2144
f 2143 2154 2155
f 2144 2156 2145
f 2144 2155 2156
f 2145 2157 2146
f 2145 2156 2157
f 2314 2315 2322
f 2315 2323 2322
f 2315 2316 2323
f 2316 2324 2323
f 2316 2317 2324
f 2317 2325 2324
f 2147 2325 2317
f 2147 2158 2325
f 2154 2321 2328
f 2154 2328 2163
f 2154 2164 2155
f 2154 2163 2164
f 2155 2165 2156
f 2155 2164 2165
f 2156 2166 2157
f 2156 2165 2166
f 2322 2323 2329
f 2323 2330 2329
f 2323 2324 2330
f 2324 2331 2330
f 2324 2325 2331
f 2325 2332 2331
f 2158 2332 2325
f 2158 2168 2332
f 2163 2328 2336
f 2163 2336 2174
f 2163 2175 2164
f 2163 2174 2175
f 2164 2176 2165
f 2164 2175 2176
f 2165 2177 2166
f 2165 2176 2177
f 2166 2178 2167
f 2166 2177 2178
f 2329 2330 2337
f 2330 2338 2337
f 2330 2331 2338
f 2331 2339 2338
f 2331 2332 2339
f 2332 2340 2339
f 2168 2169 2332
f 2169 2333 2332
f 2332 2333 2340
f 2333 2341 2340
f 2340 2341 2180
f 2340 2180 2179
f 2169 2341 2333
f 2169 2180 2341
f 2173 2174 2335
f 2174 2336 2335
f 2173 2335 2343
f 2173 2343 2183
f 2173 2184 2174
f 2173 2183 2184
f 2174 2185 2175
f 2174 2184 2185
f 2175 2186 2176
f 2175 2185 2186
f 2176 2187 2177
f 2176 2186 2187
f 2337 2338 2344
f 2338 2345 2344
f 2338 2339 2345
f 2339 2346 2345
f 2339 2340 2346
f 2340 2347 2346
f 2179 2347 2340
f 2179 2188 2347
f 2183 2343 2349
f 2183 2349 2192
f 2345 2346 2350
f 2346 2351 2350
f 2346 2347 2351
f 2347 2352 2351
f 2188 2352 2347
f 2188 2194 2352
f 2192 2349 2354
f 2192 2354 2196
f 2192 2197 2193
f 2192 2196 2197
f 2354 2355 2197
f 2354 2197 2196
f 2355 2356 2198
f 2355 2198 2197
f 2350 2351 2357
f 2351 2358 2357
f 2351 2352 2358
f 2352 2359 2358
f 2194 2359 2352
f 2194 2199 2359
f 2198 2356 2361
f 2198 2361 2201
f 2361 2362 2202
f 2361 2202 2201
f 2362 2363 2203
f 2362 2203 2202
f 2358 2359 2365
f 2359 2366 2365
f 2365 2366 2205
f 2365 2205 2204
f 2199 2366 2359
f 2199 2205 2366
f 2203 2363 2368
f 2203 2368 2207
f 2368 2369 2208
f 2368 2208 2207
f 2369 2370 2209
f 2369 2209 2208
f 2370 2371 2210
f 2370 2210 2209
f 2371 2372 2211
f 2371 2211 2210
f 2372 2373 2212
f 2372 2212 2211
f 2364 2365 2374
f 2365 2375 2374
f 2374 2375 2215
f 2374 2215 2214
f 2204 2375 2365
f 2204 2215 2375
f 2212 2373 2378
f 2212 2378 2217
f 2212 2218 2213
f 2212 2217 2218
f 2378 2379 2218
f 2378 2218 2217
f 2213 2219 2214
f 2213 2218 2219
f 2379 2380 2219
f 2379 2219 2218
f 2214 2380 2374
f 2214 2219 2380
f 2221 2222 2381
f 2222 2382 2381
f 2381 2382 2388
f 2382 2389 2388
f 2221 2381 2388
f 2221 2388 2228
f 2222 2223 2382
f 2223 2383 2382
f 2223 2224 2383
f 2224 2384 2383
f 2224 2225 2384
f 2225 2385 2384
f 2225 2226 2385
f 2226 2386 2385
f 2385 2386 2390
f 2386 2391 2390
f 2226 2391 2386
f 2226 2229 2391
f 2227 2228 2387
f 2228 2388 2387
f 2227 2387 2394
f 2227 2394 2232
f 2229 2230 2391
f 2230 2392 2391
f 2230 2231 2392
f 2231 2393 2392
f 2392 2393 2396
f 2393 2397 2396
f 2230 2234 2231
f 2230 2233 2234
f 2231 2397 2393
f 2231 2234 2397
f 2394 2395 2399
f 2395 2400 2399
f 2232 2394 2399
f 2232 2399 2236
f 2234 2235 2397
f 2235 2398 2397
f 2397 2398 2401
f 2398 2402 2401
f 2235 2402 2398
f 2235 2237 2402
f 2236 2399 2404
f 2236 2404 2239
f 2237 2238 2402
f 2238 2403 2402
f 2402 2403 2406
f 2403 2407 2406
f 2238 2407 2403
f 2238 2240 2407
f 2404 2405 2412
f 2405 2413 2412
f 2239 2404 2412
f 2239 2412 2247
f 2240 2241 2407
f 2241 2408 2407
f 2241 2242 2408
f 2242 2409 2408
f 2408 2409 2414
f 2409 2415 2414
f 2242 2243 2409
f 2243 2410 2409
f 2409 2410 2415
f 2410 2416 2415
f 2243 2244 2410
f 2244 2411 2410
f 2410 2411 2416
f 2411 2417 2416
f 2244 2417 2411
f 2244 2248 2417
f 2412 2413 2419
f 2413 2420 2419
f 2247 2412 2419
f 2247 2419 2252
f 2415 2416 2421
f 2416 2422 2421
f 2416 2417 2422
f 2417 2423 2422
f 2248 2249 2417
f 2249 2418 2417
f 2417 2418 2423
f 2418 2424 2423
f 2249 2424 2418
f 2249 2253 2424
f 2419 2420 2425
f 2420 2426 2425
f 2252 2419 2425
f 2252 2425 2256
f 2421 2422 2428
f 2422 2429 2428
f 2422 2423 2429
f 2423 2430 2429
f 2423 2424 2430
f 2424 2431 2430
f 2430 2431 2258
f 2430 2258 2257
f 2253 2431 2424
f 2253 2258 2431
f 2425 2426 2432
f 2426 2433 2432
f 2256 2425 2432
f 2256 2432 2261
f 2427 2428 2435
f 2428 2436 2435
f 2428 2429 2436
f 2429 2437 2436
f 2429 2430 2437
f 2430 2438 2437
f 2437 2438 2263
f 2437 2263 2262
f 2257 2438 2430
f 2257 2263 2438
f 2432 2433 2439
f 2433 2440 2439
f 2261 2432 2439
f 2261 2439 2268
f 2439 2440 2269
f 2439 2269 2268
f 2434 2435 2442
f 2435 2443 2442
f 2435 2436 2443
f 2436 2444 2443
f 2436 2437 2444
f 2437 2445 2444
f 2444 2445 2271
f 2444 2271 2270
f 2262 2445 2437
f 2262 2271 2445
f 2269 2440 2446
f 2269 2446 2278
f 2441 2442 2447
f 2442 2448 2447
f 2442 2443 2448
f 2443 2449 2448
f 2443 2444 2449
f 2444 2450 2449
f 2270 2450 2444
f 2270 2280 2450
f 2278 2446 2451
f 2278 2451 2287
f 2278 2288 2279
f 2278 2287 2288
f 2447 2448 2452
f 2448 2453 2452
f 2448 2449 2453
f 2449 2454 2453
f 2449 2450 2454
f 2450 2455 2454
f 2454 2455 2290
f 2454 2290 2289
f 2280 2455 2450
f 2280 2290 2455
f 2287 2451 2456
f 2287 2456 2295
f 2452 2453 2458
f 2453 2459 2458
f 2453 2454 2459
f 2454 2460 2459
f 2289 2460 2454
f 2289 2298 2460
f 2295 2456 2463
f 2295 2463 2303
f 2295 2304 2296
f 2295 2303 2304
f 2296 2305 2297
f 2296 2304 2305
f 2457 2458 2464
f 2458 2465 2464
f 2458 2459 2465
f 2459 2466 2465
f 2459 2460 2466
f 2460 2467 2466
f 2298 2299 2460
f 2299 2461 2460
f 2460 2461 2467
f 2461 2468 2467
f 2299 2468 2461
f 2299 2306 2468
f 2303 2463 2470
f 2303 2470 2311
f 2303 2312 2304
f 2303 2311 2312
f 2465 2466 2471
f 2466 2472 2471
f 2466 2467 2472
f 2467 2473 2472
f 2467 2468 2473
f 2468 2474 2473
f 2306 2474 2468
f 2306 2314 2474
f 2311 2470 2476
f 2311 2476 2319
f 2311 2320 2312
f 2311 2319 2320
f 2312 2321 2313
f 2312 2320 2321
f 2471 2472 2477
f 2472 2478 2477
f 2472 2473 2478
f 2473 2479 2478
f 2473 2474 2479
f 2474 2480 2479
f 2314 2480 2474
f 2314 2322 2480
f 2319 2476 2482
f 2319 2482 2326
f 2319 2327 2320
f 2319 2326 2327
f 2320 2328 2321
f 2320 2327 2328
f 2477 2478 2483
f 2478 2484 2483
f 2478 2479 2484
f 2479 2485 2484
f 2479 2480 2485
f 2480 2486 2485
f 2322 2486 2480
f 2322 2329 2486
f 2326 2482 2488
f 2326 2488 2334
f 2326 2335 2327
f 2326 2334 2335
f 2327 2336 2328
f 2327 2335 2336
f 2483 2484 2489
f 2484 2490 2489
f 2484 2485 2490
f 2485 2491 2490
f 2485 2486 2491
f 2486 2492 2491
f 2329 2492 2486
f 2329 2337 2492
f 2334 2488 2494
f 2334 2494 2342
f 2334 2343 2335
f 2334 2342 2343
f 2489 2490 2495
f 2490 2496 2495
f 2490 2491 2496
f 2491 2497 2496
f 2491 2492 2497
f 2492 2498 2497
f 2337 2498 2492
f 2337 2344 2498
f 2342 2494 2501
f 2342 2501 2348
f 2342 2349 2343
f 2342 2348 2349
f 2496 2497 2502
f 2497 2503 2502
f 2497 2498 2503
f 2498 2504 2503
f 2344 2345 2498
f 2345 2499 2498
f 2498 2499 2504
f 2499 2505 2504
f 2345 2505 2499
f 2345 2350 2505
f 2348 2501 2506
f 2348 2506 2353
f 2348 2354 2349
f 2348 2353 2354
f 2506 2507 2354
f 2506 2354 2353
f 2507 2508 2355
f 2507 2355 2354
f 2502 2503 2509
f 2503 2510 2509
f 2503 2504 2510
f 2504 2511 2510
f 2504 2505 2511
f 2505 2512 2511
f 2350 2512 2505
f 2350 2357 2512
f 2355 2508 2515
f 2355 2515 2360
f 2355 2361 2356
f 2355 2360 2361
f 2515 2516 2361
f 2515 2361 2360
f 2516 2517 2362
f 2516 2362 2361
f 2511 2512 2519
f 2512 2520 2519
f 2357 2358 2512
f 2358 2513 2512
f 2512 2513 2520
f 2513 2521 2520
f 2520 2521 2365
f 2520 2365 2364
f 2358 2521 2513
f 2358 2365 2521
f 2362 2517 2523
f 2362 2523 2367
f 2362 2368 2363
f 2362 2367 2368
f 2523 2524 2368
f 2523 2368 2367
f 2524 2525 2369
f 2524 2369 2368
f 2525 2526 2370
f 2525 2370 2369
f 2526 2527 2371
f 2526 2371 2370
f 2518 2519 2528
f 2519 2529 2528
f 2519 2520 2529
f 2520 2530 2529
f 2364 2530 2520
f 2364 2374 2530
f 2371 2527 2533
f 2371 2533 2376
f 2371 2377 2372
f 2371 2376 2377
f 2533 2534 2377
f 2533 2377 2376
f 2372 2378 2373
f 2372 2377 2378
f 2534 2535 2378
f 2534 2378 2377
f 2535 2536 2379
f 2535 2379 2378
f 2529 2530 2536
f 2530 2537 2536
f 2536 2537 2380
f 2536 2380 2379
f 2374 2537 2530
f 2374 2380 2537
f 2382 2383 2538
f 2383 2539 2538
f 2538 2539 2544
f 2539 2545 2544
f 2382 2538 2544
f 2382 2544 2389
f 2383 2384 2539
f 2384 2540 2539
f 2539 2540 2545
f 2540 2546 2545
f 2384 2385 2540
f 2385 2541 2540
f 2540 2541 2546
f 2541 2547 2546
f 2385 2547 2541
f 2385 2390 2547
f 2387 2388 2542
f 2388 2543 2542
f 2542 2543 2550
f 2543 2551 2550
f 2387 2542 2550
f 2387 2550 2394
f 2550 2551 2395
f 2550 2395 2394
f 2388 2389 2543
f 2389 2544 2543
f 2390 2391 2547
f 2391 2548 2547
f 2391 2392 2548
f 2392 2549 2548
f 2392 2552 2549
f 2392 2396 2552
f 2395 2551 2555
f 2395 2555 2400
f 2396 2397 2552
f 2397 2553 2552
f 2397 2556 2553
f 2397 2401 2556
f 2399 2400 2554
f 2400 2555 2554
f 2554 2555 2558
f 2555 2559 2558
f 2399 2554 2558
f 2399 2558 2404
f 2558 2559 2405
f 2558 2405 2404
f 2401 2402 2556
f 2402 2557 2556
f 2556 2557 2561
f 2557 2562 2561
f 2402 2562 2557
f 2402 2406 2562
f 2559 2560 2565
f 2560 2566 2565
f 2405 2559 2565
f 2405 2565 2413
f 2406 2407 2562
f 2407 2563 2562
f 2407 2408 2563
f 2408 2564 2563
f 2563 2564 2567
f 2564 2568 2567
f 2408 2568 2564
f 2408 2414 2568
f 2565 2566 2570
f 2566 2571 2570
f 2413 2565 2570
f 2413 2570 2420
f 2567 2568 2572
f 2568 2573 2572
f 2414 2415 2568
f 2415 2569 2568
f 2568 2569 2573
f 2569 2574 2573
f 2415 2574 2569
f 2415 2421 2574
f 2570 2571 2575
f 2571 2576 2575
f 2420 2570 2575
f 2420 2575 2426
f 2572 2573 2579
f 2573 2580 2579
f 2573 2574 2580
f 2574 2581 2580
f 2580 2581 2428
f 2580 2428 2427
f 2421 2581 2574
f 2421 2428 2581
f 2575 2576 2582
f 2576 2583 2582
f 2426 2575 2582
f 2426 2582 2433
f 2576 2577 2583
f 2577 2584 2583
f 2578 2579 2585
f 2579 2586 2585
f 2579 2580 2586
f 2580 2587 2586
f 2586 2587 2435
f 2586 2435 2434
f 2427 2587 2580
f 2427 2435 2587
f 2582 2583 2588
f 2583 2589 2588
f 2433 2582 2588
f 2433 2588 2440
f 2585 2586 2591
f 2586 2592 2591
f 2591 2592 2442
f 2591 2442 2441
f 2434 2592 2586
f 2434 2442 2592
f 2588 2589 2593
f 2589 2594 2593
f 2440 2588 2593
f 2440 2593 2446
f 2590 2591 2596
f 2591 2597 2596
f 2441 2597 2591
f 2441 2447 2597
f 2593 2594 2598
f 2594 2599 2598
f 2446 2593 2598
f 2446 2598 2451
f 2595 2596 2600
f 2596 2601 2600
f 2596 2597 2601
f 2597 2602 2601
f 2447 2602 2597
f 2447 2452 2602
f 2598 2599 2603
f 2599 2604 2603
f 2451 2598 2603
f 2451 2603 2456
f 2600 2601 2605
f 2601 2606 2605
f 2601 2602 2606
f 2602 2607 2606
f 2606 2607 2458
f 2606 2458 2457
f 2452 2607 2602
f 2452 2458 2607
f 2603 2604 2609
f 2604 2610 2609
f 2456 2603 2609
f 2456 2609 2463
f 2605 2606 2612
f 2606 2613 2612
f 2457 2613 2606
f 2457 2464 2613
f 2462 2463 2608
f 2463 2609 2608
f 2608 2609 2615
f 2609 2616 2615
f 2462 2608 2615
f 2462 2615 2469
f 2462 2470 2463
f 2462 2469 2470
f 2615 2616 2470
f 2615 2470 2469
f 2611 2612 2617
f 2612 2618 2617
f 2612 2613 2618
f 2613 2619 2618
f 2464 2465 2613
f 2465 2614 2613
f 2613 2614 2619
f 2614 2620 2619
f 2465 2620 2614
f 2465 2471 2620
f 2470 2616 2622
f 2470 2622 2476
f 2617 2618 2623
f 2618 2624 2623
f 2618 2619 2624
f 2619 2625 2624
f 2619 2620 2625
f 2620 2626 2625
f 2471 2626 2620
f 2471 2477 2626
f 2475 2476 2621
f 2476 2622 2621
f 2621 2622 2627
f 2622 2628 2627
f 2475 2621 2627
f 2475 2627 2481
f 2475 2482 2476
f 2475 2481 2482
f 2623 2624 2629
f 2624 2630 2629
f 2624 2625 2630
f 2625 2631 2630
f 2625 2626 2631
f 2626 2632 2631
f 2477 2632 2626
f 2477 2483 2632
f 2627 2628 2633
f 2628 2634 2633
f 2481 2627 2633
f 2481 2633 2487
f 2481 2488 2482
f 2481 2487 2488
f 2629 2630 2635
f 2630 2636 2635
f 2630 2631 2636
f 2631 2637 2636
f 2631 2632 2637
f 2632 2638 2637
f 2483 2638 2632
f 2483 2489 2638
f 2633 2634 2639
f 2634 2640 2639
f 2487 2633 2639
f 2487 2639 2493
f 2487 2494 2488
f 2487 2493 2494
f 2635 2636 2641
f 2636 2642 2641
f 2636 2637 2642
f 2637 2643 2642
f 2637 2638 2643
f 2638 2644 2643
f 2489 2644 2638
f 2489 2495 2644
f 2493 2639 2646
f 2493 2646 2500
f 2493 2501 2494
f 2493 2500 2501
f 2646 2647 2501
f 2646 2501 2500
f 2642 2643 2648
f 2643 2649 2648
f 2643 2644 2649
f 2644 2650 2649
f 2495 2496 2644
f 2496 2645 2644
f 2644 2645 2650
f 2645 2651 2650
f 2496 2651 2645
f 2496 2502 2651
f 2501 2647 2652
f 2501 2652 2506
f 2652 2653 2507
f 2652 2507 2506
f 2648 2649 2654
f 2649 2655 2654
f 2649 2650 2655
f 2650 2656 2655
f 2650 2651 2656
f 2651 2657 2656
f 2502 2657 2651
f 2502 2509 2657
f 2507 2653 2661
f 2507 2661 2514
f 2507 2515 2508
f 2507 2514 2515
f 2661 2662 2515
f 2661 2515 2514
f 2662 2663 2516
f 2662 2516 2515
f 2655 2656 2664
f 2656 2665 2664
f 2656 2657 2665
f 2657 2666 2665
f 2509 2510 2657
f 2510 2658 2657
f 2657 2658 2666
f 2658 2667 2666
f 2510 2511 2658
f 2511 2659 2658
f 2658 2659 2667
f 2659 2668 2667
f 2667 2668 2519
f 2667 2519 2518
f 2511 2668 2659
f 2511 2519 2668
f 2516 2663 2670
f 2516 2670 2522
f 2516 2523 2517
f 2516 2522 2523
f 2670 2671 2523
f 2670 2523 2522
f 2671 2672 2524
f 2671 2524 2523
f 2672 2673 2525
f 2672 2525 2524
f 2665 2666 2675
f 2666 2676 2675
f 2666 2667 2676
f 2667 2677 2676
f 2518 2677 2667
f 2518 2528 2677
f 2673 2674 2679
f 2674 2680 2679
f 2525 2673 2679
f 2525 2679 2531
f 2525 2532 2526
f 2525 2531 2532
f 2679 2680 2532
f 2679 2532 2531
f 2674 2675 2680
f 2675 2681 2680
f 2526 2533 2527
f 2526 2532 2533
f 2680 2681 2533
f 2680 2533 2532
f 2675 2676 2681
f 2676 2682 2681
f 2681 2682 2534
f 2681 2534 2533
f 2676 2677 2682
f 2677 2683 2682
f 2682 2683 2535
f 2682 2535 2534
f 2528 2529 2677
f 2529 2678 2677
f 2677 2678 2683
f 2678 2684 2683
f 2683 2684 2536
f 2683 2536 2535
f 2529 2684 2678
f 2529 2536 2684
f 2543 2544 2685
f 2544 2686 2685
f 2685 2686 2692
f 2686 2693 2692
f 2543 2685 2692
f 2543 2692 2551
f 2544 2545 2686
f 2545 2687 2686
f 2686 2687 2693
f 2687 2694 2693
f 2545 2546 2687
f 2546 2688 2687
f 2687 2688 2694
f 2688 2695 2694
f 2546 2547 2688
f 2547 2689 2688
f 2688 2689 2695
f 2689 2696 2695
f 2547 2548 2689
f 2548 2690 2689
f 2689 2690 2696
f 2690 2697 2696
f 2548 2549 2690
f 2549 2691 2690
f 2690 2691 2697
f 2691 2698 2697
f 2549 2698 2691
f 2549 2552 2698
f 2692 2693 2700
f 2693 2701 2700
f 2551 2692 2700
f 2551 2700 2555
f 2552 2553 2698
f 2553 2699 2698
f 2698 2699 2702
f 2699 2703 2702
f 2553 2703 2699
f 2553 2556 2703
f 2700 2701 2704
f 2701 2705 2704
f 2555 2700 2704
f 2555 2704 2559
f 2704 2705 2560
f 2704 2560 2559
f 2556 2708 2703
f 2556 2561 2708
f 2705 2706 2711
f 2706 2712 2711
f 2560 2705 2711
f 2560 2711 2566
f 2706 2707 2712
f 2707 2713 2712
f 2561 2562 2708
f 2562 2709 2708
f 2562 2563 2709
f 2563 2710 2709
f 2709 2710 2714
f 2710 2715 2714
f 2563 2715 2710
f 2563 2567 2715
f 2711 2712 2716
f 2712 2717 2716
f 2566 2711 2716
f 2566 2716 2571
f 2714 2715 2720
f 2715 2721 2720
f 2567 2721 2715
f 2567 2572 2721
f 2716 2717 2722
f 2717 2723 2722
f 2571 2716 2722
f 2571 2722 2576
f 2722 2723 2577
f 2722 2577 2576
f 2717 2718 2723
f 2718 2724 2723
f 2719 2720 2725
f 2720 2726 2725
f 2720 2721 2726
f 2721 2727 2726
f 2726 2727 2579
f 2726 2579 2578
f 2572 2727 2721
f 2572 2579 2727
f 2723 2724 2729
f 2724 2730 2729
f 2577 2723 2729
f 2577 2729 2584
f 2725 2726 2733
f 2726 2734 2733
f 2578 2734 2726
f 2578 2585 2734
f 2583 2584 2728
f 2584 2729 2728
f 2728 2729 2735
f 2729 2736 2735
f 2583 2728 2735
f 2583 2735 2589
f 2729 2730 2736
f 2730 2737 2736
f 2731 2732 2739
f 2732 2740 2739
f 2732 2733 2740
f 2733 2741 2740
f 2733 2734 2741
f 2734 2742 2741
f 2741 2742 2591
f 2741 2591 2590
f 2585 2742 2734
f 2585 2591 2742
f 2735 2736 2743
f 2736 2744 2743
f 2589 2735 2743
f 2589 2743 2594
f 2736 2737 2744
f 2737 2745 2744
f 2737 2738 2745
f 2738 2746 2745
f 2738 2739 2746
f 2739 2747 2746
f 2739 2740 2747
f 2740 2748 2747
f 2740 2741 2748
f 2741 2749 2748
f 2748 2749 2596
f 2748 2596 2595
f 2590 2749 2741
f 2590 2596 2749
f 2743 2744 2750
f 2744 2751 2750
f 2594 2743 2750
f 2594 2750 2599
f 2744 2745 2751
f 2745 2752 2751
f 2745 2746 2752
f 2746 2753 2752
f 2746 2747 2753
f 2747 2754 2753
f 2747 2748 2754
f 2748 2755 2754
f 2595 2755 2748
f 2595 2600 2755
f 2750 2751 2756
f 2751 2757 2756
f 2599 2750 2756
f 2599 2756 2604
f 2751 2752 2757
f 2752 2758 2757
f 2752 2753 2758
f 2753 2759 2758
f 2753 2754 2759
f 2754 2760 2759
f 2754 2755 2760
f 2755 2761 2760
f 2600 2761 2755
f 2600 2605 2761
f 2756 2757 2763
f 2757 2764 2763
f 2604 2756 2763
f 2604 2763 2610
f 2757 2758 2764
f 2758 2765 2764
f 2758 2759 2765
f 2759 2766 2765
f 2759 2760 2766
f 2760 2767 2766
f 2760 2761 2767
f 2761 2768 2767
f 2767 2768 2612
f 2767 2612 2611
f 2605 2768 2761
f 2605 2612 2768
f 2609 2610 2762
f 2610 2763 2762
f 2762 2763 2769
f 2763 2770 2769
f 2609 2762 2769
f 2609 2769 2616
f 2763 2764 2770
f 2764 2771 2770
f 2764 2765 2771
f 2765 2772 2771
f 2765 2766 2772
f 2766 2773 2772
f 2766 2767 2773
f 2767 2774 2773
f 2611 2774 2767
f 2611 2617 2774
f 2769 2770 2775
f 2770 2776 2775
f 2616 2769 2775
f 2616 2775 2622
f 2770 2771 2776
f 2771 2777 2776
f 2771 2772 2777
f 2772 2778 2777
f 2772 2773 2778
f 2773 2779 2778
f 2773 2774 2779
f 2774 2780 2779
f 2617 2780 2774
f 2617 2623 2780
f 2775 2776 2781
f 2776 2782 2781
f 2622 2775 2781
f 2622 2781 2628
f 2778 2779 2784
f 2779 2785 2784
f 2779 2780 2785
f 2780 2786 2785
f 2623 2786 2780
f 2623 2629 2786
f 2781 2782 2787
f 2782 2788 2787
f 2628 2781 2787
f 2628 2787 2634
f 2783 2784 2789
f 2784 2790 2789
f 2784 2785 2790
f 2785 2791 2790
f 2785 2786 2791
f 2786 2792 2791
f 2629 2792 2786
f 2629 2635 2792
f 2787 2788 2794
f 2788 2795 2794
f 2634 2787 2794
f 2634 2794 2640
f 2790 2791 2796
f 2791 2797 2796
f 2791 2792 2797
f 2792 2798 2797
f 2635 2798 2792
f 2635 2641 2798
f 2639 2640 2793
f 2640 2794 2793
f 2793 2794 2800
f 2794 2801 2800
f 2639 2793 2800
f 2639 2800 2646
f 2800 2801 2647
f 2800 2647 2646
f 2796 2797 2802
f 2797 2803 2802
f 2797 2798 2803
f 2798 2804 2803
f 2641 2642 2798
f 2642 2799 2798
f 2798 2799 2804
f 2799 2805 2804
f 2642 2805 2799
f 2642 2648 2805
f 2647 2801 2806
f 2647 2806 2652
f 2803 2804 2808
f 2804 2809 2808
f 2804 2805 2809
f 2805 2810 2809
f 2648 2810 2805
f 2648 2654 2810
f 2806 2807 2812
f 2807 2813 2812
f 2652 2806 2812
f 2652 2812 2660
f 2652 2661 2653
f 2652 2660 2661
f 2812 2813 2661
f 2812 2661 2660
f 2813 2814 2662
f 2813 2662 2661
f 2809 2810 2817
f 2810 2818 2817
f 2654 2655 2810
f 2655 2811 2810
f 2810 2811 2818
f 2811 2819 2818
f 2655 2819 2811
f 2655 2664 2819
f 2814 2815 2821
f 2815 2822 2821
f 2662 2814 2821
f 2662 2821 2669
f 2662 2670 2663
f 2662 2669 2670
f 2821 2822 2670
f 2821 2670 2669
f 2815 2816 2822
f 2816 2823 2822
f 2822 2823 2671
f 2822 2671 2670
f 2816 2817 2823
f 2817 2824 2823
f 2823 2824 2672
f 2823 2672 2671
f 2817 2818 2824
f 2818 2825 2824
f 2824 2825 2673
f 2824 2673 2672
f 2818 2819 2825
f 2819 2826 2825
f 2825 2826 2674
f 2825 2674 2673
f 2664 2665 2819
f 2665 2820 2819
f 2819 2820 2826
f 2820 2827 2826
f 2826 2827 2675
f 2826 2675 2674
f 2665 2827 2820
f 2665 2675 2827
f 2693 2694 2828
f 2694 2829 2828
f 2828 2829 2834
f 2829 2835 2834
f 2693 2828 2834
f 2693 2834 2701
f 2694 2695 2829
f 2695 2830 2829
f 2829 2830 2835
f 2830 2836 2835
f 2695 2696 2830
f 2696 2831 2830
f 2830 2831 2836
f 2831 2837 2836
f 2696 2697 2831
f 2697 2832 2831
f 2831 2832 2837
f 2832 2838 2837
f 2697 2698 2832
f 2698 2833 2832
f 2832 2833 2838
f 2833 2839 2838
f 2698 2839 2833
f 2698 2702 2839
f 2834 2835 2841
f 2835 2842 2841
f 2701 2834 2841
f 2701 2841 2705
f 2841 2842 2706
f 2841 2706 2705
f 2835 2836 2842
f 2836 2843 2842
f 2842 2843 2707
f 2842 2707 2706
f 2836 2837 2843
f 2837 2844 2843
f 2702 2703 2839
f 2703 2840 2839
f 2839 2840 2845
f 2840 2846 2845
f 2703 2846 2840
f 2703 2708 2846
f 2843 2844 2849
f 2844 2850 2849
f 2707 2843 2849
f 2707 2849 2713
f 2708 2709 2846
f 2709 2847 2846
f 2846 2847 2853
f 2847 2854 2853
f 2709 2854 2847
f 2709 2714 2854
f 2712 2713 2848
f 2713 2849 2848
f 2848 2849 2855
f 2849 2856 2855
f 2712 2848 2855
f 2712 2855 2717
f 2855 2856 2718
f 2855 2718 2717
f 2849 2850 2856
f 2850 2857 2856
f 2850 2851 2857
f 2851 2858 2857
f 2852 2853 2859
f 2853 2860 2859
f 2853 2854 2860
f 2854 2861 2860
f 2860 2861 2720
f 2860 2720 2719
f 2714 2861 2854
f 2714 2720 2861
f 2856 2857 2862
f 2857 2863 2862
f 2718 2856 2862
f 2718 2862 2724
f 2859 2860 2865
f 2860 2866 2865
f 2719 2866 2860
f 2719 2725 2866
f 2862 2863 2867
f 2863 2868 2867
f 2724 2862 2867
f 2724 2867 2730
f 2863 2864 2868
f 2864 2869 2868
f 2864 2865 2869
f 2865 2870 2869
f 2869 2870 2732
f 2869 2732 2731
f 2865 2866 2870
f 2866 2871 2870
f 2870 2871 2733
f 2870 2733 2732
f 2725 2871 2866
f 2725 2733 2871
f 2867 2868 2872
f 2868 2873 2872
f 2730 2867 2872
f 2730 2872 2737
f 2872 2873 2738
f 2872 2738 2737
f 2868 2869 2873
f 2869 2874 2873
f 2873 2874 2739
f 2873 2739 2738
f 2731 2874 2869
f 2731 2739 2874
f 2776 2777 2875
f 2777 2876 2875
f 2875 2876 2878
f 2876 2879 2878
f 2776 2875 2878
f 2776 2878 2782
f 2777 2778 2876
f 2778 2877 2876
f 2876 2877 2879
f 2877 2880 2879
f 2879 2880 2784
f 2879 2784 2783
f 2778 2880 2877
f 2778 2784 2880
f 2878 2879 2881
f 2879 2882 2881
f 2782 2878 2881
f 2782 2881 2788
f 2783 2882 2879
f 2783 2789 2882
f 2881 2882 2885
f 2882 2886 2885
f 2788 2881 2885
f 2788 2885 2795
f 2789 2790 2882
f 2790 2883 2882
f 2882 2883 2886
f 2883 2887 2886
f 2790 2887 2883
f 2790 2796 2887
f 2794 2795 2884
f 2795 2885 2884
f 2884 2885 2888
f 2885 2889 2888
f 2794 2884 2888
f 2794 2888 2801
f 2885 2886 2889
f 2886 2890 2889
f 2886 2887 2890
f 2887 2891 2890
f 2796 2891 2887
f 2796 2802 2891
f 2888 2889 2893
f 2889 2894 2893
f 2801 2888 2893
f 2801 2893 2806
f 2893 2894 2807
f 2893 2807 2806
f 2889 2890 2894
f 2890 2895 2894
f 2890 2891 2895
f 2891 2896 2895
f 2802 2803 2891
f 2803 2892 2891
f 2891 2892 2896
f 2892 2897 2896
f 2803 2897 2892
f 2803 2808 2897
f 2894 2895 2899
f 2895 2900 2899
f 2807 2894 2899
f 2807 2899 2813
f 2899 2900 2814
f 2899 2814 2813
f 2895 2896 2900
f 2896 2901 2900
f 2900 2901 2815
f 2900 2815 2814
f 2896 2897 2901
f 2897 2902 2901
f 2901 2902 2816
f 2901 2816 2815
f 2808 2809 2897
f 2809 2898 2897
f 2897 2898 2902
f 2898 2903 2902
f 2902 2903 2817
f 2902 2817 2816
f 2809 2903 2898
f 2809 2817 2903
f 2837 2838 2904
f 2838 2905 2904
f 2904 2905 2907
f 2905 2908 2907
f 2837 2904 2907
f 2837 2907 2844
f 2838 2839 2905
f 2839 2906 2905
f 2905 2906 2908
f 2906 2909 2908
f 2839 2909 2906
f 2839 2845 2909
f 2907 2908 2911
f 2908 2912 2911
f 2844 2907 2911
f 2844 2911 2850
f 2911 2912 2851
f 2911 2851 2850
f 2908 2909 2912
f 2909 2913 2912
f 2845 2846 2909
f 2846 2910 2909
f 2909 2910 2913
f 2910 2914 2913
f 2913 2914 2853
f 2913 2853 2852
f 2846 2914 2910
f 2846 2853 2914
f 2912 2913 2916
f 2913 2917 2916
f 2851 2912 2916
f 2851 2916 2858
f 2852 2917 2913
f 2852 2859 2917
f 2857 2858 2915
f 2858 2916 2915
f 2915 2916 2918
f 2916 2919 2918
f 2857 2915 2918
f 2857 2918 2863
f 2918 2919 2864
f 2918 2864 2863
f 2916 2917 2919
f 2917 2920 2919
f 2919 2920 2865
f 2919 2865 2864
f 2859 2920 2917
f 2859 2865 2920