v -227.449890 -8.987776 370.482910
v -227.328293 -9.139121 373.150269
v -229.602493 -9.176811 377.729340
v -232.513367 -9.445271 382.495819
v -235.011414 -9.369771 387.309265
v -236.300491 -10.683101 390.597198
v -232.566467 -8.660026 370.308014
v -229.428482 -8.465531 371.649475
v -231.277313 -8.501884 375.851227
v -234.296600 -8.864432 380.621246
v -237.326401 -9.055373 385.444305
v -238.088516 -9.517566 389.426239
v -219.858170 -14.878363 379.730682
v -219.687744 -15.176510 383.340820
v -222.378677 -14.932304 389.038300
v -225.704926 -14.971782 395.903931
v -229.685730 -15.264398 403.597992
v -233.390839 -15.107604 411.389526
v -237.854889 -15.585565 418.003052
v -201.795105 -13.347534 336.095184
v -200.731949 -13.854364 336.880493
v -203.006927 -14.153714 340.582550
v -206.095642 -14.452486 344.889191
v -209.357239 -14.622662 349.533386
v -212.475861 -14.781002 354.266022
v -214.510315 -14.595900 358.662994
v -216.174622 -14.577722 362.732391
v -217.922760 -14.495052 367.058502
v -219.818619 -14.492144 371.590790
v -221.128448 -13.923707 375.900604
v -223.589905 -13.437773 382.559448
v -226.633514 -13.594188 387.983856
v -230.002060 -14.060971 393.990967
v -233.896286 -14.095881 400.650208
v -239.593277 -14.359886 408.753357
v -239.361908 -15.205590 415.198975
v -205.653137 -12.780989 335.651550
v -205.083130 -12.106239 339.278229
v -207.664719 -12.248215 342.692535
v -211.090164 -12.422953 346.605591
v -214.439209 -12.330750 351.244202
v -217.249786 -12.089064 355.617676
v -218.900452 -11.979066 359.610962
v -220.360916 -12.168308 363.012878
v -221.937637 -11.481582 367.233398
v -223.073288 -11.390436 372.137024
v -225.431335 -11.468505 376.877747
v -228.028488 -11.441152 381.846680
v -230.978241 -11.804967 387.153778
v -235.380386 -12.516412 391.656281
v -239.333054 -13.110693 397.761871
v -244.523102 -13.982582 403.934479
v -216.670853 -11.563430 336.868835
v -211.935547 -11.364204 338.910095
v -212.357697 -11.374698 342.792694
v -216.249786 -11.359328 347.506714
v -219.756409 -11.208132 351.598083
v -222.145782 -10.826068 355.602020
v -223.897186 -10.810224 359.309814
v -225.205429 -11.236571 362.723969
v -225.917725 -9.548705 366.800507
v -231.018738 -10.596884 371.940582
v -234.098221 -10.591677 377.239807
v -237.376862 -10.922207 382.063385
v -240.342270 -11.320797 387.036835
v -239.723038 -11.279210 390.699921
v -243.935623 -12.365021 396.173981
v -245.120789 -12.951570 400.774933
v -221.649200 -11.200821 341.044495
v -218.954407 -11.263914 341.986359
v -221.531967 -10.944044 346.633057
v -224.924637 -10.751975 351.049408
v -227.102814 -10.567882 354.875732
v -228.691360 -10.544932 358.362854
v -229.770294 -10.597523 361.847900
v -231.554169 -11.141835 365.455994
v -233.848373 -11.224072 369.671295
v -235.475586 -10.870024 373.927338
v -238.331894 -12.065408 379.058716
v -241.657974 -12.367729 384.061340
v -243.314621 -12.880012 387.641754
v -231.304047 -10.927279 341.832733
v -226.634689 -11.304801 344.412445
v -228.937973 -11.202791 348.413788
v -230.892761 -11.128778 352.018280
v -232.195267 -10.988306 355.941650
v -233.567993 -10.914619 359.520874
v -235.191940 -10.948359 363.600494
v -237.492676 -10.951193 367.985291
v -240.354294 -10.213830 371.795563
v -173.350174 -20.591148 330.988434
v -170.155090 -21.635176 333.023926
v -171.049316 -22.978224 336.331512
v -173.980331 -24.915913 339.125183
v -175.134735 -17.629072 329.489594
v -174.613953 -18.215992 332.981537
v -175.391861 -19.660273 335.669861
v -176.602036 -21.547970 338.969177
v -181.450378 -23.198826 341.682434
v -180.764267 -15.912580 324.632324
v -176.880676 -16.228668 326.108063
v -179.833374 -16.583055 332.027954
v -181.205963 -17.906185 335.531647
v -182.668945 -19.042719 338.353760
v -185.476440 -20.759808 342.737000
v -190.881973 -21.593616 348.244629
v -193.079437 -22.145950 352.078918
v -214.672989 -20.105820 400.209747
v -215.049225 -19.460476 404.730957
v -218.696304 -19.354404 411.980682
v -223.955719 -19.002563 420.612610
v -229.902145 -19.538534 429.364410
v -235.682861 -21.032858 435.511841
v -190.215836 -16.284529 325.361023
v -181.370651 -16.146032 324.848450
v -184.724060 -16.377258 331.386414
v -187.211823 -17.604998 335.780853
v -189.407227 -18.676249 339.364166
v -191.757935 -19.241161 343.188232
v -195.009766 -19.897881 347.986420
v -199.216736 -20.671398 354.104462
v -202.160843 -21.526443 358.163513
v -216.796982 -19.779867 389.818665
v -216.144501 -18.768753 394.205383
v -218.338821 -17.563395 401.898712
v -221.910202 -17.377989 409.455933
v -227.741608 -17.317421 418.659576
v -234.313354 -18.979589 428.072083
v -236.380020 -20.190628 432.731537
v -192.507553 -17.037043 326.063477
v -189.207520 -17.002184 326.662750
v -190.329254 -16.496544 331.759827
v -193.237579 -17.432770 336.557861
v -195.711761 -18.590906 340.071228
v -198.607285 -19.090176 344.408997
v -201.527618 -19.113859 349.339386
v -204.693558 -19.486961 354.348969
v -207.990143 -19.365435 359.616089
v -211.706589 -20.465240 366.012024
v -214.357941 -19.998154 371.603424
v -215.168823 -18.327141 376.936798
v -216.611115 -17.664465 383.752960
v -219.121948 -16.332806 391.087372
v -221.923828 -15.921239 398.173462
v -225.375015 -15.909776 405.978973
v -230.371674 -16.264421 414.775574
v -239.663849 -17.942764 423.979248
v -196.453796 -15.941333 325.421997
v -195.188751 -15.875794 329.569000
v -195.619537 -15.854614 333.588135
v -198.221893 -16.260511 338.067627
v -200.928665 -16.905489 341.873260
v -203.941055 -17.336399 346.366638
v -207.060989 -17.444420 351.208466
v -209.667297 -17.439072 356.185028
v -211.703094 -17.215864 360.822998
v -214.010773 -17.238277 366.030640
v -216.455185 -17.086897 371.325287
v -217.507202 -15.989846 375.603394
v -245.896408 -18.987381 414.616608
v -244.542770 -18.886660 420.576691
v -202.767166 -15.396723 326.225342
v -200.367661 -14.260339 330.220001
v -248.346802 -17.473938 408.790070
v -215.010345 -14.291372 327.567810
v -208.126617 -12.675014 328.881744
v -215.097824 -12.284014 338.102600
v -245.559036 -17.399733 388.630615
v -242.426743 -14.253498 391.971252
v -247.664688 -15.341094 398.766266
v -250.176254 -15.750474 403.923950
v -217.194214 -14.278979 331.095795
v -216.310135 -12.302560 336.054962
v -221.977890 -12.407849 340.757172
v -236.215042 -13.637252 361.998657
v -235.582245 -13.347188 365.263489
v -237.578033 -13.885129 370.130615
v -235.872955 -12.717960 373.499878
v -242.368042 -13.740833 381.216614
v -242.712738 -13.113396 385.864838
v -243.987747 -14.304293 388.674927
v -231.154022 -12.872659 330.282959
v -221.831146 -13.447300 333.389679
v -222.972641 -12.155442 337.991730
v -227.786636 -12.659521 342.174988
v -230.145203 -12.462667 346.537903
v -231.916962 -12.350842 350.669983
v -233.892197 -12.174214 355.399719
v -233.728348 -12.252186 360.416962
v -237.802246 -12.143002 366.044556
v -240.798218 -12.579554 370.728516
v -241.345947 -11.216616 372.412292
v -118.711678 -18.751099 328.360992
v -118.439079 -16.936098 331.761078
v -119.693443 -16.475443 335.761932
v -120.746376 -16.100346 339.906708
v -121.838638 -15.163758 344.632080
v -123.052208 -14.818892 350.055634
v -125.407730 -15.088144 356.159454
v -128.500168 -16.306799 362.198914
v -132.017273 -18.631853 367.963806
v -136.006821 -21.828569 374.367706
v -139.444290 -24.129702 380.842224
v -142.670410 -25.476519 387.579681
v -145.380096 -26.395153 394.200836
v -148.266861 -27.616026 400.657013
v -151.193787 -29.619205 408.734558
v -152.977646 -34.407684 414.061859
v -121.024025 -25.775433 323.537964
v -120.517960 -22.361517 327.671509
v -121.899590 -21.017662 332.800659
v -122.620468 -21.096712 336.855164
v -123.914124 -21.385603 341.446259
v -124.944748 -21.561352 345.911316
v -126.586380 -20.447079 351.038940
v -129.421860 -19.465584 357.428101
v -132.846359 -20.436184 363.940643
v -136.612259 -21.950163 370.248535
v -140.148849 -23.937641 376.968842
v -142.954544 -26.075497 384.344025
v -146.401642 -27.800043 392.393280
v -150.335449 -28.595488 399.250336
v -152.830353 -28.713493 405.149963
v -155.942932 -29.349401 412.775391
v -159.354523 -30.612892 420.502594
v -165.141800 -35.319775 429.396637
v -168.267258 -40.482639 435.057159
v -125.380287 -30.763353 323.548462
v -125.744247 -29.037249 328.790192
v -126.909042 -28.732843 332.977417
v -127.670525 -29.645290 337.803986
v -128.694443 -30.424583 342.126312
v -130.167252 -31.075539 346.916748
v -132.826218 -33.013157 352.766174
v -133.117340 -31.934202 357.804413
v -136.706192 -31.796061 364.916290
v -140.062454 -31.973038 371.204315
v -143.197678 -32.235687 377.647705
v -146.632492 -33.709221 386.001373
v -153.881226 -34.097301 398.505005
v -156.086929 -34.360134 405.896545
v -159.964233 -33.351425 412.915649
v -163.481750 -32.393826 418.933746
v -166.529953 -31.283649 426.281494
v -169.856552 -31.339428 433.632385
v -173.062759 -32.574409 438.964844
v -178.674149 -37.818394 446.361816
v -130.267166 -35.488598 323.104706
v -130.322693 -35.460865 327.793427
v -130.965088 -36.230286 332.349365
v -132.277710 -37.393898 337.466278
v -133.966751 -38.442799 341.836060
v -135.740311 -39.913071 345.578186
v -134.584305 -40.117435 350.308105
v -161.964218 -39.628601 407.771912
v -160.870193 -40.230587 408.667084
v -166.615662 -36.730625 416.594635
v -171.212234 -34.878693 424.036102
v -174.716431 -33.065617 431.578552
v -177.051590 -31.182558 438.465027
v -179.743179 -30.143833 445.056335
v -184.240265 -31.189068 450.119141
v -190.169800 -41.020790 453.871460
v -138.682510 -34.259613 320.200073
v -134.612656 -36.721973 321.796997
v -136.078903 -38.030254 326.234344
v -136.629456 -39.210022 330.372772
v -138.480301 -40.082062 335.059631
v -140.291199 -41.181000 339.787231
v -140.757217 -43.232609 341.814026
v -175.178436 -39.732491 414.315460
v -174.168716 -37.011368 418.730347
v -177.583450 -35.382744 424.662903
v -182.016205 -33.748623 432.626221
v -185.159409 -32.556591 440.503113
v -187.341324 -31.123280 446.998657
v -191.865250 -31.234468 453.177216
v -191.454681 -35.981487 454.845154
v -143.961624 -32.862011 320.975006
v -143.640869 -34.649921 323.410736
v -144.102509 -36.210358 326.208862
v -144.294815 -37.038528 329.304230
v -145.258942 -37.502186 333.111115
v -146.322571 -38.602909 337.149475
v -148.039673 -39.982250 341.809357
v -151.979218 -41.236843 346.171936
v -181.635284 -41.382351 413.162354
v -179.404434 -36.328239 416.667755
v -183.387924 -34.297688 424.332031
v -188.086304 -33.065220 432.039215
v -192.228821 -31.848629 440.268585
v -194.902023 -31.649794 447.355103
v -196.376694 -32.675072 451.358917
v -150.967834 -29.298923 321.695374
v -151.427505 -30.878300 325.363586
v -152.117493 -32.723026 327.983368
v -152.990555 -33.466003 330.542419
v -153.169159 -33.741905 333.713593
v -153.490067 -34.636116 337.407318
v -153.915573 -35.775478 340.624847
v -153.569504 -39.325825 344.941467
v -189.842026 -34.056797 413.276672
v -186.934174 -33.697796 417.833252
v -189.737015 -32.215687 424.366547
v -194.684464 -30.889309 432.070740
v -198.681122 -30.129519 440.138672
v -203.237869 -30.901470 447.072205
v -202.269180 -33.225536 450.705017
v -157.296432 -26.495035 321.483826
v -159.129044 -27.287220 326.938354
v -160.182297 -28.996065 330.247742
v -160.493439 -29.855083 332.283936
v -161.185455 -30.327425 335.734100
v -162.258209 -30.999161 340.300873
v -163.252441 -31.748222 344.640869
v -168.483200 -31.912056 349.762604
v -196.606125 -33.925632 411.532349
v -195.168365 -31.154922 416.260681
v -197.814194 -29.224087 425.078857
v -202.884842 -28.611988 432.491730
v -207.392883 -28.954594 440.438812
v -206.549957 -30.812319 444.634857
v -163.880157 -23.546728 321.013336
v -164.011978 -24.267109 327.038635
v -165.698318 -25.676399 331.649689
v -166.488922 -26.805132 334.932831
v -167.968964 -27.782433 337.199402
v -170.026352 -28.525196 341.501007
v -172.223724 -28.681770 347.474426
v -173.046539 -28.706646 350.849670
v -204.144104 -24.745909 403.554016
v -203.536285 -24.550081 408.924133
v -203.883438 -26.693546 417.575256
v -207.037659 -26.363903 425.410461
v -212.512878 -26.395596 433.349670
v -216.841125 -26.874542 440.187012
v -169.911346 -20.448490 320.496796
v -169.407440 -20.329939 325.749969
v -175.992065 -24.027704 340.210785
v -177.284821 -25.998566 342.047638
v -179.715363 -26.147661 346.986450
v -182.057083 -26.647251 352.447693
v -187.755081 -26.202978 359.448090
v -191.370712 -26.765049 363.309418
v -204.132797 -26.282940 387.834045
v -204.527695 -23.942144 393.137695
v -205.226974 -23.377710 398.802643
v -208.400208 -22.946056 407.197357
v -211.617981 -23.575277 415.186920
v -215.927933 -24.199303 423.903107
v -222.386414 -24.033546 433.710571
v -227.708603 -24.783800 440.599243
v -173.048309 -17.504040 320.500000
v -175.491852 -17.891836 325.593872
v -184.152878 -22.451967 343.700256
v -185.687561 -23.733009 347.460632
v -190.533218 -24.674391 353.088287
v -192.373810 -25.936733 357.098907
v -192.580856 -25.725513 361.812103
v -208.206894 -25.457462 385.476257
v -208.038406 -23.310163 391.900452
v -209.027603 -21.888000 397.851746
v -211.899185 -21.238003 405.851990
v -215.656815 -21.417135 413.175964
v -220.497513 -21.354664 421.793396
v -227.222366 -21.729498 431.648224
v -235.584381 -23.842833 439.669067
v -178.727142 -16.312326 321.880707
v -181.322739 -18.944984 323.272095
v -196.442673 -21.507801 355.458160
v -200.020187 -24.347733 358.223877
v -204.531967 -25.757095 365.549469
v -208.865860 -25.643612 373.742889
v -210.853760 -25.541557 380.858643
v -211.976578 -22.217506 388.755402
v -211.715027 -21.582468 394.966522
v -241.805634 -22.258259 433.117065
v -242.923538 -24.466316 438.636536
v -191.335297 -18.073792 325.111755
v -186.525543 -18.220549 323.626556
v -191.100586 -21.293629 328.055237
v -205.912781 -20.914494 361.768280
v -207.633301 -22.822922 365.742310
v -210.803116 -22.367659 372.215698
v -213.369461 -21.474245 378.494110
v -214.062927 -21.471371 384.780334
v -245.294144 -22.807446 430.635345
v -249.777878 -26.621767 435.382294
v -191.465073 -17.606237 322.235016
v -193.047180 -19.061775 324.030853
v -196.105316 -21.850815 329.579865
v -248.296112 -22.094604 419.181732
v -249.931824 -23.945925 425.261200
v -252.768082 -26.883965 431.550110
v -197.235306 -17.008896 322.279175
v -200.668610 -18.117073 324.722260
v -204.882523 -19.006704 329.255402
v -251.651108 -22.373724 413.273621
v -252.834167 -24.832037 420.352356
v -203.589935 -15.804554 324.730438
v -206.950775 -16.712328 327.454437
v -210.675919 -16.552721 330.996582
v -213.843857 -16.689344 335.489105
v -216.422485 -16.906498 340.380798
v -218.863358 -16.836720 344.902069
v -221.648926 -16.628738 349.579926
v -224.672012 -16.095705 355.015503
v -228.239532 -15.780985 361.152863
v -231.495651 -15.486506 367.137238
v -235.071655 -15.619643 373.073792
v -238.109253 -16.060350 378.279327
v -240.796295 -17.090452 383.640747
v -240.338516 -16.919439 388.013885
v -246.155640 -18.655878 395.739136
v -250.593109 -19.079433 401.746124
v -252.471451 -19.620888 407.067535
v -213.189636 -15.725910 329.016022
v -216.277237 -14.766090 331.588531
v -218.760025 -14.343059 336.583771
v -220.994232 -14.342300 340.785614
v -223.759171 -14.339444 345.395508
v -226.576157 -13.955978 350.320648
v -229.813934 -13.682482 355.912659
v -231.101349 -13.593073 361.307129
v -235.707062 -13.368857 368.779510
v -238.148849 -14.041229 373.911652
v -240.519608 -14.596923 378.542542
v -243.898743 -15.576242 383.963287
v -244.837509 -16.435823 386.208649
v -219.140701 -13.739319 329.558807
v -222.104156 -14.684882 333.169128
v -224.341827 -14.651444 337.506561
v -226.833771 -13.987292 341.962433
v -229.039185 -13.824907 346.298767
v -231.562500 -13.141623 351.126129
v -234.673553 -13.232450 356.639404
v -235.017731 -13.080751 359.280365
v -119.317596 -17.298773 330.395691
v -118.596840 -17.709810 331.613708
v -120.455139 -17.767809 336.320374
v -121.315315 -17.405331 339.921844
v -122.162987 -16.538851 344.161072
v -123.347511 -16.305105 349.251282
v -125.339439 -16.939098 355.037537
v -128.728485 -18.867804 361.131927
v -132.482559 -21.729599 367.029266
v -136.130295 -24.756792 373.194489
v -139.313995 -27.033052 379.723846
v -142.785751 -28.408154 386.775085
v -145.653824 -29.569998 393.839081
v -148.441483 -30.928165 400.542023
v -150.914261 -33.323532 407.629761
v -153.288193 -38.642815 413.550079
v -120.197174 -26.145967 321.879608
v -120.169243 -21.081192 327.288147
v -121.671066 -21.492594 331.107422
v -124.458023 -22.072599 336.651154
v -125.765854 -22.453350 340.540619
v -126.706497 -22.685148 344.670166
v -128.139862 -23.111645 349.799500
v -130.501450 -25.183060 356.151276
v -134.094955 -27.902868 362.940918
v -137.941437 -31.027634 369.350769
v -140.793900 -33.294163 375.654572
v -144.209076 -35.200096 383.049469
v -148.211929 -36.929390 391.168457
v -151.406631 -38.503567 398.557770
v -153.798599 -39.509319 404.832916
v -156.738525 -40.911594 411.639954
v -159.532394 -38.659321 419.805817
v -164.107391 -43.225609 428.657257
v -168.267883 -46.734692 434.826538
v -123.625320 -29.625607 320.719635
v -134.848083 -40.986897 356.641022
v -137.450699 -41.967670 362.886292
v -140.051926 -41.823734 369.330078
v -143.376663 -41.711254 376.832062
v -147.367493 -42.595646 385.865417
v -151.434891 -43.061028 396.055084
v -156.044525 -41.850891 402.819427
v -172.069946 -40.203194 440.273956
v -178.256958 -42.921772 445.855988
v -127.775307 -33.775753 320.592163
v -136.119781 -45.952564 348.386017
v -137.645676 -47.135231 354.791718
v -139.617096 -50.197826 360.483887
v -142.608978 -50.249321 368.066772
v -145.305069 -49.714737 375.592468
v -149.156631 -49.881310 384.890503
v -153.343948 -49.987602 395.080292
v -159.132431 -46.389786 403.367249
v -165.007523 -43.596188 412.900482
v -170.101700 -45.168530 415.485168
v -184.421936 -36.441429 451.732788
v -191.684677 -45.004047 456.466492
v -135.198151 -35.259270 319.641571
v -131.238449 -34.593037 319.768616
v -134.704971 -36.309307 322.430389
v -137.368668 -40.222610 329.466309
v -138.774612 -42.857990 332.334320
v -140.127594 -46.776226 336.230560
v -139.565155 -47.516762 341.409332
v -139.315079 -52.223148 349.299225
v -169.612915 -49.513355 410.497040
v -168.260147 -42.939541 412.799652
v -167.873413 -41.774200 414.612793
v -192.824661 -36.974976 454.048798
v -193.657669 -44.665726 456.257324
v -138.105545 -33.694035 318.734772
v -138.580414 -34.303047 321.113678
v -137.919510 -36.002068 324.290985
v -139.549728 -39.612686 330.765320
v -141.680130 -41.771954 331.962433
v -144.584412 -43.822723 335.276733
v -146.040771 -41.662041 339.313599
v -150.311066 -41.009460 346.107666
v -177.151855 -47.534489 410.719971
v -175.404907 -41.394260 412.088287
v -183.846848 -42.289124 413.310150
v -197.846695 -38.275517 452.858093
v -145.332962 -31.792721 319.828857
v -148.386032 -32.184559 321.756409
v -153.284866 -36.246601 334.551025
v -151.145920 -38.271217 335.368744
v -153.107635 -37.337914 340.839630
v -153.159744 -39.896900 348.856567
v -183.718628 -41.486053 408.854034
v -181.979446 -38.480919 412.144165
v -180.982971 -38.697117 413.440918
v -205.561417 -35.908253 448.166656
v -202.281235 -38.237671 450.224548
v -152.568878 -29.958302 318.687134
v -154.545639 -30.194527 322.788727
v -156.041641 -34.622269 336.076141
v -157.950027 -34.949116 336.670868
v -159.738251 -33.724545 341.850739
v -167.556320 -30.594130 348.893372
v -190.679886 -33.181896 405.651093
v -190.737335 -33.826405 409.845581
v -199.007797 -34.385193 412.227448
v -211.488098 -31.101526 445.013336
v -210.309494 -32.556789 445.895538
v -158.934052 -26.347799 318.044159
v -169.322189 -30.696590 337.214905
v -164.504532 -31.701328 337.588318
v -167.019196 -29.869732 344.139648
v -171.083878 -28.925486 350.322662
v -199.205582 -28.363726 395.566223
v -197.194321 -28.684299 400.289551
v -196.375748 -27.663580 409.183136
v -197.544556 -30.671959 412.932739
v -218.116333 -29.088457 442.681702
v -214.774200 -35.142834 443.458191
v -165.350067 -23.137003 317.520599
v -170.773697 -28.882481 337.981873
v -170.138260 -30.163101 338.454376
v -174.222244 -28.286545 345.343964
v -179.247559 -28.824451 350.994232
v -186.661972 -27.754591 358.904877
v -191.545334 -27.227043 362.355835
v -203.225983 -25.688072 386.761322
v -201.738235 -27.051662 391.219330
v -202.395905 -27.479374 394.919037
v -229.935501 -38.497776 435.806427
v -227.653854 -28.853977 440.771240
v -171.014679 -20.834616 318.091522
v -175.440048 -22.653383 321.060516
v -178.577530 -27.170864 341.762207
v -181.751633 -27.453037 346.044434
v -187.202713 -28.361437 352.618805
v -192.425201 -28.546789 358.493744
v -193.565262 -26.078262 363.718903
v -204.798508 -28.753109 384.276611
v -207.366364 -27.307487 390.527344
v -210.729370 -27.922888 392.928528
v -232.936569 -34.751675 437.734619
v -236.880844 -29.244616 440.762482
v -176.187057 -19.560467 319.911957
v -180.049561 -21.487049 323.594452
v -183.487167 -23.487244 328.148804
v -185.592331 -24.525562 333.415558
v -185.776108 -25.275385 336.158783
v -184.636642 -27.521343 340.358429
v -189.770935 -27.575224 347.214722
v -194.981552 -28.763004 353.855438
v -198.019882 -28.960674 357.392883
v -204.268311 -28.819765 366.890381
v -208.657532 -28.991400 374.501190
v -209.703323 -30.907450 380.129578
v -246.375244 -28.977884 439.619751
v -184.746460 -20.978559 325.832947
v -188.398849 -23.092831 330.056427
v -190.661728 -24.166729 334.045013
v -191.572128 -25.174723 338.168793
v -193.824783 -26.688656 342.644653
v -198.040359 -28.447371 348.921753
v -202.441086 -29.299826 355.383118
v -205.926376 -31.209425 360.598694
v -208.274887 -31.500774 368.037659
v -212.822647 -32.037361 374.871826
v -216.316483 -32.593903 377.654694
v -252.314072 -34.648853 431.338593
v -249.576752 -31.461063 435.978058
v -196.627289 -22.879173 327.901733
v -193.260300 -23.090893 329.564423
v -197.820862 -24.897129 334.921844
v -199.840683 -26.287285 339.713440
v -202.531754 -27.597498 344.500610
v -205.831558 -28.407980 350.270874
v -209.592484 -28.888296 356.967438
v -214.175278 -30.080303 363.292267
v -219.241241 -32.129642 368.958710
v -253.871643 -34.163750 422.378265
v -253.108124 -30.915346 426.931396
v -253.824997 -29.240837 433.879883
v -198.192719 -21.738548 326.007446
v -202.197845 -23.510910 330.875397
v -205.702652 -24.707502 336.500549
v -207.988663 -25.913874 340.827454
v -210.583435 -26.501017 345.735901
v -213.563492 -26.557835 351.449066
v -217.129440 -26.488726 358.271637
v -220.164658 -27.747643 364.741669
v -219.783447 -30.294491 367.531921
v -248.918762 -30.417341 404.073853
v -250.343506 -27.908262 408.728455
v -253.910507 -29.037275 415.668457
v -255.186066 -27.230829 424.185089
v -208.165085 -20.249563 332.779877
v -211.776123 -21.597643 337.963348
v -214.252594 -21.878548 342.374390
v -216.859787 -21.899675 347.135681
v -219.690475 -21.690252 352.628632
v -223.207275 -21.295219 359.258057
v -227.017395 -21.340811 364.717041
v -231.193069 -21.039747 370.182159
v -235.192032 -20.445015 376.215332
v -238.324905 -21.145229 381.995361
v -241.018860 -22.189251 387.801483
v -244.163162 -22.920996 393.178680
v -247.383835 -24.179800 399.844299
v -252.444489 -23.530954 407.406189
v -253.793488 -23.599903 410.627716
v -120.278381 -29.938334 321.807953
v -121.062744 -27.788836 326.447205
v -123.413139 -28.345619 331.583221
v -126.108627 -29.977116 337.100830
v -128.527832 -31.200832 342.060364
v -130.168716 -33.198139 346.958344
v -131.998383 -36.254528 352.829742
v -134.899246 -39.226696 359.830200
v -137.836121 -41.638298 366.868256
v -140.495117 -43.108868 373.629242
v -143.580185 -44.642418 380.921875
v -147.465088 -46.702045 389.556915
v -151.633194 -48.744198 397.955719
v -155.122879 -50.005344 405.395325
v -157.480240 -50.273129 411.260468
v -160.298538 -50.178097 418.347687
v -162.386963 -50.071091 424.150482
v -164.544159 -52.006474 430.415497
v -168.284027 -54.935448 435.966339
v -124.608017 -33.772617 317.804840
v -121.970192 -31.767210 318.973114
v -140.818451 -63.480305 363.296539
v -142.417480 -62.053089 367.442932
v -144.486984 -61.024845 373.864594
v -146.834244 -60.621342 381.279663
v -149.588150 -60.075268 390.156189
v -153.455917 -60.198208 398.842712
v -158.431702 -60.839798 406.473236
v -172.578171 -48.714806 440.995422
v -180.570633 -49.691032 447.047150
v -184.221146 -56.758495 452.279846
v -134.740952 -32.415352 320.429321
v -126.146942 -34.399807 318.227173
v -141.362015 -58.678131 361.199585
v -142.951279 -57.048237 367.550507
v -145.592255 -56.313755 374.996460
v -148.662750 -55.913071 383.947876
v -152.330826 -56.005913 393.145355
v -156.720551 -55.506084 402.807495
v -162.524765 -57.450363 410.022308
v -169.536606 -60.347973 415.027954
v -185.384674 -44.983711 451.272400
v -188.075607 -50.958206 453.020111
v -131.202194 -35.938881 319.986298
v -133.702194 -39.133472 322.549286
v -136.610397 -42.661655 327.584839
v -138.961517 -47.951008 334.266724
v -140.575562 -53.447105 340.616241
v -142.522430 -57.030609 348.386932
v -143.493988 -57.929485 354.837738
v -168.444000 -55.565716 412.275574
v -175.523727 -60.042114 416.485962
v -193.362045 -44.772358 452.570679
v -192.945557 -52.032349 454.263885
v -139.008957 -35.621754 321.239716
v -136.202042 -38.133713 322.575531
v -139.642700 -41.304008 327.258179
v -144.140015 -43.205742 331.389038
v -145.047867 -42.270561 334.680847
v -175.921768 -55.323009 413.037750
v -181.195847 -59.122185 416.348114
v -199.404602 -46.270271 452.400696
v -144.364853 -34.621609 321.644318
v -148.004471 -35.453163 324.646332
v -149.063232 -37.361954 328.048645
v -150.034332 -38.076645 329.414124
v -146.640762 -40.878300 335.403839
v -183.964752 -53.169662 410.291748
v -185.883331 -59.539803 413.479034
v -206.545105 -44.329285 446.825409
v -203.226379 -46.045223 449.286377
v -155.343063 -30.673294 320.755798
v -152.798370 -33.804443 320.692291
v -152.954803 -35.182949 326.273987
v -153.829590 -36.717476 329.475677
v -156.763138 -35.992180 330.917908
v -161.247086 -34.129322 337.436737
v -188.458145 -42.476997 407.452179
v -195.210190 -44.987923 409.575592
v -216.051453 -46.465977 441.069733
v -212.820541 -39.903336 444.704956
v -156.998901 -30.286102 318.502502
v -161.878281 -32.067425 321.263672
v -164.014496 -34.265160 334.936676
v -163.359024 -32.367229 338.707214
v -196.801987 -29.674099 395.699493
v -195.795059 -35.569294 399.840179
v -198.520432 -40.949783 406.166382
v -220.113434 -37.510887 442.428802
v -215.044937 -37.536182 443.978027
v -163.385681 -27.082102 318.082062
v -168.441086 -28.673231 321.334015
v -168.262100 -29.979445 336.368530
v -171.008194 -31.321350 338.682343
v -176.777695 -32.712757 342.784058
v -199.302032 -28.498270 396.287964
v -204.714859 -31.997427 399.126343
v -228.465927 -37.937309 435.617645
v -224.147079 -36.638760 438.846588
v -169.260818 -24.314993 318.473083
v -173.549088 -26.031397 322.382721
v -177.213562 -28.615808 326.595886
v -177.497330 -28.611799 341.437897
v -180.476151 -30.689758 345.216125
v -187.836472 -32.784748 351.910400
v -192.819290 -33.897789 359.296082
v -197.142258 -34.569828 365.745148
v -201.372345 -34.716053 372.423676
v -205.452316 -32.475937 381.242615
v -209.344131 -31.653797 389.146027
v -210.161667 -30.528576 395.796509
v -231.519974 -35.888561 434.472382
v -237.707336 -39.433411 437.166199
v -178.127838 -24.246357 324.376434
v -181.273575 -26.327312 329.315460
v -183.043762 -27.466162 333.367554
v -184.093231 -29.701902 337.562958
v -184.526215 -29.427866 342.103668
v -188.465088 -30.782482 347.993774
v -193.312943 -32.445755 354.244812
v -198.281555 -33.655674 360.814148
v -202.778412 -34.428429 367.032227
v -206.730927 -34.437386 373.314240
v -207.325714 -32.249130 378.336517
v -243.773926 -44.661491 431.473083
v -241.404343 -36.794563 435.915161
v -198.004318 -31.098289 342.998108
v -191.354874 -31.158506 343.270386
v -197.450928 -33.107044 351.089539
v -201.384766 -33.255814 356.612946
v -204.742218 -34.276375 361.370422
v -207.744507 -33.596031 368.008942
v -211.972122 -33.993858 374.497406
v -211.834030 -33.537903 377.986664
v -246.975540 -38.960403 431.507111
v -247.020981 -34.444244 435.079559
v -209.547089 -34.755947 355.378937
v -209.082733 -33.434113 358.814026
v -211.367630 -33.485451 363.172699
v -218.395447 -34.449383 368.626556
v -251.319000 -37.464329 423.196594
v -250.379684 -37.591446 427.299225
v -216.705719 -35.359371 356.090454
v -216.995193 -32.694271 359.966644
v -218.490005 -32.096531 364.379425
v -218.022873 -32.820019 367.947418
v -249.061829 -33.792866 408.217529
v -252.084503 -35.422733 412.205688
v -252.287521 -35.398579 418.318298
v -224.914719 -34.096977 355.142426
v -221.785675 -33.867096 358.645325
v -227.481064 -31.027525 363.335144
v -234.076904 -26.537512 373.339691
v -237.919434 -27.216455 379.362671
v -240.525665 -30.765575 384.776978
v -242.025360 -30.499908 390.128723
v -246.235641 -30.806841 396.317871
v -249.170883 -33.302998 401.981781
v -252.648834 -38.824326 408.559906
v -231.798492 -30.613111 366.670685
v -235.888123 -31.450682 371.144897
v -239.053055 -32.554508 376.971161
v -241.751251 -34.316830 381.209290
v -122.613014 -33.521694 325.135468
v -122.450874 -34.246078 326.395020
v -125.070000 -37.147915 333.744690
v -127.351585 -41.485081 339.275299
v -131.415741 -43.144783 344.644714
v -133.361084 -46.727848 350.476959
v -135.624298 -50.718334 356.889435
v -138.639175 -53.489002 364.867737
v -140.770676 -54.283577 372.022675
v -142.681870 -54.728683 379.340912
v -145.933823 -55.895473 387.349548
v -149.693481 -57.240772 395.852875
v -153.825531 -58.325520 404.123810
v -158.040131 -58.782921 411.515656
v -161.325607 -57.824421 418.134705
v -163.706177 -58.385284 423.265533
v -162.787201 -56.746578 426.487579
v -164.623657 -57.631596 432.076080
v -169.928375 -58.735050 438.429077
v -174.250031 -58.351112 446.129608
v -178.198547 -59.180244 452.911194
v -181.094742 -63.304359 457.240356
v -124.368805 -37.358829 317.129364
v -123.241501 -36.143856 321.320923
v -126.894272 -40.371990 327.075470
v -131.038513 -42.698376 332.915253
v -135.502838 -51.195221 342.650635
v -136.796585 -53.448856 347.362122
v -138.742264 -58.012585 353.986206
v -138.520065 -61.940853 362.317749
v -141.858856 -60.745205 370.052948
v -143.939804 -60.309586 377.170563
v -146.190018 -60.299610 385.264832
v -149.463730 -60.650436 393.867676
v -153.614441 -61.105896 402.291870
v -158.715332 -61.702816 409.416595
v -163.752426 -61.367153 415.528015
v -168.167068 -61.568295 422.213654
v -168.349182 -61.187012 426.151581
v -173.923294 -55.451340 442.512329
v -176.474579 -55.606892 446.544128
v -183.630707 -56.254910 453.129913
v -186.641327 -59.829308 458.371796
v -126.498459 -36.046284 316.757294
v -130.253418 -41.197010 319.434784
v -139.003647 -57.575310 342.801147
v -139.967987 -59.724663 347.207489
v -142.775284 -64.366257 355.308502
v -143.592606 -64.837067 360.333191
v -164.008896 -60.833317 413.214478
v -169.159241 -60.986866 418.104034
v -174.436218 -61.722736 422.229889
v -190.855316 -54.647110 456.897766
v -193.654663 -59.386318 459.234802
v -132.113785 -40.329983 319.961334
v -134.964417 -42.468750 324.158234
v -139.081070 -48.713795 330.069885
v -141.612778 -56.536217 339.535492
v -141.767258 -60.729401 346.919434
v -144.755829 -63.816273 354.979492
v -144.322495 -63.258209 358.186157
v -174.917755 -60.984619 419.543365
v -179.967041 -62.252090 423.644531
v -185.193787 -63.602848 428.085480
v -197.483749 -53.403496 455.670807
v -197.783249 -52.821545 457.237152
v -200.846344 -59.608437 460.829010
v -137.192780 -40.634975 319.793304
v -136.736298 -41.081142 322.742065
v -141.935959 -45.918438 328.477814
v -143.950958 -43.265713 331.688446
v -180.528992 -61.347889 420.473145
v -186.862549 -64.618858 424.558197
v -188.579437 -66.159508 428.845215
v -201.180817 -52.234455 453.443512
v -204.585144 -56.547672 457.843597
v -207.399460 -60.720474 461.589630
v -142.095245 -36.891476 321.011444
v -144.953812 -38.653400 324.226227
v -147.546509 -42.582722 329.765198
v -145.878998 -41.532036 332.119812
v -187.639862 -58.820938 412.104401
v -187.390396 -61.505806 417.504242
v -192.879303 -62.002602 423.725372
v -199.080139 -63.429356 426.734711
v -208.737411 -50.319393 449.131714
v -208.550339 -51.138229 452.371399
v -211.350327 -57.354286 457.752106
v -214.178024 -62.836548 461.381317
v -156.387650 -35.790718 324.353912
v -156.589020 -37.298229 327.067047
v -158.432541 -37.683445 331.220734
v -161.296768 -37.247032 333.986694
v -189.034958 -54.543049 412.618652
v -194.642273 -56.062778 417.965607
v -201.636658 -57.801128 422.111633
v -203.787598 -62.309380 426.228455
v -213.912323 -47.190205 442.370972
v -213.757462 -48.745468 445.901642
v -215.888336 -54.642841 450.715332
v -218.347153 -58.851734 456.963104
v -220.899475 -64.840347 461.004120
v -158.795227 -35.571037 323.456024
v -162.359070 -36.634800 327.680969
v -164.916183 -36.993095 332.629730
v -163.937119 -35.857479 334.149811
v -200.398987 -40.160423 404.494751
v -201.767715 -47.323540 411.609436
v -208.981018 -51.291527 419.266144
v -213.875290 -54.563091 422.470764
v -219.440903 -46.411678 440.664520
v -221.102325 -51.556377 444.157867
v -223.298645 -55.627563 449.995209
v -226.445618 -62.583256 455.980560
v -224.677155 -65.873474 459.148804
v -165.604874 -32.953369 323.740448
v -168.738342 -34.244991 328.020416
v -169.983582 -34.785076 332.058105
v -169.415527 -35.419182 334.338440
v -173.501862 -32.676109 339.798157
v -178.236649 -33.221954 343.256287
v -204.429520 -38.320572 404.123322
v -210.957535 -42.718563 409.315002
v -215.653687 -46.175922 416.233429
v -220.845108 -47.926765 423.131622
v -226.960220 -47.424786 431.358978
v -228.989838 -43.593475 440.362000
v -230.487564 -52.549683 443.784149
v -228.167892 -58.514427 447.232483
v -229.532501 -62.993713 452.699646
v -171.261475 -30.178202 324.185516
v -174.194962 -32.132221 328.681702
v -175.805679 -33.156483 332.258789
v -176.910843 -33.318455 336.287537
v -179.445740 -34.062611 341.008667
v -181.195236 -34.123737 345.217041
v -187.229019 -34.574154 352.057587
v -191.708633 -35.401367 358.824554
v -196.022293 -36.411560 365.560272
v -200.852661 -36.734520 372.781464
v -206.630692 -36.437614 381.063293
v -211.789993 -35.761181 389.728149
v -211.226791 -36.973579 396.638397
v -218.843460 -39.882668 406.851257
v -223.488541 -42.456543 414.821808
v -228.313446 -45.542221 423.172516
v -230.771317 -45.443810 431.509338
v -235.793442 -44.647488 438.001740
v -238.319580 -49.874580 443.768829
v -240.476334 -56.056011 446.386169
v -241.976334 -63.537098 450.139130
v -179.162231 -30.329411 330.282288
v -180.832504 -30.987263 333.995178
v -183.195587 -32.408825 337.979248
v -186.246811 -34.364658 342.681732
v -189.521118 -35.236862 348.452393
v -193.919052 -36.898285 355.037201
v -197.876526 -37.973183 360.881866
v -202.212357 -38.750042 367.500488
v -207.324783 -38.894444 374.866058
v -212.681244 -38.504555 382.549683
v -217.622955 -37.769176 390.500366
v -222.245300 -38.353531 398.420776
v -225.931595 -40.240635 404.565765
v -227.527893 -43.195957 412.991547
v -230.439072 -48.793644 418.279816
v -242.168991 -43.983562 431.002899
v -241.862579 -43.185215 437.096710
v -243.943192 -46.711842 441.605713
v -246.944168 -48.587330 446.504700
v -247.156860 -55.719604 449.879242
v -189.321487 -32.437325 341.298065
v -192.606659 -33.982132 346.139343
v -199.789429 -38.360165 353.335358
v -200.934952 -40.247997 358.259430
v -205.158768 -41.152645 364.100037
v -209.345810 -41.258476 370.373901
v -213.944199 -41.027992 377.263214
v -218.593185 -40.474804 384.430847
v -222.791748 -40.127060 391.229126
v -226.766052 -40.419067 397.980865
v -229.737289 -41.434696 401.800293
v -244.687195 -42.747768 429.039215
v -246.511673 -45.017151 433.568634
v -250.190979 -45.970406 439.768646
v -253.987183 -47.168213 445.202271
v -255.890976 -50.780067 449.467255
v -209.601776 -42.261917 352.652466
v -206.566544 -39.729942 353.923248
v -251.501526 -43.631409 423.007874
v -251.261215 -42.905254 427.899780
v -253.270203 -44.371777 432.203094
v -256.819061 -45.275894 438.360229
v -260.896973 -46.621651 443.848907
v -263.472198 -48.852375 447.886444
v -216.945160 -42.380051 352.215546
v -214.174042 -39.965435 355.433929
v -252.556274 -41.989059 413.887939
v -252.344467 -43.277981 418.743500
v -253.676651 -45.738556 422.965363
v -257.085541 -46.119164 429.209717
v -260.500671 -46.431316 435.575989
v -264.696503 -47.629189 441.088226
v -267.549530 -50.592117 445.968719
v -219.686829 -36.990055 356.157867
v -227.272995 -38.661613 362.584564
v -224.195541 -32.797661 363.632629
v -241.947556 -40.038937 387.822632
v -242.859207 -39.553497 391.994537
v -246.740631 -39.570076 398.115082
v -251.154419 -41.374626 404.488922
v -252.474991 -42.408104 409.433899
v -234.793716 -39.395718 364.422363
v -234.093369 -36.702480 367.400024
v -240.300034 -38.529926 374.190002
v -242.500702 -39.227131 380.255463
v -242.425629 -39.724014 384.200165
v -236.932892 -40.663940 363.831238
v -239.300064 -39.709396 367.340881
v -241.622391 -39.356125 370.345947
v -128.351364 -43.877449 336.341736
v -130.498322 -47.484444 338.514374
v -166.105896 -61.792030 426.816956
v -163.522415 -61.246193 428.204773
v -165.302551 -60.958572 433.005493
v -168.178482 -60.973076 439.249756
v -172.111206 -60.968765 446.206451
v -176.818161 -64.555481 452.757416
v -181.665924 -68.389473 457.925354
v -126.567894 -41.620186 321.266357
v -127.417610 -45.220184 322.752350
v -130.272110 -47.900696 329.557404
v -130.528122 -47.573315 335.829010
v -133.605896 -51.282162 339.634796
v -169.955063 -62.539318 426.178955
v -172.144943 -64.452774 426.809143
v -183.818130 -69.683823 457.614410
v -186.122742 -66.252113 457.936340
v -127.055290 -41.845188 318.648438
v -130.788651 -46.954422 322.950012
v -134.732986 -50.400623 329.033508
v -136.023087 -53.212456 334.666473
v -137.784698 -56.300121 339.954041
v -175.756989 -65.110443 424.429443
v -175.768539 -66.221581 427.619446
v -194.862595 -64.763260 460.989502
v -134.321060 -45.623547 323.384216
v -137.534927 -50.108856 328.406433
v -141.458405 -54.576202 335.014099
v -139.617783 -57.348850 338.763336
v -180.562119 -63.220806 426.140320
v -186.893463 -67.038239 430.195679
v -202.085114 -66.109474 462.221771
v -137.209229 -44.006245 321.918274
v -140.502441 -47.542385 326.258392
v -141.537521 -48.013500 328.827972
v -190.175659 -67.036034 428.192291
v -191.593613 -68.324753 429.693115
v -208.618576 -67.809570 462.872253
v -140.923019 -41.403851 321.609192
v -144.230515 -43.538078 326.461334
v -144.927933 -44.449207 329.528687
v -192.613815 -65.087929 427.337555
v -199.133026 -67.408501 429.052032
v -215.262161 -70.207909 463.048126
v -205.764648 -62.109745 425.159088
v -205.269363 -64.827881 426.581726
v -222.183380 -72.332970 463.094849
v -207.794937 -59.224689 424.431946
v -212.857956 -63.445515 425.568817
v -228.792633 -73.626961 457.548798
v -226.095047 -73.740189 461.067047
v -218.660187 -56.975670 426.818787
v -221.585587 -62.939106 426.589081
v -232.352875 -62.070580 446.534149
v -232.447845 -66.842186 449.815216
v -231.875839 -72.941216 453.797089
v -226.420609 -54.957516 422.218964
v -223.983139 -58.073448 425.540253
v -234.801529 -57.724102 445.314850
v -234.967697 -64.230194 447.162079
v -239.582825 -73.628807 452.882477
v -244.594086 -83.858147 455.290985
v -228.774826 -43.396069 408.289490
v -229.336914 -44.601116 411.735779
v -230.669662 -49.669918 417.434448
v -245.668747 -68.672401 450.430756
v -245.962769 -78.499222 453.607666
v -202.665817 -40.986420 355.525879
v -206.004028 -44.573597 360.781525
v -209.631271 -44.887653 366.523163
v -213.128006 -44.254745 372.378571
v -217.082108 -43.809940 379.295685
v -221.490387 -43.486530 386.092407
v -225.466782 -43.180229 391.979065
v -229.074173 -42.897430 398.051819
v -230.345978 -43.307682 403.788239
v -235.997635 -46.636524 411.303436
v -235.610977 -53.728199 416.626801
v -254.359451 -61.755913 450.440979
v -258.058685 -69.997429 452.521576
v -207.153275 -41.726521 352.970367
v -207.379562 -44.930729 355.283203
v -210.487030 -48.266453 361.992859
v -214.135300 -48.038895 367.665070
v -217.880890 -47.463558 374.145233
v -222.904175 -46.838566 380.218719
v -226.789490 -45.144558 387.092621
v -230.803787 -44.581192 392.729248
v -234.541565 -44.123302 398.532623
v -237.904648 -44.323402 404.347229
v -243.091171 -45.840031 409.540375
v -263.295868 -57.039822 450.191406
v -261.148315 -65.070557 452.122314
v -210.398285 -43.755104 353.072845
v -214.936783 -46.820435 355.965088
v -229.510208 -46.361168 383.535278
v -232.592148 -46.173168 387.689758
v -237.664841 -46.394215 392.940338
v -240.309570 -44.991905 398.073120
v -244.753494 -46.308464 404.304657
v -250.643845 -47.544785 411.033600
v -253.532013 -47.609741 417.820251
v -255.506180 -50.303547 423.547424
v -259.416626 -50.981163 430.271606
v -263.456421 -51.797108 436.526825
v -267.536835 -52.809864 442.029144
v -268.354431 -53.817215 447.055908
v -219.773972 -43.344193 356.989014
v -225.423782 -48.284962 360.283173
v -239.709549 -51.146713 383.600922
v -240.156921 -48.087761 386.107513
v -242.575378 -45.871487 392.886719
v -246.653015 -45.302795 399.880249
v -250.981613 -46.318142 406.246735
v -250.071716 -46.736816 409.434448
v -233.986160 -48.492275 359.406921
v -230.450012 -46.293941 362.399689
v -240.256287 -49.108440 370.903656
v -240.583481 -46.861073 375.497803
v -242.489304 -47.069839 381.359192
v -241.751068 -43.908249 385.037476
v -233.994263 -48.088276 359.719391
v -237.743057 -45.761864 363.927002
v -241.404114 -46.528027 370.398529
v -241.057312 -40.909187 371.697632
v -152.655151 -71.133339 425.790833
v -152.011597 -69.615219 428.368866
v -153.222229 -68.655746 433.218842
v -154.958115 -67.935654 438.001404
v -157.446045 -72.152275 441.885101
v -161.038681 -71.180931 426.667969
v -158.221039 -69.350845 428.627533
v -158.216599 -66.247200 433.083099
v -160.580643 -65.293716 438.878937
v -164.520752 -67.348640 446.028778
v -168.320755 -71.714165 449.889465
v -165.331314 -63.915546 428.820923
v -165.741425 -68.297043 429.152802
v -163.405472 -63.903126 433.303467
v -165.874435 -63.608387 439.134277
v -169.471481 -63.706646 446.221161
v -175.249542 -67.682304 452.630707
v -181.753357 -72.440742 458.930145
v -183.787827 -77.790604 462.082733
v -130.523804 -50.981735 327.753143
v -132.541687 -53.000023 330.355957
v -171.966217 -68.601250 428.227203
v -170.177231 -69.205551 429.257233
v -181.930634 -66.573410 456.320618
v -186.635941 -69.747215 458.996460
v -190.244614 -75.163177 463.760468
v -130.233017 -51.586250 326.047333
v -133.925110 -51.676891 330.180634
v -177.621384 -68.218819 426.892365
v -180.716919 -70.416397 428.563873
v -195.421280 -70.781281 462.027069
v -198.055206 -76.149261 464.635895
v -181.703598 -66.488617 427.370911
v -187.177719 -70.462433 431.654114
v -191.887283 -74.155380 433.395111
v -202.746307 -72.891983 463.099976
v -205.462006 -78.207497 465.856354
v -193.388489 -73.498116 432.199646
v -194.269379 -76.610069 434.354980
v -209.447296 -75.145897 463.975159
v -212.345490 -80.778496 466.742981
v -200.133530 -71.848190 431.718597
v -205.741364 -74.964302 431.287231
v -216.223022 -77.387169 464.561554
v -219.393707 -83.430214 467.549622
v -205.731857 -70.511368 430.203583
v -211.045990 -74.214180 430.158600
v -222.923065 -79.911491 464.353516
v -226.274124 -85.709961 467.573456
v -211.546188 -69.090508 427.989838
v -216.170685 -74.857857 428.359161
v -230.195435 -82.454803 459.777374
v -228.643478 -84.791298 461.637115
v -232.915680 -89.062111 466.315735
v -216.738403 -67.153435 426.833221
v -219.993164 -73.325859 426.669434
v -232.816681 -82.328178 455.620911
v -235.427414 -87.626160 459.784271
v -238.616867 -91.649368 464.522217
v -226.933838 -68.032387 424.175385
v -223.966217 -69.160500 423.665649
v -239.084290 -82.706161 455.826202
v -240.265137 -88.733017 456.479034
v -244.008865 -93.863525 461.961426
v -226.928040 -60.257534 420.203247
v -229.987518 -66.173378 421.165039
v -250.355484 -78.770721 453.058563
v -245.797760 -85.360054 454.239410
v -249.023300 -92.672066 459.278168
v -236.960037 -52.704037 415.042236
v -235.645691 -58.042652 416.765717
v -236.549438 -66.781662 421.792084
v -252.225876 -71.816200 452.039368
v -253.938110 -82.151909 452.303162
v -255.791199 -90.536514 458.503265
v -210.031143 -47.641586 357.824310
v -213.395020 -52.019672 362.933197
v -217.369141 -51.514137 368.732758
v -220.802109 -50.817112 374.764404
v -224.476212 -49.690205 377.834839
v -244.962357 -52.469494 407.383698
v -242.341843 -51.202816 410.951599
v -241.503784 -59.065784 415.650635
v -265.978271 -65.994682 452.117340
v -262.324066 -73.847496 452.374939
v -218.550339 -56.337486 353.982147
v -215.218185 -52.286930 356.766937
v -218.059387 -55.850525 363.345795
v -222.158554 -56.026577 369.147675
v -225.222610 -54.397316 375.039398
v -228.818909 -50.779465 380.504425
v -234.501205 -49.724918 387.458893
v -238.979889 -50.707756 392.180695
v -243.955246 -50.678619 398.195618
v -246.647583 -51.570293 403.891571
v -250.708374 -49.749432 410.953064
v -255.126953 -52.820339 418.249634
v -258.321533 -55.465385 424.864197
v -262.251587 -56.831165 431.795319
v -266.456024 -57.577648 437.748138
v -270.469971 -59.574821 444.009735
v -270.249054 -64.585106 448.167145
v -268.039062 -71.516357 451.554779
v -222.695114 -56.476120 354.376678
v -222.990189 -51.068935 358.381500
v -227.606522 -52.646935 360.324249
v -241.295319 -53.471619 385.125122
v -240.730743 -53.017509 388.109711
v -241.481674 -50.167488 392.252716
v -245.086670 -50.806545 396.344666
v -248.737076 -51.062798 401.862885
v -253.997467 -51.639854 408.999237
v -257.629517 -54.045341 415.002441
v -259.414124 -58.145397 420.307648
v -263.298462 -60.274437 427.293762
v -267.164886 -61.808617 433.862152
v -271.380524 -63.593834 440.309845
v -273.011169 -66.413857 446.011230
v -228.645096 -56.114998 354.773804
v -228.369720 -52.272240 358.809662
v -227.353302 -50.270584 359.420258
v -241.928314 -51.612419 374.082611
v -240.942581 -53.427975 377.327942
v -240.727585 -54.370258 381.820465
v -242.931396 -56.610428 385.063660
v -231.963440 -55.319420 355.729614
v -234.920349 -52.829449 359.631531
v -239.379745 -51.805325 365.748322
v -240.302704 -54.172577 371.258606
v -243.999542 -55.407864 374.579865
v -150.675690 -71.523926 425.719116
v -152.885590 -73.275368 428.096985
v -153.405075 -73.416046 433.209351
v -153.718643 -72.451576 437.020599
v -157.375031 -75.743797 441.690125
v -153.160782 -70.927513 425.850372
v -157.908325 -73.737511 427.413361
v -157.202118 -76.345703 434.953705
v -157.399734 -75.409180 437.649536
v -161.396194 -73.533890 445.379425
v -167.889984 -77.249344 449.873108
v -164.711395 -72.063515 429.086792
v -173.783875 -73.896309 454.597260
v -179.754868 -79.800674 458.020813
v -182.946762 -83.778786 461.824890
v -174.033646 -73.239883 427.839447
v -169.730286 -72.241425 428.481415
v -185.150040 -85.555107 461.183655
v -190.216934 -82.686562 463.758850
v -180.233505 -74.393578 429.576050
v -198.224670 -83.094574 465.670135
v -186.791626 -74.108421 432.277527
v -191.253983 -78.873192 432.442017
v -205.876282 -85.597198 466.952271
v -198.241226 -78.664009 431.755493
v -194.453354 -77.241173 432.406433
v -213.066879 -88.366798 467.995514
v -201.827576 -80.089157 430.209778
v -206.802139 -82.858284 432.690765
v -220.782776 -91.196953 468.985413
v -211.880310 -81.440666 428.904388
v -208.108292 -77.304192 431.016022
v -227.939423 -93.621994 469.253448
v -218.182831 -88.750153 428.918213
v -215.915161 -82.264221 429.914520
v -234.612076 -95.974594 468.461700
v -220.783401 -81.345627 428.429443
v -240.110336 -97.786850 466.910156
v -225.253952 -80.231194 425.823181
v -245.404251 -99.325806 464.682922
v -229.480820 -76.798737 423.558197
v -250.671585 -98.900154 461.887756
v -236.922394 -66.892166 418.236389
v -232.884857 -71.791527 420.649750
v -259.674896 -90.196281 457.524658
v -255.666809 -95.856636 458.339996
v -242.724945 -58.303925 406.741058
v -241.936249 -60.273586 410.910309
v -239.760269 -63.133533 414.731842
v -262.005341 -85.204544 452.306061
v -263.317230 -93.421661 458.196655
v -213.010147 -65.031090 342.620087
v -212.316177 -63.942829 346.057739
v -214.995010 -61.025639 353.030975
v -216.952927 -61.415890 357.086121
v -220.591034 -62.779034 362.990906
v -224.387558 -61.991352 369.043396
v -227.470673 -59.222992 375.139008
v -231.316132 -56.932083 381.128052
v -235.346115 -55.022865 386.569763
v -239.264633 -54.168045 392.477295
v -242.552902 -54.837208 398.177124
v -243.284851 -56.411079 402.329590
v -272.734528 -74.073151 451.898224
v -271.754242 -81.021355 451.955414
v -219.470596 -63.431561 343.736603
v -218.042755 -62.997974 347.443634
v -217.077606 -59.715244 350.744019
v -240.544357 -62.065830 384.025848
v -240.421600 -57.758305 386.685852
v -244.198151 -55.198921 392.553925
v -248.509186 -55.290981 398.113586
v -253.175797 -56.041824 404.713562
v -258.855682 -59.306290 410.981995
v -262.077667 -60.153996 417.623779
v -264.675415 -63.413078 423.402161
v -268.957733 -65.900932 430.931671
v -272.939301 -67.924622 437.496979
v -276.318237 -73.091759 442.720093
v -275.983612 -73.982674 447.403290
v -274.904510 -80.727066 451.748169
v -225.636536 -64.654037 344.861603
v -223.113617 -62.317822 348.440765
v -223.126968 -59.275074 351.265320
v -240.791656 -62.777630 372.934204
v -240.149155 -59.811539 377.137909
v -241.235611 -59.766430 382.755737
v -241.193939 -56.970566 386.153290
v -265.175415 -68.495110 413.817902
v -263.718231 -63.293514 414.320923
v -265.828430 -66.458916 419.363281
v -269.978729 -69.845352 426.487000
v -273.746033 -72.761093 433.544189
v -276.061401 -77.621513 439.705475
v -230.832077 -64.370758 345.473206
v -227.251785 -63.761997 347.172943
v -231.435349 -59.746944 354.305084
v -235.219589 -59.562054 360.008148
v -240.304871 -59.467022 367.419373
v -240.914215 -60.771946 371.955322
v -242.015457 -56.771797 374.832245
v -145.520432 -82.633926 428.079620
v -144.389404 -82.786507 431.942535
v -145.312622 -86.449364 435.162292
v -148.609650 -83.861694 419.643463
v -149.339844 -83.398041 422.946106
v -150.223633 -79.634277 427.295197
v -151.205811 -78.953262 432.597473
v -153.500137 -80.788567 438.185852
v -155.204254 -87.387779 442.447662
v -155.931503 -87.522362 420.203674
v -151.610123 -83.095512 421.666046
v -155.359558 -79.709747 426.345520
v -155.774445 -77.010048 434.448853
v -156.896317 -76.846291 438.297150
v -161.073517 -80.153145 444.841125
v -167.044144 -86.877357 450.255737
v -163.890533 -78.758301 428.052826
v -173.120117 -83.031891 454.255707
v -179.710129 -89.133781 458.184479
v -171.569550 -76.459366 427.511688
v -172.469971 -80.304298 429.615112
v -184.735580 -86.316452 460.863861
v -191.851791 -91.896667 464.409943
v -177.642868 -78.650787 428.545105
v -182.002457 -83.949135 430.724670
v -198.518326 -91.318596 466.112335
v -189.023956 -83.523270 431.015503
v -188.439667 -83.572395 430.780792
v -206.152344 -94.134178 467.172516
v -196.864777 -85.708145 430.656433
v -190.697998 -80.277908 431.608765
v -213.621994 -97.036392 468.462921
v -202.885757 -85.720062 430.472565
v -206.858963 -91.820557 431.198181
v -221.621414 -99.955612 469.410339
v -208.850815 -84.683418 429.607758
v -212.430481 -90.498352 430.494019
v -229.372101 -102.439034 470.022400
v -213.938919 -84.273903 428.782837
v -217.004242 -89.457359 429.843262
v -235.955429 -104.138977 469.741821
v -221.557159 -88.902481 429.104889
v -241.646194 -104.839226 468.645691
v -227.554443 -88.681221 427.416168
v -247.242630 -104.882568 466.777618
v -231.806366 -86.333000 424.900818
v -252.877457 -103.926277 464.132935
v -238.647125 -78.222305 413.308441
v -235.266602 -77.292374 417.600098
v -234.328812 -82.002449 421.495422
v -259.221436 -103.204407 461.968384
v -204.223236 -72.390221 334.572632
v -203.079071 -71.523003 337.483215
v -205.953552 -72.500481 342.739746
v -207.753937 -74.645302 345.228333
v -243.016785 -67.816452 406.418732
v -240.727356 -71.149193 411.774414
v -237.799469 -70.739891 414.926514
v -267.475830 -94.406441 455.594574
v -263.960907 -99.462357 459.817139
v -213.004501 -71.228729 334.738159
v -208.400314 -70.502434 338.660187
v -208.788757 -67.625053 344.325684
v -214.469040 -70.831627 350.178223
v -219.114731 -69.049637 356.425720
v -222.743851 -68.396744 362.809662
v -225.638748 -66.680519 368.910522
v -229.353134 -64.501297 375.323639
v -233.391983 -62.006767 381.622742
v -237.066055 -59.454582 386.961029
v -241.010727 -61.204105 390.947510
v -242.544907 -62.581474 397.077301
v -243.480347 -64.888390 401.562225
v -276.623993 -95.447395 451.632751
v -270.970032 -90.522606 450.401337
v -215.616852 -68.973869 337.147858
v -214.463577 -68.261131 340.745361
v -221.083725 -64.982231 345.468750
v -223.029663 -73.387856 351.865936
v -223.017288 -72.665298 356.297455
v -227.200455 -70.144905 363.857605
v -231.247482 -67.608803 370.861755
v -234.931320 -65.372566 377.547058
v -236.848221 -62.727322 381.986877
v -241.414322 -59.373581 389.104034
v -246.222672 -59.601021 393.953278
v -250.984314 -62.947990 397.627594
v -255.854263 -62.025196 406.240143
v -258.027100 -69.658440 410.435669
v -276.673340 -83.552567 444.917023
v -277.460510 -86.471054 447.608490
v -277.933380 -90.220329 454.104309
v -220.979660 -69.105782 338.073517
v -218.659912 -66.348488 342.094635
v -218.487122 -64.574303 344.297668
v -236.236389 -68.607300 367.875885
v -236.458374 -65.476891 372.986359
v -240.151520 -63.238579 379.849335
v -239.470184 -62.805000 381.409729
v -255.702026 -68.909599 400.111542
v -257.466705 -64.844269 402.292877
v -261.590607 -65.135635 409.585968
v -266.222992 -70.218529 415.396423
v -269.004089 -74.220284 421.345184
v -273.238525 -78.130745 429.049591
v -276.545532 -81.461227 436.052826
v -277.466553 -83.136108 441.690796
v -224.994171 -67.902489 339.912079
v -224.680527 -68.191605 342.629944
v -229.462311 -67.645149 348.925293
v -232.817444 -67.454323 354.944916
v -237.135391 -66.953018 361.404266
v -238.947266 -66.331131 367.165619
v -240.064270 -63.259468 370.119476
v -142.399323 -91.050468 422.820374
v -141.299988 -88.833649 425.670502
v -143.898804 -89.658623 431.499847
v -144.872055 -91.196449 434.380676
v -147.100525 -89.305374 419.175293
v -146.585754 -88.892059 421.564606
v -143.535889 -84.855453 424.582611
v -146.611160 -93.700241 434.585846
v -152.677231 -89.491280 438.930481
v -154.993866 -92.547440 441.782196
v -149.846954 -86.690247 419.423126
v -155.428055 -88.529114 423.157410
v -161.637741 -84.854805 425.637360
v -157.203110 -94.804543 441.454620
v -161.051483 -89.686859 444.763062
v -166.615723 -95.869995 451.273102
v -163.039581 -89.564499 424.764221
v -160.002380 -83.745628 425.745026
v -173.098694 -93.197166 454.980408
v -180.064056 -99.175301 459.723083
v -170.848343 -91.235435 426.501099
v -167.608078 -84.307648 427.449341
v -185.397797 -95.705803 461.948425
v -192.417114 -101.773232 465.954559
v -177.968674 -91.994370 427.932190
v -178.054260 -89.819855 429.929138
v -198.906631 -100.920341 467.285400
v -188.410950 -93.003220 430.107574
v -184.213409 -90.469528 430.155487
v -206.745941 -102.258850 468.228180
v -193.621277 -92.928497 430.471039
v -196.917175 -99.415283 429.832184
v -214.564072 -104.966965 469.335754
v -202.897354 -96.208000 432.333038
v -203.084946 -98.416191 431.718292
v -222.786087 -107.698349 470.418793
v -212.472275 -101.896538 432.396912
v -211.663162 -99.258591 433.509064
v -230.787811 -110.002632 471.392303
v -216.270462 -96.918976 431.128479
v -237.849487 -111.618080 471.640198
v -221.983688 -97.477348 429.263916
v -244.420502 -112.698326 470.702789
v -228.276947 -97.412628 427.556244
v -250.211319 -112.348442 468.972504
v -235.608673 -96.503830 419.826721
v -231.390732 -94.399536 424.101135
v -255.845978 -110.849823 466.625641
v -237.171600 -85.503868 412.227753
v -235.855225 -88.786926 417.743286
v -234.500122 -90.081841 421.704102
v -261.721466 -109.329071 464.165710
v -201.262405 -77.608505 327.058014
v -198.464493 -75.608040 330.279388
v -201.014801 -75.964737 334.883514
v -204.072189 -76.762039 339.767822
v -208.456802 -77.877213 345.794830
v -211.013062 -80.793938 347.223206
v -242.994232 -78.181770 405.157806
v -239.383652 -81.476303 408.096832
v -270.158813 -104.049614 459.715637
v -268.453461 -109.447601 461.140839
v -205.761124 -75.023422 327.926117
v -205.159958 -74.319778 332.889893
v -214.013321 -72.496475 337.168640
v -214.455688 -74.494484 348.864014
v -217.064987 -76.052612 353.127625
v -220.978546 -78.651405 354.616638
v -242.779343 -69.633492 391.312256
v -243.654633 -72.251129 395.126953
v -243.770584 -74.721344 400.497955
v -274.923431 -96.017639 453.361145
v -274.141998 -103.579498 453.719391
v -274.273193 -108.792351 460.215637
v -211.738373 -73.568665 328.991394
v -209.242172 -71.902603 333.087250
v -209.332886 -71.037849 336.206696
v -218.697754 -73.716034 350.248810
v -221.971115 -74.332924 355.034760
v -226.270462 -74.066467 361.545197
v -232.995819 -75.701637 366.140594
v -236.018890 -76.365227 368.301666
v -247.445267 -68.246178 391.558990
v -247.665588 -69.284058 396.115143
v -278.269775 -93.310585 448.021667
v -279.471436 -98.623726 448.360504
v -277.998535 -102.378929 453.211334
v -218.309921 -73.429031 330.360657
v -215.634476 -70.985298 333.697083
v -235.172760 -72.013580 365.271637
v -236.509354 -74.381508 367.849304
v -238.188873 -75.128983 369.097015
v -251.345932 -73.124542 392.124969
v -252.721115 -69.214485 395.123993
v -259.700745 -71.042328 402.186157
v -263.268707 -75.428459 408.799683
v -266.299530 -80.118233 414.934021
v -270.202881 -84.159920 422.370941
v -274.027130 -87.773735 429.971313
v -277.531250 -90.703346 437.450073
v -279.454102 -93.960663 443.089630
v -281.374146 -103.522522 448.343262
v -224.216309 -72.655098 331.466034
v -223.384094 -72.513802 337.072998
v -229.156708 -71.796753 344.168549
v -232.463837 -72.579781 350.418823
v -235.315521 -73.974709 355.995331
v -237.899963 -72.955803 360.460724
v -238.628387 -72.267982 365.197571
v -240.307083 -73.941582 364.948822
v -231.932465 -68.765564 332.388977
v -229.148392 -72.346489 335.145386
v -231.423065 -73.034607 340.751923
v -234.214218 -74.620903 346.470520
v -236.924515 -74.794907 350.218170
v -139.560852 -94.621742 422.712769
v -140.517410 -96.394257 426.391693
v -141.438370 -99.943123 432.113129
v -142.635040 -106.825218 436.906403
v -144.407242 -99.092453 412.753815
v -144.279907 -95.808746 416.040375
v -142.768982 -95.867928 420.575562
v -142.158081 -102.178635 422.836975
v -145.682892 -94.335068 435.273895
v -151.048004 -97.615685 438.971710
v -152.906464 -106.816223 443.525787
v -151.376495 -98.868019 413.957123
v -149.119904 -94.580658 417.117676
v -152.445908 -97.638123 418.952209
v -155.928726 -94.998337 441.735016
v -159.129578 -98.287338 445.357605
v -166.230347 -105.231010 453.260956
v -160.195847 -99.695358 420.482086
v -156.636230 -95.470863 421.160797
v -172.889420 -102.635391 456.871674
v -179.978638 -108.079826 461.615021
v -166.200104 -99.843498 420.826355
v -165.524048 -97.885986 422.907196
v -185.642136 -104.331299 464.110779
v -192.625412 -110.044510 468.083862
v -176.336853 -97.667336 427.157379
v -180.330917 -96.761154 428.816681
v -199.182129 -109.925865 468.903748
v -183.899857 -110.533333 425.615936
v -183.582535 -101.636292 428.178131
v -179.779495 -95.130455 429.534607
v -207.256989 -111.005692 469.575806
v -191.479126 -111.085899 425.287598
v -191.388519 -102.126472 428.681091
v -196.855087 -106.001236 428.689850
v -215.462723 -112.807732 470.435577
v -200.096909 -111.720467 426.766296
v -199.523819 -104.317955 430.309784
v -195.672028 -101.590515 429.634583
v -223.516693 -115.046265 471.587769
v -209.921387 -112.802429 426.393250
v -208.991318 -110.951660 431.914246
v -213.959641 -105.033157 431.213654
v -231.620773 -116.721512 472.662903
v -217.537476 -111.560455 430.339600
v -213.902115 -104.718918 431.745697
v -239.823318 -118.433510 473.215576
v -223.572815 -111.439445 426.419556
v -219.457275 -104.479645 428.927765
v -247.231812 -119.968849 472.748657
v -229.638611 -108.710373 416.480225
v -227.478195 -108.025345 421.625793
v -225.031860 -103.866577 426.341736
v -253.396713 -120.583832 471.023071
v -232.775574 -103.962936 413.845917
v -230.408554 -100.493187 418.792633
v -230.127075 -102.065880 423.514313
v -259.020813 -119.074707 469.042175
v -193.337082 -84.251686 320.411346
v -193.277588 -83.888664 323.086761
v -195.436630 -84.635651 327.980408
v -198.605743 -85.890167 333.050964
v -201.161545 -88.391045 337.183502
v -235.893021 -97.580109 398.095734
v -236.898758 -98.149536 404.036835
v -237.026047 -98.285683 412.103271
v -232.866791 -97.063560 414.403595
v -265.659668 -117.301613 460.811646
v -263.109955 -118.005730 463.295807
v -197.424957 -81.806992 319.974396
v -195.754562 -79.825478 324.160583
v -196.984543 -79.636185 327.838684
v -199.518433 -80.477097 332.623627
v -203.041962 -82.823326 338.556549
v -208.230453 -84.721146 343.915985
v -212.544418 -87.191544 348.152405
v -237.624451 -90.183426 388.173187
v -240.093582 -91.234985 395.240784
v -240.638931 -88.014709 403.195892
v -236.732346 -90.149055 406.731476
v -269.095123 -112.246864 454.211456
v -269.588348 -116.386574 457.864594
v -269.361237 -112.734047 462.968231
v -203.587799 -80.535614 320.795746
v -201.041870 -77.656281 323.467041
v -216.324356 -81.056366 351.021545
v -221.575455 -81.494095 356.835999
v -225.860138 -82.578568 361.180817
v -229.420547 -83.322014 366.491455
v -232.571533 -83.902519 371.197571
v -236.551117 -82.969597 377.395020
v -239.433823 -81.493538 385.760803
v -242.115616 -81.270714 393.846893
v -241.012390 -83.040001 398.825134
v -272.777710 -111.817398 448.345337
v -273.915253 -111.650414 451.125305
v -275.980957 -112.130989 456.169647
v -276.080627 -115.339790 462.182312
v -209.633774 -78.781250 321.714111
v -207.069748 -76.442451 324.480103
v -226.571838 -77.521736 359.326782
v -229.273956 -78.140427 363.439178
v -233.632767 -77.812340 369.151642
v -237.290039 -78.501991 372.611877
v -240.964966 -77.397430 378.429657
v -243.517853 -74.595444 385.409668
v -273.880737 -112.057007 433.349579
v -272.629517 -104.215080 437.888611
v -276.460999 -106.614532 444.954193
v -280.578705 -107.200272 449.828857
v -279.949005 -108.543945 455.974701
v -215.439117 -77.263725 322.664215
v -212.917801 -75.487671 325.440002
v -241.573730 -76.350037 368.858154
v -239.163879 -77.795090 370.747070
v -241.970108 -78.793358 372.886993
v -245.310471 -77.972191 377.552124
v -248.750534 -76.647232 386.324036
v -255.416367 -76.921745 393.813416
v -258.316162 -82.392487 400.617004
v -263.315857 -86.966309 407.768280
v -267.275604 -90.660210 415.001617
v -271.420624 -94.503677 423.838318
v -275.267670 -99.055679 431.811401
v -277.614960 -98.783081 440.923004
v -280.582367 -102.506271 446.955292
v -283.190552 -110.510399 449.574554
v -221.026779 -71.228203 325.550903
v -218.756439 -75.957756 327.045990
v -224.434280 -78.373466 332.315247
v -236.382599 -79.268730 354.103577
v -237.488068 -78.927597 357.894073
v -240.616150 -78.592522 362.422485
v -241.785065 -78.445526 367.139557
v -243.108093 -79.454071 367.691254
v -226.570084 -73.870140 331.234253
v -229.828613 -75.693283 336.011505
v -233.527054 -76.929527 341.396301
v -236.417480 -78.722458 346.733337
v -237.159637 -79.367706 350.832428
v -137.195328 -112.383156 421.649292
v -137.987640 -109.065659 426.939758
v -138.862579 -110.407776 431.868774
v -142.061188 -114.710663 434.688446
v -141.406754 -104.332642 409.652557
v -141.102112 -104.481583 413.410950
v -141.113297 -106.987358 419.064514
v -141.320969 -107.446037 426.679016
v -142.754288 -113.998505 432.133942
v -150.580780 -110.857193 440.495483
v -153.103958 -113.147491 442.017792
v -148.589905 -101.782455 411.346802
v -150.480255 -101.789001 416.180908
v -158.051987 -118.232758 419.513580
v -154.935928 -114.650986 442.074036
v -159.267075 -110.028008 446.400482
v -165.113403 -115.478645 453.468109
v -154.695984 -107.967598 413.030548
v -153.344528 -101.595482 416.399506
v -152.430130 -100.443466 418.179413
v -174.697342 -112.173523 457.951050
v -179.321869 -114.764717 460.501434
v -161.364258 -110.462891 413.681671
v -163.175949 -107.296143 418.580902
v -168.460678 -103.357040 421.792725
v -181.277298 -114.334206 460.669495
v -185.944672 -113.668785 464.349182
v -193.134720 -118.768753 470.048462
v -172.033569 -112.914436 420.355743
v -168.717285 -105.180305 422.377533
v -199.565063 -118.058144 470.601562
v -180.103775 -114.449577 422.465546
v -175.411591 -107.054489 424.656525
v -207.445312 -119.349030 470.605286
v -185.538757 -118.164978 422.112305
v -215.468445 -120.719566 471.263672
v -194.110962 -119.112206 423.720764
v -223.364761 -121.798019 472.214600
v -206.199631 -119.123375 425.032593
v -213.155441 -117.752388 427.983643
v -231.854263 -123.096359 473.135925
v -218.333939 -123.730400 424.659332
v -215.052048 -120.956009 427.612762
v -240.792664 -124.867744 473.770020
v -222.351151 -119.640549 427.587952
v -249.025436 -126.463867 473.845551
v -187.399887 -96.383591 327.182495
v -188.470978 -98.338806 331.633606
v -192.291443 -101.012108 336.414948
v -230.193939 -117.177811 419.269287
v -226.954559 -118.224289 423.455017
v -255.987717 -127.656174 472.795929
v -193.253342 -91.049706 327.621124
v -189.767593 -96.450668 329.433441
v -192.255905 -98.110840 334.351227
v -236.196701 -117.940941 410.963898
v -233.209290 -114.229858 414.089752
v -262.037262 -127.783821 471.043732
v -191.053131 -87.673477 319.221954
v -192.077774 -89.241936 323.045929
v -195.034286 -91.122963 328.559601
v -198.880676 -92.983574 334.232758
v -204.779053 -96.644241 341.629303
v -207.825424 -101.787971 346.072449
v -236.800797 -108.567902 401.228516
v -237.737701 -110.743652 407.310242
v -233.646530 -107.991989 409.537598
v -266.842865 -124.496674 464.269653
v -265.277863 -125.801559 468.193726
v -194.494675 -85.592789 318.146973
v -203.749649 -88.628784 339.405090
v -209.791763 -94.974358 346.103363
v -214.918427 -96.484909 351.504181
v -218.245407 -101.857971 355.148102
v -238.057220 -102.024673 389.872681
v -237.201645 -105.429001 395.266388
v -270.419342 -120.114151 457.491791
v -268.405609 -121.724091 460.749420
v -200.302231 -84.174942 318.467102
v -215.912476 -87.118492 349.611023
v -219.767014 -90.751930 355.574646
v -224.019745 -91.807945 360.334167
v -227.647522 -93.409019 365.681030
v -231.236801 -94.663872 371.465271
v -235.371521 -95.336807 377.628784
v -236.785049 -97.171135 383.245728
v -272.337433 -115.621384 449.552979
v -270.926086 -116.893951 453.150177
v -206.327591 -82.449638 319.064880
v -272.691650 -114.977867 435.299530
v -275.345520 -113.522797 440.133118
v -272.665497 -113.111206 445.032349
v -212.687622 -81.053909 320.121460
v -243.736343 -82.235260 371.154480
v -245.384308 -82.784836 374.521301
v -247.985107 -85.046371 379.388855
v -250.904236 -86.210876 385.611664
v -254.461136 -90.881882 392.679199
v -258.975403 -94.989822 400.044891
v -263.308289 -98.619148 407.171356
v -266.613647 -101.808662 414.653870
v -272.386810 -105.044228 423.808228
v -274.588501 -109.508293 430.459473
v -274.682983 -119.148018 433.868774
v -217.207977 -79.084297 322.268036
v -221.773682 -82.750229 327.470642
v -222.796890 -76.531815 334.482300
v -236.530899 -82.565506 352.766205
v -238.242020 -85.308167 356.815460
v -239.762314 -84.670235 360.237549
v -243.128265 -84.767342 364.967072
v -244.960770 -84.849983 369.505585
v -246.778076 -87.292580 372.067535
v -247.059326 -89.135986 375.021912
v -225.241501 -77.917793 331.392487
v -227.962875 -81.755257 333.434540
v -233.100708 -82.676773 340.371002
v -236.125168 -84.207626 345.628662
v -237.897842 -85.358200 350.405396
v -237.386322 -86.960670 351.515991
v -136.183502 -120.505112 414.245575
v -135.327133 -119.041832 419.878906
v -138.369507 -121.329552 426.401428
v -140.988647 -128.330475 428.940033
v -135.024643 -114.890991 393.710480
v -134.571777 -115.436340 397.960632
v -137.392151 -111.244270 405.801605
v -138.422653 -113.377197 412.416199
v -135.869385 -114.102310 416.385864
v -140.842819 -115.415932 428.961182
v -143.693481 -119.264481 432.659393
v -148.773956 -121.244423 437.335358
v -140.028854 -117.461586 394.489777
v -141.709396 -111.210976 397.126068
v -139.772202 -109.520630 404.308838
v -153.852249 -116.059235 442.168213
v -161.549500 -120.990036 447.564240
v -165.525482 -124.278694 451.659302
v -149.772491 -113.940025 394.335114
v -148.986862 -112.577995 399.660858
v -147.216080 -110.189552 406.411163
v -170.438736 -123.313446 451.883728
v -171.660126 -120.317612 455.209076
v -156.350830 -114.618622 394.360352
v -152.697296 -115.922707 399.365540
v -158.811340 -116.253380 410.016479
v -163.485077 -114.518753 414.207733
v -176.245361 -121.096367 454.517639
v -181.156250 -117.515938 459.841278
v -188.837387 -123.364632 465.363708
v -192.804352 -125.852524 469.662415
v -168.247665 -122.175110 412.089203
v -164.799545 -115.526123 415.813477
v -195.282379 -127.436432 468.937134
v -198.770721 -127.777718 470.189911
v -176.189804 -126.724014 413.193237
v -173.407181 -119.966057 416.822479
v -207.620026 -127.124908 471.775543
v -182.909348 -129.234238 414.282318
v -180.404877 -123.697975 418.394928
v -215.041580 -128.135986 471.860626
v -192.106415 -131.170181 415.007233
v -188.440231 -125.315247 419.487335
v -222.802551 -128.721725 472.478485
v -202.577179 -133.210434 416.362976
v -198.203537 -126.790649 421.735443
v -232.171722 -129.955109 473.196747
v -213.463684 -134.755951 417.109467
v -212.808029 -128.869263 423.121643
v -220.782043 -127.141632 423.805939
v -241.187424 -131.310287 473.683197
v -223.960648 -134.791061 417.209900
v -221.839905 -131.130188 422.500977
v -219.748047 -126.872299 426.787109
v -249.677856 -132.735992 474.023254
v -183.835678 -99.440742 321.962250
v -184.659454 -99.882103 326.714325
v -188.516922 -103.539360 332.798065
v -193.891037 -108.108635 340.582001
v -198.610580 -112.897812 345.801178
v -232.403152 -133.152390 416.910919
v -229.470810 -126.589661 420.675201
v -226.118698 -126.043106 424.540894
v -257.143707 -134.114380 473.652374
v -187.476685 -97.553200 320.801605
v -189.341217 -98.764824 326.180115
v -194.388580 -100.529411 331.530731
v -197.677750 -104.209427 339.218811
v -203.095001 -110.934517 347.431335
v -206.033005 -114.780350 351.346252
v -236.211502 -130.487350 409.134949
v -235.738312 -127.181549 413.412079
v -232.760696 -124.979958 417.014313
v -263.755432 -135.079529 472.277222
v -190.454498 -93.877792 319.797119
v -192.066971 -95.631645 323.942444
v -195.468307 -97.962639 329.405182
v -199.484421 -100.414001 335.911224
v -204.793808 -105.299866 343.754517
v -209.392853 -110.371674 351.797485
v -213.585983 -115.439987 356.387299
v -236.640823 -126.132957 398.911774
v -237.565247 -123.038994 404.532776
v -235.231735 -121.625259 408.229858
v -265.018677 -132.951492 457.665070
v -267.154480 -131.152054 463.577881
v -267.315857 -133.642456 469.868805
v -193.873932 -91.405602 318.162659
v -210.849792 -102.551445 348.467285
v -216.287979 -109.027336 355.701172
v -221.294037 -112.349236 361.026031
v -225.207565 -116.948151 367.464233
v -229.165833 -119.693291 374.869659
v -232.925079 -121.563286 381.846588
v -236.548950 -122.185646 388.337433
v -239.813782 -118.887505 395.604218
v -235.257935 -116.754158 397.361877
v -268.814941 -128.720505 449.175018
v -270.611023 -130.711182 458.180786
v -265.658936 -125.636246 460.377625
v -199.060684 -89.012054 317.632172
v -220.867355 -100.480446 357.633698
v -224.403885 -104.373459 362.442413
v -228.045654 -106.383728 368.402222
v -231.767319 -108.167992 374.938049
v -235.191833 -109.329674 381.427582
v -235.597900 -110.691498 386.241211
v -270.367432 -125.409920 439.143036
v -272.836212 -128.430176 448.321625
v -268.456390 -120.333908 452.257324
v -204.993286 -87.308075 317.635040
v -267.044250 -126.417747 421.338623
v -269.548828 -120.675499 428.036530
v -273.588043 -124.718506 439.047089
v -272.118530 -117.922195 444.017609
v -210.872025 -85.611526 318.984680
v -214.061218 -88.676598 321.929047
v -247.959534 -95.751076 381.583252
v -251.661453 -100.296600 385.411377
v -254.462875 -103.667206 391.990814
v -258.501434 -106.910248 399.330627
v -262.404816 -110.099396 406.362061
v -266.669342 -112.352615 414.383148
v -270.541626 -118.326729 422.703186
v -274.163025 -116.358589 432.311707
v -275.202942 -120.656754 435.362091
v -216.021622 -83.875839 321.554779
v -219.499115 -86.598862 325.461823
v -223.332840 -89.514488 330.376190
v -226.717133 -91.624008 336.431488
v -229.650742 -93.509163 341.760742
v -232.308533 -94.633095 346.805847
v -236.634888 -93.587692 354.007599
v -238.134537 -92.803436 357.794678
v -242.022156 -93.536537 363.243469
v -245.733215 -94.233025 368.512604
v -248.165329 -95.278069 372.643585
v -249.761169 -97.004776 377.434967
v -249.639954 -103.692604 381.216370
v -224.679398 -84.556427 328.814850
v -228.292511 -86.635590 334.232513
v -231.949402 -88.072395 340.317291
v -234.926880 -89.434799 345.305908
v -237.597000 -90.126404 349.665497
v -236.155670 -88.227806 352.740356
v -136.039490 -126.528908 414.460846
v -135.895828 -124.141129 418.192688
v -138.503967 -127.961296 424.405731
v -141.773941 -132.864273 425.628479
v -132.814957 -117.695831 394.086639
v -133.492630 -118.394913 397.537628
v -137.223297 -117.812431 404.001648
v -140.291031 -119.682396 412.593567
v -142.664825 -124.069115 417.333038
v -144.697586 -126.419571 423.730408
v -146.893478 -125.618256 431.324646
v -149.907822 -126.019852 433.428894
v -138.387161 -115.383484 392.579285
v -140.505493 -116.691200 397.109680
v -143.107773 -119.659180 403.249817
v -146.810822 -120.932335 409.832306
v -149.667587 -123.312492 416.781036
v -151.561707 -124.618713 424.111359
v -155.439270 -126.181458 430.814362
v -156.827332 -123.602158 438.816528
v -160.824768 -127.869514 443.126740
v -146.892014 -120.144241 388.372314
v -145.841507 -115.450043 391.922821
v -141.261246 -115.342865 395.364807
v -163.199982 -125.022034 435.244781
v -165.212173 -127.365028 440.921570
v -166.863281 -125.114281 447.838776
v -152.770813 -121.127899 388.150940
v -150.683411 -117.271278 392.972504
v -156.971603 -121.916039 400.939667
v -160.834167 -121.864059 405.190796
v -170.275024 -128.210159 436.552856
v -172.930801 -125.734413 443.785309
v -176.831833 -124.362564 451.301575
v -184.542160 -127.505409 459.918427
v -188.271515 -131.267578 463.955902
v -165.188156 -128.509964 402.507385
v -162.186432 -123.125099 406.797913
v -185.382523 -130.736069 454.834991
v -189.714630 -133.485687 459.649017
v -194.287643 -132.016464 466.627075
v -200.609299 -138.462265 470.898682
v -172.146667 -132.444000 403.121124
v -169.833969 -127.424919 407.689911
v -207.469681 -136.257416 472.502319
v -179.204147 -135.613556 402.816681
v -176.544449 -131.167053 408.322998
v -214.750107 -136.357544 472.500824
v -187.548096 -138.151901 402.796051
v -184.053101 -133.431870 408.436096
v -223.154663 -136.867355 472.826538
v -197.533112 -140.493591 403.662781
v -193.740723 -135.669617 408.798798
v -232.088608 -137.568558 473.281250
v -175.485382 -117.483040 330.234528
v -175.622711 -118.767204 332.588318
v -208.357117 -142.440231 405.635132
v -204.633926 -137.857498 409.984222
v -240.973953 -138.591156 473.522827
v -182.588486 -114.831383 330.970184
v -177.314011 -116.955917 331.654327
v -219.309097 -143.544769 408.207611
v -215.555786 -139.090179 411.630920
v -249.569702 -139.551346 473.562347
v -182.423752 -102.709908 322.092651
v -184.988007 -106.062813 327.265717
v -189.410675 -110.679092 334.050293
v -193.611465 -115.463074 341.762299
v -198.019684 -120.182762 347.412933
v -228.969147 -142.801590 410.479462
v -225.670639 -138.714554 413.528503
v -256.955719 -140.628983 473.288483
v -184.292038 -100.562851 320.806335
v -187.505661 -103.477501 323.940887
v -202.055252 -118.004234 349.859833
v -206.094421 -122.770844 353.987823
v -231.364395 -138.933075 399.477692
v -232.060242 -139.292511 404.427460
v -233.843216 -138.480530 409.683258
v -233.197174 -136.860153 413.069824
v -263.401733 -142.824982 472.325775
v -187.274673 -98.353203 319.810669
v -187.924332 -101.085754 323.050537
v -209.860199 -119.434158 355.590973
v -214.266449 -124.487312 359.714722
v -235.254044 -136.717361 398.258514
v -235.454605 -133.518463 402.194458
v -234.839066 -133.152039 405.894714
v -262.313751 -140.069672 448.307220
v -262.042603 -137.077423 456.757690
v -266.188446 -138.757309 465.823517
v -266.627106 -142.493561 469.617706
v -193.342575 -97.452606 318.455566
v -217.917099 -119.870316 360.231537
v -222.714890 -124.013206 365.621338
v -227.123306 -127.017242 373.272247
v -230.676804 -129.133011 380.499176
v -234.150284 -130.981552 387.467163
v -238.386490 -132.740265 395.297241
v -236.405167 -130.819061 397.290039
v -266.076294 -137.540634 439.497925
v -264.112244 -137.571793 448.608154
v -264.926910 -132.876373 453.529419
v -197.644913 -94.351753 317.961243
v -200.796555 -96.860130 320.192474
v -265.327606 -135.618896 429.571259
v -265.445526 -133.832443 437.624817
v -267.233032 -129.076599 444.336304
v -202.885559 -91.525352 317.860077
v -206.077499 -94.557549 320.235168
v -265.523590 -127.000427 422.297119
v -268.481537 -129.767487 428.777740
v -268.196747 -126.533455 434.484100
v -208.135529 -89.531097 318.381439
v -211.880432 -92.865005 322.012360
v -215.923187 -96.960922 327.121002
v -219.896255 -100.946411 333.311554
v -247.869843 -116.712364 381.195740
v -251.269745 -111.197006 385.459869
v -253.330338 -113.671936 392.039520
v -257.356445 -117.066200 399.227142
v -261.883331 -119.840469 406.710236
v -266.326233 -122.688919 413.676544
v -265.239258 -125.907127 418.068451
v -217.710754 -91.030243 325.438019
v -221.507446 -94.634529 331.270874
v -224.984390 -97.745224 336.866669
v -228.275070 -100.467476 342.091492
v -230.764725 -101.749702 347.369659
v -233.606934 -102.352005 352.236481
v -237.222778 -103.330414 357.501373
v -241.356247 -104.096375 363.373138
v -245.131104 -104.642853 368.827881
v -248.364090 -105.376564 373.505981
v -251.453903 -109.166618 379.918610
v -250.418350 -108.444420 382.846313
v -139.897629 -121.223137 392.266388
v -142.872772 -121.299873 395.974854
v -148.530380 -123.520996 402.691711
v -148.854095 -126.079796 408.754333
v -153.876663 -128.985641 417.257751
v -154.383865 -128.003342 422.700714
v -156.420792 -133.023422 424.483490
v -146.102463 -123.553978 387.371582
v -144.945999 -120.345032 390.011566
v -147.981918 -123.679703 395.302399
v -151.142029 -127.749596 398.175720
v -159.415024 -130.996017 417.531281
v -159.440445 -131.663742 422.128052
v -160.803696 -128.492538 428.653442
v -151.319901 -124.319717 388.377441
v -153.707886 -126.855080 393.485748
v -159.525223 -127.798996 395.533142
v -164.774475 -133.564774 418.387085
v -165.884338 -131.948074 423.430176
v -170.265656 -131.026764 432.736176
v -175.506012 -133.738571 440.636688
v -179.050003 -134.492584 447.813202
v -159.527344 -131.374542 387.891907
v -158.908569 -130.056534 392.431030
v -159.035309 -128.424042 397.292786
v -185.926697 -138.357178 445.288055
v -186.907333 -134.621399 451.415497
v -193.110229 -138.117249 460.768860
v -196.329239 -141.856628 465.439087
v -203.141068 -154.321152 470.114838
v -166.009369 -134.176575 387.657959
v -165.998093 -133.544601 392.786194
v -165.832291 -132.092148 397.789062
v -194.641251 -141.056442 446.559204
v -197.134399 -140.481934 453.647369
v -200.066788 -142.864838 459.942322
v -202.621826 -145.761139 465.331512
v -205.180939 -144.856491 470.431000
v -173.455994 -136.811050 387.484497
v -172.842010 -136.554077 392.347595
v -172.592331 -135.474869 397.724945
v -202.903076 -143.480621 447.072327
v -205.438446 -142.406281 453.904327
v -208.840988 -144.015549 460.730530
v -211.437103 -145.061234 467.144775
v -213.417953 -143.456635 471.901337
v -181.890579 -139.632797 387.805847
v -180.835510 -139.215942 392.300385
v -180.069977 -138.278580 397.348053
v -209.660385 -142.893600 435.066193
v -206.553085 -142.208389 442.953278
v -213.661087 -143.201126 454.386566
v -217.011475 -144.428818 461.296997
v -220.026825 -144.609879 467.739807
v -221.870956 -143.390823 472.060638
v -191.592926 -142.252441 389.364349
v -190.463303 -141.693985 393.391998
v -189.227676 -140.787186 397.775024
v -215.408249 -143.486099 439.335175
v -218.450012 -142.338608 446.633362
v -222.182343 -144.872955 454.450653
v -225.277573 -145.004074 461.502655
v -228.195526 -144.740799 467.902496
v -230.102951 -143.646408 471.961212
v -174.040573 -122.818886 330.612854
v -175.578186 -124.155479 332.206818
v -201.474823 -144.956802 391.557465
v -200.417892 -144.475952 395.426636
v -199.268295 -143.115143 399.323273
v -224.614761 -144.766113 440.035400
v -227.228775 -144.074280 447.150238
v -230.444153 -145.470123 454.919525
v -233.672516 -145.143997 461.727234
v -236.699707 -145.166992 467.886719
v -238.875320 -144.197540 472.171326
v -176.080475 -119.193863 330.263031
v -177.434296 -122.532349 332.418427
v -210.965317 -146.605331 393.849457
v -210.561340 -146.208374 397.772858
v -209.849503 -145.108414 401.781525
v -233.683685 -145.621048 440.691071
v -235.362534 -144.779160 447.150208
v -239.200745 -144.550247 454.995941
v -241.922699 -145.072220 462.104187
v -245.354584 -145.811935 468.147949
v -247.368683 -144.843536 472.069244
v -181.874710 -106.156136 323.900085
v -183.664688 -112.271362 328.524902
v -188.385361 -116.613876 334.833649
v -192.234589 -121.455193 341.843536
v -195.895782 -125.533958 346.905243
v -219.889114 -146.398895 396.413513
v -219.970917 -146.116241 400.684357
v -220.012604 -145.652390 404.581177
v -241.695312 -146.207733 439.397644
v -242.599533 -146.047379 446.215118
v -246.127502 -143.942383 454.318176
v -249.231735 -144.784058 461.547974
v -252.974411 -146.086319 467.669678
v -254.832306 -145.625504 471.568756
v -184.181763 -105.677681 322.952423
v -187.790619 -109.735840 326.478821
v -201.108337 -125.152061 350.402405
v -204.339722 -129.007812 354.133972
v -227.160065 -144.929932 391.546722
v -226.089142 -144.382217 398.094788
v -227.169754 -144.052673 403.335480
v -229.250397 -144.498535 405.303009
v -249.995422 -145.908661 447.214386
v -252.288162 -143.210678 452.921448
v -256.280060 -143.753265 460.475159
v -259.178955 -146.324158 466.483673
v -260.919800 -147.723495 470.365723
v -188.138931 -101.616325 321.096802
v -188.111023 -105.871277 324.409668
v -193.847916 -110.049347 328.756500
v -209.275101 -126.911499 357.059540
v -215.191284 -132.259689 363.120819
v -219.386169 -135.198364 370.004150
v -223.512543 -137.654953 377.882996
v -227.126251 -140.388367 384.956329
v -230.160370 -142.486511 391.677551
v -229.198715 -139.965881 395.642609
v -255.746857 -144.569183 444.583740
v -258.487183 -140.728256 450.706726
v -261.825562 -142.081696 460.963165
v -264.160217 -147.062912 466.272369
v -267.303589 -153.708878 468.485809
v -191.977829 -102.689003 319.831360
v -194.752228 -105.014816 323.734863
v -197.323959 -107.491989 328.464905
v -201.370087 -111.280510 333.359253
v -218.694092 -125.649902 362.274200
v -222.170197 -130.933014 368.472534
v -226.506271 -133.855453 376.455475
v -230.044327 -135.903915 383.810242
v -233.082306 -137.864059 390.042145
v -235.507095 -139.933853 394.305084
v -257.268890 -145.014954 424.701447
v -256.227600 -140.352036 429.626404
v -260.585754 -140.917160 439.811249
v -262.188202 -139.893265 444.629791
v -196.297119 -100.106880 319.423004
v -198.902191 -102.621994 323.038696
v -203.114944 -106.470261 327.726196
v -203.861343 -106.777710 333.333893
v -257.996918 -138.976715 424.016388
v -262.416779 -136.085373 428.779358
v -263.477509 -137.762543 434.816467
v -203.975189 -99.810303 322.624634
v -208.263687 -103.863075 326.657593
v -213.046051 -107.573372 332.935059
v -217.310532 -111.965851 339.245819
v -259.521271 -138.913925 408.155151
v -260.226624 -134.326416 412.770569
v -265.094177 -136.869217 420.659119
v -263.499268 -135.552231 424.970795
v -210.015503 -97.858551 323.140778
v -214.083618 -101.893028 329.017273
v -218.159042 -105.996605 335.177429
v -222.499298 -110.547005 340.791779
v -225.929169 -114.571739 347.013428
v -228.455276 -117.427292 352.382599
v -247.990341 -119.393600 382.894806
v -249.481430 -120.955841 387.712646
v -252.660782 -123.492249 393.788147
v -257.646790 -126.749542 401.146332
v -261.815582 -129.929581 407.596191
v -265.200684 -130.257614 414.896088
v -265.493011 -133.555603 416.217743
v -223.769669 -104.605301 337.438019
v -227.261139 -107.734398 343.151764
v -229.793671 -109.768272 348.890381
v -233.071411 -112.068222 353.718842
v -237.238449 -113.891464 358.904572
v -241.250015 -114.501274 364.740326
v -245.089569 -114.863518 370.390991
v -248.418289 -115.967171 375.241364
v -248.417862 -117.287971 378.785217
v -148.898178 -132.930313 403.447815
v -150.912445 -131.445557 407.797089
v -153.479202 -136.953766 410.092407
v -145.706299 -126.809616 384.819519
v -149.862534 -128.034729 388.598358
v -150.131897 -129.238327 394.915466
v -152.587311 -130.915192 402.061493
v -157.988968 -136.853271 408.508179
v -157.666611 -133.549438 412.766113
v -151.836853 -128.757019 385.506653
v -152.215805 -133.073013 384.578613
v -162.124023 -138.231171 409.829956
v -165.414902 -135.803864 415.541321
v -166.854218 -138.493729 421.896881
v -171.366623 -141.184555 428.836853
v -175.286362 -141.463593 433.687683
v -156.247070 -132.752609 384.179382
v -180.121063 -145.144974 431.859955
v -181.645050 -141.634842 437.860657
v -164.378555 -138.582245 376.980774
v -162.381836 -134.314270 383.465271
v -188.375717 -146.481903 433.355591
v -190.377182 -143.699249 439.181122
v -170.081802 -138.722137 378.142059
v -167.052872 -136.334381 382.711975
v -196.279587 -147.916443 434.813812
v -198.150589 -144.997787 439.864563
v -176.408936 -139.399597 371.171387
v -174.932785 -138.738144 377.300079
v -174.336533 -138.297836 382.733063
v -204.528091 -147.552628 424.298279
v -200.038742 -149.679886 432.563965
v -202.198792 -144.202728 437.821991
v -183.006973 -138.532623 373.077820
v -183.846451 -138.797333 376.586945
v -182.616562 -140.281006 383.426758
v -209.426208 -148.226364 427.991486
v -210.972214 -145.905762 432.816437
v -195.357498 -143.242096 375.290649
v -193.484451 -141.890717 380.146545
v -192.309189 -142.605377 385.207947
v -216.995041 -147.602051 426.542603
v -218.227478 -148.912033 432.324646
v -202.643250 -145.344879 378.938782
v -202.889587 -145.694839 383.586273
v -202.319122 -145.635941 387.784943
v -231.969116 -149.782990 425.351685
v -227.472565 -149.058838 433.379272
v -184.539215 -116.534737 329.864136
v -187.494583 -120.506874 334.592896
v -190.546951 -124.764229 340.942688
v -192.649994 -128.853302 343.820526
v -205.834869 -142.712418 368.083740
v -205.665039 -141.851547 373.147308
v -209.009857 -144.447113 380.529266
v -211.170959 -146.874435 386.003754
v -211.458496 -147.077515 390.072968
v -236.295792 -149.887848 428.133636
v -236.479263 -152.217239 435.861359
v -244.948517 -150.182312 437.335907
v -187.517868 -115.741898 329.188324
v -189.259720 -123.248474 334.684753
v -192.598495 -126.726784 341.084229
v -195.843796 -131.435379 348.249390
v -202.345108 -134.848450 355.601471
v -205.485474 -138.051422 361.504761
v -209.741852 -141.070862 369.113495
v -212.187042 -141.613144 375.372009
v -215.725266 -143.971222 381.909302
v -219.260406 -146.041885 389.026398
v -220.109924 -148.077988 390.723206
v -245.136353 -151.534607 436.431732
v -246.444733 -149.124039 441.098328
v -190.633545 -113.261711 328.506287
v -193.598022 -117.395447 332.533417
v -197.228470 -121.274948 337.196075
v -208.257584 -130.612610 356.705963
v -209.906921 -134.917709 362.299835
v -213.971878 -137.422455 369.482269
v -218.147095 -140.404831 376.794617
v -221.758926 -142.809143 383.193512
v -224.455185 -145.822815 386.007050
v -253.048630 -151.432800 425.953369
v -249.608887 -149.474564 432.642944
v -251.142929 -147.417938 439.435211
v -196.574921 -113.744759 332.614227
v -201.347412 -118.721733 337.879822
v -206.266571 -122.912292 342.921906
v -252.390045 -145.587189 426.593628
v -255.895599 -145.722794 433.577515
v -258.119171 -148.113937 436.508942
v -204.653427 -107.468872 331.616272
v -206.282425 -115.511734 335.650696
v -211.639420 -121.089920 342.460571
v -252.001862 -145.150604 407.110901
v -250.582169 -139.959442 410.955444
v -254.056122 -142.186249 416.141052
v -255.864838 -143.292328 421.012573
v -207.606842 -109.577812 330.293610
v -212.037033 -113.817131 336.870575
v -216.674408 -118.451103 343.036926
v -221.122238 -123.833595 348.635712
v -254.258743 -141.973251 399.810333
v -253.948990 -137.940460 404.758026
v -255.766357 -136.875626 409.460052
v -258.730133 -139.237335 416.611542
v -260.601318 -142.867172 418.907898
v -221.458817 -116.226830 344.685638
v -225.211731 -120.622833 350.562164
v -228.556000 -124.301765 355.764832
v -232.766235 -126.823975 361.656891
v -236.898544 -127.953735 367.534821
v -240.845810 -128.413834 373.263550
v -244.514053 -128.874283 379.303436
v -248.885468 -128.024933 384.568848
v -250.261902 -130.320633 391.187347
v -255.977356 -133.203781 398.546204
v -258.181091 -134.233582 404.836639
v -258.410400 -138.685730 405.548859
v -233.159012 -119.663727 356.942657
v -237.630142 -121.628471 362.526794
v -241.634018 -122.227440 368.159698
v -245.468552 -122.477936 373.736450
v -248.326614 -123.288612 378.611725
v -248.969635 -125.506592 380.604797
v -149.572388 -138.242279 388.735016
v -152.184570 -135.317184 394.339050
v -155.218491 -137.447418 400.072357
v -157.446686 -143.756790 402.251556
v -148.301636 -141.699295 364.365967
v -147.896713 -139.104782 368.750244
v -150.415756 -138.440781 374.588837
v -152.878601 -135.872360 381.476807
v -153.482025 -136.106598 386.943359
v -155.929932 -140.116562 393.120087
v -158.426437 -141.934845 398.883728
v -162.148148 -142.265671 406.341553
v -165.158569 -145.701859 411.830597
v -168.323608 -145.117249 419.949371
v -170.494003 -147.113327 421.680450
v -152.061462 -137.861282 363.919769
v -151.866959 -137.626205 369.166412
v -153.790573 -137.880432 374.861633
v -153.872253 -135.117935 380.453125
v -169.005127 -147.976715 413.281189
v -172.316742 -148.734253 417.751465
v -176.393723 -147.086899 425.925751
v -158.124008 -137.804550 362.620789
v -157.578140 -137.888916 368.446320
v -159.431458 -138.217194 376.330444
v -157.308563 -136.380478 378.237732
v -177.985138 -150.620499 421.354340
v -181.497803 -149.461914 424.825012
v -164.165115 -138.373978 361.792023
v -164.429596 -138.545731 367.548737
v -163.994202 -138.636673 372.990845
v -193.791046 -151.679367 430.129791
v -169.957443 -139.768433 361.574860
v -168.578018 -139.193390 367.751953
v -168.938950 -138.418320 371.707428
v -201.634964 -151.640701 426.179749
v -198.599991 -151.569733 429.218262
v -177.991531 -140.142975 364.033447
v -176.319839 -140.697891 365.917938
v -185.180359 -141.554474 373.830841
v -207.496933 -151.695206 424.101685
v -186.827499 -140.542526 362.829559
v -184.224213 -139.693649 368.407074
v -183.407791 -140.694717 371.935730
v -215.804871 -152.222260 414.705078
v -212.269547 -154.075699 423.880035
v -220.790695 -151.971359 424.632355
v -193.188019 -140.566544 365.253693
v -193.075241 -141.678802 370.474213
v -220.255676 -152.422348 418.339447
v -223.635254 -152.108582 425.711304
v -224.786560 -152.571762 426.919434
v -199.588318 -143.614380 358.860901
v -198.728271 -141.888504 363.875580
v -199.634872 -141.847336 368.770844
v -201.011627 -143.986832 371.514679
v -229.241699 -153.092712 418.494629
v -230.800766 -155.471069 425.314423
v -239.319107 -153.962433 427.111420
v -190.177078 -127.157394 334.744843
v -193.134781 -129.106216 341.247559
v -196.556641 -133.994354 347.723633
v -199.056000 -137.345428 354.184387
v -201.062714 -142.839142 360.365814
v -202.586639 -141.890900 362.842560
v -239.980789 -155.137146 426.827881
v -242.070953 -153.444855 431.657257
v -192.289902 -124.140800 335.874237
v -196.244461 -128.933670 341.795654
v -200.050720 -136.520172 348.001373
v -201.839630 -138.843353 354.177124
v -206.127716 -141.367599 355.593262
v -242.005707 -151.703400 410.926758
v -241.027390 -150.455536 416.371216
v -244.872528 -155.384003 424.329285
v -248.773270 -153.118362 428.594604
v -200.590607 -126.447800 342.392487
v -205.161591 -130.802078 347.021423
v -209.600800 -134.148270 351.987762
v -245.122772 -151.227661 413.595551
v -248.678955 -149.749542 419.205658
v -250.435822 -150.096970 423.667542
v -210.074265 -127.487549 347.286804
v -215.287674 -132.727478 352.103882
v -242.458817 -146.330200 389.475464
v -239.783951 -142.277893 392.989624
v -243.082687 -143.760300 398.842377
v -248.966248 -144.951172 406.381500
v -250.059921 -147.825638 412.824097
v -254.054016 -149.007843 420.011169
v -256.167877 -153.501480 421.304199
v -215.537903 -125.328278 347.118896
v -220.303146 -130.296158 352.970428
v -223.922516 -133.433044 358.505951
v -227.808838 -135.286697 364.202820
v -232.180222 -137.089447 370.145081
v -236.448120 -138.327805 376.414337
v -240.240829 -139.212708 382.720612
v -243.715607 -141.510727 389.070709
v -245.869919 -140.532867 394.711609
v -251.154755 -141.094742 400.963470
v -251.322998 -144.782150 404.487335
v -224.986633 -127.425179 354.229309
v -228.909424 -130.406097 360.334991
v -232.873642 -132.105927 366.270538
v -237.063141 -133.368027 372.549225
v -240.986282 -133.931107 378.768005
v -244.315399 -134.555511 384.699280
v -247.726959 -135.866837 389.566406
v -251.410599 -138.259048 394.121063
v -253.118515 -142.250748 396.659821
v -147.091324 -147.106018 363.861206
v -147.027710 -141.065659 367.048828
v -149.468063 -140.544525 372.395477
v -152.229401 -143.402527 377.124847
v -153.307465 -145.207382 384.365662
v -155.814270 -147.121185 389.894257
v -158.936661 -149.950684 396.499634
v -161.500443 -149.229721 402.914093
v -162.546082 -150.460938 404.513794
v -148.508652 -140.201111 362.604431
v -151.780823 -141.377563 365.186462
v -154.542618 -142.903671 369.526947
v -154.956192 -148.096954 372.165680
v -161.437759 -152.039871 396.217865
v -165.640366 -152.644852 402.114410
v -168.823929 -150.453766 409.776703
v -171.354630 -152.643021 412.540436
v -154.862854 -141.227570 359.879974
v -156.914719 -143.262299 363.124573
v -159.061005 -144.542526 365.064606
v -171.279968 -153.308517 403.479645
v -174.672241 -154.260834 409.714752
v -177.870270 -155.193573 417.243652
v -182.773270 -154.735672 421.465790
v -159.792374 -139.362213 357.834808
v -163.365494 -140.076141 357.279053
v -187.263321 -155.719772 410.065643
v -184.030991 -153.674454 416.663574
v -190.827942 -155.327942 425.889191
v -164.776077 -139.014481 357.373138
v -167.282455 -140.609177 357.443756
v -193.759232 -153.943268 414.658752
v -193.335617 -153.057434 420.295563
v -196.102600 -155.571213 424.464203
v -171.687241 -140.448044 359.134735
v -173.938538 -140.925873 358.687469
v -199.351471 -153.153870 402.480377
v -197.445831 -152.495682 410.601105
v -203.413086 -153.795807 419.709320
v -182.050339 -143.745422 353.953064
v -179.787781 -140.606171 358.382843
v -177.531311 -140.901611 359.883636
v -205.686554 -152.789612 406.893188
v -207.692734 -152.952301 413.853241
v -209.716675 -153.775314 417.398773
v -187.913086 -144.891754 356.744537
v -183.206940 -140.828690 357.210144
v -213.186279 -154.050522 407.485962
v -215.350037 -153.089951 412.447571
v -193.441559 -143.981644 355.397705
v -193.256516 -143.789597 357.981659
v -191.843689 -141.422943 359.277679
v -220.615585 -155.100891 406.845337
v -223.468536 -157.442261 413.842987
v -231.161560 -155.967163 416.633820
v -197.338516 -142.677017 355.430145
v -232.222244 -156.247696 406.343201
v -230.392548 -156.949387 412.934784
v -234.511215 -156.709229 420.782562
v -203.256165 -140.692825 348.913391
v -203.069336 -143.427124 353.677002
v -202.080704 -142.650681 355.849487
v -236.237518 -154.039734 402.030518
v -236.666092 -157.038559 409.490692
v -239.224869 -154.802933 417.357300
v -242.815353 -156.676514 419.566376
v -203.748642 -137.675079 350.107117
v -207.541672 -140.019440 354.185730
v -211.772217 -141.208847 358.137207
v -215.927185 -143.413940 362.658264
v -240.870575 -154.679520 397.928131
v -238.792450 -154.060013 403.388184
v -240.638046 -151.892822 408.319366
v -213.572968 -137.561600 355.702515
v -218.027832 -140.161636 359.699371
v -222.603149 -142.497757 364.736053
v -226.720932 -144.564148 369.810486
v -230.171524 -145.466019 375.587524
v -233.584412 -146.576172 381.729492
v -237.128021 -148.515045 388.185577
v -239.047073 -147.769012 393.351379
v -242.553329 -151.104935 400.092987
v -245.430756 -150.592682 406.272247
v -247.761887 -154.676056 408.969269
v -219.703522 -136.115829 356.465790
v -224.157074 -138.447586 361.442841
v -228.207779 -140.466934 367.274323
v -232.106934 -142.020325 373.161804
v -235.695816 -142.814270 379.012726
v -239.068298 -144.102692 384.719055
v -241.162811 -146.500870 386.620483
v -151.230133 -153.424576 376.834076
v -152.857590 -151.888443 380.793762
v -154.709396 -153.536621 386.234070
v -155.685471 -156.425568 388.499298
v -155.296722 -149.076447 368.946075
v -153.687943 -148.309921 373.421967
v -156.332703 -151.709137 378.434662
v -158.477280 -154.729080 384.763916
v -161.786865 -153.438675 393.911438
v -164.292297 -155.152863 394.525970
v -158.956009 -147.134857 358.696350
v -158.386169 -146.142349 360.233795
v -155.605469 -145.635330 364.419983
v -159.812027 -147.555115 370.379486
v -162.029205 -150.427872 377.175354
v -164.243576 -153.072372 383.845123
v -167.272339 -155.153992 391.036835
v -170.693970 -153.166000 400.668945
v -176.179337 -158.025986 408.316956
v -179.346390 -159.083252 410.945129
v -158.703186 -143.550842 357.002594
v -160.696793 -143.991180 358.668121
v -162.968552 -144.705292 362.711243
v -165.309937 -146.476898 369.301086
v -167.473129 -149.391724 375.858673
v -170.471939 -151.128067 383.012909
v -174.222672 -153.234924 391.059631
v -178.645874 -155.902710 400.272064
v -181.160446 -154.622559 408.430115
v -181.710724 -158.551941 413.259369
v -167.932327 -142.767517 355.722717
v -163.493469 -141.785645 356.413361
v -168.221115 -143.132721 361.352295
v -170.722061 -145.857040 368.195435
v -173.436478 -148.207199 375.077820
v -177.171722 -150.006775 382.659576
v -182.124985 -152.062775 391.633636
v -185.773819 -154.990295 400.418335
v -189.712677 -155.952911 408.226837
v -169.464432 -141.389511 355.643707
v -171.411957 -142.167114 357.035492
v -174.260437 -143.255890 361.423248
v -177.144424 -145.602066 368.323120
v -180.567017 -147.754517 375.333984
v -184.677231 -149.766251 383.183807
v -189.053329 -151.859283 391.850281
v -192.767578 -153.052307 401.752594
v -194.699051 -155.100525 406.197845
v -179.711960 -146.001633 352.780487
v -178.667404 -142.748550 354.815216
v -175.856033 -141.818054 357.291168
v -180.833313 -143.906509 362.217529
v -184.282303 -146.299835 369.086884
v -188.100342 -148.308945 376.373077
v -192.622711 -150.103561 384.303558
v -197.078873 -152.492371 392.633636
v -201.147797 -153.580566 400.261932
v -180.938354 -142.915482 353.389435
v -181.991791 -143.264603 354.720184
v -185.076035 -143.127670 358.819000
v -189.290390 -144.846542 364.692139
v -193.209976 -147.669861 371.379150
v -196.907440 -149.650803 378.400543
v -201.175354 -151.538651 386.051208
v -205.472946 -153.893402 394.128235
v -208.718246 -154.711288 401.269928
v -194.389267 -149.236313 352.559204
v -191.740448 -144.309723 354.860840
v -189.853088 -143.943161 357.265625
v -194.458282 -145.407043 362.369568
v -199.447449 -147.599411 368.454956
v -203.352631 -149.480804 374.463074
v -206.821640 -151.367218 381.055054
v -210.156799 -153.065582 388.134979
v -213.845520 -155.278656 396.051300
v -216.975006 -157.003708 403.845093
v -224.381454 -159.129135 406.102600
v -194.592529 -145.910339 353.265442
v -197.114258 -145.369232 356.252441
v -200.709808 -145.778595 361.347137
v -205.317322 -147.911987 367.057739
v -209.410904 -149.928406 373.008118
v -212.841080 -151.424271 378.517517
v -216.017380 -153.000031 384.518677
v -218.999252 -154.163986 391.460846
v -221.708633 -156.372955 398.291748
v -225.156021 -158.986450 405.400574
v -227.562286 -158.350174 408.277496
v -205.693909 -147.047958 353.032806
v -201.126755 -146.165588 355.450348
v -205.877121 -146.425995 359.984772
v -210.148270 -148.108582 365.376648
v -214.373611 -149.731354 371.207672
v -218.321945 -151.227982 377.094604
v -221.336304 -152.467606 382.177582
v -224.245224 -153.819733 387.994751
v -227.230484 -155.351578 394.525909
v -230.374802 -157.844894 400.990631
v -230.872726 -156.067017 403.120117
v -206.407211 -144.667923 354.380554
v -209.833939 -145.348007 358.824585
v -214.241699 -147.304276 363.585266
v -218.206085 -149.339615 368.351013
v -221.959579 -150.593903 374.165039
v -225.826660 -151.829193 379.967010
v -229.251572 -152.897476 385.137177
v -232.162262 -154.405548 390.466125
v -234.601807 -156.598206 397.162659
v -235.356079 -154.530228 398.996613
v -221.030548 -146.864532 366.386536
v -224.996490 -148.587784 371.360138
v -228.582230 -149.416016 377.355682
v -232.330643 -150.636185 383.511658
v -235.345352 -151.887787 388.113251
v -238.524399 -153.902390 392.792023
v -240.032410 -156.421539 395.245972
f 1 2 45
f 2 46 45
f 1 45 61
f 1 61 7
f 1 8 2
f 1 7 8
f 61 62 8
f 61 8 7
f 2 3 46
f 3 47 46
f 2 9 3
f 2 8 9
f 62 63 9
f 62 9 8
f 3 4 47
f 4 48 47
f 3 10 4
f 3 9 10
f 63 64 10
f 63 10 9
f 4 5 48
f 5 49 48
f 4 11 5
f 4 10 11
f 64 65 11
f 64 11 10
f 5 6 49
f 6 50 49
f 5 12 6
f 5 11 12
f 65 66 12
f 65 12 11
f 6 66 50
f 6 12 66
f 13 14 141
f 14 142 141
f 13 141 159
f 13 159 30
f 13 31 14
f 13 30 31
f 14 15 142
f 15 143 142
f 14 32 15
f 14 31 32
f 15 16 143
f 16 144 143
f 15 33 16
f 15 32 33
f 16 17 144
f 17 145 144
f 16 34 17
f 16 33 34
f 17 18 145
f 18 146 145
f 17 35 18
f 17 34 35
f 18 19 146
f 19 147 146
f 18 36 19
f 18 35 36
f 160 161 36
f 160 36 35
f 19 161 147
f 19 36 161
f 20 21 149
f 21 150 149
f 20 149 163
f 20 163 37
f 20 38 21
f 20 37 38
f 21 22 150
f 22 151 150
f 21 39 22
f 21 38 39
f 22 23 151
f 23 152 151
f 22 40 23
f 22 39 40
f 23 24 152
f 24 153 152
f 23 41 24
f 23 40 41
f 24 25 153
f 25 154 153
f 24 42 25
f 24 41 42
f 25 26 154
f 26 155 154
f 25 43 26
f 25 42 43
f 26 27 155
f 27 156 155
f 26 44 27
f 26 43 44
f 27 28 156
f 28 157 156
f 27 45 28
f 27 44 45
f 28 29 157
f 29 158 157
f 28 46 29
f 28 45 46
f 29 30 158
f 30 159 158
f 29 47 30
f 29 46 47
f 30 48 31
f 30 47 48
f 31 49 32
f 31 48 49
f 32 50 33
f 32 49 50
f 33 51 34
f 33 50 51
f 34 52 35
f 34 51 52
f 35 164 160
f 35 52 164
f 37 163 166
f 37 166 53
f 37 54 38
f 37 53 54
f 166 167 54
f 166 54 53
f 38 55 39
f 38 54 55
f 39 56 40
f 39 55 56
f 40 57 41
f 40 56 57
f 41 58 42
f 41 57 58
f 42 59 43
f 42 58 59
f 43 60 44
f 43 59 60
f 44 61 45
f 44 60 61
f 50 67 51
f 50 66 67
f 169 170 67
f 169 67 66
f 51 68 52
f 51 67 68
f 170 171 68
f 170 68 67
f 52 171 164
f 52 68 171
f 54 167 173
f 54 173 69
f 54 70 55
f 54 69 70
f 173 174 70
f 173 70 69
f 55 71 56
f 55 70 71
f 56 72 57
f 56 71 72
f 57 73 58
f 57 72 73
f 58 74 59
f 58 73 74
f 59 75 60
f 59 74 75
f 60 76 61
f 60 75 76
f 61 77 62
f 61 76 77
f 62 78 63
f 62 77 78
f 63 79 64
f 63 78 79
f 178 179 79
f 178 79 78
f 64 80 65
f 64 79 80
f 179 180 80
f 179 80 79
f 168 169 180
f 169 181 180
f 65 81 66
f 65 80 81
f 180 181 81
f 180 81 80
f 66 181 169
f 66 81 181
f 70 174 184
f 70 184 82
f 70 83 71
f 70 82 83
f 184 185 83
f 184 83 82
f 71 84 72
f 71 83 84
f 185 186 84
f 185 84 83
f 72 85 73
f 72 84 85
f 186 187 85
f 186 85 84
f 73 86 74
f 73 85 86
f 187 188 86
f 187 86 85
f 74 87 75
f 74 86 87
f 188 189 87
f 188 87 86
f 175 176 189
f 176 190 189
f 75 88 76
f 75 87 88
f 189 190 88
f 189 88 87
f 176 177 190
f 177 191 190
f 76 89 77
f 76 88 89
f 190 191 89
f 190 89 88
f 177 178 191
f 178 192 191
f 77 90 78
f 77 89 90
f 191 192 90
f 191 90 89
f 78 192 178
f 78 90 192
f 91 92 324
f 92 325 324
f 91 324 338
f 91 338 95
f 91 96 92
f 91 95 96
f 92 93 325
f 93 326 325
f 92 97 93
f 92 96 97
f 93 94 326
f 94 327 326
f 93 98 94
f 93 97 98
f 94 339 327
f 94 98 339
f 95 338 354
f 95 354 101
f 95 102 96
f 95 101 102
f 96 103 97
f 96 102 103
f 97 104 98
f 97 103 104
f 98 99 339
f 99 340 339
f 98 105 99
f 98 104 105
f 99 355 340
f 99 105 355
f 100 101 353
f 101 354 353
f 100 353 368
f 100 368 114
f 100 115 101
f 100 114 115
f 368 369 115
f 368 115 114
f 101 116 102
f 101 115 116
f 102 117 103
f 102 116 117
f 103 118 104
f 103 117 118
f 104 119 105
f 104 118 119
f 105 106 355
f 106 356 355
f 105 120 106
f 105 119 120
f 106 107 356
f 107 357 356
f 106 121 107
f 106 120 121
f 107 370 357
f 107 121 370
f 108 109 362
f 109 363 362
f 108 362 376
f 108 376 124
f 108 125 109
f 108 124 125
f 109 110 363
f 110 364 363
f 109 126 110
f 109 125 126
f 110 111 364
f 111 365 364
f 110 127 111
f 110 126 127
f 111 112 365
f 112 366 365
f 111 128 112
f 111 127 128
f 112 113 366
f 113 367 366
f 112 129 113
f 112 128 129
f 377 378 129
f 377 129 128
f 113 378 367
f 113 129 378
f 115 369 380
f 115 380 131
f 115 132 116
f 115 131 132
f 116 133 117
f 116 132 133
f 117 134 118
f 117 133 134
f 118 135 119
f 118 134 135
f 119 136 120
f 119 135 136
f 120 137 121
f 120 136 137
f 121 122 370
f 122 371 370
f 121 138 122
f 121 137 138
f 122 382 371
f 122 138 382
f 123 124 375
f 124 376 375
f 123 375 386
f 123 386 142
f 123 143 124
f 123 142 143
f 124 144 125
f 124 143 144
f 125 145 126
f 125 144 145
f 126 146 127
f 126 145 146
f 127 147 128
f 127 146 147
f 128 387 377
f 128 147 387
f 130 131 379
f 131 380 379
f 379 380 389
f 380 390 389
f 130 379 389
f 130 389 148
f 130 149 131
f 130 148 149
f 380 381 390
f 381 391 390
f 131 150 132
f 131 149 150
f 132 151 133
f 132 150 151
f 133 152 134
f 133 151 152
f 134 153 135
f 134 152 153
f 135 154 136
f 135 153 154
f 136 155 137
f 136 154 155
f 137 156 138
f 137 155 156
f 138 139 382
f 139 383 382
f 138 157 139
f 138 156 157
f 139 140 383
f 140 384 383
f 139 158 140
f 139 157 158
f 140 141 384
f 141 385 384
f 140 159 141
f 140 158 159
f 141 142 385
f 142 386 385
f 392 393 161
f 392 161 160
f 147 393 387
f 147 161 393
f 389 390 395
f 390 396 395
f 148 389 395
f 148 395 162
f 148 163 149
f 148 162 163
f 160 398 392
f 160 164 398
f 395 396 400
f 396 401 400
f 162 395 400
f 162 400 165
f 162 166 163
f 162 165 166
f 400 401 166
f 400 166 165
f 396 397 401
f 397 402 401
f 413 414 169
f 413 169 168
f 414 415 170
f 414 170 169
f 415 416 171
f 415 171 170
f 164 416 398
f 164 171 416
f 401 402 417
f 402 418 417
f 166 401 417
f 166 417 172
f 166 173 167
f 166 172 173
f 402 403 418
f 403 419 418
f 403 404 419
f 404 420 419
f 404 405 420
f 405 421 420
f 405 406 421
f 406 422 421
f 406 407 422
f 407 423 422
f 407 408 423
f 408 424 423
f 408 409 424
f 409 425 424
f 424 425 176
f 424 176 175
f 409 410 425
f 410 426 425
f 425 426 177
f 425 177 176
f 410 411 426
f 411 427 426
f 426 427 178
f 426 178 177
f 411 412 427
f 412 428 427
f 427 428 179
f 427 179 178
f 412 413 428
f 413 429 428
f 428 429 180
f 428 180 179
f 168 429 413
f 168 180 429
f 417 418 430
f 418 431 430
f 172 417 430
f 172 430 182
f 172 183 173
f 172 182 183
f 430 431 183
f 430 183 182
f 418 419 431
f 419 432 431
f 173 184 174
f 173 183 184
f 431 432 184
f 431 184 183
f 419 420 432
f 420 433 432
f 432 433 185
f 432 185 184
f 420 421 433
f 421 434 433
f 433 434 186
f 433 186 185
f 421 422 434
f 422 435 434
f 434 435 187
f 434 187 186
f 422 423 435
f 423 436 435
f 435 436 188
f 435 188 187
f 423 424 436
f 424 437 436
f 436 437 189
f 436 189 188
f 175 437 424
f 175 189 437
f 193 194 438
f 194 439 438
f 438 439 455
f 439 456 455
f 193 438 455
f 193 455 210
f 193 211 194
f 193 210 211
f 194 195 439
f 195 440 439
f 439 440 456
f 440 457 456
f 194 212 195
f 194 211 212
f 195 196 440
f 196 441 440
f 440 441 457
f 441 458 457
f 195 213 196
f 195 212 213
f 196 197 441
f 197 442 441
f 441 442 458
f 442 459 458
f 196 214 197
f 196 213 214
f 197 198 442
f 198 443 442
f 442 443 459
f 443 460 459
f 197 215 198
f 197 214 215
f 198 199 443
f 199 444 443
f 443 444 460
f 444 461 460
f 198 216 199
f 198 215 216
f 199 200 444
f 200 445 444
f 444 445 461
f 445 462 461
f 199 217 200
f 199 216 217
f 200 201 445
f 201 446 445
f 445 446 462
f 446 463 462
f 200 218 201
f 200 217 218
f 201 202 446
f 202 447 446
f 446 447 463
f 447 464 463
f 201 219 202
f 201 218 219
f 202 203 447
f 203 448 447
f 447 448 464
f 448 465 464
f 202 220 203
f 202 219 220
f 203 204 448
f 204 449 448
f 448 449 465
f 449 466 465
f 203 221 204
f 203 220 221
f 204 205 449
f 205 450 449
f 449 450 466
f 450 467 466
f 204 222 205
f 204 221 222
f 205 206 450
f 206 451 450
f 450 451 467
f 451 468 467
f 205 223 206
f 205 222 223
f 206 207 451
f 207 452 451
f 451 452 468
f 452 469 468
f 206 224 207
f 206 223 224
f 207 208 452
f 208 453 452
f 452 453 469
f 453 470 469
f 207 225 208
f 207 224 225
f 208 470 453
f 208 225 470
f 209 210 454
f 210 455 454
f 209 454 473
f 209 473 228
f 209 229 210
f 209 228 229
f 210 230 211
f 210 229 230
f 211 231 212
f 211 230 231
f 212 232 213
f 212 231 232
f 213 233 214
f 213 232 233
f 214 234 215
f 214 233 234
f 215 235 216
f 215 234 235
f 474 475 235
f 474 235 234
f 216 236 217
f 216 235 236
f 475 476 236
f 475 236 235
f 217 237 218
f 217 236 237
f 476 477 237
f 476 237 236
f 218 238 219
f 218 237 238
f 477 478 238
f 477 238 237
f 219 239 220
f 219 238 239
f 478 479 239
f 478 239 238
f 220 240 221
f 220 239 240
f 479 480 240
f 479 240 239
f 221 241 222
f 221 240 241
f 222 242 223
f 222 241 242
f 223 243 224
f 223 242 243
f 224 244 225
f 224 243 244
f 225 226 470
f 226 471 470
f 225 245 226
f 225 244 245
f 226 227 471
f 227 472 471
f 226 246 227
f 226 245 246
f 227 481 472
f 227 246 481
f 228 473 483
f 228 483 248
f 228 249 229
f 228 248 249
f 229 250 230
f 229 249 250
f 230 251 231
f 230 250 251
f 231 252 232
f 231 251 252
f 232 253 233
f 232 252 253
f 233 254 234
f 233 253 254
f 484 485 254
f 484 254 253
f 234 485 474
f 234 254 485
f 240 480 491
f 240 491 255
f 240 256 241
f 240 255 256
f 491 492 256
f 491 256 255
f 241 257 242
f 241 256 257
f 492 493 257
f 492 257 256
f 242 258 243
f 242 257 258
f 243 259 244
f 243 258 259
f 244 260 245
f 244 259 260
f 245 261 246
f 245 260 261
f 246 247 481
f 247 482 481
f 246 262 247
f 246 261 262
f 247 494 482
f 247 262 494
f 248 483 497
f 248 497 265
f 248 266 249
f 248 265 266
f 249 267 250
f 249 266 267
f 250 268 251
f 250 267 268
f 251 269 252
f 251 268 269
f 252 270 253
f 252 269 270
f 253 502 484
f 253 270 502
f 257 493 506
f 257 506 272
f 257 273 258
f 257 272 273
f 258 274 259
f 258 273 274
f 259 275 260
f 259 274 275
f 260 276 261
f 260 275 276
f 261 277 262
f 261 276 277
f 262 263 494
f 263 495 494
f 494 495 507
f 495 508 507
f 262 278 263
f 262 277 278
f 507 508 278
f 507 278 277
f 263 508 495
f 263 278 508
f 264 265 496
f 265 497 496
f 496 497 509
f 497 510 509
f 264 496 509
f 264 509 279
f 264 280 265
f 264 279 280
f 497 498 510
f 498 511 510
f 265 281 266
f 265 280 281
f 266 282 267
f 266 281 282
f 499 500 512
f 500 513 512
f 267 283 268
f 267 282 283
f 500 501 513
f 501 514 513
f 268 284 269
f 268 283 284
f 501 502 514
f 502 515 514
f 269 285 270
f 269 284 285
f 270 515 502
f 270 285 515
f 271 272 505
f 272 506 505
f 271 505 518
f 271 518 287
f 271 288 272
f 271 287 288
f 518 519 288
f 518 288 287
f 272 289 273
f 272 288 289
f 273 290 274
f 273 289 290
f 274 291 275
f 274 290 291
f 275 292 276
f 275 291 292
f 276 293 277
f 276 292 293
f 277 520 507
f 277 293 520
f 509 510 521
f 510 522 521
f 279 509 521
f 279 521 294
f 279 295 280
f 279 294 295
f 280 296 281
f 280 295 296
f 281 297 282
f 281 296 297
f 282 298 283
f 282 297 298
f 283 299 284
f 283 298 299
f 514 515 524
f 515 525 524
f 284 300 285
f 284 299 300
f 285 286 515
f 286 516 515
f 515 516 525
f 516 526 525
f 285 301 286
f 285 300 301
f 525 526 301
f 525 301 300
f 286 526 516
f 286 301 526
f 288 519 529
f 288 529 303
f 288 304 289
f 288 303 304
f 289 305 290
f 289 304 305
f 290 306 291
f 290 305 306
f 291 307 292
f 291 306 307
f 292 308 293
f 292 307 308
f 530 531 308
f 530 308 307
f 293 531 520
f 293 308 531
f 521 522 532
f 522 533 532
f 294 521 532
f 294 532 309
f 294 310 295
f 294 309 310
f 295 311 296
f 295 310 311
f 296 312 297
f 296 311 312
f 297 313 298
f 297 312 313
f 523 524 534
f 524 535 534
f 298 314 299
f 298 313 314
f 524 525 535
f 525 536 535
f 299 315 300
f 299 314 315
f 300 536 525
f 300 315 536
f 302 303 528
f 303 529 528
f 302 528 539
f 302 539 317
f 302 318 303
f 302 317 318
f 539 540 318
f 539 318 317
f 303 319 304
f 303 318 319
f 304 320 305
f 304 319 320
f 305 321 306
f 305 320 321
f 306 322 307
f 306 321 322
f 541 542 322
f 541 322 321
f 307 542 530
f 307 322 542
f 309 532 543
f 309 543 323
f 309 324 310
f 309 323 324
f 310 325 311
f 310 324 325
f 311 326 312
f 311 325 326
f 312 327 313
f 312 326 327
f 313 328 314
f 313 327 328
f 535 536 545
f 536 546 545
f 314 329 315
f 314 328 329
f 315 316 536
f 316 537 536
f 536 537 546
f 537 547 546
f 315 330 316
f 315 329 330
f 316 547 537
f 316 330 547
f 318 540 551
f 318 551 333
f 318 334 319
f 318 333 334
f 319 335 320
f 319 334 335
f 320 336 321
f 320 335 336
f 321 552 541
f 321 336 552
f 323 543 554
f 323 554 337
f 323 338 324
f 323 337 338
f 544 545 555
f 545 556 555
f 327 340 328
f 327 339 340
f 545 546 556
f 546 557 556
f 328 341 329
f 328 340 341
f 546 547 557
f 547 558 557
f 329 342 330
f 329 341 342
f 330 558 547
f 330 342 558
f 331 332 549
f 332 550 549
f 331 549 563
f 331 563 347
f 331 348 332
f 331 347 348
f 332 333 550
f 333 551 550
f 332 349 333
f 332 348 349
f 333 350 334
f 333 349 350
f 334 351 335
f 334 350 351
f 335 352 336
f 335 351 352
f 336 565 552
f 336 352 565
f 337 554 566
f 337 566 353
f 337 354 338
f 337 353 354
f 556 557 568
f 557 569 568
f 340 356 341
f 340 355 356
f 557 558 569
f 558 570 569
f 341 357 342
f 341 356 357
f 342 343 558
f 343 559 558
f 558 559 570
f 559 571 570
f 342 358 343
f 342 357 358
f 343 344 559
f 344 560 559
f 559 560 571
f 560 572 571
f 343 359 344
f 343 358 359
f 571 572 359
f 571 359 358
f 344 572 560
f 344 359 572
f 345 346 561
f 346 562 561
f 561 562 573
f 562 574 573
f 345 561 573
f 345 573 360
f 345 361 346
f 345 360 361
f 346 347 562
f 347 563 562
f 562 563 574
f 563 575 574
f 346 362 347
f 346 361 362
f 347 363 348
f 347 362 363
f 348 364 349
f 348 363 364
f 349 365 350
f 349 364 365
f 350 366 351
f 350 365 366
f 564 565 576
f 565 577 576
f 351 367 352
f 351 366 367
f 352 577 565
f 352 367 577
f 566 567 578
f 567 579 578
f 353 566 578
f 353 578 368
f 578 579 369
f 578 369 368
f 568 569 583
f 569 584 583
f 569 570 584
f 570 585 584
f 570 571 585
f 571 586 585
f 357 371 358
f 357 370 371
f 358 586 571
f 358 371 586
f 360 573 589
f 360 589 374
f 360 375 361
f 360 374 375
f 361 376 362
f 361 375 376
f 367 590 577
f 367 378 590
f 579 580 591
f 580 592 591
f 369 579 591
f 369 591 380
f 591 592 381
f 591 381 380
f 580 581 592
f 581 593 592
f 581 582 593
f 582 594 593
f 582 583 594
f 583 595 594
f 583 584 595
f 584 596 595
f 584 585 596
f 585 597 596
f 585 586 597
f 586 598 597
f 371 372 586
f 372 587 586
f 586 587 598
f 587 599 598
f 371 383 372
f 371 382 383
f 372 373 587
f 373 588 587
f 587 588 599
f 588 600 599
f 372 384 373
f 372 383 384
f 373 374 588
f 374 589 588
f 588 589 600
f 589 601 600
f 373 385 374
f 373 384 385
f 374 386 375
f 374 385 386
f 377 388 378
f 377 387 388
f 378 603 590
f 378 388 603
f 592 593 605
f 593 606 605
f 381 592 605
f 381 605 391
f 593 594 606
f 594 607 606
f 594 595 607
f 595 608 607
f 595 596 608
f 596 609 608
f 596 597 609
f 597 610 609
f 597 598 610
f 598 611 610
f 602 603 614
f 603 615 614
f 387 394 388
f 387 393 394
f 614 615 394
f 614 394 393
f 388 615 603
f 388 394 615
f 390 391 604
f 391 605 604
f 604 605 616
f 605 617 616
f 390 604 616
f 390 616 396
f 616 617 397
f 616 397 396
f 605 606 617
f 606 618 617
f 606 607 618
f 607 619 618
f 607 608 619
f 608 620 619
f 608 609 620
f 609 621 620
f 609 610 621
f 610 622 621
f 610 611 622
f 611 623 622
f 611 612 623
f 612 624 623
f 613 614 627
f 614 628 627
f 392 399 393
f 392 398 399
f 627 628 399
f 627 399 398
f 393 628 614
f 393 399 628
f 617 618 629
f 618 630 629
f 397 617 629
f 397 629 402
f 629 630 403
f 629 403 402
f 618 619 630
f 619 631 630
f 630 631 404
f 630 404 403
f 619 620 631
f 620 632 631
f 631 632 405
f 631 405 404
f 620 621 632
f 621 633 632
f 632 633 406
f 632 406 405
f 621 622 633
f 622 634 633
f 633 634 407
f 633 407 406
f 622 623 634
f 623 635 634
f 634 635 408
f 634 408 407
f 635 636 409
f 635 409 408
f 636 637 410
f 636 410 409
f 637 638 411
f 637 411 410
f 638 639 412
f 638 412 411
f 639 640 413
f 639 413 412
f 640 641 414
f 640 414 413
f 625 626 641
f 626 642 641
f 641 642 415
f 641 415 414
f 626 627 642
f 627 643 642
f 642 643 416
f 642 416 415
f 398 643 627
f 398 416 643
f 454 455 644
f 455 645 644
f 454 644 664
f 454 664 473
f 455 456 645
f 456 646 645
f 456 457 646
f 457 647 646
f 457 458 647
f 458 648 647
f 458 459 648
f 459 649 648
f 459 460 649
f 460 650 649
f 460 461 650
f 461 651 650
f 461 462 651
f 462 652 651
f 462 463 652
f 463 653 652
f 463 464 653
f 464 654 653
f 464 465 654
f 465 655 654
f 465 466 655
f 466 656 655
f 466 467 656
f 467 657 656
f 467 468 657
f 468 658 657
f 468 469 658
f 469 659 658
f 469 470 659
f 470 660 659
f 470 471 660
f 471 661 660
f 471 472 661
f 472 662 661
f 472 672 662
f 472 481 672
f 473 664 676
f 473 676 483
f 665 666 677
f 666 678 677
f 474 486 475
f 474 485 486
f 677 678 486
f 677 486 485
f 666 667 678
f 667 679 678
f 475 487 476
f 475 486 487
f 678 679 487
f 678 487 486
f 667 668 679
f 668 680 679
f 476 488 477
f 476 487 488
f 679 680 488
f 679 488 487
f 668 669 680
f 669 681 680
f 477 489 478
f 477 488 489
f 680 681 489
f 680 489 488
f 669 670 681
f 670 682 681
f 478 490 479
f 478 489 490
f 681 682 490
f 681 490 489
f 670 671 682
f 671 683 682
f 479 491 480
f 479 490 491
f 682 683 491
f 682 491 490
f 481 482 672
f 482 673 672
f 482 685 673
f 482 494 685
f 483 676 687
f 483 687 497
f 687 688 498
f 687 498 497
f 689 690 500
f 689 500 499
f 690 691 501
f 690 501 500
f 691 692 502
f 691 502 501
f 484 503 485
f 484 502 503
f 692 693 503
f 692 503 502
f 485 693 677
f 485 503 693
f 683 684 694
f 684 695 694
f 491 683 694
f 491 694 504
f 491 505 492
f 491 504 505
f 492 506 493
f 492 505 506
f 494 696 685
f 494 507 696
f 688 689 699
f 689 700 699
f 498 688 699
f 498 699 511
f 499 700 689
f 499 512 700
f 694 695 703
f 695 704 703
f 504 694 703
f 504 703 517
f 504 518 505
f 504 517 518
f 507 705 696
f 507 520 705
f 510 511 698
f 511 699 698
f 510 698 706
f 510 706 522
f 512 513 700
f 513 701 700
f 513 514 701
f 514 702 701
f 701 702 709
f 702 710 709
f 709 710 524
f 709 524 523
f 514 710 702
f 514 524 710
f 703 704 711
f 704 712 711
f 517 703 711
f 517 711 527
f 517 528 518
f 517 527 528
f 518 529 519
f 518 528 529
f 713 714 531
f 713 531 530
f 520 714 705
f 520 531 714
f 706 707 716
f 707 717 716
f 522 706 716
f 522 716 533
f 707 708 717
f 708 718 717
f 708 709 718
f 709 719 718
f 523 719 709
f 523 534 719
f 527 711 721
f 527 721 538
f 527 539 528
f 527 538 539
f 530 724 713
f 530 542 724
f 532 533 715
f 533 716 715
f 715 716 725
f 716 726 725
f 532 715 725
f 532 725 543
f 534 535 719
f 535 720 719
f 719 720 727
f 720 728 727
f 727 728 545
f 727 545 544
f 535 728 720
f 535 545 728
f 721 722 730
f 722 731 730
f 538 721 730
f 538 730 549
f 538 550 539
f 538 549 550
f 539 551 540
f 539 550 551
f 723 724 732
f 724 733 732
f 541 553 542
f 541 552 553
f 732 733 553
f 732 553 552
f 542 733 724
f 542 553 733
f 725 726 734
f 726 735 734
f 543 725 734
f 543 734 554
f 544 736 727
f 544 555 736
f 548 549 729
f 549 730 729
f 729 730 739
f 730 740 739
f 548 729 739
f 548 739 562
f 548 563 549
f 548 562 563
f 739 740 563
f 739 563 562
f 741 742 565
f 741 565 564
f 552 742 732
f 552 565 742
f 734 735 743
f 735 744 743
f 554 734 743
f 554 743 566
f 743 744 567
f 743 567 566
f 555 556 736
f 556 737 736
f 556 746 737
f 556 568 746
f 563 740 754
f 563 754 575
f 564 755 741
f 564 576 755
f 744 745 757
f 745 758 757
f 567 744 757
f 567 757 579
f 757 758 580
f 757 580 579
f 758 759 581
f 758 581 580
f 759 760 582
f 759 582 581
f 760 761 583
f 760 583 582
f 568 761 746
f 568 583 761
f 573 574 752
f 574 753 752
f 573 752 767
f 573 767 589
f 574 575 753
f 575 754 753
f 576 577 755
f 577 756 755
f 577 769 756
f 577 590 769
f 589 767 777
f 589 777 601
f 768 769 778
f 769 779 778
f 778 779 603
f 778 603 602
f 590 779 769
f 590 603 779
f 598 599 774
f 599 775 774
f 598 774 782
f 598 782 611
f 782 783 612
f 782 612 611
f 599 600 775
f 600 776 775
f 600 601 776
f 601 777 776
f 784 785 614
f 784 614 613
f 602 785 778
f 602 614 785
f 612 783 789
f 612 789 624
f 790 791 626
f 790 626 625
f 791 792 627
f 791 627 626
f 613 792 784
f 613 627 792
f 623 624 788
f 624 789 788
f 623 788 795
f 623 795 635
f 795 796 636
f 795 636 635
f 796 797 637
f 796 637 636
f 797 798 638
f 797 638 637
f 798 799 639
f 798 639 638
f 799 800 640
f 799 640 639
f 800 801 641
f 800 641 640
f 625 801 790
f 625 641 801
f 644 645 807
f 645 808 807
f 807 808 830
f 808 831 830
f 644 807 830
f 644 830 664
f 645 646 808
f 646 809 808
f 808 809 831
f 809 832 831
f 646 647 809
f 647 810 809
f 647 648 810
f 648 811 810
f 810 811 833
f 811 834 833
f 648 649 811
f 649 812 811
f 811 812 834
f 812 835 834
f 649 650 812
f 650 813 812
f 812 813 835
f 813 836 835
f 650 651 813
f 651 814 813
f 813 814 836
f 814 837 836
f 836 837 666
f 836 666 665
f 651 652 814
f 652 815 814
f 814 815 837
f 815 838 837
f 837 838 667
f 837 667 666
f 652 653 815
f 653 816 815
f 815 816 838
f 816 839 838
f 838 839 668
f 838 668 667
f 653 654 816
f 654 817 816
f 816 817 839
f 817 840 839
f 839 840 669
f 839 669 668
f 654 655 817
f 655 818 817
f 817 818 840
f 818 841 840
f 840 841 670
f 840 670 669
f 655 656 818
f 656 819 818
f 818 819 841
f 819 842 841
f 841 842 671
f 841 671 670
f 656 657 819
f 657 820 819
f 819 820 842
f 820 843 842
f 657 658 820
f 658 821 820
f 820 821 843
f 821 844 843
f 658 659 821
f 659 822 821
f 821 822 844
f 822 845 844
f 659 660 822
f 660 823 822
f 660 661 823
f 661 824 823
f 661 662 824
f 662 825 824
f 662 846 825
f 662 672 846
f 663 664 829
f 664 830 829
f 663 829 850
f 663 850 675
f 663 676 664
f 663 675 676
f 850 851 676
f 850 676 675
f 833 834 852
f 834 853 852
f 834 835 853
f 835 854 853
f 835 836 854
f 836 855 854
f 665 855 836
f 665 677 855
f 842 843 856
f 843 857 856
f 671 842 856
f 671 856 683
f 856 857 684
f 856 684 683
f 843 844 857
f 844 858 857
f 672 673 846
f 673 847 846
f 673 674 847
f 674 848 847
f 673 686 674
f 673 685 686
f 674 859 848
f 674 686 859
f 676 851 861
f 676 861 687
f 861 862 688
f 861 688 687
f 862 863 689
f 862 689 688
f 863 864 690
f 863 690 689
f 852 853 864
f 853 865 864
f 864 865 691
f 864 691 690
f 853 854 865
f 854 866 865
f 865 866 692
f 865 692 691
f 854 855 866
f 855 867 866
f 866 867 693
f 866 693 692
f 677 867 855
f 677 693 867
f 857 858 868
f 858 869 868
f 684 857 868
f 684 868 695
f 685 697 686
f 685 696 697
f 871 872 697
f 871 697 696
f 686 872 859
f 686 697 872
f 868 869 878
f 869 879 878
f 695 868 878
f 695 878 704
f 869 870 879
f 870 880 879
f 696 881 871
f 696 705 881
f 698 699 874
f 699 875 874
f 698 874 884
f 698 884 706
f 884 885 707
f 884 707 706
f 699 700 875
f 700 876 875
f 885 886 708
f 885 708 707
f 700 701 876
f 701 877 876
f 876 877 886
f 877 887 886
f 886 887 709
f 886 709 708
f 701 887 877
f 701 709 887
f 878 879 889
f 879 890 889
f 704 878 889
f 704 889 712
f 892 893 714
f 892 714 713
f 705 893 881
f 705 714 893
f 711 712 888
f 712 889 888
f 888 889 900
f 889 901 900
f 711 888 900
f 711 900 721
f 900 901 722
f 900 722 721
f 889 890 901
f 890 902 901
f 890 891 902
f 891 903 902
f 904 905 724
f 904 724 723
f 713 905 892
f 713 724 905
f 716 717 896
f 717 897 896
f 896 897 909
f 897 910 909
f 716 896 909
f 716 909 726
f 717 718 897
f 718 898 897
f 897 898 910
f 898 911 910
f 718 719 898
f 719 899 898
f 898 899 911
f 899 912 911
f 719 912 899
f 719 727 912
f 901 902 914
f 902 915 914
f 722 901 914
f 722 914 731
f 723 917 904
f 723 732 917
f 909 910 922
f 910 923 922
f 726 909 922
f 726 922 735
f 910 911 923
f 911 924 923
f 911 912 924
f 912 925 924
f 727 925 912
f 727 736 925
f 730 731 913
f 731 914 913
f 913 914 928
f 914 929 928
f 730 913 928
f 730 928 740
f 914 915 929
f 915 930 929
f 915 916 930
f 916 931 930
f 932 933 742
f 932 742 741
f 732 933 917
f 732 742 933
f 922 923 937
f 923 938 937
f 735 922 937
f 735 937 744
f 937 938 745
f 937 745 744
f 923 924 938
f 924 939 938
f 924 925 939
f 925 940 939
f 736 737 925
f 737 926 925
f 925 926 940
f 926 941 940
f 737 738 926
f 738 927 926
f 926 927 941
f 927 942 941
f 737 747 738
f 737 746 747
f 738 942 927
f 738 747 942
f 928 929 949
f 929 950 949
f 740 928 949
f 740 949 754
f 929 930 950
f 930 951 950
f 930 931 951
f 931 952 951
f 931 932 952
f 932 953 952
f 741 953 932
f 741 755 953
f 938 939 958
f 939 959 958
f 745 938 958
f 745 958 758
f 958 959 759
f 958 759 758
f 939 940 959
f 940 960 959
f 959 960 760
f 959 760 759
f 940 941 960
f 941 961 960
f 941 942 961
f 942 962 961
f 746 762 747
f 746 761 762
f 747 748 942
f 748 943 942
f 942 943 962
f 943 963 962
f 747 763 748
f 747 762 763
f 748 749 943
f 749 944 943
f 943 944 963
f 944 964 963
f 748 764 749
f 748 763 764
f 749 750 944
f 750 945 944
f 944 945 964
f 945 965 964
f 749 765 750
f 749 764 765
f 750 751 945
f 751 946 945
f 945 946 965
f 946 966 965
f 750 766 751
f 750 765 766
f 751 752 946
f 752 947 946
f 946 947 966
f 947 967 966
f 751 767 752
f 751 766 767
f 752 753 947
f 753 948 947
f 947 948 967
f 948 968 967
f 753 754 948
f 754 949 948
f 948 949 968
f 949 969 968
f 949 950 969
f 950 970 969
f 950 951 970
f 951 971 970
f 951 952 971
f 952 972 971
f 755 756 953
f 756 954 953
f 973 974 769
f 973 769 768
f 756 974 954
f 756 769 974
f 960 961 978
f 961 979 978
f 760 960 978
f 760 978 770
f 760 771 761
f 760 770 771
f 978 979 771
f 978 771 770
f 961 962 979
f 962 980 979
f 761 772 762
f 761 771 772
f 979 980 772
f 979 772 771
f 962 963 980
f 963 981 980
f 762 773 763
f 762 772 773
f 963 964 981
f 964 982 981
f 763 774 764
f 763 773 774
f 964 965 982
f 965 983 982
f 764 775 765
f 764 774 775
f 965 966 983
f 966 984 983
f 765 776 766
f 765 775 776
f 966 967 984
f 967 985 984
f 766 777 767
f 766 776 777
f 967 968 985
f 968 986 985
f 968 969 986
f 969 987 986
f 969 970 987
f 970 988 987
f 768 989 973
f 768 778 989
f 772 980 995
f 772 995 780
f 772 781 773
f 772 780 781
f 773 782 774
f 773 781 782
f 996 997 785
f 996 785 784
f 778 997 989
f 778 785 997
f 780 995 1003
f 780 1003 786
f 780 787 781
f 780 786 787
f 781 788 782
f 781 787 788
f 782 789 783
f 782 788 789
f 1004 1005 792
f 1004 792 791
f 784 1005 996
f 784 792 1005
f 786 1003 1011
f 786 1011 793
f 786 794 787
f 786 793 794
f 1011 1012 794
f 1011 794 793
f 787 795 788
f 787 794 795
f 1012 1013 795
f 1012 795 794
f 1014 1015 799
f 1014 799 798
f 1015 1016 800
f 1015 800 799
f 1016 1017 801
f 1016 801 800
f 790 802 791
f 790 801 802
f 1017 1018 802
f 1017 802 801
f 791 1018 1004
f 791 802 1018
f 795 1013 1020
f 795 1020 803
f 795 804 796
f 795 803 804
f 1020 1021 804
f 1020 804 803
f 796 805 797
f 796 804 805
f 1021 1022 805
f 1021 805 804
f 797 806 798
f 797 805 806
f 1022 1023 806
f 1022 806 805
f 798 1023 1014
f 798 806 1023
f 809 810 1027
f 810 1028 1027
f 1027 1028 1039
f 1028 1040 1039
f 809 1027 1039
f 809 1039 832
f 810 1040 1028
f 810 833 1040
f 822 823 1029
f 823 1030 1029
f 822 1029 1042
f 822 1042 845
f 823 824 1030
f 824 1031 1030
f 824 825 1031
f 825 1032 1031
f 825 826 1032
f 826 1033 1032
f 825 847 826
f 825 846 847
f 826 827 1033
f 827 1034 1033
f 826 848 827
f 826 847 848
f 827 828 1034
f 828 1035 1034
f 1034 1035 1043
f 1035 1044 1043
f 827 849 828
f 827 848 849
f 828 1044 1035
f 828 849 1044
f 829 830 1036
f 830 1037 1036
f 1036 1037 1045
f 1037 1046 1045
f 829 1036 1045
f 829 1045 850
f 1045 1046 851
f 1045 851 850
f 830 831 1037
f 831 1038 1037
f 831 832 1038
f 832 1039 1038
f 1038 1039 1047
f 1039 1048 1047
f 1039 1040 1048
f 1040 1049 1048
f 833 1049 1040
f 833 852 1049
f 844 845 1041
f 845 1042 1041
f 1041 1042 1050
f 1042 1051 1050
f 844 1041 1050
f 844 1050 858
f 848 860 849
f 848 859 860
f 849 1052 1044
f 849 860 1052
f 1046 1047 1053
f 1047 1054 1053
f 851 1046 1053
f 851 1053 861
f 1047 1048 1054
f 1048 1055 1054
f 1048 1049 1055
f 1049 1056 1055
f 1055 1056 864
f 1055 864 863
f 852 1056 1049
f 852 864 1056
f 858 1050 1057
f 858 1057 869
f 1057 1058 870
f 1057 870 869
f 859 873 860
f 859 872 873
f 860 1059 1052
f 860 873 1059
f 1053 1054 1060
f 1054 1061 1060
f 861 1053 1060
f 861 1060 874
f 861 875 862
f 861 874 875
f 1054 1055 1061
f 1055 1062 1061
f 862 876 863
f 862 875 876
f 863 1062 1055
f 863 876 1062
f 870 1058 1064
f 870 1064 880
f 871 882 872
f 871 881 882
f 872 883 873
f 872 882 883
f 873 1065 1059
f 873 883 1065
f 1060 1061 1066
f 1061 1067 1066
f 874 1060 1066
f 874 1066 884
f 1066 1067 885
f 1066 885 884
f 1061 1062 1067
f 1062 1068 1067
f 1067 1068 886
f 1067 886 885
f 876 1068 1062
f 876 886 1068
f 879 880 1063
f 880 1064 1063
f 1063 1064 1069
f 1064 1070 1069
f 879 1063 1069
f 879 1069 890
f 1069 1070 891
f 1069 891 890
f 881 894 882
f 881 893 894
f 882 895 883
f 882 894 895
f 883 1071 1065
f 883 895 1071
f 891 1070 1073
f 891 1073 903
f 892 906 893
f 892 905 906
f 893 907 894
f 893 906 907
f 894 908 895
f 894 907 908
f 895 1074 1071
f 895 908 1074
f 902 903 1072
f 903 1073 1072
f 1072 1073 1075
f 1073 1076 1075
f 902 1072 1075
f 902 1075 915
f 1075 1076 916
f 1075 916 915
f 904 918 905
f 904 917 918
f 905 919 906
f 905 918 919
f 906 920 907
f 906 919 920
f 907 921 908
f 907 920 921
f 1077 1078 921
f 1077 921 920
f 908 1078 1074
f 908 921 1078
f 916 1076 1079
f 916 1079 931
f 1079 1080 932
f 1079 932 931
f 917 934 918
f 917 933 934
f 918 935 919
f 918 934 935
f 1081 1082 935
f 1081 935 934
f 919 936 920
f 919 935 936
f 1082 1083 936
f 1082 936 935
f 920 1083 1077
f 920 936 1083
f 932 1080 1085
f 932 1085 953
f 932 954 933
f 932 953 954
f 933 955 934
f 933 954 955
f 934 1086 1081
f 934 955 1086
f 952 953 1084
f 953 1085 1084
f 952 1084 1092
f 952 1092 972
f 954 975 955
f 954 974 975
f 955 956 1086
f 956 1087 1086
f 955 976 956
f 955 975 976
f 956 957 1087
f 957 1088 1087
f 956 977 957
f 956 976 977
f 957 1093 1088
f 957 977 1093
f 970 971 1090
f 971 1091 1090
f 1090 1091 1103
f 1091 1104 1103
f 970 1090 1103
f 970 1103 988
f 971 972 1091
f 972 1092 1091
f 1091 1092 1104
f 1092 1105 1104
f 973 990 974
f 973 989 990
f 974 991 975
f 974 990 991
f 975 992 976
f 975 991 992
f 976 993 977
f 976 992 993
f 977 1106 1093
f 977 993 1106
f 980 981 1095
f 981 1096 1095
f 1095 1096 1109
f 1096 1110 1109
f 980 1095 1109
f 980 1109 995
f 981 982 1096
f 982 1097 1096
f 1096 1097 1110
f 1097 1111 1110
f 982 983 1097
f 983 1098 1097
f 1097 1098 1111
f 1098 1112 1111
f 983 984 1098
f 984 1099 1098
f 1098 1099 1112
f 1099 1113 1112
f 984 985 1099
f 985 1100 1099
f 1099 1100 1113
f 1100 1114 1113
f 985 986 1100
f 986 1101 1100
f 1100 1101 1114
f 1101 1115 1114
f 986 987 1101
f 987 1102 1101
f 1101 1102 1115
f 1102 1116 1115
f 987 988 1102
f 988 1103 1102
f 1102 1103 1116
f 1103 1117 1116
f 1103 1104 1117
f 1104 1118 1117
f 989 998 990
f 989 997 998
f 990 999 991
f 990 998 999
f 991 1000 992
f 991 999 1000
f 992 1001 993
f 992 1000 1001
f 993 1119 1106
f 993 1001 1119
f 994 995 1108
f 995 1109 1108
f 1108 1109 1121
f 1109 1122 1121
f 994 1108 1121
f 994 1121 1002
f 994 1003 995
f 994 1002 1003
f 1121 1122 1003
f 1121 1003 1002
f 1113 1114 1123
f 1114 1124 1123
f 1114 1115 1124
f 1115 1125 1124
f 1115 1116 1125
f 1116 1126 1125
f 1116 1117 1126
f 1117 1127 1126
f 1117 1118 1127
f 1118 1128 1127
f 1128 1129 1005
f 1128 1005 1004
f 996 1006 997
f 996 1005 1006
f 1129 1130 1006
f 1129 1006 1005
f 997 1007 998
f 997 1006 1007
f 1130 1131 1007
f 1130 1007 1006
f 998 1008 999
f 998 1007 1008
f 1131 1132 1008
f 1131 1008 1007
f 999 1009 1000
f 999 1008 1009
f 1132 1133 1009
f 1132 1009 1008
f 1000 1010 1001
f 1000 1009 1010
f 1133 1134 1010
f 1133 1010 1009
f 1001 1134 1119
f 1001 1010 1134
f 1003 1122 1135
f 1003 1135 1011
f 1135 1136 1012
f 1135 1012 1011
f 1138 1139 1015
f 1138 1015 1014
f 1125 1126 1139
f 1126 1140 1139
f 1139 1140 1016
f 1139 1016 1015
f 1126 1127 1140
f 1127 1141 1140
f 1140 1141 1017
f 1140 1017 1016
f 1127 1128 1141
f 1128 1142 1141
f 1141 1142 1018
f 1141 1018 1017
f 1004 1142 1128
f 1004 1018 1142
f 1012 1136 1144
f 1012 1144 1019
f 1012 1020 1013
f 1012 1019 1020
f 1146 1147 1022
f 1146 1022 1021
f 1137 1138 1147
f 1138 1148 1147
f 1147 1148 1023
f 1147 1023 1022
f 1014 1148 1138
f 1014 1023 1148
f 1019 1144 1150
f 1019 1150 1024
f 1019 1025 1020
f 1019 1024 1025
f 1150 1151 1025
f 1150 1025 1024
f 1145 1146 1151
f 1146 1152 1151
f 1020 1026 1021
f 1020 1025 1026
f 1151 1152 1026
f 1151 1026 1025
f 1021 1152 1146
f 1021 1026 1152
f 1029 1030 1164
f 1030 1165 1164
f 1164 1165 1174
f 1165 1175 1174
f 1029 1164 1174
f 1029 1174 1042
f 1030 1031 1165
f 1031 1166 1165
f 1031 1032 1166
f 1032 1167 1166
f 1032 1033 1167
f 1033 1168 1167
f 1033 1034 1168
f 1034 1169 1168
f 1034 1176 1169
f 1034 1043 1176
f 1037 1038 1172
f 1038 1173 1172
f 1172 1173 1179
f 1173 1180 1179
f 1037 1172 1179
f 1037 1179 1046
f 1179 1180 1047
f 1179 1047 1046
f 1038 1180 1173
f 1038 1047 1180
f 1042 1174 1182
f 1042 1182 1051
f 1043 1044 1176
f 1044 1177 1176
f 1044 1183 1177
f 1044 1052 1183
f 1050 1051 1181
f 1051 1182 1181
f 1181 1182 1185
f 1182 1186 1185
f 1050 1181 1185
f 1050 1185 1057
f 1185 1186 1058
f 1185 1058 1057
f 1052 1188 1183
f 1052 1059 1188
f 1186 1187 1190
f 1187 1191 1190
f 1058 1186 1190
f 1058 1190 1064
f 1059 1192 1188
f 1059 1065 1192
f 1064 1190 1194
f 1064 1194 1070
f 1065 1196 1192
f 1065 1071 1196
f 1194 1195 1198
f 1195 1199 1198
f 1070 1194 1198
f 1070 1198 1073
f 1071 1200 1196
f 1071 1074 1200
f 1198 1199 1202
f 1199 1203 1202
f 1073 1198 1202
f 1073 1202 1076
f 1204 1205 1078
f 1204 1078 1077
f 1074 1205 1200
f 1074 1078 1205
f 1202 1203 1207
f 1203 1208 1207
f 1076 1202 1207
f 1076 1207 1079
f 1207 1208 1080
f 1207 1080 1079
f 1077 1209 1204
f 1077 1083 1209
f 1080 1208 1213
f 1080 1213 1085
f 1081 1087 1082
f 1081 1086 1087
f 1082 1088 1083
f 1082 1087 1088
f 1083 1214 1209
f 1083 1088 1214
f 1084 1085 1212
f 1085 1213 1212
f 1212 1213 1217
f 1213 1218 1217
f 1084 1212 1217
f 1084 1217 1092
f 1088 1089 1214
f 1089 1215 1214
f 1088 1094 1089
f 1088 1093 1094
f 1219 1220 1094
f 1219 1094 1093
f 1089 1220 1215
f 1089 1094 1220
f 1217 1218 1223
f 1218 1224 1223
f 1092 1217 1223
f 1092 1223 1105
f 1093 1225 1219
f 1093 1106 1225
f 1104 1105 1222
f 1105 1223 1222
f 1222 1223 1234
f 1223 1235 1234
f 1104 1222 1234
f 1104 1234 1118
f 1106 1107 1225
f 1107 1226 1225
f 1106 1120 1107
f 1106 1119 1120
f 1236 1237 1120
f 1236 1120 1119
f 1107 1237 1226
f 1107 1120 1237
f 1109 1110 1228
f 1110 1229 1228
f 1228 1229 1239
f 1229 1240 1239
f 1109 1228 1239
f 1109 1239 1122
f 1110 1111 1229
f 1111 1230 1229
f 1229 1230 1240
f 1230 1241 1240
f 1111 1112 1230
f 1112 1231 1230
f 1230 1231 1241
f 1231 1242 1241
f 1112 1113 1231
f 1113 1232 1231
f 1231 1232 1242
f 1232 1243 1242
f 1113 1243 1232
f 1113 1123 1243
f 1118 1234 1248
f 1118 1248 1128
f 1248 1249 1129
f 1248 1129 1128
f 1249 1250 1130
f 1249 1130 1129
f 1250 1251 1131
f 1250 1131 1130
f 1251 1252 1132
f 1251 1132 1131
f 1252 1253 1133
f 1252 1133 1132
f 1253 1254 1134
f 1253 1134 1133
f 1119 1254 1236
f 1119 1134 1254
f 1122 1239 1257
f 1122 1257 1135
f 1257 1258 1136
f 1257 1136 1135
f 1123 1124 1243
f 1124 1244 1243
f 1259 1260 1138
f 1259 1138 1137
f 1124 1125 1244
f 1125 1245 1244
f 1260 1261 1139
f 1260 1139 1138
f 1125 1261 1245
f 1125 1139 1261
f 1136 1258 1273
f 1136 1273 1144
f 1274 1275 1146
f 1274 1146 1145
f 1275 1276 1147
f 1275 1147 1146
f 1137 1276 1259
f 1137 1147 1276
f 1143 1144 1272
f 1144 1273 1272
f 1143 1272 1279
f 1143 1279 1149
f 1143 1150 1144
f 1143 1149 1150
f 1279 1280 1150
f 1279 1150 1149
f 1280 1281 1151
f 1280 1151 1150
f 1145 1281 1274
f 1145 1151 1281
f 1153 1154 1283
f 1154 1284 1283
f 1283 1284 1288
f 1284 1289 1288
f 1153 1283 1288
f 1153 1288 1158
f 1153 1159 1154
f 1153 1158 1159
f 1288 1289 1159
f 1288 1159 1158
f 1154 1155 1284
f 1155 1285 1284
f 1154 1160 1155
f 1154 1159 1160
f 1155 1156 1285
f 1156 1286 1285
f 1285 1286 1290
f 1286 1291 1290
f 1155 1161 1156
f 1155 1160 1161
f 1156 1157 1286
f 1157 1287 1286
f 1286 1287 1291
f 1287 1292 1291
f 1156 1162 1157
f 1156 1161 1162
f 1157 1292 1287
f 1157 1162 1292
f 1159 1289 1294
f 1159 1294 1165
f 1159 1166 1160
f 1159 1165 1166
f 1160 1167 1161
f 1160 1166 1167
f 1161 1168 1162
f 1161 1167 1168
f 1162 1163 1292
f 1163 1293 1292
f 1162 1169 1163
f 1162 1168 1169
f 1163 1295 1293
f 1163 1169 1295
f 1165 1294 1299
f 1165 1299 1175
f 1169 1170 1295
f 1170 1296 1295
f 1169 1177 1170
f 1169 1176 1177
f 1170 1171 1296
f 1171 1297 1296
f 1296 1297 1300
f 1297 1301 1300
f 1170 1178 1171
f 1170 1177 1178
f 1171 1301 1297
f 1171 1178 1301
f 1174 1175 1298
f 1175 1299 1298
f 1174 1298 1302
f 1174 1302 1182
f 1177 1184 1178
f 1177 1183 1184
f 1178 1303 1301
f 1178 1184 1303
f 1182 1302 1304
f 1182 1304 1186
f 1304 1305 1187
f 1304 1187 1186
f 1183 1189 1184
f 1183 1188 1189
f 1184 1306 1303
f 1184 1189 1306
f 1187 1305 1308
f 1187 1308 1191
f 1188 1193 1189
f 1188 1192 1193
f 1189 1309 1306
f 1189 1193 1309
f 1190 1191 1307
f 1191 1308 1307
f 1190 1307 1310
f 1190 1310 1194
f 1310 1311 1195
f 1310 1195 1194
f 1192 1197 1193
f 1192 1196 1197
f 1193 1312 1309
f 1193 1197 1312
f 1195 1311 1314
f 1195 1314 1199
f 1196 1201 1197
f 1196 1200 1201
f 1197 1315 1312
f 1197 1201 1315
f 1199 1314 1317
f 1199 1317 1203
f 1200 1206 1201
f 1200 1205 1206
f 1201 1318 1315
f 1201 1206 1318
f 1203 1317 1319
f 1203 1319 1208
f 1204 1210 1205
f 1204 1209 1210
f 1205 1211 1206
f 1205 1210 1211
f 1206 1320 1318
f 1206 1211 1320
f 1208 1319 1321
f 1208 1321 1213
f 1209 1215 1210
f 1209 1214 1215
f 1210 1216 1211
f 1210 1215 1216
f 1211 1322 1320
f 1211 1216 1322
f 1213 1321 1323
f 1213 1323 1218
f 1215 1221 1216
f 1215 1220 1221
f 1216 1324 1322
f 1216 1221 1324
f 1218 1323 1326
f 1218 1326 1224
f 1219 1226 1220
f 1219 1225 1226
f 1220 1227 1221
f 1220 1226 1227
f 1327 1328 1227
f 1327 1227 1226
f 1221 1328 1324
f 1221 1227 1328
f 1223 1224 1325
f 1224 1326 1325
f 1223 1325 1331
f 1223 1331 1235
f 1226 1332 1327
f 1226 1237 1332
f 1233 1234 1329
f 1234 1330 1329
f 1233 1329 1345
f 1233 1345 1247
f 1233 1248 1234
f 1233 1247 1248
f 1234 1235 1330
f 1235 1331 1330
f 1236 1255 1237
f 1236 1254 1255
f 1346 1347 1255
f 1346 1255 1254
f 1237 1347 1332
f 1237 1255 1347
f 1238 1239 1336
f 1239 1337 1336
f 1238 1336 1350
f 1238 1350 1256
f 1238 1257 1239
f 1238 1256 1257
f 1239 1240 1337
f 1240 1338 1337
f 1240 1241 1338
f 1241 1339 1338
f 1241 1242 1339
f 1242 1340 1339
f 1242 1243 1340
f 1243 1341 1340
f 1243 1244 1341
f 1244 1342 1341
f 1244 1245 1342
f 1245 1343 1342
f 1352 1353 1261
f 1352 1261 1260
f 1245 1246 1343
f 1246 1344 1343
f 1245 1262 1246
f 1245 1261 1262
f 1353 1354 1262
f 1353 1262 1261
f 1246 1247 1344
f 1247 1345 1344
f 1246 1263 1247
f 1246 1262 1263
f 1354 1355 1263
f 1354 1263 1262
f 1247 1264 1248
f 1247 1263 1264
f 1355 1356 1264
f 1355 1264 1263
f 1248 1265 1249
f 1248 1264 1265
f 1356 1357 1265
f 1356 1265 1264
f 1249 1266 1250
f 1249 1265 1266
f 1357 1358 1266
f 1357 1266 1265
f 1250 1267 1251
f 1250 1266 1267
f 1358 1359 1267
f 1358 1267 1266
f 1251 1268 1252
f 1251 1267 1268
f 1359 1360 1268
f 1359 1268 1267
f 1252 1269 1253
f 1252 1268 1269
f 1360 1361 1269
f 1360 1269 1268
f 1253 1270 1254
f 1253 1269 1270
f 1361 1362 1270
f 1361 1270 1269
f 1254 1362 1346
f 1254 1270 1362
f 1256 1350 1366
f 1256 1366 1271
f 1256 1272 1257
f 1256 1271 1272
f 1257 1273 1258
f 1257 1272 1273
f 1368 1369 1276
f 1368 1276 1275
f 1351 1352 1369
f 1352 1370 1369
f 1259 1277 1260
f 1259 1276 1277
f 1369 1370 1277
f 1369 1277 1276
f 1260 1370 1352
f 1260 1277 1370
f 1271 1366 1379
f 1271 1379 1278
f 1271 1279 1272
f 1271 1278 1279
f 1379 1380 1279
f 1379 1279 1278
f 1380 1381 1280
f 1380 1280 1279
f 1381 1382 1281
f 1381 1281 1280
f 1367 1368 1382
f 1368 1383 1382
f 1274 1282 1275
f 1274 1281 1282
f 1382 1383 1282
f 1382 1282 1281
f 1275 1383 1368
f 1275 1282 1383
f 1284 1285 1389
f 1285 1390 1389
f 1284 1389 1395
f 1284 1395 1289
f 1285 1396 1390
f 1285 1290 1396
f 1289 1395 1400
f 1289 1400 1294
f 1290 1291 1396
f 1291 1397 1396
f 1291 1292 1397
f 1292 1398 1397
f 1292 1293 1398
f 1293 1399 1398
f 1293 1401 1399
f 1293 1295 1401
f 1294 1400 1404
f 1294 1404 1299
f 1295 1296 1401
f 1296 1402 1401
f 1296 1405 1402
f 1296 1300 1405
f 1298 1299 1403
f 1299 1404 1403
f 1403 1404 1407
f 1404 1408 1407
f 1298 1403 1407
f 1298 1407 1302
f 1300 1301 1405
f 1301 1406 1405
f 1301 1409 1406
f 1301 1303 1409
f 1407 1408 1410
f 1408 1411 1410
f 1302 1407 1410
f 1302 1410 1304
f 1410 1411 1305
f 1410 1305 1304
f 1303 1412 1409
f 1303 1306 1412
f 1305 1411 1414
f 1305 1414 1308
f 1306 1415 1412
f 1306 1309 1415
f 1307 1308 1413
f 1308 1414 1413
f 1307 1413 1416
f 1307 1416 1310
f 1309 1418 1415
f 1309 1312 1418
f 1416 1417 1419
f 1417 1420 1419
f 1310 1416 1419
f 1310 1419 1313
f 1310 1314 1311
f 1310 1313 1314
f 1312 1421 1418
f 1312 1315 1421
f 1419 1420 1422
f 1420 1423 1422
f 1313 1419 1422
f 1313 1422 1316
f 1313 1317 1314
f 1313 1316 1317
f 1422 1423 1317
f 1422 1317 1316
f 1315 1424 1421
f 1315 1318 1424
f 1317 1423 1425
f 1317 1425 1319
f 1318 1426 1424
f 1318 1320 1426
f 1319 1425 1427
f 1319 1427 1321
f 1320 1428 1426
f 1320 1322 1428
f 1321 1427 1429
f 1321 1429 1323
f 1322 1430 1428
f 1322 1324 1430
f 1323 1429 1433
f 1323 1433 1326
f 1324 1434 1430
f 1324 1328 1434
f 1325 1326 1432
f 1326 1433 1432
f 1325 1432 1441
f 1325 1441 1331
f 1327 1333 1328
f 1327 1332 1333
f 1442 1443 1333
f 1442 1333 1332
f 1328 1443 1434
f 1328 1333 1443
f 1329 1330 1439
f 1330 1440 1439
f 1329 1439 1456
f 1329 1456 1345
f 1330 1331 1440
f 1331 1441 1440
f 1332 1458 1442
f 1332 1347 1458
f 1334 1335 1445
f 1335 1446 1445
f 1334 1445 1460
f 1334 1460 1348
f 1334 1349 1335
f 1334 1348 1349
f 1460 1461 1349
f 1460 1349 1348
f 1335 1336 1446
f 1336 1447 1446
f 1335 1350 1336
f 1335 1349 1350
f 1336 1337 1447
f 1337 1448 1447
f 1447 1448 1462
f 1448 1463 1462
f 1337 1338 1448
f 1338 1449 1448
f 1448 1449 1463
f 1449 1464 1463
f 1338 1339 1449
f 1339 1450 1449
f 1449 1450 1464
f 1450 1465 1464
f 1339 1340 1450
f 1340 1451 1450
f 1450 1451 1465
f 1451 1466 1465
f 1340 1341 1451
f 1341 1452 1451
f 1451 1452 1466
f 1452 1467 1466
f 1341 1342 1452
f 1342 1453 1452
f 1452 1453 1467
f 1453 1468 1467
f 1467 1468 1352
f 1467 1352 1351
f 1342 1343 1453
f 1343 1454 1453
f 1453 1454 1468
f 1454 1469 1468
f 1468 1469 1353
f 1468 1353 1352
f 1343 1344 1454
f 1344 1455 1454
f 1469 1470 1354
f 1469 1354 1353
f 1344 1345 1455
f 1345 1456 1455
f 1470 1471 1355
f 1470 1355 1354
f 1471 1472 1356
f 1471 1356 1355
f 1473 1474 1362
f 1473 1362 1361
f 1457 1458 1474
f 1458 1475 1474
f 1346 1363 1347
f 1346 1362 1363
f 1474 1475 1363
f 1474 1363 1362
f 1347 1475 1458
f 1347 1363 1475
f 1349 1461 1478
f 1349 1478 1365
f 1349 1366 1350
f 1349 1365 1366
f 1464 1465 1479
f 1465 1480 1479
f 1465 1466 1480
f 1466 1481 1480
f 1480 1481 1368
f 1480 1368 1367
f 1466 1467 1481
f 1467 1482 1481
f 1481 1482 1369
f 1481 1369 1368
f 1351 1482 1467
f 1351 1369 1482
f 1356 1472 1485
f 1356 1485 1371
f 1356 1372 1357
f 1356 1371 1372
f 1485 1486 1372
f 1485 1372 1371
f 1357 1373 1358
f 1357 1372 1373
f 1486 1487 1373
f 1486 1373 1372
f 1358 1374 1359
f 1358 1373 1374
f 1487 1488 1374
f 1487 1374 1373
f 1359 1375 1360
f 1359 1374 1375
f 1488 1489 1375
f 1488 1375 1374
f 1360 1376 1361
f 1360 1375 1376
f 1489 1490 1376
f 1489 1376 1375
f 1361 1490 1473
f 1361 1376 1490
f 1364 1365 1477
f 1365 1478 1477
f 1364 1477 1492
f 1364 1492 1377
f 1364 1378 1365
f 1364 1377 1378
f 1492 1493 1378
f 1492 1378 1377
f 1365 1379 1366
f 1365 1378 1379
f 1493 1494 1379
f 1493 1379 1378
f 1494 1495 1380
f 1494 1380 1379
f 1495 1496 1381
f 1495 1381 1380
f 1479 1480 1496
f 1480 1497 1496
f 1496 1497 1382
f 1496 1382 1381
f 1367 1497 1480
f 1367 1382 1497
f 1384 1385 1499
f 1385 1500 1499
f 1384 1499 1504
f 1384 1504 1389
f 1384 1390 1385
f 1384 1389 1390
f 1385 1386 1500
f 1386 1501 1500
f 1500 1501 1505
f 1501 1506 1505
f 1385 1391 1386
f 1385 1390 1391
f 1386 1506 1501
f 1386 1391 1506
f 1387 1388 1502
f 1388 1503 1502
f 1387 1502 1508
f 1387 1508 1393
f 1387 1394 1388
f 1387 1393 1394
f 1508 1509 1394
f 1508 1394 1393
f 1388 1389 1503
f 1389 1504 1503
f 1388 1395 1389
f 1388 1394 1395
f 1509 1510 1395
f 1509 1395 1394
f 1390 1397 1391
f 1390 1396 1397
f 1391 1392 1506
f 1392 1507 1506
f 1506 1507 1511
f 1507 1512 1511
f 1391 1398 1392
f 1391 1397 1398
f 1392 1512 1507
f 1392 1398 1512
f 1395 1510 1515
f 1395 1515 1400
f 1398 1399 1512
f 1399 1513 1512
f 1399 1516 1513
f 1399 1401 1516
f 1400 1515 1519
f 1400 1519 1404
f 1401 1402 1516
f 1402 1517 1516
f 1402 1520 1517
f 1402 1405 1520
f 1404 1519 1523
f 1404 1523 1408
f 1405 1406 1520
f 1406 1521 1520
f 1406 1524 1521
f 1406 1409 1524
f 1408 1523 1526
f 1408 1526 1411
f 1409 1527 1524
f 1409 1412 1527
f 1410 1411 1525
f 1411 1526 1525
f 1410 1525 1528
f 1410 1528 1413
f 1410 1414 1411
f 1410 1413 1414
f 1412 1530 1527
f 1412 1415 1530
f 1528 1529 1531
f 1529 1532 1531
f 1413 1528 1531
f 1413 1531 1416
f 1531 1532 1417
f 1531 1417 1416
f 1415 1533 1530
f 1415 1418 1533
f 1417 1532 1535
f 1417 1535 1420
f 1418 1536 1533
f 1418 1421 1536
f 1420 1535 1537
f 1420 1537 1423
f 1421 1538 1536
f 1421 1424 1538
f 1423 1537 1539
f 1423 1539 1425
f 1424 1540 1538
f 1424 1426 1540
f 1425 1539 1541
f 1425 1541 1427
f 1426 1542 1540
f 1426 1428 1542
f 1427 1541 1544
f 1427 1544 1429
f 1428 1545 1542
f 1428 1430 1545
f 1429 1544 1548
f 1429 1548 1433
f 1430 1549 1545
f 1430 1434 1549
f 1431 1432 1546
f 1432 1547 1546
f 1431 1546 1557
f 1431 1557 1440
f 1431 1441 1432
f 1431 1440 1441
f 1432 1433 1547
f 1433 1548 1547
f 1558 1559 1443
f 1558 1443 1442
f 1434 1559 1549
f 1434 1443 1559
f 1435 1436 1551
f 1436 1552 1551
f 1435 1551 1561
f 1435 1561 1444
f 1435 1445 1436
f 1435 1444 1445
f 1561 1562 1445
f 1561 1445 1444
f 1436 1437 1552
f 1437 1553 1552
f 1436 1446 1437
f 1436 1445 1446
f 1437 1438 1553
f 1438 1554 1553
f 1437 1447 1438
f 1437 1446 1447
f 1438 1563 1554
f 1438 1447 1563
f 1439 1440 1556
f 1440 1557 1556
f 1439 1556 1568
f 1439 1568 1456
f 1569 1570 1458
f 1569 1458 1457
f 1442 1570 1558
f 1442 1458 1570
f 1445 1562 1574
f 1445 1574 1460
f 1447 1575 1563
f 1447 1462 1575
f 1454 1455 1566
f 1455 1567 1566
f 1454 1566 1580
f 1454 1580 1469
f 1580 1581 1470
f 1580 1470 1469
f 1455 1456 1567
f 1456 1568 1567
f 1582 1583 1474
f 1582 1474 1473
f 1457 1583 1569
f 1457 1474 1583
f 1459 1460 1573
f 1460 1574 1573
f 1459 1573 1586
f 1459 1586 1476
f 1459 1477 1460
f 1459 1476 1477
f 1460 1478 1461
f 1460 1477 1478
f 1462 1463 1575
f 1463 1576 1575
f 1463 1464 1576
f 1464 1577 1576
f 1464 1587 1577
f 1464 1479 1587
f 1470 1581 1591
f 1470 1591 1483
f 1470 1484 1471
f 1470 1483 1484
f 1591 1592 1484
f 1591 1484 1483
f 1471 1485 1472
f 1471 1484 1485
f 1592 1593 1485
f 1592 1485 1484
f 1593 1594 1486
f 1593 1486 1485
f 1594 1595 1487
f 1594 1487 1486
f 1595 1596 1488
f 1595 1488 1487
f 1596 1597 1489
f 1596 1489 1488
f 1597 1598 1490
f 1597 1490 1489
f 1473 1598 1582
f 1473 1490 1598
f 1476 1586 1601
f 1476 1601 1491
f 1476 1492 1477
f 1476 1491 1492
f 1601 1602 1492
f 1601 1492 1491
f 1602 1603 1493
f 1602 1493 1492
f 1603 1604 1494
f 1603 1494 1493
f 1604 1605 1495
f 1604 1495 1494
f 1605 1606 1496
f 1605 1496 1495
f 1479 1606 1587
f 1479 1496 1606
f 1498 1499 1613
f 1499 1614 1613
f 1613 1614 1619
f 1614 1620 1619
f 1498 1613 1619
f 1498 1619 1503
f 1498 1504 1499
f 1498 1503 1504
f 1499 1500 1614
f 1500 1615 1614
f 1500 1621 1615
f 1500 1505 1621
f 1502 1503 1618
f 1503 1619 1618
f 1502 1618 1625
f 1502 1625 1508
f 1625 1626 1509
f 1625 1509 1508
f 1505 1506 1621
f 1506 1622 1621
f 1506 1627 1622
f 1506 1511 1627
f 1509 1626 1631
f 1509 1631 1514
f 1509 1515 1510
f 1509 1514 1515
f 1511 1512 1627
f 1512 1628 1627
f 1512 1513 1628
f 1513 1629 1628
f 1513 1632 1629
f 1513 1516 1632
f 1514 1631 1635
f 1514 1635 1518
f 1514 1519 1515
f 1514 1518 1519
f 1516 1517 1632
f 1517 1633 1632
f 1517 1636 1633
f 1517 1520 1636
f 1518 1635 1638
f 1518 1638 1522
f 1518 1523 1519
f 1518 1522 1523
f 1638 1639 1523
f 1638 1523 1522
f 1520 1521 1636
f 1521 1637 1636
f 1521 1640 1637
f 1521 1524 1640
f 1523 1639 1643
f 1523 1643 1526
f 1524 1644 1640
f 1524 1527 1644
f 1525 1526 1642
f 1526 1643 1642
f 1525 1642 1646
f 1525 1646 1528
f 1646 1647 1529
f 1646 1529 1528
f 1527 1648 1644
f 1527 1530 1648
f 1529 1647 1651
f 1529 1651 1532
f 1530 1652 1648
f 1530 1533 1652
f 1531 1532 1650
f 1532 1651 1650
f 1531 1650 1654
f 1531 1654 1534
f 1531 1535 1532
f 1531 1534 1535
f 1654 1655 1535
f 1654 1535 1534
f 1533 1656 1652
f 1533 1536 1656
f 1535 1655 1658
f 1535 1658 1537
f 1536 1659 1656
f 1536 1538 1659
f 1537 1658 1661
f 1537 1661 1539
f 1538 1662 1659
f 1538 1540 1662
f 1539 1661 1665
f 1539 1665 1541
f 1540 1666 1662
f 1540 1542 1666
f 1541 1665 1669
f 1541 1669 1544
f 1542 1670 1666
f 1542 1545 1670
f 1543 1544 1668
f 1544 1669 1668
f 1543 1668 1679
f 1543 1679 1547
f 1543 1548 1544
f 1543 1547 1548
f 1545 1681 1670
f 1545 1549 1681
f 1546 1547 1678
f 1547 1679 1678
f 1546 1678 1692
f 1546 1692 1557
f 1680 1681 1694
f 1681 1695 1694
f 1549 1695 1681
f 1549 1559 1695
f 1550 1551 1683
f 1551 1684 1683
f 1550 1683 1697
f 1550 1697 1560
f 1550 1561 1551
f 1550 1560 1561
f 1551 1552 1684
f 1552 1685 1684
f 1552 1553 1685
f 1553 1686 1685
f 1553 1554 1686
f 1554 1687 1686
f 1554 1555 1687
f 1555 1688 1687
f 1554 1564 1555
f 1554 1563 1564
f 1555 1698 1688
f 1555 1564 1698
f 1556 1557 1691
f 1557 1692 1691
f 1556 1691 1706
f 1556 1706 1568
f 1693 1694 1708
f 1694 1709 1708
f 1694 1695 1709
f 1695 1710 1709
f 1558 1571 1559
f 1558 1570 1571
f 1709 1710 1571
f 1709 1571 1570
f 1559 1710 1695
f 1559 1571 1710
f 1560 1697 1712
f 1560 1712 1572
f 1560 1573 1561
f 1560 1572 1573
f 1561 1574 1562
f 1561 1573 1574
f 1563 1576 1564
f 1563 1575 1576
f 1564 1565 1698
f 1565 1699 1698
f 1564 1577 1565
f 1564 1576 1577
f 1565 1713 1699
f 1565 1577 1713
f 1566 1567 1704
f 1567 1705 1704
f 1566 1704 1718
f 1566 1718 1580
f 1567 1568 1705
f 1568 1706 1705
f 1707 1708 1721
f 1708 1722 1721
f 1708 1709 1722
f 1709 1723 1722
f 1569 1584 1570
f 1569 1583 1584
f 1722 1723 1584
f 1722 1584 1583
f 1570 1723 1709
f 1570 1584 1723
f 1572 1712 1725
f 1572 1725 1585
f 1572 1586 1573
f 1572 1585 1586
f 1577 1578 1713
f 1578 1714 1713
f 1577 1588 1578
f 1577 1587 1588
f 1578 1579 1714
f 1579 1715 1714
f 1578 1589 1579
f 1578 1588 1589
f 1726 1727 1589
f 1726 1589 1588
f 1579 1727 1715
f 1579 1589 1727
f 1580 1718 1730
f 1580 1730 1590
f 1580 1591 1581
f 1580 1590 1591
f 1730 1731 1591
f 1730 1591 1590
f 1731 1732 1592
f 1731 1592 1591
f 1732 1733 1593
f 1732 1593 1592
f 1733 1734 1594
f 1733 1594 1593
f 1734 1735 1595
f 1734 1595 1594
f 1735 1736 1596
f 1735 1596 1595
f 1719 1720 1736
f 1720 1737 1736
f 1736 1737 1597
f 1736 1597 1596
f 1720 1721 1737
f 1721 1738 1737
f 1737 1738 1598
f 1737 1598 1597
f 1721 1722 1738
f 1722 1739 1738
f 1582 1599 1583
f 1582 1598 1599
f 1738 1739 1599
f 1738 1599 1598
f 1583 1739 1722
f 1583 1599 1739
f 1585 1725 1741
f 1585 1741 1600
f 1585 1601 1586
f 1585 1600 1601
f 1743 1744 1605
f 1743 1605 1604
f 1744 1745 1606
f 1744 1606 1605
f 1587 1607 1588
f 1587 1606 1607
f 1745 1746 1607
f 1745 1607 1606
f 1588 1746 1726
f 1588 1607 1746
f 1741 1742 1748
f 1742 1749 1748
f 1600 1741 1748
f 1600 1748 1608
f 1600 1609 1601
f 1600 1608 1609
f 1748 1749 1609
f 1748 1609 1608
f 1601 1610 1602
f 1601 1609 1610
f 1749 1750 1610
f 1749 1610 1609
f 1602 1611 1603
f 1602 1610 1611
f 1750 1751 1611
f 1750 1611 1610
f 1603 1612 1604
f 1603 1611 1612
f 1751 1752 1612
f 1751 1612 1611
f 1604 1752 1743
f 1604 1612 1752
f 1614 1615 1754
f 1615 1755 1754
f 1754 1755 1760
f 1755 1761 1760
f 1614 1754 1760
f 1614 1760 1620
f 1615 1616 1755
f 1616 1756 1755
f 1755 1756 1761
f 1756 1762 1761
f 1615 1622 1616
f 1615 1621 1622
f 1616 1762 1756
f 1616 1622 1762
f 1617 1618 1757
f 1618 1758 1757
f 1617 1757 1764
f 1617 1764 1624
f 1617 1625 1618
f 1617 1624 1625
f 1764 1765 1625
f 1764 1625 1624
f 1618 1619 1758
f 1619 1759 1758
f 1765 1766 1626
f 1765 1626 1625
f 1619 1620 1759
f 1620 1760 1759
f 1622 1623 1762
f 1623 1763 1762
f 1762 1763 1767
f 1763 1768 1767
f 1622 1628 1623
f 1622 1627 1628
f 1623 1768 1763
f 1623 1628 1768
f 1626 1766 1772
f 1626 1772 1631
f 1628 1629 1768
f 1629 1769 1768
f 1629 1773 1769
f 1629 1632 1773
f 1630 1631 1771
f 1631 1772 1771
f 1630 1771 1776
f 1630 1776 1634
f 1630 1635 1631
f 1630 1634 1635
f 1776 1777 1635
f 1776 1635 1634
f 1632 1633 1773
f 1633 1774 1773
f 1773 1774 1778
f 1774 1779 1778
f 1633 1779 1774
f 1633 1636 1779
f 1635 1777 1782
f 1635 1782 1638
f 1636 1637 1779
f 1637 1780 1779
f 1637 1783 1780
f 1637 1640 1783
f 1638 1782 1785
f 1638 1785 1642
f 1638 1643 1639
f 1638 1642 1643
f 1640 1786 1783
f 1640 1644 1786
f 1641 1642 1784
f 1642 1785 1784
f 1641 1784 1787
f 1641 1787 1645
f 1641 1646 1642
f 1641 1645 1646
f 1644 1788 1786
f 1644 1648 1788
f 1645 1787 1789
f 1645 1789 1649
f 1645 1650 1646
f 1645 1649 1650
f 1646 1651 1647
f 1646 1650 1651
f 1648 1790 1788
f 1648 1652 1790
f 1649 1789 1791
f 1649 1791 1653
f 1649 1654 1650
f 1649 1653 1654
f 1791 1792 1654
f 1791 1654 1653
f 1652 1793 1790
f 1652 1656 1793
f 1654 1792 1795
f 1654 1795 1657
f 1654 1658 1655
f 1654 1657 1658
f 1656 1796 1793
f 1656 1659 1796
f 1657 1795 1797
f 1657 1797 1660
f 1657 1661 1658
f 1657 1660 1661
f 1659 1798 1796
f 1659 1662 1798
f 1660 1797 1803
f 1660 1803 1664
f 1660 1665 1661
f 1660 1664 1665
f 1662 1804 1798
f 1662 1666 1804
f 1663 1664 1802
f 1664 1803 1802
f 1663 1802 1809
f 1663 1809 1667
f 1663 1668 1664
f 1663 1667 1668
f 1664 1669 1665
f 1664 1668 1669
f 1666 1810 1804
f 1666 1670 1810
f 1667 1809 1819
f 1667 1819 1678
f 1667 1679 1668
f 1667 1678 1679
f 1820 1821 1681
f 1820 1681 1680
f 1670 1821 1810
f 1670 1681 1821
f 1671 1672 1811
f 1672 1812 1811
f 1671 1811 1822
f 1671 1822 1682
f 1671 1683 1672
f 1671 1682 1683
f 1672 1673 1812
f 1673 1813 1812
f 1672 1684 1673
f 1672 1683 1684
f 1673 1674 1813
f 1674 1814 1813
f 1673 1685 1674
f 1673 1684 1685
f 1674 1675 1814
f 1675 1815 1814
f 1674 1686 1675
f 1674 1685 1686
f 1675 1823 1815
f 1675 1686 1823
f 1676 1677 1817
f 1677 1818 1817
f 1676 1817 1828
f 1676 1828 1690
f 1676 1691 1677
f 1676 1690 1691
f 1677 1678 1818
f 1678 1819 1818
f 1677 1692 1678
f 1677 1691 1692
f 1829 1830 1694
f 1829 1694 1693
f 1680 1830 1820
f 1680 1694 1830
f 1682 1822 1831
f 1682 1831 1696
f 1682 1697 1683
f 1682 1696 1697
f 1686 1687 1823
f 1687 1824 1823
f 1687 1688 1824
f 1688 1825 1824
f 1688 1832 1825
f 1688 1698 1832
f 1689 1690 1827
f 1690 1828 1827
f 1689 1827 1838
f 1689 1838 1704
f 1689 1705 1690
f 1689 1704 1705
f 1690 1706 1691
f 1690 1705 1706
f 1839 1840 1708
f 1839 1708 1707
f 1693 1840 1829
f 1693 1708 1840
f 1696 1831 1841
f 1696 1841 1711
f 1696 1712 1697
f 1696 1711 1712
f 1698 1699 1832
f 1699 1833 1832
f 1699 1700 1833
f 1700 1834 1833
f 1699 1714 1700
f 1699 1713 1714
f 1700 1701 1834
f 1701 1835 1834
f 1700 1715 1701
f 1700 1714 1715
f 1701 1702 1835
f 1702 1836 1835
f 1701 1716 1702
f 1701 1715 1716
f 1702 1703 1836
f 1703 1837 1836
f 1702 1717 1703
f 1702 1716 1717
f 1703 1704 1837
f 1704 1838 1837
f 1703 1718 1704
f 1703 1717 1718
f 1842 1843 1720
f 1842 1720 1719
f 1843 1844 1721
f 1843 1721 1720
f 1707 1844 1839
f 1707 1721 1844
f 1711 1841 1845
f 1711 1845 1724
f 1711 1725 1712
f 1711 1724 1725
f 1715 1728 1716
f 1715 1727 1728
f 1846 1847 1728
f 1846 1728 1727
f 1716 1729 1717
f 1716 1728 1729
f 1847 1848 1729
f 1847 1729 1728
f 1717 1730 1718
f 1717 1729 1730
f 1848 1849 1730
f 1848 1730 1729
f 1849 1850 1731
f 1849 1731 1730
f 1850 1851 1732
f 1850 1732 1731
f 1851 1852 1733
f 1851 1733 1732
f 1852 1853 1734
f 1852 1734 1733
f 1853 1854 1735
f 1853 1735 1734
f 1854 1855 1736
f 1854 1736 1735
f 1719 1855 1842
f 1719 1736 1855
f 1724 1845 1857
f 1724 1857 1740
f 1724 1741 1725
f 1724 1740 1741
f 1857 1858 1741
f 1857 1741 1740
f 1858 1859 1742
f 1858 1742 1741
f 1860 1861 1744
f 1860 1744 1743
f 1861 1862 1745
f 1861 1745 1744
f 1862 1863 1746
f 1862 1746 1745
f 1726 1747 1727
f 1726 1746 1747
f 1863 1864 1747
f 1863 1747 1746
f 1727 1864 1846
f 1727 1747 1864
f 1742 1859 1868
f 1742 1868 1749
f 1868 1869 1750
f 1868 1750 1749
f 1869 1870 1751
f 1869 1751 1750
f 1870 1871 1752
f 1870 1752 1751
f 1743 1871 1860
f 1743 1752 1871
f 1753 1754 1874
f 1754 1875 1874
f 1753 1874 1881
f 1753 1881 1759
f 1753 1760 1754
f 1753 1759 1760
f 1754 1882 1875
f 1754 1760 1882
f 1757 1758 1879
f 1758 1880 1879
f 1757 1879 1887
f 1757 1887 1764
f 1758 1759 1880
f 1759 1881 1880
f 1760 1761 1882
f 1761 1883 1882
f 1761 1762 1883
f 1762 1884 1883
f 1762 1888 1884
f 1762 1767 1888
f 1764 1887 1893
f 1764 1893 1770
f 1764 1771 1765
f 1764 1770 1771
f 1765 1772 1766
f 1765 1771 1772
f 1767 1768 1888
f 1768 1889 1888
f 1768 1769 1889
f 1769 1890 1889
f 1889 1890 1894
f 1890 1895 1894
f 1769 1895 1890
f 1769 1773 1895
f 1770 1893 1898
f 1770 1898 1775
f 1770 1776 1771
f 1770 1775 1776
f 1898 1899 1776
f 1898 1776 1775
f 1894 1895 1900
f 1895 1901 1900
f 1773 1901 1895
f 1773 1778 1901
f 1776 1899 1905
f 1776 1905 1781
f 1776 1782 1777
f 1776 1781 1782
f 1778 1779 1901
f 1779 1902 1901
f 1779 1780 1902
f 1780 1903 1902
f 1902 1903 1906
f 1903 1907 1906
f 1780 1907 1903
f 1780 1783 1907
f 1781 1905 1909
f 1781 1909 1784
f 1781 1785 1782
f 1781 1784 1785
f 1783 1910 1907
f 1783 1786 1910
f 1784 1909 1912
f 1784 1912 1787
f 1786 1913 1910
f 1786 1788 1913
f 1787 1912 1915
f 1787 1915 1789
f 1788 1916 1913
f 1788 1790 1916
f 1789 1915 1918
f 1789 1918 1791
f 1790 1919 1916
f 1790 1793 1919
f 1791 1918 1921
f 1791 1921 1794
f 1791 1795 1792
f 1791 1794 1795
f 1921 1922 1795
f 1921 1795 1794
f 1793 1923 1919
f 1793 1796 1923
f 1795 1922 1926
f 1795 1926 1797
f 1796 1927 1923
f 1796 1798 1927
f 1797 1926 1935
f 1797 1935 1803
f 1798 1936 1927
f 1798 1804 1936
f 1799 1800 1929
f 1800 1930 1929
f 1799 1929 1938
f 1799 1938 1805
f 1799 1806 1800
f 1799 1805 1806
f 1938 1939 1806
f 1938 1806 1805
f 1800 1801 1930
f 1801 1931 1930
f 1800 1807 1801
f 1800 1806 1807
f 1939 1940 1807
f 1939 1807 1806
f 1801 1940 1931
f 1801 1807 1940
f 1802 1803 1934
f 1803 1935 1934
f 1802 1934 1945
f 1802 1945 1809
f 1804 1946 1936
f 1804 1810 1946
f 1808 1809 1944
f 1809 1945 1944
f 1808 1944 1956
f 1808 1956 1818
f 1808 1819 1809
f 1808 1818 1819
f 1958 1959 1821
f 1958 1821 1820
f 1810 1959 1946
f 1810 1821 1959
f 1811 1812 1947
f 1812 1948 1947
f 1811 1947 1960
f 1811 1960 1822
f 1812 1813 1948
f 1813 1949 1948
f 1813 1814 1949
f 1814 1950 1949
f 1814 1815 1950
f 1815 1951 1950
f 1815 1816 1951
f 1816 1952 1951
f 1815 1824 1816
f 1815 1823 1824
f 1816 1961 1952
f 1816 1824 1961
f 1817 1818 1955
f 1818 1956 1955
f 1817 1955 1969
f 1817 1969 1828
f 1957 1958 1971
f 1958 1972 1971
f 1971 1972 1830
f 1971 1830 1829
f 1820 1972 1958
f 1820 1830 1972
f 1822 1960 1973
f 1822 1973 1831
f 1824 1825 1961
f 1825 1962 1961
f 1825 1826 1962
f 1826 1963 1962
f 1825 1833 1826
f 1825 1832 1833
f 1826 1974 1963
f 1826 1833 1974
f 1827 1828 1968
f 1828 1969 1968
f 1827 1968 1979
f 1827 1979 1838
f 1970 1971 1981
f 1971 1982 1981
f 1981 1982 1840
f 1981 1840 1839
f 1829 1982 1971
f 1829 1840 1982
f 1831 1973 1983
f 1831 1983 1841
f 1833 1834 1974
f 1834 1975 1974
f 1834 1835 1975
f 1835 1976 1975
f 1835 1836 1976
f 1836 1977 1976
f 1836 1837 1977
f 1837 1978 1977
f 1837 1838 1978
f 1838 1979 1978
f 1980 1981 1986
f 1981 1987 1986
f 1986 1987 1844
f 1986 1844 1843
f 1839 1987 1981
f 1839 1844 1987
f 1841 1983 1988
f 1841 1988 1845
f 1990 1991 1849
f 1990 1849 1848
f 1991 1992 1850
f 1991 1850 1849
f 1992 1993 1851
f 1992 1851 1850
f 1993 1994 1852
f 1993 1852 1851
f 1994 1995 1853
f 1994 1853 1852
f 1995 1996 1854
f 1995 1854 1853
f 1984 1985 1996
f 1985 1997 1996
f 1996 1997 1855
f 1996 1855 1854
f 1985 1986 1997
f 1986 1998 1997
f 1842 1856 1843
f 1842 1855 1856
f 1997 1998 1856
f 1997 1856 1855
f 1843 1998 1986
f 1843 1856 1998
f 1988 1989 1999
f 1989 2000 1999
f 1845 1988 1999
f 1845 1999 1857
f 1999 2000 1858
f 1999 1858 1857
f 2005 2006 1862
f 2005 1862 1861
f 2006 2007 1863
f 2006 1863 1862
f 2007 2008 1864
f 2007 1864 1863
f 1846 1865 1847
f 1846 1864 1865
f 2008 2009 1865
f 2008 1865 1864
f 1847 1866 1848
f 1847 1865 1866
f 2009 2010 1866
f 2009 1866 1865
f 1848 2010 1990
f 1848 1866 2010
f 2000 2001 2012
f 2001 2013 2012
f 1858 2000 2012
f 1858 2012 1867
f 1858 1868 1859
f 1858 1867 1868
f 2012 2013 1868
f 2012 1868 1867
f 2001 2002 2013
f 2002 2014 2013
f 2013 2014 1869
f 2013 1869 1868
f 2002 2003 2014
f 2003 2015 2014
f 2014 2015 1870
f 2014 1870 1869
f 2003 2004 2015
f 2004 2016 2015
f 2015 2016 1871
f 2015 1871 1870
f 2004 2005 2016
f 2005 2017 2016
f 1860 1872 1861
f 1860 1871 1872
f 2016 2017 1872
f 2016 1872 1871
f 1861 2017 2005
f 1861 1872 2017
f 1873 1874 2018
f 1874 2019 2018
f 2018 2019 2025
f 2019 2026 2025
f 1873 2018 2025
f 1873 2025 1880
f 1873 1881 1874
f 1873 1880 1881
f 1874 1875 2019
f 1875 2020 2019
f 2019 2020 2026
f 2020 2027 2026
f 1875 1876 2020
f 1876 2021 2020
f 2020 2021 2027
f 2021 2028 2027
f 1875 1883 1876
f 1875 1882 1883
f 1876 2028 2021
f 1876 1883 2028
f 1877 1878 2022
f 1878 2023 2022
f 2022 2023 2030
f 2023 2031 2030
f 1877 2022 2030
f 1877 2030 1885
f 1877 1886 1878
f 1877 1885 1886
f 2030 2031 1886
f 2030 1886 1885
f 1878 1879 2023
f 1879 2024 2023
f 2023 2024 2031
f 2024 2032 2031
f 1878 1887 1879
f 1878 1886 1887
f 1879 1880 2024
f 1880 2025 2024
f 2024 2025 2032
f 2025 2033 2032
f 2025 2026 2033
f 2026 2034 2033
f 2026 2027 2034
f 2027 2035 2034
f 2027 2028 2035
f 2028 2036 2035
f 1883 1884 2028
f 1884 2029 2028
f 2028 2029 2036
f 2029 2037 2036
f 1884 2037 2029
f 1884 1888 2037
f 1886 2031 2041
f 1886 2041 1892
f 1886 1893 1887
f 1886 1892 1893
f 2036 2037 2042
f 2037 2043 2042
f 1888 1889 2037
f 1889 2038 2037
f 2037 2038 2043
f 2038 2044 2043
f 1889 2044 2038
f 1889 1894 2044
f 1891 1892 2040
f 1892 2041 2040
f 1891 2040 2046
f 1891 2046 1896
f 1891 1897 1892
f 1891 1896 1897
f 2046 2047 1897
f 2046 1897 1896
f 1892 1898 1893
f 1892 1897 1898
f 2047 2048 1898
f 2047 1898 1897
f 2042 2043 2049
f 2043 2050 2049
f 2043 2044 2050
f 2044 2051 2050
f 1894 2051 2044
f 1894 1900 2051
f 1898 2048 2055
f 1898 2055 1904
f 1898 1905 1899
f 1898 1904 1905
f 1900 1901 2051
f 1901 2052 2051
f 2051 2052 2056
f 2052 2057 2056
f 1901 1902 2052
f 1902 2053 2052
f 2052 2053 2057
f 2053 2058 2057
f 1902 2058 2053
f 1902 1906 2058
f 1904 2055 2061
f 1904 2061 1908
f 1904 1909 1905
f 1904 1908 1909
f 1906 1907 2058
f 1907 2059 2058
f 1907 2062 2059
f 1907 1910 2062
f 1908 2061 2064
f 1908 2064 1911
f 1908 1912 1909
f 1908 1911 1912
f 1910 2065 2062
f 1910 1913 2065
f 1911 2064 2067
f 1911 2067 1914
f 1911 1915 1912
f 1911 1914 1915
f 1913 2068 2065
f 1913 1916 2068
f 1914 2067 2070
f 1914 2070 1917
f 1914 1918 1915
f 1914 1917 1918
f 1916 2071 2068
f 1916 1919 2071
f 1917 2070 2075
f 1917 2075 1920
f 1917 1921 1918
f 1917 1920 1921
f 1919 2076 2071
f 1919 1923 2076
f 1920 2075 2080
f 1920 2080 1924
f 1920 1925 1921
f 1920 1924 1925
f 1921 1926 1922
f 1921 1925 1926
f 1923 2081 2076
f 1923 1927 2081
f 1924 2080 2088
f 1924 2088 1933
f 1924 1934 1925
f 1924 1933 1934
f 1925 1935 1926
f 1925 1934 1935
f 1927 2089 2081
f 1927 1936 2089
f 1928 1929 2082
f 1929 2083 2082
f 1928 2082 2090
f 1928 2090 1937
f 1928 1938 1929
f 1928 1937 1938
f 1929 1930 2083
f 1930 2084 2083
f 1930 1931 2084
f 1931 2085 2084
f 1931 1932 2085
f 1932 2086 2085
f 1931 1941 1932
f 1931 1940 1941
f 1932 2092 2086
f 1932 1941 2092
f 1933 2088 2097
f 1933 2097 1944
f 1933 1945 1934
f 1933 1944 1945
f 1936 2098 2089
f 1936 1946 2098
f 2090 2091 2099
f 2091 2100 2099
f 1937 2090 2099
f 1937 2099 1947
f 1937 1948 1938
f 1937 1947 1948
f 1938 1949 1939
f 1938 1948 1949
f 1939 1950 1940
f 1939 1949 1950
f 1940 1951 1941
f 1940 1950 1951
f 1941 1942 2092
f 1942 2093 2092
f 1941 1952 1942
f 1941 1951 1952
f 1942 2101 2093
f 1942 1952 2101
f 1943 1944 2096
f 1944 2097 2096
f 1943 2096 2105
f 1943 2105 1955
f 1943 1956 1944
f 1943 1955 1956
f 2107 2108 1958
f 2107 1958 1957
f 2108 2109 1959
f 2108 1959 1958
f 1946 2109 2098
f 1946 1959 2109
f 1947 2099 2110
f 1947 2110 1960
f 1952 1953 2101
f 1953 2102 2101
f 1952 1962 1953
f 1952 1961 1962
f 1953 2111 2102
f 1953 1962 2111
f 1954 1955 2104
f 1955 2105 2104
f 1954 2104 2117
f 1954 2117 1968
f 1954 1969 1955
f 1954 1968 1969
f 2106 2107 2119
f 2107 2120 2119
f 2119 2120 1971
f 2119 1971 1970
f 1957 2120 2107
f 1957 1971 2120
f 1960 2110 2121
f 1960 2121 1973
f 1962 1963 2111
f 1963 2112 2111
f 1963 1964 2112
f 1964 2113 2112
f 1963 1975 1964
f 1963 1974 1975
f 1964 1965 2113
f 1965 2114 2113
f 1964 1976 1965
f 1964 1975 1976
f 1965 1966 2114
f 1966 2115 2114
f 1965 1977 1966
f 1965 1976 1977
f 1966 1967 2115
f 1967 2116 2115
f 1966 1978 1967
f 1966 1977 1978
f 1967 1968 2116
f 1968 2117 2116
f 1967 1979 1968
f 1967 1978 1979
f 2118 2119 2124
f 2119 2125 2124
f 2124 2125 1981
f 2124 1981 1980
f 1970 2125 2119
f 1970 1981 2125
f 2121 2122 2126
f 2122 2127 2126
f 1973 2121 2126
f 1973 2126 1983
f 2128 2129 1985
f 2128 1985 1984
f 2123 2124 2129
f 2124 2130 2129
f 2129 2130 1986
f 2129 1986 1985
f 1980 2130 2124
f 1980 1986 2130
f 2126 2127 2131
f 2127 2132 2131
f 1983 2126 2131
f 1983 2131 1988
f 2131 2132 1989
f 2131 1989 1988
f 2136 2137 1992
f 2136 1992 1991
f 2137 2138 1993
f 2137 1993 1992
f 2138 2139 1994
f 2138 1994 1993
f 2139 2140 1995
f 2139 1995 1994
f 2140 2141 1996
f 2140 1996 1995
f 1984 2141 2128
f 1984 1996 2141
f 2132 2133 2142
f 2133 2143 2142
f 1989 2132 2142
f 1989 2142 2000
f 2142 2143 2001
f 2142 2001 2000
f 2133 2134 2143
f 2134 2144 2143
f 2143 2144 2002
f 2143 2002 2001
f 2144 2145 2003
f 2144 2003 2002
f 2145 2146 2004
f 2145 2004 2003
f 2146 2147 2005
f 2146 2005 2004
f 2147 2148 2006
f 2147 2006 2005
f 2148 2149 2007
f 2148 2007 2006
f 2149 2150 2008
f 2149 2008 2007
f 2150 2151 2009
f 2150 2009 2008
f 2151 2152 2010
f 2151 2010 2009
f 2135 2136 2152
f 2136 2153 2152
f 1990 2011 1991
f 1990 2010 2011
f 2152 2153 2011
f 2152 2011 2010
f 1991 2153 2136
f 1991 2011 2153
f 2030 2031 2154
f 2031 2155 2154
f 2154 2155 2162
f 2155 2163 2162
f 2030 2154 2162
f 2030 2162 2040
f 2030 2041 2031
f 2030 2040 2041
f 2031 2032 2155
f 2032 2156 2155
f 2155 2156 2163
f 2156 2164 2163
f 2032 2033 2156
f 2033 2157 2156
f 2033 2034 2157
f 2034 2158 2157
f 2034 2035 2158
f 2035 2159 2158
f 2158 2159 2165
f 2159 2166 2165
f 2035 2036 2159
f 2036 2160 2159
f 2159 2160 2166
f 2160 2167 2166
f 2036 2167 2160
f 2036 2042 2167
f 2039 2040 2161
f 2040 2162 2161
f 2039 2161 2168
f 2039 2168 2045
f 2039 2046 2040
f 2039 2045 2046
f 2168 2169 2046
f 2168 2046 2045
f 2169 2170 2047
f 2169 2047 2046
f 2165 2166 2171
f 2166 2172 2171
f 2166 2167 2172
f 2167 2173 2172
f 2042 2173 2167
f 2042 2049 2173
f 2047 2170 2178
f 2047 2178 2054
f 2047 2055 2048
f 2047 2054 2055
f 2049 2050 2173
f 2050 2174 2173
f 2050 2051 2174
f 2051 2175 2174
f 2174 2175 2179
f 2175 2180 2179
f 2051 2180 2175
f 2051 2056 2180
f 2054 2178 2186
f 2054 2186 2060
f 2054 2061 2055
f 2054 2060 2061
f 2179 2180 2187
f 2180 2188 2187
f 2056 2057 2180
f 2057 2181 2180
f 2180 2181 2188
f 2181 2189 2188
f 2057 2058 2181
f 2058 2182 2181
f 2181 2182 2189
f 2182 2190 2189
f 2058 2059 2182
f 2059 2183 2182
f 2182 2183 2190
f 2183 2191 2190
f 2059 2191 2183
f 2059 2062 2191
f 2060 2186 2194
f 2060 2194 2063
f 2060 2064 2061
f 2060 2063 2064
f 2187 2188 2195
f 2188 2196 2195
f 2188 2189 2196
f 2189 2197 2196
f 2189 2190 2197
f 2190 2198 2197
f 2190 2191 2198
f 2191 2199 2198
f 2062 2199 2191
f 2062 2065 2199
f 2063 2194 2202
f 2063 2202 2066
f 2063 2067 2064
f 2063 2066 2067
f 2195 2196 2204
f 2196 2205 2204
f 2196 2197 2205
f 2197 2206 2205
f 2197 2198 2206
f 2198 2207 2206
f 2198 2199 2207
f 2199 2208 2207
f 2065 2208 2199
f 2065 2068 2208
f 2066 2202 2211
f 2066 2211 2069
f 2066 2070 2067
f 2066 2069 2070
f 2203 2204 2212
f 2204 2213 2212
f 2204 2205 2213
f 2205 2214 2213
f 2205 2206 2214
f 2206 2215 2214
f 2206 2207 2215
f 2207 2216 2215
f 2207 2208 2216
f 2208 2217 2216
f 2068 2217 2208
f 2068 2071 2217
f 2069 2211 2222
f 2069 2222 2074
f 2069 2075 2070
f 2069 2074 2075
f 2212 2213 2223
f 2213 2224 2223
f 2213 2214 2224
f 2214 2225 2224
f 2214 2215 2225
f 2215 2226 2225
f 2215 2216 2226
f 2216 2227 2226
f 2216 2217 2227
f 2217 2228 2227
f 2071 2228 2217
f 2071 2076 2228
f 2072 2073 2218
f 2073 2219 2218
f 2218 2219 2229
f 2219 2230 2229
f 2072 2218 2229
f 2072 2229 2077
f 2072 2078 2073
f 2072 2077 2078
f 2229 2230 2078
f 2229 2078 2077
f 2073 2230 2219
f 2073 2078 2230
f 2074 2222 2233
f 2074 2233 2079
f 2074 2080 2075
f 2074 2079 2080
f 2223 2224 2234
f 2224 2235 2234
f 2224 2225 2235
f 2225 2236 2235
f 2225 2226 2236
f 2226 2237 2236
f 2226 2227 2237
f 2227 2238 2237
f 2227 2228 2238
f 2228 2239 2238
f 2076 2239 2228
f 2076 2081 2239
f 2079 2233 2247
f 2079 2247 2087
f 2079 2088 2080
f 2079 2087 2088
f 2234 2235 2248
f 2235 2249 2248
f 2235 2236 2249
f 2236 2250 2249
f 2236 2237 2250
f 2237 2251 2250
f 2237 2238 2251
f 2238 2252 2251
f 2238 2239 2252
f 2239 2253 2252
f 2081 2253 2239
f 2081 2089 2253
f 2082 2083 2240
f 2083 2241 2240
f 2240 2241 2254
f 2241 2255 2254
f 2082 2240 2254
f 2082 2254 2090
f 2254 2255 2091
f 2254 2091 2090
f 2083 2084 2241
f 2084 2242 2241
f 2084 2085 2242
f 2085 2243 2242
f 2085 2086 2243
f 2086 2244 2243
f 2086 2256 2244
f 2086 2092 2256
f 2087 2247 2261
f 2087 2261 2096
f 2087 2097 2088
f 2087 2096 2097
f 2249 2250 2262
f 2250 2263 2262
f 2250 2251 2263
f 2251 2264 2263
f 2251 2252 2264
f 2252 2265 2264
f 2252 2253 2265
f 2253 2266 2265
f 2089 2266 2253
f 2089 2098 2266
f 2091 2255 2268
f 2091 2268 2100
f 2092 2093 2256
f 2093 2257 2256
f 2093 2270 2257
f 2093 2101 2270
f 2094 2095 2259
f 2095 2260 2259
f 2094 2259 2276
f 2094 2276 2103
f 2094 2104 2095
f 2094 2103 2104
f 2095 2096 2260
f 2096 2261 2260
f 2095 2105 2096
f 2095 2104 2105
f 2262 2263 2277
f 2263 2278 2277
f 2263 2264 2278
f 2264 2279 2278
f 2278 2279 2107
f 2278 2107 2106
f 2264 2265 2279
f 2265 2280 2279
f 2279 2280 2108
f 2279 2108 2107
f 2265 2266 2280
f 2266 2281 2280
f 2280 2281 2109
f 2280 2109 2108
f 2098 2281 2266
f 2098 2109 2281
f 2099 2100 2267
f 2100 2268 2267
f 2267 2268 2282
f 2268 2283 2282
f 2099 2267 2282
f 2099 2282 2110
f 2268 2269 2283
f 2269 2284 2283
f 2101 2102 2270
f 2102 2271 2270
f 2102 2286 2271
f 2102 2111 2286
f 2103 2276 2291
f 2103 2291 2116
f 2103 2117 2104
f 2103 2116 2117
f 2277 2278 2294
f 2278 2295 2294
f 2294 2295 2119
f 2294 2119 2118
f 2106 2295 2278
f 2106 2119 2295
f 2282 2283 2296
f 2283 2297 2296
f 2110 2282 2296
f 2110 2296 2121
f 2296 2297 2122
f 2296 2122 2121
f 2283 2284 2297
f 2284 2298 2297
f 2284 2285 2298
f 2285 2299 2298
f 2111 2112 2286
f 2112 2287 2286
f 2112 2113 2287
f 2113 2288 2287
f 2113 2114 2288
f 2114 2289 2288
f 2114 2115 2289
f 2115 2290 2289
f 2115 2116 2290
f 2116 2291 2290
f 2292 2293 2300
f 2293 2301 2300
f 2293 2294 2301
f 2294 2302 2301
f 2301 2302 2124
f 2301 2124 2123
f 2118 2302 2294
f 2118 2124 2302
f 2297 2298 2303
f 2298 2304 2303
f 2122 2297 2303
f 2122 2303 2127
f 2300 2301 2309
f 2301 2310 2309
f 2309 2310 2129
f 2309 2129 2128
f 2123 2310 2301
f 2123 2129 2310
f 2303 2304 2311
f 2304 2312 2311
f 2127 2303 2311
f 2127 2311 2132
f 2311 2312 2133
f 2311 2133 2132
f 2304 2305 2312
f 2305 2313 2312
f 2312 2313 2134
f 2312 2134 2133
f 2305 2306 2313
f 2306 2314 2313
f 2317 2318 2136
f 2317 2136 2135
f 2318 2319 2137
f 2318 2137 2136
f 2319 2320 2138
f 2319 2138 2137
f 2320 2321 2139
f 2320 2139 2138
f 2307 2308 2321
f 2308 2322 2321
f 2321 2322 2140
f 2321 2140 2139
f 2308 2309 2322
f 2309 2323 2322
f 2322 2323 2141
f 2322 2141 2140
f 2128 2323 2309
f 2128 2141 2323
f 2313 2314 2324
f 2314 2325 2324
f 2134 2313 2324
f 2134 2324 2144
f 2324 2325 2145
f 2324 2145 2144
f 2314 2315 2325
f 2315 2326 2325
f 2325 2326 2146
f 2325 2146 2145
f 2315 2316 2326
f 2316 2327 2326
f 2326 2327 2147
f 2326 2147 2146
f 2327 2328 2148
f 2327 2148 2147
f 2328 2329 2149
f 2328 2149 2148
f 2329 2330 2150
f 2329 2150 2149
f 2330 2331 2151
f 2330 2151 2150
f 2331 2332 2152
f 2331 2152 2151
f 2135 2332 2317
f 2135 2152 2332
f 2156 2157 2333
f 2157 2334 2333
f 2333 2334 2339
f 2334 2340 2339
f 2156 2333 2339
f 2156 2339 2164
f 2157 2158 2334
f 2158 2335 2334
f 2334 2335 2340
f 2335 2341 2340
f 2158 2341 2335
f 2158 2165 2341
f 2161 2162 2336
f 2162 2337 2336
f 2336 2337 2342
f 2337 2343 2342
f 2161 2336 2342
f 2161 2342 2168
f 2162 2163 2337
f 2163 2338 2337
f 2163 2164 2338
f 2164 2339 2338
f 2340 2341 2344
f 2341 2345 2344
f 2165 2345 2341
f 2165 2171 2345
f 2168 2342 2349
f 2168 2349 2176
f 2168 2177 2169
f 2168 2176 2177
f 2169 2178 2170
f 2169 2177 2178
f 2171 2172 2345
f 2172 2346 2345
f 2172 2173 2346
f 2173 2347 2346
f 2173 2174 2347
f 2174 2348 2347
f 2347 2348 2350
f 2348 2351 2350
f 2174 2351 2348
f 2174 2179 2351
f 2176 2349 2353
f 2176 2353 2184
f 2176 2185 2177
f 2176 2184 2185
f 2177 2186 2178
f 2177 2185 2186
f 2350 2351 2354
f 2351 2355 2354
f 2179 2355 2351
f 2179 2187 2355
f 2184 2353 2357
f 2184 2357 2192
f 2184 2193 2185
f 2184 2192 2193
f 2185 2194 2186
f 2185 2193 2194
f 2354 2355 2358
f 2355 2359 2358
f 2187 2359 2355
f 2187 2195 2359
f 2192 2357 2362
f 2192 2362 2200
f 2192 2201 2193
f 2192 2200 2201
f 2193 2202 2194
f 2193 2201 2202
f 2358 2359 2364
f 2359 2365 2364
f 2364 2365 2204
f 2364 2204 2203
f 2195 2365 2359
f 2195 2204 2365
f 2200 2362 2368
f 2200 2368 2209
f 2200 2210 2201
f 2200 2209 2210
f 2201 2211 2202
f 2201 2210 2211
f 2363 2364 2369
f 2364 2370 2369
f 2203 2370 2364
f 2203 2212 2370
f 2209 2368 2373
f 2209 2373 2220
f 2209 2221 2210
f 2209 2220 2221
f 2210 2222 2211
f 2210 2221 2222
f 2369 2370 2374
f 2370 2375 2374
f 2212 2375 2370
f 2212 2223 2375
f 2220 2373 2378
f 2220 2378 2231
f 2220 2232 2221
f 2220 2231 2232
f 2221 2233 2222
f 2221 2232 2233
f 2223 2380 2375
f 2223 2234 2380
f 2231 2378 2389
f 2231 2389 2245
f 2231 2246 2232
f 2231 2245 2246
f 2232 2247 2233
f 2232 2246 2247
f 2379 2380 2390
f 2380 2391 2390
f 2234 2391 2380
f 2234 2248 2391
f 2241 2242 2381
f 2242 2382 2381
f 2381 2382 2393
f 2382 2394 2393
f 2241 2381 2393
f 2241 2393 2255
f 2242 2243 2382
f 2243 2383 2382
f 2382 2383 2394
f 2383 2395 2394
f 2243 2244 2383
f 2244 2384 2383
f 2383 2384 2395
f 2384 2396 2395
f 2244 2396 2384
f 2244 2256 2396
f 2245 2389 2403
f 2245 2403 2259
f 2245 2260 2246
f 2245 2259 2260
f 2246 2261 2247
f 2246 2260 2261
f 2248 2249 2391
f 2249 2392 2391
f 2391 2392 2404
f 2392 2405 2404
f 2249 2405 2392
f 2249 2262 2405
f 2393 2394 2406
f 2394 2407 2406
f 2255 2393 2406
f 2255 2406 2268
f 2406 2407 2269
f 2406 2269 2268
f 2256 2257 2396
f 2257 2397 2396
f 2257 2409 2397
f 2257 2270 2409
f 2258 2259 2402
f 2259 2403 2402
f 2258 2402 2414
f 2258 2414 2275
f 2258 2276 2259
f 2258 2275 2276
f 2404 2405 2416
f 2405 2417 2416
f 2262 2417 2405
f 2262 2277 2417
f 2407 2408 2418
f 2408 2419 2418
f 2269 2407 2418
f 2269 2418 2284
f 2418 2419 2285
f 2418 2285 2284
f 2270 2271 2409
f 2271 2410 2409
f 2271 2272 2410
f 2272 2411 2410
f 2271 2287 2272
f 2271 2286 2287
f 2272 2273 2411
f 2273 2412 2411
f 2272 2288 2273
f 2272 2287 2288
f 2273 2274 2412
f 2274 2413 2412
f 2273 2289 2274
f 2273 2288 2289
f 2274 2275 2413
f 2275 2414 2413
f 2274 2290 2275
f 2274 2289 2290
f 2275 2291 2276
f 2275 2290 2291
f 2415 2416 2421
f 2416 2422 2421
f 2421 2422 2293
f 2421 2293 2292
f 2416 2417 2422
f 2417 2423 2422
f 2422 2423 2294
f 2422 2294 2293
f 2277 2423 2417
f 2277 2294 2423
f 2419 2420 2425
f 2420 2426 2425
f 2285 2419 2425
f 2285 2425 2299
f 2292 2430 2421
f 2292 2300 2430
f 2298 2299 2424
f 2299 2425 2424
f 2424 2425 2431
f 2425 2432 2431
f 2298 2424 2431
f 2298 2431 2304
f 2431 2432 2305
f 2431 2305 2304
f 2425 2426 2432
f 2426 2433 2432
f 2432 2433 2306
f 2432 2306 2305
f 2427 2428 2436
f 2428 2437 2436
f 2428 2429 2437
f 2429 2438 2437
f 2437 2438 2308
f 2437 2308 2307
f 2429 2430 2438
f 2430 2439 2438
f 2438 2439 2309
f 2438 2309 2308
f 2300 2439 2430
f 2300 2309 2439
f 2433 2434 2440
f 2434 2441 2440
f 2306 2433 2440
f 2306 2440 2314
f 2440 2441 2315
f 2440 2315 2314
f 2441 2442 2316
f 2441 2316 2315
f 2447 2448 2318
f 2447 2318 2317
f 2448 2449 2319
f 2448 2319 2318
f 2435 2436 2449
f 2436 2450 2449
f 2449 2450 2320
f 2449 2320 2319
f 2436 2437 2450
f 2437 2451 2450
f 2450 2451 2321
f 2450 2321 2320
f 2307 2451 2437
f 2307 2321 2451
f 2442 2443 2452
f 2443 2453 2452
f 2316 2442 2452
f 2316 2452 2327
f 2452 2453 2328
f 2452 2328 2327
f 2443 2444 2453
f 2444 2454 2453
f 2453 2454 2329
f 2453 2329 2328
f 2444 2445 2454
f 2445 2455 2454
f 2454 2455 2330
f 2454 2330 2329
f 2445 2446 2455
f 2446 2456 2455
f 2455 2456 2331
f 2455 2331 2330
f 2446 2447 2456
f 2447 2457 2456
f 2456 2457 2332
f 2456 2332 2331
f 2317 2457 2447
f 2317 2332 2457
f 2337 2338 2458
f 2338 2459 2458
f 2458 2459 2466
f 2459 2467 2466
f 2337 2458 2466
f 2337 2466 2343
f 2338 2339 2459
f 2339 2460 2459
f 2459 2460 2467
f 2460 2468 2467
f 2339 2340 2460
f 2340 2461 2460
f 2460 2461 2468
f 2461 2469 2468
f 2340 2469 2461
f 2340 2344 2469
f 2342 2343 2465
f 2343 2466 2465
f 2342 2465 2476
f 2342 2476 2349
f 2344 2345 2469
f 2345 2470 2469
f 2345 2346 2470
f 2346 2471 2470
f 2470 2471 2477
f 2471 2478 2477
f 2346 2347 2471
f 2347 2472 2471
f 2471 2472 2478
f 2472 2479 2478
f 2347 2479 2472
f 2347 2350 2479
f 2349 2476 2483
f 2349 2483 2353
f 2478 2479 2484
f 2479 2485 2484
f 2350 2485 2479
f 2350 2354 2485
f 2352 2353 2482
f 2353 2483 2482
f 2352 2482 2488
f 2352 2488 2356
f 2352 2357 2353
f 2352 2356 2357
f 2354 2489 2485
f 2354 2358 2489
f 2356 2488 2492
f 2356 2492 2361
f 2356 2362 2357
f 2356 2361 2362
f 2493 2494 2364
f 2493 2364 2363
f 2358 2494 2489
f 2358 2364 2494
f 2360 2361 2491
f 2361 2492 2491
f 2360 2491 2496
f 2360 2496 2366
f 2360 2367 2361
f 2360 2366 2367
f 2496 2497 2367
f 2496 2367 2366
f 2361 2368 2362
f 2361 2367 2368
f 2363 2498 2493
f 2363 2369 2498
f 2367 2497 2501
f 2367 2501 2372
f 2367 2373 2368
f 2367 2372 2373
f 2369 2503 2498
f 2369 2374 2503
f 2371 2372 2500
f 2372 2501 2500
f 2371 2500 2506
f 2371 2506 2376
f 2371 2377 2372
f 2371 2376 2377
f 2372 2378 2373
f 2372 2377 2378
f 2502 2503 2507
f 2503 2508 2507
f 2374 2375 2503
f 2375 2504 2503
f 2503 2504 2508
f 2504 2509 2508
f 2508 2509 2380
f 2508 2380 2379
f 2375 2509 2504
f 2375 2380 2509
f 2376 2506 2513
f 2376 2513 2387
f 2376 2388 2377
f 2376 2387 2388
f 2377 2389 2378
f 2377 2388 2389
f 2507 2508 2514
f 2508 2515 2514
f 2379 2515 2508
f 2379 2390 2515
f 2385 2386 2511
f 2386 2512 2511
f 2385 2511 2522
f 2385 2522 2399
f 2385 2400 2386
f 2385 2399 2400
f 2386 2387 2512
f 2387 2513 2512
f 2386 2401 2387
f 2386 2400 2401
f 2387 2402 2388
f 2387 2401 2402
f 2388 2403 2389
f 2388 2402 2403
f 2390 2391 2515
f 2391 2516 2515
f 2515 2516 2523
f 2516 2524 2523
f 2391 2524 2516
f 2391 2404 2524
f 2394 2395 2517
f 2395 2518 2517
f 2517 2518 2525
f 2518 2526 2525
f 2394 2517 2525
f 2394 2525 2407
f 2525 2526 2408
f 2525 2408 2407
f 2395 2396 2518
f 2396 2519 2518
f 2518 2519 2526
f 2519 2527 2526
f 2396 2397 2519
f 2397 2520 2519
f 2519 2520 2527
f 2520 2528 2527
f 2397 2398 2520
f 2398 2521 2520
f 2520 2521 2528
f 2521 2529 2528
f 2397 2410 2398
f 2397 2409 2410
f 2398 2399 2521
f 2399 2522 2521
f 2398 2411 2399
f 2398 2410 2411
f 2399 2412 2400
f 2399 2411 2412
f 2400 2413 2401
f 2400 2412 2413
f 2401 2414 2402
f 2401 2413 2414
f 2523 2524 2532
f 2524 2533 2532
f 2532 2533 2416
f 2532 2416 2415
f 2404 2533 2524
f 2404 2416 2533
f 2526 2527 2534
f 2527 2535 2534
f 2408 2526 2534
f 2408 2534 2419
f 2534 2535 2420
f 2534 2420 2419
f 2530 2531 2537
f 2531 2538 2537
f 2531 2532 2538
f 2532 2539 2538
f 2415 2539 2532
f 2415 2421 2539
f 2535 2536 2540
f 2536 2541 2540
f 2420 2535 2540
f 2420 2540 2426
f 2545 2546 2428
f 2545 2428 2427
f 2537 2538 2546
f 2538 2547 2546
f 2546 2547 2429
f 2546 2429 2428
f 2538 2539 2547
f 2539 2548 2547
f 2547 2548 2430
f 2547 2430 2429
f 2421 2548 2539
f 2421 2430 2548
f 2540 2541 2549
f 2541 2550 2549
f 2426 2540 2549
f 2426 2549 2433
f 2549 2550 2434
f 2549 2434 2433
f 2542 2543 2556
f 2543 2557 2556
f 2543 2544 2557
f 2544 2558 2557
f 2544 2545 2558
f 2545 2559 2558
f 2558 2559 2436
f 2558 2436 2435
f 2427 2559 2545
f 2427 2436 2559
f 2550 2551 2560
f 2551 2561 2560
f 2434 2550 2560
f 2434 2560 2441
f 2560 2561 2442
f 2560 2442 2441
f 2551 2552 2561
f 2552 2562 2561
f 2561 2562 2443
f 2561 2443 2442
f 2552 2553 2562
f 2553 2563 2562
f 2562 2563 2444
f 2562 2444 2443
f 2553 2554 2563
f 2554 2564 2563
f 2563 2564 2445
f 2563 2445 2444
f 2554 2555 2564
f 2555 2565 2564
f 2564 2565 2446
f 2564 2446 2445
f 2555 2556 2565
f 2556 2566 2565
f 2565 2566 2447
f 2565 2447 2446
f 2556 2557 2566
f 2557 2567 2566
f 2566 2567 2448
f 2566 2448 2447
f 2557 2558 2567
f 2558 2568 2567
f 2567 2568 2449
f 2567 2449 2448
f 2435 2568 2558
f 2435 2449 2568
f 2462 2463 2569
f 2463 2570 2569
f 2569 2570 2578
f 2570 2579 2578
f 2462 2569 2578
f 2462 2578 2473
f 2462 2474 2463
f 2462 2473 2474
f 2463 2464 2570
f 2464 2571 2570
f 2570 2571 2579
f 2571 2580 2579
f 2463 2475 2464
f 2463 2474 2475
f 2464 2465 2571
f 2465 2572 2571
f 2571 2572 2580
f 2572 2581 2580
f 2464 2476 2465
f 2464 2475 2476
f 2465 2466 2572
f 2466 2573 2572
f 2466 2467 2573
f 2467 2574 2573
f 2467 2468 2574
f 2468 2575 2574
f 2468 2469 2575
f 2469 2576 2575
f 2575 2576 2582
f 2576 2583 2582
f 2469 2470 2576
f 2470 2577 2576
f 2576 2577 2583
f 2577 2584 2583
f 2470 2584 2577
f 2470 2477 2584
f 2578 2579 2586
f 2579 2587 2586
f 2473 2578 2586
f 2473 2586 2480
f 2473 2481 2474
f 2473 2480 2481
f 2579 2580 2587
f 2580 2588 2587
f 2474 2482 2475
f 2474 2481 2482
f 2475 2483 2476
f 2475 2482 2483
f 2583 2584 2589
f 2584 2590 2589
f 2477 2478 2584
f 2478 2585 2584
f 2584 2585 2590
f 2585 2591 2590
f 2478 2591 2585
f 2478 2484 2591
f 2480 2586 2593
f 2480 2593 2486
f 2480 2487 2481
f 2480 2486 2487
f 2481 2488 2482
f 2481 2487 2488
f 2484 2485 2591
f 2485 2592 2591
f 2591 2592 2596
f 2592 2597 2596
f 2485 2597 2592
f 2485 2489 2597
f 2593 2594 2598
f 2594 2599 2598
f 2486 2593 2598
f 2486 2598 2490
f 2486 2491 2487
f 2486 2490 2491
f 2487 2492 2488
f 2487 2491 2492
f 2595 2596 2600
f 2596 2601 2600
f 2596 2597 2601
f 2597 2602 2601
f 2601 2602 2494
f 2601 2494 2493
f 2489 2602 2597
f 2489 2494 2602
f 2490 2598 2603
f 2490 2603 2495
f 2490 2496 2491
f 2490 2495 2496
f 2603 2604 2496
f 2603 2496 2495
f 2600 2601 2606
f 2601 2607 2606
f 2493 2607 2601
f 2493 2498 2607
f 2496 2604 2610
f 2496 2610 2500
f 2496 2501 2497
f 2496 2500 2501
f 2605 2606 2611
f 2606 2612 2611
f 2606 2607 2612
f 2607 2613 2612
f 2612 2613 2503
f 2612 2503 2502
f 2498 2613 2607
f 2498 2503 2613
f 2499 2500 2609
f 2500 2610 2609
f 2499 2609 2615
f 2499 2615 2505
f 2499 2506 2500
f 2499 2505 2506
f 2611 2612 2616
f 2612 2617 2616
f 2502 2617 2612
f 2502 2507 2617
f 2505 2615 2620
f 2505 2620 2512
f 2505 2513 2506
f 2505 2512 2513
f 2616 2617 2621
f 2617 2622 2621
f 2507 2622 2617
f 2507 2514 2622
f 2510 2511 2618
f 2511 2619 2618
f 2510 2618 2624
f 2510 2624 2521
f 2510 2522 2511
f 2510 2521 2522
f 2511 2512 2619
f 2512 2620 2619
f 2514 2515 2622
f 2515 2623 2622
f 2622 2623 2626
f 2623 2627 2626
f 2515 2627 2623
f 2515 2523 2627
f 2521 2624 2630
f 2521 2630 2529
f 2625 2626 2632
f 2626 2633 2632
f 2632 2633 2531
f 2632 2531 2530
f 2626 2627 2633
f 2627 2634 2633
f 2633 2634 2532
f 2633 2532 2531
f 2523 2634 2627
f 2523 2532 2634
f 2527 2528 2628
f 2528 2629 2628
f 2628 2629 2635
f 2629 2636 2635
f 2527 2628 2635
f 2527 2635 2535
f 2635 2636 2536
f 2635 2536 2535
f 2528 2529 2629
f 2529 2630 2629
f 2631 2632 2640
f 2632 2641 2640
f 2530 2641 2632
f 2530 2537 2641
f 2636 2637 2642
f 2637 2643 2642
f 2536 2636 2642
f 2536 2642 2541
f 2637 2638 2643
f 2638 2644 2643
f 2648 2649 2543
f 2648 2543 2542
f 2649 2650 2544
f 2649 2544 2543
f 2639 2640 2650
f 2640 2651 2650
f 2650 2651 2545
f 2650 2545 2544
f 2640 2641 2651
f 2641 2652 2651
f 2651 2652 2546
f 2651 2546 2545
f 2537 2652 2641
f 2537 2546 2652
f 2642 2643 2653
f 2643 2654 2653
f 2541 2642 2653
f 2541 2653 2550
f 2653 2654 2551
f 2653 2551 2550
f 2643 2644 2654
f 2644 2655 2654
f 2654 2655 2552
f 2654 2552 2551
f 2644 2645 2655
f 2645 2656 2655
f 2655 2656 2553
f 2655 2553 2552
f 2645 2646 2656
f 2646 2657 2656
f 2656 2657 2554
f 2656 2554 2553
f 2646 2647 2657
f 2647 2658 2657
f 2657 2658 2555
f 2657 2555 2554
f 2647 2648 2658
f 2648 2659 2658
f 2658 2659 2556
f 2658 2556 2555
f 2542 2659 2648
f 2542 2556 2659
f 2572 2573 2660
f 2573 2661 2660
f 2660 2661 2665
f 2661 2666 2665
f 2572 2660 2665
f 2572 2665 2581
f 2573 2574 2661
f 2574 2662 2661
f 2661 2662 2666
f 2662 2667 2666
f 2574 2575 2662
f 2575 2663 2662
f 2662 2663 2667
f 2663 2668 2667
f 2575 2668 2663
f 2575 2582 2668
f 2580 2581 2664
f 2581 2665 2664
f 2664 2665 2672
f 2665 2673 2672
f 2580 2664 2672
f 2580 2672 2588
f 2665 2666 2673
f 2666 2674 2673
f 2666 2667 2674
f 2667 2675 2674
f 2667 2668 2675
f 2668 2676 2675
f 2582 2583 2668
f 2583 2669 2668
f 2668 2669 2676
f 2669 2677 2676
f 2583 2677 2669
f 2583 2589 2677
f 2586 2587 2670
f 2587 2671 2670
f 2670 2671 2680
f 2671 2681 2680
f 2586 2670 2680
f 2586 2680 2593
f 2680 2681 2594
f 2680 2594 2593
f 2587 2588 2671
f 2588 2672 2671
f 2671 2672 2681
f 2672 2682 2681
f 2672 2673 2682
f 2673 2683 2682
f 2673 2674 2683
f 2674 2684 2683
f 2674 2675 2684
f 2675 2685 2684
f 2675 2676 2685
f 2676 2686 2685
f 2676 2677 2686
f 2677 2687 2686
f 2589 2590 2677
f 2590 2678 2677
f 2677 2678 2687
f 2678 2688 2687
f 2590 2591 2678
f 2591 2679 2678
f 2678 2679 2688
f 2679 2689 2688
f 2688 2689 2596
f 2688 2596 2595
f 2591 2689 2679
f 2591 2596 2689
f 2681 2682 2691
f 2682 2692 2691
f 2594 2681 2691
f 2594 2691 2599
f 2682 2683 2692
f 2683 2693 2692
f 2683 2684 2693
f 2684 2694 2693
f 2684 2685 2694
f 2685 2695 2694
f 2685 2686 2695
f 2686 2696 2695
f 2686 2687 2696
f 2687 2697 2696
f 2687 2688 2697
f 2688 2698 2697
f 2595 2698 2688
f 2595 2600 2698
f 2598 2599 2690
f 2599 2691 2690
f 2690 2691 2699
f 2691 2700 2699
f 2598 2690 2699
f 2598 2699 2603
f 2699 2700 2604
f 2699 2604 2603
f 2691 2692 2700
f 2692 2701 2700
f 2692 2693 2701
f 2693 2702 2701
f 2693 2694 2702
f 2694 2703 2702
f 2694 2695 2703
f 2695 2704 2703
f 2695 2696 2704
f 2696 2705 2704
f 2696 2697 2705
f 2697 2706 2705
f 2697 2698 2706
f 2698 2707 2706
f 2706 2707 2606
f 2706 2606 2605
f 2600 2707 2698
f 2600 2606 2707
f 2700 2701 2710
f 2701 2711 2710
f 2604 2700 2710
f 2604 2710 2610
f 2701 2702 2711
f 2702 2712 2711
f 2702 2703 2712
f 2703 2713 2712
f 2703 2704 2713
f 2704 2714 2713
f 2704 2705 2714
f 2705 2715 2714
f 2705 2706 2715
f 2706 2716 2715
f 2605 2716 2706
f 2605 2611 2716
f 2608 2609 2708
f 2609 2709 2708
f 2708 2709 2717
f 2709 2718 2717
f 2608 2708 2717
f 2608 2717 2614
f 2608 2615 2609
f 2608 2614 2615
f 2717 2718 2615
f 2717 2615 2614
f 2609 2610 2709
f 2610 2710 2709
f 2709 2710 2718
f 2710 2719 2718
f 2710 2711 2719
f 2711 2720 2719
f 2711 2712 2720
f 2712 2721 2720
f 2712 2713 2721
f 2713 2722 2721
f 2713 2714 2722
f 2714 2723 2722
f 2714 2715 2723
f 2715 2724 2723
f 2715 2716 2724
f 2716 2725 2724
f 2611 2725 2716
f 2611 2616 2725
f 2718 2719 2728
f 2719 2729 2728
f 2615 2718 2728
f 2615 2728 2620
f 2719 2720 2729
f 2720 2730 2729
f 2720 2721 2730
f 2721 2731 2730
f 2721 2722 2731
f 2722 2732 2731
f 2722 2723 2732
f 2723 2733 2732
f 2723 2724 2733
f 2724 2734 2733
f 2724 2725 2734
f 2725 2735 2734
f 2616 2735 2725
f 2616 2621 2735
f 2618 2619 2726
f 2619 2727 2726
f 2726 2727 2737
f 2727 2738 2737
f 2618 2726 2737
f 2618 2737 2624
f 2619 2620 2727
f 2620 2728 2727
f 2727 2728 2738
f 2728 2739 2738
f 2728 2729 2739
f 2729 2740 2739
f 2729 2730 2740
f 2730 2741 2740
f 2730 2731 2741
f 2731 2742 2741
f 2731 2732 2742
f 2732 2743 2742
f 2732 2733 2743
f 2733 2744 2743
f 2733 2734 2744
f 2734 2745 2744
f 2734 2735 2745
f 2735 2746 2745
f 2621 2622 2735
f 2622 2736 2735
f 2735 2736 2746
f 2736 2747 2746
f 2746 2747 2626
f 2746 2626 2625
f 2622 2747 2736
f 2622 2626 2747
f 2737 2738 2749
f 2738 2750 2749
f 2624 2737 2749
f 2624 2749 2630
f 2738 2739 2750
f 2739 2751 2750
f 2739 2740 2751
f 2740 2752 2751
f 2740 2741 2752
f 2741 2753 2752
f 2741 2742 2753
f 2742 2754 2753
f 2742 2743 2754
f 2743 2755 2754
f 2743 2744 2755
f 2744 2756 2755
f 2744 2745 2756
f 2745 2757 2756
f 2745 2746 2757
f 2746 2758 2757
f 2757 2758 2632
f 2757 2632 2631
f 2625 2758 2746
f 2625 2632 2758
f 2629 2630 2748
f 2630 2749 2748
f 2748 2749 2759
f 2749 2760 2759
f 2629 2748 2759
f 2629 2759 2636
f 2759 2760 2637
f 2759 2637 2636
f 2749 2750 2760
f 2750 2761 2760
f 2760 2761 2638
f 2760 2638 2637
f 2750 2751 2761
f 2751 2762 2761
f 2751 2752 2762
f 2752 2763 2762
f 2752 2753 2763
f 2753 2764 2763
f 2753 2754 2764
f 2754 2765 2764
f 2754 2755 2765
f 2755 2766 2765
f 2755 2756 2766
f 2756 2767 2766
f 2756 2757 2767
f 2757 2768 2767
f 2767 2768 2640
f 2767 2640 2639
f 2631 2768 2757
f 2631 2640 2768
f 2761 2762 2769
f 2762 2770 2769
f 2638 2761 2769
f 2638 2769 2644
f 2769 2770 2645
f 2769 2645 2644
f 2762 2763 2770
f 2763 2771 2770
f 2770 2771 2646
f 2770 2646 2645
f 2763 2764 2771
f 2764 2772 2771
f 2771 2772 2647
f 2771 2647 2646
f 2764 2765 2772
f 2765 2773 2772
f 2772 2773 2648
f 2772 2648 2647
f 2765 2766 2773
f 2766 2774 2773
f 2773 2774 2649
f 2773 2649 2648
f 2766 2767 2774
f 2767 2775 2774
f 2774 2775 2650
f 2774 2650 2649
f 2639 2775 2767
f 2639 2650 2775