v -167.647308 48.640278 401.464264
v -167.596252 48.555557 401.533600
v -167.879807 48.582886 401.046783
v -167.837280 48.600956 401.182159
v -167.843597 48.649803 401.366547
v -167.889664 48.709679 401.563965
v -168.023483 48.669796 401.767578
v -168.063583 48.544102 401.828888
v -168.134048 48.572651 401.052185
v -168.099899 48.719688 401.204773
v -168.168411 48.771858 401.366241
v -168.234314 48.794151 401.546478
v -168.332275 48.646339 401.709900
v -168.214615 48.624077 401.806702
v -168.380264 48.469894 400.877380
v -168.344910 48.529305 400.984772
v -168.393417 48.701668 401.185242
v -168.495407 48.756760 401.365051
v -168.558075 48.756813 401.559875
v -168.594498 48.602234 401.686432
v -168.581268 48.401001 400.898956
v -168.560684 48.619087 400.938080
v -168.677521 48.680313 401.157227
v -168.808441 48.721512 401.378326
v -168.905060 48.740181 401.559326
v -168.939163 48.592388 401.700653
v -168.877747 48.441063 401.058746
v -168.935165 48.547924 401.118500
v -169.048004 48.591702 401.338776
v -169.151550 48.615143 401.512329
v -169.113953 48.583698 401.605316
v -167.472961 48.121151 401.058716
v -167.451782 48.161011 401.213409
v -167.444809 48.284409 401.355957
v -167.525284 48.253258 401.553162
v -167.607971 48.208939 401.757874
v -167.652161 48.093258 401.900452
v -167.814056 48.080288 400.836945
v -167.715912 48.307171 400.925293
v -167.613266 48.394894 401.172791
v -167.594467 48.473320 401.314636
v -167.759491 48.604488 401.600525
v -167.793091 48.466064 401.747894
v -168.031952 48.344173 401.875549
v -168.063843 48.098724 402.051849
v -168.092468 48.064316 400.857788
v -167.907013 48.337158 400.951904
v -168.353928 48.425171 401.776062
v -168.403259 48.348640 401.863312
v -168.232590 48.175468 402.000336
v -168.293381 48.168930 400.820831
v -168.129990 48.413921 400.910126
v -168.613205 48.377514 401.779694
v -168.696869 48.115162 401.861633
v -168.478561 48.327888 400.788422
v -168.430511 48.271793 400.939453
v -168.946655 48.210091 401.731140
v -168.905487 48.108536 401.817474
v -168.863144 48.025421 400.873932
v -168.769455 48.376244 400.932922
v -168.988876 48.216896 401.186005
v -169.111313 48.240608 401.399811
v -169.169327 48.247787 401.576843
v -169.143845 48.221573 401.698303
v -164.056030 46.959591 399.500183
v -164.003448 46.998047 399.692566
v -164.061722 47.124657 399.969940
v -164.189529 47.235706 400.223236
v -164.325760 47.338486 400.512970
v -164.428436 47.305500 400.668365
v -164.655304 46.895500 399.509369
v -164.365341 47.023609 399.768005
v -164.404175 47.247387 399.947174
v -164.510986 47.364845 400.242523
v -164.628616 47.477425 400.513306
v -164.683777 47.515053 400.832123
v -164.939484 47.364422 400.967346
v -165.147018 47.030537 399.731171
v -164.775543 47.146713 399.900116
v -164.851410 47.255302 400.166687
v -164.984680 47.354980 400.439941
v -165.106888 47.444340 400.690948
v -165.117752 47.428131 400.882751
v -167.395828 48.008465 401.092865
v -167.481812 47.926807 401.131287
v -167.378235 47.890907 401.339996
v -167.421829 47.893307 401.583435
v -167.483963 47.877731 401.796936
v -167.652283 47.814430 401.950104
v -167.710678 47.617435 402.144745
v -167.757416 47.808399 400.785278
v -167.642670 47.953411 400.903961
v -167.718887 47.738937 401.091675
v -167.802002 48.091362 401.978516
v -168.038406 47.917992 402.099854
v -168.229645 47.688282 402.324341
v -168.009064 47.750496 400.795441
v -168.435013 47.990074 402.016876
v -168.454514 47.954185 402.086212
v -168.382172 47.790081 402.263275
v -168.297134 47.759220 400.774994
v -168.759430 47.950706 401.967804
v -168.880081 47.747444 402.097778
v -168.544785 47.785912 400.778229
v -169.071564 47.906502 401.823608
v -169.063873 47.902420 401.901398
v -169.080597 47.733860 402.052704
v -168.788055 47.881313 400.850708
v -168.851990 47.773033 400.996246
v -168.949173 47.765305 401.218140
v -169.039932 47.768551 401.412994
v -169.101578 47.750858 401.603058
v -169.169525 47.803909 401.733215
v -169.292923 47.662487 401.859863
v -163.052048 46.389771 399.398651
v -163.001450 46.338329 399.493896
v -163.430344 46.406796 399.374695
v -163.301285 46.547527 399.621246
v -163.590652 46.568481 399.824402
v -163.750610 46.580742 400.034454
v -164.046051 46.528988 399.250885
v -163.762009 46.563873 399.434937
v -163.719406 46.755177 399.616974
v -163.810410 46.866074 399.862244
v -163.861633 46.946915 400.247467
v -164.173752 47.012035 400.517151
v -164.390381 46.960815 400.685089
v -164.645462 46.461239 399.301270
v -164.228500 46.655369 399.476990
v -164.438248 46.628201 399.607117
v -164.706329 47.286224 400.826935
v -164.989258 47.175720 400.834045
v -164.833359 46.884277 399.847015
v -165.000229 46.976418 399.981537
v -165.167694 47.074100 400.295471
v -165.283096 47.161331 400.553894
v -165.153366 47.248497 400.773895
v -165.125534 47.245369 400.914124
v -165.629471 46.724072 399.777466
v -165.276260 46.791344 399.892090
v -165.419769 46.876953 400.171539
v -165.545059 46.935638 400.449799
v -165.561996 46.994228 400.585876
v -167.508667 47.203629 400.809296
v -167.413055 47.269527 400.967163
v -167.411758 47.495476 401.175354
v -167.335312 47.480881 401.392151
v -167.398529 47.478783 401.637604
v -167.457535 47.445869 401.829407
v -167.527878 47.388615 402.042175
v -167.766510 47.323772 402.249969
v -167.856995 47.235012 402.510529
v -167.961807 47.102520 402.747681
v -167.886902 47.167080 400.578308
v -167.667297 47.482437 400.715546
v -167.594254 47.508492 400.958466
v -167.538956 47.546886 401.097504
v -167.915527 47.647301 402.260406
v -168.237930 47.490444 402.436249
v -168.383408 47.344105 402.699249
v -168.143875 47.191608 400.627502
v -167.935822 47.447861 400.712463
v -168.642502 47.637249 402.276154
v -168.677383 47.615490 402.450287
v -168.845230 47.472706 402.651184
v -168.454346 47.203316 400.594269
v -168.259949 47.424862 400.699951
v -168.987167 47.606792 402.226959
v -169.151443 47.479588 402.447296
v -169.072815 47.436119 402.554749
v -168.652100 47.325306 400.657745
v -168.552429 47.565720 400.672272
v -169.307938 47.536327 402.048615
v -169.302124 47.553196 402.192810
v -169.385193 47.398941 402.300873
v -168.788544 47.555908 400.808167
v -168.963074 47.456913 400.949036
v -169.059601 47.413815 401.240112
v -169.177841 47.378094 401.464874
v -169.256897 47.388855 401.673309
v -169.401810 47.429165 401.852905
v -169.452133 47.472179 401.956360
v -169.600998 47.286858 402.087830
v -169.441376 47.257572 401.076843
v -169.362579 47.197140 401.113739
v -169.476456 47.146877 401.330322
v -169.545944 47.133888 401.551453
v -169.653824 47.172031 401.760681
v -169.770966 47.217869 401.866211
v -163.018448 46.047764 399.135559
v -162.779877 46.099277 399.277222
v -162.851578 46.141144 399.532440
v -163.073410 46.099430 399.721710
v -163.192780 46.038185 399.953491
v -163.409698 46.025692 399.137848
v -163.170715 46.192677 399.290955
v -163.217712 46.423286 399.613647
v -163.319565 46.320278 399.770233
v -163.466431 46.423584 400.219330
v -163.815475 46.384262 400.346069
v -163.930878 46.254765 400.470337
v -163.733200 46.200203 399.189301
v -163.549850 46.354378 399.288971
v -163.910828 46.705925 400.183990
v -164.028397 46.678921 400.406647
v -164.178436 46.689701 400.721191
v -164.543503 46.367920 400.757843
v -164.363968 46.271542 399.239532
v -164.391327 46.437305 399.478088
v -164.889206 46.301048 399.761475
v -164.792419 46.878471 400.786011
v -164.881699 46.730637 400.986481
v -165.146851 46.476303 401.269592
v -165.280716 46.351460 401.500641
v -165.598984 46.297237 402.521179
v -165.447083 46.342567 402.600677
v -165.450912 46.278206 402.809265
v -165.456390 46.214100 403.085876
v -165.569153 46.091366 403.273712
v -165.042938 46.199421 399.323303
v -164.892563 46.281593 399.430542
v -164.687958 46.515755 399.625732
v -165.305466 46.949924 400.781860
v -165.361786 46.775684 400.932678
v -165.368973 46.573917 401.188354
v -165.423843 46.471184 401.424469
v -165.990204 46.107548 402.463287
v -165.647812 46.360580 402.531219
v -165.652359 46.331070 402.725525
v -165.667389 46.223431 402.993286
v -165.720459 46.169277 403.208954
v -165.427185 46.331192 399.439453
v -165.329514 46.630127 399.796814
v -165.547302 46.697914 399.995209
v -165.713470 46.741142 400.282593
v -165.809784 46.788517 400.591217
v -165.752930 46.976391 400.802246
v -165.853195 46.901505 400.982147
v -166.052155 46.707745 401.256256
v -166.111023 46.657257 401.576752
v -166.145142 46.632530 401.815369
v -166.163712 46.594597 402.065887
v -166.196625 46.531574 402.303101
v -166.242981 46.465839 402.542053
v -166.275604 46.334484 402.801147
v -166.337173 46.223145 403.059174
v -166.504730 46.093864 403.243225
v -166.249344 46.239525 399.619293
v -165.704376 46.401455 399.632935
v -165.776840 46.535912 399.820496
v -166.017197 46.734962 400.233673
v -166.191986 46.773628 400.493469
v -166.284546 46.832397 400.752014
v -166.372452 46.902149 400.900970
v -166.259598 46.788349 401.168304
v -166.307022 46.704521 401.497101
v -166.330353 46.671795 401.739288
v -166.358078 46.646149 401.999878
v -166.393143 46.573082 402.246033
v -166.438629 46.524570 402.471710
v -166.489594 46.417385 402.736847
v -166.563354 46.320782 402.998871
v -166.652390 46.207588 403.188202
v -166.730331 46.650246 400.253784
v -166.704468 46.834400 400.449890
v -166.767853 46.901386 400.748718
v -166.867661 46.949337 400.961975
v -166.991470 46.819839 401.219788
v -167.070450 46.769093 401.526520
v -167.130432 46.755192 401.786896
v -167.165695 46.722984 402.032684
v -167.201920 46.660103 402.263611
v -167.267715 46.614613 402.493164
v -167.368683 46.580711 402.742126
v -167.479843 46.557579 403.016724
v -167.550140 46.442940 403.205963
v -167.466629 46.605671 400.380676
v -167.131180 46.838150 400.437225
v -167.219757 47.047112 400.748444
v -167.159164 47.101357 400.930817
v -167.173996 47.123932 401.166962
v -167.212433 47.119751 401.452881
v -167.265808 47.103596 401.700012
v -167.318466 47.075802 401.919189
v -167.387741 47.027428 402.125854
v -167.481003 46.977425 402.356354
v -167.581512 46.921677 402.620697
v -167.872223 46.880219 402.933746
v -168.001129 46.695580 403.180695
v -167.809128 46.598816 400.312012
v -167.657288 46.960224 400.485504
v -167.431946 47.072781 400.570618
v -168.464096 47.108032 402.909607
v -168.525436 46.881168 403.120819
v -168.235031 46.625637 400.375916
v -167.937576 46.932617 400.507416
v -168.926010 47.193909 402.850311
v -168.806931 46.925095 403.027649
v -168.571625 46.704063 400.388245
v -168.311462 46.957577 400.467621
v -169.342743 47.263020 402.569824
v -169.336395 47.279778 402.775146
v -168.835983 46.803741 400.459167
v -168.647781 47.103664 400.354370
v -168.551361 47.263592 400.700256
v -169.598785 47.199543 402.299408
v -169.601685 47.164070 402.532928
v -169.638458 47.049854 402.637634
v -168.978653 47.018475 400.610992
v -169.089905 47.249332 400.578461
v -168.970505 47.193958 400.920898
v -169.769089 47.081551 402.074127
v -169.764404 47.077419 402.257294
v -169.883911 46.945595 402.349762
v -169.430573 46.983360 400.834717
v -169.323257 47.045090 400.882721
v -169.583084 46.866337 401.140045
v -169.697983 46.824406 401.373657
v -169.761917 46.834557 401.595184
v -169.871231 46.881771 401.782898
v -169.865433 47.005615 401.983490
v -170.038284 46.819168 402.097351
v -163.125809 45.810307 404.073181
v -163.130249 45.712143 404.222443
v -163.241196 45.490425 404.403534
v -161.852814 45.467579 399.112854
v -161.816742 45.490948 399.159454
v -161.763428 45.426117 399.419098
v -163.435349 45.834423 403.791290
v -163.388870 45.885231 403.950165
v -163.481506 45.911224 404.258942
v -163.581360 45.628536 404.424591
v -162.703278 45.368103 399.174103
v -162.257843 45.491089 399.171997
v -162.232819 45.681797 399.421265
v -162.371933 45.488117 399.638397
v -163.763336 45.742802 403.431030
v -163.711472 45.871700 403.620209
v -163.806580 46.021793 403.992767
v -163.951935 45.972809 404.267975
v -163.997086 45.655098 404.430481
v -164.228958 45.448883 404.606628
v -162.957153 45.664795 398.982910
v -162.751877 45.733685 398.993713
v -162.715378 45.715317 399.174011
v -162.682999 45.849113 399.429779
v -162.676651 45.873539 399.752289
v -162.985306 45.833199 400.002594
v -163.263916 45.586720 400.141418
v -164.152756 45.629776 403.100372
v -164.054474 45.777000 403.314545
v -164.128540 45.987911 403.618256
v -164.253967 46.054241 403.951660
v -164.406601 46.025673 404.261444
v -164.502029 45.811977 404.476593
v -164.564301 45.573940 404.595428
v -163.729904 45.565399 398.993011
v -163.158493 45.595505 398.960175
v -163.429062 46.157249 400.075592
v -163.533508 46.033070 400.439209
v -163.988113 45.997612 400.432098
v -164.586670 45.579929 402.837036
v -164.387543 45.655804 403.015411
v -164.455338 45.870415 403.269806
v -164.576065 46.013741 403.570953
v -164.710449 46.082958 403.898804
v -164.843491 46.081863 404.228943
v -164.873688 45.777630 404.410614
v -164.783264 45.648460 404.557220
v -163.754440 45.831715 399.089325
v -164.145157 45.891747 400.361847
v -164.260101 46.213135 400.786865
v -164.603409 46.150780 400.721375
v -164.868118 45.720032 402.763794
v -164.792313 45.810585 402.938507
v -164.890152 45.896076 403.201233
v -165.049164 46.013058 403.509216
v -165.177979 46.094315 403.851624
v -165.286819 46.117981 404.146210
v -165.326248 45.928162 404.368286
v -164.235443 45.908344 399.091705
v -164.765503 46.047932 400.655548
v -164.790726 46.350433 400.996124
v -165.099213 46.263252 401.222839
v -165.240082 46.189316 401.409302
v -165.332733 46.042847 402.462585
v -165.084457 45.938187 402.631714
v -165.138290 46.025288 402.859558
v -165.190582 46.056778 403.133759
v -165.482483 46.039120 403.463531
v -165.677475 46.075851 403.800293
v -165.781937 46.135361 404.085388
v -165.831772 46.034386 404.291962
v -164.770660 45.933430 399.200195
v -165.167969 46.035294 399.458557
v -165.667053 45.893547 400.792664
v -165.315643 46.411461 400.952087
v -165.303665 46.333542 401.344940
v -165.366714 46.267864 401.473999
v -165.518188 46.054382 402.449036
v -165.768875 46.199005 402.594421
v -165.800278 46.077404 402.886475
v -165.872162 46.050018 403.171814
v -165.911301 46.057720 403.449524
v -166.138489 46.080750 403.744232
v -166.316071 46.094143 404.060364
v -166.164108 46.022636 404.214996
v -165.552917 45.859474 399.298981
v -165.151581 45.959095 399.328217
v -165.448746 45.861488 399.439697
v -165.769989 46.122074 400.750824
v -165.825684 46.534477 400.879333
v -166.003418 46.538269 401.208801
v -166.033218 46.503918 401.576996
v -166.052811 46.451942 401.828735
v -166.046265 46.073147 402.142242
v -165.941025 46.120190 402.346436
v -165.962433 46.252853 402.526428
v -165.996613 46.115612 402.816284
v -166.068237 46.046818 403.089813
v -166.365082 46.035316 403.395813
v -166.563385 46.109707 403.672943
v -166.740387 46.066971 403.926666
v -165.597946 46.227955 399.491608
v -165.734421 46.176727 399.577332
v -166.000488 46.259373 399.898865
v -166.368301 46.396053 400.152863
v -166.491531 45.962685 400.422485
v -166.351730 46.143272 400.607025
v -166.309372 46.633595 400.834473
v -166.231155 46.583275 401.307983
v -166.259552 46.542122 401.620483
v -166.271408 46.491138 401.893768
v -166.336273 46.297455 402.149750
v -166.479172 46.068386 402.372070
v -166.667709 46.311184 402.621002
v -166.776428 46.232708 402.904724
v -166.886642 46.194958 403.155518
v -166.867249 46.172096 403.384674
v -167.042816 46.185211 403.621063
v -167.188492 46.132908 403.852631
v -166.636444 46.149323 399.946472
v -166.410217 46.412586 400.083130
v -166.641647 46.295113 400.337769
v -166.815079 46.271362 400.617462
v -166.885544 46.623447 400.913971
v -166.964203 46.480110 401.264618
v -167.046082 46.449425 401.575989
v -167.092682 46.434120 401.857330
v -167.073044 46.168175 402.150360
v -166.939453 46.205746 402.386139
v -166.908859 46.361271 402.557861
v -167.025146 46.317169 402.826019
v -167.145309 46.286015 403.085419
v -167.351196 46.303623 403.321686
v -167.539764 46.284954 403.589661
v -167.652817 46.208656 403.795990
v -166.849915 46.493656 400.207794
v -167.107803 46.256790 400.253845
v -167.176483 46.190281 400.752777
v -167.210876 46.180035 401.008575
v -167.269928 46.170319 401.305420
v -167.332367 46.180664 401.618561
v -167.406113 46.150661 401.926788
v -167.524902 45.924690 402.128906
v -168.028091 46.520809 403.387634
v -168.006943 46.359306 403.564819
v -167.891754 46.289200 403.723358
v -167.746048 46.278042 400.206970
v -167.448730 46.342442 400.249451
v -168.537369 46.647270 403.339844
v -168.566147 46.445721 403.516174
v -168.169235 46.221237 400.188782
v -169.101578 46.798306 403.046844
v -168.981537 46.675896 403.218140
v -168.898911 46.463177 403.427856
v -168.571442 46.304752 400.235779
v -169.483307 46.918655 402.920593
v -169.519791 46.530708 403.191162
v -168.802155 46.537880 400.340363
v -169.003021 46.394157 400.419159
v -169.850021 46.879398 402.621521
v -169.814774 46.794502 402.880890
v -169.758011 46.509533 403.034882
v -169.060852 46.689342 400.527527
v -169.394379 46.452213 400.676178
v -170.058517 46.738976 402.333527
v -170.070160 46.719288 402.565643
v -170.074371 46.577736 402.660400
v -169.478195 46.676743 400.768066
v -169.693222 46.490257 400.934204
v -169.792297 46.444019 401.158752
v -169.863220 46.444290 401.370209
v -169.945480 46.459671 401.576416
v -170.058228 46.481472 401.770691
v -170.182999 46.504799 401.981598
v -170.253815 46.589214 402.214081
v -170.339874 46.466003 402.341583
v -162.864410 45.183853 403.439240
v -162.785446 45.231987 403.583710
v -162.840515 45.479469 403.899628
v -162.931198 45.342529 404.186676
v -163.158112 45.106213 404.388062
v -163.350586 44.837669 404.566101
v -161.726028 45.212555 399.015808
v -161.581680 45.175442 399.159515
v -161.732483 45.134773 399.359131
v -161.809219 44.990490 399.612793
v -163.188126 45.235851 403.344757
v -163.074677 45.591106 403.606964
v -162.973007 45.687267 403.835754
v -163.527420 45.170948 404.427185
v -163.520920 44.977192 404.552094
v -162.192963 45.229752 398.937714
v -162.848129 45.281940 399.307373
v -161.937286 45.470726 399.517334
v -162.155380 45.257843 399.691193
v -162.454803 44.995850 399.841705
v -163.663101 45.162308 403.115143
v -163.441223 45.424637 403.322479
v -163.284409 45.621384 403.541473
v -163.938370 45.298046 404.508240
v -164.189316 45.010529 404.577118
v -162.886047 45.549793 399.017151
v -162.742340 45.280785 398.902924
v -162.477646 45.481743 399.188110
v -162.626129 45.545570 399.733368
v -162.703232 45.435352 399.984131
v -163.207077 45.138992 400.249420
v -163.934036 45.299126 403.101929
v -163.649033 45.577271 403.194794
v -164.731888 45.172985 404.555603
v -164.400848 45.177803 404.539398
v -163.061646 45.607376 398.902008
v -163.312469 45.419621 398.983002
v -163.597717 45.467659 400.411194
v -164.024719 44.986664 400.510406
v -164.508423 44.892075 402.673126
v -164.269363 45.119560 402.801056
v -164.192398 45.215408 402.936432
v -164.837845 45.338009 404.449463
v -164.782654 45.506561 404.643372
v -163.695328 45.478371 399.038574
v -164.013245 45.735195 400.298981
v -164.190643 45.516045 400.658173
v -164.691483 45.058926 400.876129
v -164.713501 45.051849 402.636505
v -164.559311 45.348248 402.712677
v -165.600357 45.364155 404.306549
v -165.295135 45.508068 404.329407
v -164.223129 45.532288 399.126953
v -164.674377 45.836170 400.621399
v -164.842178 45.572128 401.010437
v -165.143341 45.253819 401.409637
v -165.304153 44.980072 401.703705
v -165.448029 44.979439 402.354340
v -165.141190 45.153347 402.364288
v -165.036621 45.332874 402.519470
v -164.967804 45.533451 402.644165
v -165.838562 45.641369 404.245239
v -165.772766 45.865704 404.332367
v -164.684113 45.569164 399.068817
v -165.597107 45.768936 400.813843
v -165.406097 45.721390 400.934387
v -165.335571 45.410137 401.303040
v -165.453262 45.126640 401.614319
v -165.812653 44.985641 402.240173
v -165.409805 45.181896 402.352936
v -165.386215 45.684032 402.373932
v -166.332199 45.733376 404.175751
v -166.345383 45.638981 404.257507
v -165.074661 45.684841 399.105164
v -165.206833 45.492878 399.244080
v -165.614609 45.627087 399.536835
v -165.737549 45.880386 400.798615
v -165.906952 45.769974 401.055756
v -166.109055 45.470322 401.463013
v -166.108032 45.354855 401.829559
v -166.023682 45.400753 402.109009
v -165.815903 45.521416 402.248901
v -165.788788 45.811142 402.343231
v -166.776840 45.945362 404.104889
v -166.814178 45.761745 404.238251
v -165.887009 45.474995 399.351654
v -165.774384 45.814716 399.458466
v -166.187149 45.854538 399.706299
v -166.336929 45.840244 400.507202
v -166.378647 45.956600 400.783081
v -166.360001 45.846916 400.931519
v -166.273010 45.550312 401.309906
v -166.316513 45.442421 401.732056
v -166.268738 45.408119 402.043274
v -166.210236 45.637733 402.176880
v -166.825089 45.739365 402.347382
v -167.234665 45.868423 404.006073
v -167.042328 45.797985 404.126862
v -166.426041 45.616920 399.561920
v -166.363480 45.978058 399.670563
v -166.494843 45.993565 399.966858
v -166.575912 45.983192 400.399689
v -166.775787 45.884121 400.722321
v -166.816589 45.746605 401.016663
v -167.072601 45.555668 401.411591
v -167.166077 45.503468 401.779755
v -167.158493 45.476082 402.072510
v -166.808914 45.623161 402.247803
v -166.659012 45.874092 402.350128
v -167.732285 45.940689 403.941132
v -167.047012 45.559132 399.691406
v -166.908173 45.812870 399.922546
v -166.810196 45.949421 400.175720
v -167.043381 45.987083 400.739960
v -167.141434 45.897007 400.992157
v -167.214981 45.893818 401.347168
v -167.319031 45.877251 401.687500
v -167.393173 45.839684 401.998474
v -167.250946 45.847652 402.192963
v -168.235687 46.181175 403.752197
v -168.146667 45.997040 403.884949
v -167.672745 45.563396 399.798981
v -167.409836 45.931698 400.069153
v -167.140259 45.982155 400.140045
v -168.580307 46.219612 403.685303
v -168.636703 45.970924 403.848053
v -168.261475 45.601311 399.880890
v -167.963715 45.854832 399.975220
v -169.199295 46.136101 403.460358
v -168.983429 46.140846 403.604858
v -168.938034 45.922100 403.770966
v -168.759613 45.633133 400.003113
v -168.479523 45.873844 400.089264
v -169.592743 46.185078 403.354370
v -168.945328 46.070404 400.233002
v -169.230103 45.907242 400.398987
v -170.075699 46.208862 402.999878
v -169.910721 46.139507 403.254944
v -169.426132 46.176884 400.558380
v -169.693115 46.013817 400.725861
v -169.857513 45.886108 400.932251
v -170.343048 46.322338 402.613739
v -170.376953 46.235607 402.825989
v -169.772369 46.259853 400.828888
v -169.929565 46.127586 400.994385
v -170.007645 46.060181 401.177032
v -170.064941 46.061825 401.387939
v -170.134293 46.072327 401.580200
v -170.228561 46.078655 401.777344
v -170.360703 46.115196 401.993988
v -170.483551 46.183170 402.226532
v -170.558685 46.199730 402.474274
v -170.629303 45.983864 402.607422
v -162.413651 44.616745 403.384827
v -162.350327 44.721230 403.550842
v -162.440475 44.759148 403.866180
v -162.569733 44.646759 404.144073
v -162.737091 44.393520 404.338867
v -162.773346 44.629730 403.108063
v -162.622253 44.876911 403.265564
v -162.505951 45.036453 403.572418
v -162.636948 45.105228 403.889038
v -162.767685 44.961235 404.178802
v -162.980835 44.704300 404.379028
v -163.323639 44.451153 404.548370
v -161.687485 44.940628 399.121216
v -161.737045 44.734383 399.162476
v -161.632019 44.727478 399.399231
v -161.787140 44.570168 399.611115
v -163.120422 44.514568 402.851837
v -162.977631 44.625000 402.985046
v -162.848099 44.984020 403.184570
v -163.740402 44.859840 404.568848
v -163.570068 44.538273 404.563599
v -161.998871 45.004143 398.975494
v -162.286224 44.764668 399.154205
v -162.045441 44.857933 399.774567
v -162.425659 44.588802 399.961456
v -163.415390 44.482826 402.853302
v -163.334106 44.855076 403.041901
v -163.171188 45.056297 403.180664
v -163.905075 44.990726 404.552338
v -163.981659 44.565804 404.540924
v -162.536530 44.978195 398.980530
v -162.573685 44.788830 399.237091
v -162.802826 44.908527 400.101532
v -163.202255 44.577984 400.323425
v -164.027969 44.247307 402.657043
v -163.798279 44.391464 402.792480
v -163.669418 44.832520 402.958618
v -164.612625 44.991264 404.546356
v -164.412338 44.694405 404.545563
v -163.148666 45.121513 399.051331
v -163.391052 44.806393 399.250366
v -163.627213 44.892551 400.536377
v -164.013290 44.822472 400.565338
v -164.211090 44.477253 402.649200
v -164.099106 44.708431 402.779785
v -164.033249 44.908436 402.898926
v -164.868576 45.047298 404.472626
v -164.894089 44.729324 404.533295
v -163.596664 44.946747 399.091736
v -163.676910 44.797413 399.245453
v -164.161789 44.651913 400.520691
v -164.226318 44.875362 400.859619
v -164.577255 44.487892 401.043304
v -164.864624 44.272449 402.450562
v -164.540909 44.452923 402.554810
v -165.440445 45.285103 404.304688
v -165.356247 45.033718 404.361298
v -165.225449 44.820549 404.479034
v -164.104874 45.119549 399.077850
v -164.362747 44.799530 399.218689
v -164.946030 44.921814 401.224396
v -165.087631 44.997871 401.439423
v -165.285736 44.848446 401.627716
v -165.306839 44.888134 402.318146
v -164.998260 44.678661 402.383087
v -164.864975 44.754662 402.496887
v -165.759491 45.404408 404.205872
v -165.812256 45.176937 404.305786
v -164.576538 45.192566 399.109283
v -164.805740 44.899536 399.213715
v -165.420547 45.019215 401.244995
v -165.354065 45.069824 401.523468
v -165.386292 44.940651 401.679596
v -165.239151 44.905689 402.303802
v -165.434937 44.716431 402.314789
v -166.066666 45.562050 404.223236
v -166.257751 45.232170 404.264160
v -164.989166 45.308514 399.097748
v -165.187164 45.111992 399.230530
v -165.331772 44.940151 399.442963
v -165.477570 44.800995 399.632141
v -165.778214 45.284737 401.194946
v -165.946701 44.941677 401.537048
v -165.892746 44.947483 401.825928
v -165.863281 44.942795 402.087006
v -165.724091 44.897549 402.252686
v -166.772156 45.428986 404.291748
v -165.491974 45.325214 399.278320
v -165.649765 45.199734 399.440399
v -165.912537 44.983074 399.662415
v -166.611191 44.639603 400.948639
v -166.424759 45.088902 401.139648
v -166.210724 45.028862 401.510162
v -166.281158 45.119732 401.880157
v -166.343475 45.071560 402.108612
v -166.553009 44.882805 402.270874
v -167.346054 45.711510 404.123840
v -167.178970 45.443947 404.246918
v -167.379791 45.308529 404.338776
v -166.029831 45.410793 399.482239
v -166.266144 45.190750 399.633423
v -166.552643 44.934334 399.853271
v -166.769577 44.881176 400.956299
v -166.734665 45.216599 401.095612
v -166.931458 45.162441 401.465790
v -166.958817 45.085411 401.824921
v -166.925598 45.048798 402.105194
v -166.723404 45.114925 402.257324
v -167.717270 45.654491 404.055878
v -167.703979 45.404568 404.207672
v -167.546097 45.438446 404.311859
v -166.989594 44.962513 399.549255
v -166.718674 45.142342 399.681946
v -166.814713 44.850842 399.819031
v -168.182861 45.712494 404.021027
v -168.218765 45.505352 404.158264
v -167.588150 44.967300 399.609070
v -167.307678 45.113033 399.714630
v -168.719101 45.601784 403.970062
v -168.594681 45.469727 404.073517
v -168.039246 45.273396 399.766266
v -169.264633 45.713440 403.595428
v -169.184906 45.639652 403.719177
v -169.022873 45.684639 403.901886
v -168.509842 45.439445 399.885956
v -168.744827 45.350903 400.092926
v -168.956024 45.271149 400.375580
v -169.542511 45.753487 403.499756
v -169.565216 45.550354 403.654175
v -169.009552 45.677727 400.222595
v -169.313538 45.541817 400.469055
v -169.509735 45.378403 400.679169
v -170.238968 45.621738 403.140900
v -170.011642 45.667027 403.277039
v -169.980255 45.401543 403.516235
v -169.592102 45.773182 400.563416
v -169.763000 45.667419 400.801056
v -169.918900 45.491360 400.982574
v -170.430130 45.820526 402.961914
v -170.522888 45.606743 403.149384
v -170.076141 45.770851 401.056458
v -170.173874 45.658493 401.205261
v -170.218399 45.660419 401.410645
v -170.286591 45.672611 401.606262
v -170.361313 45.664883 401.806091
v -170.466080 45.690697 402.016327
v -170.601944 45.755871 402.249359
v -170.715805 45.760426 402.482758
v -170.740204 45.745201 402.769440
v -170.823441 45.492771 402.916595
v -162.034470 44.047768 403.621460
v -162.004807 44.200287 403.829437
v -162.131134 44.120796 404.091980
v -162.211914 43.833340 404.273071
v -162.218307 44.086185 402.763275
v -162.207428 44.168133 402.920807
v -162.209610 44.311451 403.197815
v -162.185242 44.380157 403.514496
v -162.163971 44.517365 403.846924
v -162.300552 44.421402 404.117767
v -162.581635 44.154270 404.300232
v -162.497787 44.181103 402.760345
v -162.401016 44.437603 402.936768
v -162.316513 44.512840 403.156433
v -162.973251 44.303055 404.438873
v -163.321136 44.025215 404.513153
v -161.724747 44.514984 399.332947
v -161.767334 44.250854 399.468323
v -161.794708 44.150642 399.715118
v -161.990814 44.093792 400.053772
v -162.118225 44.064346 400.431183
v -162.134460 43.923782 400.590973
v -163.033585 43.779030 402.610962
v -162.755753 44.170406 402.737122
v -162.647308 44.493309 402.877502
v -163.760376 44.050282 404.484619
v -163.523254 44.057732 404.509766
v -162.023499 44.524529 399.253876
v -162.287506 44.203709 399.405548
v -162.023331 44.569172 399.784790
v -162.312302 44.289398 400.071838
v -162.514160 44.140285 400.394409
v -162.387360 44.086166 400.531403
v -163.376785 43.759499 402.644928
v -163.078094 44.208847 402.718781
v -163.942291 44.152653 404.529388
v -163.967636 44.087524 404.525024
v -162.662659 44.771198 399.166595
v -162.542755 44.539455 399.272400
v -162.861115 44.257839 399.539856
v -162.774994 44.518448 400.103455
v -163.098419 44.260612 400.474945
v -163.532074 43.880409 400.706543
v -163.958176 43.607037 402.476654
v -163.678299 43.855419 402.570801
v -163.496124 44.217709 402.676208
v -164.720963 44.213570 404.463959
v -164.430603 44.184856 404.512970
v -162.927933 44.787167 399.154633
v -163.130112 44.580463 399.323364
v -163.370712 44.296829 399.546967
v -163.626022 44.306194 400.572021
v -163.790466 43.967075 400.794281
v -164.216232 43.708668 402.439026
v -163.975143 43.972984 402.546356
v -164.960281 44.380089 404.429779
v -164.835709 44.543182 404.521240
v -163.782043 44.701019 399.142975
v -163.580978 44.524670 399.217804
v -163.742035 44.274742 399.464447
v -164.114990 44.411133 400.505127
v -164.223999 44.194450 400.877502
v -164.572144 43.899059 401.258789
v -164.671509 43.727867 401.586884
v -164.688492 43.755993 401.872314
v -164.668533 43.777046 402.143341
v -164.528198 43.849731 402.368225
v -164.370590 44.038040 402.482208
v -165.404022 44.522110 404.373688
v -165.229645 44.693188 404.553955
v -163.902496 44.779346 399.097351
v -164.108109 44.553814 399.271179
v -164.383652 44.289890 399.491760
v -164.927612 44.208714 401.251434
v -164.991623 43.930843 401.542603
v -165.008835 43.926910 401.832764
v -164.988785 43.962757 402.108063
v -164.791855 44.110817 402.295776
v -165.800888 44.800049 404.326111
v -164.527374 44.658691 399.343414
v -164.795624 44.387268 399.463684
v -165.395523 44.440742 401.243927
v -165.431503 44.126835 401.532776
v -165.455536 44.080093 401.815247
v -165.457184 44.076210 402.082672
v -165.249496 44.239574 402.275696
v -166.291962 44.842403 404.312897
v -166.401810 44.589149 404.362000
v -164.959671 44.779312 399.334320
v -165.124420 44.612568 399.517670
v -165.377289 44.394211 399.687439
v -165.774155 44.720673 401.258606
v -165.810654 44.481628 401.548370
v -165.784012 44.516899 401.849976
v -165.774445 44.396973 402.082581
v -165.741089 44.366199 402.277405
v -166.763977 44.874748 404.294281
v -166.523178 44.810123 404.346924
v -165.714523 44.619045 399.725830
v -166.015656 44.346096 399.881744
v -166.434006 44.635887 400.969604
v -166.456100 44.723846 401.270264
v -166.243729 44.672482 401.556763
v -166.151703 44.636265 401.864716
v -166.548218 44.609554 402.187469
v -166.697067 44.458012 402.299896
v -167.081680 45.146267 404.308167
v -167.365280 44.883625 404.365906
v -166.104630 44.815189 399.775848
v -166.433350 44.520779 399.907898
v -166.562531 44.709938 400.928436
v -166.698792 44.774506 401.184662
v -166.709717 44.752178 401.514099
v -166.721237 44.714779 401.846130
v -166.726074 44.663475 402.104279
v -166.692688 44.633579 402.353027
v -167.827652 45.107449 404.294098
v -167.594635 45.058178 404.366821
v -166.906967 44.795246 399.523102
v -166.810898 44.680504 399.747620
v -166.733719 44.625683 399.880402
v -168.197906 45.171051 404.241058
v -167.166824 44.912643 399.547333
v -167.433029 44.690044 399.695068
v -168.912537 45.291294 404.088226
v -168.667328 45.109428 404.178436
v -167.963074 44.860397 399.793518
v -169.275681 45.269836 403.865906
v -169.129517 45.072845 403.968231
v -169.069290 44.990036 404.105591
v -168.498581 45.048939 399.927399
v -168.781784 44.834072 400.225708
v -168.851425 45.031357 400.444702
v -169.562561 45.182014 403.761688
v -169.458801 44.923649 403.875580
v -169.149094 44.782913 400.324005
v -169.147232 44.979000 400.446655
v -169.444901 45.053806 400.760590
v -169.590958 44.950768 400.973633
v -170.278229 45.301888 403.449280
v -169.982208 45.250130 403.623535
v -169.735214 45.331665 400.877655
v -169.881790 45.193043 401.062958
v -170.037567 45.045631 401.211365
v -170.478256 45.318985 403.235046
v -170.462616 45.081944 403.420593
v -170.144379 45.410370 401.112915
v -170.245697 45.305901 401.272064
v -170.325500 45.256313 401.450928
v -170.396423 45.260464 401.650970
v -170.468719 45.241444 401.856232
v -170.566681 45.253181 402.067230
v -170.686996 45.260582 402.288239
v -170.824097 45.285583 402.540649
v -170.903229 45.284107 402.807861
v -170.883026 45.335255 403.063660
v -159.134201 43.474922 400.118713
v -159.056046 43.799194 400.246124
v -159.190277 43.833603 400.459534
v -159.358765 43.783180 400.744110
v -159.547440 43.358166 400.979218
v -159.657715 42.998318 400.352051
v -159.302383 43.749207 400.208557
v -159.408798 43.846363 400.420013
v -159.539429 43.821430 400.672943
v -159.705887 43.520016 400.942413
v -161.809998 43.540661 402.740601
v -161.776459 43.654423 402.901154
v -161.872757 43.665787 403.165527
v -161.887192 43.838566 403.475830
v -161.910400 43.848259 403.802399
v -161.981918 43.776325 404.059937
v -162.215485 43.529907 404.209686
v -162.086655 43.405403 402.295166
v -162.023132 43.538830 402.412781
v -161.851196 43.810463 402.600616
v -161.956635 43.959255 402.911346
v -162.046661 43.991787 403.182861
v -161.944702 43.962109 403.430054
v -162.777908 43.320679 404.238129
v -162.507263 43.678875 404.241425
v -162.538147 43.175739 402.377106
v -162.235306 43.503632 402.418274
v -162.209167 43.900566 402.583649
v -162.915237 43.513180 404.306824
v -162.974152 43.604031 404.317413
v -163.268646 43.795364 404.508911
v -161.737442 44.018528 399.565094
v -161.794220 43.870342 399.777161
v -161.933380 43.846405 400.084717
v -162.082397 43.844059 400.421875
v -162.174927 43.801731 400.559845
v -162.855347 43.216412 402.249847
v -162.792130 43.285027 402.362762
v -162.681549 43.483810 402.489380
v -162.568390 43.871040 402.579681
v -163.525833 43.482861 403.858551
v -163.350266 43.750389 403.991272
v -163.454498 43.625393 404.316315
v -163.437531 43.898739 404.546753
v -162.006256 43.923454 399.556671
v -162.207611 43.702274 399.800171
v -162.393448 43.678078 400.149384
v -162.432159 43.868443 400.483765
v -162.300873 43.924068 400.628418
v -163.369812 43.266033 402.274994
v -163.033203 43.238358 402.353058
v -163.131104 43.304245 402.501801
v -163.707443 43.741852 403.796051
v -163.743988 43.905563 404.104218
v -163.876205 43.895096 404.325409
v -164.167480 43.988541 404.515778
v -162.561966 43.912426 399.651001
v -162.792877 43.695610 399.922363
v -162.960220 43.672241 400.253784
v -163.114792 43.863590 400.541443
v -163.501968 43.713379 400.682983
v -163.772583 43.337013 402.457428
v -163.527466 43.366142 402.531860
v -164.142395 43.783329 403.992981
v -164.326157 43.797016 404.017456
v -164.412552 43.935112 404.324280
v -164.326736 44.071129 404.569092
v -163.107559 43.979565 399.691284
v -163.360825 43.759197 399.943268
v -163.561646 43.681046 400.311920
v -163.681076 43.637516 400.629059
v -163.742508 43.699650 400.844666
v -164.046387 43.412666 402.415985
v -164.372849 43.259590 402.476196
v -164.799133 43.922344 404.072021
v -164.807693 44.156109 404.273895
v -163.851273 44.215145 399.379608
v -163.725647 43.974850 399.579315
v -163.943100 43.760353 399.878754
v -164.015823 43.573933 400.331024
v -164.185791 43.548050 400.620605
v -164.239532 43.619995 400.991913
v -164.486404 43.500641 401.300507
v -164.544403 43.459034 401.615021
v -164.573883 43.473869 401.901245
v -164.581284 43.445965 402.165924
v -164.442734 43.335609 402.344421
v -164.666214 43.235023 402.452728
v -165.292984 43.965878 404.052551
v -165.261154 44.304695 404.259857
v -163.922318 44.262375 399.384308
v -164.184158 44.024586 399.618439
v -164.449493 43.847767 399.877655
v -164.625824 43.706150 400.142273
v -164.820877 43.603615 400.410858
v -165.649979 44.109428 404.190491
v -165.787933 44.161942 404.200775
v -164.600647 44.139423 399.644592
v -164.846649 43.955631 399.854614
v -164.899216 43.838146 400.159607
v -164.978607 43.638561 400.303406
v -166.242233 44.373692 404.283051
v -166.495468 44.450737 404.393463
v -165.007263 44.250828 399.628998
v -165.241531 44.065067 399.833282
v -165.441071 43.904793 400.047668
v -165.579971 43.815144 400.316376
v -165.777832 43.713444 400.583557
v -166.725449 44.401196 404.298859
v -166.636322 44.437466 404.431824
v -165.583267 44.249924 399.850586
v -165.771606 44.089241 400.057526
v -165.931396 43.994938 400.322083
v -166.176575 43.815609 400.576172
v -167.089325 44.662464 404.309937
v -167.324265 44.416550 404.371490
v -166.217285 44.224728 400.046509
v -166.429947 44.051254 400.278687
v -166.606567 43.841080 400.550903
v -167.775787 44.627071 404.304749
v -167.550049 44.598705 404.381165
v -166.937622 44.147675 399.796936
v -166.642044 44.188763 400.018219
v -166.798111 43.939610 400.280548
v -166.890137 43.757221 400.497894
v -168.151917 44.697086 404.264435
v -167.337021 44.198032 399.770660
v -168.688187 44.729450 404.240448
v -167.867401 44.350872 399.857971
v -168.215134 44.074600 400.071594
v -169.331879 44.684055 404.074738
v -169.036209 44.723072 404.175751
v -168.387970 44.585304 399.979492
v -168.653687 44.432087 400.211914
v -168.932144 44.339787 400.477417
v -169.111145 44.303337 400.739136
v -169.717514 44.662121 403.832367
v -169.538040 44.696289 403.970123
v -169.083603 44.725239 400.332611
v -169.222488 44.737625 400.590271
v -169.387741 44.694736 400.852478
v -169.598282 44.540264 401.031311
v -170.157196 44.858078 403.685394
v -169.826218 44.887676 401.129578
v -170.038574 44.677284 401.255463
v -170.709549 44.947189 403.326233
v -170.445023 44.836693 403.520142
v -170.280457 44.972179 401.332794
v -170.398758 44.849411 401.494537
v -170.468582 44.825188 401.714874
v -170.529877 44.816093 401.919403
v -170.619171 44.801426 402.124176
v -170.743484 44.793903 402.346680
v -170.863968 44.797409 402.580536
v -170.948975 44.851742 402.862793
v -170.799408 44.869350 403.101624
v -170.842590 44.690323 403.280243
v -159.107742 43.475319 400.081085
v -159.024231 43.580265 400.241150
v -159.131210 43.541389 400.466339
v -159.329224 43.493736 400.742584
v -159.767258 43.572353 401.017731
v -159.851532 43.065556 401.256897
v -159.554596 43.512299 400.173706
v -159.619827 43.548901 400.245148
v -159.754242 43.663887 400.602509
v -159.911346 43.623314 400.843323
v -160.086243 43.519211 401.078033
v -159.993347 43.091053 401.217590
v -160.308899 42.582489 400.307739
v -160.237671 43.311367 400.446594
v -160.198395 43.488983 400.560669
v -160.300903 43.498192 400.855835
v -160.554718 43.434750 401.123901
v -160.805817 43.223923 401.464264
v -160.951920 43.210930 401.733917
v -161.068314 42.997612 401.950287
v -161.035278 42.767384 400.694305
v -160.685730 43.298378 400.632446
v -160.772156 43.319420 400.877258
v -160.833191 43.278103 401.155121
v -161.002106 43.198154 401.433594
v -161.142776 43.104488 401.734100
v -161.196991 42.996964 401.954987
v -161.746765 43.021870 402.444672
v -161.613052 43.413692 402.587311
v -161.692078 43.343155 402.867828
v -161.779037 43.319489 403.166412
v -161.875519 43.368126 403.476654
v -161.944061 43.303471 403.709991
v -162.041122 43.449272 404.050079
v -162.307220 43.015491 404.237305
v -161.187408 43.003590 400.239349
v -161.253052 43.179832 400.488556
v -161.477966 43.311806 400.831085
v -161.572159 43.288239 401.130859
v -161.574554 43.178890 401.428955
v -161.674347 43.064560 401.710236
v -161.835083 43.004372 401.937531
v -161.842484 43.194313 402.184509
v -161.799423 43.324883 402.363373
v -161.731628 43.402206 402.535675
v -162.319260 43.304893 403.839630
v -162.357208 43.374413 404.042847
v -162.410995 43.177025 404.305573
v -161.759979 42.958477 400.395691
v -161.408539 43.127995 400.395355
v -161.636322 43.296936 400.726746
v -161.738708 43.234188 401.206543
v -161.905075 43.320248 401.491943
v -161.974106 43.194527 401.778931
v -162.101624 43.118469 401.996552
v -162.053040 43.224705 402.242371
v -162.707886 43.017662 402.438080
v -162.709000 43.338837 403.831604
v -162.766998 43.485123 404.027405
v -163.183990 43.260509 404.300018
v -162.042191 42.818546 400.401367
v -162.121964 42.983486 400.663177
v -162.307999 43.092602 401.005890
v -162.348083 43.157814 401.327545
v -162.371826 43.275646 401.589050
v -162.452789 43.136856 401.873627
v -162.461716 43.131588 402.116119
v -162.497742 43.214016 402.266815
v -162.477356 43.287880 402.349396
v -163.381638 42.976696 403.508698
v -163.110474 43.263897 403.679382
v -163.188629 43.546017 404.101715
v -163.281937 43.486279 404.365997
v -162.548370 42.981358 400.458740
v -162.294327 42.974411 400.576996
v -162.465668 43.079517 400.909729
v -162.603302 43.104294 401.277191
v -162.683762 43.083595 401.595886
v -162.798111 43.004208 401.895416
v -163.091476 43.005459 402.216187
v -163.271896 43.071648 402.439117
v -163.689850 43.035183 402.570282
v -163.791931 42.717403 403.056854
v -163.704254 42.858643 403.094025
v -163.596146 42.933563 403.343781
v -163.561172 43.299667 403.533569
v -163.934906 42.736641 402.100739
v -163.670410 42.798645 402.198425
v -163.529221 42.986794 402.380188
v -163.424744 43.140976 402.479034
v -163.896713 42.886753 403.092316
v -163.977295 42.821228 403.145355
v -164.176651 42.864136 403.335114
v -164.148926 43.333794 403.652771
v -164.452042 43.550922 403.837280
v -164.278793 42.831955 402.010315
v -164.165176 42.826649 402.226318
v -164.078812 42.993305 402.379913
v -164.564148 43.147640 402.483307
v -164.824112 42.858475 403.203064
v -164.692307 42.956821 403.321594
v -164.651871 43.192661 403.532776
v -164.677536 43.504803 403.776123
v -164.130829 43.520008 400.017609
v -164.171692 43.275757 400.345154
v -164.300858 43.252739 400.671356
v -164.449066 43.214310 401.030945
v -164.547073 43.142456 401.358734
v -164.622787 43.127205 401.633484
v -164.679092 43.107635 401.918365
v -164.527802 42.991779 402.152802
v -164.496338 43.112202 402.350739
v -164.487030 43.163670 402.479279
v -164.930099 43.039051 403.251190
v -165.020294 42.981018 403.327881
v -165.169525 43.136929 403.562134
v -165.154022 43.552158 403.810455
v -164.257858 43.567013 400.065125
v -164.524429 43.417187 400.327759
v -164.860519 43.259098 400.548523
v -165.648010 43.237606 403.642059
v -165.612366 43.681175 403.901459
v -165.932571 43.885529 404.088745
v -165.096909 43.599487 400.247284
v -165.069168 43.477436 400.512878
v -165.971542 43.433064 403.766937
v -166.094620 43.492420 403.839355
v -166.170837 43.946201 404.118042
v -165.264633 43.670033 400.256836
v -165.500839 43.541103 400.496796
v -165.809998 43.333874 400.727264
v -166.596054 43.604126 403.953033
v -166.627136 44.070946 404.174408
v -166.144272 43.474648 400.744965
v -166.989563 43.859051 404.104156
v -167.073639 43.954636 404.203461
v -167.271103 43.905907 404.305511
v -166.561646 43.507378 400.712402
v -167.730301 44.103573 404.275970
v -167.491470 44.088932 404.347687
v -166.910645 43.643341 399.833740
v -166.806091 43.643917 400.020508
v -166.879868 43.593296 400.337128
v -166.847382 43.545097 400.594696
v -168.130585 44.160885 404.236786
v -167.298065 43.660423 399.803406
v -168.655518 44.191242 404.222351
v -167.773895 43.837444 399.902618
v -168.158173 43.581264 400.129364
v -169.373596 44.239803 404.073639
v -169.051285 44.244408 404.173767
v -168.594131 44.004631 400.327026
v -169.021942 43.830521 400.636169
v -168.892944 44.076641 400.812256
v -169.725754 44.298428 403.829803
v -169.592316 44.230160 403.954285
v -169.249161 43.899242 400.673401
v -169.367081 43.975536 400.859741
v -169.632751 44.005539 401.077698
v -170.065262 44.385311 403.754089
v -170.093796 44.151409 403.851654
v -169.854401 44.407532 401.155273
v -170.031662 44.243584 401.322510
v -170.147049 44.114922 401.518188
v -170.483948 44.322231 403.595795
v -170.332916 44.127838 403.652954
v -170.261948 44.588356 401.394348
v -170.385406 44.444839 401.572815
v -170.483643 44.348068 401.764771
v -170.549942 44.331959 401.982971
v -170.632294 44.300816 402.182709
v -170.737823 44.271351 402.391876
v -170.843277 44.298073 402.640747
v -170.918350 44.371689 402.897522
v -170.921646 44.403732 403.142853
v -170.865677 44.444649 403.376984
v -159.322800 43.122768 400.132263
v -159.198975 43.196476 400.277649
v -159.380081 43.233547 400.553650
v -159.599884 43.265373 400.862549
v -159.762512 43.309212 401.128296
v -160.071518 43.323696 401.379059
v -160.149582 42.928711 401.608521
v -159.627014 43.095318 400.097107
v -160.005798 42.823433 400.351715
v -160.208694 42.998371 401.260223
v -160.308487 43.290909 401.367828
v -160.467270 43.069923 401.545807
v -159.911942 43.165844 400.193390
v -160.470856 42.934196 400.401215
v -160.358017 43.090363 401.240875
v -160.546707 43.136463 401.422302
v -160.780670 43.230007 401.663086
v -161.165421 43.093121 402.024475
v -161.326675 42.883415 402.307922
v -161.384888 42.574158 402.494537
v -160.773453 43.079643 400.548035
v -161.028015 42.937351 400.910461
v -161.063934 43.079922 401.109283
v -161.116302 42.997334 401.390045
v -161.287689 42.851658 401.683075
v -161.403488 42.818794 401.908081
v -161.388702 43.103958 402.078491
v -161.476074 43.125988 402.294556
v -161.586014 43.077572 402.553192
v -161.765030 42.920918 402.849304
v -161.822632 42.885281 403.135834
v -161.914719 42.777363 403.382080
v -162.052094 42.770981 403.583832
v -161.163177 42.821800 400.317810
v -161.211441 42.929317 400.581085
v -161.278778 43.043499 400.869354
v -161.312698 43.097797 401.082916
v -161.310577 43.009125 401.376556
v -161.441483 42.871632 401.667084
v -161.573288 42.806042 401.902069
v -161.690353 42.867382 402.093536
v -161.684845 42.885452 402.259583
v -162.236771 42.513462 402.760315
v -162.185760 42.764416 402.817047
v -162.283752 42.759396 403.012268
v -162.213089 42.746838 403.313232
v -162.286880 43.097610 403.587372
v -161.319626 42.912800 400.271973
v -161.586411 42.920795 400.511871
v -161.770401 42.995152 400.882599
v -161.987137 42.933964 401.201904
v -162.076447 42.797588 401.506256
v -162.074631 42.726917 401.773438
v -162.172150 42.663601 401.976105
v -162.347031 42.618336 402.230804
v -162.522461 42.583736 402.488464
v -162.489822 42.644203 402.660309
v -162.534012 42.842850 402.883484
v -162.615005 42.836391 403.107025
v -162.641190 42.856026 403.360413
v -162.659912 43.091141 403.591919
v -161.889755 42.781933 400.408203
v -162.089722 42.858677 400.674255
v -162.290024 42.979523 401.037231
v -162.210617 42.855614 401.385590
v -162.290314 42.778439 401.618317
v -162.322144 42.714901 401.840302
v -162.452179 42.656567 402.066437
v -162.680298 42.576340 402.345337
v -162.896393 42.486160 402.559753
v -163.001907 42.605026 402.739075
v -163.070480 42.667240 402.926605
v -163.081009 42.674812 403.112488
v -163.033081 42.867126 403.417664
v -162.966553 42.975185 403.677856
v -162.123825 42.844254 400.449158
v -162.364578 42.916660 400.743530
v -162.544296 42.977478 401.123840
v -162.682983 42.873539 401.426514
v -162.846359 42.700134 401.749237
v -162.986115 42.633339 402.014160
v -163.205688 42.517189 402.222504
v -163.398361 42.404194 402.408234
v -163.398972 42.452496 402.608337
v -163.497498 42.507275 402.788574
v -163.518188 42.541187 402.988678
v -163.431793 42.730984 403.178070
v -163.389221 42.867493 403.357147
v -163.789505 42.711124 402.081879
v -163.606796 42.648746 402.230774
v -163.800003 42.576614 402.440796
v -163.912491 42.556816 402.619232
v -164.009140 42.479492 402.810272
v -164.076706 42.565910 402.991638
v -164.239685 42.614330 403.137268
v -164.266037 42.756905 403.210083
v -163.932709 42.784336 402.124878
v -164.138275 42.681389 402.246582
v -164.358109 42.673946 402.412872
v -164.457123 42.655426 402.614685
v -164.552200 42.585495 402.808105
v -164.634338 42.538216 402.990326
v -164.639923 42.672031 403.146515
v -164.355637 42.871078 403.260925
v -164.271515 43.053341 400.364349
v -164.383759 42.994808 400.723328
v -164.586349 42.952190 401.061859
v -164.728027 42.906109 401.362946
v -164.806519 42.890686 401.642212
v -164.884933 42.848660 401.923340
v -164.568558 42.658573 402.182983
v -164.931580 42.737278 402.407227
v -165.023392 42.735794 402.610596
v -165.101898 42.702885 402.806366
v -165.147568 42.608482 403.005280
v -165.017868 42.753784 403.141937
v -165.193298 42.826668 403.307800
v -165.284393 42.936535 403.411438
v -164.470154 43.114674 400.465302
v -164.752853 42.997818 400.749084
v -165.000763 42.917412 401.060608
v -165.160553 42.872551 401.359802
v -165.248795 42.855003 401.651337
v -165.354202 42.821735 401.931122
v -165.419647 42.791397 402.181641
v -165.488876 42.787731 402.412933
v -165.571625 42.788597 402.623657
v -165.632187 42.770996 402.828461
v -165.637039 42.679176 403.017151
v -165.606064 42.696316 403.175995
v -165.543869 42.821667 403.323242
v -165.533966 42.960041 403.466980
v -165.162140 43.098415 400.723816
v -165.434402 42.964035 401.008453
v -165.630295 42.950401 401.327728
v -165.757797 42.934544 401.627838
v -165.749268 42.827900 401.971039
v -165.828430 42.778706 402.168640
v -165.893967 42.747448 402.411621
v -165.969910 42.755939 402.646332
v -165.999893 42.715954 402.852661
v -166.023209 42.641876 403.049469
v -166.050247 42.817478 403.202393
v -166.023209 42.844109 403.353607
v -165.990860 43.117550 403.560730
v -166.228012 43.242283 403.689728
v -165.499435 43.198883 400.680084
v -165.784164 43.050415 400.959778
v -166.053467 43.020424 401.275909
v -166.213272 43.028999 401.597992
v -166.332825 42.982437 401.844788
v -166.475754 42.934284 402.101929
v -166.557037 42.887848 402.359222
v -166.660538 42.794060 402.592285
v -166.459991 42.750950 403.137146
v -166.475693 42.755184 403.215149
v -166.457870 42.942017 403.384247
v -166.453125 43.059769 403.571198
v -166.470474 43.303364 403.770325
v -166.143967 43.156960 400.926392
v -166.433197 43.060402 401.224945
v -166.614227 43.077713 401.574310
v -166.768051 43.091599 401.894989
v -166.854782 42.974606 402.214386
v -166.832275 42.900822 402.460327
v -166.876602 42.720821 402.522675
v -166.858002 42.895439 403.311707
v -166.811523 42.928001 403.420441
v -166.835678 43.063274 403.634155
v -166.988174 43.211720 403.912903
v -167.131866 43.616329 404.145447
v -167.411636 43.644821 404.306824
v -166.562225 43.197151 400.888763
v -166.814957 43.086533 401.187439
v -167.031693 43.096764 401.588287
v -167.210892 43.095181 401.909546
v -167.355392 42.959103 402.130066
v -167.629654 43.136940 403.723877
v -167.500137 43.293362 403.919159
v -167.606369 43.532055 404.195190
v -167.539230 43.742039 404.378784
v -166.875763 43.265980 399.874023
v -166.916870 43.267231 400.082184
v -167.199326 43.143787 400.527679
v -167.058136 43.162003 400.851624
v -167.171051 42.939053 401.219635
v -167.343628 42.946381 401.625946
v -167.497833 42.952976 401.928680
v -167.553619 42.843494 402.033539
v -167.766083 43.305542 403.807281
v -168.003662 43.325840 403.950012
v -168.044037 43.719074 404.154144
v -167.143372 43.295826 399.880310
v -167.374268 43.138302 400.150818
v -167.673767 42.950939 400.503296
v -168.635254 43.417152 404.012421
v -168.586197 43.799301 404.150024
v -167.682556 43.379360 399.955627
v -167.961090 43.235485 400.261963
v -168.349442 43.038662 400.565857
v -169.313904 43.349178 403.781647
v -169.063263 43.501156 403.953156
v -168.883713 44.014519 404.168549
v -168.551300 43.517742 400.405914
v -168.844559 43.342793 400.645599
v -169.071121 43.199116 400.909729
v -169.222824 43.158237 401.166260
v -169.584335 43.471928 403.787231
v -169.663300 43.892582 403.929291
v -169.242035 43.675938 400.744751
v -169.377151 43.653801 400.993286
v -169.556992 43.522751 401.226227
v -169.753464 43.353165 401.395264
v -169.944962 43.483505 403.751984
v -170.003540 43.704994 403.823578
v -169.820679 43.909710 401.243042
v -169.950562 43.790730 401.446472
v -170.123596 43.610203 401.608124
v -170.623718 43.876160 403.567413
v -170.413071 43.838890 403.734955
v -170.361130 43.988178 401.656708
v -170.497910 43.832317 401.822266
v -170.553375 43.810364 402.040222
v -170.615158 43.768280 402.241486
v -170.707092 43.727577 402.448853
v -170.782593 43.756557 402.692657
v -170.852097 43.843670 402.932556
v -170.888260 43.910305 403.173676
v -170.832489 43.952057 403.398346
v -159.464462 42.820602 400.221710
v -159.432434 42.986717 400.469208
v -159.763092 43.318699 400.852295
v -160.017654 43.481949 401.181702
v -160.286789 43.536526 401.420746
v -160.258240 43.322140 401.598053
v -160.333969 42.912457 401.762329
v -159.954971 42.783562 400.375580
v -160.214035 42.139011 400.543152
v -160.689285 42.858818 401.744080
v -160.605713 42.431541 400.385376
v -160.324539 42.689743 400.434418
v -160.917267 42.885563 401.786652
v -161.187653 42.677757 402.059143
v -161.240189 42.741474 402.361420
v -161.385971 42.353275 402.513763
v -161.075272 42.147354 400.529816
v -160.963852 42.494984 400.741699
v -161.347748 42.364246 400.842987
v -161.518585 42.229172 402.526459
v -161.604675 42.692146 402.599640
v -161.890762 42.444599 402.834473
v -161.891617 42.556522 403.095764
v -162.006699 42.226566 403.256226
v -161.245010 42.420219 400.410156
v -161.279358 42.538692 400.678986
v -161.153152 42.669506 400.718475
v -162.171463 42.434181 402.757690
v -162.061111 42.443283 402.849945
v -162.074417 42.581425 403.161652
v -162.108658 42.403183 403.317841
v -161.389877 42.555321 400.337646
v -161.609100 42.470070 400.588684
v -161.764481 42.514553 400.947083
v -161.878632 42.455063 401.372375
v -162.020798 42.592281 401.639862
v -162.102066 42.514599 401.883423
v -162.294647 42.436634 402.140320
v -162.462662 42.378471 402.402588
v -162.545624 42.400597 402.593323
v -162.504288 42.438568 402.674347
v -162.392120 42.456085 401.452942
v -162.229004 42.597157 401.605408
v -162.282486 42.542912 401.836304
v -162.465515 42.455753 402.092743
v -162.813278 42.257515 402.383667
v -162.900284 42.188770 402.534088
v -162.735855 42.160645 402.617218
v -162.663437 42.483261 401.519867
v -162.879501 42.261326 401.774658
v -163.033707 42.225201 402.029449
v -163.187027 42.150967 402.254700
v -163.220123 42.212002 402.466522
v -163.041794 42.307434 402.593170
v -165.957443 42.614338 401.958435
v -166.014694 42.644463 402.166595
v -166.088593 42.618793 402.424133
v -166.150146 42.632992 402.665283
v -166.174606 42.635925 402.871185
v -166.298264 42.553898 402.958160
v -166.153732 42.761467 402.007629
v -166.285873 42.707932 402.239166
v -166.373657 42.674511 402.510590
v -166.458954 42.618893 402.710663
v -166.513840 42.573898 402.898407
v -166.458771 42.553638 403.047913
v -166.703491 42.601109 403.150574
v -166.981323 42.714935 402.276581
v -166.953430 42.510380 402.466370
v -166.766357 42.477016 402.693207
v -166.838409 42.471432 402.930176
v -166.837326 42.493973 403.127991
v -166.872345 42.548836 403.239441
v -166.943253 42.644886 403.445587
v -166.976593 42.733967 403.644165
v -167.076538 42.648689 403.747101
v -167.199661 42.557312 402.275055
v -167.177505 42.335255 402.327759
v -167.561630 42.823708 403.733246
v -167.318420 42.865517 403.795044
v -167.114731 42.776676 400.638977
v -167.285843 42.547192 400.991974
v -167.257645 42.552734 401.309631
v -167.437897 42.597610 401.651123
v -167.558090 42.612770 401.958893
v -167.507385 42.643898 402.166412
v -167.796448 42.983326 403.759125
v -168.065582 42.873165 403.891388
v -168.180954 42.580353 403.985168
v -167.396957 42.698315 400.718933
v -167.809052 42.402065 400.970123
v -168.528870 42.997173 403.920288
v -168.342316 42.753128 403.931305
v -168.188019 42.586658 400.747772
v -168.141968 42.324856 400.938110
v -169.180740 43.301178 403.813873
v -169.067337 43.112751 403.855042
v -168.727142 42.868977 400.808502
v -169.074615 42.713551 401.037048
v -168.959930 43.048203 401.216370
v -169.477020 43.225811 403.712402
v -169.552597 42.998993 403.758240
v -169.293274 42.827820 401.120239
v -169.434418 42.890156 401.251495
v -169.680801 42.776455 401.477203
v -169.812073 43.471104 403.730804
v -170.053986 43.241066 403.749420
v -169.893387 43.244873 401.549438
v -170.063278 43.078506 401.706482
v -170.190811 42.954403 401.875275
v -170.569061 43.334244 403.555298
v -170.377075 43.343941 403.701996
v -170.319107 43.488762 401.753876
v -170.458450 43.339481 401.917572
v -170.560776 43.260525 402.108002
v -170.600128 43.208878 402.313904
v -170.664627 43.167366 402.532257
v -170.727051 43.189049 402.761658
v -170.780380 43.282990 402.986450
v -170.825119 43.355579 403.204376
v -170.757431 43.375431 403.392334
v -159.518295 42.303127 400.393707
v -160.170761 43.318485 401.016815
v -160.542297 43.701992 401.348907
v -160.962326 43.880913 401.632935
v -161.265320 43.829453 401.859924
v -160.487991 43.082733 401.743835
v -160.508270 42.426468 401.858612
v -159.929962 42.711971 400.399261
v -160.416840 42.648899 400.761017
v -161.145889 42.944061 401.818054
v -161.010880 43.150185 401.904877
v -161.082245 42.941715 402.036652
v -160.574280 42.378677 400.515289
v -160.459808 42.054192 400.513977
v -161.127686 42.556412 401.937012
v -161.357208 42.304592 402.177521
v -161.513596 42.241535 402.427643
v -161.590134 41.810017 402.661407
v -160.793655 42.168522 400.483459
v -161.078156 41.869053 400.669586
v -161.584198 42.254974 402.496063
v -161.821045 42.282902 402.683075
v -161.921524 41.903191 402.787201
v -161.194580 41.620152 400.190002
v -161.200577 41.976532 400.470184
v -161.268463 42.009308 400.658600
v -162.226807 42.098377 402.758545
v -161.974960 42.014137 402.821960
v -161.625381 41.573383 400.303040
v -161.398514 41.994556 400.385956
v -161.602722 41.981686 400.660889
v -161.739151 41.997059 400.980133
v -161.906937 41.959167 401.285461
v -162.090332 41.866837 401.608856
v -162.210770 41.836060 401.889984
v -162.304214 41.799435 402.109680
v -162.434982 41.687923 402.325531
v -162.570053 41.668743 402.541473
v -162.546661 41.965969 402.658173
v -162.225555 42.137466 401.457520
v -162.424957 41.941914 401.703705
v -162.542023 41.902344 401.962524
v -162.677841 41.822365 402.175720
v -162.841766 41.946487 402.433716
v -162.811890 41.961193 402.628754
v -162.689056 42.043720 402.701172
v -162.615570 42.096413 401.570953
v -162.781708 41.975151 401.813141
v -162.923721 41.943848 402.055145
v -163.063171 41.896584 402.272278
v -162.941376 41.975262 402.388123
v -166.970657 42.257164 402.519226
v -166.939514 42.325237 402.762482
v -166.989563 42.312008 402.967133
v -167.036591 42.277576 403.154114
v -167.064636 42.294056 403.312500
v -167.061188 42.339558 403.458374
v -167.076401 42.367485 403.615387
v -167.108780 42.453102 403.683929
v -167.270691 42.280605 402.295013
v -167.160370 42.137890 402.502655
v -167.248108 42.191025 402.775879
v -167.309418 42.191830 402.982178
v -167.369080 42.175903 403.179810
v -167.402496 42.194763 403.339142
v -167.417313 42.223370 403.484436
v -167.370605 42.343586 403.650208
v -167.205719 42.611111 403.738831
v -167.282211 42.242737 401.160126
v -167.385849 42.016621 401.414917
v -167.434479 42.110634 401.712006
v -167.538986 42.135357 402.001221
v -167.431671 42.054653 402.242645
v -167.477081 42.052746 402.550171
v -167.552139 42.052288 402.790619
v -167.619797 42.049313 402.998901
v -167.674896 42.049194 403.194061
v -167.700394 42.085213 403.355072
v -167.728760 42.136204 403.519653
v -167.768845 42.279552 403.693909
v -168.081085 42.512142 403.856445
v -168.118744 42.596577 403.935883
v -167.574509 42.212818 401.129761
v -167.864410 41.908825 401.296814
v -168.433899 42.266178 403.728516
v -168.421799 42.513416 403.897308
v -168.302200 42.637856 403.991699
v -168.314423 42.283337 400.892761
v -168.319214 42.023998 401.052795
v -168.191467 41.812630 401.287842
v -168.781296 42.357109 403.741394
v -168.930023 42.457851 403.794586
v -168.636337 42.387688 400.917175
v -168.863235 42.192261 401.087494
v -169.080597 41.929955 401.242798
v -169.696823 42.143852 403.620575
v -169.451904 42.568386 403.731293
v -169.267258 42.453766 401.165802
v -169.465591 42.313534 401.353485
v -169.566299 42.194847 401.534363
v -169.671692 42.101925 401.713226
v -169.850067 42.396202 403.649445
v -170.013611 42.628273 403.709320
v -169.819351 42.695938 401.633148
v -169.955704 42.607113 401.821930
v -170.131577 42.430397 401.974884
v -170.512680 42.781258 403.551147
v -170.298584 42.785130 403.670105
v -170.399658 42.830940 402.014008
v -170.552353 42.686378 402.183807
v -170.600296 42.637882 402.409332
v -170.637619 42.619675 402.639221
v -170.686615 42.652920 402.858398
v -170.725632 42.727875 403.060547
v -170.775269 42.797981 403.253998
v -170.703827 42.815937 403.410706
v -161.040970 43.887138 401.526337
v -161.424347 44.016636 401.800812
v -161.983398 44.311909 402.109375
v -162.232635 44.343994 402.280640
v -160.944397 43.346954 401.305145
v -161.837601 43.872345 402.078888
v -162.067230 43.794380 402.247589
v -161.733459 43.096348 402.218323
v -160.685623 41.807613 400.615936
v -160.661331 42.179989 400.911469
v -161.406540 42.482330 402.162445
v -161.538254 42.109684 402.345703
v -161.545197 41.978157 402.552429
v -161.504181 41.466049 402.673706
v -160.865250 41.761238 400.579895
v -161.005783 41.363480 400.751526
v -161.680954 41.224812 402.696899
v -161.899643 41.841774 402.811554
v -161.980606 41.184757 402.971893
v -161.084457 41.577965 400.237762
v -161.372742 41.583858 400.558472
v -161.192932 41.548664 400.750580
v -162.302460 41.603268 402.837708
v -162.148270 41.341042 402.949219
v -161.190063 41.586716 400.279785
v -161.500336 41.541550 400.479553
v -161.628616 41.473598 400.744568
v -161.721634 41.473976 401.041870
v -161.884842 41.514267 401.400482
v -162.151093 41.556301 401.754333
v -162.234497 41.606632 402.010071
v -162.314316 41.545227 402.216766
v -162.395035 41.434128 402.410583
v -162.462143 41.384663 402.602814
v -162.506012 41.519512 402.755768
v -162.640396 41.215775 401.763336
v -162.429474 41.371830 401.906311
v -162.525192 41.337101 402.119415
v -162.590256 41.297226 402.266541
v -167.450195 41.706944 401.576691
v -167.432709 41.421753 401.728363
v -167.468109 41.656845 402.009796
v -167.465820 41.666973 402.275238
v -167.493805 41.700130 402.530670
v -167.582077 41.702202 402.769043
v -167.653519 41.701996 402.998657
v -167.700928 41.733784 403.193298
v -167.718292 41.777637 403.361298
v -167.756104 41.824173 403.536560
v -167.901657 41.777721 403.697113
v -167.927170 41.590927 403.846710
v -167.700500 41.440254 401.476257
v -167.749069 41.218948 401.621826
v -168.344345 42.036720 403.715546
v -168.345856 41.774582 403.819244
v -168.418961 41.535435 401.159363
v -168.073410 41.516098 401.288025
v -168.673233 42.173279 403.726013
v -168.899185 41.863297 403.797363
v -168.712601 41.756443 401.164246
v -168.973648 41.453869 401.298492
v -169.513504 42.205471 403.707855
v -169.453217 42.006489 403.757690
v -169.342728 41.788456 401.407745
v -169.485947 41.670811 401.596649
v -169.622696 41.592194 401.798798
v -169.688507 42.287003 403.656616
v -169.945328 42.046909 403.694031
v -169.875336 42.037067 401.896881
v -170.072006 41.890625 402.073273
v -170.202271 41.789101 402.277557
v -170.489410 42.183918 403.577118
v -170.276703 42.182968 403.685852
v -170.348145 42.306881 402.127563
v -170.493179 42.163563 402.321686
v -170.583237 42.107445 402.526825
v -170.628784 42.130569 402.754944
v -170.660858 42.167442 402.974731
v -170.701050 42.199257 403.154938
v -170.742249 42.241322 403.320160
v -170.678589 42.254879 403.455536
v -161.457123 43.821114 401.652771
v -162.167847 44.351582 402.092316
v -162.315720 44.400040 402.242157
v -162.054245 44.198341 402.263977
v -162.254349 44.046696 401.915741
v -162.814865 44.598091 402.259613
v -162.782867 44.589565 402.382477
v -163.063095 44.559086 402.555450
v -162.663345 43.846581 402.476166
v -161.796005 42.852760 402.198120
v -160.829742 41.543766 400.838898
v -161.157104 42.665260 401.355499
v -162.072250 42.992920 402.239227
v -161.931702 42.612648 402.339661
v -161.794693 42.117458 402.442902
v -161.814667 41.587296 402.625732
v -161.224289 41.267799 400.797668
v -161.207352 40.939896 400.724945
v -161.911438 41.394627 402.710144
v -161.876862 41.197918 402.849884
v -161.913376 40.879433 402.944000
v -161.303925 40.648815 400.363647
v -161.376678 41.164265 400.635590
v -161.137955 41.210045 400.733002
v -162.087814 40.764751 402.809326
v -162.453934 41.181114 402.921844
v -162.023544 41.026466 402.981537
v -161.658844 40.672047 400.422180
v -161.563171 41.036644 400.553101
v -161.655533 40.961342 400.780945
v -161.773590 40.940296 401.120850
v -161.940292 41.004021 401.476776
v -162.117416 40.951237 401.752777
v -162.272491 40.866550 401.954742
v -162.354828 40.833046 402.181854
v -162.491974 41.056183 402.429932
v -162.499832 40.985683 402.640564
v -162.506836 41.065250 402.812225
v -162.317673 41.233036 401.842072
v -162.474060 41.124516 402.047302
v -162.551331 41.108250 402.259857
v -162.575867 41.146343 402.348022
v -167.544037 41.194202 401.828491
v -167.458755 41.223354 401.986084
v -167.360733 41.100128 402.221893
v -167.413071 41.154819 402.505585
v -167.525696 41.196880 402.761993
v -167.592667 41.209133 402.991058
v -167.637604 41.250233 403.190155
v -167.665649 41.298626 403.373779
v -167.708420 41.340164 403.549408
v -167.765793 41.354130 403.726410
v -167.939575 41.221066 403.881531
v -167.889984 41.148319 401.568512
v -167.660736 41.037251 401.729340
v -167.740402 40.932243 401.970001
v -167.896011 40.805439 402.144592
v -168.358246 41.366947 403.917938
v -168.353531 41.176414 401.268982
v -168.110413 41.058147 401.438049
v -168.197174 40.875679 401.758301
v -168.351364 40.668312 401.931519
v -168.857666 41.411880 403.888672
v -168.565826 41.264935 401.204071
v -168.690277 41.093529 401.424835
v -168.890488 40.926918 401.656006
v -169.105621 40.782848 401.901001
v -169.366547 41.448418 403.842316
v -169.215851 41.297707 401.471954
v -169.343811 41.236591 401.722992
v -169.506668 41.148865 401.961151
v -169.686111 41.029598 402.149811
v -169.876266 41.505169 403.809082
v -169.829330 41.521069 402.015381
v -169.971817 41.445263 402.229462
v -170.129089 41.371761 402.441803
v -170.245422 41.356823 402.671326
v -170.339783 41.339569 402.871063
v -170.493149 41.623417 403.634918
v -170.286835 41.584919 403.747803
v -170.405380 41.749397 402.509521
v -170.510529 41.702904 402.717896
v -170.598801 41.675327 402.909851
v -170.663818 41.663403 403.090820
v -170.710754 41.698299 403.244598
v -170.770950 41.686253 403.396667
v -170.684616 41.678703 403.526459
v -162.307877 43.817234 401.939270
v -162.625534 44.177830 402.171051
v -162.918961 44.448067 402.443542
v -163.004456 44.341553 402.587067
v -162.895660 43.889973 402.583069
v -160.894608 41.394829 400.818878
v -161.675171 42.635845 401.657288
v -162.690201 43.431465 402.445251
v -162.506226 42.890308 402.422943
v -162.103729 42.118298 402.497559
v -162.072464 41.539959 402.649506
v -161.296829 41.209206 401.072174
v -161.300140 41.009090 401.009552
v -161.912201 41.013367 402.776001
v -161.991043 40.524586 402.873596
v -161.116333 40.450817 400.421631
v -161.297791 40.675583 400.668823
v -162.085861 40.860458 402.792633
v -162.289276 40.690666 402.890472
v -161.297531 40.507561 400.381561
v -161.564224 40.478188 400.574219
v -161.724121 40.438541 400.873749
v -161.861542 40.480682 401.202240
v -162.155533 40.556400 401.591858
v -162.194901 40.616558 401.850769
v -162.321548 40.662426 402.081177
v -162.433975 40.665596 402.316742
v -162.542755 40.674839 402.514221
v -162.717758 40.687477 402.705963
v -162.494598 40.692326 402.835724
v -162.600906 40.167961 401.532227
v -162.400558 40.370144 401.694489
v -162.540237 40.443558 401.965240
v -162.690826 40.485649 402.221649
v -162.835815 40.539024 402.458771
v -162.849564 40.539616 402.610901
v -167.434204 40.594288 402.297821
v -167.373337 40.617764 402.483429
v -167.435516 40.641575 402.748169
v -167.538803 40.705105 402.981720
v -167.579681 40.729828 403.188843
v -167.628525 40.784473 403.377869
v -167.710129 40.842606 403.557617
v -167.764755 40.846886 403.742676
v -167.942566 40.721378 403.901306
v -168.082474 40.665890 402.106110
v -167.694260 40.618206 402.170959
v -168.322311 40.864227 403.938995
v -168.361160 40.377865 401.808350
v -168.081802 40.535717 401.990631
v -168.433792 40.263031 402.239655
v -168.828659 40.835979 403.971680
v -169.119049 40.678177 404.100891
v -168.692749 40.557919 401.837616
v -168.991165 40.329998 402.012543
v -169.350464 41.012398 403.938354
v -169.397141 40.766609 404.074493
v -169.364105 40.718403 402.130615
v -169.573730 40.631763 402.300751
v -169.756485 40.626530 402.497833
v -169.877960 40.846611 403.879700
v -169.880569 40.729633 404.017670
v -169.885590 41.042419 402.392212
v -170.067383 40.998543 402.592377
v -170.201508 41.019859 402.819519
v -170.309006 40.988495 403.027466
v -170.461624 40.901314 403.211395
v -170.848465 40.790516 403.586365
v -170.568039 41.027531 403.625854
v -170.307571 41.039478 403.819153
v -170.557281 41.284046 403.072388
v -170.680252 41.213909 403.213318
v -170.773682 41.160061 403.320831
v -170.833252 41.074562 403.454254
v -170.817047 41.285660 403.567841
v -161.873199 43.349483 401.733398
v -162.482315 43.678581 402.133972
v -162.870987 43.914932 402.395905
v -162.772629 43.678364 402.428284
v -162.520599 43.456486 402.398499
v -162.095444 43.101929 401.836029
v -162.242523 42.986961 402.118622
v -162.743683 43.369240 402.276794
v -162.924103 43.426647 402.445587
v -163.082275 43.491230 402.629639
v -162.737579 42.806194 402.520630
v -162.454788 42.111176 402.545471
v -162.329788 41.413879 402.666107
v -161.201752 40.496105 400.808441
v -161.635605 41.506786 401.653229
v -161.552780 41.186275 401.461914
v -161.927032 40.906574 402.776276
v -162.005310 40.378510 402.947876
v -161.199570 40.091320 400.372742
v -161.446899 40.306812 400.895905
v -161.480453 40.085258 400.909851
v -162.261230 40.288933 402.958069
v -161.270966 40.114895 400.425629
v -161.545197 40.029556 400.670441
v -161.765961 39.981621 400.930237
v -161.898285 40.004257 401.237335
v -162.063019 39.967030 401.494385
v -162.255035 39.979881 401.730652
v -162.398941 40.042500 401.984131
v -162.565582 40.101547 402.225433
v -162.646790 40.155186 402.460419
v -162.785599 40.323303 402.661591
v -162.542480 40.320107 402.852020
v -162.265594 40.200447 401.603119
v -162.461884 40.198982 401.836792
v -162.618805 40.267693 402.104706
v -163.021011 40.260406 402.336609
v -163.068451 40.239204 402.521057
v -163.094025 40.255493 402.626190
v -163.488480 40.085972 402.289154
v -163.293106 40.130867 402.450317
v -163.256271 40.174057 402.584625
v -167.419907 40.045460 403.233215
v -167.324188 40.125397 403.364410
v -167.368576 40.152618 403.559113
v -167.381775 40.101467 403.712433
v -167.595993 40.249908 402.335480
v -167.365952 40.243408 402.435303
v -167.354431 40.136421 402.727875
v -167.460785 40.193039 402.963684
v -167.516220 40.242123 403.157135
v -167.510300 40.399178 403.362518
v -167.586227 40.443611 403.558716
v -167.705307 40.400070 403.737183
v -167.905548 40.232037 403.886292
v -167.602325 40.189606 402.306274
v -167.823471 40.059090 402.454163
v -168.306259 40.343765 403.955048
v -168.653809 40.071133 401.954071
v -168.360474 40.106148 402.052643
v -168.071335 40.219875 402.248688
v -168.551208 39.945229 402.498688
v -168.698410 40.472721 403.995941
v -168.987442 40.247871 404.104645
v -168.614258 40.114716 401.913391
v -168.877350 40.002739 402.120117
v -169.086899 39.961945 402.270142
v -169.921936 40.132168 404.047028
v -169.389084 40.330975 404.068390
v -169.267044 40.300819 402.224213
v -169.477829 40.307289 402.423126
v -169.716537 40.249523 402.578522
v -169.972473 40.376862 403.958374
v -169.908798 40.529869 404.060150
v -170.052811 40.607967 402.700226
v -170.239029 40.588604 402.893250
v -170.322693 40.604698 403.150940
v -170.444809 40.551598 403.328308
v -170.549789 40.484093 403.444885
v -170.567184 40.540764 403.539551
v -170.535172 40.499416 403.724792
v -170.397125 40.433266 403.871979
v -170.712112 40.803871 403.324615
v -170.825531 40.724483 403.432343
v -170.912613 40.751755 403.493774
v -161.958618 42.145210 401.791382
v -162.103363 42.321789 402.212036
v -162.537521 42.723877 402.316345
v -162.662415 42.646904 402.439148
v -162.531174 42.223251 402.473877
v -162.448624 41.700081 402.554108
v -162.300583 41.010906 402.677765
v -161.330734 40.368790 401.202301
v -161.600266 41.228199 401.974518
v -161.617462 40.729195 401.630188
v -162.145874 40.695148 402.829926
v -162.088135 40.034336 403.051392
v -162.036102 39.389866 403.096619
v -161.461868 39.725113 400.717957
v -161.584290 40.229134 401.364563
v -161.637177 39.863655 401.406311
v -162.297012 39.921238 403.027924
v -162.152069 39.636631 403.077637
v -161.573593 39.766811 400.815399
v -161.757751 39.733959 401.086639
v -161.910599 39.663841 401.324860
v -162.046585 39.604061 401.533325
v -162.149368 39.643108 401.775818
v -162.436096 39.725346 402.084900
v -162.547607 39.877678 402.315063
v -162.633835 39.908165 402.515503
v -162.739166 39.827965 402.687775
v -162.550629 39.880795 402.871979
v -162.891052 39.569923 402.049652
v -162.826065 39.799019 402.254181
v -163.006821 39.777306 402.451477
v -163.060577 39.819206 402.587738
v -163.133820 39.934807 402.364014
v -163.250412 39.909920 402.510406
v -163.266998 40.096233 402.605286
v -167.241043 39.766365 403.194031
v -167.149246 39.814186 403.350220
v -167.350845 39.850307 403.498962
v -167.504852 39.864986 403.628265
v -167.371475 39.732452 402.537750
v -167.338257 39.746334 402.714233
v -167.400162 39.775238 402.945099
v -167.398392 39.784782 403.091522
v -167.773315 39.679218 403.606354
v -167.801025 39.796944 403.695496
v -168.061172 39.938324 403.848846
v -167.632553 39.831738 402.527588
v -167.898376 39.766037 402.648041
v -168.309021 39.728470 403.845825
v -168.355179 39.873302 403.891144
v -168.743835 39.766869 402.260529
v -168.389389 39.846729 402.294891
v -168.127655 39.913414 402.496796
v -168.686264 39.674240 402.693787
v -168.854782 39.955990 403.973999
v -169.268509 39.934021 404.051086
v -168.670517 39.836689 402.201904
v -168.919540 39.797340 402.374359
v -169.141510 39.740067 402.526031
v -169.422012 39.932461 403.995209
v -169.469086 40.031181 404.085754
v -169.367798 40.026531 402.506012
v -169.611984 39.947037 402.675568
v -169.831757 39.894024 402.903961
v -169.981598 39.892567 403.146545
v -170.524857 39.664219 403.921539
v -170.030701 39.947170 403.879272
v -170.044174 40.214329 402.788849
v -170.206665 40.215721 403.020905
v -170.340622 40.164898 403.229889
v -170.478760 40.118046 403.377960
v -170.549377 40.115746 403.512604
v -170.632904 40.076893 403.645905
v -170.496262 39.970795 403.790863
v -170.539352 40.089218 403.958069
v -161.814316 41.461819 401.858856
v -161.868805 41.594273 402.103821
v -162.040039 41.511078 402.244659
v -162.130936 41.275784 402.374969
v -162.114212 40.883766 402.508301
v -162.029739 40.207420 402.556946
v -161.401459 40.038666 401.426910
v -161.505249 40.812012 402.010651
v -161.606812 40.519894 401.959473
v -161.766388 40.450275 402.129425
v -161.903763 40.368168 402.308624
v -161.964600 40.174187 402.480652
v -162.029541 40.160187 402.811279
v -161.949875 39.616852 402.987427
v -162.085312 39.217110 403.058899
v -161.508835 39.916519 401.512085
v -161.618454 39.700768 401.627228
v -161.751526 39.642014 401.823853
v -161.856903 39.677185 402.014740
v -161.960388 39.676689 402.218109
v -162.102448 39.640255 402.504883
v -162.212189 39.530697 402.746674
v -162.219513 39.498562 403.024017
v -162.195358 39.290863 403.101471
v -161.862457 39.437534 401.433746
v -161.991898 39.350296 401.604248
v -162.080276 39.375473 401.795258
v -162.201172 39.374428 401.978149
v -162.347504 39.363148 402.211182
v -162.487610 39.382214 402.485535
v -162.528824 39.528072 402.730743
v -162.424210 39.577568 402.850372
v -162.556000 39.456520 402.077850
v -162.738434 39.434490 402.288818
v -162.812302 39.469208 402.493988
v -162.776321 39.578609 402.560455
v -166.903305 39.148464 403.128510
v -166.794357 39.099915 403.185455
v -167.197983 39.091240 402.757812
v -167.091476 39.212868 402.882751
v -166.998947 39.368298 403.052826
v -166.991745 39.478992 403.291840
v -167.249832 39.406116 403.463470
v -167.438416 39.137001 403.611206
v -167.620285 39.392532 402.575745
v -167.244949 39.318703 402.652771
v -167.298599 39.451378 402.899475
v -167.346619 39.440125 403.032257
v -167.571304 39.530148 403.577942
v -167.706619 39.462475 403.638611
v -167.641403 39.374905 402.493286
v -167.691162 39.453033 402.650726
v -168.288559 39.507050 403.735596
v -168.638977 39.454620 403.869843
v -168.845245 39.462891 402.461151
v -168.291962 39.475178 402.467072
v -168.196793 39.497505 402.666534
v -168.897446 39.293854 403.814667
v -168.781754 39.616943 403.899689
v -168.684753 39.614685 402.435974
v -168.951706 39.564419 402.609161
v -169.263336 39.444134 402.803619
v -169.560318 39.291260 403.871979
v -169.395142 39.624905 403.907837
v -169.482040 39.665298 402.763092
v -169.702942 39.611507 403.012024
v -169.899673 39.553810 403.193665
v -170.078018 39.538048 403.363068
v -170.186020 39.543911 403.523163
v -170.249146 39.444592 403.659210
v -170.169144 39.324066 403.778107
v -170.053421 39.603912 403.971405
v -170.284470 39.767380 403.287628
v -170.452759 39.729939 403.428650
v -170.546143 39.729286 403.580170
v -170.605637 39.628857 403.718384
v -170.615036 39.575905 403.835907
v -166.841034 38.611698 402.858978
v -166.670151 38.843113 402.975800
v -166.706787 38.766068 403.114899
v -167.212875 38.947243 402.703522
v -166.955154 38.856598 402.784210
v -166.847244 38.944912 402.973816
v -167.053192 38.990620 403.220337
v -167.255875 39.025795 403.407196
v -167.487061 38.861965 403.504150
v -167.287415 38.947163 402.650024
v -167.552612 38.584934 402.705688
v -167.584457 38.858593 403.277618
v -167.666138 38.919746 403.428436
v -167.685394 39.103130 403.586029
v -168.241196 39.057659 402.574615
v -167.787170 39.051636 402.620026
v -168.223083 38.692299 403.362244
v -168.228012 38.954754 403.446991
v -168.102997 39.216755 403.639771
v -168.139877 39.205372 402.528351
v -168.470688 39.100098 402.702881
v -168.752274 39.006886 402.902771
v -169.309448 38.755184 403.505280
v -168.797745 39.057594 403.498871
v -168.770660 39.209797 403.690704
v -168.786865 39.302990 402.633209
v -169.067322 39.251144 402.838898
v -169.288147 39.117100 403.059479
v -169.430313 39.066685 403.254669
v -169.319061 39.100193 403.408173
v -169.442261 39.081223 403.626007
v -169.460358 39.066959 403.780853
v -169.594955 39.292118 403.008270
v -169.766647 39.276939 403.211761
v -169.868530 39.269318 403.392181
v -169.964508 39.224022 403.562164
v -170.035172 39.118320 403.720276
v -170.090836 39.032997 403.822021
v -166.831619 38.347469 402.812958
v -166.640274 38.465973 402.916992
v -166.895035 38.348690 403.012634
v -166.828781 38.487904 402.805786
v -166.968002 38.441528 402.931793
v -166.996414 38.599850 403.097595
v -167.750153 38.502884 402.643158
v -167.351349 38.554928 402.753448
v -167.432373 38.530697 402.982056
v -167.421265 38.666550 403.157104
v -167.705872 38.632809 402.668884
v -167.929596 38.552845 402.835052
v -168.038406 38.575893 403.055756
v -168.119507 38.710705 403.221710
v -168.560532 38.469906 403.409027
v -168.284866 38.766968 402.748749
v -168.526108 38.665806 402.940613
v -168.635895 38.597542 403.136627
v -168.683167 38.771667 403.318298
v -168.795471 38.579777 403.489716
v -169.068634 38.840168 403.075348
v -169.203568 38.753227 403.266724
v -169.417496 38.671444 403.386505
f 1 2 34
f 2 35 34
f 1 34 41
f 1 41 5
f 1 6 2
f 1 5 6
f 2 42 35
f 2 6 42
f 3 4 39
f 4 40 39
f 3 39 47
f 3 47 9
f 3 10 4
f 3 9 10
f 4 5 40
f 5 41 40
f 4 11 5
f 4 10 11
f 5 12 6
f 5 11 12
f 6 7 42
f 7 43 42
f 6 13 7
f 6 12 13
f 7 8 43
f 8 44 43
f 7 14 8
f 7 13 14
f 48 49 14
f 48 14 13
f 8 49 44
f 8 14 49
f 9 47 52
f 9 52 16
f 9 17 10
f 9 16 17
f 10 18 11
f 10 17 18
f 11 19 12
f 11 18 19
f 12 20 13
f 12 19 20
f 13 53 48
f 13 20 53
f 15 16 51
f 16 52 51
f 15 51 55
f 15 55 21
f 15 22 16
f 15 21 22
f 55 56 22
f 55 22 21
f 16 23 17
f 16 22 23
f 17 24 18
f 17 23 24
f 18 25 19
f 18 24 25
f 19 26 20
f 19 25 26
f 20 57 53
f 20 26 57
f 22 56 60
f 22 60 27
f 22 28 23
f 22 27 28
f 60 61 28
f 60 28 27
f 23 29 24
f 23 28 29
f 61 62 29
f 61 29 28
f 24 30 25
f 24 29 30
f 62 63 30
f 62 30 29
f 25 31 26
f 25 30 31
f 63 64 31
f 63 31 30
f 26 64 57
f 26 31 64
f 32 33 84
f 33 85 84
f 84 85 92
f 85 93 92
f 32 84 92
f 32 92 39
f 32 40 33
f 32 39 40
f 33 34 85
f 34 86 85
f 33 41 34
f 33 40 41
f 34 35 86
f 35 87 86
f 35 36 87
f 36 88 87
f 35 43 36
f 35 42 43
f 36 37 88
f 37 89 88
f 36 44 37
f 36 43 44
f 37 94 89
f 37 44 94
f 38 39 91
f 39 92 91
f 38 91 97
f 38 97 46
f 38 47 39
f 38 46 47
f 44 45 94
f 45 95 94
f 44 50 45
f 44 49 50
f 98 99 50
f 98 50 49
f 45 99 95
f 45 50 99
f 46 97 101
f 46 101 51
f 46 52 47
f 46 51 52
f 48 54 49
f 48 53 54
f 49 102 98
f 49 54 102
f 51 101 104
f 51 104 55
f 53 58 54
f 53 57 58
f 105 106 58
f 105 58 57
f 54 106 102
f 54 58 106
f 55 104 108
f 55 108 59
f 55 60 56
f 55 59 60
f 108 109 60
f 108 60 59
f 109 110 61
f 109 61 60
f 110 111 62
f 110 62 61
f 111 112 63
f 111 63 62
f 112 113 64
f 112 64 63
f 57 113 105
f 57 64 113
f 65 66 122
f 66 123 122
f 65 122 129
f 65 129 71
f 65 72 66
f 65 71 72
f 129 130 72
f 129 72 71
f 66 67 123
f 67 124 123
f 66 73 67
f 66 72 73
f 67 68 124
f 68 125 124
f 67 74 68
f 67 73 74
f 68 69 125
f 69 126 125
f 68 75 69
f 68 74 75
f 69 70 126
f 70 127 126
f 69 76 70
f 69 75 76
f 70 131 127
f 70 76 131
f 72 130 133
f 72 133 78
f 72 79 73
f 72 78 79
f 133 134 79
f 133 79 78
f 73 80 74
f 73 79 80
f 134 135 80
f 134 80 79
f 74 81 75
f 74 80 81
f 135 136 81
f 135 81 80
f 75 82 76
f 75 81 82
f 136 137 82
f 136 82 81
f 76 77 131
f 77 132 131
f 131 132 137
f 132 138 137
f 76 83 77
f 76 82 83
f 137 138 83
f 137 83 82
f 77 138 132
f 77 83 138
f 85 86 146
f 86 147 146
f 85 146 157
f 85 157 93
f 86 87 147
f 87 148 147
f 87 88 148
f 88 149 148
f 88 89 149
f 89 150 149
f 89 90 150
f 90 151 150
f 89 95 90
f 89 94 95
f 90 158 151
f 90 95 158
f 91 92 155
f 92 156 155
f 91 155 162
f 91 162 97
f 92 93 156
f 93 157 156
f 95 96 158
f 96 159 158
f 95 100 96
f 95 99 100
f 163 164 100
f 163 100 99
f 96 164 159
f 96 100 164
f 97 162 167
f 97 167 101
f 98 103 99
f 98 102 103
f 99 168 163
f 99 103 168
f 101 167 172
f 101 172 104
f 102 107 103
f 102 106 107
f 173 174 107
f 173 107 106
f 103 174 168
f 103 107 174
f 104 172 176
f 104 176 108
f 176 177 109
f 176 109 108
f 177 178 110
f 177 110 109
f 178 179 111
f 178 111 110
f 179 180 112
f 179 112 111
f 180 181 113
f 180 113 112
f 105 114 106
f 105 113 114
f 181 182 114
f 181 114 113
f 106 182 173
f 106 114 182
f 115 116 191
f 116 192 191
f 115 191 196
f 115 196 117
f 115 118 116
f 115 117 118
f 116 197 192
f 116 118 197
f 117 196 203
f 117 203 122
f 117 123 118
f 117 122 123
f 118 119 197
f 119 198 197
f 118 124 119
f 118 123 124
f 119 120 198
f 120 199 198
f 119 125 120
f 119 124 125
f 120 204 199
f 120 125 204
f 121 122 202
f 122 203 202
f 121 202 208
f 121 208 128
f 121 129 122
f 121 128 129
f 208 209 129
f 208 129 128
f 209 210 130
f 209 130 129
f 125 126 204
f 126 205 204
f 126 127 205
f 127 206 205
f 127 211 206
f 127 131 211
f 130 210 222
f 130 222 133
f 131 223 211
f 131 137 223
f 133 222 233
f 133 233 139
f 133 140 134
f 133 139 140
f 233 234 140
f 233 140 139
f 134 141 135
f 134 140 141
f 234 235 141
f 234 141 140
f 135 142 136
f 135 141 142
f 235 236 142
f 235 142 141
f 136 143 137
f 136 142 143
f 236 237 143
f 236 143 142
f 137 237 223
f 137 143 237
f 144 145 279
f 145 280 279
f 144 279 292
f 144 292 155
f 144 156 145
f 144 155 156
f 145 146 280
f 146 281 280
f 145 157 146
f 145 156 157
f 146 147 281
f 147 282 281
f 147 148 282
f 148 283 282
f 148 149 283
f 149 284 283
f 149 150 284
f 150 285 284
f 150 151 285
f 151 286 285
f 151 152 286
f 152 287 286
f 151 159 152
f 151 158 159
f 152 153 287
f 153 288 287
f 152 160 153
f 152 159 160
f 153 293 288
f 153 160 293
f 154 155 291
f 155 292 291
f 154 291 296
f 154 296 161
f 154 162 155
f 154 161 162
f 159 165 160
f 159 164 165
f 160 297 293
f 160 165 297
f 161 296 300
f 161 300 166
f 161 167 162
f 161 166 167
f 163 169 164
f 163 168 169
f 164 170 165
f 164 169 170
f 301 302 170
f 301 170 169
f 165 302 297
f 165 170 302
f 166 300 304
f 166 304 171
f 166 172 167
f 166 171 172
f 304 305 172
f 304 172 171
f 168 175 169
f 168 174 175
f 306 307 175
f 306 175 174
f 169 307 301
f 169 175 307
f 172 305 310
f 172 310 176
f 310 311 177
f 310 177 176
f 173 183 174
f 173 182 183
f 312 313 183
f 312 183 182
f 174 313 306
f 174 183 313
f 177 311 316
f 177 316 184
f 177 185 178
f 177 184 185
f 316 317 185
f 316 185 184
f 178 186 179
f 178 185 186
f 317 318 186
f 317 186 185
f 179 187 180
f 179 186 187
f 318 319 187
f 318 187 186
f 180 188 181
f 180 187 188
f 319 320 188
f 319 188 187
f 181 189 182
f 181 188 189
f 320 321 189
f 320 189 188
f 182 321 312
f 182 189 321
f 190 191 344
f 191 345 344
f 190 344 358
f 190 358 195
f 190 196 191
f 190 195 196
f 191 192 345
f 192 346 345
f 192 193 346
f 193 347 346
f 192 198 193
f 192 197 198
f 193 194 347
f 194 348 347
f 193 199 194
f 193 198 199
f 194 359 348
f 194 199 359
f 195 358 370
f 195 370 202
f 195 203 196
f 195 202 203
f 199 200 359
f 200 360 359
f 199 205 200
f 199 204 205
f 200 201 360
f 201 361 360
f 360 361 371
f 361 372 371
f 200 206 201
f 200 205 206
f 201 372 361
f 201 206 372
f 202 370 381
f 202 381 208
f 206 207 372
f 207 373 372
f 372 373 382
f 373 383 382
f 206 212 207
f 206 211 212
f 207 383 373
f 207 212 383
f 208 381 394
f 208 394 220
f 208 221 209
f 208 220 221
f 394 395 221
f 394 221 220
f 209 222 210
f 209 221 222
f 211 224 212
f 211 223 224
f 212 213 383
f 213 384 383
f 383 384 397
f 384 398 397
f 212 225 213
f 212 224 225
f 397 398 225
f 397 225 224
f 213 214 384
f 214 385 384
f 384 385 398
f 385 399 398
f 213 226 214
f 213 225 226
f 398 399 226
f 398 226 225
f 214 399 385
f 214 226 399
f 215 216 386
f 216 387 386
f 215 386 400
f 215 400 227
f 215 228 216
f 215 227 228
f 400 401 228
f 400 228 227
f 216 217 387
f 217 388 387
f 216 229 217
f 216 228 229
f 401 402 229
f 401 229 228
f 217 218 388
f 218 389 388
f 217 230 218
f 217 229 230
f 402 403 230
f 402 230 229
f 218 219 389
f 219 390 389
f 218 231 219
f 218 230 231
f 403 404 231
f 403 231 230
f 219 404 390
f 219 231 404
f 221 395 409
f 221 409 232
f 221 233 222
f 221 232 233
f 396 397 411
f 397 412 411
f 223 238 224
f 223 237 238
f 224 412 397
f 224 238 412
f 409 410 424
f 410 425 424
f 232 409 424
f 232 424 248
f 232 249 233
f 232 248 249
f 424 425 249
f 424 249 248
f 233 250 234
f 233 249 250
f 425 426 250
f 425 250 249
f 234 251 235
f 234 250 251
f 426 427 251
f 426 251 250
f 235 252 236
f 235 251 252
f 236 253 237
f 236 252 253
f 237 254 238
f 237 253 254
f 238 239 412
f 239 413 412
f 412 413 430
f 413 431 430
f 238 255 239
f 238 254 255
f 430 431 255
f 430 255 254
f 239 240 413
f 240 414 413
f 413 414 431
f 414 432 431
f 239 256 240
f 239 255 256
f 431 432 256
f 431 256 255
f 240 241 414
f 241 415 414
f 414 415 432
f 415 433 432
f 240 257 241
f 240 256 257
f 432 433 257
f 432 257 256
f 241 242 415
f 242 416 415
f 415 416 433
f 416 434 433
f 241 258 242
f 241 257 258
f 433 434 258
f 433 258 257
f 242 243 416
f 243 417 416
f 242 259 243
f 242 258 259
f 434 435 259
f 434 259 258
f 243 244 417
f 244 418 417
f 243 260 244
f 243 259 260
f 435 436 260
f 435 260 259
f 244 245 418
f 245 419 418
f 244 261 245
f 244 260 261
f 436 437 261
f 436 261 260
f 245 246 419
f 246 420 419
f 245 262 246
f 245 261 262
f 437 438 262
f 437 262 261
f 246 247 420
f 247 421 420
f 246 263 247
f 246 262 263
f 438 439 263
f 438 263 262
f 247 439 421
f 247 263 439
f 251 427 443
f 251 443 264
f 251 265 252
f 251 264 265
f 428 429 444
f 429 445 444
f 252 266 253
f 252 265 266
f 429 430 445
f 430 446 445
f 253 267 254
f 253 266 267
f 254 446 430
f 254 267 446
f 443 444 458
f 444 459 458
f 264 443 458
f 264 458 277
f 264 278 265
f 264 277 278
f 458 459 278
f 458 278 277
f 265 279 266
f 265 278 279
f 445 446 460
f 446 461 460
f 266 280 267
f 266 279 280
f 267 268 446
f 268 447 446
f 446 447 461
f 447 462 461
f 267 281 268
f 267 280 281
f 268 269 447
f 269 448 447
f 447 448 462
f 448 463 462
f 268 282 269
f 268 281 282
f 269 270 448
f 270 449 448
f 448 449 463
f 449 464 463
f 269 283 270
f 269 282 283
f 270 271 449
f 271 450 449
f 449 450 464
f 450 465 464
f 270 284 271
f 270 283 284
f 271 272 450
f 272 451 450
f 271 285 272
f 271 284 285
f 272 273 451
f 273 452 451
f 272 286 273
f 272 285 286
f 273 274 452
f 274 453 452
f 273 287 274
f 273 286 287
f 274 275 453
f 275 454 453
f 274 288 275
f 274 287 288
f 275 276 454
f 276 455 454
f 275 289 276
f 275 288 289
f 276 466 455
f 276 289 466
f 278 459 470
f 278 470 291
f 278 292 279
f 278 291 292
f 288 294 289
f 288 293 294
f 289 471 466
f 289 294 471
f 290 291 469
f 291 470 469
f 290 469 473
f 290 473 295
f 290 296 291
f 290 295 296
f 293 298 294
f 293 297 298
f 474 475 298
f 474 298 297
f 294 475 471
f 294 298 475
f 295 473 477
f 295 477 299
f 295 300 296
f 295 299 300
f 297 478 474
f 297 302 478
f 299 477 480
f 299 480 303
f 299 304 300
f 299 303 304
f 480 481 304
f 480 304 303
f 301 308 302
f 301 307 308
f 482 483 308
f 482 308 307
f 302 483 478
f 302 308 483
f 304 481 485
f 304 485 309
f 304 310 305
f 304 309 310
f 485 486 310
f 485 310 309
f 306 314 307
f 306 313 314
f 487 488 314
f 487 314 313
f 307 488 482
f 307 314 488
f 310 486 490
f 310 490 315
f 310 316 311
f 310 315 316
f 490 491 316
f 490 316 315
f 491 492 317
f 491 317 316
f 492 493 318
f 492 318 317
f 493 494 319
f 493 319 318
f 494 495 320
f 494 320 319
f 495 496 321
f 495 321 320
f 312 322 313
f 312 321 322
f 496 497 322
f 496 322 321
f 313 497 487
f 313 322 497
f 323 324 501
f 324 502 501
f 323 501 511
f 323 511 330
f 323 331 324
f 323 330 331
f 324 325 502
f 325 503 502
f 324 332 325
f 324 331 332
f 325 512 503
f 325 332 512
f 326 327 505
f 327 506 505
f 326 505 514
f 326 514 333
f 326 334 327
f 326 333 334
f 514 515 334
f 514 334 333
f 327 328 506
f 328 507 506
f 327 335 328
f 327 334 335
f 328 516 507
f 328 335 516
f 329 330 510
f 330 511 510
f 329 510 521
f 329 521 338
f 329 339 330
f 329 338 339
f 330 340 331
f 330 339 340
f 331 341 332
f 331 340 341
f 332 522 512
f 332 341 522
f 334 515 526
f 334 526 345
f 334 346 335
f 334 345 346
f 335 336 516
f 336 517 516
f 335 347 336
f 335 346 347
f 336 527 517
f 336 347 527
f 337 338 520
f 338 521 520
f 337 520 531
f 337 531 351
f 337 352 338
f 337 351 352
f 338 353 339
f 338 352 353
f 339 354 340
f 339 353 354
f 340 355 341
f 340 354 355
f 341 342 522
f 342 523 522
f 341 356 342
f 341 355 356
f 342 533 523
f 342 356 533
f 343 344 524
f 344 525 524
f 524 525 534
f 525 535 534
f 343 524 534
f 343 534 357
f 343 358 344
f 343 357 358
f 534 535 358
f 534 358 357
f 344 345 525
f 345 526 525
f 347 348 527
f 348 528 527
f 348 349 528
f 349 529 528
f 348 360 349
f 348 359 360
f 349 536 529
f 349 360 536
f 350 351 530
f 351 531 530
f 350 530 540
f 350 540 363
f 350 364 351
f 350 363 364
f 351 365 352
f 351 364 365
f 352 366 353
f 352 365 366
f 353 367 354
f 353 366 367
f 354 368 355
f 354 367 368
f 532 533 541
f 533 542 541
f 355 369 356
f 355 368 369
f 541 542 369
f 541 369 368
f 356 542 533
f 356 369 542
f 358 535 543
f 358 543 370
f 360 544 536
f 360 371 544
f 362 363 539
f 363 540 539
f 362 539 548
f 362 548 374
f 362 375 363
f 362 374 375
f 363 376 364
f 363 375 376
f 364 377 365
f 364 376 377
f 365 378 366
f 365 377 378
f 366 379 367
f 366 378 379
f 367 380 368
f 367 379 380
f 368 550 541
f 368 380 550
f 370 543 551
f 370 551 381
f 371 372 544
f 372 545 544
f 372 552 545
f 372 382 552
f 374 548 559
f 374 559 387
f 374 388 375
f 374 387 388
f 375 389 376
f 375 388 389
f 376 390 377
f 376 389 390
f 377 391 378
f 377 390 391
f 378 392 379
f 378 391 392
f 549 550 560
f 550 561 560
f 379 393 380
f 379 392 393
f 380 561 550
f 380 393 561
f 381 551 562
f 381 562 394
f 382 383 552
f 383 553 552
f 563 564 397
f 563 397 396
f 383 564 553
f 383 397 564
f 386 387 558
f 387 559 558
f 386 558 569
f 386 569 400
f 390 405 391
f 390 404 405
f 391 406 392
f 391 405 406
f 560 561 570
f 561 571 570
f 392 407 393
f 392 406 407
f 570 571 407
f 570 407 406
f 393 571 561
f 393 407 571
f 394 562 572
f 394 572 408
f 394 409 395
f 394 408 409
f 572 573 409
f 572 409 408
f 573 574 410
f 573 410 409
f 396 575 563
f 396 411 575
f 400 569 581
f 400 581 417
f 400 418 401
f 400 417 418
f 401 419 402
f 401 418 419
f 402 420 403
f 402 419 420
f 403 421 404
f 403 420 421
f 404 422 405
f 404 421 422
f 405 423 406
f 405 422 423
f 406 582 570
f 406 423 582
f 410 574 585
f 410 585 425
f 585 586 426
f 585 426 425
f 587 588 429
f 587 429 428
f 411 412 575
f 412 576 575
f 588 589 430
f 588 430 429
f 412 589 576
f 412 430 589
f 416 417 580
f 417 581 580
f 416 580 593
f 416 593 434
f 593 594 435
f 593 435 434
f 421 440 422
f 421 439 440
f 422 441 423
f 422 440 441
f 423 595 582
f 423 441 595
f 426 586 598
f 426 598 442
f 426 443 427
f 426 442 443
f 598 599 443
f 598 443 442
f 599 600 444
f 599 444 443
f 428 600 587
f 428 444 600
f 435 594 607
f 435 607 451
f 435 452 436
f 435 451 452
f 436 453 437
f 436 452 453
f 437 454 438
f 437 453 454
f 438 455 439
f 438 454 455
f 439 456 440
f 439 455 456
f 440 457 441
f 440 456 457
f 441 608 595
f 441 457 608
f 444 445 600
f 445 601 600
f 444 600 611
f 444 611 459
f 445 612 601
f 445 460 612
f 450 451 606
f 451 607 606
f 450 606 617
f 450 617 465
f 455 467 456
f 455 466 467
f 456 468 457
f 456 467 468
f 618 619 468
f 618 468 467
f 457 619 608
f 457 468 619
f 459 611 622
f 459 622 470
f 460 461 612
f 461 613 612
f 461 462 613
f 462 614 613
f 462 463 614
f 463 615 614
f 463 464 615
f 464 616 615
f 464 465 616
f 465 617 616
f 466 472 467
f 466 471 472
f 467 623 618
f 467 472 623
f 469 470 621
f 470 622 621
f 469 621 626
f 469 626 473
f 471 476 472
f 471 475 476
f 627 628 476
f 627 476 475
f 472 628 623
f 472 476 628
f 473 626 631
f 473 631 477
f 474 479 475
f 474 478 479
f 475 632 627
f 475 479 632
f 477 631 633
f 477 633 480
f 633 634 481
f 633 481 480
f 478 484 479
f 478 483 484
f 635 636 484
f 635 484 483
f 479 636 632
f 479 484 636
f 481 634 637
f 481 637 485
f 637 638 486
f 637 486 485
f 482 489 483
f 482 488 489
f 640 641 489
f 640 489 488
f 483 641 635
f 483 489 641
f 638 639 642
f 639 643 642
f 486 638 642
f 486 642 490
f 642 643 491
f 642 491 490
f 643 644 492
f 643 492 491
f 644 645 493
f 644 493 492
f 645 646 494
f 645 494 493
f 646 647 495
f 646 495 494
f 647 648 496
f 647 496 495
f 648 649 497
f 648 497 496
f 487 498 488
f 487 497 498
f 649 650 498
f 649 498 497
f 488 650 640
f 488 498 650
f 499 500 658
f 500 659 658
f 499 658 670
f 499 670 509
f 499 510 500
f 499 509 510
f 500 501 659
f 501 660 659
f 500 511 501
f 500 510 511
f 501 502 660
f 502 661 660
f 502 503 661
f 503 662 661
f 503 504 662
f 504 663 662
f 503 513 504
f 503 512 513
f 671 672 513
f 671 513 512
f 504 672 663
f 504 513 672
f 505 506 664
f 506 665 664
f 664 665 673
f 665 674 673
f 505 664 673
f 505 673 514
f 506 507 665
f 507 666 665
f 507 508 666
f 508 667 666
f 507 517 508
f 507 516 517
f 508 675 667
f 508 517 675
f 509 670 679
f 509 679 520
f 509 521 510
f 509 520 521
f 512 680 671
f 512 522 680
f 673 674 682
f 674 683 682
f 514 673 682
f 514 682 525
f 514 526 515
f 514 525 526
f 517 518 675
f 518 676 675
f 517 528 518
f 517 527 528
f 518 684 676
f 518 528 684
f 519 520 678
f 520 679 678
f 519 678 688
f 519 688 530
f 519 531 520
f 519 530 531
f 522 523 680
f 523 681 680
f 689 690 533
f 689 533 532
f 523 690 681
f 523 533 690
f 525 682 691
f 525 691 535
f 528 529 684
f 529 685 684
f 529 693 685
f 529 536 693
f 530 688 697
f 530 697 540
f 532 698 689
f 532 541 698
f 691 692 700
f 692 701 700
f 535 691 700
f 535 700 543
f 536 537 693
f 537 694 693
f 693 694 702
f 694 703 702
f 536 545 537
f 536 544 545
f 537 703 694
f 537 545 703
f 538 539 695
f 539 696 695
f 538 695 706
f 538 706 547
f 538 548 539
f 538 547 548
f 539 540 696
f 540 697 696
f 707 708 550
f 707 550 549
f 541 708 698
f 541 550 708
f 543 700 710
f 543 710 551
f 545 546 703
f 546 704 703
f 545 553 546
f 545 552 553
f 546 712 704
f 546 553 712
f 547 706 717
f 547 717 558
f 547 559 548
f 547 558 559
f 549 718 707
f 549 560 718
f 710 711 720
f 711 721 720
f 551 710 720
f 551 720 562
f 553 554 712
f 554 713 712
f 712 713 722
f 713 723 722
f 553 565 554
f 553 564 565
f 722 723 565
f 722 565 564
f 554 555 713
f 555 714 713
f 713 714 723
f 714 724 723
f 554 566 555
f 554 565 566
f 723 724 566
f 723 566 565
f 555 724 714
f 555 566 724
f 556 557 715
f 557 716 715
f 715 716 725
f 716 726 725
f 556 715 725
f 556 725 567
f 556 568 557
f 556 567 568
f 725 726 568
f 725 568 567
f 557 558 716
f 558 717 716
f 557 569 558
f 557 568 569
f 560 727 718
f 560 570 727
f 720 721 729
f 721 730 729
f 562 720 729
f 562 729 572
f 729 730 573
f 729 573 572
f 563 576 564
f 563 575 576
f 564 733 722
f 564 576 733
f 568 726 737
f 568 737 580
f 568 581 569
f 568 580 581
f 570 571 727
f 571 728 727
f 570 583 571
f 570 582 583
f 571 738 728
f 571 583 738
f 730 731 739
f 731 740 739
f 573 730 739
f 573 739 584
f 573 585 574
f 573 584 585
f 739 740 585
f 739 585 584
f 731 732 740
f 732 741 740
f 576 577 733
f 577 734 733
f 576 590 577
f 576 589 590
f 743 744 590
f 743 590 589
f 577 578 734
f 578 735 734
f 734 735 744
f 735 745 744
f 577 591 578
f 577 590 591
f 744 745 591
f 744 591 590
f 578 579 735
f 579 736 735
f 578 592 579
f 578 591 592
f 745 746 592
f 745 592 591
f 579 580 736
f 580 737 736
f 579 593 580
f 579 592 593
f 746 747 593
f 746 593 592
f 582 596 583
f 582 595 596
f 748 749 596
f 748 596 595
f 583 749 738
f 583 596 749
f 740 741 751
f 741 752 751
f 585 740 751
f 585 751 597
f 585 598 586
f 585 597 598
f 751 752 598
f 751 598 597
f 587 601 588
f 587 600 601
f 742 743 754
f 743 755 754
f 588 602 589
f 588 601 602
f 589 755 743
f 589 602 755
f 593 747 759
f 593 759 606
f 593 607 594
f 593 606 607
f 595 760 748
f 595 608 760
f 752 753 764
f 753 765 764
f 598 752 764
f 598 764 609
f 598 610 599
f 598 609 610
f 599 611 600
f 599 610 611
f 601 613 602
f 601 612 613
f 602 603 755
f 603 756 755
f 602 614 603
f 602 613 614
f 603 604 756
f 604 757 756
f 603 615 604
f 603 614 615
f 604 605 757
f 605 758 757
f 604 616 605
f 604 615 616
f 605 606 758
f 606 759 758
f 605 617 606
f 605 616 617
f 608 766 760
f 608 619 766
f 609 764 769
f 609 769 620
f 609 621 610
f 609 620 621
f 610 622 611
f 610 621 622
f 618 624 619
f 618 623 624
f 619 770 766
f 619 624 770
f 620 769 772
f 620 772 625
f 620 626 621
f 620 625 626
f 773 774 628
f 773 628 627
f 623 629 624
f 623 628 629
f 774 775 629
f 774 629 628
f 624 775 770
f 624 629 775
f 625 772 776
f 625 776 630
f 625 631 626
f 625 630 631
f 776 777 631
f 776 631 630
f 627 779 773
f 627 632 779
f 777 778 781
f 778 782 781
f 631 777 781
f 631 781 633
f 781 782 634
f 781 634 633
f 784 785 636
f 784 636 635
f 632 785 779
f 632 636 785
f 782 783 787
f 783 788 787
f 634 782 787
f 634 787 637
f 787 788 638
f 787 638 637
f 788 789 639
f 788 639 638
f 635 790 784
f 635 641 790
f 639 789 792
f 639 792 643
f 792 793 644
f 792 644 643
f 793 794 645
f 793 645 644
f 794 795 646
f 794 646 645
f 795 796 647
f 795 647 646
f 796 797 648
f 796 648 647
f 797 798 649
f 797 649 648
f 798 799 650
f 798 650 649
f 640 651 641
f 640 650 651
f 799 800 651
f 799 651 650
f 641 800 790
f 641 651 800
f 652 653 808
f 653 809 808
f 652 808 815
f 652 815 658
f 652 659 653
f 652 658 659
f 653 654 809
f 654 810 809
f 653 660 654
f 653 659 660
f 654 655 810
f 655 811 810
f 654 661 655
f 654 660 661
f 655 656 811
f 656 812 811
f 655 662 656
f 655 661 662
f 656 816 812
f 656 662 816
f 657 658 814
f 658 815 814
f 657 814 826
f 657 826 669
f 657 670 658
f 657 669 670
f 662 663 816
f 663 817 816
f 663 828 817
f 663 672 828
f 665 666 818
f 666 819 818
f 818 819 829
f 819 830 829
f 665 818 829
f 665 829 674
f 666 667 819
f 667 820 819
f 667 831 820
f 667 675 831
f 668 669 825
f 669 826 825
f 668 825 836
f 668 836 677
f 668 678 669
f 668 677 678
f 669 679 670
f 669 678 679
f 827 828 837
f 828 838 837
f 671 681 672
f 671 680 681
f 672 838 828
f 672 681 838
f 829 830 840
f 830 841 840
f 674 829 840
f 674 840 683
f 675 676 831
f 676 832 831
f 676 842 832
f 676 684 842
f 677 836 847
f 677 847 687
f 677 688 678
f 677 687 688
f 681 849 838
f 681 690 849
f 682 683 839
f 683 840 839
f 839 840 850
f 840 851 850
f 682 839 850
f 682 850 691
f 850 851 692
f 850 692 691
f 840 841 851
f 841 852 851
f 684 685 842
f 685 843 842
f 685 853 843
f 685 693 853
f 686 687 846
f 687 847 846
f 686 846 856
f 686 856 695
f 686 696 687
f 686 695 696
f 687 697 688
f 687 696 697
f 848 849 857
f 849 858 857
f 689 699 690
f 689 698 699
f 690 858 849
f 690 699 858
f 851 852 860
f 852 861 860
f 692 851 860
f 692 860 701
f 693 862 853
f 693 702 862
f 695 856 869
f 695 869 706
f 857 858 870
f 858 871 870
f 698 709 699
f 698 708 709
f 870 871 709
f 870 709 708
f 699 871 858
f 699 709 871
f 700 701 859
f 701 860 859
f 859 860 872
f 860 873 872
f 700 859 872
f 700 872 710
f 872 873 711
f 872 711 710
f 702 703 862
f 703 863 862
f 703 704 863
f 704 864 863
f 704 875 864
f 704 712 875
f 705 706 868
f 706 869 868
f 705 868 879
f 705 879 716
f 705 717 706
f 705 716 717
f 707 719 708
f 707 718 719
f 708 880 870
f 708 719 880
f 873 874 881
f 874 882 881
f 711 873 881
f 711 881 721
f 712 883 875
f 712 722 883
f 716 879 887
f 716 887 726
f 718 728 719
f 718 727 728
f 719 888 880
f 719 728 888
f 881 882 890
f 882 891 890
f 721 881 890
f 721 890 730
f 890 891 731
f 890 731 730
f 891 892 732
f 891 732 731
f 722 893 883
f 722 733 893
f 726 887 897
f 726 897 737
f 728 898 888
f 728 738 898
f 732 892 900
f 732 900 741
f 902 903 743
f 902 743 742
f 733 734 893
f 734 894 893
f 903 904 744
f 903 744 743
f 734 904 894
f 734 744 904
f 735 736 895
f 736 896 895
f 735 895 905
f 735 905 745
f 905 906 746
f 905 746 745
f 736 737 896
f 737 897 896
f 906 907 747
f 906 747 746
f 738 908 898
f 738 749 908
f 900 901 910
f 901 911 910
f 741 900 910
f 741 910 752
f 910 911 753
f 910 753 752
f 742 912 902
f 742 754 912
f 747 907 917
f 747 917 759
f 748 761 749
f 748 760 761
f 749 750 908
f 750 909 908
f 749 762 750
f 749 761 762
f 918 919 762
f 918 762 761
f 750 919 909
f 750 762 919
f 753 911 922
f 753 922 765
f 754 755 912
f 755 913 912
f 755 756 913
f 756 914 913
f 756 757 914
f 757 915 914
f 757 758 915
f 758 916 915
f 758 759 916
f 759 917 916
f 760 767 761
f 760 766 767
f 761 923 918
f 761 767 923
f 763 764 920
f 764 921 920
f 920 921 924
f 921 925 924
f 763 920 924
f 763 924 768
f 763 769 764
f 763 768 769
f 924 925 769
f 924 769 768
f 764 765 921
f 765 922 921
f 766 771 767
f 766 770 771
f 926 927 771
f 926 771 770
f 767 927 923
f 767 771 927
f 769 925 928
f 769 928 772
f 929 930 775
f 929 775 774
f 770 930 926
f 770 775 930
f 772 928 932
f 772 932 776
f 932 933 777
f 932 777 776
f 933 934 778
f 933 778 777
f 773 780 774
f 773 779 780
f 774 935 929
f 774 780 935
f 778 934 938
f 778 938 782
f 938 939 783
f 938 783 782
f 779 786 780
f 779 785 786
f 941 942 786
f 941 786 785
f 780 942 935
f 780 786 942
f 939 940 943
f 940 944 943
f 783 939 943
f 783 943 788
f 943 944 789
f 943 789 788
f 784 791 785
f 784 790 791
f 785 946 941
f 785 791 946
f 944 945 948
f 945 949 948
f 789 944 948
f 789 948 792
f 948 949 793
f 948 793 792
f 949 950 794
f 949 794 793
f 950 951 795
f 950 795 794
f 951 952 796
f 951 796 795
f 952 953 797
f 952 797 796
f 953 954 798
f 953 798 797
f 954 955 799
f 954 799 798
f 955 956 800
f 955 800 799
f 790 801 791
f 790 800 801
f 956 957 801
f 956 801 800
f 791 957 946
f 791 801 957
f 802 803 971
f 803 972 971
f 802 971 980
f 802 980 809
f 802 810 803
f 802 809 810
f 803 804 972
f 804 973 972
f 803 811 804
f 803 810 811
f 804 805 973
f 805 974 973
f 804 812 805
f 804 811 812
f 805 982 974
f 805 812 982
f 806 807 977
f 807 978 977
f 806 977 985
f 806 985 813
f 806 814 807
f 806 813 814
f 807 808 978
f 808 979 978
f 807 815 808
f 807 814 815
f 808 809 979
f 809 980 979
f 981 982 986
f 982 987 986
f 812 987 982
f 812 816 987
f 813 985 997
f 813 997 825
f 813 826 814
f 813 825 826
f 816 817 987
f 817 988 987
f 987 988 1000
f 988 1001 1000
f 1000 1001 828
f 1000 828 827
f 817 1001 988
f 817 828 1001
f 819 820 989
f 820 990 989
f 989 990 1002
f 990 1003 1002
f 819 989 1002
f 819 1002 830
f 820 821 990
f 821 991 990
f 990 991 1003
f 991 1004 1003
f 820 832 821
f 820 831 832
f 821 822 991
f 822 992 991
f 991 992 1004
f 992 1005 1004
f 821 833 822
f 821 832 833
f 822 823 992
f 823 993 992
f 992 993 1005
f 993 1006 1005
f 822 834 823
f 822 833 834
f 1005 1006 834
f 1005 834 833
f 823 1006 993
f 823 834 1006
f 824 825 996
f 825 997 996
f 824 996 1009
f 824 1009 835
f 824 836 825
f 824 835 836
f 998 999 1010
f 999 1011 1010
f 999 1000 1011
f 1000 1012 1011
f 827 1012 1000
f 827 837 1012
f 1002 1003 1014
f 1003 1015 1014
f 830 1002 1014
f 830 1014 841
f 1003 1004 1015
f 1004 1016 1015
f 1004 1005 1016
f 1005 1017 1016
f 832 843 833
f 832 842 843
f 833 1017 1005
f 833 843 1017
f 835 1009 1020
f 835 1020 846
f 835 847 836
f 835 846 847
f 1010 1011 1021
f 1011 1022 1021
f 1011 1012 1022
f 1012 1023 1022
f 837 838 1012
f 838 1013 1012
f 1012 1013 1023
f 1013 1024 1023
f 1023 1024 849
f 1023 849 848
f 838 1024 1013
f 838 849 1024
f 1014 1015 1025
f 1015 1026 1025
f 841 1014 1025
f 841 1025 852
f 1015 1016 1026
f 1016 1027 1026
f 1016 1017 1027
f 1017 1028 1027
f 843 844 1017
f 844 1018 1017
f 1017 1018 1028
f 1018 1029 1028
f 843 854 844
f 843 853 854
f 844 1029 1018
f 844 854 1029
f 845 846 1019
f 846 1020 1019
f 845 1019 1030
f 845 1030 855
f 845 856 846
f 845 855 856
f 1022 1023 1032
f 1023 1033 1032
f 848 1033 1023
f 848 857 1033
f 1025 1026 1035
f 1026 1036 1035
f 852 1025 1035
f 852 1035 861
f 1026 1027 1036
f 1027 1037 1036
f 1027 1028 1037
f 1028 1038 1037
f 1028 1029 1038
f 1029 1039 1038
f 853 863 854
f 853 862 863
f 854 1039 1029
f 854 863 1039
f 1030 1031 1044
f 1031 1045 1044
f 855 1030 1044
f 855 1044 868
f 855 869 856
f 855 868 869
f 1032 1033 1046
f 1033 1047 1046
f 857 1047 1033
f 857 870 1047
f 860 861 1034
f 861 1035 1034
f 1034 1035 1048
f 1035 1049 1048
f 860 1034 1048
f 860 1048 873
f 1048 1049 874
f 1048 874 873
f 1035 1036 1049
f 1036 1050 1049
f 863 864 1039
f 864 1040 1039
f 864 865 1040
f 865 1041 1040
f 864 876 865
f 864 875 876
f 865 866 1041
f 866 1042 1041
f 865 877 866
f 865 876 877
f 866 867 1042
f 867 1043 1042
f 866 878 867
f 866 877 878
f 867 868 1043
f 868 1044 1043
f 867 879 868
f 867 878 879
f 1046 1047 1053
f 1047 1054 1053
f 870 1054 1047
f 870 880 1054
f 1049 1050 1055
f 1050 1056 1055
f 874 1049 1055
f 874 1055 882
f 1050 1051 1056
f 1051 1057 1056
f 1051 1052 1057
f 1052 1058 1057
f 875 884 876
f 875 883 884
f 876 885 877
f 876 884 885
f 877 886 878
f 877 885 886
f 878 887 879
f 878 886 887
f 880 1059 1054
f 880 888 1059
f 1055 1056 1061
f 1056 1062 1061
f 882 1055 1061
f 882 1061 891
f 1061 1062 892
f 1061 892 891
f 1056 1057 1062
f 1057 1063 1062
f 883 894 884
f 883 893 894
f 884 895 885
f 884 894 895
f 885 896 886
f 885 895 896
f 886 897 887
f 886 896 897
f 888 889 1059
f 889 1060 1059
f 1059 1060 1066
f 1060 1067 1066
f 888 899 889
f 888 898 899
f 1066 1067 899
f 1066 899 898
f 889 1067 1060
f 889 899 1067
f 1062 1063 1068
f 1063 1069 1068
f 892 1062 1068
f 892 1068 900
f 1068 1069 901
f 1068 901 900
f 1063 1064 1069
f 1064 1070 1069
f 1064 1065 1070
f 1065 1071 1070
f 894 905 895
f 894 904 905
f 898 1072 1066
f 898 908 1072
f 1069 1070 1074
f 1070 1075 1074
f 901 1069 1074
f 901 1074 911
f 1070 1071 1075
f 1071 1076 1075
f 902 913 903
f 902 912 913
f 903 914 904
f 903 913 914
f 904 915 905
f 904 914 915
f 905 916 906
f 905 915 916
f 906 917 907
f 906 916 917
f 908 909 1072
f 909 1073 1072
f 1077 1078 919
f 1077 919 918
f 909 1078 1073
f 909 919 1078
f 1074 1075 1080
f 1075 1081 1080
f 911 1074 1080
f 911 1080 922
f 1075 1076 1081
f 1076 1082 1081
f 918 1083 1077
f 918 923 1083
f 921 922 1079
f 922 1080 1079
f 921 1079 1084
f 921 1084 925
f 923 1085 1083
f 923 927 1085
f 925 1084 1086
f 925 1086 928
f 926 931 927
f 926 930 931
f 1088 1089 931
f 1088 931 930
f 927 1089 1085
f 927 931 1089
f 1086 1087 1090
f 1087 1091 1090
f 928 1086 1090
f 928 1090 932
f 1090 1091 933
f 1090 933 932
f 929 936 930
f 929 935 936
f 1094 1095 936
f 1094 936 935
f 930 1095 1088
f 930 936 1095
f 1091 1092 1096
f 1092 1097 1096
f 933 1091 1096
f 933 1096 937
f 933 938 934
f 933 937 938
f 1096 1097 938
f 1096 938 937
f 1092 1093 1097
f 1093 1098 1097
f 1097 1098 939
f 1097 939 938
f 1098 1099 940
f 1098 940 939
f 935 1100 1094
f 935 942 1100
f 940 1099 1101
f 940 1101 944
f 1101 1102 945
f 1101 945 944
f 941 947 942
f 941 946 947
f 1103 1104 947
f 1103 947 946
f 942 1104 1100
f 942 947 1104
f 945 1102 1105
f 945 1105 949
f 1105 1106 950
f 1105 950 949
f 1106 1107 951
f 1106 951 950
f 1107 1108 952
f 1107 952 951
f 1108 1109 953
f 1108 953 952
f 1109 1110 954
f 1109 954 953
f 1110 1111 955
f 1110 955 954
f 1111 1112 956
f 1111 956 955
f 1112 1113 957
f 1112 957 956
f 946 1113 1103
f 946 957 1113
f 958 959 1115
f 959 1116 1115
f 958 1115 1121
f 958 1121 963
f 958 964 959
f 958 963 964
f 1121 1122 964
f 1121 964 963
f 959 960 1116
f 960 1117 1116
f 959 965 960
f 959 964 965
f 1122 1123 965
f 1122 965 964
f 960 961 1117
f 961 1118 1117
f 960 966 961
f 960 965 966
f 1123 1124 966
f 1123 966 965
f 961 962 1118
f 962 1119 1118
f 961 967 962
f 961 966 967
f 1124 1125 967
f 1124 967 966
f 962 1125 1119
f 962 967 1125
f 968 969 1143
f 969 1144 1143
f 968 1143 1159
f 968 1159 977
f 968 978 969
f 968 977 978
f 969 970 1144
f 970 1145 1144
f 969 979 970
f 969 978 979
f 970 971 1145
f 971 1146 1145
f 970 980 971
f 970 979 980
f 971 972 1146
f 972 1147 1146
f 972 973 1147
f 973 1148 1147
f 1147 1148 1160
f 1148 1161 1160
f 973 974 1148
f 974 1149 1148
f 1148 1149 1161
f 1149 1162 1161
f 1161 1162 982
f 1161 982 981
f 974 1162 1149
f 974 982 1162
f 975 976 1157
f 976 1158 1157
f 975 1157 1170
f 975 1170 983
f 975 984 976
f 975 983 984
f 1170 1171 984
f 1170 984 983
f 976 977 1158
f 977 1159 1158
f 976 985 977
f 976 984 985
f 1160 1161 1172
f 1161 1173 1172
f 981 1173 1161
f 981 986 1173
f 984 1171 1183
f 984 1183 996
f 984 997 985
f 984 996 997
f 1172 1173 1185
f 1173 1186 1185
f 1185 1186 999
f 1185 999 998
f 986 987 1173
f 987 1174 1173
f 1173 1174 1186
f 1174 1187 1186
f 1186 1187 1000
f 1186 1000 999
f 987 1187 1174
f 987 1000 1187
f 994 995 1181
f 995 1182 1181
f 994 1181 1194
f 994 1194 1007
f 994 1008 995
f 994 1007 1008
f 1194 1195 1008
f 1194 1008 1007
f 995 996 1182
f 996 1183 1182
f 995 1009 996
f 995 1008 1009
f 1195 1196 1009
f 1195 1009 1008
f 1184 1185 1199
f 1185 1200 1199
f 998 1200 1185
f 998 1010 1200
f 1009 1196 1204
f 1009 1204 1020
f 1197 1198 1205
f 1198 1206 1205
f 1198 1199 1206
f 1199 1207 1206
f 1199 1200 1207
f 1200 1208 1207
f 1010 1208 1200
f 1010 1021 1208
f 1019 1020 1203
f 1020 1204 1203
f 1019 1203 1212
f 1019 1212 1030
f 1212 1213 1031
f 1212 1031 1030
f 1207 1208 1215
f 1208 1216 1215
f 1021 1022 1208
f 1022 1209 1208
f 1208 1209 1216
f 1209 1217 1216
f 1022 1217 1209
f 1022 1032 1217
f 1031 1213 1227
f 1031 1227 1045
f 1214 1215 1228
f 1215 1229 1228
f 1215 1216 1229
f 1216 1230 1229
f 1216 1217 1230
f 1217 1231 1230
f 1032 1231 1217
f 1032 1046 1231
f 1036 1037 1218
f 1037 1219 1218
f 1218 1219 1232
f 1219 1233 1232
f 1036 1218 1232
f 1036 1232 1050
f 1232 1233 1051
f 1232 1051 1050
f 1037 1038 1219
f 1038 1220 1219
f 1233 1234 1052
f 1233 1052 1051
f 1038 1039 1220
f 1039 1221 1220
f 1039 1040 1221
f 1040 1222 1221
f 1040 1041 1222
f 1041 1223 1222
f 1041 1042 1223
f 1042 1224 1223
f 1042 1043 1224
f 1043 1225 1224
f 1043 1044 1225
f 1044 1226 1225
f 1044 1045 1226
f 1045 1227 1226
f 1230 1231 1235
f 1231 1236 1235
f 1046 1236 1231
f 1046 1053 1236
f 1052 1234 1239
f 1052 1239 1058
f 1235 1236 1240
f 1236 1241 1240
f 1053 1054 1236
f 1054 1237 1236
f 1236 1237 1241
f 1237 1242 1241
f 1054 1242 1237
f 1054 1059 1242
f 1057 1058 1238
f 1058 1239 1238
f 1238 1239 1243
f 1239 1244 1243
f 1057 1238 1243
f 1057 1243 1063
f 1243 1244 1064
f 1243 1064 1063
f 1244 1245 1065
f 1244 1065 1064
f 1241 1242 1246
f 1242 1247 1246
f 1059 1247 1242
f 1059 1066 1247
f 1065 1245 1248
f 1065 1248 1071
f 1246 1247 1249
f 1247 1250 1249
f 1066 1250 1247
f 1066 1072 1250
f 1071 1248 1252
f 1071 1252 1076
f 1072 1073 1250
f 1073 1251 1250
f 1253 1254 1078
f 1253 1078 1077
f 1073 1254 1251
f 1073 1078 1254
f 1076 1252 1258
f 1076 1258 1082
f 1077 1259 1253
f 1077 1083 1259
f 1079 1080 1255
f 1080 1256 1255
f 1079 1255 1260
f 1079 1260 1084
f 1080 1081 1256
f 1081 1257 1256
f 1081 1082 1257
f 1082 1258 1257
f 1083 1261 1259
f 1083 1085 1261
f 1084 1260 1262
f 1084 1262 1086
f 1262 1263 1087
f 1262 1087 1086
f 1264 1265 1089
f 1264 1089 1088
f 1085 1265 1261
f 1085 1089 1265
f 1087 1263 1266
f 1087 1266 1091
f 1266 1267 1092
f 1266 1092 1091
f 1267 1268 1093
f 1267 1093 1092
f 1269 1270 1095
f 1269 1095 1094
f 1088 1270 1264
f 1088 1095 1270
f 1093 1268 1272
f 1093 1272 1098
f 1272 1273 1099
f 1272 1099 1098
f 1094 1274 1269
f 1094 1100 1274
f 1099 1273 1276
f 1099 1276 1101
f 1276 1277 1102
f 1276 1102 1101
f 1100 1279 1274
f 1100 1104 1279
f 1277 1278 1281
f 1278 1282 1281
f 1102 1277 1281
f 1102 1281 1105
f 1281 1282 1106
f 1281 1106 1105
f 1282 1283 1107
f 1282 1107 1106
f 1283 1284 1108
f 1283 1108 1107
f 1284 1285 1109
f 1284 1109 1108
f 1285 1286 1110
f 1285 1110 1109
f 1286 1287 1111
f 1286 1111 1110
f 1287 1288 1112
f 1287 1112 1111
f 1288 1289 1113
f 1288 1113 1112
f 1103 1114 1104
f 1103 1113 1114
f 1289 1290 1114
f 1289 1114 1113
f 1104 1290 1279
f 1104 1114 1290
f 1115 1116 1291
f 1116 1292 1291
f 1115 1291 1298
f 1115 1298 1121
f 1116 1117 1292
f 1117 1293 1292
f 1117 1118 1293
f 1118 1294 1293
f 1118 1119 1294
f 1119 1295 1294
f 1119 1120 1295
f 1120 1296 1295
f 1119 1126 1120
f 1119 1125 1126
f 1300 1301 1126
f 1300 1126 1125
f 1120 1301 1296
f 1120 1126 1301
f 1298 1299 1303
f 1299 1304 1303
f 1121 1298 1303
f 1121 1303 1127
f 1121 1128 1122
f 1121 1127 1128
f 1303 1304 1128
f 1303 1128 1127
f 1122 1129 1123
f 1122 1128 1129
f 1123 1130 1124
f 1123 1129 1130
f 1124 1131 1125
f 1124 1130 1131
f 1125 1305 1300
f 1125 1131 1305
f 1128 1304 1311
f 1128 1311 1135
f 1128 1136 1129
f 1128 1135 1136
f 1311 1312 1136
f 1311 1136 1135
f 1129 1137 1130
f 1129 1136 1137
f 1312 1313 1137
f 1312 1137 1136
f 1130 1138 1131
f 1130 1137 1138
f 1313 1314 1138
f 1313 1138 1137
f 1131 1132 1305
f 1132 1306 1305
f 1131 1139 1132
f 1131 1138 1139
f 1314 1315 1139
f 1314 1139 1138
f 1132 1133 1306
f 1133 1307 1306
f 1132 1140 1133
f 1132 1139 1140
f 1315 1316 1140
f 1315 1140 1139
f 1133 1134 1307
f 1134 1308 1307
f 1133 1141 1134
f 1133 1140 1141
f 1316 1317 1141
f 1316 1141 1140
f 1134 1317 1308
f 1134 1141 1317
f 1142 1143 1318
f 1143 1319 1318
f 1142 1318 1332
f 1142 1332 1158
f 1142 1159 1143
f 1142 1158 1159
f 1143 1144 1319
f 1144 1320 1319
f 1144 1145 1320
f 1145 1321 1320
f 1145 1146 1321
f 1146 1322 1321
f 1146 1147 1322
f 1147 1323 1322
f 1322 1323 1336
f 1323 1337 1336
f 1147 1337 1323
f 1147 1160 1337
f 1150 1151 1324
f 1151 1325 1324
f 1150 1324 1338
f 1150 1338 1163
f 1150 1164 1151
f 1150 1163 1164
f 1338 1339 1164
f 1338 1164 1163
f 1151 1152 1325
f 1152 1326 1325
f 1151 1165 1152
f 1151 1164 1165
f 1339 1340 1165
f 1339 1165 1164
f 1152 1153 1326
f 1153 1327 1326
f 1152 1166 1153
f 1152 1165 1166
f 1340 1341 1166
f 1340 1166 1165
f 1153 1154 1327
f 1154 1328 1327
f 1153 1167 1154
f 1153 1166 1167
f 1154 1155 1328
f 1155 1329 1328
f 1154 1168 1155
f 1154 1167 1168
f 1155 1156 1329
f 1156 1330 1329
f 1155 1169 1156
f 1155 1168 1169
f 1156 1157 1330
f 1157 1331 1330
f 1156 1170 1157
f 1156 1169 1170
f 1157 1158 1331
f 1158 1332 1331
f 1333 1334 1347
f 1334 1348 1347
f 1334 1335 1348
f 1335 1349 1348
f 1335 1336 1349
f 1336 1350 1349
f 1336 1337 1350
f 1337 1351 1350
f 1160 1351 1337
f 1160 1172 1351
f 1341 1342 1355
f 1342 1356 1355
f 1166 1341 1355
f 1166 1355 1178
f 1166 1179 1167
f 1166 1178 1179
f 1342 1343 1356
f 1343 1357 1356
f 1167 1180 1168
f 1167 1179 1180
f 1343 1344 1357
f 1344 1358 1357
f 1168 1181 1169
f 1168 1180 1181
f 1344 1345 1358
f 1345 1359 1358
f 1169 1182 1170
f 1169 1181 1182
f 1345 1346 1359
f 1346 1360 1359
f 1170 1183 1171
f 1170 1182 1183
f 1346 1347 1360
f 1347 1361 1360
f 1347 1348 1361
f 1348 1362 1361
f 1348 1349 1362
f 1349 1363 1362
f 1349 1350 1363
f 1350 1364 1363
f 1350 1351 1364
f 1351 1365 1364
f 1364 1365 1185
f 1364 1185 1184
f 1172 1365 1351
f 1172 1185 1365
f 1175 1176 1352
f 1176 1353 1352
f 1352 1353 1366
f 1353 1367 1366
f 1175 1352 1366
f 1175 1366 1188
f 1175 1189 1176
f 1175 1188 1189
f 1366 1367 1189
f 1366 1189 1188
f 1176 1177 1353
f 1177 1354 1353
f 1353 1354 1367
f 1354 1368 1367
f 1176 1190 1177
f 1176 1189 1190
f 1367 1368 1190
f 1367 1190 1189
f 1177 1178 1354
f 1178 1355 1354
f 1354 1355 1368
f 1355 1369 1368
f 1177 1191 1178
f 1177 1190 1191
f 1368 1369 1191
f 1368 1191 1190
f 1178 1192 1179
f 1178 1191 1192
f 1369 1370 1192
f 1369 1192 1191
f 1179 1193 1180
f 1179 1192 1193
f 1370 1371 1193
f 1370 1193 1192
f 1180 1194 1181
f 1180 1193 1194
f 1371 1372 1194
f 1371 1194 1193
f 1360 1361 1374
f 1361 1375 1374
f 1361 1362 1375
f 1362 1376 1375
f 1362 1363 1376
f 1363 1377 1376
f 1376 1377 1198
f 1376 1198 1197
f 1363 1364 1377
f 1364 1378 1377
f 1377 1378 1199
f 1377 1199 1198
f 1184 1378 1364
f 1184 1199 1378
f 1372 1373 1380
f 1373 1381 1380
f 1194 1372 1380
f 1194 1380 1202
f 1194 1203 1195
f 1194 1202 1203
f 1373 1374 1381
f 1374 1382 1381
f 1195 1204 1196
f 1195 1203 1204
f 1374 1375 1382
f 1375 1383 1382
f 1375 1376 1383
f 1376 1384 1383
f 1197 1384 1376
f 1197 1205 1384
f 1201 1202 1379
f 1202 1380 1379
f 1379 1380 1387
f 1380 1388 1387
f 1201 1379 1387
f 1201 1387 1210
f 1201 1211 1202
f 1201 1210 1211
f 1387 1388 1211
f 1387 1211 1210
f 1380 1381 1388
f 1381 1389 1388
f 1202 1212 1203
f 1202 1211 1212
f 1381 1382 1389
f 1382 1390 1389
f 1382 1383 1390
f 1383 1391 1390
f 1383 1384 1391
f 1384 1392 1391
f 1205 1206 1384
f 1206 1385 1384
f 1384 1385 1392
f 1385 1393 1392
f 1206 1207 1385
f 1207 1386 1385
f 1385 1386 1393
f 1386 1394 1393
f 1393 1394 1215
f 1393 1215 1214
f 1207 1394 1386
f 1207 1215 1394
f 1388 1389 1401
f 1389 1402 1401
f 1211 1388 1401
f 1211 1401 1225
f 1211 1226 1212
f 1211 1225 1226
f 1389 1390 1402
f 1390 1403 1402
f 1212 1227 1213
f 1212 1226 1227
f 1390 1391 1403
f 1391 1404 1403
f 1391 1392 1404
f 1392 1405 1404
f 1392 1393 1405
f 1393 1406 1405
f 1214 1406 1393
f 1214 1228 1406
f 1219 1220 1395
f 1220 1396 1395
f 1395 1396 1409
f 1396 1410 1409
f 1219 1395 1409
f 1219 1409 1233
f 1409 1410 1234
f 1409 1234 1233
f 1220 1221 1396
f 1221 1397 1396
f 1396 1397 1410
f 1397 1411 1410
f 1221 1222 1397
f 1222 1398 1397
f 1397 1398 1411
f 1398 1412 1411
f 1222 1223 1398
f 1223 1399 1398
f 1398 1399 1412
f 1399 1413 1412
f 1223 1224 1399
f 1224 1400 1399
f 1399 1400 1413
f 1400 1414 1413
f 1224 1225 1400
f 1225 1401 1400
f 1400 1401 1414
f 1401 1415 1414
f 1401 1402 1415
f 1402 1416 1415
f 1402 1403 1416
f 1403 1417 1416
f 1403 1404 1417
f 1404 1418 1417
f 1404 1405 1418
f 1405 1419 1418
f 1405 1406 1419
f 1406 1420 1419
f 1228 1229 1406
f 1229 1407 1406
f 1406 1407 1420
f 1407 1421 1420
f 1229 1230 1407
f 1230 1408 1407
f 1407 1408 1421
f 1408 1422 1421
f 1230 1422 1408
f 1230 1235 1422
f 1410 1411 1423
f 1411 1424 1423
f 1234 1410 1423
f 1234 1423 1239
f 1411 1412 1424
f 1412 1425 1424
f 1412 1413 1425
f 1413 1426 1425
f 1413 1414 1426
f 1414 1427 1426
f 1414 1415 1427
f 1415 1428 1427
f 1415 1416 1428
f 1416 1429 1428
f 1416 1417 1429
f 1417 1430 1429
f 1417 1418 1430
f 1418 1431 1430
f 1418 1419 1431
f 1419 1432 1431
f 1419 1420 1432
f 1420 1433 1432
f 1420 1421 1433
f 1421 1434 1433
f 1421 1422 1434
f 1422 1435 1434
f 1235 1435 1422
f 1235 1240 1435
f 1423 1424 1437
f 1424 1438 1437
f 1239 1423 1437
f 1239 1437 1244
f 1437 1438 1245
f 1437 1245 1244
f 1424 1425 1438
f 1425 1439 1438
f 1425 1426 1439
f 1426 1440 1439
f 1426 1427 1440
f 1427 1441 1440
f 1432 1433 1445
f 1433 1446 1445
f 1433 1434 1446
f 1434 1447 1446
f 1434 1435 1447
f 1435 1448 1447
f 1240 1241 1435
f 1241 1436 1435
f 1435 1436 1448
f 1436 1449 1448
f 1241 1449 1436
f 1241 1246 1449
f 1438 1439 1450
f 1439 1451 1450
f 1245 1438 1450
f 1245 1450 1248
f 1439 1440 1451
f 1440 1452 1451
f 1440 1441 1452
f 1441 1453 1452
f 1441 1442 1453
f 1442 1454 1453
f 1442 1443 1454
f 1443 1455 1454
f 1443 1444 1455
f 1444 1456 1455
f 1446 1447 1457
f 1447 1458 1457
f 1447 1448 1458
f 1448 1459 1458
f 1448 1449 1459
f 1449 1460 1459
f 1246 1460 1449
f 1246 1249 1460
f 1450 1451 1463
f 1451 1464 1463
f 1248 1450 1463
f 1248 1463 1252
f 1451 1452 1464
f 1452 1465 1464
f 1452 1453 1465
f 1453 1466 1465
f 1453 1454 1466
f 1454 1467 1466
f 1249 1250 1460
f 1250 1461 1460
f 1460 1461 1469
f 1461 1470 1469
f 1250 1251 1461
f 1251 1462 1461
f 1461 1462 1470
f 1462 1471 1470
f 1470 1471 1254
f 1470 1254 1253
f 1251 1471 1462
f 1251 1254 1471
f 1463 1464 1475
f 1464 1476 1475
f 1252 1463 1475
f 1252 1475 1258
f 1464 1465 1476
f 1465 1477 1476
f 1465 1466 1477
f 1466 1478 1477
f 1466 1467 1478
f 1467 1479 1478
f 1468 1469 1480
f 1469 1481 1480
f 1469 1470 1481
f 1470 1482 1481
f 1253 1482 1470
f 1253 1259 1482
f 1255 1256 1472
f 1256 1473 1472
f 1472 1473 1483
f 1473 1484 1483
f 1255 1472 1483
f 1255 1483 1260
f 1256 1257 1473
f 1257 1474 1473
f 1473 1474 1484
f 1474 1485 1484
f 1257 1258 1474
f 1258 1475 1474
f 1481 1482 1486
f 1482 1487 1486
f 1259 1487 1482
f 1259 1261 1487
f 1483 1484 1488
f 1484 1489 1488
f 1260 1483 1488
f 1260 1488 1262
f 1488 1489 1263
f 1488 1263 1262
f 1484 1485 1489
f 1485 1490 1489
f 1486 1487 1492
f 1487 1493 1492
f 1492 1493 1265
f 1492 1265 1264
f 1261 1493 1487
f 1261 1265 1493
f 1489 1490 1494
f 1490 1495 1494
f 1263 1489 1494
f 1263 1494 1266
f 1494 1495 1267
f 1494 1267 1266
f 1491 1492 1498
f 1492 1499 1498
f 1264 1499 1492
f 1264 1270 1499
f 1495 1496 1500
f 1496 1501 1500
f 1267 1495 1500
f 1267 1500 1271
f 1267 1272 1268
f 1267 1271 1272
f 1500 1501 1272
f 1500 1272 1271
f 1496 1497 1501
f 1497 1502 1501
f 1501 1502 1273
f 1501 1273 1272
f 1498 1499 1504
f 1499 1505 1504
f 1269 1275 1270
f 1269 1274 1275
f 1270 1505 1499
f 1270 1275 1505
f 1502 1503 1506
f 1503 1507 1506
f 1273 1502 1506
f 1273 1506 1276
f 1506 1507 1277
f 1506 1277 1276
f 1507 1508 1278
f 1507 1278 1277
f 1274 1280 1275
f 1274 1279 1280
f 1509 1510 1280
f 1509 1280 1279
f 1275 1510 1505
f 1275 1280 1510
f 1278 1508 1511
f 1278 1511 1282
f 1511 1512 1283
f 1511 1283 1282
f 1512 1513 1284
f 1512 1284 1283
f 1513 1514 1285
f 1513 1285 1284
f 1514 1515 1286
f 1514 1286 1285
f 1515 1516 1287
f 1515 1287 1286
f 1516 1517 1288
f 1516 1288 1287
f 1517 1518 1289
f 1517 1289 1288
f 1518 1519 1290
f 1518 1290 1289
f 1279 1519 1509
f 1279 1290 1519
f 1291 1292 1520
f 1292 1521 1520
f 1291 1520 1527
f 1291 1527 1298
f 1527 1528 1299
f 1527 1299 1298
f 1292 1293 1521
f 1293 1522 1521
f 1293 1294 1522
f 1294 1523 1522
f 1294 1295 1523
f 1295 1524 1523
f 1295 1296 1524
f 1296 1525 1524
f 1296 1297 1525
f 1297 1526 1525
f 1296 1302 1297
f 1296 1301 1302
f 1297 1529 1526
f 1297 1302 1529
f 1299 1528 1531
f 1299 1531 1304
f 1300 1306 1301
f 1300 1305 1306
f 1301 1307 1302
f 1301 1306 1307
f 1302 1532 1529
f 1302 1307 1532
f 1304 1531 1537
f 1304 1537 1311
f 1537 1538 1312
f 1537 1312 1311
f 1307 1308 1532
f 1308 1533 1532
f 1308 1309 1533
f 1309 1534 1533
f 1308 1318 1309
f 1308 1317 1318
f 1309 1310 1534
f 1310 1535 1534
f 1534 1535 1539
f 1535 1540 1539
f 1309 1319 1310
f 1309 1318 1319
f 1310 1540 1535
f 1310 1319 1540
f 1312 1538 1546
f 1312 1546 1326
f 1312 1327 1313
f 1312 1326 1327
f 1313 1328 1314
f 1313 1327 1328
f 1314 1329 1315
f 1314 1328 1329
f 1315 1330 1316
f 1315 1329 1330
f 1316 1331 1317
f 1316 1330 1331
f 1317 1332 1318
f 1317 1331 1332
f 1319 1320 1540
f 1320 1541 1540
f 1547 1548 1334
f 1547 1334 1333
f 1320 1321 1541
f 1321 1542 1541
f 1541 1542 1548
f 1542 1549 1548
f 1548 1549 1335
f 1548 1335 1334
f 1321 1322 1542
f 1322 1543 1542
f 1542 1543 1549
f 1543 1550 1549
f 1549 1550 1336
f 1549 1336 1335
f 1322 1550 1543
f 1322 1336 1550
f 1324 1325 1544
f 1325 1545 1544
f 1324 1544 1551
f 1324 1551 1338
f 1551 1552 1339
f 1551 1339 1338
f 1325 1326 1545
f 1326 1546 1545
f 1552 1553 1340
f 1552 1340 1339
f 1553 1554 1341
f 1553 1341 1340
f 1554 1555 1342
f 1554 1342 1341
f 1555 1556 1343
f 1555 1343 1342
f 1556 1557 1344
f 1556 1344 1343
f 1557 1558 1345
f 1557 1345 1344
f 1558 1559 1346
f 1558 1346 1345
f 1559 1560 1347
f 1559 1347 1346
f 1333 1560 1547
f 1333 1347 1560
f 1355 1356 1561
f 1356 1562 1561
f 1355 1561 1568
f 1355 1568 1369
f 1568 1569 1370
f 1568 1370 1369
f 1356 1357 1562
f 1357 1563 1562
f 1569 1570 1371
f 1569 1371 1370
f 1357 1358 1563
f 1358 1564 1563
f 1570 1571 1372
f 1570 1372 1371
f 1358 1359 1564
f 1359 1565 1564
f 1571 1572 1373
f 1571 1373 1372
f 1359 1360 1565
f 1360 1566 1565
f 1565 1566 1572
f 1566 1573 1572
f 1572 1573 1374
f 1572 1374 1373
f 1360 1573 1566
f 1360 1374 1573
f 1427 1428 1574
f 1428 1575 1574
f 1574 1575 1580
f 1575 1581 1580
f 1427 1574 1580
f 1427 1580 1441
f 1580 1581 1442
f 1580 1442 1441
f 1428 1429 1575
f 1429 1576 1575
f 1575 1576 1581
f 1576 1582 1581
f 1581 1582 1443
f 1581 1443 1442
f 1429 1430 1576
f 1430 1577 1576
f 1576 1577 1582
f 1577 1583 1582
f 1582 1583 1444
f 1582 1444 1443
f 1430 1431 1577
f 1431 1578 1577
f 1577 1578 1583
f 1578 1584 1583
f 1431 1432 1578
f 1432 1579 1578
f 1578 1579 1584
f 1579 1585 1584
f 1432 1585 1579
f 1432 1445 1585
f 1583 1584 1589
f 1584 1590 1589
f 1444 1583 1589
f 1444 1589 1456
f 1584 1585 1590
f 1585 1591 1590
f 1445 1446 1585
f 1446 1586 1585
f 1585 1586 1591
f 1586 1592 1591
f 1446 1592 1586
f 1446 1457 1592
f 1454 1455 1587
f 1455 1588 1587
f 1587 1588 1596
f 1588 1597 1596
f 1454 1587 1596
f 1454 1596 1467
f 1455 1456 1588
f 1456 1589 1588
f 1457 1458 1592
f 1458 1593 1592
f 1458 1459 1593
f 1459 1594 1593
f 1459 1460 1594
f 1460 1595 1594
f 1598 1599 1469
f 1598 1469 1468
f 1460 1599 1595
f 1460 1469 1599
f 1467 1596 1605
f 1467 1605 1479
f 1468 1606 1598
f 1468 1480 1606
f 1474 1475 1600
f 1475 1601 1600
f 1600 1601 1609
f 1601 1610 1609
f 1474 1600 1609
f 1474 1609 1485
f 1475 1476 1601
f 1476 1602 1601
f 1476 1477 1602
f 1477 1603 1602
f 1477 1478 1603
f 1478 1604 1603
f 1478 1479 1604
f 1479 1605 1604
f 1480 1481 1606
f 1481 1607 1606
f 1481 1611 1607
f 1481 1486 1611
f 1609 1610 1613
f 1610 1614 1613
f 1485 1609 1613
f 1485 1613 1490
f 1615 1616 1492
f 1615 1492 1491
f 1486 1616 1611
f 1486 1492 1616
f 1490 1613 1617
f 1490 1617 1495
f 1617 1618 1496
f 1617 1496 1495
f 1618 1619 1497
f 1618 1497 1496
f 1491 1620 1615
f 1491 1498 1620
f 1497 1619 1623
f 1497 1623 1502
f 1623 1624 1503
f 1623 1503 1502
f 1498 1625 1620
f 1498 1504 1625
f 1503 1624 1627
f 1503 1627 1507
f 1627 1628 1508
f 1627 1508 1507
f 1504 1505 1625
f 1505 1626 1625
f 1630 1631 1510
f 1630 1510 1509
f 1505 1631 1626
f 1505 1510 1631
f 1628 1629 1632
f 1629 1633 1632
f 1508 1628 1632
f 1508 1632 1511
f 1632 1633 1512
f 1632 1512 1511
f 1633 1634 1513
f 1633 1513 1512
f 1634 1635 1514
f 1634 1514 1513
f 1635 1636 1515
f 1635 1515 1514
f 1636 1637 1516
f 1636 1516 1515
f 1637 1638 1517
f 1637 1517 1516
f 1638 1639 1518
f 1638 1518 1517
f 1639 1640 1519
f 1639 1519 1518
f 1509 1640 1630
f 1509 1519 1640
f 1520 1521 1641
f 1521 1642 1641
f 1641 1642 1648
f 1642 1649 1648
f 1520 1641 1648
f 1520 1648 1527
f 1521 1522 1642
f 1522 1643 1642
f 1522 1523 1643
f 1523 1644 1643
f 1523 1524 1644
f 1524 1645 1644
f 1524 1525 1645
f 1525 1646 1645
f 1645 1646 1650
f 1646 1651 1650
f 1525 1526 1646
f 1526 1647 1646
f 1646 1647 1651
f 1647 1652 1651
f 1526 1652 1647
f 1526 1529 1652
f 1648 1649 1653
f 1649 1654 1653
f 1527 1648 1653
f 1527 1653 1530
f 1527 1531 1528
f 1527 1530 1531
f 1529 1655 1652
f 1529 1532 1655
f 1530 1653 1659
f 1530 1659 1536
f 1530 1537 1531
f 1530 1536 1537
f 1659 1660 1537
f 1659 1537 1536
f 1532 1533 1655
f 1533 1656 1655
f 1533 1534 1656
f 1534 1657 1656
f 1534 1661 1657
f 1534 1539 1661
f 1537 1660 1666
f 1537 1666 1545
f 1537 1546 1538
f 1537 1545 1546
f 1539 1540 1661
f 1540 1662 1661
f 1540 1541 1662
f 1541 1663 1662
f 1662 1663 1667
f 1663 1668 1667
f 1667 1668 1548
f 1667 1548 1547
f 1541 1668 1663
f 1541 1548 1668
f 1544 1545 1665
f 1545 1666 1665
f 1544 1665 1670
f 1544 1670 1551
f 1670 1671 1552
f 1670 1552 1551
f 1671 1672 1553
f 1671 1553 1552
f 1672 1673 1554
f 1672 1554 1553
f 1547 1679 1667
f 1547 1560 1679
f 1673 1674 1680
f 1674 1681 1680
f 1554 1673 1680
f 1554 1680 1561
f 1554 1562 1555
f 1554 1561 1562
f 1674 1675 1681
f 1675 1682 1681
f 1555 1563 1556
f 1555 1562 1563
f 1675 1676 1682
f 1676 1683 1682
f 1556 1564 1557
f 1556 1563 1564
f 1676 1677 1683
f 1677 1684 1683
f 1557 1565 1558
f 1557 1564 1565
f 1677 1678 1684
f 1678 1685 1684
f 1558 1566 1559
f 1558 1565 1566
f 1684 1685 1566
f 1684 1566 1565
f 1678 1679 1685
f 1679 1686 1685
f 1559 1567 1560
f 1559 1566 1567
f 1685 1686 1567
f 1685 1567 1566
f 1560 1686 1679
f 1560 1567 1686
f 1680 1681 1687
f 1681 1688 1687
f 1561 1680 1687
f 1561 1687 1568
f 1687 1688 1569
f 1687 1569 1568
f 1681 1682 1688
f 1682 1689 1688
f 1688 1689 1570
f 1688 1570 1569
f 1682 1683 1689
f 1683 1690 1689
f 1689 1690 1571
f 1689 1571 1570
f 1683 1684 1690
f 1684 1691 1690
f 1690 1691 1572
f 1690 1572 1571
f 1565 1691 1684
f 1565 1572 1691
f 1588 1589 1692
f 1589 1693 1692
f 1692 1693 1701
f 1693 1702 1701
f 1588 1692 1701
f 1588 1701 1597
f 1589 1590 1693
f 1590 1694 1693
f 1693 1694 1702
f 1694 1703 1702
f 1590 1591 1694
f 1591 1695 1694
f 1694 1695 1703
f 1695 1704 1703
f 1591 1592 1695
f 1592 1696 1695
f 1695 1696 1704
f 1696 1705 1704
f 1592 1593 1696
f 1593 1697 1696
f 1696 1697 1705
f 1697 1706 1705
f 1593 1594 1697
f 1594 1698 1697
f 1697 1698 1706
f 1698 1707 1706
f 1594 1595 1698
f 1595 1699 1698
f 1698 1699 1707
f 1699 1708 1707
f 1707 1708 1599
f 1707 1599 1598
f 1595 1708 1699
f 1595 1599 1708
f 1596 1597 1700
f 1597 1701 1700
f 1700 1701 1713
f 1701 1714 1713
f 1596 1700 1713
f 1596 1713 1605
f 1701 1702 1714
f 1702 1715 1714
f 1702 1703 1715
f 1703 1716 1715
f 1703 1704 1716
f 1704 1717 1716
f 1704 1705 1717
f 1705 1718 1717
f 1705 1706 1718
f 1706 1719 1718
f 1706 1707 1719
f 1707 1720 1719
f 1598 1720 1707
f 1598 1606 1720
f 1601 1602 1709
f 1602 1710 1709
f 1709 1710 1723
f 1710 1724 1723
f 1601 1709 1723
f 1601 1723 1610
f 1602 1603 1710
f 1603 1711 1710
f 1603 1604 1711
f 1604 1712 1711
f 1604 1605 1712
f 1605 1713 1712
f 1606 1607 1720
f 1607 1721 1720
f 1720 1721 1725
f 1721 1726 1725
f 1607 1608 1721
f 1608 1722 1721
f 1721 1722 1726
f 1722 1727 1726
f 1607 1612 1608
f 1607 1611 1612
f 1726 1727 1612
f 1726 1612 1611
f 1608 1727 1722
f 1608 1612 1727
f 1723 1724 1729
f 1724 1730 1729
f 1610 1723 1729
f 1610 1729 1614
f 1725 1726 1731
f 1726 1732 1731
f 1611 1732 1726
f 1611 1616 1732
f 1613 1614 1728
f 1614 1729 1728
f 1728 1729 1733
f 1729 1734 1733
f 1613 1728 1733
f 1613 1733 1617
f 1733 1734 1618
f 1733 1618 1617
f 1615 1621 1616
f 1615 1620 1621
f 1616 1737 1732
f 1616 1621 1737
f 1734 1735 1738
f 1735 1739 1738
f 1618 1734 1738
f 1618 1738 1622
f 1618 1623 1619
f 1618 1622 1623
f 1738 1739 1623
f 1738 1623 1622
f 1739 1740 1624
f 1739 1624 1623
f 1736 1737 1742
f 1737 1743 1742
f 1620 1626 1621
f 1620 1625 1626
f 1621 1743 1737
f 1621 1626 1743
f 1740 1741 1744
f 1741 1745 1744
f 1624 1740 1744
f 1624 1744 1627
f 1744 1745 1628
f 1744 1628 1627
f 1745 1746 1629
f 1745 1629 1628
f 1747 1748 1631
f 1747 1631 1630
f 1626 1748 1743
f 1626 1631 1748
f 1629 1746 1749
f 1629 1749 1633
f 1749 1750 1634
f 1749 1634 1633
f 1750 1751 1635
f 1750 1635 1634
f 1751 1752 1636
f 1751 1636 1635
f 1752 1753 1637
f 1752 1637 1636
f 1753 1754 1638
f 1753 1638 1637
f 1754 1755 1639
f 1754 1639 1638
f 1755 1756 1640
f 1755 1640 1639
f 1630 1756 1747
f 1630 1640 1756
f 1642 1643 1757
f 1643 1758 1757
f 1642 1757 1761
f 1642 1761 1649
f 1643 1644 1758
f 1644 1759 1758
f 1644 1645 1759
f 1645 1760 1759
f 1645 1762 1760
f 1645 1650 1762
f 1649 1761 1766
f 1649 1766 1654
f 1650 1651 1762
f 1651 1763 1762
f 1651 1652 1763
f 1652 1764 1763
f 1652 1767 1764
f 1652 1655 1767
f 1653 1654 1765
f 1654 1766 1765
f 1653 1765 1771
f 1653 1771 1659
f 1771 1772 1660
f 1771 1660 1659
f 1655 1656 1767
f 1656 1768 1767
f 1656 1657 1768
f 1657 1769 1768
f 1657 1658 1769
f 1658 1770 1769
f 1769 1770 1773
f 1770 1774 1773
f 1657 1662 1658
f 1657 1661 1662
f 1658 1774 1770
f 1658 1662 1774
f 1660 1772 1778
f 1660 1778 1666
f 1662 1779 1774
f 1662 1667 1779
f 1664 1665 1776
f 1665 1777 1776
f 1776 1777 1781
f 1777 1782 1781
f 1664 1776 1781
f 1664 1781 1669
f 1664 1670 1665
f 1664 1669 1670
f 1781 1782 1670
f 1781 1670 1669
f 1665 1666 1777
f 1666 1778 1777
f 1782 1783 1671
f 1782 1671 1670
f 1783 1784 1672
f 1783 1672 1671
f 1784 1785 1673
f 1784 1673 1672
f 1785 1786 1674
f 1785 1674 1673
f 1786 1787 1675
f 1786 1675 1674
f 1787 1788 1676
f 1787 1676 1675
f 1788 1789 1677
f 1788 1677 1676
f 1789 1790 1678
f 1789 1678 1677
f 1790 1791 1679
f 1790 1679 1678
f 1667 1791 1779
f 1667 1679 1791
f 1710 1711 1796
f 1711 1797 1796
f 1796 1797 1808
f 1797 1809 1808
f 1710 1796 1808
f 1710 1808 1724
f 1711 1712 1797
f 1712 1798 1797
f 1712 1713 1798
f 1713 1799 1798
f 1713 1714 1799
f 1714 1800 1799
f 1714 1715 1800
f 1715 1801 1800
f 1715 1716 1801
f 1716 1802 1801
f 1716 1717 1802
f 1717 1803 1802
f 1717 1718 1803
f 1718 1804 1803
f 1718 1719 1804
f 1719 1805 1804
f 1719 1720 1805
f 1720 1806 1805
f 1720 1810 1806
f 1720 1725 1810
f 1724 1808 1813
f 1724 1813 1730
f 1725 1814 1810
f 1725 1731 1814
f 1729 1730 1812
f 1730 1813 1812
f 1729 1812 1816
f 1729 1816 1734
f 1816 1817 1735
f 1816 1735 1734
f 1731 1732 1814
f 1732 1815 1814
f 1818 1819 1737
f 1818 1737 1736
f 1732 1819 1815
f 1732 1737 1819
f 1735 1817 1820
f 1735 1820 1739
f 1820 1821 1740
f 1820 1740 1739
f 1821 1822 1741
f 1821 1741 1740
f 1736 1823 1818
f 1736 1742 1823
f 1741 1822 1825
f 1741 1825 1745
f 1825 1826 1746
f 1825 1746 1745
f 1742 1743 1823
f 1743 1824 1823
f 1828 1829 1748
f 1828 1748 1747
f 1743 1829 1824
f 1743 1748 1829
f 1826 1827 1830
f 1827 1831 1830
f 1746 1826 1830
f 1746 1830 1749
f 1830 1831 1750
f 1830 1750 1749
f 1831 1832 1751
f 1831 1751 1750
f 1832 1833 1752
f 1832 1752 1751
f 1833 1834 1753
f 1833 1753 1752
f 1834 1835 1754
f 1834 1754 1753
f 1835 1836 1755
f 1835 1755 1754
f 1836 1837 1756
f 1836 1756 1755
f 1747 1837 1828
f 1747 1756 1837
f 1757 1758 1838
f 1758 1839 1838
f 1838 1839 1842
f 1839 1843 1842
f 1757 1838 1842
f 1757 1842 1761
f 1758 1759 1839
f 1759 1840 1839
f 1839 1840 1843
f 1840 1844 1843
f 1759 1760 1840
f 1760 1841 1840
f 1840 1841 1844
f 1841 1845 1844
f 1760 1845 1841
f 1760 1762 1845
f 1761 1842 1849
f 1761 1849 1766
f 1762 1763 1845
f 1763 1846 1845
f 1763 1764 1846
f 1764 1847 1846
f 1846 1847 1850
f 1847 1851 1850
f 1764 1851 1847
f 1764 1767 1851
f 1765 1766 1848
f 1766 1849 1848
f 1765 1848 1854
f 1765 1854 1771
f 1854 1855 1772
f 1854 1772 1771
f 1767 1768 1851
f 1768 1852 1851
f 1768 1769 1852
f 1769 1853 1852
f 1769 1856 1853
f 1769 1773 1856
f 1772 1855 1861
f 1772 1861 1778
f 1773 1774 1856
f 1774 1857 1856
f 1856 1857 1862
f 1857 1863 1862
f 1774 1775 1857
f 1775 1858 1857
f 1857 1858 1863
f 1858 1864 1863
f 1774 1780 1775
f 1774 1779 1780
f 1863 1864 1780
f 1863 1780 1779
f 1775 1864 1858
f 1775 1780 1864
f 1777 1778 1860
f 1778 1861 1860
f 1777 1860 1866
f 1777 1866 1782
f 1866 1867 1783
f 1866 1783 1782
f 1867 1868 1784
f 1867 1784 1783
f 1868 1869 1785
f 1868 1785 1784
f 1869 1870 1786
f 1869 1786 1785
f 1873 1874 1790
f 1873 1790 1789
f 1874 1875 1791
f 1874 1791 1790
f 1779 1875 1863
f 1779 1791 1875
f 1870 1871 1876
f 1871 1877 1876
f 1786 1870 1876
f 1786 1876 1792
f 1786 1793 1787
f 1786 1792 1793
f 1876 1877 1793
f 1876 1793 1792
f 1871 1872 1877
f 1872 1878 1877
f 1787 1794 1788
f 1787 1793 1794
f 1877 1878 1794
f 1877 1794 1793
f 1872 1873 1878
f 1873 1879 1878
f 1788 1795 1789
f 1788 1794 1795
f 1878 1879 1795
f 1878 1795 1794
f 1789 1879 1873
f 1789 1795 1879
f 1797 1798 1880
f 1798 1881 1880
f 1880 1881 1892
f 1881 1893 1892
f 1797 1880 1892
f 1797 1892 1809
f 1798 1799 1881
f 1799 1882 1881
f 1881 1882 1893
f 1882 1894 1893
f 1799 1800 1882
f 1800 1883 1882
f 1800 1801 1883
f 1801 1884 1883
f 1801 1802 1884
f 1802 1885 1884
f 1802 1803 1885
f 1803 1886 1885
f 1803 1804 1886
f 1804 1887 1886
f 1804 1805 1887
f 1805 1888 1887
f 1805 1806 1888
f 1806 1889 1888
f 1806 1807 1889
f 1807 1890 1889
f 1806 1811 1807
f 1806 1810 1811
f 1807 1895 1890
f 1807 1811 1895
f 1808 1809 1891
f 1809 1892 1891
f 1891 1892 1897
f 1892 1898 1897
f 1808 1891 1897
f 1808 1897 1813
f 1892 1893 1898
f 1893 1899 1898
f 1810 1815 1811
f 1810 1814 1815
f 1811 1900 1895
f 1811 1815 1900
f 1812 1813 1896
f 1813 1897 1896
f 1896 1897 1901
f 1897 1902 1901
f 1812 1896 1901
f 1812 1901 1816
f 1901 1902 1817
f 1901 1817 1816
f 1897 1898 1902
f 1898 1903 1902
f 1815 1905 1900
f 1815 1819 1905
f 1902 1903 1906
f 1903 1907 1906
f 1817 1902 1906
f 1817 1906 1820
f 1906 1907 1821
f 1906 1821 1820
f 1903 1904 1907
f 1904 1908 1907
f 1907 1908 1822
f 1907 1822 1821
f 1818 1824 1819
f 1818 1823 1824
f 1819 1910 1905
f 1819 1824 1910
f 1908 1909 1911
f 1909 1912 1911
f 1822 1908 1911
f 1822 1911 1825
f 1911 1912 1826
f 1911 1826 1825
f 1912 1913 1827
f 1912 1827 1826
f 1916 1917 1829
f 1916 1829 1828
f 1824 1917 1910
f 1824 1829 1917
f 1913 1914 1918
f 1914 1919 1918
f 1827 1913 1918
f 1827 1918 1831
f 1918 1919 1832
f 1918 1832 1831
f 1914 1915 1919
f 1915 1920 1919
f 1919 1920 1833
f 1919 1833 1832
f 1920 1921 1834
f 1920 1834 1833
f 1921 1922 1835
f 1921 1835 1834
f 1922 1923 1836
f 1922 1836 1835
f 1923 1924 1837
f 1923 1837 1836
f 1828 1924 1916
f 1828 1837 1924
f 1842 1843 1925
f 1843 1926 1925
f 1842 1925 1931
f 1842 1931 1849
f 1843 1844 1926
f 1844 1927 1926
f 1844 1845 1927
f 1845 1928 1927
f 1845 1846 1928
f 1846 1929 1928
f 1846 1932 1929
f 1846 1850 1932
f 1848 1849 1930
f 1849 1931 1930
f 1930 1931 1936
f 1931 1937 1936
f 1848 1930 1936
f 1848 1936 1854
f 1850 1851 1932
f 1851 1933 1932
f 1851 1852 1933
f 1852 1934 1933
f 1852 1853 1934
f 1853 1935 1934
f 1853 1938 1935
f 1853 1856 1938
f 1854 1936 1941
f 1854 1941 1860
f 1854 1861 1855
f 1854 1860 1861
f 1856 1942 1938
f 1856 1862 1942
f 1859 1860 1940
f 1860 1941 1940
f 1859 1940 1944
f 1859 1944 1865
f 1859 1866 1860
f 1859 1865 1866
f 1944 1945 1866
f 1944 1866 1865
f 1945 1946 1867
f 1945 1867 1866
f 1946 1947 1868
f 1946 1868 1867
f 1947 1948 1869
f 1947 1869 1868
f 1948 1949 1870
f 1948 1870 1869
f 1949 1950 1871
f 1949 1871 1870
f 1950 1951 1872
f 1950 1872 1871
f 1951 1952 1873
f 1951 1873 1872
f 1952 1953 1874
f 1952 1874 1873
f 1862 1863 1942
f 1863 1943 1942
f 1953 1954 1875
f 1953 1875 1874
f 1863 1954 1943
f 1863 1875 1954
f 1882 1883 1961
f 1883 1962 1961
f 1882 1961 1971
f 1882 1971 1894
f 1883 1884 1962
f 1884 1963 1962
f 1884 1885 1963
f 1885 1964 1963
f 1885 1886 1964
f 1886 1965 1964
f 1886 1887 1965
f 1887 1966 1965
f 1887 1888 1966
f 1888 1967 1966
f 1888 1889 1967
f 1889 1968 1967
f 1889 1890 1968
f 1890 1969 1968
f 1890 1972 1969
f 1890 1895 1972
f 1893 1894 1970
f 1894 1971 1970
f 1970 1971 1974
f 1971 1975 1974
f 1893 1970 1974
f 1893 1974 1899
f 1895 1976 1972
f 1895 1900 1976
f 1898 1899 1973
f 1899 1974 1973
f 1898 1973 1978
f 1898 1978 1903
f 1978 1979 1904
f 1978 1904 1903
f 1900 1980 1976
f 1900 1905 1980
f 1904 1979 1982
f 1904 1982 1908
f 1982 1983 1909
f 1982 1909 1908
f 1905 1985 1980
f 1905 1910 1985
f 1983 1984 1987
f 1984 1988 1987
f 1909 1983 1987
f 1909 1987 1912
f 1987 1988 1913
f 1987 1913 1912
f 1988 1989 1914
f 1988 1914 1913
f 1989 1990 1915
f 1989 1915 1914
f 1993 1994 1917
f 1993 1917 1916
f 1910 1994 1985
f 1910 1917 1994
f 1990 1991 1995
f 1991 1996 1995
f 1915 1990 1995
f 1915 1995 1920
f 1995 1996 1921
f 1995 1921 1920
f 1996 1997 1922
f 1996 1922 1921
f 1997 1998 1923
f 1997 1923 1922
f 1992 1993 1998
f 1993 1999 1998
f 1998 1999 1924
f 1998 1924 1923
f 1916 1999 1993
f 1916 1924 1999
f 1925 1926 2000
f 1926 2001 2000
f 2000 2001 2005
f 2001 2006 2005
f 1925 2000 2005
f 1925 2005 1931
f 1926 1927 2001
f 1927 2002 2001
f 2001 2002 2006
f 2002 2007 2006
f 1927 1928 2002
f 1928 2003 2002
f 2002 2003 2007
f 2003 2008 2007
f 1928 1929 2003
f 1929 2004 2003
f 2003 2004 2008
f 2004 2009 2008
f 1929 2009 2004
f 1929 1932 2009
f 2005 2006 2014
f 2006 2015 2014
f 1931 2005 2014
f 1931 2014 1937
f 1932 1933 2009
f 1933 2010 2009
f 1933 1934 2010
f 1934 2011 2010
f 1934 1935 2011
f 1935 2012 2011
f 1935 2016 2012
f 1935 1938 2016
f 1936 1937 2013
f 1937 2014 2013
f 2013 2014 2019
f 2014 2020 2019
f 1936 2013 2019
f 1936 2019 1941
f 1938 1939 2016
f 1939 2017 2016
f 1938 1943 1939
f 1938 1942 1943
f 1939 2021 2017
f 1939 1943 2021
f 1940 1941 2018
f 1941 2019 2018
f 2018 2019 2022
f 2019 2023 2022
f 1940 2018 2022
f 1940 2022 1944
f 2022 2023 1945
f 2022 1945 1944
f 2023 2024 1946
f 2023 1946 1945
f 2024 2025 1947
f 2024 1947 1946
f 2025 2026 1948
f 2025 1948 1947
f 2031 2032 1954
f 2031 1954 1953
f 1943 2032 2021
f 1943 1954 2032
f 2026 2027 2033
f 2027 2034 2033
f 1948 2026 2033
f 1948 2033 1955
f 1948 1956 1949
f 1948 1955 1956
f 2033 2034 1956
f 2033 1956 1955
f 2027 2028 2034
f 2028 2035 2034
f 1949 1957 1950
f 1949 1956 1957
f 2034 2035 1957
f 2034 1957 1956
f 2028 2029 2035
f 2029 2036 2035
f 1950 1958 1951
f 1950 1957 1958
f 2035 2036 1958
f 2035 1958 1957
f 2029 2030 2036
f 2030 2037 2036
f 1951 1959 1952
f 1951 1958 1959
f 2036 2037 1959
f 2036 1959 1958
f 2030 2031 2037
f 2031 2038 2037
f 1952 1960 1953
f 1952 1959 1960
f 2037 2038 1960
f 2037 1960 1959
f 1953 2038 2031
f 1953 1960 2038
f 1961 1962 2046
f 1962 2047 2046
f 2046 2047 2055
f 2047 2056 2055
f 1961 2046 2055
f 1961 2055 1971
f 1962 1963 2047
f 1963 2048 2047
f 1963 1964 2048
f 1964 2049 2048
f 1964 1965 2049
f 1965 2050 2049
f 1965 1966 2050
f 1966 2051 2050
f 1966 1967 2051
f 1967 2052 2051
f 1967 1968 2052
f 1968 2053 2052
f 1968 1969 2053
f 1969 2054 2053
f 1969 2057 2054
f 1969 1972 2057
f 2055 2056 2060
f 2056 2061 2060
f 1971 2055 2060
f 1971 2060 1975
f 1972 2062 2057
f 1972 1976 2062
f 1973 1974 2058
f 1974 2059 2058
f 2058 2059 2064
f 2059 2065 2064
f 1973 2058 2064
f 1973 2064 1978
f 2064 2065 1979
f 2064 1979 1978
f 1974 1975 2059
f 1975 2060 2059
f 1976 1977 2062
f 1977 2063 2062
f 1976 1981 1977
f 1976 1980 1981
f 1977 2068 2063
f 1977 1981 2068
f 2065 2066 2069
f 2066 2070 2069
f 1979 2065 2069
f 1979 2069 1982
f 2069 2070 1983
f 2069 1983 1982
f 2070 2071 1984
f 2070 1984 1983
f 2067 2068 2072
f 2068 2073 2072
f 1980 1986 1981
f 1980 1985 1986
f 2072 2073 1986
f 2072 1986 1985
f 1981 2073 2068
f 1981 1986 2073
f 1984 2071 2074
f 1984 2074 1988
f 2074 2075 1989
f 2074 1989 1988
f 2075 2076 1990
f 2075 1990 1989
f 2076 2077 1991
f 2076 1991 1990
f 2079 2080 1993
f 2079 1993 1992
f 2080 2081 1994
f 2080 1994 1993
f 1985 2081 2072
f 1985 1994 2081
f 2077 2078 2082
f 2078 2083 2082
f 1991 2077 2082
f 1991 2082 1996
f 2082 2083 1997
f 2082 1997 1996
f 2078 2079 2083
f 2079 2084 2083
f 2083 2084 1998
f 2083 1998 1997
f 1992 2084 2079
f 1992 1998 2084
f 2006 2007 2085
f 2007 2086 2085
f 2085 2086 2093
f 2086 2094 2093
f 2006 2085 2093
f 2006 2093 2015
f 2007 2008 2086
f 2008 2087 2086
f 2008 2009 2087
f 2009 2088 2087
f 2009 2010 2088
f 2010 2089 2088
f 2010 2011 2089
f 2011 2090 2089
f 2011 2012 2090
f 2012 2091 2090
f 2012 2095 2091
f 2012 2016 2095
f 2014 2015 2092
f 2015 2093 2092
f 2092 2093 2099
f 2093 2100 2099
f 2014 2092 2099
f 2014 2099 2020
f 2016 2017 2095
f 2017 2096 2095
f 2017 2101 2096
f 2017 2021 2101
f 2019 2020 2098
f 2020 2099 2098
f 2098 2099 2103
f 2099 2104 2103
f 2019 2098 2103
f 2019 2103 2023
f 2103 2104 2024
f 2103 2024 2023
f 2099 2100 2104
f 2100 2105 2104
f 2104 2105 2025
f 2104 2025 2024
f 2105 2106 2026
f 2105 2026 2025
f 2106 2107 2027
f 2106 2027 2026
f 2107 2108 2028
f 2107 2028 2027
f 2108 2109 2029
f 2108 2029 2028
f 2109 2110 2030
f 2109 2030 2029
f 2110 2111 2031
f 2110 2031 2030
f 2111 2112 2032
f 2111 2032 2031
f 2021 2112 2101
f 2021 2032 2112
f 2036 2037 2114
f 2037 2115 2114
f 2114 2115 2117
f 2115 2118 2117
f 2036 2114 2117
f 2036 2117 2039
f 2036 2040 2037
f 2036 2039 2040
f 2117 2118 2040
f 2117 2040 2039
f 2037 2038 2115
f 2038 2116 2115
f 2115 2116 2118
f 2116 2119 2118
f 2037 2041 2038
f 2037 2040 2041
f 2118 2119 2041
f 2118 2041 2040
f 2038 2119 2116
f 2038 2041 2119
f 2042 2043 2120
f 2043 2121 2120
f 2042 2120 2127
f 2042 2127 2050
f 2042 2051 2043
f 2042 2050 2051
f 2043 2044 2121
f 2044 2122 2121
f 2043 2052 2044
f 2043 2051 2052
f 2044 2045 2122
f 2045 2123 2122
f 2122 2123 2128
f 2123 2129 2128
f 2044 2053 2045
f 2044 2052 2053
f 2045 2129 2123
f 2045 2053 2129
f 2047 2048 2124
f 2048 2125 2124
f 2047 2124 2131
f 2047 2131 2056
f 2048 2049 2125
f 2049 2126 2125
f 2049 2050 2126
f 2050 2127 2126
f 2053 2054 2129
f 2054 2130 2129
f 2129 2130 2133
f 2130 2134 2133
f 2054 2134 2130
f 2054 2057 2134
f 2131 2132 2137
f 2132 2138 2137
f 2056 2131 2137
f 2056 2137 2061
f 2057 2139 2134
f 2057 2062 2139
f 2059 2060 2135
f 2060 2136 2135
f 2135 2136 2141
f 2136 2142 2141
f 2059 2135 2141
f 2059 2141 2065
f 2141 2142 2066
f 2141 2066 2065
f 2060 2061 2136
f 2061 2137 2136
f 2062 2063 2139
f 2063 2140 2139
f 2139 2140 2144
f 2140 2145 2144
f 2144 2145 2068
f 2144 2068 2067
f 2063 2145 2140
f 2063 2068 2145
f 2142 2143 2146
f 2143 2147 2146
f 2066 2142 2146
f 2066 2146 2070
f 2146 2147 2071
f 2146 2071 2070
f 2067 2151 2144
f 2067 2072 2151
f 2147 2148 2152
f 2148 2153 2152
f 2071 2147 2152
f 2071 2152 2074
f 2152 2153 2075
f 2152 2075 2074
f 2148 2149 2153
f 2149 2154 2153
f 2153 2154 2076
f 2153 2076 2075
f 2154 2155 2077
f 2154 2077 2076
f 2155 2156 2078
f 2155 2078 2077
f 2156 2157 2079
f 2156 2079 2078
f 2157 2158 2080
f 2157 2080 2079
f 2150 2151 2158
f 2151 2159 2158
f 2158 2159 2081
f 2158 2081 2080
f 2072 2159 2151
f 2072 2081 2159
f 2086 2087 2160
f 2087 2161 2160
f 2160 2161 2167
f 2161 2168 2167
f 2086 2160 2167
f 2086 2167 2094
f 2087 2088 2161
f 2088 2162 2161
f 2161 2162 2168
f 2162 2169 2168
f 2088 2089 2162
f 2089 2163 2162
f 2162 2163 2169
f 2163 2170 2169
f 2089 2090 2163
f 2090 2164 2163
f 2163 2164 2170
f 2164 2171 2170
f 2090 2091 2164
f 2091 2165 2164
f 2164 2165 2171
f 2165 2172 2171
f 2091 2172 2165
f 2091 2095 2172
f 2093 2094 2166
f 2094 2167 2166
f 2166 2167 2175
f 2167 2176 2175
f 2093 2166 2175
f 2093 2175 2100
f 2167 2168 2176
f 2168 2177 2176
f 2168 2169 2177
f 2169 2178 2177
f 2169 2170 2178
f 2170 2179 2178
f 2170 2171 2179
f 2171 2180 2179
f 2171 2172 2180
f 2172 2181 2180
f 2095 2096 2172
f 2096 2173 2172
f 2172 2173 2181
f 2173 2182 2181
f 2096 2097 2173
f 2097 2174 2173
f 2173 2174 2182
f 2174 2183 2182
f 2096 2102 2097
f 2096 2101 2102
f 2182 2183 2102
f 2182 2102 2101
f 2097 2183 2174
f 2097 2102 2183
f 2175 2176 2184
f 2176 2185 2184
f 2100 2175 2184
f 2100 2184 2105
f 2184 2185 2106
f 2184 2106 2105
f 2176 2177 2185
f 2177 2186 2185
f 2185 2186 2107
f 2185 2107 2106
f 2177 2178 2186
f 2178 2187 2186
f 2186 2187 2108
f 2186 2108 2107
f 2178 2179 2187
f 2179 2188 2187
f 2179 2180 2188
f 2180 2189 2188
f 2180 2181 2189
f 2181 2190 2189
f 2181 2182 2190
f 2182 2191 2190
f 2190 2191 2112
f 2190 2112 2111
f 2101 2191 2182
f 2101 2112 2191
f 2187 2188 2192
f 2188 2193 2192
f 2108 2187 2192
f 2108 2192 2113
f 2108 2114 2109
f 2108 2113 2114
f 2192 2193 2114
f 2192 2114 2113
f 2188 2189 2193
f 2189 2194 2193
f 2109 2115 2110
f 2109 2114 2115
f 2193 2194 2115
f 2193 2115 2114
f 2189 2190 2194
f 2190 2195 2194
f 2110 2116 2111
f 2110 2115 2116
f 2194 2195 2116
f 2194 2116 2115
f 2111 2195 2190
f 2111 2116 2195
f 2120 2121 2200
f 2121 2201 2200
f 2120 2200 2207
f 2120 2207 2127
f 2121 2122 2201
f 2122 2202 2201
f 2122 2208 2202
f 2122 2128 2208
f 2124 2125 2204
f 2125 2205 2204
f 2204 2205 2210
f 2205 2211 2210
f 2124 2204 2210
f 2124 2210 2131
f 2210 2211 2132
f 2210 2132 2131
f 2125 2126 2205
f 2126 2206 2205
f 2126 2127 2206
f 2127 2207 2206
f 2128 2129 2208
f 2129 2209 2208
f 2129 2212 2209
f 2129 2133 2212
f 2132 2211 2216
f 2132 2216 2138
f 2133 2134 2212
f 2134 2213 2212
f 2212 2213 2217
f 2213 2218 2217
f 2134 2218 2213
f 2134 2139 2218
f 2136 2137 2214
f 2137 2215 2214
f 2214 2215 2219
f 2215 2220 2219
f 2136 2214 2219
f 2136 2219 2142
f 2219 2220 2143
f 2219 2143 2142
f 2137 2138 2215
f 2138 2216 2215
f 2217 2218 2222
f 2218 2223 2222
f 2139 2223 2218
f 2139 2144 2223
f 2220 2221 2224
f 2221 2225 2224
f 2143 2220 2224
f 2143 2224 2147
f 2224 2225 2148
f 2224 2148 2147
f 2225 2226 2149
f 2225 2149 2148
f 2222 2223 2230
f 2223 2231 2230
f 2230 2231 2151
f 2230 2151 2150
f 2144 2231 2223
f 2144 2151 2231
f 2226 2227 2232
f 2227 2233 2232
f 2149 2226 2232
f 2149 2232 2154
f 2232 2233 2155
f 2232 2155 2154
f 2227 2228 2233
f 2228 2234 2233
f 2233 2234 2156
f 2233 2156 2155
f 2228 2229 2234
f 2229 2235 2234
f 2234 2235 2157
f 2234 2157 2156
f 2229 2230 2235
f 2230 2236 2235
f 2235 2236 2158
f 2235 2158 2157
f 2150 2236 2230
f 2150 2158 2236
f 2196 2197 2238
f 2197 2239 2238
f 2196 2238 2242
f 2196 2242 2200
f 2196 2201 2197
f 2196 2200 2201
f 2197 2243 2239
f 2197 2201 2243
f 2198 2199 2240
f 2199 2241 2240
f 2240 2241 2246
f 2241 2247 2246
f 2198 2240 2246
f 2198 2246 2205
f 2198 2206 2199
f 2198 2205 2206
f 2199 2200 2241
f 2200 2242 2241
f 2199 2207 2200
f 2199 2206 2207
f 2201 2202 2243
f 2202 2244 2243
f 2243 2244 2248
f 2244 2249 2248
f 2202 2203 2244
f 2203 2245 2244
f 2244 2245 2249
f 2245 2250 2249
f 2202 2209 2203
f 2202 2208 2209
f 2203 2250 2245
f 2203 2209 2250
f 2205 2246 2252
f 2205 2252 2211
f 2248 2249 2253
f 2249 2254 2253
f 2249 2250 2254
f 2250 2255 2254
f 2209 2255 2250
f 2209 2212 2255
f 2210 2211 2251
f 2211 2252 2251
f 2251 2252 2256
f 2252 2257 2256
f 2210 2251 2256
f 2210 2256 2215
f 2210 2216 2211
f 2210 2215 2216
f 2254 2255 2260
f 2255 2261 2260
f 2212 2261 2255
f 2212 2217 2261
f 2256 2257 2262
f 2257 2263 2262
f 2215 2256 2262
f 2215 2262 2220
f 2262 2263 2221
f 2262 2221 2220
f 2257 2258 2263
f 2258 2264 2263
f 2259 2260 2266
f 2260 2267 2266
f 2260 2261 2267
f 2261 2268 2267
f 2217 2268 2261
f 2217 2222 2268
f 2263 2264 2269
f 2264 2270 2269
f 2221 2263 2269
f 2221 2269 2225
f 2269 2270 2226
f 2269 2226 2225
f 2264 2265 2270
f 2265 2271 2270
f 2270 2271 2227
f 2270 2227 2226
f 2265 2266 2271
f 2266 2272 2271
f 2271 2272 2228
f 2271 2228 2227
f 2266 2267 2272
f 2267 2273 2272
f 2272 2273 2229
f 2272 2229 2228
f 2267 2268 2273
f 2268 2274 2273
f 2273 2274 2230
f 2273 2230 2229
f 2222 2274 2268
f 2222 2230 2274
f 2237 2238 2275
f 2238 2276 2275
f 2275 2276 2278
f 2276 2279 2278
f 2237 2275 2278
f 2237 2278 2241
f 2237 2242 2238
f 2237 2241 2242
f 2238 2239 2276
f 2239 2277 2276
f 2276 2277 2279
f 2277 2280 2279
f 2239 2280 2277
f 2239 2243 2280
f 2278 2279 2282
f 2279 2283 2282
f 2241 2278 2282
f 2241 2282 2247
f 2279 2280 2283
f 2280 2284 2283
f 2243 2284 2280
f 2243 2248 2284
f 2246 2247 2281
f 2247 2282 2281
f 2281 2282 2285
f 2282 2286 2285
f 2246 2281 2285
f 2246 2285 2252
f 2282 2283 2286
f 2283 2287 2286
f 2283 2284 2287
f 2284 2288 2287
f 2248 2288 2284
f 2248 2253 2288
f 2285 2286 2290
f 2286 2291 2290
f 2252 2285 2290
f 2252 2290 2257
f 2290 2291 2258
f 2290 2258 2257
f 2286 2287 2291
f 2287 2292 2291
f 2287 2288 2292
f 2288 2293 2292
f 2253 2254 2288
f 2254 2289 2288
f 2288 2289 2293
f 2289 2294 2293
f 2293 2294 2260
f 2293 2260 2259
f 2254 2294 2289
f 2254 2260 2294
f 2291 2292 2295
f 2292 2296 2295
f 2258 2291 2295
f 2258 2295 2264
f 2295 2296 2265
f 2295 2265 2264
f 2292 2293 2296
f 2293 2297 2296
f 2296 2297 2266
f 2296 2266 2265
f 2259 2297 2293
f 2259 2266 2297