v -180.168762 -1.381622 454.079956
v -180.985535 -0.713411 460.316376
v -183.634094 -4.642078 464.275818
v -187.032684 -10.049321 463.991760
v -186.505936 -7.206019 454.148224
v -190.077759 -3.916227 465.058105
v -189.280380 -4.649927 468.939209
v -188.287659 -7.210242 466.825745
v -196.692734 -4.266252 466.585571
v -195.367233 -4.267305 468.306244
v -204.463928 -12.121314 462.672424
v -200.700500 -6.127189 465.633759
v -178.847260 -4.251016 453.447357
v -182.615768 -9.665799 459.452759
v -184.921600 -15.514165 466.638824
v -186.151382 -13.845417 466.021393
v -181.647873 -2.006456 456.498413
v -185.484863 -7.877090 462.382324
v -191.434753 -11.833653 470.550262
v -189.033264 -12.496602 466.239380
v -191.396072 -7.077312 466.177551
v -194.216644 -8.606035 467.756348
v -199.155396 -6.985950 466.079803
v -200.879257 -10.615811 466.866211
v -230.403931 -10.016193 399.927155
v -231.053619 -10.209440 403.424622
v -228.576828 -9.300471 384.167450
v -229.641144 -9.671385 387.811127
v -232.321136 -9.765968 394.457001
v -231.908325 -9.275869 400.427490
v -232.413055 -9.068113 383.381714
v -232.099457 -8.683324 385.718658
v -232.608170 -8.016368 390.358887
v -181.863892 -18.543501 458.858948
v -183.424957 -22.726425 459.259521
v -184.649460 -15.701956 460.774170
v -186.054520 -19.837460 462.893677
v -218.040665 -13.158407 387.859711
v -219.467865 -13.545010 392.758881
v -223.953430 -13.692263 401.697144
v -229.028778 -13.716730 411.645477
v -233.892502 -14.011003 420.483490
v -236.808044 -15.327446 424.631622
v -216.280151 -13.391526 371.508179
v -217.001450 -13.920835 375.301605
v -219.265778 -13.048993 382.145020
v -223.132446 -12.868205 390.859467
v -227.425781 -12.340837 399.164368
v -232.272308 -11.840322 407.209137
v -239.192596 -12.482503 417.918091
v -239.152206 -13.918382 423.873749
v -206.030075 -12.827567 340.795502
v -206.734726 -12.706331 343.549896
v -209.352844 -12.591236 348.443909
v -211.692307 -13.128743 352.798767
v -213.791962 -13.376238 357.523132
v -216.283310 -13.410078 362.522064
v -217.004669 -12.527865 367.013763
v -220.728592 -12.549046 374.313751
v -223.017151 -11.560762 380.424530
v -226.518417 -11.602139 388.589417
v -230.507019 -11.761078 395.887268
v -237.132690 -10.743216 403.765747
v -243.242569 -12.647779 411.989044
v -212.332596 -12.380857 341.425903
v -208.300766 -11.375051 342.100983
v -212.528503 -10.817140 348.318512
v -215.573730 -10.952906 353.328125
v -217.911392 -11.470263 357.907013
v -220.610764 -11.777617 363.011566
v -223.106644 -11.698056 367.934662
v -226.020996 -11.780130 373.375885
v -227.667664 -10.729606 379.860077
v -234.989456 -10.661103 386.662231
v -236.653214 -10.429374 393.222504
v -242.162643 -11.607085 399.945831
v -242.976364 -12.038364 405.897186
v -211.615021 -11.231269 336.065979
v -213.405655 -10.966082 339.673645
v -213.618225 -10.406607 343.069855
v -216.684280 -10.186628 347.684723
v -219.685440 -10.052659 352.801880
v -222.603928 -10.650254 357.427856
v -225.771866 -10.904052 362.818390
v -227.357620 -10.745446 366.745148
v -230.088150 -11.796605 372.204407
v -233.330841 -12.131418 377.852570
v -237.011627 -12.040639 383.835785
v -241.355728 -11.482409 390.001465
v -242.463425 -11.762678 394.376831
v -224.410873 -11.410663 335.470886
v -216.148270 -10.824342 338.559326
v -217.879990 -10.440243 342.486481
v -220.015610 -10.352166 346.403564
v -222.002594 -10.400307 350.557861
v -225.322586 -10.846548 355.685303
v -228.687256 -11.066281 361.081543
v -230.597946 -10.070206 364.972473
v -183.083252 -27.509377 457.253479
v -184.820297 -30.335329 457.177979
v -184.378082 -23.646408 457.314056
v -186.548294 -27.566355 459.228516
v -173.545502 -15.237293 315.836151
v -172.676132 -15.938800 318.389069
v -174.398178 -17.505449 321.669556
v -176.354019 -19.071180 324.672028
v -175.557678 -15.532595 313.844147
v -176.607010 -15.223862 319.349365
v -178.083466 -16.635796 322.016266
v -179.880966 -17.936913 325.648132
v -183.862915 -18.520182 329.892639
v -183.842194 -18.396128 331.053253
v -181.760437 -16.050310 311.849152
v -179.403366 -15.879464 313.344696
v -181.498672 -15.618118 319.024231
v -183.447540 -16.410622 323.158203
v -185.616074 -17.203661 326.873657
v -188.282379 -17.730824 330.865143
v -189.993256 -17.822313 334.664032
v -191.006439 -18.528917 335.831512
v -215.425858 -16.999006 382.049103
v -215.514175 -15.941226 386.391602
v -218.375259 -15.300425 394.933228
v -223.889648 -15.815427 403.377960
v -229.395432 -15.691835 413.099945
v -235.057755 -16.282642 421.622620
v -237.329315 -17.663101 423.498413
v -185.296158 -15.559336 311.362549
v -185.580261 -15.536737 315.847595
v -186.957336 -15.919182 319.804596
v -189.200958 -16.225868 324.718414
v -191.532333 -16.608381 329.099976
v -194.404953 -16.916162 333.599762
v -197.179962 -17.236803 337.742310
v -199.202026 -16.869146 341.976807
v -204.314255 -18.450476 348.420807
v -208.483109 -18.671850 356.125793
v -211.326553 -17.861795 362.483826
v -212.572418 -16.480459 368.109772
v -214.882599 -15.824143 375.711151
v -215.530777 -14.143270 383.064880
v -232.508194 -17.572487 410.155670
v -236.880386 -17.261784 414.374420
v -240.426773 -15.615911 420.621033
v -239.238052 -16.424505 424.678864
v -190.797577 -14.544523 312.331329
v -190.979553 -14.785720 317.139252
v -192.698059 -15.083693 322.075348
v -194.658386 -15.248367 326.360748
v -197.352066 -15.783750 330.718353
v -199.861328 -14.945101 335.992462
v -202.347565 -14.951738 340.882874
v -204.907852 -15.279715 345.323578
v -207.371384 -15.375648 350.419098
v -210.140411 -15.689072 356.233612
v -213.077744 -15.560658 361.950226
v -214.139755 -14.422594 366.928406
v -244.585724 -18.781273 416.735596
v -246.770599 -16.037506 416.330078
v -204.087662 -14.352626 313.156494
v -195.613922 -13.614983 314.672241
v -198.247086 -14.040905 323.538879
v -199.762207 -14.265128 327.945251
v -202.433060 -14.620050 332.120087
v -204.236969 -13.344823 336.996796
v -212.044815 -13.176346 342.202301
v -241.224670 -17.971283 389.867401
v -242.472870 -16.265882 393.970490
v -245.687698 -14.913783 401.859375
v -249.087402 -15.259161 410.446625
v -202.317154 -12.862064 314.276672
v -201.699539 -13.055861 317.109924
v -203.694763 -13.271451 324.529266
v -205.115799 -13.481370 328.749298
v -206.712402 -12.383430 333.187714
v -208.845215 -12.667169 337.634247
v -209.647491 -12.123535 341.100006
v -229.211807 -13.776287 359.656219
v -228.018036 -14.051392 362.870636
v -227.300247 -12.822290 366.209900
v -233.587357 -13.491488 374.788391
v -237.951599 -13.809453 380.745392
v -240.088135 -13.626150 387.690521
v -245.734863 -13.599404 394.200073
v -245.084381 -15.166602 397.396179
v -215.026382 -12.694026 312.934662
v -205.663177 -13.456593 315.330017
v -208.869629 -13.026419 323.181458
v -211.083313 -13.173908 328.645508
v -211.853073 -11.439065 332.710480
v -217.079147 -12.482993 337.894196
v -220.906296 -11.945822 342.835938
v -222.062653 -11.956260 345.890594
v -223.629517 -11.876877 350.535126
v -225.108917 -12.447669 356.145630
v -230.677353 -12.405382 363.712372
v -231.663040 -10.944945 365.603119
v -222.844070 -12.486225 316.864075
v -214.305527 -12.577524 320.861511
v -216.297348 -12.500405 325.539398
v -217.463562 -12.836352 329.638184
v -219.374695 -12.676832 334.025208
v -223.446060 -12.119137 338.742828
v -227.270493 -11.081342 342.931915
v -114.974472 -21.128511 314.247894
v -115.471100 -20.577398 319.015411
v -117.063393 -20.032118 323.961273
v -118.776245 -20.013168 329.382111
v -120.519279 -19.117088 335.094116
v -123.129936 -18.286963 341.601532
v -126.078201 -18.653006 347.978363
v -129.028976 -19.790356 352.617920
v -116.950180 -25.533670 310.719971
v -117.159576 -23.635151 314.901215
v -118.822411 -23.623884 320.537109
v -119.732033 -24.035099 325.263519
v -121.516586 -24.249294 330.639709
v -122.732216 -25.040789 334.801117
v -124.208069 -23.697020 341.243530
v -127.566864 -23.042849 348.222290
v -130.790131 -22.228693 353.880585
v -165.110336 -32.184742 422.886627
v -164.778305 -31.539408 424.026459
v -166.957001 -33.775173 428.406830
v -122.574982 -24.468248 313.309509
v -120.199509 -26.367279 314.345337
v -122.027847 -27.177032 319.970612
v -122.194191 -28.336138 324.627258
v -123.937164 -29.142805 329.399506
v -124.700226 -29.348726 332.923065
v -173.200607 -36.507305 426.515930
v -171.495499 -31.397612 429.481995
v -173.348251 -29.799210 437.078125
v -177.654175 -31.285021 445.199402
v -181.170746 -35.226032 448.040863
v -182.992142 -34.730530 437.361267
v -180.756165 -30.236216 439.262512
v -184.110260 -29.479042 449.467499
v -185.325699 -31.474270 452.723663
v -134.802200 -34.766529 311.006470
v -134.409882 -36.157719 313.144501
v -134.737885 -37.006329 315.528748
v -190.469238 -32.302113 440.418762
v -190.712326 -29.904566 443.141479
v -192.674591 -29.278791 452.169495
v -193.608566 -31.190338 456.865997
v -140.247864 -32.334312 310.865662
v -140.157181 -33.384758 313.305206
v -139.771332 -35.154789 314.829529
v -195.262543 -34.220783 438.515106
v -196.805267 -30.243080 443.031342
v -199.555939 -28.551323 452.997650
v -201.369049 -30.548660 458.270905
v -147.046585 -28.773710 312.683197
v -147.133987 -30.028765 315.219727
v -147.038513 -31.135883 317.755005
v -150.539215 -31.350447 323.216614
v -152.684845 -32.885757 327.575165
v -198.634216 -32.123901 430.284637
v -198.111053 -31.747328 434.328949
v -202.533936 -29.592197 443.742340
v -206.034058 -29.005920 451.977692
v -206.438202 -30.826805 457.821899
v -155.127319 -24.213972 309.759521
v -152.387833 -25.281115 312.880768
v -153.887909 -26.099838 317.459137
v -154.632233 -27.179808 320.379333
v -156.209106 -27.945541 324.778290
v -157.613113 -29.404724 329.124542
v -203.987473 -34.739208 428.022308
v -200.902924 -31.324755 432.529785
v -205.258209 -29.945417 441.549927
v -208.960083 -30.068333 449.684143
v -157.173615 -21.173977 307.675568
v -158.909012 -22.124207 314.338257
v -159.885605 -23.501099 318.288300
v -161.155869 -24.417313 322.054779
v -162.672821 -25.281599 325.822144
v -163.590714 -26.549379 329.173798
v -217.686203 -26.869503 432.802399
v -217.863785 -26.615984 438.753815
v -221.643600 -27.941063 444.978668
v -161.105408 -18.856930 306.032440
v -163.222275 -19.272507 312.724091
v -165.416016 -20.973320 318.099579
v -166.625961 -22.065235 320.885590
v -168.038483 -22.601898 324.399414
v -169.645584 -23.289181 329.282593
v -174.012909 -23.024313 334.907593
v -176.853943 -23.672783 339.259674
v -223.015137 -23.711454 431.012817
v -225.080185 -23.169724 439.090881
v -228.882339 -24.480396 445.922119
v -166.090286 -16.875313 305.841217
v -165.567719 -16.543377 310.889435
v -169.044006 -18.015680 317.158020
v -170.566971 -19.525478 320.708160
v -172.808533 -20.556410 323.597382
v -174.694366 -20.639284 327.066193
v -175.976501 -21.666517 331.218048
v -177.671066 -22.107237 337.142700
v -225.364777 -22.180346 417.853180
v -227.725800 -21.963871 427.458710
v -233.045975 -21.319304 438.361511
v -238.339325 -23.048204 446.200592
v -176.814209 -16.048033 307.723724
v -168.542542 -16.293159 307.806183
v -178.265030 -18.906868 326.110870
v -179.246567 -19.273800 328.063110
v -180.533691 -20.972153 329.234589
v -187.837753 -21.497684 339.115448
v -192.996521 -24.625755 347.307098
v -213.439453 -23.215687 387.810913
v -215.512421 -21.752794 393.980133
v -220.425385 -21.463085 402.371185
v -225.623901 -21.377600 411.671753
v -232.360550 -20.286053 424.316284
v -238.995438 -20.870502 435.356812
v -244.199677 -23.423443 443.394897
v -180.922623 -16.456903 310.351166
v -175.980484 -16.587040 308.643066
v -185.998001 -20.779327 326.923523
v -184.632889 -19.970160 326.046722
v -183.524170 -19.738699 327.567078
v -187.664734 -21.143869 333.224731
v -192.260513 -22.237730 344.098511
v -213.480576 -23.074835 375.827759
v -212.115524 -21.294819 380.894592
v -214.481033 -18.118876 389.611115
v -219.074982 -18.379185 398.641724
v -227.453522 -19.333578 407.924164
v -236.284302 -20.285482 420.135590
v -244.683624 -22.591516 432.823242
v -246.047653 -24.267864 437.931091
v -180.336624 -15.978621 308.129578
v -182.676056 -17.633793 309.038605
v -189.055817 -20.297876 329.096527
v -188.367020 -20.096949 327.320862
v -191.072662 -20.400200 331.406677
v -196.065002 -19.882132 338.651276
v -202.904663 -21.841866 348.533203
v -206.864609 -21.609888 356.329071
v -209.726990 -21.132477 362.062805
v -212.234589 -20.017992 369.515167
v -213.098450 -18.697321 377.194244
v -231.616150 -18.236607 410.046600
v -239.504532 -19.842110 415.756226
v -247.900269 -22.121969 425.748901
v -185.325989 -15.905092 308.252411
v -188.331360 -16.575508 310.175110
v -244.242981 -18.834448 416.723358
v -249.727478 -21.106880 419.301270
v -191.118927 -14.672105 310.709198
v -193.693298 -15.960552 312.365936
v -197.260849 -16.663090 315.586426
v -241.847778 -16.829247 392.747223
v -245.357651 -18.003498 398.803528
v -248.925339 -19.292282 406.228363
v -251.734619 -19.664265 414.697632
v -199.981079 -13.814438 313.089661
v -198.067566 -14.743090 311.286438
v -200.872406 -15.527699 316.935547
v -219.762360 -14.792903 346.162628
v -222.027817 -14.539898 350.410034
v -222.920181 -14.131970 356.560059
v -228.907272 -15.174511 365.103790
v -232.793808 -15.672519 371.092773
v -237.004974 -16.120674 376.807251
v -240.721298 -16.678190 382.836212
v -242.157211 -16.374111 388.216400
v -244.501450 -17.448500 392.424377
v -201.814758 -13.860952 311.508881
v -204.682053 -14.787823 313.257538
v -208.572052 -14.039058 317.228394
v -212.160675 -14.036907 322.544006
v -214.372009 -13.912899 327.129700
v -216.740967 -13.591756 331.769104
v -219.598007 -13.438091 337.167664
v -220.319946 -13.352210 342.076569
v -224.862305 -13.071692 351.927368
v -227.412308 -13.138191 356.424133
v -210.659668 -13.135096 316.647552
v -214.447662 -13.140002 320.659576
v -216.765961 -12.994530 325.446655
v -218.766357 -12.812435 329.947388
v -221.141617 -12.295648 334.368317
v -224.917709 -12.046369 339.727234
v -225.271744 -11.418036 342.727264
v -114.367737 -19.927563 314.411316
v -115.767189 -20.518476 318.650116
v -116.269096 -19.132162 322.333405
v -118.259888 -18.592955 327.756470
v -119.724136 -17.987459 333.120239
v -121.641472 -17.912130 339.195221
v -124.328026 -18.848618 345.218964
v -129.305847 -23.305326 352.130463
v -132.979935 -26.380840 358.079712
v -136.654312 -28.898016 365.207336
v -140.060608 -30.551092 372.856964
v -143.687134 -32.134884 381.178406
v -147.968903 -32.875710 390.274017
v -151.270874 -33.749176 397.558167
v -154.489136 -35.580402 405.619446
v -157.199951 -40.365974 412.830139
v -116.051880 -26.439266 308.208435
v -116.030853 -23.098375 313.379913
v -119.174324 -24.164364 316.377686
v -124.984802 -29.191980 338.692780
v -127.588493 -30.403570 344.693298
v -131.204788 -29.814861 351.700897
v -133.140701 -27.536503 355.849884
v -136.434448 -28.688080 360.584686
v -140.008011 -30.425823 368.523560
v -143.505646 -31.753771 377.033142
v -147.714767 -32.927200 386.128387
v -152.122787 -33.537270 395.308258
v -156.116852 -33.758793 403.673889
v -158.146744 -33.084347 411.131134
v -160.633850 -34.858761 416.828583
v -167.300568 -39.388744 427.273468
v -118.995506 -26.941605 309.563904
v -121.556305 -29.798412 314.379944
v -123.264755 -31.539295 320.845459
v -123.361206 -32.897415 324.559967
v -125.230995 -34.171520 329.494415
v -126.156746 -33.374882 334.743896
v -129.106186 -35.735531 340.538361
v -132.195328 -36.211906 347.424896
v -135.434113 -36.189754 354.164551
v -139.141464 -36.068668 360.745361
v -142.748657 -36.823338 369.003571
v -148.684296 -38.397804 383.552124
v -152.630844 -37.055676 392.620575
v -157.615524 -36.933334 401.839386
v -162.649384 -36.856972 411.194794
v -166.854095 -34.392239 421.038239
v -176.697464 -36.913940 431.034363
v -172.464355 -34.304203 434.870209
v -176.587448 -33.250854 443.905060
v -182.072052 -39.286560 448.175415
v -158.188431 -42.339314 393.636169
v -159.449051 -41.822620 399.457611
v -163.801025 -39.561417 407.369354
v -169.413910 -38.650204 415.755585
v -174.421860 -37.573647 424.806671
v -176.210617 -33.805767 431.484375
v -179.936325 -33.948444 439.236176
v -183.472565 -35.449757 445.878510
v -184.323547 -33.783585 451.510040
v -131.969101 -35.336082 310.969055
v -133.243942 -36.878777 312.524078
v -133.563187 -37.237247 314.143555
v -169.665054 -44.307457 405.778473
v -169.374069 -41.158073 408.074341
v -174.809296 -38.937191 417.503632
v -179.902008 -37.508453 425.766602
v -183.970108 -34.057808 433.692383
v -183.324432 -32.516178 439.864746
v -191.253250 -36.778358 450.903534
v -191.620346 -33.534153 454.696289
v -135.495560 -34.513367 309.011444
v -135.791382 -36.358521 309.452026
v -136.222672 -38.142815 312.447235
v -140.271194 -37.532310 318.602753
v -141.426712 -38.266407 323.240601
v -177.197784 -39.957371 402.130951
v -176.383896 -40.142479 409.610992
v -179.692047 -38.172867 417.459320
v -184.758347 -36.752903 425.730164
v -190.100815 -33.657127 434.160492
v -197.236053 -35.623230 438.873291
v -199.705109 -37.801254 455.436737
v -202.558777 -33.759209 458.625244
v -141.684326 -31.542692 308.586853
v -140.798218 -33.010277 311.294800
v -143.744736 -33.709930 317.491425
v -145.249741 -34.730484 320.323456
v -147.352097 -34.729027 324.627960
v -178.739365 -34.970963 392.043488
v -179.329330 -34.851170 398.659729
v -182.469650 -35.805405 407.954193
v -186.119110 -36.079929 417.913208
v -190.648712 -33.925392 426.423615
v -193.177673 -33.695362 433.928589
v -196.294373 -32.873508 441.403015
v -207.789581 -32.999603 454.408295
v -204.656418 -33.578327 457.082703
v -149.583923 -25.853788 306.845856
v -147.593674 -27.501162 309.304596
v -155.127426 -30.975567 328.210144
v -183.731735 -33.470444 389.754883
v -184.706009 -30.844603 394.269989
v -188.395615 -31.159365 406.463287
v -193.945724 -33.300247 418.006439
v -198.340134 -32.210609 427.614197
v -207.164520 -30.615492 439.229858
v -211.000046 -31.050064 446.485046
v -208.936996 -32.370350 449.659790
v -151.787872 -23.278725 304.589203
v -153.973663 -23.501303 305.609406
v -162.157257 -28.577671 329.637665
v -194.238144 -27.356041 389.994690
v -192.778229 -26.894083 395.203186
v -196.876678 -27.396269 405.755585
v -202.099487 -29.991095 416.667267
v -206.811462 -29.895102 429.573059
v -210.692810 -29.579203 438.261261
v -217.853638 -29.525118 445.335693
v -155.197678 -21.783888 302.533264
v -158.781113 -21.793898 306.880768
v -167.738174 -25.549109 330.550751
v -170.637680 -26.394579 332.410431
v -176.460541 -23.431091 337.510712
v -197.922104 -27.667538 387.321777
v -200.113876 -26.598549 392.609406
v -206.123215 -24.238462 405.555634
v -210.534088 -26.575455 415.134766
v -212.694351 -27.294052 423.954712
v -230.299652 -27.767433 448.960388
v -161.698944 -18.904196 303.005096
v -165.442032 -19.752018 305.890656
v -177.617859 -24.027252 330.261200
v -173.635056 -24.043356 330.514404
v -178.816650 -22.292875 339.788177
v -210.037262 -27.273382 389.647705
v -209.971344 -24.774742 394.729889
v -214.005295 -23.266064 404.618683
v -218.405701 -23.862951 414.859924
v -219.393387 -24.852686 422.295959
v -240.222748 -26.838755 449.236298
v -166.797958 -17.236061 304.973328
v -169.729370 -19.013720 307.278076
v -179.477448 -22.929447 325.497772
v -176.220215 -23.648209 325.821167
v -179.534393 -22.878950 330.084137
v -188.860947 -23.595217 341.856171
v -194.059845 -26.002075 347.991791
v -212.967590 -25.920189 387.717194
v -214.364243 -23.294302 395.892822
v -218.227539 -22.706896 403.480286
v -219.929382 -23.051825 409.800751
v -247.462463 -32.278580 438.821899
v -245.071411 -28.141808 446.249939
v -174.465958 -18.761877 308.821045
v -178.588654 -20.295183 313.371307
v -180.000595 -20.878189 317.245850
v -178.231247 -21.557035 319.704224
v -180.634842 -20.515049 325.501801
v -185.884369 -21.888716 332.993103
v -192.223145 -23.532959 343.027008
v -195.536789 -25.094587 349.265472
v -206.678482 -27.969799 361.364319
v -207.712997 -27.741982 366.122711
v -210.987228 -26.523880 374.595093
v -212.501190 -25.890970 381.552734
v -248.651443 -28.969168 439.180115
v -248.451874 -26.386829 442.663605
v -180.046509 -18.842508 310.234192
v -183.439911 -19.872463 314.967651
v -184.687714 -20.452192 318.289948
v -186.280533 -21.200144 322.858673
v -191.402786 -22.238768 329.160492
v -195.409378 -22.982073 335.420258
v -199.959869 -24.101013 342.120056
v -204.800842 -24.786072 350.238708
v -205.812668 -25.705040 355.482727
v -209.574677 -26.185198 362.288116
v -210.594223 -24.314045 369.986969
v -250.005539 -32.235226 423.365723
v -249.969604 -28.334307 428.544617
v -185.652222 -18.805157 310.649017
v -189.263885 -19.770279 315.651398
v -191.926666 -20.525089 321.194702
v -194.353180 -21.611710 325.673645
v -197.763306 -22.704103 331.484711
v -201.230545 -23.502422 337.288544
v -205.423920 -23.922148 344.367798
v -209.749710 -23.915144 352.205750
v -213.316010 -23.971117 359.116699
v -218.011581 -24.186451 364.798523
v -247.813141 -27.693750 409.836517
v -249.517014 -27.651676 416.510376
v -251.179962 -24.279570 421.785187
v -191.192291 -17.336813 312.477539
v -195.216644 -18.931015 317.071869
v -198.741852 -19.799236 322.682861
v -201.462860 -20.307541 327.575928
v -204.477661 -20.950716 332.598328
v -207.709305 -20.968531 338.690521
v -211.907959 -20.856764 345.424042
v -215.923737 -20.674927 352.824402
v -219.952042 -20.176159 360.455566
v -225.264786 -20.324142 366.869629
v -230.124557 -20.436756 373.126007
v -233.859467 -20.966866 379.440857
v -237.610382 -21.408691 385.502258
v -242.307709 -22.082644 393.407959
v -248.089981 -23.404757 404.625977
v -251.316391 -22.708414 413.472900
v -252.750336 -23.811289 416.537415
v -201.204742 -16.189148 314.997681
v -199.194443 -17.040709 317.238342
v -204.706467 -17.879642 323.577301
v -207.419876 -17.914436 328.385895
v -210.344162 -18.187704 333.324310
v -214.058197 -18.143633 339.342133
v -216.595978 -16.583843 346.321838
v -222.269699 -16.988449 354.738373
v -226.619354 -17.168957 361.959839
v -230.474731 -17.447039 368.297089
v -234.533356 -17.959484 374.490265
v -237.782700 -18.660681 379.953705
v -240.997910 -19.013683 385.526886
v -244.988403 -19.425531 392.478424
v -246.414490 -19.431583 395.608307
v -202.608887 -16.443943 313.428528
v -206.472824 -15.802647 318.482513
v -210.011658 -15.370440 324.746216
v -212.829453 -15.369994 329.568817
v -215.490570 -15.070515 334.579193
v -219.082474 -15.418119 340.431885
v -218.522781 -15.013769 343.302338
v -116.745110 -25.759142 314.252411
v -115.521393 -22.991367 317.542358
v -117.309959 -22.468351 322.072968
v -118.963959 -22.156567 326.800201
v -120.424652 -22.045424 331.751801
v -122.432899 -22.615883 337.431580
v -124.951874 -24.528811 343.744720
v -128.444214 -27.687723 350.438538
v -133.556259 -32.292995 358.622681
v -136.583206 -31.742210 364.663361
v -141.493317 -35.469383 375.468872
v -143.276718 -36.766411 381.844696
v -147.050034 -38.218712 390.970154
v -150.336151 -40.052227 399.118073
v -153.924728 -42.658031 407.273193
v -159.432175 -47.507225 416.866425
v -116.576172 -28.829372 307.000092
v -116.704918 -26.134979 311.967682
v -117.456306 -23.150743 316.343140
v -136.870560 -33.717445 361.907745
v -140.782669 -37.465080 367.378632
v -143.061447 -40.973370 374.255402
v -162.980621 -42.963326 421.353241
v -168.213776 -47.909744 428.563232
v -119.614243 -30.833809 307.827637
v -122.875908 -33.075954 313.959808
v -124.328896 -35.091305 320.384918
v -125.170746 -37.699108 325.055786
v -127.221870 -39.653450 330.365845
v -130.113693 -41.337914 336.507507
v -132.967789 -42.497444 343.404205
v -136.191315 -43.207573 351.189667
v -138.457321 -44.952679 357.811432
v -141.384766 -44.550457 363.924164
v -145.576691 -45.333492 374.804199
v -151.516983 -49.878891 386.999786
v -173.603958 -42.678028 434.705597
v -179.592392 -48.032555 441.453674
v -125.601921 -32.473007 305.301727
v -125.584282 -33.571941 309.489166
v -127.920021 -36.418560 317.022064
v -129.270676 -39.282608 323.222717
v -131.135330 -42.792660 329.322021
v -133.797821 -45.375072 335.544830
v -136.557358 -48.690689 342.600677
v -137.902206 -49.761818 348.595245
v -140.092056 -50.384941 355.437897
v -155.906799 -47.349003 394.110962
v -162.726929 -52.864555 403.220428
v -178.762787 -38.011913 441.055359
v -183.117996 -43.000896 443.621399
v -135.125732 -30.478168 308.431244
v -128.606094 -33.963627 307.777802
v -130.516296 -36.974880 313.286987
v -133.190323 -40.981251 320.479279
v -135.194366 -45.190086 327.310974
v -137.546768 -48.560757 334.393951
v -138.609207 -50.938789 339.800781
v -167.085022 -47.918545 403.999023
v -173.723526 -47.226318 406.526428
v -190.520309 -42.214489 448.637177
v -136.449982 -34.094975 307.713776
v -135.084656 -36.889721 309.315674
v -135.857880 -38.021088 313.009033
v -137.375122 -39.209736 318.381226
v -141.314041 -40.640179 323.554138
v -143.487473 -41.535465 328.115753
v -174.752792 -48.227146 396.045441
v -173.187469 -46.844006 403.345825
v -171.587585 -44.962826 405.890686
v -199.011230 -38.795254 452.131470
v -203.190109 -39.290569 454.894592
v -141.698502 -31.924913 308.627716
v -138.330597 -33.390472 310.164337
v -146.083191 -35.221584 325.738556
v -146.721497 -36.944614 327.549286
v -176.027054 -39.452042 393.026764
v -174.229599 -41.840218 396.322693
v -206.507294 -42.648228 445.514099
v -206.971558 -38.020405 451.858337
v -205.507477 -37.597576 456.632812
v -149.964462 -26.913013 306.925842
v -147.425369 -30.385733 306.831116
v -152.876862 -31.938869 327.615936
v -154.142944 -32.279072 330.864319
v -158.658920 -32.658512 335.218140
v -180.303009 -34.495117 380.474548
v -179.736572 -34.136494 387.383636
v -185.485336 -33.353790 389.949738
v -211.520798 -35.912468 446.858002
v -208.169418 -35.886375 450.660797
v -149.167587 -25.785551 304.602875
v -153.223053 -27.546721 306.949677
v -160.224243 -29.786091 329.425690
v -160.341965 -29.583990 332.545746
v -163.477142 -29.987600 338.205505
v -168.563980 -30.569235 341.793152
v -183.667358 -30.928108 369.042023
v -184.040939 -30.959402 377.450653
v -185.666168 -29.728851 385.766205
v -184.276459 -31.160980 390.372986
v -216.964859 -34.662708 444.405762
v -158.924896 -22.265717 305.041626
v -156.769470 -24.694853 305.264862
v -166.189651 -27.911398 329.690796
v -167.377792 -28.487206 332.885193
v -170.915817 -28.777454 339.735199
v -174.508545 -29.562771 345.950806
v -181.063110 -29.438669 354.176270
v -185.623459 -29.320244 364.517792
v -189.862427 -28.582561 375.132263
v -193.475510 -28.521269 384.233734
v -200.593033 -28.706688 388.533295
v -228.934128 -39.492626 439.028015
v -227.617081 -32.273106 444.975098
v -159.209335 -21.290432 302.624634
v -163.761414 -22.924601 306.196503
v -175.530823 -25.849997 331.183167
v -174.453491 -27.590055 333.398163
v -178.887512 -28.841679 341.085846
v -183.372375 -29.419579 348.770203
v -187.785172 -29.583151 356.184753
v -192.445892 -29.598206 364.544983
v -197.623474 -29.091906 374.174927
v -201.963791 -27.471134 384.773468
v -201.589493 -27.050211 390.313507
v -231.768051 -37.775726 441.359802
v -236.814346 -32.435143 445.426605
v -168.678726 -21.315477 307.831848
v -172.835999 -24.287992 311.868134
v -177.153885 -24.104401 326.550751
v -178.030136 -25.992506 329.758698
v -181.600052 -27.723083 335.587402
v -186.010101 -29.445242 342.907959
v -191.026840 -30.515444 350.499908
v -195.351349 -30.593975 357.524261
v -200.041153 -30.965014 365.688843
v -204.650650 -30.421644 374.123688
v -207.166031 -28.537601 382.631134
v -243.780273 -33.921146 437.468079
v -242.932648 -32.419041 443.519257
v -173.265411 -20.767809 309.781342
v -176.423538 -22.538954 314.633179
v -177.874863 -23.362537 317.700592
v -178.373932 -24.566248 322.389679
v -180.739655 -26.383974 328.261444
v -187.168335 -28.821308 336.966461
v -192.231766 -29.600945 344.179321
v -197.330460 -30.894325 351.531433
v -200.535156 -30.810003 358.012512
v -204.415802 -29.731306 366.120270
v -208.789093 -29.757504 374.190674
v -210.491348 -29.777416 380.779022
v -246.404434 -34.452667 434.111542
v -198.147858 -30.074263 342.946930
v -198.397781 -29.338995 346.037567
v -203.299881 -30.460217 353.110535
v -205.339600 -29.822155 357.343292
v -211.809891 -28.683538 362.768219
v -249.344269 -34.776688 426.691589
v -249.731522 -34.176365 432.131104
v -203.636932 -29.705128 345.539185
v -204.988586 -30.062843 348.097229
v -208.987640 -28.530848 353.766113
v -213.320023 -28.556772 360.453613
v -214.073593 -27.757059 363.907532
v -249.533127 -31.350319 414.750488
v -250.947937 -34.224007 420.618958
v -210.745163 -27.779297 349.690887
v -214.068680 -28.471043 353.898407
v -219.541092 -26.037483 360.849731
v -221.255493 -25.961525 365.974152
v -231.989609 -23.075010 377.472260
v -236.474289 -23.749865 384.273041
v -240.275558 -24.336817 390.763763
v -244.695999 -27.272827 398.664093
v -247.971466 -29.514334 407.564789
v -250.993042 -35.295654 414.211884
v -221.590897 -27.540045 356.054840
v -222.861023 -26.613356 359.658844
v -228.426956 -26.215061 367.511444
v -233.140182 -26.205654 374.853821
v -238.020004 -27.164995 382.866516
v -243.008362 -27.299040 389.723175
v -245.187683 -29.834513 393.955994
v -116.787025 -26.998873 315.285004
v -116.492233 -26.563793 316.546631
v -118.953941 -26.809248 322.030029
v -120.960480 -27.133558 326.992493
v -123.283707 -28.549067 332.762665
v -125.668373 -31.818546 339.315613
v -128.490341 -34.955074 345.743164
v -131.482330 -37.408409 352.797638
v -132.461212 -39.142956 356.309357
v -142.776093 -40.790710 379.627167
v -146.386551 -45.493931 388.053345
v -151.213242 -48.782318 399.453430
v -154.452011 -49.678585 406.985168
v -157.691483 -51.134499 414.913940
v -162.569778 -54.418777 423.462555
v -164.392227 -56.807053 432.961700
v -167.747787 -58.730404 438.837524
v -117.238525 -32.200603 306.981232
v -116.409081 -29.112301 311.922089
v -119.599480 -30.782326 316.778778
v -122.895882 -32.573490 323.637817
v -126.174919 -34.930489 330.257507
v -129.188339 -39.458565 337.302887
v -131.102097 -46.958847 345.064697
v -134.789413 -46.468597 349.451355
v -136.356415 -46.653683 355.593201
v -136.380020 -43.025898 361.970612
v -143.025253 -45.073528 370.731598
v -145.353088 -46.828484 381.741730
v -153.437302 -54.192890 398.103699
v -158.721512 -58.167683 410.423462
v -160.755463 -56.564625 414.751038
v -162.647675 -55.355724 419.478210
v -164.989349 -52.326046 423.936737
v -168.445190 -53.606827 431.342377
v -172.583252 -55.450542 440.564850
v -177.057739 -58.273991 447.503937
v -119.884583 -33.686348 305.130157
v -135.975616 -57.770199 338.381897
v -136.911163 -58.616756 342.911346
v -136.596313 -55.247208 346.895386
v -138.051956 -53.729324 351.578674
v -137.286575 -50.323536 358.993622
v -142.281769 -47.868385 366.547211
v -147.272354 -50.172646 379.140472
v -153.472412 -54.835400 392.814423
v -159.505127 -60.570660 405.795410
v -160.820251 -59.806824 409.492645
v -173.632965 -48.857193 436.985626
v -178.441406 -51.435215 442.471375
v -183.168472 -53.285416 450.833557
v -187.942703 -58.419132 457.764069
v -124.206131 -34.355114 304.467194
v -137.180542 -56.481571 336.941254
v -137.402954 -56.351929 339.955475
v -138.489532 -55.356205 345.897125
v -140.747040 -53.538078 353.616547
v -140.413589 -51.893574 358.139282
v -158.215546 -55.214600 399.112396
v -164.623184 -59.477913 407.733978
v -169.820328 -61.421814 412.542419
v -185.717392 -48.650249 448.754028
v -189.440552 -52.142139 453.145142
v -189.624268 -56.201805 457.681274
v -127.566315 -34.346935 305.815216
v -129.641190 -37.939861 308.862579
v -132.194229 -42.296726 315.176300
v -135.334061 -47.109241 322.512421
v -138.450226 -53.528805 331.384888
v -139.259293 -53.586765 339.239014
v -139.631699 -53.404537 343.260193
v -169.160828 -57.366154 409.593658
v -174.696671 -60.640881 414.996765
v -180.109543 -61.307846 420.883087
v -192.589462 -48.096199 451.222565
v -196.339005 -50.936695 456.411163
v -201.889847 -56.634922 463.248169
v -135.218643 -34.432320 308.604279
v -135.348175 -36.029011 309.194244
v -137.425186 -37.858612 314.001312
v -138.701889 -39.883224 318.489227
v -140.909988 -41.292522 323.652588
v -142.604080 -41.920517 328.964111
v -173.601135 -52.426491 399.412811
v -173.499496 -56.059895 405.921692
v -181.076904 -61.407772 415.428711
v -184.243149 -61.895409 421.290497
v -198.728867 -47.630562 451.749420
v -202.775864 -51.761024 456.965088
v -203.299011 -54.837841 462.143768
v -137.960541 -32.961460 307.138336
v -140.850418 -34.574043 310.561493
v -142.602692 -36.018387 314.987366
v -143.961060 -37.591129 319.326202
v -146.246399 -38.876629 324.969604
v -147.423782 -38.247128 328.443604
v -175.191879 -50.694237 397.489716
v -180.134354 -54.287258 405.622803
v -187.702621 -57.028713 413.539764
v -204.938278 -43.984558 446.066254
v -204.286026 -45.417435 449.878082
v -208.008469 -52.694733 453.626556
v -144.659012 -32.511616 308.302887
v -149.860184 -35.031170 312.136017
v -151.087616 -35.646954 316.290924
v -150.788162 -34.546913 320.604919
v -151.844925 -34.873936 324.571747
v -153.885529 -33.906105 329.821136
v -158.151001 -32.277706 334.016266
v -178.916763 -37.573708 382.276520
v -179.654922 -41.885300 390.176208
v -187.338333 -47.694828 402.271332
v -195.161011 -50.245617 410.835632
v -210.230469 -45.287735 442.290680
v -209.329361 -50.411514 444.882141
v -212.170212 -52.362831 451.805450
v -152.660202 -33.018337 308.757629
v -154.050049 -32.995716 311.494324
v -155.055923 -33.106037 318.847290
v -158.284912 -33.772907 321.658875
v -157.900970 -32.412998 325.890930
v -159.731522 -32.466908 331.060333
v -163.144852 -31.923548 337.103363
v -167.612091 -30.182283 340.058044
v -181.655136 -31.979311 370.241974
v -182.578278 -35.642014 377.585693
v -187.628311 -39.142853 388.508575
v -195.520706 -39.991394 399.821991
v -202.447327 -43.056286 407.837372
v -216.085892 -42.827827 441.613831
v -158.189667 -29.427086 307.739227
v -163.708359 -30.991072 323.559662
v -164.349701 -30.573034 327.307129
v -165.333405 -30.811842 330.861420
v -168.870239 -31.477478 337.011963
v -173.221527 -31.779032 344.019958
v -179.392288 -31.029823 353.555389
v -183.304733 -33.280376 364.839020
v -189.147964 -34.793682 374.686462
v -196.949005 -34.752266 387.376495
v -203.375076 -35.325500 398.370117
v -209.828049 -38.248695 405.186035
v -224.837677 -47.848530 430.233948
v -226.168259 -40.327747 436.416595
v -222.128723 -40.992676 440.797394
v -163.537872 -27.348169 307.400665
v -168.161484 -30.000977 323.798126
v -168.894165 -31.010553 326.987701
v -172.314392 -30.411137 332.845093
v -175.640869 -31.416384 338.282471
v -180.085754 -31.976597 345.765533
v -185.118973 -32.767437 354.599670
v -190.899765 -33.513535 363.910706
v -198.790298 -33.595932 375.895874
v -205.725891 -33.562294 387.233948
v -209.034409 -35.195320 393.661316
v -213.312286 -37.978386 401.933411
v -226.998840 -45.356499 432.033508
v -231.171036 -39.394997 436.989838
v -234.250137 -42.873764 439.290100
v -168.036819 -25.602016 308.838684
v -172.181992 -28.457855 313.776123
v -175.429733 -30.783537 318.949646
v -176.251709 -30.354637 329.553467
v -177.850967 -31.662317 334.351013
v -181.826355 -32.779102 340.933197
v -186.521622 -34.015060 347.835419
v -193.696777 -34.920761 356.927032
v -199.997650 -34.359009 366.775513
v -205.988251 -35.507462 376.213562
v -210.810776 -35.039009 386.175476
v -214.308624 -36.157516 390.347717
v -240.867950 -38.707306 434.615479
v -238.584457 -39.664715 439.367096
v -175.441010 -26.335333 316.341461
v -177.868225 -27.880259 320.381775
v -180.326569 -28.866268 325.564636
v -185.630966 -31.307631 333.824371
v -191.082672 -29.834129 339.532898
v -200.974411 -34.205639 361.138702
v -204.926758 -36.506382 367.287354
v -208.748520 -36.414028 372.640106
v -243.449814 -38.527077 430.825592
v -195.077499 -34.120949 338.898773
v -191.784241 -30.834932 338.840698
v -249.930481 -40.059528 425.956024
v -248.679764 -40.435711 429.261810
v -202.691925 -34.296139 341.167908
v -202.175232 -33.744797 341.986481
v -204.161926 -29.727421 346.376678
v -248.334930 -42.122910 413.985596
v -251.414871 -40.659637 418.794678
v -250.053391 -43.152206 423.255524
v -207.830002 -32.467323 344.848450
v -211.591797 -32.660076 347.554810
v -212.818512 -28.108202 351.601898
v -239.042252 -39.570286 388.538666
v -240.540344 -37.071171 392.658234
v -245.296616 -35.765663 399.951935
v -250.807220 -38.358437 411.322968
v -251.921982 -37.527603 418.253754
v -220.123581 -33.401810 345.885773
v -219.538071 -32.487011 350.611603
v -220.525513 -30.715635 355.502411
v -228.844864 -28.833969 364.378998
v -233.560883 -32.445087 371.892975
v -237.172516 -32.884693 380.024261
v -239.928619 -34.990524 385.440674
v -244.990433 -31.587454 394.964722
v -246.394394 -31.599747 397.184387
v -223.547333 -31.700176 342.533051
v -222.170761 -32.069141 348.312347
v -225.778748 -31.112743 354.314117
v -229.750366 -31.970526 361.096313
v -233.554977 -33.420906 366.916412
v -163.813324 -57.296871 430.583466
v -164.860306 -59.819016 433.380188
v -167.910187 -60.381378 440.468414
v -170.705688 -62.553722 447.202179
v -117.595680 -36.123508 307.029205
v -118.626221 -35.655766 312.105652
v -121.802109 -37.680603 318.673553
v -125.690102 -41.624195 326.868958
v -129.787216 -46.869099 335.424927
v -132.316666 -54.563339 343.675629
v -134.368759 -54.834187 346.051605
v -160.989258 -59.771309 415.097260
v -164.144836 -61.169033 419.229340
v -165.073410 -58.173370 422.859863
v -165.819244 -59.281872 427.050110
v -168.685562 -60.362560 434.047607
v -171.247971 -57.528217 444.536682
v -175.809555 -59.984024 449.483459
v -182.269516 -62.828213 457.216492
v -122.250336 -39.559906 304.556824
v -119.430901 -36.583691 304.556274
v -134.799881 -58.921669 333.760345
v -135.258942 -60.111095 338.794495
v -136.034561 -59.550209 345.519135
v -135.578156 -55.066071 347.030457
v -161.680023 -61.044842 409.563263
v -163.596954 -62.321957 414.023712
v -169.189941 -62.065407 419.145172
v -181.851944 -57.592670 454.214508
v -187.036499 -59.094231 457.951660
v -132.353882 -36.543476 307.280701
v -123.867805 -38.012939 304.606384
v -136.266541 -58.110466 332.433746
v -136.044189 -57.000538 333.943695
v -164.866928 -61.572613 410.760040
v -169.624039 -61.958790 415.804230
v -174.890961 -62.811733 420.089417
v -193.996872 -57.583450 460.183777
v -194.042374 -56.942009 461.080688
v -128.065964 -38.591507 306.235931
v -130.629745 -43.704578 311.206757
v -133.750488 -48.791885 317.580963
v -138.612534 -55.040874 327.836639
v -137.419327 -55.532818 331.016083
v -174.943710 -61.221329 418.105682
v -180.385193 -61.954315 423.375885
v -186.372009 -63.424313 429.099182
v -195.634048 -55.725086 459.875214
v -200.268036 -57.566059 462.796783
v -185.578720 -62.239243 420.416626
v -186.781448 -65.074692 424.165466
v -189.290771 -64.179970 429.836090
v -207.642456 -56.273945 462.705231
v -207.582870 -57.602066 464.749237
v -187.517075 -61.397659 419.612549
v -193.979813 -63.106094 422.737854
v -212.094574 -57.697685 458.449829
v -210.707230 -61.247410 462.438324
v -150.498718 -36.850193 308.855865
v -149.293137 -37.862827 312.037506
v -151.848770 -38.470684 316.364716
v -154.485916 -39.693157 320.602417
v -194.856720 -58.478405 418.705566
v -201.540192 -60.507183 421.307983
v -213.793854 -52.659000 444.379517
v -216.872070 -57.169624 448.723419
v -213.758926 -57.829029 452.953461
v -153.121704 -35.204121 309.112152
v -152.659195 -36.610332 309.789062
v -154.714111 -36.254719 313.231995
v -157.477463 -36.825417 319.596527
v -202.953506 -54.239685 415.336456
v -206.341141 -59.517864 418.521606
v -218.745773 -53.185612 441.441956
v -217.846741 -57.804287 443.996704
v -157.254700 -33.766472 309.324066
v -159.957672 -35.851879 312.995270
v -161.757034 -36.283455 317.859894
v -162.081818 -33.152172 320.543488
v -210.191498 -46.643780 413.004517
v -216.264236 -50.566315 417.625610
v -221.518784 -49.439617 427.878296
v -221.901352 -50.273094 434.526550
v -220.845627 -51.108875 437.982758
v -162.971329 -31.869953 309.843781
v -166.603134 -34.353645 313.955780
v -166.014267 -33.765240 317.988586
v -167.043167 -31.751911 322.728882
v -171.999237 -32.568806 325.534821
v -215.251175 -37.862427 400.403870
v -215.700958 -42.552521 404.814209
v -220.493378 -48.219074 417.890625
v -225.554962 -47.241844 427.129730
v -228.046661 -48.288971 432.043304
v -230.935730 -51.210522 434.962463
v -167.596588 -30.111452 310.302917
v -170.502197 -31.815903 315.823242
v -171.756546 -32.264870 319.211456
v -173.876450 -33.405979 324.428864
v -175.407257 -34.337036 329.210510
v -181.218933 -34.155331 335.961609
v -186.001816 -36.055206 343.321136
v -189.964783 -37.098633 349.609161
v -193.108093 -36.503922 352.954834
v -210.246475 -37.098682 379.930908
v -212.812439 -37.584705 384.863678
v -214.728653 -38.070789 393.814117
v -222.580078 -41.258488 403.105286
v -225.720657 -45.244949 408.938477
v -229.432831 -46.723667 417.504669
v -236.443161 -44.813251 429.705841
v -234.793823 -46.659847 435.568848
v -177.036880 -31.462637 322.495544
v -179.813614 -33.209332 326.717682
v -182.594437 -34.670689 331.584320
v -190.817261 -37.850647 341.318909
v -190.863358 -39.567741 345.250336
v -194.633392 -40.264679 351.458740
v -199.624573 -38.694027 358.943787
v -205.397018 -39.942619 367.265778
v -209.445084 -39.474182 376.144196
v -216.040146 -39.792904 384.971008
v -220.614029 -40.189568 393.220490
v -225.161423 -42.020790 401.430725
v -229.639572 -44.119602 410.269226
v -233.692215 -44.612122 419.084930
v -241.565063 -42.531971 427.002655
v -193.221619 -37.468300 338.312988
v -193.419006 -39.120258 339.887024
v -225.781143 -43.959492 387.929047
v -227.213791 -42.191364 391.954407
v -231.661453 -41.804741 399.123444
v -237.356552 -41.851170 407.900604
v -243.646652 -42.604965 417.387787
v -247.769409 -42.807816 425.250885
v -198.666748 -37.505516 340.575775
v -202.863464 -40.588547 342.903015
v -227.651428 -43.310490 388.996429
v -231.734619 -41.777767 394.224030
v -239.703064 -42.559105 401.852966
v -245.331619 -42.741669 411.437103
v -248.686066 -42.726776 421.416840
v -248.491226 -44.448006 425.452087
v -210.126785 -38.064346 345.554810
v -211.365784 -35.394993 347.763062
v -235.389526 -45.296555 382.952423
v -235.627350 -43.556595 385.697662
v -240.225113 -41.640320 394.264069
v -245.332703 -42.038387 402.830414
v -245.211243 -41.512558 408.941711
v -216.382584 -37.946205 346.271454
v -213.024567 -35.333282 346.784668
v -236.007141 -40.172245 376.041626
v -237.136765 -41.723034 380.779846
v -237.937195 -39.177200 385.508209
v -220.642426 -34.706772 345.675323
v -224.647659 -35.824017 350.760071
v -229.027252 -37.015995 358.040588
v -233.370453 -38.502605 364.953461
v -235.662308 -39.331448 371.103241
v -159.031525 -65.106255 433.016205
v -157.242264 -64.246277 435.421295
v -159.534683 -63.732334 441.295959
v -162.815048 -67.071907 446.932373
v -163.578979 -63.699242 431.998474
v -162.800476 -62.363010 435.016632
v -163.065659 -60.906719 441.337494
v -169.374969 -62.963230 449.861633
v -175.976685 -66.096909 458.986237
v -180.144180 -68.757477 466.244598
v -182.230438 -71.509514 470.240631
v -120.209190 -40.035004 311.281738
v -120.289787 -42.160664 313.235931
v -124.189079 -46.316292 321.516510
v -128.479462 -52.421947 330.930237
v -132.530167 -58.528831 340.516876
v -134.055969 -60.525848 345.202240
v -165.388519 -61.209740 423.981903
v -168.551498 -64.246986 426.082794
v -168.114655 -62.868217 430.511627
v -165.332855 -61.746166 434.170502
v -175.430206 -62.778111 454.015594
v -180.918884 -64.523300 458.587524
v -185.840546 -66.515434 467.128174
v -188.939987 -70.082756 471.784790
v -122.593575 -40.432796 306.323181
v -120.626633 -40.930248 306.753601
v -124.526199 -46.671341 314.703827
v -128.530502 -52.691540 323.792480
v -133.098892 -59.065601 334.238007
v -135.447464 -62.697311 343.527466
v -135.186417 -60.487526 345.720917
v -168.660431 -62.082825 422.639160
v -174.203781 -64.548721 427.224640
v -189.711227 -62.842434 463.435242
v -193.107040 -65.912987 468.328766
v -196.440063 -69.666801 472.830383
v -122.125587 -40.030476 303.534790
v -125.157837 -43.730099 307.803619
v -129.150711 -49.213894 315.756409
v -132.398575 -54.842342 323.396088
v -134.749008 -57.871758 330.096558
v -174.721344 -63.128986 423.974823
v -180.945068 -65.683914 429.040039
v -196.929642 -62.604408 464.884552
v -200.234009 -66.250023 469.718384
v -203.415100 -70.181107 474.278076
v -128.811035 -43.686123 308.878235
v -131.906113 -49.250618 315.443085
v -134.789536 -54.167675 322.619995
v -137.128876 -56.354694 327.784149
v -181.130173 -63.257809 426.448181
v -187.087631 -65.049469 432.550293
v -192.083511 -68.076141 436.582947
v -203.282516 -62.819920 466.672668
v -206.757629 -67.238159 471.002106
v -209.966537 -71.349236 475.169647
v -190.686264 -64.930351 429.098083
v -193.717972 -68.481560 432.578369
v -194.509796 -69.884811 436.827820
v -209.662628 -63.746235 467.802643
v -212.846771 -68.555603 471.411713
v -216.292328 -72.814728 476.027069
v -193.862961 -65.034355 427.742157
v -200.358551 -67.202026 429.586365
v -215.594635 -64.145218 462.720428
v -215.602707 -65.475594 466.174103
v -219.130905 -69.995598 471.733948
v -222.594757 -74.737984 476.497192
v -148.730087 -38.729664 309.644531
v -149.465851 -40.174217 312.000854
v -151.852921 -41.032471 316.875427
v -154.359528 -41.523735 320.120148
v -200.841965 -64.176842 425.881897
v -206.800369 -66.463280 427.517975
v -219.374084 -63.003937 453.576416
v -219.542709 -64.701401 458.326111
v -221.740997 -69.290764 465.546509
v -225.482513 -72.277145 471.564148
v -228.797974 -76.776001 475.959259
v -150.531540 -38.415779 309.018097
v -152.675201 -39.909275 313.142273
v -154.939255 -40.174488 317.877380
v -155.723343 -39.568783 320.686707
v -208.023468 -59.225288 417.283356
v -207.445236 -61.770336 421.771790
v -212.201462 -63.168743 426.695770
v -215.571228 -65.520279 429.540009
v -222.914459 -60.212727 444.580017
v -223.080307 -62.620758 449.291260
v -224.679138 -67.880234 456.581879
v -228.299210 -71.114433 464.789703
v -231.927673 -75.080193 470.227448
v -235.265900 -79.788925 474.846161
v -162.295517 -37.688099 315.941315
v -164.145203 -38.951817 317.555206
v -210.240265 -56.248085 417.370453
v -214.767380 -57.663986 423.555176
v -217.500793 -57.945415 429.393768
v -222.995453 -59.206383 432.537140
v -225.746658 -58.124187 440.334290
v -227.254730 -64.022362 446.008087
v -231.049286 -68.315598 454.553589
v -234.305405 -72.596497 461.791626
v -236.999176 -80.577423 466.181824
v -238.699295 -83.579964 472.434875
v -164.550461 -36.670948 316.017426
v -165.120773 -36.934521 317.747375
v -220.980026 -49.326672 411.284210
v -220.813171 -50.920063 414.296631
v -224.062332 -52.271584 422.212341
v -227.401337 -55.215054 429.617035
v -231.892120 -59.468697 435.551575
v -233.615753 -60.909115 443.973083
v -236.617523 -67.121552 452.009735
v -239.513870 -72.088394 458.998749
v -241.574097 -78.695740 463.084625
v -177.912476 -37.615440 327.267761
v -179.822540 -39.699123 329.851685
v -221.281036 -46.856697 408.900482
v -224.232147 -50.052708 414.610229
v -228.836456 -51.079281 424.624939
v -234.692383 -52.110523 429.140900
v -237.983154 -54.228889 435.064697
v -240.444946 -57.297993 442.647339
v -243.319794 -63.984936 450.463379
v -245.538940 -69.924545 456.825806
v -246.637039 -77.031471 460.577057
v -179.413239 -37.498089 329.117279
v -180.419373 -37.113426 329.712952
v -191.996933 -40.281906 342.170715
v -195.057373 -43.151382 347.588562
v -198.732971 -43.382305 354.262390
v -203.275436 -43.719040 361.828491
v -207.966721 -43.573895 369.602142
v -212.780060 -42.677933 376.985718
v -217.825180 -42.462273 384.890930
v -222.581772 -42.709091 393.000793
v -226.828949 -43.821674 400.785614
v -231.603302 -44.595318 409.999847
v -237.076736 -44.409573 419.091461
v -240.694931 -47.492435 425.298004
v -242.139038 -51.527420 433.664520
v -247.150726 -54.785767 441.492188
v -250.612442 -59.834454 449.406921
v -251.397598 -67.781303 454.633667
v -252.847748 -76.532402 459.856354
v -196.755875 -44.788845 341.372711
v -197.155151 -44.660988 344.742889
v -200.098221 -46.286091 350.028503
v -204.322449 -46.931515 357.357880
v -210.096970 -46.392773 364.067749
v -213.348328 -45.024727 371.246277
v -218.141602 -44.181171 378.985626
v -222.874527 -43.780869 386.619568
v -226.890594 -42.993320 395.680695
v -231.851807 -43.108116 403.795471
v -240.025024 -44.666641 410.693726
v -244.400879 -44.222549 418.751160
v -246.690628 -45.610344 424.771393
v -248.171936 -49.827023 432.256012
v -253.389664 -53.199986 439.829620
v -258.446991 -56.018330 448.499084
v -260.328186 -61.753880 454.841309
v -263.736023 -67.959351 458.673981
v -202.546387 -44.048550 341.124542
v -206.784088 -42.893433 343.934662
v -216.678680 -45.592377 368.187714
v -218.592178 -46.401142 372.943542
v -223.481766 -45.457253 380.914001
v -227.640457 -44.697483 386.609344
v -232.426407 -44.575344 393.120941
v -236.671021 -47.460453 396.145111
v -244.527405 -47.966656 413.536621
v -250.049728 -45.746990 416.615051
v -251.339310 -47.077873 424.376740
v -255.356384 -49.734840 431.606262
v -260.478455 -51.821098 439.166809
v -265.499084 -54.176479 446.885773
v -268.601288 -58.799721 453.602325
v -266.355957 -63.829105 458.056915
v -209.260452 -47.516422 341.830231
v -205.904709 -43.690155 343.188293
v -235.869675 -47.562931 384.090363
v -235.850922 -47.931992 386.459198
v -239.857727 -46.936890 393.147797
v -240.418289 -46.379879 397.321136
v -253.202026 -52.232868 418.266022
v -254.688782 -49.485695 421.136475
v -259.283295 -51.358540 428.831879
v -267.020477 -54.117020 436.272125
v -271.491364 -55.313190 444.577698
v -270.926239 -58.407532 450.890594
v -214.951385 -47.418312 341.743896
v -211.804337 -42.519619 342.649689
v -237.881012 -45.183929 376.974762
v -236.075302 -48.114403 379.569061
v -237.083893 -49.834766 383.045563
v -272.549805 -64.574829 438.203522
v -272.234436 -55.458961 441.921417
v -218.738861 -45.256180 341.998413
v -221.397141 -43.282303 346.761017
v -225.636673 -43.483833 353.027252
v -230.696548 -44.948643 360.649231
v -235.088135 -45.688274 367.802582
v -236.258545 -46.514248 372.811554
v -239.324966 -48.395123 376.580658
v -156.277512 -68.151543 432.130096
v -155.021454 -68.089851 435.539886
v -157.188690 -67.588913 441.019836
v -161.408859 -69.748085 447.015839
v -161.446136 -67.355804 431.376740
v -167.956970 -67.236481 452.971069
v -173.278305 -70.436462 459.104492
v -178.175385 -72.531189 464.451447
v -181.512527 -76.494896 469.649628
v -169.121811 -66.765610 427.915619
v -166.066681 -66.589455 429.921570
v -183.345627 -77.421364 468.705963
v -188.406845 -74.594452 471.093079
v -173.665405 -67.536690 428.499542
v -196.330307 -74.911766 474.068604
v -180.735901 -69.010086 430.915253
v -203.925522 -76.315948 475.286560
v -187.190811 -68.612740 434.458649
v -192.401230 -73.304550 437.004974
v -210.663818 -77.695869 476.249329
v -196.688065 -71.705650 433.960846
v -195.201691 -71.851242 436.622192
v -217.186844 -79.765144 477.096649
v -200.533844 -71.583374 431.925903
v -223.813263 -81.986298 477.874451
v -206.509354 -71.304314 429.645844
v -230.145737 -83.908981 477.602325
v -211.063339 -68.142090 429.113373
v -215.254669 -73.072845 429.796692
v -236.244568 -86.719604 476.480042
v -221.592789 -76.660515 424.432495
v -218.070496 -70.768219 428.330750
v -240.570404 -88.515709 469.418671
v -239.623810 -88.233261 473.948364
v -225.658936 -84.025185 422.275879
v -223.340317 -69.147888 428.001709
v -227.553864 -72.304726 431.578583
v -242.618423 -87.768074 465.085236
v -232.371735 -62.343975 428.370422
v -230.779816 -65.817871 431.571320
v -253.512161 -89.572472 459.907104
v -246.250595 -86.284134 459.030853
v -235.369965 -58.822220 425.357452
v -251.197327 -80.438896 455.010193
v -252.039856 -83.827995 457.134827
v -196.903778 -47.089001 340.825134
v -200.121521 -49.699810 345.916046
v -203.742279 -50.542088 351.992249
v -207.505112 -50.664158 358.453949
v -210.871460 -49.353558 361.802063
v -239.276321 -47.331684 414.824097
v -243.356293 -50.944023 418.090912
v -239.677353 -54.593307 422.638000
v -259.105499 -70.192406 458.360474
v -258.713898 -76.725189 456.554199
v -203.042709 -51.293331 342.418091
v -204.771606 -53.963310 347.063965
v -209.050766 -54.743130 353.512238
v -212.216095 -54.225174 359.581940
v -215.780441 -50.107956 365.600739
v -220.595398 -49.969532 373.691132
v -225.620697 -50.482792 379.403534
v -229.264038 -47.889984 386.047546
v -233.944580 -48.918465 391.341522
v -233.731750 -51.749878 393.128265
v -247.436569 -49.080658 411.621216
v -248.191757 -51.488663 416.165131
v -270.616211 -65.041069 458.001953
v -269.490417 -71.950485 458.394684
v -207.816177 -51.836979 341.543274
v -231.309875 -54.899521 377.388550
v -230.803329 -51.799076 380.113525
v -234.931351 -49.826588 386.076019
v -238.075150 -50.302536 392.735535
v -236.086288 -50.908691 394.808868
v -251.274017 -54.690147 413.456177
v -254.486298 -50.059696 416.281067
v -260.426117 -54.741718 423.128937
v -264.850922 -55.472832 432.409210
v -265.695160 -64.931778 434.589203
v -274.033966 -61.466949 450.597107
v -275.175140 -66.033073 452.251862
v -272.076691 -70.090927 457.174011
v -215.464828 -54.601418 338.724396
v -211.514816 -51.679016 340.572632
v -235.157730 -54.239510 377.833282
v -236.377792 -50.942474 380.224152
v -235.259735 -50.173100 384.127350
v -265.262756 -64.010284 425.080200
v -265.985809 -58.575653 428.311371
v -271.258972 -59.221577 435.687408
v -275.952271 -61.264175 444.115753
v -275.716003 -66.673157 449.836578
v -221.844467 -53.788731 338.088745
v -218.083237 -50.961292 342.198151
v -221.462036 -50.951744 347.271820
v -227.021530 -51.259621 355.923492
v -231.768250 -51.714310 363.137360
v -235.946381 -51.803322 369.589355
v -237.371368 -52.169083 374.874756
v -238.112579 -49.315380 378.080963
v -150.622528 -76.162163 429.878571
v -149.654633 -75.525352 434.374084
v -152.248749 -76.226860 441.684967
v -154.682526 -79.184830 447.180328
v -156.129349 -75.362083 425.900848
v -154.924103 -73.159622 429.689392
v -152.542328 -71.699188 435.137329
v -155.096252 -71.860176 441.897552
v -161.833633 -73.688835 450.243408
v -165.432495 -80.444969 455.315033
v -163.283234 -76.395508 425.512329
v -159.591141 -72.298676 429.130096
v -164.529282 -74.997925 431.766449
v -167.604477 -73.084076 454.105225
v -170.412140 -74.550575 457.094879
v -177.977829 -78.803398 463.985596
v -168.055237 -69.366791 428.467773
v -168.432205 -72.908241 431.386047
v -168.235397 -74.139107 432.088928
v -183.480133 -77.592545 467.828522
v -189.931671 -82.102364 472.207458
v -172.405548 -70.873489 428.970123
v -177.048080 -75.656593 432.012878
v -196.423996 -81.414818 474.420166
v -179.740295 -72.114822 431.198517
v -184.566391 -77.391312 433.421570
v -204.282120 -83.769119 475.216156
v -186.494339 -73.044868 434.149658
v -191.822433 -78.364998 435.970154
v -211.259933 -85.690353 476.588226
v -197.033493 -77.624634 435.744293
v -197.867142 -78.935890 436.421356
v -217.782181 -88.055031 477.346069
v -200.388763 -76.412857 432.911041
v -205.612549 -80.485603 433.874939
v -224.911865 -90.573433 478.287262
v -206.529160 -76.058479 431.482330
v -211.247787 -80.609016 432.270416
v -231.523651 -93.027832 478.523956
v -211.773102 -74.325912 430.452118
v -215.504700 -80.364067 431.297089
v -237.366150 -94.960869 477.548218
v -220.358566 -78.690376 425.860229
v -219.915024 -80.004379 428.462860
v -244.979767 -95.884186 473.525269
v -242.251343 -97.573639 474.891907
v -219.891907 -76.334274 424.607208
v -224.050415 -78.477470 429.293213
v -227.075958 -81.884819 430.818146
v -244.779358 -94.781975 468.333252
v -248.229782 -98.488304 473.612518
v -234.475510 -73.548340 430.495300
v -231.953003 -76.914230 429.956421
v -251.121887 -91.701866 461.407898
v -247.576019 -93.446114 462.327789
v -253.345291 -98.776909 470.572021
v -233.758545 -71.147560 424.701080
v -238.280838 -81.415161 429.375427
v -252.475937 -88.282310 459.647522
v -251.838058 -90.914124 459.241150
v -258.353516 -96.463882 467.318970
v -241.004486 -62.259247 417.981506
v -237.414948 -65.780411 421.530609
v -261.171082 -85.691536 460.614349
v -264.771301 -93.243195 465.952087
v -205.999130 -56.122387 342.737579
v -208.354599 -58.616886 347.837341
v -212.204361 -59.106026 354.128571
v -215.451141 -57.728405 360.487183
v -218.936310 -55.992657 367.677246
v -223.192780 -54.980385 374.483002
v -224.379913 -54.840664 376.592834
v -245.140808 -60.096565 405.498901
v -247.063660 -57.718269 411.366821
v -243.416626 -59.435249 414.157898
v -268.524078 -83.054123 458.385040
v -270.578735 -91.469566 465.588287
v -210.088959 -60.690208 337.767242
v -208.447952 -59.171364 341.507996
v -211.906189 -61.978119 347.279755
v -215.632690 -62.463112 354.032898
v -219.497726 -61.472004 361.595001
v -224.659363 -60.141609 370.060303
v -227.479507 -56.886745 375.342285
v -226.759537 -53.255405 378.278961
v -249.941422 -61.361328 403.764313
v -252.426529 -55.186447 410.296082
v -257.629059 -57.675354 418.338715
v -258.174652 -64.973167 421.186981
v -276.600555 -73.208740 457.334259
v -276.796814 -78.999123 457.382904
v -211.679138 -57.679333 338.365906
v -210.005081 -56.163757 339.667786
v -232.777222 -60.120617 373.253723
v -232.807037 -57.633461 375.460205
v -256.212677 -72.155640 404.453796
v -254.218536 -61.126453 406.169403
v -258.792847 -60.760021 414.204254
v -263.954681 -60.955479 421.745453
v -268.896484 -64.219833 430.265991
v -273.061920 -67.036583 438.192078
v -277.237396 -71.180336 446.562195
v -279.525177 -73.949944 451.732422
v -279.622650 -80.305763 457.105103
v -215.343704 -56.505054 338.424744
v -218.011810 -56.946159 342.251190
v -222.941147 -57.836327 350.682495
v -228.425705 -57.854729 358.397247
v -232.775940 -57.439022 365.426880
v -234.181335 -57.751919 370.552216
v -235.262817 -54.562218 373.727600
v -147.921432 -82.244621 423.908478
v -146.972198 -80.799019 427.195007
v -147.294830 -79.945992 434.105438
v -153.402664 -81.139526 440.926910
v -154.726013 -83.500488 446.543793
v -152.425949 -80.150101 423.756531
v -148.551971 -77.429802 425.945648
v -156.477112 -85.158051 446.021698
v -161.537048 -82.191597 450.481262
v -165.528259 -85.944878 455.423920
v -156.521912 -77.200470 425.092987
v -162.373001 -79.273003 430.114716
v -168.491684 -84.026070 431.834381
v -167.610947 -87.079002 454.820709
v -170.207489 -82.523849 456.392395
v -177.686859 -86.523651 465.056152
v -168.421158 -78.353424 432.491730
v -164.675812 -75.901924 432.519836
v -185.196564 -85.509247 465.894684
v -189.224609 -90.063095 471.517761
v -176.307999 -81.420189 428.949554
v -173.745590 -79.236343 432.118561
v -191.914658 -92.875763 470.827728
v -196.991287 -90.352448 472.124786
v -181.045639 -85.922737 428.988922
v -181.851730 -81.158417 432.446594
v -204.615128 -90.756004 475.765167
v -189.622772 -83.333061 434.371063
v -211.987244 -93.522911 477.065430
v -198.797043 -88.366623 429.948578
v -196.385941 -85.396072 434.017517
v -218.886124 -96.084152 478.015137
v -204.381470 -88.666939 429.375763
v -201.783722 -83.636528 433.286926
v -226.214752 -98.861382 479.055481
v -210.251602 -89.393959 429.181366
v -208.476135 -84.525711 432.342133
v -233.051117 -101.211800 479.825134
v -217.181961 -94.562332 428.757507
v -217.301834 -89.463669 432.785431
v -239.170578 -102.565079 479.598785
v -220.252335 -87.678421 430.992950
v -244.842163 -103.621635 478.466492
v -227.551651 -89.630020 430.389099
v -232.118607 -98.160072 430.439026
v -250.302628 -104.046318 476.754456
v -232.850983 -87.320053 428.410217
v -229.522003 -84.473091 430.685974
v -255.600082 -104.356400 474.080322
v -235.787415 -81.471596 426.191559
v -234.022415 -83.323219 429.483093
v -260.641144 -102.584320 470.699890
v -240.873199 -73.679420 412.212891
v -239.803711 -72.539757 417.011444
v -237.694031 -75.986519 422.011261
v -266.248444 -99.296539 468.107697
v -199.177200 -67.830833 326.919952
v -200.952927 -67.716599 331.772614
v -204.619492 -69.066498 337.986389
v -207.179520 -71.408455 341.222229
v -244.124222 -64.756302 404.324463
v -244.756882 -67.311440 410.622223
v -240.628723 -66.345337 413.986145
v -274.944641 -92.749641 464.694366
v -272.665253 -98.120316 465.941559
v -204.174789 -65.944710 329.159637
v -205.025711 -64.159050 335.027161
v -207.559052 -64.677979 339.978912
v -211.419174 -66.617043 346.919403
v -216.765442 -66.564812 353.520966
v -220.652863 -66.283066 362.179840
v -227.091827 -64.834984 367.270477
v -247.395142 -63.923916 401.732849
v -277.592285 -89.999443 458.952759
v -279.141052 -96.229568 465.459534
v -207.790482 -64.043098 327.016968
v -206.901733 -64.197044 330.289825
v -208.382935 -62.537525 334.803497
v -229.196686 -66.816277 365.887878
v -229.807068 -64.159050 369.238159
v -252.837326 -63.515953 402.827484
v -256.854858 -64.771439 407.483398
v -260.841492 -67.178444 415.438110
v -265.206848 -70.541367 423.564514
v -269.182617 -74.495377 431.400238
v -273.513062 -78.345467 439.451050
v -277.589935 -81.273659 447.936493
v -281.001831 -83.898071 454.292755
v -282.013458 -86.237625 458.665894
v -214.221390 -61.419777 328.739258
v -211.621353 -64.631508 331.067963
v -214.935623 -62.329590 338.390930
v -221.393845 -62.348728 346.674194
v -226.254913 -64.436272 355.375763
v -230.187180 -63.738380 360.952240
v -230.983139 -63.835300 365.643646
v -233.897339 -60.757195 368.789185
v -224.960831 -60.835781 334.858490
v -217.759644 -63.803020 336.283142
v -222.781082 -64.669655 343.807190
v -228.810577 -65.243904 350.017609
v -140.571930 -90.323181 422.808075
v -139.311630 -91.269501 426.776581
v -141.203415 -92.613197 434.146301
v -143.178467 -96.200523 439.395447
v -144.734833 -87.235077 421.649567
v -143.118759 -84.882652 426.990509
v -144.822830 -85.774498 433.902588
v -150.680222 -88.101532 440.977203
v -153.110779 -96.010880 446.135620
v -151.741730 -88.463364 419.485931
v -148.815125 -86.880630 420.397369
v -155.376968 -85.349205 445.388489
v -159.506302 -89.152924 447.490723
v -158.802261 -87.313484 419.963654
v -155.339279 -85.591782 422.367035
v -159.655807 -87.608368 425.337860
v -166.401566 -88.110764 452.733948
v -173.330429 -92.110397 457.035187
v -177.115143 -93.640656 464.592102
v -168.280777 -88.636925 428.613556
v -164.740158 -85.019516 429.166962
v -179.641403 -95.940422 464.155762
v -183.761734 -93.963203 464.245361
v -189.716248 -100.749016 473.424042
v -172.441345 -85.181107 427.797150
v -173.854507 -86.741379 430.349670
v -190.922058 -91.586983 470.548889
v -195.354980 -95.874557 472.724365
v -176.813248 -83.688484 428.928497
v -181.095657 -88.593353 431.530853
v -204.544434 -98.132957 476.098907
v -187.889389 -89.717995 432.415375
v -212.580170 -101.266205 477.500610
v -197.014725 -94.337250 430.586914
v -192.774368 -91.936905 431.641937
v -219.932434 -103.981743 478.791992
v -201.331329 -93.973267 429.353119
v -204.737015 -99.264648 431.645691
v -227.061996 -106.400604 479.886414
v -207.065155 -92.992767 429.586090
v -210.241882 -98.661545 432.312195
v -234.330551 -108.183647 481.101471
v -212.298965 -92.340057 430.082153
v -215.592300 -97.693657 432.383728
v -241.280869 -109.921188 481.166992
v -221.184341 -96.661850 432.123993
v -247.349121 -110.842857 480.092865
v -226.349030 -95.882309 429.592590
v -252.743668 -111.097618 478.668549
v -231.502701 -93.819656 427.571136
v -257.481079 -110.388206 476.133514
v -237.374527 -90.159515 418.518280
v -234.459702 -89.772331 423.528595
v -262.463806 -108.948586 473.031494
v -189.300598 -74.457741 312.206543
v -188.659119 -72.900085 315.388977
v -190.384338 -74.711952 318.642120
v -239.339539 -79.864998 410.827545
v -239.447983 -82.902061 417.264130
v -236.223419 -83.864998 421.134796
v -268.010803 -106.723412 470.178192
v -197.699646 -72.055992 313.290161
v -191.278992 -72.192268 314.994110
v -194.857895 -72.303444 322.606323
v -199.645081 -70.692780 329.384735
v -203.502518 -72.664673 336.134338
v -208.138138 -72.883751 340.281036
v -238.815903 -74.625656 393.785431
v -243.252274 -73.242805 401.474945
v -241.063705 -76.240143 406.134155
v -279.606476 -105.618858 464.420074
v -272.347137 -105.488388 464.621826
v -199.287704 -69.294502 316.824524
v -200.228088 -69.816826 319.781464
v -199.911575 -71.512321 324.302795
v -202.866714 -73.389343 329.148834
v -206.963882 -74.595436 335.907410
v -212.616241 -73.803185 344.340088
v -218.667572 -71.570961 353.282227
v -223.206573 -71.155632 357.336182
v -245.700836 -71.249260 393.792908
v -244.477859 -67.906517 398.980194
v -281.978943 -102.785278 457.609589
v -280.012817 -102.739288 459.221863
v -281.772247 -102.437943 467.898041
v -203.913895 -67.987389 318.940643
v -202.474823 -66.732330 322.334076
v -202.419525 -66.707123 324.645447
v -222.164169 -74.481422 347.001801
v -222.230057 -74.625000 353.213684
v -225.087387 -70.820717 360.360352
v -251.121536 -77.780891 395.688843
v -252.700958 -70.103355 399.321869
v -256.821777 -71.783257 407.028381
v -261.031952 -76.709488 415.060944
v -266.271820 -81.014336 424.207672
v -270.735291 -84.984398 432.577454
v -274.724030 -88.775574 441.175262
v -278.088257 -91.112991 449.499725
v -282.360077 -96.148598 454.401062
v -283.895203 -95.275131 460.112030
v -208.757584 -65.518387 321.518921
v -210.542923 -67.466995 322.216492
v -216.164124 -62.310734 332.115112
v -231.344162 -67.337265 356.492584
v -231.574036 -69.238487 361.366455
v -232.156601 -68.723030 363.451385
v -218.382187 -63.916622 328.898010
v -214.678253 -66.934204 330.811890
v -221.977783 -67.731743 338.996521
v -228.517426 -69.588371 347.095367
v -230.622482 -70.239555 354.894135
v -234.710541 -69.977478 356.410492
v -136.614716 -96.890106 421.730927
v -135.577362 -98.776352 426.661194
v -137.807938 -101.227844 433.606750
v -141.466660 -103.283318 439.213623
v -143.557480 -97.224174 416.006561
v -140.727798 -94.675346 417.631989
v -149.420074 -98.723198 441.442230
v -153.582184 -102.412170 445.390747
v -147.474457 -93.604568 417.134827
v -144.975967 -90.906151 418.762207
v -155.393433 -104.900749 444.582916
v -159.459442 -100.172867 447.058716
v -155.335236 -93.577843 419.367554
v -157.348785 -91.870621 423.786011
v -164.824844 -105.387856 425.725494
v -166.203247 -96.784119 453.003906
v -173.466568 -102.916763 458.964539
v -163.429062 -94.453117 420.529755
v -162.820572 -94.872459 424.444092
v -160.040817 -90.005463 426.166901
v -179.273880 -99.214882 463.381836
v -186.176819 -104.844070 467.180054
v -189.961288 -107.694572 473.911377
v -171.135330 -94.544418 427.282928
v -175.762894 -90.374130 427.984497
v -192.260803 -109.756226 472.375092
v -195.707916 -107.672546 473.511780
v -179.131897 -100.913261 427.350677
v -176.670517 -92.938087 429.053009
v -204.435181 -106.235580 476.690826
v -186.064392 -103.696152 428.181488
v -183.387650 -95.862457 429.008423
v -212.714996 -108.880272 478.361633
v -193.673599 -102.095924 429.883881
v -188.449295 -96.155136 430.373474
v -220.318176 -111.068474 479.679993
v -202.141876 -103.807632 431.184509
v -205.743607 -102.691231 430.298798
v -227.522125 -112.729530 480.918549
v -209.731750 -107.191780 429.595428
v -209.534805 -106.356773 433.852295
v -235.214600 -114.581512 482.224762
v -215.261871 -105.840622 434.098969
v -243.046600 -116.576019 482.803131
v -220.728149 -106.063431 431.842377
v -249.751144 -117.983673 482.011566
v -226.473724 -105.281876 429.705139
v -255.495789 -118.419769 480.638885
v -233.329010 -103.626617 419.843262
v -230.080338 -103.475746 425.190430
v -260.446716 -118.018440 478.517487
v -184.085724 -79.381073 310.084045
v -183.307449 -78.772682 313.284515
v -185.895523 -80.723709 317.203094
v -235.652344 -97.946953 418.283142
v -232.654968 -97.061775 422.123932
v -265.391785 -116.695717 475.847321
v -186.495117 -75.916107 310.266998
v -185.464294 -75.226051 313.867920
v -189.464493 -77.191383 319.612854
v -195.362488 -80.032242 325.378632
v -198.615631 -83.400475 329.998291
v -239.201233 -89.927780 409.159882
v -236.978485 -93.253441 413.148315
v -270.578735 -114.841202 473.008118
v -191.249786 -75.106750 311.153687
v -193.889526 -74.084358 316.843109
v -194.997833 -75.677071 321.380280
v -198.318695 -77.500122 326.023865
v -201.737915 -80.464516 330.945007
v -238.753860 -81.374725 391.794464
v -240.435089 -84.144981 397.768250
v -240.017029 -86.450722 403.651917
v -278.913513 -110.357132 467.959747
v -275.837402 -115.241249 468.925018
v -196.564941 -73.644043 312.653870
v -196.391418 -72.854774 316.603149
v -199.006668 -74.313156 322.359924
v -202.015289 -76.044807 328.006989
v -206.848495 -77.656815 335.221252
v -213.163284 -77.493668 343.039825
v -217.730331 -77.537895 348.694427
v -219.926086 -78.694786 350.828979
v -239.028397 -79.165634 382.424957
v -240.871780 -77.055702 387.049866
v -281.690063 -105.415703 460.606415
v -281.083038 -113.836121 462.346161
v -283.169556 -115.479393 469.228607
v -201.388565 -71.393806 314.289520
v -218.714249 -74.876740 345.905518
v -221.979523 -74.998741 352.616302
v -225.174225 -74.507904 357.654358
v -230.556747 -76.437042 359.755188
v -245.307739 -84.368889 383.837830
v -246.146790 -76.376495 388.551208
v -253.121796 -76.005501 398.315399
v -257.108734 -81.702408 406.542938
v -262.593719 -86.698334 415.593048
v -267.038086 -91.093452 424.770691
v -271.573151 -95.009819 433.526581
v -275.876190 -98.868362 442.829498
v -279.525116 -101.261757 450.673706
v -282.849335 -107.053055 456.257233
v -285.088928 -113.029022 461.377838
v -206.773697 -71.766060 311.682556
v -206.411011 -70.948814 315.249847
v -210.484741 -66.364441 324.561676
v -233.296692 -72.898964 359.641541
v -231.981461 -72.817284 361.460876
v -233.448547 -74.706841 361.025452
v -218.404388 -67.138680 311.821838
v -211.060211 -70.997581 314.924988
v -212.938919 -70.881920 322.745270
v -218.484192 -70.612808 331.295898
v -225.057251 -72.921928 339.535126
v -230.473404 -74.066414 347.394623
v -234.126877 -73.903755 353.624451
v -234.765274 -73.437584 357.807831
v -134.542694 -105.498497 421.218506
v -134.197998 -107.649979 426.255585
v -136.618835 -109.655663 433.546570
v -140.543930 -112.136848 442.021423
v -143.170303 -122.332222 446.663696
v -140.112289 -103.016838 412.917847
v -137.212891 -103.182358 416.899109
v -147.460876 -107.105698 443.822693
v -148.311646 -114.666725 447.444397
v -144.703323 -104.668167 408.779419
v -142.900192 -100.451263 411.324890
v -153.238602 -104.347488 444.506317
v -156.652206 -108.927437 448.294128
v -150.938782 -105.594780 408.378693
v -150.875717 -101.461708 413.684662
v -165.031326 -106.520927 453.411285
v -172.827530 -112.079163 460.257660
v -159.803268 -101.919060 419.338257
v -165.261810 -99.433121 420.954285
v -179.651901 -108.043900 464.473297
v -186.631668 -112.269066 469.993958
v -189.529617 -118.446098 477.357513
v -167.141983 -106.986732 418.449890
v -166.423050 -103.630081 422.256897
v -189.724899 -109.309799 471.857178
v -196.715530 -114.574326 476.391937
v -174.211639 -106.055885 424.346710
v -204.597870 -114.460304 478.192413
v -183.164413 -116.896263 423.046906
v -180.802841 -110.553986 424.614105
v -212.478561 -116.237999 479.121582
v -188.670074 -115.753632 422.912445
v -186.700317 -109.854660 425.730194
v -219.826004 -117.649063 480.523651
v -196.803238 -116.826050 424.659027
v -194.905914 -110.635323 428.265045
v -227.372528 -119.037086 481.890747
v -204.901215 -117.469742 424.857819
v -205.915848 -112.816452 430.333435
v -211.868271 -111.892212 429.912933
v -235.969879 -121.034393 483.408264
v -214.562241 -120.110847 422.128906
v -213.405045 -119.219383 428.942902
v -212.047119 -111.687401 433.649689
v -244.149017 -123.012344 484.277100
v -222.271622 -117.824326 429.291992
v -218.710571 -112.414780 432.219788
v -251.684845 -124.654030 484.240234
v -228.354904 -116.209702 425.673126
v -224.015137 -112.286118 428.959290
v -257.994171 -125.445114 482.655121
v -231.919006 -110.711922 420.944153
v -228.603394 -109.363747 425.528564
v -263.366730 -125.539398 480.752930
v -182.254944 -83.556030 305.176483
v -181.381271 -82.122719 308.816467
v -182.829590 -84.122948 313.539185
v -188.418518 -86.556343 320.312439
v -192.924637 -91.461792 326.103729
v -233.500946 -109.675781 401.899689
v -234.278595 -110.093483 408.593384
v -234.469254 -107.418381 414.539856
v -268.079315 -125.084946 478.367920
v -184.950394 -81.604630 304.560669
v -183.634796 -79.980934 307.309540
v -189.045303 -81.266075 319.808563
v -195.446014 -86.580040 326.949982
v -201.076599 -91.892365 332.542145
v -234.857635 -103.587662 391.503143
v -236.767380 -104.847168 399.397064
v -237.935226 -100.760971 407.067596
v -236.192963 -101.767715 410.623810
v -273.614227 -123.950806 475.657318
v -189.937561 -80.871620 305.373108
v -188.787537 -79.086273 307.698608
v -204.841370 -86.425598 334.633881
v -208.241318 -88.906067 338.774292
v -211.186646 -91.478065 343.222015
v -227.962738 -92.618713 371.963806
v -231.734100 -94.481720 378.094727
v -238.181900 -94.742935 389.677216
v -237.791290 -93.935379 396.112152
v -239.305771 -95.973511 401.342865
v -275.754883 -123.714676 461.302734
v -277.714111 -121.688660 467.091797
v -277.767548 -123.904022 469.736603
v -194.939880 -79.414139 306.312561
v -193.636551 -77.666000 308.542297
v -206.588440 -80.430717 334.638367
v -210.549713 -81.825081 339.621368
v -213.550064 -82.960266 345.364532
v -219.944733 -82.225990 352.011658
v -223.948196 -84.037628 357.440918
v -226.703110 -85.154976 361.940735
v -231.321777 -85.905174 368.750214
v -235.549057 -83.248184 377.517578
v -234.347549 -86.008949 382.678101
v -278.467010 -119.968254 453.159912
v -279.513947 -121.177513 459.492432
v -282.581879 -121.772255 464.691071
v -284.065613 -120.657127 471.638824
v -200.047424 -77.391129 307.471558
v -198.719116 -75.684639 310.270447
v -225.027542 -77.663315 355.292999
v -229.871048 -77.919312 360.798706
v -232.201965 -79.595215 363.812042
v -235.262390 -80.846344 368.305298
v -241.123199 -81.046806 378.205872
v -249.487549 -80.989159 389.523224
v -253.870758 -86.091660 398.322418
v -261.240967 -93.865387 407.833221
v -262.791321 -97.297798 415.683746
v -267.548340 -101.048515 424.604950
v -271.796265 -104.006256 433.132507
v -276.585266 -107.363106 443.155853
v -280.889008 -115.214874 452.894318
v -285.206299 -115.334076 460.477448
v -286.867523 -120.524734 465.062958
v -205.018799 -75.454140 308.841095
v -201.539307 -73.543144 311.815887
v -235.057358 -75.531143 358.379944
v -236.742691 -76.338043 362.489868
v -236.875519 -76.492279 364.409790
v -238.748657 -78.901871 366.408936
v -238.942810 -80.875221 368.452545
v -243.136902 -82.612411 374.358704
v -248.432816 -85.081451 383.398468
v -252.712448 -89.619987 391.920563
v -257.055176 -95.730347 398.936462
v -209.016296 -73.236435 310.043732
v -212.443329 -74.041893 315.503571
v -216.212723 -74.324532 322.889923
v -221.034683 -75.773125 330.253937
v -225.715775 -77.349152 337.822021
v -229.901779 -77.909134 345.145233
v -233.438614 -77.624153 351.640381
v -234.376938 -77.422165 356.311310
v -238.203079 -78.621780 360.358429
v -240.861130 -78.791519 363.861450
v -242.387604 -79.004196 366.145416
v -134.358505 -115.455338 421.630829
v -134.883545 -112.766434 425.966705
v -137.845993 -115.322006 433.995270
v -139.664841 -119.099792 441.439117
v -142.411896 -125.466187 445.198212
v -136.459106 -111.662971 403.987213
v -136.449142 -109.668907 410.371948
v -137.553253 -112.264481 419.368530
v -139.236954 -115.658073 425.808289
v -141.819717 -118.474136 434.001221
v -146.530151 -121.625977 443.024597
v -147.159393 -120.655968 447.740723
v -140.437393 -107.715485 404.921600
v -137.463440 -106.640396 407.665070
v -154.209183 -121.333092 445.127136
v -154.826630 -117.781967 448.383423
v -148.434082 -107.470337 407.219727
v -153.540100 -109.072716 409.464539
v -161.111938 -121.803833 447.018219
v -163.837158 -116.029037 451.522888
v -171.023621 -120.004227 461.162659
v -154.231888 -113.467506 407.727570
v -153.183197 -107.840401 412.821289
v -178.698654 -116.509506 466.918304
v -184.535126 -121.756554 471.337982
v -190.237701 -124.803352 477.207520
v -161.303024 -116.183266 407.839691
v -163.616776 -115.233185 415.860107
v -168.317520 -111.444283 417.715302
v -191.617767 -125.355042 475.574036
v -195.395035 -123.966743 477.601318
v -171.056763 -118.732780 416.665894
v -169.264221 -111.492485 419.882202
v -204.808609 -122.979172 480.276093
v -178.682770 -120.467346 419.122406
v -174.898758 -114.432938 421.969055
v -212.108719 -124.233795 480.269592
v -183.762909 -122.028488 419.017395
v -219.139084 -125.012444 481.262726
v -191.899857 -122.998390 420.119476
v -227.538376 -126.114410 482.518341
v -200.721710 -124.097755 421.662445
v -236.200470 -127.690247 483.857849
v -208.077637 -122.373055 423.863434
v -213.513412 -126.990181 426.183441
v -244.824982 -129.485214 485.099030
v -220.412643 -124.889915 428.212769
v -252.668915 -131.229919 485.551666
v -179.110123 -95.370987 314.132538
v -180.202530 -97.742744 319.504395
v -184.556793 -101.393242 325.579712
v -227.778198 -123.665276 425.951599
v -259.291748 -132.377472 484.576294
v -182.836075 -91.222977 314.697113
v -181.294739 -95.876259 316.865906
v -185.073395 -98.818115 322.943817
v -236.459579 -125.827850 416.186523
v -232.241043 -121.752205 420.968292
v -264.901794 -132.376236 482.483429
v -180.510559 -86.813416 304.750946
v -182.132050 -88.864731 309.403717
v -185.324234 -91.756760 315.280518
v -190.058426 -95.164658 322.572479
v -196.631989 -100.700043 330.506622
v -235.083633 -119.682686 407.320007
v -235.742416 -119.772285 412.502167
v -233.887543 -117.623573 415.579956
v -270.634674 -132.130280 480.397156
v -182.703720 -85.197914 303.432587
v -198.394379 -96.681580 331.107086
v -204.013840 -101.831718 337.609680
v -207.691666 -105.824257 343.109497
v -235.135208 -115.144150 396.202148
v -234.836121 -117.475433 401.621826
v -276.347565 -132.873932 477.898254
v -187.020737 -84.101395 303.390778
v -203.745956 -92.617676 334.299744
v -208.472717 -99.360359 341.931000
v -212.563934 -101.770943 346.749268
v -229.437561 -104.535873 375.181885
v -232.609467 -108.556618 382.595612
v -234.151367 -110.535110 388.868835
v -276.206879 -126.587502 464.268829
v -277.759003 -128.048004 469.666504
v -279.168243 -131.201584 474.552704
v -191.637817 -82.486969 303.564972
v -215.063461 -91.784828 346.788239
v -219.119476 -93.175262 351.953918
v -222.614273 -94.577873 357.430969
v -226.385712 -96.241669 363.185883
v -227.924942 -99.188957 368.471893
v -277.465942 -123.105118 454.225830
v -276.206696 -124.266281 458.953735
v -196.902634 -80.576378 304.360596
v -260.813202 -104.909912 408.149811
v -264.420013 -106.862671 416.006927
v -268.716095 -111.560928 423.101562
v -270.702087 -112.508087 431.722717
v -276.565582 -115.930725 441.873596
v -277.883728 -120.230202 448.965393
v -202.752274 -79.097107 305.854919
v -241.751587 -84.224686 369.067535
v -243.620178 -86.691071 372.264557
v -247.376617 -89.612152 379.189667
v -252.176956 -95.882469 386.328979
v -255.296539 -98.984734 394.394226
v -260.393402 -103.100273 403.050659
v -262.591370 -108.481339 408.585846
v -265.641815 -114.545692 413.672119
v -208.020401 -77.261162 308.317902
v -212.120224 -78.794411 313.488159
v -216.360764 -80.249809 320.706482
v -220.591232 -81.218842 327.597992
v -224.859222 -82.413277 335.025055
v -229.028931 -83.005859 342.381409
v -233.198944 -82.996582 349.284821
v -237.029617 -83.306259 355.577087
v -240.284805 -83.741127 360.398682
v -242.669189 -83.955429 364.048187
v -243.148087 -84.737267 366.875916
v -245.695648 -89.385040 370.897034
v -248.453247 -92.842545 375.789368
v -250.392639 -96.384293 381.627991
v -135.333481 -115.715973 402.529236
v -135.692337 -117.411530 408.766052
v -138.251480 -119.151642 416.330994
v -141.405975 -120.802849 424.651459
v -143.426117 -123.943626 433.253937
v -147.389313 -127.728378 438.568665
v -135.728821 -121.830635 384.001251
v -136.414062 -116.311508 390.528595
v -137.062927 -113.094986 398.658936
v -153.481110 -123.537292 443.797516
v -143.291229 -139.910248 385.457397
v -138.395889 -117.030907 388.310425
v -142.544586 -113.744354 397.707886
v -159.659760 -121.307686 447.124359
v -166.127960 -124.183739 451.444458
v -170.551239 -127.179543 458.363922
v -152.468002 -120.841751 398.050232
v -149.640472 -115.873680 400.335388
v -171.770447 -128.910217 456.020416
v -175.448822 -127.097847 463.235016
v -183.663834 -127.934265 469.634033
v -158.242416 -121.013695 396.796173
v -159.240738 -121.609207 404.612946
v -163.433990 -119.761856 408.538757
v -185.670059 -129.080124 467.134644
v -189.726227 -127.611710 472.665314
v -197.780411 -133.437576 479.806427
v -166.838776 -125.580475 406.454437
v -164.251999 -120.480064 411.016937
v -204.689240 -132.082092 481.394226
v -173.255386 -132.048874 399.884674
v -172.755096 -128.622879 405.742615
v -172.356552 -123.726082 412.207916
v -211.615402 -132.665527 481.368896
v -178.072144 -130.800797 398.360107
v -178.608658 -129.364487 406.430389
v -178.706818 -126.697380 413.851715
v -218.946838 -133.067062 481.924866
v -186.522278 -131.890991 398.655029
v -186.348389 -130.619232 406.351349
v -186.436310 -127.995453 414.482208
v -226.995026 -133.794098 482.463257
v -195.330048 -133.703857 399.348450
v -195.814255 -132.745392 407.921143
v -195.451019 -129.780884 415.844452
v -235.791489 -134.617233 483.489319
v -208.034119 -136.035751 399.578094
v -204.769333 -136.612244 407.654999
v -207.630646 -133.064285 420.084473
v -218.050888 -136.660553 419.622040
v -244.618622 -135.501450 484.267578
v -219.460571 -136.857635 411.809662
v -218.346664 -134.970642 417.831665
v -216.954803 -130.955444 423.766785
v -252.629929 -136.687714 484.524292
v -174.470169 -96.575867 308.176117
v -176.095673 -98.926964 313.578613
v -180.169754 -102.760262 321.204987
v -185.386673 -108.818527 330.586731
v -189.124695 -111.590736 335.681213
v -228.776947 -137.102966 414.154694
v -227.188400 -134.177246 417.886383
v -225.190628 -130.882980 423.496216
v -259.149536 -137.746765 484.137878
v -177.994370 -95.208405 307.221893
v -179.060806 -98.125504 312.575470
v -185.768982 -100.563484 319.662323
v -189.421509 -105.942902 329.054382
v -194.502655 -111.448647 339.089935
v -197.259094 -113.029343 343.151337
v -234.903137 -135.731628 414.419525
v -233.432007 -131.433334 417.685913
v -232.797684 -130.711777 421.224731
v -264.758911 -138.494995 482.074310
v -180.677429 -92.483299 305.833252
v -182.866562 -94.725792 310.866364
v -186.718506 -98.098015 317.197815
v -191.547485 -102.702850 325.724518
v -198.533112 -108.435928 335.564423
v -203.192673 -113.873001 345.678772
v -205.907120 -115.943810 349.877228
v -238.961014 -136.509445 407.777618
v -237.282272 -132.708984 410.841858
v -236.807343 -129.760605 414.372528
v -271.074554 -138.249161 480.718689
v -182.859146 -90.180946 303.951477
v -199.493240 -102.973007 332.600983
v -204.294968 -108.754547 341.531372
v -210.528336 -114.962860 351.434631
v -215.508713 -118.600929 359.517914
v -219.466660 -122.318130 365.776672
v -234.599258 -131.272491 390.939056
v -235.554291 -129.171906 397.186951
v -238.694855 -130.176971 402.888489
v -237.801666 -127.023560 406.050537
v -273.727814 -139.102646 467.768524
v -275.647736 -138.971664 477.127380
v -186.459000 -88.850014 303.287537
v -211.037766 -106.419838 346.074402
v -215.706406 -111.940994 353.275482
v -221.648376 -117.230003 363.119415
v -225.981445 -119.884727 369.612488
v -229.879639 -122.311935 376.648071
v -234.699524 -121.599731 384.573212
v -233.967300 -121.029297 389.176697
v -236.801636 -122.815582 394.876801
v -276.144989 -133.680374 463.717224
v -278.091309 -137.130569 470.748993
v -278.633209 -136.593231 475.460571
v -190.295181 -86.713013 303.124115
v -192.980301 -88.706528 305.562988
v -216.757874 -101.434280 349.256317
v -219.788681 -105.602043 354.795197
v -224.067017 -107.958740 361.774017
v -228.372437 -110.701126 369.137878
v -230.609055 -113.914375 374.631470
v -270.204956 -133.916824 437.248810
v -273.964996 -131.065247 448.673431
v -275.535645 -131.032257 456.789886
v -194.889893 -84.308426 303.808868
v -198.142899 -86.560814 306.475739
v -260.348846 -124.853859 409.307892
v -265.596008 -120.458832 418.524323
v -269.155548 -121.670555 429.320953
v -274.442902 -128.406418 440.148956
v -275.381287 -129.443802 445.041901
v -200.635147 -82.659363 304.898529
v -204.412109 -85.187462 308.736664
v -208.623749 -87.907066 313.922455
v -254.010391 -106.046646 389.743347
v -256.193390 -110.053772 394.692230
v -259.393982 -112.929283 403.098419
v -264.336487 -117.616959 410.212402
v -265.792572 -118.413528 415.154846
v -206.669174 -81.414246 307.118439
v -210.752777 -83.223534 312.790314
v -214.901031 -85.496185 319.200714
v -219.117264 -87.534416 325.316162
v -223.283401 -89.077141 332.253021
v -227.410751 -90.380524 339.454254
v -232.020248 -90.959129 346.915283
v -236.576920 -91.469444 354.017914
v -240.026138 -91.940987 359.423523
v -242.558807 -92.528824 363.699982
v -244.894119 -94.402786 367.861237
v -247.500916 -97.478676 372.445068
v -250.426590 -100.408073 378.065125
v -253.252350 -103.777054 383.814148
v -254.957077 -111.473381 388.809143
v -136.994675 -126.198326 402.745239
v -137.925156 -121.912262 407.695557
v -140.633530 -123.964195 415.419556
v -143.074478 -125.792549 423.313843
v -145.544907 -130.026382 431.384521
v -148.850098 -138.944962 432.856415
v -135.059311 -122.904137 385.056183
v -138.975220 -118.596832 391.927551
v -139.340363 -120.357689 401.112549
v -142.818237 -124.247574 407.603668
v -146.023895 -126.353699 415.914825
v -151.104065 -129.103119 424.239258
v -152.210312 -131.559525 431.633453
v -153.771286 -128.828781 439.392792
v -136.595840 -118.755699 385.892273
v -142.917557 -118.349060 391.982788
v -148.013641 -127.026436 394.188324
v -156.416794 -133.821045 425.332306
v -158.370239 -127.718689 432.965118
v -160.290710 -128.855331 441.257629
v -165.800949 -130.508194 448.400269
v -150.896072 -120.215469 394.125793
v -145.166168 -117.704208 394.739410
v -170.559036 -131.252792 445.578369
v -172.482956 -130.060654 451.872040
v -177.983383 -132.907181 459.274292
v -156.881516 -123.629509 396.141968
v -160.315872 -125.164230 397.825836
v -176.719971 -134.105667 447.029541
v -180.986267 -132.211090 454.828033
v -184.574829 -130.773209 465.266510
v -191.886749 -137.327332 473.245239
v -196.185928 -145.493729 476.251587
v -163.087387 -130.442108 395.363800
v -161.011398 -126.238342 400.298920
v -203.598251 -143.404861 480.611816
v -168.813141 -135.499435 388.093750
v -168.921631 -131.675842 396.187042
v -166.285324 -129.688049 400.803558
v -210.842239 -143.252670 481.315887
v -173.120667 -134.741730 386.607910
v -171.223251 -132.142822 392.624908
v -218.703781 -143.541565 481.935272
v -180.992905 -136.052048 386.223389
v -178.166779 -133.336365 391.528625
v -214.297455 -144.397186 447.403442
v -214.380295 -142.249252 455.938324
v -218.900208 -144.329803 463.940765
v -226.546875 -143.661514 482.148926
v -187.948990 -137.772141 386.053955
v -186.176361 -135.419662 391.438416
v -217.583694 -146.500519 449.294678
v -219.315735 -143.053879 457.912567
v -224.326324 -148.450775 461.413025
v -234.946854 -143.330948 482.479401
v -201.943085 -138.128159 389.079559
v -200.066315 -142.836777 397.017731
v -210.868546 -138.984207 400.542023
v -243.783127 -142.431625 483.278168
v -211.309738 -142.580444 399.388428
v -209.553879 -138.769867 403.665222
v -251.943451 -140.897263 483.415924
v -173.321274 -99.999496 308.476074
v -175.793106 -104.113998 314.256714
v -180.088165 -109.374596 322.345276
v -184.113327 -113.277191 330.618073
v -187.583313 -117.206139 336.258209
v -222.124420 -143.895020 404.332672
v -220.261688 -139.764725 408.066040
v -258.776764 -140.362946 481.807922
v -175.017166 -97.090179 307.387939
v -178.276505 -100.220970 311.634491
v -192.391373 -114.814911 340.000671
v -196.036804 -119.011581 344.083466
v -230.362732 -144.606079 402.247437
v -228.054092 -143.084457 405.840607
v -229.136780 -140.628342 410.985199
v -264.790680 -141.521393 480.403595
v -177.548553 -96.605995 306.161102
v -178.238129 -98.575920 309.747223
v -201.971680 -118.885651 348.106384
v -204.939896 -117.989265 348.497986
v -233.426392 -141.271851 402.922028
v -234.606857 -139.046570 407.761047
v -236.411224 -141.288193 411.257294
v -269.202728 -143.867279 478.113220
v -182.609512 -95.156693 304.813904
v -206.659988 -120.831741 347.526093
v -209.313614 -121.986717 354.271790
v -214.648041 -124.127815 362.027283
v -221.303192 -128.847641 370.958099
v -225.020325 -132.023911 378.956543
v -228.572876 -134.061783 386.199738
v -232.930511 -135.146957 394.021912
v -236.085617 -137.360596 400.462524
v -237.613785 -139.827988 404.864777
v -273.055908 -141.007889 470.884216
v -273.383881 -141.981430 476.066437
v -185.614136 -93.586472 304.206390
v -188.049011 -96.499687 306.824554
v -223.937683 -125.068985 369.329224
v -226.462372 -126.845055 375.461029
v -230.053406 -129.005966 382.432373
v -233.148117 -133.101166 387.695465
v -274.416168 -138.691147 460.762573
v -273.089935 -140.264740 465.285217
v -188.998322 -91.522598 304.247009
v -192.005569 -93.942833 307.623138
v -195.487732 -96.571831 311.427643
v -267.848969 -133.826340 438.155823
v -271.384338 -134.105362 446.422302
v -273.419464 -137.326599 454.131653
v -196.452850 -90.977524 308.225983
v -200.603317 -94.129181 312.540771
v -204.980591 -97.560555 318.242889
v -254.005051 -129.386795 401.064178
v -257.801636 -125.550255 407.885742
v -261.903076 -126.672440 417.663605
v -267.484985 -129.777817 426.336060
v -268.450806 -132.704605 432.139008
v -202.251511 -89.073479 309.575714
v -206.412018 -92.083565 314.881042
v -210.820419 -95.799782 320.820465
v -215.491867 -99.134056 327.496185
v -219.961502 -102.204422 334.110901
v -254.791412 -118.758865 396.001495
v -258.822388 -122.321114 401.530212
v -258.436768 -124.744011 404.988861
v -212.706665 -90.465584 318.333252
v -217.273911 -93.530342 324.909332
v -221.739822 -95.753754 332.066284
v -226.063568 -98.117241 338.655334
v -230.525665 -99.846786 345.394012
v -235.284637 -101.132629 352.922455
v -238.997177 -101.669968 358.930359
v -241.854218 -102.559090 364.019043
v -244.412231 -104.260628 368.752899
v -246.566406 -105.827995 373.225464
v -249.873367 -108.762512 379.009216
v -253.084473 -113.159889 385.279022
v -253.500732 -116.628082 389.647705
v -140.650192 -127.867653 393.465424
v -143.292358 -124.998642 399.357574
v -146.484131 -128.289948 407.277557
v -149.133682 -130.821915 414.501923
v -151.745621 -137.015152 416.320496
v -146.176361 -124.594650 394.541962
v -147.740479 -129.328339 399.057587
v -150.910843 -132.306473 406.566803
v -153.519562 -134.034149 413.846436
v -156.845444 -132.693680 423.183044
v -160.317459 -134.922836 430.254272
v -163.457184 -136.544846 435.122894
v -150.836334 -129.819595 383.813751
v -150.770844 -124.011391 390.919769
v -167.050674 -137.397415 430.835907
v -167.562515 -134.276321 437.764984
v -152.736816 -132.401047 377.443115
v -154.472809 -128.949646 384.864868
v -152.440521 -125.919296 389.585632
v -173.194382 -141.380600 433.976257
v -174.716537 -134.504227 440.283325
v -180.686859 -137.347290 451.237305
v -188.565094 -140.003174 463.976776
v -191.816162 -147.666183 469.553192
v -197.870178 -161.416245 473.817505
v -157.722473 -132.755646 379.930298
v -158.067764 -131.139145 384.859406
v -157.639954 -129.476776 389.712280
v -191.519928 -143.164413 454.720428
v -194.729507 -146.033936 462.478210
v -197.911514 -151.231461 469.808014
v -200.382874 -151.513611 476.396332
v -162.808640 -134.642273 378.951691
v -163.438492 -132.689011 386.276550
v -161.965942 -133.373550 389.063263
v -199.325409 -147.266922 455.058258
v -202.246216 -147.130066 463.646057
v -206.197433 -150.838882 472.291260
v -209.153000 -150.979126 479.296936
v -169.100220 -136.212799 377.655182
v -167.363007 -134.597656 382.660034
v -203.300217 -145.912415 442.827057
v -202.333664 -143.917526 452.566071
v -210.533279 -147.449707 465.276306
v -214.571014 -151.023605 474.061310
v -217.184387 -150.809189 480.264923
v -175.822540 -135.055862 370.518921
v -174.248108 -135.417358 375.446960
v -173.667038 -135.999802 381.105682
v -206.867645 -143.154663 448.540924
v -213.045975 -144.120087 460.477325
v -217.923569 -147.687454 468.037750
v -222.428619 -150.190338 475.231964
v -225.006439 -150.367035 480.575104
v -184.077179 -132.632431 372.622955
v -182.228745 -135.699524 376.802643
v -180.224625 -137.600876 379.745453
v -214.246445 -143.745743 448.409363
v -222.844421 -144.251266 458.333099
v -223.488831 -145.548584 467.849518
v -230.403931 -149.262222 475.252472
v -232.840424 -149.848801 480.563538
v -190.483139 -134.969193 370.324677
v -187.810257 -136.774857 375.391693
v -190.942459 -138.232269 384.890656
v -204.073044 -141.781754 389.776184
v -225.265991 -145.494995 448.808929
v -230.115829 -143.970795 458.547852
v -234.407013 -145.815674 467.562561
v -237.300354 -149.230820 474.246155
v -241.088593 -148.463760 481.073151
v -197.862366 -133.357788 372.478882
v -195.376251 -136.513535 378.882477
v -198.799225 -140.312271 383.477905
v -200.351074 -141.672104 389.761261
v -232.663208 -145.186691 447.702942
v -236.012283 -143.834854 455.075378
v -238.394547 -147.779785 464.114532
v -243.379227 -148.711151 473.677155
v -247.391571 -148.103897 479.617523
v -172.648224 -105.181717 309.822571
v -175.666336 -108.192284 314.616058
v -179.676804 -112.730484 322.563293
v -182.817978 -116.320686 329.583435
v -185.153839 -119.719322 333.106750
v -204.682037 -137.817490 369.559235
v -203.573318 -137.518463 375.163788
v -204.650238 -139.411926 381.064117
v -208.819168 -141.633636 388.070099
v -211.201111 -142.505768 394.601013
v -241.561630 -145.104614 445.973145
v -242.109970 -144.536545 452.048065
v -246.363358 -143.051422 459.151367
v -252.831985 -142.518066 470.259094
v -256.132050 -141.836166 478.601654
v -174.564835 -102.532379 309.425293
v -178.384781 -107.342308 315.670837
v -181.139038 -114.374596 322.592010
v -184.809937 -119.206909 329.500519
v -188.390137 -123.204872 336.466949
v -194.020218 -120.070198 341.445129
v -210.296280 -138.672501 374.187744
v -211.965195 -138.657257 380.347870
v -215.272049 -141.326477 386.648071
v -218.842789 -142.518539 395.358459
v -221.248306 -145.026550 397.544312
v -251.022354 -145.467255 452.416046
v -251.091125 -142.915237 459.113281
v -258.510101 -142.367722 471.178406
v -261.303192 -142.847336 476.363007
v -177.655731 -99.144829 307.250183
v -179.732254 -107.913925 312.964294
v -181.405350 -109.460045 317.233795
v -195.325943 -121.765762 339.190338
v -199.674896 -125.069496 346.205383
v -202.976303 -129.022141 352.722931
v -207.627319 -132.467499 360.447968
v -212.315094 -135.430161 368.209808
v -216.039856 -138.481689 376.803009
v -220.109512 -140.228073 383.859222
v -224.219498 -142.585159 390.375488
v -225.814026 -142.723404 396.270508
v -267.289703 -151.204803 464.681366
v -266.006073 -144.942673 474.743256
v -181.529465 -99.655579 307.065186
v -184.371460 -102.800682 311.299347
v -187.611359 -105.339142 316.594971
v -205.295807 -122.804619 347.345001
v -206.743423 -125.614342 353.343353
v -211.792496 -129.037659 361.979736
v -216.805191 -132.749100 370.537628
v -221.278778 -135.304901 378.759491
v -225.718048 -138.164520 386.166687
v -230.143112 -140.974564 392.919952
v -233.367538 -146.534027 397.187958
v -262.896515 -144.692413 445.088165
v -262.637512 -142.761230 454.204346
v -269.411987 -145.128555 466.329651
v -272.010284 -148.035919 471.751190
v -184.865952 -97.947922 306.426941
v -187.580933 -100.812241 311.044891
v -191.440659 -104.192665 316.374512
v -196.074539 -107.864151 322.450745
v -264.482300 -143.661194 446.658783
v -269.779297 -139.894623 456.655243
v -272.501556 -144.633774 461.380127
v -191.462936 -99.157845 310.694336
v -195.248611 -102.104401 315.818420
v -200.065079 -105.565964 321.947479
v -204.845505 -109.218254 328.182220
v -262.432068 -137.413666 424.834381
v -265.630707 -136.237808 433.070129
v -269.246002 -138.879395 445.811554
v -271.811890 -141.551163 450.113586
v -199.669403 -99.381912 315.887634
v -204.469971 -103.249832 321.998566
v -209.251923 -107.160461 328.346100
v -214.180511 -110.785492 335.027863
v -253.769485 -131.126709 403.346863
v -256.339142 -131.845184 409.190796
v -260.973663 -133.705170 416.418732
v -264.963074 -135.260666 424.965240
v -266.124939 -138.733871 429.516602
v -209.564865 -101.220726 323.325928
v -214.306351 -104.551247 330.326416
v -219.281982 -108.221252 336.980286
v -223.551651 -111.348412 343.194763
v -227.839401 -113.237633 350.922485
v -231.874420 -114.754425 356.845093
v -246.848450 -124.458946 382.244232
v -247.108826 -121.892548 386.624023
v -254.303848 -124.319626 392.526855
v -253.817169 -128.829254 399.464691
v -224.973755 -105.019577 339.896942
v -229.381104 -107.333549 346.737671
v -233.783020 -108.706627 353.877228
v -237.837418 -110.027473 359.652161
v -241.042847 -111.344147 364.696411
v -243.350052 -112.136993 369.736298
v -246.106720 -114.072372 374.907806
v -251.164047 -118.215408 381.060120
v -252.033813 -119.809334 387.808533
v -253.503433 -124.826202 389.670685
v -148.152390 -136.819016 392.372864
v -150.476562 -134.321106 397.876007
v -153.565414 -136.880249 405.278534
v -155.571030 -137.937653 411.954590
v -157.544205 -139.377396 418.498138
v -160.899399 -145.385361 421.329102
v -150.512146 -133.847549 384.433746
v -151.364212 -133.547134 391.964203
v -154.353226 -138.582062 396.626556
v -156.891083 -140.879990 403.367432
v -158.797379 -142.659805 409.563232
v -160.826584 -144.677353 416.054993
v -164.351608 -143.764496 424.532318
v -150.435043 -140.458191 369.733459
v -151.041382 -135.236115 376.657227
v -150.944260 -134.656509 380.384766
v -171.625076 -141.436218 430.928253
v -176.252045 -144.437027 437.809845
v -181.146683 -151.060532 441.821777
v -153.271301 -136.973755 370.837921
v -152.695831 -133.887695 375.353577
v -184.747726 -151.687836 434.214966
v -183.528030 -147.133148 442.890472
v -159.115768 -137.044342 361.811981
v -157.215622 -136.052612 368.230072
v -157.369888 -134.321228 374.849884
v -191.452866 -150.348129 438.472198
v -194.484695 -148.216080 446.818451
v -161.545959 -133.843735 360.954590
v -162.671005 -135.273743 367.359802
v -163.181442 -135.855225 373.680359
v -196.667130 -148.994247 440.557068
v -198.589508 -147.900406 446.560303
v -169.519272 -133.078400 354.286499
v -164.813461 -132.445236 358.460846
v -167.988647 -133.100220 367.038147
v -168.188293 -136.410522 371.386688
v -205.754822 -149.524780 440.005768
v -175.621368 -133.456100 355.251923
v -171.507568 -132.145691 357.446808
v -176.751114 -133.442123 368.750122
v -186.036041 -134.907043 373.128662
v -211.988861 -149.940506 426.195648
v -209.030350 -149.013794 437.509552
v -182.832855 -133.908417 354.766327
v -178.517685 -133.675125 358.682617
v -180.843506 -134.003952 366.133484
v -182.975479 -136.225647 370.206268
v -216.273315 -149.064331 429.480988
v -217.586288 -150.447723 437.622406
v -184.870575 -135.021469 356.010742
v -186.306396 -134.891541 361.095184
v -189.561966 -134.898010 370.326294
v -200.244476 -138.651779 374.011017
v -228.073898 -150.990845 426.026428
v -224.866928 -149.385406 436.009460
v -241.430496 -148.787155 455.061981
v -240.279160 -146.817657 461.906555
v -245.203445 -147.977737 471.065765
v -250.952744 -156.031540 473.063995
v -191.014206 -139.987503 346.270782
v -188.317337 -136.316864 349.704315
v -189.565231 -136.176407 355.287628
v -192.989609 -135.050980 363.542480
v -195.748123 -137.434448 369.023926
v -198.432892 -139.041504 372.272705
v -232.847504 -149.815216 429.866852
v -233.237564 -151.070038 438.652893
v -242.354172 -148.736160 454.238312
v -250.107864 -149.796890 466.862610
v -250.210861 -150.876266 469.069763
v -255.242493 -154.426514 475.331451
v -182.011871 -116.899887 323.144409
v -184.699036 -120.999146 328.472809
v -187.644043 -121.370125 331.954681
v -195.377731 -145.398605 349.027710
v -194.410522 -138.719711 352.876953
v -198.381302 -136.085602 358.376160
v -200.613846 -136.115555 364.344788
v -240.802505 -152.181793 426.283356
v -238.998550 -150.367172 436.736938
v -246.472855 -146.310242 450.168549
v -253.124237 -146.313751 461.865295
v -258.561890 -150.930435 470.742371
v -262.746399 -154.083496 470.035187
v -180.713898 -108.987198 314.552582
v -183.852432 -115.408119 321.827240
v -187.339081 -119.450241 327.798737
v -192.086182 -127.692009 336.046417
v -195.962738 -131.201523 343.690552
v -199.796036 -133.796677 350.433075
v -202.292953 -137.079712 357.006042
v -205.743408 -136.809601 363.021851
v -207.941101 -138.298050 365.320923
v -243.227676 -149.858887 428.281067
v -245.465164 -151.066345 437.434906
v -248.894180 -150.381195 445.664612
v -257.675903 -148.602661 458.889618
v -259.187805 -147.506714 465.293640
v -265.137054 -154.559784 470.829437
v -184.258865 -108.617844 315.252075
v -187.676727 -112.591675 320.812958
v -191.836090 -117.259415 327.719299
v -195.964050 -123.513283 333.828217
v -250.350769 -150.575089 423.892426
v -250.368423 -148.549286 431.733093
v -255.925827 -147.472702 445.333618
v -262.586548 -147.397064 458.285767
v -266.119965 -151.871552 461.477753
v -191.454224 -109.872963 321.401367
v -196.155396 -114.467064 327.657410
v -200.837433 -120.165199 333.201141
v -252.406204 -147.040314 425.915802
v -257.514069 -145.121780 433.600281
v -259.950317 -145.837189 441.101868
v -200.320465 -111.525299 327.719574
v -205.317139 -116.093697 333.535004
v -210.611786 -121.148735 339.980103
v -258.248383 -145.905197 416.508545
v -258.672455 -142.777664 423.473328
v -263.026245 -143.168900 434.257812
v -266.377716 -147.107391 439.384735
v -209.379395 -112.759521 333.925049
v -214.992920 -116.981537 340.659180
v -220.308746 -121.657631 347.238953
v -251.143646 -143.612381 396.031952
v -251.837463 -137.049088 401.586090
v -255.116592 -138.950760 408.739288
v -258.698822 -141.111710 416.045715
v -261.206299 -137.513489 420.740936
v -219.569672 -114.182877 341.383850
v -224.137451 -117.175079 348.183380
v -228.251465 -119.334175 354.834442
v -232.401947 -121.240929 361.109192
v -236.333710 -123.169785 367.168182
v -239.012985 -124.779465 371.784851
v -245.335861 -130.282272 378.966919
v -246.394012 -126.849205 382.363129
v -248.101013 -129.778000 389.624634
v -252.374237 -133.943451 395.603577
v -252.921768 -135.663528 397.834717
v -237.352890 -116.321838 362.301422
v -240.410843 -117.745583 367.536926
v -243.103027 -119.275948 372.352631
v -247.899139 -124.089752 377.580383
v -247.027191 -123.714714 379.797241
v -151.067352 -143.984665 383.269623
v -152.549576 -142.177628 387.583496
v -155.521851 -144.221115 393.483582
v -157.550629 -145.757462 399.297638
v -159.637177 -147.626602 405.818787
v -162.341537 -149.526993 413.504211
v -166.034393 -154.787964 417.514099
v -150.933792 -145.789780 369.968140
v -150.228333 -141.011963 374.192841
v -153.047134 -141.338379 381.059113
v -156.196487 -144.771347 385.485779
v -158.807785 -145.992447 391.058289
v -161.082092 -147.538498 397.265503
v -163.544968 -149.928375 404.394287
v -166.942856 -151.317444 412.735901
v -169.134872 -148.995560 423.043945
v -176.219818 -152.489548 432.308655
v -178.603760 -163.476669 434.169922
v -150.957474 -141.059021 369.988678
v -153.826065 -142.199432 372.802734
v -157.662643 -143.086349 378.122772
v -160.524414 -144.310089 383.605560
v -162.922424 -145.348236 389.356628
v -165.746628 -147.091492 396.104492
v -169.243225 -149.288132 404.218628
v -173.464890 -150.175308 413.468506
v -177.323471 -151.998932 422.960846
v -179.298691 -153.685974 431.570770
v -180.609940 -158.856781 437.339844
v -158.495438 -140.039352 361.846680
v -154.895081 -138.516998 366.574127
v -158.785095 -140.927429 371.057251
v -161.982742 -142.303268 376.077728
v -164.753464 -143.323730 381.915070
v -167.515457 -144.957504 388.331909
v -170.941681 -146.844406 395.565430
v -175.376175 -148.508652 404.332733
v -180.094879 -149.705994 413.430115
v -183.753754 -152.190765 422.541931
v -187.058273 -152.561081 430.125458
v -158.012772 -137.039398 360.460022
v -160.190186 -137.994583 363.170380
v -163.887024 -139.255081 368.672424
v -166.743301 -140.832596 374.255524
v -169.918350 -142.305252 380.636292
v -173.032440 -144.017349 387.333984
v -176.947449 -145.997177 395.065979
v -181.399094 -147.613785 403.694580
v -185.890976 -149.468292 412.650391
v -190.403473 -152.131119 422.199188
v -193.781693 -153.034470 431.048859
v -167.839996 -133.945251 353.420105
v -162.549469 -134.821655 357.028656
v -166.308762 -136.046173 361.492493
v -169.471329 -137.690613 366.971893
v -172.588776 -139.285782 373.109497
v -175.934814 -140.990952 379.716370
v -179.747360 -143.203995 387.136383
v -183.670197 -145.126831 394.820221
v -187.800720 -146.912888 403.325470
v -192.365387 -149.101227 412.375854
v -197.295441 -152.253418 422.809998
v -201.297592 -153.410355 432.077728
v -167.885071 -133.244034 353.549072
v -168.921036 -134.527237 356.318909
v -173.408875 -136.149078 361.842896
v -176.352707 -137.851822 367.432373
v -179.278809 -139.204834 373.233215
v -182.615753 -140.697601 379.573944
v -186.726028 -142.924866 387.164429
v -190.678925 -144.943390 395.059753
v -194.917175 -146.868591 403.329803
v -199.640869 -149.168198 413.154755
v -203.160690 -152.072632 424.438263
v -207.110504 -153.410385 430.426971
v -181.517014 -134.043335 353.803131
v -174.759903 -134.830063 356.331512
v -180.042938 -137.819046 362.623322
v -183.221161 -139.597321 368.699554
v -186.221802 -140.624054 374.423889
v -189.619507 -141.963074 380.745972
v -193.627090 -143.857208 387.955017
v -197.593887 -145.906769 395.839691
v -201.948807 -147.713013 403.993195
v -207.263733 -149.938797 414.037689
v -210.445343 -151.819778 423.989349
v -219.247543 -155.613953 427.086700
v -180.356705 -135.762344 353.713654
v -183.008224 -138.502090 357.715118
v -187.421570 -140.465790 364.814392
v -190.586884 -142.486938 370.911011
v -194.098038 -143.469696 377.025513
v -197.659180 -144.702332 383.311676
v -201.256439 -146.233429 390.158508
v -205.285065 -148.238449 397.743591
v -209.210022 -149.609726 405.435760
v -214.280487 -151.190262 414.965637
v -218.234161 -154.104477 424.391693
v -223.491333 -154.323883 430.109741
v -189.374146 -145.003723 344.283234
v -186.244308 -137.797729 347.121796
v -185.325348 -138.589539 352.556030
v -191.530731 -140.823303 359.952637
v -195.796753 -143.485397 367.289886
v -199.199066 -145.294830 373.947968
v -202.652664 -146.808807 380.639923
v -206.253494 -148.335815 387.162689
v -209.912994 -150.000366 393.662537
v -213.746017 -152.093552 400.499146
v -217.479675 -152.951340 407.383301
v -222.162506 -153.158768 416.169800
v -225.083023 -154.077850 424.457397
v -234.275208 -155.950439 427.576599
v -250.518204 -157.412903 459.783936
v -249.177261 -165.246719 459.050018
v -188.998245 -138.573608 345.310303
v -190.689377 -139.439301 348.969330
v -195.809708 -140.207031 355.526947
v -200.723236 -143.001999 363.518005
v -204.657761 -145.793625 371.005676
v -208.484467 -147.940079 378.345520
v -212.228897 -149.801254 385.404694
v -215.820160 -151.319138 391.944641
v -219.225876 -153.597565 397.789673
v -222.467987 -155.560226 403.433990
v -225.495117 -155.701691 409.238953
v -229.285339 -154.456879 416.689240
v -231.194305 -154.967041 424.374969
v -238.133835 -153.677109 430.561249
v -249.535568 -154.813889 458.447052
v -255.346359 -158.132111 463.298981
v -195.075562 -134.788864 337.602600
v -195.619598 -137.207565 341.661316
v -199.222641 -139.059189 348.234589
v -199.660660 -141.981781 354.231598
v -205.552200 -143.589355 360.460388
v -210.311646 -146.192383 368.370270
v -214.278839 -147.864899 375.540833
v -218.031189 -149.880844 382.928558
v -221.695541 -151.704315 390.050598
v -225.065842 -153.512390 396.234375
v -228.085800 -155.794632 401.316864
v -230.345978 -157.472153 405.455750
v -232.696732 -157.118256 410.085144
v -235.642960 -154.605042 416.262695
v -236.188736 -153.043671 423.680298
v -244.563751 -154.984970 433.553894
v -248.239563 -159.190598 434.872467
v -196.105774 -132.965439 336.833740
v -199.954941 -140.193893 341.803101
v -204.432281 -141.427399 349.008850
v -208.947906 -143.103363 356.186157
v -214.106812 -146.164871 364.146332
v -219.055450 -148.261078 372.323212
v -222.918365 -149.667557 379.296967
v -226.662384 -151.233124 386.670410
v -230.079514 -152.969864 393.651215
v -232.589050 -154.834442 398.634308
v -234.871918 -156.670395 402.384308
v -236.758881 -157.949188 405.895355
v -238.678833 -157.057297 410.328430
v -241.572296 -154.030960 415.966309
v -242.176712 -152.685120 423.489990
v -249.048233 -154.864334 434.892120
v -253.706207 -155.300888 438.961853
v -200.838333 -130.942612 337.068298
v -205.523499 -138.072647 342.972473
v -210.582855 -141.352692 350.995789
v -215.821060 -144.248383 358.656555
v -221.149857 -146.867172 366.967560
v -225.991547 -148.870605 374.900299
v -229.720840 -150.234802 381.800415
v -232.843414 -151.351868 387.989929
v -235.568359 -152.797470 393.922791
v -237.880981 -154.869766 398.611145
v -239.849152 -156.442535 402.123596
v -241.912262 -157.019913 405.835419
v -244.156128 -155.593597 410.606445
v -247.167038 -152.986145 415.812714
v -249.340195 -151.293900 421.617737
v -205.349915 -126.640312 337.902008
v -211.162094 -131.693436 345.129395
v -216.483215 -136.377136 352.739136
v -221.281433 -139.410370 360.277985
v -226.046234 -141.867126 368.051117
v -230.473495 -144.812668 375.553680
v -233.887207 -147.026337 381.749969
v -236.728317 -148.350739 387.285706
v -239.269897 -149.807510 392.024109
v -241.588104 -151.864273 396.523743
v -244.005966 -152.457642 400.620117
v -246.458282 -152.561340 404.895660
v -249.669739 -151.814575 410.137604
v -251.023560 -149.410339 415.415070
v -255.447235 -149.642044 420.317108
v -215.983734 -125.673103 346.650360
v -220.971420 -130.202148 353.649017
v -225.523026 -133.614807 360.168549
v -229.646408 -136.005936 366.984039
v -233.932236 -138.668228 374.069061
v -237.201111 -140.363800 379.912903
v -239.977859 -141.205475 385.257538
v -242.696060 -142.911743 389.643036
v -245.552612 -145.962112 393.787628
v -248.032501 -145.195221 398.755219
v -251.226425 -145.118851 404.736267
v -255.065903 -147.258698 410.679169
v -256.138000 -149.588043 412.015167
v -225.224075 -124.794868 353.382233
v -228.944565 -127.350060 359.529938
v -233.039978 -129.285950 366.379150
v -236.898438 -131.264587 372.752167
v -240.204636 -133.351059 377.714752
v -244.616104 -133.704712 381.445740
v -245.681091 -136.385529 387.349884
v -249.398575 -140.302979 391.965546
v -250.547562 -147.260071 393.200867
v -243.468094 -128.416504 375.762482
v -244.616699 -131.946350 375.782532
f 1 2 13
f 2 14 13
f 13 14 17
f 14 18 17
f 1 13 17
f 1 17 5
f 1 6 2
f 1 5 6
f 17 18 6
f 17 6 5
f 2 3 14
f 3 15 14
f 2 7 3
f 2 6 7
f 3 4 15
f 4 16 15
f 15 16 19
f 16 20 19
f 3 8 4
f 3 7 8
f 19 20 8
f 19 8 7
f 4 20 16
f 4 8 20
f 18 19 21
f 19 22 21
f 6 18 21
f 6 21 9
f 6 10 7
f 6 9 10
f 7 22 19
f 7 10 22
f 21 22 23
f 22 24 23
f 9 21 23
f 9 23 11
f 9 12 10
f 9 11 12
f 23 24 12
f 23 12 11
f 10 24 22
f 10 12 24
f 14 15 34
f 15 35 34
f 14 34 36
f 14 36 18
f 36 37 19
f 36 19 18
f 15 37 35
f 15 19 37
f 25 26 48
f 26 49 48
f 25 48 62
f 25 62 29
f 25 30 26
f 25 29 30
f 62 63 30
f 62 30 29
f 26 63 49
f 26 30 63
f 27 28 60
f 28 61 60
f 27 60 73
f 27 73 31
f 27 32 28
f 27 31 32
f 73 74 32
f 73 32 31
f 28 29 61
f 29 62 61
f 28 33 29
f 28 32 33
f 74 75 33
f 74 33 32
f 29 75 62
f 29 33 75
f 34 35 99
f 35 100 99
f 99 100 101
f 100 102 101
f 34 99 101
f 34 101 36
f 101 102 37
f 101 37 36
f 35 102 100
f 35 37 102
f 38 39 122
f 39 123 122
f 38 122 141
f 38 141 46
f 38 47 39
f 38 46 47
f 39 40 123
f 40 124 123
f 39 48 40
f 39 47 48
f 40 41 124
f 41 125 124
f 124 125 142
f 125 143 142
f 40 49 41
f 40 48 49
f 41 42 125
f 42 126 125
f 125 126 143
f 126 144 143
f 41 50 42
f 41 49 50
f 42 43 126
f 43 127 126
f 126 127 144
f 127 145 144
f 42 51 43
f 42 50 51
f 144 145 51
f 144 51 50
f 43 145 127
f 43 51 145
f 44 45 139
f 45 140 139
f 44 139 157
f 44 157 58
f 44 59 45
f 44 58 59
f 45 46 140
f 46 141 140
f 45 60 46
f 45 59 60
f 46 61 47
f 46 60 61
f 47 62 48
f 47 61 62
f 143 144 158
f 144 159 158
f 49 64 50
f 49 63 64
f 50 159 144
f 50 64 159
f 52 53 151
f 53 152 151
f 52 151 165
f 52 165 65
f 52 66 53
f 52 65 66
f 165 166 66
f 165 66 65
f 53 54 152
f 54 153 152
f 53 67 54
f 53 66 67
f 54 55 153
f 55 154 153
f 54 68 55
f 54 67 68
f 55 56 154
f 56 155 154
f 55 69 56
f 55 68 69
f 56 57 155
f 57 156 155
f 56 70 57
f 56 69 70
f 57 58 156
f 58 157 156
f 57 71 58
f 57 70 71
f 58 72 59
f 58 71 72
f 59 73 60
f 59 72 73
f 62 76 63
f 62 75 76
f 63 77 64
f 63 76 77
f 169 170 77
f 169 77 76
f 64 170 159
f 64 77 170
f 66 166 177
f 66 177 80
f 66 81 67
f 66 80 81
f 67 82 68
f 67 81 82
f 68 83 69
f 68 82 83
f 69 84 70
f 69 83 84
f 70 85 71
f 70 84 85
f 71 86 72
f 71 85 86
f 180 181 86
f 180 86 85
f 72 87 73
f 72 86 87
f 181 182 87
f 181 87 86
f 73 88 74
f 73 87 88
f 182 183 88
f 182 88 87
f 167 168 183
f 168 184 183
f 74 89 75
f 74 88 89
f 183 184 89
f 183 89 88
f 168 169 184
f 169 185 184
f 75 90 76
f 75 89 90
f 184 185 90
f 184 90 89
f 76 185 169
f 76 90 185
f 78 79 175
f 79 176 175
f 78 175 190
f 78 190 91
f 78 92 79
f 78 91 92
f 190 191 92
f 190 92 91
f 79 80 176
f 80 177 176
f 79 93 80
f 79 92 93
f 191 192 93
f 191 93 92
f 80 94 81
f 80 93 94
f 192 193 94
f 192 94 93
f 81 95 82
f 81 94 95
f 193 194 95
f 193 95 94
f 82 96 83
f 82 95 96
f 194 195 96
f 194 96 95
f 178 179 195
f 179 196 195
f 83 97 84
f 83 96 97
f 195 196 97
f 195 97 96
f 179 180 196
f 180 197 196
f 84 98 85
f 84 97 98
f 196 197 98
f 196 98 97
f 85 197 180
f 85 98 197
f 103 104 295
f 104 296 295
f 103 295 307
f 103 307 107
f 103 108 104
f 103 107 108
f 104 105 296
f 105 297 296
f 104 109 105
f 104 108 109
f 105 106 297
f 106 298 297
f 105 110 106
f 105 109 110
f 106 308 298
f 106 110 308
f 107 307 321
f 107 321 114
f 107 115 108
f 107 114 115
f 108 116 109
f 108 115 116
f 109 117 110
f 109 116 117
f 110 111 308
f 111 309 308
f 110 118 111
f 110 117 118
f 111 112 309
f 112 310 309
f 111 119 112
f 111 118 119
f 112 324 310
f 112 119 324
f 113 114 320
f 114 321 320
f 320 321 335
f 321 336 335
f 113 320 335
f 113 335 128
f 113 129 114
f 113 128 129
f 114 130 115
f 114 129 130
f 115 131 116
f 115 130 131
f 116 132 117
f 116 131 132
f 322 323 337
f 323 338 337
f 117 133 118
f 117 132 133
f 323 324 338
f 324 339 338
f 118 134 119
f 118 133 134
f 119 120 324
f 120 325 324
f 324 325 339
f 325 340 339
f 119 135 120
f 119 134 135
f 120 340 325
f 120 135 340
f 121 122 328
f 122 329 328
f 121 328 345
f 121 345 140
f 121 141 122
f 121 140 141
f 122 123 329
f 123 330 329
f 123 124 330
f 124 331 330
f 124 346 331
f 124 142 346
f 335 336 349
f 336 350 349
f 128 335 349
f 128 349 146
f 128 147 129
f 128 146 147
f 129 148 130
f 129 147 148
f 130 149 131
f 130 148 149
f 131 150 132
f 131 149 150
f 132 151 133
f 132 150 151
f 133 152 134
f 133 151 152
f 134 153 135
f 134 152 153
f 135 136 340
f 136 341 340
f 135 154 136
f 135 153 154
f 136 137 341
f 137 342 341
f 136 155 137
f 136 154 155
f 137 138 342
f 138 343 342
f 137 156 138
f 137 155 156
f 138 139 343
f 139 344 343
f 138 157 139
f 138 156 157
f 139 140 344
f 140 345 344
f 142 143 346
f 143 347 346
f 143 351 347
f 143 158 351
f 349 350 353
f 350 354 353
f 146 349 353
f 146 353 160
f 146 161 147
f 146 160 161
f 353 354 161
f 353 161 160
f 147 162 148
f 147 161 162
f 148 163 149
f 148 162 163
f 149 164 150
f 149 163 164
f 150 165 151
f 150 164 165
f 356 357 168
f 356 168 167
f 357 358 169
f 357 169 168
f 158 159 351
f 159 352 351
f 358 359 170
f 358 170 169
f 159 359 352
f 159 170 359
f 354 355 361
f 355 362 361
f 161 354 361
f 161 361 172
f 161 173 162
f 161 172 173
f 162 174 163
f 162 173 174
f 163 175 164
f 163 174 175
f 164 176 165
f 164 175 176
f 165 177 166
f 165 176 177
f 365 366 179
f 365 179 178
f 366 367 180
f 366 180 179
f 367 368 181
f 367 181 180
f 368 369 182
f 368 182 181
f 369 370 183
f 369 183 182
f 167 370 356
f 167 183 370
f 171 172 360
f 172 361 360
f 360 361 372
f 361 373 372
f 171 360 372
f 171 372 186
f 171 187 172
f 171 186 187
f 372 373 187
f 372 187 186
f 172 188 173
f 172 187 188
f 173 189 174
f 173 188 189
f 174 190 175
f 174 189 190
f 363 364 379
f 364 380 379
f 379 380 194
f 379 194 193
f 364 365 380
f 365 381 380
f 380 381 195
f 380 195 194
f 178 381 365
f 178 195 381
f 373 374 382
f 374 383 382
f 187 373 382
f 187 382 198
f 187 199 188
f 187 198 199
f 382 383 199
f 382 199 198
f 374 375 383
f 375 384 383
f 188 200 189
f 188 199 200
f 383 384 200
f 383 200 199
f 375 376 384
f 376 385 384
f 189 201 190
f 189 200 201
f 384 385 201
f 384 201 200
f 376 377 385
f 377 386 385
f 190 202 191
f 190 201 202
f 385 386 202
f 385 202 201
f 377 378 386
f 378 387 386
f 191 203 192
f 191 202 203
f 386 387 203
f 386 203 202
f 378 379 387
f 379 388 387
f 192 204 193
f 192 203 204
f 387 388 204
f 387 204 203
f 193 388 379
f 193 204 388
f 205 206 389
f 206 390 389
f 389 390 406
f 390 407 406
f 205 389 406
f 205 406 214
f 205 215 206
f 205 214 215
f 206 207 390
f 207 391 390
f 206 216 207
f 206 215 216
f 207 208 391
f 208 392 391
f 207 217 208
f 207 216 217
f 208 209 392
f 209 393 392
f 208 218 209
f 208 217 218
f 209 210 393
f 210 394 393
f 209 219 210
f 209 218 219
f 408 409 219
f 408 219 218
f 210 211 394
f 211 395 394
f 210 220 211
f 210 219 220
f 409 410 220
f 409 220 219
f 211 212 395
f 212 396 395
f 211 221 212
f 211 220 221
f 410 411 221
f 410 221 220
f 212 411 396
f 212 221 411
f 213 214 405
f 214 406 405
f 213 405 421
f 213 421 225
f 213 226 214
f 213 225 226
f 421 422 226
f 421 226 225
f 214 227 215
f 214 226 227
f 422 423 227
f 422 227 226
f 215 228 216
f 215 227 228
f 423 424 228
f 423 228 227
f 216 229 217
f 216 228 229
f 424 425 229
f 424 229 228
f 217 230 218
f 217 229 230
f 425 426 230
f 425 230 229
f 218 426 408
f 218 230 426
f 222 223 418
f 223 419 418
f 222 418 436
f 222 436 231
f 222 232 223
f 222 231 232
f 436 437 232
f 436 232 231
f 223 224 419
f 224 420 419
f 223 233 224
f 223 232 233
f 224 438 420
f 224 233 438
f 232 437 446
f 232 446 236
f 232 237 233
f 232 236 237
f 446 447 237
f 446 237 236
f 233 234 438
f 234 439 438
f 438 439 447
f 439 448 447
f 233 238 234
f 233 237 238
f 234 235 439
f 235 440 439
f 439 440 448
f 440 449 448
f 234 239 235
f 234 238 239
f 235 449 440
f 235 239 449
f 237 447 458
f 237 458 244
f 237 245 238
f 237 244 245
f 448 449 459
f 449 460 459
f 238 246 239
f 238 245 246
f 239 460 449
f 239 246 460
f 240 241 450
f 241 451 450
f 450 451 461
f 451 462 461
f 240 450 461
f 240 461 247
f 240 248 241
f 240 247 248
f 241 242 451
f 242 452 451
f 451 452 462
f 452 463 462
f 241 249 242
f 241 248 249
f 242 463 452
f 242 249 463
f 243 244 457
f 244 458 457
f 243 457 470
f 243 470 250
f 243 251 244
f 243 250 251
f 470 471 251
f 470 251 250
f 244 252 245
f 244 251 252
f 459 460 472
f 460 473 472
f 245 253 246
f 245 252 253
f 246 473 460
f 246 253 473
f 461 462 474
f 462 475 474
f 247 461 474
f 247 474 254
f 247 255 248
f 247 254 255
f 248 256 249
f 248 255 256
f 249 476 463
f 249 256 476
f 251 471 485
f 251 485 261
f 251 262 252
f 251 261 262
f 252 263 253
f 252 262 263
f 486 487 263
f 486 263 262
f 253 487 473
f 253 263 487
f 254 474 489
f 254 489 265
f 254 266 255
f 254 265 266
f 255 267 256
f 255 266 267
f 256 257 476
f 257 477 476
f 256 268 257
f 256 267 268
f 257 258 477
f 258 478 477
f 257 269 258
f 257 268 269
f 258 490 478
f 258 269 490
f 259 260 483
f 260 484 483
f 259 483 495
f 259 495 270
f 259 271 260
f 259 270 271
f 495 496 271
f 495 271 270
f 260 261 484
f 261 485 484
f 260 272 261
f 260 271 272
f 496 497 272
f 496 272 271
f 261 273 262
f 261 272 273
f 497 498 273
f 497 273 272
f 262 498 486
f 262 273 498
f 264 265 488
f 265 489 488
f 264 488 499
f 264 499 274
f 264 275 265
f 264 274 275
f 265 276 266
f 265 275 276
f 266 277 267
f 266 276 277
f 267 278 268
f 267 277 278
f 268 279 269
f 268 278 279
f 269 501 490
f 269 279 501
f 499 500 509
f 500 510 509
f 274 499 509
f 274 509 283
f 274 284 275
f 274 283 284
f 275 285 276
f 275 284 285
f 276 286 277
f 276 285 286
f 277 287 278
f 277 286 287
f 278 288 279
f 278 287 288
f 279 511 501
f 279 288 511
f 280 281 506
f 281 507 506
f 280 506 518
f 280 518 291
f 280 292 281
f 280 291 292
f 281 282 507
f 282 508 507
f 281 293 282
f 281 292 293
f 282 519 508
f 282 293 519
f 283 509 520
f 283 520 294
f 283 295 284
f 283 294 295
f 284 296 285
f 284 295 296
f 285 297 286
f 285 296 297
f 286 298 287
f 286 297 298
f 287 299 288
f 287 298 299
f 288 289 511
f 289 512 511
f 288 300 289
f 288 299 300
f 289 290 512
f 290 513 512
f 512 513 523
f 513 524 523
f 289 301 290
f 289 300 301
f 523 524 301
f 523 301 300
f 290 524 513
f 290 301 524
f 291 518 529
f 291 529 303
f 291 304 292
f 291 303 304
f 292 305 293
f 292 304 305
f 293 530 519
f 293 305 530
f 520 521 531
f 521 532 531
f 294 520 531
f 294 531 306
f 294 307 295
f 294 306 307
f 531 532 307
f 531 307 306
f 298 309 299
f 298 308 309
f 522 523 534
f 523 535 534
f 299 310 300
f 299 309 310
f 300 535 523
f 300 310 535
f 302 303 528
f 303 529 528
f 302 528 541
f 302 541 316
f 302 317 303
f 302 316 317
f 303 318 304
f 303 317 318
f 304 319 305
f 304 318 319
f 305 543 530
f 305 319 543
f 307 532 544
f 307 544 321
f 533 534 547
f 534 548 547
f 547 548 323
f 547 323 322
f 534 535 548
f 535 549 548
f 548 549 324
f 548 324 323
f 310 311 535
f 311 536 535
f 535 536 549
f 536 550 549
f 310 325 311
f 310 324 325
f 549 550 325
f 549 325 324
f 311 312 536
f 312 537 536
f 536 537 550
f 537 551 550
f 311 326 312
f 311 325 326
f 550 551 326
f 550 326 325
f 312 551 537
f 312 326 551
f 313 314 538
f 314 539 538
f 313 538 555
f 313 555 328
f 313 329 314
f 313 328 329
f 314 315 539
f 315 540 539
f 314 330 315
f 314 329 330
f 315 316 540
f 316 541 540
f 315 331 316
f 315 330 331
f 316 332 317
f 316 331 332
f 317 333 318
f 317 332 333
f 542 543 556
f 543 557 556
f 318 334 319
f 318 333 334
f 556 557 334
f 556 334 333
f 319 557 543
f 319 334 557
f 544 545 558
f 545 559 558
f 321 544 558
f 321 558 336
f 545 546 559
f 546 560 559
f 546 547 560
f 547 561 560
f 322 561 547
f 322 337 561
f 327 328 554
f 328 555 554
f 327 554 568
f 327 568 344
f 327 345 328
f 327 344 345
f 331 347 332
f 331 346 347
f 332 348 333
f 332 347 348
f 333 570 556
f 333 348 570
f 558 559 571
f 559 572 571
f 336 558 571
f 336 571 350
f 559 560 572
f 560 573 572
f 560 561 573
f 561 574 573
f 337 338 561
f 338 562 561
f 561 562 574
f 562 575 574
f 338 339 562
f 339 563 562
f 562 563 575
f 563 576 575
f 339 340 563
f 340 564 563
f 563 564 576
f 564 577 576
f 340 341 564
f 341 565 564
f 564 565 577
f 565 578 577
f 341 342 565
f 342 566 565
f 565 566 578
f 566 579 578
f 342 343 566
f 343 567 566
f 566 567 579
f 567 580 579
f 343 344 567
f 344 568 567
f 569 570 582
f 570 583 582
f 347 352 348
f 347 351 352
f 348 583 570
f 348 352 583
f 571 572 584
f 572 585 584
f 350 571 584
f 350 584 354
f 584 585 355
f 584 355 354
f 572 573 585
f 573 586 585
f 573 574 586
f 574 587 586
f 574 575 587
f 575 588 587
f 575 576 588
f 576 589 588
f 576 577 589
f 577 590 589
f 577 578 590
f 578 591 590
f 578 579 591
f 579 592 591
f 579 580 592
f 580 593 592
f 581 582 598
f 582 599 598
f 598 599 358
f 598 358 357
f 582 583 599
f 583 600 599
f 599 600 359
f 599 359 358
f 352 600 583
f 352 359 600
f 585 586 602
f 586 603 602
f 355 585 602
f 355 602 362
f 586 587 603
f 587 604 603
f 587 588 604
f 588 605 604
f 588 589 605
f 589 606 605
f 589 590 606
f 590 607 606
f 590 591 607
f 591 608 607
f 607 608 364
f 607 364 363
f 591 592 608
f 592 609 608
f 608 609 365
f 608 365 364
f 592 593 609
f 593 610 609
f 609 610 366
f 609 366 365
f 593 594 610
f 594 611 610
f 610 611 367
f 610 367 366
f 594 595 611
f 595 612 611
f 611 612 368
f 611 368 367
f 595 596 612
f 596 613 612
f 612 613 369
f 612 369 368
f 596 597 613
f 597 614 613
f 613 614 370
f 613 370 369
f 597 598 614
f 598 615 614
f 356 371 357
f 356 370 371
f 614 615 371
f 614 371 370
f 357 615 598
f 357 371 615
f 361 362 601
f 362 602 601
f 601 602 616
f 602 617 616
f 361 601 616
f 361 616 373
f 616 617 374
f 616 374 373
f 602 603 617
f 603 618 617
f 617 618 375
f 617 375 374
f 603 604 618
f 604 619 618
f 618 619 376
f 618 376 375
f 604 605 619
f 605 620 619
f 619 620 377
f 619 377 376
f 605 606 620
f 606 621 620
f 620 621 378
f 620 378 377
f 606 607 621
f 607 622 621
f 621 622 379
f 621 379 378
f 363 622 607
f 363 379 622
f 390 391 624
f 391 625 624
f 390 624 641
f 390 641 407
f 391 392 625
f 392 626 625
f 392 393 626
f 393 627 626
f 393 394 627
f 394 628 627
f 394 395 628
f 395 629 628
f 395 396 629
f 396 630 629
f 396 397 630
f 397 631 630
f 396 412 397
f 396 411 412
f 397 398 631
f 398 632 631
f 631 632 642
f 632 643 642
f 397 413 398
f 397 412 413
f 398 399 632
f 399 633 632
f 632 633 643
f 633 644 643
f 398 414 399
f 398 413 414
f 399 400 633
f 400 634 633
f 399 415 400
f 399 414 415
f 400 401 634
f 401 635 634
f 400 416 401
f 400 415 416
f 401 402 635
f 402 636 635
f 401 417 402
f 401 416 417
f 402 403 636
f 403 637 636
f 402 418 403
f 402 417 418
f 403 404 637
f 404 638 637
f 403 419 404
f 403 418 419
f 404 645 638
f 404 419 645
f 405 406 639
f 406 640 639
f 405 639 647
f 405 647 421
f 647 648 422
f 647 422 421
f 406 407 640
f 407 641 640
f 648 649 423
f 648 423 422
f 649 650 424
f 649 424 423
f 650 651 425
f 650 425 424
f 651 652 426
f 651 426 425
f 408 427 409
f 408 426 427
f 652 653 427
f 652 427 426
f 409 428 410
f 409 427 428
f 653 654 428
f 653 428 427
f 410 429 411
f 410 428 429
f 654 655 429
f 654 429 428
f 411 430 412
f 411 429 430
f 655 656 430
f 655 430 429
f 412 431 413
f 412 430 431
f 656 657 431
f 656 431 430
f 413 432 414
f 413 431 432
f 657 658 432
f 657 432 431
f 414 433 415
f 414 432 433
f 415 434 416
f 415 433 434
f 416 435 417
f 416 434 435
f 417 436 418
f 417 435 436
f 419 420 645
f 420 646 645
f 420 659 646
f 420 438 659
f 432 658 670
f 432 670 441
f 432 442 433
f 432 441 442
f 670 671 442
f 670 442 441
f 433 443 434
f 433 442 443
f 434 444 435
f 434 443 444
f 435 445 436
f 435 444 445
f 436 446 437
f 436 445 446
f 438 672 659
f 438 447 672
f 442 671 681
f 442 681 453
f 442 454 443
f 442 453 454
f 681 682 454
f 681 454 453
f 443 455 444
f 443 454 455
f 444 456 445
f 444 455 456
f 445 457 446
f 445 456 457
f 446 458 447
f 446 457 458
f 447 448 672
f 448 673 672
f 448 683 673
f 448 459 683
f 454 682 692
f 454 692 467
f 454 468 455
f 454 467 468
f 455 469 456
f 455 468 469
f 456 470 457
f 456 469 470
f 459 693 683
f 459 472 693
f 462 463 685
f 463 686 685
f 462 685 696
f 462 696 475
f 463 464 686
f 464 687 686
f 463 477 464
f 463 476 477
f 464 465 687
f 465 688 687
f 464 478 465
f 464 477 478
f 465 697 688
f 465 478 697
f 466 467 691
f 467 692 691
f 466 691 700
f 466 700 480
f 466 481 467
f 466 480 481
f 467 482 468
f 467 481 482
f 468 483 469
f 468 482 483
f 469 484 470
f 469 483 484
f 470 485 471
f 470 484 485
f 472 473 693
f 473 694 693
f 693 694 702
f 694 703 702
f 702 703 487
f 702 487 486
f 473 703 694
f 473 487 703
f 474 475 695
f 475 696 695
f 474 695 705
f 474 705 489
f 478 706 697
f 478 490 706
f 479 480 699
f 480 700 699
f 479 699 710
f 479 710 491
f 479 492 480
f 479 491 492
f 710 711 492
f 710 492 491
f 480 493 481
f 480 492 493
f 481 494 482
f 481 493 494
f 482 495 483
f 482 494 495
f 701 702 712
f 702 713 712
f 712 713 498
f 712 498 497
f 486 713 702
f 486 498 713
f 488 489 704
f 489 705 704
f 704 705 714
f 705 715 714
f 488 704 714
f 488 714 499
f 714 715 500
f 714 500 499
f 490 716 706
f 490 501 716
f 492 711 723
f 492 723 503
f 492 504 493
f 492 503 504
f 493 505 494
f 493 504 505
f 494 506 495
f 494 505 506
f 495 507 496
f 495 506 507
f 496 508 497
f 496 507 508
f 497 724 712
f 497 508 724
f 500 715 726
f 500 726 510
f 501 727 716
f 501 511 727
f 502 503 722
f 503 723 722
f 502 722 734
f 502 734 514
f 502 515 503
f 502 514 515
f 734 735 515
f 734 515 514
f 503 516 504
f 503 515 516
f 504 517 505
f 504 516 517
f 505 518 506
f 505 517 518
f 508 737 724
f 508 519 737
f 509 510 725
f 510 726 725
f 725 726 738
f 726 739 738
f 509 725 738
f 509 738 520
f 738 739 521
f 738 521 520
f 511 512 727
f 512 728 727
f 740 741 523
f 740 523 522
f 512 741 728
f 512 523 741
f 515 735 748
f 515 748 526
f 515 527 516
f 515 526 527
f 516 528 517
f 516 527 528
f 517 529 518
f 517 528 529
f 736 737 749
f 737 750 749
f 519 750 737
f 519 530 750
f 521 739 751
f 521 751 532
f 753 754 534
f 753 534 533
f 522 754 740
f 522 534 754
f 525 526 747
f 526 748 747
f 525 747 761
f 525 761 538
f 525 539 526
f 525 538 539
f 526 540 527
f 526 539 540
f 527 541 528
f 527 540 541
f 762 763 543
f 762 543 542
f 530 763 750
f 530 543 763
f 751 752 764
f 752 765 764
f 532 751 764
f 532 764 544
f 764 765 545
f 764 545 544
f 765 766 546
f 765 546 545
f 766 767 547
f 766 547 546
f 533 767 753
f 533 547 767
f 538 761 775
f 538 775 555
f 542 776 762
f 542 556 776
f 552 553 772
f 553 773 772
f 552 772 780
f 552 780 566
f 552 567 553
f 552 566 567
f 780 781 567
f 780 567 566
f 553 554 773
f 554 774 773
f 553 568 554
f 553 567 568
f 554 555 774
f 555 775 774
f 782 783 570
f 782 570 569
f 556 783 776
f 556 570 783
f 567 781 788
f 567 788 580
f 789 790 582
f 789 582 581
f 569 790 782
f 569 582 790
f 580 788 794
f 580 794 593
f 794 795 594
f 794 594 593
f 795 796 595
f 795 595 594
f 796 797 596
f 796 596 595
f 797 798 597
f 797 597 596
f 798 799 598
f 798 598 597
f 581 799 789
f 581 598 799
f 623 624 808
f 624 809 808
f 808 809 826
f 809 827 826
f 623 808 826
f 623 826 640
f 623 641 624
f 623 640 641
f 624 625 809
f 625 810 809
f 809 810 827
f 810 828 827
f 625 626 810
f 626 811 810
f 810 811 828
f 811 829 828
f 626 627 811
f 627 812 811
f 811 812 829
f 812 830 829
f 627 628 812
f 628 813 812
f 812 813 830
f 813 831 830
f 628 629 813
f 629 814 813
f 813 814 831
f 814 832 831
f 629 630 814
f 630 815 814
f 814 815 832
f 815 833 832
f 630 631 815
f 631 816 815
f 815 816 833
f 816 834 833
f 631 834 816
f 631 642 834
f 633 634 817
f 634 818 817
f 817 818 836
f 818 837 836
f 633 817 836
f 633 836 644
f 634 635 818
f 635 819 818
f 818 819 837
f 819 838 837
f 635 636 819
f 636 820 819
f 819 820 838
f 820 839 838
f 636 637 820
f 637 821 820
f 820 821 839
f 821 840 839
f 637 638 821
f 638 822 821
f 821 822 840
f 822 841 840
f 638 841 822
f 638 645 841
f 639 640 825
f 640 826 825
f 639 825 845
f 639 845 647
f 831 832 848
f 832 849 848
f 832 833 849
f 833 850 849
f 833 834 850
f 834 851 850
f 850 851 656
f 850 656 655
f 642 643 834
f 643 835 834
f 834 835 851
f 835 852 851
f 851 852 657
f 851 657 656
f 643 644 835
f 644 836 835
f 835 836 852
f 836 853 852
f 852 853 658
f 852 658 657
f 836 837 853
f 837 854 853
f 837 838 854
f 838 855 854
f 645 646 841
f 646 842 841
f 646 856 842
f 646 659 856
f 647 845 860
f 647 860 661
f 647 662 648
f 647 661 662
f 648 663 649
f 648 662 663
f 649 664 650
f 649 663 664
f 650 665 651
f 650 664 665
f 846 847 861
f 847 862 861
f 651 666 652
f 651 665 666
f 847 848 862
f 848 863 862
f 652 667 653
f 652 666 667
f 848 849 863
f 849 864 863
f 653 668 654
f 653 667 668
f 863 864 668
f 863 668 667
f 849 850 864
f 850 865 864
f 654 669 655
f 654 668 669
f 864 865 669
f 864 669 668
f 655 865 850
f 655 669 865
f 853 854 866
f 854 867 866
f 658 853 866
f 658 866 670
f 866 867 671
f 866 671 670
f 659 660 856
f 660 857 856
f 659 673 660
f 659 672 673
f 660 869 857
f 660 673 869
f 661 860 872
f 661 872 674
f 661 675 662
f 661 674 675
f 872 873 675
f 872 675 674
f 662 676 663
f 662 675 676
f 873 874 676
f 873 676 675
f 663 677 664
f 663 676 677
f 874 875 677
f 874 677 676
f 664 678 665
f 664 677 678
f 875 876 678
f 875 678 677
f 861 862 876
f 862 877 876
f 665 679 666
f 665 678 679
f 876 877 679
f 876 679 678
f 862 863 877
f 863 878 877
f 666 680 667
f 666 679 680
f 877 878 680
f 877 680 679
f 667 878 863
f 667 680 878
f 867 868 879
f 868 880 879
f 671 867 879
f 671 879 681
f 673 882 869
f 673 683 882
f 879 880 892
f 880 893 892
f 681 879 892
f 681 892 691
f 681 692 682
f 681 691 692
f 880 881 893
f 881 894 893
f 683 895 882
f 683 693 895
f 684 685 885
f 685 886 885
f 885 886 898
f 886 899 898
f 684 885 898
f 684 898 695
f 684 696 685
f 684 695 696
f 685 686 886
f 686 887 886
f 886 887 899
f 887 900 899
f 686 687 887
f 687 888 887
f 887 888 900
f 888 901 900
f 687 688 888
f 688 889 888
f 888 889 901
f 889 902 901
f 688 689 889
f 689 890 889
f 889 890 902
f 890 903 902
f 688 698 689
f 688 697 698
f 689 903 890
f 689 698 903
f 690 691 891
f 691 892 891
f 891 892 904
f 892 905 904
f 690 891 904
f 690 904 699
f 690 700 691
f 690 699 700
f 892 893 905
f 893 906 905
f 907 908 702
f 907 702 701
f 693 908 895
f 693 702 908
f 898 899 910
f 899 911 910
f 695 898 910
f 695 910 705
f 899 900 911
f 900 912 911
f 900 901 912
f 901 913 912
f 901 902 913
f 902 914 913
f 902 903 914
f 903 915 914
f 697 707 698
f 697 706 707
f 698 915 903
f 698 707 915
f 904 905 918
f 905 919 918
f 699 904 918
f 699 918 710
f 905 906 919
f 906 920 919
f 701 921 907
f 701 712 921
f 910 911 924
f 911 925 924
f 705 910 924
f 705 924 715
f 912 913 926
f 913 927 926
f 913 914 927
f 914 928 927
f 914 915 928
f 915 929 928
f 706 717 707
f 706 716 717
f 707 708 915
f 708 916 915
f 915 916 929
f 916 930 929
f 707 718 708
f 707 717 718
f 708 930 916
f 708 718 930
f 709 710 917
f 710 918 917
f 917 918 933
f 918 934 933
f 709 917 933
f 709 933 721
f 709 722 710
f 709 721 722
f 918 919 934
f 919 935 934
f 710 723 711
f 710 722 723
f 919 920 935
f 920 936 935
f 712 937 921
f 712 724 937
f 715 924 938
f 715 938 726
f 927 928 939
f 928 940 939
f 928 929 940
f 929 941 940
f 716 728 717
f 716 727 728
f 929 930 941
f 930 942 941
f 717 729 718
f 717 728 729
f 718 719 930
f 719 931 930
f 930 931 942
f 931 943 942
f 718 730 719
f 718 729 730
f 719 943 931
f 719 730 943
f 720 721 932
f 721 933 932
f 932 933 945
f 933 946 945
f 720 932 945
f 720 945 732
f 720 733 721
f 720 732 733
f 933 934 946
f 934 947 946
f 721 734 722
f 721 733 734
f 934 935 947
f 935 948 947
f 935 936 948
f 936 949 948
f 951 952 737
f 951 737 736
f 724 952 937
f 724 737 952
f 726 938 953
f 726 953 739
f 939 940 954
f 940 955 954
f 940 941 955
f 941 956 955
f 941 942 956
f 942 957 956
f 728 742 729
f 728 741 742
f 942 943 957
f 943 958 957
f 729 743 730
f 729 742 743
f 730 731 943
f 731 944 943
f 943 944 958
f 944 959 958
f 730 744 731
f 730 743 744
f 731 732 944
f 732 945 944
f 944 945 959
f 945 960 959
f 731 745 732
f 731 744 745
f 945 946 960
f 946 961 960
f 732 746 733
f 732 745 746
f 946 947 961
f 947 962 961
f 733 747 734
f 733 746 747
f 947 948 962
f 948 963 962
f 734 748 735
f 734 747 748
f 948 949 963
f 949 964 963
f 950 951 965
f 951 966 965
f 736 966 951
f 736 749 966
f 739 953 968
f 739 968 751
f 968 969 752
f 968 752 751
f 955 956 971
f 956 972 971
f 740 755 741
f 740 754 755
f 956 957 972
f 957 973 972
f 741 756 742
f 741 755 756
f 957 958 973
f 958 974 973
f 742 757 743
f 742 756 757
f 958 959 974
f 959 975 974
f 743 758 744
f 743 757 758
f 959 960 975
f 960 976 975
f 744 759 745
f 744 758 759
f 960 961 976
f 961 977 976
f 745 760 746
f 745 759 760
f 961 962 977
f 962 978 977
f 746 761 747
f 746 760 761
f 962 963 978
f 963 979 978
f 749 750 966
f 750 967 966
f 980 981 763
f 980 763 762
f 750 981 967
f 750 763 981
f 969 970 982
f 970 983 982
f 752 969 982
f 752 982 765
f 982 983 766
f 982 766 765
f 983 984 767
f 983 767 766
f 753 768 754
f 753 767 768
f 984 985 768
f 984 768 767
f 754 769 755
f 754 768 769
f 985 986 769
f 985 769 768
f 755 770 756
f 755 769 770
f 756 771 757
f 756 770 771
f 757 772 758
f 757 771 772
f 975 976 987
f 976 988 987
f 758 773 759
f 758 772 773
f 976 977 988
f 977 989 988
f 759 774 760
f 759 773 774
f 760 775 761
f 760 774 775
f 762 990 980
f 762 776 990
f 769 986 992
f 769 992 777
f 769 778 770
f 769 777 778
f 770 779 771
f 770 778 779
f 771 780 772
f 771 779 780
f 993 994 783
f 993 783 782
f 776 994 990
f 776 783 994
f 777 992 996
f 777 996 784
f 777 785 778
f 777 784 785
f 996 997 785
f 996 785 784
f 778 786 779
f 778 785 786
f 779 787 780
f 779 786 787
f 780 788 781
f 780 787 788
f 782 999 993
f 782 790 999
f 785 997 1002
f 785 1002 791
f 785 792 786
f 785 791 792
f 1002 1003 792
f 1002 792 791
f 786 793 787
f 786 792 793
f 787 794 788
f 787 793 794
f 1006 1007 799
f 1006 799 798
f 998 999 1007
f 999 1008 1007
f 789 800 790
f 789 799 800
f 1007 1008 800
f 1007 800 799
f 790 1008 999
f 790 800 1008
f 792 1003 1011
f 792 1011 801
f 792 802 793
f 792 801 802
f 1011 1012 802
f 1011 802 801
f 793 803 794
f 793 802 803
f 1012 1013 803
f 1012 803 802
f 794 804 795
f 794 803 804
f 1013 1014 804
f 1013 804 803
f 795 805 796
f 795 804 805
f 1014 1015 805
f 1014 805 804
f 1004 1005 1015
f 1005 1016 1015
f 796 806 797
f 796 805 806
f 1015 1016 806
f 1015 806 805
f 1005 1006 1016
f 1006 1017 1016
f 797 807 798
f 797 806 807
f 1016 1017 807
f 1016 807 806
f 798 1017 1006
f 798 807 1017
f 822 823 1023
f 823 1024 1023
f 1023 1024 1037
f 1024 1038 1037
f 822 1023 1037
f 822 1037 841
f 822 842 823
f 822 841 842
f 823 824 1024
f 824 1025 1024
f 823 843 824
f 823 842 843
f 824 1039 1025
f 824 843 1039
f 825 826 1027
f 826 1028 1027
f 825 1027 1043
f 825 1043 845
f 826 827 1028
f 827 1029 1028
f 827 828 1029
f 828 1030 1029
f 828 829 1030
f 829 1031 1030
f 829 830 1031
f 830 1032 1031
f 1045 1046 847
f 1045 847 846
f 830 831 1032
f 831 1033 1032
f 1032 1033 1046
f 1033 1047 1046
f 1046 1047 848
f 1046 848 847
f 831 1047 1033
f 831 848 1047
f 838 839 1034
f 839 1035 1034
f 1034 1035 1049
f 1035 1050 1049
f 838 1034 1049
f 838 1049 855
f 839 840 1035
f 840 1036 1035
f 840 841 1036
f 841 1037 1036
f 842 857 843
f 842 856 857
f 843 844 1039
f 844 1040 1039
f 843 858 844
f 843 857 858
f 844 1051 1040
f 844 858 1051
f 845 1043 1054
f 845 1054 860
f 1044 1045 1055
f 1045 1056 1055
f 846 1056 1045
f 846 861 1056
f 854 855 1048
f 855 1049 1048
f 1048 1049 1057
f 1049 1058 1057
f 854 1048 1057
f 854 1057 867
f 1057 1058 868
f 1057 868 867
f 1049 1050 1058
f 1050 1059 1058
f 857 870 858
f 857 869 870
f 858 859 1051
f 859 1052 1051
f 858 871 859
f 858 870 871
f 1060 1061 871
f 1060 871 870
f 859 1061 1052
f 859 871 1061
f 860 1054 1062
f 860 1062 872
f 1062 1063 873
f 1062 873 872
f 1063 1064 874
f 1063 874 873
f 1064 1065 875
f 1064 875 874
f 1055 1056 1065
f 1056 1066 1065
f 1065 1066 876
f 1065 876 875
f 861 1066 1056
f 861 876 1066
f 1058 1059 1067
f 1059 1068 1067
f 868 1058 1067
f 868 1067 880
f 1067 1068 881
f 1067 881 880
f 869 883 870
f 869 882 883
f 870 1070 1060
f 870 883 1070
f 1068 1069 1073
f 1069 1074 1073
f 881 1068 1073
f 881 1073 894
f 882 896 883
f 882 895 896
f 883 884 1070
f 884 1071 1070
f 883 897 884
f 883 896 897
f 1075 1076 897
f 1075 897 896
f 884 1076 1071
f 884 897 1076
f 893 894 1072
f 894 1073 1072
f 1072 1073 1077
f 1073 1078 1077
f 893 1072 1077
f 893 1077 906
f 895 909 896
f 895 908 909
f 896 1079 1075
f 896 909 1079
f 1077 1078 1085
f 1078 1086 1085
f 906 1077 1085
f 906 1085 920
f 907 922 908
f 907 921 922
f 1087 1088 922
f 1087 922 921
f 908 923 909
f 908 922 923
f 1088 1089 923
f 1088 923 922
f 909 1089 1079
f 909 923 1089
f 911 912 1082
f 912 1083 1082
f 911 1082 1091
f 911 1091 925
f 912 1092 1083
f 912 926 1092
f 1085 1086 1094
f 1086 1095 1094
f 920 1085 1094
f 920 1094 936
f 921 1096 1087
f 921 937 1096
f 924 925 1090
f 925 1091 1090
f 1090 1091 1098
f 1091 1099 1098
f 924 1090 1098
f 924 1098 938
f 1091 1092 1099
f 1092 1100 1099
f 926 927 1092
f 927 1093 1092
f 1092 1093 1100
f 1093 1101 1100
f 927 1101 1093
f 927 939 1101
f 936 1094 1102
f 936 1102 949
f 1104 1105 951
f 1104 951 950
f 1105 1106 952
f 1105 952 951
f 937 1106 1096
f 937 952 1106
f 1098 1099 1107
f 1099 1108 1107
f 938 1098 1107
f 938 1107 953
f 1100 1101 1109
f 1101 1110 1109
f 939 1110 1101
f 939 954 1110
f 1102 1103 1113
f 1103 1114 1113
f 949 1102 1113
f 949 1113 964
f 1103 1104 1114
f 1104 1115 1114
f 950 1115 1104
f 950 965 1115
f 1107 1108 1118
f 1108 1119 1118
f 953 1107 1118
f 953 1118 968
f 1118 1119 969
f 1118 969 968
f 1108 1109 1119
f 1109 1120 1119
f 1119 1120 970
f 1119 970 969
f 1109 1110 1120
f 1110 1121 1120
f 954 955 1110
f 955 1111 1110
f 1110 1111 1121
f 1111 1122 1121
f 955 1122 1111
f 955 971 1122
f 963 964 1112
f 964 1113 1112
f 1112 1113 1129
f 1113 1130 1129
f 963 1112 1129
f 963 1129 979
f 965 966 1115
f 966 1116 1115
f 966 967 1116
f 967 1117 1116
f 1133 1134 981
f 1133 981 980
f 967 1134 1117
f 967 981 1134
f 1120 1121 1135
f 1121 1136 1135
f 970 1120 1135
f 970 1135 983
f 1135 1136 984
f 1135 984 983
f 1136 1137 985
f 1136 985 984
f 971 972 1122
f 972 1123 1122
f 1122 1123 1137
f 1123 1138 1137
f 972 973 1123
f 973 1124 1123
f 1123 1124 1138
f 1124 1139 1138
f 973 974 1124
f 974 1125 1124
f 1124 1125 1139
f 1125 1140 1139
f 974 975 1125
f 975 1126 1125
f 1125 1126 1140
f 1126 1141 1140
f 975 1141 1126
f 975 987 1141
f 977 978 1127
f 978 1128 1127
f 1127 1128 1143
f 1128 1144 1143
f 977 1127 1143
f 977 1143 989
f 978 979 1128
f 979 1129 1128
f 1128 1129 1144
f 1129 1145 1144
f 1129 1130 1145
f 1130 1146 1145
f 1130 1131 1146
f 1131 1147 1146
f 1131 1132 1147
f 1132 1148 1147
f 1132 1133 1148
f 1133 1149 1148
f 980 1149 1133
f 980 990 1149
f 1137 1138 1150
f 1138 1151 1150
f 985 1137 1150
f 985 1150 991
f 985 992 986
f 985 991 992
f 987 988 1141
f 988 1142 1141
f 988 989 1142
f 989 1143 1142
f 990 1157 1149
f 990 994 1157
f 991 1150 1158
f 991 1158 995
f 991 996 992
f 991 995 996
f 1158 1159 996
f 1158 996 995
f 1152 1153 1160
f 1153 1161 1160
f 1153 1154 1161
f 1154 1162 1161
f 1154 1155 1162
f 1155 1163 1162
f 1155 1156 1163
f 1156 1164 1163
f 1163 1164 999
f 1163 999 998
f 1156 1157 1164
f 1157 1165 1164
f 993 1000 994
f 993 999 1000
f 1164 1165 1000
f 1164 1000 999
f 994 1165 1157
f 994 1000 1165
f 996 1159 1166
f 996 1166 1001
f 996 1002 997
f 996 1001 1002
f 1166 1167 1002
f 1166 1002 1001
f 1169 1170 1005
f 1169 1005 1004
f 1170 1171 1006
f 1170 1006 1005
f 1162 1163 1171
f 1163 1172 1171
f 1171 1172 1007
f 1171 1007 1006
f 998 1172 1163
f 998 1007 1172
f 1002 1167 1174
f 1002 1174 1010
f 1002 1011 1003
f 1002 1010 1011
f 1175 1176 1014
f 1175 1014 1013
f 1168 1169 1176
f 1169 1177 1176
f 1176 1177 1015
f 1176 1015 1014
f 1004 1177 1169
f 1004 1015 1177
f 1009 1010 1173
f 1010 1174 1173
f 1009 1173 1178
f 1009 1178 1018
f 1009 1019 1010
f 1009 1018 1019
f 1178 1179 1019
f 1178 1019 1018
f 1010 1020 1011
f 1010 1019 1020
f 1179 1180 1020
f 1179 1020 1019
f 1011 1021 1012
f 1011 1020 1021
f 1180 1181 1021
f 1180 1021 1020
f 1012 1022 1013
f 1012 1021 1022
f 1181 1182 1022
f 1181 1022 1021
f 1013 1182 1175
f 1013 1022 1182
f 1024 1025 1188
f 1025 1189 1188
f 1024 1188 1203
f 1024 1203 1038
f 1025 1026 1189
f 1026 1190 1189
f 1025 1040 1026
f 1025 1039 1040
f 1026 1204 1190
f 1026 1040 1204
f 1027 1028 1194
f 1028 1195 1194
f 1194 1195 1209
f 1195 1210 1209
f 1027 1194 1209
f 1027 1209 1043
f 1028 1029 1195
f 1029 1196 1195
f 1195 1196 1210
f 1196 1211 1210
f 1029 1030 1196
f 1030 1197 1196
f 1196 1197 1211
f 1197 1212 1211
f 1030 1031 1197
f 1031 1198 1197
f 1197 1198 1212
f 1198 1213 1212
f 1212 1213 1045
f 1212 1045 1044
f 1031 1032 1198
f 1032 1199 1198
f 1198 1199 1213
f 1199 1214 1213
f 1213 1214 1046
f 1213 1046 1045
f 1032 1214 1199
f 1032 1046 1214
f 1035 1036 1200
f 1036 1201 1200
f 1200 1201 1215
f 1201 1216 1215
f 1035 1200 1215
f 1035 1215 1050
f 1036 1037 1201
f 1037 1202 1201
f 1037 1038 1202
f 1038 1203 1202
f 1040 1041 1204
f 1041 1205 1204
f 1040 1052 1041
f 1040 1051 1052
f 1041 1217 1205
f 1041 1052 1217
f 1042 1043 1208
f 1043 1209 1208
f 1208 1209 1220
f 1209 1221 1220
f 1042 1208 1220
f 1042 1220 1053
f 1042 1054 1043
f 1042 1053 1054
f 1220 1221 1054
f 1220 1054 1053
f 1209 1210 1221
f 1210 1222 1221
f 1210 1211 1222
f 1211 1223 1222
f 1211 1212 1223
f 1212 1224 1223
f 1044 1224 1212
f 1044 1055 1224
f 1215 1216 1225
f 1216 1226 1225
f 1050 1215 1225
f 1050 1225 1059
f 1052 1227 1217
f 1052 1061 1227
f 1221 1222 1230
f 1222 1231 1230
f 1054 1221 1230
f 1054 1230 1062
f 1230 1231 1063
f 1230 1063 1062
f 1222 1223 1231
f 1223 1232 1231
f 1231 1232 1064
f 1231 1064 1063
f 1223 1224 1232
f 1224 1233 1232
f 1232 1233 1065
f 1232 1065 1064
f 1055 1233 1224
f 1055 1065 1233
f 1225 1226 1234
f 1226 1235 1234
f 1059 1225 1234
f 1059 1234 1068
f 1234 1235 1069
f 1234 1069 1068
f 1060 1071 1061
f 1060 1070 1071
f 1061 1237 1227
f 1061 1071 1237
f 1235 1236 1241
f 1236 1242 1241
f 1069 1235 1241
f 1069 1241 1074
f 1071 1243 1237
f 1071 1076 1243
f 1073 1074 1240
f 1074 1241 1240
f 1240 1241 1246
f 1241 1247 1246
f 1073 1240 1246
f 1073 1246 1078
f 1075 1080 1076
f 1075 1079 1080
f 1248 1249 1080
f 1248 1080 1079
f 1076 1249 1243
f 1076 1080 1249
f 1246 1247 1256
f 1247 1257 1256
f 1078 1246 1256
f 1078 1256 1086
f 1258 1259 1089
f 1258 1089 1088
f 1079 1259 1248
f 1079 1089 1259
f 1081 1082 1252
f 1082 1253 1252
f 1252 1253 1263
f 1253 1264 1263
f 1081 1252 1263
f 1081 1263 1090
f 1081 1091 1082
f 1081 1090 1091
f 1263 1264 1091
f 1263 1091 1090
f 1082 1083 1253
f 1083 1254 1253
f 1253 1254 1264
f 1254 1265 1264
f 1264 1265 1092
f 1264 1092 1091
f 1083 1084 1254
f 1084 1255 1254
f 1254 1255 1265
f 1255 1266 1265
f 1083 1093 1084
f 1083 1092 1093
f 1265 1266 1093
f 1265 1093 1092
f 1084 1266 1255
f 1084 1093 1266
f 1256 1257 1268
f 1257 1269 1268
f 1086 1256 1268
f 1086 1268 1095
f 1087 1097 1088
f 1087 1096 1097
f 1271 1272 1097
f 1271 1097 1096
f 1088 1272 1258
f 1088 1097 1272
f 1094 1095 1267
f 1095 1268 1267
f 1267 1268 1279
f 1268 1280 1279
f 1094 1267 1279
f 1094 1279 1102
f 1279 1280 1103
f 1279 1103 1102
f 1268 1269 1280
f 1269 1281 1280
f 1280 1281 1104
f 1280 1104 1103
f 1269 1270 1281
f 1270 1282 1281
f 1281 1282 1105
f 1281 1105 1104
f 1282 1283 1106
f 1282 1106 1105
f 1096 1283 1271
f 1096 1106 1283
f 1099 1100 1277
f 1100 1278 1277
f 1277 1278 1289
f 1278 1290 1289
f 1099 1277 1289
f 1099 1289 1108
f 1289 1290 1109
f 1289 1109 1108
f 1100 1290 1278
f 1100 1109 1290
f 1113 1114 1291
f 1114 1292 1291
f 1291 1292 1302
f 1292 1303 1302
f 1113 1291 1302
f 1113 1302 1130
f 1302 1303 1131
f 1302 1131 1130
f 1114 1115 1292
f 1115 1293 1292
f 1292 1293 1303
f 1293 1304 1303
f 1303 1304 1132
f 1303 1132 1131
f 1115 1116 1293
f 1116 1294 1293
f 1293 1294 1304
f 1294 1305 1304
f 1304 1305 1133
f 1304 1133 1132
f 1116 1117 1294
f 1117 1295 1294
f 1294 1295 1305
f 1295 1306 1305
f 1305 1306 1134
f 1305 1134 1133
f 1117 1306 1295
f 1117 1134 1306
f 1121 1122 1300
f 1122 1301 1300
f 1300 1301 1311
f 1301 1312 1311
f 1121 1300 1311
f 1121 1311 1136
f 1311 1312 1137
f 1311 1137 1136
f 1122 1312 1301
f 1122 1137 1312
f 1138 1139 1313
f 1139 1314 1313
f 1313 1314 1331
f 1314 1332 1331
f 1138 1313 1331
f 1138 1331 1151
f 1139 1140 1314
f 1140 1315 1314
f 1314 1315 1332
f 1315 1333 1332
f 1140 1141 1315
f 1141 1316 1315
f 1315 1316 1333
f 1316 1334 1333
f 1141 1142 1316
f 1142 1317 1316
f 1316 1317 1334
f 1317 1335 1334
f 1142 1143 1317
f 1143 1318 1317
f 1317 1318 1335
f 1318 1336 1335
f 1143 1144 1318
f 1144 1319 1318
f 1318 1319 1336
f 1319 1337 1336
f 1144 1145 1319
f 1145 1320 1319
f 1319 1320 1337
f 1320 1338 1337
f 1337 1338 1153
f 1337 1153 1152
f 1145 1146 1320
f 1146 1321 1320
f 1320 1321 1338
f 1321 1339 1338
f 1338 1339 1154
f 1338 1154 1153
f 1146 1147 1321
f 1147 1322 1321
f 1321 1322 1339
f 1322 1340 1339
f 1339 1340 1155
f 1339 1155 1154
f 1147 1148 1322
f 1148 1323 1322
f 1322 1323 1340
f 1323 1341 1340
f 1340 1341 1156
f 1340 1156 1155
f 1148 1149 1323
f 1149 1324 1323
f 1323 1324 1341
f 1324 1342 1341
f 1341 1342 1157
f 1341 1157 1156
f 1149 1342 1324
f 1149 1157 1342
f 1150 1151 1330
f 1151 1331 1330
f 1150 1330 1348
f 1150 1348 1158
f 1348 1349 1159
f 1348 1159 1158
f 1334 1335 1350
f 1335 1351 1350
f 1335 1336 1351
f 1336 1352 1351
f 1336 1337 1352
f 1337 1353 1352
f 1152 1353 1337
f 1152 1160 1353
f 1159 1349 1365
f 1159 1365 1166
f 1366 1367 1169
f 1366 1169 1168
f 1160 1161 1353
f 1161 1354 1353
f 1367 1368 1170
f 1367 1170 1169
f 1161 1162 1354
f 1162 1355 1354
f 1368 1369 1171
f 1368 1171 1170
f 1162 1369 1355
f 1162 1171 1369
f 1166 1365 1377
f 1166 1377 1173
f 1166 1174 1167
f 1166 1173 1174
f 1378 1379 1176
f 1378 1176 1175
f 1168 1379 1366
f 1168 1176 1379
f 1173 1377 1384
f 1173 1384 1178
f 1384 1385 1179
f 1384 1179 1178
f 1385 1386 1180
f 1385 1180 1179
f 1386 1387 1181
f 1386 1181 1180
f 1387 1388 1182
f 1387 1182 1181
f 1175 1388 1378
f 1175 1182 1388
f 1183 1184 1390
f 1184 1391 1390
f 1183 1390 1394
f 1183 1394 1187
f 1183 1188 1184
f 1183 1187 1188
f 1184 1185 1391
f 1185 1392 1391
f 1184 1189 1185
f 1184 1188 1189
f 1185 1186 1392
f 1186 1393 1392
f 1185 1190 1186
f 1185 1189 1190
f 1186 1395 1393
f 1186 1190 1395
f 1187 1394 1400
f 1187 1400 1202
f 1187 1203 1188
f 1187 1202 1203
f 1190 1191 1395
f 1191 1396 1395
f 1190 1205 1191
f 1190 1204 1205
f 1191 1192 1396
f 1192 1397 1396
f 1191 1206 1192
f 1191 1205 1206
f 1192 1193 1397
f 1193 1398 1397
f 1397 1398 1401
f 1398 1402 1401
f 1192 1207 1193
f 1192 1206 1207
f 1193 1402 1398
f 1193 1207 1402
f 1201 1202 1399
f 1202 1400 1399
f 1201 1399 1403
f 1201 1403 1216
f 1205 1218 1206
f 1205 1217 1218
f 1206 1219 1207
f 1206 1218 1219
f 1207 1404 1402
f 1207 1219 1404
f 1216 1403 1405
f 1216 1405 1226
f 1217 1228 1218
f 1217 1227 1228
f 1218 1229 1219
f 1218 1228 1229
f 1219 1406 1404
f 1219 1229 1406
f 1226 1405 1407
f 1226 1407 1235
f 1407 1408 1236
f 1407 1236 1235
f 1227 1238 1228
f 1227 1237 1238
f 1228 1239 1229
f 1228 1238 1239
f 1229 1409 1406
f 1229 1239 1409
f 1236 1408 1411
f 1236 1411 1242
f 1237 1244 1238
f 1237 1243 1244
f 1238 1245 1239
f 1238 1244 1245
f 1239 1412 1409
f 1239 1245 1412
f 1241 1242 1410
f 1242 1411 1410
f 1241 1410 1413
f 1241 1413 1247
f 1243 1250 1244
f 1243 1249 1250
f 1244 1251 1245
f 1244 1250 1251
f 1245 1414 1412
f 1245 1251 1414
f 1247 1413 1415
f 1247 1415 1257
f 1248 1260 1249
f 1248 1259 1260
f 1249 1261 1250
f 1249 1260 1261
f 1250 1262 1251
f 1250 1261 1262
f 1251 1416 1414
f 1251 1262 1416
f 1257 1415 1417
f 1257 1417 1269
f 1417 1418 1270
f 1417 1270 1269
f 1258 1273 1259
f 1258 1272 1273
f 1259 1274 1260
f 1259 1273 1274
f 1260 1275 1261
f 1260 1274 1275
f 1261 1276 1262
f 1261 1275 1276
f 1262 1419 1416
f 1262 1276 1419
f 1270 1418 1421
f 1270 1421 1282
f 1271 1284 1272
f 1271 1283 1284
f 1272 1285 1273
f 1272 1284 1285
f 1273 1286 1274
f 1273 1285 1286
f 1274 1287 1275
f 1274 1286 1287
f 1275 1288 1276
f 1275 1287 1288
f 1422 1423 1288
f 1422 1288 1287
f 1276 1423 1419
f 1276 1288 1423
f 1282 1421 1425
f 1282 1425 1294
f 1282 1295 1283
f 1282 1294 1295
f 1425 1426 1295
f 1425 1295 1294
f 1283 1296 1284
f 1283 1295 1296
f 1284 1297 1285
f 1284 1296 1297
f 1285 1298 1286
f 1285 1297 1298
f 1286 1299 1287
f 1286 1298 1299
f 1287 1427 1422
f 1287 1299 1427
f 1295 1426 1429
f 1295 1429 1306
f 1295 1307 1296
f 1295 1306 1307
f 1296 1308 1297
f 1296 1307 1308
f 1297 1309 1298
f 1297 1308 1309
f 1298 1310 1299
f 1298 1309 1310
f 1299 1431 1427
f 1299 1310 1431
f 1305 1306 1428
f 1306 1429 1428
f 1305 1428 1432
f 1305 1432 1324
f 1305 1325 1306
f 1305 1324 1325
f 1306 1326 1307
f 1306 1325 1326
f 1307 1327 1308
f 1307 1326 1327
f 1308 1328 1309
f 1308 1327 1328
f 1430 1431 1433
f 1431 1434 1433
f 1309 1329 1310
f 1309 1328 1329
f 1433 1434 1329
f 1433 1329 1328
f 1310 1434 1431
f 1310 1329 1434
f 1324 1432 1442
f 1324 1442 1342
f 1324 1343 1325
f 1324 1342 1343
f 1325 1344 1326
f 1325 1343 1344
f 1326 1345 1327
f 1326 1344 1345
f 1327 1346 1328
f 1327 1345 1346
f 1328 1443 1433
f 1328 1346 1443
f 1330 1331 1435
f 1331 1436 1435
f 1435 1436 1445
f 1436 1446 1445
f 1330 1435 1445
f 1330 1445 1348
f 1331 1332 1436
f 1332 1437 1436
f 1436 1437 1446
f 1437 1447 1446
f 1332 1333 1437
f 1333 1438 1437
f 1437 1438 1447
f 1438 1448 1447
f 1333 1334 1438
f 1334 1439 1438
f 1438 1439 1448
f 1439 1449 1448
f 1334 1449 1439
f 1334 1350 1449
f 1340 1341 1440
f 1341 1441 1440
f 1440 1441 1455
f 1441 1456 1455
f 1340 1440 1455
f 1340 1455 1356
f 1340 1357 1341
f 1340 1356 1357
f 1455 1456 1357
f 1455 1357 1356
f 1341 1342 1441
f 1342 1442 1441
f 1341 1358 1342
f 1341 1357 1358
f 1342 1359 1343
f 1342 1358 1359
f 1343 1360 1344
f 1343 1359 1360
f 1344 1361 1345
f 1344 1360 1361
f 1345 1362 1346
f 1345 1361 1362
f 1346 1347 1443
f 1347 1444 1443
f 1346 1363 1347
f 1346 1362 1363
f 1457 1458 1363
f 1457 1363 1362
f 1347 1458 1444
f 1347 1363 1458
f 1348 1445 1459
f 1348 1459 1364
f 1348 1365 1349
f 1348 1364 1365
f 1350 1351 1449
f 1351 1450 1449
f 1351 1352 1450
f 1352 1451 1450
f 1352 1353 1451
f 1353 1452 1451
f 1451 1452 1461
f 1452 1462 1461
f 1353 1354 1452
f 1354 1453 1452
f 1452 1453 1462
f 1453 1463 1462
f 1462 1463 1368
f 1462 1368 1367
f 1354 1355 1453
f 1355 1454 1453
f 1453 1454 1463
f 1454 1464 1463
f 1463 1464 1369
f 1463 1369 1368
f 1355 1464 1454
f 1355 1369 1464
f 1357 1456 1466
f 1357 1466 1370
f 1357 1371 1358
f 1357 1370 1371
f 1466 1467 1371
f 1466 1371 1370
f 1358 1372 1359
f 1358 1371 1372
f 1467 1468 1372
f 1467 1372 1371
f 1359 1373 1360
f 1359 1372 1373
f 1468 1469 1373
f 1468 1373 1372
f 1360 1374 1361
f 1360 1373 1374
f 1361 1375 1362
f 1361 1374 1375
f 1470 1471 1375
f 1470 1375 1374
f 1362 1471 1457
f 1362 1375 1471
f 1364 1459 1474
f 1364 1474 1376
f 1364 1377 1365
f 1364 1376 1377
f 1460 1461 1475
f 1461 1476 1475
f 1461 1462 1476
f 1462 1477 1476
f 1366 1380 1367
f 1366 1379 1380
f 1476 1477 1380
f 1476 1380 1379
f 1367 1477 1462
f 1367 1380 1477
f 1373 1469 1480
f 1373 1480 1381
f 1373 1382 1374
f 1373 1381 1382
f 1480 1481 1382
f 1480 1382 1381
f 1374 1481 1470
f 1374 1382 1481
f 1376 1474 1484
f 1376 1484 1383
f 1376 1384 1377
f 1376 1383 1384
f 1484 1485 1384
f 1484 1384 1383
f 1485 1486 1385
f 1485 1385 1384
f 1486 1487 1386
f 1486 1386 1385
f 1487 1488 1387
f 1487 1387 1386
f 1488 1489 1388
f 1488 1388 1387
f 1475 1476 1489
f 1476 1490 1489
f 1378 1389 1379
f 1378 1388 1389
f 1489 1490 1389
f 1489 1389 1388
f 1379 1490 1476
f 1379 1389 1490
f 1390 1391 1496
f 1391 1497 1496
f 1390 1496 1502
f 1390 1502 1394
f 1391 1392 1497
f 1392 1498 1497
f 1392 1393 1498
f 1393 1499 1498
f 1393 1504 1499
f 1393 1395 1504
f 1502 1503 1508
f 1503 1509 1508
f 1394 1502 1508
f 1394 1508 1400
f 1395 1396 1504
f 1396 1505 1504
f 1396 1397 1505
f 1397 1506 1505
f 1397 1510 1506
f 1397 1401 1510
f 1399 1400 1507
f 1400 1508 1507
f 1507 1508 1512
f 1508 1513 1512
f 1399 1507 1512
f 1399 1512 1403
f 1401 1402 1510
f 1402 1511 1510
f 1402 1514 1511
f 1402 1404 1514
f 1512 1513 1515
f 1513 1516 1515
f 1403 1512 1515
f 1403 1515 1405
f 1404 1517 1514
f 1404 1406 1517
f 1515 1516 1518
f 1516 1519 1518
f 1405 1515 1518
f 1405 1518 1407
f 1518 1519 1408
f 1518 1408 1407
f 1406 1520 1517
f 1406 1409 1520
f 1408 1519 1522
f 1408 1522 1411
f 1409 1523 1520
f 1409 1412 1523
f 1410 1411 1521
f 1411 1522 1521
f 1521 1522 1524
f 1522 1525 1524
f 1410 1521 1524
f 1410 1524 1413
f 1412 1526 1523
f 1412 1414 1526
f 1524 1525 1527
f 1525 1528 1527
f 1413 1524 1527
f 1413 1527 1415
f 1414 1529 1526
f 1414 1416 1529
f 1527 1528 1530
f 1528 1531 1530
f 1415 1527 1530
f 1415 1530 1417
f 1530 1531 1418
f 1530 1418 1417
f 1416 1532 1529
f 1416 1419 1532
f 1418 1531 1534
f 1418 1534 1421
f 1535 1536 1423
f 1535 1423 1422
f 1419 1536 1532
f 1419 1423 1536
f 1420 1421 1533
f 1421 1534 1533
f 1533 1534 1537
f 1534 1538 1537
f 1420 1533 1537
f 1420 1537 1424
f 1420 1425 1421
f 1420 1424 1425
f 1537 1538 1425
f 1537 1425 1424
f 1538 1539 1426
f 1538 1426 1425
f 1422 1540 1535
f 1422 1427 1540
f 1426 1539 1543
f 1426 1543 1429
f 1544 1545 1431
f 1544 1431 1430
f 1427 1545 1540
f 1427 1431 1545
f 1428 1429 1542
f 1429 1543 1542
f 1542 1543 1547
f 1543 1548 1547
f 1428 1542 1547
f 1428 1547 1432
f 1430 1549 1544
f 1430 1433 1549
f 1432 1547 1553
f 1432 1553 1442
f 1433 1434 1549
f 1434 1550 1549
f 1433 1444 1434
f 1433 1443 1444
f 1434 1554 1550
f 1434 1444 1554
f 1441 1442 1552
f 1442 1553 1552
f 1441 1552 1565
f 1441 1565 1456
f 1444 1566 1554
f 1444 1458 1566
f 1445 1446 1556
f 1446 1557 1556
f 1556 1557 1569
f 1557 1570 1569
f 1445 1556 1569
f 1445 1569 1459
f 1446 1447 1557
f 1447 1558 1557
f 1557 1558 1570
f 1558 1571 1570
f 1447 1448 1558
f 1448 1559 1558
f 1558 1559 1571
f 1559 1572 1571
f 1448 1449 1559
f 1449 1560 1559
f 1559 1560 1572
f 1560 1573 1572
f 1449 1450 1560
f 1450 1561 1560
f 1560 1561 1573
f 1561 1574 1573
f 1450 1451 1561
f 1451 1562 1561
f 1561 1562 1574
f 1562 1575 1574
f 1574 1575 1461
f 1574 1461 1460
f 1451 1575 1562
f 1451 1461 1575
f 1455 1456 1564
f 1456 1565 1564
f 1455 1564 1577
f 1455 1577 1465
f 1455 1466 1456
f 1455 1465 1466
f 1577 1578 1466
f 1577 1466 1465
f 1578 1579 1467
f 1578 1467 1466
f 1457 1472 1458
f 1457 1471 1472
f 1580 1581 1472
f 1580 1472 1471
f 1458 1581 1566
f 1458 1472 1581
f 1459 1569 1583
f 1459 1583 1474
f 1573 1574 1584
f 1574 1585 1584
f 1460 1585 1574
f 1460 1475 1585
f 1467 1579 1589
f 1467 1589 1478
f 1467 1479 1468
f 1467 1478 1479
f 1589 1590 1479
f 1589 1479 1478
f 1468 1480 1469
f 1468 1479 1480
f 1590 1591 1480
f 1590 1480 1479
f 1591 1592 1481
f 1591 1481 1480
f 1470 1482 1471
f 1470 1481 1482
f 1592 1593 1482
f 1592 1482 1481
f 1471 1593 1580
f 1471 1482 1593
f 1473 1474 1582
f 1474 1583 1582
f 1473 1582 1595
f 1473 1595 1483
f 1473 1484 1474
f 1473 1483 1484
f 1595 1596 1484
f 1595 1484 1483
f 1596 1597 1485
f 1596 1485 1484
f 1597 1598 1486
f 1597 1486 1485
f 1598 1599 1487
f 1598 1487 1486
f 1599 1600 1488
f 1599 1488 1487
f 1584 1585 1600
f 1585 1601 1600
f 1600 1601 1489
f 1600 1489 1488
f 1475 1601 1585
f 1475 1489 1601
f 1491 1492 1603
f 1492 1604 1603
f 1491 1603 1608
f 1491 1608 1496
f 1491 1497 1492
f 1491 1496 1497
f 1492 1493 1604
f 1493 1605 1604
f 1492 1498 1493
f 1492 1497 1498
f 1493 1494 1605
f 1494 1606 1605
f 1605 1606 1609
f 1606 1610 1609
f 1493 1499 1494
f 1493 1498 1499
f 1494 1610 1606
f 1494 1499 1610
f 1495 1496 1607
f 1496 1608 1607
f 1495 1607 1612
f 1495 1612 1501
f 1495 1502 1496
f 1495 1501 1502
f 1612 1613 1502
f 1612 1502 1501
f 1613 1614 1503
f 1613 1503 1502
f 1499 1500 1610
f 1500 1611 1610
f 1610 1611 1615
f 1611 1616 1615
f 1499 1505 1500
f 1499 1504 1505
f 1500 1616 1611
f 1500 1505 1616
f 1503 1614 1619
f 1503 1619 1509
f 1505 1506 1616
f 1506 1617 1616
f 1506 1620 1617
f 1506 1510 1620
f 1508 1509 1618
f 1509 1619 1618
f 1508 1618 1623
f 1508 1623 1513
f 1510 1511 1620
f 1511 1621 1620
f 1620 1621 1624
f 1621 1625 1624
f 1511 1625 1621
f 1511 1514 1625
f 1513 1623 1627
f 1513 1627 1516
f 1514 1628 1625
f 1514 1517 1628
f 1516 1627 1629
f 1516 1629 1519
f 1517 1630 1628
f 1517 1520 1630
f 1519 1629 1632
f 1519 1632 1522
f 1520 1633 1630
f 1520 1523 1633
f 1522 1632 1635
f 1522 1635 1525
f 1523 1636 1633
f 1523 1526 1636
f 1525 1635 1638
f 1525 1638 1528
f 1526 1639 1636
f 1526 1529 1639
f 1528 1638 1641
f 1528 1641 1531
f 1529 1642 1639
f 1529 1532 1642
f 1531 1641 1643
f 1531 1643 1534
f 1532 1644 1642
f 1532 1536 1644
f 1534 1643 1645
f 1534 1645 1538
f 1645 1646 1539
f 1645 1539 1538
f 1535 1541 1536
f 1535 1540 1541
f 1536 1647 1644
f 1536 1541 1647
f 1539 1646 1649
f 1539 1649 1543
f 1540 1546 1541
f 1540 1545 1546
f 1541 1650 1647
f 1541 1546 1650
f 1543 1649 1652
f 1543 1652 1548
f 1544 1550 1545
f 1544 1549 1550
f 1545 1551 1546
f 1545 1550 1551
f 1546 1653 1650
f 1546 1551 1653
f 1547 1548 1651
f 1548 1652 1651
f 1547 1651 1656
f 1547 1656 1553
f 1550 1555 1551
f 1550 1554 1555
f 1551 1657 1653
f 1551 1555 1657
f 1552 1553 1655
f 1553 1656 1655
f 1552 1655 1664
f 1552 1664 1565
f 1554 1567 1555
f 1554 1566 1567
f 1665 1666 1567
f 1665 1567 1566
f 1555 1666 1657
f 1555 1567 1666
f 1563 1564 1662
f 1564 1663 1662
f 1563 1662 1674
f 1563 1674 1576
f 1563 1577 1564
f 1563 1576 1577
f 1564 1565 1663
f 1565 1664 1663
f 1566 1675 1665
f 1566 1581 1675
f 1568 1569 1668
f 1569 1669 1668
f 1568 1668 1679
f 1568 1679 1582
f 1568 1583 1569
f 1568 1582 1583
f 1569 1570 1669
f 1570 1670 1669
f 1570 1571 1670
f 1571 1671 1670
f 1571 1572 1671
f 1572 1672 1671
f 1572 1573 1672
f 1573 1673 1672
f 1672 1673 1680
f 1673 1681 1680
f 1573 1681 1673
f 1573 1584 1681
f 1576 1674 1682
f 1576 1682 1586
f 1576 1587 1577
f 1576 1586 1587
f 1682 1683 1587
f 1682 1587 1586
f 1577 1588 1578
f 1577 1587 1588
f 1683 1684 1588
f 1683 1588 1587
f 1578 1589 1579
f 1578 1588 1589
f 1684 1685 1589
f 1684 1589 1588
f 1685 1686 1590
f 1685 1590 1589
f 1686 1687 1591
f 1686 1591 1590
f 1687 1688 1592
f 1687 1592 1591
f 1688 1689 1593
f 1688 1593 1592
f 1580 1594 1581
f 1580 1593 1594
f 1689 1690 1594
f 1689 1594 1593
f 1581 1690 1675
f 1581 1594 1690
f 1582 1679 1693
f 1582 1693 1595
f 1693 1694 1596
f 1693 1596 1595
f 1694 1695 1597
f 1694 1597 1596
f 1695 1696 1598
f 1695 1598 1597
f 1696 1697 1599
f 1696 1599 1598
f 1680 1681 1697
f 1681 1698 1697
f 1697 1698 1600
f 1697 1600 1599
f 1584 1698 1681
f 1584 1600 1698
f 1602 1603 1707
f 1603 1708 1707
f 1602 1707 1713
f 1602 1713 1607
f 1602 1608 1603
f 1602 1607 1608
f 1603 1604 1708
f 1604 1709 1708
f 1604 1605 1709
f 1605 1710 1709
f 1605 1714 1710
f 1605 1609 1714
f 1607 1713 1717
f 1607 1717 1612
f 1717 1718 1613
f 1717 1613 1612
f 1609 1610 1714
f 1610 1715 1714
f 1610 1719 1715
f 1610 1615 1719
f 1613 1718 1723
f 1613 1723 1618
f 1613 1619 1614
f 1613 1618 1619
f 1615 1616 1719
f 1616 1720 1719
f 1616 1617 1720
f 1617 1721 1720
f 1720 1721 1724
f 1721 1725 1724
f 1617 1725 1721
f 1617 1620 1725
f 1618 1723 1728
f 1618 1728 1623
f 1620 1729 1725
f 1620 1624 1729
f 1622 1623 1727
f 1623 1728 1727
f 1727 1728 1731
f 1728 1732 1731
f 1622 1727 1731
f 1622 1731 1626
f 1622 1627 1623
f 1622 1626 1627
f 1731 1732 1627
f 1731 1627 1626
f 1624 1625 1729
f 1625 1730 1729
f 1625 1733 1730
f 1625 1628 1733
f 1627 1732 1734
f 1627 1734 1629
f 1628 1735 1733
f 1628 1630 1735
f 1629 1734 1737
f 1629 1737 1632
f 1630 1738 1735
f 1630 1633 1738
f 1631 1632 1736
f 1632 1737 1736
f 1631 1736 1739
f 1631 1739 1634
f 1631 1635 1632
f 1631 1634 1635
f 1633 1741 1738
f 1633 1636 1741
f 1739 1740 1742
f 1740 1743 1742
f 1634 1739 1742
f 1634 1742 1637
f 1634 1638 1635
f 1634 1637 1638
f 1636 1744 1741
f 1636 1639 1744
f 1742 1743 1745
f 1743 1746 1745
f 1637 1742 1745
f 1637 1745 1640
f 1637 1641 1638
f 1637 1640 1641
f 1745 1746 1641
f 1745 1641 1640
f 1639 1747 1744
f 1639 1642 1747
f 1641 1746 1748
f 1641 1748 1643
f 1642 1749 1747
f 1642 1644 1749
f 1643 1748 1750
f 1643 1750 1645
f 1644 1751 1749
f 1644 1647 1751
f 1645 1750 1752
f 1645 1752 1648
f 1645 1649 1646
f 1645 1648 1649
f 1647 1753 1751
f 1647 1650 1753
f 1648 1752 1755
f 1648 1755 1651
f 1648 1652 1649
f 1648 1651 1652
f 1650 1756 1753
f 1650 1653 1756
f 1651 1755 1762
f 1651 1762 1656
f 1653 1763 1756
f 1653 1657 1763
f 1654 1655 1760
f 1655 1761 1760
f 1654 1760 1772
f 1654 1772 1663
f 1654 1664 1655
f 1654 1663 1664
f 1655 1656 1761
f 1656 1762 1761
f 1657 1774 1763
f 1657 1666 1774
f 1658 1659 1766
f 1659 1767 1766
f 1766 1767 1777
f 1767 1778 1777
f 1658 1766 1777
f 1658 1777 1667
f 1658 1668 1659
f 1658 1667 1668
f 1659 1660 1767
f 1660 1768 1767
f 1767 1768 1778
f 1768 1779 1778
f 1659 1669 1660
f 1659 1668 1669
f 1660 1661 1768
f 1661 1769 1768
f 1768 1769 1779
f 1769 1780 1779
f 1660 1670 1661
f 1660 1669 1670
f 1661 1780 1769
f 1661 1670 1780
f 1662 1663 1771
f 1663 1772 1771
f 1662 1771 1784
f 1662 1784 1674
f 1773 1774 1786
f 1774 1787 1786
f 1665 1676 1666
f 1665 1675 1676
f 1786 1787 1676
f 1786 1676 1675
f 1666 1787 1774
f 1666 1676 1787
f 1667 1777 1790
f 1667 1790 1678
f 1667 1679 1668
f 1667 1678 1679
f 1670 1671 1780
f 1671 1781 1780
f 1780 1781 1791
f 1781 1792 1791
f 1671 1672 1781
f 1672 1782 1781
f 1781 1782 1792
f 1782 1793 1792
f 1672 1793 1782
f 1672 1680 1793
f 1674 1784 1795
f 1674 1795 1682
f 1795 1796 1683
f 1795 1683 1682
f 1796 1797 1684
f 1796 1684 1683
f 1797 1798 1685
f 1797 1685 1684
f 1798 1799 1686
f 1798 1686 1685
f 1799 1800 1687
f 1799 1687 1686
f 1800 1801 1688
f 1800 1688 1687
f 1801 1802 1689
f 1801 1689 1688
f 1785 1786 1802
f 1786 1803 1802
f 1802 1803 1690
f 1802 1690 1689
f 1675 1803 1786
f 1675 1690 1803
f 1677 1678 1789
f 1678 1790 1789
f 1677 1789 1805
f 1677 1805 1691
f 1677 1692 1678
f 1677 1691 1692
f 1805 1806 1692
f 1805 1692 1691
f 1678 1693 1679
f 1678 1692 1693
f 1807 1808 1696
f 1807 1696 1695
f 1808 1809 1697
f 1808 1697 1696
f 1680 1809 1793
f 1680 1697 1809
f 1692 1806 1811
f 1692 1811 1699
f 1692 1700 1693
f 1692 1699 1700
f 1811 1812 1700
f 1811 1700 1699
f 1693 1701 1694
f 1693 1700 1701
f 1812 1813 1701
f 1812 1701 1700
f 1694 1702 1695
f 1694 1701 1702
f 1813 1814 1702
f 1813 1702 1701
f 1695 1814 1807
f 1695 1702 1814
f 1703 1704 1816
f 1704 1817 1816
f 1703 1816 1821
f 1703 1821 1707
f 1703 1708 1704
f 1703 1707 1708
f 1704 1705 1817
f 1705 1818 1817
f 1704 1709 1705
f 1704 1708 1709
f 1705 1706 1818
f 1706 1819 1818
f 1705 1710 1706
f 1705 1709 1710
f 1706 1822 1819
f 1706 1710 1822
f 1707 1821 1825
f 1707 1825 1713
f 1710 1711 1822
f 1711 1823 1822
f 1822 1823 1826
f 1823 1827 1826
f 1710 1715 1711
f 1710 1714 1715
f 1711 1827 1823
f 1711 1715 1827
f 1712 1713 1824
f 1713 1825 1824
f 1712 1824 1828
f 1712 1828 1716
f 1712 1717 1713
f 1712 1716 1717
f 1828 1829 1717
f 1828 1717 1716
f 1829 1830 1718
f 1829 1718 1717
f 1715 1831 1827
f 1715 1719 1831
f 1718 1830 1835
f 1718 1835 1723
f 1719 1720 1831
f 1720 1832 1831
f 1720 1836 1832
f 1720 1724 1836
f 1722 1723 1834
f 1723 1835 1834
f 1722 1834 1839
f 1722 1839 1727
f 1722 1728 1723
f 1722 1727 1728
f 1839 1840 1728
f 1839 1728 1727
f 1724 1725 1836
f 1725 1837 1836
f 1725 1726 1837
f 1726 1838 1837
f 1837 1838 1841
f 1838 1842 1841
f 1725 1730 1726
f 1725 1729 1730
f 1726 1842 1838
f 1726 1730 1842
f 1728 1840 1844
f 1728 1844 1732
f 1730 1845 1842
f 1730 1733 1845
f 1732 1844 1847
f 1732 1847 1734
f 1733 1848 1845
f 1733 1735 1848
f 1734 1847 1850
f 1734 1850 1737
f 1735 1851 1848
f 1735 1738 1851
f 1736 1737 1849
f 1737 1850 1849
f 1736 1849 1852
f 1736 1852 1739
f 1852 1853 1740
f 1852 1740 1739
f 1738 1854 1851
f 1738 1741 1854
f 1740 1853 1856
f 1740 1856 1743
f 1741 1857 1854
f 1741 1744 1857
f 1743 1856 1858
f 1743 1858 1746
f 1744 1859 1857
f 1744 1747 1859
f 1746 1858 1860
f 1746 1860 1748
f 1747 1861 1859
f 1747 1749 1861
f 1748 1860 1862
f 1748 1862 1750
f 1749 1863 1861
f 1749 1751 1863
f 1750 1862 1865
f 1750 1865 1752
f 1751 1866 1863
f 1751 1753 1866
f 1752 1865 1871
f 1752 1871 1755
f 1753 1872 1866
f 1753 1756 1872
f 1754 1755 1870
f 1755 1871 1870
f 1754 1870 1879
f 1754 1879 1761
f 1754 1762 1755
f 1754 1761 1762
f 1756 1880 1872
f 1756 1763 1880
f 1757 1758 1873
f 1758 1874 1873
f 1757 1873 1881
f 1757 1881 1764
f 1757 1765 1758
f 1757 1764 1765
f 1881 1882 1765
f 1881 1765 1764
f 1758 1759 1874
f 1759 1875 1874
f 1758 1766 1759
f 1758 1765 1766
f 1882 1883 1766
f 1882 1766 1765
f 1759 1883 1875
f 1759 1766 1883
f 1760 1761 1878
f 1761 1879 1878
f 1760 1878 1888
f 1760 1888 1772
f 1889 1890 1774
f 1889 1774 1773
f 1763 1890 1880
f 1763 1774 1890
f 1770 1771 1886
f 1771 1887 1886
f 1770 1886 1900
f 1770 1900 1783
f 1770 1784 1771
f 1770 1783 1784
f 1771 1772 1887
f 1772 1888 1887
f 1901 1902 1786
f 1901 1786 1785
f 1773 1902 1889
f 1773 1786 1902
f 1775 1776 1891
f 1776 1892 1891
f 1775 1891 1904
f 1775 1904 1788
f 1775 1789 1776
f 1775 1788 1789
f 1776 1777 1892
f 1777 1893 1892
f 1776 1790 1777
f 1776 1789 1790
f 1777 1778 1893
f 1778 1894 1893
f 1778 1779 1894
f 1779 1895 1894
f 1779 1780 1895
f 1780 1896 1895
f 1780 1905 1896
f 1780 1791 1905
f 1783 1900 1910
f 1783 1910 1794
f 1783 1795 1784
f 1783 1794 1795
f 1910 1911 1795
f 1910 1795 1794
f 1911 1912 1796
f 1911 1796 1795
f 1912 1913 1797
f 1912 1797 1796
f 1913 1914 1798
f 1913 1798 1797
f 1914 1915 1799
f 1914 1799 1798
f 1915 1916 1800
f 1915 1800 1799
f 1916 1917 1801
f 1916 1801 1800
f 1917 1918 1802
f 1917 1802 1801
f 1785 1918 1901
f 1785 1802 1918
f 1788 1904 1921
f 1788 1921 1804
f 1788 1805 1789
f 1788 1804 1805
f 1921 1922 1805
f 1921 1805 1804
f 1791 1792 1905
f 1792 1906 1905
f 1792 1793 1906
f 1793 1907 1906
f 1923 1924 1809
f 1923 1809 1808
f 1793 1924 1907
f 1793 1809 1924
f 1805 1922 1928
f 1805 1928 1810
f 1805 1811 1806
f 1805 1810 1811
f 1928 1929 1811
f 1928 1811 1810
f 1929 1930 1812
f 1929 1812 1811
f 1930 1931 1813
f 1930 1813 1812
f 1931 1932 1814
f 1931 1814 1813
f 1807 1815 1808
f 1807 1814 1815
f 1932 1933 1815
f 1932 1815 1814
f 1808 1933 1923
f 1808 1815 1933
f 1816 1817 1934
f 1817 1935 1934
f 1816 1934 1940
f 1816 1940 1821
f 1817 1818 1935
f 1818 1936 1935
f 1818 1819 1936
f 1819 1937 1936
f 1819 1941 1937
f 1819 1822 1941
f 1820 1821 1939
f 1821 1940 1939
f 1820 1939 1944
f 1820 1944 1824
f 1820 1825 1821
f 1820 1824 1825
f 1822 1945 1941
f 1822 1826 1945
f 1824 1944 1948
f 1824 1948 1828
f 1826 1827 1945
f 1827 1946 1945
f 1827 1949 1946
f 1827 1831 1949
f 1828 1948 1951
f 1828 1951 1833
f 1828 1834 1829
f 1828 1833 1834
f 1951 1952 1834
f 1951 1834 1833
f 1829 1835 1830
f 1829 1834 1835
f 1831 1832 1949
f 1832 1950 1949
f 1832 1953 1950
f 1832 1836 1953
f 1834 1952 1957
f 1834 1957 1839
f 1836 1837 1953
f 1837 1954 1953
f 1837 1958 1954
f 1837 1841 1958
f 1839 1957 1960
f 1839 1960 1843
f 1839 1844 1840
f 1839 1843 1844
f 1841 1842 1958
f 1842 1959 1958
f 1842 1961 1959
f 1842 1845 1961
f 1843 1960 1963
f 1843 1963 1846
f 1843 1847 1844
f 1843 1846 1847
f 1845 1964 1961
f 1845 1848 1964
f 1846 1963 1966
f 1846 1966 1849
f 1846 1850 1847
f 1846 1849 1850
f 1848 1967 1964
f 1848 1851 1967
f 1849 1966 1969
f 1849 1969 1852
f 1851 1970 1967
f 1851 1854 1970
f 1852 1969 1972
f 1852 1972 1855
f 1852 1856 1853
f 1852 1855 1856
f 1972 1973 1856
f 1972 1856 1855
f 1854 1974 1970
f 1854 1857 1974
f 1856 1973 1977
f 1856 1977 1858
f 1857 1978 1974
f 1857 1859 1978
f 1858 1977 1980
f 1858 1980 1860
f 1859 1981 1978
f 1859 1861 1981
f 1860 1980 1983
f 1860 1983 1862
f 1861 1984 1981
f 1861 1863 1984
f 1862 1983 1986
f 1862 1986 1865
f 1863 1987 1984
f 1863 1866 1987
f 1864 1865 1985
f 1865 1986 1985
f 1864 1985 1995
f 1864 1995 1870
f 1864 1871 1865
f 1864 1870 1871
f 1866 1996 1987
f 1866 1872 1996
f 1867 1868 1989
f 1868 1990 1989
f 1867 1989 1998
f 1867 1998 1873
f 1867 1874 1868
f 1867 1873 1874
f 1868 1869 1990
f 1869 1991 1990
f 1868 1875 1869
f 1868 1874 1875
f 1869 1999 1991
f 1869 1875 1999
f 1870 1995 2005
f 1870 2005 1879
f 1872 2006 1996
f 1872 1880 2006
f 1873 1998 2008
f 1873 2008 1881
f 1875 1876 1999
f 1876 2000 1999
f 1875 1884 1876
f 1875 1883 1884
f 1876 1877 2000
f 1877 2001 2000
f 1876 1885 1877
f 1876 1884 1885
f 1877 2009 2001
f 1877 1885 2009
f 1878 1879 2004
f 1879 2005 2004
f 1878 2004 2016
f 1878 2016 1888
f 1880 2019 2006
f 1880 1890 2019
f 1881 2008 2021
f 1881 2021 1891
f 1881 1892 1882
f 1881 1891 1892
f 1882 1893 1883
f 1882 1892 1893
f 1883 1894 1884
f 1883 1893 1894
f 1884 1895 1885
f 1884 1894 1895
f 1885 2022 2009
f 1885 1895 2022
f 1886 1887 2014
f 1887 2015 2014
f 1886 2014 2030
f 1886 2030 1900
f 1887 1888 2015
f 1888 2016 2015
f 2017 2018 2032
f 2018 2033 2032
f 2018 2019 2033
f 2019 2034 2033
f 1889 1903 1890
f 1889 1902 1903
f 2033 2034 1903
f 2033 1903 1902
f 1890 2034 2019
f 1890 1903 2034
f 1891 2021 2036
f 1891 2036 1904
f 1895 1896 2022
f 1896 2023 2022
f 1896 1897 2023
f 1897 2024 2023
f 1896 1906 1897
f 1896 1905 1906
f 1897 1898 2024
f 1898 2025 2024
f 1897 1907 1898
f 1897 1906 1907
f 1898 2037 2025
f 1898 1907 2037
f 1899 1900 2029
f 1900 2030 2029
f 1899 2029 2041
f 1899 2041 1909
f 1899 1910 1900
f 1899 1909 1910
f 2041 2042 1910
f 2041 1910 1909
f 2042 2043 1911
f 2042 1911 1910
f 2043 2044 1912
f 2043 1912 1911
f 2044 2045 1913
f 2044 1913 1912
f 2045 2046 1914
f 2045 1914 1913
f 2046 2047 1915
f 2046 1915 1914
f 2047 2048 1916
f 2047 1916 1915
f 2048 2049 1917
f 2048 1917 1916
f 2031 2032 2049
f 2032 2050 2049
f 2049 2050 1918
f 2049 1918 1917
f 2032 2033 2050
f 2033 2051 2050
f 1901 1919 1902
f 1901 1918 1919
f 2050 2051 1919
f 2050 1919 1918
f 1902 2051 2033
f 1902 1919 2051
f 1904 2036 2053
f 1904 2053 1921
f 2054 2055 1924
f 2054 1924 1923
f 1907 1908 2037
f 1908 2038 2037
f 1907 1925 1908
f 1907 1924 1925
f 2055 2056 1925
f 2055 1925 1924
f 1908 2056 2038
f 1908 1925 2056
f 1920 1921 2052
f 1921 2053 2052
f 1920 2052 2063
f 1920 2063 1926
f 1920 1927 1921
f 1920 1926 1927
f 2063 2064 1927
f 2063 1927 1926
f 1921 1928 1922
f 1921 1927 1928
f 2064 2065 1928
f 2064 1928 1927
f 2065 2066 1929
f 2065 1929 1928
f 2066 2067 1930
f 2066 1930 1929
f 2067 2068 1931
f 2067 1931 1930
f 2068 2069 1932
f 2068 1932 1931
f 2069 2070 1933
f 2069 1933 1932
f 1923 2070 2054
f 1923 1933 2070
f 1934 1935 2074
f 1935 2075 2074
f 2074 2075 2081
f 2075 2082 2081
f 1934 2074 2081
f 1934 2081 1940
f 1935 1936 2075
f 1936 2076 2075
f 2075 2076 2082
f 2076 2083 2082
f 1936 1937 2076
f 1937 2077 2076
f 2076 2077 2083
f 2077 2084 2083
f 1937 1938 2077
f 1938 2078 2077
f 2077 2078 2084
f 2078 2085 2084
f 1937 1942 1938
f 1937 1941 1942
f 1938 2085 2078
f 1938 1942 2085
f 1939 1940 2080
f 1940 2081 2080
f 1939 2080 2087
f 1939 2087 1944
f 2084 2085 2088
f 2085 2089 2088
f 1941 1946 1942
f 1941 1945 1946
f 1942 2089 2085
f 1942 1946 2089
f 1943 1944 2086
f 1944 2087 2086
f 1943 2086 2090
f 1943 2090 1947
f 1943 1948 1944
f 1943 1947 1948
f 2090 2091 1948
f 2090 1948 1947
f 2088 2089 2092
f 2089 2093 2092
f 1946 2093 2089
f 1946 1949 2093
f 1948 2091 2096
f 1948 2096 1951
f 1949 1950 2093
f 1950 2094 2093
f 1950 2097 2094
f 1950 1953 2097
f 1951 2096 2101
f 1951 2101 1956
f 1951 1957 1952
f 1951 1956 1957
f 2101 2102 1957
f 2101 1957 1956
f 1953 1954 2097
f 1954 2098 2097
f 1954 1955 2098
f 1955 2099 2098
f 2098 2099 2103
f 2099 2104 2103
f 1954 1959 1955
f 1954 1958 1959
f 1955 2104 2099
f 1955 1959 2104
f 1957 2102 2106
f 1957 2106 1960
f 1959 2107 2104
f 1959 1961 2107
f 1960 2106 2109
f 1960 2109 1963
f 1961 2110 2107
f 1961 1964 2110
f 1962 1963 2108
f 1963 2109 2108
f 1962 2108 2111
f 1962 2111 1965
f 1962 1966 1963
f 1962 1965 1966
f 1964 2112 2110
f 1964 1967 2112
f 1965 2111 2113
f 1965 2113 1968
f 1965 1969 1966
f 1965 1968 1969
f 1967 2114 2112
f 1967 1970 2114
f 1968 2113 2115
f 1968 2115 1971
f 1968 1972 1969
f 1968 1971 1972
f 1970 2116 2114
f 1970 1974 2116
f 1971 2115 2117
f 1971 2117 1975
f 1971 1976 1972
f 1971 1975 1976
f 2117 2118 1976
f 2117 1976 1975
f 1972 1977 1973
f 1972 1976 1977
f 1974 2119 2116
f 1974 1978 2119
f 1976 2118 2120
f 1976 2120 1979
f 1976 1980 1977
f 1976 1979 1980
f 1978 2121 2119
f 1978 1981 2121
f 1979 2120 2125
f 1979 2125 1982
f 1979 1983 1980
f 1979 1982 1983
f 1981 2126 2121
f 1981 1984 2126
f 1982 2125 2131
f 1982 2131 1985
f 1982 1986 1983
f 1982 1985 1986
f 1984 2132 2126
f 1984 1987 2132
f 1985 2131 2140
f 1985 2140 1995
f 1987 2141 2132
f 1987 1996 2141
f 1988 1989 2133
f 1989 2134 2133
f 1988 2133 2142
f 1988 2142 1997
f 1988 1998 1989
f 1988 1997 1998
f 1989 1990 2134
f 1990 2135 2134
f 1990 1991 2135
f 1991 2136 2135
f 1991 1992 2136
f 1992 2137 2136
f 1991 2000 1992
f 1991 1999 2000
f 1992 2143 2137
f 1992 2000 2143
f 1993 1994 2138
f 1994 2139 2138
f 1993 2138 2147
f 1993 2147 2003
f 1993 2004 1994
f 1993 2003 2004
f 1994 1995 2139
f 1995 2140 2139
f 1994 2005 1995
f 1994 2004 2005
f 1996 2148 2141
f 1996 2006 2148
f 1997 2142 2149
f 1997 2149 2007
f 1997 2008 1998
f 1997 2007 2008
f 2000 2001 2143
f 2001 2144 2143
f 2001 2150 2144
f 2001 2009 2150
f 2002 2003 2146
f 2003 2147 2146
f 2002 2146 2155
f 2002 2155 2014
f 2002 2015 2003
f 2002 2014 2015
f 2003 2016 2004
f 2003 2015 2016
f 2156 2157 2018
f 2156 2018 2017
f 2157 2158 2019
f 2157 2019 2018
f 2006 2158 2148
f 2006 2019 2158
f 2007 2149 2159
f 2007 2159 2020
f 2007 2021 2008
f 2007 2020 2021
f 2009 2010 2150
f 2010 2151 2150
f 2009 2023 2010
f 2009 2022 2023
f 2010 2011 2151
f 2011 2152 2151
f 2010 2024 2011
f 2010 2023 2024
f 2011 2160 2152
f 2011 2024 2160
f 2012 2013 2153
f 2013 2154 2153
f 2012 2153 2164
f 2012 2164 2028
f 2012 2029 2013
f 2012 2028 2029
f 2013 2014 2154
f 2014 2155 2154
f 2013 2030 2014
f 2013 2029 2030
f 2165 2166 2032
f 2165 2032 2031
f 2017 2166 2156
f 2017 2032 2166
f 2020 2159 2167
f 2020 2167 2035
f 2020 2036 2021
f 2020 2035 2036
f 2024 2025 2160
f 2025 2161 2160
f 2025 2026 2161
f 2026 2162 2161
f 2025 2038 2026
f 2025 2037 2038
f 2026 2027 2162
f 2027 2163 2162
f 2026 2039 2027
f 2026 2038 2039
f 2027 2028 2163
f 2028 2164 2163
f 2027 2040 2028
f 2027 2039 2040
f 2028 2041 2029
f 2028 2040 2041
f 2168 2169 2045
f 2168 2045 2044
f 2169 2170 2046
f 2169 2046 2045
f 2170 2171 2047
f 2170 2047 2046
f 2171 2172 2048
f 2171 2048 2047
f 2172 2173 2049
f 2172 2049 2048
f 2031 2173 2165
f 2031 2049 2173
f 2035 2167 2174
f 2035 2174 2052
f 2035 2053 2036
f 2035 2052 2053
f 2038 2057 2039
f 2038 2056 2057
f 2039 2058 2040
f 2039 2057 2058
f 2175 2176 2058
f 2175 2058 2057
f 2040 2059 2041
f 2040 2058 2059
f 2176 2177 2059
f 2176 2059 2058
f 2041 2060 2042
f 2041 2059 2060
f 2177 2178 2060
f 2177 2060 2059
f 2042 2061 2043
f 2042 2060 2061
f 2178 2179 2061
f 2178 2061 2060
f 2043 2062 2044
f 2043 2061 2062
f 2179 2180 2062
f 2179 2062 2061
f 2044 2180 2168
f 2044 2062 2180
f 2052 2174 2183
f 2052 2183 2063
f 2183 2184 2064
f 2183 2064 2063
f 2184 2185 2065
f 2184 2065 2064
f 2185 2186 2066
f 2185 2066 2065
f 2186 2187 2067
f 2186 2067 2066
f 2187 2188 2068
f 2187 2068 2067
f 2188 2189 2069
f 2188 2069 2068
f 2189 2190 2070
f 2189 2070 2069
f 2054 2071 2055
f 2054 2070 2071
f 2190 2191 2071
f 2190 2071 2070
f 2055 2072 2056
f 2055 2071 2072
f 2191 2192 2072
f 2191 2072 2071
f 2056 2073 2057
f 2056 2072 2073
f 2192 2193 2073
f 2192 2073 2072
f 2057 2193 2175
f 2057 2073 2193
f 2079 2080 2197
f 2080 2198 2197
f 2079 2197 2205
f 2079 2205 2086
f 2079 2087 2080
f 2079 2086 2087
f 2080 2081 2198
f 2081 2199 2198
f 2081 2082 2199
f 2082 2200 2199
f 2082 2083 2200
f 2083 2201 2200
f 2083 2084 2201
f 2084 2202 2201
f 2084 2206 2202
f 2084 2088 2206
f 2086 2205 2209
f 2086 2209 2090
f 2088 2210 2206
f 2088 2092 2210
f 2090 2209 2214
f 2090 2214 2095
f 2090 2096 2091
f 2090 2095 2096
f 2092 2093 2210
f 2093 2211 2210
f 2093 2094 2211
f 2094 2212 2211
f 2211 2212 2215
f 2212 2216 2215
f 2094 2216 2212
f 2094 2097 2216
f 2095 2214 2219
f 2095 2219 2100
f 2095 2101 2096
f 2095 2100 2101
f 2219 2220 2101
f 2219 2101 2100
f 2097 2098 2216
f 2098 2217 2216
f 2216 2217 2221
f 2217 2222 2221
f 2098 2222 2217
f 2098 2103 2222
f 2101 2220 2225
f 2101 2225 2105
f 2101 2106 2102
f 2101 2105 2106
f 2103 2104 2222
f 2104 2223 2222
f 2104 2226 2223
f 2104 2107 2226
f 2105 2225 2229
f 2105 2229 2108
f 2105 2109 2106
f 2105 2108 2109
f 2107 2230 2226
f 2107 2110 2230
f 2108 2229 2233
f 2108 2233 2111
f 2110 2234 2230
f 2110 2112 2234
f 2111 2233 2237
f 2111 2237 2113
f 2112 2238 2234
f 2112 2114 2238
f 2113 2237 2241
f 2113 2241 2115
f 2114 2242 2238
f 2114 2116 2242
f 2115 2241 2245
f 2115 2245 2117
f 2245 2246 2118
f 2245 2118 2117
f 2116 2247 2242
f 2116 2119 2247
f 2118 2246 2250
f 2118 2250 2120
f 2119 2251 2247
f 2119 2121 2251
f 2120 2250 2259
f 2120 2259 2125
f 2121 2260 2251
f 2121 2126 2260
f 2122 2123 2253
f 2123 2254 2253
f 2122 2253 2262
f 2122 2262 2127
f 2122 2128 2123
f 2122 2127 2128
f 2262 2263 2128
f 2262 2128 2127
f 2123 2124 2254
f 2124 2255 2254
f 2123 2129 2124
f 2123 2128 2129
f 2263 2264 2129
f 2263 2129 2128
f 2124 2264 2255
f 2124 2129 2264
f 2125 2259 2269
f 2125 2269 2131
f 2126 2270 2260
f 2126 2132 2270
f 2130 2131 2268
f 2131 2269 2268
f 2130 2268 2280
f 2130 2280 2139
f 2130 2140 2131
f 2130 2139 2140
f 2132 2281 2270
f 2132 2141 2281
f 2133 2134 2271
f 2134 2272 2271
f 2133 2271 2282
f 2133 2282 2142
f 2134 2135 2272
f 2135 2273 2272
f 2135 2136 2273
f 2136 2274 2273
f 2136 2137 2274
f 2137 2275 2274
f 2137 2283 2275
f 2137 2143 2283
f 2138 2139 2279
f 2139 2280 2279
f 2138 2279 2291
f 2138 2291 2147
f 2141 2293 2281
f 2141 2148 2293
f 2142 2282 2294
f 2142 2294 2149
f 2143 2144 2283
f 2144 2284 2283
f 2144 2145 2284
f 2145 2285 2284
f 2144 2151 2145
f 2144 2150 2151
f 2145 2295 2285
f 2145 2151 2295
f 2146 2147 2290
f 2147 2291 2290
f 2146 2290 2302
f 2146 2302 2155
f 2303 2304 2157
f 2303 2157 2156
f 2292 2293 2304
f 2293 2305 2304
f 2304 2305 2158
f 2304 2158 2157
f 2148 2305 2293
f 2148 2158 2305
f 2149 2294 2306
f 2149 2306 2159
f 2151 2152 2295
f 2152 2296 2295
f 2152 2308 2296
f 2152 2160 2308
f 2153 2154 2300
f 2154 2301 2300
f 2153 2300 2312
f 2153 2312 2164
f 2154 2155 2301
f 2155 2302 2301
f 2314 2315 2166
f 2314 2166 2165
f 2156 2315 2303
f 2156 2166 2315
f 2306 2307 2316
f 2307 2317 2316
f 2159 2306 2316
f 2159 2316 2167
f 2160 2161 2308
f 2161 2309 2308
f 2161 2162 2309
f 2162 2310 2309
f 2162 2163 2310
f 2163 2311 2310
f 2163 2164 2311
f 2164 2312 2311
f 2319 2320 2171
f 2319 2171 2170
f 2320 2321 2172
f 2320 2172 2171
f 2313 2314 2321
f 2314 2322 2321
f 2321 2322 2173
f 2321 2173 2172
f 2165 2322 2314
f 2165 2173 2322
f 2316 2317 2323
f 2317 2324 2323
f 2167 2316 2323
f 2167 2323 2174
f 2326 2327 2179
f 2326 2179 2178
f 2327 2328 2180
f 2327 2180 2179
f 2168 2181 2169
f 2168 2180 2181
f 2328 2329 2181
f 2328 2181 2180
f 2318 2319 2329
f 2319 2330 2329
f 2169 2182 2170
f 2169 2181 2182
f 2329 2330 2182
f 2329 2182 2181
f 2170 2330 2319
f 2170 2182 2330
f 2323 2324 2331
f 2324 2332 2331
f 2174 2323 2331
f 2174 2331 2183
f 2331 2332 2184
f 2331 2184 2183
f 2324 2325 2332
f 2325 2333 2332
f 2332 2333 2185
f 2332 2185 2184
f 2333 2334 2186
f 2333 2186 2185
f 2334 2335 2187
f 2334 2187 2186
f 2335 2336 2188
f 2335 2188 2187
f 2336 2337 2189
f 2336 2189 2188
f 2337 2338 2190
f 2337 2190 2189
f 2338 2339 2191
f 2338 2191 2190
f 2339 2340 2192
f 2339 2192 2191
f 2340 2341 2193
f 2340 2193 2192
f 2175 2194 2176
f 2175 2193 2194
f 2341 2342 2194
f 2341 2194 2193
f 2176 2195 2177
f 2176 2194 2195
f 2342 2343 2195
f 2342 2195 2194
f 2177 2196 2178
f 2177 2195 2196
f 2343 2344 2196
f 2343 2196 2195
f 2178 2344 2326
f 2178 2196 2344
f 2197 2198 2346
f 2198 2347 2346
f 2346 2347 2354
f 2347 2355 2354
f 2197 2346 2354
f 2197 2354 2205
f 2198 2199 2347
f 2199 2348 2347
f 2347 2348 2355
f 2348 2356 2355
f 2199 2200 2348
f 2200 2349 2348
f 2348 2349 2356
f 2349 2357 2356
f 2200 2201 2349
f 2201 2350 2349
f 2349 2350 2357
f 2350 2358 2357
f 2201 2202 2350
f 2202 2351 2350
f 2350 2351 2358
f 2351 2359 2358
f 2202 2359 2351
f 2202 2206 2359
f 2203 2204 2352
f 2204 2353 2352
f 2352 2353 2360
f 2353 2361 2360
f 2203 2352 2360
f 2203 2360 2207
f 2203 2208 2204
f 2203 2207 2208
f 2360 2361 2208
f 2360 2208 2207
f 2204 2205 2353
f 2205 2354 2353
f 2204 2209 2205
f 2204 2208 2209
f 2361 2362 2209
f 2361 2209 2208
f 2357 2358 2363
f 2358 2364 2363
f 2358 2359 2364
f 2359 2365 2364
f 2206 2365 2359
f 2206 2210 2365
f 2209 2362 2368
f 2209 2368 2214
f 2210 2211 2365
f 2211 2366 2365
f 2365 2366 2369
f 2366 2370 2369
f 2211 2370 2366
f 2211 2215 2370
f 2213 2214 2367
f 2214 2368 2367
f 2213 2367 2372
f 2213 2372 2218
f 2213 2219 2214
f 2213 2218 2219
f 2372 2373 2219
f 2372 2219 2218
f 2369 2370 2374
f 2370 2375 2374
f 2215 2216 2370
f 2216 2371 2370
f 2370 2371 2375
f 2371 2376 2375
f 2216 2376 2371
f 2216 2221 2376
f 2219 2373 2380
f 2219 2380 2224
f 2219 2225 2220
f 2219 2224 2225
f 2221 2222 2376
f 2222 2377 2376
f 2222 2223 2377
f 2223 2378 2377
f 2223 2381 2378
f 2223 2226 2381
f 2224 2380 2384
f 2224 2384 2228
f 2224 2229 2225
f 2224 2228 2229
f 2226 2385 2381
f 2226 2230 2385
f 2227 2228 2383
f 2228 2384 2383
f 2227 2383 2387
f 2227 2387 2231
f 2227 2232 2228
f 2227 2231 2232
f 2228 2233 2229
f 2228 2232 2233
f 2230 2388 2385
f 2230 2234 2388
f 2231 2387 2390
f 2231 2390 2235
f 2231 2236 2232
f 2231 2235 2236
f 2232 2237 2233
f 2232 2236 2237
f 2234 2394 2388
f 2234 2238 2394
f 2235 2390 2396
f 2235 2396 2239
f 2235 2240 2236
f 2235 2239 2240
f 2236 2241 2237
f 2236 2240 2241
f 2391 2392 2397
f 2392 2398 2397
f 2392 2393 2398
f 2393 2399 2398
f 2238 2400 2394
f 2238 2242 2400
f 2239 2396 2402
f 2239 2402 2243
f 2239 2244 2240
f 2239 2243 2244
f 2402 2403 2244
f 2402 2244 2243
f 2240 2245 2241
f 2240 2244 2245
f 2242 2404 2400
f 2242 2247 2404
f 2244 2403 2406
f 2244 2406 2248
f 2244 2249 2245
f 2244 2248 2249
f 2245 2250 2246
f 2245 2249 2250
f 2247 2407 2404
f 2247 2251 2407
f 2248 2406 2414
f 2248 2414 2257
f 2248 2258 2249
f 2248 2257 2258
f 2249 2259 2250
f 2249 2258 2259
f 2251 2415 2407
f 2251 2260 2415
f 2252 2253 2408
f 2253 2409 2408
f 2252 2408 2416
f 2252 2416 2261
f 2252 2262 2253
f 2252 2261 2262
f 2253 2254 2409
f 2254 2410 2409
f 2254 2255 2410
f 2255 2411 2410
f 2255 2256 2411
f 2256 2412 2411
f 2255 2265 2256
f 2255 2264 2265
f 2256 2418 2412
f 2256 2265 2418
f 2257 2414 2422
f 2257 2422 2267
f 2257 2268 2258
f 2257 2267 2268
f 2258 2269 2259
f 2258 2268 2269
f 2260 2423 2415
f 2260 2270 2423
f 2416 2417 2424
f 2417 2425 2424
f 2261 2416 2424
f 2261 2424 2271
f 2261 2272 2262
f 2261 2271 2272
f 2262 2273 2263
f 2262 2272 2273
f 2263 2274 2264
f 2263 2273 2274
f 2264 2275 2265
f 2264 2274 2275
f 2265 2266 2418
f 2266 2419 2418
f 2265 2276 2266
f 2265 2275 2276
f 2266 2426 2419
f 2266 2276 2426
f 2267 2422 2430
f 2267 2430 2279
f 2267 2280 2268
f 2267 2279 2280
f 2270 2431 2423
f 2270 2281 2431
f 2271 2424 2432
f 2271 2432 2282
f 2275 2284 2276
f 2275 2283 2284
f 2276 2277 2426
f 2277 2427 2426
f 2426 2427 2433
f 2427 2434 2433
f 2276 2285 2277
f 2276 2284 2285
f 2277 2434 2427
f 2277 2285 2434
f 2278 2279 2429
f 2279 2430 2429
f 2278 2429 2441
f 2278 2441 2290
f 2278 2291 2279
f 2278 2290 2291
f 2442 2443 2293
f 2442 2293 2292
f 2281 2443 2431
f 2281 2293 2443
f 2282 2432 2444
f 2282 2444 2294
f 2285 2286 2434
f 2286 2435 2434
f 2285 2296 2286
f 2285 2295 2296
f 2286 2287 2435
f 2287 2436 2435
f 2286 2297 2287
f 2286 2296 2297
f 2287 2446 2436
f 2287 2297 2446
f 2288 2289 2439
f 2289 2440 2439
f 2288 2439 2449
f 2288 2449 2300
f 2288 2301 2289
f 2288 2300 2301
f 2289 2290 2440
f 2290 2441 2440
f 2289 2302 2290
f 2289 2301 2302
f 2450 2451 2304
f 2450 2304 2303
f 2292 2451 2442
f 2292 2304 2451
f 2444 2445 2452
f 2445 2453 2452
f 2294 2444 2452
f 2294 2452 2306
f 2452 2453 2307
f 2452 2307 2306
f 2296 2309 2297
f 2296 2308 2309
f 2297 2298 2446
f 2298 2447 2446
f 2297 2310 2298
f 2297 2309 2310
f 2298 2299 2447
f 2299 2448 2447
f 2298 2311 2299
f 2298 2310 2311
f 2299 2300 2448
f 2300 2449 2448
f 2299 2312 2300
f 2299 2311 2312
f 2455 2456 2314
f 2455 2314 2313
f 2456 2457 2315
f 2456 2315 2314
f 2303 2457 2450
f 2303 2315 2457
f 2453 2454 2458
f 2454 2459 2458
f 2307 2453 2458
f 2307 2458 2317
f 2462 2463 2319
f 2462 2319 2318
f 2463 2464 2320
f 2463 2320 2319
f 2464 2465 2321
f 2464 2321 2320
f 2313 2465 2455
f 2313 2321 2465
f 2458 2459 2466
f 2459 2467 2466
f 2317 2458 2466
f 2317 2466 2324
f 2466 2467 2325
f 2466 2325 2324
f 2459 2460 2467
f 2460 2468 2467
f 2471 2472 2328
f 2471 2328 2327
f 2461 2462 2472
f 2462 2473 2472
f 2472 2473 2329
f 2472 2329 2328
f 2318 2473 2462
f 2318 2329 2473
f 2467 2468 2474
f 2468 2475 2474
f 2325 2467 2474
f 2325 2474 2333
f 2474 2475 2334
f 2474 2334 2333
f 2468 2469 2475
f 2469 2476 2475
f 2475 2476 2335
f 2475 2335 2334
f 2469 2470 2476
f 2470 2477 2476
f 2476 2477 2336
f 2476 2336 2335
f 2477 2478 2337
f 2477 2337 2336
f 2478 2479 2338
f 2478 2338 2337
f 2479 2480 2339
f 2479 2339 2338
f 2480 2481 2340
f 2480 2340 2339
f 2481 2482 2341
f 2481 2341 2340
f 2482 2483 2342
f 2482 2342 2341
f 2483 2484 2343
f 2483 2343 2342
f 2484 2485 2344
f 2484 2344 2343
f 2326 2345 2327
f 2326 2344 2345
f 2485 2486 2345
f 2485 2345 2344
f 2327 2486 2471
f 2327 2345 2486
f 2353 2354 2487
f 2354 2488 2487
f 2487 2488 2492
f 2488 2493 2492
f 2353 2487 2492
f 2353 2492 2361
f 2354 2355 2488
f 2355 2489 2488
f 2488 2489 2493
f 2489 2494 2493
f 2355 2356 2489
f 2356 2490 2489
f 2489 2490 2494
f 2490 2495 2494
f 2356 2357 2490
f 2357 2491 2490
f 2490 2491 2495
f 2491 2496 2495
f 2357 2496 2491
f 2357 2363 2496
f 2361 2492 2500
f 2361 2500 2367
f 2361 2368 2362
f 2361 2367 2368
f 2363 2364 2496
f 2364 2497 2496
f 2364 2365 2497
f 2365 2498 2497
f 2497 2498 2501
f 2498 2502 2501
f 2365 2502 2498
f 2365 2369 2502
f 2367 2500 2505
f 2367 2505 2372
f 2501 2502 2506
f 2502 2507 2506
f 2369 2507 2502
f 2369 2374 2507
f 2372 2505 2514
f 2372 2514 2379
f 2372 2380 2373
f 2372 2379 2380
f 2374 2375 2507
f 2375 2508 2507
f 2375 2376 2508
f 2376 2509 2508
f 2508 2509 2515
f 2509 2516 2515
f 2376 2377 2509
f 2377 2510 2509
f 2509 2510 2516
f 2510 2517 2516
f 2377 2378 2510
f 2378 2511 2510
f 2510 2511 2517
f 2511 2518 2517
f 2378 2518 2511
f 2378 2381 2518
f 2379 2514 2521
f 2379 2521 2383
f 2379 2384 2380
f 2379 2383 2384
f 2515 2516 2522
f 2516 2523 2522
f 2516 2517 2523
f 2517 2524 2523
f 2517 2518 2524
f 2518 2525 2524
f 2381 2525 2518
f 2381 2385 2525
f 2382 2383 2520
f 2383 2521 2520
f 2382 2520 2527
f 2382 2527 2386
f 2382 2387 2383
f 2382 2386 2387
f 2522 2523 2529
f 2523 2530 2529
f 2523 2524 2530
f 2524 2531 2530
f 2524 2525 2531
f 2525 2532 2531
f 2385 2532 2525
f 2385 2388 2532
f 2386 2527 2535
f 2386 2535 2389
f 2386 2390 2387
f 2386 2389 2390
f 2528 2529 2536
f 2529 2537 2536
f 2536 2537 2392
f 2536 2392 2391
f 2529 2530 2537
f 2530 2538 2537
f 2537 2538 2393
f 2537 2393 2392
f 2530 2531 2538
f 2531 2539 2538
f 2531 2532 2539
f 2532 2540 2539
f 2388 2540 2532
f 2388 2394 2540
f 2389 2535 2543
f 2389 2543 2395
f 2389 2396 2390
f 2389 2395 2396
f 2391 2544 2536
f 2391 2397 2544
f 2538 2539 2546
f 2539 2547 2546
f 2393 2538 2546
f 2393 2546 2399
f 2539 2540 2547
f 2540 2548 2547
f 2394 2548 2540
f 2394 2400 2548
f 2395 2543 2551
f 2395 2551 2401
f 2395 2402 2396
f 2395 2401 2402
f 2551 2552 2402
f 2551 2402 2401
f 2397 2398 2544
f 2398 2545 2544
f 2544 2545 2553
f 2545 2554 2553
f 2398 2399 2545
f 2399 2546 2545
f 2545 2546 2554
f 2546 2555 2554
f 2546 2547 2555
f 2547 2556 2555
f 2547 2548 2556
f 2548 2557 2556
f 2400 2557 2548
f 2400 2404 2557
f 2402 2552 2561
f 2402 2561 2405
f 2402 2406 2403
f 2402 2405 2406
f 2553 2554 2562
f 2554 2563 2562
f 2554 2555 2563
f 2555 2564 2563
f 2555 2556 2564
f 2556 2565 2564
f 2556 2557 2565
f 2557 2566 2565
f 2404 2566 2557
f 2404 2407 2566
f 2405 2561 2576
f 2405 2576 2413
f 2405 2414 2406
f 2405 2413 2414
f 2562 2563 2577
f 2563 2578 2577
f 2407 2581 2566
f 2407 2415 2581
f 2408 2409 2567
f 2409 2568 2567
f 2567 2568 2582
f 2568 2583 2582
f 2408 2567 2582
f 2408 2582 2416
f 2582 2583 2417
f 2582 2417 2416
f 2409 2410 2568
f 2410 2569 2568
f 2568 2569 2583
f 2569 2584 2583
f 2410 2411 2569
f 2411 2570 2569
f 2569 2570 2584
f 2570 2585 2584
f 2411 2412 2570
f 2412 2571 2570
f 2570 2571 2585
f 2571 2586 2585
f 2412 2586 2571
f 2412 2418 2586
f 2413 2576 2592
f 2413 2592 2421
f 2413 2422 2414
f 2413 2421 2422
f 2578 2579 2593
f 2579 2594 2593
f 2579 2580 2594
f 2580 2595 2594
f 2580 2581 2595
f 2581 2596 2595
f 2415 2596 2581
f 2415 2423 2596
f 2583 2584 2598
f 2584 2599 2598
f 2417 2583 2598
f 2417 2598 2425
f 2418 2419 2586
f 2419 2587 2586
f 2586 2587 2600
f 2587 2601 2600
f 2419 2601 2587
f 2419 2426 2601
f 2420 2421 2591
f 2421 2592 2591
f 2420 2591 2608
f 2420 2608 2428
f 2420 2429 2421
f 2420 2428 2429
f 2421 2430 2422
f 2421 2429 2430
f 2423 2610 2596
f 2423 2431 2610
f 2424 2425 2597
f 2425 2598 2597
f 2597 2598 2611
f 2598 2612 2611
f 2424 2597 2611
f 2424 2611 2432
f 2426 2614 2601
f 2426 2433 2614
f 2428 2608 2621
f 2428 2621 2440
f 2428 2441 2429
f 2428 2440 2441
f 2609 2610 2624
f 2610 2625 2624
f 2624 2625 2443
f 2624 2443 2442
f 2431 2625 2610
f 2431 2443 2625
f 2611 2612 2626
f 2612 2627 2626
f 2432 2611 2626
f 2432 2626 2444
f 2626 2627 2445
f 2626 2445 2444
f 2612 2613 2627
f 2613 2628 2627
f 2433 2434 2614
f 2434 2615 2614
f 2434 2435 2615
f 2435 2616 2615
f 2435 2436 2616
f 2436 2617 2616
f 2436 2437 2617
f 2437 2618 2617
f 2436 2447 2437
f 2436 2446 2447
f 2437 2438 2618
f 2438 2619 2618
f 2437 2448 2438
f 2437 2447 2448
f 2438 2439 2619
f 2439 2620 2619
f 2438 2449 2439
f 2438 2448 2449
f 2439 2440 2620
f 2440 2621 2620
f 2622 2623 2630
f 2623 2631 2630
f 2623 2624 2631
f 2624 2632 2631
f 2631 2632 2451
f 2631 2451 2450
f 2442 2632 2624
f 2442 2451 2632
f 2627 2628 2633
f 2628 2634 2633
f 2445 2627 2633
f 2445 2633 2453
f 2633 2634 2454
f 2633 2454 2453
f 2628 2629 2634
f 2629 2635 2634
f 2638 2639 2456
f 2638 2456 2455
f 2630 2631 2639
f 2631 2640 2639
f 2639 2640 2457
f 2639 2457 2456
f 2450 2640 2631
f 2450 2457 2640
f 2634 2635 2641
f 2635 2642 2641
f 2454 2634 2641
f 2454 2641 2459
f 2641 2642 2460
f 2641 2460 2459
f 2635 2636 2642
f 2636 2643 2642
f 2645 2646 2462
f 2645 2462 2461
f 2646 2647 2463
f 2646 2463 2462
f 2647 2648 2464
f 2647 2464 2463
f 2637 2638 2648
f 2638 2649 2648
f 2648 2649 2465
f 2648 2465 2464
f 2455 2649 2638
f 2455 2465 2649
f 2642 2643 2650
f 2643 2651 2650
f 2460 2642 2650
f 2460 2650 2468
f 2650 2651 2469
f 2650 2469 2468
f 2643 2644 2651
f 2644 2652 2651
f 2651 2652 2470
f 2651 2470 2469
f 2658 2659 2472
f 2658 2472 2471
f 2461 2659 2645
f 2461 2472 2659
f 2652 2653 2660
f 2653 2661 2660
f 2470 2652 2660
f 2470 2660 2477
f 2660 2661 2478
f 2660 2478 2477
f 2653 2654 2661
f 2654 2662 2661
f 2661 2662 2479
f 2661 2479 2478
f 2654 2655 2662
f 2655 2663 2662
f 2662 2663 2480
f 2662 2480 2479
f 2663 2664 2481
f 2663 2481 2480
f 2664 2665 2482
f 2664 2482 2481
f 2665 2666 2483
f 2665 2483 2482
f 2666 2667 2484
f 2666 2484 2483
f 2656 2657 2667
f 2657 2668 2667
f 2667 2668 2485
f 2667 2485 2484
f 2657 2658 2668
f 2658 2669 2668
f 2668 2669 2486
f 2668 2486 2485
f 2471 2669 2658
f 2471 2486 2669
f 2492 2493 2670
f 2493 2671 2670
f 2670 2671 2677
f 2671 2678 2677
f 2492 2670 2677
f 2492 2677 2500
f 2493 2494 2671
f 2494 2672 2671
f 2671 2672 2678
f 2672 2679 2678
f 2494 2495 2672
f 2495 2673 2672
f 2672 2673 2679
f 2673 2680 2679
f 2495 2496 2673
f 2496 2674 2673
f 2673 2674 2680
f 2674 2681 2680
f 2496 2497 2674
f 2497 2675 2674
f 2674 2675 2681
f 2675 2682 2681
f 2497 2682 2675
f 2497 2501 2682
f 2499 2500 2676
f 2500 2677 2676
f 2499 2676 2685
f 2499 2685 2504
f 2499 2505 2500
f 2499 2504 2505
f 2501 2686 2682
f 2501 2506 2686
f 2503 2504 2684
f 2504 2685 2684
f 2503 2684 2690
f 2503 2690 2512
f 2503 2513 2504
f 2503 2512 2513
f 2504 2514 2505
f 2504 2513 2514
f 2506 2507 2686
f 2507 2687 2686
f 2507 2508 2687
f 2508 2688 2687
f 2508 2692 2688
f 2508 2515 2692
f 2512 2690 2695
f 2512 2695 2519
f 2512 2520 2513
f 2512 2519 2520
f 2513 2521 2514
f 2513 2520 2521
f 2691 2692 2696
f 2692 2697 2696
f 2515 2697 2692
f 2515 2522 2697
f 2519 2695 2700
f 2519 2700 2526
f 2519 2527 2520
f 2519 2526 2527
f 2696 2697 2701
f 2697 2702 2701
f 2701 2702 2529
f 2701 2529 2528
f 2522 2702 2697
f 2522 2529 2702
f 2526 2700 2706
f 2526 2706 2534
f 2526 2535 2527
f 2526 2534 2535
f 2528 2707 2701
f 2528 2536 2707
f 2533 2534 2705
f 2534 2706 2705
f 2533 2705 2710
f 2533 2710 2541
f 2533 2542 2534
f 2533 2541 2542
f 2710 2711 2542
f 2710 2542 2541
f 2534 2543 2535
f 2534 2542 2543
f 2536 2713 2707
f 2536 2544 2713
f 2542 2711 2717
f 2542 2717 2550
f 2542 2551 2543
f 2542 2550 2551
f 2712 2713 2718
f 2713 2719 2718
f 2544 2719 2713
f 2544 2553 2719
f 2549 2550 2716
f 2550 2717 2716
f 2549 2716 2722
f 2549 2722 2558
f 2549 2559 2550
f 2549 2558 2559
f 2722 2723 2559
f 2722 2559 2558
f 2550 2560 2551
f 2550 2559 2560
f 2551 2561 2552
f 2551 2560 2561
f 2553 2725 2719
f 2553 2562 2725
f 2559 2723 2735
f 2559 2735 2574
f 2559 2575 2560
f 2559 2574 2575
f 2560 2576 2561
f 2560 2575 2576
f 2724 2725 2736
f 2725 2737 2736
f 2562 2737 2725
f 2562 2577 2737
f 2563 2564 2726
f 2564 2727 2726
f 2726 2727 2738
f 2727 2739 2738
f 2563 2726 2738
f 2563 2738 2578
f 2738 2739 2579
f 2738 2579 2578
f 2564 2565 2727
f 2565 2728 2727
f 2727 2728 2739
f 2728 2740 2739
f 2739 2740 2580
f 2739 2580 2579
f 2565 2566 2728
f 2566 2729 2728
f 2728 2729 2740
f 2729 2741 2740
f 2740 2741 2581
f 2740 2581 2580
f 2566 2741 2729
f 2566 2581 2741
f 2572 2573 2733
f 2573 2734 2733
f 2572 2733 2748
f 2572 2748 2588
f 2572 2589 2573
f 2572 2588 2589
f 2573 2574 2734
f 2574 2735 2734
f 2573 2590 2574
f 2573 2589 2590
f 2574 2591 2575
f 2574 2590 2591
f 2575 2592 2576
f 2575 2591 2592
f 2577 2578 2737
f 2578 2738 2737
f 2737 2738 2750
f 2738 2751 2750
f 2578 2751 2738
f 2578 2593 2751
f 2584 2585 2742
f 2585 2743 2742
f 2742 2743 2756
f 2743 2757 2756
f 2584 2742 2756
f 2584 2756 2599
f 2585 2586 2743
f 2586 2744 2743
f 2743 2744 2757
f 2744 2758 2757
f 2586 2758 2744
f 2586 2600 2758
f 2588 2748 2763
f 2588 2763 2605
f 2588 2606 2589
f 2588 2605 2606
f 2589 2607 2590
f 2589 2606 2607
f 2590 2608 2591
f 2590 2607 2608
f 2749 2750 2764
f 2750 2765 2764
f 2750 2751 2765
f 2751 2766 2765
f 2593 2594 2751
f 2594 2752 2751
f 2751 2752 2766
f 2752 2767 2766
f 2594 2595 2752
f 2595 2753 2752
f 2752 2753 2767
f 2753 2768 2767
f 2595 2596 2753
f 2596 2754 2753
f 2753 2754 2768
f 2754 2769 2768
f 2768 2769 2610
f 2768 2610 2609
f 2596 2769 2754
f 2596 2610 2769
f 2598 2599 2755
f 2599 2756 2755
f 2755 2756 2770
f 2756 2771 2770
f 2598 2755 2770
f 2598 2770 2612
f 2770 2771 2613
f 2770 2613 2612
f 2756 2757 2771
f 2757 2772 2771
f 2757 2758 2772
f 2758 2773 2772
f 2600 2601 2758
f 2601 2759 2758
f 2601 2602 2759
f 2602 2760 2759
f 2601 2615 2602
f 2601 2614 2615
f 2602 2603 2760
f 2603 2761 2760
f 2602 2616 2603
f 2602 2615 2616
f 2603 2604 2761
f 2604 2762 2761
f 2603 2617 2604
f 2603 2616 2617
f 2604 2605 2762
f 2605 2763 2762
f 2604 2618 2605
f 2604 2617 2618
f 2605 2619 2606
f 2605 2618 2619
f 2606 2620 2607
f 2606 2619 2620
f 2607 2621 2608
f 2607 2620 2621
f 2766 2767 2776
f 2767 2777 2776
f 2776 2777 2623
f 2776 2623 2622
f 2767 2768 2777
f 2768 2778 2777
f 2777 2778 2624
f 2777 2624 2623
f 2609 2778 2768
f 2609 2624 2778
f 2771 2772 2779
f 2772 2780 2779
f 2613 2771 2779
f 2613 2779 2628
f 2779 2780 2629
f 2779 2629 2628
f 2772 2773 2780
f 2773 2781 2780
f 2774 2775 2782
f 2775 2783 2782
f 2775 2776 2783
f 2776 2784 2783
f 2622 2784 2776
f 2622 2630 2784
f 2780 2781 2785
f 2781 2786 2785
f 2629 2780 2785
f 2629 2785 2635
f 2785 2786 2636
f 2785 2636 2635
f 2782 2783 2789
f 2783 2790 2789
f 2789 2790 2638
f 2789 2638 2637
f 2783 2784 2790
f 2784 2791 2790
f 2790 2791 2639
f 2790 2639 2638
f 2630 2791 2784
f 2630 2639 2791
f 2786 2787 2792
f 2787 2793 2792
f 2636 2786 2792
f 2636 2792 2643
f 2792 2793 2644
f 2792 2644 2643
f 2796 2797 2646
f 2796 2646 2645
f 2797 2798 2647
f 2797 2647 2646
f 2788 2789 2798
f 2789 2799 2798
f 2798 2799 2648
f 2798 2648 2647
f 2637 2799 2789
f 2637 2648 2799
f 2793 2794 2800
f 2794 2801 2800
f 2644 2793 2800
f 2644 2800 2652
f 2800 2801 2653
f 2800 2653 2652
f 2801 2802 2654
f 2801 2654 2653
f 2802 2803 2655
f 2802 2655 2654
f 2807 2808 2657
f 2807 2657 2656
f 2808 2809 2658
f 2808 2658 2657
f 2795 2796 2809
f 2796 2810 2809
f 2809 2810 2659
f 2809 2659 2658
f 2645 2810 2796
f 2645 2659 2810
f 2803 2804 2811
f 2804 2812 2811
f 2655 2803 2811
f 2655 2811 2663
f 2811 2812 2664
f 2811 2664 2663
f 2804 2805 2812
f 2805 2813 2812
f 2812 2813 2665
f 2812 2665 2664
f 2813 2814 2666
f 2813 2666 2665
f 2806 2807 2814
f 2807 2815 2814
f 2814 2815 2667
f 2814 2667 2666
f 2656 2815 2807
f 2656 2667 2815
f 2676 2677 2816
f 2677 2817 2816
f 2816 2817 2825
f 2817 2826 2825
f 2676 2816 2825
f 2676 2825 2685
f 2677 2678 2817
f 2678 2818 2817
f 2817 2818 2826
f 2818 2827 2826
f 2678 2679 2818
f 2679 2819 2818
f 2818 2819 2827
f 2819 2828 2827
f 2679 2680 2819
f 2680 2820 2819
f 2819 2820 2828
f 2820 2829 2828
f 2680 2681 2820
f 2681 2821 2820
f 2820 2821 2829
f 2821 2830 2829
f 2681 2682 2821
f 2682 2822 2821
f 2821 2822 2830
f 2822 2831 2830
f 2682 2831 2822
f 2682 2686 2831
f 2683 2684 2823
f 2684 2824 2823
f 2823 2824 2834
f 2824 2835 2834
f 2683 2823 2834
f 2683 2834 2689
f 2683 2690 2684
f 2683 2689 2690
f 2684 2685 2824
f 2685 2825 2824
f 2824 2825 2835
f 2825 2836 2835
f 2825 2826 2836
f 2826 2837 2836
f 2826 2827 2837
f 2827 2838 2837
f 2827 2828 2838
f 2828 2839 2838
f 2828 2829 2839
f 2829 2840 2839
f 2829 2830 2840
f 2830 2841 2840
f 2830 2831 2841
f 2831 2842 2841
f 2686 2687 2831
f 2687 2832 2831
f 2831 2832 2842
f 2832 2843 2842
f 2687 2688 2832
f 2688 2833 2832
f 2832 2833 2843
f 2833 2844 2843
f 2843 2844 2692
f 2843 2692 2691
f 2688 2844 2833
f 2688 2692 2844
f 2834 2835 2846
f 2835 2847 2846
f 2689 2834 2846
f 2689 2846 2694
f 2689 2695 2690
f 2689 2694 2695
f 2835 2836 2847
f 2836 2848 2847
f 2836 2837 2848
f 2837 2849 2848
f 2837 2838 2849
f 2838 2850 2849
f 2838 2839 2850
f 2839 2851 2850
f 2839 2840 2851
f 2840 2852 2851
f 2840 2841 2852
f 2841 2853 2852
f 2841 2842 2853
f 2842 2854 2853
f 2842 2843 2854
f 2843 2855 2854
f 2691 2855 2843
f 2691 2696 2855
f 2693 2694 2845
f 2694 2846 2845
f 2845 2846 2856
f 2846 2857 2856
f 2693 2845 2856
f 2693 2856 2698
f 2693 2699 2694
f 2693 2698 2699
f 2846 2847 2857
f 2847 2858 2857
f 2694 2700 2695
f 2694 2699 2700
f 2847 2848 2858
f 2848 2859 2858
f 2848 2849 2859
f 2849 2860 2859
f 2849 2850 2860
f 2850 2861 2860
f 2850 2851 2861
f 2851 2862 2861
f 2851 2852 2862
f 2852 2863 2862
f 2852 2853 2863
f 2853 2864 2863
f 2853 2854 2864
f 2854 2865 2864
f 2854 2855 2865
f 2855 2866 2865
f 2696 2866 2855
f 2696 2701 2866
f 2856 2857 2868
f 2857 2869 2868
f 2698 2856 2868
f 2698 2868 2704
f 2698 2705 2699
f 2698 2704 2705
f 2857 2858 2869
f 2858 2870 2869
f 2699 2706 2700
f 2699 2705 2706
f 2858 2859 2870
f 2859 2871 2870
f 2859 2860 2871
f 2860 2872 2871
f 2860 2861 2872
f 2861 2873 2872
f 2861 2862 2873
f 2862 2874 2873
f 2862 2863 2874
f 2863 2875 2874
f 2863 2864 2875
f 2864 2876 2875
f 2864 2865 2876
f 2865 2877 2876
f 2865 2866 2877
f 2866 2878 2877
f 2701 2878 2866
f 2701 2707 2878
f 2703 2704 2867
f 2704 2868 2867
f 2867 2868 2879
f 2868 2880 2879
f 2703 2867 2879
f 2703 2879 2708
f 2703 2709 2704
f 2703 2708 2709
f 2879 2880 2709
f 2879 2709 2708
f 2868 2869 2880
f 2869 2881 2880
f 2704 2710 2705
f 2704 2709 2710
f 2869 2870 2881
f 2870 2882 2881
f 2870 2871 2882
f 2871 2883 2882
f 2871 2872 2883
f 2872 2884 2883
f 2872 2873 2884
f 2873 2885 2884
f 2873 2874 2885
f 2874 2886 2885
f 2874 2875 2886
f 2875 2887 2886
f 2875 2876 2887
f 2876 2888 2887
f 2876 2877 2888
f 2877 2889 2888
f 2877 2878 2889
f 2878 2890 2889
f 2889 2890 2713
f 2889 2713 2712
f 2707 2890 2878
f 2707 2713 2890
f 2880 2881 2892
f 2881 2893 2892
f 2709 2880 2892
f 2709 2892 2715
f 2709 2716 2710
f 2709 2715 2716
f 2881 2882 2893
f 2882 2894 2893
f 2710 2717 2711
f 2710 2716 2717
f 2882 2883 2894
f 2883 2895 2894
f 2883 2884 2895
f 2884 2896 2895
f 2884 2885 2896
f 2885 2897 2896
f 2885 2886 2897
f 2886 2898 2897
f 2886 2887 2898
f 2887 2899 2898
f 2887 2888 2899
f 2888 2900 2899
f 2888 2889 2900
f 2889 2901 2900
f 2712 2901 2889
f 2712 2718 2901
f 2714 2715 2891
f 2715 2892 2891
f 2891 2892 2903
f 2892 2904 2903
f 2714 2891 2903
f 2714 2903 2720
f 2714 2721 2715
f 2714 2720 2721
f 2892 2893 2904
f 2893 2905 2904
f 2715 2722 2716
f 2715 2721 2722
f 2893 2894 2905
f 2894 2906 2905
f 2894 2895 2906
f 2895 2907 2906
f 2895 2896 2907
f 2896 2908 2907
f 2896 2897 2908
f 2897 2909 2908
f 2897 2898 2909
f 2898 2910 2909
f 2898 2899 2910
f 2899 2911 2910
f 2899 2900 2911
f 2900 2912 2911
f 2900 2901 2912
f 2901 2913 2912
f 2718 2719 2901
f 2719 2902 2901
f 2901 2902 2913
f 2902 2914 2913
f 2913 2914 2725
f 2913 2725 2724
f 2719 2914 2902
f 2719 2725 2914
f 2903 2904 2917
f 2904 2918 2917
f 2720 2903 2917
f 2720 2917 2732
f 2720 2733 2721
f 2720 2732 2733
f 2904 2905 2918
f 2905 2919 2918
f 2721 2734 2722
f 2721 2733 2734
f 2905 2906 2919
f 2906 2920 2919
f 2722 2735 2723
f 2722 2734 2735
f 2906 2907 2920
f 2907 2921 2920
f 2907 2908 2921
f 2908 2922 2921
f 2908 2909 2922
f 2909 2923 2922
f 2909 2910 2923
f 2910 2924 2923
f 2910 2911 2924
f 2911 2925 2924
f 2911 2912 2925
f 2912 2926 2925
f 2912 2913 2926
f 2913 2927 2926
f 2724 2927 2913
f 2724 2736 2927
f 2730 2731 2915
f 2731 2916 2915
f 2915 2916 2931
f 2916 2932 2931
f 2730 2915 2931
f 2730 2931 2745
f 2730 2746 2731
f 2730 2745 2746
f 2931 2932 2746
f 2931 2746 2745
f 2731 2732 2916
f 2732 2917 2916
f 2916 2917 2932
f 2917 2933 2932
f 2731 2747 2732
f 2731 2746 2747
f 2917 2918 2933
f 2918 2934 2933
f 2732 2748 2733
f 2732 2747 2748
f 2918 2919 2934
f 2919 2935 2934
f 2919 2920 2935
f 2920 2936 2935
f 2920 2921 2936
f 2921 2937 2936
f 2921 2922 2937
f 2922 2938 2937
f 2922 2923 2938
f 2923 2939 2938
f 2923 2924 2939
f 2924 2940 2939
f 2924 2925 2940
f 2925 2941 2940
f 2925 2926 2941
f 2926 2942 2941
f 2926 2927 2942
f 2927 2943 2942
f 2736 2737 2927
f 2737 2928 2927
f 2927 2928 2943
f 2928 2944 2943
f 2943 2944 2750
f 2943 2750 2749
f 2737 2944 2928
f 2737 2750 2944
f 2739 2740 2929
f 2740 2930 2929
f 2929 2930 2945
f 2930 2946 2945
f 2739 2929 2945
f 2739 2945 2752
f 2739 2753 2740
f 2739 2752 2753
f 2945 2946 2753
f 2945 2753 2752
f 2740 2946 2930
f 2740 2753 2946
f 2932 2933 2950
f 2933 2951 2950
f 2746 2932 2950
f 2746 2950 2761
f 2746 2762 2747
f 2746 2761 2762
f 2933 2934 2951
f 2934 2952 2951
f 2747 2763 2748
f 2747 2762 2763
f 2934 2935 2952
f 2935 2953 2952
f 2935 2936 2953
f 2936 2954 2953
f 2936 2937 2954
f 2937 2955 2954
f 2937 2938 2955
f 2938 2956 2955
f 2938 2939 2956
f 2939 2957 2956
f 2939 2940 2957
f 2940 2958 2957
f 2940 2941 2958
f 2941 2959 2958
f 2941 2942 2959
f 2942 2960 2959
f 2942 2943 2960
f 2943 2961 2960
f 2749 2961 2943
f 2749 2764 2961
f 2758 2759 2947
f 2759 2948 2947
f 2947 2948 2964
f 2948 2965 2964
f 2758 2947 2964
f 2758 2964 2773
f 2759 2760 2948
f 2760 2949 2948
f 2948 2949 2965
f 2949 2966 2965
f 2760 2761 2949
f 2761 2950 2949
f 2949 2950 2966
f 2950 2967 2966
f 2950 2951 2967
f 2951 2968 2967
f 2951 2952 2968
f 2952 2969 2968
f 2952 2953 2969
f 2953 2970 2969
f 2953 2954 2970
f 2954 2971 2970
f 2954 2955 2971
f 2955 2972 2971
f 2955 2956 2972
f 2956 2973 2972
f 2956 2957 2973
f 2957 2974 2973
f 2957 2958 2974
f 2958 2975 2974
f 2958 2959 2975
f 2959 2976 2975
f 2959 2960 2976
f 2960 2977 2976
f 2960 2961 2977
f 2961 2978 2977
f 2764 2765 2961
f 2765 2962 2961
f 2961 2962 2978
f 2962 2979 2978
f 2978 2979 2775
f 2978 2775 2774
f 2765 2766 2962
f 2766 2963 2962
f 2962 2963 2979
f 2963 2980 2979
f 2979 2980 2776
f 2979 2776 2775
f 2766 2980 2963
f 2766 2776 2980
f 2964 2965 2981
f 2965 2982 2981
f 2773 2964 2981
f 2773 2981 2781
f 2965 2966 2982
f 2966 2983 2982
f 2966 2967 2983
f 2967 2984 2983
f 2967 2968 2984
f 2968 2985 2984
f 2968 2969 2985
f 2969 2986 2985
f 2969 2970 2986
f 2970 2987 2986
f 2970 2971 2987
f 2971 2988 2987
f 2971 2972 2988
f 2972 2989 2988
f 2972 2973 2989
f 2973 2990 2989
f 2973 2974 2990
f 2974 2991 2990
f 2974 2975 2991
f 2975 2992 2991
f 2975 2976 2992
f 2976 2993 2992
f 2976 2977 2993
f 2977 2994 2993
f 2977 2978 2994
f 2978 2995 2994
f 2774 2995 2978
f 2774 2782 2995
f 2981 2982 2996
f 2982 2997 2996
f 2781 2981 2996
f 2781 2996 2786
f 2996 2997 2787
f 2996 2787 2786
f 2982 2983 2997
f 2983 2998 2997
f 2983 2984 2998
f 2984 2999 2998
f 2984 2985 2999
f 2985 3000 2999
f 2985 2986 3000
f 2986 3001 3000
f 2986 2987 3001
f 2987 3002 3001
f 2987 2988 3002
f 2988 3003 3002
f 2988 2989 3003
f 2989 3004 3003
f 2989 2990 3004
f 2990 3005 3004
f 2990 2991 3005
f 2991 3006 3005
f 2991 2992 3006
f 2992 3007 3006
f 2992 2993 3007
f 2993 3008 3007
f 2993 2994 3008
f 2994 3009 3008
f 2994 2995 3009
f 2995 3010 3009
f 3009 3010 2789
f 3009 2789 2788
f 2782 3010 2995
f 2782 2789 3010
f 2997 2998 3011
f 2998 3012 3011
f 2787 2997 3011
f 2787 3011 2793
f 3011 3012 2794
f 3011 2794 2793
f 2998 2999 3012
f 2999 3013 3012
f 2999 3000 3013
f 3000 3014 3013
f 3000 3001 3014
f 3001 3015 3014
f 3001 3002 3015
f 3002 3016 3015
f 3002 3003 3016
f 3003 3017 3016
f 3003 3004 3017
f 3004 3018 3017
f 3004 3005 3018
f 3005 3019 3018
f 3005 3006 3019
f 3006 3020 3019
f 3006 3007 3020
f 3007 3021 3020
f 3020 3021 2796
f 3020 2796 2795
f 3007 3008 3021
f 3008 3022 3021
f 3021 3022 2797
f 3021 2797 2796
f 3008 3009 3022
f 3009 3023 3022
f 3022 3023 2798
f 3022 2798 2797
f 2788 3023 3009
f 2788 2798 3023
f 3012 3013 3024
f 3013 3025 3024
f 2794 3012 3024
f 2794 3024 2801
f 3024 3025 2802
f 3024 2802 2801
f 3013 3014 3025
f 3014 3026 3025
f 3025 3026 2803
f 3025 2803 2802
f 3014 3015 3026
f 3015 3027 3026
f 3026 3027 2804
f 3026 2804 2803
f 3015 3016 3027
f 3016 3028 3027
f 3027 3028 2805
f 3027 2805 2804
f 3016 3017 3028
f 3017 3029 3028
f 3017 3018 3029
f 3018 3030 3029
f 3029 3030 2807
f 3029 2807 2806
f 3018 3019 3030
f 3019 3031 3030
f 3030 3031 2808
f 3030 2808 2807
f 3019 3020 3031
f 3020 3032 3031
f 3031 3032 2809
f 3031 2809 2808
f 2795 3032 3020
f 2795 2809 3032
f 3028 3029 3033
f 3029 3034 3033
f 2805 3028 3033
f 2805 3033 2813
f 3033 3034 2814
f 3033 2814 2813
f 2806 3034 3029
f 2806 2814 3034