v 184.668381 56.693172 414.248077
v 185.966202 56.637505 415.260345
v 179.557190 56.387184 411.902039
v 181.500687 56.823490 413.316559
v 183.559586 57.098919 415.753357
v 184.759003 56.928612 417.840881
v 174.803574 56.158173 409.797089
v 176.225967 56.586838 411.227722
v 178.021698 56.952221 413.281067
v 179.998871 57.286549 415.380005
v 181.950806 57.353924 417.655853
v 170.723938 55.822472 409.293335
v 173.197876 56.706043 410.687622
v 174.525986 57.013680 412.760559
v 176.359436 57.042004 414.903748
v 179.108063 56.998295 416.617279
v 168.612640 56.132565 409.216064
v 170.217361 56.675339 410.911377
v 171.453659 56.973568 412.580383
v 173.305725 57.140827 414.887604
v 174.366211 56.824715 416.800140
v 166.754669 56.253986 409.701050
v 167.968307 56.683472 410.982391
v 168.833496 56.897842 412.542755
v 170.397034 57.199139 414.840851
v 171.876587 57.341507 416.953674
v 164.032776 56.281525 409.788452
v 165.269333 56.738045 411.065613
v 166.304779 56.983799 412.734711
v 167.640762 57.245220 415.002625
v 168.865829 57.446045 417.147797
v 161.272308 56.275448 409.943176
v 162.539108 56.772076 411.204529
v 163.607544 57.055904 412.998810
v 164.918167 57.432823 415.516998
v 165.896103 57.576683 417.585144
v 158.501328 56.242188 410.087555
v 159.893356 56.794018 411.382874
v 161.026993 57.148666 413.358948
v 162.123596 57.606739 416.002380
v 162.506165 57.878990 418.879761
v 162.433151 57.744862 421.249908
v 153.362045 55.833927 408.936066
v 155.626480 56.326450 410.419983
v 157.251373 56.819908 411.630188
v 158.416061 57.269390 413.771545
v 159.271973 57.793709 416.538605
v 160.102692 58.283512 419.447418
v 160.430984 58.381374 421.710663
v 151.524078 55.721092 408.815582
v 153.239334 56.399307 410.003784
v 154.248886 56.857422 411.758759
v 155.273712 57.369308 414.179047
v 156.205490 57.882469 416.995331
v 156.928482 58.432083 419.934418
v 157.297607 58.579586 422.254944
v 148.181366 55.753880 408.757141
v 149.927063 56.402840 409.857391
v 150.924454 56.845921 411.804321
v 151.736038 57.363934 414.316254
v 152.879730 57.873081 417.204559
v 153.725204 58.507118 420.261383
v 154.743958 58.934727 423.232300
v 153.482193 58.582745 424.431763
v 142.818207 55.842850 408.235687
v 146.337540 56.598934 410.303467
v 147.664703 56.914658 411.727814
v 148.583603 57.323486 414.252563
v 149.531418 57.842552 417.208038
v 150.554718 58.448479 420.280823
v 151.362640 58.749889 423.091217
v 151.887161 58.694153 423.851349
v 142.915146 56.091969 409.857269
v 144.482101 56.805496 411.589478
v 145.334534 57.258984 414.177246
v 145.992706 57.779198 417.189758
v 147.115570 58.313522 420.078156
v 147.310776 58.560955 422.680542
v 139.676559 55.950077 409.898224
v 141.243668 56.684479 411.568115
v 141.975433 57.186047 414.201599
v 142.729797 57.661106 417.091125
v 143.928879 57.987545 419.601868
v 144.502151 58.007259 421.269257
v 135.646317 55.788895 409.400208
v 137.300552 56.487946 411.741089
v 138.672012 57.120640 414.007843
v 139.682236 57.329311 416.804932
v 140.727402 57.337505 418.185944
v 133.784500 56.001480 410.942047
v 136.075623 56.607376 413.328217
v 136.777695 56.769485 415.152985
v 190.627121 55.144054 410.718048
v 192.541412 55.579525 412.215851
v 194.122330 56.019695 414.565033
v 195.996384 55.993771 416.580200
v 186.625778 54.747364 409.218811
v 188.174973 55.342178 409.671997
v 188.887314 55.771263 411.853363
v 190.914169 56.271114 414.187500
v 193.623428 56.433231 417.030640
v 195.236908 56.374126 419.641663
v 182.842758 54.457863 409.333038
v 185.145920 55.512524 409.319641
v 185.337509 55.912621 411.481812
v 186.531174 56.187130 413.497498
v 189.560867 56.608109 416.540985
v 192.626755 56.929676 419.716858
v 193.593521 56.536846 422.467438
v 178.909088 54.876186 408.565338
v 180.491531 55.544468 409.508881
v 181.449966 56.101521 411.141815
v 183.560532 56.159718 412.582275
v 186.201660 56.823307 416.882019
v 187.958588 56.982327 419.151001
v 191.106354 57.086086 422.479034
v 176.083191 55.051788 408.430237
v 176.860016 55.784294 409.508087
v 178.834381 55.930420 410.357971
v 184.669708 57.187836 419.634186
v 187.135468 56.959538 422.059875
v 172.752136 55.116417 408.277130
v 173.667694 55.971291 409.169342
v 170.037476 55.519165 409.193604
v 178.257553 56.661003 416.811310
v 180.608536 57.010109 419.133972
v 183.749634 56.510971 421.094604
v 169.797501 54.987648 408.195709
v 170.439133 55.811256 409.308777
v 171.638916 55.940815 409.320068
v 175.944351 56.728519 415.866272
v 176.556946 56.645332 418.356415
v 166.793854 54.966984 408.269836
v 167.913712 55.511307 408.643188
v 173.583878 56.798504 418.595215
v 163.685181 54.923721 408.481659
v 165.064011 55.561550 408.734985
v 170.115219 56.872864 418.563965
v 160.824326 54.877686 408.667816
v 162.311340 55.582935 408.867340
v 166.535492 57.044441 419.591736
v 166.430084 56.117741 421.662109
v 157.927780 54.828682 408.750549
v 159.670090 55.581860 408.961334
v 164.605911 57.541817 419.924927
v 163.746262 57.038418 421.851532
v 155.446289 55.217876 409.109863
v 156.890030 55.545330 408.636353
v 160.907440 57.580883 423.080566
v 152.041260 54.818935 408.400970
v 157.363586 57.803257 423.240204
v 148.735413 54.817383 408.198700
v 154.989868 58.399929 423.910309
v 153.418076 57.839600 425.538055
v 145.507004 55.438156 408.805206
v 142.374817 55.416111 408.145355
v 149.854736 57.881340 424.156403
v 151.551880 58.104122 425.235748
v 141.860489 54.576088 407.968414
v 144.169098 55.336868 408.572784
v 147.453812 57.995522 424.159088
v 145.975113 56.823784 424.617859
v 138.759644 54.507812 407.865295
v 141.138199 55.248058 408.497314
v 142.827820 57.615002 421.392090
v 143.496735 57.674942 423.555450
v 144.679535 57.053337 424.181061
v 135.709167 54.431679 407.705994
v 137.052490 55.630428 409.722290
v 135.811020 55.544868 409.772186
v 139.178955 56.933018 418.242889
v 140.442749 57.395836 420.564301
v 139.855087 57.239674 422.577393
v 132.838013 54.302849 407.611359
v 134.202408 55.103886 409.078369
v 135.160812 56.074619 411.960327
v 135.075165 56.410637 414.904938
v 136.305908 56.757259 417.466675
v 136.536041 57.203373 420.289886
v 136.138611 57.227814 422.206055
v 129.412476 54.300774 407.864929
v 130.808792 54.889484 409.446228
v 131.660309 55.510784 411.805389
v 132.077454 56.076099 414.399048
v 132.551422 56.549118 417.031799
v 132.731491 57.141270 419.773132
v 132.391907 57.095161 421.720062
v 125.971558 54.183479 407.522583
v 126.834267 55.030621 410.006012
v 127.832863 55.512333 411.951050
v 128.089462 55.857407 414.789734
v 129.301666 56.107105 416.685638
v 129.560776 56.573895 419.148987
v 130.090042 56.482719 420.157013
v 123.533661 54.434971 409.185791
v 125.061783 55.151722 411.395996
v 125.691399 55.458092 413.047211
v 192.398178 53.838966 409.396332
v 193.801346 54.409985 410.300110
v 195.112732 54.859219 412.482330
v 196.907654 55.229145 415.202423
v 199.498322 55.524700 418.432129
v 200.914490 55.788677 420.498291
v 189.681793 54.246307 408.613892
v 190.558212 54.579590 409.655609
v 196.664795 56.210991 418.725372
v 199.255127 56.246407 421.208282
v 199.159988 56.002823 423.263062
v 186.591446 54.501190 407.965332
v 181.987289 54.129620 409.309052
v 195.669846 56.589630 421.576569
v 196.963486 56.131077 423.482605
v 182.075684 54.363098 408.414642
v 183.144638 54.612999 408.920105
v 192.485367 56.082474 423.720917
v 178.867966 53.998703 408.361664
v 188.502731 55.927876 423.317810
v 175.085541 53.946571 408.399292
v 182.173920 55.949135 421.505463
v 183.680237 55.617985 422.451874
v 171.546997 53.872803 408.453156
v 179.289612 56.091949 420.676666
v 179.671555 55.114784 421.902832
v 168.133102 53.815525 408.450256
v 175.323792 55.971886 420.515594
v 175.484756 54.938255 421.548218
v 164.909485 53.739094 408.622589
v 171.451950 55.884872 420.484650
v 171.476181 54.846329 421.490326
v 161.880997 53.701069 408.754150
v 168.763336 55.956360 420.566162
v 168.016678 55.181721 421.635071
v 158.857773 53.661964 408.859528
v 165.018051 55.705933 422.940460
v 155.578232 53.671188 408.759735
v 161.696014 56.213806 423.481140
v 160.462357 54.754288 424.591888
v 152.028625 53.614815 408.492889
v 158.141678 56.813126 424.556854
v 158.379288 55.787678 425.486450
v 148.720032 53.526501 408.262573
v 156.319946 57.268810 424.665649
v 154.783722 56.418434 425.550079
v 145.437836 53.627781 408.022339
v 150.069443 56.850319 424.958954
v 150.829010 56.713272 425.800201
v 142.157272 53.615261 407.877686
v 148.647766 56.886593 424.344543
v 146.616867 56.284954 425.376221
v 138.983810 53.466698 407.636749
v 142.183701 56.220753 424.000092
v 144.212906 56.378105 425.073456
v 133.118378 52.821247 406.398041
v 135.862030 53.466892 407.110474
v 139.492752 56.238888 423.329865
v 131.717484 52.911530 405.855133
v 133.885468 53.499611 406.474609
v 135.550644 56.207832 422.932709
v 125.944084 52.518242 404.591614
v 128.015106 53.081226 405.447296
v 130.787872 53.699009 406.371582
v 131.521698 56.317623 422.920685
v 123.475555 52.366413 404.460846
v 125.728050 53.100529 405.452820
v 126.744270 54.159229 407.585480
v 125.866371 54.041325 408.011688
v 127.656853 55.306633 416.100616
v 127.346169 55.419243 418.123962
v 128.257309 55.678078 420.103882
v 129.070969 56.146912 422.092896
v 119.415428 52.117954 403.570557
v 122.547203 52.644192 405.093414
v 123.892067 53.444313 407.010101
v 124.051804 54.569382 410.036469
v 124.080879 54.607323 412.358795
v 124.768730 55.135281 415.139038
v 125.655029 54.481316 416.396790
v 195.638641 53.086601 409.726471
v 196.552948 53.503498 410.900665
v 197.408066 53.829498 413.101685
v 199.351257 54.307983 415.972351
v 201.212906 54.780003 419.088348
v 202.690079 54.965435 421.780212
v 202.857742 54.470276 422.487854
v 192.549774 52.766697 409.237946
v 200.683578 55.976551 422.379822
v 200.518127 54.713436 423.301239
v 188.924896 52.745686 408.946411
v 196.601776 54.824242 423.735199
v 185.484894 52.864384 409.118347
v 185.961243 51.253254 410.674927
v 192.689011 54.577278 423.386749
v 182.077942 52.937668 409.329132
v 181.885880 51.441032 410.864929
v 188.342896 54.313675 422.880432
v 178.047546 52.818199 409.468842
v 177.284470 51.284859 410.894257
v 184.318268 54.125324 422.394775
v 173.082855 51.741241 409.347382
v 174.018097 50.630234 410.590607
v 179.849930 53.856007 421.949890
v 169.206665 52.063999 409.314392
v 175.513367 53.573856 421.603638
v 165.801239 51.982765 409.356415
v 171.623825 53.425583 421.496857
v 162.570480 51.927876 409.530853
v 168.101517 53.472084 421.792206
v 159.439484 51.935307 409.750732
v 164.980606 53.666321 422.442596
v 156.260178 52.008846 409.719360
v 162.857758 54.339771 423.627563
v 160.907364 53.124531 424.259857
v 152.544281 52.098942 409.416382
v 158.778687 54.026405 425.474823
v 148.982910 52.193905 408.953552
v 155.237762 54.444744 425.802063
v 153.673920 53.234241 426.253784
v 145.628525 52.227264 408.419373
v 151.221771 54.601521 425.999542
v 152.380402 53.774654 426.247437
v 142.590714 52.362438 408.260162
v 141.102798 51.368443 409.365356
v 147.101318 54.947712 426.162018
v 138.717178 52.327763 408.612701
v 137.927094 51.416599 409.575745
v 142.561523 55.099556 424.437653
v 142.726624 54.660435 425.104004
v 133.285980 52.750629 406.567627
v 134.852066 52.498024 407.658356
v 133.891022 51.245735 409.193237
v 139.321304 55.080116 423.927765
v 138.918823 54.184986 424.708618
v 132.914337 52.347076 406.215851
v 131.171310 52.083904 408.185669
v 130.726059 51.273705 409.519562
v 135.556686 55.208763 423.700684
v 135.278137 54.329224 424.528381
v 126.236809 52.484566 404.556641
v 128.106216 52.488132 405.671326
v 127.234352 51.581329 407.419861
v 131.684677 55.391476 423.551361
v 131.738586 54.524391 424.257202
v 125.384445 52.028858 404.375885
v 123.915657 52.138363 406.083160
v 123.724319 51.425083 407.400757
v 127.243446 54.439114 418.825958
v 127.179192 54.935982 421.311981
v 127.979202 54.856239 422.967743
v 129.505630 54.403614 423.433868
v 122.354073 52.205185 404.625458
v 122.363304 52.356152 406.317627
v 122.527824 52.700798 408.266785
v 122.841476 53.093529 410.576843
v 123.073524 53.399067 413.105957
v 123.775505 53.670750 415.664337
v 124.745323 54.117496 418.172333
v 125.282082 53.905045 420.264099
v 125.453400 54.095665 421.333221
v 197.958954 51.794537 410.112091
v 198.788406 52.294083 411.431671
v 199.761368 52.819523 413.769531
v 200.811584 53.198822 416.442230
v 202.140060 53.615719 419.317169
v 203.056152 53.696674 421.315765
v 202.721359 52.669334 422.318787
v 195.544434 51.144573 409.776703
v 200.288727 53.131119 423.141663
v 191.828568 50.674767 409.681671
v 196.485214 53.027489 423.118774
v 188.638901 50.918793 410.089569
v 187.710892 48.658993 411.744995
v 191.998978 52.725307 422.655029
v 183.856308 49.170841 412.129547
v 187.977829 52.517490 422.096313
v 179.305878 49.238327 412.019073
v 183.689636 52.277473 421.699402
v 173.398727 49.226654 410.612305
v 175.935852 49.026306 411.398224
v 179.451828 52.116093 421.373810
v 170.128571 49.538647 410.068115
v 175.377640 51.944370 421.100769
v 166.534470 49.538765 410.002106
v 171.464828 51.802135 421.023529
v 163.078888 49.666203 410.068542
v 167.746750 51.723320 421.299896
v 159.763077 49.870132 410.286865
v 164.583374 51.785332 421.931030
v 156.633682 50.177738 410.513397
v 162.633774 52.421009 423.158051
v 160.686569 51.355331 424.020966
v 153.286392 50.446671 410.544708
v 158.833939 52.099731 425.046814
v 149.528702 50.647533 410.013977
v 156.585846 52.863979 425.868744
v 154.457947 51.858856 426.572296
v 146.009140 50.788712 409.319733
v 150.300415 52.665451 425.964569
v 152.712173 52.503677 426.496368
v 143.529236 51.144489 409.189148
v 141.480850 50.158630 410.330688
v 147.113281 52.781712 425.697937
v 137.730270 50.431015 409.130493
v 139.797882 50.292076 410.136108
v 142.935364 52.792549 425.572662
v 136.008652 51.010910 408.733673
v 134.085663 49.806763 410.516754
v 139.065750 52.854156 425.405426
v 130.280029 50.271637 409.510406
v 132.421951 50.082150 410.463348
v 135.479660 53.070091 425.134033
v 127.084442 50.531574 408.873962
v 131.746521 53.404369 424.912384
v 122.856796 50.541218 407.058685
v 124.451302 50.393879 408.210785
v 127.415115 53.605480 423.674713
v 129.261780 53.487801 424.136078
v 120.113258 51.331951 407.291138
v 120.868477 51.746658 409.292145
v 121.396507 52.062191 411.594574
v 122.064247 52.414669 414.243073
v 123.090584 52.768135 416.892090
v 123.734619 53.155090 419.399841
v 123.332642 52.797897 421.421112
v 125.622986 53.525791 422.807281
v 117.397911 49.889118 407.320740
v 118.275146 50.633934 408.207275
v 118.933853 51.072945 410.511475
v 119.589233 51.481060 413.062256
v 120.587303 51.861668 415.683807
v 121.772827 52.142342 418.075165
v 122.119690 52.218067 419.675568
v 202.696426 50.511940 414.716248
v 203.350601 50.817013 416.286835
v 203.627090 50.430981 417.108398
v 199.644653 49.848736 410.811096
v 200.462112 50.597492 412.168060
v 200.932587 51.307201 414.441742
v 202.211380 51.914646 416.695648
v 202.398453 52.215820 418.875214
v 202.929855 51.875954 420.641693
v 202.141174 50.665138 421.854156
v 197.208755 48.895199 410.530792
v 199.945770 51.047131 422.741974
v 194.163986 48.280701 410.846802
v 191.774506 46.132111 412.483521
v 196.067108 50.898022 422.741364
v 190.954788 48.350048 411.250153
v 188.082367 46.324432 412.821808
v 191.709808 50.795120 422.264557
v 183.768417 46.538227 412.807770
v 187.495590 50.739399 421.683014
v 179.618622 46.750622 412.580505
v 183.337616 50.656723 421.269348
v 173.781128 46.841084 411.125946
v 176.287399 46.826046 411.913422
v 179.229706 50.589409 420.937836
v 170.731384 46.806698 410.714325
v 175.187927 50.524124 420.693481
v 167.020050 46.888477 410.547028
v 171.104126 50.443848 420.687439
v 163.562653 47.106522 410.466675
v 167.441833 50.386044 421.031799
v 160.295547 47.465054 410.515961
v 164.294846 50.379498 421.627777
v 157.114914 47.957161 410.734161
v 162.280655 50.784451 422.780640
v 160.432770 49.944691 423.901276
v 153.887817 48.530190 410.865173
v 158.640244 50.461761 424.813324
v 150.637268 49.205780 410.973785
v 148.859924 48.269535 411.581360
v 156.417236 51.041821 425.573853
v 154.311813 50.285099 426.543793
v 147.522751 49.589352 410.665192
v 145.504715 48.658012 411.537415
v 150.683960 51.578705 426.005066
v 151.747696 50.663486 426.601227
v 144.266525 49.835842 410.243622
v 142.147949 48.829498 411.431152
v 147.560532 51.354107 425.719330
v 147.579483 50.427330 426.475555
v 136.606949 49.632671 410.027863
v 139.173019 48.796612 410.906433
v 143.530823 50.825939 425.160034
v 145.599976 50.571224 425.761475
v 136.420273 49.466572 409.968719
v 134.554550 48.543911 411.640594
v 139.599579 51.029964 425.421936
v 138.490601 50.156048 426.094849
v 129.141953 49.415329 410.414490
v 131.415176 48.574699 411.684540
v 135.433609 51.055862 425.215485
v 137.076630 50.516525 425.735321
v 128.070770 49.314949 410.502960
v 126.503853 48.432770 412.063049
v 131.698837 51.573257 425.156891
v 121.738686 49.703384 408.194000
v 122.421013 49.193623 410.128235
v 122.579224 48.267773 411.620728
v 127.089241 52.208370 423.649506
v 127.569237 51.724533 424.718536
v 120.300354 49.771229 407.616089
v 119.016129 49.372425 409.411102
v 119.407433 49.206913 411.254700
v 123.640465 51.967365 422.055817
v 123.843666 51.552914 422.711182
v 125.712761 51.158176 423.716156
v 118.133789 49.986042 407.545654
v 118.350510 50.075272 409.694275
v 118.291862 50.472946 412.145844
v 118.890343 50.722973 414.483398
v 120.075340 51.092941 417.253448
v 120.910286 51.343143 419.501068
v 121.311211 51.219875 421.026611
v 122.220955 50.891880 422.175598
v 202.117676 48.433460 413.197601
v 202.533493 49.258308 414.440125
v 203.240097 49.496315 415.995911
v 202.840408 49.153946 417.095428
v 199.520874 48.095001 411.395874
v 200.683624 48.808994 412.806580
v 201.915787 49.648884 413.558472
v 202.326584 50.409420 418.655975
v 202.130325 49.678318 420.120270
v 201.605301 48.994556 421.547028
v 197.256546 47.043121 411.235870
v 199.247116 49.371758 422.495636
v 194.592270 46.347641 411.796448
v 191.574844 44.522457 413.166199
v 195.593414 49.456333 422.843567
v 193.387161 47.582863 423.552246
v 187.950287 44.554775 413.597321
v 191.486328 49.306908 422.467834
v 191.689819 47.861900 423.161316
v 183.523422 44.559780 413.268921
v 187.220261 49.011814 421.583771
v 179.240372 44.795647 412.862335
v 183.079239 49.036190 421.028961
v 173.832809 45.551525 411.729828
v 175.196487 44.927456 412.469971
v 178.958054 49.004238 420.581757
v 171.708649 45.435410 411.251740
v 169.379288 44.630619 411.472809
v 175.018005 49.053299 420.368683
v 167.789276 45.161919 411.119720
v 167.214630 44.541069 411.033661
v 171.149384 49.090019 420.445770
v 163.636536 45.260574 410.688660
v 167.707047 49.148846 420.933502
v 160.609055 45.497063 410.776489
v 164.389145 49.078163 421.427948
v 157.426529 45.927208 410.762726
v 161.978943 49.384575 422.460480
v 160.296036 48.662502 423.752563
v 154.223709 46.650196 410.849487
v 158.316147 49.063530 425.066376
v 156.870041 48.312622 425.913300
v 151.492523 47.608120 411.252197
v 149.367279 46.817726 411.765808
v 156.405823 49.997452 425.658325
v 155.140259 48.908886 426.297546
v 146.553680 47.462009 412.281219
v 151.600174 49.447033 427.177368
v 142.744614 47.558662 412.125366
v 147.862289 49.479656 427.255920
v 138.754410 47.489910 412.187012
v 143.146881 49.980209 425.944763
v 144.369537 49.347431 426.979004
v 135.185852 47.302933 412.493683
v 141.754501 50.303764 425.630157
v 140.304199 49.224438 426.937683
v 131.700912 47.200939 413.096771
v 134.550720 49.939999 425.908722
v 136.042206 49.486458 427.055634
v 127.970146 47.242737 413.523499
v 131.878357 50.107315 425.549194
v 132.004318 49.179508 426.590851
v 122.111328 47.573566 411.504059
v 124.863770 47.116581 412.788513
v 127.574814 50.006592 425.497894
v 129.066971 48.960022 425.940277
v 117.996597 48.245403 411.194641
v 120.175331 48.276314 411.614838
v 124.219116 50.389179 423.939148
v 124.398399 50.142109 424.956940
v 116.507660 47.445713 411.162750
v 116.813690 48.728844 412.591003
v 117.998993 49.616962 415.866272
v 116.886505 49.428856 417.518616
v 119.765976 50.064743 420.141266
v 119.958466 49.672554 421.264648
v 121.854309 49.839554 422.690704
v 122.868782 49.270916 423.832794
v 116.946236 47.469170 416.845215
v 117.236763 49.058128 418.990051
v 118.207283 48.996498 420.237701
v 202.619186 48.253098 413.631592
v 202.824966 47.320007 414.436066
v 203.299301 47.844776 415.864471
v 203.154251 47.788620 417.455383
v 203.385391 46.397972 418.888824
v 199.620346 47.562469 412.668243
v 199.972321 46.079704 412.656128
v 200.225372 46.194157 414.280518
v 202.768082 48.722404 418.435547
v 202.276001 48.182796 419.670135
v 201.555832 47.530743 421.811981
v 201.198425 45.923489 423.213959
v 197.556381 46.091888 412.029266
v 195.579926 44.351170 413.180725
v 199.316513 48.180630 422.817108
v 199.420624 47.041115 423.581177
v 194.495132 44.958492 412.402222
v 191.523804 43.318119 413.578186
v 195.726974 47.868256 422.934265
v 195.449051 47.340599 423.654358
v 187.563690 43.032963 413.825897
v 191.346436 47.612278 422.798248
v 192.057938 46.900375 423.795990
v 183.265106 42.961979 413.465729
v 187.193771 47.418957 421.715759
v 178.949890 43.152088 412.895630
v 182.924530 47.331692 420.908539
v 174.525009 43.530354 412.257874
v 178.851852 47.394913 420.437714
v 170.250061 43.802307 411.544983
v 174.962769 47.518204 420.172913
v 166.185196 44.417313 410.725555
v 166.713623 43.857838 411.299866
v 171.335312 47.696438 420.330322
v 164.272064 44.312603 410.633484
v 162.548401 43.743011 410.718201
v 167.973312 47.778957 420.753479
v 160.298904 44.023907 410.526611
v 160.811829 43.645245 410.616302
v 164.489151 47.892509 421.952332
v 163.101974 46.937824 422.838654
v 157.895920 44.570839 410.776581
v 155.986252 44.127262 411.072937
v 162.494156 48.406521 422.650055
v 161.224396 47.483906 423.667328
v 155.113327 45.279362 411.034485
v 153.081665 44.861012 411.508667
v 159.163818 48.210743 425.114716
v 157.120300 47.409893 425.912750
v 152.169601 46.139534 411.308838
v 149.796265 45.521408 411.959534
v 154.891144 48.018860 426.784576
v 146.433365 45.965961 412.322723
v 151.492172 48.193474 427.099457
v 142.720123 46.044235 412.461029
v 147.959076 48.198784 427.164246
v 138.877823 45.972927 412.558899
v 144.416092 48.261417 427.471069
v 135.334000 45.833954 412.914093
v 140.669373 48.285015 427.726501
v 131.773834 45.723602 413.481598
v 136.630615 48.244892 427.766449
v 128.184937 45.653831 414.181671
v 132.336563 48.182735 427.712433
v 121.748337 46.485344 412.441254
v 122.364296 45.342037 413.608246
v 127.119987 48.303200 426.136536
v 128.171753 48.140751 427.301849
v 120.284851 46.558643 412.162933
v 118.972122 45.724491 413.196320
v 124.130165 48.417603 425.554596
v 126.048691 47.197037 426.365082
v 117.548843 47.242584 411.875458
v 117.307114 47.337219 413.881592
v 115.664581 47.144012 415.370331
v 119.860634 47.287113 416.087189
v 120.185524 48.595955 422.170410
v 120.666397 48.387901 423.420532
v 121.111725 48.399731 424.840424
v 116.168213 45.939159 415.169617
v 115.152847 47.628895 417.091156
v 116.263626 47.847370 419.650604
v 117.700653 47.932770 420.970367
v 118.311668 47.518715 422.469177
v 119.434074 47.590168 423.673370
v 202.548172 45.701595 414.822205
v 203.434753 46.012527 415.770874
v 203.792633 46.046326 417.326904
v 203.545776 45.114662 418.794342
v 199.116730 44.194889 413.835236
v 200.424072 44.924114 414.197174
v 202.333313 46.297348 420.077057
v 202.226074 45.731529 421.606750
v 202.148392 45.155468 423.283142
v 196.385376 43.426300 413.774536
v 199.493256 45.589588 424.071991
v 191.779251 42.275471 413.870056
v 193.909866 46.070919 423.534607
v 195.599869 45.808907 424.181702
v 187.458176 41.750114 413.907410
v 191.021164 45.868504 422.456512
v 192.014511 44.763481 423.272034
v 183.258698 41.639214 413.517426
v 187.352646 45.886745 421.812042
v 178.959122 41.787117 412.783844
v 182.844254 45.727509 420.968018
v 174.584915 42.233368 411.980225
v 178.893997 45.819061 420.446747
v 170.352356 42.640362 411.295715
v 174.889709 45.980839 420.136963
v 166.467941 42.900627 410.709656
v 171.309433 46.165516 420.162567
v 163.361053 43.012535 410.588043
v 167.746658 46.270294 420.492798
v 160.011475 43.577858 410.469513
v 159.636780 42.902187 410.652954
v 165.534164 46.760437 421.589172
v 163.487289 45.813282 422.599915
v 158.623260 43.669338 410.619446
v 156.751572 43.229374 410.950104
v 161.388748 46.426003 424.037506
v 153.664139 43.880589 411.697052
v 159.171677 46.975067 425.138885
v 157.076614 46.252022 426.013611
v 150.097626 44.374367 412.227692
v 154.728333 46.867222 426.936829
v 146.369293 44.653439 412.665955
v 151.306183 46.925087 427.143799
v 142.715271 44.687523 412.874115
v 147.938370 46.979725 427.484497
v 138.980942 44.600628 413.079559
v 144.524063 46.986847 427.857635
v 135.485382 44.457306 413.423370
v 140.850006 46.914707 428.153687
v 131.997528 44.317345 413.793762
v 136.653381 46.770142 428.274139
v 127.972374 44.087673 414.360565
v 132.441330 46.634663 428.192108
v 123.751366 44.049103 414.693329
v 128.346664 46.452049 428.069946
v 119.940910 44.145996 414.540924
v 124.521591 46.589352 426.449921
v 124.437576 46.156731 427.490051
v 117.642349 45.330948 414.858826
v 116.442596 44.463017 415.903320
v 121.201447 46.542557 425.564362
v 123.505074 45.504684 426.471344
v 115.242874 46.060894 416.500305
v 114.915543 45.865105 417.871979
v 116.070694 45.913986 419.900421
v 116.844200 46.124271 421.549042
v 117.628044 46.337776 423.126465
v 118.857544 46.579514 424.526154
v 202.988190 43.834126 415.228546
v 203.795532 44.197948 416.037933
v 204.285248 44.313831 417.602295
v 204.198700 43.959454 419.278107
v 204.411682 42.519188 420.899628
v 199.057938 42.482674 414.096680
v 200.511047 43.147709 414.569397
v 202.962845 44.398060 420.414062
v 203.005356 44.155087 421.473022
v 202.559875 43.637905 423.403687
v 196.601334 41.802357 414.177917
v 199.992462 44.066277 424.344574
v 191.939850 40.979122 414.028687
v 196.785919 44.379940 424.868988
v 187.932877 40.559929 413.962280
v 189.900238 44.187603 423.145996
v 192.060303 44.012215 424.126770
v 183.588776 40.380920 413.579712
v 187.535812 44.276142 422.142090
v 188.400787 43.292130 423.243652
v 179.106323 40.490124 412.822876
v 182.955475 44.345325 421.150208
v 174.775116 40.953259 411.896637
v 178.785812 44.382214 420.448273
v 170.624695 41.439117 411.106506
v 174.830719 44.476570 420.183472
v 166.825027 41.779247 410.552094
v 171.050903 44.542458 420.150421
v 163.428497 41.923046 410.326996
v 167.513092 44.692795 420.442230
v 160.208649 42.003899 410.345642
v 165.418503 45.281715 421.433533
v 163.581894 44.420765 422.585907
v 156.919113 42.228313 410.683044
v 161.450500 45.114532 424.099579
v 153.251877 42.696579 411.382019
v 157.734406 45.235409 424.855499
v 156.871490 45.150047 425.761841
v 149.599091 43.234585 412.289307
v 155.636200 44.630497 425.567474
v 154.708481 45.243771 426.459259
v 146.599716 43.693283 413.135529
v 144.946869 43.246552 413.734344
v 151.238754 45.653667 427.392517
v 143.036514 43.600891 413.491180
v 142.552353 43.538757 413.794312
v 147.852875 45.647495 427.720245
v 139.348404 43.646358 413.890259
v 137.942810 42.858238 414.250854
v 144.717392 45.721069 428.239685
v 134.561798 43.256702 414.098022
v 135.344482 43.059635 414.706329
v 140.905869 45.604313 428.579254
v 132.028442 43.212257 414.483429
v 129.835846 42.264729 415.720825
v 136.835754 45.383785 428.770874
v 128.736816 43.073044 415.026581
v 125.924446 42.129444 416.394226
v 132.739716 45.128746 428.774841
v 124.405327 42.864521 415.479340
v 122.184418 41.694855 416.693115
v 128.544861 44.870968 428.549438
v 120.697205 42.753777 415.646332
v 119.194809 41.579529 417.013763
v 124.834045 44.607616 428.199982
v 118.033661 43.243580 415.782654
v 116.944916 42.228474 416.902710
v 120.894005 44.559040 426.068634
v 122.651360 44.497334 427.326233
v 115.470772 43.687828 416.916809
v 114.865036 43.449825 418.325653
v 115.772751 43.854607 420.200134
v 117.002335 44.263454 421.784760
v 117.777588 44.584312 423.395752
v 119.044807 44.784462 424.902588
v 203.442169 42.193729 415.660706
v 204.400955 42.577805 416.543701
v 205.034363 42.769238 418.095215
v 205.363251 42.143089 419.621338
v 204.999008 41.635536 420.895172
v 200.393585 41.315678 414.919708
v 200.233398 40.879581 415.700287
v 203.680893 42.740234 422.041443
v 203.184067 41.949684 423.524811
v 196.631516 40.169548 414.818634
v 197.963623 39.668137 415.498169
v 200.761780 42.506145 424.661194
v 193.379410 40.022514 414.553162
v 191.089447 39.038044 415.199188
v 197.261551 42.846256 425.369019
v 189.669952 39.825966 414.511353
v 187.865601 39.164921 414.946350
v 189.177475 41.346531 423.800934
v 192.478836 42.469646 424.442963
v 184.991714 39.412930 414.189606
v 184.931824 39.002781 414.688965
v 187.922882 42.500919 422.914581
v 188.998413 42.694370 424.281128
v 179.711655 39.306213 413.009796
v 183.555191 43.045975 421.644623
v 175.113846 39.669670 411.987213
v 178.901077 43.111980 420.716217
v 171.068802 40.211926 411.101959
v 174.856049 43.115696 420.356506
v 167.287460 40.545494 410.496582
v 170.880234 43.141937 420.299530
v 163.563828 40.678085 410.188599
v 167.375580 43.209015 420.485138
v 160.049026 40.778805 410.186584
v 165.365280 43.780323 421.415436
v 163.423981 43.061996 422.619110
v 156.510818 41.041409 410.464050
v 161.284256 43.799320 424.108917
v 152.639526 41.585976 411.119110
v 157.425278 44.257759 425.088928
v 156.432770 43.420647 425.949951
v 148.982346 42.150635 412.167877
v 156.091888 44.845379 425.666077
v 154.319046 44.245464 426.536560
v 145.493774 42.573540 413.034210
v 143.703461 43.068619 413.000397
v 151.112015 44.372288 427.505310
v 141.895294 42.505421 414.029938
v 144.594482 43.369476 413.466888
v 147.843536 44.304150 427.916412
v 137.714859 42.263973 414.190674
v 136.137360 42.477459 413.825775
v 144.601456 44.391190 428.493225
v 134.069092 42.057354 414.779266
v 136.882187 42.787571 414.446838
v 140.987183 44.458519 428.827271
v 139.790817 43.456146 429.983459
v 129.889175 41.792240 414.928955
v 128.861099 41.875137 415.889679
v 137.212265 44.416759 429.418884
v 137.097427 43.938297 430.396698
v 125.982376 41.037910 415.309570
v 127.014702 41.191574 416.457245
v 133.065536 44.124481 429.372345
v 133.189072 43.665291 430.356140
v 122.848579 40.962250 417.497650
v 128.443268 43.346081 428.764313
v 131.209854 43.091297 429.666290
v 119.883087 40.391998 418.265198
v 125.076546 43.002731 428.528137
v 116.611267 40.392666 418.240173
v 122.081512 43.280968 426.638977
v 121.515640 42.795975 427.590424
v 114.626221 41.426208 417.759186
v 114.235535 41.190643 419.044464
v 115.442017 41.619968 420.632416
v 116.820053 42.206532 422.219574
v 117.846260 42.689224 423.912445
v 118.984131 42.696751 425.228821
v 120.345779 42.108917 426.399872
v 204.149139 40.459934 416.503113
v 203.741379 40.307503 417.064941
v 205.721191 40.973713 418.614685
v 205.942139 40.697044 420.057922
v 205.708237 40.220806 421.386780
v 201.645294 39.587421 416.528625
v 202.442307 38.725903 417.091614
v 204.242737 41.165932 422.310394
v 203.508957 40.398155 423.756500
v 196.623276 39.180443 415.262360
v 197.085815 38.860989 416.349091
v 201.300278 40.923367 424.905731
v 195.082550 39.233738 415.160187
v 193.170242 38.379395 415.863098
v 197.608124 41.314041 425.662109
v 189.571503 38.491592 415.569336
v 191.207687 41.553833 424.357697
v 193.869385 41.404594 425.356628
v 183.667221 38.832218 414.365997
v 184.922592 38.493347 414.981689
v 187.962341 41.712521 423.322632
v 188.488708 41.006016 424.773376
v 181.554459 38.635765 413.636414
v 179.823257 38.178688 413.843842
v 183.595459 41.435040 422.329163
v 185.808655 40.829124 423.904785
v 176.021622 38.623093 412.559357
v 177.030670 38.405975 413.234375
v 179.446594 41.830517 421.221252
v 171.753296 39.000591 411.302887
v 175.215134 41.812222 420.752441
v 167.446716 39.303028 410.569733
v 170.973877 41.798374 420.609955
v 163.715805 39.380768 410.174713
v 167.367020 41.860126 420.683929
v 160.065643 39.453705 410.049042
v 165.249802 42.389763 421.536407
v 163.220810 41.713165 422.675293
v 156.068939 39.777332 410.256561
v 161.057465 42.486576 423.971954
v 152.022247 40.422741 410.926056
v 157.313156 42.778984 424.701202
v 156.415970 42.644161 425.585938
v 148.537384 41.022911 411.974823
v 155.265915 42.260426 425.591217
v 153.928848 42.775154 426.421570
v 145.317245 41.396526 413.103821
v 151.005707 43.163467 427.690948
v 142.037003 41.426559 414.107452
v 147.518280 43.044819 428.131592
v 138.979294 41.395184 414.846527
v 137.278000 40.457237 415.090149
v 144.191345 43.060150 428.614838
v 134.241364 40.654747 415.082214
v 134.852539 40.436451 415.294434
v 141.757874 43.433163 429.353516
v 139.831589 42.658054 430.472961
v 130.824280 40.895954 415.218842
v 129.437164 39.859600 416.086731
v 137.123001 42.955231 430.844482
v 128.696671 40.836250 415.659454
v 126.147400 39.982410 417.147919
v 133.359314 42.733574 430.801147
v 122.716827 39.750202 417.513977
v 128.980484 42.188408 429.613434
v 129.054962 42.132759 430.240479
v 119.746269 39.245327 418.539886
v 118.667015 38.371159 419.760468
v 125.469597 41.716461 428.955750
v 125.721741 41.179390 429.899139
v 116.317322 38.570580 418.898987
v 115.876274 37.662781 419.327271
v 121.543297 41.381760 428.173920
v 123.835846 40.454296 428.763733
v 113.528740 39.442638 418.691620
v 113.418472 39.259502 419.642700
v 114.647171 39.548901 421.167511
v 116.097954 40.057377 422.668915
v 117.392166 40.675953 424.273499
v 118.180458 41.098289 425.897125
v 119.677177 41.432693 427.318787
v 205.269669 38.824692 417.986450
v 206.405121 39.098286 419.153717
v 206.879166 38.892071 420.611694
v 206.254669 38.337677 421.924774
v 201.173843 37.958363 416.944550
v 203.071793 38.379852 417.381500
v 204.715714 39.431774 422.760162
v 203.513809 38.682434 423.963867
v 198.272278 37.740917 416.588959
v 201.366501 39.408699 425.055908
v 193.979355 37.441444 416.172943
v 197.843201 39.762100 425.815979
v 189.830399 37.374500 415.644470
v 193.849457 40.081665 426.238342
v 185.901260 37.474720 415.098175
v 189.776199 40.261620 426.162476
v 181.752823 37.478046 414.488892
v 183.350021 40.196396 423.281769
v 185.878021 40.096283 424.851501
v 176.090271 38.269184 412.901276
v 176.131622 37.799240 413.417603
v 180.268311 40.418816 421.969666
v 172.108597 37.998589 411.684357
v 173.967010 37.546036 412.606995
v 175.688354 40.454304 421.364441
v 167.795868 38.072979 410.673462
v 171.330765 40.417244 421.056244
v 163.834641 38.206188 410.122437
v 167.735275 40.496330 421.176178
v 159.978668 38.242229 409.930298
v 165.307205 41.071251 421.928772
v 163.261948 40.353485 422.858459
v 155.921188 38.496624 410.074585
v 160.877075 41.086319 423.964508
v 151.737991 39.082752 410.743286
v 157.558380 41.497356 424.791809
v 147.997299 39.820412 411.851227
v 155.310989 41.993595 425.663513
v 153.025070 41.335659 426.982605
v 144.820160 40.235111 412.915924
v 150.546631 41.732872 427.960938
v 141.843460 40.224369 414.037811
v 146.994965 41.571472 428.306915
v 137.220963 39.402004 414.516663
v 135.623154 39.933697 413.969910
v 143.873169 41.567635 428.748962
v 133.651230 39.576786 415.248962
v 136.526093 40.117222 414.753937
v 141.601181 42.015656 429.516174
v 139.764618 41.193584 430.557404
v 129.965073 39.215317 415.508179
v 128.357086 39.231171 416.061066
v 137.123764 41.531040 430.923523
v 125.418938 38.370274 415.552612
v 127.473358 38.639839 416.870880
v 133.433350 41.374397 430.775726
v 122.649147 38.548668 417.641876
v 129.910721 40.928345 430.634735
v 119.772881 38.282684 418.500031
v 118.599594 37.435081 419.771484
v 126.367386 40.348217 430.340454
v 114.429276 37.232430 418.969177
v 117.157745 37.475483 419.669189
v 121.612648 39.819458 428.410339
v 123.573769 39.910175 429.468628
v 112.452522 37.756508 418.992035
v 111.853050 37.541496 419.887146
v 113.148842 37.905933 421.544556
v 114.925667 38.402466 423.176483
v 116.359924 38.966328 424.654572
v 117.594360 39.546440 426.248505
v 119.488159 40.024597 427.606262
v 205.757858 36.814800 418.361115
v 207.217667 37.159416 419.544067
v 207.762833 37.023369 421.070709
v 206.932800 36.534393 422.295715
v 201.791992 36.301773 417.092529
v 203.679153 36.543156 417.692261
v 205.170273 37.638786 423.124115
v 203.565155 37.007057 424.204010
v 198.404053 36.240974 416.635620
v 201.429260 37.774151 425.121979
v 193.907928 36.208508 416.250641
v 198.039749 38.210304 425.830688
v 190.098953 36.282768 415.759277
v 194.159744 38.529388 426.350769
v 186.079773 36.342850 415.160858
v 190.431976 38.986320 426.611542
v 181.836304 36.366257 414.407349
v 184.403656 39.166821 424.498291
v 186.154129 39.130806 425.906799
v 177.969070 36.520107 413.762329
v 181.322754 39.065804 423.004303
v 183.996002 38.706684 424.975830
v 171.270111 36.769299 411.481903
v 174.263763 36.735233 412.643036
v 176.688110 39.037071 422.164886
v 168.081192 36.844574 410.565369
v 172.041153 38.989971 421.554321
v 163.991089 36.918110 409.998108
v 168.371002 39.010548 421.579773
v 159.953384 36.918980 409.758453
v 164.093964 39.115479 421.553497
v 162.957428 39.264294 422.559509
v 155.795349 37.129242 409.866638
v 161.761017 38.718578 422.369843
v 160.754410 39.106159 423.123840
v 151.611252 37.667400 410.518188
v 157.564941 39.862450 424.950958
v 147.662369 38.410717 411.619141
v 153.329361 39.966225 425.194489
v 151.910675 40.184872 425.889038
v 144.565689 38.936420 412.820496
v 150.627060 39.550648 425.707642
v 149.532379 39.665428 427.123840
v 141.354507 38.847076 413.619263
v 146.720154 40.093555 428.583496
v 137.467636 38.674557 414.542114
v 143.530228 40.035118 428.812164
v 133.421707 38.340542 415.104126
v 141.335251 40.481262 429.529083
v 139.667419 39.646961 430.574341
v 130.136795 38.270775 415.476013
v 129.359528 37.397469 416.270325
v 137.037827 40.007175 430.921814
v 127.825180 38.352509 415.953796
v 126.007004 37.285675 417.665863
v 133.570053 39.900188 430.767853
v 122.995819 37.286564 418.403625
v 121.909271 36.547077 419.183472
v 130.147507 39.523205 430.629730
v 120.329842 37.352470 418.582123
v 119.030876 36.529171 419.606476
v 126.868111 39.107021 430.400940
v 113.589149 35.817871 418.634216
v 116.803627 36.302620 419.573761
v 121.000748 38.047699 428.432892
v 122.903877 38.585968 429.829559
v 110.359383 36.044117 418.512939
v 109.378349 35.841000 419.562683
v 110.628784 36.211548 421.270325
v 112.548195 36.635185 423.146362
v 114.476723 37.172031 424.775299
v 116.158867 37.828838 426.392883
v 118.979156 38.522091 427.989807
v 118.815620 37.166122 428.391815
v 206.808563 34.856789 418.561554
v 208.269318 35.178097 419.695190
v 208.891602 35.208473 421.228546
v 208.025620 34.815334 422.537537
v 202.046005 34.554348 417.083588
v 204.388550 34.670700 417.802002
v 205.667084 35.908504 423.286987
v 204.032059 35.382313 424.322723
v 198.590439 34.793720 416.654938
v 201.487427 36.233234 425.137268
v 194.090363 35.011604 416.303650
v 198.187943 36.790619 425.826599
v 190.156464 35.197895 415.924866
v 194.570053 37.195423 426.358795
v 186.450989 35.350609 415.441040
v 190.806870 37.630322 426.660797
v 182.441803 35.340710 414.667145
v 184.637665 36.673740 424.430786
v 187.191666 37.963261 425.810303
v 178.019867 35.358414 413.748932
v 182.676346 38.061035 424.314209
v 183.538177 37.980480 425.735596
v 172.156937 35.480133 411.698608
v 174.993149 35.498810 412.899597
v 178.213608 37.916367 423.059937
v 180.579956 37.430847 424.794708
v 168.351089 35.520012 410.511780
v 173.444305 37.620251 422.236023
v 164.197205 35.498230 409.885468
v 168.973694 37.599812 421.821106
v 160.004761 35.504734 409.531769
v 164.423920 37.736610 422.006378
v 164.324356 37.034473 423.317566
v 155.753952 35.653248 409.591553
v 163.236542 38.558258 422.815247
v 161.389435 37.661957 423.648773
v 151.586243 36.117214 410.227722
v 157.716171 38.246029 424.987976
v 147.704147 36.850185 411.335815
v 153.489868 38.319298 425.663940
v 151.379013 37.640472 426.900055
v 144.184097 37.366863 412.690308
v 150.656357 39.386955 426.507324
v 150.019836 38.149189 427.548187
v 141.078140 37.432838 413.539246
v 146.553589 38.479027 428.700806
v 137.562698 37.219563 414.003479
v 143.551956 38.485245 429.121124
v 142.937653 38.132137 430.342224
v 130.777191 36.188915 414.557495
v 133.824387 36.889832 414.308350
v 141.799591 39.472816 429.754150
v 140.487808 38.453773 430.540894
v 128.084579 35.712303 414.236786
v 130.661682 36.947235 415.417206
v 128.002228 36.714424 415.399811
v 137.246887 38.548149 430.940521
v 124.223114 35.134041 414.001648
v 125.598732 35.718060 415.890076
v 127.637856 36.606125 417.194977
v 133.785202 38.493534 430.725403
v 121.546532 34.741722 417.357819
v 120.807991 35.501907 418.712494
v 122.060379 35.807953 418.558136
v 130.349915 38.221478 430.615814
v 117.486153 34.782646 418.384094
v 120.601349 35.928967 419.229919
v 126.867332 37.807953 430.414948
v 113.690346 34.586521 418.213196
v 116.301666 35.253712 419.056458
v 122.887512 37.335133 430.046417
v 109.178268 34.405502 418.006927
v 107.938011 34.121670 419.091370
v 109.198189 34.527313 420.909729
v 111.072433 35.049908 422.713989
v 113.448402 35.662392 424.398346
v 115.348747 36.287167 426.070404
v 116.840660 36.557903 427.734344
v 119.411469 36.876617 429.257812
v 208.129349 33.100971 418.419800
v 209.840088 33.368408 419.615509
v 210.524017 33.433582 421.222992
v 209.659470 33.159458 422.553589
v 202.658875 32.877522 416.909180
v 205.395096 32.964493 417.706818
v 206.526123 34.229412 423.314606
v 205.355392 34.018372 424.717407
v 205.121307 33.355183 425.695435
v 199.221954 33.322765 416.623840
v 201.869034 34.984997 425.432678
v 201.503693 34.226032 426.387390
v 194.728333 33.849594 416.331329
v 198.161942 35.575130 426.001984
v 197.672745 34.911873 426.822632
v 190.398544 34.199848 415.978210
v 194.452408 35.780964 426.324371
v 195.949982 35.078823 426.442841
v 186.364914 34.335438 415.507080
v 191.195969 36.262920 426.484650
v 179.871368 33.778366 413.310089
v 183.028549 34.371475 414.737427
v 185.506638 36.445332 425.185913
v 187.092331 36.590786 426.349335
v 176.458237 33.800823 412.533112
v 179.235550 34.538498 413.622131
v 184.252350 36.838730 424.822601
v 183.296432 36.535969 425.819122
v 173.514816 34.306206 412.317871
v 176.273666 34.823109 412.928314
v 177.427261 36.590008 423.957886
v 179.463440 36.707054 425.517548
v 169.394104 34.130043 410.847870
v 173.304001 36.288601 422.526306
v 175.962189 35.744148 423.867065
v 164.721451 34.159012 409.896149
v 169.115631 36.332314 422.296387
v 169.127289 35.663403 423.663025
v 160.193604 34.137459 409.356567
v 167.296631 37.003597 422.660278
v 165.410446 36.192471 423.703552
v 155.781693 34.207607 409.213348
v 162.034500 36.446777 424.674072
v 151.648453 34.578152 409.713562
v 157.807785 36.693848 424.948029
v 147.795761 35.214973 410.760284
v 154.138000 37.141109 425.576050
v 152.436218 36.265175 427.086090
v 143.946854 35.788387 412.069214
v 149.691925 36.601131 428.009735
v 137.576538 34.955524 412.133636
v 140.903290 36.020432 412.753876
v 146.461105 36.717453 428.520660
v 135.376678 35.080395 412.890930
v 138.314789 36.178570 413.193542
v 144.244278 37.214020 429.232727
v 143.013947 36.695160 430.338623
v 129.423462 34.536518 412.255035
v 132.605286 35.449738 413.010193
v 134.926025 36.112930 413.250671
v 140.595581 37.147488 430.823425
v 126.031281 34.338058 411.532410
v 129.444382 34.905430 412.773224
v 137.375153 37.257893 430.852386
v 124.750732 34.359669 414.233093
v 123.790627 34.291504 415.580109
v 133.978012 37.140339 430.659576
v 120.536354 32.920494 415.227844
v 119.671722 33.597481 416.035828
v 121.199463 34.145489 417.326111
v 130.540985 36.937744 430.461914
v 115.772331 32.807835 415.630615
v 119.311424 34.297489 417.252441
v 126.618141 36.536354 430.286835
v 110.269669 31.932087 415.167084
v 114.442337 33.302757 416.805420
v 122.592827 36.158051 429.977417
v 108.128021 30.604486 415.366455
v 107.808105 32.659592 416.596436
v 107.202209 32.658100 418.682312
v 108.554588 33.100380 420.511963
v 110.829681 33.756756 422.228790
v 113.323822 34.454849 423.913788
v 115.200089 35.020180 425.593079
v 116.757683 35.391220 427.462555
v 119.277023 35.771439 429.127167
v 210.205276 31.323355 417.851227
v 212.464783 31.673813 419.150299
v 213.335754 31.867908 421.016632
v 213.863205 32.016151 422.914825
v 212.982697 31.370823 423.778625
v 204.630554 31.419056 416.533752
v 206.917236 31.437391 417.271759
v 208.698318 32.924850 423.332367
v 209.423172 32.558212 424.811920
v 205.945129 32.073059 426.057770
v 200.301712 31.934025 416.143188
v 201.490921 33.025356 426.671051
v 192.251205 32.617863 414.703339
v 196.033875 32.742638 415.802826
v 198.018982 33.945629 427.110565
v 188.610641 33.040676 414.291260
v 191.441391 33.363064 415.361542
v 193.727768 34.662251 426.563293
v 194.338425 34.539795 427.427673
v 184.673386 33.029587 413.993073
v 187.264847 33.552502 414.967621
v 190.963913 35.026169 426.470886
v 190.879639 34.542370 427.285706
v 181.726151 33.297508 413.794281
v 184.061829 33.613235 414.537842
v 187.002487 35.018963 426.520386
v 188.114868 34.141685 426.721100
v 177.726273 33.072021 412.443298
v 183.758972 35.286686 426.369812
v 174.113815 32.947060 411.723083
v 179.739319 35.259033 425.954895
v 167.089218 32.207893 409.505615
v 169.815536 32.855019 410.932343
v 173.823593 35.241306 423.621643
v 174.837448 35.210594 425.035309
v 162.753876 32.066494 408.285034
v 166.123032 33.053555 409.699463
v 172.033508 35.549496 423.023865
v 169.924484 34.911877 424.311188
v 158.241226 31.976702 407.442139
v 161.513397 32.997997 408.845093
v 166.655533 35.097572 424.800568
v 153.924225 32.054340 407.235901
v 156.841949 32.972645 408.351074
v 162.576736 35.299614 425.038818
v 149.809982 32.422218 407.950592
v 152.427399 33.201374 408.548248
v 157.866638 35.495251 425.589844
v 156.686493 34.897861 427.019897
v 145.679932 32.958023 409.291595
v 148.670532 33.788383 409.619690
v 155.227463 36.286461 426.146912
v 154.286041 35.454124 427.691193
v 142.113037 33.537418 410.695740
v 144.752090 34.347710 410.826324
v 150.090652 35.468544 428.458801
v 139.358627 34.210636 411.660095
v 141.903671 34.744759 411.385193
v 146.435852 35.366653 428.513458
v 133.263809 33.428780 410.465240
v 136.517197 34.018032 411.492462
v 144.231491 35.790173 429.140350
v 142.918457 35.570381 430.453888
v 127.039528 32.113777 407.384521
v 129.485580 33.058971 409.387604
v 131.200287 33.960129 410.924255
v 133.780579 34.535931 411.746796
v 140.573273 35.986240 430.859680
v 124.615875 31.768263 407.659302
v 126.585594 32.810410 409.779205
v 128.468658 33.768948 411.097595
v 125.697594 33.802265 412.125244
v 137.310501 36.048813 430.776215
v 119.911118 31.059572 407.143646
v 120.807434 31.476646 408.512146
v 123.081497 32.711056 412.003601
v 125.568985 33.641483 413.210785
v 133.814941 35.942608 430.552948
v 117.276627 30.713467 408.972137
v 118.859154 31.413855 411.204010
v 117.448540 31.394676 413.105988
v 120.169746 32.202339 415.096283
v 130.028976 35.646786 430.229950
v 113.443245 30.767342 413.099335
v 117.376633 32.374779 414.660614
v 126.183189 35.307964 430.020020
v 104.609390 28.859932 410.552460
v 108.596718 29.929785 412.097992
v 112.129417 31.233625 414.057800
v 122.199043 34.992062 429.736145
v 103.983490 28.250221 409.490479
v 103.773582 29.483908 411.588440
v 105.208359 30.317194 413.700043
v 105.070381 30.897575 416.509888
v 105.956070 31.232828 418.424927
v 107.947762 31.873987 420.143677
v 110.566139 32.651955 421.805206
v 112.992599 33.350567 423.469543
v 115.106567 33.894665 425.302216
v 116.975876 34.302700 427.242279
v 118.859016 34.710979 428.931244
v 211.428055 29.224844 414.993774
v 214.889908 29.673742 416.722656
v 215.261459 30.106197 418.396027
v 216.703674 30.279116 420.373901
v 217.547989 30.300724 422.279785
v 215.664032 29.929781 423.800232
v 207.957703 29.925688 415.791351
v 209.845703 30.302408 416.182648
v 210.748856 30.919189 424.897217
v 206.954926 30.618397 426.001740
v 196.891342 31.103756 414.220123
v 202.652786 30.818913 415.413025
v 202.063156 31.675980 426.669678
v 194.657059 31.973351 414.103455
v 197.678589 31.597513 415.237091
v 197.990723 32.498093 426.855988
v 186.337189 31.978119 411.752533
v 190.770798 32.400356 413.502502
v 194.444290 33.265709 427.119965
v 183.548523 31.883942 411.554413
v 186.674973 32.641544 413.041931
v 191.215897 33.715614 427.519836
v 179.792816 31.644886 411.293182
v 182.920166 32.443798 412.702637
v 186.083542 33.508358 426.599335
v 186.990692 33.681427 427.686340
v 175.881546 31.377220 410.803131
v 179.077469 32.297752 412.237793
v 183.033173 33.739182 426.373077
v 184.580597 33.031918 426.830261
v 172.125702 31.166092 410.117004
v 175.000320 32.096600 411.326385
v 179.528076 33.894527 426.005829
v 168.602585 31.314034 409.547302
v 172.057114 32.138844 410.702850
v 175.366653 33.879848 425.506042
v 161.600327 30.569309 406.514709
v 164.334702 31.084766 407.807159
v 171.510910 33.906734 425.296539
v 157.715225 30.572836 405.392975
v 160.367233 31.256832 406.732544
v 167.027466 33.988602 425.145966
v 153.542969 30.659311 405.064941
v 155.986206 31.213047 406.012543
v 162.451981 34.197395 425.547180
v 161.410172 33.526581 426.659119
v 149.253326 30.847900 405.616699
v 151.776840 31.401770 406.174744
v 159.938629 34.747036 425.775299
v 158.573715 34.145576 427.327972
v 144.868393 31.155609 406.697418
v 147.713654 31.885963 407.284760
v 154.508636 34.351002 428.250702
v 140.914505 31.615856 407.930267
v 143.716492 32.407909 408.714874
v 150.694122 34.398277 429.068726
v 149.736099 33.521137 429.923492
v 134.087891 31.309643 403.391571
v 135.759369 31.411013 404.692627
v 136.438309 31.673420 406.937439
v 137.783310 32.076778 408.488190
v 140.221313 32.913670 409.981720
v 146.797592 34.617367 429.308777
v 146.957962 34.269432 430.401520
v 127.043221 29.432840 395.367401
v 129.885223 30.126125 397.840332
v 130.837402 30.619469 400.956757
v 132.105499 31.245417 403.213623
v 133.456299 31.894501 405.316254
v 134.138062 32.197723 407.340637
v 135.582397 32.778400 409.630402
v 136.910934 33.175892 410.336548
v 144.487747 34.871887 429.179504
v 143.880630 34.536270 430.719604
v 124.328102 30.019741 395.838196
v 127.639130 29.817917 397.295502
v 128.597015 30.289087 400.525269
v 127.855835 31.090677 404.034241
v 129.859985 32.093632 406.805878
v 131.543488 32.624836 408.144836
v 132.419891 32.908325 409.058228
v 140.523071 34.880974 430.961731
v 122.824669 30.400757 404.857849
v 124.844498 31.097157 406.471985
v 136.843460 34.849525 430.710480
v 121.865341 30.624756 407.632355
v 119.821030 29.506985 408.551361
v 133.135620 34.625519 430.427887
v 117.882362 30.043442 409.765717
v 115.117844 29.365309 410.309021
v 118.026482 29.975372 412.285126
v 129.310120 34.297092 430.069122
v 110.802055 28.141064 410.407715
v 115.147331 30.027592 411.923065
v 125.667801 34.024071 429.778168
v 106.532974 28.299549 410.086090
v 110.729523 28.819569 411.142303
v 121.858253 33.785095 429.470703
v 102.431831 28.431765 410.266205
v 101.382774 28.558306 411.988525
v 101.948280 29.111971 414.163208
v 102.674858 29.540810 416.353912
v 104.289345 30.088762 418.211884
v 106.778526 30.829821 419.806549
v 109.522118 31.568039 421.370209
v 112.247917 32.228371 423.023529
v 114.732628 32.765499 424.985809
v 116.575249 33.177376 427.019196
v 118.652420 33.543659 428.726715
v 215.126160 27.993752 414.121521
v 217.478516 28.223232 415.498901
v 218.002838 28.349686 417.379852
v 219.305878 28.484659 419.483765
v 219.673309 28.641399 421.701141
v 216.888947 28.451504 423.516632
v 204.203232 28.726450 413.402008
v 210.865402 28.242649 414.039856
v 212.067398 29.364410 424.830078
v 207.577011 29.267935 425.848724
v 194.935471 32.008888 412.773407
v 202.044830 30.956995 414.495819
v 204.202759 29.772449 414.444305
v 202.573853 30.342527 426.467957
v 190.908920 32.247078 412.019958
v 195.432129 31.771523 413.052155
v 198.114792 31.195627 426.579773
v 183.872543 31.825466 409.080383
v 188.834564 32.084198 412.230774
v 191.293610 32.082829 412.554321
v 194.040039 31.948105 426.672577
v 180.957565 31.098194 408.708282
v 184.857956 31.712700 410.340729
v 190.162506 32.361732 426.890961
v 177.651382 30.492348 408.480011
v 181.197739 31.254482 409.987274
v 187.116409 32.627235 427.550568
v 174.081360 30.043783 408.117584
v 177.286224 30.925426 409.658600
v 182.703629 32.401890 426.505585
v 183.037430 32.514328 427.632172
v 169.736938 29.220406 406.081085
v 171.734390 29.784712 407.846069
v 173.874146 30.577019 409.257446
v 178.707993 32.441631 426.060669
v 181.067810 32.057632 426.872192
v 166.327850 29.143171 405.604675
v 168.065872 29.775671 407.083710
v 170.216309 30.384306 408.694702
v 175.485718 32.631649 425.574371
v 162.342514 29.122158 404.774109
v 164.166855 29.943787 406.378296
v 167.295242 30.533813 408.065582
v 171.118851 32.642075 425.206665
v 157.923370 29.288782 403.771179
v 160.141571 29.912701 404.991394
v 166.787384 32.872879 425.554626
v 166.000458 32.469315 426.764893
v 151.333649 28.740564 401.641174
v 153.424454 29.233149 403.093384
v 155.925278 29.983347 404.166473
v 164.592987 33.260643 425.669922
v 163.051865 33.093021 427.322876
v 148.176285 29.210871 401.935150
v 147.835999 29.157539 403.019775
v 151.976013 30.016632 404.062408
v 158.845581 33.112179 427.861359
v 140.659134 29.251076 401.224426
v 142.593597 29.203491 401.789001
v 144.990097 29.469852 403.148193
v 147.567184 30.131826 404.658813
v 154.659714 32.957996 428.059875
v 137.927979 29.497774 401.439667
v 139.690948 30.056677 402.606659
v 140.646362 30.110537 404.117645
v 142.700134 30.624182 405.434723
v 151.387772 33.106377 428.786804
v 149.880737 32.589695 430.219116
v 130.889343 28.179710 391.754547
v 132.943863 28.459641 394.250275
v 133.571625 28.887308 397.078003
v 133.918961 29.363537 399.562195
v 136.192276 30.412153 401.958679
v 137.481796 30.673170 403.841125
v 138.309250 30.952974 405.519745
v 139.600433 31.295771 406.432281
v 147.189667 32.998585 430.790405
v 125.791985 27.405899 376.171143
v 127.195213 27.322275 378.567566
v 128.079437 27.041172 382.244690
v 128.633286 27.042213 385.702667
v 128.799423 27.341406 388.623627
v 129.252594 28.066944 391.768433
v 130.427078 29.199879 394.797974
v 132.202225 29.785107 397.418640
v 132.890594 30.269356 399.865356
v 133.945358 30.834894 401.527313
v 143.809189 33.425159 430.934143
v 122.782211 27.897760 377.119415
v 124.979820 27.362610 377.587494
v 125.959305 27.001867 381.301575
v 126.536949 26.854771 385.072235
v 126.906067 27.001350 388.082611
v 126.156830 27.273825 392.382843
v 126.703842 29.047882 396.326691
v 125.906860 28.894468 398.948334
v 126.748802 29.316168 401.653961
v 125.318138 29.795755 402.676575
v 140.014099 33.598965 430.840576
v 117.572647 26.224487 376.163849
v 119.304710 26.212259 378.500824
v 119.806976 25.729446 382.075897
v 120.101982 25.334686 385.756348
v 120.391708 25.544266 388.946899
v 121.284752 26.587557 392.343628
v 121.458076 27.549166 395.487732
v 121.456390 27.708136 398.596741
v 122.116234 28.057882 401.295776
v 124.211136 29.686480 404.324463
v 122.028435 29.150723 405.827759
v 136.125946 33.478962 430.618164
v 114.109283 26.612440 377.040070
v 116.783844 26.094990 377.596008
v 117.541367 25.656494 381.276825
v 117.873047 25.077623 384.982361
v 117.975639 24.851477 388.074585
v 117.091858 25.095181 391.297333
v 117.049095 25.670937 394.508575
v 116.412209 26.022795 397.731781
v 116.333084 26.575314 401.402161
v 117.824730 27.533220 404.119232
v 119.447327 28.802565 406.602325
v 118.957291 28.383057 407.781738
v 132.344421 33.280067 430.285797
v 112.990898 25.961876 401.609161
v 113.741043 26.125023 402.726593
v 112.146515 26.714911 405.507202
v 114.825462 28.064171 408.027893
v 116.232620 27.872347 409.359467
v 128.687241 32.943161 429.931274
v 111.520218 26.062607 406.530304
v 108.298325 26.665625 406.802277
v 112.714340 27.594795 409.324982
v 125.264488 32.708549 429.628174
v 100.342216 25.358938 405.655792
v 103.131493 26.197361 407.114288
v 107.099548 27.059925 409.178375
v 121.664886 32.538864 429.298859
v 99.442390 25.477592 405.013489
v 99.332962 25.883507 406.632629
v 99.819405 26.558859 408.542755
v 99.242485 27.278374 411.709534
v 99.752594 27.822876 413.959747
v 100.980522 28.257042 416.178619
v 102.985107 29.078903 417.791962
v 105.403671 29.804348 419.321472
v 108.171806 30.510244 420.940826
v 111.421532 31.124807 422.765533
v 114.190727 31.691801 424.802948
v 116.235275 32.127602 426.883118
v 118.454124 32.393379 428.524597
v 208.945358 27.415918 411.082947
v 215.644394 26.323774 411.175964
v 219.843094 26.243589 412.854523
v 219.623077 26.524567 414.513000
v 220.197372 26.578108 416.415192
v 220.369598 26.832827 418.649963
v 219.151154 27.129143 421.156372
v 215.412186 26.827145 423.074097
v 203.433212 29.957602 412.691833
v 211.004501 27.641125 412.700989
v 213.406799 27.238981 412.665588
v 212.100494 28.045914 424.586243
v 208.304901 27.757812 425.553101
v 191.441071 34.681152 411.464600
v 198.841675 32.763458 414.445892
v 202.604034 29.654316 412.801392
v 203.766251 28.935007 426.255371
v 187.015656 34.843422 408.670166
v 189.655670 34.622501 411.351746
v 192.704422 33.246250 412.112122
v 198.673355 30.011765 426.437012
v 184.262054 33.165630 407.748322
v 187.127136 33.098202 410.259033
v 189.248566 33.041447 410.807770
v 194.591217 31.118816 426.635773
v 178.076553 30.408821 404.126160
v 182.560257 31.908915 406.733398
v 183.102509 31.915091 407.977875
v 190.782532 31.628017 426.817139
v 176.208267 29.135227 403.922302
v 177.567902 29.936993 405.365784
v 179.130234 30.673925 407.100769
v 186.717148 31.695229 427.113892
v 172.989151 28.171415 403.925568
v 174.191986 29.003798 405.327515
v 175.477631 29.759699 406.910217
v 183.402649 31.718153 427.583710
v 169.882431 27.668192 403.920013
v 171.919373 28.851831 405.764587
v 173.154404 29.356033 406.435760
v 178.805695 31.397789 426.286621
v 179.474640 31.607401 427.571869
v 166.314346 27.501247 403.727936
v 168.719131 28.553862 405.029388
v 175.344147 31.647533 425.989319
v 175.368332 31.458771 427.182648
v 159.937881 26.840519 400.748566
v 162.551498 27.478266 402.891357
v 164.943832 28.362202 404.387177
v 171.262344 31.748362 425.727112
v 171.648712 31.699099 427.183380
v 156.507111 27.248236 400.279694
v 158.731628 27.898170 401.923401
v 160.608337 28.471275 403.541870
v 168.737320 31.862015 425.483948
v 167.479477 31.917341 426.978516
v 152.425735 27.020426 399.725800
v 154.382263 28.126863 401.528595
v 156.683411 28.782440 402.531250
v 163.516495 32.274353 428.073395
v 161.769318 31.228107 428.527313
v 147.653137 27.032236 399.454987
v 148.516312 28.246256 401.532990
v 147.283157 28.798265 402.146820
v 159.332657 32.273361 428.556610
v 159.299957 31.560238 429.298157
v 143.201096 27.846392 399.973053
v 146.045868 28.230837 401.021667
v 147.473068 28.850672 401.965424
v 154.933624 31.907259 428.654297
v 155.261185 31.577311 429.790649
v 134.995346 27.296141 396.986938
v 136.675995 27.559177 398.505219
v 139.292953 28.183306 399.630676
v 151.987045 31.771563 428.781982
v 151.574966 31.744263 430.302704
v 129.519836 25.588179 379.996674
v 130.264755 25.472046 382.533447
v 130.905579 25.781601 385.241974
v 131.286850 26.144615 387.670166
v 132.971497 26.916277 391.000366
v 133.757095 27.218777 393.995300
v 134.665405 27.845785 396.757294
v 135.700821 28.654436 399.067352
v 136.801743 29.189425 400.373688
v 147.419327 31.834543 430.895233
v 125.405739 26.532824 373.284943
v 127.067482 26.993124 375.323334
v 128.716034 26.603954 378.894836
v 129.584122 26.413202 382.451874
v 130.214188 26.495686 385.330475
v 130.706467 26.923212 387.715179
v 130.975098 27.602304 389.491333
v 143.653168 31.930147 430.877625
v 122.383247 26.292709 372.994049
v 124.550156 26.976868 375.264557
v 124.103348 26.126368 379.202942
v 124.369331 25.817459 383.188080
v 124.766304 25.661943 386.505188
v 124.902229 25.872440 389.590363
v 121.963661 21.565281 391.852783
v 139.616760 32.044971 430.740326
v 118.051369 25.897818 373.079102
v 120.450447 26.486502 375.110748
v 121.946297 26.078480 378.346680
v 122.068100 25.583416 382.254578
v 122.338509 25.242857 385.806915
v 122.651466 25.536236 388.838257
v 122.101837 25.919802 390.448486
v 135.702774 32.037205 430.479462
v 114.342979 25.820049 374.846558
v 116.564522 26.082010 374.612549
v 116.078468 24.895117 378.742188
v 116.299309 24.219053 382.838593
v 116.043251 23.462450 386.304871
v 114.984398 23.210974 389.472412
v 114.429382 23.279600 392.297516
v 113.654976 23.700718 395.164917
v 114.363350 24.373703 399.351318
v 114.728912 24.927000 400.533783
v 131.743439 31.905394 430.097595
v 111.714455 23.554018 399.753693
v 112.767128 24.991549 401.161713
v 112.170341 24.615822 402.728271
v 111.350456 24.185028 403.783203
v 128.147110 31.668148 429.776367
v 105.902702 23.864286 403.174347
v 106.400032 24.912216 404.447968
v 111.041473 25.481230 406.275543
v 124.880325 31.475424 429.435425
v 106.495407 24.053850 403.249664
v 100.685181 24.375572 404.072296
v 106.493317 25.178293 406.073059
v 121.419273 31.333685 429.099854
v 98.431122 25.009315 405.156830
v 97.553680 25.063061 406.959534
v 97.639374 25.583296 409.216736
v 97.826759 26.088247 411.396118
v 98.596367 26.533730 413.607513
v 100.242142 27.275126 415.482971
v 102.244652 28.048388 417.107117
v 104.752464 28.726479 418.835175
v 107.655823 29.323154 420.573212
v 111.098312 29.925035 422.523804
v 113.871635 30.514687 424.610474
v 116.097450 30.957701 426.659790
v 118.293411 31.201639 428.327911
v 211.289764 26.489075 410.206573
v 217.754089 24.425112 409.753052
v 220.097595 23.930761 411.332245
v 220.612793 24.163416 413.279968
v 220.284988 24.449377 415.433258
v 218.831512 24.793209 417.880249
v 218.121826 25.263750 420.479828
v 215.200073 25.318178 422.165070
v 189.640503 33.465309 410.953461
v 200.466553 30.283636 411.467468
v 212.166611 26.522366 424.054199
v 208.230118 25.870731 424.493195
v 185.098251 37.462978 410.046753
v 189.577530 35.249973 411.803284
v 195.620270 32.685398 412.068939
v 202.130981 26.617743 423.362274
v 205.457123 27.177721 425.750488
v 182.660080 37.507782 408.319397
v 187.149750 37.077415 409.996948
v 188.718124 36.427261 410.612854
v 199.731735 27.919720 424.157227
v 199.328690 28.716902 425.682983
v 180.012070 34.291477 404.744812
v 182.799164 36.026375 407.608856
v 184.508698 35.435764 407.763550
v 196.566788 28.516264 424.643188
v 195.123154 29.598404 425.985870
v 179.843430 31.469831 402.924988
v 182.910660 32.445362 404.966919
v 181.914368 33.314075 405.927612
v 186.309006 28.446331 424.404877
v 190.930817 30.191597 425.995758
v 174.831711 26.807390 400.291046
v 178.776306 29.143394 402.198761
v 178.964355 30.095402 403.416779
v 185.857254 28.831579 424.783112
v 187.380005 30.193989 426.568939
v 184.605148 28.380432 427.313446
v 171.871384 25.455891 400.037628
v 173.586563 26.827148 401.277435
v 175.556961 28.155321 402.739960
v 183.636765 30.692741 427.569458
v 183.729218 29.162210 427.694489
v 168.209991 24.682806 399.754700
v 169.902832 25.947826 401.134460
v 171.284760 27.058453 402.606995
v 179.785629 30.688505 427.796509
v 177.226425 28.514214 427.847015
v 164.509399 24.391891 399.434387
v 166.394516 25.621447 401.016510
v 167.996445 26.689917 402.545471
v 177.017807 30.909927 428.089905
v 176.596893 29.493116 428.092804
v 157.820847 23.564779 396.772308
v 160.951904 24.485727 399.012024
v 162.962158 25.989754 400.930603
v 165.195358 26.360935 401.704865
v 172.228607 30.969017 427.636169
v 169.198608 28.944986 427.404022
v 155.153244 23.808535 396.816132
v 156.883331 25.007887 397.915070
v 159.114059 26.063278 399.499603
v 168.911331 30.960241 428.040710
v 168.419159 29.917095 427.719086
v 150.513733 23.842882 396.025635
v 152.276566 25.207960 397.177612
v 154.360306 26.245363 398.628448
v 164.721878 31.322372 428.058044
v 162.354599 30.258482 428.487671
v 144.945831 24.365099 395.796478
v 147.460480 25.316019 396.683105
v 149.645416 26.268959 398.139618
v 159.592468 30.313559 429.424866
v 140.191406 24.577316 395.987305
v 142.444366 25.643559 396.841125
v 144.879318 26.306196 397.955841
v 155.686661 30.640797 430.180634
v 132.708893 23.460045 388.888489
v 135.263916 24.327539 391.298615
v 135.592346 24.689545 393.880157
v 137.193924 25.680679 396.604248
v 139.008865 26.380774 397.569336
v 140.884872 26.937916 398.487091
v 151.533661 30.786327 430.702057
v 128.149460 24.638680 376.679932
v 130.063766 24.741634 379.340607
v 130.333435 24.462757 382.289215
v 131.122086 24.742783 385.221497
v 131.920792 24.725775 388.570709
v 134.136108 25.650383 391.044434
v 134.585464 25.959356 393.654358
v 134.759827 26.503813 395.036713
v 147.332336 30.590990 430.800354
v 126.807472 26.176569 374.078461
v 126.545189 25.528620 374.899689
v 129.216751 25.606070 377.855835
v 143.315323 30.542271 430.742554
v 123.234009 25.981764 372.599518
v 124.052734 25.468822 374.841888
v 139.366455 30.597349 430.507141
v 119.187103 25.195232 372.349731
v 135.383987 30.644190 430.193359
v 115.740929 24.948225 372.950562
v 115.239120 24.212955 375.514008
v 113.594231 22.758043 380.881256
v 113.975212 22.385462 384.545013
v 113.335243 21.882942 388.001556
v 112.868668 21.742321 390.888611
v 112.466690 22.060120 393.166840
v 112.627663 22.570089 396.268616
v 113.854134 23.008310 398.104889
v 131.420319 30.575155 429.762390
v 107.328194 21.146982 382.273193
v 109.478165 21.618418 384.357391
v 110.031525 21.500929 387.553558
v 110.933777 21.299923 390.946350
v 110.516037 21.241522 392.484558
v 109.852272 21.443487 395.037170
v 108.793129 21.941359 398.671326
v 110.001205 23.038935 401.021454
v 111.108681 23.248985 401.569092
v 112.861107 22.510704 402.643250
v 127.867622 30.466890 429.431244
v 100.650528 19.421217 382.193420
v 104.700729 20.529289 383.987762
v 106.107254 20.764097 386.916443
v 106.175797 20.728670 389.169830
v 108.855019 22.051022 399.120056
v 105.988129 22.515930 399.954865
v 108.020943 23.371559 402.336609
v 109.724113 23.311569 402.489655
v 124.636292 30.316065 429.132965
v 100.789452 22.288244 400.522400
v 102.345284 23.561407 402.024658
v 105.275139 23.404491 404.310760
v 121.240616 30.161465 428.805634
v 99.579453 22.200823 400.388184
v 98.362511 22.506147 401.571930
v 97.097298 23.373730 403.595001
v 96.902100 23.878143 406.422485
v 96.845787 24.409765 408.807495
v 97.215576 24.935205 410.813232
v 98.333229 25.500694 412.749786
v 100.204727 26.229921 414.569641
v 102.386871 26.907429 416.396271
v 104.868080 27.478725 418.257660
v 107.743431 28.043867 420.127655
v 111.184113 28.667830 422.202667
v 113.866859 29.271036 424.344757
v 116.000015 29.732561 426.375610
v 118.129311 30.031096 428.025452
v 196.900604 26.287910 406.207275
v 209.123672 24.272934 407.486755
v 215.436050 21.966799 407.420166
v 218.994934 21.413649 409.131897
v 219.393188 21.572474 411.217651
v 218.575531 22.166121 413.883179
v 218.638412 23.021769 416.614807
v 217.488739 22.927576 419.138580
v 212.233658 24.120367 421.234497
v 191.931061 30.373554 408.128387
v 199.280106 27.592781 408.790741
v 210.107925 24.089272 419.693054
v 212.372757 25.052898 423.169403
v 206.832275 24.348875 423.694061
v 180.415176 37.307827 407.999207
v 182.594345 36.978371 409.791199
v 182.838364 35.034615 410.159851
v 201.492889 24.498032 417.241211
v 206.571457 24.959423 419.927887
v 206.090485 25.907558 423.332916
v 205.584000 24.824154 424.285889
v 181.207260 37.824932 408.844910
v 182.851196 37.748119 409.095978
v 195.976669 25.228445 415.635071
v 197.349503 25.331663 416.664581
v 200.447830 26.666061 420.439514
v 200.453339 27.299082 422.805725
v 176.450104 34.471970 404.193268
v 180.379425 36.078838 406.781097
v 179.428467 37.447983 408.224335
v 194.398727 25.726618 416.265106
v 195.440292 26.154871 417.779938
v 196.193634 26.929558 420.730591
v 196.637650 28.061142 424.331207
v 193.181503 28.657320 425.306061
v 175.741302 29.961895 400.819611
v 178.143295 32.485653 403.012207
v 179.019394 33.429165 403.935272
v 191.334763 28.581556 424.625061
v 191.021164 28.226843 425.551880
v 172.394638 22.219933 395.591980
v 177.573639 26.664188 399.677399
v 179.555206 29.093483 401.487976
v 177.101227 30.906301 402.127716
v 186.847656 28.774384 425.103302
v 188.294907 28.482946 426.396820
v 184.048065 27.602983 426.857513
v 168.902390 21.593008 394.964722
v 171.881271 23.530489 397.531799
v 174.692657 25.635384 399.590302
v 183.804474 28.672468 427.178253
v 182.017075 27.006731 426.999664
v 161.558517 20.822224 392.438538
v 165.757217 21.226143 394.234711
v 167.757584 22.471853 396.868805
v 169.982773 23.829615 398.809631
v 181.771194 29.695230 427.960876
v 177.441040 27.923716 427.376465
v 159.819962 20.726116 393.002808
v 162.516357 21.476995 394.628937
v 163.622559 22.226954 396.601746
v 165.752579 23.338112 398.365753
v 177.743027 29.501501 427.942230
v 175.945435 27.848127 427.253113
v 153.952271 19.100590 393.136200
v 158.579056 19.983170 393.677338
v 161.028763 22.316278 396.885529
v 162.509247 23.166098 397.486725
v 174.739182 29.597723 428.433838
v 169.730301 28.243662 426.960876
v 150.881027 20.666439 392.696655
v 155.361755 20.873260 394.770172
v 157.709686 22.158756 396.153198
v 169.401413 29.531229 427.640350
v 167.936935 28.158278 426.913696
v 146.157669 17.842613 391.837830
v 151.672775 20.681801 393.556824
v 151.220963 21.292814 395.507568
v 164.804642 29.799871 427.604950
v 161.439758 28.366293 427.504089
v 146.894211 21.804575 395.144501
v 158.919220 28.717079 427.389038
v 159.651474 29.078169 428.620819
v 142.176163 22.342012 395.255981
v 139.676941 21.106703 395.519653
v 155.439911 28.720306 428.435822
v 155.841370 29.385155 429.344086
v 133.433624 21.280701 388.650574
v 134.914673 22.330469 391.603302
v 136.479538 22.379576 393.662537
v 138.145599 22.771341 396.062347
v 136.118500 21.129061 395.167480
v 150.449509 27.784544 428.784393
v 152.312485 29.307322 430.757996
v 128.124619 23.544577 377.046082
v 128.709122 23.570759 379.056152
v 129.271210 23.361588 382.308258
v 129.475723 22.853111 385.302002
v 132.243149 21.583305 389.227966
v 129.753372 18.106590 388.762421
v 147.357498 29.498985 430.988220
v 126.668594 23.892649 376.233826
v 126.172768 22.829576 379.034821
v 126.279472 22.141930 382.553711
v 126.223976 21.180937 385.658203
v 125.421539 17.449905 386.329529
v 143.082443 29.400032 430.774902
v 122.564743 24.844692 373.988831
v 122.575836 24.387615 374.588776
v 139.097000 29.258675 430.318146
v 119.700783 24.574585 373.027863
v 117.552750 23.711666 374.940247
v 135.193878 29.327744 429.926453
v 116.193085 24.192545 373.451508
v 115.111549 23.419199 376.298981
v 112.708725 22.014791 379.337891
v 131.310913 29.362873 429.467255
v 108.786476 20.841028 381.409088
v 108.320740 20.055601 391.267395
v 109.557022 20.598017 393.414490
v 109.324959 20.894331 396.071533
v 111.203346 21.438631 397.536713
v 127.756912 29.309481 429.081757
v 104.325325 19.817997 382.514984
v 104.036469 19.340155 385.054169
v 105.313522 19.694202 388.297089
v 105.247841 19.611704 391.715179
v 107.163475 20.214672 392.969849
v 106.783951 20.517673 395.347290
v 107.811668 21.498478 397.901123
v 108.850578 21.845224 399.036285
v 124.672974 29.274981 428.912903
v 104.465584 20.129972 391.852142
v 104.523186 19.828217 392.823212
v 102.937477 20.770887 395.315277
v 102.242714 20.784569 397.682526
v 103.446350 21.608324 399.057861
v 121.087852 28.969536 428.468170
v 100.171585 21.008991 396.027435
v 98.724197 20.676903 396.789398
v 97.234482 21.382418 398.848663
v 96.133980 21.629126 401.443787
v 96.395340 22.107767 403.628021
v 96.366844 22.572966 405.857880
v 96.501221 23.162832 408.098541
v 97.250175 23.803387 409.895905
v 98.640152 24.362907 411.773376
v 100.723907 24.962219 413.695312
v 102.855606 25.557102 415.645874
v 105.362442 26.051661 417.585480
v 108.323425 26.570457 419.567139
v 111.429436 27.211334 421.719727
v 113.993172 27.965864 424.022644
v 115.910522 28.524567 426.155975
v 117.761444 28.757051 427.678680
v 198.311707 24.066923 405.040771
v 205.811630 23.037563 405.197601
v 210.238358 21.905102 406.344879
v 215.364609 20.407671 407.337708
v 216.263672 20.148733 409.535492
v 216.126266 20.780893 412.359589
v 215.813095 21.453606 415.130371
v 212.362488 20.840767 417.190063
v 195.868591 26.438662 404.742615
v 199.207611 24.822409 404.741974
v 205.542572 22.376213 405.911316
v 208.843750 20.774122 406.938293
v 210.477615 20.360947 409.093536
v 210.584213 21.005831 411.984558
v 210.458374 21.820051 414.923798
v 210.486694 22.600109 417.546326
v 178.597885 35.346008 406.742157
v 178.403122 34.226604 407.452301
v 184.265503 29.019785 406.201111
v 193.332718 23.891903 403.668884
v 200.389069 22.506708 405.819794
v 203.364319 21.209730 407.037018
v 202.964783 21.538124 409.580048
v 204.952957 22.358829 412.860352
v 204.176193 22.977003 415.817932
v 205.689102 23.623278 418.633667
v 176.964859 36.556038 407.695557
v 191.049438 24.534801 405.477417
v 195.653931 21.465094 404.939819
v 196.301468 22.250328 407.793701
v 196.446960 22.772633 410.483826
v 199.505798 23.312220 413.955627
v 200.517197 24.023127 416.177368
v 173.632797 32.244343 402.416626
v 176.699265 34.008247 404.369568
v 176.523651 35.675591 406.481659
v 175.689224 36.679386 407.810913
v 190.947037 23.328768 408.439209
v 191.013702 22.701437 408.497040
v 193.117767 23.017830 411.427582
v 193.092529 23.585421 414.717010
v 192.945892 25.624632 417.641266
v 193.784454 26.027073 420.491913
v 192.033279 25.849440 421.738068
v 174.354034 19.586876 394.030579
v 176.794769 26.578434 398.815826
v 177.239441 31.633194 403.194397
v 174.386246 33.228741 403.329712
v 189.181793 24.158712 415.829437
v 188.002014 24.475346 417.173950
v 188.599426 25.327366 420.295013
v 191.308960 26.633377 423.247589
v 187.250412 26.052816 424.322266
v 171.805481 16.766565 393.230621
v 176.930237 24.194761 397.611969
v 175.475357 27.971605 399.635651
v 184.338287 23.922277 418.257782
v 185.676056 25.175940 420.677856
v 185.372833 24.826687 422.426788
v 186.090942 26.815426 425.342896
v 161.655014 16.005316 389.132355
v 166.811081 16.771416 391.594482
v 169.661728 19.205780 393.759003
v 181.290924 25.556280 424.081970
v 182.499527 27.057055 425.806915
v 160.995438 19.021704 389.661499
v 164.258499 19.862576 391.558868
v 165.330368 18.550438 392.411743
v 177.746719 25.205463 423.893097
v 180.104752 26.896889 426.165894
v 153.801926 18.184137 387.595520
v 158.749069 18.221149 389.064087
v 160.830093 20.039896 391.266418
v 171.867798 25.207378 423.469421
v 177.669266 27.613405 426.526093
v 149.884857 17.471304 388.006805
v 156.815170 16.814125 388.386810
v 158.750610 18.622965 391.258575
v 152.904587 17.924261 393.273010
v 170.585510 25.695168 424.059448
v 174.168732 27.527870 426.601746
v 145.054398 13.585858 385.907379
v 153.665894 17.494076 389.255798
v 155.960388 19.160786 392.112213
v 155.489502 20.474947 393.298798
v 163.554138 25.135286 423.063965
v 170.298615 27.798122 426.492371
v 142.275330 10.323758 386.293915
v 148.099899 16.583988 387.875244
v 150.727921 16.771717 389.585754
v 149.926605 19.829681 393.614929
v 146.754089 17.328711 393.293945
v 161.924484 26.320349 423.911835
v 164.987015 28.143595 427.035950
v 142.757080 17.574522 390.614380
v 146.183960 19.119892 393.101166
v 147.729446 20.244862 394.425568
v 154.602219 24.703587 421.426208
v 159.547165 26.595808 423.636017
v 160.370087 28.087793 427.035004
v 137.831726 14.089602 390.011475
v 140.080750 17.689112 392.768402
v 142.201874 19.719955 395.388550
v 138.714569 19.081795 395.047729
v 153.334366 25.189203 422.234924
v 155.443832 26.567728 424.876709
v 155.882629 27.898623 427.343903
v 129.360138 13.855692 387.962524
v 134.565536 18.923256 390.628540
v 136.547028 19.511763 393.008545
v 138.291290 20.125929 394.492279
v 138.418457 20.166883 394.875671
v 149.579849 25.881697 426.195648
v 152.026535 27.225706 428.888916
v 148.158371 26.513504 429.510803
v 125.083862 14.924630 386.130554
v 131.082703 18.266039 389.395630
v 130.662476 17.529001 389.046112
v 146.240646 26.674450 429.033264
v 147.374268 27.524992 430.293457
v 124.581223 22.496876 377.057312
v 125.144875 21.615658 379.836761
v 124.837563 20.211208 382.753052
v 127.112846 19.408978 386.652588
v 125.789062 17.259495 386.662781
v 140.910904 25.728880 428.585388
v 144.730438 27.855701 430.942291
v 122.440735 22.974289 376.338715
v 120.923447 21.587183 378.395111
v 138.887360 27.804417 430.299652
v 118.649864 22.349455 376.316833
v 118.166588 21.166393 378.058044
v 135.010056 27.724501 429.644470
v 114.789284 22.366899 376.598846
v 112.874283 20.885059 379.946930
v 111.823318 19.468374 383.418274
v 131.220566 27.898684 429.199524
v 109.658417 20.125290 381.991638
v 107.746140 18.209841 384.402802
v 127.561203 27.992531 428.780334
v 105.408699 18.814892 383.063263
v 104.729759 18.286476 385.524811
v 105.043159 18.434237 388.229736
v 105.429848 18.611053 390.313202
v 106.060234 18.898302 391.901306
v 106.366043 19.275673 393.313416
v 124.164444 27.873962 428.466187
v 100.657120 18.454514 391.396057
v 101.006836 18.527243 393.134094
v 103.103661 19.146082 394.012726
v 118.947227 26.130785 424.981964
v 120.434006 27.766335 428.306610
v 97.366226 18.676916 391.157318
v 97.973618 18.416576 391.800537
v 97.922455 19.680777 394.555145
v 96.103241 19.578314 396.646576
v 95.166237 19.948332 398.641113
v 95.459488 20.400524 400.738525
v 95.698036 20.792624 403.037231
v 96.112434 21.276693 405.216858
v 96.618843 21.855124 407.175385
v 97.736710 22.466892 409.033295
v 99.513603 22.946136 411.007996
v 101.595016 23.452812 412.995209
v 103.802559 23.994322 415.013458
v 106.362450 24.455587 416.972961
v 108.951088 25.023272 419.065491
v 111.695122 25.803453 421.329376
v 113.967316 26.739498 423.817383
v 115.531738 27.252773 426.354462
v 119.252274 27.627705 426.483093
v 176.707703 33.407585 405.012207
v 176.184662 31.672222 405.427887
v 179.864609 28.211349 404.160553
v 182.833435 26.734955 404.145721
v 174.829880 33.763405 406.007904
v 174.054657 31.253468 405.129272
v 178.444824 26.660164 402.697906
v 189.160065 22.783300 403.322388
v 188.353134 23.671999 406.146790
v 171.482819 31.553797 401.596954
v 174.686935 32.389812 403.529449
v 173.456528 33.224064 404.969452
v 173.085312 33.409672 406.511810
v 172.894897 28.867645 403.396667
v 178.314484 25.066397 402.160736
v 184.600311 23.250643 404.064728
v 190.156509 21.671171 406.105682
v 188.711823 22.026859 408.423828
v 189.303970 21.556175 410.800812
v 189.006683 21.373163 412.779724
v 171.816483 21.534994 394.697113
v 175.826797 27.151182 399.686066
v 176.073135 30.132364 402.315857
v 172.431915 29.847694 402.044861
v 171.038376 29.712406 402.630737
v 170.819839 28.342360 402.283997
v 173.298141 25.546732 401.056732
v 176.927597 23.879400 402.802765
v 182.094879 22.827517 405.228729
v 184.379868 21.867609 406.855804
v 184.234207 20.306698 408.308075
v 185.203690 20.740227 410.687836
v 187.775284 22.809656 414.332458
v 185.192520 22.239023 415.664490
v 174.136703 19.767286 394.738892
v 174.351318 24.850031 398.468079
v 172.616791 26.146330 399.516724
v 171.701141 26.079750 399.570648
v 170.821686 25.675100 399.701935
v 170.595856 24.599379 399.877899
v 172.111526 23.669767 401.121490
v 175.412354 23.043503 403.682617
v 178.359192 22.361818 405.691376
v 179.956589 20.854687 407.133942
v 180.678314 20.658453 408.920746
v 182.129456 21.606173 411.610413
v 182.717957 22.342289 414.289642
v 183.723587 23.729555 417.339874
v 183.631317 23.676138 420.095306
v 181.533737 22.189589 420.681793
v 160.045380 11.889255 388.946930
v 169.654053 14.928989 392.269867
v 168.435028 17.514101 394.611053
v 169.844208 21.770317 396.978851
v 170.063782 22.511148 398.050629
v 169.400986 22.770065 398.853912
v 169.608490 22.639076 399.860199
v 171.040176 22.552231 401.961578
v 173.825073 22.340340 404.178833
v 175.846909 21.784445 405.840698
v 176.515381 21.426977 407.484039
v 177.209885 21.553274 409.591217
v 177.863129 22.232676 412.130585
v 179.092651 22.866158 414.936096
v 179.860306 23.317665 417.671082
v 179.362854 22.883604 419.891144
v 181.511276 24.278761 422.531189
v 161.993210 15.962933 389.041016
v 162.346909 14.684745 390.757660
v 163.146606 13.361352 392.341705
v 165.118820 16.752396 394.624207
v 166.627487 20.135284 396.903076
v 167.239731 20.776089 398.369385
v 168.102997 21.215481 400.276489
v 169.613495 21.549883 402.366547
v 171.275375 21.727301 404.167664
v 172.293350 21.698792 405.970276
v 172.583176 21.872654 407.714142
v 173.389374 22.112057 409.928497
v 174.072235 22.502605 412.418365
v 174.687744 22.951744 415.065552
v 175.397797 23.404953 417.718689
v 176.816330 24.050220 420.703796
v 179.054214 25.191280 423.364014
v 176.472260 24.016476 424.022156
v 152.697922 17.116392 386.930817
v 159.132690 16.915968 388.610535
v 158.315506 15.130424 390.266113
v 159.389694 12.966822 391.687439
v 160.906097 14.646260 393.698761
v 162.625671 17.944805 396.117371
v 163.836365 19.420244 398.208069
v 164.898788 20.060635 400.313690
v 166.418350 20.728161 402.342773
v 167.792145 21.228184 404.129730
v 168.419876 21.653358 405.946991
v 168.844574 21.897608 407.755585
v 169.360718 22.213034 409.899841
v 170.123550 22.511166 412.396088
v 170.806320 22.920252 415.013153
v 171.440674 23.522478 417.837708
v 173.719574 24.283327 421.112823
v 175.797180 25.358961 423.737518
v 175.402786 24.801449 424.721039
v 154.380615 17.746075 387.190338
v 155.834198 17.223572 389.183563
v 154.944962 14.572691 390.003723
v 155.159012 12.692713 391.177795
v 156.934204 14.202575 393.255219
v 158.648087 16.661329 395.727570
v 160.311798 18.427872 397.960205
v 161.561630 19.164419 400.100464
v 162.881439 19.871346 402.028961
v 164.031097 20.569492 403.887573
v 164.666824 21.144424 405.716827
v 165.101837 21.579885 407.562500
v 165.618988 21.936932 409.853943
v 166.252502 22.315411 412.344910
v 166.907486 22.749863 414.962158
v 167.591568 23.403547 417.749603
v 169.803345 24.173906 421.039703
v 172.370880 25.444061 423.426483
v 168.887344 24.396547 423.824341
v 145.500778 13.461514 385.966278
v 153.765350 16.025171 388.277252
v 150.815994 13.669636 389.444946
v 151.127380 12.476612 390.609680
v 152.933685 13.841835 392.780334
v 155.237808 15.936201 395.343384
v 157.030136 17.723801 397.634125
v 158.139496 18.361982 399.521179
v 159.198700 18.971493 401.377747
v 160.122864 19.617926 403.340454
v 160.782578 20.274569 405.304474
v 161.431137 20.888773 407.371979
v 162.021454 21.383869 409.732605
v 162.579208 21.890892 412.296692
v 163.338257 22.449501 414.859680
v 164.039322 23.144129 417.571106
v 166.005508 23.997023 420.847443
v 168.301712 25.120590 422.983704
v 167.569519 25.072094 424.464630
v 146.599197 13.889332 386.050171
v 148.828873 15.335551 388.327271
v 148.128860 14.038667 389.529022
v 147.063644 12.595232 390.104095
v 149.009811 13.990056 392.209717
v 151.420593 15.535515 394.705261
v 153.256271 17.030729 396.947571
v 154.286423 17.526550 398.673431
v 155.251816 18.056257 400.646545
v 155.928436 18.671402 402.885651
v 156.488190 19.420137 405.184326
v 157.151550 20.121035 407.333710
v 157.883270 20.787786 409.754181
v 158.672073 21.438618 412.183197
v 159.593155 22.144436 414.806824
v 160.290924 22.951990 417.536774
v 162.066483 23.888550 420.839417
v 162.048706 24.753372 422.261963
v 144.196320 14.827211 389.324341
v 142.790680 13.265310 389.795135
v 144.522568 14.386357 392.054993
v 147.008209 15.554669 394.280945
v 148.823990 16.518686 396.428192
v 149.586716 16.895754 398.283264
v 150.310974 17.380211 400.435883
v 150.871887 18.062893 402.913086
v 151.474091 18.813187 405.244659
v 152.271469 19.547018 407.468506
v 153.270813 20.393373 409.810516
v 154.350098 21.241798 412.280975
v 155.411438 22.057207 414.908997
v 156.822632 23.060198 418.145508
v 159.127106 24.528505 421.282684
v 158.739899 24.626734 422.202209
v 139.874435 15.572023 389.477478
v 139.702759 14.904805 390.670868
v 140.144791 15.244628 392.463074
v 141.623444 16.041088 394.485870
v 143.267120 16.417252 396.506104
v 144.330170 16.702879 398.562408
v 144.923264 17.209114 400.778778
v 145.619003 17.887814 403.195648
v 146.492126 18.626682 405.360474
v 147.428986 19.374193 407.603729
v 148.670654 20.323750 410.086151
v 150.086090 21.350298 412.722260
v 151.182037 22.291998 415.467560
v 152.980698 23.296602 419.028870
v 154.315247 24.732460 421.552765
v 150.857178 24.182850 423.058044
v 130.913422 11.889529 387.307465
v 132.445572 15.428592 389.628204
v 136.144470 16.499054 392.245453
v 135.173721 15.682187 393.058411
v 136.197220 16.427544 395.070038
v 137.345627 16.567392 397.124023
v 138.417297 16.868113 399.230774
v 139.427246 17.373947 401.349854
v 140.468552 17.998781 403.590881
v 141.449615 18.682764 405.770569
v 142.529114 19.542397 408.065552
v 143.989990 20.593916 410.667633
v 145.550385 21.658073 413.442841
v 146.940628 22.552555 416.388428
v 148.219223 23.363310 419.681671
v 148.947998 24.041742 422.512787
v 151.270782 25.481783 425.662048
v 146.866043 24.504484 426.785645
v 126.450981 12.075524 385.852570
v 131.044525 14.951028 388.759827
v 128.947830 14.480152 389.709167
v 129.991089 15.128497 391.726105
v 131.024307 15.902843 393.860748
v 131.570297 16.817766 396.147675
v 132.371109 16.946989 398.105408
v 133.347855 17.246895 400.171753
v 134.572861 17.680532 402.330597
v 135.768570 18.293659 404.376770
v 136.712799 19.051336 406.583862
v 137.666321 19.985689 408.945557
v 138.991623 20.988028 411.673859
v 140.495819 21.930458 414.480133
v 141.905716 22.715824 417.416595
v 143.101471 23.423532 420.480957
v 144.183868 24.154053 423.430481
v 144.908859 24.501825 425.500854
v 146.395920 25.756239 428.188690
v 123.448509 19.054232 380.071899
v 123.912987 18.680229 383.079102
v 127.435547 16.719311 386.756897
v 124.166847 14.425265 387.785980
v 124.990334 14.457458 389.996124
v 125.847397 15.418527 392.365326
v 127.309372 16.590075 395.025604
v 128.016571 17.539085 397.266754
v 128.476089 17.765125 399.450073
v 129.386581 17.999311 401.366302
v 130.486282 18.359634 403.398926
v 131.679321 18.959650 405.499359
v 132.639526 19.694216 407.716400
v 133.395554 20.527033 410.139069
v 134.604187 21.332430 412.844604
v 136.061768 22.150330 415.622253
v 137.320389 22.888597 418.463257
v 138.500519 23.587980 421.291687
v 139.804977 24.224092 423.831421
v 140.874115 25.073706 426.433411
v 144.101562 26.528625 429.251465
v 139.211182 24.916021 428.788300
v 122.091164 19.949430 380.322845
v 121.383614 18.968716 383.264343
v 121.343315 16.704067 386.260651
v 121.228134 15.279601 388.270935
v 121.428543 15.733748 390.551453
v 122.289406 16.679138 393.245911
v 123.371445 17.882536 396.003937
v 124.112450 18.497673 398.274506
v 124.622787 18.807636 400.553406
v 125.571075 19.123545 402.603912
v 126.637657 19.414368 404.561157
v 127.757599 19.872547 406.729340
v 128.644501 20.461573 408.880463
v 129.482941 21.103916 411.226685
v 130.617538 21.727705 413.753632
v 131.854904 22.354357 416.494019
v 133.130814 23.094223 419.140930
v 134.476624 23.822805 421.770905
v 135.823242 24.625160 424.169037
v 136.861725 25.446737 426.507141
v 137.773026 25.418568 428.142639
v 138.963211 26.002556 429.764862
v 116.769463 20.471766 377.347870
v 118.988861 20.404465 380.195984
v 118.200394 19.168821 383.774902
v 117.837120 16.796211 386.667145
v 117.440346 16.247606 388.898865
v 117.783516 17.017441 391.253693
v 118.573509 18.114244 393.984650
v 119.389671 18.913870 396.532898
v 119.946999 19.321463 398.930725
v 120.498856 19.781092 401.197388
v 121.314018 20.154049 403.384644
v 122.272476 20.436672 405.428894
v 123.361603 20.803532 407.583344
v 124.291451 21.220140 409.686768
v 125.287285 21.647339 411.801453
v 126.402061 22.044329 414.130249
v 127.743851 22.590532 416.774139
v 129.107971 23.319639 419.327759
v 130.581619 24.077000 421.799377
v 131.728714 24.853867 423.989380
v 132.798248 25.494884 426.057037
v 133.795914 25.727854 427.730621
v 135.004730 26.301985 429.247742
v 114.471375 20.547018 377.251373
v 114.425491 19.838623 381.115265
v 114.195641 18.271313 384.719727
v 113.379471 16.346090 387.009888
v 113.068115 16.827066 389.505951
v 113.406013 17.991045 391.869324
v 114.076256 18.782955 394.375763
v 114.902489 19.103651 396.661591
v 115.538170 19.667671 399.134521
v 116.053474 20.237284 401.331360
v 116.464088 20.675701 403.430817
v 117.328636 20.986572 405.577057
v 118.620636 21.331314 407.759247
v 119.696640 21.650866 409.739655
v 120.736404 21.994265 411.847473
v 121.906761 22.275911 414.114716
v 123.229492 22.759029 416.557770
v 124.901993 23.499758 419.084351
v 126.498993 24.211418 421.373138
v 127.610001 24.915768 423.552460
v 128.759125 25.566027 425.642761
v 129.893204 26.002956 427.303040
v 131.201385 26.535292 428.674927
v 109.754227 17.155979 385.224731
v 108.350914 16.286081 387.391571
v 108.731422 17.519825 389.870453
v 109.077011 17.983603 391.927551
v 109.903214 18.416262 394.174805
v 110.804932 19.037268 396.398590
v 111.188766 19.603512 398.750549
v 111.330460 20.138132 400.939728
v 111.721016 20.636032 403.011932
v 112.650948 21.034948 405.247345
v 113.800362 21.333225 407.448944
v 114.957809 21.598068 409.431061
v 116.028465 21.960535 411.522430
v 117.182762 22.313721 413.772064
v 118.714241 22.850748 416.085968
v 120.463455 23.563694 418.495178
v 122.240341 24.250809 420.702515
v 123.682838 24.865973 422.969788
v 124.872581 25.493242 425.089661
v 126.287842 26.011633 426.869019
v 127.461861 26.683809 428.167908
v 105.467155 17.291712 385.946899
v 105.497635 17.477741 388.059143
v 106.293762 17.973335 390.121063
v 107.041061 18.466257 392.164978
v 106.836563 18.585724 394.137848
v 106.396591 18.808489 396.123657
v 106.549965 19.314404 398.192596
v 106.600067 19.758322 400.414551
v 106.967972 20.250813 402.592957
v 107.749725 20.655981 404.810699
v 108.780014 20.967653 406.920837
v 109.924622 21.255709 408.907440
v 111.140678 21.651436 410.980682
v 112.592331 22.091158 413.232269
v 114.206886 22.681520 415.438721
v 116.110039 23.387083 417.670380
v 117.901405 24.060444 419.866302
v 119.506104 24.696972 422.219818
v 121.231247 25.372984 424.482483
v 122.777229 26.027063 426.496185
v 123.983986 26.528229 427.828888
v 101.325981 17.514252 390.115723
v 100.873215 18.079937 391.343933
v 101.983429 18.496342 393.786072
v 101.133461 18.485060 395.815125
v 100.859863 18.840992 397.874878
v 101.287140 19.314005 400.140198
v 101.953560 19.768860 402.474060
v 102.624130 20.208570 404.638397
v 103.454819 20.585207 406.512054
v 104.678940 21.036869 408.484894
v 106.183792 21.443895 410.653931
v 107.819740 21.931917 412.812714
v 109.605690 22.515844 414.872742
v 111.625252 23.158266 416.954895
v 113.554031 23.774961 419.194336
v 115.450119 24.554012 421.540161
v 117.484367 25.414326 424.090118
v 118.783951 26.143927 426.559326
v 122.140549 26.072023 426.500824
v 97.227379 17.861269 389.736481
v 97.239944 17.897713 391.964325
v 97.283173 18.360388 394.314178
v 96.844833 18.800663 396.214325
v 96.196075 18.996992 398.496674
v 96.680588 19.439293 400.881714
v 97.358810 19.940796 403.192780
v 97.843117 20.413383 405.188751
v 98.731430 20.924587 406.955200
v 100.381096 21.377344 409.009247
v 102.351974 21.843269 411.155212
v 104.247963 22.339329 413.156921
v 106.267342 22.902098 415.086426
v 108.390724 23.475729 417.183716
v 110.633270 24.136940 419.448059
v 112.983368 25.014683 421.855530
v 114.792099 25.807230 424.270844
v 117.495872 25.577517 424.331818
f 1 2 106
f 2 107 106
f 1 106 113
f 1 113 4
f 1 5 2
f 1 4 5
f 2 114 107
f 2 5 114
f 3 4 112
f 4 113 112
f 3 112 119
f 3 119 8
f 3 9 4
f 3 8 9
f 4 10 5
f 4 9 10
f 5 6 114
f 6 115 114
f 5 11 6
f 5 10 11
f 6 120 115
f 6 11 120
f 7 8 118
f 8 119 118
f 7 118 123
f 7 123 12
f 7 13 8
f 7 12 13
f 123 124 13
f 123 13 12
f 8 14 9
f 8 13 14
f 9 15 10
f 9 14 15
f 10 16 11
f 10 15 16
f 125 126 16
f 125 16 15
f 11 126 120
f 11 16 126
f 13 124 130
f 13 130 18
f 13 19 14
f 13 18 19
f 14 20 15
f 14 19 20
f 15 131 125
f 15 20 131
f 17 18 129
f 18 130 129
f 17 129 134
f 17 134 22
f 17 23 18
f 17 22 23
f 18 24 19
f 18 23 24
f 19 25 20
f 19 24 25
f 20 21 131
f 21 132 131
f 20 26 21
f 20 25 26
f 21 135 132
f 21 26 135
f 22 134 137
f 22 137 27
f 22 28 23
f 22 27 28
f 23 29 24
f 23 28 29
f 24 30 25
f 24 29 30
f 25 31 26
f 25 30 31
f 26 138 135
f 26 31 138
f 27 137 140
f 27 140 32
f 27 33 28
f 27 32 33
f 28 34 29
f 28 33 34
f 29 35 30
f 29 34 35
f 30 36 31
f 30 35 36
f 31 141 138
f 31 36 141
f 32 140 144
f 32 144 37
f 32 38 33
f 32 37 38
f 33 39 34
f 33 38 39
f 34 40 35
f 34 39 40
f 35 41 36
f 35 40 41
f 36 145 141
f 36 41 145
f 37 144 148
f 37 148 44
f 37 45 38
f 37 44 45
f 38 46 39
f 38 45 46
f 39 47 40
f 39 46 47
f 40 48 41
f 40 47 48
f 41 42 145
f 42 146 145
f 41 49 42
f 41 48 49
f 42 149 146
f 42 49 149
f 43 44 147
f 44 148 147
f 43 147 150
f 43 150 50
f 43 51 44
f 43 50 51
f 44 52 45
f 44 51 52
f 45 53 46
f 45 52 53
f 46 54 47
f 46 53 54
f 47 55 48
f 47 54 55
f 48 56 49
f 48 55 56
f 49 151 149
f 49 56 151
f 50 150 152
f 50 152 57
f 50 58 51
f 50 57 58
f 51 59 52
f 51 58 59
f 52 60 53
f 52 59 60
f 53 61 54
f 53 60 61
f 54 62 55
f 54 61 62
f 55 63 56
f 55 62 63
f 56 153 151
f 56 63 153
f 57 152 155
f 57 155 65
f 57 66 58
f 57 65 66
f 155 156 66
f 155 66 65
f 58 67 59
f 58 66 67
f 59 68 60
f 59 67 68
f 60 69 61
f 60 68 69
f 61 70 62
f 61 69 70
f 62 71 63
f 62 70 71
f 63 64 153
f 64 154 153
f 63 72 64
f 63 71 72
f 157 158 72
f 157 72 71
f 64 158 154
f 64 72 158
f 66 156 160
f 66 160 73
f 66 74 67
f 66 73 74
f 67 75 68
f 67 74 75
f 68 76 69
f 68 75 76
f 69 77 70
f 69 76 77
f 70 78 71
f 70 77 78
f 71 161 157
f 71 78 161
f 73 160 164
f 73 164 79
f 73 80 74
f 73 79 80
f 74 81 75
f 74 80 81
f 75 82 76
f 75 81 82
f 76 83 77
f 76 82 83
f 77 84 78
f 77 83 84
f 165 166 84
f 165 84 83
f 78 166 161
f 78 84 166
f 79 164 169
f 79 169 85
f 79 86 80
f 79 85 86
f 169 170 86
f 169 86 85
f 80 87 81
f 80 86 87
f 81 88 82
f 81 87 88
f 82 89 83
f 82 88 89
f 171 172 89
f 171 89 88
f 83 172 165
f 83 89 172
f 86 170 176
f 86 176 90
f 86 91 87
f 86 90 91
f 176 177 91
f 176 91 90
f 87 92 88
f 87 91 92
f 177 178 92
f 177 92 91
f 88 178 171
f 88 92 178
f 93 94 199
f 94 200 199
f 93 199 205
f 93 205 98
f 93 99 94
f 93 98 99
f 94 95 200
f 95 201 200
f 94 100 95
f 94 99 100
f 95 96 201
f 96 202 201
f 95 101 96
f 95 100 101
f 96 206 202
f 96 101 206
f 97 98 204
f 98 205 204
f 97 204 209
f 97 209 103
f 97 104 98
f 97 103 104
f 209 210 104
f 209 104 103
f 98 105 99
f 98 104 105
f 99 106 100
f 99 105 106
f 100 107 101
f 100 106 107
f 101 102 206
f 102 207 206
f 101 108 102
f 101 107 108
f 102 211 207
f 102 108 211
f 104 210 214
f 104 214 111
f 104 112 105
f 104 111 112
f 105 113 106
f 105 112 113
f 107 115 108
f 107 114 115
f 108 109 211
f 109 212 211
f 108 116 109
f 108 115 116
f 109 215 212
f 109 116 215
f 110 111 213
f 111 214 213
f 110 213 216
f 110 216 117
f 110 118 111
f 110 117 118
f 111 119 112
f 111 118 119
f 115 121 116
f 115 120 121
f 116 217 215
f 116 121 217
f 117 216 218
f 117 218 122
f 117 123 118
f 117 122 123
f 120 127 121
f 120 126 127
f 219 220 127
f 219 127 126
f 121 220 217
f 121 127 220
f 122 218 221
f 122 221 128
f 122 129 123
f 122 128 129
f 123 130 124
f 123 129 130
f 125 132 126
f 125 131 132
f 126 222 219
f 126 132 222
f 128 221 224
f 128 224 133
f 128 134 129
f 128 133 134
f 132 225 222
f 132 135 225
f 133 224 227
f 133 227 136
f 133 137 134
f 133 136 137
f 135 228 225
f 135 138 228
f 136 227 230
f 136 230 139
f 136 140 137
f 136 139 140
f 138 231 228
f 138 141 231
f 139 230 233
f 139 233 143
f 139 144 140
f 139 143 144
f 141 142 231
f 142 232 231
f 141 146 142
f 141 145 146
f 142 234 232
f 142 146 234
f 143 233 235
f 143 235 147
f 143 148 144
f 143 147 148
f 146 236 234
f 146 149 236
f 147 235 238
f 147 238 150
f 149 239 236
f 149 151 239
f 150 238 241
f 150 241 152
f 151 242 239
f 151 153 242
f 152 241 244
f 152 244 155
f 153 154 242
f 154 243 242
f 245 246 158
f 245 158 157
f 154 246 243
f 154 158 246
f 155 244 247
f 155 247 159
f 155 160 156
f 155 159 160
f 157 248 245
f 157 161 248
f 159 247 250
f 159 250 163
f 159 164 160
f 159 163 164
f 161 162 248
f 162 249 248
f 161 167 162
f 161 166 167
f 251 252 167
f 251 167 166
f 162 252 249
f 162 167 252
f 163 250 254
f 163 254 168
f 163 169 164
f 163 168 169
f 165 173 166
f 165 172 173
f 166 255 251
f 166 173 255
f 168 254 257
f 168 257 174
f 168 175 169
f 168 174 175
f 169 176 170
f 169 175 176
f 171 179 172
f 171 178 179
f 172 180 173
f 172 179 180
f 173 258 255
f 173 180 258
f 174 257 261
f 174 261 181
f 174 182 175
f 174 181 182
f 175 183 176
f 175 182 183
f 176 184 177
f 176 183 184
f 177 185 178
f 177 184 185
f 178 186 179
f 178 185 186
f 179 187 180
f 179 186 187
f 180 262 258
f 180 187 262
f 181 261 265
f 181 265 188
f 181 189 182
f 181 188 189
f 265 266 189
f 265 189 188
f 182 190 183
f 182 189 190
f 183 191 184
f 183 190 191
f 184 192 185
f 184 191 192
f 267 268 192
f 267 192 191
f 185 193 186
f 185 192 193
f 268 269 193
f 268 193 192
f 186 194 187
f 186 193 194
f 269 270 194
f 269 194 193
f 187 270 262
f 187 194 270
f 189 266 274
f 189 274 195
f 189 196 190
f 189 195 196
f 274 275 196
f 274 196 195
f 190 197 191
f 190 196 197
f 275 276 197
f 275 197 196
f 191 276 267
f 191 197 276
f 198 199 278
f 199 279 278
f 198 278 285
f 198 285 204
f 198 205 199
f 198 204 205
f 199 200 279
f 200 280 279
f 200 201 280
f 201 281 280
f 201 202 281
f 202 282 281
f 202 203 282
f 203 283 282
f 202 207 203
f 202 206 207
f 203 286 283
f 203 207 286
f 204 285 288
f 204 288 209
f 207 208 286
f 208 287 286
f 207 212 208
f 207 211 212
f 208 289 287
f 208 212 289
f 209 288 290
f 209 290 213
f 209 214 210
f 209 213 214
f 212 292 289
f 212 215 292
f 290 291 293
f 291 294 293
f 213 290 293
f 213 293 216
f 215 295 292
f 215 217 295
f 293 294 296
f 294 297 296
f 216 293 296
f 216 296 218
f 217 298 295
f 217 220 298
f 296 297 299
f 297 300 299
f 218 296 299
f 218 299 221
f 219 223 220
f 219 222 223
f 220 301 298
f 220 223 301
f 221 299 302
f 221 302 224
f 222 226 223
f 222 225 226
f 223 303 301
f 223 226 303
f 224 302 304
f 224 304 227
f 225 229 226
f 225 228 229
f 226 305 303
f 226 229 305
f 227 304 306
f 227 306 230
f 228 232 229
f 228 231 232
f 229 307 305
f 229 232 307
f 230 306 308
f 230 308 233
f 232 309 307
f 232 234 309
f 233 308 310
f 233 310 235
f 234 311 309
f 234 236 311
f 235 310 313
f 235 313 238
f 236 237 311
f 237 312 311
f 236 240 237
f 236 239 240
f 237 314 312
f 237 240 314
f 238 313 315
f 238 315 241
f 239 243 240
f 239 242 243
f 240 316 314
f 240 243 316
f 241 315 318
f 241 318 244
f 243 319 316
f 243 246 319
f 244 318 321
f 244 321 247
f 245 249 246
f 245 248 249
f 246 323 319
f 246 249 323
f 321 322 324
f 322 325 324
f 247 321 324
f 247 324 250
f 326 327 252
f 326 252 251
f 249 327 323
f 249 252 327
f 250 324 329
f 250 329 254
f 251 331 326
f 251 255 331
f 253 254 328
f 254 329 328
f 328 329 333
f 329 334 333
f 253 328 333
f 253 333 256
f 253 257 254
f 253 256 257
f 329 330 334
f 330 335 334
f 255 336 331
f 255 258 336
f 333 334 339
f 334 340 339
f 256 333 339
f 256 339 260
f 256 261 257
f 256 260 261
f 258 341 336
f 258 262 341
f 259 260 338
f 260 339 338
f 338 339 343
f 339 344 343
f 259 338 343
f 259 343 263
f 259 264 260
f 259 263 264
f 339 340 344
f 340 345 344
f 260 265 261
f 260 264 265
f 346 347 269
f 346 269 268
f 347 348 270
f 347 270 269
f 262 348 341
f 262 270 348
f 343 344 350
f 344 351 350
f 263 343 350
f 263 350 271
f 263 272 264
f 263 271 272
f 350 351 272
f 350 272 271
f 264 273 265
f 264 272 273
f 351 352 273
f 351 273 272
f 265 274 266
f 265 273 274
f 352 353 274
f 352 274 273
f 353 354 275
f 353 275 274
f 354 355 276
f 354 276 275
f 267 277 268
f 267 276 277
f 355 356 277
f 355 277 276
f 268 356 346
f 268 277 356
f 278 279 359
f 279 360 359
f 278 359 366
f 278 366 285
f 279 280 360
f 280 361 360
f 280 281 361
f 281 362 361
f 281 282 362
f 282 363 362
f 282 283 363
f 283 364 363
f 283 284 364
f 284 365 364
f 283 287 284
f 283 286 287
f 284 367 365
f 284 287 367
f 285 366 368
f 285 368 288
f 287 369 367
f 287 289 369
f 288 368 370
f 288 370 290
f 370 371 291
f 370 291 290
f 289 372 369
f 289 292 372
f 291 371 373
f 291 373 294
f 292 374 372
f 292 295 374
f 294 373 375
f 294 375 297
f 295 376 374
f 295 298 376
f 297 375 378
f 297 378 300
f 298 379 376
f 298 301 379
f 299 300 377
f 300 378 377
f 299 377 380
f 299 380 302
f 301 381 379
f 301 303 381
f 302 380 382
f 302 382 304
f 303 383 381
f 303 305 383
f 304 382 384
f 304 384 306
f 305 385 383
f 305 307 385
f 306 384 386
f 306 386 308
f 307 387 385
f 307 309 387
f 308 386 388
f 308 388 310
f 309 389 387
f 309 311 389
f 310 388 391
f 310 391 313
f 311 312 389
f 312 390 389
f 312 392 390
f 312 314 392
f 313 391 393
f 313 393 315
f 314 394 392
f 314 316 394
f 315 393 396
f 315 396 318
f 316 317 394
f 317 395 394
f 316 320 317
f 316 319 320
f 397 398 320
f 397 320 319
f 317 398 395
f 317 320 398
f 318 396 399
f 318 399 321
f 399 400 322
f 399 322 321
f 319 401 397
f 319 323 401
f 322 400 403
f 322 403 325
f 323 404 401
f 323 327 404
f 324 325 402
f 325 403 402
f 324 402 405
f 324 405 329
f 405 406 330
f 405 330 329
f 326 332 327
f 326 331 332
f 327 407 404
f 327 332 407
f 330 406 409
f 330 409 335
f 331 337 332
f 331 336 337
f 332 410 407
f 332 337 410
f 334 335 408
f 335 409 408
f 334 408 411
f 334 411 340
f 336 342 337
f 336 341 342
f 337 412 410
f 337 342 412
f 340 411 414
f 340 414 345
f 341 349 342
f 341 348 349
f 415 416 349
f 415 349 348
f 342 416 412
f 342 349 416
f 344 345 413
f 345 414 413
f 344 413 417
f 344 417 351
f 417 418 352
f 417 352 351
f 418 419 353
f 418 353 352
f 419 420 354
f 419 354 353
f 420 421 355
f 420 355 354
f 421 422 356
f 421 356 355
f 346 357 347
f 346 356 357
f 422 423 357
f 422 357 356
f 347 358 348
f 347 357 358
f 423 424 358
f 423 358 357
f 348 424 415
f 348 358 424
f 359 360 435
f 360 436 435
f 359 435 442
f 359 442 366
f 360 361 436
f 361 437 436
f 361 362 437
f 362 438 437
f 362 363 438
f 363 439 438
f 363 364 439
f 364 440 439
f 364 365 440
f 365 441 440
f 365 443 441
f 365 367 443
f 366 442 444
f 366 444 368
f 367 446 443
f 367 369 446
f 444 445 447
f 445 448 447
f 368 444 447
f 368 447 370
f 447 448 371
f 447 371 370
f 369 449 446
f 369 372 449
f 371 448 450
f 371 450 373
f 372 451 449
f 372 374 451
f 373 450 452
f 373 452 375
f 374 453 451
f 374 376 453
f 375 452 455
f 375 455 378
f 376 456 453
f 376 379 456
f 377 378 454
f 378 455 454
f 377 454 457
f 377 457 380
f 379 458 456
f 379 381 458
f 380 457 459
f 380 459 382
f 381 460 458
f 381 383 460
f 382 459 461
f 382 461 384
f 383 462 460
f 383 385 462
f 384 461 463
f 384 463 386
f 385 464 462
f 385 387 464
f 386 463 465
f 386 465 388
f 387 466 464
f 387 389 466
f 388 465 468
f 388 468 391
f 389 390 466
f 390 467 466
f 390 469 467
f 390 392 469
f 391 468 470
f 391 470 393
f 392 472 469
f 392 394 472
f 470 471 474
f 471 475 474
f 393 470 474
f 393 474 396
f 394 395 472
f 395 473 472
f 476 477 398
f 476 398 397
f 395 477 473
f 395 398 477
f 474 475 478
f 475 479 478
f 396 474 478
f 396 478 399
f 478 479 400
f 478 400 399
f 397 480 476
f 397 401 480
f 400 479 483
f 400 483 403
f 401 484 480
f 401 404 484
f 402 403 482
f 403 483 482
f 482 483 486
f 483 487 486
f 402 482 486
f 402 486 405
f 486 487 406
f 486 406 405
f 404 488 484
f 404 407 488
f 406 487 491
f 406 491 409
f 407 492 488
f 407 410 492
f 408 409 490
f 409 491 490
f 490 491 494
f 491 495 494
f 408 490 494
f 408 494 411
f 410 496 492
f 410 412 496
f 494 495 498
f 495 499 498
f 411 494 498
f 411 498 414
f 500 501 416
f 500 416 415
f 412 501 496
f 412 416 501
f 413 414 497
f 414 498 497
f 497 498 502
f 498 503 502
f 413 497 502
f 413 502 417
f 505 506 424
f 505 424 423
f 415 506 500
f 415 424 506
f 502 503 508
f 503 509 508
f 417 502 508
f 417 508 425
f 417 426 418
f 417 425 426
f 508 509 426
f 508 426 425
f 503 504 509
f 504 510 509
f 418 427 419
f 418 426 427
f 509 510 427
f 509 427 426
f 419 428 420
f 419 427 428
f 510 511 428
f 510 428 427
f 420 429 421
f 420 428 429
f 511 512 429
f 511 429 428
f 421 430 422
f 421 429 430
f 512 513 430
f 512 430 429
f 422 431 423
f 422 430 431
f 513 514 431
f 513 431 430
f 423 514 505
f 423 431 514
f 432 433 517
f 433 518 517
f 432 517 522
f 432 522 437
f 432 438 433
f 432 437 438
f 433 434 518
f 434 519 518
f 433 439 434
f 433 438 439
f 434 523 519
f 434 439 523
f 435 436 520
f 436 521 520
f 435 520 526
f 435 526 442
f 436 437 521
f 437 522 521
f 439 440 523
f 440 524 523
f 440 441 524
f 441 525 524
f 441 527 525
f 441 443 527
f 442 526 528
f 442 528 444
f 528 529 445
f 528 445 444
f 443 530 527
f 443 446 530
f 445 529 532
f 445 532 448
f 446 533 530
f 446 449 533
f 448 532 535
f 448 535 450
f 449 536 533
f 449 451 536
f 450 535 537
f 450 537 452
f 451 538 536
f 451 453 538
f 452 537 540
f 452 540 455
f 453 541 538
f 453 456 541
f 454 455 539
f 455 540 539
f 539 540 542
f 540 543 542
f 454 539 542
f 454 542 457
f 456 544 541
f 456 458 544
f 542 543 545
f 543 546 545
f 457 542 545
f 457 545 459
f 458 547 544
f 458 460 547
f 459 545 548
f 459 548 461
f 460 549 547
f 460 462 549
f 461 548 550
f 461 550 463
f 462 551 549
f 462 464 551
f 463 550 552
f 463 552 465
f 464 553 551
f 464 466 553
f 465 552 555
f 465 555 468
f 466 467 553
f 467 554 553
f 467 556 554
f 467 469 556
f 468 555 558
f 468 558 470
f 558 559 471
f 558 471 470
f 469 560 556
f 469 472 560
f 471 559 562
f 471 562 475
f 472 473 560
f 473 561 560
f 473 563 561
f 473 477 563
f 475 562 564
f 475 564 479
f 476 481 477
f 476 480 481
f 477 565 563
f 477 481 565
f 479 564 566
f 479 566 483
f 480 485 481
f 480 484 485
f 567 568 485
f 567 485 484
f 481 568 565
f 481 485 568
f 483 566 569
f 483 569 487
f 484 570 567
f 484 488 570
f 487 569 572
f 487 572 491
f 488 489 570
f 489 571 570
f 488 493 489
f 488 492 493
f 573 574 493
f 573 493 492
f 489 574 571
f 489 493 574
f 491 572 575
f 491 575 495
f 492 576 573
f 492 496 576
f 495 575 579
f 495 579 499
f 496 580 576
f 496 501 580
f 498 499 578
f 499 579 578
f 498 578 582
f 498 582 503
f 582 583 504
f 582 504 503
f 500 507 501
f 500 506 507
f 584 585 507
f 584 507 506
f 501 585 580
f 501 507 585
f 504 583 587
f 504 587 510
f 587 588 511
f 587 511 510
f 588 589 512
f 588 512 511
f 589 590 513
f 589 513 512
f 590 591 514
f 590 514 513
f 505 515 506
f 505 514 515
f 591 592 515
f 591 515 514
f 506 592 584
f 506 515 592
f 516 517 597
f 517 598 597
f 597 598 603
f 598 604 603
f 516 597 603
f 516 603 521
f 516 522 517
f 516 521 522
f 517 518 598
f 518 599 598
f 518 519 599
f 519 600 599
f 519 605 600
f 519 523 605
f 520 521 602
f 521 603 602
f 602 603 609
f 603 610 609
f 520 602 609
f 520 609 526
f 523 524 605
f 524 606 605
f 524 525 606
f 525 607 606
f 525 611 607
f 525 527 611
f 609 610 613
f 610 614 613
f 526 609 613
f 526 613 528
f 613 614 529
f 613 529 528
f 527 615 611
f 527 530 615
f 529 614 617
f 529 617 532
f 530 531 615
f 531 616 615
f 615 616 618
f 616 619 618
f 530 534 531
f 530 533 534
f 618 619 534
f 618 534 533
f 531 619 616
f 531 534 619
f 532 617 620
f 532 620 535
f 533 621 618
f 533 536 621
f 535 620 622
f 535 622 537
f 536 623 621
f 536 538 623
f 537 622 624
f 537 624 540
f 538 625 623
f 538 541 625
f 540 624 626
f 540 626 543
f 541 627 625
f 541 544 627
f 543 626 629
f 543 629 546
f 544 630 627
f 544 547 630
f 545 546 628
f 546 629 628
f 628 629 631
f 629 632 631
f 545 628 631
f 545 631 548
f 547 633 630
f 547 549 633
f 631 632 634
f 632 635 634
f 548 631 634
f 548 634 550
f 549 636 633
f 549 551 636
f 550 634 638
f 550 638 552
f 551 640 636
f 551 553 640
f 638 639 642
f 639 643 642
f 552 638 642
f 552 642 555
f 553 554 640
f 554 641 640
f 554 644 641
f 554 556 644
f 642 643 646
f 643 647 646
f 555 642 646
f 555 646 558
f 646 647 559
f 646 559 558
f 556 557 644
f 557 645 644
f 556 561 557
f 556 560 561
f 557 648 645
f 557 561 648
f 559 647 649
f 559 649 562
f 561 650 648
f 561 563 650
f 562 649 651
f 562 651 564
f 563 652 650
f 563 565 652
f 564 651 653
f 564 653 566
f 565 654 652
f 565 568 654
f 566 653 655
f 566 655 569
f 567 571 568
f 567 570 571
f 568 656 654
f 568 571 656
f 569 655 657
f 569 657 572
f 571 658 656
f 571 574 658
f 572 657 659
f 572 659 575
f 573 577 574
f 573 576 577
f 574 660 658
f 574 577 660
f 575 659 662
f 575 662 579
f 576 581 577
f 576 580 581
f 663 664 581
f 663 581 580
f 577 664 660
f 577 581 664
f 578 579 661
f 579 662 661
f 661 662 665
f 662 666 665
f 578 661 665
f 578 665 582
f 580 667 663
f 580 585 667
f 665 666 669
f 666 670 669
f 582 665 669
f 582 669 586
f 582 587 583
f 582 586 587
f 669 670 587
f 669 587 586
f 670 671 588
f 670 588 587
f 671 672 589
f 671 589 588
f 673 674 592
f 673 592 591
f 584 593 585
f 584 592 593
f 674 675 593
f 674 593 592
f 585 675 667
f 585 593 675
f 589 672 677
f 589 677 594
f 589 595 590
f 589 594 595
f 677 678 595
f 677 595 594
f 590 596 591
f 590 595 596
f 678 679 596
f 678 596 595
f 591 679 673
f 591 596 679
f 598 599 682
f 599 683 682
f 598 682 687
f 598 687 604
f 599 600 683
f 600 684 683
f 600 601 684
f 601 685 684
f 600 606 601
f 600 605 606
f 601 688 685
f 601 606 688
f 603 604 686
f 604 687 686
f 603 686 691
f 603 691 610
f 606 607 688
f 607 689 688
f 607 608 689
f 608 690 689
f 607 612 608
f 607 611 612
f 608 692 690
f 608 612 692
f 610 691 693
f 610 693 614
f 611 616 612
f 611 615 616
f 694 695 616
f 694 616 615
f 612 695 692
f 612 616 695
f 614 693 696
f 614 696 617
f 615 697 694
f 615 618 697
f 617 696 699
f 617 699 620
f 618 700 697
f 618 621 700
f 620 699 701
f 620 701 622
f 621 702 700
f 621 623 702
f 622 701 703
f 622 703 624
f 623 704 702
f 623 625 704
f 624 703 705
f 624 705 626
f 625 706 704
f 625 627 706
f 626 705 707
f 626 707 629
f 627 708 706
f 627 630 708
f 629 707 709
f 629 709 632
f 630 710 708
f 630 633 710
f 632 709 712
f 632 712 635
f 633 713 710
f 633 636 713
f 634 635 711
f 635 712 711
f 711 712 715
f 712 716 715
f 634 711 715
f 634 715 638
f 715 716 639
f 715 639 638
f 636 637 713
f 637 714 713
f 636 641 637
f 636 640 641
f 637 717 714
f 637 641 717
f 639 716 718
f 639 718 643
f 641 719 717
f 641 644 719
f 643 718 721
f 643 721 647
f 644 645 719
f 645 720 719
f 645 722 720
f 645 648 722
f 647 721 723
f 647 723 649
f 648 724 722
f 648 650 724
f 649 723 725
f 649 725 651
f 650 726 724
f 650 652 726
f 651 725 727
f 651 727 653
f 652 728 726
f 652 654 728
f 653 727 729
f 653 729 655
f 654 730 728
f 654 656 730
f 655 729 731
f 655 731 657
f 656 732 730
f 656 658 732
f 657 731 733
f 657 733 659
f 658 734 732
f 658 660 734
f 659 733 735
f 659 735 662
f 660 736 734
f 660 664 736
f 662 735 737
f 662 737 666
f 663 668 664
f 663 667 668
f 738 739 668
f 738 668 667
f 664 739 736
f 664 668 739
f 666 737 740
f 666 740 670
f 740 741 671
f 740 671 670
f 667 742 738
f 667 675 742
f 671 741 744
f 671 744 676
f 671 677 672
f 671 676 677
f 744 745 677
f 744 677 676
f 745 746 678
f 745 678 677
f 746 747 679
f 746 679 678
f 673 680 674
f 673 679 680
f 747 748 680
f 747 680 679
f 674 681 675
f 674 680 681
f 748 749 681
f 748 681 680
f 675 749 742
f 675 681 749
f 682 683 750
f 683 751 750
f 682 750 756
f 682 756 687
f 683 684 751
f 684 752 751
f 684 685 752
f 685 753 752
f 685 757 753
f 685 688 757
f 686 687 755
f 687 756 755
f 686 755 760
f 686 760 691
f 688 689 757
f 689 758 757
f 689 690 758
f 690 759 758
f 690 761 759
f 690 692 761
f 691 760 762
f 691 762 693
f 692 763 761
f 692 695 763
f 693 762 764
f 693 764 696
f 694 698 695
f 694 697 698
f 765 766 698
f 765 698 697
f 695 766 763
f 695 698 766
f 696 764 767
f 696 767 699
f 697 768 765
f 697 700 768
f 699 767 770
f 699 770 701
f 700 771 768
f 700 702 771
f 701 770 772
f 701 772 703
f 702 773 771
f 702 704 773
f 703 772 774
f 703 774 705
f 704 775 773
f 704 706 775
f 705 774 776
f 705 776 707
f 706 777 775
f 706 708 777
f 707 776 778
f 707 778 709
f 708 779 777
f 708 710 779
f 709 778 780
f 709 780 712
f 710 781 779
f 710 713 781
f 712 780 783
f 712 783 716
f 713 714 781
f 714 782 781
f 714 784 782
f 714 717 784
f 716 783 785
f 716 785 718
f 717 786 784
f 717 719 786
f 718 785 788
f 718 788 721
f 719 720 786
f 720 787 786
f 786 787 789
f 787 790 789
f 720 790 787
f 720 722 790
f 721 788 791
f 721 791 723
f 722 793 790
f 722 724 793
f 791 792 794
f 792 795 794
f 723 791 794
f 723 794 725
f 724 796 793
f 724 726 796
f 725 794 797
f 725 797 727
f 726 799 796
f 726 728 799
f 797 798 800
f 798 801 800
f 727 797 800
f 727 800 729
f 728 802 799
f 728 730 802
f 729 800 803
f 729 803 731
f 730 805 802
f 730 732 805
f 803 804 806
f 804 807 806
f 731 803 806
f 731 806 733
f 732 808 805
f 732 734 808
f 806 807 809
f 807 810 809
f 733 806 809
f 733 809 735
f 734 811 808
f 734 736 811
f 809 810 812
f 810 813 812
f 735 809 812
f 735 812 737
f 736 814 811
f 736 739 814
f 812 813 815
f 813 816 815
f 737 812 815
f 737 815 740
f 815 816 741
f 815 741 740
f 738 743 739
f 738 742 743
f 817 818 743
f 817 743 742
f 739 818 814
f 739 743 818
f 741 816 819
f 741 819 744
f 819 820 745
f 819 745 744
f 820 821 746
f 820 746 745
f 821 822 747
f 821 747 746
f 822 823 748
f 822 748 747
f 823 824 749
f 823 749 748
f 742 824 817
f 742 749 824
f 750 751 825
f 751 826 825
f 750 825 831
f 750 831 756
f 751 752 826
f 752 827 826
f 752 753 827
f 753 828 827
f 753 754 828
f 754 829 828
f 753 758 754
f 753 757 758
f 754 832 829
f 754 758 832
f 755 756 830
f 756 831 830
f 830 831 834
f 831 835 834
f 755 830 834
f 755 834 760
f 758 759 832
f 759 833 832
f 759 836 833
f 759 761 836
f 760 834 837
f 760 837 762
f 761 839 836
f 761 763 839
f 837 838 840
f 838 841 840
f 762 837 840
f 762 840 764
f 763 843 839
f 763 766 843
f 840 841 844
f 841 845 844
f 764 840 844
f 764 844 767
f 842 843 846
f 843 847 846
f 765 769 766
f 765 768 769
f 846 847 769
f 846 769 768
f 766 847 843
f 766 769 847
f 767 844 848
f 767 848 770
f 768 849 846
f 768 771 849
f 770 848 850
f 770 850 772
f 771 851 849
f 771 773 851
f 772 850 852
f 772 852 774
f 773 853 851
f 773 775 853
f 774 852 854
f 774 854 776
f 775 855 853
f 775 777 855
f 776 854 856
f 776 856 778
f 777 857 855
f 777 779 857
f 778 856 858
f 778 858 780
f 779 859 857
f 779 781 859
f 780 858 861
f 780 861 783
f 781 782 859
f 782 860 859
f 782 862 860
f 782 784 862
f 783 861 863
f 783 863 785
f 784 864 862
f 784 786 864
f 785 863 866
f 785 866 788
f 786 867 864
f 786 789 867
f 788 866 869
f 788 869 791
f 869 870 792
f 869 792 791
f 789 790 867
f 790 868 867
f 790 871 868
f 790 793 871
f 792 870 873
f 792 873 795
f 793 874 871
f 793 796 874
f 794 795 872
f 795 873 872
f 794 872 875
f 794 875 797
f 875 876 798
f 875 798 797
f 796 877 874
f 796 799 877
f 798 876 879
f 798 879 801
f 799 880 877
f 799 802 880
f 800 801 878
f 801 879 878
f 800 878 882
f 800 882 803
f 882 883 804
f 882 804 803
f 802 884 880
f 802 805 884
f 804 883 887
f 804 887 807
f 805 888 884
f 805 808 888
f 807 887 890
f 807 890 810
f 808 891 888
f 808 811 891
f 810 890 893
f 810 893 813
f 811 894 891
f 811 814 894
f 813 893 895
f 813 895 816
f 896 897 818
f 896 818 817
f 814 897 894
f 814 818 897
f 816 895 898
f 816 898 819
f 898 899 820
f 898 820 819
f 899 900 821
f 899 821 820
f 900 901 822
f 900 822 821
f 901 902 823
f 901 823 822
f 902 903 824
f 902 824 823
f 817 903 896
f 817 824 903
f 825 826 905
f 826 906 905
f 905 906 910
f 906 911 910
f 825 905 910
f 825 910 831
f 826 827 906
f 827 907 906
f 827 828 907
f 828 908 907
f 828 829 908
f 829 909 908
f 829 912 909
f 829 832 912
f 831 910 915
f 831 915 835
f 832 833 912
f 833 913 912
f 833 916 913
f 833 836 916
f 834 835 914
f 835 915 914
f 914 915 917
f 915 918 917
f 834 914 917
f 834 917 837
f 917 918 838
f 917 838 837
f 836 919 916
f 836 839 919
f 838 918 920
f 838 920 841
f 921 922 843
f 921 843 842
f 839 922 919
f 839 843 922
f 841 920 924
f 841 924 845
f 842 925 921
f 842 846 925
f 844 845 923
f 845 924 923
f 923 924 927
f 924 928 927
f 844 923 927
f 844 927 848
f 846 929 925
f 846 849 929
f 927 928 931
f 928 932 931
f 848 927 931
f 848 931 850
f 849 933 929
f 849 851 933
f 850 931 934
f 850 934 852
f 851 935 933
f 851 853 935
f 852 934 936
f 852 936 854
f 853 937 935
f 853 855 937
f 854 936 938
f 854 938 856
f 855 939 937
f 855 857 939
f 856 938 940
f 856 940 858
f 857 941 939
f 857 859 941
f 858 940 943
f 858 943 861
f 859 860 941
f 860 942 941
f 860 944 942
f 860 862 944
f 861 943 945
f 861 945 863
f 862 946 944
f 862 864 946
f 863 945 948
f 863 948 866
f 864 865 946
f 865 947 946
f 946 947 949
f 947 950 949
f 864 868 865
f 864 867 868
f 865 950 947
f 865 868 950
f 866 948 951
f 866 951 869
f 868 952 950
f 868 871 952
f 869 951 953
f 869 953 872
f 869 873 870
f 869 872 873
f 871 954 952
f 871 874 954
f 872 953 955
f 872 955 875
f 874 957 954
f 874 877 957
f 955 956 958
f 956 959 958
f 875 955 958
f 875 958 878
f 875 879 876
f 875 878 879
f 877 960 957
f 877 880 960
f 878 958 962
f 878 962 882
f 880 881 960
f 881 961 960
f 880 885 881
f 880 884 885
f 881 964 961
f 881 885 964
f 962 963 965
f 963 966 965
f 882 962 965
f 882 965 886
f 882 887 883
f 882 886 887
f 965 966 887
f 965 887 886
f 884 889 885
f 884 888 889
f 885 967 964
f 885 889 967
f 887 966 968
f 887 968 890
f 888 892 889
f 888 891 892
f 969 970 892
f 969 892 891
f 889 970 967
f 889 892 970
f 890 968 971
f 890 971 893
f 891 973 969
f 891 894 973
f 971 972 975
f 972 976 975
f 893 971 975
f 893 975 895
f 894 977 973
f 894 897 977
f 895 975 979
f 895 979 898
f 979 980 899
f 979 899 898
f 980 981 900
f 980 900 899
f 981 982 901
f 981 901 900
f 982 983 902
f 982 902 901
f 983 984 903
f 983 903 902
f 896 904 897
f 896 903 904
f 984 985 904
f 984 904 903
f 897 985 977
f 897 904 985
f 906 907 986
f 907 987 986
f 906 986 991
f 906 991 911
f 907 908 987
f 908 988 987
f 908 909 988
f 909 989 988
f 909 992 989
f 909 912 992
f 910 911 990
f 911 991 990
f 910 990 994
f 910 994 915
f 912 913 992
f 913 993 992
f 913 995 993
f 913 916 995
f 915 994 996
f 915 996 918
f 916 997 995
f 916 919 997
f 918 996 998
f 918 998 920
f 919 999 997
f 919 922 999
f 920 998 1000
f 920 1000 924
f 921 926 922
f 921 925 926
f 922 1001 999
f 922 926 1001
f 924 1000 1002
f 924 1002 928
f 925 930 926
f 925 929 930
f 1003 1004 930
f 1003 930 929
f 926 1004 1001
f 926 930 1004
f 928 1002 1006
f 928 1006 932
f 929 1007 1003
f 929 933 1007
f 931 932 1005
f 932 1006 1005
f 1005 1006 1008
f 1006 1009 1008
f 931 1005 1008
f 931 1008 934
f 933 1010 1007
f 933 935 1010
f 934 1008 1011
f 934 1011 936
f 935 1012 1010
f 935 937 1012
f 936 1011 1013
f 936 1013 938
f 937 1014 1012
f 937 939 1014
f 938 1013 1015
f 938 1015 940
f 939 1016 1014
f 939 941 1016
f 940 1015 1018
f 940 1018 943
f 941 942 1016
f 942 1017 1016
f 942 1019 1017
f 942 944 1019
f 943 1018 1020
f 943 1020 945
f 944 1021 1019
f 944 946 1021
f 945 1020 1022
f 945 1022 948
f 946 1023 1021
f 946 949 1023
f 948 1022 1025
f 948 1025 951
f 949 950 1023
f 950 1024 1023
f 950 1026 1024
f 950 952 1026
f 951 1025 1027
f 951 1027 953
f 952 1028 1026
f 952 954 1028
f 953 1027 1029
f 953 1029 955
f 1029 1030 956
f 1029 956 955
f 954 1031 1028
f 954 957 1031
f 956 1030 1033
f 956 1033 959
f 957 1034 1031
f 957 960 1034
f 958 959 1032
f 959 1033 1032
f 958 1032 1036
f 958 1036 962
f 1036 1037 963
f 1036 963 962
f 960 961 1034
f 961 1035 1034
f 961 1038 1035
f 961 964 1038
f 963 1037 1040
f 963 1040 966
f 964 1041 1038
f 964 967 1041
f 966 1040 1042
f 966 1042 968
f 967 1043 1041
f 967 970 1043
f 968 1042 1044
f 968 1044 971
f 1044 1045 972
f 1044 972 971
f 969 974 970
f 969 973 974
f 970 1046 1043
f 970 974 1046
f 972 1045 1048
f 972 1048 976
f 973 978 974
f 973 977 978
f 1049 1050 978
f 1049 978 977
f 974 1050 1046
f 974 978 1050
f 975 976 1047
f 976 1048 1047
f 975 1047 1051
f 975 1051 979
f 1051 1052 980
f 1051 980 979
f 1052 1053 981
f 1052 981 980
f 1053 1054 982
f 1053 982 981
f 1054 1055 983
f 1054 983 982
f 1055 1056 984
f 1055 984 983
f 1056 1057 985
f 1056 985 984
f 977 1057 1049
f 977 985 1057
f 986 987 1058
f 987 1059 1058
f 986 1058 1063
f 986 1063 991
f 987 988 1059
f 988 1060 1059
f 988 989 1060
f 989 1061 1060
f 989 1064 1061
f 989 992 1064
f 990 991 1062
f 991 1063 1062
f 990 1062 1066
f 990 1066 994
f 992 993 1064
f 993 1065 1064
f 993 1067 1065
f 993 995 1067
f 994 1066 1068
f 994 1068 996
f 995 1069 1067
f 995 997 1069
f 996 1068 1070
f 996 1070 998
f 997 1071 1069
f 997 999 1071
f 998 1070 1072
f 998 1072 1000
f 999 1073 1071
f 999 1001 1073
f 1000 1072 1074
f 1000 1074 1002
f 1075 1076 1004
f 1075 1004 1003
f 1001 1076 1073
f 1001 1004 1076
f 1002 1074 1077
f 1002 1077 1006
f 1003 1078 1075
f 1003 1007 1078
f 1006 1077 1081
f 1006 1081 1009
f 1007 1082 1078
f 1007 1010 1082
f 1008 1009 1080
f 1009 1081 1080
f 1008 1080 1083
f 1008 1083 1011
f 1010 1084 1082
f 1010 1012 1084
f 1011 1083 1085
f 1011 1085 1013
f 1012 1086 1084
f 1012 1014 1086
f 1013 1085 1087
f 1013 1087 1015
f 1014 1088 1086
f 1014 1016 1088
f 1015 1087 1090
f 1015 1090 1018
f 1016 1017 1088
f 1017 1089 1088
f 1088 1089 1091
f 1089 1092 1091
f 1017 1092 1089
f 1017 1019 1092
f 1018 1090 1093
f 1018 1093 1020
f 1019 1094 1092
f 1019 1021 1094
f 1020 1093 1095
f 1020 1095 1022
f 1021 1096 1094
f 1021 1023 1096
f 1022 1095 1098
f 1022 1098 1025
f 1023 1024 1096
f 1024 1097 1096
f 1096 1097 1099
f 1097 1100 1099
f 1024 1100 1097
f 1024 1026 1100
f 1025 1098 1101
f 1025 1101 1027
f 1026 1102 1100
f 1026 1028 1102
f 1027 1101 1103
f 1027 1103 1029
f 1028 1104 1102
f 1028 1031 1104
f 1029 1103 1105
f 1029 1105 1032
f 1029 1033 1030
f 1029 1032 1033
f 1031 1106 1104
f 1031 1034 1106
f 1032 1105 1108
f 1032 1108 1036
f 1034 1035 1106
f 1035 1107 1106
f 1035 1110 1107
f 1035 1038 1110
f 1108 1109 1111
f 1109 1112 1111
f 1036 1108 1111
f 1036 1111 1039
f 1036 1040 1037
f 1036 1039 1040
f 1111 1112 1040
f 1111 1040 1039
f 1038 1113 1110
f 1038 1041 1113
f 1040 1112 1114
f 1040 1114 1042
f 1041 1116 1113
f 1041 1043 1116
f 1114 1115 1117
f 1115 1118 1117
f 1042 1114 1117
f 1042 1117 1044
f 1117 1118 1045
f 1117 1045 1044
f 1043 1119 1116
f 1043 1046 1119
f 1045 1118 1121
f 1045 1121 1048
f 1122 1123 1050
f 1122 1050 1049
f 1046 1123 1119
f 1046 1050 1123
f 1047 1048 1120
f 1048 1121 1120
f 1047 1120 1124
f 1047 1124 1051
f 1124 1125 1052
f 1124 1052 1051
f 1125 1126 1053
f 1125 1053 1052
f 1126 1127 1054
f 1126 1054 1053
f 1127 1128 1055
f 1127 1055 1054
f 1128 1129 1056
f 1128 1056 1055
f 1129 1130 1057
f 1129 1057 1056
f 1049 1130 1122
f 1049 1057 1130
f 1058 1059 1132
f 1059 1133 1132
f 1058 1132 1137
f 1058 1137 1063
f 1059 1060 1133
f 1060 1134 1133
f 1060 1061 1134
f 1061 1135 1134
f 1061 1138 1135
f 1061 1064 1138
f 1062 1063 1136
f 1063 1137 1136
f 1062 1136 1140
f 1062 1140 1066
f 1064 1065 1138
f 1065 1139 1138
f 1065 1141 1139
f 1065 1067 1141
f 1066 1140 1142
f 1066 1142 1068
f 1067 1143 1141
f 1067 1069 1143
f 1068 1142 1144
f 1068 1144 1070
f 1069 1145 1143
f 1069 1071 1145
f 1070 1144 1146
f 1070 1146 1072
f 1071 1147 1145
f 1071 1073 1147
f 1072 1146 1148
f 1072 1148 1074
f 1073 1150 1147
f 1073 1076 1150
f 1074 1148 1151
f 1074 1151 1077
f 1149 1150 1152
f 1150 1153 1152
f 1075 1079 1076
f 1075 1078 1079
f 1152 1153 1079
f 1152 1079 1078
f 1076 1153 1150
f 1076 1079 1153
f 1077 1151 1155
f 1077 1155 1081
f 1078 1156 1152
f 1078 1082 1156
f 1080 1081 1154
f 1081 1155 1154
f 1080 1154 1158
f 1080 1158 1083
f 1082 1159 1156
f 1082 1084 1159
f 1083 1158 1160
f 1083 1160 1085
f 1084 1161 1159
f 1084 1086 1161
f 1085 1160 1162
f 1085 1162 1087
f 1086 1163 1161
f 1086 1088 1163
f 1087 1162 1165
f 1087 1165 1090
f 1088 1166 1163
f 1088 1091 1166
f 1090 1165 1168
f 1090 1168 1093
f 1091 1092 1166
f 1092 1167 1166
f 1092 1169 1167
f 1092 1094 1169
f 1093 1168 1170
f 1093 1170 1095
f 1094 1171 1169
f 1094 1096 1171
f 1095 1170 1173
f 1095 1173 1098
f 1096 1174 1171
f 1096 1099 1174
f 1098 1173 1176
f 1098 1176 1101
f 1099 1100 1174
f 1100 1175 1174
f 1100 1177 1175
f 1100 1102 1177
f 1101 1176 1178
f 1101 1178 1103
f 1102 1179 1177
f 1102 1104 1179
f 1103 1178 1182
f 1103 1182 1105
f 1104 1183 1179
f 1104 1106 1183
f 1105 1182 1186
f 1105 1186 1108
f 1186 1187 1109
f 1186 1109 1108
f 1106 1107 1183
f 1107 1184 1183
f 1107 1188 1184
f 1107 1110 1188
f 1109 1187 1191
f 1109 1191 1112
f 1110 1192 1188
f 1110 1113 1192
f 1112 1191 1194
f 1112 1194 1114
f 1194 1195 1115
f 1194 1115 1114
f 1113 1196 1192
f 1113 1116 1196
f 1115 1195 1198
f 1115 1198 1118
f 1116 1199 1196
f 1116 1119 1199
f 1118 1198 1201
f 1118 1201 1121
f 1119 1202 1199
f 1119 1123 1202
f 1120 1121 1200
f 1121 1201 1200
f 1120 1200 1203
f 1120 1203 1124
f 1203 1204 1125
f 1203 1125 1124
f 1204 1205 1126
f 1204 1126 1125
f 1205 1206 1127
f 1205 1127 1126
f 1206 1207 1128
f 1206 1128 1127
f 1207 1208 1129
f 1207 1129 1128
f 1208 1209 1130
f 1208 1130 1129
f 1122 1131 1123
f 1122 1130 1131
f 1209 1210 1131
f 1209 1131 1130
f 1123 1210 1202
f 1123 1131 1210
f 1132 1133 1211
f 1133 1212 1211
f 1132 1211 1216
f 1132 1216 1137
f 1133 1134 1212
f 1134 1213 1212
f 1134 1135 1213
f 1135 1214 1213
f 1135 1217 1214
f 1135 1138 1217
f 1136 1137 1215
f 1137 1216 1215
f 1136 1215 1220
f 1136 1220 1140
f 1138 1139 1217
f 1139 1218 1217
f 1139 1221 1218
f 1139 1141 1221
f 1140 1220 1223
f 1140 1223 1142
f 1141 1224 1221
f 1141 1143 1224
f 1142 1223 1226
f 1142 1226 1144
f 1143 1227 1224
f 1143 1145 1227
f 1144 1226 1229
f 1144 1229 1146
f 1145 1230 1227
f 1145 1147 1230
f 1146 1229 1232
f 1146 1232 1148
f 1233 1234 1150
f 1233 1150 1149
f 1147 1234 1230
f 1147 1150 1234
f 1148 1232 1236
f 1148 1236 1151
f 1149 1237 1233
f 1149 1152 1237
f 1151 1236 1240
f 1151 1240 1155
f 1152 1153 1237
f 1153 1238 1237
f 1152 1157 1153
f 1152 1156 1157
f 1241 1242 1157
f 1241 1157 1156
f 1153 1242 1238
f 1153 1157 1242
f 1154 1155 1239
f 1155 1240 1239
f 1154 1239 1243
f 1154 1243 1158
f 1156 1244 1241
f 1156 1159 1244
f 1158 1243 1246
f 1158 1246 1160
f 1159 1247 1244
f 1159 1161 1247
f 1160 1246 1249
f 1160 1249 1162
f 1161 1250 1247
f 1161 1163 1250
f 1162 1249 1252
f 1162 1252 1165
f 1163 1164 1250
f 1164 1251 1250
f 1163 1167 1164
f 1163 1166 1167
f 1164 1253 1251
f 1164 1167 1253
f 1165 1252 1254
f 1165 1254 1168
f 1167 1255 1253
f 1167 1169 1255
f 1168 1254 1256
f 1168 1256 1170
f 1169 1257 1255
f 1169 1171 1257
f 1170 1256 1259
f 1170 1259 1173
f 1171 1172 1257
f 1172 1258 1257
f 1171 1175 1172
f 1171 1174 1175
f 1172 1260 1258
f 1172 1175 1260
f 1173 1259 1262
f 1173 1262 1176
f 1175 1263 1260
f 1175 1177 1263
f 1176 1262 1265
f 1176 1265 1178
f 1177 1266 1263
f 1177 1179 1266
f 1178 1265 1270
f 1178 1270 1182
f 1179 1180 1266
f 1180 1267 1266
f 1179 1184 1180
f 1179 1183 1184
f 1180 1271 1267
f 1180 1184 1271
f 1181 1182 1269
f 1182 1270 1269
f 1181 1269 1273
f 1181 1273 1185
f 1181 1186 1182
f 1181 1185 1186
f 1184 1274 1271
f 1184 1188 1274
f 1185 1273 1275
f 1185 1275 1189
f 1185 1190 1186
f 1185 1189 1190
f 1275 1276 1190
f 1275 1190 1189
f 1186 1191 1187
f 1186 1190 1191
f 1188 1277 1274
f 1188 1192 1277
f 1190 1276 1279
f 1190 1279 1193
f 1190 1194 1191
f 1190 1193 1194
f 1279 1280 1194
f 1279 1194 1193
f 1192 1281 1277
f 1192 1196 1281
f 1194 1280 1283
f 1194 1283 1197
f 1194 1198 1195
f 1194 1197 1198
f 1196 1284 1281
f 1196 1199 1284
f 1197 1283 1286
f 1197 1286 1200
f 1197 1201 1198
f 1197 1200 1201
f 1199 1287 1284
f 1199 1202 1287
f 1200 1286 1289
f 1200 1289 1203
f 1289 1290 1204
f 1289 1204 1203
f 1290 1291 1205
f 1290 1205 1204
f 1291 1292 1206
f 1291 1206 1205
f 1292 1293 1207
f 1292 1207 1206
f 1293 1294 1208
f 1293 1208 1207
f 1294 1295 1209
f 1294 1209 1208
f 1295 1296 1210
f 1295 1210 1209
f 1202 1296 1287
f 1202 1210 1296
f 1211 1212 1297
f 1212 1298 1297
f 1211 1297 1303
f 1211 1303 1216
f 1212 1213 1298
f 1213 1299 1298
f 1213 1214 1299
f 1214 1300 1299
f 1214 1304 1300
f 1214 1217 1304
f 1215 1216 1302
f 1216 1303 1302
f 1215 1302 1307
f 1215 1307 1220
f 1217 1218 1304
f 1218 1305 1304
f 1218 1219 1305
f 1219 1306 1305
f 1218 1222 1219
f 1218 1221 1222
f 1219 1308 1306
f 1219 1222 1308
f 1220 1307 1310
f 1220 1310 1223
f 1221 1225 1222
f 1221 1224 1225
f 1222 1311 1308
f 1222 1225 1311
f 1223 1310 1313
f 1223 1313 1226
f 1224 1228 1225
f 1224 1227 1228
f 1314 1315 1228
f 1314 1228 1227
f 1225 1315 1311
f 1225 1228 1315
f 1226 1313 1317
f 1226 1317 1229
f 1227 1318 1314
f 1227 1230 1318
f 1229 1317 1321
f 1229 1321 1232
f 1230 1322 1318
f 1230 1234 1322
f 1231 1232 1320
f 1232 1321 1320
f 1231 1320 1324
f 1231 1324 1235
f 1231 1236 1232
f 1231 1235 1236
f 1233 1238 1234
f 1233 1237 1238
f 1234 1325 1322
f 1234 1238 1325
f 1235 1324 1326
f 1235 1326 1239
f 1235 1240 1236
f 1235 1239 1240
f 1238 1327 1325
f 1238 1242 1327
f 1239 1326 1329
f 1239 1329 1243
f 1241 1245 1242
f 1241 1244 1245
f 1330 1331 1245
f 1330 1245 1244
f 1242 1331 1327
f 1242 1245 1331
f 1243 1329 1333
f 1243 1333 1246
f 1244 1334 1330
f 1244 1247 1334
f 1246 1333 1337
f 1246 1337 1249
f 1247 1248 1334
f 1248 1335 1334
f 1247 1251 1248
f 1247 1250 1251
f 1248 1338 1335
f 1248 1251 1338
f 1249 1337 1340
f 1249 1340 1252
f 1251 1341 1338
f 1251 1253 1341
f 1252 1340 1343
f 1252 1343 1254
f 1253 1344 1341
f 1253 1255 1344
f 1254 1343 1347
f 1254 1347 1256
f 1255 1348 1344
f 1255 1257 1348
f 1256 1347 1351
f 1256 1351 1259
f 1257 1258 1348
f 1258 1349 1348
f 1258 1352 1349
f 1258 1260 1352
f 1259 1351 1354
f 1259 1354 1262
f 1260 1355 1352
f 1260 1263 1355
f 1261 1262 1353
f 1262 1354 1353
f 1261 1353 1357
f 1261 1357 1264
f 1261 1265 1262
f 1261 1264 1265
f 1263 1358 1355
f 1263 1266 1358
f 1264 1357 1363
f 1264 1363 1269
f 1264 1270 1265
f 1264 1269 1270
f 1266 1267 1358
f 1267 1359 1358
f 1267 1364 1359
f 1267 1271 1364
f 1268 1269 1362
f 1269 1363 1362
f 1268 1362 1367
f 1268 1367 1272
f 1268 1273 1269
f 1268 1272 1273
f 1367 1368 1273
f 1367 1273 1272
f 1271 1369 1364
f 1271 1274 1369
f 1273 1368 1373
f 1273 1373 1275
f 1274 1374 1369
f 1274 1277 1374
f 1275 1373 1377
f 1275 1377 1278
f 1275 1279 1276
f 1275 1278 1279
f 1377 1378 1279
f 1377 1279 1278
f 1277 1379 1374
f 1277 1281 1379
f 1279 1378 1381
f 1279 1381 1282
f 1279 1283 1280
f 1279 1282 1283
f 1281 1382 1379
f 1281 1284 1382
f 1282 1381 1385
f 1282 1385 1285
f 1282 1286 1283
f 1282 1285 1286
f 1284 1386 1382
f 1284 1287 1386
f 1285 1385 1389
f 1285 1389 1288
f 1285 1289 1286
f 1285 1288 1289
f 1389 1390 1289
f 1389 1289 1288
f 1390 1391 1290
f 1390 1290 1289
f 1391 1392 1291
f 1391 1291 1290
f 1392 1393 1292
f 1392 1292 1291
f 1393 1394 1293
f 1393 1293 1292
f 1394 1395 1294
f 1394 1294 1293
f 1395 1396 1295
f 1395 1295 1294
f 1396 1397 1296
f 1396 1296 1295
f 1287 1397 1386
f 1287 1296 1397
f 1297 1298 1399
f 1298 1400 1399
f 1297 1399 1405
f 1297 1405 1303
f 1298 1299 1400
f 1299 1401 1400
f 1299 1300 1401
f 1300 1402 1401
f 1300 1301 1402
f 1301 1403 1402
f 1300 1305 1301
f 1300 1304 1305
f 1301 1406 1403
f 1301 1305 1406
f 1302 1303 1404
f 1303 1405 1404
f 1302 1404 1409
f 1302 1409 1307
f 1305 1306 1406
f 1306 1407 1406
f 1306 1410 1407
f 1306 1308 1410
f 1307 1409 1412
f 1307 1412 1310
f 1308 1413 1410
f 1308 1311 1413
f 1309 1310 1411
f 1310 1412 1411
f 1309 1411 1415
f 1309 1415 1312
f 1309 1313 1310
f 1309 1312 1313
f 1311 1416 1413
f 1311 1315 1416
f 1312 1415 1418
f 1312 1418 1316
f 1312 1317 1313
f 1312 1316 1317
f 1314 1319 1315
f 1314 1318 1319
f 1315 1419 1416
f 1315 1319 1419
f 1316 1418 1421
f 1316 1421 1320
f 1316 1321 1317
f 1316 1320 1321
f 1318 1323 1319
f 1318 1322 1323
f 1422 1423 1323
f 1422 1323 1322
f 1319 1423 1419
f 1319 1323 1423
f 1320 1421 1425
f 1320 1425 1324
f 1322 1426 1422
f 1322 1325 1426
f 1324 1425 1429
f 1324 1429 1326
f 1325 1430 1426
f 1325 1327 1430
f 1326 1429 1432
f 1326 1432 1329
f 1327 1433 1430
f 1327 1331 1433
f 1328 1329 1431
f 1329 1432 1431
f 1328 1431 1435
f 1328 1435 1332
f 1328 1333 1329
f 1328 1332 1333
f 1330 1335 1331
f 1330 1334 1335
f 1331 1436 1433
f 1331 1335 1436
f 1332 1435 1438
f 1332 1438 1336
f 1332 1337 1333
f 1332 1336 1337
f 1335 1439 1436
f 1335 1338 1439
f 1336 1438 1441
f 1336 1441 1339
f 1336 1340 1337
f 1336 1339 1340
f 1338 1442 1439
f 1338 1341 1442
f 1339 1441 1445
f 1339 1445 1342
f 1339 1343 1340
f 1339 1342 1343
f 1341 1446 1442
f 1341 1344 1446
f 1342 1445 1449
f 1342 1449 1346
f 1342 1347 1343
f 1342 1346 1347
f 1344 1345 1446
f 1345 1447 1446
f 1344 1349 1345
f 1344 1348 1349
f 1345 1450 1447
f 1345 1349 1450
f 1346 1449 1452
f 1346 1452 1350
f 1346 1351 1347
f 1346 1350 1351
f 1349 1453 1450
f 1349 1352 1453
f 1350 1452 1459
f 1350 1459 1353
f 1350 1354 1351
f 1350 1353 1354
f 1352 1460 1453
f 1352 1355 1460
f 1353 1459 1469
f 1353 1469 1357
f 1355 1470 1460
f 1355 1358 1470
f 1356 1357 1468
f 1357 1469 1468
f 1356 1468 1478
f 1356 1478 1362
f 1356 1363 1357
f 1356 1362 1363
f 1358 1359 1470
f 1359 1471 1470
f 1359 1479 1471
f 1359 1364 1479
f 1360 1361 1476
f 1361 1477 1476
f 1360 1476 1481
f 1360 1481 1365
f 1360 1366 1361
f 1360 1365 1366
f 1361 1362 1477
f 1362 1478 1477
f 1361 1367 1362
f 1361 1366 1367
f 1364 1482 1479
f 1364 1369 1482
f 1365 1481 1483
f 1365 1483 1370
f 1365 1371 1366
f 1365 1370 1371
f 1483 1484 1371
f 1483 1371 1370
f 1366 1372 1367
f 1366 1371 1372
f 1367 1373 1368
f 1367 1372 1373
f 1369 1485 1482
f 1369 1374 1485
f 1371 1484 1486
f 1371 1486 1375
f 1371 1376 1372
f 1371 1375 1376
f 1486 1487 1376
f 1486 1376 1375
f 1372 1377 1373
f 1372 1376 1377
f 1487 1488 1377
f 1487 1377 1376
f 1374 1489 1485
f 1374 1379 1489
f 1377 1488 1491
f 1377 1491 1380
f 1377 1381 1378
f 1377 1380 1381
f 1379 1492 1489
f 1379 1382 1492
f 1380 1491 1494
f 1380 1494 1384
f 1380 1385 1381
f 1380 1384 1385
f 1382 1495 1492
f 1382 1386 1495
f 1383 1384 1493
f 1384 1494 1493
f 1383 1493 1496
f 1383 1496 1387
f 1383 1388 1384
f 1383 1387 1388
f 1496 1497 1388
f 1496 1388 1387
f 1384 1389 1385
f 1384 1388 1389
f 1497 1498 1389
f 1497 1389 1388
f 1498 1499 1390
f 1498 1390 1389
f 1499 1500 1391
f 1499 1391 1390
f 1500 1501 1392
f 1500 1392 1391
f 1501 1502 1393
f 1501 1393 1392
f 1502 1503 1394
f 1502 1394 1393
f 1503 1504 1395
f 1503 1395 1394
f 1504 1505 1396
f 1504 1396 1395
f 1505 1506 1397
f 1505 1397 1396
f 1386 1506 1495
f 1386 1397 1506
f 1398 1399 1507
f 1399 1508 1507
f 1398 1507 1514
f 1398 1514 1404
f 1398 1405 1399
f 1398 1404 1405
f 1399 1400 1508
f 1400 1509 1508
f 1400 1401 1509
f 1401 1510 1509
f 1401 1402 1510
f 1402 1511 1510
f 1402 1403 1511
f 1403 1512 1511
f 1403 1515 1512
f 1403 1406 1515
f 1404 1514 1519
f 1404 1519 1409
f 1406 1407 1515
f 1407 1516 1515
f 1407 1520 1516
f 1407 1410 1520
f 1408 1409 1518
f 1409 1519 1518
f 1408 1518 1522
f 1408 1522 1411
f 1408 1412 1409
f 1408 1411 1412
f 1410 1523 1520
f 1410 1413 1523
f 1411 1522 1526
f 1411 1526 1415
f 1413 1527 1523
f 1413 1416 1527
f 1414 1415 1525
f 1415 1526 1525
f 1414 1525 1529
f 1414 1529 1417
f 1414 1418 1415
f 1414 1417 1418
f 1416 1530 1527
f 1416 1419 1530
f 1417 1529 1532
f 1417 1532 1420
f 1417 1421 1418
f 1417 1420 1421
f 1419 1533 1530
f 1419 1423 1533
f 1420 1532 1535
f 1420 1535 1424
f 1420 1425 1421
f 1420 1424 1425
f 1422 1427 1423
f 1422 1426 1427
f 1536 1537 1427
f 1536 1427 1426
f 1423 1537 1533
f 1423 1427 1537
f 1424 1535 1540
f 1424 1540 1428
f 1424 1429 1425
f 1424 1428 1429
f 1426 1541 1536
f 1426 1430 1541
f 1428 1540 1545
f 1428 1545 1431
f 1428 1432 1429
f 1428 1431 1432
f 1430 1546 1541
f 1430 1433 1546
f 1431 1545 1549
f 1431 1549 1435
f 1433 1550 1546
f 1433 1436 1550
f 1434 1435 1548
f 1435 1549 1548
f 1434 1548 1552
f 1434 1552 1437
f 1434 1438 1435
f 1434 1437 1438
f 1436 1553 1550
f 1436 1439 1553
f 1437 1552 1557
f 1437 1557 1440
f 1437 1441 1438
f 1437 1440 1441
f 1439 1558 1553
f 1439 1442 1558
f 1440 1557 1562
f 1440 1562 1444
f 1440 1445 1441
f 1440 1444 1445
f 1442 1443 1558
f 1443 1559 1558
f 1442 1447 1443
f 1442 1446 1447
f 1443 1563 1559
f 1443 1447 1563
f 1444 1562 1567
f 1444 1567 1448
f 1444 1449 1445
f 1444 1448 1449
f 1447 1568 1563
f 1447 1450 1568
f 1448 1567 1572
f 1448 1572 1451
f 1448 1452 1449
f 1448 1451 1452
f 1450 1573 1568
f 1450 1453 1573
f 1451 1572 1582
f 1451 1582 1458
f 1451 1459 1452
f 1451 1458 1459
f 1453 1454 1573
f 1454 1574 1573
f 1453 1461 1454
f 1453 1460 1461
f 1454 1583 1574
f 1454 1461 1583
f 1455 1456 1579
f 1456 1580 1579
f 1455 1579 1593
f 1455 1593 1465
f 1455 1466 1456
f 1455 1465 1466
f 1456 1457 1580
f 1457 1581 1580
f 1456 1467 1457
f 1456 1466 1467
f 1457 1458 1581
f 1458 1582 1581
f 1457 1468 1458
f 1457 1467 1468
f 1458 1469 1459
f 1458 1468 1469
f 1460 1471 1461
f 1460 1470 1471
f 1461 1594 1583
f 1461 1471 1594
f 1462 1463 1590
f 1463 1591 1590
f 1462 1590 1601
f 1462 1601 1472
f 1462 1473 1463
f 1462 1472 1473
f 1601 1602 1473
f 1601 1473 1472
f 1463 1464 1591
f 1464 1592 1591
f 1463 1474 1464
f 1463 1473 1474
f 1602 1603 1474
f 1602 1474 1473
f 1464 1465 1592
f 1465 1593 1592
f 1464 1475 1465
f 1464 1474 1475
f 1603 1604 1475
f 1603 1475 1474
f 1465 1476 1466
f 1465 1475 1476
f 1466 1477 1467
f 1466 1476 1477
f 1467 1478 1468
f 1467 1477 1478
f 1471 1605 1594
f 1471 1479 1605
f 1475 1604 1615
f 1475 1615 1480
f 1475 1481 1476
f 1475 1480 1481
f 1615 1616 1481
f 1615 1481 1480
f 1479 1617 1605
f 1479 1482 1617
f 1481 1616 1628
f 1481 1628 1483
f 1628 1629 1484
f 1628 1484 1483
f 1482 1630 1617
f 1482 1485 1630
f 1484 1629 1634
f 1484 1634 1486
f 1634 1635 1487
f 1634 1487 1486
f 1485 1636 1630
f 1485 1489 1636
f 1487 1635 1639
f 1487 1639 1490
f 1487 1491 1488
f 1487 1490 1491
f 1489 1640 1636
f 1489 1492 1640
f 1490 1639 1643
f 1490 1643 1493
f 1490 1494 1491
f 1490 1493 1494
f 1492 1644 1640
f 1492 1495 1644
f 1493 1643 1647
f 1493 1647 1496
f 1647 1648 1497
f 1647 1497 1496
f 1648 1649 1498
f 1648 1498 1497
f 1649 1650 1499
f 1649 1499 1498
f 1650 1651 1500
f 1650 1500 1499
f 1651 1652 1501
f 1651 1501 1500
f 1652 1653 1502
f 1652 1502 1501
f 1653 1654 1503
f 1653 1503 1502
f 1654 1655 1504
f 1654 1504 1503
f 1655 1656 1505
f 1655 1505 1504
f 1656 1657 1506
f 1656 1506 1505
f 1495 1657 1644
f 1495 1506 1657
f 1507 1508 1660
f 1508 1661 1660
f 1507 1660 1668
f 1507 1668 1514
f 1508 1509 1661
f 1509 1662 1661
f 1509 1510 1662
f 1510 1663 1662
f 1510 1511 1663
f 1511 1664 1663
f 1511 1512 1664
f 1512 1665 1664
f 1512 1669 1665
f 1512 1515 1669
f 1513 1514 1667
f 1514 1668 1667
f 1513 1667 1673
f 1513 1673 1518
f 1513 1519 1514
f 1513 1518 1519
f 1515 1516 1669
f 1516 1670 1669
f 1516 1674 1670
f 1516 1520 1674
f 1517 1518 1672
f 1518 1673 1672
f 1517 1672 1677
f 1517 1677 1521
f 1517 1522 1518
f 1517 1521 1522
f 1520 1678 1674
f 1520 1523 1678
f 1521 1677 1681
f 1521 1681 1525
f 1521 1526 1522
f 1521 1525 1526
f 1523 1682 1678
f 1523 1527 1682
f 1524 1525 1680
f 1525 1681 1680
f 1524 1680 1685
f 1524 1685 1528
f 1524 1529 1525
f 1524 1528 1529
f 1527 1686 1682
f 1527 1530 1686
f 1528 1685 1689
f 1528 1689 1531
f 1528 1532 1529
f 1528 1531 1532
f 1530 1690 1686
f 1530 1533 1690
f 1531 1689 1693
f 1531 1693 1534
f 1531 1535 1532
f 1531 1534 1535
f 1533 1694 1690
f 1533 1537 1694
f 1534 1693 1697
f 1534 1697 1539
f 1534 1540 1535
f 1534 1539 1540
f 1536 1542 1537
f 1536 1541 1542
f 1698 1699 1542
f 1698 1542 1541
f 1537 1699 1694
f 1537 1542 1699
f 1538 1539 1696
f 1539 1697 1696
f 1538 1696 1701
f 1538 1701 1543
f 1538 1544 1539
f 1538 1543 1544
f 1539 1545 1540
f 1539 1544 1545
f 1541 1702 1698
f 1541 1546 1702
f 1543 1701 1706
f 1543 1706 1547
f 1543 1548 1544
f 1543 1547 1548
f 1544 1549 1545
f 1544 1548 1549
f 1546 1707 1702
f 1546 1550 1707
f 1547 1706 1711
f 1547 1711 1551
f 1547 1552 1548
f 1547 1551 1552
f 1550 1712 1707
f 1550 1553 1712
f 1551 1711 1716
f 1551 1716 1556
f 1551 1557 1552
f 1551 1556 1557
f 1553 1554 1712
f 1554 1713 1712
f 1553 1559 1554
f 1553 1558 1559
f 1554 1717 1713
f 1554 1559 1717
f 1555 1556 1715
f 1556 1716 1715
f 1555 1715 1720
f 1555 1720 1560
f 1555 1561 1556
f 1555 1560 1561
f 1720 1721 1561
f 1720 1561 1560
f 1556 1562 1557
f 1556 1561 1562
f 1559 1722 1717
f 1559 1563 1722
f 1561 1721 1726
f 1561 1726 1566
f 1561 1567 1562
f 1561 1566 1567
f 1563 1727 1722
f 1563 1568 1727
f 1564 1565 1724
f 1565 1725 1724
f 1564 1724 1731
f 1564 1731 1569
f 1564 1570 1565
f 1564 1569 1570
f 1565 1566 1725
f 1566 1726 1725
f 1565 1571 1566
f 1565 1570 1571
f 1566 1572 1567
f 1566 1571 1572
f 1568 1732 1727
f 1568 1573 1732
f 1569 1731 1742
f 1569 1742 1579
f 1569 1580 1570
f 1569 1579 1580
f 1570 1581 1571
f 1570 1580 1581
f 1571 1582 1572
f 1571 1581 1582
f 1573 1574 1732
f 1574 1733 1732
f 1574 1743 1733
f 1574 1583 1743
f 1575 1576 1738
f 1576 1739 1738
f 1575 1738 1750
f 1575 1750 1589
f 1575 1590 1576
f 1575 1589 1590
f 1576 1577 1739
f 1577 1740 1739
f 1576 1591 1577
f 1576 1590 1591
f 1577 1578 1740
f 1578 1741 1740
f 1577 1592 1578
f 1577 1591 1592
f 1578 1579 1741
f 1579 1742 1741
f 1578 1593 1579
f 1578 1592 1593
f 1583 1751 1743
f 1583 1594 1751
f 1584 1585 1745
f 1585 1746 1745
f 1584 1745 1753
f 1584 1753 1595
f 1584 1596 1585
f 1584 1595 1596
f 1753 1754 1596
f 1753 1596 1595
f 1585 1586 1746
f 1586 1747 1746
f 1585 1597 1586
f 1585 1596 1597
f 1754 1755 1597
f 1754 1597 1596
f 1586 1587 1747
f 1587 1748 1747
f 1586 1598 1587
f 1586 1597 1598
f 1755 1756 1598
f 1755 1598 1597
f 1587 1588 1748
f 1588 1749 1748
f 1587 1599 1588
f 1587 1598 1599
f 1756 1757 1599
f 1756 1599 1598
f 1588 1589 1749
f 1589 1750 1749
f 1588 1600 1589
f 1588 1599 1600
f 1757 1758 1600
f 1757 1600 1599
f 1589 1601 1590
f 1589 1600 1601
f 1594 1759 1751
f 1594 1605 1759
f 1600 1758 1766
f 1600 1766 1611
f 1600 1612 1601
f 1600 1611 1612
f 1601 1613 1602
f 1601 1612 1613
f 1602 1614 1603
f 1602 1613 1614
f 1603 1615 1604
f 1603 1614 1615
f 1605 1767 1759
f 1605 1617 1767
f 1606 1607 1761
f 1607 1762 1761
f 1606 1761 1769
f 1606 1769 1618
f 1606 1619 1607
f 1606 1618 1619
f 1769 1770 1619
f 1769 1619 1618
f 1607 1608 1762
f 1608 1763 1762
f 1607 1620 1608
f 1607 1619 1620
f 1770 1771 1620
f 1770 1620 1619
f 1608 1609 1763
f 1609 1764 1763
f 1608 1621 1609
f 1608 1620 1621
f 1771 1772 1621
f 1771 1621 1620
f 1609 1610 1764
f 1610 1765 1764
f 1609 1622 1610
f 1609 1621 1622
f 1772 1773 1622
f 1772 1622 1621
f 1610 1611 1765
f 1611 1766 1765
f 1610 1623 1611
f 1610 1622 1623
f 1773 1774 1623
f 1773 1623 1622
f 1611 1624 1612
f 1611 1623 1624
f 1774 1775 1624
f 1774 1624 1623
f 1612 1625 1613
f 1612 1624 1625
f 1775 1776 1625
f 1775 1625 1624
f 1613 1626 1614
f 1613 1625 1626
f 1776 1777 1626
f 1776 1626 1625
f 1614 1627 1615
f 1614 1626 1627
f 1615 1628 1616
f 1615 1627 1628
f 1617 1778 1767
f 1617 1630 1778
f 1626 1777 1780
f 1626 1780 1631
f 1626 1632 1627
f 1626 1631 1632
f 1780 1781 1632
f 1780 1632 1631
f 1627 1633 1628
f 1627 1632 1633
f 1781 1782 1633
f 1781 1633 1632
f 1628 1634 1629
f 1628 1633 1634
f 1630 1783 1778
f 1630 1636 1783
f 1633 1782 1785
f 1633 1785 1637
f 1633 1638 1634
f 1633 1637 1638
f 1785 1786 1638
f 1785 1638 1637
f 1634 1639 1635
f 1634 1638 1639
f 1636 1787 1783
f 1636 1640 1787
f 1638 1786 1790
f 1638 1790 1642
f 1638 1643 1639
f 1638 1642 1643
f 1640 1791 1787
f 1640 1644 1791
f 1641 1642 1789
f 1642 1790 1789
f 1641 1789 1792
f 1641 1792 1645
f 1641 1646 1642
f 1641 1645 1646
f 1792 1793 1646
f 1792 1646 1645
f 1642 1647 1643
f 1642 1646 1647
f 1793 1794 1647
f 1793 1647 1646
f 1794 1795 1648
f 1794 1648 1647
f 1795 1796 1649
f 1795 1649 1648
f 1796 1797 1650
f 1796 1650 1649
f 1797 1798 1651
f 1797 1651 1650
f 1798 1799 1652
f 1798 1652 1651
f 1799 1800 1653
f 1799 1653 1652
f 1800 1801 1654
f 1800 1654 1653
f 1801 1802 1655
f 1801 1655 1654
f 1802 1803 1656
f 1802 1656 1655
f 1803 1804 1657
f 1803 1657 1656
f 1644 1804 1791
f 1644 1657 1804
f 1658 1659 1805
f 1659 1806 1805
f 1658 1805 1814
f 1658 1814 1666
f 1658 1667 1659
f 1658 1666 1667
f 1659 1660 1806
f 1660 1807 1806
f 1659 1668 1660
f 1659 1667 1668
f 1660 1661 1807
f 1661 1808 1807
f 1661 1662 1808
f 1662 1809 1808
f 1662 1663 1809
f 1663 1810 1809
f 1663 1664 1810
f 1664 1811 1810
f 1664 1665 1811
f 1665 1812 1811
f 1665 1815 1812
f 1665 1669 1815
f 1666 1814 1819
f 1666 1819 1672
f 1666 1673 1667
f 1666 1672 1673
f 1669 1670 1815
f 1670 1816 1815
f 1670 1821 1816
f 1670 1674 1821
f 1671 1672 1818
f 1672 1819 1818
f 1671 1818 1824
f 1671 1824 1676
f 1671 1677 1672
f 1671 1676 1677
f 1820 1821 1825
f 1821 1826 1825
f 1674 1826 1821
f 1674 1678 1826
f 1675 1676 1823
f 1676 1824 1823
f 1675 1823 1829
f 1675 1829 1679
f 1675 1680 1676
f 1675 1679 1680
f 1676 1681 1677
f 1676 1680 1681
f 1825 1826 1830
f 1826 1831 1830
f 1678 1831 1826
f 1678 1682 1831
f 1679 1829 1834
f 1679 1834 1684
f 1679 1685 1680
f 1679 1684 1685
f 1682 1836 1831
f 1682 1686 1836
f 1683 1684 1833
f 1684 1834 1833
f 1683 1833 1839
f 1683 1839 1687
f 1683 1688 1684
f 1683 1687 1688
f 1684 1689 1685
f 1684 1688 1689
f 1835 1836 1840
f 1836 1841 1840
f 1686 1841 1836
f 1686 1690 1841
f 1687 1839 1845
f 1687 1845 1691
f 1687 1692 1688
f 1687 1691 1692
f 1688 1693 1689
f 1688 1692 1693
f 1690 1846 1841
f 1690 1694 1846
f 1691 1845 1850
f 1691 1850 1695
f 1691 1696 1692
f 1691 1695 1696
f 1692 1697 1693
f 1692 1696 1697
f 1694 1851 1846
f 1694 1699 1851
f 1695 1850 1855
f 1695 1855 1700
f 1695 1701 1696
f 1695 1700 1701
f 1698 1703 1699
f 1698 1702 1703
f 1699 1856 1851
f 1699 1703 1856
f 1700 1855 1861
f 1700 1861 1705
f 1700 1706 1701
f 1700 1705 1706
f 1702 1708 1703
f 1702 1707 1708
f 1703 1862 1856
f 1703 1708 1862
f 1704 1705 1860
f 1705 1861 1860
f 1704 1860 1866
f 1704 1866 1709
f 1704 1710 1705
f 1704 1709 1710
f 1705 1711 1706
f 1705 1710 1711
f 1707 1713 1708
f 1707 1712 1713
f 1708 1867 1862
f 1708 1713 1867
f 1709 1866 1871
f 1709 1871 1714
f 1709 1715 1710
f 1709 1714 1715
f 1710 1716 1711
f 1710 1715 1716
f 1713 1872 1867
f 1713 1717 1872
f 1714 1871 1876
f 1714 1876 1719
f 1714 1720 1715
f 1714 1719 1720
f 1717 1718 1872
f 1718 1873 1872
f 1717 1723 1718
f 1717 1722 1723
f 1718 1877 1873
f 1718 1723 1877
f 1719 1876 1880
f 1719 1880 1724
f 1719 1725 1720
f 1719 1724 1725
f 1720 1726 1721
f 1720 1725 1726
f 1722 1728 1723
f 1722 1727 1728
f 1723 1881 1877
f 1723 1728 1881
f 1724 1880 1887
f 1724 1887 1731
f 1727 1733 1728
f 1727 1732 1733
f 1728 1888 1881
f 1728 1733 1888
f 1729 1730 1885
f 1730 1886 1885
f 1729 1885 1896
f 1729 1896 1740
f 1729 1741 1730
f 1729 1740 1741
f 1730 1731 1886
f 1731 1887 1886
f 1730 1742 1731
f 1730 1741 1742
f 1733 1897 1888
f 1733 1743 1897
f 1734 1735 1890
f 1735 1891 1890
f 1734 1890 1900
f 1734 1900 1746
f 1734 1747 1735
f 1734 1746 1747
f 1735 1736 1891
f 1736 1892 1891
f 1735 1748 1736
f 1735 1747 1748
f 1736 1737 1892
f 1737 1893 1892
f 1736 1749 1737
f 1736 1748 1749
f 1737 1738 1893
f 1738 1894 1893
f 1737 1750 1738
f 1737 1749 1750
f 1738 1739 1894
f 1739 1895 1894
f 1739 1740 1895
f 1740 1896 1895
f 1743 1901 1897
f 1743 1751 1901
f 1744 1745 1898
f 1745 1899 1898
f 1898 1899 1902
f 1899 1903 1902
f 1744 1898 1902
f 1744 1902 1752
f 1744 1753 1745
f 1744 1752 1753
f 1745 1746 1899
f 1746 1900 1899
f 1751 1904 1901
f 1751 1759 1904
f 1752 1902 1905
f 1752 1905 1760
f 1752 1761 1753
f 1752 1760 1761
f 1753 1762 1754
f 1753 1761 1762
f 1754 1763 1755
f 1754 1762 1763
f 1755 1764 1756
f 1755 1763 1764
f 1756 1765 1757
f 1756 1764 1765
f 1757 1766 1758
f 1757 1765 1766
f 1759 1906 1904
f 1759 1767 1906
f 1760 1905 1907
f 1760 1907 1768
f 1760 1769 1761
f 1760 1768 1769
f 1907 1908 1769
f 1907 1769 1768
f 1908 1909 1770
f 1908 1770 1769
f 1909 1910 1771
f 1909 1771 1770
f 1910 1911 1772
f 1910 1772 1771
f 1911 1912 1773
f 1911 1773 1772
f 1912 1913 1774
f 1912 1774 1773
f 1913 1914 1775
f 1913 1775 1774
f 1914 1915 1776
f 1914 1776 1775
f 1767 1916 1906
f 1767 1778 1916
f 1776 1915 1923
f 1776 1923 1779
f 1776 1780 1777
f 1776 1779 1780
f 1923 1924 1780
f 1923 1780 1779
f 1924 1925 1781
f 1924 1781 1780
f 1925 1926 1782
f 1925 1782 1781
f 1778 1927 1916
f 1778 1783 1927
f 1782 1926 1935
f 1782 1935 1785
f 1783 1936 1927
f 1783 1787 1936
f 1784 1785 1934
f 1785 1935 1934
f 1784 1934 1938
f 1784 1938 1788
f 1784 1789 1785
f 1784 1788 1789
f 1938 1939 1789
f 1938 1789 1788
f 1785 1790 1786
f 1785 1789 1790
f 1787 1940 1936
f 1787 1791 1940
f 1789 1939 1943
f 1789 1943 1792
f 1943 1944 1793
f 1943 1793 1792
f 1944 1945 1794
f 1944 1794 1793
f 1945 1946 1795
f 1945 1795 1794
f 1946 1947 1796
f 1946 1796 1795
f 1947 1948 1797
f 1947 1797 1796
f 1948 1949 1798
f 1948 1798 1797
f 1949 1950 1799
f 1949 1799 1798
f 1950 1951 1800
f 1950 1800 1799
f 1951 1952 1801
f 1951 1801 1800
f 1952 1953 1802
f 1952 1802 1801
f 1953 1954 1803
f 1953 1803 1802
f 1954 1955 1804
f 1954 1804 1803
f 1791 1955 1940
f 1791 1804 1955
f 1805 1806 1957
f 1806 1958 1957
f 1805 1957 1966
f 1805 1966 1814
f 1806 1807 1958
f 1807 1959 1958
f 1807 1808 1959
f 1808 1960 1959
f 1808 1809 1960
f 1809 1961 1960
f 1809 1810 1961
f 1810 1962 1961
f 1810 1811 1962
f 1811 1963 1962
f 1811 1812 1963
f 1812 1964 1963
f 1963 1964 1967
f 1964 1968 1967
f 1812 1968 1964
f 1812 1815 1968
f 1813 1814 1965
f 1814 1966 1965
f 1813 1965 1972
f 1813 1972 1818
f 1813 1819 1814
f 1813 1818 1819
f 1967 1968 1974
f 1968 1975 1974
f 1815 1816 1968
f 1816 1969 1968
f 1968 1969 1975
f 1969 1976 1975
f 1975 1976 1821
f 1975 1821 1820
f 1816 1976 1969
f 1816 1821 1976
f 1817 1818 1971
f 1818 1972 1971
f 1817 1971 1978
f 1817 1978 1823
f 1817 1824 1818
f 1817 1823 1824
f 1973 1974 1980
f 1974 1981 1980
f 1974 1975 1981
f 1975 1982 1981
f 1820 1982 1975
f 1820 1825 1982
f 1822 1823 1977
f 1823 1978 1977
f 1822 1977 1985
f 1822 1985 1828
f 1822 1829 1823
f 1822 1828 1829
f 1979 1980 1986
f 1980 1987 1986
f 1980 1981 1987
f 1981 1988 1987
f 1981 1982 1988
f 1982 1989 1988
f 1825 1989 1982
f 1825 1830 1989
f 1827 1828 1984
f 1828 1985 1984
f 1827 1984 1993
f 1827 1993 1832
f 1827 1833 1828
f 1827 1832 1833
f 1828 1834 1829
f 1828 1833 1834
f 1830 1831 1989
f 1831 1990 1989
f 1989 1990 1994
f 1990 1995 1994
f 1994 1995 1836
f 1994 1836 1835
f 1831 1995 1990
f 1831 1836 1995
f 1832 1993 1999
f 1832 1999 1838
f 1832 1839 1833
f 1832 1838 1839
f 1835 2000 1994
f 1835 1840 2000
f 1837 1838 1998
f 1838 1999 1998
f 1837 1998 2005
f 1837 2005 1843
f 1837 1844 1838
f 1837 1843 1844
f 1838 1845 1839
f 1838 1844 1845
f 1840 1841 2000
f 1841 2001 2000
f 1841 1842 2001
f 1842 2002 2001
f 2001 2002 2006
f 2002 2007 2006
f 1841 1847 1842
f 1841 1846 1847
f 2006 2007 1847
f 2006 1847 1846
f 1842 2007 2002
f 1842 1847 2007
f 1843 2005 2011
f 1843 2011 1848
f 1843 1849 1844
f 1843 1848 1849
f 1844 1850 1845
f 1844 1849 1850
f 1846 2012 2006
f 1846 1851 2012
f 1848 2011 2017
f 1848 2017 1853
f 1848 1854 1849
f 1848 1853 1854
f 1849 1855 1850
f 1849 1854 1855
f 1851 1852 2012
f 1852 2013 2012
f 2012 2013 2018
f 2013 2019 2018
f 1851 1857 1852
f 1851 1856 1857
f 2018 2019 1857
f 2018 1857 1856
f 1852 2019 2013
f 1852 1857 2019
f 1853 2017 2023
f 1853 2023 1859
f 1853 1860 1854
f 1853 1859 1860
f 1854 1861 1855
f 1854 1860 1861
f 1856 2024 2018
f 1856 1862 2024
f 1858 1859 2022
f 1859 2023 2022
f 1858 2022 2028
f 1858 2028 1864
f 1858 1865 1859
f 1858 1864 1865
f 1859 1866 1860
f 1859 1865 1866
f 1862 1863 2024
f 1863 2025 2024
f 2024 2025 2029
f 2025 2030 2029
f 1862 1868 1863
f 1862 1867 1868
f 2029 2030 1868
f 2029 1868 1867
f 1863 2030 2025
f 1863 1868 2030
f 1864 2028 2033
f 1864 2033 1869
f 1864 1870 1865
f 1864 1869 1870
f 1865 1871 1866
f 1865 1870 1871
f 1867 2034 2029
f 1867 1872 2034
f 1869 2033 2036
f 1869 2036 1874
f 1869 1875 1870
f 1869 1874 1875
f 1870 1876 1871
f 1870 1875 1876
f 1872 1873 2034
f 1873 2035 2034
f 2034 2035 2037
f 2035 2038 2037
f 1873 2038 2035
f 1873 1877 2038
f 1874 2036 2039
f 1874 2039 1878
f 1874 1879 1875
f 1874 1878 1879
f 1875 1880 1876
f 1875 1879 1880
f 2037 2038 2041
f 2038 2042 2041
f 1877 2042 2038
f 1877 1881 2042
f 2039 2040 2046
f 2040 2047 2046
f 1878 2039 2046
f 1878 2046 1885
f 1878 1886 1879
f 1878 1885 1886
f 1879 1887 1880
f 1879 1886 1887
f 2041 2042 2048
f 2042 2049 2048
f 1881 2049 2042
f 1881 1888 2049
f 1882 1883 2043
f 1883 2044 2043
f 2043 2044 2054
f 2044 2055 2054
f 1882 2043 2054
f 1882 2054 1893
f 1882 1894 1883
f 1882 1893 1894
f 1883 1884 2044
f 1884 2045 2044
f 1883 1895 1884
f 1883 1894 1895
f 1884 1885 2045
f 1885 2046 2045
f 1884 1896 1885
f 1884 1895 1896
f 1888 2056 2049
f 1888 1897 2056
f 1889 1890 2050
f 1890 2051 2050
f 2050 2051 2057
f 2051 2058 2057
f 1889 2050 2057
f 1889 2057 1899
f 1889 1900 1890
f 1889 1899 1900
f 1890 1891 2051
f 1891 2052 2051
f 2051 2052 2058
f 2052 2059 2058
f 1891 1892 2052
f 1892 2053 2052
f 2052 2053 2059
f 2053 2060 2059
f 1892 1893 2053
f 1893 2054 2053
f 2053 2054 2060
f 2054 2061 2060
f 1897 2062 2056
f 1897 1901 2062
f 1899 2057 2064
f 1899 2064 1903
f 1901 2065 2062
f 1901 1904 2065
f 1902 1903 2063
f 1903 2064 2063
f 2063 2064 2066
f 2064 2067 2066
f 1902 2063 2066
f 1902 2066 1905
f 1904 2068 2065
f 1904 1906 2068
f 2066 2067 2069
f 2067 2070 2069
f 1905 2066 2069
f 1905 2069 1907
f 2069 2070 1908
f 2069 1908 1907
f 2070 2071 1909
f 2070 1909 1908
f 1906 2072 2068
f 1906 1916 2072
f 1909 2071 2073
f 1909 2073 1917
f 1909 1918 1910
f 1909 1917 1918
f 1910 1919 1911
f 1910 1918 1919
f 1911 1920 1912
f 1911 1919 1920
f 1912 1921 1913
f 1912 1920 1921
f 2074 2075 1921
f 2074 1921 1920
f 1913 1922 1914
f 1913 1921 1922
f 2075 2076 1922
f 2075 1922 1921
f 1914 1923 1915
f 1914 1922 1923
f 2076 2077 1923
f 2076 1923 1922
f 1916 2078 2072
f 1916 1927 2078
f 1917 2073 2079
f 1917 2079 1928
f 1917 1929 1918
f 1917 1928 1929
f 2079 2080 1929
f 2079 1929 1928
f 1918 1930 1919
f 1918 1929 1930
f 2080 2081 1930
f 2080 1930 1929
f 1919 1931 1920
f 1919 1930 1931
f 2081 2082 1931
f 2081 1931 1930
f 1920 2082 2074
f 1920 1931 2082
f 1923 2077 2085
f 1923 2085 1932
f 1923 1933 1924
f 1923 1932 1933
f 2085 2086 1933
f 2085 1933 1932
f 1924 1934 1925
f 1924 1933 1934
f 1925 1935 1926
f 1925 1934 1935
f 1927 2087 2078
f 1927 1936 2087
f 1933 2086 2092
f 1933 2092 1937
f 1933 1938 1934
f 1933 1937 1938
f 1936 2093 2087
f 1936 1940 2093
f 1937 2092 2096
f 1937 2096 1941
f 1937 1942 1938
f 1937 1941 1942
f 2096 2097 1942
f 2096 1942 1941
f 1938 1943 1939
f 1938 1942 1943
f 2097 2098 1943
f 2097 1943 1942
f 2098 2099 1944
f 2098 1944 1943
f 2099 2100 1945
f 2099 1945 1944
f 2100 2101 1946
f 2100 1946 1945
f 2101 2102 1947
f 2101 1947 1946
f 2102 2103 1948
f 2102 1948 1947
f 2103 2104 1949
f 2103 1949 1948
f 2104 2105 1950
f 2104 1950 1949
f 2105 2106 1951
f 2105 1951 1950
f 2106 2107 1952
f 2106 1952 1951
f 2107 2108 1953
f 2107 1953 1952
f 2108 2109 1954
f 2108 1954 1953
f 2109 2110 1955
f 2109 1955 1954
f 1940 2110 2093
f 1940 1955 2110
f 1956 1957 2111
f 1957 2112 2111
f 2111 2112 2119
f 2112 2120 2119
f 1956 2111 2119
f 1956 2119 1965
f 1956 1966 1957
f 1956 1965 1966
f 1957 1958 2112
f 1958 2113 2112
f 2112 2113 2120
f 2113 2121 2120
f 1958 1959 2113
f 1959 2114 2113
f 2113 2114 2121
f 2114 2122 2121
f 1959 1960 2114
f 1960 2115 2114
f 2114 2115 2122
f 2115 2123 2122
f 1960 1961 2115
f 1961 2116 2115
f 2115 2116 2123
f 2116 2124 2123
f 1961 1962 2116
f 1962 2117 2116
f 2116 2117 2124
f 2117 2125 2124
f 1962 1963 2117
f 1963 2118 2117
f 2117 2118 2125
f 2118 2126 2125
f 1963 2126 2118
f 1963 1967 2126
f 2119 2120 2129
f 2120 2130 2129
f 1965 2119 2129
f 1965 2129 1972
f 2120 2121 2130
f 2121 2131 2130
f 2121 2122 2131
f 2122 2132 2131
f 2122 2123 2132
f 2123 2133 2132
f 2123 2124 2133
f 2124 2134 2133
f 2124 2125 2134
f 2125 2135 2134
f 2125 2126 2135
f 2126 2136 2135
f 2135 2136 1974
f 2135 1974 1973
f 1967 2136 2126
f 1967 1974 2136
f 1970 1971 2127
f 1971 2128 2127
f 1970 2127 2137
f 1970 2137 1977
f 1970 1978 1971
f 1970 1977 1978
f 1971 1972 2128
f 1972 2129 2128
f 2130 2131 2138
f 2131 2139 2138
f 2131 2132 2139
f 2132 2140 2139
f 2132 2133 2140
f 2133 2141 2140
f 2133 2134 2141
f 2134 2142 2141
f 2134 2135 2142
f 2135 2143 2142
f 2142 2143 1980
f 2142 1980 1979
f 1973 2143 2135
f 1973 1980 2143
f 1977 2137 2147
f 1977 2147 1985
f 2139 2140 2148
f 2140 2149 2148
f 2140 2141 2149
f 2141 2150 2149
f 2141 2142 2150
f 2142 2151 2150
f 1979 2151 2142
f 1979 1986 2151
f 1983 1984 2145
f 1984 2146 2145
f 1983 2145 2158
f 1983 2158 1992
f 1983 1993 1984
f 1983 1992 1993
f 1984 1985 2146
f 1985 2147 2146
f 1986 1987 2151
f 1987 2152 2151
f 2151 2152 2159
f 2152 2160 2159
f 1987 1988 2152
f 1988 2153 2152
f 2152 2153 2160
f 2153 2161 2160
f 1988 1989 2153
f 1989 2154 2153
f 2153 2154 2161
f 2154 2162 2161
f 1989 2162 2154
f 1989 1994 2162
f 1991 1992 2157
f 1992 2158 2157
f 1991 2157 2166
f 1991 2166 1997
f 1991 1998 1992
f 1991 1997 1998
f 1992 1999 1993
f 1992 1998 1999
f 2160 2161 2167
f 2161 2168 2167
f 2161 2162 2168
f 2162 2169 2168
f 1994 1995 2162
f 1995 2163 2162
f 2162 2163 2169
f 2163 2170 2169
f 1994 2001 1995
f 1994 2000 2001
f 1995 2170 2163
f 1995 2001 2170
f 1996 1997 2165
f 1997 2166 2165
f 1996 2165 2173
f 1996 2173 2003
f 1996 2004 1997
f 1996 2003 2004
f 1997 2005 1998
f 1997 2004 2005
f 2169 2170 2174
f 2170 2175 2174
f 2001 2175 2170
f 2001 2006 2175
f 2003 2173 2178
f 2003 2178 2009
f 2003 2010 2004
f 2003 2009 2010
f 2004 2011 2005
f 2004 2010 2011
f 2174 2175 2179
f 2175 2180 2179
f 2006 2180 2175
f 2006 2012 2180
f 2008 2009 2177
f 2009 2178 2177
f 2008 2177 2183
f 2008 2183 2014
f 2008 2015 2009
f 2008 2014 2015
f 2009 2016 2010
f 2009 2015 2016
f 2010 2017 2011
f 2010 2016 2017
f 2012 2185 2180
f 2012 2018 2185
f 2014 2183 2188
f 2014 2188 2020
f 2014 2021 2015
f 2014 2020 2021
f 2188 2189 2021
f 2188 2021 2020
f 2015 2022 2016
f 2015 2021 2022
f 2016 2023 2017
f 2016 2022 2023
f 2184 2185 2190
f 2185 2191 2190
f 2018 2191 2185
f 2018 2024 2191
f 2021 2189 2195
f 2021 2195 2027
f 2021 2028 2022
f 2021 2027 2028
f 2024 2197 2191
f 2024 2029 2197
f 2026 2027 2194
f 2027 2195 2194
f 2026 2194 2200
f 2026 2200 2031
f 2026 2032 2027
f 2026 2031 2032
f 2200 2201 2032
f 2200 2032 2031
f 2027 2033 2028
f 2027 2032 2033
f 2201 2202 2033
f 2201 2033 2032
f 2196 2197 2203
f 2197 2204 2203
f 2029 2204 2197
f 2029 2034 2204
f 2033 2202 2207
f 2033 2207 2036
f 2203 2204 2209
f 2204 2210 2209
f 2034 2210 2204
f 2034 2037 2210
f 2036 2207 2213
f 2036 2213 2039
f 2213 2214 2040
f 2213 2040 2039
f 2208 2209 2215
f 2209 2216 2215
f 2209 2210 2216
f 2210 2217 2216
f 2037 2217 2210
f 2037 2041 2217
f 2040 2214 2222
f 2040 2222 2047
f 2216 2217 2223
f 2217 2224 2223
f 2041 2224 2217
f 2041 2048 2224
f 2044 2045 2219
f 2045 2220 2219
f 2044 2219 2228
f 2044 2228 2055
f 2045 2046 2220
f 2046 2221 2220
f 2046 2047 2221
f 2047 2222 2221
f 2048 2049 2224
f 2049 2225 2224
f 2224 2225 2229
f 2225 2230 2229
f 2049 2230 2225
f 2049 2056 2230
f 2054 2055 2227
f 2055 2228 2227
f 2054 2227 2235
f 2054 2235 2061
f 2229 2230 2236
f 2230 2237 2236
f 2056 2237 2230
f 2056 2062 2237
f 2057 2058 2231
f 2058 2232 2231
f 2231 2232 2238
f 2232 2239 2238
f 2057 2231 2238
f 2057 2238 2064
f 2058 2059 2232
f 2059 2233 2232
f 2059 2060 2233
f 2060 2234 2233
f 2060 2061 2234
f 2061 2235 2234
f 2062 2240 2237
f 2062 2065 2240
f 2238 2239 2241
f 2239 2242 2241
f 2064 2238 2241
f 2064 2241 2067
f 2065 2243 2240
f 2065 2068 2243
f 2067 2241 2244
f 2067 2244 2070
f 2244 2245 2071
f 2244 2071 2070
f 2068 2247 2243
f 2068 2072 2247
f 2245 2246 2248
f 2246 2249 2248
f 2071 2245 2248
f 2071 2248 2073
f 2072 2250 2247
f 2072 2078 2250
f 2248 2249 2251
f 2249 2252 2251
f 2073 2248 2251
f 2073 2251 2079
f 2251 2252 2080
f 2251 2080 2079
f 2252 2253 2081
f 2252 2081 2080
f 2253 2254 2082
f 2253 2082 2081
f 2074 2083 2075
f 2074 2082 2083
f 2075 2084 2076
f 2075 2083 2084
f 2076 2085 2077
f 2076 2084 2085
f 2078 2257 2250
f 2078 2087 2257
f 2254 2255 2258
f 2255 2259 2258
f 2082 2254 2258
f 2082 2258 2088
f 2082 2089 2083
f 2082 2088 2089
f 2258 2259 2089
f 2258 2089 2088
f 2255 2256 2259
f 2256 2260 2259
f 2083 2090 2084
f 2083 2089 2090
f 2259 2260 2090
f 2259 2090 2089
f 2084 2091 2085
f 2084 2090 2091
f 2085 2092 2086
f 2085 2091 2092
f 2087 2262 2257
f 2087 2093 2262
f 2090 2260 2265
f 2090 2265 2094
f 2090 2095 2091
f 2090 2094 2095
f 2265 2266 2095
f 2265 2095 2094
f 2091 2096 2092
f 2091 2095 2096
f 2266 2267 2096
f 2266 2096 2095
f 2267 2268 2097
f 2267 2097 2096
f 2268 2269 2098
f 2268 2098 2097
f 2269 2270 2099
f 2269 2099 2098
f 2270 2271 2100
f 2270 2100 2099
f 2271 2272 2101
f 2271 2101 2100
f 2272 2273 2102
f 2272 2102 2101
f 2273 2274 2103
f 2273 2103 2102
f 2274 2275 2104
f 2274 2104 2103
f 2275 2276 2105
f 2275 2105 2104
f 2276 2277 2106
f 2276 2106 2105
f 2277 2278 2107
f 2277 2107 2106
f 2278 2279 2108
f 2278 2108 2107
f 2279 2280 2109
f 2279 2109 2108
f 2261 2262 2280
f 2262 2281 2280
f 2280 2281 2110
f 2280 2110 2109
f 2093 2281 2262
f 2093 2110 2281
f 2127 2128 2282
f 2128 2283 2282
f 2282 2283 2286
f 2283 2287 2286
f 2127 2282 2286
f 2127 2286 2137
f 2128 2129 2283
f 2129 2284 2283
f 2283 2284 2287
f 2284 2288 2287
f 2129 2130 2284
f 2130 2285 2284
f 2284 2285 2288
f 2285 2289 2288
f 2130 2289 2285
f 2130 2138 2289
f 2286 2287 2294
f 2287 2295 2294
f 2137 2286 2294
f 2137 2294 2147
f 2287 2288 2295
f 2288 2296 2295
f 2288 2289 2296
f 2289 2297 2296
f 2138 2139 2289
f 2139 2290 2289
f 2289 2290 2297
f 2290 2298 2297
f 2139 2298 2290
f 2139 2148 2298
f 2144 2145 2291
f 2145 2292 2291
f 2291 2292 2304
f 2292 2305 2304
f 2144 2291 2304
f 2144 2304 2157
f 2144 2158 2145
f 2144 2157 2158
f 2145 2146 2292
f 2146 2293 2292
f 2292 2293 2305
f 2293 2306 2305
f 2146 2147 2293
f 2147 2294 2293
f 2293 2294 2306
f 2294 2307 2306
f 2294 2295 2307
f 2295 2308 2307
f 2295 2296 2308
f 2296 2309 2308
f 2296 2297 2309
f 2297 2310 2309
f 2297 2298 2310
f 2298 2311 2310
f 2148 2149 2298
f 2149 2299 2298
f 2298 2299 2311
f 2299 2312 2311
f 2149 2150 2299
f 2150 2300 2299
f 2299 2300 2312
f 2300 2313 2312
f 2150 2151 2300
f 2151 2301 2300
f 2300 2301 2313
f 2301 2314 2313
f 2151 2314 2301
f 2151 2159 2314
f 2155 2156 2302
f 2156 2303 2302
f 2302 2303 2316
f 2303 2317 2316
f 2155 2302 2316
f 2155 2316 2164
f 2155 2165 2156
f 2155 2164 2165
f 2156 2157 2303
f 2157 2304 2303
f 2303 2304 2317
f 2304 2318 2317
f 2156 2166 2157
f 2156 2165 2166
f 2304 2305 2318
f 2305 2319 2318
f 2305 2306 2319
f 2306 2320 2319
f 2306 2307 2320
f 2307 2321 2320
f 2307 2308 2321
f 2308 2322 2321
f 2308 2309 2322
f 2309 2323 2322
f 2309 2310 2323
f 2310 2324 2323
f 2310 2311 2324
f 2311 2325 2324
f 2311 2312 2325
f 2312 2326 2325
f 2312 2313 2326
f 2313 2327 2326
f 2313 2314 2327
f 2314 2328 2327
f 2159 2160 2314
f 2160 2315 2314
f 2314 2315 2328
f 2315 2329 2328
f 2160 2329 2315
f 2160 2167 2329
f 2316 2317 2333
f 2317 2334 2333
f 2164 2316 2333
f 2164 2333 2172
f 2164 2173 2165
f 2164 2172 2173
f 2317 2318 2334
f 2318 2335 2334
f 2318 2319 2335
f 2319 2336 2335
f 2319 2320 2336
f 2320 2337 2336
f 2320 2321 2337
f 2321 2338 2337
f 2321 2322 2338
f 2322 2339 2338
f 2322 2323 2339
f 2323 2340 2339
f 2323 2324 2340
f 2324 2341 2340
f 2324 2325 2341
f 2325 2342 2341
f 2325 2326 2342
f 2326 2343 2342
f 2326 2327 2343
f 2327 2344 2343
f 2327 2328 2344
f 2328 2345 2344
f 2328 2329 2345
f 2329 2346 2345
f 2167 2168 2329
f 2168 2330 2329
f 2329 2330 2346
f 2330 2347 2346
f 2168 2169 2330
f 2169 2331 2330
f 2330 2331 2347
f 2331 2348 2347
f 2169 2348 2331
f 2169 2174 2348
f 2171 2172 2332
f 2172 2333 2332
f 2332 2333 2349
f 2333 2350 2349
f 2171 2332 2349
f 2171 2349 2176
f 2171 2177 2172
f 2171 2176 2177
f 2333 2334 2350
f 2334 2351 2350
f 2172 2178 2173
f 2172 2177 2178
f 2334 2335 2351
f 2335 2352 2351
f 2335 2336 2352
f 2336 2353 2352
f 2336 2337 2353
f 2337 2354 2353
f 2337 2338 2354
f 2338 2355 2354
f 2338 2339 2355
f 2339 2356 2355
f 2339 2340 2356
f 2340 2357 2356
f 2340 2341 2357
f 2341 2358 2357
f 2341 2342 2358
f 2342 2359 2358
f 2342 2343 2359
f 2343 2360 2359
f 2343 2344 2360
f 2344 2361 2360
f 2344 2345 2361
f 2345 2362 2361
f 2345 2346 2362
f 2346 2363 2362
f 2346 2347 2363
f 2347 2364 2363
f 2347 2348 2364
f 2348 2365 2364
f 2174 2365 2348
f 2174 2179 2365
f 2349 2350 2368
f 2350 2369 2368
f 2176 2349 2368
f 2176 2368 2182
f 2176 2183 2177
f 2176 2182 2183
f 2350 2351 2369
f 2351 2370 2369
f 2351 2352 2370
f 2352 2371 2370
f 2352 2353 2371
f 2353 2372 2371
f 2353 2354 2372
f 2354 2373 2372
f 2354 2355 2373
f 2355 2374 2373
f 2355 2356 2374
f 2356 2375 2374
f 2356 2357 2375
f 2357 2376 2375
f 2357 2358 2376
f 2358 2377 2376
f 2358 2359 2377
f 2359 2378 2377
f 2359 2360 2378
f 2360 2379 2378
f 2360 2361 2379
f 2361 2380 2379
f 2361 2362 2380
f 2362 2381 2380
f 2362 2363 2381
f 2363 2382 2381
f 2363 2364 2382
f 2364 2383 2382
f 2364 2365 2383
f 2365 2384 2383
f 2179 2180 2365
f 2180 2366 2365
f 2365 2366 2384
f 2366 2385 2384
f 2384 2385 2185
f 2384 2185 2184
f 2180 2385 2366
f 2180 2185 2385
f 2181 2182 2367
f 2182 2368 2367
f 2367 2368 2386
f 2368 2387 2386
f 2181 2367 2386
f 2181 2386 2186
f 2181 2187 2182
f 2181 2186 2187
f 2386 2387 2187
f 2386 2187 2186
f 2368 2369 2387
f 2369 2388 2387
f 2182 2188 2183
f 2182 2187 2188
f 2369 2370 2388
f 2370 2389 2388
f 2370 2371 2389
f 2371 2390 2389
f 2371 2372 2390
f 2372 2391 2390
f 2372 2373 2391
f 2373 2392 2391
f 2373 2374 2392
f 2374 2393 2392
f 2374 2375 2393
f 2375 2394 2393
f 2375 2376 2394
f 2376 2395 2394
f 2376 2377 2395
f 2377 2396 2395
f 2377 2378 2396
f 2378 2397 2396
f 2378 2379 2397
f 2379 2398 2397
f 2379 2380 2398
f 2380 2399 2398
f 2380 2381 2399
f 2381 2400 2399
f 2381 2382 2400
f 2382 2401 2400
f 2382 2383 2401
f 2383 2402 2401
f 2383 2384 2402
f 2384 2403 2402
f 2184 2403 2384
f 2184 2190 2403
f 2387 2388 2406
f 2388 2407 2406
f 2187 2387 2406
f 2187 2406 2193
f 2187 2194 2188
f 2187 2193 2194
f 2388 2389 2407
f 2389 2408 2407
f 2188 2195 2189
f 2188 2194 2195
f 2389 2390 2408
f 2390 2409 2408
f 2390 2391 2409
f 2391 2410 2409
f 2391 2392 2410
f 2392 2411 2410
f 2392 2393 2411
f 2393 2412 2411
f 2393 2394 2412
f 2394 2413 2412
f 2394 2395 2413
f 2395 2414 2413
f 2395 2396 2414
f 2396 2415 2414
f 2396 2397 2415
f 2397 2416 2415
f 2397 2398 2416
f 2398 2417 2416
f 2398 2399 2417
f 2399 2418 2417
f 2399 2400 2418
f 2400 2419 2418
f 2400 2401 2419
f 2401 2420 2419
f 2401 2402 2420
f 2402 2421 2420
f 2402 2403 2421
f 2403 2422 2421
f 2190 2191 2403
f 2191 2404 2403
f 2403 2404 2422
f 2404 2423 2422
f 2422 2423 2197
f 2422 2197 2196
f 2191 2423 2404
f 2191 2197 2423
f 2192 2193 2405
f 2193 2406 2405
f 2405 2406 2424
f 2406 2425 2424
f 2192 2405 2424
f 2192 2424 2198
f 2192 2199 2193
f 2192 2198 2199
f 2424 2425 2199
f 2424 2199 2198
f 2406 2407 2425
f 2407 2426 2425
f 2193 2200 2194
f 2193 2199 2200
f 2425 2426 2200
f 2425 2200 2199
f 2407 2408 2426
f 2408 2427 2426
f 2408 2409 2427
f 2409 2428 2427
f 2409 2410 2428
f 2410 2429 2428
f 2410 2411 2429
f 2411 2430 2429
f 2411 2412 2430
f 2412 2431 2430
f 2412 2413 2431
f 2413 2432 2431
f 2413 2414 2432
f 2414 2433 2432
f 2414 2415 2433
f 2415 2434 2433
f 2415 2416 2434
f 2416 2435 2434
f 2416 2417 2435
f 2417 2436 2435
f 2417 2418 2436
f 2418 2437 2436
f 2418 2419 2437
f 2419 2438 2437
f 2419 2420 2438
f 2420 2439 2438
f 2420 2421 2439
f 2421 2440 2439
f 2421 2422 2440
f 2422 2441 2440
f 2196 2441 2422
f 2196 2203 2441
f 2426 2427 2442
f 2427 2443 2442
f 2200 2426 2442
f 2200 2442 2205
f 2200 2206 2201
f 2200 2205 2206
f 2427 2428 2443
f 2428 2444 2443
f 2201 2207 2202
f 2201 2206 2207
f 2428 2429 2444
f 2429 2445 2444
f 2429 2430 2445
f 2430 2446 2445
f 2430 2431 2446
f 2431 2447 2446
f 2431 2432 2447
f 2432 2448 2447
f 2432 2433 2448
f 2433 2449 2448
f 2433 2434 2449
f 2434 2450 2449
f 2434 2435 2450
f 2435 2451 2450
f 2435 2436 2451
f 2436 2452 2451
f 2436 2437 2452
f 2437 2453 2452
f 2437 2438 2453
f 2438 2454 2453
f 2438 2439 2454
f 2439 2455 2454
f 2439 2440 2455
f 2440 2456 2455
f 2440 2441 2456
f 2441 2457 2456
f 2456 2457 2209
f 2456 2209 2208
f 2203 2457 2441
f 2203 2209 2457
f 2442 2443 2458
f 2443 2459 2458
f 2205 2442 2458
f 2205 2458 2211
f 2205 2212 2206
f 2205 2211 2212
f 2458 2459 2212
f 2458 2212 2211
f 2443 2444 2459
f 2444 2460 2459
f 2206 2213 2207
f 2206 2212 2213
f 2444 2445 2460
f 2445 2461 2460
f 2445 2446 2461
f 2446 2462 2461
f 2446 2447 2462
f 2447 2463 2462
f 2447 2448 2463
f 2448 2464 2463
f 2448 2449 2464
f 2449 2465 2464
f 2449 2450 2465
f 2450 2466 2465
f 2450 2451 2466
f 2451 2467 2466
f 2451 2452 2467
f 2452 2468 2467
f 2452 2453 2468
f 2453 2469 2468
f 2453 2454 2469
f 2454 2470 2469
f 2454 2455 2470
f 2455 2471 2470
f 2455 2456 2471
f 2456 2472 2471
f 2208 2472 2456
f 2208 2215 2472
f 2459 2460 2476
f 2460 2477 2476
f 2212 2459 2476
f 2212 2476 2220
f 2212 2221 2213
f 2212 2220 2221
f 2460 2461 2477
f 2461 2478 2477
f 2213 2222 2214
f 2213 2221 2222
f 2461 2462 2478
f 2462 2479 2478
f 2462 2463 2479
f 2463 2480 2479
f 2463 2464 2480
f 2464 2481 2480
f 2464 2465 2481
f 2465 2482 2481
f 2465 2466 2482
f 2466 2483 2482
f 2466 2467 2483
f 2467 2484 2483
f 2467 2468 2484
f 2468 2485 2484
f 2468 2469 2485
f 2469 2486 2485
f 2469 2470 2486
f 2470 2487 2486
f 2470 2471 2487
f 2471 2488 2487
f 2471 2472 2488
f 2472 2489 2488
f 2215 2216 2472
f 2216 2473 2472
f 2472 2473 2489
f 2473 2490 2489
f 2216 2490 2473
f 2216 2223 2490
f 2218 2219 2474
f 2219 2475 2474
f 2474 2475 2493
f 2475 2494 2493
f 2218 2474 2493
f 2218 2493 2227
f 2218 2228 2219
f 2218 2227 2228
f 2219 2220 2475
f 2220 2476 2475
f 2475 2476 2494
f 2476 2495 2494
f 2476 2477 2495
f 2477 2496 2495
f 2477 2478 2496
f 2478 2497 2496
f 2478 2479 2497
f 2479 2498 2497
f 2479 2480 2498
f 2480 2499 2498
f 2480 2481 2499
f 2481 2500 2499
f 2481 2482 2500
f 2482 2501 2500
f 2482 2483 2501
f 2483 2502 2501
f 2483 2484 2502
f 2484 2503 2502
f 2484 2485 2503
f 2485 2504 2503
f 2485 2486 2504
f 2486 2505 2504
f 2486 2487 2505
f 2487 2506 2505
f 2487 2488 2506
f 2488 2507 2506
f 2488 2489 2507
f 2489 2508 2507
f 2489 2490 2508
f 2490 2509 2508
f 2223 2224 2490
f 2224 2491 2490
f 2490 2491 2509
f 2491 2510 2509
f 2224 2510 2491
f 2224 2229 2510
f 2226 2227 2492
f 2227 2493 2492
f 2492 2493 2513
f 2493 2514 2513
f 2226 2492 2513
f 2226 2513 2234
f 2226 2235 2227
f 2226 2234 2235
f 2493 2494 2514
f 2494 2515 2514
f 2494 2495 2515
f 2495 2516 2515
f 2495 2496 2516
f 2496 2517 2516
f 2496 2497 2517
f 2497 2518 2517
f 2497 2498 2518
f 2498 2519 2518
f 2498 2499 2519
f 2499 2520 2519
f 2499 2500 2520
f 2500 2521 2520
f 2500 2501 2521
f 2501 2522 2521
f 2501 2502 2522
f 2502 2523 2522
f 2502 2503 2523
f 2503 2524 2523
f 2503 2504 2524
f 2504 2525 2524
f 2504 2505 2525
f 2505 2526 2525
f 2505 2506 2526
f 2506 2527 2526
f 2506 2507 2527
f 2507 2528 2527
f 2507 2508 2528
f 2508 2529 2528
f 2508 2509 2529
f 2509 2530 2529
f 2509 2510 2530
f 2510 2531 2530
f 2229 2531 2510
f 2229 2236 2531
f 2232 2233 2511
f 2233 2512 2511
f 2511 2512 2533
f 2512 2534 2533
f 2232 2511 2533
f 2232 2533 2239
f 2233 2234 2512
f 2234 2513 2512
f 2512 2513 2534
f 2513 2535 2534
f 2513 2514 2535
f 2514 2536 2535
f 2514 2515 2536
f 2515 2537 2536
f 2515 2516 2537
f 2516 2538 2537
f 2516 2517 2538
f 2517 2539 2538
f 2517 2518 2539
f 2518 2540 2539
f 2518 2519 2540
f 2519 2541 2540
f 2519 2520 2541
f 2520 2542 2541
f 2520 2521 2542
f 2521 2543 2542
f 2521 2522 2543
f 2522 2544 2543
f 2522 2523 2544
f 2523 2545 2544
f 2523 2524 2545
f 2524 2546 2545
f 2524 2525 2546
f 2525 2547 2546
f 2525 2526 2547
f 2526 2548 2547
f 2526 2527 2548
f 2527 2549 2548
f 2527 2528 2549
f 2528 2550 2549
f 2528 2529 2550
f 2529 2551 2550
f 2529 2530 2551
f 2530 2552 2551
f 2530 2531 2552
f 2531 2553 2552
f 2236 2237 2531
f 2237 2532 2531
f 2531 2532 2553
f 2532 2554 2553
f 2237 2554 2532
f 2237 2240 2554
f 2533 2534 2556
f 2534 2557 2556
f 2239 2533 2556
f 2239 2556 2242
f 2534 2535 2557
f 2535 2558 2557
f 2535 2536 2558
f 2536 2559 2558
f 2536 2537 2559
f 2537 2560 2559
f 2537 2538 2560
f 2538 2561 2560
f 2538 2539 2561
f 2539 2562 2561
f 2539 2540 2562
f 2540 2563 2562
f 2540 2541 2563
f 2541 2564 2563
f 2541 2542 2564
f 2542 2565 2564
f 2542 2543 2565
f 2543 2566 2565
f 2543 2544 2566
f 2544 2567 2566
f 2544 2545 2567
f 2545 2568 2567
f 2545 2546 2568
f 2546 2569 2568
f 2546 2547 2569
f 2547 2570 2569
f 2547 2548 2570
f 2548 2571 2570
f 2548 2549 2571
f 2549 2572 2571
f 2549 2550 2572
f 2550 2573 2572
f 2550 2551 2573
f 2551 2574 2573
f 2551 2552 2574
f 2552 2575 2574
f 2552 2553 2575
f 2553 2576 2575
f 2553 2554 2576
f 2554 2577 2576
f 2240 2577 2554
f 2240 2243 2577
f 2241 2242 2555
f 2242 2556 2555
f 2555 2556 2578
f 2556 2579 2578
f 2241 2555 2578
f 2241 2578 2244
f 2578 2579 2245
f 2578 2245 2244
f 2556 2557 2579
f 2557 2580 2579
f 2579 2580 2246
f 2579 2246 2245
f 2557 2558 2580
f 2558 2581 2580
f 2558 2559 2581
f 2559 2582 2581
f 2559 2560 2582
f 2560 2583 2582
f 2560 2561 2583
f 2561 2584 2583
f 2561 2562 2584
f 2562 2585 2584
f 2562 2563 2585
f 2563 2586 2585
f 2563 2564 2586
f 2564 2587 2586
f 2564 2565 2587
f 2565 2588 2587
f 2565 2566 2588
f 2566 2589 2588
f 2566 2567 2589
f 2567 2590 2589
f 2567 2568 2590
f 2568 2591 2590
f 2568 2569 2591
f 2569 2592 2591
f 2569 2570 2592
f 2570 2593 2592
f 2570 2571 2593
f 2571 2594 2593
f 2571 2572 2594
f 2572 2595 2594
f 2572 2573 2595
f 2573 2596 2595
f 2573 2574 2596
f 2574 2597 2596
f 2574 2575 2597
f 2575 2598 2597
f 2575 2576 2598
f 2576 2599 2598
f 2576 2577 2599
f 2577 2600 2599
f 2243 2600 2577
f 2243 2247 2600
f 2580 2581 2601
f 2581 2602 2601
f 2246 2580 2601
f 2246 2601 2249
f 2581 2582 2602
f 2582 2603 2602
f 2582 2583 2603
f 2583 2604 2603
f 2583 2584 2604
f 2584 2605 2604
f 2584 2585 2605
f 2585 2606 2605
f 2585 2586 2606
f 2586 2607 2606
f 2586 2587 2607
f 2587 2608 2607
f 2587 2588 2608
f 2588 2609 2608
f 2588 2589 2609
f 2589 2610 2609
f 2589 2590 2610
f 2590 2611 2610
f 2590 2591 2611
f 2591 2612 2611
f 2591 2592 2612
f 2592 2613 2612
f 2592 2593 2613
f 2593 2614 2613
f 2593 2594 2614
f 2594 2615 2614
f 2594 2595 2615
f 2595 2616 2615
f 2595 2596 2616
f 2596 2617 2616
f 2596 2597 2617
f 2597 2618 2617
f 2597 2598 2618
f 2598 2619 2618
f 2598 2599 2619
f 2599 2620 2619
f 2599 2600 2620
f 2600 2621 2620
f 2247 2621 2600
f 2247 2250 2621
f 2601 2602 2622
f 2602 2623 2622
f 2249 2601 2622
f 2249 2622 2252
f 2622 2623 2253
f 2622 2253 2252
f 2602 2603 2623
f 2603 2624 2623
f 2623 2624 2254
f 2623 2254 2253
f 2603 2604 2624
f 2604 2625 2624
f 2624 2625 2255
f 2624 2255 2254
f 2604 2605 2625
f 2605 2626 2625
f 2625 2626 2256
f 2625 2256 2255
f 2605 2606 2626
f 2606 2627 2626
f 2606 2607 2627
f 2607 2628 2627
f 2607 2608 2628
f 2608 2629 2628
f 2608 2609 2629
f 2609 2630 2629
f 2609 2610 2630
f 2610 2631 2630
f 2610 2611 2631
f 2611 2632 2631
f 2611 2612 2632
f 2612 2633 2632
f 2612 2613 2633
f 2613 2634 2633
f 2613 2614 2634
f 2614 2635 2634
f 2614 2615 2635
f 2615 2636 2635
f 2615 2616 2636
f 2616 2637 2636
f 2616 2617 2637
f 2617 2638 2637
f 2617 2618 2638
f 2618 2639 2638
f 2618 2619 2639
f 2619 2640 2639
f 2619 2620 2640
f 2620 2641 2640
f 2620 2621 2641
f 2621 2642 2641
f 2250 2642 2621
f 2250 2257 2642
f 2626 2627 2645
f 2627 2646 2645
f 2256 2626 2645
f 2256 2645 2260
f 2627 2628 2646
f 2628 2647 2646
f 2628 2629 2647
f 2629 2648 2647
f 2629 2630 2648
f 2630 2649 2648
f 2630 2631 2649
f 2631 2650 2649
f 2631 2632 2650
f 2632 2651 2650
f 2632 2633 2651
f 2633 2652 2651
f 2633 2634 2652
f 2634 2653 2652
f 2634 2635 2653
f 2635 2654 2653
f 2635 2636 2654
f 2636 2655 2654
f 2636 2637 2655
f 2637 2656 2655
f 2637 2638 2656
f 2638 2657 2656
f 2638 2639 2657
f 2639 2658 2657
f 2639 2640 2658
f 2640 2659 2658
f 2640 2641 2659
f 2641 2660 2659
f 2641 2642 2660
f 2642 2661 2660
f 2660 2661 2262
f 2660 2262 2261
f 2257 2661 2642
f 2257 2262 2661
f 2258 2259 2643
f 2259 2644 2643
f 2643 2644 2662
f 2644 2663 2662
f 2258 2643 2662
f 2258 2662 2263
f 2258 2264 2259
f 2258 2263 2264
f 2662 2663 2264
f 2662 2264 2263
f 2259 2260 2644
f 2260 2645 2644
f 2644 2645 2663
f 2645 2664 2663
f 2259 2265 2260
f 2259 2264 2265
f 2663 2664 2265
f 2663 2265 2264
f 2645 2646 2664
f 2646 2665 2664
f 2664 2665 2266
f 2664 2266 2265
f 2646 2647 2665
f 2647 2666 2665
f 2665 2666 2267
f 2665 2267 2266
f 2647 2648 2666
f 2648 2667 2666
f 2666 2667 2268
f 2666 2268 2267
f 2648 2649 2667
f 2649 2668 2667
f 2667 2668 2269
f 2667 2269 2268
f 2649 2650 2668
f 2650 2669 2668
f 2668 2669 2270
f 2668 2270 2269
f 2650 2651 2669
f 2651 2670 2669
f 2669 2670 2271
f 2669 2271 2270
f 2651 2652 2670
f 2652 2671 2670
f 2670 2671 2272
f 2670 2272 2271
f 2652 2653 2671
f 2653 2672 2671
f 2671 2672 2273
f 2671 2273 2272
f 2653 2654 2672
f 2654 2673 2672
f 2672 2673 2274
f 2672 2274 2273
f 2654 2655 2673
f 2655 2674 2673
f 2673 2674 2275
f 2673 2275 2274
f 2655 2656 2674
f 2656 2675 2674
f 2674 2675 2276
f 2674 2276 2275
f 2656 2657 2675
f 2657 2676 2675
f 2675 2676 2277
f 2675 2277 2276
f 2657 2658 2676
f 2658 2677 2676
f 2676 2677 2278
f 2676 2278 2277
f 2658 2659 2677
f 2659 2678 2677
f 2677 2678 2279
f 2677 2279 2278
f 2659 2660 2678
f 2660 2679 2678
f 2678 2679 2280
f 2678 2280 2279
f 2261 2679 2660
f 2261 2280 2679